id,x_lo,x_hi,acc,dep
CdTe_216,0.0,0.05,0.0,0.007899638603833383
CdTe_216,0.05,0.1,0.0,0.012393889027763462
CdTe_216,0.1,0.15000000000000002,0.0015417476556353388,0.0025774310831182218
CdTe_216,0.15000000000000002,0.2,0.014573453222445873,0.0007702520583149953
CdTe_216,0.2,0.25,0.017024921218425384,0.0035438050032546415
CdTe_216,0.25,0.30000000000000004,0.004939066338342484,0.004638710998997776
CdTe_216,0.30000000000000004,0.35000000000000003,0.0,0.009374530202537775
CdTe_216,0.35000000000000003,0.4,0.0003689919343869496,0.008704647632058192
CdTe_216,0.4,0.45,0.0030612694245528847,0.010787679718827674
CdTe_216,0.45,0.5,0.0041123318916616615,0.006195869175980488
CdTe_216,0.5,0.55,0.004066063287253535,0.00229494646469803
CdTe_216,0.55,0.6000000000000001,0.0032922719334591718,5.594102664076247e-05
CdTe_216,0.6000000000000001,0.65,0.0036899265509107173,0.0
CdTe_216,0.65,0.7000000000000001,0.002391725849856267,0.0
CdTe_216,0.7000000000000001,0.75,0.0012448815923872853,0.00010726209661785303
CdTe_216,0.75,0.8,0.0007900230093842129,0.0006744796897968602
CdTe_216,0.8,0.8500000000000001,0.0007748687727777018,0.0009096438370581547
CdTe_216,0.8500000000000001,0.9,0.0009568022053731047,0.0008459827286158386
CdTe_216,0.9,0.9500000000000001,0.0009378632020487907,0.0006482989667228318
CdTe_216,0.9500000000000001,1.0,0.0012297059560724935,0.0007483575025879978
CdTe_216,1.0,1.05,0.001472680705622523,0.000730714409223971
CdTe_216,1.05,1.1,0.0016695521817519997,0.0006573486635378408
CdTe_216,1.1,1.1500000000000001,0.0019544624354053018,0.0006201129580554694
CdTe_216,1.1500000000000001,1.2000000000000002,0.002018095570346562,0.0005636837314778012
CdTe_216,1.2000000000000002,1.25,0.0016551118749156633,0.0005166344203386065
CdTe_216,1.25,1.3,0.001204904312011693,0.0005302605645938117
CdTe_216,1.3,1.35,0.0007553331681205013,0.0004928961629033243
CdTe_216,1.35,1.4000000000000001,0.0004471776173180568,0.00047199440909137703
CdTe_216,1.4000000000000001,1.4500000000000002,0.00027836402546287196,0.00046793226879145123
CdTe_216,1.4500000000000002,1.5,0.00013087713528756053,0.00045936625738630504
CdTe_216,1.5,1.55,3.6139224119338154e-05,0.0004567796289749689
CdTe_216,1.55,1.6,4.281065738977611e-06,0.0004891894576487827
CdTe_216,1.6,1.6500000000000001,0.0,0.000524120913755264
CdTe_216,1.6500000000000001,1.7000000000000002,0.0,0.0004869822376232457
CdTe_216,1.7000000000000002,1.75,0.0,0.0005150239388632068
CdTe_216,1.75,1.8,0.0,0.0004960659846053405
CdTe_216,1.8,1.85,0.0,0.0004562829322847843
CdTe_216,1.85,1.9000000000000001,0.0,0.00043610501524307465
CdTe_216,1.9000000000000001,1.9500000000000002,0.0,0.00039199843688339736
CdTe_216,1.9500000000000002,2.0,0.0,0.0003476612704365192
CdTe_216,2.0,2.0500000000000003,0.0,0.0003019571412824691
CdTe_216,2.0500000000000003,2.1,0.0,0.00024957852319918843
CdTe_216,2.1,2.15,0.0,0.00017925223237879315
CdTe_216,2.15,2.2,0.0,0.00010941583699234994
CdTe_216,2.2,2.25,0.0,5.197237419059849e-05
CdTe_216,2.25,2.3000000000000003,0.0,1.3590449197486543e-05
CdTe_216,2.3000000000000003,2.35,0.0,1.172926184164884e-06
CdTe_216,2.35,2.4000000000000004,0.0,1.1639250688519212e-07
CdTe_216,2.4000000000000004,2.45,0.0,0.0
CdTe_216,2.45,2.5,0.0,0.0
CdTe_216,2.5,2.5500000000000003,0.0,0.0
CdTe_216,2.5500000000000003,2.6,0.0,0.0
CdTe_216,2.6,2.6500000000000004,0.0,0.0
CdTe_216,2.6500000000000004,2.7,0.0,0.0
CdTe_216,2.7,2.75,0.0,0.0
CdTe_216,2.75,2.8000000000000003,0.0,0.0
CdTe_216,2.8000000000000003,2.85,0.0,0.0
CdTe_216,2.85,2.9000000000000004,0.0,0.0
CdTe_216,2.9000000000000004,2.95,0.0,0.0
CdTe_216,2.95,3.0,0.0,0.0
LiHf2Os_225,0.0,0.05,0.0,0.007077850073358593
LiHf2Os_225,0.05,0.1,0.0005830853459576804,0.0005822118307005609
LiHf2Os_225,0.1,0.15000000000000002,0.0,0.006078858115510167
LiHf2Os_225,0.15000000000000002,0.2,0.0025388298551713676,0.0014683476701363245
LiHf2Os_225,0.2,0.25,0.0093358474290619,0.00018401773917636847
LiHf2Os_225,0.25,0.30000000000000004,0.005894484508283479,0.001109095233228537
LiHf2Os_225,0.30000000000000004,0.35000000000000003,0.0003638038462378093,0.005337131145271713
LiHf2Os_225,0.35000000000000003,0.4,0.0,0.011057745929435937
LiHf2Os_225,0.4,0.45,0.0,0.013910516322183058
LiHf2Os_225,0.45,0.5,0.0,0.011792701353650598
LiHf2Os_225,0.5,0.55,1.411853846117069e-05,0.008032558907338084
LiHf2Os_225,0.55,0.6000000000000001,0.0003590538667455898,0.005308560294014532
LiHf2Os_225,0.6000000000000001,0.65,0.0013246791874624239,0.0038778314345378094
LiHf2Os_225,0.65,0.7000000000000001,0.002774115199570141,0.003323773159546922
LiHf2Os_225,0.7000000000000001,0.75,0.0038736762399941126,0.003033822723138546
LiHf2Os_225,0.75,0.8,0.005070360221159847,0.0026738294086785077
LiHf2Os_225,0.8,0.8500000000000001,0.006755909665474934,0.002276407691719829
LiHf2Os_225,0.8500000000000001,0.9,0.008416619177512786,0.0018521683516724216
LiHf2Os_225,0.9,0.9500000000000001,0.00840603810964381,0.0010409875491683418
LiHf2Os_225,0.9500000000000001,1.0,0.008680860387888395,0.0004537119038719512
LiHf2Os_225,1.0,1.05,0.007537644007744817,0.0003012445670120982
LiHf2Os_225,1.05,1.1,0.005458946891633928,0.00026923788010239783
LiHf2Os_225,1.1,1.1500000000000001,0.0033728261297815954,0.00028350848050859333
LiHf2Os_225,1.1500000000000001,1.2000000000000002,0.0018142714674087015,0.0003292937871740132
LiHf2Os_225,1.2000000000000002,1.25,0.0007433497419458365,0.00036476693105874403
LiHf2Os_225,1.25,1.3,0.0005509971559445891,0.0004419966815668396
LiHf2Os_225,1.3,1.35,0.0006485059696335624,0.00028003228687550755
LiHf2Os_225,1.35,1.4000000000000001,0.0007609000264416595,0.00011218718178327859
LiHf2Os_225,1.4000000000000001,1.4500000000000002,0.0008518763339680392,4.168850689478053e-05
LiHf2Os_225,1.4500000000000002,1.5,0.001001771857036547,1.3386360339607498e-05
LiHf2Os_225,1.5,1.55,0.0008453920989893047,5.571815602231077e-06
LiHf2Os_225,1.55,1.6,0.0004111925157640535,7.872644169047662e-07
LiHf2Os_225,1.6,1.6500000000000001,9.477362628624205e-05,0.0
LiHf2Os_225,1.6500000000000001,1.7000000000000002,4.8683772223079e-06,0.0
LiHf2Os_225,1.7000000000000002,1.75,0.0,0.0
LiHf2Os_225,1.75,1.8,0.0,0.0
LiHf2Os_225,1.8,1.85,0.0,0.0
LiHf2Os_225,1.85,1.9000000000000001,0.0,0.0
LiHf2Os_225,1.9000000000000001,1.9500000000000002,0.0,0.0
LiHf2Os_225,1.9500000000000002,2.0,0.0,0.0
LiHf2Os_225,2.0,2.0500000000000003,0.0,0.0
LiHf2Os_225,2.0500000000000003,2.1,0.0,0.0
LiHf2Os_225,2.1,2.15,0.0,0.0
LiHf2Os_225,2.15,2.2,0.0,0.0
LiHf2Os_225,2.2,2.25,0.0,0.0
LiHf2Os_225,2.25,2.3000000000000003,0.0,0.0
LiHf2Os_225,2.3000000000000003,2.35,0.0,0.0
LiHf2Os_225,2.35,2.4000000000000004,0.0,0.0
LiHf2Os_225,2.4000000000000004,2.45,0.0,0.0
LiHf2Os_225,2.45,2.5,0.0,0.0
LiHf2Os_225,2.5,2.5500000000000003,0.0,0.0
LiHf2Os_225,2.5500000000000003,2.6,0.0,0.0
LiHf2Os_225,2.6,2.6500000000000004,0.0,0.0
LiHf2Os_225,2.6500000000000004,2.7,0.0,0.0
LiHf2Os_225,2.7,2.75,0.0,0.0
LiHf2Os_225,2.75,2.8000000000000003,0.0,0.0
LiHf2Os_225,2.8000000000000003,2.85,0.0,0.0
LiHf2Os_225,2.85,2.9000000000000004,0.0,0.0
LiHf2Os_225,2.9000000000000004,2.95,0.0,0.0
LiHf2Os_225,2.95,3.0,0.0,0.0
Sb2O5_15,0.0,0.05,0.0,0.0018912249553318878
Sb2O5_15,0.05,0.1,0.0,0.0021733988782606703
Sb2O5_15,0.1,0.15000000000000002,0.0007995337650906752,0.0012901748046260306
Sb2O5_15,0.15000000000000002,0.2,0.0028573131373235056,0.0003681023873941378
Sb2O5_15,0.2,0.25,0.0028495939181328108,0.0017345261774165577
Sb2O5_15,0.25,0.30000000000000004,0.001956811828012034,0.002985204368413694
Sb2O5_15,0.30000000000000004,0.35000000000000003,0.0007610843531648973,0.0025632953988852557
Sb2O5_15,0.35000000000000003,0.4,0.0005324447237704082,0.0012601033174455196
Sb2O5_15,0.4,0.45,0.0018013933064720637,0.0008863396855583781
Sb2O5_15,0.45,0.5,0.002881506023051642,0.0006786898598051671
Sb2O5_15,0.5,0.55,0.0031879963167357472,0.00032580599049870826
Sb2O5_15,0.55,0.6000000000000001,0.0029082948183515355,9.111856271117478e-05
Sb2O5_15,0.6000000000000001,0.65,0.0028755408360819725,0.0004238960252796549
Sb2O5_15,0.65,0.7000000000000001,0.0032865176993079168,0.0013086755063683331
Sb2O5_15,0.7000000000000001,0.75,0.003489881682233342,0.0020710743670697496
Sb2O5_15,0.75,0.8,0.0037114395795544903,0.002592659404839149
Sb2O5_15,0.8,0.8500000000000001,0.0038312066212181526,0.0029095344635745018
Sb2O5_15,0.8500000000000001,0.9,0.003842141077146852,0.0029905991778701774
Sb2O5_15,0.9,0.9500000000000001,0.0038331568713230214,0.002885436403191896
Sb2O5_15,0.9500000000000001,1.0,0.003531250900010946,0.002561388079383682
Sb2O5_15,1.0,1.05,0.0033075846397644694,0.0021244075101342634
Sb2O5_15,1.05,1.1,0.0028828607908450445,0.001643224189577887
Sb2O5_15,1.1,1.1500000000000001,0.0024210869747867377,0.001159608697293982
Sb2O5_15,1.1500000000000001,1.2000000000000002,0.001993166461571921,0.00074225970888198
Sb2O5_15,1.2000000000000002,1.25,0.0014374058440803081,0.00044546397000007625
Sb2O5_15,1.25,1.3,0.0009442879050074082,0.00034576593970291124
Sb2O5_15,1.3,1.35,0.0005083513371590027,0.0004123710124537918
Sb2O5_15,1.35,1.4000000000000001,0.00025550076423991184,0.0006592286078671743
Sb2O5_15,1.4000000000000001,1.4500000000000002,0.00012927727313156583,0.0009488497988338685
Sb2O5_15,1.4500000000000002,1.5,5.64882790610551e-05,0.001271301936690275
Sb2O5_15,1.5,1.55,2.0124407356892937e-05,0.0015353112308144963
Sb2O5_15,1.55,1.6,2.862295471748678e-06,0.001764142748321683
Sb2O5_15,1.6,1.6500000000000001,1.2405578109842656e-07,0.0019781542967551415
Sb2O5_15,1.6500000000000001,1.7000000000000002,0.0,0.0020273257162562093
Sb2O5_15,1.7000000000000002,1.75,0.0,0.0020601422347451023
Sb2O5_15,1.75,1.8,0.0,0.0020482514766588093
Sb2O5_15,1.8,1.85,0.0,0.0019040559791149536
Sb2O5_15,1.85,1.9000000000000001,0.0,0.0016787134472869372
Sb2O5_15,1.9000000000000001,1.9500000000000002,0.0,0.0013514456043534856
Sb2O5_15,1.9500000000000002,2.0,0.0,0.0010848855375746212
Sb2O5_15,2.0,2.0500000000000003,0.0,0.0007636773796709819
Sb2O5_15,2.0500000000000003,2.1,0.0,0.00048343874429925904
Sb2O5_15,2.1,2.15,0.0,0.00025352047865520675
Sb2O5_15,2.15,2.2,0.0,0.00015931848586647873
Sb2O5_15,2.2,2.25,0.0,0.00010037074911521457
Sb2O5_15,2.25,2.3000000000000003,0.0,6.796734538880318e-05
Sb2O5_15,2.3000000000000003,2.35,0.0,4.189034924856033e-05
Sb2O5_15,2.35,2.4000000000000004,0.0,2.027582037924108e-05
Sb2O5_15,2.4000000000000004,2.45,0.0,7.275423475396194e-06
Sb2O5_15,2.45,2.5,0.0,2.951658899579654e-06
Sb2O5_15,2.5,2.5500000000000003,0.0,0.0
Sb2O5_15,2.5500000000000003,2.6,0.0,0.0
Sb2O5_15,2.6,2.6500000000000004,0.0,0.0
Sb2O5_15,2.6500000000000004,2.7,0.0,0.0
Sb2O5_15,2.7,2.75,0.0,0.0
Sb2O5_15,2.75,2.8000000000000003,0.0,0.0
Sb2O5_15,2.8000000000000003,2.85,0.0,0.0
Sb2O5_15,2.85,2.9000000000000004,0.0,0.0
Sb2O5_15,2.9000000000000004,2.95,0.0,0.0
Sb2O5_15,2.95,3.0,0.0,0.0
Sc2Sb_129,0.0,0.05,6.425650375699326e-05,0.0015102042725360248
Sc2Sb_129,0.05,0.1,0.0,0.0012317921498859006
Sc2Sb_129,0.1,0.15000000000000002,0.0001534023758373285,0.0025061375970972
Sc2Sb_129,0.15000000000000002,0.2,0.0,0.002607316329297771
Sc2Sb_129,0.2,0.25,0.0,0.008121866910358374
Sc2Sb_129,0.25,0.30000000000000004,0.0,0.010595993929898552
Sc2Sb_129,0.30000000000000004,0.35000000000000003,0.0,0.008184843301139224
Sc2Sb_129,0.35000000000000003,0.4,0.00037470782498156115,0.0019029310900110753
Sc2Sb_129,0.4,0.45,0.0039011382841473196,3.29567128707727e-05
Sc2Sb_129,0.45,0.5,0.0064399660261978495,2.0171097210081656e-05
Sc2Sb_129,0.5,0.55,0.006599566687134711,0.0001316689588023589
Sc2Sb_129,0.55,0.6000000000000001,0.0050800024790633,0.0004901546963259936
Sc2Sb_129,0.6000000000000001,0.65,0.0032305813703021667,0.0012847312852145372
Sc2Sb_129,0.65,0.7000000000000001,0.002069272316359926,0.002473180041136107
Sc2Sb_129,0.7000000000000001,0.75,0.0013774460914989111,0.0033323731800768454
Sc2Sb_129,0.75,0.8,0.0010955096723633863,0.0036458080414934024
Sc2Sb_129,0.8,0.8500000000000001,0.0012052661386727276,0.003321405744135289
Sc2Sb_129,0.8500000000000001,0.9,0.0016775864476295307,0.0028455455514255256
Sc2Sb_129,0.9,0.9500000000000001,0.0023976788919415734,0.002355583088104908
Sc2Sb_129,0.9500000000000001,1.0,0.0031776805647568355,0.001823537389490602
Sc2Sb_129,1.0,1.05,0.0038042137546932878,0.00139650707319377
Sc2Sb_129,1.05,1.1,0.0043388526948160725,0.0010753036251468593
Sc2Sb_129,1.1,1.1500000000000001,0.004144903768825069,0.0008107376092336105
Sc2Sb_129,1.1500000000000001,1.2000000000000002,0.0034367792903902024,0.0005607086107340912
Sc2Sb_129,1.2000000000000002,1.25,0.002668380106903104,0.0003957625900189549
Sc2Sb_129,1.25,1.3,0.002112780555923864,0.00025265694706318577
Sc2Sb_129,1.3,1.35,0.0014020508816254915,0.00014133517272221948
Sc2Sb_129,1.35,1.4000000000000001,0.0009074324200869276,8.565583219592008e-05
Sc2Sb_129,1.4000000000000001,1.4500000000000002,0.0005667305648738865,6.772922243746641e-05
Sc2Sb_129,1.4500000000000002,1.5,0.000327100510890991,7.038287850210866e-05
Sc2Sb_129,1.5,1.55,0.00014044331923208366,7.55925587701987e-05
Sc2Sb_129,1.55,1.6,5.944641256117399e-05,6.733391309689398e-05
Sc2Sb_129,1.6,1.6500000000000001,8.961128840628629e-06,5.387985694367548e-05
Sc2Sb_129,1.6500000000000001,1.7000000000000002,6.744389215018965e-07,3.9488779259995526e-05
Sc2Sb_129,1.7000000000000002,1.75,0.0,2.064338699204201e-05
Sc2Sb_129,1.75,1.8,0.0,8.825333132705696e-06
Sc2Sb_129,1.8,1.85,0.0,4.855828946188439e-06
Sc2Sb_129,1.85,1.9000000000000001,0.0,1.6959412857022738e-06
Sc2Sb_129,1.9000000000000001,1.9500000000000002,0.0,0.0
Sc2Sb_129,1.9500000000000002,2.0,0.0,0.0
Sc2Sb_129,2.0,2.0500000000000003,0.0,0.0
Sc2Sb_129,2.0500000000000003,2.1,0.0,0.0
Sc2Sb_129,2.1,2.15,0.0,0.0
Sc2Sb_129,2.15,2.2,0.0,0.0
Sc2Sb_129,2.2,2.25,0.0,0.0
Sc2Sb_129,2.25,2.3000000000000003,0.0,0.0
Sc2Sb_129,2.3000000000000003,2.35,0.0,0.0
Sc2Sb_129,2.35,2.4000000000000004,0.0,0.0
Sc2Sb_129,2.4000000000000004,2.45,0.0,0.0
Sc2Sb_129,2.45,2.5,0.0,0.0
Sc2Sb_129,2.5,2.5500000000000003,0.0,0.0
Sc2Sb_129,2.5500000000000003,2.6,0.0,0.0
Sc2Sb_129,2.6,2.6500000000000004,0.0,0.0
Sc2Sb_129,2.6500000000000004,2.7,0.0,0.0
Sc2Sb_129,2.7,2.75,0.0,0.0
Sc2Sb_129,2.75,2.8000000000000003,0.0,0.0
Sc2Sb_129,2.8000000000000003,2.85,0.0,0.0
Sc2Sb_129,2.85,2.9000000000000004,0.0,0.0
Sc2Sb_129,2.9000000000000004,2.95,0.0,0.0
Sc2Sb_129,2.95,3.0,0.0,0.0
TiZnAu2_225,0.0,0.05,4.2654179367254294e-05,0.004029675454867456
TiZnAu2_225,0.05,0.1,0.0014611747524295542,0.001156138718995009
TiZnAu2_225,0.1,0.15000000000000002,0.0,0.011682455807557047
TiZnAu2_225,0.15000000000000002,0.2,0.0028655725056070734,0.01506371970298367
TiZnAu2_225,0.2,0.25,0.0149581769387936,0.011605852412322119
TiZnAu2_225,0.25,0.30000000000000004,0.011412323044187132,0.007195675408419543
TiZnAu2_225,0.30000000000000004,0.35000000000000003,0.0034442290227843925,0.002037198406748652
TiZnAu2_225,0.35000000000000003,0.4,0.006125605516294169,0.008494580563113467
TiZnAu2_225,0.4,0.45,0.0092583762632371,0.012713311782402793
TiZnAu2_225,0.45,0.5,0.008936235768069222,0.012142731377747292
TiZnAu2_225,0.5,0.55,0.007066397662355054,0.008998959156801989
TiZnAu2_225,0.55,0.6000000000000001,0.0046070240042175884,0.005538593499431536
TiZnAu2_225,0.6000000000000001,0.65,0.001570384266424808,0.0021889236824132554
TiZnAu2_225,0.65,0.7000000000000001,0.0007657734139432533,0.0010207629161225872
TiZnAu2_225,0.7000000000000001,0.75,0.0015103202494003687,0.001412874286975486
TiZnAu2_225,0.75,0.8,0.0020766724672606116,0.0011130173069906503
TiZnAu2_225,0.8,0.8500000000000001,0.002402323843458692,0.000683025360364478
TiZnAu2_225,0.8500000000000001,0.9,0.0030956570952458667,0.00038868215222811786
TiZnAu2_225,0.9,0.9500000000000001,0.0036010935398732855,0.00018265515533739477
TiZnAu2_225,0.9500000000000001,1.0,0.003948514345948045,7.186374159372878e-05
TiZnAu2_225,1.0,1.05,0.003975590856329709,1.8719243935619423e-05
TiZnAu2_225,1.05,1.1,0.003932965874088476,4.379937378416727e-06
TiZnAu2_225,1.1,1.1500000000000001,0.003284902631490747,5.3199278862258055e-08
TiZnAu2_225,1.1500000000000001,1.2000000000000002,0.0026363613288463003,0.0
TiZnAu2_225,1.2000000000000002,1.25,0.0019218251404164092,0.0
TiZnAu2_225,1.25,1.3,0.0010307231014655847,3.985292009840071e-08
TiZnAu2_225,1.3,1.35,0.0004439951286230502,2.597308215580939e-07
TiZnAu2_225,1.35,1.4000000000000001,0.0001872767904770812,0.0
TiZnAu2_225,1.4000000000000001,1.4500000000000002,4.562158557134583e-05,0.0
TiZnAu2_225,1.4500000000000002,1.5,7.199037716510553e-07,0.0
TiZnAu2_225,1.5,1.55,0.0,0.0
TiZnAu2_225,1.55,1.6,0.0,0.0
TiZnAu2_225,1.6,1.6500000000000001,0.0,0.0
TiZnAu2_225,1.6500000000000001,1.7000000000000002,0.0,0.0
TiZnAu2_225,1.7000000000000002,1.75,0.0,0.0
TiZnAu2_225,1.75,1.8,0.0,0.0
TiZnAu2_225,1.8,1.85,0.0,0.0
TiZnAu2_225,1.85,1.9000000000000001,0.0,0.0
TiZnAu2_225,1.9000000000000001,1.9500000000000002,0.0,0.0
TiZnAu2_225,1.9500000000000002,2.0,0.0,0.0
TiZnAu2_225,2.0,2.0500000000000003,0.0,0.0
TiZnAu2_225,2.0500000000000003,2.1,0.0,0.0
TiZnAu2_225,2.1,2.15,0.0,0.0
TiZnAu2_225,2.15,2.2,0.0,0.0
TiZnAu2_225,2.2,2.25,0.0,0.0
TiZnAu2_225,2.25,2.3000000000000003,0.0,0.0
TiZnAu2_225,2.3000000000000003,2.35,0.0,0.0
TiZnAu2_225,2.35,2.4000000000000004,0.0,0.0
TiZnAu2_225,2.4000000000000004,2.45,0.0,0.0
TiZnAu2_225,2.45,2.5,0.0,0.0
TiZnAu2_225,2.5,2.5500000000000003,0.0,0.0
TiZnAu2_225,2.5500000000000003,2.6,0.0,0.0
TiZnAu2_225,2.6,2.6500000000000004,0.0,0.0
TiZnAu2_225,2.6500000000000004,2.7,0.0,0.0
TiZnAu2_225,2.7,2.75,0.0,0.0
TiZnAu2_225,2.75,2.8000000000000003,0.0,0.0
TiZnAu2_225,2.8000000000000003,2.85,0.0,0.0
TiZnAu2_225,2.85,2.9000000000000004,0.0,0.0
TiZnAu2_225,2.9000000000000004,2.95,0.0,0.0
TiZnAu2_225,2.95,3.0,0.0,0.0
CaNiN_131,0.0,0.05,0.0,0.0035958429376358536
CaNiN_131,0.05,0.1,0.000562870353698119,0.006029662877280539
CaNiN_131,0.1,0.15000000000000002,0.006098598837333211,0.005284802450964896
CaNiN_131,0.15000000000000002,0.2,0.009492789546497743,0.013045196493982135
CaNiN_131,0.2,0.25,0.0035790960098445166,0.011266981903073002
CaNiN_131,0.25,0.30000000000000004,0.0007793293450518865,0.011283728461647042
CaNiN_131,0.30000000000000004,0.35000000000000003,0.0010686889557466436,0.00739878540032543
CaNiN_131,0.35000000000000003,0.4,0.00533681802979575,0.0037568261640540442
CaNiN_131,0.4,0.45,0.009110855258754774,0.0008691072289365492
CaNiN_131,0.45,0.5,0.011707237400467323,7.584214831461554e-05
CaNiN_131,0.5,0.55,0.010879511413359187,7.581659353174218e-05
CaNiN_131,0.55,0.6000000000000001,0.007723466395261945,2.677927380399163e-05
CaNiN_131,0.6000000000000001,0.65,0.003788368357713048,9.329864354711726e-05
CaNiN_131,0.65,0.7000000000000001,0.0013976876432472414,0.0010827886824762581
CaNiN_131,0.7000000000000001,0.75,0.0008612327163901979,0.002135802870483788
CaNiN_131,0.75,0.8,0.001068113689465801,0.0022756978761384705
CaNiN_131,0.8,0.8500000000000001,0.001247208838775999,0.002005767300849894
CaNiN_131,0.8500000000000001,0.9,0.0012847381435587123,0.0019686505301147335
CaNiN_131,0.9,0.9500000000000001,0.0012777053511845956,0.0019720137561777457
CaNiN_131,0.9500000000000001,1.0,0.0012614017162584183,0.0020291192606723928
CaNiN_131,1.0,1.05,0.0012363275863448546,0.0018253978131713285
CaNiN_131,1.05,1.1,0.0012010474167165248,0.0015914473559268515
CaNiN_131,1.1,1.1500000000000001,0.001043736625521655,0.0012364746121934962
CaNiN_131,1.1500000000000001,1.2000000000000002,0.0009919826512601406,0.000892505489107697
CaNiN_131,1.2000000000000002,1.25,0.0009130273547006088,0.0007405680520915374
CaNiN_131,1.25,1.3,0.0007610036577884998,0.0007652040629093895
CaNiN_131,1.3,1.35,0.000663047300443392,0.0007749707108046785
CaNiN_131,1.35,1.4000000000000001,0.0005730404401892332,0.0007211658444405912
CaNiN_131,1.4000000000000001,1.4500000000000002,0.0004602996046566112,0.0006246577076021177
CaNiN_131,1.4500000000000002,1.5,0.0003270720179210751,0.0004823153058069222
CaNiN_131,1.5,1.55,0.0002328730997531327,0.0002525558241882708
CaNiN_131,1.55,1.6,0.00012149385830650033,7.496966957822498e-05
CaNiN_131,1.6,1.6500000000000001,4.594146554160964e-05,5.70884346323247e-05
CaNiN_131,1.6500000000000001,1.7000000000000002,1.2666174086935187e-05,0.00011034052199879504
CaNiN_131,1.7000000000000002,1.75,2.4858415533347285e-07,0.00015612333519613396
CaNiN_131,1.75,1.8,0.0,0.00020875190812925395
CaNiN_131,1.8,1.85,0.0,0.0002227019893141097
CaNiN_131,1.85,1.9000000000000001,0.0,0.0002228751286339442
CaNiN_131,1.9000000000000001,1.9500000000000002,0.0,0.00023545332399361503
CaNiN_131,1.9500000000000002,2.0,0.0,0.00020730532156217288
CaNiN_131,2.0,2.0500000000000003,0.0,0.0001642569504975325
CaNiN_131,2.0500000000000003,2.1,0.0,0.00016689186247637204
CaNiN_131,2.1,2.15,0.0,0.00012095436843541058
CaNiN_131,2.15,2.2,0.0,8.757311487991112e-05
CaNiN_131,2.2,2.25,0.0,6.932248691917678e-05
CaNiN_131,2.25,2.3000000000000003,0.0,3.1500329689070694e-05
CaNiN_131,2.3000000000000003,2.35,0.0,2.392039406962833e-05
CaNiN_131,2.35,2.4000000000000004,0.0,9.777539065934269e-06
CaNiN_131,2.4000000000000004,2.45,0.0,4.6089493595240526e-06
CaNiN_131,2.45,2.5,0.0,5.511526929573434e-07
CaNiN_131,2.5,2.5500000000000003,0.0,0.0
CaNiN_131,2.5500000000000003,2.6,0.0,0.0
CaNiN_131,2.6,2.6500000000000004,0.0,0.0
CaNiN_131,2.6500000000000004,2.7,0.0,0.0
CaNiN_131,2.7,2.75,0.0,0.0
CaNiN_131,2.75,2.8000000000000003,0.0,0.0
CaNiN_131,2.8000000000000003,2.85,0.0,0.0
CaNiN_131,2.85,2.9000000000000004,0.0,0.0
CaNiN_131,2.9000000000000004,2.95,0.0,0.0
CaNiN_131,2.95,3.0,0.0,0.0
HfGeTe4_36,0.0,0.05,0.0,0.0012952471120841183
HfGeTe4_36,0.05,0.1,1.4473077062578022e-05,0.0025585805484112283
HfGeTe4_36,0.1,0.15000000000000002,0.0,0.004566092279242699
HfGeTe4_36,0.15000000000000002,0.2,0.00010718540457627635,0.003195081605626587
HfGeTe4_36,0.2,0.25,0.0005037745260367654,0.008554409152882326
HfGeTe4_36,0.25,0.30000000000000004,0.00011342230998798264,0.011305570949228233
HfGeTe4_36,0.30000000000000004,0.35000000000000003,0.0004834516790595945,0.007433616642212446
HfGeTe4_36,0.35000000000000003,0.4,0.002156553599636311,0.0019115044195725888
HfGeTe4_36,0.4,0.45,0.007310279898942772,0.001160500828966807
HfGeTe4_36,0.45,0.5,0.009592315904497476,0.0008705146790375978
HfGeTe4_36,0.5,0.55,0.009026443024768795,0.0006295363958744005
HfGeTe4_36,0.55,0.6000000000000001,0.007171508320055793,0.0006731588172488263
HfGeTe4_36,0.6000000000000001,0.65,0.005138345095291576,0.0007955570100879657
HfGeTe4_36,0.65,0.7000000000000001,0.0033836522364058125,0.0009150032444134029
HfGeTe4_36,0.7000000000000001,0.75,0.0024784053999332397,0.0010846661329865946
HfGeTe4_36,0.75,0.8,0.0022925863209267974,0.0012569003548408486
HfGeTe4_36,0.8,0.8500000000000001,0.0024998630772774142,0.0013182188480488626
HfGeTe4_36,0.8500000000000001,0.9,0.002821867452167249,0.0013285457247485433
HfGeTe4_36,0.9,0.9500000000000001,0.0031559356383810003,0.0013223444564802883
HfGeTe4_36,0.9500000000000001,1.0,0.0030577129588379853,0.0013380042041161054
HfGeTe4_36,1.0,1.05,0.0029294687375777026,0.001358980626531227
HfGeTe4_36,1.05,1.1,0.0029476418498555475,0.0013595072149433659
HfGeTe4_36,1.1,1.1500000000000001,0.002870056590547957,0.0013770922295552844
HfGeTe4_36,1.1500000000000001,1.2000000000000002,0.0024878550553737084,0.0014175123685429114
HfGeTe4_36,1.2000000000000002,1.25,0.0020285006058380598,0.0014587065692036898
HfGeTe4_36,1.25,1.3,0.0014126831921958385,0.0014944475633733318
HfGeTe4_36,1.3,1.35,0.0008864211367360367,0.0015486622418788797
HfGeTe4_36,1.35,1.4000000000000001,0.0005242453640062683,0.0015930338496793262
HfGeTe4_36,1.4000000000000001,1.4500000000000002,0.0003035794419724531,0.0016493870551878456
HfGeTe4_36,1.4500000000000002,1.5,0.00015173675711003834,0.0016667145353147042
HfGeTe4_36,1.5,1.55,6.423371298408782e-05,0.0016529648804686793
HfGeTe4_36,1.55,1.6,2.1495588825254458e-05,0.0015727167659829722
HfGeTe4_36,1.6,1.6500000000000001,5.116590544462482e-06,0.0014089646703169744
HfGeTe4_36,1.6500000000000001,1.7000000000000002,6.789422859108386e-07,0.0012205013917057962
HfGeTe4_36,1.7000000000000002,1.75,3.521475379917835e-08,0.0010055352066655019
HfGeTe4_36,1.75,1.8,0.0,0.0008143701628312602
HfGeTe4_36,1.8,1.85,0.0,0.0006075127181905302
HfGeTe4_36,1.85,1.9000000000000001,0.0,0.00043665559400525567
HfGeTe4_36,1.9000000000000001,1.9500000000000002,0.0,0.0003025950423043062
HfGeTe4_36,1.9500000000000002,2.0,0.0,0.00020311373714302722
HfGeTe4_36,2.0,2.0500000000000003,0.0,0.00011458941904138694
HfGeTe4_36,2.0500000000000003,2.1,0.0,5.987753401778954e-05
HfGeTe4_36,2.1,2.15,0.0,2.703682462177969e-05
HfGeTe4_36,2.15,2.2,0.0,1.109964146274291e-05
HfGeTe4_36,2.2,2.25,0.0,4.82872510085225e-06
HfGeTe4_36,2.25,2.3000000000000003,0.0,8.796370407481803e-07
HfGeTe4_36,2.3000000000000003,2.35,0.0,0.0
HfGeTe4_36,2.35,2.4000000000000004,0.0,0.0
HfGeTe4_36,2.4000000000000004,2.45,0.0,0.0
HfGeTe4_36,2.45,2.5,0.0,0.0
HfGeTe4_36,2.5,2.5500000000000003,0.0,0.0
HfGeTe4_36,2.5500000000000003,2.6,0.0,0.0
HfGeTe4_36,2.6,2.6500000000000004,0.0,0.0
HfGeTe4_36,2.6500000000000004,2.7,0.0,0.0
HfGeTe4_36,2.7,2.75,0.0,0.0
HfGeTe4_36,2.75,2.8000000000000003,0.0,0.0
HfGeTe4_36,2.8000000000000003,2.85,0.0,0.0
HfGeTe4_36,2.85,2.9000000000000004,0.0,0.0
HfGeTe4_36,2.9000000000000004,2.95,0.0,0.0
HfGeTe4_36,2.95,3.0,0.0,0.0
Tb3AlC_221,0.0,0.05,0.0,0.016217539202347718
Tb3AlC_221,0.05,0.1,0.0,0.007177926240533588
Tb3AlC_221,0.1,0.15000000000000002,0.0,0.037052133236809226
Tb3AlC_221,0.15000000000000002,0.2,1.6540977747218703e-05,0.04514347019070866
Tb3AlC_221,0.2,0.25,7.584822381267515e-05,0.022420656483123975
Tb3AlC_221,0.25,0.30000000000000004,0.0064813460762525935,0.000866998292232003
Tb3AlC_221,0.30000000000000004,0.35000000000000003,0.01606237832779509,0.00011210164756056934
Tb3AlC_221,0.35000000000000003,0.4,0.019864509438736248,5.5709209444266285e-06
Tb3AlC_221,0.4,0.45,0.01751638697999893,0.0
Tb3AlC_221,0.45,0.5,0.017101503951875464,0.0
Tb3AlC_221,0.5,0.55,0.0120237844192744,0.0
Tb3AlC_221,0.55,0.6000000000000001,0.008711942968882414,0.0
Tb3AlC_221,0.6000000000000001,0.65,0.00419471434553939,3.1504994471314476e-05
Tb3AlC_221,0.65,0.7000000000000001,0.0008244136398540393,0.0003111255370852619
Tb3AlC_221,0.7000000000000001,0.75,0.00021274385082938944,0.0017306770308136174
Tb3AlC_221,0.75,0.8,0.00030606508177847527,0.002057426116252821
Tb3AlC_221,0.8,0.8500000000000001,0.0004395596955410978,0.0017282370308509013
Tb3AlC_221,0.8500000000000001,0.9,0.0005842304124631142,0.0012300710058988677
Tb3AlC_221,0.9,0.9500000000000001,0.0005270703676415386,0.0010048736047072065
Tb3AlC_221,0.9500000000000001,1.0,0.0006167521296789561,0.0007221933256119456
Tb3AlC_221,1.0,1.05,0.0007378915123912052,0.0005236103274548
Tb3AlC_221,1.05,1.1,0.0008381450948116061,0.00038588368202509445
Tb3AlC_221,1.1,1.1500000000000001,0.0009947991255323239,0.0002797334697762293
Tb3AlC_221,1.1500000000000001,1.2000000000000002,0.0011667742354405427,0.00020439658984771375
Tb3AlC_221,1.2000000000000002,1.25,0.0012393886630394204,9.203646632416724e-05
Tb3AlC_221,1.25,1.3,0.001154200190418109,2.442901350436417e-05
Tb3AlC_221,1.3,1.35,0.0012009299750480476,2.130920502042565e-06
Tb3AlC_221,1.35,1.4000000000000001,0.0011886940337426121,0.0
Tb3AlC_221,1.4000000000000001,1.4500000000000002,0.0010779430009574683,0.0
Tb3AlC_221,1.4500000000000002,1.5,0.001093040877065398,0.0
Tb3AlC_221,1.5,1.55,0.0011371352749127111,0.0
Tb3AlC_221,1.55,1.6,0.0010359165662912678,0.0
Tb3AlC_221,1.6,1.6500000000000001,0.0009404551274700894,0.0
Tb3AlC_221,1.6500000000000001,1.7000000000000002,0.0009589133399400852,0.0
Tb3AlC_221,1.7000000000000002,1.75,0.0008365664110807924,0.0
Tb3AlC_221,1.75,1.8,0.0007223380778555854,0.0
Tb3AlC_221,1.8,1.85,0.0005703574595836195,0.0
Tb3AlC_221,1.85,1.9000000000000001,0.00043647967471555034,0.0
Tb3AlC_221,1.9000000000000001,1.9500000000000002,0.0003288618542443748,0.0
Tb3AlC_221,1.9500000000000002,2.0,0.00022853054565967801,0.0
Tb3AlC_221,2.0,2.0500000000000003,0.00016377850749504333,0.0
Tb3AlC_221,2.0500000000000003,2.1,9.703641784441647e-05,0.0
Tb3AlC_221,2.1,2.15,8.160627254896399e-05,4.6662718945345047e-07
Tb3AlC_221,2.15,2.2,5.5116511097426404e-05,4.59838304127287e-07
Tb3AlC_221,2.2,2.25,3.779598729928777e-05,9.983310788877285e-08
Tb3AlC_221,2.25,2.3000000000000003,2.1539772492694962e-05,0.0
Tb3AlC_221,2.3000000000000003,2.35,1.882747991118873e-05,0.0
Tb3AlC_221,2.35,2.4000000000000004,1.0398421146902467e-05,0.0
Tb3AlC_221,2.4000000000000004,2.45,5.516275343138183e-06,0.0
Tb3AlC_221,2.45,2.5,3.8225419319438674e-06,0.0
Tb3AlC_221,2.5,2.5500000000000003,2.0667158637554243e-06,0.0
Tb3AlC_221,2.5500000000000003,2.6,9.97797378919543e-07,0.0
Tb3AlC_221,2.6,2.6500000000000004,3.416790146425995e-07,0.0
Tb3AlC_221,2.6500000000000004,2.7,5.905996321154485e-08,0.0
Tb3AlC_221,2.7,2.75,0.0,0.0
Tb3AlC_221,2.75,2.8000000000000003,0.0,0.0
Tb3AlC_221,2.8000000000000003,2.85,0.0,0.0
Tb3AlC_221,2.85,2.9000000000000004,0.0,0.0
Tb3AlC_221,2.9000000000000004,2.95,0.0,0.0
Tb3AlC_221,2.95,3.0,0.0,0.0
Ti2MnCo_225,0.0,0.05,0.00011356754324496692,0.0018649453611184771
Ti2MnCo_225,0.05,0.1,0.0010668995230933818,0.0008343050776125753
Ti2MnCo_225,0.1,0.15000000000000002,0.0,0.0031528216372961734
Ti2MnCo_225,0.15000000000000002,0.2,0.0,0.015171657019190925
Ti2MnCo_225,0.2,0.25,0.0,0.022464637658450186
Ti2MnCo_225,0.25,0.30000000000000004,0.0,0.016454531921959763
Ti2MnCo_225,0.30000000000000004,0.35000000000000003,0.0,0.010274020741206012
Ti2MnCo_225,0.35000000000000003,0.4,0.001617744224311618,0.0023424972519571477
Ti2MnCo_225,0.4,0.45,0.00780796753258841,0.000730173422047457
Ti2MnCo_225,0.45,0.5,0.01145846441886939,0.00020856540343738465
Ti2MnCo_225,0.5,0.55,0.011892721566189564,0.00024340557147260698
Ti2MnCo_225,0.55,0.6000000000000001,0.010333409131713642,0.00039904840117819206
Ti2MnCo_225,0.6000000000000001,0.65,0.007108904950835044,0.0008030628069443321
Ti2MnCo_225,0.65,0.7000000000000001,0.004440977854679746,0.001173807526453766
Ti2MnCo_225,0.7000000000000001,0.75,0.002101949723971254,0.001420686706639114
Ti2MnCo_225,0.75,0.8,0.0011612480911045663,0.0011736570602617594
Ti2MnCo_225,0.8,0.8500000000000001,0.001412261752074509,0.0007188983475632918
Ti2MnCo_225,0.8500000000000001,0.9,0.0022071847016398617,0.0003524319533907915
Ti2MnCo_225,0.9,0.9500000000000001,0.002468718434378444,0.00017318545801004538
Ti2MnCo_225,0.9500000000000001,1.0,0.002627442633630639,7.170329222586132e-05
Ti2MnCo_225,1.0,1.05,0.0025584963088653334,1.8537219625593166e-05
Ti2MnCo_225,1.05,1.1,0.0022168765650612396,0.0
Ti2MnCo_225,1.1,1.1500000000000001,0.0018532738177653649,0.0
Ti2MnCo_225,1.1500000000000001,1.2000000000000002,0.0017042605842091407,0.0
Ti2MnCo_225,1.2000000000000002,1.25,0.0012804271668775014,0.0
Ti2MnCo_225,1.25,1.3,0.0006038308403134429,0.0
Ti2MnCo_225,1.3,1.35,7.703264684510801e-05,0.0
Ti2MnCo_225,1.35,1.4000000000000001,0.0,0.0
Ti2MnCo_225,1.4000000000000001,1.4500000000000002,0.0,0.0
Ti2MnCo_225,1.4500000000000002,1.5,0.0,0.0
Ti2MnCo_225,1.5,1.55,0.0,0.0
Ti2MnCo_225,1.55,1.6,0.0,0.0
Ti2MnCo_225,1.6,1.6500000000000001,0.0,0.0
Ti2MnCo_225,1.6500000000000001,1.7000000000000002,0.0,0.0
Ti2MnCo_225,1.7000000000000002,1.75,0.0,0.0
Ti2MnCo_225,1.75,1.8,0.0,0.0
Ti2MnCo_225,1.8,1.85,0.0,0.0
Ti2MnCo_225,1.85,1.9000000000000001,0.0,0.0
Ti2MnCo_225,1.9000000000000001,1.9500000000000002,0.0,0.0
Ti2MnCo_225,1.9500000000000002,2.0,0.0,0.0
Ti2MnCo_225,2.0,2.0500000000000003,0.0,0.0
Ti2MnCo_225,2.0500000000000003,2.1,0.0,0.0
Ti2MnCo_225,2.1,2.15,0.0,0.0
Ti2MnCo_225,2.15,2.2,0.0,0.0
Ti2MnCo_225,2.2,2.25,0.0,0.0
Ti2MnCo_225,2.25,2.3000000000000003,0.0,0.0
Ti2MnCo_225,2.3000000000000003,2.35,0.0,0.0
Ti2MnCo_225,2.35,2.4000000000000004,0.0,0.0
Ti2MnCo_225,2.4000000000000004,2.45,0.0,0.0
Ti2MnCo_225,2.45,2.5,0.0,0.0
Ti2MnCo_225,2.5,2.5500000000000003,0.0,0.0
Ti2MnCo_225,2.5500000000000003,2.6,0.0,0.0
Ti2MnCo_225,2.6,2.6500000000000004,0.0,0.0
Ti2MnCo_225,2.6500000000000004,2.7,0.0,0.0
Ti2MnCo_225,2.7,2.75,0.0,0.0
Ti2MnCo_225,2.75,2.8000000000000003,0.0,0.0
Ti2MnCo_225,2.8000000000000003,2.85,0.0,0.0
Ti2MnCo_225,2.85,2.9000000000000004,0.0,0.0
Ti2MnCo_225,2.9000000000000004,2.95,0.0,0.0
Ti2MnCo_225,2.95,3.0,0.0,0.0
SnPt_194,0.0,0.05,0.0,0.003856734975749159
SnPt_194,0.05,0.1,0.0009091261453164883,0.0017558851660373514
SnPt_194,0.1,0.15000000000000002,0.0,0.0056514272591149115
SnPt_194,0.15000000000000002,0.2,0.005410495715479293,0.003063803825039215
SnPt_194,0.2,0.25,0.015124115655334504,0.0041580268567158315
SnPt_194,0.25,0.30000000000000004,0.013825827045208114,0.002119806518810131
SnPt_194,0.30000000000000004,0.35000000000000003,0.002821603766933382,0.0015353644015935666
SnPt_194,0.35000000000000003,0.4,0.0022684556190880226,0.010065515155906844
SnPt_194,0.4,0.45,0.0020427431394276405,0.01430559540794138
SnPt_194,0.45,0.5,0.0009649272740696963,0.01418991536456782
SnPt_194,0.5,0.55,6.307319972156036e-05,0.010383334472745266
SnPt_194,0.55,0.6000000000000001,6.956728143252958e-06,0.006160033965921614
SnPt_194,0.6000000000000001,0.65,0.0002959308686341441,0.0029157412727935164
SnPt_194,0.65,0.7000000000000001,0.0015142229599700522,0.0014014410096839518
SnPt_194,0.7000000000000001,0.75,0.00324061663696682,0.0010528783792966635
SnPt_194,0.75,0.8,0.004422924325450039,0.0009262203725522834
SnPt_194,0.8,0.8500000000000001,0.005672288097533576,0.0009114200192479585
SnPt_194,0.8500000000000001,0.9,0.006595890027576054,0.0008778561981890392
SnPt_194,0.9,0.9500000000000001,0.006513046946332142,0.0008263654220021052
SnPt_194,0.9500000000000001,1.0,0.006331107285199335,0.0007728511916577355
SnPt_194,1.0,1.05,0.005332585983881489,0.0007192930546574272
SnPt_194,1.05,1.1,0.003896542148526551,0.0007299761822346623
SnPt_194,1.1,1.1500000000000001,0.0024407960615000905,0.0006764363177507081
SnPt_194,1.1500000000000001,1.2000000000000002,0.0014133213511497336,0.0007254026200212059
SnPt_194,1.2000000000000002,1.25,0.0006921754136286974,0.0006750770265128129
SnPt_194,1.25,1.3,0.00027122825747106236,0.000605914546321433
SnPt_194,1.3,1.35,7.239777317578273e-05,0.0005671988373625696
SnPt_194,1.35,1.4000000000000001,9.844339374346596e-06,0.0005133619272728368
SnPt_194,1.4000000000000001,1.4500000000000002,6.531213135154504e-07,0.000413323054158589
SnPt_194,1.4500000000000002,1.5,0.0,0.00021067704056092838
SnPt_194,1.5,1.55,0.0,0.00010029924658973624
SnPt_194,1.55,1.6,0.0,3.544430290143568e-05
SnPt_194,1.6,1.6500000000000001,0.0,1.2807980982172326e-05
SnPt_194,1.6500000000000001,1.7000000000000002,0.0,3.779345413697591e-06
SnPt_194,1.7000000000000002,1.75,0.0,0.0
SnPt_194,1.75,1.8,0.0,0.0
SnPt_194,1.8,1.85,0.0,0.0
SnPt_194,1.85,1.9000000000000001,0.0,0.0
SnPt_194,1.9000000000000001,1.9500000000000002,0.0,0.0
SnPt_194,1.9500000000000002,2.0,0.0,0.0
SnPt_194,2.0,2.0500000000000003,0.0,0.0
SnPt_194,2.0500000000000003,2.1,0.0,0.0
SnPt_194,2.1,2.15,0.0,0.0
SnPt_194,2.15,2.2,0.0,0.0
SnPt_194,2.2,2.25,0.0,0.0
SnPt_194,2.25,2.3000000000000003,0.0,0.0
SnPt_194,2.3000000000000003,2.35,0.0,0.0
SnPt_194,2.35,2.4000000000000004,0.0,0.0
SnPt_194,2.4000000000000004,2.45,0.0,0.0
SnPt_194,2.45,2.5,0.0,0.0
SnPt_194,2.5,2.5500000000000003,0.0,0.0
SnPt_194,2.5500000000000003,2.6,0.0,0.0
SnPt_194,2.6,2.6500000000000004,0.0,0.0
SnPt_194,2.6500000000000004,2.7,0.0,0.0
SnPt_194,2.7,2.75,0.0,0.0
SnPt_194,2.75,2.8000000000000003,0.0,0.0
SnPt_194,2.8000000000000003,2.85,0.0,0.0
SnPt_194,2.85,2.9000000000000004,0.0,0.0
SnPt_194,2.9000000000000004,2.95,0.0,0.0
SnPt_194,2.95,3.0,0.0,0.0
Nb3Bi_223,0.0,0.05,0.0,0.005273587305508202
Nb3Bi_223,0.05,0.1,0.0,0.0022084497339278433
Nb3Bi_223,0.1,0.15000000000000002,0.0,0.010649705384943642
Nb3Bi_223,0.15000000000000002,0.2,0.015304464176472063,0.0005749842369206753
Nb3Bi_223,0.2,0.25,0.02731180571398215,0.001663116471388378
Nb3Bi_223,0.25,0.30000000000000004,0.01214015768525867,0.0017634285050626892
Nb3Bi_223,0.30000000000000004,0.35000000000000003,0.0004214149761443281,0.005410832226477924
Nb3Bi_223,0.35000000000000003,0.4,0.0015228090267369087,0.01568140030973215
Nb3Bi_223,0.4,0.45,0.0020221007928580264,0.015710966737420718
Nb3Bi_223,0.45,0.5,0.0019034919561808211,0.012882727131702559
Nb3Bi_223,0.5,0.55,0.0013110782688177153,0.007363246447099685
Nb3Bi_223,0.55,0.6000000000000001,0.0009433464367942225,0.004142496176050378
Nb3Bi_223,0.6000000000000001,0.65,0.0008605124630244075,0.0030471582084134635
Nb3Bi_223,0.65,0.7000000000000001,0.0007509596045291997,0.0025917860244986817
Nb3Bi_223,0.7000000000000001,0.75,0.0008165206203445635,0.0027114718696255643
Nb3Bi_223,0.75,0.8,0.0010331550751154586,0.002392915693837951
Nb3Bi_223,0.8,0.8500000000000001,0.0013294759990040634,0.0013482325911479275
Nb3Bi_223,0.8500000000000001,0.9,0.0022482902029944563,0.0008433521891566947
Nb3Bi_223,0.9,0.9500000000000001,0.0029595666191420643,0.0004858351136086544
Nb3Bi_223,0.9500000000000001,1.0,0.003870249194132399,0.00027816426908655503
Nb3Bi_223,1.0,1.05,0.004556700453449442,0.00012027569305242057
Nb3Bi_223,1.05,1.1,0.004799697140700633,1.0094018608354251e-05
Nb3Bi_223,1.1,1.1500000000000001,0.004672745637899377,0.0
Nb3Bi_223,1.1500000000000001,1.2000000000000002,0.003338554544651449,0.0
Nb3Bi_223,1.2000000000000002,1.25,0.0014915550805280316,0.0
Nb3Bi_223,1.25,1.3,0.0002546149563418413,0.0
Nb3Bi_223,1.3,1.35,1.7138775666924802e-05,0.0
Nb3Bi_223,1.35,1.4000000000000001,0.0,0.0
Nb3Bi_223,1.4000000000000001,1.4500000000000002,0.0,0.0
Nb3Bi_223,1.4500000000000002,1.5,0.0,0.0
Nb3Bi_223,1.5,1.55,0.0,0.0
Nb3Bi_223,1.55,1.6,0.0,0.0
Nb3Bi_223,1.6,1.6500000000000001,0.0,0.0
Nb3Bi_223,1.6500000000000001,1.7000000000000002,0.0,0.0
Nb3Bi_223,1.7000000000000002,1.75,0.0,0.0
Nb3Bi_223,1.75,1.8,0.0,0.0
Nb3Bi_223,1.8,1.85,0.0,0.0
Nb3Bi_223,1.85,1.9000000000000001,0.0,0.0
Nb3Bi_223,1.9000000000000001,1.9500000000000002,0.0,0.0
Nb3Bi_223,1.9500000000000002,2.0,0.0,0.0
Nb3Bi_223,2.0,2.0500000000000003,0.0,0.0
Nb3Bi_223,2.0500000000000003,2.1,0.0,0.0
Nb3Bi_223,2.1,2.15,0.0,0.0
Nb3Bi_223,2.15,2.2,0.0,0.0
Nb3Bi_223,2.2,2.25,0.0,0.0
Nb3Bi_223,2.25,2.3000000000000003,0.0,0.0
Nb3Bi_223,2.3000000000000003,2.35,0.0,0.0
Nb3Bi_223,2.35,2.4000000000000004,0.0,0.0
Nb3Bi_223,2.4000000000000004,2.45,0.0,0.0
Nb3Bi_223,2.45,2.5,0.0,0.0
Nb3Bi_223,2.5,2.5500000000000003,0.0,0.0
Nb3Bi_223,2.5500000000000003,2.6,0.0,0.0
Nb3Bi_223,2.6,2.6500000000000004,0.0,0.0
Nb3Bi_223,2.6500000000000004,2.7,0.0,0.0
Nb3Bi_223,2.7,2.75,0.0,0.0
Nb3Bi_223,2.75,2.8000000000000003,0.0,0.0
Nb3Bi_223,2.8000000000000003,2.85,0.0,0.0
Nb3Bi_223,2.85,2.9000000000000004,0.0,0.0
Nb3Bi_223,2.9000000000000004,2.95,0.0,0.0
Nb3Bi_223,2.95,3.0,0.0,0.0
SrB6_221,0.0,0.05,0.0,0.008156692425761196
SrB6_221,0.05,0.1,0.00040387571380110464,0.0021707286490281236
SrB6_221,0.1,0.15000000000000002,0.0,0.00700461468555991
SrB6_221,0.15000000000000002,0.2,0.0002793955612918195,0.002872312343754013
SrB6_221,0.2,0.25,0.007325923900844648,3.630961050724085e-05
SrB6_221,0.25,0.30000000000000004,0.01201909996405945,0.0
SrB6_221,0.30000000000000004,0.35000000000000003,0.010086586557453562,0.0
SrB6_221,0.35000000000000003,0.4,0.0044734582312913294,8.327856335855345e-05
SrB6_221,0.4,0.45,0.002024720643512854,0.002416803284341499
SrB6_221,0.45,0.5,0.0017959141329434876,0.004824195781956733
SrB6_221,0.5,0.55,0.001954822050185487,0.004242518121297357
SrB6_221,0.55,0.6000000000000001,0.0017200454982711992,0.003502641889056985
SrB6_221,0.6000000000000001,0.65,0.002120349809283586,0.0023964218247909852
SrB6_221,0.65,0.7000000000000001,0.002714744924208797,0.0015721015697208831
SrB6_221,0.7000000000000001,0.75,0.0030800370510902,0.001114718878180142
SrB6_221,0.75,0.8,0.0031025193424314155,0.0010297716301206658
SrB6_221,0.8,0.8500000000000001,0.004224444798388262,0.0012866017772745764
SrB6_221,0.8500000000000001,0.9,0.004404711011296991,0.0015987010525574164
SrB6_221,0.9,0.9500000000000001,0.005131640708555193,0.0018458774995732867
SrB6_221,0.9500000000000001,1.0,0.004694827512842293,0.0023387299287658844
SrB6_221,1.0,1.05,0.003938331378012574,0.002670872071944569
SrB6_221,1.05,1.1,0.0028373803356855232,0.002926149443512175
SrB6_221,1.1,1.1500000000000001,0.0019439123181505188,0.0030927145158562482
SrB6_221,1.1500000000000001,1.2000000000000002,0.001142270399864877,0.003213125933198007
SrB6_221,1.2000000000000002,1.25,0.0007009806627355863,0.0023649900826241926
SrB6_221,1.25,1.3,0.00035730561262924717,0.0020297392587011304
SrB6_221,1.3,1.35,0.0001992925920422188,0.001987972533447171
SrB6_221,1.35,1.4000000000000001,8.941669102502922e-05,0.0017839336772616165
SrB6_221,1.4000000000000001,1.4500000000000002,4.225007772504159e-05,0.0018730300164364188
SrB6_221,1.4500000000000002,1.5,1.7336455549810393e-05,0.0018878314823868412
SrB6_221,1.5,1.55,5.195889619926879e-06,0.0020316503792411236
SrB6_221,1.55,1.6,5.405134507662728e-07,0.00195796009576757
SrB6_221,1.6,1.6500000000000001,0.0,0.001979521552639665
SrB6_221,1.6500000000000001,1.7000000000000002,0.0,0.0021044913028325707
SrB6_221,1.7000000000000002,1.75,0.0,0.001977838182280947
SrB6_221,1.75,1.8,0.0,0.0015258819718739782
SrB6_221,1.8,1.85,0.0,0.0011648500838977464
SrB6_221,1.85,1.9000000000000001,0.0,0.0008716336452011888
SrB6_221,1.9000000000000001,1.9500000000000002,0.0,0.0006731193372027234
SrB6_221,1.9500000000000002,2.0,0.0,0.0005563320857607492
SrB6_221,2.0,2.0500000000000003,0.0,0.0003731334471576654
SrB6_221,2.0500000000000003,2.1,0.0,0.00034785045739511037
SrB6_221,2.1,2.15,0.0,0.00017380065809788386
SrB6_221,2.15,2.2,0.0,0.00018075154264691673
SrB6_221,2.2,2.25,0.0,6.249750495268773e-05
SrB6_221,2.25,2.3000000000000003,0.0,4.193108657860356e-05
SrB6_221,2.3000000000000003,2.35,0.0,1.052904583780878e-05
SrB6_221,2.35,2.4000000000000004,0.0,0.0
SrB6_221,2.4000000000000004,2.45,0.0,0.0
SrB6_221,2.45,2.5,0.0,0.0
SrB6_221,2.5,2.5500000000000003,0.0,0.0
SrB6_221,2.5500000000000003,2.6,0.0,0.0
SrB6_221,2.6,2.6500000000000004,0.0,0.0
SrB6_221,2.6500000000000004,2.7,0.0,0.0
SrB6_221,2.7,2.75,0.0,0.0
SrB6_221,2.75,2.8000000000000003,0.0,0.0
SrB6_221,2.8000000000000003,2.85,0.0,0.0
SrB6_221,2.85,2.9000000000000004,0.0,0.0
SrB6_221,2.9000000000000004,2.95,0.0,0.0
SrB6_221,2.95,3.0,0.0,0.0
SmHgPd_189,0.0,0.05,0.00010962645218397232,0.0021645237942608075
SmHgPd_189,0.05,0.1,0.0005029666917626994,0.006631288309213007
SmHgPd_189,0.1,0.15000000000000002,0.001436789951980954,0.011670902667758755
SmHgPd_189,0.15000000000000002,0.2,0.008879940291132494,0.016011140974970396
SmHgPd_189,0.2,0.25,0.013653662363234245,0.007784129449641036
SmHgPd_189,0.25,0.30000000000000004,0.010564062404327746,0.0003590748961392729
SmHgPd_189,0.30000000000000004,0.35000000000000003,0.00870439805969221,0.004358379154074518
SmHgPd_189,0.35000000000000003,0.4,0.0077561095698973756,0.010289029460120905
SmHgPd_189,0.4,0.45,0.006174605823565433,0.011650331126899767
SmHgPd_189,0.45,0.5,0.004414729092997962,0.009360475374167579
SmHgPd_189,0.5,0.55,0.0030925976503837706,0.005456615102464883
SmHgPd_189,0.55,0.6000000000000001,0.0017386571418350658,0.002303190799967823
SmHgPd_189,0.6000000000000001,0.65,0.0012659990171435224,0.0007607747075586681
SmHgPd_189,0.65,0.7000000000000001,0.0015322841272434942,0.0007371259271283392
SmHgPd_189,0.7000000000000001,0.75,0.0016258866143655194,0.0008181210863481975
SmHgPd_189,0.75,0.8,0.001642873468545215,0.0005695479657201328
SmHgPd_189,0.8,0.8500000000000001,0.0017585920648627233,0.0003513716957078748
SmHgPd_189,0.8500000000000001,0.9,0.0021294354068090216,0.0002414029252297917
SmHgPd_189,0.9,0.9500000000000001,0.002432093272622702,0.00017590281225191552
SmHgPd_189,0.9500000000000001,1.0,0.002825603014167708,0.00014139442416613658
SmHgPd_189,1.0,1.05,0.003150180887320661,0.00011427711110039621
SmHgPd_189,1.05,1.1,0.003121020072117519,8.838613282445614e-05
SmHgPd_189,1.1,1.1500000000000001,0.002762490463248626,7.018307235646918e-05
SmHgPd_189,1.1500000000000001,1.2000000000000002,0.00213788019813406,5.871323767151978e-05
SmHgPd_189,1.2000000000000002,1.25,0.001526182386374795,5.0509414092638136e-05
SmHgPd_189,1.25,1.3,0.000974159962376351,4.7975222698297e-05
SmHgPd_189,1.3,1.35,0.0005403115355305509,3.7405818836431526e-05
SmHgPd_189,1.35,1.4000000000000001,0.000256882306317405,2.4944791647796003e-05
SmHgPd_189,1.4000000000000001,1.4500000000000002,0.00010124826079709509,1.6499308938745973e-05
SmHgPd_189,1.4500000000000002,1.5,2.5314105911114445e-05,1.3942152322337325e-05
SmHgPd_189,1.5,1.55,2.7287903118423443e-06,1.0296410650473928e-05
SmHgPd_189,1.55,1.6,3.6102889506202497e-08,3.5767252252976647e-06
SmHgPd_189,1.6,1.6500000000000001,0.0,3.393832251752364e-07
SmHgPd_189,1.6500000000000001,1.7000000000000002,0.0,0.0
SmHgPd_189,1.7000000000000002,1.75,0.0,0.0
SmHgPd_189,1.75,1.8,0.0,0.0
SmHgPd_189,1.8,1.85,0.0,0.0
SmHgPd_189,1.85,1.9000000000000001,0.0,0.0
SmHgPd_189,1.9000000000000001,1.9500000000000002,0.0,0.0
SmHgPd_189,1.9500000000000002,2.0,0.0,0.0
SmHgPd_189,2.0,2.0500000000000003,0.0,0.0
SmHgPd_189,2.0500000000000003,2.1,0.0,0.0
SmHgPd_189,2.1,2.15,0.0,0.0
SmHgPd_189,2.15,2.2,0.0,0.0
SmHgPd_189,2.2,2.25,0.0,0.0
SmHgPd_189,2.25,2.3000000000000003,0.0,0.0
SmHgPd_189,2.3000000000000003,2.35,0.0,0.0
SmHgPd_189,2.35,2.4000000000000004,0.0,0.0
SmHgPd_189,2.4000000000000004,2.45,0.0,0.0
SmHgPd_189,2.45,2.5,0.0,0.0
SmHgPd_189,2.5,2.5500000000000003,0.0,0.0
SmHgPd_189,2.5500000000000003,2.6,0.0,0.0
SmHgPd_189,2.6,2.6500000000000004,0.0,0.0
SmHgPd_189,2.6500000000000004,2.7,0.0,0.0
SmHgPd_189,2.7,2.75,0.0,0.0
SmHgPd_189,2.75,2.8000000000000003,0.0,0.0
SmHgPd_189,2.8000000000000003,2.85,0.0,0.0
SmHgPd_189,2.85,2.9000000000000004,0.0,0.0
SmHgPd_189,2.9000000000000004,2.95,0.0,0.0
SmHgPd_189,2.95,3.0,0.0,0.0
ZrFeP_62,0.0,0.05,0.0001370407176689171,0.002126770528727974
ZrFeP_62,0.05,0.1,0.0008289373541623777,0.0012362209121589294
ZrFeP_62,0.1,0.15000000000000002,0.0,0.007746767691399734
ZrFeP_62,0.15000000000000002,0.2,0.003626898519962938,0.0073867313299479966
ZrFeP_62,0.2,0.25,0.014160834368254977,0.008145414306120886
ZrFeP_62,0.25,0.30000000000000004,0.014707336282139839,0.005628509836349512
ZrFeP_62,0.30000000000000004,0.35000000000000003,0.007053891144355377,0.002319451865671562
ZrFeP_62,0.35000000000000003,0.4,0.0020856165018133806,0.0019335095652747362
ZrFeP_62,0.4,0.45,0.004374079809509697,0.006470782531386024
ZrFeP_62,0.45,0.5,0.005295876354527767,0.007627481847190968
ZrFeP_62,0.5,0.55,0.0049532544017543015,0.006777931971816928
ZrFeP_62,0.55,0.6000000000000001,0.003664121419925953,0.005019391842079051
ZrFeP_62,0.6000000000000001,0.65,0.0022275449290948975,0.0036379216438410964
ZrFeP_62,0.65,0.7000000000000001,0.0009866917751990578,0.0028144802572942335
ZrFeP_62,0.7000000000000001,0.75,0.0003420826458308974,0.0023860849024414867
ZrFeP_62,0.75,0.8,0.00032355739269756395,0.0020440424140425904
ZrFeP_62,0.8,0.8500000000000001,0.0006199702383072978,0.0016814527890438998
ZrFeP_62,0.8500000000000001,0.9,0.0010015202218519614,0.0014329596568078587
ZrFeP_62,0.9,0.9500000000000001,0.0013068238671646555,0.0011734527215365156
ZrFeP_62,0.9500000000000001,1.0,0.0015214184388846737,0.0009191700871375984
ZrFeP_62,1.0,1.05,0.0017652096023885345,0.000661875020064844
ZrFeP_62,1.05,1.1,0.0018790730270719202,0.00045678616016085435
ZrFeP_62,1.1,1.1500000000000001,0.0018732184838411005,0.0003385447951580208
ZrFeP_62,1.1500000000000001,1.2000000000000002,0.001603193295855857,0.0002569711325070529
ZrFeP_62,1.2000000000000002,1.25,0.0013077429002537333,0.0001951177604133761
ZrFeP_62,1.25,1.3,0.0009639042138855596,0.00010183525237215321
ZrFeP_62,1.3,1.35,0.0007380803586956214,6.372373141148731e-05
ZrFeP_62,1.35,1.4000000000000001,0.0005502972013816769,4.683240246698461e-05
ZrFeP_62,1.4000000000000001,1.4500000000000002,0.00039845443431981207,3.30736009847904e-05
ZrFeP_62,1.4500000000000002,1.5,0.0002630625983595325,2.540812383975495e-05
ZrFeP_62,1.5,1.55,0.00013595128974335196,2.268033728224314e-05
ZrFeP_62,1.55,1.6,7.235089263746896e-05,2.1414910581474032e-05
ZrFeP_62,1.6,1.6500000000000001,2.569981633367036e-05,2.549663437216726e-05
ZrFeP_62,1.6500000000000001,1.7000000000000002,1.0084540927203958e-05,1.7179275828509826e-05
ZrFeP_62,1.7000000000000002,1.75,1.7248640237933726e-06,1.1244948066934945e-05
ZrFeP_62,1.75,1.8,6.948149789880678e-08,6.272353394328374e-06
ZrFeP_62,1.8,1.85,1.8229362961622083e-09,3.513634109152854e-06
ZrFeP_62,1.85,1.9000000000000001,0.0,1.228883786318965e-06
ZrFeP_62,1.9000000000000001,1.9500000000000002,0.0,2.625638034636078e-07
ZrFeP_62,1.9500000000000002,2.0,0.0,0.0
ZrFeP_62,2.0,2.0500000000000003,0.0,0.0
ZrFeP_62,2.0500000000000003,2.1,0.0,0.0
ZrFeP_62,2.1,2.15,0.0,0.0
ZrFeP_62,2.15,2.2,0.0,0.0
ZrFeP_62,2.2,2.25,0.0,0.0
ZrFeP_62,2.25,2.3000000000000003,0.0,0.0
ZrFeP_62,2.3000000000000003,2.35,0.0,0.0
ZrFeP_62,2.35,2.4000000000000004,0.0,0.0
ZrFeP_62,2.4000000000000004,2.45,0.0,0.0
ZrFeP_62,2.45,2.5,0.0,0.0
ZrFeP_62,2.5,2.5500000000000003,0.0,0.0
ZrFeP_62,2.5500000000000003,2.6,0.0,0.0
ZrFeP_62,2.6,2.6500000000000004,0.0,0.0
ZrFeP_62,2.6500000000000004,2.7,0.0,0.0
ZrFeP_62,2.7,2.75,0.0,0.0
ZrFeP_62,2.75,2.8000000000000003,0.0,0.0
ZrFeP_62,2.8000000000000003,2.85,0.0,0.0
ZrFeP_62,2.85,2.9000000000000004,0.0,0.0
ZrFeP_62,2.9000000000000004,2.95,0.0,0.0
ZrFeP_62,2.95,3.0,0.0,0.0
RbAuO2_63,0.0,0.05,1.7664042829529546e-06,0.00307452350936347
RbAuO2_63,0.05,0.1,0.0007571673280052381,0.0023389848679846044
RbAuO2_63,0.1,0.15000000000000002,0.0006202327117654563,0.004647340247749634
RbAuO2_63,0.15000000000000002,0.2,0.008185350944094182,0.0005150454598768727
RbAuO2_63,0.2,0.25,0.017622285815503156,0.0
RbAuO2_63,0.25,0.30000000000000004,0.01178425253755994,7.720468659883434e-06
RbAuO2_63,0.30000000000000004,0.35000000000000003,0.001891349891993147,0.0018463385561515921
RbAuO2_63,0.35000000000000003,0.4,0.0002562301932046164,0.009251081023058084
RbAuO2_63,0.4,0.45,0.0003559444671672815,0.01249636785562196
RbAuO2_63,0.45,0.5,0.0005044404054265437,0.011079116569316915
RbAuO2_63,0.5,0.55,0.0007469808753467384,0.007576392290131055
RbAuO2_63,0.55,0.6000000000000001,0.00112995107518826,0.0038767670717013932
RbAuO2_63,0.6000000000000001,0.65,0.0018200678986537869,0.0019475826143868689
RbAuO2_63,0.65,0.7000000000000001,0.002398061900189263,0.0010592464328767813
RbAuO2_63,0.7000000000000001,0.75,0.002431596498415867,0.0008173705876505657
RbAuO2_63,0.75,0.8,0.002497130884331193,0.00085693478321799
RbAuO2_63,0.8,0.8500000000000001,0.0024309676267838874,0.0009467976537457266
RbAuO2_63,0.8500000000000001,0.9,0.0024952160717665707,0.0009433645032816508
RbAuO2_63,0.9,0.9500000000000001,0.0024414996051266716,0.0008930919159203778
RbAuO2_63,0.9500000000000001,1.0,0.0023533077641616986,0.0008293949434443891
RbAuO2_63,1.0,1.05,0.0021398596364899797,0.000754900481602391
RbAuO2_63,1.05,1.1,0.0020247260545747147,0.000687704823710916
RbAuO2_63,1.1,1.1500000000000001,0.001785942991267733,0.0005890307836956808
RbAuO2_63,1.1500000000000001,1.2000000000000002,0.0016433967144791764,0.0004834804591594912
RbAuO2_63,1.2000000000000002,1.25,0.0014405562276270593,0.000409549738928993
RbAuO2_63,1.25,1.3,0.0012404085120713054,0.00035133749155879076
RbAuO2_63,1.3,1.35,0.0010733517751948369,0.00031890817626067616
RbAuO2_63,1.35,1.4000000000000001,0.0009011726945130232,0.00026222207223667985
RbAuO2_63,1.4000000000000001,1.4500000000000002,0.0007077228159529105,0.00023493928554675061
RbAuO2_63,1.4500000000000002,1.5,0.0005925580393772416,0.00022079785617286915
RbAuO2_63,1.5,1.55,0.0004454759054714576,0.00021260063339632063
RbAuO2_63,1.55,1.6,0.0003367203526281451,0.00021264130118159771
RbAuO2_63,1.6,1.6500000000000001,0.00024214081062931263,0.0002363643495879384
RbAuO2_63,1.6500000000000001,1.7000000000000002,0.00015459288814653445,0.00025922367004612215
RbAuO2_63,1.7000000000000002,1.75,9.481224922363268e-05,0.0002866042759999771
RbAuO2_63,1.75,1.8,4.789056158496707e-05,0.0003122803925295399
RbAuO2_63,1.8,1.85,1.689874683899116e-05,0.0003192441809219226
RbAuO2_63,1.85,1.9000000000000001,3.219058867835393e-06,0.0003390913192260489
RbAuO2_63,1.9000000000000001,1.9500000000000002,5.853736778726416e-07,0.0003427986706312416
RbAuO2_63,1.9500000000000002,2.0,8.662276326339302e-08,0.0003483758364709807
RbAuO2_63,2.0,2.0500000000000003,0.0,0.0003539863055898141
RbAuO2_63,2.0500000000000003,2.1,0.0,0.0003445872260563678
RbAuO2_63,2.1,2.15,0.0,0.0003494267252933598
RbAuO2_63,2.15,2.2,0.0,0.00034156130002838966
RbAuO2_63,2.2,2.25,0.0,0.0003330988622241288
RbAuO2_63,2.25,2.3000000000000003,0.0,0.00032413662693523435
RbAuO2_63,2.3000000000000003,2.35,0.0,0.00031529152798346797
RbAuO2_63,2.35,2.4000000000000004,0.0,0.0002941733397927852
RbAuO2_63,2.4000000000000004,2.45,0.0,0.0002805427922630085
RbAuO2_63,2.45,2.5,0.0,0.0002684208192746241
RbAuO2_63,2.5,2.5500000000000003,0.0,0.00023985778971419243
RbAuO2_63,2.5500000000000003,2.6,0.0,0.0002264505839448862
RbAuO2_63,2.6,2.6500000000000004,0.0,0.00021155884309375975
RbAuO2_63,2.6500000000000004,2.7,0.0,0.00019261399242827908
RbAuO2_63,2.7,2.75,0.0,0.00018758023007220095
RbAuO2_63,2.75,2.8000000000000003,0.0,0.00016791968044746423
RbAuO2_63,2.8000000000000003,2.85,0.0,0.00015115230016928986
RbAuO2_63,2.85,2.9000000000000004,0.0,0.00014632516017711915
RbAuO2_63,2.9000000000000004,2.95,0.0,0.00013222192802471664
RbAuO2_63,2.95,3.0,0.0,0.00011744120369694222
Ta2FeMo_225,0.0,0.05,0.0,0.004497665624931915
Ta2FeMo_225,0.05,0.1,0.000720051818076746,0.001976944741362792
Ta2FeMo_225,0.1,0.15000000000000002,3.542425200176706e-05,0.004806005061800723
Ta2FeMo_225,0.15000000000000002,0.2,0.0027495835322243725,0.005828787513730028
Ta2FeMo_225,0.2,0.25,0.0054560277418625085,0.007474491125112503
Ta2FeMo_225,0.25,0.30000000000000004,0.0018788782029173833,0.00542709963586303
Ta2FeMo_225,0.30000000000000004,0.35000000000000003,0.0,0.0073512525784045525
Ta2FeMo_225,0.35000000000000003,0.4,0.00113677022556218,0.009158663391492817
Ta2FeMo_225,0.4,0.45,0.00318621434722328,0.010502729120009824
Ta2FeMo_225,0.45,0.5,0.005006267793340264,0.008869737855498312
Ta2FeMo_225,0.5,0.55,0.004580573140327484,0.007113322501964321
Ta2FeMo_225,0.55,0.6000000000000001,0.0036328114225696213,0.004487545023936828
Ta2FeMo_225,0.6000000000000001,0.65,0.0027052142451616176,0.00316894954225898
Ta2FeMo_225,0.65,0.7000000000000001,0.0020696560121816992,0.002305959698973552
Ta2FeMo_225,0.7000000000000001,0.75,0.002138513498097465,0.0016731941821292095
Ta2FeMo_225,0.75,0.8,0.0028415757853570834,0.0009735925510935036
Ta2FeMo_225,0.8,0.8500000000000001,0.004354831793726205,0.00044095741769240417
Ta2FeMo_225,0.8500000000000001,0.9,0.006432357571419919,0.0001101477193076958
Ta2FeMo_225,0.9,0.9500000000000001,0.007309505125148168,5.862655859063152e-06
Ta2FeMo_225,0.9500000000000001,1.0,0.0072308800214041895,0.0
Ta2FeMo_225,1.0,1.05,0.006518740741467442,0.0
Ta2FeMo_225,1.05,1.1,0.00460120465252867,0.0
Ta2FeMo_225,1.1,1.1500000000000001,0.0027766549057215285,0.0
Ta2FeMo_225,1.1500000000000001,1.2000000000000002,0.0018625660431331715,0.0
Ta2FeMo_225,1.2000000000000002,1.25,0.0015575245821302592,0.0
Ta2FeMo_225,1.25,1.3,0.001359275682526756,0.0
Ta2FeMo_225,1.3,1.35,0.0008286720434599199,0.0
Ta2FeMo_225,1.35,1.4000000000000001,0.0002562522384908051,0.0
Ta2FeMo_225,1.4000000000000001,1.4500000000000002,2.5117136807209828e-05,0.0
Ta2FeMo_225,1.4500000000000002,1.5,0.0,0.0
Ta2FeMo_225,1.5,1.55,0.0,0.0
Ta2FeMo_225,1.55,1.6,0.0,0.0
Ta2FeMo_225,1.6,1.6500000000000001,0.0,0.0
Ta2FeMo_225,1.6500000000000001,1.7000000000000002,0.0,0.0
Ta2FeMo_225,1.7000000000000002,1.75,0.0,0.0
Ta2FeMo_225,1.75,1.8,0.0,0.0
Ta2FeMo_225,1.8,1.85,0.0,0.0
Ta2FeMo_225,1.85,1.9000000000000001,0.0,0.0
Ta2FeMo_225,1.9000000000000001,1.9500000000000002,0.0,0.0
Ta2FeMo_225,1.9500000000000002,2.0,0.0,0.0
Ta2FeMo_225,2.0,2.0500000000000003,0.0,0.0
Ta2FeMo_225,2.0500000000000003,2.1,0.0,0.0
Ta2FeMo_225,2.1,2.15,0.0,0.0
Ta2FeMo_225,2.15,2.2,0.0,0.0
Ta2FeMo_225,2.2,2.25,0.0,0.0
Ta2FeMo_225,2.25,2.3000000000000003,0.0,0.0
Ta2FeMo_225,2.3000000000000003,2.35,0.0,0.0
Ta2FeMo_225,2.35,2.4000000000000004,0.0,0.0
Ta2FeMo_225,2.4000000000000004,2.45,0.0,0.0
Ta2FeMo_225,2.45,2.5,0.0,0.0
Ta2FeMo_225,2.5,2.5500000000000003,0.0,0.0
Ta2FeMo_225,2.5500000000000003,2.6,0.0,0.0
Ta2FeMo_225,2.6,2.6500000000000004,0.0,0.0
Ta2FeMo_225,2.6500000000000004,2.7,0.0,0.0
Ta2FeMo_225,2.7,2.75,0.0,0.0
Ta2FeMo_225,2.75,2.8000000000000003,0.0,0.0
Ta2FeMo_225,2.8000000000000003,2.85,0.0,0.0
Ta2FeMo_225,2.85,2.9000000000000004,0.0,0.0
Ta2FeMo_225,2.9000000000000004,2.95,0.0,0.0
Ta2FeMo_225,2.95,3.0,0.0,0.0
NdMg3_225,0.0,0.05,0.00017949413244982537,0.008919405206374933
NdMg3_225,0.05,0.1,2.7974611542881905e-07,0.0045579628084172685
NdMg3_225,0.1,0.15000000000000002,0.0,0.007737684643247325
NdMg3_225,0.15000000000000002,0.2,0.0,0.022459110085936165
NdMg3_225,0.2,0.25,0.0,0.012741665673043391
NdMg3_225,0.25,0.30000000000000004,0.005716463667452607,0.0017544128128662482
NdMg3_225,0.30000000000000004,0.35000000000000003,0.013833050104846416,0.0009317693528285708
NdMg3_225,0.35000000000000003,0.4,0.010613262581276272,0.0002838716445580515
NdMg3_225,0.4,0.45,0.007496351157260379,0.0
NdMg3_225,0.45,0.5,0.0038967098809604248,0.00011620499345098783
NdMg3_225,0.5,0.55,0.002538767956817446,0.0009589872983947428
NdMg3_225,0.55,0.6000000000000001,0.0016234863784947164,0.001254333430203218
NdMg3_225,0.6000000000000001,0.65,0.0009410483818641399,0.0015246939178605082
NdMg3_225,0.65,0.7000000000000001,0.00040660945193995784,0.0020033146659521857
NdMg3_225,0.7000000000000001,0.75,0.0002091538779981136,0.002180872628066827
NdMg3_225,0.75,0.8,0.0002007700080751854,0.0023666476406440182
NdMg3_225,0.8,0.8500000000000001,0.0002455089177596182,0.002562073226377973
NdMg3_225,0.8500000000000001,0.9,0.0002984113379557758,0.002259452990769942
NdMg3_225,0.9,0.9500000000000001,0.0004037610770538289,0.002424772015685833
NdMg3_225,0.9500000000000001,1.0,0.0005421989363579656,0.002186338737633696
NdMg3_225,1.0,1.05,0.0007170622780197477,0.0019374666761717938
NdMg3_225,1.05,1.1,0.0008242768029713258,0.0016298360645589367
NdMg3_225,1.1,1.1500000000000001,0.0009615208661127417,0.0011895202029957325
NdMg3_225,1.1500000000000001,1.2000000000000002,0.001009403513411366,0.0007630701359073265
NdMg3_225,1.2000000000000002,1.25,0.0010338067328988548,0.0004111706330126322
NdMg3_225,1.25,1.3,0.0010327267204855901,0.00018311057136164813
NdMg3_225,1.3,1.35,0.0010584267191022696,7.662710976840562e-05
NdMg3_225,1.35,1.4000000000000001,0.0013125172083932651,3.303546736504842e-05
NdMg3_225,1.4000000000000001,1.4500000000000002,0.0017568945831633912,1.4070227910408815e-05
NdMg3_225,1.4500000000000002,1.5,0.0022213959095345633,7.634483828276695e-06
NdMg3_225,1.5,1.55,0.0026332927928222403,2.555907882112851e-06
NdMg3_225,1.55,1.6,0.0028010506473304816,0.0
NdMg3_225,1.6,1.6500000000000001,0.0028391869753554783,0.0
NdMg3_225,1.6500000000000001,1.7000000000000002,0.002688015792830644,0.0
NdMg3_225,1.7000000000000002,1.75,0.002532745780411046,0.0
NdMg3_225,1.75,1.8,0.0018661951761534386,0.0
NdMg3_225,1.8,1.85,0.0010417655722961194,0.0
NdMg3_225,1.85,1.9000000000000001,0.000374392766603849,0.0
NdMg3_225,1.9000000000000001,1.9500000000000002,4.977134255655983e-05,0.0
NdMg3_225,1.9500000000000002,2.0,2.754823246020513e-06,0.0
NdMg3_225,2.0,2.0500000000000003,0.0,0.0
NdMg3_225,2.0500000000000003,2.1,0.0,0.0
NdMg3_225,2.1,2.15,0.0,0.0
NdMg3_225,2.15,2.2,0.0,0.0
NdMg3_225,2.2,2.25,0.0,0.0
NdMg3_225,2.25,2.3000000000000003,0.0,0.0
NdMg3_225,2.3000000000000003,2.35,0.0,0.0
NdMg3_225,2.35,2.4000000000000004,0.0,0.0
NdMg3_225,2.4000000000000004,2.45,0.0,0.0
NdMg3_225,2.45,2.5,0.0,0.0
NdMg3_225,2.5,2.5500000000000003,0.0,0.0
NdMg3_225,2.5500000000000003,2.6,0.0,0.0
NdMg3_225,2.6,2.6500000000000004,0.0,0.0
NdMg3_225,2.6500000000000004,2.7,0.0,0.0
NdMg3_225,2.7,2.75,0.0,0.0
NdMg3_225,2.75,2.8000000000000003,0.0,0.0
NdMg3_225,2.8000000000000003,2.85,0.0,0.0
NdMg3_225,2.85,2.9000000000000004,0.0,0.0
NdMg3_225,2.9000000000000004,2.95,0.0,0.0
NdMg3_225,2.95,3.0,0.0,0.0
HoCu4Pd_216,0.0,0.05,9.953352817278406e-05,0.004429419109227306
HoCu4Pd_216,0.05,0.1,0.0009166901139983719,0.0062782133285312035
HoCu4Pd_216,0.1,0.15000000000000002,0.000906312620347571,0.02551788418323923
HoCu4Pd_216,0.15000000000000002,0.2,0.0030617504811224056,0.034971662209277186
HoCu4Pd_216,0.2,0.25,0.0029353742907089527,0.027754199191959754
HoCu4Pd_216,0.25,0.30000000000000004,0.0018310275742311295,0.010867963997285077
HoCu4Pd_216,0.30000000000000004,0.35000000000000003,0.006540010034342121,0.003014818915278204
HoCu4Pd_216,0.35000000000000003,0.4,0.013997575762846822,0.0024880612045101863
HoCu4Pd_216,0.4,0.45,0.01899014710746899,0.0024578700126129385
HoCu4Pd_216,0.45,0.5,0.019022604463302364,0.0019416691107297334
HoCu4Pd_216,0.5,0.55,0.015423311190570202,0.0012355004353693322
HoCu4Pd_216,0.55,0.6000000000000001,0.009327196530871745,0.0007296240750454566
HoCu4Pd_216,0.6000000000000001,0.65,0.004043482334554158,0.00046137096872126977
HoCu4Pd_216,0.65,0.7000000000000001,0.0010179269557551035,0.0010841032164195456
HoCu4Pd_216,0.7000000000000001,0.75,0.00010516127115270556,0.0013050296180367846
HoCu4Pd_216,0.75,0.8,0.00021555960721817216,0.0005866933334851409
HoCu4Pd_216,0.8,0.8500000000000001,0.0009964702932218933,0.0001249464291554723
HoCu4Pd_216,0.8500000000000001,0.9,0.0018129621904332098,1.0031647189904525e-05
HoCu4Pd_216,0.9,0.9500000000000001,0.0026021306040174795,0.0
HoCu4Pd_216,0.9500000000000001,1.0,0.003346214578455304,0.0
HoCu4Pd_216,1.0,1.05,0.00370416905893127,0.0
HoCu4Pd_216,1.05,1.1,0.003409339414499078,0.0
HoCu4Pd_216,1.1,1.1500000000000001,0.0027596508213939865,0.0
HoCu4Pd_216,1.1500000000000001,1.2000000000000002,0.0020394708328354675,0.0
HoCu4Pd_216,1.2000000000000002,1.25,0.0014345013197245877,0.0
HoCu4Pd_216,1.25,1.3,0.000838449518443194,0.0
HoCu4Pd_216,1.3,1.35,0.00036835810296886445,0.0
HoCu4Pd_216,1.35,1.4000000000000001,0.00013016084339001808,0.0
HoCu4Pd_216,1.4000000000000001,1.4500000000000002,1.014739284704153e-05,0.0
HoCu4Pd_216,1.4500000000000002,1.5,0.0,0.0
HoCu4Pd_216,1.5,1.55,0.0,0.0
HoCu4Pd_216,1.55,1.6,0.0,0.0
HoCu4Pd_216,1.6,1.6500000000000001,0.0,0.0
HoCu4Pd_216,1.6500000000000001,1.7000000000000002,0.0,0.0
HoCu4Pd_216,1.7000000000000002,1.75,0.0,0.0
HoCu4Pd_216,1.75,1.8,0.0,0.0
HoCu4Pd_216,1.8,1.85,0.0,0.0
HoCu4Pd_216,1.85,1.9000000000000001,0.0,0.0
HoCu4Pd_216,1.9000000000000001,1.9500000000000002,0.0,0.0
HoCu4Pd_216,1.9500000000000002,2.0,0.0,0.0
HoCu4Pd_216,2.0,2.0500000000000003,0.0,0.0
HoCu4Pd_216,2.0500000000000003,2.1,0.0,0.0
HoCu4Pd_216,2.1,2.15,0.0,0.0
HoCu4Pd_216,2.15,2.2,0.0,0.0
HoCu4Pd_216,2.2,2.25,0.0,0.0
HoCu4Pd_216,2.25,2.3000000000000003,0.0,0.0
HoCu4Pd_216,2.3000000000000003,2.35,0.0,0.0
HoCu4Pd_216,2.35,2.4000000000000004,0.0,0.0
HoCu4Pd_216,2.4000000000000004,2.45,0.0,0.0
HoCu4Pd_216,2.45,2.5,0.0,0.0
HoCu4Pd_216,2.5,2.5500000000000003,0.0,0.0
HoCu4Pd_216,2.5500000000000003,2.6,0.0,0.0
HoCu4Pd_216,2.6,2.6500000000000004,0.0,0.0
HoCu4Pd_216,2.6500000000000004,2.7,0.0,0.0
HoCu4Pd_216,2.7,2.75,0.0,0.0
HoCu4Pd_216,2.75,2.8000000000000003,0.0,0.0
HoCu4Pd_216,2.8000000000000003,2.85,0.0,0.0
HoCu4Pd_216,2.85,2.9000000000000004,0.0,0.0
HoCu4Pd_216,2.9000000000000004,2.95,0.0,0.0
HoCu4Pd_216,2.95,3.0,0.0,0.0
AcH2_225,0.0,0.05,0.0,0.01844749270946342
AcH2_225,0.05,0.1,0.0,0.002880548772880941
AcH2_225,0.1,0.15000000000000002,0.00038199896259636355,0.003488538390635478
AcH2_225,0.15000000000000002,0.2,0.0009359222511848747,0.0033890501866346463
AcH2_225,0.2,0.25,0.00012281154039644893,0.011035330089453793
AcH2_225,0.25,0.30000000000000004,0.004802278053917249,0.0017940882356806108
AcH2_225,0.30000000000000004,0.35000000000000003,0.02083802140636448,0.0
AcH2_225,0.35000000000000003,0.4,0.02559901381785007,0.0
AcH2_225,0.4,0.45,0.019318597334548535,0.0
AcH2_225,0.45,0.5,0.009067397487135816,0.0
AcH2_225,0.5,0.55,0.0017470132480720331,0.001372702351719509
AcH2_225,0.55,0.6000000000000001,0.002084050944866436,0.005426834868580601
AcH2_225,0.6000000000000001,0.65,0.0015583888884744062,0.006867461168084464
AcH2_225,0.65,0.7000000000000001,0.0017418309583765892,0.0068077793023842365
AcH2_225,0.7000000000000001,0.75,0.001731692792304526,0.006821616427932544
AcH2_225,0.75,0.8,0.0018735427643345882,0.006381988462308354
AcH2_225,0.8,0.8500000000000001,0.002017570058465642,0.006682954215299872
AcH2_225,0.8500000000000001,0.9,0.0018103136660869126,0.005337885990525898
AcH2_225,0.9,0.9500000000000001,0.0017375465259880857,0.003996389484272181
AcH2_225,0.9500000000000001,1.0,0.0019326021606231333,0.002584175955026897
AcH2_225,1.0,1.05,0.0019104795650650448,0.0015940894952291018
AcH2_225,1.05,1.1,0.0013939294167753726,0.000926011647057837
AcH2_225,1.1,1.1500000000000001,0.0019137000471556689,0.0005388485380478669
AcH2_225,1.1500000000000001,1.2000000000000002,0.0015044263836486859,0.00032783704290962245
AcH2_225,1.2000000000000002,1.25,0.0016781067299958066,0.0001979964987524266
AcH2_225,1.25,1.3,0.001555404018031649,8.9925866811146e-05
AcH2_225,1.3,1.35,0.0012608753288659378,3.439037038197873e-05
AcH2_225,1.35,1.4000000000000001,0.0014524200236348884,2.000874785695892e-05
AcH2_225,1.4000000000000001,1.4500000000000002,0.0011473584144034196,3.131047864179471e-06
AcH2_225,1.4500000000000002,1.5,0.0011703000510965493,0.0
AcH2_225,1.5,1.55,0.0009075224818629328,0.0
AcH2_225,1.55,1.6,0.0008604974168158481,0.0
AcH2_225,1.6,1.6500000000000001,0.0005324831062541086,0.0
AcH2_225,1.6500000000000001,1.7000000000000002,0.000497848691336384,0.0
AcH2_225,1.7000000000000002,1.75,0.00019057119873653808,6.422669583084762e-07
AcH2_225,1.75,1.8,0.00010455053538594618,3.950630598007254e-05
AcH2_225,1.8,1.85,2.3676605225955004e-05,0.000199054170592984
AcH2_225,1.85,1.9000000000000001,3.0682030045308017e-06,0.00037581042945513234
AcH2_225,1.9000000000000001,1.9500000000000002,0.0,0.0006714692343531227
AcH2_225,1.9500000000000002,2.0,0.0,0.0008403282345304257
AcH2_225,2.0,2.0500000000000003,0.0,0.001167498426922463
AcH2_225,2.0500000000000003,2.1,0.0,0.001266804003498497
AcH2_225,2.1,2.15,0.0,0.001454562381195271
AcH2_225,2.15,2.2,0.0,0.0018685122538822112
AcH2_225,2.2,2.25,0.0,0.002023148520451334
AcH2_225,2.25,2.3000000000000003,0.0,0.002086298609685784
AcH2_225,2.3000000000000003,2.35,0.0,0.0021716752692019837
AcH2_225,2.35,2.4000000000000004,0.0,0.0020294830892461464
AcH2_225,2.4000000000000004,2.45,0.0,0.002281175657809579
AcH2_225,2.45,2.5,0.0,0.002225321327582429
AcH2_225,2.5,2.5500000000000003,0.0,0.0019634673740891086
AcH2_225,2.5500000000000003,2.6,0.0,0.0019350895621635179
AcH2_225,2.6,2.6500000000000004,0.0,0.0016922700434194938
AcH2_225,2.6500000000000004,2.7,0.0,0.0014447359161829808
AcH2_225,2.7,2.75,0.0,0.0011780776553676504
AcH2_225,2.75,2.8000000000000003,0.0,0.0010375935622776726
AcH2_225,2.8000000000000003,2.85,0.0,0.0008767451427931514
AcH2_225,2.85,2.9000000000000004,0.0,0.000713787947940808
AcH2_225,2.9000000000000004,2.95,0.0,0.0006310798601368668
AcH2_225,2.95,3.0,0.0,0.000648000803113171
ThCo_63,0.0,0.05,0.0002706555062330233,0.0010146800290340924
ThCo_63,0.05,0.1,0.0002633660085067622,0.0024128688411089324
ThCo_63,0.1,0.15000000000000002,0.00014946655230974973,0.007048264239912516
ThCo_63,0.15000000000000002,0.2,0.0003096756562043519,0.012711456043982413
ThCo_63,0.2,0.25,0.0,0.020193181692911375
ThCo_63,0.25,0.30000000000000004,0.0018045702415805942,0.011704158549220784
ThCo_63,0.30000000000000004,0.35000000000000003,0.013004996601431711,0.004199517290002851
ThCo_63,0.35000000000000003,0.4,0.019231145387005506,0.00013356929987181018
ThCo_63,0.4,0.45,0.019877577098693498,0.0
ThCo_63,0.45,0.5,0.015267844358410818,0.0
ThCo_63,0.5,0.55,0.009836208027800698,0.000851828011402459
ThCo_63,0.55,0.6000000000000001,0.008349950469364584,0.00401496172601405
ThCo_63,0.6000000000000001,0.65,0.0060301095736575395,0.005423263042536124
ThCo_63,0.65,0.7000000000000001,0.0037620861446917174,0.0054426343589927964
ThCo_63,0.7000000000000001,0.75,0.0018549794396251827,0.005074855920154572
ThCo_63,0.75,0.8,0.0009203010038726649,0.00488412132617382
ThCo_63,0.8,0.8500000000000001,0.0007542564480449318,0.0045375616990722305
ThCo_63,0.8500000000000001,0.9,0.0009071395598843396,0.0038821017800996296
ThCo_63,0.9,0.9500000000000001,0.0010264577465310732,0.003273811355829226
ThCo_63,0.9500000000000001,1.0,0.0010421596948021112,0.0026191528260975524
ThCo_63,1.0,1.05,0.0010275288597616002,0.0021175005957670416
ThCo_63,1.05,1.1,0.0009929077183736305,0.0016853651549629065
ThCo_63,1.1,1.1500000000000001,0.0008703476059614111,0.0013522549446269843
ThCo_63,1.1500000000000001,1.2000000000000002,0.0006941801545961538,0.0011624055471737785
ThCo_63,1.2000000000000002,1.25,0.0005222163061986222,0.0009350416862154978
ThCo_63,1.25,1.3,0.0003541001720324118,0.0007301119092947933
ThCo_63,1.3,1.35,0.00019875921645344115,0.0005140989859964041
ThCo_63,1.35,1.4000000000000001,8.446207805274952e-05,0.00039933651911070627
ThCo_63,1.4000000000000001,1.4500000000000002,2.0353196184452205e-05,0.0002958342507155769
ThCo_63,1.4500000000000002,1.5,1.0773115724580897e-06,0.00022056115957647338
ThCo_63,1.5,1.55,3.7083556306694154e-10,0.0001343914135701169
ThCo_63,1.55,1.6,0.0,9.053195226110784e-05
ThCo_63,1.6,1.6500000000000001,0.0,5.9697339029500784e-05
ThCo_63,1.6500000000000001,1.7000000000000002,0.0,3.4277393359445864e-05
ThCo_63,1.7000000000000002,1.75,0.0,2.1784444744250274e-05
ThCo_63,1.75,1.8,0.0,6.66579679043443e-06
ThCo_63,1.8,1.85,0.0,1.706674919421767e-06
ThCo_63,1.85,1.9000000000000001,0.0,2.944394428640532e-07
ThCo_63,1.9000000000000001,1.9500000000000002,0.0,0.0
ThCo_63,1.9500000000000002,2.0,0.0,0.0
ThCo_63,2.0,2.0500000000000003,0.0,0.0
ThCo_63,2.0500000000000003,2.1,0.0,0.0
ThCo_63,2.1,2.15,0.0,0.0
ThCo_63,2.15,2.2,0.0,0.0
ThCo_63,2.2,2.25,0.0,0.0
ThCo_63,2.25,2.3000000000000003,0.0,0.0
ThCo_63,2.3000000000000003,2.35,0.0,0.0
ThCo_63,2.35,2.4000000000000004,0.0,0.0
ThCo_63,2.4000000000000004,2.45,0.0,0.0
ThCo_63,2.45,2.5,0.0,0.0
ThCo_63,2.5,2.5500000000000003,0.0,0.0
ThCo_63,2.5500000000000003,2.6,0.0,0.0
ThCo_63,2.6,2.6500000000000004,0.0,0.0
ThCo_63,2.6500000000000004,2.7,0.0,0.0
ThCo_63,2.7,2.75,0.0,0.0
ThCo_63,2.75,2.8000000000000003,0.0,0.0
ThCo_63,2.8000000000000003,2.85,0.0,0.0
ThCo_63,2.85,2.9000000000000004,0.0,0.0
ThCo_63,2.9000000000000004,2.95,0.0,0.0
ThCo_63,2.95,3.0,0.0,0.0
Ca(SiNi)2_139,0.0,0.05,0.0,0.003280841786484147
Ca(SiNi)2_139,0.05,0.1,0.0008081961410652933,0.003536216814047969
Ca(SiNi)2_139,0.1,0.15000000000000002,0.0040312112627065525,0.007035866454623357
Ca(SiNi)2_139,0.15000000000000002,0.2,0.005754187524840065,0.017044244313614954
Ca(SiNi)2_139,0.2,0.25,0.0018481603522145875,0.017777069224726202
Ca(SiNi)2_139,0.25,0.30000000000000004,0.0,0.012710069423065639
Ca(SiNi)2_139,0.30000000000000004,0.35000000000000003,0.0005890875407677355,0.005911929183791041
Ca(SiNi)2_139,0.35000000000000003,0.4,0.0071878961515253635,0.0024249781510848846
Ca(SiNi)2_139,0.4,0.45,0.012081583002372494,0.0004776680726979235
Ca(SiNi)2_139,0.45,0.5,0.0144269165274772,0.0
Ca(SiNi)2_139,0.5,0.55,0.013122554265834795,0.0
Ca(SiNi)2_139,0.55,0.6000000000000001,0.008637373155086408,2.48240029617903e-05
Ca(SiNi)2_139,0.6000000000000001,0.65,0.0039753513125599296,0.0001904170911264023
Ca(SiNi)2_139,0.65,0.7000000000000001,0.0008788948987029126,0.001020766994227096
Ca(SiNi)2_139,0.7000000000000001,0.75,0.00018887882349009444,0.0021902765552161267
Ca(SiNi)2_139,0.75,0.8,0.00030362909672640545,0.002232231807482277
Ca(SiNi)2_139,0.8,0.8500000000000001,0.0006522042173515455,0.0018813838102169115
Ca(SiNi)2_139,0.8500000000000001,0.9,0.001011264992255471,0.0016810628646449887
Ca(SiNi)2_139,0.9,0.9500000000000001,0.0013089871100829327,0.0016123748066227644
Ca(SiNi)2_139,0.9500000000000001,1.0,0.0013239302816308275,0.0014367365098618076
Ca(SiNi)2_139,1.0,1.05,0.0012895403101083535,0.0010891905667192807
Ca(SiNi)2_139,1.05,1.1,0.0013600519227467175,0.0007938211402628048
Ca(SiNi)2_139,1.1,1.1500000000000001,0.0014467118469324686,0.0005949391012996002
Ca(SiNi)2_139,1.1500000000000001,1.2000000000000002,0.001259326326005043,0.0004969897948587794
Ca(SiNi)2_139,1.2000000000000002,1.25,0.0010102309846153506,0.00046078843007086673
Ca(SiNi)2_139,1.25,1.3,0.000794651855719943,0.0004027927045314226
Ca(SiNi)2_139,1.3,1.35,0.0006148980993311989,0.00033212667185908754
Ca(SiNi)2_139,1.35,1.4000000000000001,0.0004187183798271147,0.00026846221551680695
Ca(SiNi)2_139,1.4000000000000001,1.4500000000000002,0.00027886736139691963,0.0002117665932878097
Ca(SiNi)2_139,1.4500000000000002,1.5,0.00017156366860468194,0.00016879388277672749
Ca(SiNi)2_139,1.5,1.55,9.011210628788489e-05,0.00017109654939347744
Ca(SiNi)2_139,1.55,1.6,3.7734543306755706e-05,0.0001561103768597541
Ca(SiNi)2_139,1.6,1.6500000000000001,8.634308010477135e-06,0.00013926250042519723
Ca(SiNi)2_139,1.6500000000000001,1.7000000000000002,5.319162257997448e-07,0.00012555140612966603
Ca(SiNi)2_139,1.7000000000000002,1.75,0.0,0.00010851123730447917
Ca(SiNi)2_139,1.75,1.8,0.0,6.652353114907434e-05
Ca(SiNi)2_139,1.8,1.85,0.0,5.072950264129824e-05
Ca(SiNi)2_139,1.85,1.9000000000000001,0.0,3.5763319724008454e-05
Ca(SiNi)2_139,1.9000000000000001,1.9500000000000002,0.0,1.9739368680160852e-05
Ca(SiNi)2_139,1.9500000000000002,2.0,0.0,7.69237569891524e-06
Ca(SiNi)2_139,2.0,2.0500000000000003,0.0,0.0
Ca(SiNi)2_139,2.0500000000000003,2.1,0.0,0.0
Ca(SiNi)2_139,2.1,2.15,0.0,0.0
Ca(SiNi)2_139,2.15,2.2,0.0,0.0
Ca(SiNi)2_139,2.2,2.25,0.0,0.0
Ca(SiNi)2_139,2.25,2.3000000000000003,0.0,0.0
Ca(SiNi)2_139,2.3000000000000003,2.35,0.0,0.0
Ca(SiNi)2_139,2.35,2.4000000000000004,0.0,0.0
Ca(SiNi)2_139,2.4000000000000004,2.45,0.0,0.0
Ca(SiNi)2_139,2.45,2.5,0.0,0.0
Ca(SiNi)2_139,2.5,2.5500000000000003,0.0,0.0
Ca(SiNi)2_139,2.5500000000000003,2.6,0.0,0.0
Ca(SiNi)2_139,2.6,2.6500000000000004,0.0,0.0
Ca(SiNi)2_139,2.6500000000000004,2.7,0.0,0.0
Ca(SiNi)2_139,2.7,2.75,0.0,0.0
Ca(SiNi)2_139,2.75,2.8000000000000003,0.0,0.0
Ca(SiNi)2_139,2.8000000000000003,2.85,0.0,0.0
Ca(SiNi)2_139,2.85,2.9000000000000004,0.0,0.0
Ca(SiNi)2_139,2.9000000000000004,2.95,0.0,0.0
Ca(SiNi)2_139,2.95,3.0,0.0,0.0
CaZnGe_194,0.0,0.05,0.0005182871798727397,0.0027758351654584863
CaZnGe_194,0.05,0.1,1.0586390935420146e-05,0.006075818360475807
CaZnGe_194,0.1,0.15000000000000002,0.00548671853221683,0.014380513736531611
CaZnGe_194,0.15000000000000002,0.2,0.009585452669017084,0.01818103203977859
CaZnGe_194,0.2,0.25,0.0024053158110817537,0.02189632542268448
CaZnGe_194,0.25,0.30000000000000004,0.0,0.013646926396789345
CaZnGe_194,0.30000000000000004,0.35000000000000003,0.0020843058808712187,0.006313003427165274
CaZnGe_194,0.35000000000000003,0.4,0.010763632537660687,0.0036425611942320414
CaZnGe_194,0.4,0.45,0.014533778341236476,0.0006582116336082195
CaZnGe_194,0.45,0.5,0.016522545305774915,0.0
CaZnGe_194,0.5,0.55,0.012841887350966433,0.0
CaZnGe_194,0.55,0.6000000000000001,0.008253826684895774,5.1370317166811516e-05
CaZnGe_194,0.6000000000000001,0.65,0.0027761245631740387,0.0001680476725619382
CaZnGe_194,0.65,0.7000000000000001,0.0001512367062124012,0.0013474728858228256
CaZnGe_194,0.7000000000000001,0.75,0.00023241577825922164,0.002652395517915012
CaZnGe_194,0.75,0.8,0.0005091954866706185,0.002254239503854086
CaZnGe_194,0.8,0.8500000000000001,0.0009164100063074191,0.0016911838223784082
CaZnGe_194,0.8500000000000001,0.9,0.0014104555587093226,0.0014810923443928843
CaZnGe_194,0.9,0.9500000000000001,0.0018420079876358126,0.0013667128786497551
CaZnGe_194,0.9500000000000001,1.0,0.002241460906794218,0.0012491836773056934
CaZnGe_194,1.0,1.05,0.002419045875147067,0.001106330248209694
CaZnGe_194,1.05,1.1,0.002174745979422248,0.0008943831760389085
CaZnGe_194,1.1,1.1500000000000001,0.0018995305800314903,0.0007127595069360542
CaZnGe_194,1.1500000000000001,1.2000000000000002,0.001632281457753384,0.0005828937716824372
CaZnGe_194,1.2000000000000002,1.25,0.0013419029282149837,0.0004761777537497449
CaZnGe_194,1.25,1.3,0.0011164593872126122,0.00040323206540184426
CaZnGe_194,1.3,1.35,0.0008013560080433422,0.0003228972166592729
CaZnGe_194,1.35,1.4000000000000001,0.0005027661723765866,0.00021959244509018555
CaZnGe_194,1.4000000000000001,1.4500000000000002,0.000279920846768275,0.00020600601621462738
CaZnGe_194,1.4500000000000002,1.5,0.0001440337454496295,0.00019591603071841547
CaZnGe_194,1.5,1.55,7.596922035013418e-05,0.00017204667467655513
CaZnGe_194,1.55,1.6,2.8903947116099297e-05,0.0001443085890970926
CaZnGe_194,1.6,1.6500000000000001,5.219033166014233e-06,9.752999412532745e-05
CaZnGe_194,1.6500000000000001,1.7000000000000002,1.5890290649220222e-07,5.7950208486063265e-05
CaZnGe_194,1.7000000000000002,1.75,0.0,2.5899111855915088e-05
CaZnGe_194,1.75,1.8,0.0,2.4103705889789446e-06
CaZnGe_194,1.8,1.85,0.0,0.0
CaZnGe_194,1.85,1.9000000000000001,0.0,0.0
CaZnGe_194,1.9000000000000001,1.9500000000000002,0.0,0.0
CaZnGe_194,1.9500000000000002,2.0,0.0,0.0
CaZnGe_194,2.0,2.0500000000000003,0.0,0.0
CaZnGe_194,2.0500000000000003,2.1,0.0,0.0
CaZnGe_194,2.1,2.15,0.0,0.0
CaZnGe_194,2.15,2.2,0.0,0.0
CaZnGe_194,2.2,2.25,0.0,0.0
CaZnGe_194,2.25,2.3000000000000003,0.0,0.0
CaZnGe_194,2.3000000000000003,2.35,0.0,0.0
CaZnGe_194,2.35,2.4000000000000004,0.0,0.0
CaZnGe_194,2.4000000000000004,2.45,0.0,0.0
CaZnGe_194,2.45,2.5,0.0,0.0
CaZnGe_194,2.5,2.5500000000000003,0.0,0.0
CaZnGe_194,2.5500000000000003,2.6,0.0,0.0
CaZnGe_194,2.6,2.6500000000000004,0.0,0.0
CaZnGe_194,2.6500000000000004,2.7,0.0,0.0
CaZnGe_194,2.7,2.75,0.0,0.0
CaZnGe_194,2.75,2.8000000000000003,0.0,0.0
CaZnGe_194,2.8000000000000003,2.85,0.0,0.0
CaZnGe_194,2.85,2.9000000000000004,0.0,0.0
CaZnGe_194,2.9000000000000004,2.95,0.0,0.0
CaZnGe_194,2.95,3.0,0.0,0.0
LaYbS3_63,0.0,0.05,4.254297655908977e-05,0.006153913126859049
LaYbS3_63,0.05,0.1,0.0,0.012460555824144199
LaYbS3_63,0.1,0.15000000000000002,8.245190495577662e-06,0.037928718731976174
LaYbS3_63,0.15000000000000002,0.2,0.0,0.03680115634287504
LaYbS3_63,0.2,0.25,4.727170350189716e-05,0.015394761271037167
LaYbS3_63,0.25,0.30000000000000004,0.008642540840008818,0.00016078812321772097
LaYbS3_63,0.30000000000000004,0.35000000000000003,0.02080701970044875,0.0
LaYbS3_63,0.35000000000000003,0.4,0.02265596478226639,0.0
LaYbS3_63,0.4,0.45,0.020237203306751765,0.0
LaYbS3_63,0.45,0.5,0.016076257419389135,0.00029494329948095277
LaYbS3_63,0.5,0.55,0.011710219776680532,0.0011045216807769197
LaYbS3_63,0.55,0.6000000000000001,0.0069112818798209765,0.0012279778420616447
LaYbS3_63,0.6000000000000001,0.65,0.002866475614693589,0.0010081390632052094
LaYbS3_63,0.65,0.7000000000000001,0.0005361663884935764,0.0010206002590853838
LaYbS3_63,0.7000000000000001,0.75,0.000520552847461195,0.0017373748041145229
LaYbS3_63,0.75,0.8,0.0008719442943402341,0.001674193864852475
LaYbS3_63,0.8,0.8500000000000001,0.0012418581649614817,0.001492119374221172
LaYbS3_63,0.8500000000000001,0.9,0.0015667604558289156,0.0013525378782797833
LaYbS3_63,0.9,0.9500000000000001,0.0017332099672925897,0.0012601239458386543
LaYbS3_63,0.9500000000000001,1.0,0.0017250996422211475,0.001181468823970437
LaYbS3_63,1.0,1.05,0.0016992284517886181,0.0011186528168259401
LaYbS3_63,1.05,1.1,0.0017122787286062856,0.001060354648193973
LaYbS3_63,1.1,1.1500000000000001,0.0016996905096256642,0.0009698646109380521
LaYbS3_63,1.1500000000000001,1.2000000000000002,0.0016887762078757317,0.0008345291203592612
LaYbS3_63,1.2000000000000002,1.25,0.0015779451755386284,0.000662369973017118
LaYbS3_63,1.25,1.3,0.0014486115494118136,0.0004746706996093884
LaYbS3_63,1.3,1.35,0.001237103260525711,0.00029991083302756443
LaYbS3_63,1.35,1.4000000000000001,0.0009493534854060064,0.00017789519683661462
LaYbS3_63,1.4000000000000001,1.4500000000000002,0.0006306583415253991,0.00013150032428013546
LaYbS3_63,1.4500000000000002,1.5,0.0003661602303806705,0.00011709502875144115
LaYbS3_63,1.5,1.55,0.00016335336637162578,0.00019816159750795428
LaYbS3_63,1.55,1.6,4.4372645061606155e-05,0.00034220217454079317
LaYbS3_63,1.6,1.6500000000000001,4.510293449336002e-06,0.0005096222913921754
LaYbS3_63,1.6500000000000001,1.7000000000000002,5.4718173982110795e-09,0.0006676531343091864
LaYbS3_63,1.7000000000000002,1.75,0.0,0.0007723679546130946
LaYbS3_63,1.75,1.8,0.0,0.0008350497752292113
LaYbS3_63,1.8,1.85,0.0,0.0008278323808566809
LaYbS3_63,1.85,1.9000000000000001,0.0,0.0007650004517025446
LaYbS3_63,1.9000000000000001,1.9500000000000002,0.0,0.0006785363284976243
LaYbS3_63,1.9500000000000002,2.0,0.0,0.000556631459911806
LaYbS3_63,2.0,2.0500000000000003,0.0,0.0004258352445792809
LaYbS3_63,2.0500000000000003,2.1,0.0,0.00031597615289213925
LaYbS3_63,2.1,2.15,0.0,0.00021376644908327992
LaYbS3_63,2.15,2.2,0.0,0.00010342734370501569
LaYbS3_63,2.2,2.25,0.0,3.2093831436059675e-05
LaYbS3_63,2.25,2.3000000000000003,0.0,6.375602926584833e-06
LaYbS3_63,2.3000000000000003,2.35,0.0,1.6290579206880274e-07
LaYbS3_63,2.35,2.4000000000000004,0.0,0.0
LaYbS3_63,2.4000000000000004,2.45,0.0,0.0
LaYbS3_63,2.45,2.5,0.0,0.0
LaYbS3_63,2.5,2.5500000000000003,0.0,0.0
LaYbS3_63,2.5500000000000003,2.6,0.0,0.0
LaYbS3_63,2.6,2.6500000000000004,0.0,0.0
LaYbS3_63,2.6500000000000004,2.7,0.0,0.0
LaYbS3_63,2.7,2.75,0.0,0.0
LaYbS3_63,2.75,2.8000000000000003,0.0,0.0
LaYbS3_63,2.8000000000000003,2.85,0.0,0.0
LaYbS3_63,2.85,2.9000000000000004,0.0,0.0
LaYbS3_63,2.9000000000000004,2.95,0.0,0.0
LaYbS3_63,2.95,3.0,0.0,0.0
CaGePt_62,0.0,0.05,0.0,0.003263266133287699
CaGePt_62,0.05,0.1,0.0006410046709596887,0.0066069461048481985
CaGePt_62,0.1,0.15000000000000002,0.006475734847696911,0.0036799663141108816
CaGePt_62,0.15000000000000002,0.2,0.012455389220075417,0.0021122865653085375
CaGePt_62,0.2,0.25,0.012878951181213455,0.0018195654174551952
CaGePt_62,0.25,0.30000000000000004,0.008615570868786846,0.004657395077166547
CaGePt_62,0.30000000000000004,0.35000000000000003,0.0016987346300244646,0.00679820837502055
CaGePt_62,0.35000000000000003,0.4,0.0010525157999358335,0.010840358299005077
CaGePt_62,0.4,0.45,0.0011753139533550914,0.010341161559481222
CaGePt_62,0.45,0.5,0.002466116780197006,0.008874941383062426
CaGePt_62,0.5,0.55,0.00278001254603446,0.006664921368730316
CaGePt_62,0.55,0.6000000000000001,0.0020304153753465753,0.0038708839638927376
CaGePt_62,0.6000000000000001,0.65,0.0006469674485872876,0.0017822692691151613
CaGePt_62,0.65,0.7000000000000001,0.0006371659997938491,0.0015183107554407986
CaGePt_62,0.7000000000000001,0.75,0.0015141903340710563,0.0020515142846847137
CaGePt_62,0.75,0.8,0.0022075159238845263,0.0019246304296285984
CaGePt_62,0.8,0.8500000000000001,0.0028377616559626655,0.0016593860997256083
CaGePt_62,0.8500000000000001,0.9,0.00360037224220304,0.001472971435809032
CaGePt_62,0.9,0.9500000000000001,0.004130321223187906,0.001334865964097637
CaGePt_62,0.9500000000000001,1.0,0.004311394203862255,0.0012123249125393556
CaGePt_62,1.0,1.05,0.004068928397849797,0.0010173547876151075
CaGePt_62,1.05,1.1,0.003608673551643286,0.0008884614955760161
CaGePt_62,1.1,1.1500000000000001,0.002770726486585882,0.0007995502174819098
CaGePt_62,1.1500000000000001,1.2000000000000002,0.001992563011027436,0.000586027945202553
CaGePt_62,1.2000000000000002,1.25,0.0012871239759378046,0.0002868083616726996
CaGePt_62,1.25,1.3,0.0007652834060854056,0.0002044471627527294
CaGePt_62,1.3,1.35,0.0004372838723828105,0.00014487026898917372
CaGePt_62,1.35,1.4000000000000001,0.00024155667725546178,0.0001283438738718214
CaGePt_62,1.4000000000000001,1.4500000000000002,0.00011038695430189679,0.00011472719960151929
CaGePt_62,1.4500000000000002,1.5,3.866339659233099e-05,0.00010444361666267997
CaGePt_62,1.5,1.55,8.28883005811978e-06,8.547111729932612e-05
CaGePt_62,1.55,1.6,4.0062917231879464e-07,6.016163187957908e-05
CaGePt_62,1.6,1.6500000000000001,0.0,2.923463456170307e-05
CaGePt_62,1.6500000000000001,1.7000000000000002,0.0,1.7662023187093025e-05
CaGePt_62,1.7000000000000002,1.75,0.0,9.093421775349466e-06
CaGePt_62,1.75,1.8,0.0,4.1716493186306935e-06
CaGePt_62,1.8,1.85,0.0,1.4042528572756387e-06
CaGePt_62,1.85,1.9000000000000001,0.0,0.0
CaGePt_62,1.9000000000000001,1.9500000000000002,0.0,0.0
CaGePt_62,1.9500000000000002,2.0,0.0,0.0
CaGePt_62,2.0,2.0500000000000003,0.0,0.0
CaGePt_62,2.0500000000000003,2.1,0.0,0.0
CaGePt_62,2.1,2.15,0.0,0.0
CaGePt_62,2.15,2.2,0.0,0.0
CaGePt_62,2.2,2.25,0.0,0.0
CaGePt_62,2.25,2.3000000000000003,0.0,0.0
CaGePt_62,2.3000000000000003,2.35,0.0,0.0
CaGePt_62,2.35,2.4000000000000004,0.0,0.0
CaGePt_62,2.4000000000000004,2.45,0.0,0.0
CaGePt_62,2.45,2.5,0.0,0.0
CaGePt_62,2.5,2.5500000000000003,0.0,0.0
CaGePt_62,2.5500000000000003,2.6,0.0,0.0
CaGePt_62,2.6,2.6500000000000004,0.0,0.0
CaGePt_62,2.6500000000000004,2.7,0.0,0.0
CaGePt_62,2.7,2.75,0.0,0.0
CaGePt_62,2.75,2.8000000000000003,0.0,0.0
CaGePt_62,2.8000000000000003,2.85,0.0,0.0
CaGePt_62,2.85,2.9000000000000004,0.0,0.0
CaGePt_62,2.9000000000000004,2.95,0.0,0.0
CaGePt_62,2.95,3.0,0.0,0.0
NiPt_123,0.0,0.05,0.0,0.0036311956851958994
NiPt_123,0.05,0.1,0.0013424846597372316,0.0004137354772174794
NiPt_123,0.1,0.15000000000000002,0.0,0.009280738464570096
NiPt_123,0.15000000000000002,0.2,0.0028248762117942983,0.012831752932780723
NiPt_123,0.2,0.25,0.011738486739427048,0.014555059087440227
NiPt_123,0.25,0.30000000000000004,0.008953133820253117,0.00839740085647799
NiPt_123,0.30000000000000004,0.35000000000000003,0.0018422993543374365,0.002713024996249974
NiPt_123,0.35000000000000003,0.4,0.005997606191662643,0.007268219410893877
NiPt_123,0.4,0.45,0.010665573653216158,0.011084219920790297
NiPt_123,0.45,0.5,0.011280669081446893,0.01022746158714147
NiPt_123,0.5,0.55,0.009780120940377455,0.007390980792503626
NiPt_123,0.55,0.6000000000000001,0.006651805868191319,0.004408886437599285
NiPt_123,0.6000000000000001,0.65,0.0029735873353714916,0.0018366774073530938
NiPt_123,0.65,0.7000000000000001,0.0006115662068349268,0.0004984441799600632
NiPt_123,0.7000000000000001,0.75,0.0007382549513633825,0.0009325481370763669
NiPt_123,0.75,0.8,0.0013047973538296224,0.0007970126551253814
NiPt_123,0.8,0.8500000000000001,0.001790540687184215,0.00030614683510288423
NiPt_123,0.8500000000000001,0.9,0.00257271699146009,0.00012061130670279711
NiPt_123,0.9,0.9500000000000001,0.0030352816016430487,8.393487135013737e-05
NiPt_123,0.9500000000000001,1.0,0.003353103668088046,6.402150411045691e-05
NiPt_123,1.0,1.05,0.0027990008919850564,4.845514538613246e-05
NiPt_123,1.05,1.1,0.0021598441121579246,3.139009294685179e-05
NiPt_123,1.1,1.1500000000000001,0.0013030861960436969,1.5258304616929464e-05
NiPt_123,1.1500000000000001,1.2000000000000002,0.0008198286722613039,3.1874004774419874e-06
NiPt_123,1.2000000000000002,1.25,0.0005172582048449523,3.0724114702661036e-07
NiPt_123,1.25,1.3,0.00018770707398516916,0.0
NiPt_123,1.3,1.35,4.966012983261941e-05,0.0
NiPt_123,1.35,1.4000000000000001,1.940580083733597e-05,0.0
NiPt_123,1.4000000000000001,1.4500000000000002,7.463271104761342e-06,0.0
NiPt_123,1.4500000000000002,1.5,1.326341563286227e-06,0.0
NiPt_123,1.5,1.55,0.0,0.0
NiPt_123,1.55,1.6,0.0,0.0
NiPt_123,1.6,1.6500000000000001,0.0,0.0
NiPt_123,1.6500000000000001,1.7000000000000002,0.0,0.0
NiPt_123,1.7000000000000002,1.75,0.0,0.0
NiPt_123,1.75,1.8,0.0,0.0
NiPt_123,1.8,1.85,0.0,0.0
NiPt_123,1.85,1.9000000000000001,0.0,0.0
NiPt_123,1.9000000000000001,1.9500000000000002,0.0,0.0
NiPt_123,1.9500000000000002,2.0,0.0,0.0
NiPt_123,2.0,2.0500000000000003,0.0,0.0
NiPt_123,2.0500000000000003,2.1,0.0,0.0
NiPt_123,2.1,2.15,0.0,0.0
NiPt_123,2.15,2.2,0.0,0.0
NiPt_123,2.2,2.25,0.0,0.0
NiPt_123,2.25,2.3000000000000003,0.0,0.0
NiPt_123,2.3000000000000003,2.35,0.0,0.0
NiPt_123,2.35,2.4000000000000004,0.0,0.0
NiPt_123,2.4000000000000004,2.45,0.0,0.0
NiPt_123,2.45,2.5,0.0,0.0
NiPt_123,2.5,2.5500000000000003,0.0,0.0
NiPt_123,2.5500000000000003,2.6,0.0,0.0
NiPt_123,2.6,2.6500000000000004,0.0,0.0
NiPt_123,2.6500000000000004,2.7,0.0,0.0
NiPt_123,2.7,2.75,0.0,0.0
NiPt_123,2.75,2.8000000000000003,0.0,0.0
NiPt_123,2.8000000000000003,2.85,0.0,0.0
NiPt_123,2.85,2.9000000000000004,0.0,0.0
NiPt_123,2.9000000000000004,2.95,0.0,0.0
NiPt_123,2.95,3.0,0.0,0.0
Al2Pd_225,0.0,0.05,9.11045526370137e-05,0.0027284748190358962
Al2Pd_225,0.05,0.1,0.0,0.006810122040565879
Al2Pd_225,0.1,0.15000000000000002,0.004415133049761716,0.004662754757309123
Al2Pd_225,0.15000000000000002,0.2,0.01389187587229714,0.002439639229086089
Al2Pd_225,0.2,0.25,0.013509886257959701,0.0022153351039114616
Al2Pd_225,0.25,0.30000000000000004,0.0018324397565536302,0.0030850723226135256
Al2Pd_225,0.30000000000000004,0.35000000000000003,0.0,0.009198325388020503
Al2Pd_225,0.35000000000000003,0.4,0.00030537251141370787,0.013660072291830149
Al2Pd_225,0.4,0.45,0.0008500186193423678,0.011974862516179763
Al2Pd_225,0.45,0.5,0.0010208562783654133,0.009769367391441842
Al2Pd_225,0.5,0.55,0.0009622027852717741,0.0060646527461582665
Al2Pd_225,0.55,0.6000000000000001,0.0005411472601498766,0.003280936983193641
Al2Pd_225,0.6000000000000001,0.65,0.00013008265367275878,0.002158668703320693
Al2Pd_225,0.65,0.7000000000000001,2.4733480478453524e-05,0.0016112787950160682
Al2Pd_225,0.7000000000000001,0.75,0.00016442112861630388,0.0011465112013721345
Al2Pd_225,0.75,0.8,0.0013376309870740432,0.0012605916466531095
Al2Pd_225,0.8,0.8500000000000001,0.0026843365101938623,0.001494171307014315
Al2Pd_225,0.8500000000000001,0.9,0.0036647711271742957,0.0013349330608215927
Al2Pd_225,0.9,0.9500000000000001,0.004568053502327584,0.0011556518815864698
Al2Pd_225,0.9500000000000001,1.0,0.004646351697824524,0.0009379858929628503
Al2Pd_225,1.0,1.05,0.003971463455747182,0.0008212542823028149
Al2Pd_225,1.05,1.1,0.003817641754167052,0.0006223939875370559
Al2Pd_225,1.1,1.1500000000000001,0.003293527767502177,0.0005076176039948882
Al2Pd_225,1.1500000000000001,1.2000000000000002,0.0033554357188739265,0.000446451922728418
Al2Pd_225,1.2000000000000002,1.25,0.0033622819969168047,0.00035348741848615533
Al2Pd_225,1.25,1.3,0.0035647024996076373,0.0003076267248676676
Al2Pd_225,1.3,1.35,0.00356261432389292,0.000266777148027234
Al2Pd_225,1.35,1.4000000000000001,0.003545908686391932,0.0002639149965827375
Al2Pd_225,1.4000000000000001,1.4500000000000002,0.003150828509542823,0.0002072695730273814
Al2Pd_225,1.4500000000000002,1.5,0.002758802805102938,0.00020164803691436863
Al2Pd_225,1.5,1.55,0.002136614426901943,0.0002168401874470484
Al2Pd_225,1.55,1.6,0.001222828851624416,0.00019138813275746614
Al2Pd_225,1.6,1.6500000000000001,0.0006746478787473187,0.00022012151377431773
Al2Pd_225,1.6500000000000001,1.7000000000000002,0.0003862418910091194,0.00021017218512720337
Al2Pd_225,1.7000000000000002,1.75,0.0001948579296474639,0.000231044278141306
Al2Pd_225,1.75,1.8,0.00010702985678626771,0.0002538773590821979
Al2Pd_225,1.8,1.85,4.956995887953977e-05,0.00024993337371857495
Al2Pd_225,1.85,1.9000000000000001,1.688285196767454e-05,0.00029091794048767317
Al2Pd_225,1.9000000000000001,1.9500000000000002,2.8717052955519608e-06,0.00027502806098057895
Al2Pd_225,1.9500000000000002,2.0,6.241933444354542e-09,0.00027491104659984656
Al2Pd_225,2.0,2.0500000000000003,0.0,0.0002510462273796743
Al2Pd_225,2.0500000000000003,2.1,0.0,0.00023571329506584957
Al2Pd_225,2.1,2.15,0.0,0.00021922021415890093
Al2Pd_225,2.15,2.2,0.0,0.00016697903879725806
Al2Pd_225,2.2,2.25,0.0,0.00013816782585011748
Al2Pd_225,2.25,2.3000000000000003,0.0,9.219905292897701e-05
Al2Pd_225,2.3000000000000003,2.35,0.0,6.602926353015327e-05
Al2Pd_225,2.35,2.4000000000000004,0.0,4.5412458765110785e-05
Al2Pd_225,2.4000000000000004,2.45,0.0,1.5848039956997185e-05
Al2Pd_225,2.45,2.5,0.0,1.3539802443699821e-05
Al2Pd_225,2.5,2.5500000000000003,0.0,1.458116170491069e-06
Al2Pd_225,2.5500000000000003,2.6,0.0,2.434470621907679e-07
Al2Pd_225,2.6,2.6500000000000004,0.0,0.0
Al2Pd_225,2.6500000000000004,2.7,0.0,0.0
Al2Pd_225,2.7,2.75,0.0,0.0
Al2Pd_225,2.75,2.8000000000000003,0.0,0.0
Al2Pd_225,2.8000000000000003,2.85,0.0,0.0
Al2Pd_225,2.85,2.9000000000000004,0.0,0.0
Al2Pd_225,2.9000000000000004,2.95,0.0,0.0
Al2Pd_225,2.95,3.0,0.0,0.0
Y2Fe2Si2C_12,0.0,0.05,0.0002414553891655838,0.002411130167336157
Y2Fe2Si2C_12,0.05,0.1,0.001044732877451548,0.0012982567603102323
Y2Fe2Si2C_12,0.1,0.15000000000000002,0.0,0.006591085427191381
Y2Fe2Si2C_12,0.15000000000000002,0.2,0.006690541439272875,0.006182278856549897
Y2Fe2Si2C_12,0.2,0.25,0.015972754016463045,0.007880104219885404
Y2Fe2Si2C_12,0.25,0.30000000000000004,0.01125312836840157,0.0061699945637110854
Y2Fe2Si2C_12,0.30000000000000004,0.35000000000000003,0.002336371024788409,0.0032055953519639496
Y2Fe2Si2C_12,0.35000000000000003,0.4,0.0014458580684607216,0.005705534005267088
Y2Fe2Si2C_12,0.4,0.45,0.003936190784233737,0.008132807108795685
Y2Fe2Si2C_12,0.45,0.5,0.0052840194961088416,0.007160075664129433
Y2Fe2Si2C_12,0.5,0.55,0.0049507570772251005,0.004819649632214926
Y2Fe2Si2C_12,0.55,0.6000000000000001,0.003924634065048121,0.0027405093993612996
Y2Fe2Si2C_12,0.6000000000000001,0.65,0.0024913639550850114,0.001629570009939058
Y2Fe2Si2C_12,0.65,0.7000000000000001,0.001318033689355601,0.001478630115549289
Y2Fe2Si2C_12,0.7000000000000001,0.75,0.0008668311354449661,0.001836590716005796
Y2Fe2Si2C_12,0.75,0.8,0.0008518768869731975,0.002185012689428204
Y2Fe2Si2C_12,0.8,0.8500000000000001,0.0010819022245440238,0.00214478743909798
Y2Fe2Si2C_12,0.8500000000000001,0.9,0.0013309540896289799,0.0019924339487292007
Y2Fe2Si2C_12,0.9,0.9500000000000001,0.0015894993624252837,0.001783062154693796
Y2Fe2Si2C_12,0.9500000000000001,1.0,0.0016815745007164257,0.0015053122456741206
Y2Fe2Si2C_12,1.0,1.05,0.0017183347144079548,0.0012406536050192448
Y2Fe2Si2C_12,1.05,1.1,0.0018270874072763923,0.0009887214843641314
Y2Fe2Si2C_12,1.1,1.1500000000000001,0.0018893778361468174,0.0007588063648017451
Y2Fe2Si2C_12,1.1500000000000001,1.2000000000000002,0.0017220349207091278,0.0005355376927461171
Y2Fe2Si2C_12,1.2000000000000002,1.25,0.0014807657596286258,0.0003947622363750723
Y2Fe2Si2C_12,1.25,1.3,0.0012988235235222977,0.00023784811627905125
Y2Fe2Si2C_12,1.3,1.35,0.0011198966586258015,0.00012250215272416998
Y2Fe2Si2C_12,1.35,1.4000000000000001,0.0009162495007061786,8.301807147976712e-05
Y2Fe2Si2C_12,1.4000000000000001,1.4500000000000002,0.0007282916115768876,6.440056569310794e-05
Y2Fe2Si2C_12,1.4500000000000002,1.5,0.0005656379174832152,6.299002094187843e-05
Y2Fe2Si2C_12,1.5,1.55,0.00041950200046734945,7.911363574151865e-05
Y2Fe2Si2C_12,1.55,1.6,0.00028908867605649346,9.134364431753953e-05
Y2Fe2Si2C_12,1.6,1.6500000000000001,0.0001850693614357902,0.00010880854668619845
Y2Fe2Si2C_12,1.6500000000000001,1.7000000000000002,0.00011008647660439851,0.0001211311905227447
Y2Fe2Si2C_12,1.7000000000000002,1.75,6.988309493171721e-05,0.00013331930540972547
Y2Fe2Si2C_12,1.75,1.8,4.031734038228126e-05,0.0001238721286140926
Y2Fe2Si2C_12,1.8,1.85,2.300184352351035e-05,0.00011045682881004722
Y2Fe2Si2C_12,1.85,1.9000000000000001,1.2886112390519353e-05,9.514315386858476e-05
Y2Fe2Si2C_12,1.9000000000000001,1.9500000000000002,5.264640885592451e-06,8.811854917036702e-05
Y2Fe2Si2C_12,1.9500000000000002,2.0,2.779719112846899e-06,7.711833662794166e-05
Y2Fe2Si2C_12,2.0,2.0500000000000003,7.302531923911414e-07,6.574477330940142e-05
Y2Fe2Si2C_12,2.0500000000000003,2.1,3.1630583538767796e-07,5.6240936703883346e-05
Y2Fe2Si2C_12,2.1,2.15,1.8250087461491375e-09,4.723203246515544e-05
Y2Fe2Si2C_12,2.15,2.2,0.0,3.942711496521421e-05
Y2Fe2Si2C_12,2.2,2.25,0.0,3.0273007074440063e-05
Y2Fe2Si2C_12,2.25,2.3000000000000003,0.0,2.0912485460858513e-05
Y2Fe2Si2C_12,2.3000000000000003,2.35,0.0,1.6709966346357716e-05
Y2Fe2Si2C_12,2.35,2.4000000000000004,0.0,1.589619350471223e-05
Y2Fe2Si2C_12,2.4000000000000004,2.45,0.0,1.0254411905982501e-05
Y2Fe2Si2C_12,2.45,2.5,0.0,5.6571140093543316e-06
Y2Fe2Si2C_12,2.5,2.5500000000000003,0.0,3.2218768996115385e-06
Y2Fe2Si2C_12,2.5500000000000003,2.6,0.0,3.4646082165745433e-06
Y2Fe2Si2C_12,2.6,2.6500000000000004,0.0,1.8803038535973453e-06
Y2Fe2Si2C_12,2.6500000000000004,2.7,0.0,4.146028281561026e-07
Y2Fe2Si2C_12,2.7,2.75,0.0,0.0
Y2Fe2Si2C_12,2.75,2.8000000000000003,0.0,0.0
Y2Fe2Si2C_12,2.8000000000000003,2.85,0.0,0.0
Y2Fe2Si2C_12,2.85,2.9000000000000004,0.0,0.0
Y2Fe2Si2C_12,2.9000000000000004,2.95,0.0,0.0
Y2Fe2Si2C_12,2.95,3.0,0.0,0.0
RbAgO_139,0.0,0.05,0.0,0.0019039093376723108
RbAgO_139,0.05,0.1,0.0002504325087473858,0.008736198464271094
RbAgO_139,0.1,0.15000000000000002,0.0024382380227655955,0.003757668499823987
RbAgO_139,0.15000000000000002,0.2,0.018430174441786216,0.0
RbAgO_139,0.2,0.25,0.0193327607016885,0.0
RbAgO_139,0.25,0.30000000000000004,0.006928527686009605,0.0005777444339905938
RbAgO_139,0.30000000000000004,0.35000000000000003,0.00039933206428081696,0.007299020469530515
RbAgO_139,0.35000000000000003,0.4,7.870553531130368e-05,0.012816164439992766
RbAgO_139,0.4,0.45,8.750212450011739e-05,0.012379385932978184
RbAgO_139,0.45,0.5,0.00020575369471757801,0.007896786896233188
RbAgO_139,0.5,0.55,0.00038861924142756895,0.0033538889920601803
RbAgO_139,0.55,0.6000000000000001,0.0012515164145068215,0.000864882063649908
RbAgO_139,0.6000000000000001,0.65,0.0022203083073141063,0.0004012146668826566
RbAgO_139,0.65,0.7000000000000001,0.0020143738692078826,0.0004278126011965285
RbAgO_139,0.7000000000000001,0.75,0.00156134134965206,0.0007737837386581679
RbAgO_139,0.75,0.8,0.0014422272117516008,0.0011734665810668888
RbAgO_139,0.8,0.8500000000000001,0.001608070161242624,0.0012529826439249857
RbAgO_139,0.8500000000000001,0.9,0.0017347898329822839,0.0011556697690659392
RbAgO_139,0.9,0.9500000000000001,0.0017806798601000319,0.0011375140728905142
RbAgO_139,0.9500000000000001,1.0,0.0017328860572312082,0.0011519015801677802
RbAgO_139,1.0,1.05,0.0016340354363091195,0.0011342950915209354
RbAgO_139,1.05,1.1,0.001577504261636161,0.001039044285285987
RbAgO_139,1.1,1.1500000000000001,0.0014241654414983587,0.000872244398817671
RbAgO_139,1.1500000000000001,1.2000000000000002,0.0013122636547800149,0.0006894711536909406
RbAgO_139,1.2000000000000002,1.25,0.0011593040696801183,0.00059452733076895
RbAgO_139,1.25,1.3,0.0010599683957075116,0.0005256895535524398
RbAgO_139,1.3,1.35,0.0009378950130830252,0.0004357845137936427
RbAgO_139,1.35,1.4000000000000001,0.000835241445992868,0.00042863465769655694
RbAgO_139,1.4000000000000001,1.4500000000000002,0.0007285877590365598,0.0004330397947384067
RbAgO_139,1.4500000000000002,1.5,0.0006133706167381984,0.0004160219794784234
RbAgO_139,1.5,1.55,0.0005243204423637965,0.00039429753882278424
RbAgO_139,1.55,1.6,0.0004243424825192269,0.00034721898267283204
RbAgO_139,1.6,1.6500000000000001,0.00032593542481186365,0.00027561389455431725
RbAgO_139,1.6500000000000001,1.7000000000000002,0.00024250397928158855,0.00018910381047261131
RbAgO_139,1.7000000000000002,1.75,0.00016171499232864352,0.0001267546519435524
RbAgO_139,1.75,1.8,9.972614816845837e-05,9.77486850747908e-05
RbAgO_139,1.8,1.85,5.2988626946025045e-05,9.734214231504156e-05
RbAgO_139,1.85,1.9000000000000001,2.3163326610090957e-05,0.00011214247673421352
RbAgO_139,1.9000000000000001,1.9500000000000002,9.789645699398474e-06,0.00012958789000159295
RbAgO_139,1.9500000000000002,2.0,3.012347737154609e-06,0.0001468514928125736
RbAgO_139,2.0,2.0500000000000003,5.631849432640044e-07,0.0001608221206401944
RbAgO_139,2.0500000000000003,2.1,1.0924630996631769e-07,0.00016509375203474077
RbAgO_139,2.1,2.15,8.683228009093235e-09,0.0001649242163121054
RbAgO_139,2.15,2.2,0.0,0.0001588261516487194
RbAgO_139,2.2,2.25,0.0,0.0001466649577025558
RbAgO_139,2.25,2.3000000000000003,0.0,0.00012909094658112747
RbAgO_139,2.3000000000000003,2.35,0.0,0.00010943144164091155
RbAgO_139,2.35,2.4000000000000004,0.0,9.252527454541086e-05
RbAgO_139,2.4000000000000004,2.45,0.0,6.706003759764571e-05
RbAgO_139,2.45,2.5,0.0,4.916212265280754e-05
RbAgO_139,2.5,2.5500000000000003,0.0,3.6406972482865506e-05
RbAgO_139,2.5500000000000003,2.6,0.0,2.3524331572973458e-05
RbAgO_139,2.6,2.6500000000000004,0.0,1.5477943434136885e-05
RbAgO_139,2.6500000000000004,2.7,0.0,9.701540837116112e-06
RbAgO_139,2.7,2.75,0.0,4.288620311329411e-06
RbAgO_139,2.75,2.8000000000000003,0.0,1.5662854676132729e-06
RbAgO_139,2.8000000000000003,2.85,0.0,1.267846438354694e-07
RbAgO_139,2.85,2.9000000000000004,0.0,0.0
RbAgO_139,2.9000000000000004,2.95,0.0,0.0
RbAgO_139,2.95,3.0,0.0,0.0
W2C_162,0.0,0.05,0.0,0.002302155207958917
W2C_162,0.05,0.1,0.0003953578634552298,0.0014179729776747588
W2C_162,0.1,0.15000000000000002,0.0,0.004820578365362247
W2C_162,0.15000000000000002,0.2,0.0012665445498770383,0.001480864830792055
W2C_162,0.2,0.25,0.007807685031975873,0.0
W2C_162,0.25,0.30000000000000004,0.006673053994094859,0.0
W2C_162,0.30000000000000004,0.35000000000000003,0.00126076816877625,0.0019339141444276373
W2C_162,0.35000000000000003,0.4,0.0007639531824354878,0.00805390115918692
W2C_162,0.4,0.45,0.0006108070599604482,0.010928641091468749
W2C_162,0.45,0.5,0.00046074827269793506,0.011180988184735865
W2C_162,0.5,0.55,0.00044198982935928145,0.00896357738296827
W2C_162,0.55,0.6000000000000001,0.00044653554216757567,0.00646268393901701
W2C_162,0.6000000000000001,0.65,0.0006395563213089313,0.0042379811341955054
W2C_162,0.65,0.7000000000000001,0.0010282475975731426,0.0026910086482736565
W2C_162,0.7000000000000001,0.75,0.0017217802556573011,0.0017707330086830506
W2C_162,0.75,0.8,0.0021407958522293054,0.0011132400966008204
W2C_162,0.8,0.8500000000000001,0.0024462453669456237,0.0006719089911077015
W2C_162,0.8500000000000001,0.9,0.0032444434396719725,0.00039995799151270293
W2C_162,0.9,0.9500000000000001,0.003942431374599807,0.00023421350727345487
W2C_162,0.9500000000000001,1.0,0.004687762231682316,0.00013972580594434798
W2C_162,1.0,1.05,0.005232144651597776,7.124690356789055e-05
W2C_162,1.05,1.1,0.004702344657096396,3.5000424829185235e-05
W2C_162,1.1,1.1500000000000001,0.003733073929169542,2.2289367170914793e-05
W2C_162,1.1500000000000001,1.2000000000000002,0.002820813111122262,1.5750874150101425e-05
W2C_162,1.2000000000000002,1.25,0.00214037577512221,1.7345099123421728e-05
W2C_162,1.25,1.3,0.0019636189341064926,8.872947300768636e-06
W2C_162,1.3,1.35,0.0017930702977441931,6.414549163312358e-06
W2C_162,1.35,1.4000000000000001,0.0015077365434308884,2.628673229573639e-06
W2C_162,1.4000000000000001,1.4500000000000002,0.0012153426398449285,5.83319533222739e-07
W2C_162,1.4500000000000002,1.5,0.0009439551382210747,1.7944615335873934e-08
W2C_162,1.5,1.55,0.0007579897598783246,0.0
W2C_162,1.55,1.6,0.0005634075099595441,7.165104785387453e-08
W2C_162,1.6,1.6500000000000001,0.00045043717297035216,2.0690070175848224e-06
W2C_162,1.6500000000000001,1.7000000000000002,0.0003508994979559997,3.341360311704102e-06
W2C_162,1.7000000000000002,1.75,0.00025720957524729505,8.475042716839547e-06
W2C_162,1.75,1.8,0.0001938526868413443,1.1030267968826068e-05
W2C_162,1.8,1.85,0.00013908815886929702,1.1452821136902863e-05
W2C_162,1.85,1.9000000000000001,9.381945910303902e-05,8.148766512295797e-06
W2C_162,1.9000000000000001,1.9500000000000002,5.595185907992221e-05,5.616231788068346e-06
W2C_162,1.9500000000000002,2.0,3.350115212428714e-05,3.600648295681352e-06
W2C_162,2.0,2.0500000000000003,2.77144252619419e-05,4.899020718295345e-06
W2C_162,2.0500000000000003,2.1,1.383066576966007e-05,2.2891423304625294e-06
W2C_162,2.1,2.15,1.0001256087431178e-05,1.7690924750592424e-06
W2C_162,2.15,2.2,4.719481393349739e-06,2.8336949703372113e-06
W2C_162,2.2,2.25,2.8026195269492143e-06,0.0
W2C_162,2.25,2.3000000000000003,0.0,6.131229550843389e-07
W2C_162,2.3000000000000003,2.35,0.0,7.336772075763365e-08
W2C_162,2.35,2.4000000000000004,0.0,0.0
W2C_162,2.4000000000000004,2.45,0.0,0.0
W2C_162,2.45,2.5,0.0,0.0
W2C_162,2.5,2.5500000000000003,0.0,0.0
W2C_162,2.5500000000000003,2.6,0.0,0.0
W2C_162,2.6,2.6500000000000004,0.0,0.0
W2C_162,2.6500000000000004,2.7,0.0,0.0
W2C_162,2.7,2.75,0.0,0.0
W2C_162,2.75,2.8000000000000003,0.0,0.0
W2C_162,2.8000000000000003,2.85,0.0,0.0
W2C_162,2.85,2.9000000000000004,0.0,0.0
W2C_162,2.9000000000000004,2.95,0.0,0.0
W2C_162,2.95,3.0,0.0,0.0
LiCd_227,0.0,0.05,0.0,0.0049840775355949815
LiCd_227,0.05,0.1,0.0,0.01130759877892199
LiCd_227,0.1,0.15000000000000002,0.0035639851630684402,0.002356285424849936
LiCd_227,0.15000000000000002,0.2,0.02203552006125383,0.00026404014670689766
LiCd_227,0.2,0.25,0.018424175502587254,0.00019781315816523603
LiCd_227,0.25,0.30000000000000004,0.008718555935424475,0.00021424690614078748
LiCd_227,0.30000000000000004,0.35000000000000003,7.83439796019435e-06,0.008482094830233967
LiCd_227,0.35000000000000003,0.4,6.80910730110506e-05,0.014500601836797676
LiCd_227,0.4,0.45,0.00011402322802719863,0.014696053853759843
LiCd_227,0.45,0.5,0.00012820861067590762,0.008914591408603194
LiCd_227,0.5,0.55,0.00010829058563317521,0.003427765636722191
LiCd_227,0.55,0.6000000000000001,0.0005090417271013832,0.0004724227281042855
LiCd_227,0.6000000000000001,0.65,0.0015185603544234688,8.795294547042409e-07
LiCd_227,0.65,0.7000000000000001,0.001321452798330285,1.104390628141585e-05
LiCd_227,0.7000000000000001,0.75,0.00029373333614843245,9.696165502531728e-05
LiCd_227,0.75,0.8,2.2916627595155984e-06,0.0006621084528724133
LiCd_227,0.8,0.8500000000000001,5.7584305504777925e-06,0.0008919595083818712
LiCd_227,0.8500000000000001,0.9,1.4903397438714522e-05,0.00043689857000387436
LiCd_227,0.9,0.9500000000000001,7.2877708342205e-05,0.00014770921737990405
LiCd_227,0.9500000000000001,1.0,0.00024706159082537135,5.586149302987546e-05
LiCd_227,1.0,1.05,0.000520027607380743,3.0892025916885264e-05
LiCd_227,1.05,1.1,0.0008123856105424868,2.073195716065732e-05
LiCd_227,1.1,1.1500000000000001,0.0011985151515802376,1.671658631107875e-05
LiCd_227,1.1500000000000001,1.2000000000000002,0.0015187189380500591,1.3654382332817358e-05
LiCd_227,1.2000000000000002,1.25,0.0017880039629212172,1.3224647311470004e-05
LiCd_227,1.25,1.3,0.00182363914405098,1.083181363086277e-05
LiCd_227,1.3,1.35,0.001765406001797367,9.760225991344832e-06
LiCd_227,1.35,1.4000000000000001,0.0015779193039688244,3.158047782466424e-06
LiCd_227,1.4000000000000001,1.4500000000000002,0.0013142900635844785,0.0
LiCd_227,1.4500000000000002,1.5,0.0009289716410350711,0.0
LiCd_227,1.5,1.55,0.0007593399827031211,0.0
LiCd_227,1.55,1.6,0.0005251023152912875,0.0
LiCd_227,1.6,1.6500000000000001,0.0003273589055904999,0.0
LiCd_227,1.6500000000000001,1.7000000000000002,8.015004359561439e-05,0.0
LiCd_227,1.7000000000000002,1.75,6.380004732687953e-06,0.0
LiCd_227,1.75,1.8,0.0,0.0
LiCd_227,1.8,1.85,0.0,0.0
LiCd_227,1.85,1.9000000000000001,0.0,0.0
LiCd_227,1.9000000000000001,1.9500000000000002,0.0,0.0
LiCd_227,1.9500000000000002,2.0,0.0,0.0
LiCd_227,2.0,2.0500000000000003,0.0,0.0
LiCd_227,2.0500000000000003,2.1,0.0,0.0
LiCd_227,2.1,2.15,0.0,0.0
LiCd_227,2.15,2.2,0.0,0.0
LiCd_227,2.2,2.25,0.0,0.0
LiCd_227,2.25,2.3000000000000003,0.0,0.0
LiCd_227,2.3000000000000003,2.35,0.0,0.0
LiCd_227,2.35,2.4000000000000004,0.0,0.0
LiCd_227,2.4000000000000004,2.45,0.0,0.0
LiCd_227,2.45,2.5,0.0,0.0
LiCd_227,2.5,2.5500000000000003,0.0,0.0
LiCd_227,2.5500000000000003,2.6,0.0,0.0
LiCd_227,2.6,2.6500000000000004,0.0,0.0
LiCd_227,2.6500000000000004,2.7,0.0,0.0
LiCd_227,2.7,2.75,0.0,0.0
LiCd_227,2.75,2.8000000000000003,0.0,0.0
LiCd_227,2.8000000000000003,2.85,0.0,0.0
LiCd_227,2.85,2.9000000000000004,0.0,0.0
LiCd_227,2.9000000000000004,2.95,0.0,0.0
LiCd_227,2.95,3.0,0.0,0.0
H4IN_129,0.0,0.05,0.0,0.0026974996090011407
H4IN_129,0.05,0.1,7.58530867143638e-06,0.002424207868478657
H4IN_129,0.1,0.15000000000000002,9.107520510800284e-05,0.002688128644039556
H4IN_129,0.15000000000000002,0.2,0.0008063189019383349,0.0017297969905441383
H4IN_129,0.2,0.25,0.0014766038097640437,0.00526317280502264
H4IN_129,0.25,0.30000000000000004,0.0019951900729573186,0.00657411360985814
H4IN_129,0.30000000000000004,0.35000000000000003,0.0020965050957005345,0.0033671623327774275
H4IN_129,0.35000000000000003,0.4,0.0037432989185302097,6.997015804060282e-05
H4IN_129,0.4,0.45,0.007202197612380674,1.73649215217183e-05
H4IN_129,0.45,0.5,0.008878787443917124,4.458945049287031e-05
H4IN_129,0.5,0.55,0.008590777531363827,9.641398185224857e-05
H4IN_129,0.55,0.6000000000000001,0.007876284937925929,0.0001225788827203864
H4IN_129,0.6000000000000001,0.65,0.0062827702966983395,0.0001970521046435395
H4IN_129,0.65,0.7000000000000001,0.005667064916617211,0.0003244564981130176
H4IN_129,0.7000000000000001,0.75,0.005209435508160325,0.00042841463512230925
H4IN_129,0.75,0.8,0.0038228229887235696,0.0006615061236563012
H4IN_129,0.8,0.8500000000000001,0.004002360339710994,0.0006505776141399843
H4IN_129,0.8500000000000001,0.9,0.0035476300068388623,0.0009055591790230204
H4IN_129,0.9,0.9500000000000001,0.0035462274634002217,0.0010978848176400394
H4IN_129,0.9500000000000001,1.0,0.0025452956617691355,0.0010908702673555325
H4IN_129,1.0,1.05,0.0023770114186504247,0.0016123466045638102
H4IN_129,1.05,1.1,0.001917807949884351,0.001490295702954529
H4IN_129,1.1,1.1500000000000001,0.0015884844501400752,0.0017249619994258512
H4IN_129,1.1500000000000001,1.2000000000000002,0.0012993219494146129,0.001819494878718551
H4IN_129,1.2000000000000002,1.25,0.001006530748525431,0.0019245173967240051
H4IN_129,1.25,1.3,0.0007688373136765401,0.002074028417533689
H4IN_129,1.3,1.35,0.0006338030633055667,0.002170206176556029
H4IN_129,1.35,1.4000000000000001,0.0004934201298793735,0.002296531321011732
H4IN_129,1.4000000000000001,1.4500000000000002,0.00041639102828252504,0.0024461950933204707
H4IN_129,1.4500000000000002,1.5,0.0003383705299023906,0.0024020242233783098
H4IN_129,1.5,1.55,0.00024283339392311358,0.002498218284655035
H4IN_129,1.55,1.6,0.00015397699541444014,0.0025103454316424017
H4IN_129,1.6,1.6500000000000001,9.785686453344197e-05,0.002448707801274335
H4IN_129,1.6500000000000001,1.7000000000000002,5.320690420327736e-05,0.0025559870763386754
H4IN_129,1.7000000000000002,1.75,3.231916220382861e-05,0.0023245943936710586
H4IN_129,1.75,1.8,1.9787836828437205e-05,0.0024390429107674473
H4IN_129,1.8,1.85,1.1861186127442469e-05,0.002131626614644439
H4IN_129,1.85,1.9000000000000001,2.3862658832246377e-05,0.0021638758718281683
H4IN_129,1.9000000000000001,1.9500000000000002,3.124078659469744e-05,0.0020177332468521054
H4IN_129,1.9500000000000002,2.0,5.902267640160529e-05,0.001937686827217477
H4IN_129,2.0,2.0500000000000003,7.57580046925371e-05,0.001779035302060754
H4IN_129,2.0500000000000003,2.1,9.14532737590225e-05,0.0017288144464057335
H4IN_129,2.1,2.15,0.00013985006036245837,0.0016061928092108893
H4IN_129,2.15,2.2,0.00014259919821990618,0.0014389840021274483
H4IN_129,2.2,2.25,0.00019581065390236868,0.0014187954474328439
H4IN_129,2.25,2.3000000000000003,0.0002021682936535976,0.0012452851171372101
H4IN_129,2.3000000000000003,2.35,0.0001979692711634826,0.0012623295287840458
H4IN_129,2.35,2.4000000000000004,0.00016237938441934609,0.0010824450135465795
H4IN_129,2.4000000000000004,2.45,0.00017972486080338411,0.0010207344975483126
H4IN_129,2.45,2.5,0.00014498963841570533,0.0009517283149280199
H4IN_129,2.5,2.5500000000000003,0.00014673386147841635,0.0008633457409125854
H4IN_129,2.5500000000000003,2.6,0.00013778615461579167,0.0008253992161520013
H4IN_129,2.6,2.6500000000000004,0.00012864050234717302,0.0007098272569611015
H4IN_129,2.6500000000000004,2.7,0.000114065090464989,0.0006991867294251511
H4IN_129,2.7,2.75,0.00010195143896441694,0.0006157894050494564
H4IN_129,2.75,2.8000000000000003,9.443289127789619e-05,0.0005871629374166251
H4IN_129,2.8000000000000003,2.85,7.716711902711815e-05,0.0004732891221646771
H4IN_129,2.85,2.9000000000000004,7.114354476899153e-05,0.0004382297914321283
H4IN_129,2.9000000000000004,2.95,5.5609668259877667e-05,0.00036389351552233566
H4IN_129,2.95,3.0,5.073055631141993e-05,0.0002975186546795591
Na2Te_225,0.0,0.05,0.0,0.0076157571558627055
Na2Te_225,0.05,0.1,5.010910422575704e-06,0.002671134278035443
Na2Te_225,0.1,0.15000000000000002,0.0,0.003923916267615818
Na2Te_225,0.15000000000000002,0.2,0.0,0.0027584588525665084
Na2Te_225,0.2,0.25,0.0,0.008398673812775604
Na2Te_225,0.25,0.30000000000000004,0.0,0.011393648146603626
Na2Te_225,0.30000000000000004,0.35000000000000003,0.0,0.008004499963602486
Na2Te_225,0.35000000000000003,0.4,0.0010996905435000672,0.0010924969916928495
Na2Te_225,0.4,0.45,0.005617820361640185,3.063309239929227e-05
Na2Te_225,0.45,0.5,0.009375254567889735,9.788270474791223e-07
Na2Te_225,0.5,0.55,0.008949013865522914,8.609015542932541e-05
Na2Te_225,0.55,0.6000000000000001,0.007206874518561644,0.0003531603563779921
Na2Te_225,0.6000000000000001,0.65,0.005277705351519532,0.0006647884306953015
Na2Te_225,0.65,0.7000000000000001,0.0037684287029738123,0.0010888782197049224
Na2Te_225,0.7000000000000001,0.75,0.002913301377986732,0.0014229474986389272
Na2Te_225,0.75,0.8,0.002513602903297414,0.0019222553123645512
Na2Te_225,0.8,0.8500000000000001,0.002554196723237447,0.002241208750150072
Na2Te_225,0.8500000000000001,0.9,0.002682037888856255,0.0023359791596264416
Na2Te_225,0.9,0.9500000000000001,0.0032043450579026986,0.002512194911138069
Na2Te_225,0.9500000000000001,1.0,0.003474690273766187,0.0027373582231380875
Na2Te_225,1.0,1.05,0.00362178874281161,0.0025999067297085786
Na2Te_225,1.05,1.1,0.004270928918123869,0.0027519642431818796
Na2Te_225,1.1,1.1500000000000001,0.0043499008252788325,0.0025619658028953464
Na2Te_225,1.1500000000000001,1.2000000000000002,0.00511660734369001,0.002540141807056398
Na2Te_225,1.2000000000000002,1.25,0.004947436029799965,0.0025771055027182872
Na2Te_225,1.25,1.3,0.005182478046684912,0.002543972332465183
Na2Te_225,1.3,1.35,0.004949607985477688,0.002476165878251908
Na2Te_225,1.35,1.4000000000000001,0.004241488433723967,0.0024756042437644237
Na2Te_225,1.4000000000000001,1.4500000000000002,0.002980611034945079,0.0023725498092794423
Na2Te_225,1.4500000000000002,1.5,0.002228378365990601,0.0025626748392026336
Na2Te_225,1.5,1.55,0.0013724311574390504,0.0024519084087444897
Na2Te_225,1.55,1.6,0.0008062749739390914,0.0023649306953649096
Na2Te_225,1.6,1.6500000000000001,0.0003824923285307664,0.002044421863705607
Na2Te_225,1.6500000000000001,1.7000000000000002,0.00011434187108683333,0.001948077631851577
Na2Te_225,1.7000000000000002,1.75,1.655517754382954e-05,0.0017825159734979187
Na2Te_225,1.75,1.8,7.894486970853642e-07,0.0017186536740260187
Na2Te_225,1.8,1.85,0.0,0.001611819383878495
Na2Te_225,1.85,1.9000000000000001,0.0,0.0014796854309901371
Na2Te_225,1.9000000000000001,1.9500000000000002,0.0,0.001348371745467841
Na2Te_225,1.9500000000000002,2.0,0.0,0.0011818123109230136
Na2Te_225,2.0,2.0500000000000003,0.0,0.0010339050116932888
Na2Te_225,2.0500000000000003,2.1,0.0,0.0009109595217960865
Na2Te_225,2.1,2.15,0.0,0.0007423712570993121
Na2Te_225,2.15,2.2,0.0,0.0006471792053134174
Na2Te_225,2.2,2.25,0.0,0.0005004348308616117
Na2Te_225,2.25,2.3000000000000003,0.0,0.0004245926817057189
Na2Te_225,2.3000000000000003,2.35,0.0,0.00034061426539420205
Na2Te_225,2.35,2.4000000000000004,0.0,0.0002592181680028028
Na2Te_225,2.4000000000000004,2.45,0.0,0.00017071072953891156
Na2Te_225,2.45,2.5,0.0,8.961702227861044e-05
Na2Te_225,2.5,2.5500000000000003,0.0,5.325210512146779e-05
Na2Te_225,2.5500000000000003,2.6,0.0,3.0024023139567257e-05
Na2Te_225,2.6,2.6500000000000004,0.0,1.3534156306043764e-05
Na2Te_225,2.6500000000000004,2.7,0.0,3.684183752558555e-06
Na2Te_225,2.7,2.75,0.0,2.0457126372613214e-07
Na2Te_225,2.75,2.8000000000000003,0.0,0.0
Na2Te_225,2.8000000000000003,2.85,0.0,0.0
Na2Te_225,2.85,2.9000000000000004,0.0,0.0
Na2Te_225,2.9000000000000004,2.95,0.0,0.0
Na2Te_225,2.95,3.0,0.0,0.0
Ir_225,0.0,0.05,0.0,0.006824703079295843
Ir_225,0.05,0.1,0.001243554688846868,0.0026279622080983066
Ir_225,0.1,0.15000000000000002,0.0,0.005692468685263181
Ir_225,0.15000000000000002,0.2,0.003294115733817983,0.00273205937026837
Ir_225,0.2,0.25,0.017780341355277132,0.0
Ir_225,0.25,0.30000000000000004,0.017705011427088333,0.0
Ir_225,0.30000000000000004,0.35000000000000003,0.0024568398143610453,0.0008674033893442748
Ir_225,0.35000000000000003,0.4,0.0,0.012182476074117375
Ir_225,0.4,0.45,0.0,0.016636153875318714
Ir_225,0.45,0.5,0.0,0.01699076359859606
Ir_225,0.5,0.55,0.0,0.012328130571674088
Ir_225,0.55,0.6000000000000001,0.0,0.006315992373547307
Ir_225,0.6000000000000001,0.65,0.00047412213309979296,0.0016094661536118235
Ir_225,0.65,0.7000000000000001,0.0020562348866758028,0.00011535726505128215
Ir_225,0.7000000000000001,0.75,0.003900975074057948,3.0012253195512624e-06
Ir_225,0.75,0.8,0.0039129928357549545,0.0
Ir_225,0.8,0.8500000000000001,0.004118705014929693,0.0
Ir_225,0.8500000000000001,0.9,0.004363026363750186,0.0
Ir_225,0.9,0.9500000000000001,0.005278572938391716,0.0
Ir_225,0.9500000000000001,1.0,0.005506079496597198,4.551431169010331e-08
Ir_225,1.0,1.05,0.004250999290797557,1.9896674579388972e-05
Ir_225,1.05,1.1,0.0025915058225184817,6.263519992883388e-05
Ir_225,1.1,1.1500000000000001,0.0011048365554127864,0.00012223942468920793
Ir_225,1.1500000000000001,1.2000000000000002,0.0002074492521052965,0.0001833219619072744
Ir_225,1.2000000000000002,1.25,3.7579397268138995e-06,0.00018696352585290195
Ir_225,1.25,1.3,0.0,0.0001376877941098242
Ir_225,1.3,1.35,0.0,7.253047470002561e-05
Ir_225,1.35,1.4000000000000001,0.0,2.0951050952736245e-05
Ir_225,1.4000000000000001,1.4500000000000002,0.0,8.327644295937769e-07
Ir_225,1.4500000000000002,1.5,0.0,0.0
Ir_225,1.5,1.55,0.0,0.0
Ir_225,1.55,1.6,0.0,0.0
Ir_225,1.6,1.6500000000000001,0.0,0.0
Ir_225,1.6500000000000001,1.7000000000000002,0.0,0.0
Ir_225,1.7000000000000002,1.75,0.0,0.0
Ir_225,1.75,1.8,0.0,0.0
Ir_225,1.8,1.85,0.0,0.0
Ir_225,1.85,1.9000000000000001,0.0,0.0
Ir_225,1.9000000000000001,1.9500000000000002,0.0,0.0
Ir_225,1.9500000000000002,2.0,0.0,0.0
Ir_225,2.0,2.0500000000000003,0.0,0.0
Ir_225,2.0500000000000003,2.1,0.0,0.0
Ir_225,2.1,2.15,0.0,0.0
Ir_225,2.15,2.2,0.0,0.0
Ir_225,2.2,2.25,0.0,0.0
Ir_225,2.25,2.3000000000000003,0.0,0.0
Ir_225,2.3000000000000003,2.35,0.0,0.0
Ir_225,2.35,2.4000000000000004,0.0,0.0
Ir_225,2.4000000000000004,2.45,0.0,0.0
Ir_225,2.45,2.5,0.0,0.0
Ir_225,2.5,2.5500000000000003,0.0,0.0
Ir_225,2.5500000000000003,2.6,0.0,0.0
Ir_225,2.6,2.6500000000000004,0.0,0.0
Ir_225,2.6500000000000004,2.7,0.0,0.0
Ir_225,2.7,2.75,0.0,0.0
Ir_225,2.75,2.8000000000000003,0.0,0.0
Ir_225,2.8000000000000003,2.85,0.0,0.0
Ir_225,2.85,2.9000000000000004,0.0,0.0
Ir_225,2.9000000000000004,2.95,0.0,0.0
Ir_225,2.95,3.0,0.0,0.0
LuI3_194,0.0,0.05,0.0,0.009194058974654957
LuI3_194,0.05,0.1,0.0,0.02091132711674145
LuI3_194,0.1,0.15000000000000002,0.0,0.038941712902540164
LuI3_194,0.15000000000000002,0.2,0.0,0.04106511191139388
LuI3_194,0.2,0.25,0.0,0.017351106307088804
LuI3_194,0.25,0.30000000000000004,0.006730885064813437,0.007106573837334887
LuI3_194,0.30000000000000004,0.35000000000000003,0.016300936857715238,0.0035686738918269305
LuI3_194,0.35000000000000003,0.4,0.022050525359141107,6.615697814196958e-05
LuI3_194,0.4,0.45,0.026357299193311937,0.0
LuI3_194,0.45,0.5,0.024014495147057103,0.0
LuI3_194,0.5,0.55,0.01982064725720021,0.0
LuI3_194,0.55,0.6000000000000001,0.013401601496148996,0.0
LuI3_194,0.6000000000000001,0.65,0.006725119737172652,0.0
LuI3_194,0.65,0.7000000000000001,0.0021979592020184013,0.00017371256265109154
LuI3_194,0.7000000000000001,0.75,0.0010929217767304813,0.00121090015279397
LuI3_194,0.75,0.8,0.0008351165230837279,0.001255371274938951
LuI3_194,0.8,0.8500000000000001,0.0008648443290535833,0.0009652666441191729
LuI3_194,0.8500000000000001,0.9,0.0009240261057813767,0.0008649190310065647
LuI3_194,0.9,0.9500000000000001,0.0010738750726575561,0.0008138722983253231
LuI3_194,0.9500000000000001,1.0,0.0011687104936729633,0.0007787949312157906
LuI3_194,1.0,1.05,0.001166491981573312,0.0007828583664035398
LuI3_194,1.05,1.1,0.0010925457201852917,0.0007703016386989114
LuI3_194,1.1,1.1500000000000001,0.00098705891116394,0.0007643405480010833
LuI3_194,1.1500000000000001,1.2000000000000002,0.0009636429092795385,0.0007336070438179614
LuI3_194,1.2000000000000002,1.25,0.0008988275962371067,0.0007423115392575391
LuI3_194,1.25,1.3,0.0006608177372448824,0.000725775910250196
LuI3_194,1.3,1.35,0.00038760596565833656,0.0006751253721609256
LuI3_194,1.35,1.4000000000000001,0.000206901480594433,0.00064567945551479
LuI3_194,1.4000000000000001,1.4500000000000002,8.152132338505706e-05,0.0006222690004940547
LuI3_194,1.4500000000000002,1.5,1.69976202246378e-05,0.0006153032124799162
LuI3_194,1.5,1.55,2.6264564379457318e-06,0.0006302933635773078
LuI3_194,1.55,1.6,4.677826916744269e-07,0.0006345847609606374
LuI3_194,1.6,1.6500000000000001,5.2734648929721126e-08,0.000615482541676463
LuI3_194,1.6500000000000001,1.7000000000000002,0.0,0.0005790600707851082
LuI3_194,1.7000000000000002,1.75,0.0,0.0005378594454138205
LuI3_194,1.75,1.8,0.0,0.0004889198947254801
LuI3_194,1.8,1.85,0.0,0.00045155560368626533
LuI3_194,1.85,1.9000000000000001,0.0,0.00041472949724437195
LuI3_194,1.9000000000000001,1.9500000000000002,0.0,0.0003622911101918314
LuI3_194,1.9500000000000002,2.0,0.0,0.0003071906823084531
LuI3_194,2.0,2.0500000000000003,0.0,0.0002602252494840708
LuI3_194,2.0500000000000003,2.1,0.0,0.00020781603011212635
LuI3_194,2.1,2.15,0.0,0.00017202150507707512
LuI3_194,2.15,2.2,0.0,0.000141035726000212
LuI3_194,2.2,2.25,0.0,0.0001146636356338191
LuI3_194,2.25,2.3000000000000003,0.0,9.192527127626565e-05
LuI3_194,2.3000000000000003,2.35,0.0,6.879764430066089e-05
LuI3_194,2.35,2.4000000000000004,0.0,4.8747361140739234e-05
LuI3_194,2.4000000000000004,2.45,0.0,3.0650795487714884e-05
LuI3_194,2.45,2.5,0.0,1.3194136381638773e-05
LuI3_194,2.5,2.5500000000000003,0.0,7.250130525694238e-06
LuI3_194,2.5500000000000003,2.6,0.0,5.620020146124954e-06
LuI3_194,2.6,2.6500000000000004,0.0,4.408222417001954e-06
LuI3_194,2.6500000000000004,2.7,0.0,3.5384062028270994e-06
LuI3_194,2.7,2.75,0.0,2.6880669518201572e-06
LuI3_194,2.75,2.8000000000000003,0.0,2.1197829874491805e-06
LuI3_194,2.8000000000000003,2.85,0.0,1.696328199193528e-06
LuI3_194,2.85,2.9000000000000004,0.0,1.2831766930165316e-06
LuI3_194,2.9000000000000004,2.95,0.0,9.982348518100237e-07
LuI3_194,2.95,3.0,0.0,7.665229181980935e-07
Mg2PdRh_225,0.0,0.05,6.245174430714135e-05,0.004727179544589814
Mg2PdRh_225,0.05,0.1,5.038338729551339e-07,0.009206034792066716
Mg2PdRh_225,0.1,0.15000000000000002,0.004754382439436109,0.0017988174308357086
Mg2PdRh_225,0.15000000000000002,0.2,0.01920864101609794,0.0007363099734950096
Mg2PdRh_225,0.2,0.25,0.017636442010816666,0.0009083825699688622
Mg2PdRh_225,0.25,0.30000000000000004,0.002726756723555584,0.0018347233149463172
Mg2PdRh_225,0.30000000000000004,0.35000000000000003,0.0,0.010572234940545185
Mg2PdRh_225,0.35000000000000003,0.4,2.1246865515418283e-07,0.01523459083468454
Mg2PdRh_225,0.4,0.45,0.00014377981707611832,0.013604983280520368
Mg2PdRh_225,0.45,0.5,0.00025612028562737373,0.009928685875665554
Mg2PdRh_225,0.5,0.55,0.00018704778727634392,0.005326851170439049
Mg2PdRh_225,0.55,0.6000000000000001,0.0005595830959431304,0.0027864787372093485
Mg2PdRh_225,0.6000000000000001,0.65,0.0009759285717986961,0.002062385019877318
Mg2PdRh_225,0.65,0.7000000000000001,0.001047427951016094,0.0017104576770524899
Mg2PdRh_225,0.7000000000000001,0.75,0.0011966600337110311,0.0015500332968841806
Mg2PdRh_225,0.75,0.8,0.001512522775552993,0.0011321324496981482
Mg2PdRh_225,0.8,0.8500000000000001,0.0025024762023111336,0.001209732658616464
Mg2PdRh_225,0.8500000000000001,0.9,0.0034056831478976187,0.0011110299856158634
Mg2PdRh_225,0.9,0.9500000000000001,0.003992509558928149,0.0010856729787664442
Mg2PdRh_225,0.9500000000000001,1.0,0.004084722344505213,0.0008281557491636689
Mg2PdRh_225,1.0,1.05,0.003997433462070187,0.0004767831600395003
Mg2PdRh_225,1.05,1.1,0.0036356413376536,0.00021615336806159264
Mg2PdRh_225,1.1,1.1500000000000001,0.0028434569302095694,7.811853225032278e-05
Mg2PdRh_225,1.1500000000000001,1.2000000000000002,0.001780485645845604,2.1755054980610347e-05
Mg2PdRh_225,1.2000000000000002,1.25,0.0015165557771388372,2.0213057461862764e-06
Mg2PdRh_225,1.25,1.3,0.0015915688793424496,0.0
Mg2PdRh_225,1.3,1.35,0.0017859588569381713,0.0
Mg2PdRh_225,1.35,1.4000000000000001,0.0017915011307065203,0.0
Mg2PdRh_225,1.4000000000000001,1.4500000000000002,0.0016597996603595427,0.0
Mg2PdRh_225,1.4500000000000002,1.5,0.0013121958573107013,0.0
Mg2PdRh_225,1.5,1.55,0.0008697020992002633,0.0
Mg2PdRh_225,1.55,1.6,0.0002778009995979868,0.0
Mg2PdRh_225,1.6,1.6500000000000001,5.450075480002318e-05,0.0
Mg2PdRh_225,1.6500000000000001,1.7000000000000002,0.0,0.0
Mg2PdRh_225,1.7000000000000002,1.75,0.0,0.0
Mg2PdRh_225,1.75,1.8,0.0,0.0
Mg2PdRh_225,1.8,1.85,0.0,0.0
Mg2PdRh_225,1.85,1.9000000000000001,0.0,0.0
Mg2PdRh_225,1.9000000000000001,1.9500000000000002,0.0,0.0
Mg2PdRh_225,1.9500000000000002,2.0,0.0,0.0
Mg2PdRh_225,2.0,2.0500000000000003,0.0,0.0
Mg2PdRh_225,2.0500000000000003,2.1,0.0,0.0
Mg2PdRh_225,2.1,2.15,0.0,0.0
Mg2PdRh_225,2.15,2.2,0.0,0.0
Mg2PdRh_225,2.2,2.25,0.0,0.0
Mg2PdRh_225,2.25,2.3000000000000003,0.0,0.0
Mg2PdRh_225,2.3000000000000003,2.35,0.0,0.0
Mg2PdRh_225,2.35,2.4000000000000004,0.0,0.0
Mg2PdRh_225,2.4000000000000004,2.45,0.0,0.0
Mg2PdRh_225,2.45,2.5,0.0,0.0
Mg2PdRh_225,2.5,2.5500000000000003,0.0,0.0
Mg2PdRh_225,2.5500000000000003,2.6,0.0,0.0
Mg2PdRh_225,2.6,2.6500000000000004,0.0,0.0
Mg2PdRh_225,2.6500000000000004,2.7,0.0,0.0
Mg2PdRh_225,2.7,2.75,0.0,0.0
Mg2PdRh_225,2.75,2.8000000000000003,0.0,0.0
Mg2PdRh_225,2.8000000000000003,2.85,0.0,0.0
Mg2PdRh_225,2.85,2.9000000000000004,0.0,0.0
Mg2PdRh_225,2.9000000000000004,2.95,0.0,0.0
Mg2PdRh_225,2.95,3.0,0.0,0.0
Mn(GaSe2)2_82,0.0,0.05,0.0,0.003196071041195378
Mn(GaSe2)2_82,0.05,0.1,0.00041791564530356307,0.002245752863478174
Mn(GaSe2)2_82,0.1,0.15000000000000002,6.963854740759768e-05,0.0023047584707218136
Mn(GaSe2)2_82,0.15000000000000002,0.2,0.0,0.009649685474046585
Mn(GaSe2)2_82,0.2,0.25,0.0,0.010847039317630262
Mn(GaSe2)2_82,0.25,0.30000000000000004,0.0002051496136723643,0.004793901019476226
Mn(GaSe2)2_82,0.30000000000000004,0.35000000000000003,0.004048083803912644,0.0012579474244296346
Mn(GaSe2)2_82,0.35000000000000003,0.4,0.007453308152189332,6.714004517027877e-05
Mn(GaSe2)2_82,0.4,0.45,0.008336148942642695,1.9577223203512178e-08
Mn(GaSe2)2_82,0.45,0.5,0.007047740861462128,0.00028041848038076354
Mn(GaSe2)2_82,0.5,0.55,0.005008532914415765,0.0007694536484114121
Mn(GaSe2)2_82,0.55,0.6000000000000001,0.002977132959035451,0.001169085403736503
Mn(GaSe2)2_82,0.6000000000000001,0.65,0.001637143627741335,0.001580310447327135
Mn(GaSe2)2_82,0.65,0.7000000000000001,0.0009936409244273368,0.001667116888200999
Mn(GaSe2)2_82,0.7000000000000001,0.75,0.0011988388590278474,0.0016951062993692313
Mn(GaSe2)2_82,0.75,0.8,0.0019891091784447795,0.001642118419017249
Mn(GaSe2)2_82,0.8,0.8500000000000001,0.002877029938865085,0.0014676728222347147
Mn(GaSe2)2_82,0.8500000000000001,0.9,0.0036253140669757528,0.001356891055450781
Mn(GaSe2)2_82,0.9,0.9500000000000001,0.0036125339975478015,0.001346086841646488
Mn(GaSe2)2_82,0.9500000000000001,1.0,0.0034758154170029787,0.0013385346841449449
Mn(GaSe2)2_82,1.0,1.05,0.0034467391279666562,0.0013185418748574208
Mn(GaSe2)2_82,1.05,1.1,0.0033223835800449257,0.0013024788576803128
Mn(GaSe2)2_82,1.1,1.1500000000000001,0.0027691415395228814,0.0012999705814830214
Mn(GaSe2)2_82,1.1500000000000001,1.2000000000000002,0.0020775443081574173,0.0013043112361579294
Mn(GaSe2)2_82,1.2000000000000002,1.25,0.0014408356007399369,0.0013082767277962854
Mn(GaSe2)2_82,1.25,1.3,0.0009544123476958486,0.0013139254867309308
Mn(GaSe2)2_82,1.3,1.35,0.0005865950495600742,0.0013319427770023366
Mn(GaSe2)2_82,1.35,1.4000000000000001,0.0003375338609597244,0.0013468656442827873
Mn(GaSe2)2_82,1.4000000000000001,1.4500000000000002,0.000181352883062683,0.001360577001114144
Mn(GaSe2)2_82,1.4500000000000002,1.5,8.902224555317667e-05,0.001380679657131048
Mn(GaSe2)2_82,1.5,1.55,3.130805992131033e-05,0.0013556492100676278
Mn(GaSe2)2_82,1.55,1.6,3.7970702304355217e-06,0.0013207433454638737
Mn(GaSe2)2_82,1.6,1.6500000000000001,0.0,0.001240856741618771
Mn(GaSe2)2_82,1.6500000000000001,1.7000000000000002,0.0,0.0011688874603053973
Mn(GaSe2)2_82,1.7000000000000002,1.75,0.0,0.0010835290452964384
Mn(GaSe2)2_82,1.75,1.8,0.0,0.0009874431403785093
Mn(GaSe2)2_82,1.8,1.85,0.0,0.0008589859823716285
Mn(GaSe2)2_82,1.85,1.9000000000000001,0.0,0.0006880067698948384
Mn(GaSe2)2_82,1.9000000000000001,1.9500000000000002,0.0,0.0005454395935165029
Mn(GaSe2)2_82,1.9500000000000002,2.0,0.0,0.0003849376822908199
Mn(GaSe2)2_82,2.0,2.0500000000000003,0.0,0.00023834412439343916
Mn(GaSe2)2_82,2.0500000000000003,2.1,0.0,0.00012199049341433543
Mn(GaSe2)2_82,2.1,2.15,0.0,5.4553896633357924e-05
Mn(GaSe2)2_82,2.15,2.2,0.0,1.9347027159676556e-05
Mn(GaSe2)2_82,2.2,2.25,0.0,4.886765271786097e-06
Mn(GaSe2)2_82,2.25,2.3000000000000003,0.0,0.0
Mn(GaSe2)2_82,2.3000000000000003,2.35,0.0,0.0
Mn(GaSe2)2_82,2.35,2.4000000000000004,0.0,0.0
Mn(GaSe2)2_82,2.4000000000000004,2.45,0.0,0.0
Mn(GaSe2)2_82,2.45,2.5,0.0,0.0
Mn(GaSe2)2_82,2.5,2.5500000000000003,0.0,0.0
Mn(GaSe2)2_82,2.5500000000000003,2.6,0.0,0.0
Mn(GaSe2)2_82,2.6,2.6500000000000004,0.0,0.0
Mn(GaSe2)2_82,2.6500000000000004,2.7,0.0,0.0
Mn(GaSe2)2_82,2.7,2.75,0.0,0.0
Mn(GaSe2)2_82,2.75,2.8000000000000003,0.0,0.0
Mn(GaSe2)2_82,2.8000000000000003,2.85,0.0,0.0
Mn(GaSe2)2_82,2.85,2.9000000000000004,0.0,0.0
Mn(GaSe2)2_82,2.9000000000000004,2.95,0.0,0.0
Mn(GaSe2)2_82,2.95,3.0,0.0,0.0
Sc3RuC4_71,0.0,0.05,2.0499781285627487e-05,0.0018924711955278283
Sc3RuC4_71,0.05,0.1,0.0,0.004096632018157536
Sc3RuC4_71,0.1,0.15000000000000002,0.0005485308643019211,0.0032041785276408267
Sc3RuC4_71,0.15000000000000002,0.2,0.0040179165188957994,0.001299164096365654
Sc3RuC4_71,0.2,0.25,0.004915616669635339,0.0025152771537211615
Sc3RuC4_71,0.25,0.30000000000000004,0.0024142300303411184,0.003143847501132347
Sc3RuC4_71,0.30000000000000004,0.35000000000000003,0.001499519818550985,0.004984697178657206
Sc3RuC4_71,0.35000000000000003,0.4,0.0014071267465584618,0.005586474992558162
Sc3RuC4_71,0.4,0.45,0.00143271369841668,0.005168103401063984
Sc3RuC4_71,0.45,0.5,0.0014546617596243904,0.004053705661123528
Sc3RuC4_71,0.5,0.55,0.001480086737708712,0.003108673543954106
Sc3RuC4_71,0.55,0.6000000000000001,0.0013925151843025472,0.002392735467883387
Sc3RuC4_71,0.6000000000000001,0.65,0.0016231753758974667,0.0024730318224531343
Sc3RuC4_71,0.65,0.7000000000000001,0.0019812173203962655,0.002611875112270812
Sc3RuC4_71,0.7000000000000001,0.75,0.0022611241305481003,0.0027777211681026277
Sc3RuC4_71,0.75,0.8,0.0028681318616812427,0.0026501190352958507
Sc3RuC4_71,0.8,0.8500000000000001,0.0032512918077948587,0.002314072560026587
Sc3RuC4_71,0.8500000000000001,0.9,0.0035537875588631585,0.001998518527139516
Sc3RuC4_71,0.9,0.9500000000000001,0.0036751925056172806,0.0015950931832828454
Sc3RuC4_71,0.9500000000000001,1.0,0.003372430999224584,0.0013302433875029165
Sc3RuC4_71,1.0,1.05,0.003058822080454354,0.0009449399077391116
Sc3RuC4_71,1.05,1.1,0.0027673602106760785,0.0005971119454479161
Sc3RuC4_71,1.1,1.1500000000000001,0.002548289612828259,0.0004036135116995387
Sc3RuC4_71,1.1500000000000001,1.2000000000000002,0.002371724762136601,0.0002487483173959177
Sc3RuC4_71,1.2000000000000002,1.25,0.0021742944161478152,0.00012926033841365923
Sc3RuC4_71,1.25,1.3,0.0020173644534008705,6.432006993105892e-05
Sc3RuC4_71,1.3,1.35,0.0018680129747303163,7.625380717598644e-05
Sc3RuC4_71,1.35,1.4000000000000001,0.0017394001836345506,0.00010629080254374309
Sc3RuC4_71,1.4000000000000001,1.4500000000000002,0.0015853082104808935,0.00017871711255934862
Sc3RuC4_71,1.4500000000000002,1.5,0.001419641674566348,0.0002418425827302825
Sc3RuC4_71,1.5,1.55,0.0011147149334037418,0.00035350274159664304
Sc3RuC4_71,1.55,1.6,0.0008858661427650389,0.00043608155820109147
Sc3RuC4_71,1.6,1.6500000000000001,0.0006847003238287353,0.0004857017630070542
Sc3RuC4_71,1.6500000000000001,1.7000000000000002,0.0005030760638756208,0.0005855072304493597
Sc3RuC4_71,1.7000000000000002,1.75,0.0003689690522165615,0.0005947305390290289
Sc3RuC4_71,1.75,1.8,0.00024567748086933266,0.00064247796326981
Sc3RuC4_71,1.8,1.85,0.00015199332012804395,0.0006040754173841572
Sc3RuC4_71,1.85,1.9000000000000001,8.138161663790548e-05,0.0006193640744627898
Sc3RuC4_71,1.9000000000000001,1.9500000000000002,4.6130030338928724e-05,0.0005817399974282215
Sc3RuC4_71,1.9500000000000002,2.0,2.3272536535421255e-05,0.00046074593099450966
Sc3RuC4_71,2.0,2.0500000000000003,7.4861882009599145e-06,0.00047475997175251526
Sc3RuC4_71,2.0500000000000003,2.1,4.808934258738128e-06,0.00034947557518975376
Sc3RuC4_71,2.1,2.15,6.031656918919578e-07,0.00029598029879207506
Sc3RuC4_71,2.15,2.2,6.875828896309672e-07,0.00023576939232202644
Sc3RuC4_71,2.2,2.25,0.0,0.0001903782909591471
Sc3RuC4_71,2.25,2.3000000000000003,0.0,0.00013818587428379828
Sc3RuC4_71,2.3000000000000003,2.35,0.0,9.933868443989409e-05
Sc3RuC4_71,2.35,2.4000000000000004,0.0,7.418640032328723e-05
Sc3RuC4_71,2.4000000000000004,2.45,0.0,4.6167832634780615e-05
Sc3RuC4_71,2.45,2.5,0.0,2.9981737572837692e-05
Sc3RuC4_71,2.5,2.5500000000000003,0.0,1.2183699673483468e-05
Sc3RuC4_71,2.5500000000000003,2.6,0.0,5.742896120474454e-06
Sc3RuC4_71,2.6,2.6500000000000004,0.0,0.0
Sc3RuC4_71,2.6500000000000004,2.7,0.0,0.0
Sc3RuC4_71,2.7,2.75,0.0,0.0
Sc3RuC4_71,2.75,2.8000000000000003,0.0,0.0
Sc3RuC4_71,2.8000000000000003,2.85,0.0,0.0
Sc3RuC4_71,2.85,2.9000000000000004,0.0,0.0
Sc3RuC4_71,2.9000000000000004,2.95,0.0,0.0
Sc3RuC4_71,2.95,3.0,0.0,0.0
TiGa3_139,0.0,0.05,0.00012063889773556158,0.008695895957053142
TiGa3_139,0.05,0.1,3.093275501591698e-05,0.0014540382739951958
TiGa3_139,0.1,0.15000000000000002,1.1091112477085269e-05,0.002183169419197226
TiGa3_139,0.15000000000000002,0.2,0.0,0.008871531421588622
TiGa3_139,0.2,0.25,0.0,0.008685520484099707
TiGa3_139,0.25,0.30000000000000004,0.0003158488817321004,0.004238489821633947
TiGa3_139,0.30000000000000004,0.35000000000000003,0.0028359781279963994,0.002148111149713524
TiGa3_139,0.35000000000000003,0.4,0.003382856470199758,0.00043524017764485823
TiGa3_139,0.4,0.45,0.0025698755588900017,1.821294141270561e-05
TiGa3_139,0.45,0.5,0.0022100665326376706,0.0012837443846844335
TiGa3_139,0.5,0.55,0.0022758298485858214,0.00334982027096551
TiGa3_139,0.55,0.6000000000000001,0.001837457499392561,0.00438275586312099
TiGa3_139,0.6000000000000001,0.65,0.0011703993531870258,0.004437162784624002
TiGa3_139,0.65,0.7000000000000001,0.0006331561044201946,0.003692051801601105
TiGa3_139,0.7000000000000001,0.75,0.0005178154312876348,0.0025016221387642356
TiGa3_139,0.75,0.8,0.0012030568110849157,0.0016279356293766528
TiGa3_139,0.8,0.8500000000000001,0.0026451648228850077,0.0011762415141468507
TiGa3_139,0.8500000000000001,0.9,0.004157305250219815,0.0008428685693973375
TiGa3_139,0.9,0.9500000000000001,0.005612167508969655,0.0006360954077682292
TiGa3_139,0.9500000000000001,1.0,0.006445375436781069,0.000545876123454046
TiGa3_139,1.0,1.05,0.006459610034390225,0.0005183560982341436
TiGa3_139,1.05,1.1,0.005285370220847352,0.0005051578076238895
TiGa3_139,1.1,1.1500000000000001,0.003458446219747019,0.0004176280089120333
TiGa3_139,1.1500000000000001,1.2000000000000002,0.001673476006684764,0.00032277374166561623
TiGa3_139,1.2000000000000002,1.25,0.0005726323685763385,0.00017920488162658768
TiGa3_139,1.25,1.3,0.0002016106637842967,7.359230732357568e-05
TiGa3_139,1.3,1.35,6.571751922997359e-05,2.4252626488339346e-05
TiGa3_139,1.35,1.4000000000000001,4.235363031084662e-06,1.2073461885933965e-06
TiGa3_139,1.4000000000000001,1.4500000000000002,0.0,0.0
TiGa3_139,1.4500000000000002,1.5,0.0,0.0
TiGa3_139,1.5,1.55,0.0,0.0
TiGa3_139,1.55,1.6,0.0,0.0
TiGa3_139,1.6,1.6500000000000001,0.0,0.0
TiGa3_139,1.6500000000000001,1.7000000000000002,0.0,0.0
TiGa3_139,1.7000000000000002,1.75,0.0,0.0
TiGa3_139,1.75,1.8,0.0,0.0
TiGa3_139,1.8,1.85,0.0,0.0
TiGa3_139,1.85,1.9000000000000001,0.0,0.0
TiGa3_139,1.9000000000000001,1.9500000000000002,0.0,0.0
TiGa3_139,1.9500000000000002,2.0,0.0,0.0
TiGa3_139,2.0,2.0500000000000003,0.0,0.0
TiGa3_139,2.0500000000000003,2.1,0.0,0.0
TiGa3_139,2.1,2.15,0.0,0.0
TiGa3_139,2.15,2.2,0.0,0.0
TiGa3_139,2.2,2.25,0.0,0.0
TiGa3_139,2.25,2.3000000000000003,0.0,0.0
TiGa3_139,2.3000000000000003,2.35,0.0,0.0
TiGa3_139,2.35,2.4000000000000004,0.0,0.0
TiGa3_139,2.4000000000000004,2.45,0.0,0.0
TiGa3_139,2.45,2.5,0.0,0.0
TiGa3_139,2.5,2.5500000000000003,0.0,0.0
TiGa3_139,2.5500000000000003,2.6,0.0,0.0
TiGa3_139,2.6,2.6500000000000004,0.0,0.0
TiGa3_139,2.6500000000000004,2.7,0.0,0.0
TiGa3_139,2.7,2.75,0.0,0.0
TiGa3_139,2.75,2.8000000000000003,0.0,0.0
TiGa3_139,2.8000000000000003,2.85,0.0,0.0
TiGa3_139,2.85,2.9000000000000004,0.0,0.0
TiGa3_139,2.9000000000000004,2.95,0.0,0.0
TiGa3_139,2.95,3.0,0.0,0.0
CO2_205,0.0,0.05,0.0,0.002652630787135748
CO2_205,0.05,0.1,0.0,0.0024224713184446346
CO2_205,0.1,0.15000000000000002,0.0008362588209636539,0.0009472423646837844
CO2_205,0.15000000000000002,0.2,0.0027182151000157725,2.689463486951144e-05
CO2_205,0.2,0.25,0.0033912491766538645,0.0
CO2_205,0.25,0.30000000000000004,0.003036062169730297,9.612417982666714e-05
CO2_205,0.30000000000000004,0.35000000000000003,0.001634755976847445,0.000591035839412114
CO2_205,0.35000000000000003,0.4,0.0016781706096309684,0.0008067870721719754
CO2_205,0.4,0.45,0.001253239293221179,0.0013554455436659307
CO2_205,0.45,0.5,0.0016121912022244876,0.0009799665118797828
CO2_205,0.5,0.55,0.001983502387744073,0.0006927499972155447
CO2_205,0.55,0.6000000000000001,0.0029500809557167144,0.0006572296812778565
CO2_205,0.6000000000000001,0.65,0.004079226475055375,0.0007711630731813081
CO2_205,0.65,0.7000000000000001,0.004136548269564578,0.0007760268073901082
CO2_205,0.7000000000000001,0.75,0.005096609434676367,0.0009792674839713624
CO2_205,0.75,0.8,0.004130205530882855,0.0008100843825318097
CO2_205,0.8,0.8500000000000001,0.003189921493584873,0.0009823024289202938
CO2_205,0.8500000000000001,0.9,0.002907088744786558,0.0011590510479770162
CO2_205,0.9,0.9500000000000001,0.0021221261212854914,0.0010882985654289833
CO2_205,0.9500000000000001,1.0,0.001559718091537797,0.0011907358447971806
CO2_205,1.0,1.05,0.001057810425750078,0.001265445482976501
CO2_205,1.05,1.1,0.0006379136012030569,0.0012258537603924338
CO2_205,1.1,1.1500000000000001,0.0003743534782054727,0.0012544938831134827
CO2_205,1.1500000000000001,1.2000000000000002,0.0002013996891305341,0.0013142270692079988
CO2_205,1.2000000000000002,1.25,0.0001409611380896114,0.0014149876949391556
CO2_205,1.25,1.3,7.564478267284308e-05,0.001524509497767501
CO2_205,1.3,1.35,5.043948645800603e-05,0.0014706196968503542
CO2_205,1.35,1.4000000000000001,1.2691008835584651e-05,0.001554496745376915
CO2_205,1.4000000000000001,1.4500000000000002,2.028653188722824e-06,0.001445399088219618
CO2_205,1.4500000000000002,1.5,0.0,0.0016274940970148178
CO2_205,1.5,1.55,0.0,0.0015045815169152032
CO2_205,1.55,1.6,0.0,0.0016555867152609845
CO2_205,1.6,1.6500000000000001,0.0,0.0015841435061217362
CO2_205,1.6500000000000001,1.7000000000000002,0.0,0.001529665756973783
CO2_205,1.7000000000000002,1.75,0.0,0.0016188979959014709
CO2_205,1.75,1.8,0.0,0.0015940338013651903
CO2_205,1.8,1.85,0.0,0.0015916638856802096
CO2_205,1.85,1.9000000000000001,0.0,0.001546637090873695
CO2_205,1.9000000000000001,1.9500000000000002,0.0,0.001482199121095347
CO2_205,1.9500000000000002,2.0,0.0,0.0010693952644809672
CO2_205,2.0,2.0500000000000003,0.0,0.0008641332668135799
CO2_205,2.0500000000000003,2.1,0.0,0.0007277323866454815
CO2_205,2.1,2.15,0.0,0.000540494225158618
CO2_205,2.15,2.2,0.0,0.00037964318884495604
CO2_205,2.2,2.25,0.0,0.00023604805872238987
CO2_205,2.25,2.3000000000000003,0.0,0.00015976510641232573
CO2_205,2.3000000000000003,2.35,0.0,9.790347185310284e-05
CO2_205,2.35,2.4000000000000004,0.0,6.30482743062879e-05
CO2_205,2.4000000000000004,2.45,0.0,3.639258400059598e-05
CO2_205,2.45,2.5,0.0,2.1765767404834143e-05
CO2_205,2.5,2.5500000000000003,0.0,1.698477536815153e-05
CO2_205,2.5500000000000003,2.6,0.0,9.27638019102054e-06
CO2_205,2.6,2.6500000000000004,0.0,5.8290205985831246e-06
CO2_205,2.6500000000000004,2.7,0.0,3.2599728351734236e-06
CO2_205,2.7,2.75,0.0,1.7186946019879379e-06
CO2_205,2.75,2.8000000000000003,0.0,4.5388441812392486e-07
CO2_205,2.8000000000000003,2.85,0.0,5.6355519127080195e-08
CO2_205,2.85,2.9000000000000004,0.0,0.0
CO2_205,2.9000000000000004,2.95,0.0,0.0
CO2_205,2.95,3.0,0.0,0.0
Zr2OsRu_225,0.0,0.05,0.0,0.01175855262972552
Zr2OsRu_225,0.05,0.1,0.0007135302760993607,0.0021577164263029114
Zr2OsRu_225,0.1,0.15000000000000002,0.0004750676820754049,0.008242395590226465
Zr2OsRu_225,0.15000000000000002,0.2,0.007761070651459303,0.00078973221179688
Zr2OsRu_225,0.2,0.25,0.02513405957267207,0.0
Zr2OsRu_225,0.25,0.30000000000000004,0.02407104469367172,0.0001830757014445206
Zr2OsRu_225,0.30000000000000004,0.35000000000000003,0.008006963712578141,0.002596224564670531
Zr2OsRu_225,0.35000000000000003,0.4,0.0004651198140229065,0.008600420467069748
Zr2OsRu_225,0.4,0.45,0.0,0.015211996012351953
Zr2OsRu_225,0.45,0.5,0.0,0.015712135683769977
Zr2OsRu_225,0.5,0.55,0.0,0.012147692287042097
Zr2OsRu_225,0.55,0.6000000000000001,0.0005221716319339948,0.00849784740406802
Zr2OsRu_225,0.6000000000000001,0.65,0.001175661205935345,0.006381800026278339
Zr2OsRu_225,0.65,0.7000000000000001,0.0015358064011187684,0.004270596670649421
Zr2OsRu_225,0.7000000000000001,0.75,0.0019703358683039233,0.003172999949700955
Zr2OsRu_225,0.75,0.8,0.002004241958877496,0.0025408691739349574
Zr2OsRu_225,0.8,0.8500000000000001,0.002315310412281607,0.0018760720039250845
Zr2OsRu_225,0.8500000000000001,0.9,0.0026331095399473223,0.0015128527882813077
Zr2OsRu_225,0.9,0.9500000000000001,0.0030403803633838756,0.0009762330673489013
Zr2OsRu_225,0.9500000000000001,1.0,0.0036465494522842823,0.0005934705291648769
Zr2OsRu_225,1.0,1.05,0.0035625413092456614,0.00037462049700697923
Zr2OsRu_225,1.05,1.1,0.003744863774693833,0.00020836483433677168
Zr2OsRu_225,1.1,1.1500000000000001,0.003263362618150928,0.000140602637733855
Zr2OsRu_225,1.1500000000000001,1.2000000000000002,0.0024527832116387626,7.903766826929814e-05
Zr2OsRu_225,1.2000000000000002,1.25,0.0012729361114451946,6.466275982960262e-05
Zr2OsRu_225,1.25,1.3,0.0006075212814013096,7.889476082151368e-06
Zr2OsRu_225,1.3,1.35,0.00019380735251032694,0.0
Zr2OsRu_225,1.35,1.4000000000000001,2.442134188098375e-05,0.0
Zr2OsRu_225,1.4000000000000001,1.4500000000000002,0.0,0.0
Zr2OsRu_225,1.4500000000000002,1.5,0.0,0.0
Zr2OsRu_225,1.5,1.55,0.0,0.0
Zr2OsRu_225,1.55,1.6,0.0,0.0
Zr2OsRu_225,1.6,1.6500000000000001,0.0,0.0
Zr2OsRu_225,1.6500000000000001,1.7000000000000002,0.0,0.0
Zr2OsRu_225,1.7000000000000002,1.75,0.0,0.0
Zr2OsRu_225,1.75,1.8,0.0,0.0
Zr2OsRu_225,1.8,1.85,0.0,0.0
Zr2OsRu_225,1.85,1.9000000000000001,0.0,0.0
Zr2OsRu_225,1.9000000000000001,1.9500000000000002,0.0,0.0
Zr2OsRu_225,1.9500000000000002,2.0,0.0,0.0
Zr2OsRu_225,2.0,2.0500000000000003,0.0,0.0
Zr2OsRu_225,2.0500000000000003,2.1,0.0,0.0
Zr2OsRu_225,2.1,2.15,0.0,0.0
Zr2OsRu_225,2.15,2.2,0.0,0.0
Zr2OsRu_225,2.2,2.25,0.0,0.0
Zr2OsRu_225,2.25,2.3000000000000003,0.0,0.0
Zr2OsRu_225,2.3000000000000003,2.35,0.0,0.0
Zr2OsRu_225,2.35,2.4000000000000004,0.0,0.0
Zr2OsRu_225,2.4000000000000004,2.45,0.0,0.0
Zr2OsRu_225,2.45,2.5,0.0,0.0
Zr2OsRu_225,2.5,2.5500000000000003,0.0,0.0
Zr2OsRu_225,2.5500000000000003,2.6,0.0,0.0
Zr2OsRu_225,2.6,2.6500000000000004,0.0,0.0
Zr2OsRu_225,2.6500000000000004,2.7,0.0,0.0
Zr2OsRu_225,2.7,2.75,0.0,0.0
Zr2OsRu_225,2.75,2.8000000000000003,0.0,0.0
Zr2OsRu_225,2.8000000000000003,2.85,0.0,0.0
Zr2OsRu_225,2.85,2.9000000000000004,0.0,0.0
Zr2OsRu_225,2.9000000000000004,2.95,0.0,0.0
Zr2OsRu_225,2.95,3.0,0.0,0.0
Lu(NiGe)2_139,0.0,0.05,0.0,0.008180576135461555
Lu(NiGe)2_139,0.05,0.1,0.0005545287817449986,0.012110317997092205
Lu(NiGe)2_139,0.1,0.15000000000000002,0.0,0.04139151628037453
Lu(NiGe)2_139,0.15000000000000002,0.2,0.0,0.04472953052514655
Lu(NiGe)2_139,0.2,0.25,0.0,0.02354066760915458
Lu(NiGe)2_139,0.25,0.30000000000000004,0.005821403312578584,0.006887496480173156
Lu(NiGe)2_139,0.30000000000000004,0.35000000000000003,0.014607832492596864,0.0012320217117342523
Lu(NiGe)2_139,0.35000000000000003,0.4,0.023134887028699373,0.0
Lu(NiGe)2_139,0.4,0.45,0.026668766030173593,0.0
Lu(NiGe)2_139,0.45,0.5,0.02439967875543283,0.0
Lu(NiGe)2_139,0.5,0.55,0.020141259667275025,7.837387010540895e-05
Lu(NiGe)2_139,0.55,0.6000000000000001,0.012462898883047614,0.0003677610218516554
Lu(NiGe)2_139,0.6000000000000001,0.65,0.005733004750020424,0.0005085623361276612
Lu(NiGe)2_139,0.65,0.7000000000000001,0.0009092876535750324,0.0007037004611017629
Lu(NiGe)2_139,0.7000000000000001,0.75,4.652957016953759e-05,0.001972779326476316
Lu(NiGe)2_139,0.75,0.8,0.0001710338236464631,0.0018861803159553711
Lu(NiGe)2_139,0.8,0.8500000000000001,0.00048213085832658493,0.00132431647022705
Lu(NiGe)2_139,0.8500000000000001,0.9,0.0007903566603956131,0.0010111977713270343
Lu(NiGe)2_139,0.9,0.9500000000000001,0.0010491286414735764,0.0008434870454918848
Lu(NiGe)2_139,0.9500000000000001,1.0,0.0010944824457204791,0.0006775090463425929
Lu(NiGe)2_139,1.0,1.05,0.0010076149365153885,0.0005335994073574744
Lu(NiGe)2_139,1.05,1.1,0.0009049201942572368,0.00041130854721743227
Lu(NiGe)2_139,1.1,1.1500000000000001,0.0007723288157156136,0.0003088552332538108
Lu(NiGe)2_139,1.1500000000000001,1.2000000000000002,0.0006091383866298439,0.00024331965649638788
Lu(NiGe)2_139,1.2000000000000002,1.25,0.000440865130548328,0.00019991235347298453
Lu(NiGe)2_139,1.25,1.3,0.00029143848791142246,0.00017329196184068577
Lu(NiGe)2_139,1.3,1.35,0.00016580529175899583,0.00015279382351722175
Lu(NiGe)2_139,1.35,1.4000000000000001,6.786788439646651e-05,0.0001013009811754378
Lu(NiGe)2_139,1.4000000000000001,1.4500000000000002,1.5856840594132734e-05,6.871286270295729e-05
Lu(NiGe)2_139,1.4500000000000002,1.5,2.3861940249536423e-06,4.089612283361025e-05
Lu(NiGe)2_139,1.5,1.55,5.082902273484223e-09,1.2303773069226473e-05
Lu(NiGe)2_139,1.55,1.6,0.0,1.0972581226746251e-05
Lu(NiGe)2_139,1.6,1.6500000000000001,0.0,5.550428416111164e-06
Lu(NiGe)2_139,1.6500000000000001,1.7000000000000002,0.0,1.5641561483639556e-07
Lu(NiGe)2_139,1.7000000000000002,1.75,0.0,0.0
Lu(NiGe)2_139,1.75,1.8,0.0,0.0
Lu(NiGe)2_139,1.8,1.85,0.0,0.0
Lu(NiGe)2_139,1.85,1.9000000000000001,0.0,0.0
Lu(NiGe)2_139,1.9000000000000001,1.9500000000000002,0.0,0.0
Lu(NiGe)2_139,1.9500000000000002,2.0,0.0,0.0
Lu(NiGe)2_139,2.0,2.0500000000000003,0.0,0.0
Lu(NiGe)2_139,2.0500000000000003,2.1,0.0,0.0
Lu(NiGe)2_139,2.1,2.15,0.0,0.0
Lu(NiGe)2_139,2.15,2.2,0.0,0.0
Lu(NiGe)2_139,2.2,2.25,0.0,0.0
Lu(NiGe)2_139,2.25,2.3000000000000003,0.0,0.0
Lu(NiGe)2_139,2.3000000000000003,2.35,0.0,0.0
Lu(NiGe)2_139,2.35,2.4000000000000004,0.0,0.0
Lu(NiGe)2_139,2.4000000000000004,2.45,0.0,0.0
Lu(NiGe)2_139,2.45,2.5,0.0,0.0
Lu(NiGe)2_139,2.5,2.5500000000000003,0.0,0.0
Lu(NiGe)2_139,2.5500000000000003,2.6,0.0,0.0
Lu(NiGe)2_139,2.6,2.6500000000000004,0.0,0.0
Lu(NiGe)2_139,2.6500000000000004,2.7,0.0,0.0
Lu(NiGe)2_139,2.7,2.75,0.0,0.0
Lu(NiGe)2_139,2.75,2.8000000000000003,0.0,0.0
Lu(NiGe)2_139,2.8000000000000003,2.85,0.0,0.0
Lu(NiGe)2_139,2.85,2.9000000000000004,0.0,0.0
Lu(NiGe)2_139,2.9000000000000004,2.95,0.0,0.0
Lu(NiGe)2_139,2.95,3.0,0.0,0.0
Ca4P2O_139,0.0,0.05,0.0,0.005914602257612569
Ca4P2O_139,0.05,0.1,5.52951220473382e-06,0.00999549002872551
Ca4P2O_139,0.1,0.15000000000000002,0.01205542176185264,0.0017287426480091074
Ca4P2O_139,0.15000000000000002,0.2,0.017837274317402205,0.002242286453439597
Ca4P2O_139,0.2,0.25,0.005843517918610767,0.0018432087130334591
Ca4P2O_139,0.25,0.30000000000000004,0.0002632846500417773,0.008084058942800013
Ca4P2O_139,0.30000000000000004,0.35000000000000003,0.00047859928214162627,0.010960157412135857
Ca4P2O_139,0.35000000000000003,0.4,0.001037870418352819,0.007422622068737515
Ca4P2O_139,0.4,0.45,0.0013780809951558456,0.0016162526473553704
Ca4P2O_139,0.45,0.5,0.00431937218337201,4.4574819077036824e-05
Ca4P2O_139,0.5,0.55,0.005539156279142506,4.217922510065045e-06
Ca4P2O_139,0.55,0.6000000000000001,0.004207569751904045,1.2805463239704723e-07
Ca4P2O_139,0.6000000000000001,0.65,0.0016357026756214966,0.00020778847495651702
Ca4P2O_139,0.65,0.7000000000000001,0.0008038251261275206,0.0018842679393280416
Ca4P2O_139,0.7000000000000001,0.75,0.0008812727649469195,0.0032406521515622438
Ca4P2O_139,0.75,0.8,0.0010532618194169995,0.003478364880875873
Ca4P2O_139,0.8,0.8500000000000001,0.0012768116350074547,0.0033095832815383244
Ca4P2O_139,0.8500000000000001,0.9,0.0015061281169396186,0.0032817113201263157
Ca4P2O_139,0.9,0.9500000000000001,0.0018032220174278215,0.003265822443462251
Ca4P2O_139,0.9500000000000001,1.0,0.001927772414993997,0.003099926675530866
Ca4P2O_139,1.0,1.05,0.001949405684104574,0.0028762706142378552
Ca4P2O_139,1.05,1.1,0.0020087692255706625,0.0023965535257630894
Ca4P2O_139,1.1,1.1500000000000001,0.0020800980475271617,0.0017589809122315083
Ca4P2O_139,1.1500000000000001,1.2000000000000002,0.002162327089240473,0.0012217429860391334
Ca4P2O_139,1.2000000000000002,1.25,0.002113630839718539,0.0008823527226399257
Ca4P2O_139,1.25,1.3,0.0020700358704959366,0.0006114181924639322
Ca4P2O_139,1.3,1.35,0.0019495789089952042,0.00045539169134921066
Ca4P2O_139,1.35,1.4000000000000001,0.00180178591618667,0.00032205575178389617
Ca4P2O_139,1.4000000000000001,1.4500000000000002,0.0016053581782684433,0.00019947148790229206
Ca4P2O_139,1.4500000000000002,1.5,0.0013080021856627338,0.00012473735312526997
Ca4P2O_139,1.5,1.55,0.0010139445491060132,5.8147581140192484e-05
Ca4P2O_139,1.55,1.6,0.0007159356497963416,8.59615724173131e-05
Ca4P2O_139,1.6,1.6500000000000001,0.00046603819966807857,0.00014950329073928125
Ca4P2O_139,1.6500000000000001,1.7000000000000002,0.0002238628222691223,0.00020338845590144584
Ca4P2O_139,1.7000000000000002,1.75,7.672595535533679e-05,0.0002628545941674241
Ca4P2O_139,1.75,1.8,8.540567912579335e-06,0.0003256186089134389
Ca4P2O_139,1.8,1.85,0.0,0.0003765321488504357
Ca4P2O_139,1.85,1.9000000000000001,0.0,0.00037459774915052184
Ca4P2O_139,1.9000000000000001,1.9500000000000002,0.0,0.0003444738668466789
Ca4P2O_139,1.9500000000000002,2.0,0.0,0.000304724528653066
Ca4P2O_139,2.0,2.0500000000000003,0.0,0.0002510668993176844
Ca4P2O_139,2.0500000000000003,2.1,0.0,0.00018342178461553454
Ca4P2O_139,2.1,2.15,0.0,0.0001389121624599165
Ca4P2O_139,2.15,2.2,0.0,9.631584717235367e-05
Ca4P2O_139,2.2,2.25,0.0,6.381468790250515e-05
Ca4P2O_139,2.25,2.3000000000000003,0.0,3.4481711048619267e-05
Ca4P2O_139,2.3000000000000003,2.35,0.0,1.742344251126015e-05
Ca4P2O_139,2.35,2.4000000000000004,0.0,4.770078633023336e-06
Ca4P2O_139,2.4000000000000004,2.45,0.0,0.0
Ca4P2O_139,2.45,2.5,0.0,0.0
Ca4P2O_139,2.5,2.5500000000000003,0.0,0.0
Ca4P2O_139,2.5500000000000003,2.6,0.0,0.0
Ca4P2O_139,2.6,2.6500000000000004,0.0,0.0
Ca4P2O_139,2.6500000000000004,2.7,0.0,0.0
Ca4P2O_139,2.7,2.75,0.0,0.0
Ca4P2O_139,2.75,2.8000000000000003,0.0,0.0
Ca4P2O_139,2.8000000000000003,2.85,0.0,0.0
Ca4P2O_139,2.85,2.9000000000000004,0.0,0.0
Ca4P2O_139,2.9000000000000004,2.95,0.0,0.0
Ca4P2O_139,2.95,3.0,0.0,0.0
SnSe_62,0.0,0.05,0.0,0.0015207136989530252
SnSe_62,0.05,0.1,0.0,0.003128310295473833
SnSe_62,0.1,0.15000000000000002,0.0,0.002136847985938014
SnSe_62,0.15000000000000002,0.2,0.0,0.008561577895723305
SnSe_62,0.2,0.25,0.0,0.011780172517225093
SnSe_62,0.25,0.30000000000000004,0.00010511937742819586,0.004183331512908119
SnSe_62,0.30000000000000004,0.35000000000000003,0.005579333856756396,4.431085465955093e-06
SnSe_62,0.35000000000000003,0.4,0.010407692265287491,0.0
SnSe_62,0.4,0.45,0.010134026665286046,0.0
SnSe_62,0.45,0.5,0.007101060438689311,1.1089037507401929e-05
SnSe_62,0.5,0.55,0.003849720899465704,0.00039619906326238726
SnSe_62,0.55,0.6000000000000001,0.0016159963557042687,0.0011179206191939655
SnSe_62,0.6000000000000001,0.65,0.0007944111221071987,0.0018233490670798702
SnSe_62,0.65,0.7000000000000001,0.0007740079123348799,0.002087973169187718
SnSe_62,0.7000000000000001,0.75,0.0010944879194676222,0.0020236312766376114
SnSe_62,0.75,0.8,0.001686873960732277,0.001935002390426037
SnSe_62,0.8,0.8500000000000001,0.002318238062341275,0.0019868542837455394
SnSe_62,0.8500000000000001,0.9,0.0027034711557190278,0.0021264823610511845
SnSe_62,0.9,0.9500000000000001,0.002378291151534473,0.0021963605649674626
SnSe_62,0.9500000000000001,1.0,0.002188626664503554,0.0022116527703949984
SnSe_62,1.0,1.05,0.0021712023409953597,0.0021637551547111665
SnSe_62,1.05,1.1,0.002238421421710288,0.002035922398952623
SnSe_62,1.1,1.1500000000000001,0.002251688378560063,0.0018722581580524701
SnSe_62,1.1500000000000001,1.2000000000000002,0.0021886665185954007,0.001610307937649003
SnSe_62,1.2000000000000002,1.25,0.002051768364541998,0.0013157133547215248
SnSe_62,1.25,1.3,0.0016112742634386184,0.0009713892027006002
SnSe_62,1.3,1.35,0.0010452236055543687,0.0006537137969105136
SnSe_62,1.35,1.4000000000000001,0.0006059250203527863,0.00038448006622813455
SnSe_62,1.4000000000000001,1.4500000000000002,0.00028358480324596066,0.00025888728315966777
SnSe_62,1.4500000000000002,1.5,0.00010381237802708823,0.0003012259355364178
SnSe_62,1.5,1.55,2.7289137270093305e-05,0.00044001187756432825
SnSe_62,1.55,1.6,6.957881256607067e-06,0.0006103437810592227
SnSe_62,1.6,1.6500000000000001,5.524039567312407e-07,0.0007465473777312132
SnSe_62,1.6500000000000001,1.7000000000000002,0.0,0.0008058336001445671
SnSe_62,1.7000000000000002,1.75,0.0,0.0008015355355602026
SnSe_62,1.75,1.8,0.0,0.0007616182586269334
SnSe_62,1.8,1.85,0.0,0.0006706553474968224
SnSe_62,1.85,1.9000000000000001,0.0,0.0005252542077155654
SnSe_62,1.9000000000000001,1.9500000000000002,0.0,0.0003846363243409748
SnSe_62,1.9500000000000002,2.0,0.0,0.0002512058734922943
SnSe_62,2.0,2.0500000000000003,0.0,0.00015071527807585447
SnSe_62,2.0500000000000003,2.1,0.0,7.45243751220962e-05
SnSe_62,2.1,2.15,0.0,3.233274403848629e-05
SnSe_62,2.15,2.2,0.0,8.155388955468201e-06
SnSe_62,2.2,2.25,0.0,1.4277957656544862e-06
SnSe_62,2.25,2.3000000000000003,0.0,0.0
SnSe_62,2.3000000000000003,2.35,0.0,0.0
SnSe_62,2.35,2.4000000000000004,0.0,0.0
SnSe_62,2.4000000000000004,2.45,0.0,0.0
SnSe_62,2.45,2.5,0.0,0.0
SnSe_62,2.5,2.5500000000000003,0.0,0.0
SnSe_62,2.5500000000000003,2.6,0.0,0.0
SnSe_62,2.6,2.6500000000000004,0.0,0.0
SnSe_62,2.6500000000000004,2.7,0.0,0.0
SnSe_62,2.7,2.75,0.0,0.0
SnSe_62,2.75,2.8000000000000003,0.0,0.0
SnSe_62,2.8000000000000003,2.85,0.0,0.0
SnSe_62,2.85,2.9000000000000004,0.0,0.0
SnSe_62,2.9000000000000004,2.95,0.0,0.0
SnSe_62,2.95,3.0,0.0,0.0
SiO2_122,0.0,0.05,0.0,0.002727237391756827
SiO2_122,0.05,0.1,0.0,0.0018533031045945459
SiO2_122,0.1,0.15000000000000002,0.0005935970869506145,0.0015738595610956807
SiO2_122,0.15000000000000002,0.2,0.0029147256536897898,0.00235898484294906
SiO2_122,0.2,0.25,0.0034366982451682613,0.0019478407037504162
SiO2_122,0.25,0.30000000000000004,0.001805075571020211,0.0012487926462858502
SiO2_122,0.30000000000000004,0.35000000000000003,0.0008156259446778192,0.0003605363325368721
SiO2_122,0.35000000000000003,0.4,0.0007265167681467469,0.00028509645932701147
SiO2_122,0.4,0.45,0.001034920809277419,0.0003232741259027004
SiO2_122,0.45,0.5,0.0014897035425862316,7.183609545193108e-05
SiO2_122,0.5,0.55,0.002030016954521551,0.00021033959863074017
SiO2_122,0.55,0.6000000000000001,0.00327412653439753,0.0005905542149674228
SiO2_122,0.6000000000000001,0.65,0.003951383305317281,0.0010362478496599187
SiO2_122,0.65,0.7000000000000001,0.00457226098409937,0.0013119706314325956
SiO2_122,0.7000000000000001,0.75,0.0051045306515455115,0.0016992128407833074
SiO2_122,0.75,0.8,0.005287916779061471,0.0018599296506201274
SiO2_122,0.8,0.8500000000000001,0.005659605400018343,0.0020548639511563747
SiO2_122,0.8500000000000001,0.9,0.005185820769994134,0.0020952236841970864
SiO2_122,0.9,0.9500000000000001,0.004840291190201774,0.0020374363236983985
SiO2_122,0.9500000000000001,1.0,0.00439517603857182,0.0021637227388265562
SiO2_122,1.0,1.05,0.0038067829377961765,0.00203275995690996
SiO2_122,1.05,1.1,0.0027100102721720337,0.0019394180492998678
SiO2_122,1.1,1.1500000000000001,0.001962700580020797,0.0017028268813494584
SiO2_122,1.1500000000000001,1.2000000000000002,0.0012630067955875287,0.0016697156090079875
SiO2_122,1.2000000000000002,1.25,0.000744095240119057,0.0014111452465027533
SiO2_122,1.25,1.3,0.00035926988586058053,0.0012988737491901675
SiO2_122,1.3,1.35,0.0001886910969738848,0.0013099865083680716
SiO2_122,1.35,1.4000000000000001,0.0001096228936361239,0.0013567311284576505
SiO2_122,1.4000000000000001,1.4500000000000002,6.457176122566898e-05,0.0014458356511653997
SiO2_122,1.4500000000000002,1.5,3.564787425646113e-05,0.0014386862304861313
SiO2_122,1.5,1.55,1.1644345633236594e-05,0.00157069819547873
SiO2_122,1.55,1.6,2.6621891540957934e-06,0.0015726186688779203
SiO2_122,1.6,1.6500000000000001,0.0,0.0016210766970757233
SiO2_122,1.6500000000000001,1.7000000000000002,0.0,0.0016884001090473701
SiO2_122,1.7000000000000002,1.75,0.0,0.0016122938216571812
SiO2_122,1.75,1.8,0.0,0.0016273108171694299
SiO2_122,1.8,1.85,0.0,0.0015470487752192606
SiO2_122,1.85,1.9000000000000001,0.0,0.0014110591039648564
SiO2_122,1.9000000000000001,1.9500000000000002,0.0,0.001403667009595313
SiO2_122,1.9500000000000002,2.0,0.0,0.0012287913048068045
SiO2_122,2.0,2.0500000000000003,0.0,0.0011865491072594436
SiO2_122,2.0500000000000003,2.1,0.0,0.0010834765570653093
SiO2_122,2.1,2.15,0.0,0.0009877779846573177
SiO2_122,2.15,2.2,0.0,0.0008974486990573088
SiO2_122,2.2,2.25,0.0,0.0008818284098044134
SiO2_122,2.25,2.3000000000000003,0.0,0.0007577952233280434
SiO2_122,2.3000000000000003,2.35,0.0,0.0007340925992839567
SiO2_122,2.35,2.4000000000000004,0.0,0.0006577942139180106
SiO2_122,2.4000000000000004,2.45,0.0,0.0005956623543473792
SiO2_122,2.45,2.5,0.0,0.0005024361425348078
SiO2_122,2.5,2.5500000000000003,0.0,0.00042965691497286575
SiO2_122,2.5500000000000003,2.6,0.0,0.0003667994457303426
SiO2_122,2.6,2.6500000000000004,0.0,0.0002911849947977172
SiO2_122,2.6500000000000004,2.7,0.0,0.0002477615187929965
SiO2_122,2.7,2.75,0.0,0.00019539974267670143
SiO2_122,2.75,2.8000000000000003,0.0,0.0001439821129566588
SiO2_122,2.8000000000000003,2.85,0.0,0.00010770949076026475
SiO2_122,2.85,2.9000000000000004,0.0,7.616070069091865e-05
SiO2_122,2.9000000000000004,2.95,0.0,5.582881208735461e-05
SiO2_122,2.95,3.0,0.0,4.1239590060684066e-05
Li2CeO3_65,0.0,0.05,0.0,0.00738713281521342
Li2CeO3_65,0.05,0.1,0.0,0.0045778991307914
Li2CeO3_65,0.1,0.15000000000000002,0.0004391587211527081,0.002221865343576608
Li2CeO3_65,0.15000000000000002,0.2,0.0021208071241645586,0.00834383593581936
Li2CeO3_65,0.2,0.25,0.002180566118186964,0.006425204907931362
Li2CeO3_65,0.25,0.30000000000000004,0.004453961012257283,0.00031125179730948993
Li2CeO3_65,0.30000000000000004,0.35000000000000003,0.008496792154671086,9.356949293236174e-05
Li2CeO3_65,0.35000000000000003,0.4,0.00833701123352733,0.00032866359594126057
Li2CeO3_65,0.4,0.45,0.0048926156566332785,0.0003913680911350183
Li2CeO3_65,0.45,0.5,0.0018343341517983562,0.0002038796989812888
Li2CeO3_65,0.5,0.55,0.0009155550204577394,0.000798641447802178
Li2CeO3_65,0.55,0.6000000000000001,0.0014622539817453852,0.0017031302020958827
Li2CeO3_65,0.6000000000000001,0.65,0.0019295715441053748,0.0019406680379491128
Li2CeO3_65,0.65,0.7000000000000001,0.0023731467184385777,0.0018982854273960422
Li2CeO3_65,0.7000000000000001,0.75,0.0026254188475844636,0.001870357397423859
Li2CeO3_65,0.75,0.8,0.0028120251927495014,0.0019708754721243665
Li2CeO3_65,0.8,0.8500000000000001,0.0029944788066086085,0.0020632497840799876
Li2CeO3_65,0.8500000000000001,0.9,0.0030964828790670694,0.0021600674912543843
Li2CeO3_65,0.9,0.9500000000000001,0.0031468903156396987,0.0020898532311851414
Li2CeO3_65,0.9500000000000001,1.0,0.0031078073889925432,0.0019924680016970894
Li2CeO3_65,1.0,1.05,0.002906802501811185,0.0018602272093275183
Li2CeO3_65,1.05,1.1,0.002703165957496911,0.001748912744471472
Li2CeO3_65,1.1,1.1500000000000001,0.00251206960316147,0.0015690315285757062
Li2CeO3_65,1.1500000000000001,1.2000000000000002,0.002315981721985374,0.0014859491073658092
Li2CeO3_65,1.2000000000000002,1.25,0.001986589977758016,0.001399113019768255
Li2CeO3_65,1.25,1.3,0.0017188177411992913,0.0013133233779606469
Li2CeO3_65,1.3,1.35,0.0013214089915301007,0.00123663327044154
Li2CeO3_65,1.35,1.4000000000000001,0.0009590090913728141,0.001113648169415771
Li2CeO3_65,1.4000000000000001,1.4500000000000002,0.0005122696359689249,0.0009588207350976247
Li2CeO3_65,1.4500000000000002,1.5,0.00010586401061970176,0.0009181016387537311
Li2CeO3_65,1.5,1.55,4.204362469820936e-06,0.001085013164600401
Li2CeO3_65,1.55,1.6,0.0,0.0012948939476590726
Li2CeO3_65,1.6,1.6500000000000001,0.0,0.001427517171573361
Li2CeO3_65,1.6500000000000001,1.7000000000000002,0.0,0.0015307035610593695
Li2CeO3_65,1.7000000000000002,1.75,0.0,0.0015289503736445045
Li2CeO3_65,1.75,1.8,0.0,0.001432174059435356
Li2CeO3_65,1.8,1.85,0.0,0.0013494187845071537
Li2CeO3_65,1.85,1.9000000000000001,0.0,0.001188569680983476
Li2CeO3_65,1.9000000000000001,1.9500000000000002,0.0,0.0010718035979487605
Li2CeO3_65,1.9500000000000002,2.0,0.0,0.0008975090877895002
Li2CeO3_65,2.0,2.0500000000000003,0.0,0.0007686894315155386
Li2CeO3_65,2.0500000000000003,2.1,0.0,0.0006665324437386154
Li2CeO3_65,2.1,2.15,0.0,0.0005748430462822581
Li2CeO3_65,2.15,2.2,0.0,0.000496018921104332
Li2CeO3_65,2.2,2.25,0.0,0.00044383756833226703
Li2CeO3_65,2.25,2.3000000000000003,0.0,0.0003687912680799953
Li2CeO3_65,2.3000000000000003,2.35,0.0,0.0003274721995124629
Li2CeO3_65,2.35,2.4000000000000004,0.0,0.0002737595308158531
Li2CeO3_65,2.4000000000000004,2.45,0.0,0.00021427739987197456
Li2CeO3_65,2.45,2.5,0.0,0.0001654021094725797
Li2CeO3_65,2.5,2.5500000000000003,0.0,0.00011497971168061025
Li2CeO3_65,2.5500000000000003,2.6,0.0,8.454819878657412e-05
Li2CeO3_65,2.6,2.6500000000000004,0.0,4.753407214683281e-05
Li2CeO3_65,2.6500000000000004,2.7,0.0,3.14652496214839e-05
Li2CeO3_65,2.7,2.75,0.0,1.2997950979450634e-05
Li2CeO3_65,2.75,2.8000000000000003,0.0,4.122606725860629e-06
Li2CeO3_65,2.8000000000000003,2.85,0.0,0.0
Li2CeO3_65,2.85,2.9000000000000004,0.0,0.0
Li2CeO3_65,2.9000000000000004,2.95,0.0,0.0
Li2CeO3_65,2.95,3.0,0.0,0.0
Li(Co3P2)2_187,0.0,0.05,0.0005093815671929742,0.0006094304471814674
Li(Co3P2)2_187,0.05,0.1,0.00039420013058652346,0.001411138248575674
Li(Co3P2)2_187,0.1,0.15000000000000002,0.0,0.010182686551582427
Li(Co3P2)2_187,0.15000000000000002,0.2,0.0,0.01923128611956509
Li(Co3P2)2_187,0.2,0.25,0.0,0.02370707773776124
Li(Co3P2)2_187,0.25,0.30000000000000004,0.0,0.017504253734891447
Li(Co3P2)2_187,0.30000000000000004,0.35000000000000003,0.00039503055934434264,0.007441289529491639
Li(Co3P2)2_187,0.35000000000000003,0.4,0.003857858627145308,0.00026789092444712786
Li(Co3P2)2_187,0.4,0.45,0.011471708718174784,2.0712846914430724e-06
Li(Co3P2)2_187,0.45,0.5,0.01578872006257675,7.119354487364291e-06
Li(Co3P2)2_187,0.5,0.55,0.01606615273869852,4.439697313897663e-05
Li(Co3P2)2_187,0.55,0.6000000000000001,0.013540752399325236,0.00020191724100903456
Li(Co3P2)2_187,0.6000000000000001,0.65,0.009707472959672572,0.0004238584853226843
Li(Co3P2)2_187,0.65,0.7000000000000001,0.005665105113689807,0.0005429980116660601
Li(Co3P2)2_187,0.7000000000000001,0.75,0.002522383697728687,0.0006016735439722353
Li(Co3P2)2_187,0.75,0.8,0.0012724479374626463,0.0008734020413526064
Li(Co3P2)2_187,0.8,0.8500000000000001,0.001268349773723478,0.0009800816369494151
Li(Co3P2)2_187,0.8500000000000001,0.9,0.001667469236099569,0.0008855028123948267
Li(Co3P2)2_187,0.9,0.9500000000000001,0.0018976987171273744,0.0008505561003674006
Li(Co3P2)2_187,0.9500000000000001,1.0,0.0017336689496940914,0.0008708725718096477
Li(Co3P2)2_187,1.0,1.05,0.0016387070761153765,0.0008948467445487121
Li(Co3P2)2_187,1.05,1.1,0.0014861306939117215,0.0009231655679271477
Li(Co3P2)2_187,1.1,1.1500000000000001,0.0012331855857821174,0.0009333069384993904
Li(Co3P2)2_187,1.1500000000000001,1.2000000000000002,0.0008847507489789755,0.0009199288144679119
Li(Co3P2)2_187,1.2000000000000002,1.25,0.0005598148868827631,0.0008554019867171313
Li(Co3P2)2_187,1.25,1.3,0.00034001772546902586,0.000772188745593188
Li(Co3P2)2_187,1.3,1.35,0.00020060809316255085,0.0006790935380706663
Li(Co3P2)2_187,1.35,1.4000000000000001,7.713945102681497e-05,0.0005264202414361526
Li(Co3P2)2_187,1.4000000000000001,1.4500000000000002,2.8529677625139266e-05,0.0004555883287145149
Li(Co3P2)2_187,1.4500000000000002,1.5,9.999773433317483e-06,0.00036189607387720145
Li(Co3P2)2_187,1.5,1.55,2.1409558462948535e-06,0.00023312382888952956
Li(Co3P2)2_187,1.55,1.6,1.7738591944102303e-07,0.00013141401254212993
Li(Co3P2)2_187,1.6,1.6500000000000001,0.0,6.979361438679434e-05
Li(Co3P2)2_187,1.6500000000000001,1.7000000000000002,0.0,2.614835671306033e-05
Li(Co3P2)2_187,1.7000000000000002,1.75,0.0,5.8021917526345165e-06
Li(Co3P2)2_187,1.75,1.8,0.0,4.6272024311949023e-07
Li(Co3P2)2_187,1.8,1.85,0.0,0.0
Li(Co3P2)2_187,1.85,1.9000000000000001,0.0,0.0
Li(Co3P2)2_187,1.9000000000000001,1.9500000000000002,0.0,0.0
Li(Co3P2)2_187,1.9500000000000002,2.0,0.0,0.0
Li(Co3P2)2_187,2.0,2.0500000000000003,0.0,0.0
Li(Co3P2)2_187,2.0500000000000003,2.1,0.0,0.0
Li(Co3P2)2_187,2.1,2.15,0.0,0.0
Li(Co3P2)2_187,2.15,2.2,0.0,0.0
Li(Co3P2)2_187,2.2,2.25,0.0,0.0
Li(Co3P2)2_187,2.25,2.3000000000000003,0.0,0.0
Li(Co3P2)2_187,2.3000000000000003,2.35,0.0,0.0
Li(Co3P2)2_187,2.35,2.4000000000000004,0.0,0.0
Li(Co3P2)2_187,2.4000000000000004,2.45,0.0,0.0
Li(Co3P2)2_187,2.45,2.5,0.0,0.0
Li(Co3P2)2_187,2.5,2.5500000000000003,0.0,0.0
Li(Co3P2)2_187,2.5500000000000003,2.6,0.0,0.0
Li(Co3P2)2_187,2.6,2.6500000000000004,0.0,0.0
Li(Co3P2)2_187,2.6500000000000004,2.7,0.0,0.0
Li(Co3P2)2_187,2.7,2.75,0.0,0.0
Li(Co3P2)2_187,2.75,2.8000000000000003,0.0,0.0
Li(Co3P2)2_187,2.8000000000000003,2.85,0.0,0.0
Li(Co3P2)2_187,2.85,2.9000000000000004,0.0,0.0
Li(Co3P2)2_187,2.9000000000000004,2.95,0.0,0.0
Li(Co3P2)2_187,2.95,3.0,0.0,0.0
Pd3Pb_221,0.0,0.05,0.0001754084797262032,0.006322125660378259
Pd3Pb_221,0.05,0.1,0.0,0.010552715054642484
Pd3Pb_221,0.1,0.15000000000000002,0.005005581681425346,0.0026270407738599472
Pd3Pb_221,0.15000000000000002,0.2,0.018884109567345757,0.00014058639061052648
Pd3Pb_221,0.2,0.25,0.020522168288532074,0.0011414409500279732
Pd3Pb_221,0.25,0.30000000000000004,0.0052169849662382995,0.0014815159889780384
Pd3Pb_221,0.30000000000000004,0.35000000000000003,0.0005958714658048192,0.011185821148516439
Pd3Pb_221,0.35000000000000003,0.4,0.0018092488210128008,0.015994751214214436
Pd3Pb_221,0.4,0.45,0.002071736279334751,0.01568787740906
Pd3Pb_221,0.45,0.5,0.0016754743834466043,0.012739264151288123
Pd3Pb_221,0.5,0.55,0.0012620121743102974,0.00691874233615099
Pd3Pb_221,0.55,0.6000000000000001,0.000672172111457811,0.004293192555625299
Pd3Pb_221,0.6000000000000001,0.65,0.00032115285963568144,0.0027164727534310217
Pd3Pb_221,0.65,0.7000000000000001,0.00024412399680108794,0.0017973188823747802
Pd3Pb_221,0.7000000000000001,0.75,0.00030227368348213535,0.001273104439735623
Pd3Pb_221,0.75,0.8,0.0006928887707326696,0.00018176796358152297
Pd3Pb_221,0.8,0.8500000000000001,0.00210444741115861,2.715298404200388e-05
Pd3Pb_221,0.8500000000000001,0.9,0.0035329268560705136,1.3829733149423047e-05
Pd3Pb_221,0.9,0.9500000000000001,0.004230570476858041,6.737824237376647e-06
Pd3Pb_221,0.9500000000000001,1.0,0.004941589809768351,1.8013353440791098e-06
Pd3Pb_221,1.0,1.05,0.005400294770081321,0.0
Pd3Pb_221,1.05,1.1,0.004892547118661405,0.0
Pd3Pb_221,1.1,1.1500000000000001,0.0034985636258181786,0.0
Pd3Pb_221,1.1500000000000001,1.2000000000000002,0.002241019753185703,0.0
Pd3Pb_221,1.2000000000000002,1.25,0.0009592849343689405,0.0
Pd3Pb_221,1.25,1.3,0.00039502268456818217,0.0
Pd3Pb_221,1.3,1.35,0.00017294890461597555,0.0
Pd3Pb_221,1.35,1.4000000000000001,5.492083042181657e-05,0.0
Pd3Pb_221,1.4000000000000001,1.4500000000000002,1.3114134713214013e-05,0.0
Pd3Pb_221,1.4500000000000002,1.5,4.994719892186977e-07,0.0
Pd3Pb_221,1.5,1.55,0.0,0.0
Pd3Pb_221,1.55,1.6,0.0,0.0
Pd3Pb_221,1.6,1.6500000000000001,0.0,0.0
Pd3Pb_221,1.6500000000000001,1.7000000000000002,0.0,0.0
Pd3Pb_221,1.7000000000000002,1.75,0.0,0.0
Pd3Pb_221,1.75,1.8,0.0,0.0
Pd3Pb_221,1.8,1.85,0.0,0.0
Pd3Pb_221,1.85,1.9000000000000001,0.0,0.0
Pd3Pb_221,1.9000000000000001,1.9500000000000002,0.0,0.0
Pd3Pb_221,1.9500000000000002,2.0,0.0,0.0
Pd3Pb_221,2.0,2.0500000000000003,0.0,0.0
Pd3Pb_221,2.0500000000000003,2.1,0.0,0.0
Pd3Pb_221,2.1,2.15,0.0,0.0
Pd3Pb_221,2.15,2.2,0.0,0.0
Pd3Pb_221,2.2,2.25,0.0,0.0
Pd3Pb_221,2.25,2.3000000000000003,0.0,0.0
Pd3Pb_221,2.3000000000000003,2.35,0.0,0.0
Pd3Pb_221,2.35,2.4000000000000004,0.0,0.0
Pd3Pb_221,2.4000000000000004,2.45,0.0,0.0
Pd3Pb_221,2.45,2.5,0.0,0.0
Pd3Pb_221,2.5,2.5500000000000003,0.0,0.0
Pd3Pb_221,2.5500000000000003,2.6,0.0,0.0
Pd3Pb_221,2.6,2.6500000000000004,0.0,0.0
Pd3Pb_221,2.6500000000000004,2.7,0.0,0.0
Pd3Pb_221,2.7,2.75,0.0,0.0
Pd3Pb_221,2.75,2.8000000000000003,0.0,0.0
Pd3Pb_221,2.8000000000000003,2.85,0.0,0.0
Pd3Pb_221,2.85,2.9000000000000004,0.0,0.0
Pd3Pb_221,2.9000000000000004,2.95,0.0,0.0
Pd3Pb_221,2.95,3.0,0.0,0.0
Cs2AlInH6_225,0.0,0.05,0.0,0.008595177577377015
Cs2AlInH6_225,0.05,0.1,1.6928509096831004e-05,0.004384033511744235
Cs2AlInH6_225,0.1,0.15000000000000002,6.69807482133769e-05,0.003002881326056391
Cs2AlInH6_225,0.15000000000000002,0.2,0.0002565826114559045,0.00641501075972702
Cs2AlInH6_225,0.2,0.25,0.00039585483668574316,0.01401105767685771
Cs2AlInH6_225,0.25,0.30000000000000004,0.000707328681737053,0.008321023175699237
Cs2AlInH6_225,0.30000000000000004,0.35000000000000003,0.005009611033724631,0.0002980318262517678
Cs2AlInH6_225,0.35000000000000003,0.4,0.011071807214594524,1.3893714776963496e-05
Cs2AlInH6_225,0.4,0.45,0.013797234053333985,0.0
Cs2AlInH6_225,0.45,0.5,0.010221304452595698,0.0
Cs2AlInH6_225,0.5,0.55,0.006587442466064993,1.2461077328745537e-05
Cs2AlInH6_225,0.55,0.6000000000000001,0.004240754714762916,0.00031788005586963773
Cs2AlInH6_225,0.6000000000000001,0.65,0.0034539718229611802,0.0006699137817229503
Cs2AlInH6_225,0.65,0.7000000000000001,0.00311189123269102,0.0009431736047633923
Cs2AlInH6_225,0.7000000000000001,0.75,0.0029297009770848474,0.001152864113276235
Cs2AlInH6_225,0.75,0.8,0.0026958771297352943,0.001308431177591741
Cs2AlInH6_225,0.8,0.8500000000000001,0.0022859805507187522,0.0017858493222737218
Cs2AlInH6_225,0.8500000000000001,0.9,0.002424048802836327,0.0023282459890836536
Cs2AlInH6_225,0.9,0.9500000000000001,0.0024014740136187192,0.002767581134116498
Cs2AlInH6_225,0.9500000000000001,1.0,0.0025437533699910883,0.002957285288204375
Cs2AlInH6_225,1.0,1.05,0.0023297955040340176,0.0028520953284268753
Cs2AlInH6_225,1.05,1.1,0.002325122128537601,0.0028627323290705913
Cs2AlInH6_225,1.1,1.1500000000000001,0.002255035171902368,0.002644759579653708
Cs2AlInH6_225,1.1500000000000001,1.2000000000000002,0.0021682633516908268,0.0025046312770113524
Cs2AlInH6_225,1.2000000000000002,1.25,0.0019917034234009407,0.0021941936326341656
Cs2AlInH6_225,1.25,1.3,0.0020213977438718967,0.001679619279243843
Cs2AlInH6_225,1.3,1.35,0.0017970912185423275,0.0012038428597903948
Cs2AlInH6_225,1.35,1.4000000000000001,0.001805215558488595,0.0009017702360000973
Cs2AlInH6_225,1.4000000000000001,1.4500000000000002,0.0016367607330324554,0.0006188185856443484
Cs2AlInH6_225,1.4500000000000002,1.5,0.0014172228489002746,0.00027291110431380036
Cs2AlInH6_225,1.5,1.55,0.0013630964410981678,0.000154695954858299
Cs2AlInH6_225,1.55,1.6,0.001027631255729148,4.685167321227584e-05
Cs2AlInH6_225,1.6,1.6500000000000001,0.0008808918048639328,3.736114809126682e-05
Cs2AlInH6_225,1.6500000000000001,1.7000000000000002,0.0006487610765803515,2.0805592219981705e-06
Cs2AlInH6_225,1.7000000000000002,1.75,0.0004639436377742572,4.5771668121777595e-06
Cs2AlInH6_225,1.75,1.8,0.00028351004639916923,3.0366153568994652e-05
Cs2AlInH6_225,1.8,1.85,0.0001697652571452587,6.621552129349793e-05
Cs2AlInH6_225,1.85,1.9000000000000001,5.4631988818103664e-05,0.0001547984918353535
Cs2AlInH6_225,1.9000000000000001,1.9500000000000002,3.6636630963659704e-05,0.0002612062038563466
Cs2AlInH6_225,1.9500000000000002,2.0,1.6965297472597046e-05,0.00042549585856398316
Cs2AlInH6_225,2.0,2.0500000000000003,6.202626931001405e-06,0.000492895139499631
Cs2AlInH6_225,2.0500000000000003,2.1,5.321535414126582e-06,0.0007183719165755771
Cs2AlInH6_225,2.1,2.15,1.715139373164614e-06,0.0006950753620210636
Cs2AlInH6_225,2.15,2.2,5.212423433996646e-07,0.0009207364552148135
Cs2AlInH6_225,2.2,2.25,3.2709546042159975e-07,0.0009837595546037196
Cs2AlInH6_225,2.25,2.3000000000000003,0.0,0.0010190559179862322
Cs2AlInH6_225,2.3000000000000003,2.35,0.0,0.0011582258178282623
Cs2AlInH6_225,2.35,2.4000000000000004,0.0,0.0011826364471726471
Cs2AlInH6_225,2.4000000000000004,2.45,0.0,0.0012440744314924077
Cs2AlInH6_225,2.45,2.5,0.0,0.0013133777577161356
Cs2AlInH6_225,2.5,2.5500000000000003,0.0,0.0013946464895941127
Cs2AlInH6_225,2.5500000000000003,2.6,0.0,0.001371340563124463
Cs2AlInH6_225,2.6,2.6500000000000004,0.0,0.0015285751529357545
Cs2AlInH6_225,2.6500000000000004,2.7,0.0,0.0014052531112220942
Cs2AlInH6_225,2.7,2.75,0.0,0.0015164620325077744
Cs2AlInH6_225,2.75,2.8000000000000003,0.0,0.0013842365493046628
Cs2AlInH6_225,2.8000000000000003,2.85,0.0,0.0012426483667273697
Cs2AlInH6_225,2.85,2.9000000000000004,0.0,0.001244942597385433
Cs2AlInH6_225,2.9000000000000004,2.95,0.0,0.001077689566469256
Cs2AlInH6_225,2.95,3.0,0.0,0.0009646483437166032
TiSiRu2_225,0.0,0.05,6.194014931575469e-05,0.0035518923777169108
TiSiRu2_225,0.05,0.1,1.5816067547218288e-07,0.006588744735454697
TiSiRu2_225,0.1,0.15000000000000002,0.0013238754675737503,0.00421947755317589
TiSiRu2_225,0.15000000000000002,0.2,0.010549763146436249,0.002667137969258985
TiSiRu2_225,0.2,0.25,0.012279508065046916,0.00334536891090879
TiSiRu2_225,0.25,0.30000000000000004,0.002082766218312607,0.0038138140503808007
TiSiRu2_225,0.30000000000000004,0.35000000000000003,1.0309566145374116e-05,0.009418636144013016
TiSiRu2_225,0.35000000000000003,0.4,0.0003499259393120237,0.01359783006310168
TiSiRu2_225,0.4,0.45,0.0009641884336870851,0.011939335829681085
TiSiRu2_225,0.45,0.5,0.001374843646332018,0.009998905804985267
TiSiRu2_225,0.5,0.55,0.0013667340264768805,0.005489764419905568
TiSiRu2_225,0.55,0.6000000000000001,0.0018524063371072718,0.0033052747712639225
TiSiRu2_225,0.6000000000000001,0.65,0.0027326304859687307,0.002206545122033581
TiSiRu2_225,0.65,0.7000000000000001,0.0033841573568712527,0.0019125174380356742
TiSiRu2_225,0.7000000000000001,0.75,0.0032184685438766476,0.0014700025522222941
TiSiRu2_225,0.75,0.8,0.0038657950257010416,0.0012007670644462163
TiSiRu2_225,0.8,0.8500000000000001,0.004991197995924277,0.0008156520704870837
TiSiRu2_225,0.8500000000000001,0.9,0.006227329109263317,0.0006276876298660323
TiSiRu2_225,0.9,0.9500000000000001,0.006146361619688981,0.0003427324294109441
TiSiRu2_225,0.9500000000000001,1.0,0.005477621183953608,0.00015614724710486883
TiSiRu2_225,1.0,1.05,0.00451065178280838,5.3720317650142674e-05
TiSiRu2_225,1.05,1.1,0.0028283197216173845,1.1203530370091465e-05
TiSiRu2_225,1.1,1.1500000000000001,0.0011281132674211775,8.242288600405676e-07
TiSiRu2_225,1.1500000000000001,1.2000000000000002,0.0009106560152980934,0.0
TiSiRu2_225,1.2000000000000002,1.25,0.0011732926466592965,0.0
TiSiRu2_225,1.25,1.3,0.001276207492986172,0.0
TiSiRu2_225,1.3,1.35,0.0013514382444253313,0.0
TiSiRu2_225,1.35,1.4000000000000001,0.0011735666091940082,0.0
TiSiRu2_225,1.4000000000000001,1.4500000000000002,0.0010143285749900305,0.0
TiSiRu2_225,1.4500000000000002,1.5,0.0008795296875897708,9.790285261531384e-09
TiSiRu2_225,1.5,1.55,0.0005299541909296563,0.0
TiSiRu2_225,1.55,1.6,0.00025347657248211156,0.0
TiSiRu2_225,1.6,1.6500000000000001,4.151590083809135e-05,0.0
TiSiRu2_225,1.6500000000000001,1.7000000000000002,2.066900142699013e-06,0.0
TiSiRu2_225,1.7000000000000002,1.75,0.0,0.0
TiSiRu2_225,1.75,1.8,0.0,0.0
TiSiRu2_225,1.8,1.85,0.0,0.0
TiSiRu2_225,1.85,1.9000000000000001,0.0,0.0
TiSiRu2_225,1.9000000000000001,1.9500000000000002,0.0,0.0
TiSiRu2_225,1.9500000000000002,2.0,0.0,0.0
TiSiRu2_225,2.0,2.0500000000000003,0.0,0.0
TiSiRu2_225,2.0500000000000003,2.1,0.0,0.0
TiSiRu2_225,2.1,2.15,0.0,0.0
TiSiRu2_225,2.15,2.2,0.0,0.0
TiSiRu2_225,2.2,2.25,0.0,0.0
TiSiRu2_225,2.25,2.3000000000000003,0.0,0.0
TiSiRu2_225,2.3000000000000003,2.35,0.0,0.0
TiSiRu2_225,2.35,2.4000000000000004,0.0,0.0
TiSiRu2_225,2.4000000000000004,2.45,0.0,0.0
TiSiRu2_225,2.45,2.5,0.0,0.0
TiSiRu2_225,2.5,2.5500000000000003,0.0,0.0
TiSiRu2_225,2.5500000000000003,2.6,0.0,0.0
TiSiRu2_225,2.6,2.6500000000000004,0.0,0.0
TiSiRu2_225,2.6500000000000004,2.7,0.0,0.0
TiSiRu2_225,2.7,2.75,0.0,0.0
TiSiRu2_225,2.75,2.8000000000000003,0.0,0.0
TiSiRu2_225,2.8000000000000003,2.85,0.0,0.0
TiSiRu2_225,2.85,2.9000000000000004,0.0,0.0
TiSiRu2_225,2.9000000000000004,2.95,0.0,0.0
TiSiRu2_225,2.95,3.0,0.0,0.0
YSi2Rh3_191,0.0,0.05,0.0,0.007585921289509117
YSi2Rh3_191,0.05,0.1,0.0002839204101656688,0.007035503171743289
YSi2Rh3_191,0.1,0.15000000000000002,0.002673475390633481,0.0048774049962742975
YSi2Rh3_191,0.15000000000000002,0.2,0.017190971175587273,0.0016989030818795419
YSi2Rh3_191,0.2,0.25,0.018900600702235554,0.0014177507726203858
YSi2Rh3_191,0.25,0.30000000000000004,0.008192833965932959,0.0016516877397370012
YSi2Rh3_191,0.30000000000000004,0.35000000000000003,0.0011624634427279891,0.008029093473394531
YSi2Rh3_191,0.35000000000000003,0.4,0.0003375871742564486,0.01356391075880907
YSi2Rh3_191,0.4,0.45,0.0005938060054102877,0.014116897623855934
YSi2Rh3_191,0.45,0.5,0.0005629036048644716,0.010376085421185127
YSi2Rh3_191,0.5,0.55,0.00040570445150902695,0.006259536992527668
YSi2Rh3_191,0.55,0.6000000000000001,0.0004543384240421761,0.0028436612906660415
YSi2Rh3_191,0.6000000000000001,0.65,0.0008004610542725454,0.0015899733377065363
YSi2Rh3_191,0.65,0.7000000000000001,0.0011259397855375138,0.0012150157641288835
YSi2Rh3_191,0.7000000000000001,0.75,0.0013623871202521542,0.001237335419661837
YSi2Rh3_191,0.75,0.8,0.002025135601897541,0.0013325075142755194
YSi2Rh3_191,0.8,0.8500000000000001,0.00307521123409488,0.0013545632508485293
YSi2Rh3_191,0.8500000000000001,0.9,0.0035088841736533615,0.0012904551905587717
YSi2Rh3_191,0.9,0.9500000000000001,0.0037055774692525837,0.0011219903010899726
YSi2Rh3_191,0.9500000000000001,1.0,0.0034790386613879703,0.0009167936833628502
YSi2Rh3_191,1.0,1.05,0.002842746153631394,0.0006640238363380948
YSi2Rh3_191,1.05,1.1,0.0027603796038822136,0.0004789581354153005
YSi2Rh3_191,1.1,1.1500000000000001,0.0024999298825283648,0.000297623183089892
YSi2Rh3_191,1.1500000000000001,1.2000000000000002,0.002270855607904477,0.0002109946504224322
YSi2Rh3_191,1.2000000000000002,1.25,0.001821808383831537,0.0001621864607817208
YSi2Rh3_191,1.25,1.3,0.0013396934552267232,0.00010723913363565862
YSi2Rh3_191,1.3,1.35,0.0010661453557642855,4.507285451129017e-05
YSi2Rh3_191,1.35,1.4000000000000001,0.0008407068524867912,2.910836566644242e-05
YSi2Rh3_191,1.4000000000000001,1.4500000000000002,0.0006709007056864034,2.472788457593714e-05
YSi2Rh3_191,1.4500000000000002,1.5,0.0004485187720373685,3.8481644514694496e-05
YSi2Rh3_191,1.5,1.55,0.0003555501838276107,4.437843568752876e-05
YSi2Rh3_191,1.55,1.6,0.00026774731796401626,5.1107803183536204e-05
YSi2Rh3_191,1.6,1.6500000000000001,0.00018328595540525376,3.852066560203981e-05
YSi2Rh3_191,1.6500000000000001,1.7000000000000002,0.00010582703964492195,1.2327792753870379e-05
YSi2Rh3_191,1.7000000000000002,1.75,5.9714385315242316e-05,4.809736274238117e-06
YSi2Rh3_191,1.75,1.8,1.6857675760575933e-05,1.2767674385737946e-06
YSi2Rh3_191,1.8,1.85,1.2539614322694637e-06,0.0
YSi2Rh3_191,1.85,1.9000000000000001,0.0,0.0
YSi2Rh3_191,1.9000000000000001,1.9500000000000002,0.0,0.0
YSi2Rh3_191,1.9500000000000002,2.0,0.0,0.0
YSi2Rh3_191,2.0,2.0500000000000003,0.0,0.0
YSi2Rh3_191,2.0500000000000003,2.1,0.0,0.0
YSi2Rh3_191,2.1,2.15,0.0,0.0
YSi2Rh3_191,2.15,2.2,0.0,0.0
YSi2Rh3_191,2.2,2.25,0.0,0.0
YSi2Rh3_191,2.25,2.3000000000000003,0.0,0.0
YSi2Rh3_191,2.3000000000000003,2.35,0.0,0.0
YSi2Rh3_191,2.35,2.4000000000000004,0.0,0.0
YSi2Rh3_191,2.4000000000000004,2.45,0.0,0.0
YSi2Rh3_191,2.45,2.5,0.0,0.0
YSi2Rh3_191,2.5,2.5500000000000003,0.0,0.0
YSi2Rh3_191,2.5500000000000003,2.6,0.0,0.0
YSi2Rh3_191,2.6,2.6500000000000004,0.0,0.0
YSi2Rh3_191,2.6500000000000004,2.7,0.0,0.0
YSi2Rh3_191,2.7,2.75,0.0,0.0
YSi2Rh3_191,2.75,2.8000000000000003,0.0,0.0
YSi2Rh3_191,2.8000000000000003,2.85,0.0,0.0
YSi2Rh3_191,2.85,2.9000000000000004,0.0,0.0
YSi2Rh3_191,2.9000000000000004,2.95,0.0,0.0
YSi2Rh3_191,2.95,3.0,0.0,0.0
ZnNi_123,0.0,0.05,0.0,0.0018189000040678305
ZnNi_123,0.05,0.1,0.0008532277233013262,0.0026441844357104876
ZnNi_123,0.1,0.15000000000000002,0.0,0.017117927881065885
ZnNi_123,0.15000000000000002,0.2,0.0,0.031480624429980654
ZnNi_123,0.2,0.25,0.0,0.03452549081255888
ZnNi_123,0.25,0.30000000000000004,0.0,0.018752888707387137
ZnNi_123,0.30000000000000004,0.35000000000000003,0.002561085833159292,0.001894518645261329
ZnNi_123,0.35000000000000003,0.4,0.016024867407365827,0.0
ZnNi_123,0.4,0.45,0.023317828705081624,0.0
ZnNi_123,0.45,0.5,0.02517573754780514,0.0
ZnNi_123,0.5,0.55,0.02050985193988588,0.0
ZnNi_123,0.55,0.6000000000000001,0.01345618932091545,0.0
ZnNi_123,0.6000000000000001,0.65,0.0048890925776109,0.0
ZnNi_123,0.65,0.7000000000000001,0.000623380945594779,0.0009455311176772891
ZnNi_123,0.7000000000000001,0.75,1.8190227706705224e-06,0.0023198679779982243
ZnNi_123,0.75,0.8,9.138895227988213e-07,0.0017283640115137596
ZnNi_123,0.8,0.8500000000000001,0.00010319909637756065,0.0008036714268153601
ZnNi_123,0.8500000000000001,0.9,0.0002970990237790216,0.00036225044354826484
ZnNi_123,0.9,0.9500000000000001,0.0004665989884180415,0.00014926635205849692
ZnNi_123,0.9500000000000001,1.0,0.0006419415066376599,5.679620520696684e-05
ZnNi_123,1.0,1.05,0.000855018293357946,9.524794809643049e-06
ZnNi_123,1.05,1.1,0.0008910899726208746,9.242067307013178e-08
ZnNi_123,1.1,1.1500000000000001,0.0007613290476280185,0.0
ZnNi_123,1.1500000000000001,1.2000000000000002,0.0005771824290098437,0.0
ZnNi_123,1.2000000000000002,1.25,0.00021177852254946995,0.0
ZnNi_123,1.25,1.3,7.65920568781501e-05,0.0
ZnNi_123,1.3,1.35,2.1053487618247948e-05,0.0
ZnNi_123,1.35,1.4000000000000001,0.0,0.0
ZnNi_123,1.4000000000000001,1.4500000000000002,0.0,0.0
ZnNi_123,1.4500000000000002,1.5,0.0,0.0
ZnNi_123,1.5,1.55,0.0,0.0
ZnNi_123,1.55,1.6,0.0,0.0
ZnNi_123,1.6,1.6500000000000001,0.0,0.0
ZnNi_123,1.6500000000000001,1.7000000000000002,0.0,0.0
ZnNi_123,1.7000000000000002,1.75,0.0,0.0
ZnNi_123,1.75,1.8,0.0,0.0
ZnNi_123,1.8,1.85,0.0,0.0
ZnNi_123,1.85,1.9000000000000001,0.0,0.0
ZnNi_123,1.9000000000000001,1.9500000000000002,0.0,0.0
ZnNi_123,1.9500000000000002,2.0,0.0,0.0
ZnNi_123,2.0,2.0500000000000003,0.0,0.0
ZnNi_123,2.0500000000000003,2.1,0.0,0.0
ZnNi_123,2.1,2.15,0.0,0.0
ZnNi_123,2.15,2.2,0.0,0.0
ZnNi_123,2.2,2.25,0.0,0.0
ZnNi_123,2.25,2.3000000000000003,0.0,0.0
ZnNi_123,2.3000000000000003,2.35,0.0,0.0
ZnNi_123,2.35,2.4000000000000004,0.0,0.0
ZnNi_123,2.4000000000000004,2.45,0.0,0.0
ZnNi_123,2.45,2.5,0.0,0.0
ZnNi_123,2.5,2.5500000000000003,0.0,0.0
ZnNi_123,2.5500000000000003,2.6,0.0,0.0
ZnNi_123,2.6,2.6500000000000004,0.0,0.0
ZnNi_123,2.6500000000000004,2.7,0.0,0.0
ZnNi_123,2.7,2.75,0.0,0.0
ZnNi_123,2.75,2.8000000000000003,0.0,0.0
ZnNi_123,2.8000000000000003,2.85,0.0,0.0
ZnNi_123,2.85,2.9000000000000004,0.0,0.0
ZnNi_123,2.9000000000000004,2.95,0.0,0.0
ZnNi_123,2.95,3.0,0.0,0.0
SrLi4N2_141,0.0,0.05,0.0,0.004520596362515622
SrLi4N2_141,0.05,0.1,0.0005065677024385901,0.002422104576157365
SrLi4N2_141,0.1,0.15000000000000002,6.811092764251348e-06,0.004398322253481128
SrLi4N2_141,0.15000000000000002,0.2,0.0014028513095546893,0.0025586404642106656
SrLi4N2_141,0.2,0.25,0.01024017238467435,0.0004543195271546792
SrLi4N2_141,0.25,0.30000000000000004,0.013451763269311249,0.00029087857368931876
SrLi4N2_141,0.30000000000000004,0.35000000000000003,0.009466305926498065,0.00014112000793252137
SrLi4N2_141,0.35000000000000003,0.4,0.002644551844042188,0.00016311242925109399
SrLi4N2_141,0.4,0.45,0.00020571191537394054,0.003170098726629067
SrLi4N2_141,0.45,0.5,0.0001924086419329649,0.00561210863322505
SrLi4N2_141,0.5,0.55,0.0003224044446855999,0.005865040258763466
SrLi4N2_141,0.55,0.6000000000000001,0.0006665683895581562,0.004666727802626624
SrLi4N2_141,0.6000000000000001,0.65,0.0011102374598572638,0.003336318236882946
SrLi4N2_141,0.65,0.7000000000000001,0.0015927046776369493,0.002246034486649651
SrLi4N2_141,0.7000000000000001,0.75,0.0020826550038213964,0.0016893654901113469
SrLi4N2_141,0.75,0.8,0.0025940848521716466,0.0015920409939518393
SrLi4N2_141,0.8,0.8500000000000001,0.0032635489188145143,0.0017561190242677532
SrLi4N2_141,0.8500000000000001,0.9,0.003805890587498924,0.0020386416768777937
SrLi4N2_141,0.9,0.9500000000000001,0.004043182776110245,0.0024017035990465826
SrLi4N2_141,0.9500000000000001,1.0,0.004325771094620374,0.002730287188333735
SrLi4N2_141,1.0,1.05,0.004320649636382943,0.003039699235518801
SrLi4N2_141,1.05,1.1,0.004211342534791847,0.0032815541957666393
SrLi4N2_141,1.1,1.1500000000000001,0.003886605404105961,0.003555863290692338
SrLi4N2_141,1.1500000000000001,1.2000000000000002,0.0037441071907902707,0.0038582859591338023
SrLi4N2_141,1.2000000000000002,1.25,0.0035933377834694935,0.00408292357809562
SrLi4N2_141,1.25,1.3,0.003260026361087403,0.004333381571947022
SrLi4N2_141,1.3,1.35,0.0029890268865409527,0.004315763696704111
SrLi4N2_141,1.35,1.4000000000000001,0.0025567933519043853,0.0040967171854715285
SrLi4N2_141,1.4000000000000001,1.4500000000000002,0.00216395628697846,0.0038423861573525582
SrLi4N2_141,1.4500000000000002,1.5,0.0018319028352111338,0.0033738204847328828
SrLi4N2_141,1.5,1.55,0.001466381918618759,0.0028413245081405883
SrLi4N2_141,1.55,1.6,0.0011247508114307666,0.002320316084702192
SrLi4N2_141,1.6,1.6500000000000001,0.0008682701367795048,0.0018016241495156149
SrLi4N2_141,1.6500000000000001,1.7000000000000002,0.0006293674159598474,0.0014189835700727038
SrLi4N2_141,1.7000000000000002,1.75,0.0004015846019145783,0.0011008753549492884
SrLi4N2_141,1.75,1.8,0.00023102029715177822,0.0007489708564176384
SrLi4N2_141,1.8,1.85,0.00010163067557954436,0.00042659660689879766
SrLi4N2_141,1.85,1.9000000000000001,2.0949224494994574e-05,0.0001694284365605683
SrLi4N2_141,1.9000000000000001,1.9500000000000002,5.427274018751274e-07,7.455799231861986e-05
SrLi4N2_141,1.9500000000000002,2.0,0.0,8.255348849162403e-05
SrLi4N2_141,2.0,2.0500000000000003,0.0,9.603222363278723e-05
SrLi4N2_141,2.0500000000000003,2.1,0.0,0.00011122864210546004
SrLi4N2_141,2.1,2.15,0.0,9.481623689642184e-05
SrLi4N2_141,2.15,2.2,0.0,9.043373204391216e-05
SrLi4N2_141,2.2,2.25,0.0,8.61920475864389e-05
SrLi4N2_141,2.25,2.3000000000000003,0.0,7.29560611791552e-05
SrLi4N2_141,2.3000000000000003,2.35,0.0,6.843936675559665e-05
SrLi4N2_141,2.35,2.4000000000000004,0.0,4.66404529517112e-05
SrLi4N2_141,2.4000000000000004,2.45,0.0,3.246442656811583e-05
SrLi4N2_141,2.45,2.5,0.0,3.071756487703387e-05
SrLi4N2_141,2.5,2.5500000000000003,0.0,1.7252988119717048e-05
SrLi4N2_141,2.5500000000000003,2.6,0.0,1.292930000555618e-05
SrLi4N2_141,2.6,2.6500000000000004,0.0,4.973276580175677e-06
SrLi4N2_141,2.6500000000000004,2.7,0.0,8.234936956960322e-07
SrLi4N2_141,2.7,2.75,0.0,0.0
SrLi4N2_141,2.75,2.8000000000000003,0.0,0.0
SrLi4N2_141,2.8000000000000003,2.85,0.0,0.0
SrLi4N2_141,2.85,2.9000000000000004,0.0,0.0
SrLi4N2_141,2.9000000000000004,2.95,0.0,0.0
SrLi4N2_141,2.95,3.0,0.0,0.0
LiAl5O8_212,0.0,0.05,0.0,0.0020027927641206346
LiAl5O8_212,0.05,0.1,0.0,0.0019197731079975727
LiAl5O8_212,0.1,0.15000000000000002,0.0007440254762738958,0.0008568398747101876
LiAl5O8_212,0.15000000000000002,0.2,0.0029908414502644817,0.0015001632066203154
LiAl5O8_212,0.2,0.25,0.002859457285650784,0.0016730422315401814
LiAl5O8_212,0.25,0.30000000000000004,0.0019439419558054674,0.0013272456468913045
LiAl5O8_212,0.30000000000000004,0.35000000000000003,0.0006382214615233339,0.0006778949082742826
LiAl5O8_212,0.35000000000000003,0.4,0.000140823974256775,0.00026837252997351495
LiAl5O8_212,0.4,0.45,0.0004448579965619529,0.00016333559455253274
LiAl5O8_212,0.45,0.5,0.001001188802375378,2.8834336030722737e-05
LiAl5O8_212,0.5,0.55,0.0017447141005234891,7.176804769186739e-05
LiAl5O8_212,0.55,0.6000000000000001,0.002690357817584583,0.0003775715832451784
LiAl5O8_212,0.6000000000000001,0.65,0.0033102813505469027,0.0008431006658816524
LiAl5O8_212,0.65,0.7000000000000001,0.004024761717931346,0.0013122332724857318
LiAl5O8_212,0.7000000000000001,0.75,0.004208398549423728,0.0017366197279812883
LiAl5O8_212,0.75,0.8,0.004571794758342883,0.0020813549417936597
LiAl5O8_212,0.8,0.8500000000000001,0.005013799267109176,0.002289009480281169
LiAl5O8_212,0.8500000000000001,0.9,0.005082265059799352,0.002392332681615864
LiAl5O8_212,0.9,0.9500000000000001,0.005134923004706318,0.002507107618928006
LiAl5O8_212,0.9500000000000001,1.0,0.004668223178914678,0.0024735014221886256
LiAl5O8_212,1.0,1.05,0.004015099121352721,0.0024866877499049966
LiAl5O8_212,1.05,1.1,0.0036815192416095595,0.0024824855916907476
LiAl5O8_212,1.1,1.1500000000000001,0.002868515677177548,0.002340386406029762
LiAl5O8_212,1.1500000000000001,1.2000000000000002,0.002191177594023841,0.002205902881472287
LiAl5O8_212,1.2000000000000002,1.25,0.0012963219737307968,0.0019779517002127657
LiAl5O8_212,1.25,1.3,0.0005600091515199276,0.0017801148775695125
LiAl5O8_212,1.3,1.35,0.00016228209306327185,0.0017267463003824714
LiAl5O8_212,1.35,1.4000000000000001,3.7119422868476084e-05,0.0018714114939074858
LiAl5O8_212,1.4000000000000001,1.4500000000000002,9.471091289240542e-06,0.002077346870408925
LiAl5O8_212,1.4500000000000002,1.5,5.722506059367824e-07,0.002154886559124519
LiAl5O8_212,1.5,1.55,0.0,0.0023541646976095788
LiAl5O8_212,1.55,1.6,0.0,0.0024081285668214876
LiAl5O8_212,1.6,1.6500000000000001,0.0,0.002279699617810199
LiAl5O8_212,1.6500000000000001,1.7000000000000002,0.0,0.0023124200215230884
LiAl5O8_212,1.7000000000000002,1.75,0.0,0.0019935435005898052
LiAl5O8_212,1.75,1.8,0.0,0.0017587145540103849
LiAl5O8_212,1.8,1.85,0.0,0.0016141544927979513
LiAl5O8_212,1.85,1.9000000000000001,0.0,0.0013133063970463335
LiAl5O8_212,1.9000000000000001,1.9500000000000002,0.0,0.0011199567033609483
LiAl5O8_212,1.9500000000000002,2.0,0.0,0.0007637951382168763
LiAl5O8_212,2.0,2.0500000000000003,0.0,0.00043591808409646935
LiAl5O8_212,2.0500000000000003,2.1,0.0,0.00024794429568124413
LiAl5O8_212,2.1,2.15,0.0,5.284215288343987e-05
LiAl5O8_212,2.15,2.2,0.0,3.178929154967944e-05
LiAl5O8_212,2.2,2.25,0.0,0.0
LiAl5O8_212,2.25,2.3000000000000003,0.0,0.0
LiAl5O8_212,2.3000000000000003,2.35,0.0,0.0
LiAl5O8_212,2.35,2.4000000000000004,0.0,0.0
LiAl5O8_212,2.4000000000000004,2.45,0.0,0.0
LiAl5O8_212,2.45,2.5,0.0,0.0
LiAl5O8_212,2.5,2.5500000000000003,0.0,0.0
LiAl5O8_212,2.5500000000000003,2.6,0.0,0.0
LiAl5O8_212,2.6,2.6500000000000004,0.0,0.0
LiAl5O8_212,2.6500000000000004,2.7,0.0,0.0
LiAl5O8_212,2.7,2.75,0.0,0.0
LiAl5O8_212,2.75,2.8000000000000003,0.0,0.0
LiAl5O8_212,2.8000000000000003,2.85,0.0,0.0
LiAl5O8_212,2.85,2.9000000000000004,0.0,0.0
LiAl5O8_212,2.9000000000000004,2.95,0.0,0.0
LiAl5O8_212,2.95,3.0,0.0,0.0
AlTc2_139,0.0,0.05,0.0,0.002167334243693723
AlTc2_139,0.05,0.1,0.0,0.007472428846259313
AlTc2_139,0.1,0.15000000000000002,0.0019676795394470924,0.002810297057493539
AlTc2_139,0.15000000000000002,0.2,0.012634685337073617,0.0011357709405149065
AlTc2_139,0.2,0.25,0.013467638265815436,0.001212230337995959
AlTc2_139,0.25,0.30000000000000004,0.0034608026187178263,0.0013083906729720349
AlTc2_139,0.30000000000000004,0.35000000000000003,0.0,0.006859521838653659
AlTc2_139,0.35000000000000003,0.4,1.8720413335548348e-05,0.010563036812103277
AlTc2_139,0.4,0.45,0.00021796816693377244,0.01043676652824734
AlTc2_139,0.45,0.5,0.0002711091627337872,0.007270282638839765
AlTc2_139,0.5,0.55,0.00016254385113003173,0.0038753377716144893
AlTc2_139,0.55,0.6000000000000001,0.0005863820300064508,0.0020057048948760496
AlTc2_139,0.6000000000000001,0.65,0.0012802918124380613,0.0014297391066190304
AlTc2_139,0.65,0.7000000000000001,0.0018369048988752712,0.0012303062192185843
AlTc2_139,0.7000000000000001,0.75,0.0023698267425353494,0.001209886317306686
AlTc2_139,0.75,0.8,0.003281943784919589,0.0012844077869586887
AlTc2_139,0.8,0.8500000000000001,0.004187762519534076,0.0013487646365109626
AlTc2_139,0.8500000000000001,0.9,0.004761930760228411,0.0012845459008815503
AlTc2_139,0.9,0.9500000000000001,0.004162606953880787,0.001143037150672684
AlTc2_139,0.9500000000000001,1.0,0.0036589008945307547,0.000970002478561124
AlTc2_139,1.0,1.05,0.0028296916582493175,0.0007753884636157276
AlTc2_139,1.05,1.1,0.0011883235952149284,0.0005169342930302344
AlTc2_139,1.1,1.1500000000000001,0.00016068347171795027,0.00023541769565695714
AlTc2_139,1.1500000000000001,1.2000000000000002,8.525185645295504e-05,4.991271260873215e-05
AlTc2_139,1.2000000000000002,1.25,0.0003130116877603889,3.2988927736694248e-06
AlTc2_139,1.25,1.3,0.0005516424444907905,0.0
AlTc2_139,1.3,1.35,0.0007713072249357286,0.0
AlTc2_139,1.35,1.4000000000000001,0.000895299555915373,0.0
AlTc2_139,1.4000000000000001,1.4500000000000002,0.0008982815103499803,0.0
AlTc2_139,1.4500000000000002,1.5,0.0008701376105945612,0.0
AlTc2_139,1.5,1.55,0.0006829771551237243,0.0
AlTc2_139,1.55,1.6,0.00040354388130718985,0.0
AlTc2_139,1.6,1.6500000000000001,0.00014306771955636507,0.0
AlTc2_139,1.6500000000000001,1.7000000000000002,1.4377523821383052e-05,0.0
AlTc2_139,1.7000000000000002,1.75,0.0,0.0
AlTc2_139,1.75,1.8,0.0,0.0
AlTc2_139,1.8,1.85,0.0,0.0
AlTc2_139,1.85,1.9000000000000001,0.0,0.0
AlTc2_139,1.9000000000000001,1.9500000000000002,0.0,0.0
AlTc2_139,1.9500000000000002,2.0,0.0,0.0
AlTc2_139,2.0,2.0500000000000003,0.0,0.0
AlTc2_139,2.0500000000000003,2.1,0.0,0.0
AlTc2_139,2.1,2.15,0.0,0.0
AlTc2_139,2.15,2.2,0.0,0.0
AlTc2_139,2.2,2.25,0.0,0.0
AlTc2_139,2.25,2.3000000000000003,0.0,0.0
AlTc2_139,2.3000000000000003,2.35,0.0,0.0
AlTc2_139,2.35,2.4000000000000004,0.0,0.0
AlTc2_139,2.4000000000000004,2.45,0.0,0.0
AlTc2_139,2.45,2.5,0.0,0.0
AlTc2_139,2.5,2.5500000000000003,0.0,0.0
AlTc2_139,2.5500000000000003,2.6,0.0,0.0
AlTc2_139,2.6,2.6500000000000004,0.0,0.0
AlTc2_139,2.6500000000000004,2.7,0.0,0.0
AlTc2_139,2.7,2.75,0.0,0.0
AlTc2_139,2.75,2.8000000000000003,0.0,0.0
AlTc2_139,2.8000000000000003,2.85,0.0,0.0
AlTc2_139,2.85,2.9000000000000004,0.0,0.0
AlTc2_139,2.9000000000000004,2.95,0.0,0.0
AlTc2_139,2.95,3.0,0.0,0.0
Zn(GaTe2)2_82,0.0,0.05,0.0,0.0026450362932633853
Zn(GaTe2)2_82,0.05,0.1,0.00023899907627891558,0.0029713112195623084
Zn(GaTe2)2_82,0.1,0.15000000000000002,0.0,0.009933067597613962
Zn(GaTe2)2_82,0.15000000000000002,0.2,0.0,0.014443535249134262
Zn(GaTe2)2_82,0.2,0.25,0.0,0.01717632961196184
Zn(GaTe2)2_82,0.25,0.30000000000000004,0.00014033305999058718,0.013307891393269482
Zn(GaTe2)2_82,0.30000000000000004,0.35000000000000003,0.001979470959534822,0.005493293107615919
Zn(GaTe2)2_82,0.35000000000000003,0.4,0.007231675212586869,0.000526470625717438
Zn(GaTe2)2_82,0.4,0.45,0.013406434224450979,0.0
Zn(GaTe2)2_82,0.45,0.5,0.014632125682597561,0.00013069290938555635
Zn(GaTe2)2_82,0.5,0.55,0.012828657200788657,0.0005650212241209817
Zn(GaTe2)2_82,0.55,0.6000000000000001,0.008953632883220325,0.0007626949195472671
Zn(GaTe2)2_82,0.6000000000000001,0.65,0.004991707633057676,0.0007799754622802035
Zn(GaTe2)2_82,0.65,0.7000000000000001,0.002686879058465128,0.0011131442826874418
Zn(GaTe2)2_82,0.7000000000000001,0.75,0.002055737135428839,0.0015037695939888254
Zn(GaTe2)2_82,0.75,0.8,0.0020183328063390587,0.001284655393964188
Zn(GaTe2)2_82,0.8,0.8500000000000001,0.002269766856732457,0.0010378170749190513
Zn(GaTe2)2_82,0.8500000000000001,0.9,0.002679331553224562,0.0009541408692559264
Zn(GaTe2)2_82,0.9,0.9500000000000001,0.0030662639707170146,0.0009401055853786353
Zn(GaTe2)2_82,0.9500000000000001,1.0,0.0031738575721587236,0.0009429343894859439
Zn(GaTe2)2_82,1.0,1.05,0.0030368893000115604,0.0009480670205870362
Zn(GaTe2)2_82,1.05,1.1,0.0029209047599038024,0.0009318063765689608
Zn(GaTe2)2_82,1.1,1.1500000000000001,0.002272225885543375,0.0009416788048250106
Zn(GaTe2)2_82,1.1500000000000001,1.2000000000000002,0.0015269199336898863,0.0009751002658674873
Zn(GaTe2)2_82,1.2000000000000002,1.25,0.0009778975100379107,0.0010302669446164724
Zn(GaTe2)2_82,1.25,1.3,0.0005905778706363337,0.0011044854108916125
Zn(GaTe2)2_82,1.3,1.35,0.0003365631845225283,0.0011702412929732414
Zn(GaTe2)2_82,1.35,1.4000000000000001,0.0001763814332355616,0.001215804445065592
Zn(GaTe2)2_82,1.4000000000000001,1.4500000000000002,9.04654212785178e-05,0.001262461194900794
Zn(GaTe2)2_82,1.4500000000000002,1.5,4.3638206343713205e-05,0.0012831658153648333
Zn(GaTe2)2_82,1.5,1.55,1.633761399995731e-05,0.0012683288729633546
Zn(GaTe2)2_82,1.55,1.6,3.5263495260972333e-06,0.0012496076991562887
Zn(GaTe2)2_82,1.6,1.6500000000000001,2.2278034879857356e-07,0.0012049897281590307
Zn(GaTe2)2_82,1.6500000000000001,1.7000000000000002,0.0,0.0011174834227441514
Zn(GaTe2)2_82,1.7000000000000002,1.75,0.0,0.0009901922847465516
Zn(GaTe2)2_82,1.75,1.8,0.0,0.0008413546473138722
Zn(GaTe2)2_82,1.8,1.85,0.0,0.0006908650941919597
Zn(GaTe2)2_82,1.85,1.9000000000000001,0.0,0.0005398129941095294
Zn(GaTe2)2_82,1.9000000000000001,1.9500000000000002,0.0,0.000384101591270898
Zn(GaTe2)2_82,1.9500000000000002,2.0,0.0,0.00023304167852552442
Zn(GaTe2)2_82,2.0,2.0500000000000003,0.0,0.00011158870045796304
Zn(GaTe2)2_82,2.0500000000000003,2.1,0.0,4.916255982364052e-05
Zn(GaTe2)2_82,2.1,2.15,0.0,1.968611757913925e-05
Zn(GaTe2)2_82,2.15,2.2,0.0,5.8691930738908705e-06
Zn(GaTe2)2_82,2.2,2.25,0.0,3.4217456755263796e-07
Zn(GaTe2)2_82,2.25,2.3000000000000003,0.0,0.0
Zn(GaTe2)2_82,2.3000000000000003,2.35,0.0,0.0
Zn(GaTe2)2_82,2.35,2.4000000000000004,0.0,0.0
Zn(GaTe2)2_82,2.4000000000000004,2.45,0.0,0.0
Zn(GaTe2)2_82,2.45,2.5,0.0,0.0
Zn(GaTe2)2_82,2.5,2.5500000000000003,0.0,0.0
Zn(GaTe2)2_82,2.5500000000000003,2.6,0.0,0.0
Zn(GaTe2)2_82,2.6,2.6500000000000004,0.0,0.0
Zn(GaTe2)2_82,2.6500000000000004,2.7,0.0,0.0
Zn(GaTe2)2_82,2.7,2.75,0.0,0.0
Zn(GaTe2)2_82,2.75,2.8000000000000003,0.0,0.0
Zn(GaTe2)2_82,2.8000000000000003,2.85,0.0,0.0
Zn(GaTe2)2_82,2.85,2.9000000000000004,0.0,0.0
Zn(GaTe2)2_82,2.9000000000000004,2.95,0.0,0.0
Zn(GaTe2)2_82,2.95,3.0,0.0,0.0
MgNiSb_216,0.0,0.05,0.0,0.004274497368127503
MgNiSb_216,0.05,0.1,0.0009142967660462586,0.0018654505741861182
MgNiSb_216,0.1,0.15000000000000002,0.0,0.009247421851774842
MgNiSb_216,0.15000000000000002,0.2,0.0,0.017445825490261187
MgNiSb_216,0.2,0.25,0.0,0.016025358732331664
MgNiSb_216,0.25,0.30000000000000004,0.0,0.014781217498702457
MgNiSb_216,0.30000000000000004,0.35000000000000003,0.0005473289846506628,0.005035848987818734
MgNiSb_216,0.35000000000000003,0.4,0.00800546186878359,0.0010601705072194247
MgNiSb_216,0.4,0.45,0.014458041491533445,0.0
MgNiSb_216,0.45,0.5,0.016338941802968708,0.0
MgNiSb_216,0.5,0.55,0.014200362683701007,4.206854774155957e-07
MgNiSb_216,0.55,0.6000000000000001,0.010715859859641219,7.397494300408017e-05
MgNiSb_216,0.6000000000000001,0.65,0.005743389376801895,0.0002997820453803316
MgNiSb_216,0.65,0.7000000000000001,0.002166047022089494,0.0005317550260524952
MgNiSb_216,0.7000000000000001,0.75,0.0004411955354510827,0.0009207557025435016
MgNiSb_216,0.75,0.8,0.00038559438799198436,0.0011737496471564155
MgNiSb_216,0.8,0.8500000000000001,0.000901933956139511,0.00144133229124394
MgNiSb_216,0.8500000000000001,0.9,0.0014942032903481567,0.0016031637411201155
MgNiSb_216,0.9,0.9500000000000001,0.0017694750404036873,0.0016351939900505626
MgNiSb_216,0.9500000000000001,1.0,0.002171497842902034,0.0016537389657984233
MgNiSb_216,1.0,1.05,0.0023068759508837623,0.0014996700165375231
MgNiSb_216,1.05,1.1,0.002449984838019993,0.0013408872099164475
MgNiSb_216,1.1,1.1500000000000001,0.0021047299446658964,0.0012982745172552734
MgNiSb_216,1.1500000000000001,1.2000000000000002,0.0018153390571727498,0.001059324664857666
MgNiSb_216,1.2000000000000002,1.25,0.0013395785892520232,0.0010341825452028794
MgNiSb_216,1.25,1.3,0.0008952417043995819,0.000990990662090197
MgNiSb_216,1.3,1.35,0.00047638710235767257,0.0009747281795949542
MgNiSb_216,1.35,1.4000000000000001,0.0003007572195468155,0.0009674645470924854
MgNiSb_216,1.4000000000000001,1.4500000000000002,0.00023808980594903573,0.0009599128429784742
MgNiSb_216,1.4500000000000002,1.5,0.00017432156891229278,0.000970326138591078
MgNiSb_216,1.5,1.55,5.00802760857858e-05,0.0008805094904018043
MgNiSb_216,1.55,1.6,1.3947363626587032e-05,0.0008767457707338386
MgNiSb_216,1.6,1.6500000000000001,1.3854370027364052e-06,0.0007669909718398506
MgNiSb_216,1.6500000000000001,1.7000000000000002,3.53213012972124e-08,0.0006836421974476144
MgNiSb_216,1.7000000000000002,1.75,0.0,0.0006041026995029386
MgNiSb_216,1.75,1.8,0.0,0.0005296815130766993
MgNiSb_216,1.8,1.85,0.0,0.00045505973275733426
MgNiSb_216,1.85,1.9000000000000001,0.0,0.00035774226506244853
MgNiSb_216,1.9000000000000001,1.9500000000000002,0.0,0.00029272242362495134
MgNiSb_216,1.9500000000000002,2.0,0.0,0.00022743303310461484
MgNiSb_216,2.0,2.0500000000000003,0.0,0.00017475314076584287
MgNiSb_216,2.0500000000000003,2.1,0.0,0.0001401459779139895
MgNiSb_216,2.1,2.15,0.0,9.949790879268512e-05
MgNiSb_216,2.15,2.2,0.0,6.865936356011335e-05
MgNiSb_216,2.2,2.25,0.0,4.6738325108846256e-05
MgNiSb_216,2.25,2.3000000000000003,0.0,2.9518304554649835e-05
MgNiSb_216,2.3000000000000003,2.35,0.0,1.6672075263097572e-05
MgNiSb_216,2.35,2.4000000000000004,0.0,7.520881458356634e-06
MgNiSb_216,2.4000000000000004,2.45,0.0,2.0487652461716103e-06
MgNiSb_216,2.45,2.5,0.0,2.2746961635746412e-07
MgNiSb_216,2.5,2.5500000000000003,0.0,0.0
MgNiSb_216,2.5500000000000003,2.6,0.0,0.0
MgNiSb_216,2.6,2.6500000000000004,0.0,0.0
MgNiSb_216,2.6500000000000004,2.7,0.0,0.0
MgNiSb_216,2.7,2.75,0.0,0.0
MgNiSb_216,2.75,2.8000000000000003,0.0,0.0
MgNiSb_216,2.8000000000000003,2.85,0.0,0.0
MgNiSb_216,2.85,2.9000000000000004,0.0,0.0
MgNiSb_216,2.9000000000000004,2.95,0.0,0.0
MgNiSb_216,2.95,3.0,0.0,0.0
MgB9N_166,0.0,0.05,0.0,0.0013999993367042694
MgB9N_166,0.05,0.1,3.455856992406702e-08,0.004223259845012593
MgB9N_166,0.1,0.15000000000000002,5.184186697730435e-06,0.003818883176032587
MgB9N_166,0.15000000000000002,0.2,0.000268618408939992,0.0019982275520214125
MgB9N_166,0.2,0.25,0.0010998135825841715,0.0004277400660490217
MgB9N_166,0.25,0.30000000000000004,0.0026859549588919038,0.0003229173619958011
MgB9N_166,0.30000000000000004,0.35000000000000003,0.0031459976715823386,0.0002048037056244131
MgB9N_166,0.35000000000000003,0.4,0.003293441067707538,7.436599887171746e-05
MgB9N_166,0.4,0.45,0.0029864780296924307,1.3800215353923928e-05
MgB9N_166,0.45,0.5,0.0026240864058367586,2.5748885884138183e-05
MgB9N_166,0.5,0.55,0.002633220716360989,9.616026753151864e-05
MgB9N_166,0.55,0.6000000000000001,0.00283183350768126,0.000310473120609716
MgB9N_166,0.6000000000000001,0.65,0.0033393549434374225,0.0005984840157942791
MgB9N_166,0.65,0.7000000000000001,0.003920962806412081,0.0009155529375840671
MgB9N_166,0.7000000000000001,0.75,0.004676076932630163,0.0012344403215184875
MgB9N_166,0.75,0.8,0.005468872792367809,0.001481518439479976
MgB9N_166,0.8,0.8500000000000001,0.006247056406212338,0.0017892594543113816
MgB9N_166,0.8500000000000001,0.9,0.006739379043621016,0.0020348100893982698
MgB9N_166,0.9,0.9500000000000001,0.007232736299018051,0.002289367103410904
MgB9N_166,0.9500000000000001,1.0,0.00722575786004887,0.002552919687781622
MgB9N_166,1.0,1.05,0.005678797122915145,0.0028058322703536256
MgB9N_166,1.05,1.1,0.0037578692381887045,0.0031036195396294476
MgB9N_166,1.1,1.1500000000000001,0.0022233709415201805,0.003405080371341927
MgB9N_166,1.1500000000000001,1.2000000000000002,0.0012054684759955094,0.003696623951661603
MgB9N_166,1.2000000000000002,1.25,0.0007233678440705995,0.003917147150804439
MgB9N_166,1.25,1.3,0.00043620755159071693,0.0041016855605760655
MgB9N_166,1.3,1.35,0.0002611643630200932,0.0041575556504239485
MgB9N_166,1.35,1.4000000000000001,0.00013944946838981357,0.004057245302372582
MgB9N_166,1.4000000000000001,1.4500000000000002,6.70236844226833e-05,0.003920335605305017
MgB9N_166,1.4500000000000002,1.5,2.6604453669723853e-05,0.0037232726269527364
MgB9N_166,1.5,1.55,7.190418849936956e-06,0.0033417366903445924
MgB9N_166,1.55,1.6,1.7970447357189972e-06,0.0031189798145325773
MgB9N_166,1.6,1.6500000000000001,8.040746358826645e-08,0.0026879385814768887
MgB9N_166,1.6500000000000001,1.7000000000000002,0.0,0.0022517159237282172
MgB9N_166,1.7000000000000002,1.75,0.0,0.0018769311257004258
MgB9N_166,1.75,1.8,0.0,0.0014157202710705222
MgB9N_166,1.8,1.85,0.0,0.0010917451901767444
MgB9N_166,1.85,1.9000000000000001,0.0,0.0008181458920918139
MgB9N_166,1.9000000000000001,1.9500000000000002,0.0,0.0005688445911131386
MgB9N_166,1.9500000000000002,2.0,0.0,0.0003667565926728488
MgB9N_166,2.0,2.0500000000000003,0.0,0.0002420442376696952
MgB9N_166,2.0500000000000003,2.1,0.0,0.0001697334301758387
MgB9N_166,2.1,2.15,0.0,0.00012783337456794358
MgB9N_166,2.15,2.2,0.0,9.47481759838967e-05
MgB9N_166,2.2,2.25,0.0,3.774446770399065e-05
MgB9N_166,2.25,2.3000000000000003,0.0,1.0849967091008295e-05
MgB9N_166,2.3000000000000003,2.35,0.0,6.869438596140877e-07
MgB9N_166,2.35,2.4000000000000004,0.0,0.0
MgB9N_166,2.4000000000000004,2.45,0.0,0.0
MgB9N_166,2.45,2.5,0.0,0.0
MgB9N_166,2.5,2.5500000000000003,0.0,0.0
MgB9N_166,2.5500000000000003,2.6,0.0,0.0
MgB9N_166,2.6,2.6500000000000004,0.0,0.0
MgB9N_166,2.6500000000000004,2.7,0.0,0.0
MgB9N_166,2.7,2.75,0.0,0.0
MgB9N_166,2.75,2.8000000000000003,0.0,0.0
MgB9N_166,2.8000000000000003,2.85,0.0,0.0
MgB9N_166,2.85,2.9000000000000004,0.0,0.0
MgB9N_166,2.9000000000000004,2.95,0.0,0.0
MgB9N_166,2.95,3.0,0.0,0.0
Pm2MgAl_225,0.0,0.05,0.00024591156731917804,0.010867443768549517
Pm2MgAl_225,0.05,0.1,0.0,0.004336442018122487
Pm2MgAl_225,0.1,0.15000000000000002,0.0,0.014604531713725367
Pm2MgAl_225,0.15000000000000002,0.2,0.0,0.028469936558106847
Pm2MgAl_225,0.2,0.25,0.0,0.013922831722727229
Pm2MgAl_225,0.25,0.30000000000000004,0.0075135021084677765,0.0010234758607235055
Pm2MgAl_225,0.30000000000000004,0.35000000000000003,0.01646558292025944,0.0003960141082044636
Pm2MgAl_225,0.35000000000000003,0.4,0.015183719290793917,0.00010199221948768171
Pm2MgAl_225,0.4,0.45,0.010244731086538261,1.1264831295657386e-06
Pm2MgAl_225,0.45,0.5,0.005697807519345229,5.848594503158042e-05
Pm2MgAl_225,0.5,0.55,0.003338840557319853,0.0005177352193305207
Pm2MgAl_225,0.55,0.6000000000000001,0.0020354055801981527,0.0010288314501250438
Pm2MgAl_225,0.6000000000000001,0.65,0.0007691055859723758,0.0013719983303372952
Pm2MgAl_225,0.65,0.7000000000000001,0.00015626153924349145,0.0018289374584118687
Pm2MgAl_225,0.7000000000000001,0.75,2.6910905956122484e-05,0.002115893555375527
Pm2MgAl_225,0.75,0.8,7.871555971954235e-06,0.001978100460442046
Pm2MgAl_225,0.8,0.8500000000000001,3.074312136459518e-05,0.0016479919037929215
Pm2MgAl_225,0.8500000000000001,0.9,6.055851446423194e-05,0.0013631593493326506
Pm2MgAl_225,0.9,0.9500000000000001,0.00010322119152803048,0.0011305971095547519
Pm2MgAl_225,0.9500000000000001,1.0,0.0002160575961550924,0.0008107718766626501
Pm2MgAl_225,1.0,1.05,0.00037663841015561324,0.000603274153195746
Pm2MgAl_225,1.05,1.1,0.0006304853936379958,0.0004305529384643637
Pm2MgAl_225,1.1,1.1500000000000001,0.0008421722581615108,0.0003532318580611003
Pm2MgAl_225,1.1500000000000001,1.2000000000000002,0.0009493008749041922,0.00025448921550422454
Pm2MgAl_225,1.2000000000000002,1.25,0.0009836905615229867,0.00019100541094036014
Pm2MgAl_225,1.25,1.3,0.000985393841645406,0.0001262766011378763
Pm2MgAl_225,1.3,1.35,0.0008922541701135911,5.212094429037837e-05
Pm2MgAl_225,1.35,1.4000000000000001,0.000836756674125398,2.7246502119247856e-05
Pm2MgAl_225,1.4000000000000001,1.4500000000000002,0.000853761383505877,6.317538582759221e-06
Pm2MgAl_225,1.4500000000000002,1.5,0.001023459498670288,3.8515981824745053e-07
Pm2MgAl_225,1.5,1.55,0.0011291688968304095,0.0
Pm2MgAl_225,1.55,1.6,0.0012959973636730846,0.0
Pm2MgAl_225,1.6,1.6500000000000001,0.001333977839205089,0.0
Pm2MgAl_225,1.6500000000000001,1.7000000000000002,0.0013347525153570856,0.0
Pm2MgAl_225,1.7000000000000002,1.75,0.001241093948466371,0.0
Pm2MgAl_225,1.75,1.8,0.0011433445533634177,0.0
Pm2MgAl_225,1.8,1.85,0.0009300321005451765,0.0
Pm2MgAl_225,1.85,1.9000000000000001,0.0006756033529760509,0.0
Pm2MgAl_225,1.9000000000000001,1.9500000000000002,0.00035761731295159326,0.0
Pm2MgAl_225,1.9500000000000002,2.0,0.00016142048388702242,0.0
Pm2MgAl_225,2.0,2.0500000000000003,4.363426919569372e-05,0.0
Pm2MgAl_225,2.0500000000000003,2.1,9.109697289994835e-06,0.0
Pm2MgAl_225,2.1,2.15,0.0,0.0
Pm2MgAl_225,2.15,2.2,0.0,0.0
Pm2MgAl_225,2.2,2.25,0.0,0.0
Pm2MgAl_225,2.25,2.3000000000000003,0.0,0.0
Pm2MgAl_225,2.3000000000000003,2.35,0.0,0.0
Pm2MgAl_225,2.35,2.4000000000000004,0.0,0.0
Pm2MgAl_225,2.4000000000000004,2.45,0.0,0.0
Pm2MgAl_225,2.45,2.5,0.0,0.0
Pm2MgAl_225,2.5,2.5500000000000003,0.0,0.0
Pm2MgAl_225,2.5500000000000003,2.6,0.0,0.0
Pm2MgAl_225,2.6,2.6500000000000004,0.0,0.0
Pm2MgAl_225,2.6500000000000004,2.7,0.0,0.0
Pm2MgAl_225,2.7,2.75,0.0,0.0
Pm2MgAl_225,2.75,2.8000000000000003,0.0,0.0
Pm2MgAl_225,2.8000000000000003,2.85,0.0,0.0
Pm2MgAl_225,2.85,2.9000000000000004,0.0,0.0
Pm2MgAl_225,2.9000000000000004,2.95,0.0,0.0
Pm2MgAl_225,2.95,3.0,0.0,0.0
Nb5Sb4_87,0.0,0.05,0.0,0.0030731594259764544
Nb5Sb4_87,0.05,0.1,3.193730507080006e-05,0.004314368004446271
Nb5Sb4_87,0.1,0.15000000000000002,7.569920220277312e-05,0.007846870796974641
Nb5Sb4_87,0.15000000000000002,0.2,0.012816815248238987,0.0006080719582487687
Nb5Sb4_87,0.2,0.25,0.022176160223656306,0.002288519011487995
Nb5Sb4_87,0.25,0.30000000000000004,0.011139346242153838,0.003675611956620124
Nb5Sb4_87,0.30000000000000004,0.35000000000000003,0.0003153843900722593,0.006814447121019583
Nb5Sb4_87,0.35000000000000003,0.4,4.9525705751621956e-05,0.013428238011813415
Nb5Sb4_87,0.4,0.45,0.0012974454599567978,0.014030688017321198
Nb5Sb4_87,0.45,0.5,0.0024294804516221307,0.010664847608580504
Nb5Sb4_87,0.5,0.55,0.0025410738295919303,0.0067916166052173505
Nb5Sb4_87,0.55,0.6000000000000001,0.0022247647885460984,0.003753245007719073
Nb5Sb4_87,0.6000000000000001,0.65,0.0016623521860022453,0.002449955989239525
Nb5Sb4_87,0.65,0.7000000000000001,0.001072490140103991,0.0022343871733504863
Nb5Sb4_87,0.7000000000000001,0.75,0.0007150494980223565,0.0022269964846942576
Nb5Sb4_87,0.75,0.8,0.000625535091639565,0.0018161138963282892
Nb5Sb4_87,0.8,0.8500000000000001,0.0008786585776510208,0.0010468375498020883
Nb5Sb4_87,0.8500000000000001,0.9,0.0017124701761078974,0.0005694446458352499
Nb5Sb4_87,0.9,0.9500000000000001,0.002726820705179285,0.0003706036218516959
Nb5Sb4_87,0.9500000000000001,1.0,0.003905458950766448,0.00029372104294271215
Nb5Sb4_87,1.0,1.05,0.004754738619656999,0.00028157770250427424
Nb5Sb4_87,1.05,1.1,0.004847834910964528,0.0003010703458831984
Nb5Sb4_87,1.1,1.1500000000000001,0.0047157580813986435,0.000309381568966878
Nb5Sb4_87,1.1500000000000001,1.2000000000000002,0.003924841988304547,0.0003134974471574948
Nb5Sb4_87,1.2000000000000002,1.25,0.002627591245825277,0.00033396845015185587
Nb5Sb4_87,1.25,1.3,0.0016660115040565539,0.00035085703146405157
Nb5Sb4_87,1.3,1.35,0.001160785157502114,0.0003570178734268359
Nb5Sb4_87,1.35,1.4000000000000001,0.0008169078331874271,0.00038234899048670813
Nb5Sb4_87,1.4000000000000001,1.4500000000000002,0.00049198538600942,0.00038525057651654605
Nb5Sb4_87,1.4500000000000002,1.5,0.0002526151089506288,0.00039775744072216324
Nb5Sb4_87,1.5,1.55,8.030446368726675e-05,0.00040941245963611216
Nb5Sb4_87,1.55,1.6,2.7073563635484053e-05,0.00036884695561478065
Nb5Sb4_87,1.6,1.6500000000000001,1.0119885396310196e-05,0.0003001898703424977
Nb5Sb4_87,1.6500000000000001,1.7000000000000002,3.4558309111099944e-06,0.0002468135835655896
Nb5Sb4_87,1.7000000000000002,1.75,1.2826541618554354e-06,0.00017338651343227674
Nb5Sb4_87,1.75,1.8,4.731902772837193e-07,0.00012285006341977494
Nb5Sb4_87,1.8,1.85,2.403937950190744e-07,8.648645094849893e-05
Nb5Sb4_87,1.85,1.9000000000000001,0.0,3.3793614915664327e-05
Nb5Sb4_87,1.9000000000000001,1.9500000000000002,0.0,3.271117296025425e-06
Nb5Sb4_87,1.9500000000000002,2.0,0.0,2.1856559311689196e-07
Nb5Sb4_87,2.0,2.0500000000000003,0.0,0.0
Nb5Sb4_87,2.0500000000000003,2.1,0.0,0.0
Nb5Sb4_87,2.1,2.15,0.0,0.0
Nb5Sb4_87,2.15,2.2,0.0,0.0
Nb5Sb4_87,2.2,2.25,0.0,0.0
Nb5Sb4_87,2.25,2.3000000000000003,0.0,0.0
Nb5Sb4_87,2.3000000000000003,2.35,0.0,0.0
Nb5Sb4_87,2.35,2.4000000000000004,0.0,0.0
Nb5Sb4_87,2.4000000000000004,2.45,0.0,0.0
Nb5Sb4_87,2.45,2.5,0.0,0.0
Nb5Sb4_87,2.5,2.5500000000000003,0.0,0.0
Nb5Sb4_87,2.5500000000000003,2.6,0.0,0.0
Nb5Sb4_87,2.6,2.6500000000000004,0.0,0.0
Nb5Sb4_87,2.6500000000000004,2.7,0.0,0.0
Nb5Sb4_87,2.7,2.75,0.0,0.0
Nb5Sb4_87,2.75,2.8000000000000003,0.0,0.0
Nb5Sb4_87,2.8000000000000003,2.85,0.0,0.0
Nb5Sb4_87,2.85,2.9000000000000004,0.0,0.0
Nb5Sb4_87,2.9000000000000004,2.95,0.0,0.0
Nb5Sb4_87,2.95,3.0,0.0,0.0
Ca5Al2(SiN4)2_60,0.0,0.05,0.0,0.0037554870938881217
Ca5Al2(SiN4)2_60,0.05,0.1,5.104827023133468e-07,0.00783438397175782
Ca5Al2(SiN4)2_60,0.1,0.15000000000000002,0.007532618467849241,0.001094222463192473
Ca5Al2(SiN4)2_60,0.15000000000000002,0.2,0.011881798645559426,0.0011763457666076795
Ca5Al2(SiN4)2_60,0.2,0.25,0.005003057461351853,0.0013749883813801117
Ca5Al2(SiN4)2_60,0.25,0.30000000000000004,0.001494586303174424,0.005551006853834459
Ca5Al2(SiN4)2_60,0.30000000000000004,0.35000000000000003,0.0010825769211337914,0.007350849378176407
Ca5Al2(SiN4)2_60,0.35000000000000003,0.4,0.0007652833297711032,0.00472200481242904
Ca5Al2(SiN4)2_60,0.4,0.45,0.0007800465207735436,0.0010487639917158376
Ca5Al2(SiN4)2_60,0.45,0.5,0.0026336719758255347,3.116209646440965e-05
Ca5Al2(SiN4)2_60,0.5,0.55,0.003601151139798393,6.836858658152387e-05
Ca5Al2(SiN4)2_60,0.55,0.6000000000000001,0.0030221671315659227,0.00023350485588576059
Ca5Al2(SiN4)2_60,0.6000000000000001,0.65,0.001849028609855851,0.0006616481683617673
Ca5Al2(SiN4)2_60,0.65,0.7000000000000001,0.001861917957124592,0.0021249951651652423
Ca5Al2(SiN4)2_60,0.7000000000000001,0.75,0.002340389398310571,0.003255570427802875
Ca5Al2(SiN4)2_60,0.75,0.8,0.002767329652925336,0.0035845028554753705
Ca5Al2(SiN4)2_60,0.8,0.8500000000000001,0.003149588577519898,0.003640901306930077
Ca5Al2(SiN4)2_60,0.8500000000000001,0.9,0.003480026395365706,0.0037584829373941923
Ca5Al2(SiN4)2_60,0.9,0.9500000000000001,0.003598252162276065,0.0037552972827987413
Ca5Al2(SiN4)2_60,0.9500000000000001,1.0,0.0035451681367753172,0.0035288432035757095
Ca5Al2(SiN4)2_60,1.0,1.05,0.0034256090573008707,0.003027400811479633
Ca5Al2(SiN4)2_60,1.05,1.1,0.003320480856425666,0.0023912904423071357
Ca5Al2(SiN4)2_60,1.1,1.1500000000000001,0.003106253956770789,0.0018919426343472058
Ca5Al2(SiN4)2_60,1.1500000000000001,1.2000000000000002,0.002826098090984706,0.001509094251071641
Ca5Al2(SiN4)2_60,1.2000000000000002,1.25,0.0024721161163724073,0.0011524034943652271
Ca5Al2(SiN4)2_60,1.25,1.3,0.002133923113919229,0.0009342055703939147
Ca5Al2(SiN4)2_60,1.3,1.35,0.0017703422428089952,0.0008405787108080887
Ca5Al2(SiN4)2_60,1.35,1.4000000000000001,0.001441426027164478,0.0007604181943321848
Ca5Al2(SiN4)2_60,1.4000000000000001,1.4500000000000002,0.0011238707453479707,0.0007150643717960181
Ca5Al2(SiN4)2_60,1.4500000000000002,1.5,0.0008579893979327596,0.0006625424017860693
Ca5Al2(SiN4)2_60,1.5,1.55,0.0006081542999457806,0.0006496208595346625
Ca5Al2(SiN4)2_60,1.55,1.6,0.00038002591705430633,0.0006329822527613307
Ca5Al2(SiN4)2_60,1.6,1.6500000000000001,0.00019620362272531605,0.0006619689114415898
Ca5Al2(SiN4)2_60,1.6500000000000001,1.7000000000000002,6.470321072287518e-05,0.0007157490176987687
Ca5Al2(SiN4)2_60,1.7000000000000002,1.75,9.573704336147514e-06,0.0008130772071381098
Ca5Al2(SiN4)2_60,1.75,1.8,1.6294338109590593e-07,0.0009131550883478439
Ca5Al2(SiN4)2_60,1.8,1.85,0.0,0.0009643966819216042
Ca5Al2(SiN4)2_60,1.85,1.9000000000000001,0.0,0.0009542923531653514
Ca5Al2(SiN4)2_60,1.9000000000000001,1.9500000000000002,0.0,0.0009013333624396089
Ca5Al2(SiN4)2_60,1.9500000000000002,2.0,0.0,0.0008464127839144371
Ca5Al2(SiN4)2_60,2.0,2.0500000000000003,0.0,0.0007563737005953963
Ca5Al2(SiN4)2_60,2.0500000000000003,2.1,0.0,0.0006440831383530929
Ca5Al2(SiN4)2_60,2.1,2.15,0.0,0.0005571467844422462
Ca5Al2(SiN4)2_60,2.15,2.2,0.0,0.0004391200274385918
Ca5Al2(SiN4)2_60,2.2,2.25,0.0,0.0003665738393012354
Ca5Al2(SiN4)2_60,2.25,2.3000000000000003,0.0,0.00030648393106449674
Ca5Al2(SiN4)2_60,2.3000000000000003,2.35,0.0,0.00023157823331440254
Ca5Al2(SiN4)2_60,2.35,2.4000000000000004,0.0,0.000166271010109911
Ca5Al2(SiN4)2_60,2.4000000000000004,2.45,0.0,9.233949623236507e-05
Ca5Al2(SiN4)2_60,2.45,2.5,0.0,5.1902586044594254e-05
Ca5Al2(SiN4)2_60,2.5,2.5500000000000003,0.0,3.4743914936690656e-05
Ca5Al2(SiN4)2_60,2.5500000000000003,2.6,0.0,1.947565201840255e-05
Ca5Al2(SiN4)2_60,2.6,2.6500000000000004,0.0,1.2749180370330462e-05
Ca5Al2(SiN4)2_60,2.6500000000000004,2.7,0.0,3.378040808524177e-06
Ca5Al2(SiN4)2_60,2.7,2.75,0.0,1.9715137088306222e-07
Ca5Al2(SiN4)2_60,2.75,2.8000000000000003,0.0,0.0
Ca5Al2(SiN4)2_60,2.8000000000000003,2.85,0.0,0.0
Ca5Al2(SiN4)2_60,2.85,2.9000000000000004,0.0,0.0
Ca5Al2(SiN4)2_60,2.9000000000000004,2.95,0.0,0.0
Ca5Al2(SiN4)2_60,2.95,3.0,0.0,0.0
Na2ZrSe3_12,0.0,0.05,0.0,0.0019933244141338243
Na2ZrSe3_12,0.05,0.1,0.0002535786287713674,0.0026848639519926358
Na2ZrSe3_12,0.1,0.15000000000000002,0.0,0.005095672706963501
Na2ZrSe3_12,0.15000000000000002,0.2,0.002734749365696578,0.006524862491198619
Na2ZrSe3_12,0.2,0.25,0.011366442628712541,0.006478138432406461
Na2ZrSe3_12,0.25,0.30000000000000004,0.011612055416111157,0.002316119754314896
Na2ZrSe3_12,0.30000000000000004,0.35000000000000003,0.00783609148070092,0.00014730170262732375
Na2ZrSe3_12,0.35000000000000003,0.4,0.005560354459538071,0.0015662036268910473
Na2ZrSe3_12,0.4,0.45,0.005464382860163909,0.00510297598378819
Na2ZrSe3_12,0.45,0.5,0.003995143719299165,0.006060310661948053
Na2ZrSe3_12,0.5,0.55,0.0023281521918984117,0.0053345579053308894
Na2ZrSe3_12,0.55,0.6000000000000001,0.000921619798572504,0.00416829380332963
Na2ZrSe3_12,0.6000000000000001,0.65,0.00027761263100458197,0.003178102716617077
Na2ZrSe3_12,0.65,0.7000000000000001,0.000247436462792852,0.00266098158748232
Na2ZrSe3_12,0.7000000000000001,0.75,0.0006002737898457788,0.0022790796428205067
Na2ZrSe3_12,0.75,0.8,0.0012396471569896175,0.0020905207708484096
Na2ZrSe3_12,0.8,0.8500000000000001,0.0019897836669883805,0.0020693792517005264
Na2ZrSe3_12,0.8500000000000001,0.9,0.002537322245438331,0.0020196423090793622
Na2ZrSe3_12,0.9,0.9500000000000001,0.0029231361231628217,0.001969262264319415
Na2ZrSe3_12,0.9500000000000001,1.0,0.003267615205619525,0.0018784021092316337
Na2ZrSe3_12,1.0,1.05,0.0034705068193555213,0.001746624550186829
Na2ZrSe3_12,1.05,1.1,0.003321184007924401,0.001618197968534578
Na2ZrSe3_12,1.1,1.1500000000000001,0.003142206779384503,0.0015152878236673283
Na2ZrSe3_12,1.1500000000000001,1.2000000000000002,0.0029715229402581533,0.001405013668655355
Na2ZrSe3_12,1.2000000000000002,1.25,0.002651900435048909,0.0013010936938581679
Na2ZrSe3_12,1.25,1.3,0.00206381630583438,0.0012063130489779776
Na2ZrSe3_12,1.3,1.35,0.0014402509663260306,0.0011063189977067816
Na2ZrSe3_12,1.35,1.4000000000000001,0.000886505131445814,0.0010185118835624172
Na2ZrSe3_12,1.4000000000000001,1.4500000000000002,0.00043929647507761515,0.0009470595219230019
Na2ZrSe3_12,1.4500000000000002,1.5,0.0001596064355846134,0.0009242225482434617
Na2ZrSe3_12,1.5,1.55,3.878523887050282e-05,0.000967466657782384
Na2ZrSe3_12,1.55,1.6,6.3257396436333996e-06,0.001010898643873466
Na2ZrSe3_12,1.6,1.6500000000000001,2.0480839310628843e-06,0.0010315875467341326
Na2ZrSe3_12,1.6500000000000001,1.7000000000000002,6.173131591111236e-08,0.0009861987041925033
Na2ZrSe3_12,1.7000000000000002,1.75,0.0,0.0008831933693479668
Na2ZrSe3_12,1.75,1.8,0.0,0.0007208728673427713
Na2ZrSe3_12,1.8,1.85,0.0,0.0005561982557806925
Na2ZrSe3_12,1.85,1.9000000000000001,0.0,0.0004136420653702524
Na2ZrSe3_12,1.9000000000000001,1.9500000000000002,0.0,0.0002907871739320657
Na2ZrSe3_12,1.9500000000000002,2.0,0.0,0.00018920983464107112
Na2ZrSe3_12,2.0,2.0500000000000003,0.0,0.00010441110343583928
Na2ZrSe3_12,2.0500000000000003,2.1,0.0,4.179471613266689e-05
Na2ZrSe3_12,2.1,2.15,0.0,1.1607395357743835e-05
Na2ZrSe3_12,2.15,2.2,0.0,2.2706132781177677e-06
Na2ZrSe3_12,2.2,2.25,0.0,1.7284762912446455e-07
Na2ZrSe3_12,2.25,2.3000000000000003,0.0,0.0
Na2ZrSe3_12,2.3000000000000003,2.35,0.0,0.0
Na2ZrSe3_12,2.35,2.4000000000000004,0.0,0.0
Na2ZrSe3_12,2.4000000000000004,2.45,0.0,0.0
Na2ZrSe3_12,2.45,2.5,0.0,0.0
Na2ZrSe3_12,2.5,2.5500000000000003,0.0,0.0
Na2ZrSe3_12,2.5500000000000003,2.6,0.0,0.0
Na2ZrSe3_12,2.6,2.6500000000000004,0.0,0.0
Na2ZrSe3_12,2.6500000000000004,2.7,0.0,0.0
Na2ZrSe3_12,2.7,2.75,0.0,0.0
Na2ZrSe3_12,2.75,2.8000000000000003,0.0,0.0
Na2ZrSe3_12,2.8000000000000003,2.85,0.0,0.0
Na2ZrSe3_12,2.85,2.9000000000000004,0.0,0.0
Na2ZrSe3_12,2.9000000000000004,2.95,0.0,0.0
Na2ZrSe3_12,2.95,3.0,0.0,0.0
Ta2Be_140,0.0,0.05,0.0,0.0014348688858317523
Ta2Be_140,0.05,0.1,0.00021131037188799987,0.002187609239571679
Ta2Be_140,0.1,0.15000000000000002,0.0,0.0063058346198528745
Ta2Be_140,0.15000000000000002,0.2,0.0009246669044788477,0.0021175778909298506
Ta2Be_140,0.2,0.25,0.005025290227465389,0.00021666317800936156
Ta2Be_140,0.25,0.30000000000000004,0.0019199891232413488,0.0002799422415029492
Ta2Be_140,0.30000000000000004,0.35000000000000003,0.000500921345804179,0.005538017018466803
Ta2Be_140,0.35000000000000003,0.4,0.0005983542909116914,0.010645123596422166
Ta2Be_140,0.4,0.45,0.0007280841918667067,0.012022280363946444
Ta2Be_140,0.45,0.5,0.0007038818773394469,0.010040220895946967
Ta2Be_140,0.5,0.55,0.000636654660220534,0.00790476677245228
Ta2Be_140,0.55,0.6000000000000001,0.0006413489593869022,0.005384143721040826
Ta2Be_140,0.6000000000000001,0.65,0.000611303408898225,0.003626385452603852
Ta2Be_140,0.65,0.7000000000000001,0.0006891593167697919,0.0024497403031889958
Ta2Be_140,0.7000000000000001,0.75,0.001134270359004296,0.0015937223974691243
Ta2Be_140,0.75,0.8,0.0020229278454703048,0.0008274966014789504
Ta2Be_140,0.8,0.8500000000000001,0.0035979675634275495,0.00025438655401945157
Ta2Be_140,0.8500000000000001,0.9,0.0054935766850312895,1.2075823271943541e-05
Ta2Be_140,0.9,0.9500000000000001,0.007069365067407206,0.0
Ta2Be_140,0.9500000000000001,1.0,0.00789767961527297,0.0
Ta2Be_140,1.0,1.05,0.007644527667496105,0.0
Ta2Be_140,1.05,1.1,0.006094239622034851,0.0
Ta2Be_140,1.1,1.1500000000000001,0.003916381689726785,0.0
Ta2Be_140,1.1500000000000001,1.2000000000000002,0.002400756311968204,0.0
Ta2Be_140,1.2000000000000002,1.25,0.0020968517919858973,0.0
Ta2Be_140,1.25,1.3,0.002218527074968738,0.0
Ta2Be_140,1.3,1.35,0.0020200030208153206,0.0
Ta2Be_140,1.35,1.4000000000000001,0.0018107032881340128,0.0
Ta2Be_140,1.4000000000000001,1.4500000000000002,0.001364321576862487,0.0
Ta2Be_140,1.4500000000000002,1.5,0.0011371324379396248,0.0
Ta2Be_140,1.5,1.55,0.0008245419483825732,0.0
Ta2Be_140,1.55,1.6,0.0005097879804485969,0.0
Ta2Be_140,1.6,1.6500000000000001,0.00022966784747961082,0.0
Ta2Be_140,1.6500000000000001,1.7000000000000002,8.890075208891371e-05,0.0
Ta2Be_140,1.7000000000000002,1.75,2.813216573273627e-05,0.0
Ta2Be_140,1.75,1.8,0.0,0.0
Ta2Be_140,1.8,1.85,0.0,0.0
Ta2Be_140,1.85,1.9000000000000001,0.0,0.0
Ta2Be_140,1.9000000000000001,1.9500000000000002,0.0,0.0
Ta2Be_140,1.9500000000000002,2.0,0.0,0.0
Ta2Be_140,2.0,2.0500000000000003,0.0,0.0
Ta2Be_140,2.0500000000000003,2.1,0.0,0.0
Ta2Be_140,2.1,2.15,0.0,0.0
Ta2Be_140,2.15,2.2,0.0,0.0
Ta2Be_140,2.2,2.25,0.0,0.0
Ta2Be_140,2.25,2.3000000000000003,0.0,0.0
Ta2Be_140,2.3000000000000003,2.35,0.0,0.0
Ta2Be_140,2.35,2.4000000000000004,0.0,0.0
Ta2Be_140,2.4000000000000004,2.45,0.0,0.0
Ta2Be_140,2.45,2.5,0.0,0.0
Ta2Be_140,2.5,2.5500000000000003,0.0,0.0
Ta2Be_140,2.5500000000000003,2.6,0.0,0.0
Ta2Be_140,2.6,2.6500000000000004,0.0,0.0
Ta2Be_140,2.6500000000000004,2.7,0.0,0.0
Ta2Be_140,2.7,2.75,0.0,0.0
Ta2Be_140,2.75,2.8000000000000003,0.0,0.0
Ta2Be_140,2.8000000000000003,2.85,0.0,0.0
Ta2Be_140,2.85,2.9000000000000004,0.0,0.0
Ta2Be_140,2.9000000000000004,2.95,0.0,0.0
Ta2Be_140,2.95,3.0,0.0,0.0
Sn7Ru3_229,0.0,0.05,0.0,0.003931785040374322
Sn7Ru3_229,0.05,0.1,0.0,0.007827983507541167
Sn7Ru3_229,0.1,0.15000000000000002,0.0010228593622964893,0.003017647457986029
Sn7Ru3_229,0.15000000000000002,0.2,0.008400363017608863,0.004316330395652424
Sn7Ru3_229,0.2,0.25,0.007651373770954511,0.007778131121049698
Sn7Ru3_229,0.25,0.30000000000000004,0.001969841629321521,0.00454020926598885
Sn7Ru3_229,0.30000000000000004,0.35000000000000003,0.0016094690388862493,0.00470584871635806
Sn7Ru3_229,0.35000000000000003,0.4,0.004479059019515066,0.007947209777937853
Sn7Ru3_229,0.4,0.45,0.004142441329779141,0.007619724695617883
Sn7Ru3_229,0.45,0.5,0.002178729905497686,0.005534218803208499
Sn7Ru3_229,0.5,0.55,0.0005238349036763589,0.0032147926761073352
Sn7Ru3_229,0.55,0.6000000000000001,0.00030254960554222394,0.0018209672127927888
Sn7Ru3_229,0.6000000000000001,0.65,0.001474586888811788,0.0016179800183075993
Sn7Ru3_229,0.65,0.7000000000000001,0.0027943561601541274,0.0016582549306880915
Sn7Ru3_229,0.7000000000000001,0.75,0.003905149289452248,0.0015538381367495187
Sn7Ru3_229,0.75,0.8,0.0049685178188382225,0.0015912140194179218
Sn7Ru3_229,0.8,0.8500000000000001,0.0061806113305091686,0.0016455543706450132
Sn7Ru3_229,0.8500000000000001,0.9,0.00693689227219055,0.0017365440610581091
Sn7Ru3_229,0.9,0.9500000000000001,0.006675980005985544,0.0017662228424011712
Sn7Ru3_229,0.9500000000000001,1.0,0.0059636320941427266,0.0017793374472674782
Sn7Ru3_229,1.0,1.05,0.004240786420963955,0.0017273215045106344
Sn7Ru3_229,1.05,1.1,0.0028289037193264975,0.0017871383780258914
Sn7Ru3_229,1.1,1.1500000000000001,0.001686326419183677,0.0016918011420168856
Sn7Ru3_229,1.1500000000000001,1.2000000000000002,0.0008351836377604554,0.0014812881998027506
Sn7Ru3_229,1.2000000000000002,1.25,0.0003721969712896037,0.0009713696052595804
Sn7Ru3_229,1.25,1.3,0.00013920976536396188,0.0004443692947679985
Sn7Ru3_229,1.3,1.35,3.2248374986630086e-05,0.00014118984538414065
Sn7Ru3_229,1.35,1.4000000000000001,3.655845954734451e-06,8.853173390691794e-05
Sn7Ru3_229,1.4000000000000001,1.4500000000000002,1.3078382268329198e-07,5.395096841216059e-05
Sn7Ru3_229,1.4500000000000002,1.5,0.0,3.192409421007156e-05
Sn7Ru3_229,1.5,1.55,0.0,1.5300695696821355e-05
Sn7Ru3_229,1.55,1.6,0.0,5.317410987722928e-06
Sn7Ru3_229,1.6,1.6500000000000001,0.0,7.645997086902467e-07
Sn7Ru3_229,1.6500000000000001,1.7000000000000002,0.0,0.0
Sn7Ru3_229,1.7000000000000002,1.75,0.0,0.0
Sn7Ru3_229,1.75,1.8,0.0,0.0
Sn7Ru3_229,1.8,1.85,0.0,0.0
Sn7Ru3_229,1.85,1.9000000000000001,0.0,0.0
Sn7Ru3_229,1.9000000000000001,1.9500000000000002,0.0,0.0
Sn7Ru3_229,1.9500000000000002,2.0,0.0,0.0
Sn7Ru3_229,2.0,2.0500000000000003,0.0,0.0
Sn7Ru3_229,2.0500000000000003,2.1,0.0,0.0
Sn7Ru3_229,2.1,2.15,0.0,0.0
Sn7Ru3_229,2.15,2.2,0.0,0.0
Sn7Ru3_229,2.2,2.25,0.0,0.0
Sn7Ru3_229,2.25,2.3000000000000003,0.0,0.0
Sn7Ru3_229,2.3000000000000003,2.35,0.0,0.0
Sn7Ru3_229,2.35,2.4000000000000004,0.0,0.0
Sn7Ru3_229,2.4000000000000004,2.45,0.0,0.0
Sn7Ru3_229,2.45,2.5,0.0,0.0
Sn7Ru3_229,2.5,2.5500000000000003,0.0,0.0
Sn7Ru3_229,2.5500000000000003,2.6,0.0,0.0
Sn7Ru3_229,2.6,2.6500000000000004,0.0,0.0
Sn7Ru3_229,2.6500000000000004,2.7,0.0,0.0
Sn7Ru3_229,2.7,2.75,0.0,0.0
Sn7Ru3_229,2.75,2.8000000000000003,0.0,0.0
Sn7Ru3_229,2.8000000000000003,2.85,0.0,0.0
Sn7Ru3_229,2.85,2.9000000000000004,0.0,0.0
Sn7Ru3_229,2.9000000000000004,2.95,0.0,0.0
Sn7Ru3_229,2.95,3.0,0.0,0.0
Re3Ni_194,0.0,0.05,0.00030779486827158605,0.0011975205440922286
Re3Ni_194,0.05,0.1,0.0007500926931043059,0.0012067786708809091
Re3Ni_194,0.1,0.15000000000000002,0.0,0.008387183658199477
Re3Ni_194,0.15000000000000002,0.2,0.0016344040320484163,0.008807418006919024
Re3Ni_194,0.2,0.25,0.008758497825022244,0.009518383956300024
Re3Ni_194,0.25,0.30000000000000004,0.006536193606918794,0.005907084431779947
Re3Ni_194,0.30000000000000004,0.35000000000000003,0.0009839959178458025,0.00281384707393209
Re3Ni_194,0.35000000000000003,0.4,0.0036062794832389554,0.007762686323586609
Re3Ni_194,0.4,0.45,0.006077002366888632,0.010981912449072387
Re3Ni_194,0.45,0.5,0.007379195968519832,0.010554875604080995
Re3Ni_194,0.5,0.55,0.006066180875268973,0.007944735821860836
Re3Ni_194,0.55,0.6000000000000001,0.003961442526690577,0.005047616846753935
Re3Ni_194,0.6000000000000001,0.65,0.002229810405524827,0.002529205210889343
Re3Ni_194,0.65,0.7000000000000001,0.0015539013301273908,0.001301549891660442
Re3Ni_194,0.7000000000000001,0.75,0.0022351871686497114,0.0012150784245575578
Re3Ni_194,0.75,0.8,0.0033128293220307183,0.0007816661232026187
Re3Ni_194,0.8,0.8500000000000001,0.004348750027245462,0.00022329636192997413
Re3Ni_194,0.8500000000000001,0.9,0.005626835710041486,4.4279190197460545e-05
Re3Ni_194,0.9,0.9500000000000001,0.006683671142018169,1.5012147660726624e-05
Re3Ni_194,0.9500000000000001,1.0,0.005650795972755813,4.775075552753911e-06
Re3Ni_194,1.0,1.05,0.00401311834866553,2.341080804395882e-06
Re3Ni_194,1.05,1.1,0.0021425056660670486,3.627978647245366e-07
Re3Ni_194,1.1,1.1500000000000001,0.0010570299282271667,4.223492740915468e-08
Re3Ni_194,1.1500000000000001,1.2000000000000002,0.0007171607945653104,0.0
Re3Ni_194,1.2000000000000002,1.25,0.00045604782853453233,5.795655901431652e-09
Re3Ni_194,1.25,1.3,0.00016826330717049074,1.5024440585076677e-07
Re3Ni_194,1.3,1.35,3.637054262336173e-05,0.0
Re3Ni_194,1.35,1.4000000000000001,9.305686995229847e-06,5.554227718430826e-09
Re3Ni_194,1.4000000000000001,1.4500000000000002,2.2102641014225267e-06,1.0557271791918255e-07
Re3Ni_194,1.4500000000000002,1.5,1.5482104467231004e-07,1.7145826760081086e-07
Re3Ni_194,1.5,1.55,0.0,9.97860406781177e-08
Re3Ni_194,1.55,1.6,0.0,2.073556132723862e-08
Re3Ni_194,1.6,1.6500000000000001,0.0,0.0
Re3Ni_194,1.6500000000000001,1.7000000000000002,0.0,0.0
Re3Ni_194,1.7000000000000002,1.75,0.0,0.0
Re3Ni_194,1.75,1.8,0.0,0.0
Re3Ni_194,1.8,1.85,0.0,0.0
Re3Ni_194,1.85,1.9000000000000001,0.0,0.0
Re3Ni_194,1.9000000000000001,1.9500000000000002,0.0,0.0
Re3Ni_194,1.9500000000000002,2.0,0.0,0.0
Re3Ni_194,2.0,2.0500000000000003,0.0,0.0
Re3Ni_194,2.0500000000000003,2.1,0.0,0.0
Re3Ni_194,2.1,2.15,0.0,0.0
Re3Ni_194,2.15,2.2,0.0,0.0
Re3Ni_194,2.2,2.25,0.0,0.0
Re3Ni_194,2.25,2.3000000000000003,0.0,0.0
Re3Ni_194,2.3000000000000003,2.35,0.0,0.0
Re3Ni_194,2.35,2.4000000000000004,0.0,0.0
Re3Ni_194,2.4000000000000004,2.45,0.0,0.0
Re3Ni_194,2.45,2.5,0.0,0.0
Re3Ni_194,2.5,2.5500000000000003,0.0,0.0
Re3Ni_194,2.5500000000000003,2.6,0.0,0.0
Re3Ni_194,2.6,2.6500000000000004,0.0,0.0
Re3Ni_194,2.6500000000000004,2.7,0.0,0.0
Re3Ni_194,2.7,2.75,0.0,0.0
Re3Ni_194,2.75,2.8000000000000003,0.0,0.0
Re3Ni_194,2.8000000000000003,2.85,0.0,0.0
Re3Ni_194,2.85,2.9000000000000004,0.0,0.0
Re3Ni_194,2.9000000000000004,2.95,0.0,0.0
Re3Ni_194,2.95,3.0,0.0,0.0
CdInRh2_225,0.0,0.05,0.0,0.0036333928367179064
CdInRh2_225,0.05,0.1,0.0,0.012426683518853813
CdInRh2_225,0.1,0.15000000000000002,0.0030486796270140296,0.0027531985371991663
CdInRh2_225,0.15000000000000002,0.2,0.02043641347761173,0.0008093389310348429
CdInRh2_225,0.2,0.25,0.020306858064039514,0.0011420242716795711
CdInRh2_225,0.25,0.30000000000000004,0.005126644308563255,0.0012421764342886994
CdInRh2_225,0.30000000000000004,0.35000000000000003,0.0001663648387596657,0.009723431504548284
CdInRh2_225,0.35000000000000003,0.4,0.0004922774677356011,0.013945646374206215
CdInRh2_225,0.4,0.45,0.0003856911315942739,0.013905305587400931
CdInRh2_225,0.45,0.5,5.457270961519231e-05,0.00886176203522349
CdInRh2_225,0.5,0.55,2.146016314319379e-05,0.004114369445375105
CdInRh2_225,0.55,0.6000000000000001,0.0004522804737381541,0.001457985242095412
CdInRh2_225,0.6000000000000001,0.65,0.0013459782877556462,0.0008248774755886191
CdInRh2_225,0.65,0.7000000000000001,0.0012608074870223043,0.0005411409526007854
CdInRh2_225,0.7000000000000001,0.75,0.0010356350680669846,0.0004008819849311782
CdInRh2_225,0.75,0.8,0.0015508020085312961,0.0006154751068661591
CdInRh2_225,0.8,0.8500000000000001,0.0022779161034107397,0.000634222427912021
CdInRh2_225,0.8500000000000001,0.9,0.002781616026130351,0.0004500546595180509
CdInRh2_225,0.9,0.9500000000000001,0.00298894763108868,0.00025726313506209766
CdInRh2_225,0.9500000000000001,1.0,0.0029364253262111595,0.0001648187014217592
CdInRh2_225,1.0,1.05,0.0025808851959694384,8.338400189026313e-05
CdInRh2_225,1.05,1.1,0.002202882900567158,3.814229543384915e-05
CdInRh2_225,1.1,1.1500000000000001,0.0019433274901945782,1.616413827237039e-05
CdInRh2_225,1.1500000000000001,1.2000000000000002,0.0011099483765576602,3.3801061886850227e-06
CdInRh2_225,1.2000000000000002,1.25,0.0005424190658462481,1.74663855498322e-06
CdInRh2_225,1.25,1.3,0.0003962730836456201,3.8493967122088415e-07
CdInRh2_225,1.3,1.35,0.00032714078721682055,2.846062293170741e-07
CdInRh2_225,1.35,1.4000000000000001,0.00017097937857293258,0.0
CdInRh2_225,1.4000000000000001,1.4500000000000002,3.616882267975322e-05,0.0
CdInRh2_225,1.4500000000000002,1.5,2.124022298243852e-06,0.0
CdInRh2_225,1.5,1.55,0.0,0.0
CdInRh2_225,1.55,1.6,0.0,0.0
CdInRh2_225,1.6,1.6500000000000001,0.0,0.0
CdInRh2_225,1.6500000000000001,1.7000000000000002,0.0,0.0
CdInRh2_225,1.7000000000000002,1.75,0.0,0.0
CdInRh2_225,1.75,1.8,0.0,0.0
CdInRh2_225,1.8,1.85,0.0,0.0
CdInRh2_225,1.85,1.9000000000000001,0.0,0.0
CdInRh2_225,1.9000000000000001,1.9500000000000002,0.0,0.0
CdInRh2_225,1.9500000000000002,2.0,0.0,0.0
CdInRh2_225,2.0,2.0500000000000003,0.0,0.0
CdInRh2_225,2.0500000000000003,2.1,0.0,0.0
CdInRh2_225,2.1,2.15,0.0,0.0
CdInRh2_225,2.15,2.2,0.0,0.0
CdInRh2_225,2.2,2.25,0.0,0.0
CdInRh2_225,2.25,2.3000000000000003,0.0,0.0
CdInRh2_225,2.3000000000000003,2.35,0.0,0.0
CdInRh2_225,2.35,2.4000000000000004,0.0,0.0
CdInRh2_225,2.4000000000000004,2.45,0.0,0.0
CdInRh2_225,2.45,2.5,0.0,0.0
CdInRh2_225,2.5,2.5500000000000003,0.0,0.0
CdInRh2_225,2.5500000000000003,2.6,0.0,0.0
CdInRh2_225,2.6,2.6500000000000004,0.0,0.0
CdInRh2_225,2.6500000000000004,2.7,0.0,0.0
CdInRh2_225,2.7,2.75,0.0,0.0
CdInRh2_225,2.75,2.8000000000000003,0.0,0.0
CdInRh2_225,2.8000000000000003,2.85,0.0,0.0
CdInRh2_225,2.85,2.9000000000000004,0.0,0.0
CdInRh2_225,2.9000000000000004,2.95,0.0,0.0
CdInRh2_225,2.95,3.0,0.0,0.0
NbCu3Te4_215,0.0,0.05,0.0,0.0010470935276312987
NbCu3Te4_215,0.05,0.1,0.0006685872769134338,0.002176565648922448
NbCu3Te4_215,0.1,0.15000000000000002,6.492283618395769e-06,0.0100718924906933
NbCu3Te4_215,0.15000000000000002,0.2,0.003014712587943471,0.017922736623159588
NbCu3Te4_215,0.2,0.25,0.004796977810044568,0.017195744988789525
NbCu3Te4_215,0.25,0.30000000000000004,0.0023884654056768382,0.014966913545751201
NbCu3Te4_215,0.30000000000000004,0.35000000000000003,0.0009743900881349812,0.005303095361664807
NbCu3Te4_215,0.35000000000000003,0.4,0.0070463761953925555,0.0029645944238285327
NbCu3Te4_215,0.4,0.45,0.013474137141036615,0.0032162539998922316
NbCu3Te4_215,0.45,0.5,0.013578570553684687,0.0022083340625918125
NbCu3Te4_215,0.5,0.55,0.011829999609292789,0.0014681979049822398
NbCu3Te4_215,0.55,0.6000000000000001,0.00764904071895618,0.0007835392004455399
NbCu3Te4_215,0.6000000000000001,0.65,0.0033671996561320775,0.0004904448554054476
NbCu3Te4_215,0.65,0.7000000000000001,0.0014461039972674477,0.0012139547927422407
NbCu3Te4_215,0.7000000000000001,0.75,0.0010104985348855953,0.001495784893736242
NbCu3Te4_215,0.75,0.8,0.0009494724475420614,0.0009360534975720575
NbCu3Te4_215,0.8,0.8500000000000001,0.0013655551173750054,0.00053065061981507
NbCu3Te4_215,0.8500000000000001,0.9,0.0019660977260711004,0.00042219236241133797
NbCu3Te4_215,0.9,0.9500000000000001,0.0023029575762426972,0.00040218426508065684
NbCu3Te4_215,0.9500000000000001,1.0,0.002701027069955666,0.0004106449680380783
NbCu3Te4_215,1.0,1.05,0.0029467114124567596,0.00042073690421774143
NbCu3Te4_215,1.05,1.1,0.003158670743299269,0.0004184294470821925
NbCu3Te4_215,1.1,1.1500000000000001,0.00261870873137161,0.00044650991966445455
NbCu3Te4_215,1.1500000000000001,1.2000000000000002,0.0020177769645451154,0.00046447053553641293
NbCu3Te4_215,1.2000000000000002,1.25,0.0015649077109754854,0.00047583993002287006
NbCu3Te4_215,1.25,1.3,0.0009729195836792492,0.0005063926497457975
NbCu3Te4_215,1.3,1.35,0.0005586501150973065,0.0005046364017284236
NbCu3Te4_215,1.35,1.4000000000000001,0.0002802551988932149,0.0005246067879350306
NbCu3Te4_215,1.4000000000000001,1.4500000000000002,0.00011546103979097828,0.0005507663433843683
NbCu3Te4_215,1.4500000000000002,1.5,4.705515429441759e-05,0.0005788501859543254
NbCu3Te4_215,1.5,1.55,1.6657053149677093e-05,0.0005960576741343486
NbCu3Te4_215,1.55,1.6,4.36193594642003e-06,0.0006160302373516989
NbCu3Te4_215,1.6,1.6500000000000001,1.8532528207823113e-07,0.0006240279716599142
NbCu3Te4_215,1.6500000000000001,1.7000000000000002,0.0,0.0006221481859075633
NbCu3Te4_215,1.7000000000000002,1.75,0.0,0.0005748472591915284
NbCu3Te4_215,1.75,1.8,0.0,0.0005059698664882182
NbCu3Te4_215,1.8,1.85,0.0,0.00043053502802930133
NbCu3Te4_215,1.85,1.9000000000000001,0.0,0.0003360774656247881
NbCu3Te4_215,1.9000000000000001,1.9500000000000002,0.0,0.00023973534314508465
NbCu3Te4_215,1.9500000000000002,2.0,0.0,0.000138467076314305
NbCu3Te4_215,2.0,2.0500000000000003,0.0,6.554527553011286e-05
NbCu3Te4_215,2.0500000000000003,2.1,0.0,3.160416957741004e-05
NbCu3Te4_215,2.1,2.15,0.0,1.3669562241405144e-05
NbCu3Te4_215,2.15,2.2,0.0,4.677145555776545e-06
NbCu3Te4_215,2.2,2.25,0.0,7.995627694448559e-07
NbCu3Te4_215,2.25,2.3000000000000003,0.0,0.0
NbCu3Te4_215,2.3000000000000003,2.35,0.0,0.0
NbCu3Te4_215,2.35,2.4000000000000004,0.0,0.0
NbCu3Te4_215,2.4000000000000004,2.45,0.0,0.0
NbCu3Te4_215,2.45,2.5,0.0,0.0
NbCu3Te4_215,2.5,2.5500000000000003,0.0,0.0
NbCu3Te4_215,2.5500000000000003,2.6,0.0,0.0
NbCu3Te4_215,2.6,2.6500000000000004,0.0,0.0
NbCu3Te4_215,2.6500000000000004,2.7,0.0,0.0
NbCu3Te4_215,2.7,2.75,0.0,0.0
NbCu3Te4_215,2.75,2.8000000000000003,0.0,0.0
NbCu3Te4_215,2.8000000000000003,2.85,0.0,0.0
NbCu3Te4_215,2.85,2.9000000000000004,0.0,0.0
NbCu3Te4_215,2.9000000000000004,2.95,0.0,0.0
NbCu3Te4_215,2.95,3.0,0.0,0.0
Sc(AlC)3_194,0.0,0.05,1.7983842036320106e-05,0.0020582886457444958
Sc(AlC)3_194,0.05,0.1,0.0,0.0016004090584045198
Sc(AlC)3_194,0.1,0.15000000000000002,0.0,0.0025364705040603996
Sc(AlC)3_194,0.15000000000000002,0.2,7.493765452024172e-05,0.0031982019971968185
Sc(AlC)3_194,0.2,0.25,0.0009582453386118429,0.004008674385073476
Sc(AlC)3_194,0.25,0.30000000000000004,0.0016707531907101732,0.003581856751654207
Sc(AlC)3_194,0.30000000000000004,0.35000000000000003,0.0017894837188861168,0.0022179591981654843
Sc(AlC)3_194,0.35000000000000003,0.4,0.001721030722638407,0.0008014122728641767
Sc(AlC)3_194,0.4,0.45,0.0019816958480514176,0.00038786657116796807
Sc(AlC)3_194,0.45,0.5,0.0019428172629083129,0.00035455109880534806
Sc(AlC)3_194,0.5,0.55,0.0017064775583634062,0.0005247688056029098
Sc(AlC)3_194,0.55,0.6000000000000001,0.001563871710605349,0.0010980617961234384
Sc(AlC)3_194,0.6000000000000001,0.65,0.001551232698486311,0.0019168502423759428
Sc(AlC)3_194,0.65,0.7000000000000001,0.0019124993026944472,0.0028200818419553578
Sc(AlC)3_194,0.7000000000000001,0.75,0.0023848254498300124,0.0034435550368810837
Sc(AlC)3_194,0.75,0.8,0.002947257321703964,0.0038750244732469828
Sc(AlC)3_194,0.8,0.8500000000000001,0.003529154790668738,0.00409003922463937
Sc(AlC)3_194,0.8500000000000001,0.9,0.0038485474940560265,0.00418217023166694
Sc(AlC)3_194,0.9,0.9500000000000001,0.004785057300145497,0.003983028759430364
Sc(AlC)3_194,0.9500000000000001,1.0,0.005377333930678022,0.003624964465044135
Sc(AlC)3_194,1.0,1.05,0.005698471070014856,0.0033043687237579856
Sc(AlC)3_194,1.05,1.1,0.005459839456179138,0.002866196184891786
Sc(AlC)3_194,1.1,1.1500000000000001,0.005601002011711909,0.002650007686603813
Sc(AlC)3_194,1.1500000000000001,1.2000000000000002,0.005290821834759641,0.0024399373556663376
Sc(AlC)3_194,1.2000000000000002,1.25,0.0051416638700483575,0.00237411990322862
Sc(AlC)3_194,1.25,1.3,0.004897132483623519,0.002274719468196912
Sc(AlC)3_194,1.3,1.35,0.004282498467544859,0.002257980670476819
Sc(AlC)3_194,1.35,1.4000000000000001,0.0036345527929751726,0.0022917405393610593
Sc(AlC)3_194,1.4000000000000001,1.4500000000000002,0.0029396888999650463,0.0022358607667564362
Sc(AlC)3_194,1.4500000000000002,1.5,0.0023981615398830057,0.00197283595017123
Sc(AlC)3_194,1.5,1.55,0.0017753091502505443,0.0017808199350770576
Sc(AlC)3_194,1.55,1.6,0.0012024758280906385,0.0015405128331682327
Sc(AlC)3_194,1.6,1.6500000000000001,0.0007038552987869804,0.001408703798458898
Sc(AlC)3_194,1.6500000000000001,1.7000000000000002,0.00034129359867468676,0.0012732836235267735
Sc(AlC)3_194,1.7000000000000002,1.75,9.772065162874954e-05,0.001248390712147621
Sc(AlC)3_194,1.75,1.8,5.48133422023618e-06,0.0011821580203114012
Sc(AlC)3_194,1.8,1.85,0.0,0.0011061788949915544
Sc(AlC)3_194,1.85,1.9000000000000001,0.0,0.001013289502191293
Sc(AlC)3_194,1.9000000000000001,1.9500000000000002,0.0,0.0008173998182001955
Sc(AlC)3_194,1.9500000000000002,2.0,0.0,0.0006447795331265715
Sc(AlC)3_194,2.0,2.0500000000000003,0.0,0.0005527846997913789
Sc(AlC)3_194,2.0500000000000003,2.1,0.0,0.0004409629474832565
Sc(AlC)3_194,2.1,2.15,0.0,0.00032837500218408695
Sc(AlC)3_194,2.15,2.2,0.0,0.00030854146004389676
Sc(AlC)3_194,2.2,2.25,0.0,0.00017501018806369398
Sc(AlC)3_194,2.25,2.3000000000000003,0.0,0.00018341852713543065
Sc(AlC)3_194,2.3000000000000003,2.35,0.0,0.00012396916700478636
Sc(AlC)3_194,2.35,2.4000000000000004,0.0,8.403208913604919e-05
Sc(AlC)3_194,2.4000000000000004,2.45,0.0,6.680869499356356e-05
Sc(AlC)3_194,2.45,2.5,0.0,4.846985444001695e-05
Sc(AlC)3_194,2.5,2.5500000000000003,0.0,2.538629896072724e-05
Sc(AlC)3_194,2.5500000000000003,2.6,0.0,2.0916207874898367e-05
Sc(AlC)3_194,2.6,2.6500000000000004,0.0,7.502741145549668e-06
Sc(AlC)3_194,2.6500000000000004,2.7,0.0,4.88559557043705e-06
Sc(AlC)3_194,2.7,2.75,0.0,7.521342449762705e-07
Sc(AlC)3_194,2.75,2.8000000000000003,0.0,0.0
Sc(AlC)3_194,2.8000000000000003,2.85,0.0,0.0
Sc(AlC)3_194,2.85,2.9000000000000004,0.0,0.0
Sc(AlC)3_194,2.9000000000000004,2.95,0.0,0.0
Sc(AlC)3_194,2.95,3.0,0.0,0.0
Tb2B4C_71,0.0,0.05,0.00014133196725857574,0.000628919498604302
Tb2B4C_71,0.05,0.1,0.0,0.009730687453269231
Tb2B4C_71,0.1,0.15000000000000002,0.0,0.028702614097927053
Tb2B4C_71,0.15000000000000002,0.2,7.4313543298297005e-06,0.03632054153263035
Tb2B4C_71,0.2,0.25,0.0003010029466829318,0.016629199302595998
Tb2B4C_71,0.25,0.30000000000000004,0.004973028129867893,0.0005387174685772281
Tb2B4C_71,0.30000000000000004,0.35000000000000003,0.014173702379183587,0.0
Tb2B4C_71,0.35000000000000003,0.4,0.015699741952481888,0.0
Tb2B4C_71,0.4,0.45,0.015309803378281393,5.081182357289493e-09
Tb2B4C_71,0.45,0.5,0.013170926109000237,9.525480802131022e-06
Tb2B4C_71,0.5,0.55,0.010658536142483778,4.400957530706123e-05
Tb2B4C_71,0.55,0.6000000000000001,0.0070963532714458846,9.845435527479461e-05
Tb2B4C_71,0.6000000000000001,0.65,0.003791498351050887,0.00014500024466692477
Tb2B4C_71,0.65,0.7000000000000001,0.0012650641364135846,0.00044151674413996593
Tb2B4C_71,0.7000000000000001,0.75,0.0011242241103268898,0.0016934982783919454
Tb2B4C_71,0.75,0.8,0.0012632244429716197,0.0020603100421317977
Tb2B4C_71,0.8,0.8500000000000001,0.0014596070589126108,0.0016929625928084004
Tb2B4C_71,0.8500000000000001,0.9,0.0015813464165391321,0.0013785142593021821
Tb2B4C_71,0.9,0.9500000000000001,0.0017132336689612432,0.0010687969997166971
Tb2B4C_71,0.9500000000000001,1.0,0.0017745680951943231,0.0008388646293922406
Tb2B4C_71,1.0,1.05,0.001720482641972846,0.0005729803282666546
Tb2B4C_71,1.05,1.1,0.0015005529542376878,0.0003730138454568709
Tb2B4C_71,1.1,1.1500000000000001,0.0013715749715355384,0.00026739546261508125
Tb2B4C_71,1.1500000000000001,1.2000000000000002,0.0011002456171077181,0.00018545466919064145
Tb2B4C_71,1.2000000000000002,1.25,0.0009531085484714302,0.00016096339796345976
Tb2B4C_71,1.25,1.3,0.0008457508687937227,0.0001326756226445438
Tb2B4C_71,1.3,1.35,0.0007343259664611298,0.00014790368778331477
Tb2B4C_71,1.35,1.4000000000000001,0.0006435574607968561,0.00017109527373508613
Tb2B4C_71,1.4000000000000001,1.4500000000000002,0.000547261060156574,0.0002081870541208291
Tb2B4C_71,1.4500000000000002,1.5,0.00046065809896894845,0.00024123764827171929
Tb2B4C_71,1.5,1.55,0.0003680519100751058,0.00027909941301394633
Tb2B4C_71,1.55,1.6,0.00027480240428155457,0.00029638209141583647
Tb2B4C_71,1.6,1.6500000000000001,0.00019698283240757384,0.0002830287210308554
Tb2B4C_71,1.6500000000000001,1.7000000000000002,0.00013287485340559603,0.0002640374718334386
Tb2B4C_71,1.7000000000000002,1.75,9.04411007396495e-05,0.00021265670473638807
Tb2B4C_71,1.75,1.8,5.569504457561127e-05,0.0001730989199807626
Tb2B4C_71,1.8,1.85,3.188679544550309e-05,0.00012019714031652006
Tb2B4C_71,1.85,1.9000000000000001,1.5368228767566687e-05,9.708430793329126e-05
Tb2B4C_71,1.9000000000000001,1.9500000000000002,5.4039399943661944e-06,8.035777979932855e-05
Tb2B4C_71,1.9500000000000002,2.0,1.1344681284646917e-06,5.970569046603975e-05
Tb2B4C_71,2.0,2.0500000000000003,2.6344713762998613e-08,4.052777305387122e-05
Tb2B4C_71,2.0500000000000003,2.1,0.0,2.760035856153611e-05
Tb2B4C_71,2.1,2.15,0.0,1.6671446208812934e-05
Tb2B4C_71,2.15,2.2,0.0,4.920181557412188e-06
Tb2B4C_71,2.2,2.25,0.0,2.97581616518613e-07
Tb2B4C_71,2.25,2.3000000000000003,0.0,0.0
Tb2B4C_71,2.3000000000000003,2.35,0.0,0.0
Tb2B4C_71,2.35,2.4000000000000004,0.0,0.0
Tb2B4C_71,2.4000000000000004,2.45,0.0,0.0
Tb2B4C_71,2.45,2.5,0.0,0.0
Tb2B4C_71,2.5,2.5500000000000003,0.0,0.0
Tb2B4C_71,2.5500000000000003,2.6,0.0,0.0
Tb2B4C_71,2.6,2.6500000000000004,0.0,0.0
Tb2B4C_71,2.6500000000000004,2.7,0.0,0.0
Tb2B4C_71,2.7,2.75,0.0,0.0
Tb2B4C_71,2.75,2.8000000000000003,0.0,0.0
Tb2B4C_71,2.8000000000000003,2.85,0.0,0.0
Tb2B4C_71,2.85,2.9000000000000004,0.0,0.0
Tb2B4C_71,2.9000000000000004,2.95,0.0,0.0
Tb2B4C_71,2.95,3.0,0.0,0.0
RbAuS_63,0.0,0.05,0.0,0.0031006178839309818
RbAuS_63,0.05,0.1,0.000992676601898296,0.002691078974396482
RbAuS_63,0.1,0.15000000000000002,0.00010995344248948073,0.008283575707238219
RbAuS_63,0.15000000000000002,0.2,0.008347645720926496,0.0030940026172488946
RbAuS_63,0.2,0.25,0.019936765789693535,0.0014755713008752754
RbAuS_63,0.25,0.30000000000000004,0.014861728172287158,2.294473759518863e-05
RbAuS_63,0.30000000000000004,0.35000000000000003,0.0038298961337004077,0.0018964915616234961
RbAuS_63,0.35000000000000003,0.4,0.0019081521140091602,0.010276933114336716
RbAuS_63,0.4,0.45,0.0016494657972804042,0.014152080393162791
RbAuS_63,0.45,0.5,0.0010710711718503545,0.012968986545477047
RbAuS_63,0.5,0.55,0.000503974262516773,0.008177232153633123
RbAuS_63,0.55,0.6000000000000001,0.0002947481326732188,0.003915321188578744
RbAuS_63,0.6000000000000001,0.65,0.0006678699384061326,0.0014075670884806015
RbAuS_63,0.65,0.7000000000000001,0.0013853430381429953,0.0005847616478674445
RbAuS_63,0.7000000000000001,0.75,0.0018086753186104673,0.0005277126404956771
RbAuS_63,0.75,0.8,0.0021852585625358125,0.0008779127754672187
RbAuS_63,0.8,0.8500000000000001,0.0024649045734962695,0.0010830090217461687
RbAuS_63,0.8500000000000001,0.9,0.0028290456560577893,0.001152700155024185
RbAuS_63,0.9,0.9500000000000001,0.0028467782151687213,0.0011759790982613213
RbAuS_63,0.9500000000000001,1.0,0.002764407093389486,0.0012234892086362996
RbAuS_63,1.0,1.05,0.002574414951925914,0.0012530704217860152
RbAuS_63,1.05,1.1,0.0024881639773494777,0.0011903327421501687
RbAuS_63,1.1,1.1500000000000001,0.0023031104437203033,0.001063955118075317
RbAuS_63,1.1500000000000001,1.2000000000000002,0.0020181531096051903,0.0008065878307032904
RbAuS_63,1.2000000000000002,1.25,0.001713584711383197,0.0005094365334437777
RbAuS_63,1.25,1.3,0.0013404987915914242,0.0002702033013264849
RbAuS_63,1.3,1.35,0.0010301812272646607,9.278071583574401e-05
RbAuS_63,1.35,1.4000000000000001,0.000796839050956619,9.745884610811097e-05
RbAuS_63,1.4000000000000001,1.4500000000000002,0.0006628661119470081,0.0001883465811647619
RbAuS_63,1.4500000000000002,1.5,0.0005470036303260479,0.0002627134199727981
RbAuS_63,1.5,1.55,0.00042879752160892497,0.0002975777117101286
RbAuS_63,1.55,1.6,0.000336654514971844,0.0002969051013884112
RbAuS_63,1.6,1.6500000000000001,0.0002467634642490396,0.0002844814560136753
RbAuS_63,1.6500000000000001,1.7000000000000002,0.00017433834911741533,0.0002665519699800442
RbAuS_63,1.7000000000000002,1.75,9.654247571514846e-05,0.0001944607325334997
RbAuS_63,1.75,1.8,4.677368537590011e-05,0.00015494505150015042
RbAuS_63,1.8,1.85,1.4353106156321509e-05,0.00015216660662499022
RbAuS_63,1.85,1.9000000000000001,2.7757833382264306e-06,0.00017009973532766356
RbAuS_63,1.9000000000000001,1.9500000000000002,2.3128753290061217e-07,0.00019224453737992138
RbAuS_63,1.9500000000000002,2.0,0.0,0.00019556176973712654
RbAuS_63,2.0,2.0500000000000003,0.0,0.0001995843512947673
RbAuS_63,2.0500000000000003,2.1,0.0,0.00019228462175352985
RbAuS_63,2.1,2.15,0.0,0.00017113165607353029
RbAuS_63,2.15,2.2,0.0,0.00015804013463391163
RbAuS_63,2.2,2.25,0.0,0.00013769244248448451
RbAuS_63,2.25,2.3000000000000003,0.0,9.158957448362318e-05
RbAuS_63,2.3000000000000003,2.35,0.0,4.231911892029951e-05
RbAuS_63,2.35,2.4000000000000004,0.0,1.727606613044539e-05
RbAuS_63,2.4000000000000004,2.45,0.0,5.707899666391605e-07
RbAuS_63,2.45,2.5,0.0,0.0
RbAuS_63,2.5,2.5500000000000003,0.0,0.0
RbAuS_63,2.5500000000000003,2.6,0.0,0.0
RbAuS_63,2.6,2.6500000000000004,0.0,0.0
RbAuS_63,2.6500000000000004,2.7,0.0,0.0
RbAuS_63,2.7,2.75,0.0,0.0
RbAuS_63,2.75,2.8000000000000003,0.0,0.0
RbAuS_63,2.8000000000000003,2.85,0.0,0.0
RbAuS_63,2.85,2.9000000000000004,0.0,0.0
RbAuS_63,2.9000000000000004,2.95,0.0,0.0
RbAuS_63,2.95,3.0,0.0,0.0
Na2UI6_148,0.0,0.05,0.0,0.005800753102104628
Na2UI6_148,0.05,0.1,6.192592125451743e-07,0.004045754679887822
Na2UI6_148,0.1,0.15000000000000002,0.0007521546649380158,0.004469510707399853
Na2UI6_148,0.15000000000000002,0.2,0.001025003078602586,0.002789529756591204
Na2UI6_148,0.2,0.25,0.0,0.010797689327171789
Na2UI6_148,0.25,0.30000000000000004,0.0007860266338635052,0.01161625382973686
Na2UI6_148,0.30000000000000004,0.35000000000000003,0.003944027500051805,0.005582939213292715
Na2UI6_148,0.35000000000000003,0.4,0.007520101179287361,0.00013630181554012303
Na2UI6_148,0.4,0.45,0.011332321170484074,3.4306326285930023e-06
Na2UI6_148,0.45,0.5,0.011485369052760553,0.00045535157367436425
Na2UI6_148,0.5,0.55,0.009674420883470612,0.0013959552130766565
Na2UI6_148,0.55,0.6000000000000001,0.007055222046539012,0.001914303204150109
Na2UI6_148,0.6000000000000001,0.65,0.004556053045920602,0.002101932095133381
Na2UI6_148,0.65,0.7000000000000001,0.0027303862098622777,0.0018617696070128574
Na2UI6_148,0.7000000000000001,0.75,0.0016910827711771634,0.0017179315041055867
Na2UI6_148,0.75,0.8,0.0013159762720617826,0.0015293807544726938
Na2UI6_148,0.8,0.8500000000000001,0.0012712490228649457,0.001371972100363845
Na2UI6_148,0.8500000000000001,0.9,0.001322332290250355,0.0012406855565677396
Na2UI6_148,0.9,0.9500000000000001,0.0014007359719302554,0.0011448421072367504
Na2UI6_148,0.9500000000000001,1.0,0.0015310705580706082,0.0011681818084577813
Na2UI6_148,1.0,1.05,0.0016906185616290237,0.0011842072881098947
Na2UI6_148,1.05,1.1,0.0016315816783186432,0.0011864639691913296
Na2UI6_148,1.1,1.1500000000000001,0.0015767715787033453,0.0011553323168921434
Na2UI6_148,1.1500000000000001,1.2000000000000002,0.0014941111299319183,0.0011479599579396387
Na2UI6_148,1.2000000000000002,1.25,0.0014181921542392017,0.0011290288320714445
Na2UI6_148,1.25,1.3,0.0011700593272702877,0.0011240153474385412
Na2UI6_148,1.3,1.35,0.0008279391048493053,0.0011016258308707335
Na2UI6_148,1.35,1.4000000000000001,0.0005265865764904926,0.0010817971569368656
Na2UI6_148,1.4000000000000001,1.4500000000000002,0.0002565147944480861,0.0010424263569387426
Na2UI6_148,1.4500000000000002,1.5,7.942595950633709e-05,0.001051250249909979
Na2UI6_148,1.5,1.55,1.3599513476826447e-05,0.0010947851362898108
Na2UI6_148,1.55,1.6,6.788415428194301e-07,0.0011446558760438777
Na2UI6_148,1.6,1.6500000000000001,0.0,0.0011748433553364248
Na2UI6_148,1.6500000000000001,1.7000000000000002,0.0,0.0011796883868331043
Na2UI6_148,1.7000000000000002,1.75,0.0,0.00116033080705938
Na2UI6_148,1.75,1.8,0.0,0.0011117759603191477
Na2UI6_148,1.8,1.85,0.0,0.0010231809516403412
Na2UI6_148,1.85,1.9000000000000001,0.0,0.0009286183755546276
Na2UI6_148,1.9000000000000001,1.9500000000000002,0.0,0.0007849272592700689
Na2UI6_148,1.9500000000000002,2.0,0.0,0.0006416642406767976
Na2UI6_148,2.0,2.0500000000000003,0.0,0.0004975973535182068
Na2UI6_148,2.0500000000000003,2.1,0.0,0.0003600371560437788
Na2UI6_148,2.1,2.15,0.0,0.00023585184649239197
Na2UI6_148,2.15,2.2,0.0,0.00013812541352470703
Na2UI6_148,2.2,2.25,0.0,7.785784027840612e-05
Na2UI6_148,2.25,2.3000000000000003,0.0,4.950962609651807e-05
Na2UI6_148,2.3000000000000003,2.35,0.0,3.2419144907263376e-05
Na2UI6_148,2.35,2.4000000000000004,0.0,2.0794258442347704e-05
Na2UI6_148,2.4000000000000004,2.45,0.0,1.2839443691707522e-05
Na2UI6_148,2.45,2.5,0.0,7.0744884227049715e-06
Na2UI6_148,2.5,2.5500000000000003,0.0,3.3994704214085003e-06
Na2UI6_148,2.5500000000000003,2.6,0.0,9.873711856796044e-07
Na2UI6_148,2.6,2.6500000000000004,0.0,1.0497949368068e-07
Na2UI6_148,2.6500000000000004,2.7,0.0,0.0
Na2UI6_148,2.7,2.75,0.0,0.0
Na2UI6_148,2.75,2.8000000000000003,0.0,0.0
Na2UI6_148,2.8000000000000003,2.85,0.0,0.0
Na2UI6_148,2.85,2.9000000000000004,0.0,0.0
Na2UI6_148,2.9000000000000004,2.95,0.0,0.0
Na2UI6_148,2.95,3.0,0.0,0.0
ScMn2_194,0.0,0.05,0.00040393869589785503,0.0004305648976617219
ScMn2_194,0.05,0.1,0.001363864077121245,0.00016569058630802415
ScMn2_194,0.1,0.15000000000000002,0.00010925629433150193,0.001721201645093298
ScMn2_194,0.15000000000000002,0.2,0.0,0.00799539274701517
ScMn2_194,0.2,0.25,0.0,0.015114930696704583
ScMn2_194,0.25,0.30000000000000004,0.0,0.014293748406965113
ScMn2_194,0.30000000000000004,0.35000000000000003,0.0,0.00938856087745401
ScMn2_194,0.35000000000000003,0.4,0.00035209627821355743,0.0025030887863264737
ScMn2_194,0.4,0.45,0.004217597848806764,0.00024264206654998715
ScMn2_194,0.45,0.5,0.007879870845118157,0.0001230378972758296
ScMn2_194,0.5,0.55,0.008440850758266265,0.00022597251799020402
ScMn2_194,0.55,0.6000000000000001,0.007077482689900185,0.0005204721691176655
ScMn2_194,0.6000000000000001,0.65,0.004520537035834005,0.0009823301795758013
ScMn2_194,0.65,0.7000000000000001,0.0020615654064975696,0.0013715989528848877
ScMn2_194,0.7000000000000001,0.75,0.0008249871049536106,0.0018637517318659412
ScMn2_194,0.75,0.8,0.0007084078679240072,0.001923673187424166
ScMn2_194,0.8,0.8500000000000001,0.0013029304530243842,0.0013771410555000667
ScMn2_194,0.8500000000000001,0.9,0.002116810246460652,0.0009287465849768815
ScMn2_194,0.9,0.9500000000000001,0.003089368752254773,0.0007499207361240437
ScMn2_194,0.9500000000000001,1.0,0.003619858320589825,0.00039051351189798976
ScMn2_194,1.0,1.05,0.003641115098382124,7.380058696520263e-05
ScMn2_194,1.05,1.1,0.0031347344691745487,6.857052185646451e-07
ScMn2_194,1.1,1.1500000000000001,0.0026641098462775892,1.1982341282343579e-07
ScMn2_194,1.1500000000000001,1.2000000000000002,0.0020221210082627034,2.6360530693242015e-07
ScMn2_194,1.2000000000000002,1.25,0.0014080652965067493,0.0
ScMn2_194,1.25,1.3,0.0007680453531533966,0.0
ScMn2_194,1.3,1.35,0.00024709138491622835,0.0
ScMn2_194,1.35,1.4000000000000001,5.1750810923386665e-05,0.0
ScMn2_194,1.4000000000000001,1.4500000000000002,1.461639148178696e-06,0.0
ScMn2_194,1.4500000000000002,1.5,0.0,0.0
ScMn2_194,1.5,1.55,0.0,0.0
ScMn2_194,1.55,1.6,0.0,0.0
ScMn2_194,1.6,1.6500000000000001,0.0,0.0
ScMn2_194,1.6500000000000001,1.7000000000000002,0.0,0.0
ScMn2_194,1.7000000000000002,1.75,0.0,0.0
ScMn2_194,1.75,1.8,0.0,0.0
ScMn2_194,1.8,1.85,0.0,0.0
ScMn2_194,1.85,1.9000000000000001,0.0,0.0
ScMn2_194,1.9000000000000001,1.9500000000000002,0.0,0.0
ScMn2_194,1.9500000000000002,2.0,0.0,0.0
ScMn2_194,2.0,2.0500000000000003,0.0,0.0
ScMn2_194,2.0500000000000003,2.1,0.0,0.0
ScMn2_194,2.1,2.15,0.0,0.0
ScMn2_194,2.15,2.2,0.0,0.0
ScMn2_194,2.2,2.25,0.0,0.0
ScMn2_194,2.25,2.3000000000000003,0.0,0.0
ScMn2_194,2.3000000000000003,2.35,0.0,0.0
ScMn2_194,2.35,2.4000000000000004,0.0,0.0
ScMn2_194,2.4000000000000004,2.45,0.0,0.0
ScMn2_194,2.45,2.5,0.0,0.0
ScMn2_194,2.5,2.5500000000000003,0.0,0.0
ScMn2_194,2.5500000000000003,2.6,0.0,0.0
ScMn2_194,2.6,2.6500000000000004,0.0,0.0
ScMn2_194,2.6500000000000004,2.7,0.0,0.0
ScMn2_194,2.7,2.75,0.0,0.0
ScMn2_194,2.75,2.8000000000000003,0.0,0.0
ScMn2_194,2.8000000000000003,2.85,0.0,0.0
ScMn2_194,2.85,2.9000000000000004,0.0,0.0
ScMn2_194,2.9000000000000004,2.95,0.0,0.0
ScMn2_194,2.95,3.0,0.0,0.0
K2Te2Pt_71,0.0,0.05,0.0,0.003938941079134743
K2Te2Pt_71,0.05,0.1,0.000341727113278981,0.007340495870865537
K2Te2Pt_71,0.1,0.15000000000000002,0.005238969020716701,0.003685703836331025
K2Te2Pt_71,0.15000000000000002,0.2,0.012441564799150493,0.0011470555596703224
K2Te2Pt_71,0.2,0.25,0.01095038896101902,0.0032568841929304935
K2Te2Pt_71,0.25,0.30000000000000004,0.005156819691772286,0.007947045772607237
K2Te2Pt_71,0.30000000000000004,0.35000000000000003,0.0006929468295365979,0.00993697611882164
K2Te2Pt_71,0.35000000000000003,0.4,0.0004706412691649068,0.00944923705176812
K2Te2Pt_71,0.4,0.45,0.002721664650211787,0.008144343800571777
K2Te2Pt_71,0.45,0.5,0.004532211854794186,0.0054370165835292954
K2Te2Pt_71,0.5,0.55,0.0058461395998543626,0.003653585932140633
K2Te2Pt_71,0.55,0.6000000000000001,0.005150477550547597,0.002050761099010841
K2Te2Pt_71,0.6000000000000001,0.65,0.003562463051037668,0.0008270891209477516
K2Te2Pt_71,0.65,0.7000000000000001,0.0022605120067789616,0.000578063773111731
K2Te2Pt_71,0.7000000000000001,0.75,0.0018690047125585335,0.0011304302164907712
K2Te2Pt_71,0.75,0.8,0.001932758930049901,0.0014063747020883902
K2Te2Pt_71,0.8,0.8500000000000001,0.0022196622248986265,0.0014079034151023913
K2Te2Pt_71,0.8500000000000001,0.9,0.0025063904981017693,0.0014465250544240104
K2Te2Pt_71,0.9,0.9500000000000001,0.0027551269021563727,0.0015126683253613453
K2Te2Pt_71,0.9500000000000001,1.0,0.0028684285042490285,0.0015701029785086754
K2Te2Pt_71,1.0,1.05,0.002637109594119091,0.0015487654675509187
K2Te2Pt_71,1.05,1.1,0.0025282869263771623,0.0015102010028584412
K2Te2Pt_71,1.1,1.1500000000000001,0.0022019687051720626,0.0014521438317307625
K2Te2Pt_71,1.1500000000000001,1.2000000000000002,0.001800626318242765,0.0014213321860700055
K2Te2Pt_71,1.2000000000000002,1.25,0.0014253995258539957,0.0012936988294794537
K2Te2Pt_71,1.25,1.3,0.0011301386630132775,0.0011167273355966786
K2Te2Pt_71,1.3,1.35,0.0008479244040643554,0.0009179799335963344
K2Te2Pt_71,1.35,1.4000000000000001,0.0006373321284206615,0.0007141921142288392
K2Te2Pt_71,1.4000000000000001,1.4500000000000002,0.0004878098049674411,0.0005061680702604827
K2Te2Pt_71,1.4500000000000002,1.5,0.0003691963119855863,0.0004005180946840765
K2Te2Pt_71,1.5,1.55,0.00026305271558507216,0.0003331644660837442
K2Te2Pt_71,1.55,1.6,0.00016491541871004232,0.00030394637308162677
K2Te2Pt_71,1.6,1.6500000000000001,9.00500030918235e-05,0.00028872708271053565
K2Te2Pt_71,1.6500000000000001,1.7000000000000002,4.033501607486118e-05,0.0002627526885399212
K2Te2Pt_71,1.7000000000000002,1.75,1.2888314760897543e-05,0.00021640553737764523
K2Te2Pt_71,1.75,1.8,1.1790519840182946e-06,0.0001572434150042288
K2Te2Pt_71,1.8,1.85,0.0,9.49574526684967e-05
K2Te2Pt_71,1.85,1.9000000000000001,0.0,4.6302867665175234e-05
K2Te2Pt_71,1.9000000000000001,1.9500000000000002,0.0,1.7879963610634387e-05
K2Te2Pt_71,1.9500000000000002,2.0,0.0,5.629488956123717e-06
K2Te2Pt_71,2.0,2.0500000000000003,0.0,1.2814983181447407e-06
K2Te2Pt_71,2.0500000000000003,2.1,0.0,0.0
K2Te2Pt_71,2.1,2.15,0.0,0.0
K2Te2Pt_71,2.15,2.2,0.0,0.0
K2Te2Pt_71,2.2,2.25,0.0,0.0
K2Te2Pt_71,2.25,2.3000000000000003,0.0,0.0
K2Te2Pt_71,2.3000000000000003,2.35,0.0,0.0
K2Te2Pt_71,2.35,2.4000000000000004,0.0,0.0
K2Te2Pt_71,2.4000000000000004,2.45,0.0,0.0
K2Te2Pt_71,2.45,2.5,0.0,0.0
K2Te2Pt_71,2.5,2.5500000000000003,0.0,0.0
K2Te2Pt_71,2.5500000000000003,2.6,0.0,0.0
K2Te2Pt_71,2.6,2.6500000000000004,0.0,0.0
K2Te2Pt_71,2.6500000000000004,2.7,0.0,0.0
K2Te2Pt_71,2.7,2.75,0.0,0.0
K2Te2Pt_71,2.75,2.8000000000000003,0.0,0.0
K2Te2Pt_71,2.8000000000000003,2.85,0.0,0.0
K2Te2Pt_71,2.85,2.9000000000000004,0.0,0.0
K2Te2Pt_71,2.9000000000000004,2.95,0.0,0.0
K2Te2Pt_71,2.95,3.0,0.0,0.0
Nb3AlC2_194,0.0,0.05,0.0,0.0028373272725591404
Nb3AlC2_194,0.05,0.1,0.0,0.0046036693535167275
Nb3AlC2_194,0.1,0.15000000000000002,4.734720716098112e-05,0.007801375575865352
Nb3AlC2_194,0.15000000000000002,0.2,0.012784351114776483,0.0005841900547027879
Nb3AlC2_194,0.2,0.25,0.023394187595129488,0.0005147701139618401
Nb3AlC2_194,0.25,0.30000000000000004,0.011758015814457878,0.00032139693917846335
Nb3AlC2_194,0.30000000000000004,0.35000000000000003,0.0008858518354439711,0.0044226297886058325
Nb3AlC2_194,0.35000000000000003,0.4,0.0006752340493702258,0.013636173588559274
Nb3AlC2_194,0.4,0.45,0.0005814235437860063,0.015030165031586606
Nb3AlC2_194,0.45,0.5,0.0005261814688906344,0.01167746293598192
Nb3AlC2_194,0.5,0.55,0.0004946329720652641,0.007881354476956795
Nb3AlC2_194,0.55,0.6000000000000001,0.0004662943135014433,0.004931993397891274
Nb3AlC2_194,0.6000000000000001,0.65,0.00043163104313448527,0.003606370862449146
Nb3AlC2_194,0.65,0.7000000000000001,0.0006047606671492035,0.003395288068218013
Nb3AlC2_194,0.7000000000000001,0.75,0.0008221288682967696,0.0033811175798412205
Nb3AlC2_194,0.75,0.8,0.0009585874949670393,0.002788710679607999
Nb3AlC2_194,0.8,0.8500000000000001,0.0011510850534127153,0.0017823410551361515
Nb3AlC2_194,0.8500000000000001,0.9,0.0015122679293017181,0.0010236117076809139
Nb3AlC2_194,0.9,0.9500000000000001,0.0018911209330803773,0.0005676010574864692
Nb3AlC2_194,0.9500000000000001,1.0,0.0024936116151974153,0.0003381679086353432
Nb3AlC2_194,1.0,1.05,0.002911921420217159,0.00022864713336685465
Nb3AlC2_194,1.05,1.1,0.0030608409933837203,0.00016265606760411586
Nb3AlC2_194,1.1,1.1500000000000001,0.0028819167480050186,0.00011794783189806626
Nb3AlC2_194,1.1500000000000001,1.2000000000000002,0.0026327329677936695,9.005452938230506e-05
Nb3AlC2_194,1.2000000000000002,1.25,0.0023871689350935072,6.988869041814496e-05
Nb3AlC2_194,1.25,1.3,0.0022882933381490125,5.5534256942945274e-05
Nb3AlC2_194,1.3,1.35,0.0021427589186245846,4.271594166839809e-05
Nb3AlC2_194,1.35,1.4000000000000001,0.0022127334781559325,3.665319051413471e-05
Nb3AlC2_194,1.4000000000000001,1.4500000000000002,0.002133192271522941,3.168144818645014e-05
Nb3AlC2_194,1.4500000000000002,1.5,0.0017470615094263122,2.6842079000218146e-05
Nb3AlC2_194,1.5,1.55,0.0015864253204518467,2.2638863718737942e-05
Nb3AlC2_194,1.55,1.6,0.001324306612757987,2.1752017765863705e-05
Nb3AlC2_194,1.6,1.6500000000000001,0.0010528030549009635,1.6716751286339784e-05
Nb3AlC2_194,1.6500000000000001,1.7000000000000002,0.0007736980730515396,1.239290417247981e-05
Nb3AlC2_194,1.7000000000000002,1.75,0.0005649563131427114,6.908671449881943e-06
Nb3AlC2_194,1.75,1.8,0.0003881263233792233,2.6373000307482994e-06
Nb3AlC2_194,1.8,1.85,0.00027315405060315926,4.80021663349705e-07
Nb3AlC2_194,1.85,1.9000000000000001,0.0002178014840869036,0.0
Nb3AlC2_194,1.9000000000000001,1.9500000000000002,0.0001252244474537055,0.0
Nb3AlC2_194,1.9500000000000002,2.0,9.514517563665085e-05,0.0
Nb3AlC2_194,2.0,2.0500000000000003,4.9115145479183164e-05,0.0
Nb3AlC2_194,2.0500000000000003,2.1,2.4277540024878146e-05,5.629622992728514e-08
Nb3AlC2_194,2.1,2.15,2.3971017333876767e-05,2.5475413352261704e-07
Nb3AlC2_194,2.15,2.2,8.897135616200708e-06,1.02085284756077e-06
Nb3AlC2_194,2.2,2.25,1.3030420068485263e-05,6.75585762114111e-07
Nb3AlC2_194,2.25,2.3000000000000003,4.741796722532736e-06,1.3037913556786403e-06
Nb3AlC2_194,2.3000000000000003,2.35,1.5520489590238785e-06,1.2137494137223669e-07
Nb3AlC2_194,2.35,2.4000000000000004,4.428577096069293e-07,2.9332667408231794e-07
Nb3AlC2_194,2.4000000000000004,2.45,0.0,0.0
Nb3AlC2_194,2.45,2.5,0.0,0.0
Nb3AlC2_194,2.5,2.5500000000000003,0.0,0.0
Nb3AlC2_194,2.5500000000000003,2.6,0.0,0.0
Nb3AlC2_194,2.6,2.6500000000000004,0.0,0.0
Nb3AlC2_194,2.6500000000000004,2.7,0.0,0.0
Nb3AlC2_194,2.7,2.75,0.0,0.0
Nb3AlC2_194,2.75,2.8000000000000003,0.0,0.0
Nb3AlC2_194,2.8000000000000003,2.85,0.0,0.0
Nb3AlC2_194,2.85,2.9000000000000004,0.0,0.0
Nb3AlC2_194,2.9000000000000004,2.95,0.0,0.0
Nb3AlC2_194,2.95,3.0,0.0,0.0
Sr2In3Rh2_12,0.0,0.05,1.247946878753446e-05,0.0028633557065624645
Sr2In3Rh2_12,0.05,0.1,0.0004826752028966141,0.006511036881755566
Sr2In3Rh2_12,0.1,0.15000000000000002,0.0020493693783537555,0.004856370868827587
Sr2In3Rh2_12,0.15000000000000002,0.2,0.009719110269204719,0.003233065014043284
Sr2In3Rh2_12,0.2,0.25,0.01642587928359622,0.002656261211457104
Sr2In3Rh2_12,0.25,0.30000000000000004,0.013885246235928546,0.001695453212416944
Sr2In3Rh2_12,0.30000000000000004,0.35000000000000003,0.009183144163925695,0.004353405468271532
Sr2In3Rh2_12,0.35000000000000003,0.4,0.0034497374873371177,0.006357178311345085
Sr2In3Rh2_12,0.4,0.45,0.0011178802006491404,0.008712382504522019
Sr2In3Rh2_12,0.45,0.5,0.0004178515954468014,0.009091796243035029
Sr2In3Rh2_12,0.5,0.55,6.589110411135205e-05,0.007509851482752238
Sr2In3Rh2_12,0.55,0.6000000000000001,0.0003118090388877281,0.005439896317718712
Sr2In3Rh2_12,0.6000000000000001,0.65,0.0007949502172061796,0.0035226755197594168
Sr2In3Rh2_12,0.65,0.7000000000000001,0.0011341829655223473,0.0020796790850596014
Sr2In3Rh2_12,0.7000000000000001,0.75,0.0015338389748379457,0.0011556395399263065
Sr2In3Rh2_12,0.75,0.8,0.00219247078455609,0.0007357664355814208
Sr2In3Rh2_12,0.8,0.8500000000000001,0.002952119924114321,0.0006666612915829556
Sr2In3Rh2_12,0.8500000000000001,0.9,0.0032799061640642925,0.0007860616077815137
Sr2In3Rh2_12,0.9,0.9500000000000001,0.003308371509334361,0.0009511149857044176
Sr2In3Rh2_12,0.9500000000000001,1.0,0.0031749545643113535,0.0011086385902857295
Sr2In3Rh2_12,1.0,1.05,0.002676120623807658,0.001239807471101766
Sr2In3Rh2_12,1.05,1.1,0.002154341873904703,0.0013073494674294352
Sr2In3Rh2_12,1.1,1.1500000000000001,0.0016672755083830513,0.0012689936315507947
Sr2In3Rh2_12,1.1500000000000001,1.2000000000000002,0.001151502100169411,0.0011928752546591453
Sr2In3Rh2_12,1.2000000000000002,1.25,0.0007273783594193622,0.0011072964640310733
Sr2In3Rh2_12,1.25,1.3,0.00043306700975427576,0.0010262934372582263
Sr2In3Rh2_12,1.3,1.35,0.00023689473235149255,0.0009054151720361821
Sr2In3Rh2_12,1.35,1.4000000000000001,0.00012182821043157506,0.0007767816704641979
Sr2In3Rh2_12,1.4000000000000001,1.4500000000000002,4.972852890485005e-05,0.0006768918662694426
Sr2In3Rh2_12,1.4500000000000002,1.5,1.0763146284293162e-05,0.0005926003981705446
Sr2In3Rh2_12,1.5,1.55,2.2307510324808645e-06,0.0004950154995145029
Sr2In3Rh2_12,1.55,1.6,3.055532654173594e-07,0.0003585465954673633
Sr2In3Rh2_12,1.6,1.6500000000000001,0.0,0.0002152128175908916
Sr2In3Rh2_12,1.6500000000000001,1.7000000000000002,0.0,7.875303396609878e-05
Sr2In3Rh2_12,1.7000000000000002,1.75,0.0,2.030922659925897e-05
Sr2In3Rh2_12,1.75,1.8,0.0,3.5766349009525095e-06
Sr2In3Rh2_12,1.8,1.85,0.0,0.0
Sr2In3Rh2_12,1.85,1.9000000000000001,0.0,0.0
Sr2In3Rh2_12,1.9000000000000001,1.9500000000000002,0.0,0.0
Sr2In3Rh2_12,1.9500000000000002,2.0,0.0,0.0
Sr2In3Rh2_12,2.0,2.0500000000000003,0.0,0.0
Sr2In3Rh2_12,2.0500000000000003,2.1,0.0,0.0
Sr2In3Rh2_12,2.1,2.15,0.0,0.0
Sr2In3Rh2_12,2.15,2.2,0.0,0.0
Sr2In3Rh2_12,2.2,2.25,0.0,0.0
Sr2In3Rh2_12,2.25,2.3000000000000003,0.0,0.0
Sr2In3Rh2_12,2.3000000000000003,2.35,0.0,0.0
Sr2In3Rh2_12,2.35,2.4000000000000004,0.0,0.0
Sr2In3Rh2_12,2.4000000000000004,2.45,0.0,0.0
Sr2In3Rh2_12,2.45,2.5,0.0,0.0
Sr2In3Rh2_12,2.5,2.5500000000000003,0.0,0.0
Sr2In3Rh2_12,2.5500000000000003,2.6,0.0,0.0
Sr2In3Rh2_12,2.6,2.6500000000000004,0.0,0.0
Sr2In3Rh2_12,2.6500000000000004,2.7,0.0,0.0
Sr2In3Rh2_12,2.7,2.75,0.0,0.0
Sr2In3Rh2_12,2.75,2.8000000000000003,0.0,0.0
Sr2In3Rh2_12,2.8000000000000003,2.85,0.0,0.0
Sr2In3Rh2_12,2.85,2.9000000000000004,0.0,0.0
Sr2In3Rh2_12,2.9000000000000004,2.95,0.0,0.0
Sr2In3Rh2_12,2.95,3.0,0.0,0.0
PrTe_225,0.0,0.05,0.00011638002747609796,0.010321498729765528
PrTe_225,0.05,0.1,0.0,0.005435878951928228
PrTe_225,0.1,0.15000000000000002,0.0,0.006261106145386502
PrTe_225,0.15000000000000002,0.2,0.0,0.018162148186030975
PrTe_225,0.2,0.25,0.0,0.01653396845404315
PrTe_225,0.25,0.30000000000000004,0.002793719057987874,0.005727395986631287
PrTe_225,0.30000000000000004,0.35000000000000003,0.011826867492701152,0.0030614534978481048
PrTe_225,0.35000000000000003,0.4,0.010913924710338897,0.00030211667771693867
PrTe_225,0.4,0.45,0.010253708981116955,0.0
PrTe_225,0.45,0.5,0.007215780782992129,6.7915771717655405e-06
PrTe_225,0.5,0.55,0.004934011398352249,0.0005907644093180982
PrTe_225,0.55,0.6000000000000001,0.00416850756165269,0.0009652636646029511
PrTe_225,0.6000000000000001,0.65,0.0028449913341729994,0.0009477331975712284
PrTe_225,0.65,0.7000000000000001,0.0015719473836585964,0.0009148788156302662
PrTe_225,0.7000000000000001,0.75,0.000975611026291074,0.0006947235570734408
PrTe_225,0.75,0.8,0.0006776135162388762,0.000731567847325626
PrTe_225,0.8,0.8500000000000001,0.0006447168828875812,0.000694739921065125
PrTe_225,0.8500000000000001,0.9,0.0006766041274042002,0.0006176760197086448
PrTe_225,0.9,0.9500000000000001,0.0007613510651896591,0.0006409380481331373
PrTe_225,0.9500000000000001,1.0,0.001025503358721594,0.0005755365822091769
PrTe_225,1.0,1.05,0.0012096297392209276,0.0005701533019898001
PrTe_225,1.05,1.1,0.0014281040462159904,0.0005333363118792103
PrTe_225,1.1,1.1500000000000001,0.0016407637639138674,0.0005098760706358267
PrTe_225,1.1500000000000001,1.2000000000000002,0.0014850260063992912,0.0005384059290285087
PrTe_225,1.2000000000000002,1.25,0.0013618779592686327,0.0005138870810643425
PrTe_225,1.25,1.3,0.0011806147547742869,0.0004936840312781236
PrTe_225,1.3,1.35,0.0010290320580297063,0.0005219878453621062
PrTe_225,1.35,1.4000000000000001,0.0007194384894331293,0.00047743287051017346
PrTe_225,1.4000000000000001,1.4500000000000002,0.0004302700068669085,0.00046764111904435465
PrTe_225,1.4500000000000002,1.5,0.00021589868275600853,0.00040335578879561107
PrTe_225,1.5,1.55,7.032050717288632e-05,0.0003590050588365957
PrTe_225,1.55,1.6,9.930124637534958e-06,0.00037682807106686984
PrTe_225,1.6,1.6500000000000001,4.70266223671959e-08,0.00034970865546976365
PrTe_225,1.6500000000000001,1.7000000000000002,0.0,0.0003725845063663035
PrTe_225,1.7000000000000002,1.75,0.0,0.0003427715898170825
PrTe_225,1.75,1.8,0.0,0.00027591566575096293
PrTe_225,1.8,1.85,0.0,0.00025316948173642275
PrTe_225,1.85,1.9000000000000001,0.0,0.00016671886473253118
PrTe_225,1.9000000000000001,1.9500000000000002,0.0,0.0001401083307444104
PrTe_225,1.9500000000000002,2.0,0.0,0.00011377952305375623
PrTe_225,2.0,2.0500000000000003,0.0,6.700017063008079e-05
PrTe_225,2.0500000000000003,2.1,0.0,3.7035876566697436e-05
PrTe_225,2.1,2.15,0.0,2.245686105386871e-05
PrTe_225,2.15,2.2,0.0,1.811466392729844e-05
PrTe_225,2.2,2.25,0.0,2.1213408422045945e-06
PrTe_225,2.25,2.3000000000000003,0.0,8.863459961222173e-08
PrTe_225,2.3000000000000003,2.35,0.0,0.0
PrTe_225,2.35,2.4000000000000004,0.0,0.0
PrTe_225,2.4000000000000004,2.45,0.0,0.0
PrTe_225,2.45,2.5,0.0,0.0
PrTe_225,2.5,2.5500000000000003,0.0,0.0
PrTe_225,2.5500000000000003,2.6,0.0,0.0
PrTe_225,2.6,2.6500000000000004,0.0,0.0
PrTe_225,2.6500000000000004,2.7,0.0,0.0
PrTe_225,2.7,2.75,0.0,0.0
PrTe_225,2.75,2.8000000000000003,0.0,0.0
PrTe_225,2.8000000000000003,2.85,0.0,0.0
PrTe_225,2.85,2.9000000000000004,0.0,0.0
PrTe_225,2.9000000000000004,2.95,0.0,0.0
PrTe_225,2.95,3.0,0.0,0.0
Sc3CoC4_71,0.0,0.05,3.0622160295578026e-05,0.0016845352662349124
Sc3CoC4_71,0.05,0.1,0.00022130073642532926,0.00216244904356836
Sc3CoC4_71,0.1,0.15000000000000002,2.319311088618738e-06,0.0038407335396909003
Sc3CoC4_71,0.15000000000000002,0.2,4.6348677667598446e-05,0.008135903045786997
Sc3CoC4_71,0.2,0.25,0.0009000737971063764,0.010127090340537345
Sc3CoC4_71,0.25,0.30000000000000004,0.0013844555127697385,0.009260294129279822
Sc3CoC4_71,0.30000000000000004,0.35000000000000003,0.0016069370157240613,0.005023018279039872
Sc3CoC4_71,0.35000000000000003,0.4,0.00218679324315997,0.0012589722404879311
Sc3CoC4_71,0.4,0.45,0.005203716789360095,0.0005379313272372295
Sc3CoC4_71,0.45,0.5,0.0066072507027238265,0.0005658742699613416
Sc3CoC4_71,0.5,0.55,0.006656215630881786,0.0009004207483895349
Sc3CoC4_71,0.55,0.6000000000000001,0.005825394169592189,0.001379743036447157
Sc3CoC4_71,0.6000000000000001,0.65,0.0045329612988054095,0.0019897015937548144
Sc3CoC4_71,0.65,0.7000000000000001,0.00320885386981329,0.0025606895452817153
Sc3CoC4_71,0.7000000000000001,0.75,0.0023577082772769735,0.002925252049806391
Sc3CoC4_71,0.75,0.8,0.002068743845684976,0.0028980719238418775
Sc3CoC4_71,0.8,0.8500000000000001,0.0023280521952347014,0.002697224422155374
Sc3CoC4_71,0.8500000000000001,0.9,0.0025105679411455157,0.0023954418718201208
Sc3CoC4_71,0.9,0.9500000000000001,0.0026660084742374424,0.0018932552582681767
Sc3CoC4_71,0.9500000000000001,1.0,0.002532151345817853,0.001533230771767001
Sc3CoC4_71,1.0,1.05,0.0023611310494329007,0.001080061457373541
Sc3CoC4_71,1.05,1.1,0.0023140566375420444,0.0007633509069001923
Sc3CoC4_71,1.1,1.1500000000000001,0.002115104257827605,0.0004983207078653536
Sc3CoC4_71,1.1500000000000001,1.2000000000000002,0.002033541705929653,0.0003527601446970828
Sc3CoC4_71,1.2000000000000002,1.25,0.0019188352886634818,0.00018883287570213938
Sc3CoC4_71,1.25,1.3,0.0018529989476646627,0.00011583832045111493
Sc3CoC4_71,1.3,1.35,0.001596232274391013,9.648956655269582e-05
Sc3CoC4_71,1.35,1.4000000000000001,0.0014532571423469477,0.00013297543997684008
Sc3CoC4_71,1.4000000000000001,1.4500000000000002,0.001265718326499064,0.00018983519006154063
Sc3CoC4_71,1.4500000000000002,1.5,0.0010504236656530348,0.00028326955634792183
Sc3CoC4_71,1.5,1.55,0.0008501010732394559,0.00038164172599238893
Sc3CoC4_71,1.55,1.6,0.0006309456601057515,0.0004790658884779595
Sc3CoC4_71,1.6,1.6500000000000001,0.00045275174271222645,0.0005485162194595923
Sc3CoC4_71,1.6500000000000001,1.7000000000000002,0.0002995600479296318,0.0005966930758649201
Sc3CoC4_71,1.7000000000000002,1.75,0.00021827674884663853,0.0006416496943936515
Sc3CoC4_71,1.75,1.8,0.00012151997973256404,0.0006498370132943005
Sc3CoC4_71,1.8,1.85,7.039699864661632e-05,0.0005756940760369137
Sc3CoC4_71,1.85,1.9000000000000001,3.227153622263051e-05,0.0005727459082614027
Sc3CoC4_71,1.9000000000000001,1.9500000000000002,9.961686409927263e-06,0.0004669082610230614
Sc3CoC4_71,1.9500000000000002,2.0,1.7850929462698496e-06,0.0003832242024841951
Sc3CoC4_71,2.0,2.0500000000000003,1.708072431768487e-07,0.0003616464187546408
Sc3CoC4_71,2.0500000000000003,2.1,0.0,0.00027775395424642086
Sc3CoC4_71,2.1,2.15,0.0,0.0002615526494965312
Sc3CoC4_71,2.15,2.2,0.0,0.00020332001787491422
Sc3CoC4_71,2.2,2.25,0.0,0.00017265967899542396
Sc3CoC4_71,2.25,2.3000000000000003,0.0,0.00014208362394959155
Sc3CoC4_71,2.3000000000000003,2.35,0.0,0.00010170917047193667
Sc3CoC4_71,2.35,2.4000000000000004,0.0,8.400022689325616e-05
Sc3CoC4_71,2.4000000000000004,2.45,0.0,4.5840418445695284e-05
Sc3CoC4_71,2.45,2.5,0.0,4.287040336645201e-05
Sc3CoC4_71,2.5,2.5500000000000003,0.0,1.7888180482191674e-05
Sc3CoC4_71,2.5500000000000003,2.6,0.0,1.3043307789857055e-05
Sc3CoC4_71,2.6,2.6500000000000004,0.0,2.0591683788204234e-06
Sc3CoC4_71,2.6500000000000004,2.7,0.0,6.847860785191849e-07
Sc3CoC4_71,2.7,2.75,0.0,0.0
Sc3CoC4_71,2.75,2.8000000000000003,0.0,0.0
Sc3CoC4_71,2.8000000000000003,2.85,0.0,0.0
Sc3CoC4_71,2.85,2.9000000000000004,0.0,0.0
Sc3CoC4_71,2.9000000000000004,2.95,0.0,0.0
Sc3CoC4_71,2.95,3.0,0.0,0.0
ScBi_225,0.0,0.05,7.103022456868724e-05,0.012507052502923515
ScBi_225,0.05,0.1,0.0,0.0015884714305192098
ScBi_225,0.1,0.15000000000000002,9.931154346829791e-05,0.003552614740602031
ScBi_225,0.15000000000000002,0.2,0.0,0.0032139276694158367
ScBi_225,0.2,0.25,0.0,0.011368737800912196
ScBi_225,0.25,0.30000000000000004,0.0,0.010925659784487566
ScBi_225,0.30000000000000004,0.35000000000000003,0.001404413289149105,0.00289969867492392
ScBi_225,0.35000000000000003,0.4,0.009033003744232089,0.0006857089749817285
ScBi_225,0.4,0.45,0.012706277954243264,0.00026460704459593847
ScBi_225,0.45,0.5,0.012485114765585932,0.0003179663357697164
ScBi_225,0.5,0.55,0.011543361400957934,0.0005809506746269153
ScBi_225,0.55,0.6000000000000001,0.008353588859862253,0.0011665272144956746
ScBi_225,0.6000000000000001,0.65,0.006617489182443551,0.001727293281111735
ScBi_225,0.65,0.7000000000000001,0.00575155789018275,0.0027310177974544216
ScBi_225,0.7000000000000001,0.75,0.0048546733570264695,0.003076669177325582
ScBi_225,0.75,0.8,0.00419745889196827,0.0036125008059286813
ScBi_225,0.8,0.8500000000000001,0.0035050147246631605,0.0035787465022444316
ScBi_225,0.8500000000000001,0.9,0.002701415942559292,0.0035577664476687206
ScBi_225,0.9,0.9500000000000001,0.0023021186492576595,0.0036692339486806467
ScBi_225,0.9500000000000001,1.0,0.0012516846450305527,0.0036548323458842793
ScBi_225,1.0,1.05,0.0002045584606866471,0.003771908176492995
ScBi_225,1.05,1.1,1.4264570074217966e-06,0.0037257746526268764
ScBi_225,1.1,1.1500000000000001,0.0,0.003660742782094191
ScBi_225,1.1500000000000001,1.2000000000000002,0.0,0.0032544333832781047
ScBi_225,1.2000000000000002,1.25,0.0,0.0028037006673499757
ScBi_225,1.25,1.3,0.0,0.002212312275386616
ScBi_225,1.3,1.35,0.0,0.0017940006666172204
ScBi_225,1.35,1.4000000000000001,0.0,0.0010168449574448142
ScBi_225,1.4000000000000001,1.4500000000000002,0.0,0.0008177819973462923
ScBi_225,1.4500000000000002,1.5,0.0,0.0003085807661768345
ScBi_225,1.5,1.55,0.0,0.00024993444509949973
ScBi_225,1.55,1.6,0.0,4.0954911347438434e-05
ScBi_225,1.6,1.6500000000000001,0.0,1.1805070880949366e-05
ScBi_225,1.6500000000000001,1.7000000000000002,0.0,0.0
ScBi_225,1.7000000000000002,1.75,0.0,0.0
ScBi_225,1.75,1.8,0.0,0.0
ScBi_225,1.8,1.85,0.0,0.0
ScBi_225,1.85,1.9000000000000001,0.0,0.0
ScBi_225,1.9000000000000001,1.9500000000000002,0.0,0.0
ScBi_225,1.9500000000000002,2.0,0.0,0.0
ScBi_225,2.0,2.0500000000000003,0.0,0.0
ScBi_225,2.0500000000000003,2.1,0.0,0.0
ScBi_225,2.1,2.15,0.0,0.0
ScBi_225,2.15,2.2,0.0,0.0
ScBi_225,2.2,2.25,0.0,0.0
ScBi_225,2.25,2.3000000000000003,0.0,0.0
ScBi_225,2.3000000000000003,2.35,0.0,0.0
ScBi_225,2.35,2.4000000000000004,0.0,0.0
ScBi_225,2.4000000000000004,2.45,0.0,0.0
ScBi_225,2.45,2.5,0.0,0.0
ScBi_225,2.5,2.5500000000000003,0.0,0.0
ScBi_225,2.5500000000000003,2.6,0.0,0.0
ScBi_225,2.6,2.6500000000000004,0.0,0.0
ScBi_225,2.6500000000000004,2.7,0.0,0.0
ScBi_225,2.7,2.75,0.0,0.0
ScBi_225,2.75,2.8000000000000003,0.0,0.0
ScBi_225,2.8000000000000003,2.85,0.0,0.0
ScBi_225,2.85,2.9000000000000004,0.0,0.0
ScBi_225,2.9000000000000004,2.95,0.0,0.0
ScBi_225,2.95,3.0,0.0,0.0
AlVFe2_225,0.0,0.05,8.291941359841455e-05,0.0025226713435862447
AlVFe2_225,0.05,0.1,0.0012653554567392989,0.00015204333133268675
AlVFe2_225,0.1,0.15000000000000002,0.0,0.0036333825350884467
AlVFe2_225,0.15000000000000002,0.2,0.0,0.011464121530713797
AlVFe2_225,0.2,0.25,0.0,0.019850230286899254
AlVFe2_225,0.25,0.30000000000000004,0.0,0.013644241567120713
AlVFe2_225,0.30000000000000004,0.35000000000000003,0.0,0.009184617738773267
AlVFe2_225,0.35000000000000003,0.4,0.0023441049489301637,0.0013045579419733396
AlVFe2_225,0.4,0.45,0.006833585692316564,0.00031676875681804724
AlVFe2_225,0.45,0.5,0.011724960958879876,0.0002523644817125494
AlVFe2_225,0.5,0.55,0.010880737861784178,0.0002490439987471855
AlVFe2_225,0.55,0.6000000000000001,0.009001286565853184,0.00048068597668208195
AlVFe2_225,0.6000000000000001,0.65,0.005801186527920173,0.0011021830453483833
AlVFe2_225,0.65,0.7000000000000001,0.0029576555823293423,0.0016440530214660008
AlVFe2_225,0.7000000000000001,0.75,0.0014912570337881125,0.001930697161576343
AlVFe2_225,0.75,0.8,0.0012234895226265338,0.0019465216671837623
AlVFe2_225,0.8,0.8500000000000001,0.0017336788527954976,0.0014973841733695913
AlVFe2_225,0.8500000000000001,0.9,0.002240596183228136,0.0010631606095945023
AlVFe2_225,0.9,0.9500000000000001,0.002308608749304619,0.0009184807876777079
AlVFe2_225,0.9500000000000001,1.0,0.002402489754008075,0.0007108947190338686
AlVFe2_225,1.0,1.05,0.0025316823720912935,0.0005538324670161274
AlVFe2_225,1.05,1.1,0.0019458866615290815,0.000356692479331855
AlVFe2_225,1.1,1.1500000000000001,0.0016300234082497218,0.00017676239081002598
AlVFe2_225,1.1500000000000001,1.2000000000000002,0.001466885225848945,4.637505531930425e-05
AlVFe2_225,1.2000000000000002,1.25,0.0008745945890572742,1.0144326375894484e-05
AlVFe2_225,1.25,1.3,0.0003901990055795122,3.2158588988869724e-06
AlVFe2_225,1.3,1.35,0.00037184970042290484,0.0
AlVFe2_225,1.35,1.4000000000000001,0.00037955201022113103,2.94207974009275e-06
AlVFe2_225,1.4000000000000001,1.4500000000000002,0.0002777514997443584,3.897248865830915e-06
AlVFe2_225,1.4500000000000002,1.5,0.00020640298262011842,0.0
AlVFe2_225,1.5,1.55,7.806643689544102e-05,0.0
AlVFe2_225,1.55,1.6,3.5306817774416584e-06,0.0
AlVFe2_225,1.6,1.6500000000000001,0.0,0.0
AlVFe2_225,1.6500000000000001,1.7000000000000002,0.0,0.0
AlVFe2_225,1.7000000000000002,1.75,0.0,0.0
AlVFe2_225,1.75,1.8,0.0,0.0
AlVFe2_225,1.8,1.85,0.0,0.0
AlVFe2_225,1.85,1.9000000000000001,0.0,0.0
AlVFe2_225,1.9000000000000001,1.9500000000000002,0.0,0.0
AlVFe2_225,1.9500000000000002,2.0,0.0,0.0
AlVFe2_225,2.0,2.0500000000000003,0.0,0.0
AlVFe2_225,2.0500000000000003,2.1,0.0,0.0
AlVFe2_225,2.1,2.15,0.0,0.0
AlVFe2_225,2.15,2.2,0.0,0.0
AlVFe2_225,2.2,2.25,0.0,0.0
AlVFe2_225,2.25,2.3000000000000003,0.0,0.0
AlVFe2_225,2.3000000000000003,2.35,0.0,0.0
AlVFe2_225,2.35,2.4000000000000004,0.0,0.0
AlVFe2_225,2.4000000000000004,2.45,0.0,0.0
AlVFe2_225,2.45,2.5,0.0,0.0
AlVFe2_225,2.5,2.5500000000000003,0.0,0.0
AlVFe2_225,2.5500000000000003,2.6,0.0,0.0
AlVFe2_225,2.6,2.6500000000000004,0.0,0.0
AlVFe2_225,2.6500000000000004,2.7,0.0,0.0
AlVFe2_225,2.7,2.75,0.0,0.0
AlVFe2_225,2.75,2.8000000000000003,0.0,0.0
AlVFe2_225,2.8000000000000003,2.85,0.0,0.0
AlVFe2_225,2.85,2.9000000000000004,0.0,0.0
AlVFe2_225,2.9000000000000004,2.95,0.0,0.0
AlVFe2_225,2.95,3.0,0.0,0.0
SrHCl_129,0.0,0.05,0.0,0.004305238014116449
SrHCl_129,0.05,0.1,0.0006464038660732739,0.004178501940739405
SrHCl_129,0.1,0.15000000000000002,2.0294836743209415e-05,0.007962937369177038
SrHCl_129,0.15000000000000002,0.2,0.0010130736040692306,0.00685248964640794
SrHCl_129,0.2,0.25,0.011725382180387276,0.0009334233765030643
SrHCl_129,0.25,0.30000000000000004,0.01898229402853097,0.0
SrHCl_129,0.30000000000000004,0.35000000000000003,0.015330256873280188,0.0
SrHCl_129,0.35000000000000003,0.4,0.006490925869563245,9.76902646896397e-05
SrHCl_129,0.4,0.45,0.002840867113785538,0.004023485426539666
SrHCl_129,0.45,0.5,0.0015405903622874898,0.006732013109062422
SrHCl_129,0.5,0.55,0.0006430972092103138,0.007063850704954873
SrHCl_129,0.55,0.6000000000000001,0.0006305780552020652,0.005665050030805272
SrHCl_129,0.6000000000000001,0.65,0.000681405498934952,0.0035336022008500218
SrHCl_129,0.65,0.7000000000000001,0.0008368483130751804,0.0017311021667871826
SrHCl_129,0.7000000000000001,0.75,0.0012517894352246236,0.0008168442320544402
SrHCl_129,0.75,0.8,0.0015834493287246265,0.0005464107745370813
SrHCl_129,0.8,0.8500000000000001,0.001924294116032821,0.000632051760309631
SrHCl_129,0.8500000000000001,0.9,0.00197138439043956,0.0009095417450755445
SrHCl_129,0.9,0.9500000000000001,0.0018901826453537125,0.0012157171286011398
SrHCl_129,0.9500000000000001,1.0,0.0018173991675998747,0.0014434847319804054
SrHCl_129,1.0,1.05,0.0017343747899313208,0.0015725712010236969
SrHCl_129,1.05,1.1,0.001757331171194851,0.0015815080457105503
SrHCl_129,1.1,1.1500000000000001,0.0015507205460255013,0.0014785565522442098
SrHCl_129,1.1500000000000001,1.2000000000000002,0.0014626724620615036,0.001364653371434181
SrHCl_129,1.2000000000000002,1.25,0.0013869204654611757,0.0011541532583195164
SrHCl_129,1.25,1.3,0.0010944053627728058,0.0009429417345649366
SrHCl_129,1.3,1.35,0.0009555677688735266,0.0006972227475188136
SrHCl_129,1.35,1.4000000000000001,0.0006914750817422902,0.0005850218255695578
SrHCl_129,1.4000000000000001,1.4500000000000002,0.0005646460602148691,0.0005534960434853719
SrHCl_129,1.4500000000000002,1.5,0.0005802968527961539,0.000625717299555642
SrHCl_129,1.5,1.55,0.0004442309627528547,0.0008053836976732109
SrHCl_129,1.55,1.6,0.0003888523274108561,0.0009534298340665618
SrHCl_129,1.6,1.6500000000000001,0.00035530495690207887,0.001016329026261244
SrHCl_129,1.6500000000000001,1.7000000000000002,0.000300785121399222,0.0010011329885027394
SrHCl_129,1.7000000000000002,1.75,0.00022055588624828398,0.0009683381429144694
SrHCl_129,1.75,1.8,0.00016169082460525854,0.0009062530410135978
SrHCl_129,1.8,1.85,9.246330934814772e-05,0.0007697886929331867
SrHCl_129,1.85,1.9000000000000001,4.150292949242585e-05,0.0006678265468938327
SrHCl_129,1.9000000000000001,1.9500000000000002,1.2632457198829924e-05,0.0006127135444936425
SrHCl_129,1.9500000000000002,2.0,5.4722836337552446e-06,0.0005418751762465737
SrHCl_129,2.0,2.0500000000000003,1.0158515897099662e-06,0.0005009880482610849
SrHCl_129,2.0500000000000003,2.1,2.0660816765923488e-07,0.00048414898118919456
SrHCl_129,2.1,2.15,0.0,0.00048761917620351576
SrHCl_129,2.15,2.2,0.0,0.00044473912128663567
SrHCl_129,2.2,2.25,0.0,0.00045871155690723647
SrHCl_129,2.25,2.3000000000000003,0.0,0.000537582395732731
SrHCl_129,2.3000000000000003,2.35,0.0,0.0005263150000024032
SrHCl_129,2.35,2.4000000000000004,0.0,0.0005953464006521619
SrHCl_129,2.4000000000000004,2.45,0.0,0.0006113493896770589
SrHCl_129,2.45,2.5,0.0,0.0006377896318027365
SrHCl_129,2.5,2.5500000000000003,0.0,0.0006392126603198241
SrHCl_129,2.5500000000000003,2.6,0.0,0.0005521665966670488
SrHCl_129,2.6,2.6500000000000004,0.0,0.0005942823424540104
SrHCl_129,2.6500000000000004,2.7,0.0,0.0005231922322198232
SrHCl_129,2.7,2.75,0.0,0.0004782762978290552
SrHCl_129,2.75,2.8000000000000003,0.0,0.00047077446600907294
SrHCl_129,2.8000000000000003,2.85,0.0,0.00039592618357854224
SrHCl_129,2.85,2.9000000000000004,0.0,0.0003189900685863913
SrHCl_129,2.9000000000000004,2.95,0.0,0.00028723116095115555
SrHCl_129,2.95,3.0,0.0,0.0001828131156130329
HfMgIr2_225,0.0,0.05,0.0,0.006888410622367949
HfMgIr2_225,0.05,0.1,0.0010725199412657252,0.0002200121870176547
HfMgIr2_225,0.1,0.15000000000000002,0.0,0.005698449648920465
HfMgIr2_225,0.15000000000000002,0.2,0.003967868948099346,0.0021110291741150236
HfMgIr2_225,0.2,0.25,0.013256947596685182,0.0005413169080443001
HfMgIr2_225,0.25,0.30000000000000004,0.013015596115008049,0.0007808305980093348
HfMgIr2_225,0.30000000000000004,0.35000000000000003,0.002246678251069597,0.002488150751111272
HfMgIr2_225,0.35000000000000003,0.4,0.0,0.010629513854288744
HfMgIr2_225,0.4,0.45,0.0,0.014055861225260955
HfMgIr2_225,0.45,0.5,0.0,0.013873900802295861
HfMgIr2_225,0.5,0.55,4.591801582595897e-06,0.009465274273966486
HfMgIr2_225,0.55,0.6000000000000001,0.0002713917655539777,0.004963841573308047
HfMgIr2_225,0.6000000000000001,0.65,0.001959771639621047,0.002747595457782827
HfMgIr2_225,0.65,0.7000000000000001,0.0036678387589590897,0.002018079667376903
HfMgIr2_225,0.7000000000000001,0.75,0.0049100722366428595,0.0018096377309843178
HfMgIr2_225,0.75,0.8,0.0052182751340166585,0.0017102496042720318
HfMgIr2_225,0.8,0.8500000000000001,0.005616447818346892,0.0017461261453674969
HfMgIr2_225,0.8500000000000001,0.9,0.00609815402139088,0.0016139862957392664
HfMgIr2_225,0.9,0.9500000000000001,0.00570785554000433,0.0014626764591515245
HfMgIr2_225,0.9500000000000001,1.0,0.0055627941991047815,0.001343786764696005
HfMgIr2_225,1.0,1.05,0.004752778130184003,0.0011423871272503703
HfMgIr2_225,1.05,1.1,0.0034735896495526617,0.0009475838963083558
HfMgIr2_225,1.1,1.1500000000000001,0.002947426220485402,0.0007307176506969632
HfMgIr2_225,1.1500000000000001,1.2000000000000002,0.001861555721629203,0.0005915308152635867
HfMgIr2_225,1.2000000000000002,1.25,0.0005626329307170082,0.0004053758742975261
HfMgIr2_225,1.25,1.3,0.00011017618490732269,0.00027447911570254666
HfMgIr2_225,1.3,1.35,0.00017191807745422022,0.00021193443184351228
HfMgIr2_225,1.35,1.4000000000000001,0.0002410546407898921,0.0001686262141580338
HfMgIr2_225,1.4000000000000001,1.4500000000000002,0.00026577997756978966,0.00014842592535185367
HfMgIr2_225,1.4500000000000002,1.5,0.00025213359600540376,0.0001369917032306589
HfMgIr2_225,1.5,1.55,0.00022602660115797653,7.292763266575818e-05
HfMgIr2_225,1.55,1.6,0.0001210655698326917,6.813991235912177e-06
HfMgIr2_225,1.6,1.6500000000000001,4.644355384173378e-05,0.0
HfMgIr2_225,1.6500000000000001,1.7000000000000002,4.2148699370572185e-06,0.0
HfMgIr2_225,1.7000000000000002,1.75,0.0,0.0
HfMgIr2_225,1.75,1.8,0.0,0.0
HfMgIr2_225,1.8,1.85,0.0,0.0
HfMgIr2_225,1.85,1.9000000000000001,0.0,0.0
HfMgIr2_225,1.9000000000000001,1.9500000000000002,0.0,0.0
HfMgIr2_225,1.9500000000000002,2.0,0.0,0.0
HfMgIr2_225,2.0,2.0500000000000003,0.0,0.0
HfMgIr2_225,2.0500000000000003,2.1,0.0,0.0
HfMgIr2_225,2.1,2.15,0.0,0.0
HfMgIr2_225,2.15,2.2,0.0,0.0
HfMgIr2_225,2.2,2.25,0.0,0.0
HfMgIr2_225,2.25,2.3000000000000003,0.0,0.0
HfMgIr2_225,2.3000000000000003,2.35,0.0,0.0
HfMgIr2_225,2.35,2.4000000000000004,0.0,0.0
HfMgIr2_225,2.4000000000000004,2.45,0.0,0.0
HfMgIr2_225,2.45,2.5,0.0,0.0
HfMgIr2_225,2.5,2.5500000000000003,0.0,0.0
HfMgIr2_225,2.5500000000000003,2.6,0.0,0.0
HfMgIr2_225,2.6,2.6500000000000004,0.0,0.0
HfMgIr2_225,2.6500000000000004,2.7,0.0,0.0
HfMgIr2_225,2.7,2.75,0.0,0.0
HfMgIr2_225,2.75,2.8000000000000003,0.0,0.0
HfMgIr2_225,2.8000000000000003,2.85,0.0,0.0
HfMgIr2_225,2.85,2.9000000000000004,0.0,0.0
HfMgIr2_225,2.9000000000000004,2.95,0.0,0.0
HfMgIr2_225,2.95,3.0,0.0,0.0
CeSe_225,0.0,0.05,0.0,0.012833052049800033
CeSe_225,0.05,0.1,0.0,0.005919219354928228
CeSe_225,0.1,0.15000000000000002,0.0,0.004627806690672348
CeSe_225,0.15000000000000002,0.2,0.0,0.016813608058638796
CeSe_225,0.2,0.25,0.0,0.014566834782218051
CeSe_225,0.25,0.30000000000000004,0.005629981171113729,0.0013210581417760366
CeSe_225,0.30000000000000004,0.35000000000000003,0.017434792925724547,0.0
CeSe_225,0.35000000000000003,0.4,0.018819494447819458,0.0
CeSe_225,0.4,0.45,0.011953014095191396,0.0
CeSe_225,0.45,0.5,0.005855998011374302,0.0
CeSe_225,0.5,0.55,0.0013894246432216216,0.00044359452007097067
CeSe_225,0.55,0.6000000000000001,0.0002686309772278518,0.001807374658947543
CeSe_225,0.6000000000000001,0.65,4.523515610383339e-07,0.0024116330802502997
CeSe_225,0.65,0.7000000000000001,0.0,0.0021528822040886237
CeSe_225,0.7000000000000001,0.75,1.697781592236812e-05,0.0017478426047137017
CeSe_225,0.75,0.8,0.0002593580701002735,0.0014996049304623312
CeSe_225,0.8,0.8500000000000001,0.0006006565994142825,0.0014019572643066117
CeSe_225,0.8500000000000001,0.9,0.0008810472829766958,0.0014874383548301984
CeSe_225,0.9,0.9500000000000001,0.0010832003144598196,0.0014209924310626188
CeSe_225,0.9500000000000001,1.0,0.0012054680097056552,0.0014017008476289799
CeSe_225,1.0,1.05,0.0012297197709076196,0.0014102537521498966
CeSe_225,1.05,1.1,0.0014006063965345283,0.0013530252193241453
CeSe_225,1.1,1.1500000000000001,0.0012701278910115005,0.0013034499455677915
CeSe_225,1.1500000000000001,1.2000000000000002,0.0013522012813673232,0.001241526355543757
CeSe_225,1.2000000000000002,1.25,0.0012038973797105033,0.0011397523462703947
CeSe_225,1.25,1.3,0.0010246937084909715,0.0009732545201814179
CeSe_225,1.3,1.35,0.0008382182917547398,0.0008619125902820512
CeSe_225,1.35,1.4000000000000001,0.0005857323872823588,0.0006965503008727953
CeSe_225,1.4000000000000001,1.4500000000000002,0.0002640193695368984,0.0005237650332791485
CeSe_225,1.4500000000000002,1.5,5.332212618642492e-05,0.00038897791487798423
CeSe_225,1.5,1.55,1.4576762984107184e-07,0.0003829202132610073
CeSe_225,1.55,1.6,0.0,0.00040298745007843724
CeSe_225,1.6,1.6500000000000001,0.0,0.0004661065721521596
CeSe_225,1.6500000000000001,1.7000000000000002,0.0,0.0004403490135959462
CeSe_225,1.7000000000000002,1.75,0.0,0.00044281276550047025
CeSe_225,1.75,1.8,0.0,0.00040528974402991567
CeSe_225,1.8,1.85,0.0,0.0003548394675172849
CeSe_225,1.85,1.9000000000000001,0.0,0.00029272083639811104
CeSe_225,1.9000000000000001,1.9500000000000002,0.0,0.00020105585357291556
CeSe_225,1.9500000000000002,2.0,0.0,0.00013665804083922553
CeSe_225,2.0,2.0500000000000003,0.0,0.0001006016081759628
CeSe_225,2.0500000000000003,2.1,0.0,6.580134360376435e-05
CeSe_225,2.1,2.15,0.0,4.433476966530476e-05
CeSe_225,2.15,2.2,0.0,2.788224780393942e-05
CeSe_225,2.2,2.25,0.0,1.5696687623241052e-05
CeSe_225,2.25,2.3000000000000003,0.0,7.064518566155573e-06
CeSe_225,2.3000000000000003,2.35,0.0,1.9224315571335894e-06
CeSe_225,2.35,2.4000000000000004,0.0,1.0661130662410782e-07
CeSe_225,2.4000000000000004,2.45,0.0,0.0
CeSe_225,2.45,2.5,0.0,0.0
CeSe_225,2.5,2.5500000000000003,0.0,0.0
CeSe_225,2.5500000000000003,2.6,0.0,0.0
CeSe_225,2.6,2.6500000000000004,0.0,0.0
CeSe_225,2.6500000000000004,2.7,0.0,0.0
CeSe_225,2.7,2.75,0.0,0.0
CeSe_225,2.75,2.8000000000000003,0.0,0.0
CeSe_225,2.8000000000000003,2.85,0.0,0.0
CeSe_225,2.85,2.9000000000000004,0.0,0.0
CeSe_225,2.9000000000000004,2.95,0.0,0.0
CeSe_225,2.95,3.0,0.0,0.0
BaClF_129,0.0,0.05,0.0,0.005129295055074923
BaClF_129,0.05,0.1,0.0,0.0054945738869552315
BaClF_129,0.1,0.15000000000000002,0.0007621168072645427,0.002731455834793071
BaClF_129,0.15000000000000002,0.2,0.0007546208724244194,0.009056957284147439
BaClF_129,0.2,0.25,0.0005650439639578993,0.0045976701153570025
BaClF_129,0.25,0.30000000000000004,0.007426721407136222,0.00026877207739110304
BaClF_129,0.30000000000000004,0.35000000000000003,0.012878092629918889,0.0006412603359245998
BaClF_129,0.35000000000000003,0.4,0.011318975668132836,0.0008540237716046272
BaClF_129,0.4,0.45,0.006044842694878881,0.00015519297805003038
BaClF_129,0.45,0.5,0.0014246298461013218,0.00047426391326694617
BaClF_129,0.5,0.55,0.0010745641122160588,0.002532220631731938
BaClF_129,0.55,0.6000000000000001,0.00110795339752023,0.0030990102780480955
BaClF_129,0.6000000000000001,0.65,0.001405318077205158,0.002313241854313846
BaClF_129,0.65,0.7000000000000001,0.0013927812820703565,0.0011787888018473449
BaClF_129,0.7000000000000001,0.75,0.0015489795708058607,0.0005353310222668538
BaClF_129,0.75,0.8,0.0017308185162100886,0.0004552859438071244
BaClF_129,0.8,0.8500000000000001,0.0018813999993113864,0.0006051322295546255
BaClF_129,0.8500000000000001,0.9,0.0019170269083467629,0.0008841162968373142
BaClF_129,0.9,0.9500000000000001,0.0018365567767545724,0.001075791673309944
BaClF_129,0.9500000000000001,1.0,0.001817708479174769,0.0011630513683458998
BaClF_129,1.0,1.05,0.001640186446645922,0.0011916178511130792
BaClF_129,1.05,1.1,0.0014949815310437767,0.0011557617322956045
BaClF_129,1.1,1.1500000000000001,0.0014145864631742997,0.0010953240705907996
BaClF_129,1.1500000000000001,1.2000000000000002,0.0012288021711664946,0.0009199093866578033
BaClF_129,1.2000000000000002,1.25,0.0010544001227105896,0.0007598348925501929
BaClF_129,1.25,1.3,0.0008440957719853302,0.000555470566203431
BaClF_129,1.3,1.35,0.0006381464467428001,0.0004086222477428166
BaClF_129,1.35,1.4000000000000001,0.000368441270055605,0.00025976259033091195
BaClF_129,1.4000000000000001,1.4500000000000002,0.00016434069227061474,0.0002522726020049358
BaClF_129,1.4500000000000002,1.5,6.596988494243952e-05,0.00036390713346254533
BaClF_129,1.5,1.55,1.911024249772395e-05,0.0005899733003045121
BaClF_129,1.55,1.6,5.095825345469708e-06,0.0008419159474330508
BaClF_129,1.6,1.6500000000000001,4.677708752063046e-09,0.001141684471755932
BaClF_129,1.6500000000000001,1.7000000000000002,0.0,0.0014514966372019603
BaClF_129,1.7000000000000002,1.75,0.0,0.0015872269150845133
BaClF_129,1.75,1.8,0.0,0.001594084596718705
BaClF_129,1.8,1.85,0.0,0.0016019915881183605
BaClF_129,1.85,1.9000000000000001,0.0,0.0016293989920210033
BaClF_129,1.9000000000000001,1.9500000000000002,0.0,0.0014958743671848183
BaClF_129,1.9500000000000002,2.0,0.0,0.0013836926195524269
BaClF_129,2.0,2.0500000000000003,0.0,0.0012393492521040688
BaClF_129,2.0500000000000003,2.1,0.0,0.0010261143293128652
BaClF_129,2.1,2.15,0.0,0.0009351533415128718
BaClF_129,2.15,2.2,0.0,0.0007154021372840648
BaClF_129,2.2,2.25,0.0,0.0005734868927178024
BaClF_129,2.25,2.3000000000000003,0.0,0.0003649035324626315
BaClF_129,2.3000000000000003,2.35,0.0,0.00023531315959319344
BaClF_129,2.35,2.4000000000000004,0.0,0.00015071895915873474
BaClF_129,2.4000000000000004,2.45,0.0,7.125640059374247e-05
BaClF_129,2.45,2.5,0.0,4.377633948374388e-05
BaClF_129,2.5,2.5500000000000003,0.0,4.1764586351126766e-05
BaClF_129,2.5500000000000003,2.6,0.0,3.469130062544484e-06
BaClF_129,2.6,2.6500000000000004,0.0,1.3753211682540114e-05
BaClF_129,2.6500000000000004,2.7,0.0,1.0213408626947289e-05
BaClF_129,2.7,2.75,0.0,0.0
BaClF_129,2.75,2.8000000000000003,0.0,2.0050882516265256e-06
BaClF_129,2.8000000000000003,2.85,0.0,0.0
BaClF_129,2.85,2.9000000000000004,0.0,0.0
BaClF_129,2.9000000000000004,2.95,0.0,0.0
BaClF_129,2.95,3.0,0.0,0.0
YSiRh_62,0.0,0.05,0.0,0.002318635029099037
YSiRh_62,0.05,0.1,0.0005025818692144126,0.00650269282361594
YSiRh_62,0.1,0.15000000000000002,0.0017154518113028786,0.005755359690160456
YSiRh_62,0.15000000000000002,0.2,0.015821532396189088,0.0013072684547147325
YSiRh_62,0.2,0.25,0.022778447543385774,0.0014739844895755325
YSiRh_62,0.25,0.30000000000000004,0.013474993623791785,0.0014111550136782375
YSiRh_62,0.30000000000000004,0.35000000000000003,0.002100374154966883,0.005297063743303584
YSiRh_62,0.35000000000000003,0.4,0.00035305019956017274,0.012794071474787136
YSiRh_62,0.4,0.45,0.0005778780733912596,0.014501604845942753
YSiRh_62,0.45,0.5,0.0005800349949828123,0.011934557259551327
YSiRh_62,0.5,0.55,0.00039830907842724133,0.00717720850849222
YSiRh_62,0.55,0.6000000000000001,0.0001963680217958368,0.0036497208604091918
YSiRh_62,0.6000000000000001,0.65,0.0003348123023004711,0.0018278169233652902
YSiRh_62,0.65,0.7000000000000001,0.000585899268306068,0.0014355034099538188
YSiRh_62,0.7000000000000001,0.75,0.0008159803311786241,0.0015786462549504856
YSiRh_62,0.75,0.8,0.0012836697356421,0.001711398230261525
YSiRh_62,0.8,0.8500000000000001,0.0018098437818736789,0.0016644660022948803
YSiRh_62,0.8500000000000001,0.9,0.0023867686054140675,0.0014896134097711323
YSiRh_62,0.9,0.9500000000000001,0.0025685072691599585,0.001262757549984111
YSiRh_62,0.9500000000000001,1.0,0.0027204292411889238,0.0010514274001530621
YSiRh_62,1.0,1.05,0.002850088268471451,0.0008303188069027722
YSiRh_62,1.05,1.1,0.0027343692494506498,0.000687602550728794
YSiRh_62,1.1,1.1500000000000001,0.002273068694458997,0.0005637450144473896
YSiRh_62,1.1500000000000001,1.2000000000000002,0.0017769614251228172,0.00048241727522243464
YSiRh_62,1.2000000000000002,1.25,0.0015439963086959275,0.0003084329468254546
YSiRh_62,1.25,1.3,0.001368679538863269,0.00010720064210323654
YSiRh_62,1.3,1.35,0.0012506490993256306,5.074208354126915e-05
YSiRh_62,1.35,1.4000000000000001,0.0011194156182291924,2.6409260090203864e-05
YSiRh_62,1.4000000000000001,1.4500000000000002,0.0009663911113076715,1.6051539521211838e-05
YSiRh_62,1.4500000000000002,1.5,0.0008522145889127513,1.207916254763599e-05
YSiRh_62,1.5,1.55,0.0006719211989736362,7.545731326950941e-06
YSiRh_62,1.55,1.6,0.000501042381250468,7.318417764546285e-06
YSiRh_62,1.6,1.6500000000000001,0.0003322670920657608,1.1186979953524486e-05
YSiRh_62,1.6500000000000001,1.7000000000000002,0.00018352490749190528,1.989146278246472e-05
YSiRh_62,1.7000000000000002,1.75,8.06759038574474e-05,2.2608405840263466e-05
YSiRh_62,1.75,1.8,3.625180366426073e-05,2.2594389895141296e-05
YSiRh_62,1.8,1.85,1.162341141675115e-05,2.2838036426534214e-05
YSiRh_62,1.85,1.9000000000000001,4.3557233760857695e-06,1.4830813981274106e-05
YSiRh_62,1.9000000000000001,1.9500000000000002,2.423351643134778e-07,1.1824450349743356e-05
YSiRh_62,1.9500000000000002,2.0,2.1762490004368218e-07,7.959020864960345e-06
YSiRh_62,2.0,2.0500000000000003,0.0,5.06124559435031e-06
YSiRh_62,2.0500000000000003,2.1,0.0,1.3818975578392157e-06
YSiRh_62,2.1,2.15,0.0,1.7579036812735364e-06
YSiRh_62,2.15,2.2,0.0,2.2589827774404616e-07
YSiRh_62,2.2,2.25,0.0,0.0
YSiRh_62,2.25,2.3000000000000003,0.0,0.0
YSiRh_62,2.3000000000000003,2.35,0.0,0.0
YSiRh_62,2.35,2.4000000000000004,0.0,0.0
YSiRh_62,2.4000000000000004,2.45,0.0,0.0
YSiRh_62,2.45,2.5,0.0,0.0
YSiRh_62,2.5,2.5500000000000003,0.0,0.0
YSiRh_62,2.5500000000000003,2.6,0.0,0.0
YSiRh_62,2.6,2.6500000000000004,0.0,0.0
YSiRh_62,2.6500000000000004,2.7,0.0,0.0
YSiRh_62,2.7,2.75,0.0,0.0
YSiRh_62,2.75,2.8000000000000003,0.0,0.0
YSiRh_62,2.8000000000000003,2.85,0.0,0.0
YSiRh_62,2.85,2.9000000000000004,0.0,0.0
YSiRh_62,2.9000000000000004,2.95,0.0,0.0
YSiRh_62,2.95,3.0,0.0,0.0
ScHg_221,0.0,0.05,2.7461930904866684e-05,0.006892039200176645
ScHg_221,0.05,0.1,0.001103050072698454,0.0001910437383839382
ScHg_221,0.1,0.15000000000000002,8.60458329514666e-06,0.006284240403573471
ScHg_221,0.15000000000000002,0.2,0.0058738430803521886,0.0019910768193389435
ScHg_221,0.2,0.25,0.021642266333641448,0.0016994059317115469
ScHg_221,0.25,0.30000000000000004,0.013499228653390018,0.0021058777706668063
ScHg_221,0.30000000000000004,0.35000000000000003,0.0016531527440609272,0.004013952959239537
ScHg_221,0.35000000000000003,0.4,4.154796218839829e-05,0.014955932955098424
ScHg_221,0.4,0.45,0.00040485484151368166,0.017572480382108534
ScHg_221,0.45,0.5,0.0007639990325447189,0.015057592944417997
ScHg_221,0.5,0.55,0.0006590014082225161,0.008162376342621359
ScHg_221,0.55,0.6000000000000001,0.0003727344551388539,0.0031979668995391316
ScHg_221,0.6000000000000001,0.65,0.0014261611787459477,0.0005505373512189405
ScHg_221,0.65,0.7000000000000001,0.0033469490731430998,0.0009344348924700832
ScHg_221,0.7000000000000001,0.75,0.0038893970296494424,0.001181265520745461
ScHg_221,0.75,0.8,0.0034318149872217115,0.0012428973258003428
ScHg_221,0.8,0.8500000000000001,0.0027509506508586806,0.0010487145026255155
ScHg_221,0.8500000000000001,0.9,0.002775149037626479,0.0008543530342110775
ScHg_221,0.9,0.9500000000000001,0.0029748035030469446,0.0005649892522228667
ScHg_221,0.9500000000000001,1.0,0.003284079979623656,0.0004205788429705141
ScHg_221,1.0,1.05,0.0031680305263223595,0.0003256261906851763
ScHg_221,1.05,1.1,0.0030820576311709363,0.0002459168945783692
ScHg_221,1.1,1.1500000000000001,0.002893472434990062,0.00012750600754019944
ScHg_221,1.1500000000000001,1.2000000000000002,0.0024003213361439785,8.760402149208242e-06
ScHg_221,1.2000000000000002,1.25,0.0017949830697506222,0.0
ScHg_221,1.25,1.3,0.0014639879174110184,0.0
ScHg_221,1.3,1.35,0.0011338926615449526,0.0
ScHg_221,1.35,1.4000000000000001,0.0006209644436057595,0.0
ScHg_221,1.4000000000000001,1.4500000000000002,0.00018783629489869084,0.0
ScHg_221,1.4500000000000002,1.5,2.2431108366376906e-05,0.0
ScHg_221,1.5,1.55,0.0,0.0
ScHg_221,1.55,1.6,0.0,0.0
ScHg_221,1.6,1.6500000000000001,0.0,0.0
ScHg_221,1.6500000000000001,1.7000000000000002,0.0,0.0
ScHg_221,1.7000000000000002,1.75,0.0,0.0
ScHg_221,1.75,1.8,0.0,0.0
ScHg_221,1.8,1.85,0.0,0.0
ScHg_221,1.85,1.9000000000000001,0.0,0.0
ScHg_221,1.9000000000000001,1.9500000000000002,0.0,0.0
ScHg_221,1.9500000000000002,2.0,0.0,0.0
ScHg_221,2.0,2.0500000000000003,0.0,0.0
ScHg_221,2.0500000000000003,2.1,0.0,0.0
ScHg_221,2.1,2.15,0.0,0.0
ScHg_221,2.15,2.2,0.0,0.0
ScHg_221,2.2,2.25,0.0,0.0
ScHg_221,2.25,2.3000000000000003,0.0,0.0
ScHg_221,2.3000000000000003,2.35,0.0,0.0
ScHg_221,2.35,2.4000000000000004,0.0,0.0
ScHg_221,2.4000000000000004,2.45,0.0,0.0
ScHg_221,2.45,2.5,0.0,0.0
ScHg_221,2.5,2.5500000000000003,0.0,0.0
ScHg_221,2.5500000000000003,2.6,0.0,0.0
ScHg_221,2.6,2.6500000000000004,0.0,0.0
ScHg_221,2.6500000000000004,2.7,0.0,0.0
ScHg_221,2.7,2.75,0.0,0.0
ScHg_221,2.75,2.8000000000000003,0.0,0.0
ScHg_221,2.8000000000000003,2.85,0.0,0.0
ScHg_221,2.85,2.9000000000000004,0.0,0.0
ScHg_221,2.9000000000000004,2.95,0.0,0.0
ScHg_221,2.95,3.0,0.0,0.0
V3Re_225,0.0,0.05,0.0004005009384641951,0.003753350998471378
V3Re_225,0.05,0.1,0.00037509325692550323,5.093022227809528e-05
V3Re_225,0.1,0.15000000000000002,0.0,0.004023726286935131
V3Re_225,0.15000000000000002,0.2,0.0006398067805839123,0.007192038218873032
V3Re_225,0.2,0.25,0.004370945721027206,0.012462890329391222
V3Re_225,0.25,0.30000000000000004,0.002794487044144752,0.009925742106044494
V3Re_225,0.30000000000000004,0.35000000000000003,0.00038876320555183616,0.008434181092282538
V3Re_225,0.35000000000000003,0.4,0.00017466039388413664,0.00644028825485873
V3Re_225,0.4,0.45,0.0022887995027563537,0.005459704025799503
V3Re_225,0.45,0.5,0.004649289193403612,0.004944465429423116
V3Re_225,0.5,0.55,0.005403019788030555,0.003804599540205205
V3Re_225,0.55,0.6000000000000001,0.0042570876063417725,0.0025332059433736845
V3Re_225,0.6000000000000001,0.65,0.003298380585874816,0.0014269085238703876
V3Re_225,0.65,0.7000000000000001,0.0025015111236108955,0.0011541077195542581
V3Re_225,0.7000000000000001,0.75,0.002292179215978752,0.0008467384216395316
V3Re_225,0.75,0.8,0.0028752891804817624,0.0005456131107482807
V3Re_225,0.8,0.8500000000000001,0.004161508254029851,0.00013526428889222995
V3Re_225,0.8500000000000001,0.9,0.0058479602260995385,2.2638393178894606e-05
V3Re_225,0.9,0.9500000000000001,0.006685892595842248,0.0
V3Re_225,0.9500000000000001,1.0,0.006539379346151138,0.0
V3Re_225,1.0,1.05,0.005667964057125145,0.0
V3Re_225,1.05,1.1,0.0037315385479244783,0.0
V3Re_225,1.1,1.1500000000000001,0.0011654660408095918,0.0
V3Re_225,1.1500000000000001,1.2000000000000002,4.050765507075554e-05,0.0
V3Re_225,1.2000000000000002,1.25,0.0,0.0
V3Re_225,1.25,1.3,0.0,0.0
V3Re_225,1.3,1.35,0.0,0.0
V3Re_225,1.35,1.4000000000000001,0.0,0.0
V3Re_225,1.4000000000000001,1.4500000000000002,0.0,0.0
V3Re_225,1.4500000000000002,1.5,0.0,0.0
V3Re_225,1.5,1.55,0.0,0.0
V3Re_225,1.55,1.6,0.0,0.0
V3Re_225,1.6,1.6500000000000001,0.0,0.0
V3Re_225,1.6500000000000001,1.7000000000000002,0.0,0.0
V3Re_225,1.7000000000000002,1.75,0.0,0.0
V3Re_225,1.75,1.8,0.0,0.0
V3Re_225,1.8,1.85,0.0,0.0
V3Re_225,1.85,1.9000000000000001,0.0,0.0
V3Re_225,1.9000000000000001,1.9500000000000002,0.0,0.0
V3Re_225,1.9500000000000002,2.0,0.0,0.0
V3Re_225,2.0,2.0500000000000003,0.0,0.0
V3Re_225,2.0500000000000003,2.1,0.0,0.0
V3Re_225,2.1,2.15,0.0,0.0
V3Re_225,2.15,2.2,0.0,0.0
V3Re_225,2.2,2.25,0.0,0.0
V3Re_225,2.25,2.3000000000000003,0.0,0.0
V3Re_225,2.3000000000000003,2.35,0.0,0.0
V3Re_225,2.35,2.4000000000000004,0.0,0.0
V3Re_225,2.4000000000000004,2.45,0.0,0.0
V3Re_225,2.45,2.5,0.0,0.0
V3Re_225,2.5,2.5500000000000003,0.0,0.0
V3Re_225,2.5500000000000003,2.6,0.0,0.0
V3Re_225,2.6,2.6500000000000004,0.0,0.0
V3Re_225,2.6500000000000004,2.7,0.0,0.0
V3Re_225,2.7,2.75,0.0,0.0
V3Re_225,2.75,2.8000000000000003,0.0,0.0
V3Re_225,2.8000000000000003,2.85,0.0,0.0
V3Re_225,2.85,2.9000000000000004,0.0,0.0
V3Re_225,2.9000000000000004,2.95,0.0,0.0
V3Re_225,2.95,3.0,0.0,0.0
ZnPd5Se_123,0.0,0.05,8.427491958295515e-05,0.0019262712802304253
ZnPd5Se_123,0.05,0.1,0.00012135731984440205,0.011075647572540101
ZnPd5Se_123,0.1,0.15000000000000002,0.0035034011329403932,0.006339560760254892
ZnPd5Se_123,0.15000000000000002,0.2,0.018215389502904265,0.00793931799916516
ZnPd5Se_123,0.2,0.25,0.016527999488638135,0.008231482915474127
ZnPd5Se_123,0.25,0.30000000000000004,0.003256892818951766,0.0039471500402132945
ZnPd5Se_123,0.30000000000000004,0.35000000000000003,0.001351362728326967,0.009426585952724992
ZnPd5Se_123,0.35000000000000003,0.4,0.004414229743676288,0.013791429238967277
ZnPd5Se_123,0.4,0.45,0.005648444744209124,0.013246026707486017
ZnPd5Se_123,0.45,0.5,0.005172807211910569,0.00993106651820729
ZnPd5Se_123,0.5,0.55,0.003997283067070132,0.006072346703715201
ZnPd5Se_123,0.55,0.6000000000000001,0.002176792712136766,0.003453284601249336
ZnPd5Se_123,0.6000000000000001,0.65,0.0007330775577701053,0.002220263506837976
ZnPd5Se_123,0.65,0.7000000000000001,5.5368521272447525e-05,0.0018393699198432465
ZnPd5Se_123,0.7000000000000001,0.75,6.657199291279811e-05,0.0013462715575266672
ZnPd5Se_123,0.75,0.8,0.0006364820485294104,0.0004928601047433416
ZnPd5Se_123,0.8,0.8500000000000001,0.0019342067408584956,0.00014132449531805154
ZnPd5Se_123,0.8500000000000001,0.9,0.003174272988061061,2.413041642949577e-05
ZnPd5Se_123,0.9,0.9500000000000001,0.00421430488672625,6.836819645073836e-06
ZnPd5Se_123,0.9500000000000001,1.0,0.005039675367384694,3.6212644536830004e-06
ZnPd5Se_123,1.0,1.05,0.005248028426625302,1.8282547084435903e-06
ZnPd5Se_123,1.05,1.1,0.004415052094276893,1.0066939002410746e-06
ZnPd5Se_123,1.1,1.1500000000000001,0.003467982699325283,5.274433234560554e-09
ZnPd5Se_123,1.1500000000000001,1.2000000000000002,0.002298813013942759,0.0
ZnPd5Se_123,1.2000000000000002,1.25,0.0015553432980323473,0.0
ZnPd5Se_123,1.25,1.3,0.0010896943177694937,0.0
ZnPd5Se_123,1.3,1.35,0.0006759157359676771,0.0
ZnPd5Se_123,1.35,1.4000000000000001,0.0003918999098473149,0.0
ZnPd5Se_123,1.4000000000000001,1.4500000000000002,0.0002615522371378806,0.0
ZnPd5Se_123,1.4500000000000002,1.5,0.00014420699263563048,0.0
ZnPd5Se_123,1.5,1.55,9.250474565041563e-05,0.0
ZnPd5Se_123,1.55,1.6,5.197067232716351e-05,0.0
ZnPd5Se_123,1.6,1.6500000000000001,2.9408383099321902e-05,0.0
ZnPd5Se_123,1.6500000000000001,1.7000000000000002,1.966288621346346e-05,0.0
ZnPd5Se_123,1.7000000000000002,1.75,1.1084577719181758e-05,0.0
ZnPd5Se_123,1.75,1.8,5.140190338618529e-06,0.0
ZnPd5Se_123,1.8,1.85,4.007094174544205e-06,0.0
ZnPd5Se_123,1.85,1.9000000000000001,2.884251110181709e-06,0.0
ZnPd5Se_123,1.9000000000000001,1.9500000000000002,9.996328884576204e-07,0.0
ZnPd5Se_123,1.9500000000000002,2.0,5.321313336784908e-07,0.0
ZnPd5Se_123,2.0,2.0500000000000003,2.6280686059782966e-07,0.0
ZnPd5Se_123,2.0500000000000003,2.1,0.0,0.0
ZnPd5Se_123,2.1,2.15,0.0,0.0
ZnPd5Se_123,2.15,2.2,0.0,0.0
ZnPd5Se_123,2.2,2.25,0.0,0.0
ZnPd5Se_123,2.25,2.3000000000000003,0.0,0.0
ZnPd5Se_123,2.3000000000000003,2.35,0.0,0.0
ZnPd5Se_123,2.35,2.4000000000000004,0.0,0.0
ZnPd5Se_123,2.4000000000000004,2.45,0.0,0.0
ZnPd5Se_123,2.45,2.5,0.0,0.0
ZnPd5Se_123,2.5,2.5500000000000003,0.0,0.0
ZnPd5Se_123,2.5500000000000003,2.6,0.0,0.0
ZnPd5Se_123,2.6,2.6500000000000004,0.0,0.0
ZnPd5Se_123,2.6500000000000004,2.7,0.0,0.0
ZnPd5Se_123,2.7,2.75,0.0,0.0
ZnPd5Se_123,2.75,2.8000000000000003,0.0,0.0
ZnPd5Se_123,2.8000000000000003,2.85,0.0,0.0
ZnPd5Se_123,2.85,2.9000000000000004,0.0,0.0
ZnPd5Se_123,2.9000000000000004,2.95,0.0,0.0
ZnPd5Se_123,2.95,3.0,0.0,0.0
Ti2MnRu_225,0.0,0.05,0.00012456138614840793,0.002706646629048183
Ti2MnRu_225,0.05,0.1,0.0006962774528595964,0.0034642740519011074
Ti2MnRu_225,0.1,0.15000000000000002,0.0008501270125828282,0.002599854567115199
Ti2MnRu_225,0.15000000000000002,0.2,0.005724939959108446,0.006028638283138213
Ti2MnRu_225,0.2,0.25,0.005845785224234957,0.0079560148018474
Ti2MnRu_225,0.25,0.30000000000000004,0.0007764924576844481,0.010080259331465495
Ti2MnRu_225,0.30000000000000004,0.35000000000000003,0.0,0.010884036303828849
Ti2MnRu_225,0.35000000000000003,0.4,0.0003714014376202175,0.008548192313584635
Ti2MnRu_225,0.4,0.45,0.002149340463097539,0.007589572423028086
Ti2MnRu_225,0.45,0.5,0.00423173039632893,0.004965611584000925
Ti2MnRu_225,0.5,0.55,0.005103516632586873,0.0034582441720736727
Ti2MnRu_225,0.55,0.6000000000000001,0.0043550444748383455,0.0018182426142959432
Ti2MnRu_225,0.6000000000000001,0.65,0.0035894415873495723,0.0015398596189065
Ti2MnRu_225,0.65,0.7000000000000001,0.0027599235258942397,0.0012679525120013668
Ti2MnRu_225,0.7000000000000001,0.75,0.0023128746189568683,0.0012943729381282843
Ti2MnRu_225,0.75,0.8,0.002354728824318395,0.0008705355405429337
Ti2MnRu_225,0.8,0.8500000000000001,0.003423895508810489,0.000496116980486817
Ti2MnRu_225,0.8500000000000001,0.9,0.004896829392999524,0.00018194158479567765
Ti2MnRu_225,0.9,0.9500000000000001,0.005547014519493102,6.286325754143253e-05
Ti2MnRu_225,0.9500000000000001,1.0,0.005328284517227694,1.6548271757951535e-05
Ti2MnRu_225,1.0,1.05,0.004836681523746541,4.095943060639826e-06
Ti2MnRu_225,1.05,1.1,0.003481948356909344,0.0
Ti2MnRu_225,1.1,1.1500000000000001,0.001951577567837886,0.0
Ti2MnRu_225,1.1500000000000001,1.2000000000000002,0.0012481451617547142,0.0
Ti2MnRu_225,1.2000000000000002,1.25,0.0011552493914559238,0.0
Ti2MnRu_225,1.25,1.3,0.0008586538979207227,0.0
Ti2MnRu_225,1.3,1.35,0.00027794267363813913,0.0
Ti2MnRu_225,1.35,1.4000000000000001,2.7444780009677152e-05,0.0
Ti2MnRu_225,1.4000000000000001,1.4500000000000002,0.0,0.0
Ti2MnRu_225,1.4500000000000002,1.5,0.0,0.0
Ti2MnRu_225,1.5,1.55,0.0,0.0
Ti2MnRu_225,1.55,1.6,0.0,0.0
Ti2MnRu_225,1.6,1.6500000000000001,0.0,0.0
Ti2MnRu_225,1.6500000000000001,1.7000000000000002,0.0,0.0
Ti2MnRu_225,1.7000000000000002,1.75,0.0,0.0
Ti2MnRu_225,1.75,1.8,0.0,0.0
Ti2MnRu_225,1.8,1.85,0.0,0.0
Ti2MnRu_225,1.85,1.9000000000000001,0.0,0.0
Ti2MnRu_225,1.9000000000000001,1.9500000000000002,0.0,0.0
Ti2MnRu_225,1.9500000000000002,2.0,0.0,0.0
Ti2MnRu_225,2.0,2.0500000000000003,0.0,0.0
Ti2MnRu_225,2.0500000000000003,2.1,0.0,0.0
Ti2MnRu_225,2.1,2.15,0.0,0.0
Ti2MnRu_225,2.15,2.2,0.0,0.0
Ti2MnRu_225,2.2,2.25,0.0,0.0
Ti2MnRu_225,2.25,2.3000000000000003,0.0,0.0
Ti2MnRu_225,2.3000000000000003,2.35,0.0,0.0
Ti2MnRu_225,2.35,2.4000000000000004,0.0,0.0
Ti2MnRu_225,2.4000000000000004,2.45,0.0,0.0
Ti2MnRu_225,2.45,2.5,0.0,0.0
Ti2MnRu_225,2.5,2.5500000000000003,0.0,0.0
Ti2MnRu_225,2.5500000000000003,2.6,0.0,0.0
Ti2MnRu_225,2.6,2.6500000000000004,0.0,0.0
Ti2MnRu_225,2.6500000000000004,2.7,0.0,0.0
Ti2MnRu_225,2.7,2.75,0.0,0.0
Ti2MnRu_225,2.75,2.8000000000000003,0.0,0.0
Ti2MnRu_225,2.8000000000000003,2.85,0.0,0.0
Ti2MnRu_225,2.85,2.9000000000000004,0.0,0.0
Ti2MnRu_225,2.9000000000000004,2.95,0.0,0.0
Ti2MnRu_225,2.95,3.0,0.0,0.0
NbSbRu_216,0.0,0.05,0.0,0.005119665116287463
NbSbRu_216,0.05,0.1,3.876276954468752e-05,0.006035683425283364
NbSbRu_216,0.1,0.15000000000000002,0.001191653402245377,0.006718697761746687
NbSbRu_216,0.15000000000000002,0.2,0.013687912026722135,0.0007064467243299359
NbSbRu_216,0.2,0.25,0.019011925945541464,0.0018170907205047409
NbSbRu_216,0.25,0.30000000000000004,0.00814823198908759,0.002778412279399388
NbSbRu_216,0.30000000000000004,0.35000000000000003,0.0001480440716903687,0.00892156831200471
NbSbRu_216,0.35000000000000003,0.4,1.585492327994571e-05,0.014491316765427035
NbSbRu_216,0.4,0.45,0.00089199738966851,0.014507707376922821
NbSbRu_216,0.45,0.5,0.0016824505590935332,0.011220196167196347
NbSbRu_216,0.5,0.55,0.0020154820818411388,0.006312604781075355
NbSbRu_216,0.55,0.6000000000000001,0.001485685429645565,0.002898163489786342
NbSbRu_216,0.6000000000000001,0.65,0.0019203293393704978,0.0016047018505123375
NbSbRu_216,0.65,0.7000000000000001,0.0022239523912306633,0.0014905715977634305
NbSbRu_216,0.7000000000000001,0.75,0.0027517025261424625,0.0017959263387744282
NbSbRu_216,0.75,0.8,0.0030649308568673574,0.0017355903431949362
NbSbRu_216,0.8,0.8500000000000001,0.004377562614046353,0.00159774059861637
NbSbRu_216,0.8500000000000001,0.9,0.005424275007888747,0.001261539454823135
NbSbRu_216,0.9,0.9500000000000001,0.00623274815070723,0.0009756118852053701
NbSbRu_216,0.9500000000000001,1.0,0.005725645031241459,0.0008666555348361973
NbSbRu_216,1.0,1.05,0.005009728717633712,0.0006870452725087025
NbSbRu_216,1.05,1.1,0.004064619719932916,0.0005989888424855896
NbSbRu_216,1.1,1.1500000000000001,0.0029750791409541696,0.0005626295809077763
NbSbRu_216,1.1500000000000001,1.2000000000000002,0.0020373352494308496,0.0005219084610775533
NbSbRu_216,1.2000000000000002,1.25,0.001509062139446973,0.0005078505496276469
NbSbRu_216,1.25,1.3,0.0010594376734514074,0.0004966383157151285
NbSbRu_216,1.3,1.35,0.0006502707000457731,0.0004936642733792508
NbSbRu_216,1.35,1.4000000000000001,0.000308365996755133,0.0004732794155540753
NbSbRu_216,1.4000000000000001,1.4500000000000002,0.0001371506167141045,0.0004578199820213766
NbSbRu_216,1.4500000000000002,1.5,5.9265182729651366e-05,0.0004511395545740741
NbSbRu_216,1.5,1.55,1.9596518157733297e-05,0.00039717814210044283
NbSbRu_216,1.55,1.6,5.444276742660744e-06,0.0003368766971650484
NbSbRu_216,1.6,1.6500000000000001,8.0113035548316e-07,0.0002945533079728703
NbSbRu_216,1.6500000000000001,1.7000000000000002,0.0,0.00024570994194069297
NbSbRu_216,1.7000000000000002,1.75,0.0,0.00020241884226844086
NbSbRu_216,1.75,1.8,0.0,0.00016506180471095446
NbSbRu_216,1.8,1.85,0.0,0.00014051964702315372
NbSbRu_216,1.85,1.9000000000000001,0.0,8.648697736400404e-05
NbSbRu_216,1.9000000000000001,1.9500000000000002,0.0,8.568675305879788e-05
NbSbRu_216,1.9500000000000002,2.0,0.0,4.8422210022608684e-05
NbSbRu_216,2.0,2.0500000000000003,0.0,2.2546030548357844e-05
NbSbRu_216,2.0500000000000003,2.1,0.0,1.9061452592125692e-05
NbSbRu_216,2.1,2.15,0.0,6.364745417713334e-06
NbSbRu_216,2.15,2.2,0.0,6.822046185495575e-07
NbSbRu_216,2.2,2.25,0.0,2.2735886455847505e-07
NbSbRu_216,2.25,2.3000000000000003,0.0,0.0
NbSbRu_216,2.3000000000000003,2.35,0.0,0.0
NbSbRu_216,2.35,2.4000000000000004,0.0,0.0
NbSbRu_216,2.4000000000000004,2.45,0.0,0.0
NbSbRu_216,2.45,2.5,0.0,0.0
NbSbRu_216,2.5,2.5500000000000003,0.0,0.0
NbSbRu_216,2.5500000000000003,2.6,0.0,0.0
NbSbRu_216,2.6,2.6500000000000004,0.0,0.0
NbSbRu_216,2.6500000000000004,2.7,0.0,0.0
NbSbRu_216,2.7,2.75,0.0,0.0
NbSbRu_216,2.75,2.8000000000000003,0.0,0.0
NbSbRu_216,2.8000000000000003,2.85,0.0,0.0
NbSbRu_216,2.85,2.9000000000000004,0.0,0.0
NbSbRu_216,2.9000000000000004,2.95,0.0,0.0
NbSbRu_216,2.95,3.0,0.0,0.0
Pr2TlCd_225,0.0,0.05,0.0,0.011424512671005773
Pr2TlCd_225,0.05,0.1,0.0,0.008776109768199083
Pr2TlCd_225,0.1,0.15000000000000002,0.0017642366612313314,0.005790728142065351
Pr2TlCd_225,0.15000000000000002,0.2,0.005148291398413612,0.016332676774307275
Pr2TlCd_225,0.2,0.25,0.007785636125121906,0.01254076639946857
Pr2TlCd_225,0.25,0.30000000000000004,0.004440977352755752,0.002188150529136344
Pr2TlCd_225,0.30000000000000004,0.35000000000000003,0.009959922561080754,0.0028320625840370186
Pr2TlCd_225,0.35000000000000003,0.4,0.011151727252902987,0.004563706332551722
Pr2TlCd_225,0.4,0.45,0.007690611451776029,0.0047084729559982675
Pr2TlCd_225,0.45,0.5,0.004132776774953675,0.0027373590571464265
Pr2TlCd_225,0.5,0.55,0.0020357859524001197,0.001648224988121218
Pr2TlCd_225,0.55,0.6000000000000001,0.0016277935755342054,0.0009765649361443143
Pr2TlCd_225,0.6000000000000001,0.65,0.0015386424081295419,0.0009414903358478853
Pr2TlCd_225,0.65,0.7000000000000001,0.0012695190012424265,0.0007530977161765627
Pr2TlCd_225,0.7000000000000001,0.75,0.0008031810897898901,0.0007448265773904334
Pr2TlCd_225,0.75,0.8,0.0005845621357585225,0.0008467368874442163
Pr2TlCd_225,0.8,0.8500000000000001,0.0005217800412394665,0.0008930391253225385
Pr2TlCd_225,0.8500000000000001,0.9,0.00045206870158205593,0.0006758239411143097
Pr2TlCd_225,0.9,0.9500000000000001,0.00047918871566291225,0.0004927561611407406
Pr2TlCd_225,0.9500000000000001,1.0,0.0005557885942317042,0.0003077576690491731
Pr2TlCd_225,1.0,1.05,0.0006245103616786753,0.0001492816915375611
Pr2TlCd_225,1.05,1.1,0.0006857820171753628,4.662096309200834e-05
Pr2TlCd_225,1.1,1.1500000000000001,0.0008564554387556966,1.0825499859151464e-06
Pr2TlCd_225,1.1500000000000001,1.2000000000000002,0.0009044183210198004,0.0
Pr2TlCd_225,1.2000000000000002,1.25,0.0008532148408198152,0.0
Pr2TlCd_225,1.25,1.3,0.00077776056718691,0.0
Pr2TlCd_225,1.3,1.35,0.0008029044895139673,0.0
Pr2TlCd_225,1.35,1.4000000000000001,0.000726461703941806,0.0
Pr2TlCd_225,1.4000000000000001,1.4500000000000002,0.0005997431194619431,0.0
Pr2TlCd_225,1.4500000000000002,1.5,0.00042748705849907575,0.0
Pr2TlCd_225,1.5,1.55,0.00034880947598814983,0.0
Pr2TlCd_225,1.55,1.6,0.0002910073021810407,0.0
Pr2TlCd_225,1.6,1.6500000000000001,0.0002154988769303252,0.0
Pr2TlCd_225,1.6500000000000001,1.7000000000000002,0.00010696794466326318,0.0
Pr2TlCd_225,1.7000000000000002,1.75,2.999611690762811e-05,0.0
Pr2TlCd_225,1.75,1.8,2.7868595330316265e-06,0.0
Pr2TlCd_225,1.8,1.85,0.0,0.0
Pr2TlCd_225,1.85,1.9000000000000001,0.0,0.0
Pr2TlCd_225,1.9000000000000001,1.9500000000000002,0.0,0.0
Pr2TlCd_225,1.9500000000000002,2.0,0.0,0.0
Pr2TlCd_225,2.0,2.0500000000000003,0.0,0.0
Pr2TlCd_225,2.0500000000000003,2.1,0.0,0.0
Pr2TlCd_225,2.1,2.15,0.0,0.0
Pr2TlCd_225,2.15,2.2,0.0,0.0
Pr2TlCd_225,2.2,2.25,0.0,0.0
Pr2TlCd_225,2.25,2.3000000000000003,0.0,0.0
Pr2TlCd_225,2.3000000000000003,2.35,0.0,0.0
Pr2TlCd_225,2.35,2.4000000000000004,0.0,0.0
Pr2TlCd_225,2.4000000000000004,2.45,0.0,0.0
Pr2TlCd_225,2.45,2.5,0.0,0.0
Pr2TlCd_225,2.5,2.5500000000000003,0.0,0.0
Pr2TlCd_225,2.5500000000000003,2.6,0.0,0.0
Pr2TlCd_225,2.6,2.6500000000000004,0.0,0.0
Pr2TlCd_225,2.6500000000000004,2.7,0.0,0.0
Pr2TlCd_225,2.7,2.75,0.0,0.0
Pr2TlCd_225,2.75,2.8000000000000003,0.0,0.0
Pr2TlCd_225,2.8000000000000003,2.85,0.0,0.0
Pr2TlCd_225,2.85,2.9000000000000004,0.0,0.0
Pr2TlCd_225,2.9000000000000004,2.95,0.0,0.0
Pr2TlCd_225,2.95,3.0,0.0,0.0
Cs2HgF4_139,0.0,0.05,0.0,0.003702971533229898
Cs2HgF4_139,0.05,0.1,0.0002636254852911428,0.0030604347567369148
Cs2HgF4_139,0.1,0.15000000000000002,0.0007547195137086658,0.0028573935702303327
Cs2HgF4_139,0.15000000000000002,0.2,0.0032087009418558477,0.003100769830891962
Cs2HgF4_139,0.2,0.25,0.0067155310138595275,0.006324318666466021
Cs2HgF4_139,0.25,0.30000000000000004,0.00406761331654695,0.004238384551578307
Cs2HgF4_139,0.30000000000000004,0.35000000000000003,0.0020767270255645136,0.001734829555975445
Cs2HgF4_139,0.35000000000000003,0.4,0.00493284811022067,0.004179074078832562
Cs2HgF4_139,0.4,0.45,0.005377031168951012,0.00459865655076109
Cs2HgF4_139,0.45,0.5,0.0046999244377696784,0.0033851440995751724
Cs2HgF4_139,0.5,0.55,0.003743304481464357,0.0020058977304024846
Cs2HgF4_139,0.55,0.6000000000000001,0.003189337400639562,0.0006418463172318867
Cs2HgF4_139,0.6000000000000001,0.65,0.003056881216131589,1.5486915622679693e-05
Cs2HgF4_139,0.65,0.7000000000000001,0.0029455934355224343,0.0
Cs2HgF4_139,0.7000000000000001,0.75,0.00257551243291921,0.0
Cs2HgF4_139,0.75,0.8,0.0019681665948364803,5.0479252519218015e-05
Cs2HgF4_139,0.8,0.8500000000000001,0.0014946912551973969,0.0004026224188644671
Cs2HgF4_139,0.8500000000000001,0.9,0.001530492520868988,0.0008245745097055009
Cs2HgF4_139,0.9,0.9500000000000001,0.0015586028660874067,0.0010970191884221022
Cs2HgF4_139,0.9500000000000001,1.0,0.0014259262026029926,0.001222716803723546
Cs2HgF4_139,1.0,1.05,0.0013412251857281485,0.0012773813511860316
Cs2HgF4_139,1.05,1.1,0.0012163919276178136,0.0012568140767312904
Cs2HgF4_139,1.1,1.1500000000000001,0.0011045481239621013,0.0012380464225842545
Cs2HgF4_139,1.1500000000000001,1.2000000000000002,0.0010098195636503186,0.0011635489502499795
Cs2HgF4_139,1.2000000000000002,1.25,0.0009070936225392183,0.0010489235095845464
Cs2HgF4_139,1.25,1.3,0.0007738848113492258,0.0009193244668058269
Cs2HgF4_139,1.3,1.35,0.0006643044621370411,0.0007633453848585916
Cs2HgF4_139,1.35,1.4000000000000001,0.0005197059787845875,0.0006009345684181926
Cs2HgF4_139,1.4000000000000001,1.4500000000000002,0.00039689354895970213,0.0004862402261738243
Cs2HgF4_139,1.4500000000000002,1.5,0.00028588256770542537,0.0004535713159457858
Cs2HgF4_139,1.5,1.55,0.00018784859784924717,0.00043330120198678985
Cs2HgF4_139,1.55,1.6,0.0001045400804426571,0.0004293205215408095
Cs2HgF4_139,1.6,1.6500000000000001,4.674675885583454e-05,0.0004554142970760352
Cs2HgF4_139,1.6500000000000001,1.7000000000000002,1.197461450899783e-05,0.0004994816300188028
Cs2HgF4_139,1.7000000000000002,1.75,3.009035455094295e-07,0.0005558323624605633
Cs2HgF4_139,1.75,1.8,0.0,0.0006252027016961773
Cs2HgF4_139,1.8,1.85,0.0,0.0007036610034992998
Cs2HgF4_139,1.85,1.9000000000000001,0.0,0.0007623451146469995
Cs2HgF4_139,1.9000000000000001,1.9500000000000002,0.0,0.0008067051553531314
Cs2HgF4_139,1.9500000000000002,2.0,0.0,0.0008384232688308704
Cs2HgF4_139,2.0,2.0500000000000003,0.0,0.0008691581334087439
Cs2HgF4_139,2.0500000000000003,2.1,0.0,0.0008079767631207581
Cs2HgF4_139,2.1,2.15,0.0,0.0007456397603592934
Cs2HgF4_139,2.15,2.2,0.0,0.0006525071735628634
Cs2HgF4_139,2.2,2.25,0.0,0.0005610057193295879
Cs2HgF4_139,2.25,2.3000000000000003,0.0,0.0004736972651860419
Cs2HgF4_139,2.3000000000000003,2.35,0.0,0.0003787951823769878
Cs2HgF4_139,2.35,2.4000000000000004,0.0,0.0003182285299428108
Cs2HgF4_139,2.4000000000000004,2.45,0.0,0.00028735171325979203
Cs2HgF4_139,2.45,2.5,0.0,0.0002553841627580494
Cs2HgF4_139,2.5,2.5500000000000003,0.0,0.0002305529541134518
Cs2HgF4_139,2.5500000000000003,2.6,0.0,0.00021271991741865577
Cs2HgF4_139,2.6,2.6500000000000004,0.0,0.00018782056277051368
Cs2HgF4_139,2.6500000000000004,2.7,0.0,0.0001534954584256067
Cs2HgF4_139,2.7,2.75,0.0,0.0001251199773070841
Cs2HgF4_139,2.75,2.8000000000000003,0.0,0.00011110415721180167
Cs2HgF4_139,2.8000000000000003,2.85,0.0,9.543090639162907e-05
Cs2HgF4_139,2.85,2.9000000000000004,0.0,7.14425991696267e-05
Cs2HgF4_139,2.9000000000000004,2.95,0.0,5.6436753042106434e-05
Cs2HgF4_139,2.95,3.0,0.0,5.209602121602995e-05
PuSi2_191,0.0,0.05,0.0,0.017411522955057438
PuSi2_191,0.05,0.1,0.0,0.006340990806731242
PuSi2_191,0.1,0.15000000000000002,0.003204745476480188,0.0043247135573016866
PuSi2_191,0.15000000000000002,0.2,0.005568844333207113,0.002438622192554805
PuSi2_191,0.2,0.25,0.0,0.00873164803859729
PuSi2_191,0.25,0.30000000000000004,0.00015959380762953047,0.0037843760877322302
PuSi2_191,0.30000000000000004,0.35000000000000003,0.004173709308103107,0.00034970760982797104
PuSi2_191,0.35000000000000003,0.4,0.006620710946103405,0.0
PuSi2_191,0.4,0.45,0.004477472978939849,0.0
PuSi2_191,0.45,0.5,0.00170462592856031,0.0001264462768388641
PuSi2_191,0.5,0.55,0.0006523933239419843,0.001425161652993919
PuSi2_191,0.55,0.6000000000000001,0.00023437701143729495,0.002398737814175274
PuSi2_191,0.6000000000000001,0.65,4.980177897328794e-05,0.0027560278309812472
PuSi2_191,0.65,0.7000000000000001,2.416256090967266e-05,0.0031419316334089223
PuSi2_191,0.7000000000000001,0.75,2.8660941196991004e-05,0.003175761960677955
PuSi2_191,0.75,0.8,6.673527356007348e-05,0.003175961209839921
PuSi2_191,0.8,0.8500000000000001,0.00012563720958780656,0.0025670426830416582
PuSi2_191,0.8500000000000001,0.9,0.0002534799810362245,0.0018232255129412202
PuSi2_191,0.9,0.9500000000000001,0.0004226659970314473,0.0010872166465837772
PuSi2_191,0.9500000000000001,1.0,0.0007887123735761712,0.000552894196161806
PuSi2_191,1.0,1.05,0.001374742094964934,0.0002641285626346432
PuSi2_191,1.05,1.1,0.0017597071484661722,0.00010725749071059299
PuSi2_191,1.1,1.1500000000000001,0.0021238044277799013,4.23488166037525e-05
PuSi2_191,1.1500000000000001,1.2000000000000002,0.002045568039767934,1.1411110513459557e-05
PuSi2_191,1.2000000000000002,1.25,0.002022463248033322,2.932548190096741e-06
PuSi2_191,1.25,1.3,0.0019242769963182145,8.524789913792609e-07
PuSi2_191,1.3,1.35,0.0017555433097103943,3.161547201299674e-07
PuSi2_191,1.35,1.4000000000000001,0.001673455980558002,6.328447544600924e-08
PuSi2_191,1.4000000000000001,1.4500000000000002,0.001679503188538279,0.0
PuSi2_191,1.4500000000000002,1.5,0.0014520322386800608,0.0
PuSi2_191,1.5,1.55,0.0013167443448086804,0.0
PuSi2_191,1.55,1.6,0.0010547624446722132,0.0
PuSi2_191,1.6,1.6500000000000001,0.0007607711548673287,0.0
PuSi2_191,1.6500000000000001,1.7000000000000002,0.0005406485117455483,0.0
PuSi2_191,1.7000000000000002,1.75,0.0003739403545028395,0.0
PuSi2_191,1.75,1.8,0.0002469908377370116,0.0
PuSi2_191,1.8,1.85,0.00018254641111252316,0.0
PuSi2_191,1.85,1.9000000000000001,0.00013217944497000484,0.0
PuSi2_191,1.9000000000000001,1.9500000000000002,9.772031905264171e-05,0.0
PuSi2_191,1.9500000000000002,2.0,4.794729039951127e-05,0.0
PuSi2_191,2.0,2.0500000000000003,2.200322366529842e-05,0.0
PuSi2_191,2.0500000000000003,2.1,1.047600347046148e-06,0.0
PuSi2_191,2.1,2.15,0.0,0.0
PuSi2_191,2.15,2.2,0.0,0.0
PuSi2_191,2.2,2.25,0.0,0.0
PuSi2_191,2.25,2.3000000000000003,0.0,0.0
PuSi2_191,2.3000000000000003,2.35,0.0,0.0
PuSi2_191,2.35,2.4000000000000004,0.0,0.0
PuSi2_191,2.4000000000000004,2.45,0.0,0.0
PuSi2_191,2.45,2.5,0.0,0.0
PuSi2_191,2.5,2.5500000000000003,0.0,0.0
PuSi2_191,2.5500000000000003,2.6,0.0,0.0
PuSi2_191,2.6,2.6500000000000004,0.0,0.0
PuSi2_191,2.6500000000000004,2.7,0.0,0.0
PuSi2_191,2.7,2.75,0.0,0.0
PuSi2_191,2.75,2.8000000000000003,0.0,0.0
PuSi2_191,2.8000000000000003,2.85,0.0,0.0
PuSi2_191,2.85,2.9000000000000004,0.0,0.0
PuSi2_191,2.9000000000000004,2.95,0.0,0.0
PuSi2_191,2.95,3.0,0.0,0.0
HfSi2_63,0.0,0.05,0.0,0.0023225257682908925
HfSi2_63,0.05,0.1,3.0152214106347776e-05,0.0016735232894733029
HfSi2_63,0.1,0.15000000000000002,0.0,0.005359011919060374
HfSi2_63,0.15000000000000002,0.2,0.0002556924266993044,0.005672590223247149
HfSi2_63,0.2,0.25,0.0013659308674399695,0.006212673230579194
HfSi2_63,0.25,0.30000000000000004,0.0002977967470504316,0.003572250908859254
HfSi2_63,0.30000000000000004,0.35000000000000003,6.48895611221303e-05,0.0027566595699768967
HfSi2_63,0.35000000000000003,0.4,0.0014522299348214195,0.0033178585472410597
HfSi2_63,0.4,0.45,0.0022447736616612113,0.0030119083753769086
HfSi2_63,0.45,0.5,0.002343842533120295,0.002275457690776681
HfSi2_63,0.5,0.55,0.0016440721595683758,0.0015217011752296128
HfSi2_63,0.55,0.6000000000000001,0.0009083813987426843,0.001120310690819263
HfSi2_63,0.6000000000000001,0.65,0.0005882711670932083,0.0013527867433386844
HfSi2_63,0.65,0.7000000000000001,0.0005625903301882375,0.001903691026409797
HfSi2_63,0.7000000000000001,0.75,0.0007093072345301727,0.0023381961729236076
HfSi2_63,0.75,0.8,0.0010775954792370994,0.002286679162254151
HfSi2_63,0.8,0.8500000000000001,0.0016797425748202434,0.0019999948218854388
HfSi2_63,0.8500000000000001,0.9,0.0022378514194615986,0.0017140945738646823
HfSi2_63,0.9,0.9500000000000001,0.0022304496113698773,0.0012588954793694984
HfSi2_63,0.9500000000000001,1.0,0.002321748967509816,0.000948434354711012
HfSi2_63,1.0,1.05,0.0025349887376793856,0.0007467275054663703
HfSi2_63,1.05,1.1,0.0030184223343246103,0.000607998429109894
HfSi2_63,1.1,1.1500000000000001,0.003445407955071239,0.0005197540240628194
HfSi2_63,1.1500000000000001,1.2000000000000002,0.00394667577857893,0.000440024133507014
HfSi2_63,1.2000000000000002,1.25,0.004306239820816038,0.00042153704744017764
HfSi2_63,1.25,1.3,0.004460400978113795,0.0004213316300209845
HfSi2_63,1.3,1.35,0.004318441538603111,0.0004685428236872286
HfSi2_63,1.35,1.4000000000000001,0.003749354283397783,0.0005059275696090687
HfSi2_63,1.4000000000000001,1.4500000000000002,0.003012963894641509,0.0005449883235937144
HfSi2_63,1.4500000000000002,1.5,0.002228776296815329,0.0005792164160975354
HfSi2_63,1.5,1.55,0.0015443008776769547,0.0006462530589546783
HfSi2_63,1.55,1.6,0.0009776936102361352,0.000687021889337053
HfSi2_63,1.6,1.6500000000000001,0.0006358632993865249,0.0006551321206525049
HfSi2_63,1.6500000000000001,1.7000000000000002,0.0004147942648954388,0.0006595511749807031
HfSi2_63,1.7000000000000002,1.75,0.00024205809920663766,0.0006083724954991239
HfSi2_63,1.75,1.8,0.00010084578745275326,0.00046071718063609254
HfSi2_63,1.8,1.85,2.8049885301502204e-05,0.00024968329149958234
HfSi2_63,1.85,1.9000000000000001,4.5731335558598724e-06,0.00010440147664282514
HfSi2_63,1.9000000000000001,1.9500000000000002,0.0,5.422065005737994e-05
HfSi2_63,1.9500000000000002,2.0,0.0,1.0441822265202891e-05
HfSi2_63,2.0,2.0500000000000003,0.0,0.0
HfSi2_63,2.0500000000000003,2.1,0.0,0.0
HfSi2_63,2.1,2.15,0.0,0.0
HfSi2_63,2.15,2.2,0.0,0.0
HfSi2_63,2.2,2.25,0.0,0.0
HfSi2_63,2.25,2.3000000000000003,0.0,0.0
HfSi2_63,2.3000000000000003,2.35,0.0,0.0
HfSi2_63,2.35,2.4000000000000004,0.0,0.0
HfSi2_63,2.4000000000000004,2.45,0.0,0.0
HfSi2_63,2.45,2.5,0.0,0.0
HfSi2_63,2.5,2.5500000000000003,0.0,0.0
HfSi2_63,2.5500000000000003,2.6,0.0,0.0
HfSi2_63,2.6,2.6500000000000004,0.0,0.0
HfSi2_63,2.6500000000000004,2.7,0.0,0.0
HfSi2_63,2.7,2.75,0.0,0.0
HfSi2_63,2.75,2.8000000000000003,0.0,0.0
HfSi2_63,2.8000000000000003,2.85,0.0,0.0
HfSi2_63,2.85,2.9000000000000004,0.0,0.0
HfSi2_63,2.9000000000000004,2.95,0.0,0.0
HfSi2_63,2.95,3.0,0.0,0.0
Ce2Re2Si2C_12,0.0,0.05,0.0,0.002099981533462895
Ce2Re2Si2C_12,0.05,0.1,0.00022242657308834592,0.0044632173735411115
Ce2Re2Si2C_12,0.1,0.15000000000000002,0.0,0.00566716943166524
Ce2Re2Si2C_12,0.15000000000000002,0.2,0.0007434424620001173,0.011797860535901664
Ce2Re2Si2C_12,0.2,0.25,0.003704255223781898,0.009307242570933641
Ce2Re2Si2C_12,0.25,0.30000000000000004,0.00709456808896419,0.0009965254432128098
Ce2Re2Si2C_12,0.30000000000000004,0.35000000000000003,0.011542923685978904,0.0007610975165215164
Ce2Re2Si2C_12,0.35000000000000003,0.4,0.010977223610701671,0.0029883305783601423
Ce2Re2Si2C_12,0.4,0.45,0.007116583996391871,0.004290218971193325
Ce2Re2Si2C_12,0.45,0.5,0.0028500884659409683,0.004137607186132895
Ce2Re2Si2C_12,0.5,0.55,0.0006603077037259087,0.003789737681594095
Ce2Re2Si2C_12,0.55,0.6000000000000001,0.00032559876641491306,0.0035309903856889494
Ce2Re2Si2C_12,0.6000000000000001,0.65,0.0003972752515878697,0.002811278820276901
Ce2Re2Si2C_12,0.65,0.7000000000000001,0.0008232101037753283,0.0023044826226634395
Ce2Re2Si2C_12,0.7000000000000001,0.75,0.0012151886464837546,0.0020802184269184073
Ce2Re2Si2C_12,0.75,0.8,0.0015547938287016727,0.0019655223289694423
Ce2Re2Si2C_12,0.8,0.8500000000000001,0.0019284463476497893,0.0019363775446661984
Ce2Re2Si2C_12,0.8500000000000001,0.9,0.002174272797773384,0.0018293541673552786
Ce2Re2Si2C_12,0.9,0.9500000000000001,0.002195347753975547,0.0017141950947622583
Ce2Re2Si2C_12,0.9500000000000001,1.0,0.002270537122183535,0.0015467144041650413
Ce2Re2Si2C_12,1.0,1.05,0.0023563904271922047,0.0013546369647730746
Ce2Re2Si2C_12,1.05,1.1,0.0022829136867828733,0.0011944981476122046
Ce2Re2Si2C_12,1.1,1.1500000000000001,0.0023219385533085443,0.0010348640083702825
Ce2Re2Si2C_12,1.1500000000000001,1.2000000000000002,0.002315756360276763,0.0008715662411710699
Ce2Re2Si2C_12,1.2000000000000002,1.25,0.002129639929270315,0.0007297735959437968
Ce2Re2Si2C_12,1.25,1.3,0.0017661845801554108,0.0005650256364001169
Ce2Re2Si2C_12,1.3,1.35,0.0014982309862644943,0.0004217193124598191
Ce2Re2Si2C_12,1.35,1.4000000000000001,0.0012798489593706418,0.00023334719317698747
Ce2Re2Si2C_12,1.4000000000000001,1.4500000000000002,0.001045869426189882,0.00013213453993408635
Ce2Re2Si2C_12,1.4500000000000002,1.5,0.0008662792305194923,8.683435080561222e-05
Ce2Re2Si2C_12,1.5,1.55,0.0006845965710143838,9.24917427010625e-05
Ce2Re2Si2C_12,1.55,1.6,0.0005462648059858978,0.00011555749751130474
Ce2Re2Si2C_12,1.6,1.6500000000000001,0.0004318237536428531,0.00013676339533746882
Ce2Re2Si2C_12,1.6500000000000001,1.7000000000000002,0.0003238951217009949,0.00015572426398131724
Ce2Re2Si2C_12,1.7000000000000002,1.75,0.00023704113242292913,0.0001722225575613809
Ce2Re2Si2C_12,1.75,1.8,0.00015835787763318195,0.00016618257946571984
Ce2Re2Si2C_12,1.8,1.85,0.00011781974257173752,0.0001610959928636534
Ce2Re2Si2C_12,1.85,1.9000000000000001,8.489534677953463e-05,0.0001494995062892491
Ce2Re2Si2C_12,1.9000000000000001,1.9500000000000002,6.176274193345164e-05,0.00013322923742510026
Ce2Re2Si2C_12,1.9500000000000002,2.0,4.457332773046873e-05,0.00010696498958878719
Ce2Re2Si2C_12,2.0,2.0500000000000003,3.1264113401636555e-05,9.45319209024585e-05
Ce2Re2Si2C_12,2.0500000000000003,2.1,1.8171150034726927e-05,7.450278734396726e-05
Ce2Re2Si2C_12,2.1,2.15,1.1090116837107884e-05,6.571419171548047e-05
Ce2Re2Si2C_12,2.15,2.2,5.69594682082664e-06,5.503765558551112e-05
Ce2Re2Si2C_12,2.2,2.25,3.341050973791945e-06,5.000942736758848e-05
Ce2Re2Si2C_12,2.25,2.3000000000000003,2.3119769571630765e-06,4.226135267149004e-05
Ce2Re2Si2C_12,2.3000000000000003,2.35,9.485238760595041e-07,3.2747052266507315e-05
Ce2Re2Si2C_12,2.35,2.4000000000000004,7.606518966648541e-07,2.4643440775536815e-05
Ce2Re2Si2C_12,2.4000000000000004,2.45,3.922144454319477e-07,1.91977039669409e-05
Ce2Re2Si2C_12,2.45,2.5,2.0676812661664705e-07,1.5483263437658478e-05
Ce2Re2Si2C_12,2.5,2.5500000000000003,2.774424238765207e-08,1.1237166784435164e-05
Ce2Re2Si2C_12,2.5500000000000003,2.6,0.0,7.037139191864577e-06
Ce2Re2Si2C_12,2.6,2.6500000000000004,0.0,3.1150942632954795e-06
Ce2Re2Si2C_12,2.6500000000000004,2.7,0.0,3.394950113906676e-06
Ce2Re2Si2C_12,2.7,2.75,0.0,1.7281636198897165e-06
Ce2Re2Si2C_12,2.75,2.8000000000000003,0.0,4.000594103043865e-07
Ce2Re2Si2C_12,2.8000000000000003,2.85,0.0,0.0
Ce2Re2Si2C_12,2.85,2.9000000000000004,0.0,0.0
Ce2Re2Si2C_12,2.9000000000000004,2.95,0.0,0.0
Ce2Re2Si2C_12,2.95,3.0,0.0,0.0
Ti3AlC_221,0.0,0.05,0.00016909837081436138,0.003515922180055793
Ti3AlC_221,0.05,0.1,0.0,0.0009730826676719056
Ti3AlC_221,0.1,0.15000000000000002,0.0,0.001738803261099358
Ti3AlC_221,0.15000000000000002,0.2,9.69914216083131e-05,0.005546520248199741
Ti3AlC_221,0.2,0.25,0.0003049803353260304,0.008332488820148656
Ti3AlC_221,0.25,0.30000000000000004,0.0007605626498032788,0.008948421198387443
Ti3AlC_221,0.30000000000000004,0.35000000000000003,0.0006184551760091148,0.007346745865348549
Ti3AlC_221,0.35000000000000003,0.4,0.0007648648002666456,0.002593828510056672
Ti3AlC_221,0.4,0.45,0.0016674522203630737,0.00017136503797281045
Ti3AlC_221,0.45,0.5,0.002834977653625405,0.0
Ti3AlC_221,0.5,0.55,0.003177263051751084,0.0
Ti3AlC_221,0.55,0.6000000000000001,0.002292711350266362,1.3184601812630803e-05
Ti3AlC_221,0.6000000000000001,0.65,0.0014397900218454725,0.0007311895567276682
Ti3AlC_221,0.65,0.7000000000000001,0.0013820727363388252,0.0022242533831540352
Ti3AlC_221,0.7000000000000001,0.75,0.001512562888514876,0.0032559117739945323
Ti3AlC_221,0.75,0.8,0.001638764591476815,0.0032787249465639394
Ti3AlC_221,0.8,0.8500000000000001,0.0015316573084299399,0.0033180529532276957
Ti3AlC_221,0.8500000000000001,0.9,0.0017232107462607205,0.002359936186412711
Ti3AlC_221,0.9,0.9500000000000001,0.0017923402120250385,0.0017904630546444083
Ti3AlC_221,0.9500000000000001,1.0,0.0019396973957864628,0.001198991717722028
Ti3AlC_221,1.0,1.05,0.002411066395624747,0.0007358924575722914
Ti3AlC_221,1.05,1.1,0.002734648210569581,0.00032194877676848115
Ti3AlC_221,1.1,1.1500000000000001,0.0026376511937720136,4.837848455954089e-05
Ti3AlC_221,1.1500000000000001,1.2000000000000002,0.0025492897587974196,0.0
Ti3AlC_221,1.2000000000000002,1.25,0.0022308269588870236,0.0
Ti3AlC_221,1.25,1.3,0.00247765733077797,0.0
Ti3AlC_221,1.3,1.35,0.0023970682930168556,0.0
Ti3AlC_221,1.35,1.4000000000000001,0.0022774708902649848,0.0
Ti3AlC_221,1.4000000000000001,1.4500000000000002,0.001996670186593693,0.0
Ti3AlC_221,1.4500000000000002,1.5,0.001884991192713583,0.0
Ti3AlC_221,1.5,1.55,0.0016190686820745847,0.0
Ti3AlC_221,1.55,1.6,0.001370247496069708,0.0
Ti3AlC_221,1.6,1.6500000000000001,0.0010936148586944987,0.0
Ti3AlC_221,1.6500000000000001,1.7000000000000002,0.0007661082672360903,0.0
Ti3AlC_221,1.7000000000000002,1.75,0.0005029953565544701,0.0
Ti3AlC_221,1.75,1.8,0.00032823694579206704,0.0
Ti3AlC_221,1.8,1.85,0.0002717410370489413,0.0
Ti3AlC_221,1.85,1.9000000000000001,0.0001770376735188737,4.455532062010294e-08
Ti3AlC_221,1.9000000000000001,1.9500000000000002,0.00010640885871932266,0.0
Ti3AlC_221,1.9500000000000002,2.0,5.0580100164370186e-05,0.0
Ti3AlC_221,2.0,2.0500000000000003,4.3034109085338325e-05,0.0
Ti3AlC_221,2.0500000000000003,2.1,1.9713513670784408e-05,0.0
Ti3AlC_221,2.1,2.15,1.0345466618605568e-05,0.0
Ti3AlC_221,2.15,2.2,4.910351795558944e-06,0.0
Ti3AlC_221,2.2,2.25,1.6479349880384636e-06,0.0
Ti3AlC_221,2.25,2.3000000000000003,2.782348773188454e-07,0.0
Ti3AlC_221,2.3000000000000003,2.35,0.0,0.0
Ti3AlC_221,2.35,2.4000000000000004,0.0,0.0
Ti3AlC_221,2.4000000000000004,2.45,0.0,0.0
Ti3AlC_221,2.45,2.5,0.0,0.0
Ti3AlC_221,2.5,2.5500000000000003,0.0,0.0
Ti3AlC_221,2.5500000000000003,2.6,0.0,0.0
Ti3AlC_221,2.6,2.6500000000000004,0.0,0.0
Ti3AlC_221,2.6500000000000004,2.7,0.0,0.0
Ti3AlC_221,2.7,2.75,0.0,0.0
Ti3AlC_221,2.75,2.8000000000000003,0.0,0.0
Ti3AlC_221,2.8000000000000003,2.85,0.0,0.0
Ti3AlC_221,2.85,2.9000000000000004,0.0,0.0
Ti3AlC_221,2.9000000000000004,2.95,0.0,0.0
Ti3AlC_221,2.95,3.0,0.0,0.0
YNi3_166,0.0,0.05,0.0006643218750845304,0.0016188030941809298
YNi3_166,0.05,0.1,0.0009065928243620644,0.0009108377916341601
YNi3_166,0.1,0.15000000000000002,0.0,0.011005633919583145
YNi3_166,0.15000000000000002,0.2,0.0044123730106941025,0.018709148695831842
YNi3_166,0.2,0.25,0.009779298305112651,0.02038690971263677
YNi3_166,0.25,0.30000000000000004,0.007226374418834839,0.013043072809943051
YNi3_166,0.30000000000000004,0.35000000000000003,0.0020970927771856345,0.0025726558443375284
YNi3_166,0.35000000000000003,0.4,0.00891884093275769,0.003475954568933345
YNi3_166,0.4,0.45,0.014863780886459973,0.0051143802222968
YNi3_166,0.45,0.5,0.01648119759462036,0.004661379346755871
YNi3_166,0.5,0.55,0.014135905585245285,0.003298223663218958
YNi3_166,0.55,0.6000000000000001,0.009519380583919946,0.0020064266782600444
YNi3_166,0.6000000000000001,0.65,0.0045326125245611325,0.0011879148980219933
YNi3_166,0.65,0.7000000000000001,0.0008845494377237703,0.0009877557933086918
YNi3_166,0.7000000000000001,0.75,2.2625191163292618e-05,0.0018484383139719747
YNi3_166,0.75,0.8,2.015626655580612e-05,0.0018252468573782081
YNi3_166,0.8,0.8500000000000001,0.00014236291481845216,0.0012483427808531234
YNi3_166,0.8500000000000001,0.9,0.00035831277497695404,0.0010077786990041991
YNi3_166,0.9,0.9500000000000001,0.0005137613072593764,0.0009010089751255193
YNi3_166,0.9500000000000001,1.0,0.0006157303570439797,0.0007866114694265524
YNi3_166,1.0,1.05,0.0006319838122668573,0.000661870152336823
YNi3_166,1.05,1.1,0.0005393057931165751,0.0005115917367626044
YNi3_166,1.1,1.1500000000000001,0.00041087880139039056,0.00031435879141492517
YNi3_166,1.1500000000000001,1.2000000000000002,0.0002711207221329657,0.000167055069948674
YNi3_166,1.2000000000000002,1.25,0.0001599213028166077,0.0001061250968660027
YNi3_166,1.25,1.3,7.982120020485438e-05,0.0001062960495209509
YNi3_166,1.3,1.35,2.5879558551351307e-05,8.610084466061174e-05
YNi3_166,1.35,1.4000000000000001,4.7104483509626564e-06,5.0876547531817234e-05
YNi3_166,1.4000000000000001,1.4500000000000002,2.0434885213739977e-07,2.5351831084674097e-05
YNi3_166,1.4500000000000002,1.5,0.0,5.673261738028766e-06
YNi3_166,1.5,1.55,0.0,0.0
YNi3_166,1.55,1.6,0.0,0.0
YNi3_166,1.6,1.6500000000000001,0.0,0.0
YNi3_166,1.6500000000000001,1.7000000000000002,0.0,0.0
YNi3_166,1.7000000000000002,1.75,0.0,0.0
YNi3_166,1.75,1.8,0.0,0.0
YNi3_166,1.8,1.85,0.0,0.0
YNi3_166,1.85,1.9000000000000001,0.0,0.0
YNi3_166,1.9000000000000001,1.9500000000000002,0.0,0.0
YNi3_166,1.9500000000000002,2.0,0.0,0.0
YNi3_166,2.0,2.0500000000000003,0.0,0.0
YNi3_166,2.0500000000000003,2.1,0.0,0.0
YNi3_166,2.1,2.15,0.0,0.0
YNi3_166,2.15,2.2,0.0,0.0
YNi3_166,2.2,2.25,0.0,0.0
YNi3_166,2.25,2.3000000000000003,0.0,0.0
YNi3_166,2.3000000000000003,2.35,0.0,0.0
YNi3_166,2.35,2.4000000000000004,0.0,0.0
YNi3_166,2.4000000000000004,2.45,0.0,0.0
YNi3_166,2.45,2.5,0.0,0.0
YNi3_166,2.5,2.5500000000000003,0.0,0.0
YNi3_166,2.5500000000000003,2.6,0.0,0.0
YNi3_166,2.6,2.6500000000000004,0.0,0.0
YNi3_166,2.6500000000000004,2.7,0.0,0.0
YNi3_166,2.7,2.75,0.0,0.0
YNi3_166,2.75,2.8000000000000003,0.0,0.0
YNi3_166,2.8000000000000003,2.85,0.0,0.0
YNi3_166,2.85,2.9000000000000004,0.0,0.0
YNi3_166,2.9000000000000004,2.95,0.0,0.0
YNi3_166,2.95,3.0,0.0,0.0
PbS_225,0.0,0.05,0.0,0.0029164744246860134
PbS_225,0.05,0.1,1.64298848740336e-05,0.004086445440301456
PbS_225,0.1,0.15000000000000002,0.00011329313705464625,0.007172670102822981
PbS_225,0.15000000000000002,0.2,0.0005369511574949508,0.0060136951457410055
PbS_225,0.2,0.25,0.0,0.005559752430845787
PbS_225,0.25,0.30000000000000004,0.0015797630911014188,0.0013560974443823119
PbS_225,0.30000000000000004,0.35000000000000003,0.007888998911268394,0.0
PbS_225,0.35000000000000003,0.4,0.012384826451888115,0.0
PbS_225,0.4,0.45,0.012680168567732927,0.0
PbS_225,0.45,0.5,0.009822742260675565,0.0
PbS_225,0.5,0.55,0.005738055541429101,0.0
PbS_225,0.55,0.6000000000000001,0.0021148243445992497,1.0693167860515383e-07
PbS_225,0.6000000000000001,0.65,0.0002139425843522346,0.0006292368114286134
PbS_225,0.65,0.7000000000000001,0.00023676960589580449,0.0020932653590727732
PbS_225,0.7000000000000001,0.75,0.0006922913209196598,0.003120340877683822
PbS_225,0.75,0.8,0.0012662322388403901,0.003963827731811152
PbS_225,0.8,0.8500000000000001,0.0017309044871885609,0.004643799918510096
PbS_225,0.8500000000000001,0.9,0.0022137263888604925,0.005145048800767854
PbS_225,0.9,0.9500000000000001,0.0024033511219647284,0.005299815718097042
PbS_225,0.9500000000000001,1.0,0.0023648162755111105,0.005037931118520419
PbS_225,1.0,1.05,0.0025265011948131474,0.004534855193990531
PbS_225,1.05,1.1,0.0026804460603207358,0.003917383258166959
PbS_225,1.1,1.1500000000000001,0.0026542374120021596,0.003142257176909267
PbS_225,1.1500000000000001,1.2000000000000002,0.0025796956532001965,0.0023797717997185363
PbS_225,1.2000000000000002,1.25,0.002457405245408431,0.0017241360056495245
PbS_225,1.25,1.3,0.0022597595972028493,0.001077901985321542
PbS_225,1.3,1.35,0.00200056948064268,0.0006312817434610303
PbS_225,1.35,1.4000000000000001,0.001628634290560526,0.0003581591874446386
PbS_225,1.4000000000000001,1.4500000000000002,0.0011919792378773369,0.0001736541024084997
PbS_225,1.4500000000000002,1.5,0.0007171609274736758,8.210469941871905e-05
PbS_225,1.5,1.55,0.00018767002979930104,4.101954835498624e-05
PbS_225,1.55,1.6,2.245414608350761e-06,0.00030243239512869863
PbS_225,1.6,1.6500000000000001,0.0,0.0006437287152392327
PbS_225,1.6500000000000001,1.7000000000000002,0.0,0.0008902331285756089
PbS_225,1.7000000000000002,1.75,0.0,0.0010727996178163588
PbS_225,1.75,1.8,0.0,0.001181647659934693
PbS_225,1.8,1.85,0.0,0.0011889697502828474
PbS_225,1.85,1.9000000000000001,0.0,0.0011602685658513765
PbS_225,1.9000000000000001,1.9500000000000002,0.0,0.0011574922655108006
PbS_225,1.9500000000000002,2.0,0.0,0.0009941911445741558
PbS_225,2.0,2.0500000000000003,0.0,0.0008514501336266803
PbS_225,2.0500000000000003,2.1,0.0,0.0006664983262725166
PbS_225,2.1,2.15,0.0,0.0004830045318372933
PbS_225,2.15,2.2,0.0,0.0003550639241291167
PbS_225,2.2,2.25,0.0,0.000262593528739749
PbS_225,2.25,2.3000000000000003,0.0,0.00018837463165591184
PbS_225,2.3000000000000003,2.35,0.0,0.00011802969590220914
PbS_225,2.35,2.4000000000000004,0.0,7.30297817201834e-05
PbS_225,2.4000000000000004,2.45,0.0,4.1400829620681225e-05
PbS_225,2.45,2.5,0.0,1.7531278353946977e-05
PbS_225,2.5,2.5500000000000003,0.0,4.062426541909871e-06
PbS_225,2.5500000000000003,2.6,0.0,0.0
PbS_225,2.6,2.6500000000000004,0.0,0.0
PbS_225,2.6500000000000004,2.7,0.0,0.0
PbS_225,2.7,2.75,0.0,0.0
PbS_225,2.75,2.8000000000000003,0.0,0.0
PbS_225,2.8000000000000003,2.85,0.0,0.0
PbS_225,2.85,2.9000000000000004,0.0,0.0
PbS_225,2.9000000000000004,2.95,0.0,0.0
PbS_225,2.95,3.0,0.0,0.0
VGaRu2_225,0.0,0.05,0.00011813283151631247,0.004381542984242002
VGaRu2_225,0.05,0.1,1.643302061679011e-05,0.006460345905328395
VGaRu2_225,0.1,0.15000000000000002,0.001359953355029303,0.003931845090719437
VGaRu2_225,0.15000000000000002,0.2,0.010615944082208568,0.00339727321390105
VGaRu2_225,0.2,0.25,0.012220726803001354,0.005045787966979088
VGaRu2_225,0.25,0.30000000000000004,0.0020140927946142606,0.004042856948624882
VGaRu2_225,0.30000000000000004,0.35000000000000003,0.0003680519419882314,0.010137598049552691
VGaRu2_225,0.35000000000000003,0.4,0.0005058383176052707,0.012679966866845749
VGaRu2_225,0.4,0.45,0.0009080700614514792,0.012693851530126145
VGaRu2_225,0.45,0.5,0.001657502039863149,0.009921990213035855
VGaRu2_225,0.5,0.55,0.002119423797330538,0.0067787585319401406
VGaRu2_225,0.55,0.6000000000000001,0.0020956427041564397,0.003950298971924269
VGaRu2_225,0.6000000000000001,0.65,0.003156426361866783,0.0025619910724269668
VGaRu2_225,0.65,0.7000000000000001,0.0034149565366015746,0.001925065443273526
VGaRu2_225,0.7000000000000001,0.75,0.0032225579652901933,0.0010962450748962735
VGaRu2_225,0.75,0.8,0.004015858108481471,0.0004849948338278042
VGaRu2_225,0.8,0.8500000000000001,0.005332515091337721,0.00014705887445924846
VGaRu2_225,0.8500000000000001,0.9,0.007128655717681082,7.895177528113895e-05
VGaRu2_225,0.9,0.9500000000000001,0.007892943230535862,1.4861214815778291e-05
VGaRu2_225,0.9500000000000001,1.0,0.0075061340033256785,1.6334815953604887e-06
VGaRu2_225,1.0,1.05,0.006233077597443847,0.0
VGaRu2_225,1.05,1.1,0.004215853364509301,0.0
VGaRu2_225,1.1,1.1500000000000001,0.0013477773438834765,0.0
VGaRu2_225,1.1500000000000001,1.2000000000000002,0.00017438136281471494,0.0
VGaRu2_225,1.2000000000000002,1.25,9.331179827138466e-06,0.0
VGaRu2_225,1.25,1.3,0.0,0.0
VGaRu2_225,1.3,1.35,0.0,0.0
VGaRu2_225,1.35,1.4000000000000001,0.0,0.0
VGaRu2_225,1.4000000000000001,1.4500000000000002,0.0,0.0
VGaRu2_225,1.4500000000000002,1.5,0.0,0.0
VGaRu2_225,1.5,1.55,0.0,0.0
VGaRu2_225,1.55,1.6,0.0,0.0
VGaRu2_225,1.6,1.6500000000000001,0.0,0.0
VGaRu2_225,1.6500000000000001,1.7000000000000002,0.0,0.0
VGaRu2_225,1.7000000000000002,1.75,0.0,0.0
VGaRu2_225,1.75,1.8,0.0,0.0
VGaRu2_225,1.8,1.85,0.0,0.0
VGaRu2_225,1.85,1.9000000000000001,0.0,0.0
VGaRu2_225,1.9000000000000001,1.9500000000000002,0.0,0.0
VGaRu2_225,1.9500000000000002,2.0,0.0,0.0
VGaRu2_225,2.0,2.0500000000000003,0.0,0.0
VGaRu2_225,2.0500000000000003,2.1,0.0,0.0
VGaRu2_225,2.1,2.15,0.0,0.0
VGaRu2_225,2.15,2.2,0.0,0.0
VGaRu2_225,2.2,2.25,0.0,0.0
VGaRu2_225,2.25,2.3000000000000003,0.0,0.0
VGaRu2_225,2.3000000000000003,2.35,0.0,0.0
VGaRu2_225,2.35,2.4000000000000004,0.0,0.0
VGaRu2_225,2.4000000000000004,2.45,0.0,0.0
VGaRu2_225,2.45,2.5,0.0,0.0
VGaRu2_225,2.5,2.5500000000000003,0.0,0.0
VGaRu2_225,2.5500000000000003,2.6,0.0,0.0
VGaRu2_225,2.6,2.6500000000000004,0.0,0.0
VGaRu2_225,2.6500000000000004,2.7,0.0,0.0
VGaRu2_225,2.7,2.75,0.0,0.0
VGaRu2_225,2.75,2.8000000000000003,0.0,0.0
VGaRu2_225,2.8000000000000003,2.85,0.0,0.0
VGaRu2_225,2.85,2.9000000000000004,0.0,0.0
VGaRu2_225,2.9000000000000004,2.95,0.0,0.0
VGaRu2_225,2.95,3.0,0.0,0.0
Pr2CBr_194,0.0,0.05,4.1925277989150954e-05,0.0014326762222775097
Pr2CBr_194,0.05,0.1,0.0,0.0051966470312734625
Pr2CBr_194,0.1,0.15000000000000002,0.0,0.0067354253489897604
Pr2CBr_194,0.15000000000000002,0.2,1.6273706939257396e-05,0.020250457751897412
Pr2CBr_194,0.2,0.25,0.00021632318166714507,0.016124155669333073
Pr2CBr_194,0.25,0.30000000000000004,0.0031096595626650685,0.001704413609339263
Pr2CBr_194,0.30000000000000004,0.35000000000000003,0.0123634099857133,0.0
Pr2CBr_194,0.35000000000000003,0.4,0.013416636025028154,0.0
Pr2CBr_194,0.4,0.45,0.0091580959481337,0.0
Pr2CBr_194,0.45,0.5,0.004369417622381428,3.8161766300623084e-05
Pr2CBr_194,0.5,0.55,0.002052452165196366,0.0006724935447948416
Pr2CBr_194,0.55,0.6000000000000001,0.0011961719653919589,0.001257682241607904
Pr2CBr_194,0.6000000000000001,0.65,0.0008977025654243716,0.0013344584290235766
Pr2CBr_194,0.65,0.7000000000000001,0.0007862533796443886,0.001270436344737571
Pr2CBr_194,0.7000000000000001,0.75,0.0007870842072431527,0.0011419750343823643
Pr2CBr_194,0.75,0.8,0.0008887936103997394,0.0010472071761704726
Pr2CBr_194,0.8,0.8500000000000001,0.0008769144722899885,0.0009074267253104546
Pr2CBr_194,0.8500000000000001,0.9,0.0010111956582016554,0.0007985373985748499
Pr2CBr_194,0.9,0.9500000000000001,0.0011010806331142474,0.0007000571556402814
Pr2CBr_194,0.9500000000000001,1.0,0.0011043358994745087,0.000666277112150999
Pr2CBr_194,1.0,1.05,0.001124311073329908,0.00064965406411303
Pr2CBr_194,1.05,1.1,0.0011808467953737954,0.0006663523907142606
Pr2CBr_194,1.1,1.1500000000000001,0.0011993959236018805,0.0007136197103278688
Pr2CBr_194,1.1500000000000001,1.2000000000000002,0.0010976972030626426,0.000730106694821833
Pr2CBr_194,1.2000000000000002,1.25,0.0011879966802489652,0.0007718718484998996
Pr2CBr_194,1.25,1.3,0.001128907577901791,0.0007509458282665859
Pr2CBr_194,1.3,1.35,0.001080757673991976,0.0007414911554365558
Pr2CBr_194,1.35,1.4000000000000001,0.0011563267881948727,0.0006958665556255954
Pr2CBr_194,1.4000000000000001,1.4500000000000002,0.0011329037414621,0.0005952249443841622
Pr2CBr_194,1.4500000000000002,1.5,0.0010781328810533265,0.0006080058853225084
Pr2CBr_194,1.5,1.55,0.001144091401880191,0.0005958643356610467
Pr2CBr_194,1.55,1.6,0.0010541071973600405,0.0005936286600877293
Pr2CBr_194,1.6,1.6500000000000001,0.0009670716754253183,0.0005940928316010641
Pr2CBr_194,1.6500000000000001,1.7000000000000002,0.0009483664496636328,0.0005777085556029397
Pr2CBr_194,1.7000000000000002,1.75,0.0007667292840931891,0.0005318657535371206
Pr2CBr_194,1.75,1.8,0.0006394287974040022,0.00042338541717681374
Pr2CBr_194,1.8,1.85,0.000556343377207393,0.00031465169810121973
Pr2CBr_194,1.85,1.9000000000000001,0.0004618407733520243,0.00022596475066845626
Pr2CBr_194,1.9000000000000001,1.9500000000000002,0.00034429622647830205,0.00015548293682692682
Pr2CBr_194,1.9500000000000002,2.0,0.00030076141575034244,0.00010423403770365525
Pr2CBr_194,2.0,2.0500000000000003,0.0002161599113709659,6.094854618278663e-05
Pr2CBr_194,2.0500000000000003,2.1,0.00016395664020121757,3.456450435872098e-05
Pr2CBr_194,2.1,2.15,0.00011798206535988475,1.6534398961175865e-05
Pr2CBr_194,2.15,2.2,7.671075493037376e-05,6.8200178229205685e-06
Pr2CBr_194,2.2,2.25,4.8319414082640934e-05,8.246851019224406e-07
Pr2CBr_194,2.25,2.3000000000000003,2.5378347899506492e-05,3.195167204449985e-06
Pr2CBr_194,2.3000000000000003,2.35,1.8962352756872052e-05,6.302617547618396e-06
Pr2CBr_194,2.35,2.4000000000000004,8.550271498346672e-06,1.1876776686315624e-05
Pr2CBr_194,2.4000000000000004,2.45,5.489404360548499e-06,9.54023560005401e-06
Pr2CBr_194,2.45,2.5,2.037434364965129e-06,1.2503411321637817e-05
Pr2CBr_194,2.5,2.5500000000000003,1.911826139835553e-06,1.0759613661846907e-05
Pr2CBr_194,2.5500000000000003,2.6,2.8563788929315956e-07,4.669306258869599e-06
Pr2CBr_194,2.6,2.6500000000000004,1.3971973343880785e-07,1.2484387648722461e-05
Pr2CBr_194,2.6500000000000004,2.7,7.808290713025991e-09,5.2719651237763086e-06
Pr2CBr_194,2.7,2.75,0.0,6.573726300012576e-06
Pr2CBr_194,2.75,2.8000000000000003,0.0,5.577771367584653e-06
Pr2CBr_194,2.8000000000000003,2.85,0.0,0.0
Pr2CBr_194,2.85,2.9000000000000004,0.0,6.107872322639624e-06
Pr2CBr_194,2.9000000000000004,2.95,0.0,1.6225736802424426e-06
Pr2CBr_194,2.95,3.0,0.0,6.978043263586749e-07
ZnCO3_167,0.0,0.05,0.00026348765237239034,0.0016722124560873053
ZnCO3_167,0.05,0.1,0.00012408604515064817,0.0026936072948018923
ZnCO3_167,0.1,0.15000000000000002,0.0005874308791245816,0.008113307345081582
ZnCO3_167,0.15000000000000002,0.2,0.0020638859816103595,0.014602938036045903
ZnCO3_167,0.2,0.25,0.002196161413805119,0.012308163593607218
ZnCO3_167,0.25,0.30000000000000004,0.0016924423268210886,0.006180781490068806
ZnCO3_167,0.30000000000000004,0.35000000000000003,0.002724822963497876,0.0005606477595591358
ZnCO3_167,0.35000000000000003,0.4,0.007942524592528461,0.0004924278771303596
ZnCO3_167,0.4,0.45,0.010444283818442207,0.0006516988990152835
ZnCO3_167,0.45,0.5,0.010685263439021894,0.0005558518227601476
ZnCO3_167,0.5,0.55,0.008798238257503381,0.00038132753693529786
ZnCO3_167,0.55,0.6000000000000001,0.005680357678341251,0.000310210312501365
ZnCO3_167,0.6000000000000001,0.65,0.00321604957085316,0.00036897347676364
ZnCO3_167,0.65,0.7000000000000001,0.002698447500566211,0.0015423311180997898
ZnCO3_167,0.7000000000000001,0.75,0.0030642943858621863,0.0022973216404605077
ZnCO3_167,0.75,0.8,0.0033156677849593267,0.0020115352186593567
ZnCO3_167,0.8,0.8500000000000001,0.003111679505693923,0.0017786771537109227
ZnCO3_167,0.8500000000000001,0.9,0.0026820398269538277,0.0015573262688770456
ZnCO3_167,0.9,0.9500000000000001,0.0022194014866775305,0.0014751340833483663
ZnCO3_167,0.9500000000000001,1.0,0.0017843345437296618,0.001422269751077287
ZnCO3_167,1.0,1.05,0.0013960624265306697,0.0012672438012597605
ZnCO3_167,1.05,1.1,0.0011281842063488026,0.001220071109653083
ZnCO3_167,1.1,1.1500000000000001,0.0009011270688108211,0.0011458999731507927
ZnCO3_167,1.1500000000000001,1.2000000000000002,0.0007106173627028058,0.0010206991900172696
ZnCO3_167,1.2000000000000002,1.25,0.0005432115071048387,0.0009446071705944978
ZnCO3_167,1.25,1.3,0.0003828094124102055,0.0008754198327097914
ZnCO3_167,1.3,1.35,0.00022878134636040496,0.0008534403348217883
ZnCO3_167,1.35,1.4000000000000001,9.83225692756584e-05,0.0009063220694847937
ZnCO3_167,1.4000000000000001,1.4500000000000002,4.366328109065545e-05,0.000944152090871456
ZnCO3_167,1.4500000000000002,1.5,1.2921667421890382e-05,0.0009917691300244285
ZnCO3_167,1.5,1.55,1.4445765447696937e-06,0.0010749012914735396
ZnCO3_167,1.55,1.6,0.0,0.001129641560368092
ZnCO3_167,1.6,1.6500000000000001,0.0,0.0011608567796833197
ZnCO3_167,1.6500000000000001,1.7000000000000002,0.0,0.0011504444004465184
ZnCO3_167,1.7000000000000002,1.75,0.0,0.0011623560421436044
ZnCO3_167,1.75,1.8,0.0,0.0011110475092971999
ZnCO3_167,1.8,1.85,0.0,0.0010334682242686573
ZnCO3_167,1.85,1.9000000000000001,0.0,0.0008939281350733464
ZnCO3_167,1.9000000000000001,1.9500000000000002,0.0,0.0006296132040095627
ZnCO3_167,1.9500000000000002,2.0,0.0,0.0004054329369503079
ZnCO3_167,2.0,2.0500000000000003,0.0,0.0002383507850470233
ZnCO3_167,2.0500000000000003,2.1,0.0,0.0001239496572176744
ZnCO3_167,2.1,2.15,0.0,5.2899954461194314e-05
ZnCO3_167,2.15,2.2,0.0,1.7984459664295487e-05
ZnCO3_167,2.2,2.25,0.0,4.060350778272048e-06
ZnCO3_167,2.25,2.3000000000000003,0.0,0.0
ZnCO3_167,2.3000000000000003,2.35,0.0,0.0
ZnCO3_167,2.35,2.4000000000000004,0.0,0.0
ZnCO3_167,2.4000000000000004,2.45,0.0,0.0
ZnCO3_167,2.45,2.5,0.0,0.0
ZnCO3_167,2.5,2.5500000000000003,0.0,0.0
ZnCO3_167,2.5500000000000003,2.6,0.0,0.0
ZnCO3_167,2.6,2.6500000000000004,0.0,0.0
ZnCO3_167,2.6500000000000004,2.7,0.0,0.0
ZnCO3_167,2.7,2.75,0.0,0.0
ZnCO3_167,2.75,2.8000000000000003,0.0,0.0
ZnCO3_167,2.8000000000000003,2.85,0.0,0.0
ZnCO3_167,2.85,2.9000000000000004,0.0,0.0
ZnCO3_167,2.9000000000000004,2.95,0.0,0.0
ZnCO3_167,2.95,3.0,0.0,0.0
SmC2_139,0.0,0.05,3.2256890989064806e-05,0.009717505762352295
SmC2_139,0.05,0.1,0.0,0.005323082609216424
SmC2_139,0.1,0.15000000000000002,0.0,0.014605281443501534
SmC2_139,0.15000000000000002,0.2,4.7697187482701436e-05,0.025991496391685066
SmC2_139,0.2,0.25,0.0005621122314982613,0.012074218194275722
SmC2_139,0.25,0.30000000000000004,0.00645829410532386,0.0001505528151140826
SmC2_139,0.30000000000000004,0.35000000000000003,0.013777204999533974,0.0
SmC2_139,0.35000000000000003,0.4,0.013854400572555981,0.0
SmC2_139,0.4,0.45,0.010304835320724025,4.691500450710698e-05
SmC2_139,0.45,0.5,0.00778458303842372,0.00017113287474674357
SmC2_139,0.5,0.55,0.0055273276116703995,0.00029748184360877186
SmC2_139,0.55,0.6000000000000001,0.0035178692494083714,0.00037639139927465734
SmC2_139,0.6000000000000001,0.65,0.001956582939199044,0.0005631475682371787
SmC2_139,0.65,0.7000000000000001,0.00157923008919356,0.0013985267775632703
SmC2_139,0.7000000000000001,0.75,0.0016826795792447096,0.002084861551447723
SmC2_139,0.75,0.8,0.001866251868429403,0.0021628826730741204
SmC2_139,0.8,0.8500000000000001,0.0021444925082801792,0.001909219115684858
SmC2_139,0.8500000000000001,0.9,0.00189028439962226,0.0017618570306026427
SmC2_139,0.9,0.9500000000000001,0.0016150649947928276,0.00170292159971501
SmC2_139,0.9500000000000001,1.0,0.0015283156617096503,0.0015026680378887225
SmC2_139,1.0,1.05,0.0013589383567131222,0.001238784606627139
SmC2_139,1.05,1.1,0.0012261927511485356,0.0010070741478396662
SmC2_139,1.1,1.1500000000000001,0.0011227271641203863,0.000737881449837871
SmC2_139,1.1500000000000001,1.2000000000000002,0.0010385171234377317,0.000461983730775777
SmC2_139,1.2000000000000002,1.25,0.0009601895218793974,0.00028329547033709396
SmC2_139,1.25,1.3,0.0008966052570162156,0.00011087014185048661
SmC2_139,1.3,1.35,0.0008567535325826508,2.4752641815586598e-05
SmC2_139,1.35,1.4000000000000001,0.0007287255162090936,2.7097314889222924e-05
SmC2_139,1.4000000000000001,1.4500000000000002,0.0006274315089056928,3.532123517070453e-05
SmC2_139,1.4500000000000002,1.5,0.0005564810249412645,5.779266804170479e-05
SmC2_139,1.5,1.55,0.0004502154925190473,9.118907722888863e-05
SmC2_139,1.55,1.6,0.0003295278754749815,0.00014036776643440427
SmC2_139,1.6,1.6500000000000001,0.0002470144628420298,0.00021073920299412665
SmC2_139,1.6500000000000001,1.7000000000000002,0.0001374097918235595,0.0003003620806362303
SmC2_139,1.7000000000000002,1.75,5.755143573089281e-05,0.0004160928231550519
SmC2_139,1.75,1.8,1.283582232117071e-05,0.0005130849937561543
SmC2_139,1.8,1.85,1.6809946224008687e-07,0.0006091758101165721
SmC2_139,1.85,1.9000000000000001,0.0,0.0006793536555574507
SmC2_139,1.9000000000000001,1.9500000000000002,0.0,0.0007412043487251255
SmC2_139,1.9500000000000002,2.0,0.0,0.0007469706610538857
SmC2_139,2.0,2.0500000000000003,0.0,0.0007985176073076968
SmC2_139,2.0500000000000003,2.1,0.0,0.000755106483417253
SmC2_139,2.1,2.15,0.0,0.0006602527733236559
SmC2_139,2.15,2.2,0.0,0.0005703807242664872
SmC2_139,2.2,2.25,0.0,0.0005352267063387492
SmC2_139,2.25,2.3000000000000003,0.0,0.00042573255912104575
SmC2_139,2.3000000000000003,2.35,0.0,0.0003580311723824554
SmC2_139,2.35,2.4000000000000004,0.0,0.00030474121162501675
SmC2_139,2.4000000000000004,2.45,0.0,0.0001901638427297473
SmC2_139,2.45,2.5,0.0,0.00010053680699249296
SmC2_139,2.5,2.5500000000000003,0.0,7.044200334961285e-05
SmC2_139,2.5500000000000003,2.6,0.0,2.1144781613342323e-05
SmC2_139,2.6,2.6500000000000004,0.0,0.0
SmC2_139,2.6500000000000004,2.7,0.0,5.043498616451653e-07
SmC2_139,2.7,2.75,0.0,0.0
SmC2_139,2.75,2.8000000000000003,0.0,0.0
SmC2_139,2.8000000000000003,2.85,0.0,0.0
SmC2_139,2.85,2.9000000000000004,0.0,0.0
SmC2_139,2.9000000000000004,2.95,0.0,0.0
SmC2_139,2.95,3.0,0.0,0.0
