id,x_lo,x_hi,abs
NdB2Rh3_191,0.0,0.05,0.0026692080424933437
NdB2Rh3_191,0.05,0.1,0.0141312472175772
NdB2Rh3_191,0.1,0.15000000000000002,0.02783977029333299
NdB2Rh3_191,0.15000000000000002,0.2,0.05830444094161225
NdB2Rh3_191,0.2,0.25,0.08681311918881787
NdB2Rh3_191,0.25,0.30000000000000004,0.09631633636063941
NdB2Rh3_191,0.30000000000000004,0.35000000000000003,0.11532735071931365
NdB2Rh3_191,0.35000000000000003,0.4,0.1105363376045197
NdB2Rh3_191,0.4,0.45,0.10523057558546645
NdB2Rh3_191,0.45,0.5,0.09246468204904922
NdB2Rh3_191,0.5,0.55,0.0694984245352541
NdB2Rh3_191,0.55,0.6000000000000001,0.04888557129781079
NdB2Rh3_191,0.6000000000000001,0.65,0.034026788655333255
NdB2Rh3_191,0.65,0.7000000000000001,0.02203323871122521
NdB2Rh3_191,0.7000000000000001,0.75,0.014955025793977969
NdB2Rh3_191,0.75,0.8,0.013082269904672695
NdB2Rh3_191,0.8,0.8500000000000001,0.012356552656257657
NdB2Rh3_191,0.8500000000000001,0.9,0.0110579805868294
NdB2Rh3_191,0.9,0.9500000000000001,0.01115355135751428
NdB2Rh3_191,0.9500000000000001,1.0,0.011320934832191928
NdB2Rh3_191,1.0,1.05,0.011730792477868129
NdB2Rh3_191,1.05,1.1,0.01075947580018572
NdB2Rh3_191,1.1,1.1500000000000001,0.0075235569482602115
NdB2Rh3_191,1.1500000000000001,1.2000000000000002,0.003907226729594812
NdB2Rh3_191,1.2000000000000002,1.25,0.0017264035350812886
NdB2Rh3_191,1.25,1.3,0.0005548722711979975
NdB2Rh3_191,1.3,1.35,0.000309939312768413
NdB2Rh3_191,1.35,1.4000000000000001,0.0003056820821334624
NdB2Rh3_191,1.4000000000000001,1.4500000000000002,0.00037963817023094085
NdB2Rh3_191,1.4500000000000002,1.5,0.00042201400246962717
NdB2Rh3_191,1.5,1.55,0.00048027765950664844
NdB2Rh3_191,1.55,1.6,0.0005301225350989049
NdB2Rh3_191,1.6,1.6500000000000001,0.0006132549015467575
NdB2Rh3_191,1.6500000000000001,1.7000000000000002,0.0006950620209707449
NdB2Rh3_191,1.7000000000000002,1.75,0.0007810999015234168
NdB2Rh3_191,1.75,1.8,0.0007066392020414468
NdB2Rh3_191,1.8,1.85,0.00038353700530271474
NdB2Rh3_191,1.85,1.9000000000000001,0.00014567340936400488
NdB2Rh3_191,1.9000000000000001,1.9500000000000002,3.635422622679327e-05
NdB2Rh3_191,1.9500000000000002,2.0,3.7330391416409203e-06
NdB2Rh3_191,2.0,2.0500000000000003,1.2384355971674761e-06
NdB2Rh3_191,2.0500000000000003,2.1,0.0
NdB2Rh3_191,2.1,2.15,0.0
NdB2Rh3_191,2.15,2.2,0.0
NdB2Rh3_191,2.2,2.25,0.0
NdB2Rh3_191,2.25,2.3000000000000003,0.0
NdB2Rh3_191,2.3000000000000003,2.35,0.0
NdB2Rh3_191,2.35,2.4000000000000004,0.0
NdB2Rh3_191,2.4000000000000004,2.45,0.0
NdB2Rh3_191,2.45,2.5,0.0
NdB2Rh3_191,2.5,2.5500000000000003,0.0
NdB2Rh3_191,2.5500000000000003,2.6,0.0
NdB2Rh3_191,2.6,2.6500000000000004,0.0
NdB2Rh3_191,2.6500000000000004,2.7,0.0
NdB2Rh3_191,2.7,2.75,0.0
NdB2Rh3_191,2.75,2.8000000000000003,0.0
NdB2Rh3_191,2.8000000000000003,2.85,0.0
NdB2Rh3_191,2.85,2.9000000000000004,0.0
NdB2Rh3_191,2.9000000000000004,2.95,0.0
NdB2Rh3_191,2.95,3.0,0.0
Mn11Pd21_123,0.0,0.05,0.0011260499846750182
Mn11Pd21_123,0.05,0.1,0.008223380620069236
Mn11Pd21_123,0.1,0.15000000000000002,0.021838662089950892
Mn11Pd21_123,0.15000000000000002,0.2,0.03745820104824299
Mn11Pd21_123,0.2,0.25,0.056845972454344494
Mn11Pd21_123,0.25,0.30000000000000004,0.07130255262759472
Mn11Pd21_123,0.30000000000000004,0.35000000000000003,0.08313277216743614
Mn11Pd21_123,0.35000000000000003,0.4,0.09279341780002831
Mn11Pd21_123,0.4,0.45,0.09375109224870964
Mn11Pd21_123,0.45,0.5,0.09086245056110907
Mn11Pd21_123,0.5,0.55,0.0804383969904099
Mn11Pd21_123,0.55,0.6000000000000001,0.0709057123470231
Mn11Pd21_123,0.6000000000000001,0.65,0.055506090445866824
Mn11Pd21_123,0.65,0.7000000000000001,0.04404058090066255
Mn11Pd21_123,0.7000000000000001,0.75,0.0345028326816162
Mn11Pd21_123,0.75,0.8,0.028214229808457898
Mn11Pd21_123,0.8,0.8500000000000001,0.024849864705813123
Mn11Pd21_123,0.8500000000000001,0.9,0.022302396364694405
Mn11Pd21_123,0.9,0.9500000000000001,0.019722366577069057
Mn11Pd21_123,0.9500000000000001,1.0,0.01740089718892128
Mn11Pd21_123,1.0,1.05,0.015222232018895476
Mn11Pd21_123,1.05,1.1,0.011599470694239425
Mn11Pd21_123,1.1,1.1500000000000001,0.008399021793594363
Mn11Pd21_123,1.1500000000000001,1.2000000000000002,0.00507662787668693
Mn11Pd21_123,1.2000000000000002,1.25,0.0026926988663557683
Mn11Pd21_123,1.25,1.3,0.0012081292665922965
Mn11Pd21_123,1.3,1.35,0.00037117586669894054
Mn11Pd21_123,1.35,1.4000000000000001,0.00010852852891043062
Mn11Pd21_123,1.4000000000000001,1.4500000000000002,5.664643620453209e-05
Mn11Pd21_123,1.4500000000000002,1.5,3.738892964374119e-05
Mn11Pd21_123,1.5,1.55,9.602708341263094e-06
Mn11Pd21_123,1.55,1.6,5.574011427297491e-07
Mn11Pd21_123,1.6,1.6500000000000001,0.0
Mn11Pd21_123,1.6500000000000001,1.7000000000000002,0.0
Mn11Pd21_123,1.7000000000000002,1.75,0.0
Mn11Pd21_123,1.75,1.8,0.0
Mn11Pd21_123,1.8,1.85,0.0
Mn11Pd21_123,1.85,1.9000000000000001,0.0
Mn11Pd21_123,1.9000000000000001,1.9500000000000002,0.0
Mn11Pd21_123,1.9500000000000002,2.0,0.0
Mn11Pd21_123,2.0,2.0500000000000003,0.0
Mn11Pd21_123,2.0500000000000003,2.1,0.0
Mn11Pd21_123,2.1,2.15,0.0
Mn11Pd21_123,2.15,2.2,0.0
Mn11Pd21_123,2.2,2.25,0.0
Mn11Pd21_123,2.25,2.3000000000000003,0.0
Mn11Pd21_123,2.3000000000000003,2.35,0.0
Mn11Pd21_123,2.35,2.4000000000000004,0.0
Mn11Pd21_123,2.4000000000000004,2.45,0.0
Mn11Pd21_123,2.45,2.5,0.0
Mn11Pd21_123,2.5,2.5500000000000003,0.0
Mn11Pd21_123,2.5500000000000003,2.6,0.0
Mn11Pd21_123,2.6,2.6500000000000004,0.0
Mn11Pd21_123,2.6500000000000004,2.7,0.0
Mn11Pd21_123,2.7,2.75,0.0
Mn11Pd21_123,2.75,2.8000000000000003,0.0
Mn11Pd21_123,2.8000000000000003,2.85,0.0
Mn11Pd21_123,2.85,2.9000000000000004,0.0
Mn11Pd21_123,2.9000000000000004,2.95,0.0
Mn11Pd21_123,2.95,3.0,0.0
Cs2NaErF6_225,0.0,0.05,0.004486748104625438
Cs2NaErF6_225,0.05,0.1,0.014055219164948063
Cs2NaErF6_225,0.1,0.15000000000000002,0.0381201484932423
Cs2NaErF6_225,0.15000000000000002,0.2,0.057997459111266844
Cs2NaErF6_225,0.2,0.25,0.09542349314720662
Cs2NaErF6_225,0.25,0.30000000000000004,0.13029426166617572
Cs2NaErF6_225,0.30000000000000004,0.35000000000000003,0.11553297145714402
Cs2NaErF6_225,0.35000000000000003,0.4,0.12806476470097142
Cs2NaErF6_225,0.4,0.45,0.1265516488718203
Cs2NaErF6_225,0.45,0.5,0.10290174934009934
Cs2NaErF6_225,0.5,0.55,0.07206562575266524
Cs2NaErF6_225,0.55,0.6000000000000001,0.047850945210556016
Cs2NaErF6_225,0.6000000000000001,0.65,0.02775147750593325
Cs2NaErF6_225,0.65,0.7000000000000001,0.012825387654539519
Cs2NaErF6_225,0.7000000000000001,0.75,0.005547147322105115
Cs2NaErF6_225,0.75,0.8,0.003631275129274131
Cs2NaErF6_225,0.8,0.8500000000000001,0.0026962009548648
Cs2NaErF6_225,0.8500000000000001,0.9,0.0020383089369623675
Cs2NaErF6_225,0.9,0.9500000000000001,0.0015138210955321727
Cs2NaErF6_225,0.9500000000000001,1.0,0.0011273269832939373
Cs2NaErF6_225,1.0,1.05,0.0008917843016497995
Cs2NaErF6_225,1.05,1.1,0.0007480372369204603
Cs2NaErF6_225,1.1,1.1500000000000001,0.0006053275691681944
Cs2NaErF6_225,1.1500000000000001,1.2000000000000002,0.000553475798718151
Cs2NaErF6_225,1.2000000000000002,1.25,0.0005241276620796902
Cs2NaErF6_225,1.25,1.3,0.0005154657263785773
Cs2NaErF6_225,1.3,1.35,0.0005873106915411768
Cs2NaErF6_225,1.35,1.4000000000000001,0.0006033963043289347
Cs2NaErF6_225,1.4000000000000001,1.4500000000000002,0.00047785076418217217
Cs2NaErF6_225,1.4500000000000002,1.5,0.00042169827859648635
Cs2NaErF6_225,1.5,1.55,0.0003572413414135026
Cs2NaErF6_225,1.55,1.6,0.0003222275011563439
Cs2NaErF6_225,1.6,1.6500000000000001,0.0003100083535493368
Cs2NaErF6_225,1.6500000000000001,1.7000000000000002,0.0002584143960443999
Cs2NaErF6_225,1.7000000000000002,1.75,0.00026755318688530445
Cs2NaErF6_225,1.75,1.8,0.0002466474573967924
Cs2NaErF6_225,1.8,1.85,0.00022945035308962147
Cs2NaErF6_225,1.85,1.9000000000000001,0.00021561692004513545
Cs2NaErF6_225,1.9000000000000001,1.9500000000000002,0.00023097495214655905
Cs2NaErF6_225,1.9500000000000002,2.0,0.00019383329789477512
Cs2NaErF6_225,2.0,2.0500000000000003,0.00016753821037589025
Cs2NaErF6_225,2.0500000000000003,2.1,0.00014276095257899783
Cs2NaErF6_225,2.1,2.15,0.00013634477493851366
Cs2NaErF6_225,2.15,2.2,0.00011302349874618092
Cs2NaErF6_225,2.2,2.25,9.252032359868602e-05
Cs2NaErF6_225,2.25,2.3000000000000003,7.886142707463708e-05
Cs2NaErF6_225,2.3000000000000003,2.35,6.599998079189372e-05
Cs2NaErF6_225,2.35,2.4000000000000004,5.121679748549338e-05
Cs2NaErF6_225,2.4000000000000004,2.45,3.7270523945179215e-05
Cs2NaErF6_225,2.45,2.5,2.953320771585029e-05
Cs2NaErF6_225,2.5,2.5500000000000003,1.886658870912979e-05
Cs2NaErF6_225,2.5500000000000003,2.6,1.6363265954206905e-05
Cs2NaErF6_225,2.6,2.6500000000000004,8.362181749151996e-06
Cs2NaErF6_225,2.6500000000000004,2.7,3.492029640081018e-06
Cs2NaErF6_225,2.7,2.75,1.2130947503649612e-06
Cs2NaErF6_225,2.75,2.8000000000000003,2.104455347705717e-07
Cs2NaErF6_225,2.8000000000000003,2.85,0.0
Cs2NaErF6_225,2.85,2.9000000000000004,0.0
Cs2NaErF6_225,2.9000000000000004,2.95,0.0
Cs2NaErF6_225,2.95,3.0,0.0
HoNi2B2C_139,0.0,0.05,0.0020943642349037337
HoNi2B2C_139,0.05,0.1,0.012178755436751367
HoNi2B2C_139,0.1,0.15000000000000002,0.0353707050042729
HoNi2B2C_139,0.15000000000000002,0.2,0.0559018404633265
HoNi2B2C_139,0.2,0.25,0.08611822787227873
HoNi2B2C_139,0.25,0.30000000000000004,0.10390760764557744
HoNi2B2C_139,0.30000000000000004,0.35000000000000003,0.12564313224994267
HoNi2B2C_139,0.35000000000000003,0.4,0.12440599809519746
HoNi2B2C_139,0.4,0.45,0.1200195014557814
HoNi2B2C_139,0.45,0.5,0.10342033401890569
HoNi2B2C_139,0.5,0.55,0.08305781287422093
HoNi2B2C_139,0.55,0.6000000000000001,0.057810496955783185
HoNi2B2C_139,0.6000000000000001,0.65,0.036851305785378076
HoNi2B2C_139,0.65,0.7000000000000001,0.019102129361864853
HoNi2B2C_139,0.7000000000000001,0.75,0.008332734512291577
HoNi2B2C_139,0.75,0.8,0.004039802196505704
HoNi2B2C_139,0.8,0.8500000000000001,0.003051803320985055
HoNi2B2C_139,0.8500000000000001,0.9,0.002605712027563173
HoNi2B2C_139,0.9,0.9500000000000001,0.0022724062332234504
HoNi2B2C_139,0.9500000000000001,1.0,0.002097567854259494
HoNi2B2C_139,1.0,1.05,0.0018082767730139163
HoNi2B2C_139,1.05,1.1,0.0015329498687209114
HoNi2B2C_139,1.1,1.1500000000000001,0.001276180004502129
HoNi2B2C_139,1.1500000000000001,1.2000000000000002,0.0010917790466821334
HoNi2B2C_139,1.2000000000000002,1.25,0.0009614006905026815
HoNi2B2C_139,1.25,1.3,0.0008448667958351842
HoNi2B2C_139,1.3,1.35,0.0007057315351084015
HoNi2B2C_139,1.35,1.4000000000000001,0.0005846994236528544
HoNi2B2C_139,1.4000000000000001,1.4500000000000002,0.0005267933951414404
HoNi2B2C_139,1.4500000000000002,1.5,0.0004758213930768944
HoNi2B2C_139,1.5,1.55,0.00042995683679787123
HoNi2B2C_139,1.55,1.6,0.000436252644358836
HoNi2B2C_139,1.6,1.6500000000000001,0.00035166684957462126
HoNi2B2C_139,1.6500000000000001,1.7000000000000002,0.0002625216060739796
HoNi2B2C_139,1.7000000000000002,1.75,0.00016670534973355652
HoNi2B2C_139,1.75,1.8,0.00011292350476186055
HoNi2B2C_139,1.8,1.85,5.3527715210081085e-05
HoNi2B2C_139,1.85,1.9000000000000001,3.2382735546264965e-05
HoNi2B2C_139,1.9000000000000001,1.9500000000000002,2.2708660014994183e-05
HoNi2B2C_139,1.9500000000000002,2.0,1.5414781945463463e-05
HoNi2B2C_139,2.0,2.0500000000000003,8.718287013004846e-06
HoNi2B2C_139,2.0500000000000003,2.1,7.057622216019801e-06
HoNi2B2C_139,2.1,2.15,4.2311542782951e-06
HoNi2B2C_139,2.15,2.2,2.6051705325709026e-06
HoNi2B2C_139,2.2,2.25,1.3354686152821436e-06
HoNi2B2C_139,2.25,2.3000000000000003,7.742461669103542e-07
HoNi2B2C_139,2.3000000000000003,2.35,4.471078105477191e-07
HoNi2B2C_139,2.35,2.4000000000000004,3.373409892662765e-08
HoNi2B2C_139,2.4000000000000004,2.45,0.0
HoNi2B2C_139,2.45,2.5,0.0
HoNi2B2C_139,2.5,2.5500000000000003,0.0
HoNi2B2C_139,2.5500000000000003,2.6,0.0
HoNi2B2C_139,2.6,2.6500000000000004,0.0
HoNi2B2C_139,2.6500000000000004,2.7,0.0
HoNi2B2C_139,2.7,2.75,0.0
HoNi2B2C_139,2.75,2.8000000000000003,0.0
HoNi2B2C_139,2.8000000000000003,2.85,0.0
HoNi2B2C_139,2.85,2.9000000000000004,0.0
HoNi2B2C_139,2.9000000000000004,2.95,0.0
HoNi2B2C_139,2.95,3.0,0.0
CrPd3_221,0.0,0.05,0.0003006635496215534
CrPd3_221,0.05,0.1,0.007574042906018461
CrPd3_221,0.1,0.15000000000000002,0.018168797419094797
CrPd3_221,0.15000000000000002,0.2,0.039807021508513146
CrPd3_221,0.2,0.25,0.047667422037143345
CrPd3_221,0.25,0.30000000000000004,0.059266228730997225
CrPd3_221,0.30000000000000004,0.35000000000000003,0.08256821048706119
CrPd3_221,0.35000000000000003,0.4,0.08910444238455274
CrPd3_221,0.4,0.45,0.08526956204538173
CrPd3_221,0.45,0.5,0.09790721094101192
CrPd3_221,0.5,0.55,0.07716969048161866
CrPd3_221,0.55,0.6000000000000001,0.07341048373729152
CrPd3_221,0.6000000000000001,0.65,0.0639739354233089
CrPd3_221,0.65,0.7000000000000001,0.04613060258764179
CrPd3_221,0.7000000000000001,0.75,0.04067274251321886
CrPd3_221,0.75,0.8,0.03337531217608593
CrPd3_221,0.8,0.8500000000000001,0.02795700366671921
CrPd3_221,0.8500000000000001,0.9,0.024585952936549017
CrPd3_221,0.9,0.9500000000000001,0.022919137467192558
CrPd3_221,0.9500000000000001,1.0,0.021251856633459392
CrPd3_221,1.0,1.05,0.01824210485692683
CrPd3_221,1.05,1.1,0.012454958957401592
CrPd3_221,1.1,1.1500000000000001,0.006412758012158273
CrPd3_221,1.1500000000000001,1.2000000000000002,0.0026641280609414893
CrPd3_221,1.2000000000000002,1.25,0.0008018614551301688
CrPd3_221,1.25,1.3,0.00024968823273174606
CrPd3_221,1.3,1.35,7.562993566506578e-05
CrPd3_221,1.35,1.4000000000000001,1.5312892763660147e-05
CrPd3_221,1.4000000000000001,1.4500000000000002,3.112452987584578e-06
CrPd3_221,1.4500000000000002,1.5,1.2551081260541177e-07
CrPd3_221,1.5,1.55,0.0
CrPd3_221,1.55,1.6,0.0
CrPd3_221,1.6,1.6500000000000001,0.0
CrPd3_221,1.6500000000000001,1.7000000000000002,0.0
CrPd3_221,1.7000000000000002,1.75,0.0
CrPd3_221,1.75,1.8,0.0
CrPd3_221,1.8,1.85,0.0
CrPd3_221,1.85,1.9000000000000001,0.0
CrPd3_221,1.9000000000000001,1.9500000000000002,0.0
CrPd3_221,1.9500000000000002,2.0,0.0
CrPd3_221,2.0,2.0500000000000003,0.0
CrPd3_221,2.0500000000000003,2.1,0.0
CrPd3_221,2.1,2.15,0.0
CrPd3_221,2.15,2.2,0.0
CrPd3_221,2.2,2.25,0.0
CrPd3_221,2.25,2.3000000000000003,0.0
CrPd3_221,2.3000000000000003,2.35,0.0
CrPd3_221,2.35,2.4000000000000004,0.0
CrPd3_221,2.4000000000000004,2.45,0.0
CrPd3_221,2.45,2.5,0.0
CrPd3_221,2.5,2.5500000000000003,0.0
CrPd3_221,2.5500000000000003,2.6,0.0
CrPd3_221,2.6,2.6500000000000004,0.0
CrPd3_221,2.6500000000000004,2.7,0.0
CrPd3_221,2.7,2.75,0.0
CrPd3_221,2.75,2.8000000000000003,0.0
CrPd3_221,2.8000000000000003,2.85,0.0
CrPd3_221,2.85,2.9000000000000004,0.0
CrPd3_221,2.9000000000000004,2.95,0.0
CrPd3_221,2.95,3.0,0.0
Co_194,0.0,0.05,0.0004212766738281171
Co_194,0.05,0.1,0.010585262327862301
Co_194,0.1,0.15000000000000002,0.021582812230675284
Co_194,0.15000000000000002,0.2,0.043427233814388184
Co_194,0.2,0.25,0.06735480472322312
Co_194,0.25,0.30000000000000004,0.08317486962649893
Co_194,0.30000000000000004,0.35000000000000003,0.10233281510262776
Co_194,0.35000000000000003,0.4,0.10528621488296193
Co_194,0.4,0.45,0.11025419449959316
Co_194,0.45,0.5,0.10990101377035745
Co_194,0.5,0.55,0.08469219793801289
Co_194,0.55,0.6000000000000001,0.07527957563439472
Co_194,0.6000000000000001,0.65,0.05787256300289609
Co_194,0.65,0.7000000000000001,0.03826327061356852
Co_194,0.7000000000000001,0.75,0.024541105418762806
Co_194,0.75,0.8,0.011976101160140465
Co_194,0.8,0.8500000000000001,0.005164307211844116
Co_194,0.8500000000000001,0.9,0.0016815455976017877
Co_194,0.9,0.9500000000000001,0.0039785276357521375
Co_194,0.9500000000000001,1.0,0.007767982049540291
Co_194,1.0,1.05,0.010067828002604329
Co_194,1.05,1.1,0.009807081810053542
Co_194,1.1,1.1500000000000001,0.007402326291443369
Co_194,1.1500000000000001,1.2000000000000002,0.004035074656158554
Co_194,1.2000000000000002,1.25,0.0016323219450679533
Co_194,1.25,1.3,0.0009380013246874194
Co_194,1.3,1.35,0.00044414186741858
Co_194,1.35,1.4000000000000001,0.00010711359802722587
Co_194,1.4000000000000001,1.4500000000000002,2.8436590009179873e-05
Co_194,1.4500000000000002,1.5,0.0
Co_194,1.5,1.55,0.0
Co_194,1.55,1.6,0.0
Co_194,1.6,1.6500000000000001,0.0
Co_194,1.6500000000000001,1.7000000000000002,0.0
Co_194,1.7000000000000002,1.75,0.0
Co_194,1.75,1.8,0.0
Co_194,1.8,1.85,0.0
Co_194,1.85,1.9000000000000001,0.0
Co_194,1.9000000000000001,1.9500000000000002,0.0
Co_194,1.9500000000000002,2.0,0.0
Co_194,2.0,2.0500000000000003,0.0
Co_194,2.0500000000000003,2.1,0.0
Co_194,2.1,2.15,0.0
Co_194,2.15,2.2,0.0
Co_194,2.2,2.25,0.0
Co_194,2.25,2.3000000000000003,0.0
Co_194,2.3000000000000003,2.35,0.0
Co_194,2.35,2.4000000000000004,0.0
Co_194,2.4000000000000004,2.45,0.0
Co_194,2.45,2.5,0.0
Co_194,2.5,2.5500000000000003,0.0
Co_194,2.5500000000000003,2.6,0.0
Co_194,2.6,2.6500000000000004,0.0
Co_194,2.6500000000000004,2.7,0.0
Co_194,2.7,2.75,0.0
Co_194,2.75,2.8000000000000003,0.0
Co_194,2.8000000000000003,2.85,0.0
Co_194,2.85,2.9000000000000004,0.0
Co_194,2.9000000000000004,2.95,0.0
Co_194,2.95,3.0,0.0
Yb2ZnGa_225,0.0,0.05,0.0031070859853361684
Yb2ZnGa_225,0.05,0.1,0.010490860991247221
Yb2ZnGa_225,0.1,0.15000000000000002,0.033094726591313295
Yb2ZnGa_225,0.15000000000000002,0.2,0.051986659460727384
Yb2ZnGa_225,0.2,0.25,0.08818873445120846
Yb2ZnGa_225,0.25,0.30000000000000004,0.09432233993801835
Yb2ZnGa_225,0.30000000000000004,0.35000000000000003,0.11336436301990782
Yb2ZnGa_225,0.35000000000000003,0.4,0.11367075604486482
Yb2ZnGa_225,0.4,0.45,0.09414246572204409
Yb2ZnGa_225,0.45,0.5,0.08648418556631525
Yb2ZnGa_225,0.5,0.55,0.06108034115453476
Yb2ZnGa_225,0.55,0.6000000000000001,0.04739990486329078
Yb2ZnGa_225,0.6000000000000001,0.65,0.027206000673122902
Yb2ZnGa_225,0.65,0.7000000000000001,0.01205251601255299
Yb2ZnGa_225,0.7000000000000001,0.75,0.007649416405420053
Yb2ZnGa_225,0.75,0.8,0.009414376134625601
Yb2ZnGa_225,0.8,0.8500000000000001,0.011645951957235627
Yb2ZnGa_225,0.8500000000000001,0.9,0.020485210020522605
Yb2ZnGa_225,0.9,0.9500000000000001,0.020989679554701223
Yb2ZnGa_225,0.9500000000000001,1.0,0.016296775100094463
Yb2ZnGa_225,1.0,1.05,0.018548402906618373
Yb2ZnGa_225,1.05,1.1,0.017858747000532
Yb2ZnGa_225,1.1,1.1500000000000001,0.013338900854357967
Yb2ZnGa_225,1.1500000000000001,1.2000000000000002,0.009283358999130924
Yb2ZnGa_225,1.2000000000000002,1.25,0.006583883475880408
Yb2ZnGa_225,1.25,1.3,0.0038336406282481507
Yb2ZnGa_225,1.3,1.35,0.0026547418477591176
Yb2ZnGa_225,1.35,1.4000000000000001,0.0020467270586611375
Yb2ZnGa_225,1.4000000000000001,1.4500000000000002,0.0016067155067489443
Yb2ZnGa_225,1.4500000000000002,1.5,0.0008901994710828439
Yb2ZnGa_225,1.5,1.55,0.00026689909967746167
Yb2ZnGa_225,1.55,1.6,1.5433504220240426e-05
Yb2ZnGa_225,1.6,1.6500000000000001,0.0
Yb2ZnGa_225,1.6500000000000001,1.7000000000000002,0.0
Yb2ZnGa_225,1.7000000000000002,1.75,0.0
Yb2ZnGa_225,1.75,1.8,0.0
Yb2ZnGa_225,1.8,1.85,0.0
Yb2ZnGa_225,1.85,1.9000000000000001,0.0
Yb2ZnGa_225,1.9000000000000001,1.9500000000000002,0.0
Yb2ZnGa_225,1.9500000000000002,2.0,0.0
Yb2ZnGa_225,2.0,2.0500000000000003,0.0
Yb2ZnGa_225,2.0500000000000003,2.1,0.0
Yb2ZnGa_225,2.1,2.15,0.0
Yb2ZnGa_225,2.15,2.2,0.0
Yb2ZnGa_225,2.2,2.25,0.0
Yb2ZnGa_225,2.25,2.3000000000000003,0.0
Yb2ZnGa_225,2.3000000000000003,2.35,0.0
Yb2ZnGa_225,2.35,2.4000000000000004,0.0
Yb2ZnGa_225,2.4000000000000004,2.45,0.0
Yb2ZnGa_225,2.45,2.5,0.0
Yb2ZnGa_225,2.5,2.5500000000000003,0.0
Yb2ZnGa_225,2.5500000000000003,2.6,0.0
Yb2ZnGa_225,2.6,2.6500000000000004,0.0
Yb2ZnGa_225,2.6500000000000004,2.7,0.0
Yb2ZnGa_225,2.7,2.75,0.0
Yb2ZnGa_225,2.75,2.8000000000000003,0.0
Yb2ZnGa_225,2.8000000000000003,2.85,0.0
Yb2ZnGa_225,2.85,2.9000000000000004,0.0
Yb2ZnGa_225,2.9000000000000004,2.95,0.0
Yb2ZnGa_225,2.95,3.0,0.0
PuBi_225,0.0,0.05,0.0017472522211199359
PuBi_225,0.05,0.1,0.008598575166880921
PuBi_225,0.1,0.15000000000000002,0.020919987996646676
PuBi_225,0.15000000000000002,0.2,0.03977254399739385
PuBi_225,0.2,0.25,0.05950903388323391
PuBi_225,0.25,0.30000000000000004,0.07499889004810031
PuBi_225,0.30000000000000004,0.35000000000000003,0.08584259612956083
PuBi_225,0.35000000000000003,0.4,0.08967345277572134
PuBi_225,0.4,0.45,0.08752216630773285
PuBi_225,0.45,0.5,0.09238422948824006
PuBi_225,0.5,0.55,0.08272326378094398
PuBi_225,0.55,0.6000000000000001,0.07135945887842074
PuBi_225,0.6000000000000001,0.65,0.05951408192056565
PuBi_225,0.65,0.7000000000000001,0.04656834462028542
PuBi_225,0.7000000000000001,0.75,0.035862942619989416
PuBi_225,0.75,0.8,0.02777426753280114
PuBi_225,0.8,0.8500000000000001,0.02241726136257947
PuBi_225,0.8500000000000001,0.9,0.018857373558107255
PuBi_225,0.9,0.9500000000000001,0.015404104168497886
PuBi_225,0.9500000000000001,1.0,0.012239214418328724
PuBi_225,1.0,1.05,0.010111966902736287
PuBi_225,1.05,1.1,0.007916874632519062
PuBi_225,1.1,1.1500000000000001,0.0058691226721057236
PuBi_225,1.1500000000000001,1.2000000000000002,0.004822905388932703
PuBi_225,1.2000000000000002,1.25,0.003943473381549723
PuBi_225,1.25,1.3,0.0032683055060251246
PuBi_225,1.3,1.35,0.002890733004056944
PuBi_225,1.35,1.4000000000000001,0.0021981686438195904
PuBi_225,1.4000000000000001,1.4500000000000002,0.0017980276770789474
PuBi_225,1.4500000000000002,1.5,0.0012435625528410968
PuBi_225,1.5,1.55,0.0009458337935626739
PuBi_225,1.55,1.6,0.0005596922101694791
PuBi_225,1.6,1.6500000000000001,0.000382265345541869
PuBi_225,1.6500000000000001,1.7000000000000002,0.0001931332905808665
PuBi_225,1.7000000000000002,1.75,0.00011872035353070257
PuBi_225,1.75,1.8,3.240801812672234e-05
PuBi_225,1.8,1.85,1.4463321837734292e-05
PuBi_225,1.85,1.9000000000000001,1.3024298338383133e-06
PuBi_225,1.9000000000000001,1.9500000000000002,0.0
PuBi_225,1.9500000000000002,2.0,0.0
PuBi_225,2.0,2.0500000000000003,0.0
PuBi_225,2.0500000000000003,2.1,0.0
PuBi_225,2.1,2.15,0.0
PuBi_225,2.15,2.2,0.0
PuBi_225,2.2,2.25,0.0
PuBi_225,2.25,2.3000000000000003,0.0
PuBi_225,2.3000000000000003,2.35,0.0
PuBi_225,2.35,2.4000000000000004,0.0
PuBi_225,2.4000000000000004,2.45,0.0
PuBi_225,2.45,2.5,0.0
PuBi_225,2.5,2.5500000000000003,0.0
PuBi_225,2.5500000000000003,2.6,0.0
PuBi_225,2.6,2.6500000000000004,0.0
PuBi_225,2.6500000000000004,2.7,0.0
PuBi_225,2.7,2.75,0.0
PuBi_225,2.75,2.8000000000000003,0.0
PuBi_225,2.8000000000000003,2.85,0.0
PuBi_225,2.85,2.9000000000000004,0.0
PuBi_225,2.9000000000000004,2.95,0.0
PuBi_225,2.95,3.0,0.0
NaSmS2_166,0.0,0.05,0.002413535971145435
NaSmS2_166,0.05,0.1,0.012949523179746908
NaSmS2_166,0.1,0.15000000000000002,0.03107585959066918
NaSmS2_166,0.15000000000000002,0.2,0.058993986844740644
NaSmS2_166,0.2,0.25,0.07944702693914589
NaSmS2_166,0.25,0.30000000000000004,0.10374629438703471
NaSmS2_166,0.30000000000000004,0.35000000000000003,0.11237563767217265
NaSmS2_166,0.35000000000000003,0.4,0.11708633476806414
NaSmS2_166,0.4,0.45,0.10876912682624673
NaSmS2_166,0.45,0.5,0.09088767131096957
NaSmS2_166,0.5,0.55,0.07383272691825435
NaSmS2_166,0.55,0.6000000000000001,0.052904218594774
NaSmS2_166,0.6000000000000001,0.65,0.03372546800240278
NaSmS2_166,0.65,0.7000000000000001,0.02074634167724267
NaSmS2_166,0.7000000000000001,0.75,0.013929907229730585
NaSmS2_166,0.75,0.8,0.011546690995867413
NaSmS2_166,0.8,0.8500000000000001,0.010503981633896167
NaSmS2_166,0.8500000000000001,0.9,0.00964077889255974
NaSmS2_166,0.9,0.9500000000000001,0.008565960005519542
NaSmS2_166,0.9500000000000001,1.0,0.007240602744603952
NaSmS2_166,1.0,1.05,0.00603016933966824
NaSmS2_166,1.05,1.1,0.005072150364534659
NaSmS2_166,1.1,1.1500000000000001,0.004293164312715305
NaSmS2_166,1.1500000000000001,1.2000000000000002,0.003618148295937997
NaSmS2_166,1.2000000000000002,1.25,0.0031920778192203784
NaSmS2_166,1.25,1.3,0.0027799482473292608
NaSmS2_166,1.3,1.35,0.0023926539583803566
NaSmS2_166,1.35,1.4000000000000001,0.002211881530780658
NaSmS2_166,1.4000000000000001,1.4500000000000002,0.0019066561882399346
NaSmS2_166,1.4500000000000002,1.5,0.0015775862233133732
NaSmS2_166,1.5,1.55,0.0012571862619914947
NaSmS2_166,1.55,1.6,0.0010105096372520811
NaSmS2_166,1.6,1.6500000000000001,0.0008393508415351594
NaSmS2_166,1.6500000000000001,1.7000000000000002,0.000703673964934183
NaSmS2_166,1.7000000000000002,1.75,0.0005896613913245973
NaSmS2_166,1.75,1.8,0.0004968544527518375
NaSmS2_166,1.8,1.85,0.0003987686288288731
NaSmS2_166,1.85,1.9000000000000001,0.0003451116546223433
NaSmS2_166,1.9000000000000001,1.9500000000000002,0.00027115374787528573
NaSmS2_166,1.9500000000000002,2.0,0.00019897347866270224
NaSmS2_166,2.0,2.0500000000000003,0.00014108475460619291
NaSmS2_166,2.0500000000000003,2.1,0.00010074978405590926
NaSmS2_166,2.1,2.15,6.643756801342861e-05
NaSmS2_166,2.15,2.2,5.397638027119283e-05
NaSmS2_166,2.2,2.25,3.684654717595645e-05
NaSmS2_166,2.25,2.3000000000000003,2.100434105734722e-05
NaSmS2_166,2.3000000000000003,2.35,1.0103698179948703e-05
NaSmS2_166,2.35,2.4000000000000004,2.2749960586189525e-06
NaSmS2_166,2.4000000000000004,2.45,1.674058963452334e-07
NaSmS2_166,2.45,2.5,0.0
NaSmS2_166,2.5,2.5500000000000003,0.0
NaSmS2_166,2.5500000000000003,2.6,0.0
NaSmS2_166,2.6,2.6500000000000004,0.0
NaSmS2_166,2.6500000000000004,2.7,0.0
NaSmS2_166,2.7,2.75,0.0
NaSmS2_166,2.75,2.8000000000000003,0.0
NaSmS2_166,2.8000000000000003,2.85,0.0
NaSmS2_166,2.85,2.9000000000000004,0.0
NaSmS2_166,2.9000000000000004,2.95,0.0
NaSmS2_166,2.95,3.0,0.0
DyNi5_191,0.0,0.05,0.0010718885075001099
DyNi5_191,0.05,0.1,0.010477977241933409
DyNi5_191,0.1,0.15000000000000002,0.025720429441309818
DyNi5_191,0.15000000000000002,0.2,0.04840822294518122
DyNi5_191,0.2,0.25,0.06518805964109979
DyNi5_191,0.25,0.30000000000000004,0.09118117281041714
DyNi5_191,0.30000000000000004,0.35000000000000003,0.09678683852806637
DyNi5_191,0.35000000000000003,0.4,0.1126912876412443
DyNi5_191,0.4,0.45,0.11666261415533159
DyNi5_191,0.45,0.5,0.10795068102665335
DyNi5_191,0.5,0.55,0.09458834928824592
DyNi5_191,0.55,0.6000000000000001,0.07224034604742
DyNi5_191,0.6000000000000001,0.65,0.0488380523102255
DyNi5_191,0.65,0.7000000000000001,0.029758094442020645
DyNi5_191,0.7000000000000001,0.75,0.01632754876364513
DyNi5_191,0.75,0.8,0.009043227045587575
DyNi5_191,0.8,0.8500000000000001,0.00592080122696022
DyNi5_191,0.8500000000000001,0.9,0.004746604630489202
DyNi5_191,0.9,0.9500000000000001,0.005940752535158336
DyNi5_191,0.9500000000000001,1.0,0.006866190198081239
DyNi5_191,1.0,1.05,0.0072352101570412755
DyNi5_191,1.05,1.1,0.006383178742479398
DyNi5_191,1.1,1.1500000000000001,0.0049317533285451265
DyNi5_191,1.1500000000000001,1.2000000000000002,0.003894485509946012
DyNi5_191,1.2000000000000002,1.25,0.003063167806714981
DyNi5_191,1.25,1.3,0.0023188986175716342
DyNi5_191,1.3,1.35,0.0011629404847653285
DyNi5_191,1.35,1.4000000000000001,0.00035873646727098554
DyNi5_191,1.4000000000000001,1.4500000000000002,0.0001435145788206838
DyNi5_191,1.4500000000000002,1.5,7.081938746147534e-05
DyNi5_191,1.5,1.55,1.7242423309534227e-05
DyNi5_191,1.55,1.6,5.142499391092804e-06
DyNi5_191,1.6,1.6500000000000001,5.771570110517611e-06
DyNi5_191,1.6500000000000001,1.7000000000000002,0.0
DyNi5_191,1.7000000000000002,1.75,0.0
DyNi5_191,1.75,1.8,0.0
DyNi5_191,1.8,1.85,0.0
DyNi5_191,1.85,1.9000000000000001,0.0
DyNi5_191,1.9000000000000001,1.9500000000000002,0.0
DyNi5_191,1.9500000000000002,2.0,0.0
DyNi5_191,2.0,2.0500000000000003,0.0
DyNi5_191,2.0500000000000003,2.1,0.0
DyNi5_191,2.1,2.15,0.0
DyNi5_191,2.15,2.2,0.0
DyNi5_191,2.2,2.25,0.0
DyNi5_191,2.25,2.3000000000000003,0.0
DyNi5_191,2.3000000000000003,2.35,0.0
DyNi5_191,2.35,2.4000000000000004,0.0
DyNi5_191,2.4000000000000004,2.45,0.0
DyNi5_191,2.45,2.5,0.0
DyNi5_191,2.5,2.5500000000000003,0.0
DyNi5_191,2.5500000000000003,2.6,0.0
DyNi5_191,2.6,2.6500000000000004,0.0
DyNi5_191,2.6500000000000004,2.7,0.0
DyNi5_191,2.7,2.75,0.0
DyNi5_191,2.75,2.8000000000000003,0.0
DyNi5_191,2.8000000000000003,2.85,0.0
DyNi5_191,2.85,2.9000000000000004,0.0
DyNi5_191,2.9000000000000004,2.95,0.0
DyNi5_191,2.95,3.0,0.0
ErAgSn_186,0.0,0.05,0.0004751785506907922
ErAgSn_186,0.05,0.1,0.010589412967312426
ErAgSn_186,0.1,0.15000000000000002,0.020758994562273952
ErAgSn_186,0.15000000000000002,0.2,0.034797726303828526
ErAgSn_186,0.2,0.25,0.05542683872652076
ErAgSn_186,0.25,0.30000000000000004,0.0648480812094167
ErAgSn_186,0.30000000000000004,0.35000000000000003,0.09096673902574111
ErAgSn_186,0.35000000000000003,0.4,0.09609090374587459
ErAgSn_186,0.4,0.45,0.10975358714301404
ErAgSn_186,0.45,0.5,0.11602101572003899
ErAgSn_186,0.5,0.55,0.09667959263912408
ErAgSn_186,0.55,0.6000000000000001,0.07790653843347019
ErAgSn_186,0.6000000000000001,0.65,0.05312716877696412
ErAgSn_186,0.65,0.7000000000000001,0.034452055495125915
ErAgSn_186,0.7000000000000001,0.75,0.020690336636014772
ErAgSn_186,0.75,0.8,0.015598704202813195
ErAgSn_186,0.8,0.8500000000000001,0.013690490353088655
ErAgSn_186,0.8500000000000001,0.9,0.012494562498407982
ErAgSn_186,0.9,0.9500000000000001,0.011892875908292955
ErAgSn_186,0.9500000000000001,1.0,0.011405393999248984
ErAgSn_186,1.0,1.05,0.010112615595721283
ErAgSn_186,1.05,1.1,0.008643263479444097
ErAgSn_186,1.1,1.1500000000000001,0.007696904129739938
ErAgSn_186,1.1500000000000001,1.2000000000000002,0.007137572701162152
ErAgSn_186,1.2000000000000002,1.25,0.005810698550384146
ErAgSn_186,1.25,1.3,0.004022984801602105
ErAgSn_186,1.3,1.35,0.0033604772076466912
ErAgSn_186,1.35,1.4000000000000001,0.00251329913932357
ErAgSn_186,1.4000000000000001,1.4500000000000002,0.0012252436562639384
ErAgSn_186,1.4500000000000002,1.5,0.0005606573555520997
ErAgSn_186,1.5,1.55,0.0004521951167391719
ErAgSn_186,1.55,1.6,0.000395909709505285
ErAgSn_186,1.6,1.6500000000000001,0.00023142637893166238
ErAgSn_186,1.6500000000000001,1.7000000000000002,0.00010450016870692528
ErAgSn_186,1.7000000000000002,1.75,6.074181105186246e-05
ErAgSn_186,1.75,1.8,5.313300962463483e-06
ErAgSn_186,1.8,1.85,0.0
ErAgSn_186,1.85,1.9000000000000001,0.0
ErAgSn_186,1.9000000000000001,1.9500000000000002,0.0
ErAgSn_186,1.9500000000000002,2.0,0.0
ErAgSn_186,2.0,2.0500000000000003,0.0
ErAgSn_186,2.0500000000000003,2.1,0.0
ErAgSn_186,2.1,2.15,0.0
ErAgSn_186,2.15,2.2,0.0
ErAgSn_186,2.2,2.25,0.0
ErAgSn_186,2.25,2.3000000000000003,0.0
ErAgSn_186,2.3000000000000003,2.35,0.0
ErAgSn_186,2.35,2.4000000000000004,0.0
ErAgSn_186,2.4000000000000004,2.45,0.0
ErAgSn_186,2.45,2.5,0.0
ErAgSn_186,2.5,2.5500000000000003,0.0
ErAgSn_186,2.5500000000000003,2.6,0.0
ErAgSn_186,2.6,2.6500000000000004,0.0
ErAgSn_186,2.6500000000000004,2.7,0.0
ErAgSn_186,2.7,2.75,0.0
ErAgSn_186,2.75,2.8000000000000003,0.0
ErAgSn_186,2.8000000000000003,2.85,0.0
ErAgSn_186,2.85,2.9000000000000004,0.0
ErAgSn_186,2.9000000000000004,2.95,0.0
ErAgSn_186,2.95,3.0,0.0
CaNdZn2_225,0.0,0.05,0.0028617096118356967
CaNdZn2_225,0.05,0.1,0.013999184749416397
CaNdZn2_225,0.1,0.15000000000000002,0.029036874816990126
CaNdZn2_225,0.15000000000000002,0.2,0.06320228564615839
CaNdZn2_225,0.2,0.25,0.07472815626307502
CaNdZn2_225,0.25,0.30000000000000004,0.11516323143798202
CaNdZn2_225,0.30000000000000004,0.35000000000000003,0.11036657203636487
CaNdZn2_225,0.35000000000000003,0.4,0.11496261975806922
CaNdZn2_225,0.4,0.45,0.10744994736895411
CaNdZn2_225,0.45,0.5,0.0854977625588484
CaNdZn2_225,0.5,0.55,0.06970633764916848
CaNdZn2_225,0.55,0.6000000000000001,0.048281699092239234
CaNdZn2_225,0.6000000000000001,0.65,0.029226954285278193
CaNdZn2_225,0.65,0.7000000000000001,0.019784883919224724
CaNdZn2_225,0.7000000000000001,0.75,0.013173814340186938
CaNdZn2_225,0.75,0.8,0.011392098915255389
CaNdZn2_225,0.8,0.8500000000000001,0.011061794401681068
CaNdZn2_225,0.8500000000000001,0.9,0.00974025018402628
CaNdZn2_225,0.9,0.9500000000000001,0.008984549368960157
CaNdZn2_225,0.9500000000000001,1.0,0.008740396334298397
CaNdZn2_225,1.0,1.05,0.008333448868952785
CaNdZn2_225,1.05,1.1,0.00799864616645445
CaNdZn2_225,1.1,1.1500000000000001,0.007314577313607216
CaNdZn2_225,1.1500000000000001,1.2000000000000002,0.006243887794542079
CaNdZn2_225,1.2000000000000002,1.25,0.00526872125167662
CaNdZn2_225,1.25,1.3,0.004190341737346138
CaNdZn2_225,1.3,1.35,0.0033270647696910637
CaNdZn2_225,1.35,1.4000000000000001,0.002789130403809063
CaNdZn2_225,1.4000000000000001,1.4500000000000002,0.0024202393507923364
CaNdZn2_225,1.4500000000000002,1.5,0.0021807239146754264
CaNdZn2_225,1.5,1.55,0.0015717318632230567
CaNdZn2_225,1.55,1.6,0.0007832868186242076
CaNdZn2_225,1.6,1.6500000000000001,0.00020424780051220238
CaNdZn2_225,1.6500000000000001,1.7000000000000002,1.2829208080251709e-05
CaNdZn2_225,1.7000000000000002,1.75,0.0
CaNdZn2_225,1.75,1.8,0.0
CaNdZn2_225,1.8,1.85,0.0
CaNdZn2_225,1.85,1.9000000000000001,0.0
CaNdZn2_225,1.9000000000000001,1.9500000000000002,0.0
CaNdZn2_225,1.9500000000000002,2.0,0.0
CaNdZn2_225,2.0,2.0500000000000003,0.0
CaNdZn2_225,2.0500000000000003,2.1,0.0
CaNdZn2_225,2.1,2.15,0.0
CaNdZn2_225,2.15,2.2,0.0
CaNdZn2_225,2.2,2.25,0.0
CaNdZn2_225,2.25,2.3000000000000003,0.0
CaNdZn2_225,2.3000000000000003,2.35,0.0
CaNdZn2_225,2.35,2.4000000000000004,0.0
CaNdZn2_225,2.4000000000000004,2.45,0.0
CaNdZn2_225,2.45,2.5,0.0
CaNdZn2_225,2.5,2.5500000000000003,0.0
CaNdZn2_225,2.5500000000000003,2.6,0.0
CaNdZn2_225,2.6,2.6500000000000004,0.0
CaNdZn2_225,2.6500000000000004,2.7,0.0
CaNdZn2_225,2.7,2.75,0.0
CaNdZn2_225,2.75,2.8000000000000003,0.0
CaNdZn2_225,2.8000000000000003,2.85,0.0
CaNdZn2_225,2.85,2.9000000000000004,0.0
CaNdZn2_225,2.9000000000000004,2.95,0.0
CaNdZn2_225,2.95,3.0,0.0
PrI3_194,0.0,0.05,0.002675371952714335
PrI3_194,0.05,0.1,0.010955596523812958
PrI3_194,0.1,0.15000000000000002,0.02814484367210484
PrI3_194,0.15000000000000002,0.2,0.05011355409596178
PrI3_194,0.2,0.25,0.07417301154437611
PrI3_194,0.25,0.30000000000000004,0.09846926037029317
PrI3_194,0.30000000000000004,0.35000000000000003,0.09916718985022575
PrI3_194,0.35000000000000003,0.4,0.10285233364239726
PrI3_194,0.4,0.45,0.10477318585879401
PrI3_194,0.45,0.5,0.08604720289037149
PrI3_194,0.5,0.55,0.075300252279076
PrI3_194,0.55,0.6000000000000001,0.053204754820566615
PrI3_194,0.6000000000000001,0.65,0.03891559290502347
PrI3_194,0.65,0.7000000000000001,0.02939233157068701
PrI3_194,0.7000000000000001,0.75,0.020362090280556383
PrI3_194,0.75,0.8,0.016357657448458303
PrI3_194,0.8,0.8500000000000001,0.015040527162850283
PrI3_194,0.8500000000000001,0.9,0.013243145647145302
PrI3_194,0.9,0.9500000000000001,0.011672571578270537
PrI3_194,0.9500000000000001,1.0,0.00997228503972986
PrI3_194,1.0,1.05,0.008844837128740487
PrI3_194,1.05,1.1,0.007858913973593465
PrI3_194,1.1,1.1500000000000001,0.00655182196829078
PrI3_194,1.1500000000000001,1.2000000000000002,0.005664754586111132
PrI3_194,1.2000000000000002,1.25,0.004907820740189083
PrI3_194,1.25,1.3,0.004428764730280935
PrI3_194,1.3,1.35,0.003908533146856649
PrI3_194,1.35,1.4000000000000001,0.003227082197810981
PrI3_194,1.4000000000000001,1.4500000000000002,0.0026415235748151536
PrI3_194,1.4500000000000002,1.5,0.0020687538047453684
PrI3_194,1.5,1.55,0.0017061130153182202
PrI3_194,1.55,1.6,0.0014543204668100583
PrI3_194,1.6,1.6500000000000001,0.0012095413784679466
PrI3_194,1.6500000000000001,1.7000000000000002,0.0010385183124710091
PrI3_194,1.7000000000000002,1.75,0.0007946797338049922
PrI3_194,1.75,1.8,0.0005889946597415576
PrI3_194,1.8,1.85,0.0004908444767355915
PrI3_194,1.85,1.9000000000000001,0.0004189974341849767
PrI3_194,1.9000000000000001,1.9500000000000002,0.0003235192057873664
PrI3_194,1.9500000000000002,2.0,0.00024585066543859397
PrI3_194,2.0,2.0500000000000003,0.00018568715668738258
PrI3_194,2.0500000000000003,2.1,0.00013721252415966419
PrI3_194,2.1,2.15,0.0001059212400525139
PrI3_194,2.15,2.2,8.440063686635083e-05
PrI3_194,2.2,2.25,6.785481601915759e-05
PrI3_194,2.25,2.3000000000000003,5.616114879479845e-05
PrI3_194,2.3000000000000003,2.35,4.229189798216316e-05
PrI3_194,2.35,2.4000000000000004,3.3116740189406986e-05
PrI3_194,2.4000000000000004,2.45,2.2830229879904483e-05
PrI3_194,2.45,2.5,1.5020590473978464e-05
PrI3_194,2.5,2.5500000000000003,9.456917158545016e-06
PrI3_194,2.5500000000000003,2.6,6.824626622562508e-06
PrI3_194,2.6,2.6500000000000004,5.674475730559128e-06
PrI3_194,2.6500000000000004,2.7,4.291092667957697e-06
PrI3_194,2.7,2.75,3.4805545075179768e-06
PrI3_194,2.75,2.8000000000000003,2.871531857557281e-06
PrI3_194,2.8000000000000003,2.85,2.2779901469018212e-06
PrI3_194,2.85,2.9000000000000004,1.7753089644157933e-06
PrI3_194,2.9000000000000004,2.95,1.5329827993528364e-06
PrI3_194,2.95,3.0,1.1734630798709562e-06
YAl_63,0.0,0.05,7.133969741132283e-05
YAl_63,0.05,0.1,0.0014231482029147065
YAl_63,0.1,0.15000000000000002,0.0029429827960318097
YAl_63,0.15000000000000002,0.2,0.005457408235594133
YAl_63,0.2,0.25,0.00750767370995204
YAl_63,0.25,0.30000000000000004,0.010202962202904176
YAl_63,0.30000000000000004,0.35000000000000003,0.011816955416049177
YAl_63,0.35000000000000003,0.4,0.013821454214364762
YAl_63,0.4,0.45,0.015770676745030937
YAl_63,0.45,0.5,0.018371883164464198
YAl_63,0.5,0.55,0.02080556739703884
YAl_63,0.55,0.6000000000000001,0.023738520679300316
YAl_63,0.6000000000000001,0.65,0.02638321910167983
YAl_63,0.65,0.7000000000000001,0.02832729776469131
YAl_63,0.7000000000000001,0.75,0.030889636415971474
YAl_63,0.75,0.8,0.03322313176845378
YAl_63,0.8,0.8500000000000001,0.035776273900144914
YAl_63,0.8500000000000001,0.9,0.039636639019870905
YAl_63,0.9,0.9500000000000001,0.04380720967385404
YAl_63,0.9500000000000001,1.0,0.047689726668937796
YAl_63,1.0,1.05,0.0537871913657251
YAl_63,1.05,1.1,0.05722963419849955
YAl_63,1.1,1.1500000000000001,0.06209570789442305
YAl_63,1.1500000000000001,1.2000000000000002,0.06340192864891928
YAl_63,1.2000000000000002,1.25,0.06634235352491562
YAl_63,1.25,1.3,0.060320604459182504
YAl_63,1.3,1.35,0.04623872733903883
YAl_63,1.35,1.4000000000000001,0.03355760148657335
YAl_63,1.4000000000000001,1.4500000000000002,0.023906885426094236
YAl_63,1.4500000000000002,1.5,0.01610515101182784
YAl_63,1.5,1.55,0.012120911954086731
YAl_63,1.55,1.6,0.010327236581963758
YAl_63,1.6,1.6500000000000001,0.01016989902314494
YAl_63,1.6500000000000001,1.7000000000000002,0.010719100070212623
YAl_63,1.7000000000000002,1.75,0.0108045161438961
YAl_63,1.75,1.8,0.010299466985176793
YAl_63,1.8,1.85,0.009307037768754866
YAl_63,1.85,1.9000000000000001,0.008226741477700413
YAl_63,1.9000000000000001,1.9500000000000002,0.006502806829218969
YAl_63,1.9500000000000002,2.0,0.004558928093410074
YAl_63,2.0,2.0500000000000003,0.002780392875064634
YAl_63,2.0500000000000003,2.1,0.001681974525461206
YAl_63,2.1,2.15,0.0010161026528556247
YAl_63,2.15,2.2,0.0005482289159467401
YAl_63,2.2,2.25,0.00022704435198164178
YAl_63,2.25,2.3000000000000003,6.0119621266546236e-05
YAl_63,2.3000000000000003,2.35,0.0
YAl_63,2.35,2.4000000000000004,0.0
YAl_63,2.4000000000000004,2.45,0.0
YAl_63,2.45,2.5,0.0
YAl_63,2.5,2.5500000000000003,0.0
YAl_63,2.5500000000000003,2.6,0.0
YAl_63,2.6,2.6500000000000004,0.0
YAl_63,2.6500000000000004,2.7,0.0
YAl_63,2.7,2.75,0.0
YAl_63,2.75,2.8000000000000003,0.0
YAl_63,2.8000000000000003,2.85,0.0
YAl_63,2.85,2.9000000000000004,0.0
YAl_63,2.9000000000000004,2.95,0.0
YAl_63,2.95,3.0,0.0
SmC2_139,0.0,0.05,0.003544910009416892
SmC2_139,0.05,0.1,0.011086769341539359
SmC2_139,0.1,0.15000000000000002,0.03275092103901623
SmC2_139,0.15000000000000002,0.2,0.06075461422604022
SmC2_139,0.2,0.25,0.08260125863666051
SmC2_139,0.25,0.30000000000000004,0.10538599659344738
SmC2_139,0.30000000000000004,0.35000000000000003,0.11648954851984698
SmC2_139,0.35000000000000003,0.4,0.1239384276383992
SmC2_139,0.4,0.45,0.10915711284020921
SmC2_139,0.45,0.5,0.09455016217186092
SmC2_139,0.5,0.55,0.07480604926199497
SmC2_139,0.55,0.6000000000000001,0.051605909606907106
SmC2_139,0.6000000000000001,0.65,0.03282370774555592
SmC2_139,0.65,0.7000000000000001,0.018822082671207
SmC2_139,0.7000000000000001,0.75,0.011300798649198416
SmC2_139,0.75,0.8,0.008931275244324008
SmC2_139,0.8,0.8500000000000001,0.007872440471692143
SmC2_139,0.8500000000000001,0.9,0.006695661599953387
SmC2_139,0.9,0.9500000000000001,0.005582875637252591
SmC2_139,0.9500000000000001,1.0,0.004005239637534623
SmC2_139,1.0,1.05,0.002828573229935287
SmC2_139,1.05,1.1,0.002045767150547705
SmC2_139,1.1,1.1500000000000001,0.0014172116626191605
SmC2_139,1.1500000000000001,1.2000000000000002,0.0010048847120950756
SmC2_139,1.2000000000000002,1.25,0.0008194549623105025
SmC2_139,1.25,1.3,0.0006937165800649734
SmC2_139,1.3,1.35,0.0006992926900462585
SmC2_139,1.35,1.4000000000000001,0.0008268201832047855
SmC2_139,1.4000000000000001,1.4500000000000002,0.0009631807572154819
SmC2_139,1.4500000000000002,1.5,0.0011726725923527038
SmC2_139,1.5,1.55,0.0013637818275678514
SmC2_139,1.55,1.6,0.0015614078579345738
SmC2_139,1.6,1.6500000000000001,0.0017733786511863838
SmC2_139,1.6500000000000001,1.7000000000000002,0.0019267199230743003
SmC2_139,1.7000000000000002,1.75,0.002059318287842021
SmC2_139,1.75,1.8,0.001957534466580677
SmC2_139,1.8,1.85,0.0018649201712093574
SmC2_139,1.85,1.9000000000000001,0.001727558685799548
SmC2_139,1.9000000000000001,1.9500000000000002,0.0016728646689866517
SmC2_139,1.9500000000000002,2.0,0.0015395678303783272
SmC2_139,2.0,2.0500000000000003,0.0015213617174600817
SmC2_139,2.0500000000000003,2.1,0.00134026562613811
SmC2_139,2.1,2.15,0.001059422867739081
SmC2_139,2.15,2.2,0.0008383233765175982
SmC2_139,2.2,2.25,0.0007442776552368976
SmC2_139,2.25,2.3000000000000003,0.0005715568961459221
SmC2_139,2.3000000000000003,2.35,0.00046552657596280264
SmC2_139,2.35,2.4000000000000004,0.00038090207575475405
SmC2_139,2.4000000000000004,2.45,0.00022913261169590847
SmC2_139,2.45,2.5,0.00011897922647832112
SmC2_139,2.5,2.5500000000000003,8.125398678261981e-05
SmC2_139,2.5500000000000003,2.6,2.4040836464453448e-05
SmC2_139,2.6,2.6500000000000004,0.0
SmC2_139,2.6500000000000004,2.7,5.681146150052703e-07
SmC2_139,2.7,2.75,0.0
SmC2_139,2.75,2.8000000000000003,0.0
SmC2_139,2.8000000000000003,2.85,0.0
SmC2_139,2.85,2.9000000000000004,0.0
SmC2_139,2.9000000000000004,2.95,0.0
SmC2_139,2.95,3.0,0.0
Fe3Co_123,0.0,0.05,0.0012482778222872258
Fe3Co_123,0.05,0.1,0.010514916469817906
Fe3Co_123,0.1,0.15000000000000002,0.0236514498660638
Fe3Co_123,0.15000000000000002,0.2,0.0454375523141944
Fe3Co_123,0.2,0.25,0.07227450228325441
Fe3Co_123,0.25,0.30000000000000004,0.08819597828971174
Fe3Co_123,0.30000000000000004,0.35000000000000003,0.09275289781804147
Fe3Co_123,0.35000000000000003,0.4,0.10229083283000047
Fe3Co_123,0.4,0.45,0.1140354123246462
Fe3Co_123,0.45,0.5,0.10043395783922812
Fe3Co_123,0.5,0.55,0.08443447839449005
Fe3Co_123,0.55,0.6000000000000001,0.07479458995940916
Fe3Co_123,0.6000000000000001,0.65,0.055022870901461025
Fe3Co_123,0.65,0.7000000000000001,0.03755361539656924
Fe3Co_123,0.7000000000000001,0.75,0.02633726497001817
Fe3Co_123,0.75,0.8,0.017830968795614993
Fe3Co_123,0.8,0.8500000000000001,0.011965585442583762
Fe3Co_123,0.8500000000000001,0.9,0.0081541906975856
Fe3Co_123,0.9,0.9500000000000001,0.0047782623509943795
Fe3Co_123,0.9500000000000001,1.0,0.002985017505645211
Fe3Co_123,1.0,1.05,0.003938831516641254
Fe3Co_123,1.05,1.1,0.005724020133730431
Fe3Co_123,1.1,1.1500000000000001,0.0066055371486429685
Fe3Co_123,1.1500000000000001,1.2000000000000002,0.005552514210793731
Fe3Co_123,1.2000000000000002,1.25,0.003033866897367611
Fe3Co_123,1.25,1.3,0.00044701777435513586
Fe3Co_123,1.3,1.35,5.590046850746401e-06
Fe3Co_123,1.35,1.4000000000000001,0.0
Fe3Co_123,1.4000000000000001,1.4500000000000002,0.0
Fe3Co_123,1.4500000000000002,1.5,0.0
Fe3Co_123,1.5,1.55,0.0
Fe3Co_123,1.55,1.6,0.0
Fe3Co_123,1.6,1.6500000000000001,0.0
Fe3Co_123,1.6500000000000001,1.7000000000000002,0.0
Fe3Co_123,1.7000000000000002,1.75,0.0
Fe3Co_123,1.75,1.8,0.0
Fe3Co_123,1.8,1.85,0.0
Fe3Co_123,1.85,1.9000000000000001,0.0
Fe3Co_123,1.9000000000000001,1.9500000000000002,0.0
Fe3Co_123,1.9500000000000002,2.0,0.0
Fe3Co_123,2.0,2.0500000000000003,0.0
Fe3Co_123,2.0500000000000003,2.1,0.0
Fe3Co_123,2.1,2.15,0.0
Fe3Co_123,2.15,2.2,0.0
Fe3Co_123,2.2,2.25,0.0
Fe3Co_123,2.25,2.3000000000000003,0.0
Fe3Co_123,2.3000000000000003,2.35,0.0
Fe3Co_123,2.35,2.4000000000000004,0.0
Fe3Co_123,2.4000000000000004,2.45,0.0
Fe3Co_123,2.45,2.5,0.0
Fe3Co_123,2.5,2.5500000000000003,0.0
Fe3Co_123,2.5500000000000003,2.6,0.0
Fe3Co_123,2.6,2.6500000000000004,0.0
Fe3Co_123,2.6500000000000004,2.7,0.0
Fe3Co_123,2.7,2.75,0.0
Fe3Co_123,2.75,2.8000000000000003,0.0
Fe3Co_123,2.8000000000000003,2.85,0.0
Fe3Co_123,2.85,2.9000000000000004,0.0
Fe3Co_123,2.9000000000000004,2.95,0.0
Fe3Co_123,2.95,3.0,0.0
Yb2CuIr_225,0.0,0.05,0.0010376071537507785
Yb2CuIr_225,0.05,0.1,0.005973347846808883
Yb2CuIr_225,0.1,0.15000000000000002,0.014347378156546645
Yb2CuIr_225,0.15000000000000002,0.2,0.0334211714197025
Yb2CuIr_225,0.2,0.25,0.05247485089341222
Yb2CuIr_225,0.25,0.30000000000000004,0.07959091498884253
Yb2CuIr_225,0.30000000000000004,0.35000000000000003,0.09493660128364659
Yb2CuIr_225,0.35000000000000003,0.4,0.10529733582361776
Yb2CuIr_225,0.4,0.45,0.11985806899128165
Yb2CuIr_225,0.45,0.5,0.10931583647652557
Yb2CuIr_225,0.5,0.55,0.08894984321351802
Yb2CuIr_225,0.55,0.6000000000000001,0.07364571978248725
Yb2CuIr_225,0.6000000000000001,0.65,0.04769093668343926
Yb2CuIr_225,0.65,0.7000000000000001,0.029982416465517563
Yb2CuIr_225,0.7000000000000001,0.75,0.01739052203838853
Yb2CuIr_225,0.75,0.8,0.012510523596518355
Yb2CuIr_225,0.8,0.8500000000000001,0.012665610085074993
Yb2CuIr_225,0.8500000000000001,0.9,0.01468380731201528
Yb2CuIr_225,0.9,0.9500000000000001,0.015274912182257324
Yb2CuIr_225,0.9500000000000001,1.0,0.011282427575095795
Yb2CuIr_225,1.0,1.05,0.00679925638662714
Yb2CuIr_225,1.05,1.1,0.007896469928698266
Yb2CuIr_225,1.1,1.1500000000000001,0.011583754487787782
Yb2CuIr_225,1.1500000000000001,1.2000000000000002,0.010831290615523202
Yb2CuIr_225,1.2000000000000002,1.25,0.0072892871614934
Yb2CuIr_225,1.25,1.3,0.004954179809390557
Yb2CuIr_225,1.3,1.35,0.0038641997583301244
Yb2CuIr_225,1.35,1.4000000000000001,0.0032358319610480014
Yb2CuIr_225,1.4000000000000001,1.4500000000000002,0.002318832699943611
Yb2CuIr_225,1.4500000000000002,1.5,0.0007964924872151
Yb2CuIr_225,1.5,1.55,0.00010057273549413005
Yb2CuIr_225,1.55,1.6,0.0
Yb2CuIr_225,1.6,1.6500000000000001,0.0
Yb2CuIr_225,1.6500000000000001,1.7000000000000002,0.0
Yb2CuIr_225,1.7000000000000002,1.75,0.0
Yb2CuIr_225,1.75,1.8,0.0
Yb2CuIr_225,1.8,1.85,0.0
Yb2CuIr_225,1.85,1.9000000000000001,0.0
Yb2CuIr_225,1.9000000000000001,1.9500000000000002,0.0
Yb2CuIr_225,1.9500000000000002,2.0,0.0
Yb2CuIr_225,2.0,2.0500000000000003,0.0
Yb2CuIr_225,2.0500000000000003,2.1,0.0
Yb2CuIr_225,2.1,2.15,0.0
Yb2CuIr_225,2.15,2.2,0.0
Yb2CuIr_225,2.2,2.25,0.0
Yb2CuIr_225,2.25,2.3000000000000003,0.0
Yb2CuIr_225,2.3000000000000003,2.35,0.0
Yb2CuIr_225,2.35,2.4000000000000004,0.0
Yb2CuIr_225,2.4000000000000004,2.45,0.0
Yb2CuIr_225,2.45,2.5,0.0
Yb2CuIr_225,2.5,2.5500000000000003,0.0
Yb2CuIr_225,2.5500000000000003,2.6,0.0
Yb2CuIr_225,2.6,2.6500000000000004,0.0
Yb2CuIr_225,2.6500000000000004,2.7,0.0
Yb2CuIr_225,2.7,2.75,0.0
Yb2CuIr_225,2.75,2.8000000000000003,0.0
Yb2CuIr_225,2.8000000000000003,2.85,0.0
Yb2CuIr_225,2.85,2.9000000000000004,0.0
Yb2CuIr_225,2.9000000000000004,2.95,0.0
Yb2CuIr_225,2.95,3.0,0.0
MnSbPt_216,0.0,0.05,0.00037634042614750283
MnSbPt_216,0.05,0.1,0.00843432064901468
MnSbPt_216,0.1,0.15000000000000002,0.01697308415951815
MnSbPt_216,0.15000000000000002,0.2,0.04719342075991869
MnSbPt_216,0.2,0.25,0.046547928382853855
MnSbPt_216,0.25,0.30000000000000004,0.06592895197171002
MnSbPt_216,0.30000000000000004,0.35000000000000003,0.0867918278643162
MnSbPt_216,0.35000000000000003,0.4,0.08606769291314859
MnSbPt_216,0.4,0.45,0.08696312578722824
MnSbPt_216,0.45,0.5,0.08244794425560356
MnSbPt_216,0.5,0.55,0.08358306363585687
MnSbPt_216,0.55,0.6000000000000001,0.06838996595800302
MnSbPt_216,0.6000000000000001,0.65,0.05121286535486825
MnSbPt_216,0.65,0.7000000000000001,0.045887879864348814
MnSbPt_216,0.7000000000000001,0.75,0.03597970014835751
MnSbPt_216,0.75,0.8,0.028989909594454032
MnSbPt_216,0.8,0.8500000000000001,0.02727451917836957
MnSbPt_216,0.8500000000000001,0.9,0.023585933730396885
MnSbPt_216,0.9,0.9500000000000001,0.021825485588046693
MnSbPt_216,0.9500000000000001,1.0,0.017886242278785075
MnSbPt_216,1.0,1.05,0.015464348269875687
MnSbPt_216,1.05,1.1,0.012877339257025127
MnSbPt_216,1.1,1.1500000000000001,0.010277263736425341
MnSbPt_216,1.1500000000000001,1.2000000000000002,0.008038394137668057
MnSbPt_216,1.2000000000000002,1.25,0.0064306719274065715
MnSbPt_216,1.25,1.3,0.004678568691351004
MnSbPt_216,1.3,1.35,0.0031929013016616737
MnSbPt_216,1.35,1.4000000000000001,0.0021328262623827652
MnSbPt_216,1.4000000000000001,1.4500000000000002,0.0014989554715179483
MnSbPt_216,1.4500000000000002,1.5,0.0009796836866046183
MnSbPt_216,1.5,1.55,0.0006485460126849961
MnSbPt_216,1.55,1.6,0.0004497432837321975
MnSbPt_216,1.6,1.6500000000000001,0.0003088464152730906
MnSbPt_216,1.6500000000000001,1.7000000000000002,0.00020155921226330372
MnSbPt_216,1.7000000000000002,1.75,0.000138410346913638
MnSbPt_216,1.75,1.8,0.00010611523985632795
MnSbPt_216,1.8,1.85,7.773343610791522e-05
MnSbPt_216,1.85,1.9000000000000001,5.931804913915618e-05
MnSbPt_216,1.9000000000000001,1.9500000000000002,4.169358825362314e-05
MnSbPt_216,1.9500000000000002,2.0,2.4812341791355234e-05
MnSbPt_216,2.0,2.0500000000000003,1.9610930048402252e-05
MnSbPt_216,2.0500000000000003,2.1,8.794837175817349e-06
MnSbPt_216,2.1,2.15,2.3470138434907616e-06
MnSbPt_216,2.15,2.2,1.2619355238017118e-06
MnSbPt_216,2.2,2.25,5.211452875538926e-08
MnSbPt_216,2.25,2.3000000000000003,0.0
MnSbPt_216,2.3000000000000003,2.35,0.0
MnSbPt_216,2.35,2.4000000000000004,0.0
MnSbPt_216,2.4000000000000004,2.45,0.0
MnSbPt_216,2.45,2.5,0.0
MnSbPt_216,2.5,2.5500000000000003,0.0
MnSbPt_216,2.5500000000000003,2.6,0.0
MnSbPt_216,2.6,2.6500000000000004,0.0
MnSbPt_216,2.6500000000000004,2.7,0.0
MnSbPt_216,2.7,2.75,0.0
MnSbPt_216,2.75,2.8000000000000003,0.0
MnSbPt_216,2.8000000000000003,2.85,0.0
MnSbPt_216,2.85,2.9000000000000004,0.0
MnSbPt_216,2.9000000000000004,2.95,0.0
MnSbPt_216,2.95,3.0,0.0
MnSn2_140,0.0,0.05,0.000404620902029067
MnSn2_140,0.05,0.1,0.009740608321135958
MnSn2_140,0.1,0.15000000000000002,0.019102560929473954
MnSn2_140,0.15000000000000002,0.2,0.031859837765426516
MnSn2_140,0.2,0.25,0.053565823040350256
MnSn2_140,0.25,0.30000000000000004,0.06312352042248721
MnSn2_140,0.30000000000000004,0.35000000000000003,0.08034278538878509
MnSn2_140,0.35000000000000003,0.4,0.08061529786214597
MnSn2_140,0.4,0.45,0.08827228975647708
MnSn2_140,0.45,0.5,0.0878834828586997
MnSn2_140,0.5,0.55,0.07447693903589336
MnSn2_140,0.55,0.6000000000000001,0.06861612762123744
MnSn2_140,0.6000000000000001,0.65,0.06113283907227814
MnSn2_140,0.65,0.7000000000000001,0.05026709631725992
MnSn2_140,0.7000000000000001,0.75,0.04095494170668871
MnSn2_140,0.75,0.8,0.036132995464145834
MnSn2_140,0.8,0.8500000000000001,0.032325101718065095
MnSn2_140,0.8500000000000001,0.9,0.028586501762534796
MnSn2_140,0.9,0.9500000000000001,0.0242893484739101
MnSn2_140,0.9500000000000001,1.0,0.02057089902264909
MnSn2_140,1.0,1.05,0.01602590743166921
MnSn2_140,1.05,1.1,0.01248706094977852
MnSn2_140,1.1,1.1500000000000001,0.008149086119713324
MnSn2_140,1.1500000000000001,1.2000000000000002,0.004822747205370285
MnSn2_140,1.2000000000000002,1.25,0.002777500214437303
MnSn2_140,1.25,1.3,0.001565625035699523
MnSn2_140,1.3,1.35,0.0008621174835021064
MnSn2_140,1.35,1.4000000000000001,0.0005179889434473944
MnSn2_140,1.4000000000000001,1.4500000000000002,0.00033570145589374435
MnSn2_140,1.4500000000000002,1.5,0.00014478572153597106
MnSn2_140,1.5,1.55,4.1228314625468554e-05
MnSn2_140,1.55,1.6,6.633682656130934e-06
MnSn2_140,1.6,1.6500000000000001,0.0
MnSn2_140,1.6500000000000001,1.7000000000000002,0.0
MnSn2_140,1.7000000000000002,1.75,0.0
MnSn2_140,1.75,1.8,0.0
MnSn2_140,1.8,1.85,0.0
MnSn2_140,1.85,1.9000000000000001,0.0
MnSn2_140,1.9000000000000001,1.9500000000000002,0.0
MnSn2_140,1.9500000000000002,2.0,0.0
MnSn2_140,2.0,2.0500000000000003,0.0
MnSn2_140,2.0500000000000003,2.1,0.0
MnSn2_140,2.1,2.15,0.0
MnSn2_140,2.15,2.2,0.0
MnSn2_140,2.2,2.25,0.0
MnSn2_140,2.25,2.3000000000000003,0.0
MnSn2_140,2.3000000000000003,2.35,0.0
MnSn2_140,2.35,2.4000000000000004,0.0
MnSn2_140,2.4000000000000004,2.45,0.0
MnSn2_140,2.45,2.5,0.0
MnSn2_140,2.5,2.5500000000000003,0.0
MnSn2_140,2.5500000000000003,2.6,0.0
MnSn2_140,2.6,2.6500000000000004,0.0
MnSn2_140,2.6500000000000004,2.7,0.0
MnSn2_140,2.7,2.75,0.0
MnSn2_140,2.75,2.8000000000000003,0.0
MnSn2_140,2.8000000000000003,2.85,0.0
MnSn2_140,2.85,2.9000000000000004,0.0
MnSn2_140,2.9000000000000004,2.95,0.0
MnSn2_140,2.95,3.0,0.0
MnInRh2_225,0.0,0.05,0.0006242108142540984
MnInRh2_225,0.05,0.1,0.011562728729106709
MnInRh2_225,0.1,0.15000000000000002,0.013544310848586009
MnInRh2_225,0.15000000000000002,0.2,0.04122135663851763
MnInRh2_225,0.2,0.25,0.06168467301475315
MnInRh2_225,0.25,0.30000000000000004,0.07074653374620077
MnInRh2_225,0.30000000000000004,0.35000000000000003,0.0857581393484853
MnInRh2_225,0.35000000000000003,0.4,0.0928724839665601
MnInRh2_225,0.4,0.45,0.08864821963344732
MnInRh2_225,0.45,0.5,0.09965730502164376
MnInRh2_225,0.5,0.55,0.0828454108788976
MnInRh2_225,0.55,0.6000000000000001,0.0695949570190655
MnInRh2_225,0.6000000000000001,0.65,0.05727866401992187
MnInRh2_225,0.65,0.7000000000000001,0.047945311727768974
MnInRh2_225,0.7000000000000001,0.75,0.03629559331418898
MnInRh2_225,0.75,0.8,0.029494240884463504
MnInRh2_225,0.8,0.8500000000000001,0.02468874446307273
MnInRh2_225,0.8500000000000001,0.9,0.01969575129322115
MnInRh2_225,0.9,0.9500000000000001,0.01777882926012422
MnInRh2_225,0.9500000000000001,1.0,0.014306329815800201
MnInRh2_225,1.0,1.05,0.01196641978515958
MnInRh2_225,1.05,1.1,0.009544423916185579
MnInRh2_225,1.1,1.1500000000000001,0.006557372807941948
MnInRh2_225,1.1500000000000001,1.2000000000000002,0.0032158494891748168
MnInRh2_225,1.2000000000000002,1.25,0.0014631307740197981
MnInRh2_225,1.25,1.3,0.0006695010550061768
MnInRh2_225,1.3,1.35,0.00022108023256095453
MnInRh2_225,1.35,1.4000000000000001,9.80433197327382e-05
MnInRh2_225,1.4000000000000001,1.4500000000000002,2.0384182138746532e-05
MnInRh2_225,1.4500000000000002,1.5,0.0
MnInRh2_225,1.5,1.55,0.0
MnInRh2_225,1.55,1.6,0.0
MnInRh2_225,1.6,1.6500000000000001,0.0
MnInRh2_225,1.6500000000000001,1.7000000000000002,0.0
MnInRh2_225,1.7000000000000002,1.75,0.0
MnInRh2_225,1.75,1.8,0.0
MnInRh2_225,1.8,1.85,0.0
MnInRh2_225,1.85,1.9000000000000001,0.0
MnInRh2_225,1.9000000000000001,1.9500000000000002,0.0
MnInRh2_225,1.9500000000000002,2.0,0.0
MnInRh2_225,2.0,2.0500000000000003,0.0
MnInRh2_225,2.0500000000000003,2.1,0.0
MnInRh2_225,2.1,2.15,0.0
MnInRh2_225,2.15,2.2,0.0
MnInRh2_225,2.2,2.25,0.0
MnInRh2_225,2.25,2.3000000000000003,0.0
MnInRh2_225,2.3000000000000003,2.35,0.0
MnInRh2_225,2.35,2.4000000000000004,0.0
MnInRh2_225,2.4000000000000004,2.45,0.0
MnInRh2_225,2.45,2.5,0.0
MnInRh2_225,2.5,2.5500000000000003,0.0
MnInRh2_225,2.5500000000000003,2.6,0.0
MnInRh2_225,2.6,2.6500000000000004,0.0
MnInRh2_225,2.6500000000000004,2.7,0.0
MnInRh2_225,2.7,2.75,0.0
MnInRh2_225,2.75,2.8000000000000003,0.0
MnInRh2_225,2.8000000000000003,2.85,0.0
MnInRh2_225,2.85,2.9000000000000004,0.0
MnInRh2_225,2.9000000000000004,2.95,0.0
MnInRh2_225,2.95,3.0,0.0
TbCoC2_38,0.0,0.05,0.0016069648616128882
TbCoC2_38,0.05,0.1,0.01365477472102242
TbCoC2_38,0.1,0.15000000000000002,0.034540171108115886
TbCoC2_38,0.15000000000000002,0.2,0.06078623271719475
TbCoC2_38,0.2,0.25,0.0869085774361522
TbCoC2_38,0.25,0.30000000000000004,0.10887263989174313
TbCoC2_38,0.30000000000000004,0.35000000000000003,0.12493168215913075
TbCoC2_38,0.35000000000000003,0.4,0.12618534730377987
TbCoC2_38,0.4,0.45,0.12080144112315055
TbCoC2_38,0.45,0.5,0.10393635309805124
TbCoC2_38,0.5,0.55,0.08086418182024553
TbCoC2_38,0.55,0.6000000000000001,0.05705389165908606
TbCoC2_38,0.6000000000000001,0.65,0.0352803696859263
TbCoC2_38,0.65,0.7000000000000001,0.018793187486414818
TbCoC2_38,0.7000000000000001,0.75,0.0084471846889476
TbCoC2_38,0.75,0.8,0.004131573854181011
TbCoC2_38,0.8,0.8500000000000001,0.0029618728184256093
TbCoC2_38,0.8500000000000001,0.9,0.002222613305501216
TbCoC2_38,0.9,0.9500000000000001,0.001546509624860654
TbCoC2_38,0.9500000000000001,1.0,0.0010421693115184728
TbCoC2_38,1.0,1.05,0.0007516891752565068
TbCoC2_38,1.05,1.1,0.0005864185420612219
TbCoC2_38,1.1,1.1500000000000001,0.00047968144382437626
TbCoC2_38,1.1500000000000001,1.2000000000000002,0.0004301093029636168
TbCoC2_38,1.2000000000000002,1.25,0.0003927161236804107
TbCoC2_38,1.25,1.3,0.00031072763209761894
TbCoC2_38,1.3,1.35,0.0002704137866396288
TbCoC2_38,1.35,1.4000000000000001,0.0002387114731745141
TbCoC2_38,1.4000000000000001,1.4500000000000002,0.00021576728246716905
TbCoC2_38,1.4500000000000002,1.5,0.00019425898430272694
TbCoC2_38,1.5,1.55,0.00016694902791970008
TbCoC2_38,1.55,1.6,0.000162752451634515
TbCoC2_38,1.6,1.6500000000000001,0.00018441177634559954
TbCoC2_38,1.6500000000000001,1.7000000000000002,0.00019988657274354078
TbCoC2_38,1.7000000000000002,1.75,0.00015508644339668167
TbCoC2_38,1.75,1.8,0.00012247348599316369
TbCoC2_38,1.8,1.85,9.49383029390926e-05
TbCoC2_38,1.85,1.9000000000000001,8.968208721061309e-05
TbCoC2_38,1.9000000000000001,1.9500000000000002,6.977149584670084e-05
TbCoC2_38,1.9500000000000002,2.0,6.318612659839883e-05
TbCoC2_38,2.0,2.0500000000000003,5.971723720064712e-05
TbCoC2_38,2.0500000000000003,2.1,4.2523418942036464e-05
TbCoC2_38,2.1,2.15,4.9849595464795483e-05
TbCoC2_38,2.15,2.2,4.1148771408230696e-05
TbCoC2_38,2.2,2.25,2.610573625493081e-05
TbCoC2_38,2.25,2.3000000000000003,2.078330142545741e-05
TbCoC2_38,2.3000000000000003,2.35,8.105257353157386e-06
TbCoC2_38,2.35,2.4000000000000004,2.636128484641394e-06
TbCoC2_38,2.4000000000000004,2.45,1.1472561627244766e-06
TbCoC2_38,2.45,2.5,3.9887064869667104e-07
TbCoC2_38,2.5,2.5500000000000003,1.5496477720808354e-07
TbCoC2_38,2.5500000000000003,2.6,5.926972089971887e-08
TbCoC2_38,2.6,2.6500000000000004,0.0
TbCoC2_38,2.6500000000000004,2.7,0.0
TbCoC2_38,2.7,2.75,0.0
TbCoC2_38,2.75,2.8000000000000003,0.0
TbCoC2_38,2.8000000000000003,2.85,0.0
TbCoC2_38,2.85,2.9000000000000004,0.0
TbCoC2_38,2.9000000000000004,2.95,0.0
TbCoC2_38,2.95,3.0,0.0
YZn_221,0.0,0.05,0.00015345714285420998
YZn_221,0.05,0.1,0.0013073629645199308
YZn_221,0.1,0.15000000000000002,0.0030455150745231766
YZn_221,0.15000000000000002,0.2,0.006142909772935984
YZn_221,0.2,0.25,0.0077248739674984895
YZn_221,0.25,0.30000000000000004,0.010729480097081167
YZn_221,0.30000000000000004,0.35000000000000003,0.015009190416714072
YZn_221,0.35000000000000003,0.4,0.017979932567024303
YZn_221,0.4,0.45,0.022039968628908092
YZn_221,0.45,0.5,0.02477468225013866
YZn_221,0.5,0.55,0.029949945967292276
YZn_221,0.55,0.6000000000000001,0.028930116482283007
YZn_221,0.6000000000000001,0.65,0.035942385743700296
YZn_221,0.65,0.7000000000000001,0.037953409466410765
YZn_221,0.7000000000000001,0.75,0.0395077826643676
YZn_221,0.75,0.8,0.04246953347496416
YZn_221,0.8,0.8500000000000001,0.04358986047065335
YZn_221,0.8500000000000001,0.9,0.04606225453366536
YZn_221,0.9,0.9500000000000001,0.05316928082864913
YZn_221,0.9500000000000001,1.0,0.057575898917952735
YZn_221,1.0,1.05,0.06546400042855062
YZn_221,1.05,1.1,0.0664295606507569
YZn_221,1.1,1.1500000000000001,0.06840200632096208
YZn_221,1.1500000000000001,1.2000000000000002,0.06491012212712399
YZn_221,1.2000000000000002,1.25,0.056964492735845314
YZn_221,1.25,1.3,0.037557264111965014
YZn_221,1.3,1.35,0.028254469184671314
YZn_221,1.35,1.4000000000000001,0.02642342672484268
YZn_221,1.4000000000000001,1.4500000000000002,0.0233109893781465
YZn_221,1.4500000000000002,1.5,0.021067017553888075
YZn_221,1.5,1.55,0.01193912284421485
YZn_221,1.55,1.6,0.004490662552187213
YZn_221,1.6,1.6500000000000001,0.0007290239547069595
YZn_221,1.6500000000000001,1.7000000000000002,0.0
YZn_221,1.7000000000000002,1.75,0.0
YZn_221,1.75,1.8,0.0
YZn_221,1.8,1.85,0.0
YZn_221,1.85,1.9000000000000001,0.0
YZn_221,1.9000000000000001,1.9500000000000002,0.0
YZn_221,1.9500000000000002,2.0,0.0
YZn_221,2.0,2.0500000000000003,0.0
YZn_221,2.0500000000000003,2.1,0.0
YZn_221,2.1,2.15,0.0
YZn_221,2.15,2.2,0.0
YZn_221,2.2,2.25,0.0
YZn_221,2.25,2.3000000000000003,0.0
YZn_221,2.3000000000000003,2.35,0.0
YZn_221,2.35,2.4000000000000004,0.0
YZn_221,2.4000000000000004,2.45,0.0
YZn_221,2.45,2.5,0.0
YZn_221,2.5,2.5500000000000003,0.0
YZn_221,2.5500000000000003,2.6,0.0
YZn_221,2.6,2.6500000000000004,0.0
YZn_221,2.6500000000000004,2.7,0.0
YZn_221,2.7,2.75,0.0
YZn_221,2.75,2.8000000000000003,0.0
YZn_221,2.8000000000000003,2.85,0.0
YZn_221,2.85,2.9000000000000004,0.0
YZn_221,2.9000000000000004,2.95,0.0
YZn_221,2.95,3.0,0.0
CdCuF4_140,0.0,0.05,0.0005129897356253863
CdCuF4_140,0.05,0.1,0.011671968339298419
CdCuF4_140,0.1,0.15000000000000002,0.028057467452897587
CdCuF4_140,0.15000000000000002,0.2,0.04814427206949483
CdCuF4_140,0.2,0.25,0.07348123793773614
CdCuF4_140,0.25,0.30000000000000004,0.08739921290199393
CdCuF4_140,0.30000000000000004,0.35000000000000003,0.09698212007956011
CdCuF4_140,0.35000000000000003,0.4,0.11137213177813626
CdCuF4_140,0.4,0.45,0.10524580752406816
CdCuF4_140,0.45,0.5,0.09162205948688878
CdCuF4_140,0.5,0.55,0.07758196242637282
CdCuF4_140,0.55,0.6000000000000001,0.06164149734411724
CdCuF4_140,0.6000000000000001,0.65,0.044766682352632
CdCuF4_140,0.65,0.7000000000000001,0.031237042589713993
CdCuF4_140,0.7000000000000001,0.75,0.023131984794213137
CdCuF4_140,0.75,0.8,0.017321436516682758
CdCuF4_140,0.8,0.8500000000000001,0.012564875622946736
CdCuF4_140,0.8500000000000001,0.9,0.010109680453871183
CdCuF4_140,0.9,0.9500000000000001,0.008642699517444168
CdCuF4_140,0.9500000000000001,1.0,0.007545257311061039
CdCuF4_140,1.0,1.05,0.006480640683274562
CdCuF4_140,1.05,1.1,0.0054082581322622255
CdCuF4_140,1.1,1.1500000000000001,0.004865363424653463
CdCuF4_140,1.1500000000000001,1.2000000000000002,0.004228296005062948
CdCuF4_140,1.2000000000000002,1.25,0.0036107566802783355
CdCuF4_140,1.25,1.3,0.002984940960260008
CdCuF4_140,1.3,1.35,0.0029292071427429673
CdCuF4_140,1.35,1.4000000000000001,0.0027148860495897426
CdCuF4_140,1.4000000000000001,1.4500000000000002,0.002504545743370933
CdCuF4_140,1.4500000000000002,1.5,0.0023526050084306687
CdCuF4_140,1.5,1.55,0.0021638466888989115
CdCuF4_140,1.55,1.6,0.0019517126436665341
CdCuF4_140,1.6,1.6500000000000001,0.0017695718922283554
CdCuF4_140,1.6500000000000001,1.7000000000000002,0.0016346908358362564
CdCuF4_140,1.7000000000000002,1.75,0.0014005412971965522
CdCuF4_140,1.75,1.8,0.0010821516629161922
CdCuF4_140,1.8,1.85,0.0007619842847690269
CdCuF4_140,1.85,1.9000000000000001,0.0005694182914125443
CdCuF4_140,1.9000000000000001,1.9500000000000002,0.0004075270971491095
CdCuF4_140,1.9500000000000002,2.0,0.0002980514183307293
CdCuF4_140,2.0,2.0500000000000003,0.00022652596673990904
CdCuF4_140,2.0500000000000003,2.1,0.00016373146671203468
CdCuF4_140,2.1,2.15,0.00011809228071403049
CdCuF4_140,2.15,2.2,8.352202972581663e-05
CdCuF4_140,2.2,2.25,6.6681758570753e-05
CdCuF4_140,2.25,2.3000000000000003,4.738927242768216e-05
CdCuF4_140,2.3000000000000003,2.35,3.727915431929439e-05
CdCuF4_140,2.35,2.4000000000000004,2.9728178316504507e-05
CdCuF4_140,2.4000000000000004,2.45,2.4377777489078836e-05
CdCuF4_140,2.45,2.5,1.6575480769390746e-05
CdCuF4_140,2.5,2.5500000000000003,1.2231399126900501e-05
CdCuF4_140,2.5500000000000003,2.6,8.410449123342274e-06
CdCuF4_140,2.6,2.6500000000000004,5.809704612418353e-06
CdCuF4_140,2.6500000000000004,2.7,3.816615811389206e-06
CdCuF4_140,2.7,2.75,2.3170286806479784e-06
CdCuF4_140,2.75,2.8000000000000003,1.256573772817752e-06
CdCuF4_140,2.8000000000000003,2.85,7.261183181726894e-07
CdCuF4_140,2.85,2.9000000000000004,1.261429364153326e-07
CdCuF4_140,2.9000000000000004,2.95,2.0424748562007166e-08
CdCuF4_140,2.95,3.0,0.0
TbNiSb_216,0.0,0.05,0.0006891127176039794
TbNiSb_216,0.05,0.1,0.005213720819670586
TbNiSb_216,0.1,0.15000000000000002,0.012094039348483725
TbNiSb_216,0.15000000000000002,0.2,0.024793103044410698
TbNiSb_216,0.2,0.25,0.03320561833829731
TbNiSb_216,0.25,0.30000000000000004,0.04297800898881887
TbNiSb_216,0.30000000000000004,0.35000000000000003,0.04949280752006378
TbNiSb_216,0.35000000000000003,0.4,0.062388197325144855
TbNiSb_216,0.4,0.45,0.0816126216448201
TbNiSb_216,0.45,0.5,0.10852348535869533
TbNiSb_216,0.5,0.55,0.11580250958314989
TbNiSb_216,0.55,0.6000000000000001,0.11808224086837357
TbNiSb_216,0.6000000000000001,0.65,0.08755304671859661
TbNiSb_216,0.65,0.7000000000000001,0.06985529053716001
TbNiSb_216,0.7000000000000001,0.75,0.038766385713284855
TbNiSb_216,0.75,0.8,0.026813067628456432
TbNiSb_216,0.8,0.8500000000000001,0.021430791154771457
TbNiSb_216,0.8500000000000001,0.9,0.01780427613456006
TbNiSb_216,0.9,0.9500000000000001,0.01445058761903809
TbNiSb_216,0.9500000000000001,1.0,0.012125783994945532
TbNiSb_216,1.0,1.05,0.010265776166346023
TbNiSb_216,1.05,1.1,0.008899744639338002
TbNiSb_216,1.1,1.1500000000000001,0.0073758841339770604
TbNiSb_216,1.1500000000000001,1.2000000000000002,0.006280084642983205
TbNiSb_216,1.2000000000000002,1.25,0.005284772516117433
TbNiSb_216,1.25,1.3,0.004374231687158825
TbNiSb_216,1.3,1.35,0.003699538287243669
TbNiSb_216,1.35,1.4000000000000001,0.002756854245647525
TbNiSb_216,1.4000000000000001,1.4500000000000002,0.0020087344648321917
TbNiSb_216,1.4500000000000002,1.5,0.0015808856508174349
TbNiSb_216,1.5,1.55,0.0011001413999784896
TbNiSb_216,1.55,1.6,0.0008652577759864523
TbNiSb_216,1.6,1.6500000000000001,0.0006343445130298159
TbNiSb_216,1.6500000000000001,1.7000000000000002,0.00039282103917317307
TbNiSb_216,1.7000000000000002,1.75,0.00030232735439617676
TbNiSb_216,1.75,1.8,0.00015610410731770765
TbNiSb_216,1.8,1.85,0.00011324974970301091
TbNiSb_216,1.85,1.9000000000000001,6.473762996832155e-05
TbNiSb_216,1.9000000000000001,1.9500000000000002,4.546147767810324e-05
TbNiSb_216,1.9500000000000002,2.0,3.656070037516452e-05
TbNiSb_216,2.0,2.0500000000000003,4.4408260567901585e-05
TbNiSb_216,2.0500000000000003,2.1,2.69249346203217e-05
TbNiSb_216,2.1,2.15,1.0232838396236744e-05
TbNiSb_216,2.15,2.2,4.860655805406932e-06
TbNiSb_216,2.2,2.25,1.3660701961236393e-06
TbNiSb_216,2.25,2.3000000000000003,0.0
TbNiSb_216,2.3000000000000003,2.35,0.0
TbNiSb_216,2.35,2.4000000000000004,0.0
TbNiSb_216,2.4000000000000004,2.45,0.0
TbNiSb_216,2.45,2.5,0.0
TbNiSb_216,2.5,2.5500000000000003,0.0
TbNiSb_216,2.5500000000000003,2.6,0.0
TbNiSb_216,2.6,2.6500000000000004,0.0
TbNiSb_216,2.6500000000000004,2.7,0.0
TbNiSb_216,2.7,2.75,0.0
TbNiSb_216,2.75,2.8000000000000003,0.0
TbNiSb_216,2.8000000000000003,2.85,0.0
TbNiSb_216,2.85,2.9000000000000004,0.0
TbNiSb_216,2.9000000000000004,2.95,0.0
TbNiSb_216,2.95,3.0,0.0
MnGaPt_194,0.0,0.05,0.000344329248375489
MnGaPt_194,0.05,0.1,0.008330589168163961
MnGaPt_194,0.1,0.15000000000000002,0.02058738287006063
MnGaPt_194,0.15000000000000002,0.2,0.04015936963120489
MnGaPt_194,0.2,0.25,0.05225439246167401
MnGaPt_194,0.25,0.30000000000000004,0.07424314243268834
MnGaPt_194,0.30000000000000004,0.35000000000000003,0.07709366188321864
MnGaPt_194,0.35000000000000003,0.4,0.08938517142902949
MnGaPt_194,0.4,0.45,0.09192123437588998
MnGaPt_194,0.45,0.5,0.08812008716008661
MnGaPt_194,0.5,0.55,0.08326879091628096
MnGaPt_194,0.55,0.6000000000000001,0.0690385417220907
MnGaPt_194,0.6000000000000001,0.65,0.05760647558815175
MnGaPt_194,0.65,0.7000000000000001,0.04554492990671998
MnGaPt_194,0.7000000000000001,0.75,0.03665331807070521
MnGaPt_194,0.75,0.8,0.030222496204261644
MnGaPt_194,0.8,0.8500000000000001,0.027436642375959813
MnGaPt_194,0.8500000000000001,0.9,0.023146157809065804
MnGaPt_194,0.9,0.9500000000000001,0.021150618552043934
MnGaPt_194,0.9500000000000001,1.0,0.017723638651130868
MnGaPt_194,1.0,1.05,0.015180784552982027
MnGaPt_194,1.05,1.1,0.01197762791908298
MnGaPt_194,1.1,1.1500000000000001,0.008412111959340517
MnGaPt_194,1.1500000000000001,1.2000000000000002,0.005370462342768353
MnGaPt_194,1.2000000000000002,1.25,0.002728925304664772
MnGaPt_194,1.25,1.3,0.0014013084335589283
MnGaPt_194,1.3,1.35,0.0005471238449082786
MnGaPt_194,1.35,1.4000000000000001,0.0001269702033286891
MnGaPt_194,1.4000000000000001,1.4500000000000002,1.5336104146904954e-05
MnGaPt_194,1.4500000000000002,1.5,3.5416105154323106e-06
MnGaPt_194,1.5,1.55,3.850482079525154e-06
MnGaPt_194,1.55,1.6,9.867858202538715e-07
MnGaPt_194,1.6,1.6500000000000001,0.0
MnGaPt_194,1.6500000000000001,1.7000000000000002,0.0
MnGaPt_194,1.7000000000000002,1.75,0.0
MnGaPt_194,1.75,1.8,0.0
MnGaPt_194,1.8,1.85,0.0
MnGaPt_194,1.85,1.9000000000000001,0.0
MnGaPt_194,1.9000000000000001,1.9500000000000002,0.0
MnGaPt_194,1.9500000000000002,2.0,0.0
MnGaPt_194,2.0,2.0500000000000003,0.0
MnGaPt_194,2.0500000000000003,2.1,0.0
MnGaPt_194,2.1,2.15,0.0
MnGaPt_194,2.15,2.2,0.0
MnGaPt_194,2.2,2.25,0.0
MnGaPt_194,2.25,2.3000000000000003,0.0
MnGaPt_194,2.3000000000000003,2.35,0.0
MnGaPt_194,2.35,2.4000000000000004,0.0
MnGaPt_194,2.4000000000000004,2.45,0.0
MnGaPt_194,2.45,2.5,0.0
MnGaPt_194,2.5,2.5500000000000003,0.0
MnGaPt_194,2.5500000000000003,2.6,0.0
MnGaPt_194,2.6,2.6500000000000004,0.0
MnGaPt_194,2.6500000000000004,2.7,0.0
MnGaPt_194,2.7,2.75,0.0
MnGaPt_194,2.75,2.8000000000000003,0.0
MnGaPt_194,2.8000000000000003,2.85,0.0
MnGaPt_194,2.85,2.9000000000000004,0.0
MnGaPt_194,2.9000000000000004,2.95,0.0
MnGaPt_194,2.95,3.0,0.0
DyPPt_187,0.0,0.05,0.0021463019540063325
DyPPt_187,0.05,0.1,0.008715109291356243
DyPPt_187,0.1,0.15000000000000002,0.02572807646187516
DyPPt_187,0.15000000000000002,0.2,0.04388880913410174
DyPPt_187,0.2,0.25,0.06440136819484975
DyPPt_187,0.25,0.30000000000000004,0.08225993518708684
DyPPt_187,0.30000000000000004,0.35000000000000003,0.09604805852530458
DyPPt_187,0.35000000000000003,0.4,0.09986793249774416
DyPPt_187,0.4,0.45,0.1098293848162327
DyPPt_187,0.45,0.5,0.11377235935986538
DyPPt_187,0.5,0.55,0.10160054895698348
DyPPt_187,0.55,0.6000000000000001,0.08203270363401237
DyPPt_187,0.6000000000000001,0.65,0.05640649195462389
DyPPt_187,0.65,0.7000000000000001,0.03592365823713661
DyPPt_187,0.7000000000000001,0.75,0.019624124891329604
DyPPt_187,0.75,0.8,0.01174377800131048
DyPPt_187,0.8,0.8500000000000001,0.008528035377712207
DyPPt_187,0.8500000000000001,0.9,0.007162024377414792
DyPPt_187,0.9,0.9500000000000001,0.005748228598881636
DyPPt_187,0.9500000000000001,1.0,0.004722740789644823
DyPPt_187,1.0,1.05,0.0038111187462323984
DyPPt_187,1.05,1.1,0.003058500049995573
DyPPt_187,1.1,1.1500000000000001,0.0024764809188474023
DyPPt_187,1.1500000000000001,1.2000000000000002,0.0020009677329696665
DyPPt_187,1.2000000000000002,1.25,0.0017044164496089872
DyPPt_187,1.25,1.3,0.0014382218564924184
DyPPt_187,1.3,1.35,0.001000960893615529
DyPPt_187,1.35,1.4000000000000001,0.0006600846878031738
DyPPt_187,1.4000000000000001,1.4500000000000002,0.000498912143537822
DyPPt_187,1.4500000000000002,1.5,0.000442163540837678
DyPPt_187,1.5,1.55,0.000447256243056075
DyPPt_187,1.55,1.6,0.00043283908751012157
DyPPt_187,1.6,1.6500000000000001,0.00040869689005343704
DyPPt_187,1.6500000000000001,1.7000000000000002,0.0003788917231055504
DyPPt_187,1.7000000000000002,1.75,0.0003124889846393446
DyPPt_187,1.75,1.8,0.0002544706221641939
DyPPt_187,1.8,1.85,0.00022198543338619256
DyPPt_187,1.85,1.9000000000000001,0.00016798811788985664
DyPPt_187,1.9000000000000001,1.9500000000000002,8.400275292901446e-05
DyPPt_187,1.9500000000000002,2.0,4.383074590379023e-05
DyPPt_187,2.0,2.0500000000000003,5.7722966299459886e-06
DyPPt_187,2.0500000000000003,2.1,2.7984131952338607e-07
DyPPt_187,2.1,2.15,0.0
DyPPt_187,2.15,2.2,0.0
DyPPt_187,2.2,2.25,0.0
DyPPt_187,2.25,2.3000000000000003,0.0
DyPPt_187,2.3000000000000003,2.35,0.0
DyPPt_187,2.35,2.4000000000000004,0.0
DyPPt_187,2.4000000000000004,2.45,0.0
DyPPt_187,2.45,2.5,0.0
DyPPt_187,2.5,2.5500000000000003,0.0
DyPPt_187,2.5500000000000003,2.6,0.0
DyPPt_187,2.6,2.6500000000000004,0.0
DyPPt_187,2.6500000000000004,2.7,0.0
DyPPt_187,2.7,2.75,0.0
DyPPt_187,2.75,2.8000000000000003,0.0
DyPPt_187,2.8000000000000003,2.85,0.0
DyPPt_187,2.85,2.9000000000000004,0.0
DyPPt_187,2.9000000000000004,2.95,0.0
DyPPt_187,2.95,3.0,0.0
NdPb3_221,0.0,0.05,0.002548306866553508
NdPb3_221,0.05,0.1,0.009209775744196428
NdPb3_221,0.1,0.15000000000000002,0.037546350036381106
NdPb3_221,0.15000000000000002,0.2,0.057176970349214956
NdPb3_221,0.2,0.25,0.088849934127966
NdPb3_221,0.25,0.30000000000000004,0.1043366487671579
NdPb3_221,0.30000000000000004,0.35000000000000003,0.10818046392408662
NdPb3_221,0.35000000000000003,0.4,0.11893807139693807
NdPb3_221,0.4,0.45,0.10026087111790351
NdPb3_221,0.45,0.5,0.09579373451834199
NdPb3_221,0.5,0.55,0.06234521822838142
NdPb3_221,0.55,0.6000000000000001,0.047489749865194504
NdPb3_221,0.6000000000000001,0.65,0.031804855353455834
NdPb3_221,0.65,0.7000000000000001,0.020634260604953564
NdPb3_221,0.7000000000000001,0.75,0.013989660994456773
NdPb3_221,0.75,0.8,0.013547858228238946
NdPb3_221,0.8,0.8500000000000001,0.012366610857442442
NdPb3_221,0.8500000000000001,0.9,0.01151165705293581
NdPb3_221,0.9,0.9500000000000001,0.01101127503770305
NdPb3_221,0.9500000000000001,1.0,0.010074743073904885
NdPb3_221,1.0,1.05,0.010434116701880705
NdPb3_221,1.05,1.1,0.009920238157230823
NdPb3_221,1.1,1.1500000000000001,0.007949427840214822
NdPb3_221,1.1500000000000001,1.2000000000000002,0.006379466770120017
NdPb3_221,1.2000000000000002,1.25,0.0038229819943111027
NdPb3_221,1.25,1.3,0.002102030590317936
NdPb3_221,1.3,1.35,0.0010424821474608913
NdPb3_221,1.35,1.4000000000000001,0.00041463485464909085
NdPb3_221,1.4000000000000001,1.4500000000000002,0.0001922876146341427
NdPb3_221,1.4500000000000002,1.5,7.848732341650625e-05
NdPb3_221,1.5,1.55,3.041827542476258e-05
NdPb3_221,1.55,1.6,1.2958732115536684e-05
NdPb3_221,1.6,1.6500000000000001,3.3262953453714898e-06
NdPb3_221,1.6500000000000001,1.7000000000000002,1.265574685934235e-07
NdPb3_221,1.7000000000000002,1.75,0.0
NdPb3_221,1.75,1.8,0.0
NdPb3_221,1.8,1.85,0.0
NdPb3_221,1.85,1.9000000000000001,0.0
NdPb3_221,1.9000000000000001,1.9500000000000002,0.0
NdPb3_221,1.9500000000000002,2.0,0.0
NdPb3_221,2.0,2.0500000000000003,0.0
NdPb3_221,2.0500000000000003,2.1,0.0
NdPb3_221,2.1,2.15,0.0
NdPb3_221,2.15,2.2,0.0
NdPb3_221,2.2,2.25,0.0
NdPb3_221,2.25,2.3000000000000003,0.0
NdPb3_221,2.3000000000000003,2.35,0.0
NdPb3_221,2.35,2.4000000000000004,0.0
NdPb3_221,2.4000000000000004,2.45,0.0
NdPb3_221,2.45,2.5,0.0
NdPb3_221,2.5,2.5500000000000003,0.0
NdPb3_221,2.5500000000000003,2.6,0.0
NdPb3_221,2.6,2.6500000000000004,0.0
NdPb3_221,2.6500000000000004,2.7,0.0
NdPb3_221,2.7,2.75,0.0
NdPb3_221,2.75,2.8000000000000003,0.0
NdPb3_221,2.8000000000000003,2.85,0.0
NdPb3_221,2.85,2.9000000000000004,0.0
NdPb3_221,2.9000000000000004,2.95,0.0
NdPb3_221,2.95,3.0,0.0
Li6IrN4_137,0.0,0.05,0.0006070247457593688
Li6IrN4_137,0.05,0.1,0.002379787356379158
Li6IrN4_137,0.1,0.15000000000000002,0.0079155481733575
Li6IrN4_137,0.15000000000000002,0.2,0.012425324683724929
Li6IrN4_137,0.2,0.25,0.02053325898259439
Li6IrN4_137,0.25,0.30000000000000004,0.03267808175872053
Li6IrN4_137,0.30000000000000004,0.35000000000000003,0.03835891296019052
Li6IrN4_137,0.35000000000000003,0.4,0.052491133056664176
Li6IrN4_137,0.4,0.45,0.054970498364622034
Li6IrN4_137,0.45,0.5,0.06157552194600009
Li6IrN4_137,0.5,0.55,0.06856039077502797
Li6IrN4_137,0.55,0.6000000000000001,0.06681773064183268
Li6IrN4_137,0.6000000000000001,0.65,0.06770974198779564
Li6IrN4_137,0.65,0.7000000000000001,0.06129574491982416
Li6IrN4_137,0.7000000000000001,0.75,0.05454729049415464
Li6IrN4_137,0.75,0.8,0.04672211934605156
Li6IrN4_137,0.8,0.8500000000000001,0.03922692457105926
Li6IrN4_137,0.8500000000000001,0.9,0.03644674305621374
Li6IrN4_137,0.9,0.9500000000000001,0.03325413609063164
Li6IrN4_137,0.9500000000000001,1.0,0.03236818856101872
Li6IrN4_137,1.0,1.05,0.030126163727238864
Li6IrN4_137,1.05,1.1,0.025828701175140006
Li6IrN4_137,1.1,1.1500000000000001,0.0259747588512945
Li6IrN4_137,1.1500000000000001,1.2000000000000002,0.022022633674437093
Li6IrN4_137,1.2000000000000002,1.25,0.01980666185508757
Li6IrN4_137,1.25,1.3,0.017861390046747194
Li6IrN4_137,1.3,1.35,0.015881085506776103
Li6IrN4_137,1.35,1.4000000000000001,0.013301064522720755
Li6IrN4_137,1.4000000000000001,1.4500000000000002,0.010586976054999789
Li6IrN4_137,1.4500000000000002,1.5,0.00814889584559304
Li6IrN4_137,1.5,1.55,0.005851310852260295
Li6IrN4_137,1.55,1.6,0.004468953980061739
Li6IrN4_137,1.6,1.6500000000000001,0.0030326225675910714
Li6IrN4_137,1.6500000000000001,1.7000000000000002,0.002058151069970829
Li6IrN4_137,1.7000000000000002,1.75,0.0013698444749750307
Li6IrN4_137,1.75,1.8,0.0008675181148343359
Li6IrN4_137,1.8,1.85,0.0006099206941580695
Li6IrN4_137,1.85,1.9000000000000001,0.0004832619826045197
Li6IrN4_137,1.9000000000000001,1.9500000000000002,0.0003085611669436125
Li6IrN4_137,1.9500000000000002,2.0,0.00017161976029712376
Li6IrN4_137,2.0,2.0500000000000003,0.00010313794820767148
Li6IrN4_137,2.0500000000000003,2.1,9.373912238461573e-05
Li6IrN4_137,2.1,2.15,5.267076989828992e-05
Li6IrN4_137,2.15,2.2,4.217158374937042e-05
Li6IrN4_137,2.2,2.25,2.938647083037575e-05
Li6IrN4_137,2.25,2.3000000000000003,1.766082458416736e-05
Li6IrN4_137,2.3000000000000003,2.35,1.08502363736105e-05
Li6IrN4_137,2.35,2.4000000000000004,3.664851714287968e-06
Li6IrN4_137,2.4000000000000004,2.45,4.781925978746555e-07
Li6IrN4_137,2.45,2.5,1.5674491901964883e-06
Li6IrN4_137,2.5,2.5500000000000003,4.741551135372293e-07
Li6IrN4_137,2.5500000000000003,2.6,0.0
Li6IrN4_137,2.6,2.6500000000000004,0.0
Li6IrN4_137,2.6500000000000004,2.7,0.0
Li6IrN4_137,2.7,2.75,0.0
Li6IrN4_137,2.75,2.8000000000000003,0.0
Li6IrN4_137,2.8000000000000003,2.85,0.0
Li6IrN4_137,2.85,2.9000000000000004,0.0
Li6IrN4_137,2.9000000000000004,2.95,0.0
Li6IrN4_137,2.95,3.0,0.0
NdIr2_227,0.0,0.05,0.0030458955450356514
NdIr2_227,0.05,0.1,0.00952800606725675
NdIr2_227,0.1,0.15000000000000002,0.030744918308542524
NdIr2_227,0.15000000000000002,0.2,0.061142348927379894
NdIr2_227,0.2,0.25,0.07003289521766097
NdIr2_227,0.25,0.30000000000000004,0.10318747778550043
NdIr2_227,0.30000000000000004,0.35000000000000003,0.10125610310630591
NdIr2_227,0.35000000000000003,0.4,0.11056640126081671
NdIr2_227,0.4,0.45,0.10321734532632433
NdIr2_227,0.45,0.5,0.0885892298375975
NdIr2_227,0.5,0.55,0.06577195753728514
NdIr2_227,0.55,0.6000000000000001,0.05583741221136157
NdIr2_227,0.6000000000000001,0.65,0.03747143739398673
NdIr2_227,0.65,0.7000000000000001,0.026158347562902282
NdIr2_227,0.7000000000000001,0.75,0.020323066234015266
NdIr2_227,0.75,0.8,0.016567602980653653
NdIr2_227,0.8,0.8500000000000001,0.01522215713699782
NdIr2_227,0.8500000000000001,0.9,0.0123264707612175
NdIr2_227,0.9,0.9500000000000001,0.010083321599795601
NdIr2_227,0.9500000000000001,1.0,0.01020824169037747
NdIr2_227,1.0,1.05,0.010632138470857012
NdIr2_227,1.05,1.1,0.011743775407163967
NdIr2_227,1.1,1.1500000000000001,0.010541640362172805
NdIr2_227,1.1500000000000001,1.2000000000000002,0.008267666491076369
NdIr2_227,1.2000000000000002,1.25,0.004667147580931361
NdIr2_227,1.25,1.3,0.0020564863329830168
NdIr2_227,1.3,1.35,0.0006947586396623479
NdIr2_227,1.35,1.4000000000000001,0.00011575022413913335
NdIr2_227,1.4000000000000001,1.4500000000000002,0.0
NdIr2_227,1.4500000000000002,1.5,0.0
NdIr2_227,1.5,1.55,0.0
NdIr2_227,1.55,1.6,0.0
NdIr2_227,1.6,1.6500000000000001,0.0
NdIr2_227,1.6500000000000001,1.7000000000000002,0.0
NdIr2_227,1.7000000000000002,1.75,0.0
NdIr2_227,1.75,1.8,0.0
NdIr2_227,1.8,1.85,0.0
NdIr2_227,1.85,1.9000000000000001,0.0
NdIr2_227,1.9000000000000001,1.9500000000000002,0.0
NdIr2_227,1.9500000000000002,2.0,0.0
NdIr2_227,2.0,2.0500000000000003,0.0
NdIr2_227,2.0500000000000003,2.1,0.0
NdIr2_227,2.1,2.15,0.0
NdIr2_227,2.15,2.2,0.0
NdIr2_227,2.2,2.25,0.0
NdIr2_227,2.25,2.3000000000000003,0.0
NdIr2_227,2.3000000000000003,2.35,0.0
NdIr2_227,2.35,2.4000000000000004,0.0
NdIr2_227,2.4000000000000004,2.45,0.0
NdIr2_227,2.45,2.5,0.0
NdIr2_227,2.5,2.5500000000000003,0.0
NdIr2_227,2.5500000000000003,2.6,0.0
NdIr2_227,2.6,2.6500000000000004,0.0
NdIr2_227,2.6500000000000004,2.7,0.0
NdIr2_227,2.7,2.75,0.0
NdIr2_227,2.75,2.8000000000000003,0.0
NdIr2_227,2.8000000000000003,2.85,0.0
NdIr2_227,2.85,2.9000000000000004,0.0
NdIr2_227,2.9000000000000004,2.95,0.0
NdIr2_227,2.95,3.0,0.0
Rb(CoS)2_139,0.0,0.05,0.00036492928414355835
Rb(CoS)2_139,0.05,0.1,0.008387198605014193
Rb(CoS)2_139,0.1,0.15000000000000002,0.02113001670602908
Rb(CoS)2_139,0.15000000000000002,0.2,0.0399041266696718
Rb(CoS)2_139,0.2,0.25,0.05502032884160403
Rb(CoS)2_139,0.25,0.30000000000000004,0.07334078580518597
Rb(CoS)2_139,0.30000000000000004,0.35000000000000003,0.09189767203367798
Rb(CoS)2_139,0.35000000000000003,0.4,0.08800259660349093
Rb(CoS)2_139,0.4,0.45,0.10249385000359025
Rb(CoS)2_139,0.45,0.5,0.0908257054419835
Rb(CoS)2_139,0.5,0.55,0.08216671749531536
Rb(CoS)2_139,0.55,0.6000000000000001,0.07071031499137773
Rb(CoS)2_139,0.6000000000000001,0.65,0.0566518631575836
Rb(CoS)2_139,0.65,0.7000000000000001,0.04404005356622353
Rb(CoS)2_139,0.7000000000000001,0.75,0.03082246554779943
Rb(CoS)2_139,0.75,0.8,0.02265529979456678
Rb(CoS)2_139,0.8,0.8500000000000001,0.018074251684822823
Rb(CoS)2_139,0.8500000000000001,0.9,0.014623978712253207
Rb(CoS)2_139,0.9,0.9500000000000001,0.011923462514935671
Rb(CoS)2_139,0.9500000000000001,1.0,0.010009006218042339
Rb(CoS)2_139,1.0,1.05,0.008659427818345687
Rb(CoS)2_139,1.05,1.1,0.00785452298517783
Rb(CoS)2_139,1.1,1.1500000000000001,0.006731405071154225
Rb(CoS)2_139,1.1500000000000001,1.2000000000000002,0.00559880290711305
Rb(CoS)2_139,1.2000000000000002,1.25,0.004871643232240128
Rb(CoS)2_139,1.25,1.3,0.00443003906349406
Rb(CoS)2_139,1.3,1.35,0.004159852968803555
Rb(CoS)2_139,1.35,1.4000000000000001,0.003670662051340055
Rb(CoS)2_139,1.4000000000000001,1.4500000000000002,0.003327678454581016
Rb(CoS)2_139,1.4500000000000002,1.5,0.003024428140293743
Rb(CoS)2_139,1.5,1.55,0.002725159572866355
Rb(CoS)2_139,1.55,1.6,0.0024328816046147437
Rb(CoS)2_139,1.6,1.6500000000000001,0.0021725616748193726
Rb(CoS)2_139,1.6500000000000001,1.7000000000000002,0.0019697633123068317
Rb(CoS)2_139,1.7000000000000002,1.75,0.0015083700742121154
Rb(CoS)2_139,1.75,1.8,0.0011508434916491798
Rb(CoS)2_139,1.8,1.85,0.0008826226898560303
Rb(CoS)2_139,1.85,1.9000000000000001,0.0006721207609904127
Rb(CoS)2_139,1.9000000000000001,1.9500000000000002,0.0004750837654500569
Rb(CoS)2_139,1.9500000000000002,2.0,0.00033594109585397615
Rb(CoS)2_139,2.0,2.0500000000000003,0.00015887994781561227
Rb(CoS)2_139,2.0500000000000003,2.1,9.158324761440711e-05
Rb(CoS)2_139,2.1,2.15,4.1781886137059474e-05
Rb(CoS)2_139,2.15,2.2,9.320505959202493e-06
Rb(CoS)2_139,2.2,2.25,0.0
Rb(CoS)2_139,2.25,2.3000000000000003,0.0
Rb(CoS)2_139,2.3000000000000003,2.35,0.0
Rb(CoS)2_139,2.35,2.4000000000000004,0.0
Rb(CoS)2_139,2.4000000000000004,2.45,0.0
Rb(CoS)2_139,2.45,2.5,0.0
Rb(CoS)2_139,2.5,2.5500000000000003,0.0
Rb(CoS)2_139,2.5500000000000003,2.6,0.0
Rb(CoS)2_139,2.6,2.6500000000000004,0.0
Rb(CoS)2_139,2.6500000000000004,2.7,0.0
Rb(CoS)2_139,2.7,2.75,0.0
Rb(CoS)2_139,2.75,2.8000000000000003,0.0
Rb(CoS)2_139,2.8000000000000003,2.85,0.0
Rb(CoS)2_139,2.85,2.9000000000000004,0.0
Rb(CoS)2_139,2.9000000000000004,2.95,0.0
Rb(CoS)2_139,2.95,3.0,0.0
ScMn2_194,0.0,0.05,0.0007003521026116138
ScMn2_194,0.05,0.1,0.007975036208861502
ScMn2_194,0.1,0.15000000000000002,0.021710862485740345
ScMn2_194,0.15000000000000002,0.2,0.03513162162305043
ScMn2_194,0.2,0.25,0.058691643754388345
ScMn2_194,0.25,0.30000000000000004,0.06950206358603878
ScMn2_194,0.30000000000000004,0.35000000000000003,0.08340675135323551
ScMn2_194,0.35000000000000003,0.4,0.08802109742649959
ScMn2_194,0.4,0.45,0.09331771504654826
ScMn2_194,0.45,0.5,0.09089123617215783
ScMn2_194,0.5,0.55,0.07806869920535095
ScMn2_194,0.55,0.6000000000000001,0.06988815827196221
ScMn2_194,0.6000000000000001,0.65,0.05707277084527691
ScMn2_194,0.65,0.7000000000000001,0.04538752718734666
ScMn2_194,0.7000000000000001,0.75,0.036060248596069426
ScMn2_194,0.75,0.8,0.03037835261114322
ScMn2_194,0.8,0.8500000000000001,0.027379333345659992
ScMn2_194,0.8500000000000001,0.9,0.02459536385235745
ScMn2_194,0.9,0.9500000000000001,0.02233384045476002
ScMn2_194,0.9500000000000001,1.0,0.01726495210743285
ScMn2_194,1.0,1.05,0.01244562245331053
ScMn2_194,1.05,1.1,0.008338362369645684
ScMn2_194,1.1,1.1500000000000001,0.007163711728398726
ScMn2_194,1.1500000000000001,1.2000000000000002,0.005982999089400443
ScMn2_194,1.2000000000000002,1.25,0.0040686041015978456
ScMn2_194,1.25,1.3,0.0026081133625547874
ScMn2_194,1.3,1.35,0.0012430214060527465
ScMn2_194,1.35,1.4000000000000001,0.0003691300173501297
ScMn2_194,1.4000000000000001,1.4500000000000002,2.809235198177361e-06
ScMn2_194,1.4500000000000002,1.5,0.0
ScMn2_194,1.5,1.55,0.0
ScMn2_194,1.55,1.6,0.0
ScMn2_194,1.6,1.6500000000000001,0.0
ScMn2_194,1.6500000000000001,1.7000000000000002,0.0
ScMn2_194,1.7000000000000002,1.75,0.0
ScMn2_194,1.75,1.8,0.0
ScMn2_194,1.8,1.85,0.0
ScMn2_194,1.85,1.9000000000000001,0.0
ScMn2_194,1.9000000000000001,1.9500000000000002,0.0
ScMn2_194,1.9500000000000002,2.0,0.0
ScMn2_194,2.0,2.0500000000000003,0.0
ScMn2_194,2.0500000000000003,2.1,0.0
ScMn2_194,2.1,2.15,0.0
ScMn2_194,2.15,2.2,0.0
ScMn2_194,2.2,2.25,0.0
ScMn2_194,2.25,2.3000000000000003,0.0
ScMn2_194,2.3000000000000003,2.35,0.0
ScMn2_194,2.35,2.4000000000000004,0.0
ScMn2_194,2.4000000000000004,2.45,0.0
ScMn2_194,2.45,2.5,0.0
ScMn2_194,2.5,2.5500000000000003,0.0
ScMn2_194,2.5500000000000003,2.6,0.0
ScMn2_194,2.6,2.6500000000000004,0.0
ScMn2_194,2.6500000000000004,2.7,0.0
ScMn2_194,2.7,2.75,0.0
ScMn2_194,2.75,2.8000000000000003,0.0
ScMn2_194,2.8000000000000003,2.85,0.0
ScMn2_194,2.85,2.9000000000000004,0.0
ScMn2_194,2.9000000000000004,2.95,0.0
ScMn2_194,2.95,3.0,0.0
NbSbRh_216,0.0,0.05,0.0005925711719610705
NbSbRh_216,0.05,0.1,0.00378963182437072
NbSbRh_216,0.1,0.15000000000000002,0.008888082766161546
NbSbRh_216,0.15000000000000002,0.2,0.015797016590026188
NbSbRh_216,0.2,0.25,0.023447080171130445
NbSbRh_216,0.25,0.30000000000000004,0.033058444975645696
NbSbRh_216,0.30000000000000004,0.35000000000000003,0.03814336889563865
NbSbRh_216,0.35000000000000003,0.4,0.04709092313560119
NbSbRh_216,0.4,0.45,0.058662339849524466
NbSbRh_216,0.45,0.5,0.06116219247483952
NbSbRh_216,0.5,0.55,0.06676970716666414
NbSbRh_216,0.55,0.6000000000000001,0.06895306338881867
NbSbRh_216,0.6000000000000001,0.65,0.06973969093067083
NbSbRh_216,0.65,0.7000000000000001,0.061723031755699743
NbSbRh_216,0.7000000000000001,0.75,0.060121264880570624
NbSbRh_216,0.75,0.8,0.05344321230702034
NbSbRh_216,0.8,0.8500000000000001,0.050232009405329126
NbSbRh_216,0.8500000000000001,0.9,0.048353270905448345
NbSbRh_216,0.9,0.9500000000000001,0.043375807644342484
NbSbRh_216,0.9500000000000001,1.0,0.039183240718523214
NbSbRh_216,1.0,1.05,0.03338768812498502
NbSbRh_216,1.05,1.1,0.02645693916644277
NbSbRh_216,1.1,1.1500000000000001,0.01940719230013786
NbSbRh_216,1.1500000000000001,1.2000000000000002,0.013827365707873462
NbSbRh_216,1.2000000000000002,1.25,0.011850345857452968
NbSbRh_216,1.25,1.3,0.010662905388814876
NbSbRh_216,1.3,1.35,0.008268335325133522
NbSbRh_216,1.35,1.4000000000000001,0.005618363685724419
NbSbRh_216,1.4000000000000001,1.4500000000000002,0.004177067837473771
NbSbRh_216,1.4500000000000002,1.5,0.0030167710181211753
NbSbRh_216,1.5,1.55,0.002494957100255989
NbSbRh_216,1.55,1.6,0.0019129618438075361
NbSbRh_216,1.6,1.6500000000000001,0.0016053695295261687
NbSbRh_216,1.6500000000000001,1.7000000000000002,0.0012143837715203971
NbSbRh_216,1.7000000000000002,1.75,0.0009537668540290369
NbSbRh_216,1.75,1.8,0.0007576964874699009
NbSbRh_216,1.8,1.85,0.0005730303725856352
NbSbRh_216,1.85,1.9000000000000001,0.0004861260828459116
NbSbRh_216,1.9000000000000001,1.9500000000000002,0.00033127725990758845
NbSbRh_216,1.9500000000000002,2.0,0.00020009879533532584
NbSbRh_216,2.0,2.0500000000000003,0.00016049709210379202
NbSbRh_216,2.0500000000000003,2.1,7.886732489320414e-05
NbSbRh_216,2.1,2.15,2.071880649894466e-05
NbSbRh_216,2.15,2.2,1.1323309075835002e-05
NbSbRh_216,2.2,2.25,0.0
NbSbRh_216,2.25,2.3000000000000003,0.0
NbSbRh_216,2.3000000000000003,2.35,0.0
NbSbRh_216,2.35,2.4000000000000004,0.0
NbSbRh_216,2.4000000000000004,2.45,0.0
NbSbRh_216,2.45,2.5,0.0
NbSbRh_216,2.5,2.5500000000000003,0.0
NbSbRh_216,2.5500000000000003,2.6,0.0
NbSbRh_216,2.6,2.6500000000000004,0.0
NbSbRh_216,2.6500000000000004,2.7,0.0
NbSbRh_216,2.7,2.75,0.0
NbSbRh_216,2.75,2.8000000000000003,0.0
NbSbRh_216,2.8000000000000003,2.85,0.0
NbSbRh_216,2.85,2.9000000000000004,0.0
NbSbRh_216,2.9000000000000004,2.95,0.0
NbSbRh_216,2.95,3.0,0.0
Ho5Si3_193,0.0,0.05,0.0017396238606122924
Ho5Si3_193,0.05,0.1,0.013679350366107285
Ho5Si3_193,0.1,0.15000000000000002,0.031515203583421816
Ho5Si3_193,0.15000000000000002,0.2,0.0552917843097717
Ho5Si3_193,0.2,0.25,0.08100241357416278
Ho5Si3_193,0.25,0.30000000000000004,0.09967330061553747
Ho5Si3_193,0.30000000000000004,0.35000000000000003,0.11638670843113422
Ho5Si3_193,0.35000000000000003,0.4,0.11728388539250252
Ho5Si3_193,0.4,0.45,0.11452633732621514
Ho5Si3_193,0.45,0.5,0.09712691690549415
Ho5Si3_193,0.5,0.55,0.0762341460969002
Ho5Si3_193,0.55,0.6000000000000001,0.05511006361819767
Ho5Si3_193,0.6000000000000001,0.65,0.03377460191824325
Ho5Si3_193,0.65,0.7000000000000001,0.019107248125278333
Ho5Si3_193,0.7000000000000001,0.75,0.009179806362049025
Ho5Si3_193,0.75,0.8,0.004810596012187541
Ho5Si3_193,0.8,0.8500000000000001,0.003617222041271462
Ho5Si3_193,0.8500000000000001,0.9,0.004135034804322356
Ho5Si3_193,0.9,0.9500000000000001,0.005084138965519457
Ho5Si3_193,0.9500000000000001,1.0,0.00568165354947964
Ho5Si3_193,1.0,1.05,0.0057903774039406615
Ho5Si3_193,1.05,1.1,0.005694656689074728
Ho5Si3_193,1.1,1.1500000000000001,0.005780633316414807
Ho5Si3_193,1.1500000000000001,1.2000000000000002,0.006071078117075482
Ho5Si3_193,1.2000000000000002,1.25,0.006214200850994895
Ho5Si3_193,1.25,1.3,0.005860471918532075
Ho5Si3_193,1.3,1.35,0.0045318026661569115
Ho5Si3_193,1.35,1.4000000000000001,0.003484486753651802
Ho5Si3_193,1.4000000000000001,1.4500000000000002,0.0026289777187114434
Ho5Si3_193,1.4500000000000002,1.5,0.0020597856548034924
Ho5Si3_193,1.5,1.55,0.0016274371133064387
Ho5Si3_193,1.55,1.6,0.001262378255475929
Ho5Si3_193,1.6,1.6500000000000001,0.0009596838380096898
Ho5Si3_193,1.6500000000000001,1.7000000000000002,0.0007759868186770425
Ho5Si3_193,1.7000000000000002,1.75,0.0006416254351912244
Ho5Si3_193,1.75,1.8,0.0005721217924620904
Ho5Si3_193,1.8,1.85,0.0004511029182188531
Ho5Si3_193,1.85,1.9000000000000001,0.0003202712557403008
Ho5Si3_193,1.9000000000000001,1.9500000000000002,0.00019862283674076126
Ho5Si3_193,1.9500000000000002,2.0,8.32661462757794e-05
Ho5Si3_193,2.0,2.0500000000000003,2.7245475878572897e-05
Ho5Si3_193,2.0500000000000003,2.1,3.7511662583865985e-06
Ho5Si3_193,2.1,2.15,0.0
Ho5Si3_193,2.15,2.2,0.0
Ho5Si3_193,2.2,2.25,0.0
Ho5Si3_193,2.25,2.3000000000000003,0.0
Ho5Si3_193,2.3000000000000003,2.35,0.0
Ho5Si3_193,2.35,2.4000000000000004,0.0
Ho5Si3_193,2.4000000000000004,2.45,0.0
Ho5Si3_193,2.45,2.5,0.0
Ho5Si3_193,2.5,2.5500000000000003,0.0
Ho5Si3_193,2.5500000000000003,2.6,0.0
Ho5Si3_193,2.6,2.6500000000000004,0.0
Ho5Si3_193,2.6500000000000004,2.7,0.0
Ho5Si3_193,2.7,2.75,0.0
Ho5Si3_193,2.75,2.8000000000000003,0.0
Ho5Si3_193,2.8000000000000003,2.85,0.0
Ho5Si3_193,2.85,2.9000000000000004,0.0
Ho5Si3_193,2.9000000000000004,2.95,0.0
Ho5Si3_193,2.95,3.0,0.0
ZrZn2_227,0.0,0.05,0.0005807869233382295
ZrZn2_227,0.05,0.1,0.002133853632881268
ZrZn2_227,0.1,0.15000000000000002,0.005502879069575054
ZrZn2_227,0.15000000000000002,0.2,0.008526518901256698
ZrZn2_227,0.2,0.25,0.013733665914568371
ZrZn2_227,0.25,0.30000000000000004,0.019169927014771278
ZrZn2_227,0.30000000000000004,0.35000000000000003,0.018553181654547606
ZrZn2_227,0.35000000000000003,0.4,0.022603326217843632
ZrZn2_227,0.4,0.45,0.027131942701684897
ZrZn2_227,0.45,0.5,0.030443261827258445
ZrZn2_227,0.5,0.55,0.03148924195456749
ZrZn2_227,0.55,0.6000000000000001,0.03308668878785419
ZrZn2_227,0.6000000000000001,0.65,0.03682867396577131
ZrZn2_227,0.65,0.7000000000000001,0.04303747805285151
ZrZn2_227,0.7000000000000001,0.75,0.04307943349338055
ZrZn2_227,0.75,0.8,0.04410012125869542
ZrZn2_227,0.8,0.8500000000000001,0.051454133899656404
ZrZn2_227,0.8500000000000001,0.9,0.05007822945942851
ZrZn2_227,0.9,0.9500000000000001,0.052703556761126376
ZrZn2_227,0.9500000000000001,1.0,0.0544272274382873
ZrZn2_227,1.0,1.05,0.05787724919886289
ZrZn2_227,1.05,1.1,0.06435465193439552
ZrZn2_227,1.1,1.1500000000000001,0.06682913714089501
ZrZn2_227,1.1500000000000001,1.2000000000000002,0.0683605048390194
ZrZn2_227,1.2000000000000002,1.25,0.06059715614017702
ZrZn2_227,1.25,1.3,0.0444836562121628
ZrZn2_227,1.3,1.35,0.027578866311396822
ZrZn2_227,1.35,1.4000000000000001,0.013181465734233951
ZrZn2_227,1.4000000000000001,1.4500000000000002,0.0063916356844688415
ZrZn2_227,1.4500000000000002,1.5,0.0016259606346857624
ZrZn2_227,1.5,1.55,5.558724035847987e-05
ZrZn2_227,1.55,1.6,0.0
ZrZn2_227,1.6,1.6500000000000001,0.0
ZrZn2_227,1.6500000000000001,1.7000000000000002,0.0
ZrZn2_227,1.7000000000000002,1.75,0.0
ZrZn2_227,1.75,1.8,0.0
ZrZn2_227,1.8,1.85,0.0
ZrZn2_227,1.85,1.9000000000000001,0.0
ZrZn2_227,1.9000000000000001,1.9500000000000002,0.0
ZrZn2_227,1.9500000000000002,2.0,0.0
ZrZn2_227,2.0,2.0500000000000003,0.0
ZrZn2_227,2.0500000000000003,2.1,0.0
ZrZn2_227,2.1,2.15,0.0
ZrZn2_227,2.15,2.2,0.0
ZrZn2_227,2.2,2.25,0.0
ZrZn2_227,2.25,2.3000000000000003,0.0
ZrZn2_227,2.3000000000000003,2.35,0.0
ZrZn2_227,2.35,2.4000000000000004,0.0
ZrZn2_227,2.4000000000000004,2.45,0.0
ZrZn2_227,2.45,2.5,0.0
ZrZn2_227,2.5,2.5500000000000003,0.0
ZrZn2_227,2.5500000000000003,2.6,0.0
ZrZn2_227,2.6,2.6500000000000004,0.0
ZrZn2_227,2.6500000000000004,2.7,0.0
ZrZn2_227,2.7,2.75,0.0
ZrZn2_227,2.75,2.8000000000000003,0.0
ZrZn2_227,2.8000000000000003,2.85,0.0
ZrZn2_227,2.85,2.9000000000000004,0.0
ZrZn2_227,2.9000000000000004,2.95,0.0
ZrZn2_227,2.95,3.0,0.0
Sc(Al2Fe)4_139,0.0,0.05,0.00039531979700866115
Sc(Al2Fe)4_139,0.05,0.1,0.008775125284213363
Sc(Al2Fe)4_139,0.1,0.15000000000000002,0.02269748492782907
Sc(Al2Fe)4_139,0.15000000000000002,0.2,0.04070551464601229
Sc(Al2Fe)4_139,0.2,0.25,0.057435109669178114
Sc(Al2Fe)4_139,0.25,0.30000000000000004,0.07481259466344022
Sc(Al2Fe)4_139,0.30000000000000004,0.35000000000000003,0.08864740826054927
Sc(Al2Fe)4_139,0.35000000000000003,0.4,0.09026773077570942
Sc(Al2Fe)4_139,0.4,0.45,0.095432081168293
Sc(Al2Fe)4_139,0.45,0.5,0.08638059904260435
Sc(Al2Fe)4_139,0.5,0.55,0.07811801982001912
Sc(Al2Fe)4_139,0.55,0.6000000000000001,0.06516893193144277
Sc(Al2Fe)4_139,0.6000000000000001,0.65,0.04949311943302284
Sc(Al2Fe)4_139,0.65,0.7000000000000001,0.039693234967018876
Sc(Al2Fe)4_139,0.7000000000000001,0.75,0.029755308286363934
Sc(Al2Fe)4_139,0.75,0.8,0.023771173494087465
Sc(Al2Fe)4_139,0.8,0.8500000000000001,0.021090756683853396
Sc(Al2Fe)4_139,0.8500000000000001,0.9,0.018165674440647105
Sc(Al2Fe)4_139,0.9,0.9500000000000001,0.015451942632338157
Sc(Al2Fe)4_139,0.9500000000000001,1.0,0.013020842824355136
Sc(Al2Fe)4_139,1.0,1.05,0.010871093485591917
Sc(Al2Fe)4_139,1.05,1.1,0.008601217364348577
Sc(Al2Fe)4_139,1.1,1.1500000000000001,0.007749723462501224
Sc(Al2Fe)4_139,1.1500000000000001,1.2000000000000002,0.007614691659666246
Sc(Al2Fe)4_139,1.2000000000000002,1.25,0.007612283419443599
Sc(Al2Fe)4_139,1.25,1.3,0.0074849101725675505
Sc(Al2Fe)4_139,1.3,1.35,0.007298255374654134
Sc(Al2Fe)4_139,1.35,1.4000000000000001,0.006816860232615196
Sc(Al2Fe)4_139,1.4000000000000001,1.4500000000000002,0.005432539283393499
Sc(Al2Fe)4_139,1.4500000000000002,1.5,0.004020025098591076
Sc(Al2Fe)4_139,1.5,1.55,0.0029244965322731136
Sc(Al2Fe)4_139,1.55,1.6,0.00204279998969163
Sc(Al2Fe)4_139,1.6,1.6500000000000001,0.0012997908617460082
Sc(Al2Fe)4_139,1.6500000000000001,1.7000000000000002,0.000641068774556988
Sc(Al2Fe)4_139,1.7000000000000002,1.75,0.00022743459353743076
Sc(Al2Fe)4_139,1.75,1.8,6.08155029757477e-05
Sc(Al2Fe)4_139,1.8,1.85,1.9141782400292024e-05
Sc(Al2Fe)4_139,1.85,1.9000000000000001,4.544273545196651e-06
Sc(Al2Fe)4_139,1.9000000000000001,1.9500000000000002,3.353879133667038e-07
Sc(Al2Fe)4_139,1.9500000000000002,2.0,0.0
Sc(Al2Fe)4_139,2.0,2.0500000000000003,0.0
Sc(Al2Fe)4_139,2.0500000000000003,2.1,0.0
Sc(Al2Fe)4_139,2.1,2.15,0.0
Sc(Al2Fe)4_139,2.15,2.2,0.0
Sc(Al2Fe)4_139,2.2,2.25,0.0
Sc(Al2Fe)4_139,2.25,2.3000000000000003,0.0
Sc(Al2Fe)4_139,2.3000000000000003,2.35,0.0
Sc(Al2Fe)4_139,2.35,2.4000000000000004,0.0
Sc(Al2Fe)4_139,2.4000000000000004,2.45,0.0
Sc(Al2Fe)4_139,2.45,2.5,0.0
Sc(Al2Fe)4_139,2.5,2.5500000000000003,0.0
Sc(Al2Fe)4_139,2.5500000000000003,2.6,0.0
Sc(Al2Fe)4_139,2.6,2.6500000000000004,0.0
Sc(Al2Fe)4_139,2.6500000000000004,2.7,0.0
Sc(Al2Fe)4_139,2.7,2.75,0.0
Sc(Al2Fe)4_139,2.75,2.8000000000000003,0.0
Sc(Al2Fe)4_139,2.8000000000000003,2.85,0.0
Sc(Al2Fe)4_139,2.85,2.9000000000000004,0.0
Sc(Al2Fe)4_139,2.9000000000000004,2.95,0.0
Sc(Al2Fe)4_139,2.95,3.0,0.0
DyFeSi_129,0.0,0.05,0.001116746707167142
DyFeSi_129,0.05,0.1,0.004740814782863794
DyFeSi_129,0.1,0.15000000000000002,0.01825472895547932
DyFeSi_129,0.15000000000000002,0.2,0.028146342074140008
DyFeSi_129,0.2,0.25,0.048830903662013314
DyFeSi_129,0.25,0.30000000000000004,0.06024489508941985
DyFeSi_129,0.30000000000000004,0.35000000000000003,0.09158090299651231
DyFeSi_129,0.35000000000000003,0.4,0.11089630881855103
DyFeSi_129,0.4,0.45,0.1222392530678512
DyFeSi_129,0.45,0.5,0.1255478805187362
DyFeSi_129,0.5,0.55,0.1169149407972552
DyFeSi_129,0.55,0.6000000000000001,0.09401378278828575
DyFeSi_129,0.6000000000000001,0.65,0.062362720345679454
DyFeSi_129,0.65,0.7000000000000001,0.038749788782562467
DyFeSi_129,0.7000000000000001,0.75,0.020341618312657357
DyFeSi_129,0.75,0.8,0.01145337603097874
DyFeSi_129,0.8,0.8500000000000001,0.008178461955853691
DyFeSi_129,0.8500000000000001,0.9,0.006377442711032369
DyFeSi_129,0.9,0.9500000000000001,0.005087937314524081
DyFeSi_129,0.9500000000000001,1.0,0.004140394793415882
DyFeSi_129,1.0,1.05,0.003497227974905718
DyFeSi_129,1.05,1.1,0.0031854570975786162
DyFeSi_129,1.1,1.1500000000000001,0.00276074519570876
DyFeSi_129,1.1500000000000001,1.2000000000000002,0.0024514824222180965
DyFeSi_129,1.2000000000000002,1.25,0.0020644690081383344
DyFeSi_129,1.25,1.3,0.0016495931644363645
DyFeSi_129,1.3,1.35,0.0010167305333622755
DyFeSi_129,1.35,1.4000000000000001,0.0007608381463357713
DyFeSi_129,1.4000000000000001,1.4500000000000002,0.0005922855184700018
DyFeSi_129,1.4500000000000002,1.5,0.0005456699846612236
DyFeSi_129,1.5,1.55,0.0004763111780438334
DyFeSi_129,1.55,1.6,0.0004293361235363561
DyFeSi_129,1.6,1.6500000000000001,0.00035634356987419554
DyFeSi_129,1.6500000000000001,1.7000000000000002,0.0002733681013164988
DyFeSi_129,1.7000000000000002,1.75,0.00024028340608269632
DyFeSi_129,1.75,1.8,0.0001738832406408027
DyFeSi_129,1.8,1.85,0.00014095846020687042
DyFeSi_129,1.85,1.9000000000000001,8.869209098898918e-05
DyFeSi_129,1.9000000000000001,1.9500000000000002,4.878734511891361e-05
DyFeSi_129,1.9500000000000002,2.0,1.7873616984249254e-05
DyFeSi_129,2.0,2.0500000000000003,7.13384161283165e-06
DyFeSi_129,2.0500000000000003,2.1,2.3377046688313036e-06
DyFeSi_129,2.1,2.15,6.969033420965686e-07
DyFeSi_129,2.15,2.2,2.5486678918321535e-07
DyFeSi_129,2.2,2.25,0.0
DyFeSi_129,2.25,2.3000000000000003,0.0
DyFeSi_129,2.3000000000000003,2.35,0.0
DyFeSi_129,2.35,2.4000000000000004,0.0
DyFeSi_129,2.4000000000000004,2.45,0.0
DyFeSi_129,2.45,2.5,0.0
DyFeSi_129,2.5,2.5500000000000003,0.0
DyFeSi_129,2.5500000000000003,2.6,0.0
DyFeSi_129,2.6,2.6500000000000004,0.0
DyFeSi_129,2.6500000000000004,2.7,0.0
DyFeSi_129,2.7,2.75,0.0
DyFeSi_129,2.75,2.8000000000000003,0.0
DyFeSi_129,2.8000000000000003,2.85,0.0
DyFeSi_129,2.85,2.9000000000000004,0.0
DyFeSi_129,2.9000000000000004,2.95,0.0
DyFeSi_129,2.95,3.0,0.0
Y3Al_221,0.0,0.05,0.00048374810216138134
Y3Al_221,0.05,0.1,0.0017151439977579478
Y3Al_221,0.1,0.15000000000000002,0.0079810507407872
Y3Al_221,0.15000000000000002,0.2,0.009330053008000837
Y3Al_221,0.2,0.25,0.01436355339711326
Y3Al_221,0.25,0.30000000000000004,0.014653653969784675
Y3Al_221,0.30000000000000004,0.35000000000000003,0.015726710955670596
Y3Al_221,0.35000000000000003,0.4,0.017986507439121623
Y3Al_221,0.4,0.45,0.01805592645456169
Y3Al_221,0.45,0.5,0.02146565644679819
Y3Al_221,0.5,0.55,0.0276775726562678
Y3Al_221,0.55,0.6000000000000001,0.028640890631318316
Y3Al_221,0.6000000000000001,0.65,0.03995845869898958
Y3Al_221,0.65,0.7000000000000001,0.03933760831352851
Y3Al_221,0.7000000000000001,0.75,0.046189218568501125
Y3Al_221,0.75,0.8,0.051368235127751356
Y3Al_221,0.8,0.8500000000000001,0.05126417587052268
Y3Al_221,0.8500000000000001,0.9,0.05706844070495057
Y3Al_221,0.9,0.9500000000000001,0.058072011249442494
Y3Al_221,0.9500000000000001,1.0,0.06699173400855887
Y3Al_221,1.0,1.05,0.06628789430773453
Y3Al_221,1.05,1.1,0.07269852195144985
Y3Al_221,1.1,1.1500000000000001,0.07575830429498087
Y3Al_221,1.1500000000000001,1.2000000000000002,0.06448965513364278
Y3Al_221,1.2000000000000002,1.25,0.04498441799083194
Y3Al_221,1.25,1.3,0.026713934012998635
Y3Al_221,1.3,1.35,0.012607692849416161
Y3Al_221,1.35,1.4000000000000001,0.005362933117696717
Y3Al_221,1.4000000000000001,1.4500000000000002,0.0032845857448675067
Y3Al_221,1.4500000000000002,1.5,0.0019435275249504423
Y3Al_221,1.5,1.55,0.0018998340145393246
Y3Al_221,1.55,1.6,0.0021329321966031397
Y3Al_221,1.6,1.6500000000000001,0.00291082635023158
Y3Al_221,1.6500000000000001,1.7000000000000002,0.003969442313897172
Y3Al_221,1.7000000000000002,1.75,0.004597144172878937
Y3Al_221,1.75,1.8,0.005366566974401235
Y3Al_221,1.8,1.85,0.0048817105000853525
Y3Al_221,1.85,1.9000000000000001,0.0041936388824109746
Y3Al_221,1.9000000000000001,1.9500000000000002,0.0029658864401576226
Y3Al_221,1.9500000000000002,2.0,0.0017410259666207509
Y3Al_221,2.0,2.0500000000000003,0.0009142436329067524
Y3Al_221,2.0500000000000003,2.1,0.0008501045039430478
Y3Al_221,2.1,2.15,0.0005837053292100391
Y3Al_221,2.15,2.2,0.0003341204217142936
Y3Al_221,2.2,2.25,8.456860196477984e-05
Y3Al_221,2.25,2.3000000000000003,6.938181777634709e-05
Y3Al_221,2.3000000000000003,2.35,4.1449660678174606e-05
Y3Al_221,2.35,2.4000000000000004,1.6009498192680438e-06
Y3Al_221,2.4000000000000004,2.45,0.0
Y3Al_221,2.45,2.5,0.0
Y3Al_221,2.5,2.5500000000000003,0.0
Y3Al_221,2.5500000000000003,2.6,0.0
Y3Al_221,2.6,2.6500000000000004,0.0
Y3Al_221,2.6500000000000004,2.7,0.0
Y3Al_221,2.7,2.75,0.0
Y3Al_221,2.75,2.8000000000000003,0.0
Y3Al_221,2.8000000000000003,2.85,0.0
Y3Al_221,2.85,2.9000000000000004,0.0
Y3Al_221,2.9000000000000004,2.95,0.0
Y3Al_221,2.95,3.0,0.0
RbErO2_166,0.0,0.05,0.0025906375669530707
RbErO2_166,0.05,0.1,0.014457990535272172
RbErO2_166,0.1,0.15000000000000002,0.035746254861781845
RbErO2_166,0.15000000000000002,0.2,0.06735487999506613
RbErO2_166,0.2,0.25,0.09059074891296721
RbErO2_166,0.25,0.30000000000000004,0.11521954003099093
RbErO2_166,0.30000000000000004,0.35000000000000003,0.12692668478243124
RbErO2_166,0.35000000000000003,0.4,0.12795243898887498
RbErO2_166,0.4,0.45,0.11883124899433918
RbErO2_166,0.45,0.5,0.09758811873451043
RbErO2_166,0.5,0.55,0.07388465914747575
RbErO2_166,0.55,0.6000000000000001,0.04861370011179955
RbErO2_166,0.6000000000000001,0.65,0.028430758304011206
RbErO2_166,0.65,0.7000000000000001,0.013667464669875697
RbErO2_166,0.7000000000000001,0.75,0.006878519323131534
RbErO2_166,0.75,0.8,0.004870056410817984
RbErO2_166,0.8,0.8500000000000001,0.004001166487204934
RbErO2_166,0.8500000000000001,0.9,0.0033903681630474414
RbErO2_166,0.9,0.9500000000000001,0.0027841172234402325
RbErO2_166,0.9500000000000001,1.0,0.002301519039495863
RbErO2_166,1.0,1.05,0.0018896954552066027
RbErO2_166,1.05,1.1,0.0014884815382058773
RbErO2_166,1.1,1.1500000000000001,0.0012330492961977993
RbErO2_166,1.1500000000000001,1.2000000000000002,0.0010511475712148553
RbErO2_166,1.2000000000000002,1.25,0.0009109030522219968
RbErO2_166,1.25,1.3,0.0008086919149437843
RbErO2_166,1.3,1.35,0.0007045516492306476
RbErO2_166,1.35,1.4000000000000001,0.0006381429819155933
RbErO2_166,1.4000000000000001,1.4500000000000002,0.0005953499647262309
RbErO2_166,1.4500000000000002,1.5,0.000540447606935964
RbErO2_166,1.5,1.55,0.00048618311119490686
RbErO2_166,1.55,1.6,0.0004531414397438904
RbErO2_166,1.6,1.6500000000000001,0.0004057133791737038
RbErO2_166,1.6500000000000001,1.7000000000000002,0.0003747637991639732
RbErO2_166,1.7000000000000002,1.75,0.0003473669846468232
RbErO2_166,1.75,1.8,0.0003228997927097254
RbErO2_166,1.8,1.85,0.0002891994405239401
RbErO2_166,1.85,1.9000000000000001,0.00024146680773319272
RbErO2_166,1.9000000000000001,1.9500000000000002,0.00020132477167751105
RbErO2_166,1.9500000000000002,2.0,0.00017264693634488768
RbErO2_166,2.0,2.0500000000000003,0.00014252187313004597
RbErO2_166,2.0500000000000003,2.1,0.00013635731754616914
RbErO2_166,2.1,2.15,0.00011470896840338817
RbErO2_166,2.15,2.2,0.00010020177811458286
RbErO2_166,2.2,2.25,8.526257957702684e-05
RbErO2_166,2.25,2.3000000000000003,6.191231124054066e-05
RbErO2_166,2.3000000000000003,2.35,4.644387699048326e-05
RbErO2_166,2.35,2.4000000000000004,3.241357041869989e-05
RbErO2_166,2.4000000000000004,2.45,2.0540490769218416e-05
RbErO2_166,2.45,2.5,1.0096971231088829e-05
RbErO2_166,2.5,2.5500000000000003,6.779685745748343e-06
RbErO2_166,2.5500000000000003,2.6,4.52738513762644e-06
RbErO2_166,2.6,2.6500000000000004,1.7273697238773548e-06
RbErO2_166,2.6500000000000004,2.7,3.877411714115691e-07
RbErO2_166,2.7,2.75,7.830360082618644e-08
RbErO2_166,2.75,2.8000000000000003,0.0
RbErO2_166,2.8000000000000003,2.85,0.0
RbErO2_166,2.85,2.9000000000000004,0.0
RbErO2_166,2.9000000000000004,2.95,0.0
RbErO2_166,2.95,3.0,0.0
ErAl2_227,0.0,0.05,0.004742802786462745
ErAl2_227,0.05,0.1,0.014752751886119141
ErAl2_227,0.1,0.15000000000000002,0.03996734571755815
ErAl2_227,0.15000000000000002,0.2,0.06040271325924844
ErAl2_227,0.2,0.25,0.09895581638682184
ErAl2_227,0.25,0.30000000000000004,0.11133645329195342
ErAl2_227,0.30000000000000004,0.35000000000000003,0.1358832992209132
ErAl2_227,0.35000000000000003,0.4,0.12237972335848105
ErAl2_227,0.4,0.45,0.1159129667964701
ErAl2_227,0.45,0.5,0.10197656722997779
ErAl2_227,0.5,0.55,0.07186446631318896
ErAl2_227,0.55,0.6000000000000001,0.045792459797694966
ErAl2_227,0.6000000000000001,0.65,0.027609955217501047
ErAl2_227,0.65,0.7000000000000001,0.01267838911893895
ErAl2_227,0.7000000000000001,0.75,0.0059355701829269655
ErAl2_227,0.75,0.8,0.0037689834274000685
ErAl2_227,0.8,0.8500000000000001,0.003182633642574126
ErAl2_227,0.8500000000000001,0.9,0.002768247067102345
ErAl2_227,0.9,0.9500000000000001,0.0024730668828779946
ErAl2_227,0.9500000000000001,1.0,0.0021345484013426635
ErAl2_227,1.0,1.05,0.0019545583264190653
ErAl2_227,1.05,1.1,0.00194329290016153
ErAl2_227,1.1,1.1500000000000001,0.0020337023941101573
ErAl2_227,1.1500000000000001,1.2000000000000002,0.0021028498988731035
ErAl2_227,1.2000000000000002,1.25,0.0018588756209876802
ErAl2_227,1.25,1.3,0.0013945966982405618
ErAl2_227,1.3,1.35,0.0009868545128133611
ErAl2_227,1.35,1.4000000000000001,0.0006618408726582528
ErAl2_227,1.4000000000000001,1.4500000000000002,0.0005673613705099572
ErAl2_227,1.4500000000000002,1.5,0.0004897647396537654
ErAl2_227,1.5,1.55,0.0004148903624637644
ErAl2_227,1.55,1.6,0.00031902448921611017
ErAl2_227,1.6,1.6500000000000001,0.0002499171025963616
ErAl2_227,1.6500000000000001,1.7000000000000002,0.00017894712727342318
ErAl2_227,1.7000000000000002,1.75,0.00013723951177327422
ErAl2_227,1.75,1.8,9.417041508307355e-05
ErAl2_227,1.8,1.85,6.288588613810115e-05
ErAl2_227,1.85,1.9000000000000001,2.6399684068778486e-05
ErAl2_227,1.9000000000000001,1.9500000000000002,4.068101404704024e-06
ErAl2_227,1.9500000000000002,2.0,0.0
ErAl2_227,2.0,2.0500000000000003,0.0
ErAl2_227,2.0500000000000003,2.1,0.0
ErAl2_227,2.1,2.15,0.0
ErAl2_227,2.15,2.2,0.0
ErAl2_227,2.2,2.25,0.0
ErAl2_227,2.25,2.3000000000000003,0.0
ErAl2_227,2.3000000000000003,2.35,0.0
ErAl2_227,2.35,2.4000000000000004,0.0
ErAl2_227,2.4000000000000004,2.45,0.0
ErAl2_227,2.45,2.5,0.0
ErAl2_227,2.5,2.5500000000000003,0.0
ErAl2_227,2.5500000000000003,2.6,0.0
ErAl2_227,2.6,2.6500000000000004,0.0
ErAl2_227,2.6500000000000004,2.7,0.0
ErAl2_227,2.7,2.75,0.0
ErAl2_227,2.75,2.8000000000000003,0.0
ErAl2_227,2.8000000000000003,2.85,0.0
ErAl2_227,2.85,2.9000000000000004,0.0
ErAl2_227,2.9000000000000004,2.95,0.0
ErAl2_227,2.95,3.0,0.0
ErSe_225,0.0,0.05,0.0043298799136186695
ErSe_225,0.05,0.1,0.01349854738794724
ErSe_225,0.1,0.15000000000000002,0.03671484913529507
ErSe_225,0.15000000000000002,0.2,0.05580264459026845
ErSe_225,0.2,0.25,0.09734606445988866
ErSe_225,0.25,0.30000000000000004,0.12532381895117006
ErSe_225,0.30000000000000004,0.35000000000000003,0.11454196875648218
ErSe_225,0.35000000000000003,0.4,0.13496282450954702
ErSe_225,0.4,0.45,0.1174482120156723
ErSe_225,0.45,0.5,0.09583582626615517
ErSe_225,0.5,0.55,0.07038281755635376
ErSe_225,0.55,0.6000000000000001,0.04535760961269356
ErSe_225,0.6000000000000001,0.65,0.02629611300007192
ErSe_225,0.65,0.7000000000000001,0.011026630954576632
ErSe_225,0.7000000000000001,0.75,0.004149207701259405
ErSe_225,0.75,0.8,0.002530149710106451
ErSe_225,0.8,0.8500000000000001,0.0020733599127418984
ErSe_225,0.8500000000000001,0.9,0.0016209877003497705
ErSe_225,0.9,0.9500000000000001,0.0014893577513212294
ErSe_225,0.9500000000000001,1.0,0.0017396741951286156
ErSe_225,1.0,1.05,0.0020866788382187824
ErSe_225,1.05,1.1,0.0025487263948353396
ErSe_225,1.1,1.1500000000000001,0.0027513544224370694
ErSe_225,1.1500000000000001,1.2000000000000002,0.0029794339456978396
ErSe_225,1.2000000000000002,1.25,0.002988364824350927
ErSe_225,1.25,1.3,0.0030605736816119718
ErSe_225,1.3,1.35,0.0029826617094143807
ErSe_225,1.35,1.4000000000000001,0.0029453505485597755
ErSe_225,1.4000000000000001,1.4500000000000002,0.002587991847859481
ErSe_225,1.4500000000000002,1.5,0.002296681728808335
ErSe_225,1.5,1.55,0.0019867553412555457
ErSe_225,1.55,1.6,0.0017930093402332705
ErSe_225,1.6,1.6500000000000001,0.0015187419016340748
ErSe_225,1.6500000000000001,1.7000000000000002,0.0012725295306753853
ErSe_225,1.7000000000000002,1.75,0.0010716462290393742
ErSe_225,1.75,1.8,0.0008176563517757673
ErSe_225,1.8,1.85,0.0006212936074864885
ErSe_225,1.85,1.9000000000000001,0.00045277151074366603
ErSe_225,1.9000000000000001,1.9500000000000002,0.0003031234870630203
ErSe_225,1.9500000000000002,2.0,0.00021346538326178023
ErSe_225,2.0,2.0500000000000003,0.00013089685598990719
ErSe_225,2.0500000000000003,2.1,7.530926466272535e-05
ErSe_225,2.1,2.15,3.4449184457339046e-05
ErSe_225,2.15,2.2,9.462638814225967e-06
ErSe_225,2.2,2.25,5.273504655993694e-07
ErSe_225,2.25,2.3000000000000003,0.0
ErSe_225,2.3000000000000003,2.35,0.0
ErSe_225,2.35,2.4000000000000004,0.0
ErSe_225,2.4000000000000004,2.45,0.0
ErSe_225,2.45,2.5,0.0
ErSe_225,2.5,2.5500000000000003,0.0
ErSe_225,2.5500000000000003,2.6,0.0
ErSe_225,2.6,2.6500000000000004,0.0
ErSe_225,2.6500000000000004,2.7,0.0
ErSe_225,2.7,2.75,0.0
ErSe_225,2.75,2.8000000000000003,0.0
ErSe_225,2.8000000000000003,2.85,0.0
ErSe_225,2.85,2.9000000000000004,0.0
ErSe_225,2.9000000000000004,2.95,0.0
ErSe_225,2.95,3.0,0.0
Gd2SO2_164,0.0,0.05,0.001949357124646317
Gd2SO2_164,0.05,0.1,0.014134672658373681
Gd2SO2_164,0.1,0.15000000000000002,0.035241871078092735
Gd2SO2_164,0.15000000000000002,0.2,0.06519296790680733
Gd2SO2_164,0.2,0.25,0.0833813066628791
Gd2SO2_164,0.25,0.30000000000000004,0.1117812435671107
Gd2SO2_164,0.30000000000000004,0.35000000000000003,0.12176230060603833
Gd2SO2_164,0.35000000000000003,0.4,0.12867806503108187
Gd2SO2_164,0.4,0.45,0.11882315307796366
Gd2SO2_164,0.45,0.5,0.10247006506663307
Gd2SO2_164,0.5,0.55,0.07910407930722821
Gd2SO2_164,0.55,0.6000000000000001,0.056788590795616545
Gd2SO2_164,0.6000000000000001,0.65,0.033527971830328865
Gd2SO2_164,0.65,0.7000000000000001,0.017694622164884825
Gd2SO2_164,0.7000000000000001,0.75,0.008238667487387611
Gd2SO2_164,0.75,0.8,0.004247960215499205
Gd2SO2_164,0.8,0.8500000000000001,0.0031448009946669
Gd2SO2_164,0.8500000000000001,0.9,0.002265363946163831
Gd2SO2_164,0.9,0.9500000000000001,0.0016540240424442226
Gd2SO2_164,0.9500000000000001,1.0,0.0012123535387816872
Gd2SO2_164,1.0,1.05,0.0008497543041133306
Gd2SO2_164,1.05,1.1,0.0005791239682815001
Gd2SO2_164,1.1,1.1500000000000001,0.00043927927046796556
Gd2SO2_164,1.1500000000000001,1.2000000000000002,0.00035084513522965985
Gd2SO2_164,1.2000000000000002,1.25,0.00030818604471234787
Gd2SO2_164,1.25,1.3,0.00031402857052682337
Gd2SO2_164,1.3,1.35,0.00037858543178464875
Gd2SO2_164,1.35,1.4000000000000001,0.00041565135580945184
Gd2SO2_164,1.4000000000000001,1.4500000000000002,0.0005228567897084204
Gd2SO2_164,1.4500000000000002,1.5,0.000548544662412539
Gd2SO2_164,1.5,1.55,0.0005043704153722223
Gd2SO2_164,1.55,1.6,0.0004849099097187799
Gd2SO2_164,1.6,1.6500000000000001,0.0004565740359800124
Gd2SO2_164,1.6500000000000001,1.7000000000000002,0.0004028663595554472
Gd2SO2_164,1.7000000000000002,1.75,0.00035581894810309385
Gd2SO2_164,1.75,1.8,0.0002971144903932318
Gd2SO2_164,1.8,1.85,0.00025344743053355516
Gd2SO2_164,1.85,1.9000000000000001,0.00021310068256234852
Gd2SO2_164,1.9000000000000001,1.9500000000000002,0.0001798074172212252
Gd2SO2_164,1.9500000000000002,2.0,0.00015298837951132184
Gd2SO2_164,2.0,2.0500000000000003,0.00013177132272437458
Gd2SO2_164,2.0500000000000003,2.1,0.00010904850943929715
Gd2SO2_164,2.1,2.15,8.652844960960231e-05
Gd2SO2_164,2.15,2.2,6.655223657320282e-05
Gd2SO2_164,2.2,2.25,5.585046081993401e-05
Gd2SO2_164,2.25,2.3000000000000003,4.967944306904262e-05
Gd2SO2_164,2.3000000000000003,2.35,4.12317890518653e-05
Gd2SO2_164,2.35,2.4000000000000004,2.8921755179280393e-05
Gd2SO2_164,2.4000000000000004,2.45,3.2316685065003884e-05
Gd2SO2_164,2.45,2.5,2.587953104065172e-05
Gd2SO2_164,2.5,2.5500000000000003,1.7143629512056356e-05
Gd2SO2_164,2.5500000000000003,2.6,1.7912573314263035e-05
Gd2SO2_164,2.6,2.6500000000000004,1.4903826866056129e-05
Gd2SO2_164,2.6500000000000004,2.7,1.0000516214196249e-05
Gd2SO2_164,2.7,2.75,6.241818021533702e-06
Gd2SO2_164,2.75,2.8000000000000003,3.0188921905543092e-06
Gd2SO2_164,2.8000000000000003,2.85,1.1543376596414877e-06
Gd2SO2_164,2.85,2.9000000000000004,4.700351026599688e-07
Gd2SO2_164,2.9000000000000004,2.95,6.709052627188393e-08
Gd2SO2_164,2.95,3.0,1.6393393644325594e-08
Ce(SiRh)2_139,0.0,0.05,0.0018154557406362866
Ce(SiRh)2_139,0.05,0.1,0.009550233273303484
Ce(SiRh)2_139,0.1,0.15000000000000002,0.02411945793375062
Ce(SiRh)2_139,0.15000000000000002,0.2,0.04508151090432214
Ce(SiRh)2_139,0.2,0.25,0.06321605872139338
Ce(SiRh)2_139,0.25,0.30000000000000004,0.07619582065349029
Ce(SiRh)2_139,0.30000000000000004,0.35000000000000003,0.09053636752705747
Ce(SiRh)2_139,0.35000000000000003,0.4,0.09183937572902322
Ce(SiRh)2_139,0.4,0.45,0.09068823621753784
Ce(SiRh)2_139,0.45,0.5,0.07942622872117082
Ce(SiRh)2_139,0.5,0.55,0.06831191614865849
Ce(SiRh)2_139,0.55,0.6000000000000001,0.05262856236895475
Ce(SiRh)2_139,0.6000000000000001,0.65,0.03822017966720044
Ce(SiRh)2_139,0.65,0.7000000000000001,0.02884356835606375
Ce(SiRh)2_139,0.7000000000000001,0.75,0.022591604595050357
Ce(SiRh)2_139,0.75,0.8,0.01974192784361479
Ce(SiRh)2_139,0.8,0.8500000000000001,0.018745222521841583
Ce(SiRh)2_139,0.8500000000000001,0.9,0.01833273707091681
Ce(SiRh)2_139,0.9,0.9500000000000001,0.01749141613377429
Ce(SiRh)2_139,0.9500000000000001,1.0,0.017551518336011963
Ce(SiRh)2_139,1.0,1.05,0.017682378737960077
Ce(SiRh)2_139,1.05,1.1,0.018227108295927233
Ce(SiRh)2_139,1.1,1.1500000000000001,0.017356406065873298
Ce(SiRh)2_139,1.1500000000000001,1.2000000000000002,0.013009096207620993
Ce(SiRh)2_139,1.2000000000000002,1.25,0.008568780635758706
Ce(SiRh)2_139,1.25,1.3,0.00610226699372156
Ce(SiRh)2_139,1.3,1.35,0.005425803764115622
Ce(SiRh)2_139,1.35,1.4000000000000001,0.005303595325786597
Ce(SiRh)2_139,1.4000000000000001,1.4500000000000002,0.005115319983556717
Ce(SiRh)2_139,1.4500000000000002,1.5,0.004938022675345904
Ce(SiRh)2_139,1.5,1.55,0.005119012528220474
Ce(SiRh)2_139,1.55,1.6,0.005064278656498653
Ce(SiRh)2_139,1.6,1.6500000000000001,0.00439323183836315
Ce(SiRh)2_139,1.6500000000000001,1.7000000000000002,0.003151310487679184
Ce(SiRh)2_139,1.7000000000000002,1.75,0.0021142747812672173
Ce(SiRh)2_139,1.75,1.8,0.0013307534108480256
Ce(SiRh)2_139,1.8,1.85,0.000874696702588723
Ce(SiRh)2_139,1.85,1.9000000000000001,0.0006735583118705597
Ce(SiRh)2_139,1.9000000000000001,1.9500000000000002,0.00036009919348617636
Ce(SiRh)2_139,1.9500000000000002,2.0,0.00018872160740803144
Ce(SiRh)2_139,2.0,2.0500000000000003,6.722547241220706e-05
Ce(SiRh)2_139,2.0500000000000003,2.1,6.659859917755139e-06
Ce(SiRh)2_139,2.1,2.15,0.0
Ce(SiRh)2_139,2.15,2.2,0.0
Ce(SiRh)2_139,2.2,2.25,0.0
Ce(SiRh)2_139,2.25,2.3000000000000003,0.0
Ce(SiRh)2_139,2.3000000000000003,2.35,0.0
Ce(SiRh)2_139,2.35,2.4000000000000004,0.0
Ce(SiRh)2_139,2.4000000000000004,2.45,0.0
Ce(SiRh)2_139,2.45,2.5,0.0
Ce(SiRh)2_139,2.5,2.5500000000000003,0.0
Ce(SiRh)2_139,2.5500000000000003,2.6,0.0
Ce(SiRh)2_139,2.6,2.6500000000000004,0.0
Ce(SiRh)2_139,2.6500000000000004,2.7,0.0
Ce(SiRh)2_139,2.7,2.75,0.0
Ce(SiRh)2_139,2.75,2.8000000000000003,0.0
Ce(SiRh)2_139,2.8000000000000003,2.85,0.0
Ce(SiRh)2_139,2.85,2.9000000000000004,0.0
Ce(SiRh)2_139,2.9000000000000004,2.95,0.0
Ce(SiRh)2_139,2.95,3.0,0.0
Tb(CoGe)2_139,0.0,0.05,0.00019366035806290088
Tb(CoGe)2_139,0.05,0.1,0.0016229197632227584
Tb(CoGe)2_139,0.1,0.15000000000000002,0.004669686222485335
Tb(CoGe)2_139,0.15000000000000002,0.2,0.014804412665600805
Tb(CoGe)2_139,0.2,0.25,0.031807994355713486
Tb(CoGe)2_139,0.25,0.30000000000000004,0.058186900526435874
Tb(CoGe)2_139,0.30000000000000004,0.35000000000000003,0.08556690787457383
Tb(CoGe)2_139,0.35000000000000003,0.4,0.11046153515866339
Tb(CoGe)2_139,0.4,0.45,0.1294498423586073
Tb(CoGe)2_139,0.45,0.5,0.13609529175272983
Tb(CoGe)2_139,0.5,0.55,0.12276737844417653
Tb(CoGe)2_139,0.55,0.6000000000000001,0.09675905611471096
Tb(CoGe)2_139,0.6000000000000001,0.65,0.06863221763088047
Tb(CoGe)2_139,0.65,0.7000000000000001,0.043003328880709936
Tb(CoGe)2_139,0.7000000000000001,0.75,0.023333909319169753
Tb(CoGe)2_139,0.75,0.8,0.013748293734780417
Tb(CoGe)2_139,0.8,0.8500000000000001,0.01058214638973333
Tb(CoGe)2_139,0.8500000000000001,0.9,0.008929543687886921
Tb(CoGe)2_139,0.9,0.9500000000000001,0.007224222860897121
Tb(CoGe)2_139,0.9500000000000001,1.0,0.0058651538482474555
Tb(CoGe)2_139,1.0,1.05,0.004752256477512551
Tb(CoGe)2_139,1.05,1.1,0.004503832184687575
Tb(CoGe)2_139,1.1,1.1500000000000001,0.003800456237400636
Tb(CoGe)2_139,1.1500000000000001,1.2000000000000002,0.0027300062579592443
Tb(CoGe)2_139,1.2000000000000002,1.25,0.0023493314615177507
Tb(CoGe)2_139,1.25,1.3,0.0024663746363659555
Tb(CoGe)2_139,1.3,1.35,0.0023014797875982626
Tb(CoGe)2_139,1.35,1.4000000000000001,0.001462100353515611
Tb(CoGe)2_139,1.4000000000000001,1.4500000000000002,0.0008791036221312682
Tb(CoGe)2_139,1.4500000000000002,1.5,0.0005254448267877924
Tb(CoGe)2_139,1.5,1.55,0.0003117571730346605
Tb(CoGe)2_139,1.55,1.6,0.00015491401791247166
Tb(CoGe)2_139,1.6,1.6500000000000001,5.630501701824292e-05
Tb(CoGe)2_139,1.6500000000000001,1.7000000000000002,2.2359992701876732e-06
Tb(CoGe)2_139,1.7000000000000002,1.75,0.0
Tb(CoGe)2_139,1.75,1.8,0.0
Tb(CoGe)2_139,1.8,1.85,0.0
Tb(CoGe)2_139,1.85,1.9000000000000001,0.0
Tb(CoGe)2_139,1.9000000000000001,1.9500000000000002,0.0
Tb(CoGe)2_139,1.9500000000000002,2.0,0.0
Tb(CoGe)2_139,2.0,2.0500000000000003,0.0
Tb(CoGe)2_139,2.0500000000000003,2.1,0.0
Tb(CoGe)2_139,2.1,2.15,0.0
Tb(CoGe)2_139,2.15,2.2,0.0
Tb(CoGe)2_139,2.2,2.25,0.0
Tb(CoGe)2_139,2.25,2.3000000000000003,0.0
Tb(CoGe)2_139,2.3000000000000003,2.35,0.0
Tb(CoGe)2_139,2.35,2.4000000000000004,0.0
Tb(CoGe)2_139,2.4000000000000004,2.45,0.0
Tb(CoGe)2_139,2.45,2.5,0.0
Tb(CoGe)2_139,2.5,2.5500000000000003,0.0
Tb(CoGe)2_139,2.5500000000000003,2.6,0.0
Tb(CoGe)2_139,2.6,2.6500000000000004,0.0
Tb(CoGe)2_139,2.6500000000000004,2.7,0.0
Tb(CoGe)2_139,2.7,2.75,0.0
Tb(CoGe)2_139,2.75,2.8000000000000003,0.0
Tb(CoGe)2_139,2.8000000000000003,2.85,0.0
Tb(CoGe)2_139,2.85,2.9000000000000004,0.0
Tb(CoGe)2_139,2.9000000000000004,2.95,0.0
Tb(CoGe)2_139,2.95,3.0,0.0
PrBPt3_99,0.0,0.05,0.0019644996314822335
PrBPt3_99,0.05,0.1,0.01068541483849183
PrBPt3_99,0.1,0.15000000000000002,0.03028099165635215
PrBPt3_99,0.15000000000000002,0.2,0.05215705332177406
PrBPt3_99,0.2,0.25,0.07376651120869611
PrBPt3_99,0.25,0.30000000000000004,0.09085605167423948
PrBPt3_99,0.30000000000000004,0.35000000000000003,0.10589924079481212
PrBPt3_99,0.35000000000000003,0.4,0.10413811859030674
PrBPt3_99,0.4,0.45,0.10304989899263636
PrBPt3_99,0.45,0.5,0.08768135799427876
PrBPt3_99,0.5,0.55,0.0743389305182169
PrBPt3_99,0.55,0.6000000000000001,0.054887405541653764
PrBPt3_99,0.6000000000000001,0.65,0.041127202738802306
PrBPt3_99,0.65,0.7000000000000001,0.02656256359320556
PrBPt3_99,0.7000000000000001,0.75,0.019096082243492157
PrBPt3_99,0.75,0.8,0.014105161086786477
PrBPt3_99,0.8,0.8500000000000001,0.013298961274768446
PrBPt3_99,0.8500000000000001,0.9,0.012164083915752234
PrBPt3_99,0.9,0.9500000000000001,0.012383331884212158
PrBPt3_99,0.9500000000000001,1.0,0.012366672224865252
PrBPt3_99,1.0,1.05,0.012593309528320098
PrBPt3_99,1.05,1.1,0.012146121493193222
PrBPt3_99,1.1,1.1500000000000001,0.010701237937226367
PrBPt3_99,1.1500000000000001,1.2000000000000002,0.008362667044074004
PrBPt3_99,1.2000000000000002,1.25,0.005461056264157341
PrBPt3_99,1.25,1.3,0.0031501306721395343
PrBPt3_99,1.3,1.35,0.001772657517492036
PrBPt3_99,1.35,1.4000000000000001,0.001046018266973156
PrBPt3_99,1.4000000000000001,1.4500000000000002,0.0005530602722821741
PrBPt3_99,1.4500000000000002,1.5,0.00032937533198565584
PrBPt3_99,1.5,1.55,0.0002982763795051462
PrBPt3_99,1.55,1.6,0.00031781951871186816
PrBPt3_99,1.6,1.6500000000000001,0.00035199463035540584
PrBPt3_99,1.6500000000000001,1.7000000000000002,0.0003659968714281396
PrBPt3_99,1.7000000000000002,1.75,0.00035925632851217
PrBPt3_99,1.75,1.8,0.0004003503850061916
PrBPt3_99,1.8,1.85,0.0003411434160274015
PrBPt3_99,1.85,1.9000000000000001,0.00026843303089558004
PrBPt3_99,1.9000000000000001,1.9500000000000002,0.0001441475517607266
PrBPt3_99,1.9500000000000002,2.0,9.019136364419174e-05
PrBPt3_99,2.0,2.0500000000000003,5.9104166299476775e-05
PrBPt3_99,2.0500000000000003,2.1,4.774114900190746e-05
PrBPt3_99,2.1,2.15,1.2310240102151508e-05
PrBPt3_99,2.15,2.2,1.80669160824043e-05
PrBPt3_99,2.2,2.25,0.0
PrBPt3_99,2.25,2.3000000000000003,0.0
PrBPt3_99,2.3000000000000003,2.35,0.0
PrBPt3_99,2.35,2.4000000000000004,0.0
PrBPt3_99,2.4000000000000004,2.45,0.0
PrBPt3_99,2.45,2.5,0.0
PrBPt3_99,2.5,2.5500000000000003,0.0
PrBPt3_99,2.5500000000000003,2.6,0.0
PrBPt3_99,2.6,2.6500000000000004,0.0
PrBPt3_99,2.6500000000000004,2.7,0.0
PrBPt3_99,2.7,2.75,0.0
PrBPt3_99,2.75,2.8000000000000003,0.0
PrBPt3_99,2.8000000000000003,2.85,0.0
PrBPt3_99,2.85,2.9000000000000004,0.0
PrBPt3_99,2.9000000000000004,2.95,0.0
PrBPt3_99,2.95,3.0,0.0
Ba2MnSe3_62,0.0,0.05,0.0006020984109373123
Ba2MnSe3_62,0.05,0.1,0.0072522055621712335
Ba2MnSe3_62,0.1,0.15000000000000002,0.019894184205541583
Ba2MnSe3_62,0.15000000000000002,0.2,0.031477807440551724
Ba2MnSe3_62,0.2,0.25,0.05065066573312769
Ba2MnSe3_62,0.25,0.30000000000000004,0.06150417102951505
Ba2MnSe3_62,0.30000000000000004,0.35000000000000003,0.07246413960093517
Ba2MnSe3_62,0.35000000000000003,0.4,0.08141843305666023
Ba2MnSe3_62,0.4,0.45,0.08178670236353397
Ba2MnSe3_62,0.45,0.5,0.07831170845785852
Ba2MnSe3_62,0.5,0.55,0.0744047764308184
Ba2MnSe3_62,0.55,0.6000000000000001,0.0618543447326976
Ba2MnSe3_62,0.6000000000000001,0.65,0.05242813589938936
Ba2MnSe3_62,0.65,0.7000000000000001,0.04316837150425627
Ba2MnSe3_62,0.7000000000000001,0.75,0.034520023106442754
Ba2MnSe3_62,0.75,0.8,0.030364729271151095
Ba2MnSe3_62,0.8,0.8500000000000001,0.026746003334667205
Ba2MnSe3_62,0.8500000000000001,0.9,0.023852850379480255
Ba2MnSe3_62,0.9,0.9500000000000001,0.02172163231825889
Ba2MnSe3_62,0.9500000000000001,1.0,0.01895138521461546
Ba2MnSe3_62,1.0,1.05,0.01667186994467055
Ba2MnSe3_62,1.05,1.1,0.015178295263483556
Ba2MnSe3_62,1.1,1.1500000000000001,0.013392727346232125
Ba2MnSe3_62,1.1500000000000001,1.2000000000000002,0.011971414737482033
Ba2MnSe3_62,1.2000000000000002,1.25,0.010704121346586966
Ba2MnSe3_62,1.25,1.3,0.009342502366744566
Ba2MnSe3_62,1.3,1.35,0.008196395707598596
Ba2MnSe3_62,1.35,1.4000000000000001,0.007112056352889701
Ba2MnSe3_62,1.4000000000000001,1.4500000000000002,0.006124401769496677
Ba2MnSe3_62,1.4500000000000002,1.5,0.005278720637639926
Ba2MnSe3_62,1.5,1.55,0.004551917960903059
Ba2MnSe3_62,1.55,1.6,0.003735354815565235
Ba2MnSe3_62,1.6,1.6500000000000001,0.003100839744670076
Ba2MnSe3_62,1.6500000000000001,1.7000000000000002,0.0025167335912990915
Ba2MnSe3_62,1.7000000000000002,1.75,0.002084082413932101
Ba2MnSe3_62,1.75,1.8,0.0017055514561173275
Ba2MnSe3_62,1.8,1.85,0.001379079936834449
Ba2MnSe3_62,1.85,1.9000000000000001,0.001055505590522482
Ba2MnSe3_62,1.9000000000000001,1.9500000000000002,0.0008072551065396216
Ba2MnSe3_62,1.9500000000000002,2.0,0.0006219837496769077
Ba2MnSe3_62,2.0,2.0500000000000003,0.0004195315680762025
Ba2MnSe3_62,2.0500000000000003,2.1,0.00024211551994894007
Ba2MnSe3_62,2.1,2.15,0.00015059404154516102
Ba2MnSe3_62,2.15,2.2,0.00010527476308445428
Ba2MnSe3_62,2.2,2.25,7.32883928278802e-05
Ba2MnSe3_62,2.25,2.3000000000000003,4.759345696282529e-05
Ba2MnSe3_62,2.3000000000000003,2.35,2.8970733045383304e-05
Ba2MnSe3_62,2.35,2.4000000000000004,1.64074935789678e-05
Ba2MnSe3_62,2.4000000000000004,2.45,7.893238738863469e-06
Ba2MnSe3_62,2.45,2.5,2.8736774997224326e-06
Ba2MnSe3_62,2.5,2.5500000000000003,2.7922319504561334e-07
Ba2MnSe3_62,2.5500000000000003,2.6,0.0
Ba2MnSe3_62,2.6,2.6500000000000004,0.0
Ba2MnSe3_62,2.6500000000000004,2.7,0.0
Ba2MnSe3_62,2.7,2.75,0.0
Ba2MnSe3_62,2.75,2.8000000000000003,0.0
Ba2MnSe3_62,2.8000000000000003,2.85,0.0
Ba2MnSe3_62,2.85,2.9000000000000004,0.0
Ba2MnSe3_62,2.9000000000000004,2.95,0.0
Ba2MnSe3_62,2.95,3.0,0.0
SrN_12,0.0,0.05,0.00015476073681170948
SrN_12,0.05,0.1,0.0007994794493019946
SrN_12,0.1,0.15000000000000002,0.0023946825871276546
SrN_12,0.15000000000000002,0.2,0.0064029702355658
SrN_12,0.2,0.25,0.0087571679995649
SrN_12,0.25,0.30000000000000004,0.013352465405361119
SrN_12,0.30000000000000004,0.35000000000000003,0.019224334679388035
SrN_12,0.35000000000000003,0.4,0.023978412115520972
SrN_12,0.4,0.45,0.02787082851522148
SrN_12,0.45,0.5,0.03340024647987009
SrN_12,0.5,0.55,0.03508479188065636
SrN_12,0.55,0.6000000000000001,0.039432847540176466
SrN_12,0.6000000000000001,0.65,0.038310815408205724
SrN_12,0.65,0.7000000000000001,0.03805571598423026
SrN_12,0.7000000000000001,0.75,0.038286385454694455
SrN_12,0.75,0.8,0.037015219422308274
SrN_12,0.8,0.8500000000000001,0.0347395146587764
SrN_12,0.8500000000000001,0.9,0.03505948767138926
SrN_12,0.9,0.9500000000000001,0.03348359516461416
SrN_12,0.9500000000000001,1.0,0.03302560714131768
SrN_12,1.0,1.05,0.03158711157675589
SrN_12,1.05,1.1,0.03099941198549742
SrN_12,1.1,1.1500000000000001,0.03087371596999938
SrN_12,1.1500000000000001,1.2000000000000002,0.029514612997175126
SrN_12,1.2000000000000002,1.25,0.027687457784572878
SrN_12,1.25,1.3,0.026615354992890614
SrN_12,1.3,1.35,0.025312806445805216
SrN_12,1.35,1.4000000000000001,0.023935888152789565
SrN_12,1.4000000000000001,1.4500000000000002,0.022782568276666467
SrN_12,1.4500000000000002,1.5,0.021344688973424012
SrN_12,1.5,1.55,0.020831422474484128
SrN_12,1.55,1.6,0.02000775808194994
SrN_12,1.6,1.6500000000000001,0.018962369786240225
SrN_12,1.6500000000000001,1.7000000000000002,0.018352559476186817
SrN_12,1.7000000000000002,1.75,0.016845123459601444
SrN_12,1.75,1.8,0.014876551683459388
SrN_12,1.8,1.85,0.013534810226248245
SrN_12,1.85,1.9000000000000001,0.01204048607671901
SrN_12,1.9000000000000001,1.9500000000000002,0.010907600033444993
SrN_12,1.9500000000000002,2.0,0.009872876741397167
SrN_12,2.0,2.0500000000000003,0.008697865226111665
SrN_12,2.0500000000000003,2.1,0.007851114845105258
SrN_12,2.1,2.15,0.0068413539534734205
SrN_12,2.15,2.2,0.006043981410325196
SrN_12,2.2,2.25,0.0053521165360427845
SrN_12,2.25,2.3000000000000003,0.004938641066967478
SrN_12,2.3000000000000003,2.35,0.004330339426471115
SrN_12,2.35,2.4000000000000004,0.004084870760526737
SrN_12,2.4000000000000004,2.45,0.003605798728389606
SrN_12,2.45,2.5,0.003307142617211206
SrN_12,2.5,2.5500000000000003,0.002899911799884944
SrN_12,2.5500000000000003,2.6,0.0026416885540009255
SrN_12,2.6,2.6500000000000004,0.0023584649519468575
SrN_12,2.6500000000000004,2.7,0.00217987816853995
SrN_12,2.7,2.75,0.0018940192328910765
SrN_12,2.75,2.8000000000000003,0.0016382466247510052
SrN_12,2.8000000000000003,2.85,0.001391963003266686
SrN_12,2.85,2.9000000000000004,0.001089170738373904
SrN_12,2.9000000000000004,2.95,0.0008325120213889084
SrN_12,2.95,3.0,0.0006490961478824116
Al2CoIr_225,0.0,0.05,0.00027927795320353995
Al2CoIr_225,0.05,0.1,0.011265410911601178
Al2CoIr_225,0.1,0.15000000000000002,0.011855446248917286
Al2CoIr_225,0.15000000000000002,0.2,0.03904540251189652
Al2CoIr_225,0.2,0.25,0.05956853524880325
Al2CoIr_225,0.25,0.30000000000000004,0.06703090389055724
Al2CoIr_225,0.30000000000000004,0.35000000000000003,0.08572608424922765
Al2CoIr_225,0.35000000000000003,0.4,0.08685481285984666
Al2CoIr_225,0.4,0.45,0.08549170018641451
Al2CoIr_225,0.45,0.5,0.09924404412051625
Al2CoIr_225,0.5,0.55,0.0802400920109262
Al2CoIr_225,0.55,0.6000000000000001,0.06628137113977801
Al2CoIr_225,0.6000000000000001,0.65,0.05604425718082116
Al2CoIr_225,0.65,0.7000000000000001,0.04160081001242521
Al2CoIr_225,0.7000000000000001,0.75,0.0294650872964004
Al2CoIr_225,0.75,0.8,0.020758488339890923
Al2CoIr_225,0.8,0.8500000000000001,0.013352946127372206
Al2CoIr_225,0.8500000000000001,0.9,0.010356454955509733
Al2CoIr_225,0.9,0.9500000000000001,0.010822720389959897
Al2CoIr_225,0.9500000000000001,1.0,0.012088036161022239
Al2CoIr_225,1.0,1.05,0.014438953573536526
Al2CoIr_225,1.05,1.1,0.016102650759662183
Al2CoIr_225,1.1,1.1500000000000001,0.014818974573877248
Al2CoIr_225,1.1500000000000001,1.2000000000000002,0.012988233740719302
Al2CoIr_225,1.2000000000000002,1.25,0.012901045677013341
Al2CoIr_225,1.25,1.3,0.010423257629318367
Al2CoIr_225,1.3,1.35,0.008148938690714216
Al2CoIr_225,1.35,1.4000000000000001,0.007810505228698441
Al2CoIr_225,1.4000000000000001,1.4500000000000002,0.006902076361235327
Al2CoIr_225,1.4500000000000002,1.5,0.0049411399442170585
Al2CoIr_225,1.5,1.55,0.002622981979793541
Al2CoIr_225,1.55,1.6,0.0004987098243169007
Al2CoIr_225,1.6,1.6500000000000001,3.065022180795005e-05
Al2CoIr_225,1.6500000000000001,1.7000000000000002,0.0
Al2CoIr_225,1.7000000000000002,1.75,0.0
Al2CoIr_225,1.75,1.8,0.0
Al2CoIr_225,1.8,1.85,0.0
Al2CoIr_225,1.85,1.9000000000000001,0.0
Al2CoIr_225,1.9000000000000001,1.9500000000000002,0.0
Al2CoIr_225,1.9500000000000002,2.0,0.0
Al2CoIr_225,2.0,2.0500000000000003,0.0
Al2CoIr_225,2.0500000000000003,2.1,0.0
Al2CoIr_225,2.1,2.15,0.0
Al2CoIr_225,2.15,2.2,0.0
Al2CoIr_225,2.2,2.25,0.0
Al2CoIr_225,2.25,2.3000000000000003,0.0
Al2CoIr_225,2.3000000000000003,2.35,0.0
Al2CoIr_225,2.35,2.4000000000000004,0.0
Al2CoIr_225,2.4000000000000004,2.45,0.0
Al2CoIr_225,2.45,2.5,0.0
Al2CoIr_225,2.5,2.5500000000000003,0.0
Al2CoIr_225,2.5500000000000003,2.6,0.0
Al2CoIr_225,2.6,2.6500000000000004,0.0
Al2CoIr_225,2.6500000000000004,2.7,0.0
Al2CoIr_225,2.7,2.75,0.0
Al2CoIr_225,2.75,2.8000000000000003,0.0
Al2CoIr_225,2.8000000000000003,2.85,0.0
Al2CoIr_225,2.85,2.9000000000000004,0.0
Al2CoIr_225,2.9000000000000004,2.95,0.0
Al2CoIr_225,2.95,3.0,0.0
ErSnPt2_194,0.0,0.05,0.001368296033150908
ErSnPt2_194,0.05,0.1,0.005725139486501901
ErSnPt2_194,0.1,0.15000000000000002,0.015418828938177555
ErSnPt2_194,0.15000000000000002,0.2,0.0301213739947782
ErSnPt2_194,0.2,0.25,0.05054704745917151
ErSnPt2_194,0.25,0.30000000000000004,0.07765879968602346
ErSnPt2_194,0.30000000000000004,0.35000000000000003,0.10286318407757157
ErSnPt2_194,0.35000000000000003,0.4,0.1185286424048096
ErSnPt2_194,0.4,0.45,0.1288012393686205
ErSnPt2_194,0.45,0.5,0.12275893434886014
ErSnPt2_194,0.5,0.55,0.10017421522144795
ErSnPt2_194,0.55,0.6000000000000001,0.0798389172457239
ErSnPt2_194,0.6000000000000001,0.65,0.04713754961145068
ErSnPt2_194,0.65,0.7000000000000001,0.025732069409952037
ErSnPt2_194,0.7000000000000001,0.75,0.014690776008478715
ErSnPt2_194,0.75,0.8,0.011532152430441022
ErSnPt2_194,0.8,0.8500000000000001,0.010917680813797266
ErSnPt2_194,0.8500000000000001,0.9,0.009874446144538354
ErSnPt2_194,0.9,0.9500000000000001,0.008276152309247907
ErSnPt2_194,0.9500000000000001,1.0,0.007819407587839182
ErSnPt2_194,1.0,1.05,0.00734473896500937
ErSnPt2_194,1.05,1.1,0.006574247780874223
ErSnPt2_194,1.1,1.1500000000000001,0.0051795575198102526
ErSnPt2_194,1.1500000000000001,1.2000000000000002,0.0038612827239483003
ErSnPt2_194,1.2000000000000002,1.25,0.0024117246234099015
ErSnPt2_194,1.25,1.3,0.0016002342344958395
ErSnPt2_194,1.3,1.35,0.0010961177562100793
ErSnPt2_194,1.35,1.4000000000000001,0.0007375338441746082
ErSnPt2_194,1.4000000000000001,1.4500000000000002,0.00046677994749831837
ErSnPt2_194,1.4500000000000002,1.5,0.00037561236939941676
ErSnPt2_194,1.5,1.55,0.00031659489376066445
ErSnPt2_194,1.55,1.6,0.00017538350719082207
ErSnPt2_194,1.6,1.6500000000000001,6.112969541297931e-05
ErSnPt2_194,1.6500000000000001,1.7000000000000002,1.4209558222744729e-05
ErSnPt2_194,1.7000000000000002,1.75,0.0
ErSnPt2_194,1.75,1.8,0.0
ErSnPt2_194,1.8,1.85,0.0
ErSnPt2_194,1.85,1.9000000000000001,0.0
ErSnPt2_194,1.9000000000000001,1.9500000000000002,0.0
ErSnPt2_194,1.9500000000000002,2.0,0.0
ErSnPt2_194,2.0,2.0500000000000003,0.0
ErSnPt2_194,2.0500000000000003,2.1,0.0
ErSnPt2_194,2.1,2.15,0.0
ErSnPt2_194,2.15,2.2,0.0
ErSnPt2_194,2.2,2.25,0.0
ErSnPt2_194,2.25,2.3000000000000003,0.0
ErSnPt2_194,2.3000000000000003,2.35,0.0
ErSnPt2_194,2.35,2.4000000000000004,0.0
ErSnPt2_194,2.4000000000000004,2.45,0.0
ErSnPt2_194,2.45,2.5,0.0
ErSnPt2_194,2.5,2.5500000000000003,0.0
ErSnPt2_194,2.5500000000000003,2.6,0.0
ErSnPt2_194,2.6,2.6500000000000004,0.0
ErSnPt2_194,2.6500000000000004,2.7,0.0
ErSnPt2_194,2.7,2.75,0.0
ErSnPt2_194,2.75,2.8000000000000003,0.0
ErSnPt2_194,2.8000000000000003,2.85,0.0
ErSnPt2_194,2.85,2.9000000000000004,0.0
ErSnPt2_194,2.9000000000000004,2.95,0.0
ErSnPt2_194,2.95,3.0,0.0
Pr(SiOs)2_139,0.0,0.05,0.0018521800906582905
Pr(SiOs)2_139,0.05,0.1,0.010236098138200079
Pr(SiOs)2_139,0.1,0.15000000000000002,0.027717451965432897
Pr(SiOs)2_139,0.15000000000000002,0.2,0.04565111601918708
Pr(SiOs)2_139,0.2,0.25,0.06862237987803108
Pr(SiOs)2_139,0.25,0.30000000000000004,0.08425870805780068
Pr(SiOs)2_139,0.30000000000000004,0.35000000000000003,0.09690192434826884
Pr(SiOs)2_139,0.35000000000000003,0.4,0.10012930978083984
Pr(SiOs)2_139,0.4,0.45,0.0928244122361138
Pr(SiOs)2_139,0.45,0.5,0.08696677607989886
Pr(SiOs)2_139,0.5,0.55,0.07003608805695716
Pr(SiOs)2_139,0.55,0.6000000000000001,0.05562150022507809
Pr(SiOs)2_139,0.6000000000000001,0.65,0.04069725937737774
Pr(SiOs)2_139,0.65,0.7000000000000001,0.030165789646050198
Pr(SiOs)2_139,0.7000000000000001,0.75,0.021211501640574646
Pr(SiOs)2_139,0.75,0.8,0.017281161239591905
Pr(SiOs)2_139,0.8,0.8500000000000001,0.015585844385394378
Pr(SiOs)2_139,0.8500000000000001,0.9,0.014011347805377251
Pr(SiOs)2_139,0.9,0.9500000000000001,0.012698740626589372
Pr(SiOs)2_139,0.9500000000000001,1.0,0.012981513250632418
Pr(SiOs)2_139,1.0,1.05,0.013028775195727156
Pr(SiOs)2_139,1.05,1.1,0.013607584974625695
Pr(SiOs)2_139,1.1,1.1500000000000001,0.01435192642060018
Pr(SiOs)2_139,1.1500000000000001,1.2000000000000002,0.011559883014246783
Pr(SiOs)2_139,1.2000000000000002,1.25,0.0076278051389030216
Pr(SiOs)2_139,1.25,1.3,0.005066265499390621
Pr(SiOs)2_139,1.3,1.35,0.0039171513503210385
Pr(SiOs)2_139,1.35,1.4000000000000001,0.0032822476640449664
Pr(SiOs)2_139,1.4000000000000001,1.4500000000000002,0.0029989059290334514
Pr(SiOs)2_139,1.4500000000000002,1.5,0.0025646408597683355
Pr(SiOs)2_139,1.5,1.55,0.0022027980044901654
Pr(SiOs)2_139,1.55,1.6,0.002476550125042105
Pr(SiOs)2_139,1.6,1.6500000000000001,0.0026762280622977964
Pr(SiOs)2_139,1.6500000000000001,1.7000000000000002,0.0024615963962475447
Pr(SiOs)2_139,1.7000000000000002,1.75,0.001985200478440356
Pr(SiOs)2_139,1.75,1.8,0.0015185042222021123
Pr(SiOs)2_139,1.8,1.85,0.001088420072428032
Pr(SiOs)2_139,1.85,1.9000000000000001,0.0008155984004296483
Pr(SiOs)2_139,1.9000000000000001,1.9500000000000002,0.0005720352767559986
Pr(SiOs)2_139,1.9500000000000002,2.0,0.00036206344181960773
Pr(SiOs)2_139,2.0,2.0500000000000003,0.00024256101383855102
Pr(SiOs)2_139,2.0500000000000003,2.1,0.0001181003178277159
Pr(SiOs)2_139,2.1,2.15,2.405529346393029e-05
Pr(SiOs)2_139,2.15,2.2,0.0
Pr(SiOs)2_139,2.2,2.25,0.0
Pr(SiOs)2_139,2.25,2.3000000000000003,0.0
Pr(SiOs)2_139,2.3000000000000003,2.35,0.0
Pr(SiOs)2_139,2.35,2.4000000000000004,0.0
Pr(SiOs)2_139,2.4000000000000004,2.45,0.0
Pr(SiOs)2_139,2.45,2.5,0.0
Pr(SiOs)2_139,2.5,2.5500000000000003,0.0
Pr(SiOs)2_139,2.5500000000000003,2.6,0.0
Pr(SiOs)2_139,2.6,2.6500000000000004,0.0
Pr(SiOs)2_139,2.6500000000000004,2.7,0.0
Pr(SiOs)2_139,2.7,2.75,0.0
Pr(SiOs)2_139,2.75,2.8000000000000003,0.0
Pr(SiOs)2_139,2.8000000000000003,2.85,0.0
Pr(SiOs)2_139,2.85,2.9000000000000004,0.0
Pr(SiOs)2_139,2.9000000000000004,2.95,0.0
Pr(SiOs)2_139,2.95,3.0,0.0
Ce3AlC_221,0.0,0.05,0.0019378454391375758
Ce3AlC_221,0.05,0.1,0.007011923918263751
Ce3AlC_221,0.1,0.15000000000000002,0.022755747971560297
Ce3AlC_221,0.15000000000000002,0.2,0.04162769925690998
Ce3AlC_221,0.2,0.25,0.05614863361169711
Ce3AlC_221,0.25,0.30000000000000004,0.07312708150196681
Ce3AlC_221,0.30000000000000004,0.35000000000000003,0.07573154316151279
Ce3AlC_221,0.35000000000000003,0.4,0.08596390179219998
Ce3AlC_221,0.4,0.45,0.08148291026219623
Ce3AlC_221,0.45,0.5,0.06947916617270102
Ce3AlC_221,0.5,0.55,0.05789529736535974
Ce3AlC_221,0.55,0.6000000000000001,0.05275032697421282
Ce3AlC_221,0.6000000000000001,0.65,0.036289764704322595
Ce3AlC_221,0.65,0.7000000000000001,0.029311022122057506
Ce3AlC_221,0.7000000000000001,0.75,0.026426688608584638
Ce3AlC_221,0.75,0.8,0.024255157384963554
Ce3AlC_221,0.8,0.8500000000000001,0.02308851233847588
Ce3AlC_221,0.8500000000000001,0.9,0.02234499151162155
Ce3AlC_221,0.9,0.9500000000000001,0.02115206468738655
Ce3AlC_221,0.9500000000000001,1.0,0.021081080156406615
Ce3AlC_221,1.0,1.05,0.019606213132081315
Ce3AlC_221,1.05,1.1,0.01864339221739099
Ce3AlC_221,1.1,1.1500000000000001,0.018001641329714706
Ce3AlC_221,1.1500000000000001,1.2000000000000002,0.017353049263486662
Ce3AlC_221,1.2000000000000002,1.25,0.01644806703124664
Ce3AlC_221,1.25,1.3,0.01405801344132094
Ce3AlC_221,1.3,1.35,0.01029367907118106
Ce3AlC_221,1.35,1.4000000000000001,0.006929278014059526
Ce3AlC_221,1.4000000000000001,1.4500000000000002,0.0046682483582435345
Ce3AlC_221,1.4500000000000002,1.5,0.0026599012417985305
Ce3AlC_221,1.5,1.55,0.002168180293259711
Ce3AlC_221,1.55,1.6,0.0019686649512988923
Ce3AlC_221,1.6,1.6500000000000001,0.0023869412873169043
Ce3AlC_221,1.6500000000000001,1.7000000000000002,0.0024774099033431805
Ce3AlC_221,1.7000000000000002,1.75,0.0028901503814652315
Ce3AlC_221,1.75,1.8,0.003259510452035821
Ce3AlC_221,1.8,1.85,0.003631491563373814
Ce3AlC_221,1.85,1.9000000000000001,0.0039066942456212625
Ce3AlC_221,1.9000000000000001,1.9500000000000002,0.0035752362165873868
Ce3AlC_221,1.9500000000000002,2.0,0.0033724899612004363
Ce3AlC_221,2.0,2.0500000000000003,0.002679544220710216
Ce3AlC_221,2.0500000000000003,2.1,0.0022398065882608393
Ce3AlC_221,2.1,2.15,0.0017714068334551806
Ce3AlC_221,2.15,2.2,0.0014631601958355568
Ce3AlC_221,2.2,2.25,0.00117224965793209
Ce3AlC_221,2.25,2.3000000000000003,0.0008723021392168822
Ce3AlC_221,2.3000000000000003,2.35,0.0005987103342414353
Ce3AlC_221,2.35,2.4000000000000004,0.00035833312345346995
Ce3AlC_221,2.4000000000000004,2.45,0.000304608974138598
Ce3AlC_221,2.45,2.5,0.0001794569868979514
Ce3AlC_221,2.5,2.5500000000000003,0.00010582152354119902
Ce3AlC_221,2.5500000000000003,2.6,5.8644873227239395e-05
Ce3AlC_221,2.6,2.6500000000000004,2.658364751846173e-05
Ce3AlC_221,2.6500000000000004,2.7,8.430430967642472e-06
Ce3AlC_221,2.7,2.75,1.3291730394058015e-06
Ce3AlC_221,2.75,2.8000000000000003,0.0
Ce3AlC_221,2.8000000000000003,2.85,0.0
Ce3AlC_221,2.85,2.9000000000000004,0.0
Ce3AlC_221,2.9000000000000004,2.95,0.0
Ce3AlC_221,2.95,3.0,0.0
YErHg2_225,0.0,0.05,0.004051279511498554
YErHg2_225,0.05,0.1,0.012665040686224007
YErHg2_225,0.1,0.15000000000000002,0.040982390644833167
YErHg2_225,0.15000000000000002,0.2,0.057855765717642116
YErHg2_225,0.2,0.25,0.10053621866744658
YErHg2_225,0.25,0.30000000000000004,0.11288412218222485
YErHg2_225,0.30000000000000004,0.35000000000000003,0.12250913965872616
YErHg2_225,0.35000000000000003,0.4,0.13360355816003316
YErHg2_225,0.4,0.45,0.11919403116124921
YErHg2_225,0.45,0.5,0.0988273501281959
YErHg2_225,0.5,0.55,0.07529691538328098
YErHg2_225,0.55,0.6000000000000001,0.04618388650164385
YErHg2_225,0.6000000000000001,0.65,0.027280409282124874
YErHg2_225,0.65,0.7000000000000001,0.011450252224727788
YErHg2_225,0.7000000000000001,0.75,0.005830281097613695
YErHg2_225,0.75,0.8,0.0042102689380620634
YErHg2_225,0.8,0.8500000000000001,0.003695244176907952
YErHg2_225,0.8500000000000001,0.9,0.0031242485391882596
YErHg2_225,0.9,0.9500000000000001,0.0026834588591296603
YErHg2_225,0.9500000000000001,1.0,0.0023654668106050766
YErHg2_225,1.0,1.05,0.0021194747175359964
YErHg2_225,1.05,1.1,0.0020331217985068094
YErHg2_225,1.1,1.1500000000000001,0.001981189896717021
YErHg2_225,1.1500000000000001,1.2000000000000002,0.002167009651910159
YErHg2_225,1.2000000000000002,1.25,0.0019068741550575228
YErHg2_225,1.25,1.3,0.0016395540093148628
YErHg2_225,1.3,1.35,0.0012843800407949801
YErHg2_225,1.35,1.4000000000000001,0.0009021047148696591
YErHg2_225,1.4000000000000001,1.4500000000000002,0.0005361368635941011
YErHg2_225,1.4500000000000002,1.5,0.0001835992181056321
YErHg2_225,1.5,1.55,1.7226602235703022e-05
YErHg2_225,1.55,1.6,0.0
YErHg2_225,1.6,1.6500000000000001,0.0
YErHg2_225,1.6500000000000001,1.7000000000000002,0.0
YErHg2_225,1.7000000000000002,1.75,0.0
YErHg2_225,1.75,1.8,0.0
YErHg2_225,1.8,1.85,0.0
YErHg2_225,1.85,1.9000000000000001,0.0
YErHg2_225,1.9000000000000001,1.9500000000000002,0.0
YErHg2_225,1.9500000000000002,2.0,0.0
YErHg2_225,2.0,2.0500000000000003,0.0
YErHg2_225,2.0500000000000003,2.1,0.0
YErHg2_225,2.1,2.15,0.0
YErHg2_225,2.15,2.2,0.0
YErHg2_225,2.2,2.25,0.0
YErHg2_225,2.25,2.3000000000000003,0.0
YErHg2_225,2.3000000000000003,2.35,0.0
YErHg2_225,2.35,2.4000000000000004,0.0
YErHg2_225,2.4000000000000004,2.45,0.0
YErHg2_225,2.45,2.5,0.0
YErHg2_225,2.5,2.5500000000000003,0.0
YErHg2_225,2.5500000000000003,2.6,0.0
YErHg2_225,2.6,2.6500000000000004,0.0
YErHg2_225,2.6500000000000004,2.7,0.0
YErHg2_225,2.7,2.75,0.0
YErHg2_225,2.75,2.8000000000000003,0.0
YErHg2_225,2.8000000000000003,2.85,0.0
YErHg2_225,2.85,2.9000000000000004,0.0
YErHg2_225,2.9000000000000004,2.95,0.0
YErHg2_225,2.95,3.0,0.0
Eu2TiO4_139,0.0,0.05,0.001402298042405762
Eu2TiO4_139,0.05,0.1,0.013735382714483638
Eu2TiO4_139,0.1,0.15000000000000002,0.035970188099618716
Eu2TiO4_139,0.15000000000000002,0.2,0.05929735738000336
Eu2TiO4_139,0.2,0.25,0.08673895053817787
Eu2TiO4_139,0.25,0.30000000000000004,0.10433886705535177
Eu2TiO4_139,0.30000000000000004,0.35000000000000003,0.1213657906435028
Eu2TiO4_139,0.35000000000000003,0.4,0.12193274279290822
Eu2TiO4_139,0.4,0.45,0.11543070769292779
Eu2TiO4_139,0.45,0.5,0.09898930950404648
Eu2TiO4_139,0.5,0.55,0.07598762512590788
Eu2TiO4_139,0.55,0.6000000000000001,0.053374049012007624
Eu2TiO4_139,0.6000000000000001,0.65,0.03385019128516514
Eu2TiO4_139,0.65,0.7000000000000001,0.01886460659416176
Eu2TiO4_139,0.7000000000000001,0.75,0.010798917082463918
Eu2TiO4_139,0.75,0.8,0.007586700655422348
Eu2TiO4_139,0.8,0.8500000000000001,0.006452225983649175
Eu2TiO4_139,0.8500000000000001,0.9,0.005403290629863786
Eu2TiO4_139,0.9,0.9500000000000001,0.00416692597783323
Eu2TiO4_139,0.9500000000000001,1.0,0.002904772019364632
Eu2TiO4_139,1.0,1.05,0.0019213882987222607
Eu2TiO4_139,1.05,1.1,0.001189676491325157
Eu2TiO4_139,1.1,1.1500000000000001,0.0008205511865370778
Eu2TiO4_139,1.1500000000000001,1.2000000000000002,0.0006183805940895372
Eu2TiO4_139,1.2000000000000002,1.25,0.0005340102740723765
Eu2TiO4_139,1.25,1.3,0.0005318901565145811
Eu2TiO4_139,1.3,1.35,0.0005505145360325354
Eu2TiO4_139,1.35,1.4000000000000001,0.0006206730218591627
Eu2TiO4_139,1.4000000000000001,1.4500000000000002,0.0007549174443797034
Eu2TiO4_139,1.4500000000000002,1.5,0.000828806237983861
Eu2TiO4_139,1.5,1.55,0.0009559380459132132
Eu2TiO4_139,1.55,1.6,0.001069553346180585
Eu2TiO4_139,1.6,1.6500000000000001,0.0011841476494335458
Eu2TiO4_139,1.6500000000000001,1.7000000000000002,0.0012914196066674197
Eu2TiO4_139,1.7000000000000002,1.75,0.0012859145313720108
Eu2TiO4_139,1.75,1.8,0.001171927029620315
Eu2TiO4_139,1.8,1.85,0.0010868305523357058
Eu2TiO4_139,1.85,1.9000000000000001,0.0009258465483898994
Eu2TiO4_139,1.9000000000000001,1.9500000000000002,0.0007841794043638795
Eu2TiO4_139,1.9500000000000002,2.0,0.00060770782783226
Eu2TiO4_139,2.0,2.0500000000000003,0.0004933079208960771
Eu2TiO4_139,2.0500000000000003,2.1,0.0004548248172504271
Eu2TiO4_139,2.1,2.15,0.0003660683123773436
Eu2TiO4_139,2.15,2.2,0.0003171828139235327
Eu2TiO4_139,2.2,2.25,0.0002539016738065453
Eu2TiO4_139,2.25,2.3000000000000003,0.00018672838013433012
Eu2TiO4_139,2.3000000000000003,2.35,0.0001753574718254061
Eu2TiO4_139,2.35,2.4000000000000004,0.00012951438324183327
Eu2TiO4_139,2.4000000000000004,2.45,8.868582729061956e-05
Eu2TiO4_139,2.45,2.5,8.635024396248147e-05
Eu2TiO4_139,2.5,2.5500000000000003,4.8125872041314245e-05
Eu2TiO4_139,2.5500000000000003,2.6,3.937798097573471e-05
Eu2TiO4_139,2.6,2.6500000000000004,2.084234412355477e-05
Eu2TiO4_139,2.6500000000000004,2.7,1.1945156941439457e-05
Eu2TiO4_139,2.7,2.75,2.241307509655291e-06
Eu2TiO4_139,2.75,2.8000000000000003,3.7388080866446874e-07
Eu2TiO4_139,2.8000000000000003,2.85,0.0
Eu2TiO4_139,2.85,2.9000000000000004,0.0
Eu2TiO4_139,2.9000000000000004,2.95,0.0
Eu2TiO4_139,2.95,3.0,0.0
LaNi5_191,0.0,0.05,0.0004754235008079709
LaNi5_191,0.05,0.1,0.011650540031357858
LaNi5_191,0.1,0.15000000000000002,0.02849530077381172
LaNi5_191,0.15000000000000002,0.2,0.04682174785814294
LaNi5_191,0.2,0.25,0.06775065311755442
LaNi5_191,0.25,0.30000000000000004,0.09982655353019915
LaNi5_191,0.30000000000000004,0.35000000000000003,0.09952415199143037
LaNi5_191,0.35000000000000003,0.4,0.10805356313675334
LaNi5_191,0.4,0.45,0.10267136639005246
LaNi5_191,0.45,0.5,0.09808241744203941
LaNi5_191,0.5,0.55,0.07771594711082967
LaNi5_191,0.55,0.6000000000000001,0.059090926350116445
LaNi5_191,0.6000000000000001,0.65,0.03803890536303153
LaNi5_191,0.65,0.7000000000000001,0.025200183432173087
LaNi5_191,0.7000000000000001,0.75,0.014362826364410433
LaNi5_191,0.75,0.8,0.008732081266571025
LaNi5_191,0.8,0.8500000000000001,0.006377922523094894
LaNi5_191,0.8500000000000001,0.9,0.006764085030649845
LaNi5_191,0.9,0.9500000000000001,0.010931630632775732
LaNi5_191,0.9500000000000001,1.0,0.01416576032239009
LaNi5_191,1.0,1.05,0.01562286718231533
LaNi5_191,1.05,1.1,0.015037986963760195
LaNi5_191,1.1,1.1500000000000001,0.012352727536000335
LaNi5_191,1.1500000000000001,1.2000000000000002,0.009667609436480562
LaNi5_191,1.2000000000000002,1.25,0.00818875273459123
LaNi5_191,1.25,1.3,0.006220192789407205
LaNi5_191,1.3,1.35,0.004214898678911441
LaNi5_191,1.35,1.4000000000000001,0.002019596307198468
LaNi5_191,1.4000000000000001,1.4500000000000002,0.0009043965389018339
LaNi5_191,1.4500000000000002,1.5,0.0004805272244146792
LaNi5_191,1.5,1.55,0.000306775834776523
LaNi5_191,1.55,1.6,0.00018343382094460992
LaNi5_191,1.6,1.6500000000000001,6.824878410571683e-05
LaNi5_191,1.6500000000000001,1.7000000000000002,0.0
LaNi5_191,1.7000000000000002,1.75,0.0
LaNi5_191,1.75,1.8,0.0
LaNi5_191,1.8,1.85,0.0
LaNi5_191,1.85,1.9000000000000001,0.0
LaNi5_191,1.9000000000000001,1.9500000000000002,0.0
LaNi5_191,1.9500000000000002,2.0,0.0
LaNi5_191,2.0,2.0500000000000003,0.0
LaNi5_191,2.0500000000000003,2.1,0.0
LaNi5_191,2.1,2.15,0.0
LaNi5_191,2.15,2.2,0.0
LaNi5_191,2.2,2.25,0.0
LaNi5_191,2.25,2.3000000000000003,0.0
LaNi5_191,2.3000000000000003,2.35,0.0
LaNi5_191,2.35,2.4000000000000004,0.0
LaNi5_191,2.4000000000000004,2.45,0.0
LaNi5_191,2.45,2.5,0.0
LaNi5_191,2.5,2.5500000000000003,0.0
LaNi5_191,2.5500000000000003,2.6,0.0
LaNi5_191,2.6,2.6500000000000004,0.0
LaNi5_191,2.6500000000000004,2.7,0.0
LaNi5_191,2.7,2.75,0.0
LaNi5_191,2.75,2.8000000000000003,0.0
LaNi5_191,2.8000000000000003,2.85,0.0
LaNi5_191,2.85,2.9000000000000004,0.0
LaNi5_191,2.9000000000000004,2.95,0.0
LaNi5_191,2.95,3.0,0.0
GdTaO4_13,0.0,0.05,0.002114537261603138
GdTaO4_13,0.05,0.1,0.013635444059197442
GdTaO4_13,0.1,0.15000000000000002,0.035752950614778164
GdTaO4_13,0.15000000000000002,0.2,0.06202749776757686
GdTaO4_13,0.2,0.25,0.08960060394550631
GdTaO4_13,0.25,0.30000000000000004,0.10643086195182222
GdTaO4_13,0.30000000000000004,0.35000000000000003,0.1270110263277063
GdTaO4_13,0.35000000000000003,0.4,0.12609487169139721
GdTaO4_13,0.4,0.45,0.12057807877236752
GdTaO4_13,0.45,0.5,0.10246442895269617
GdTaO4_13,0.5,0.55,0.0810243284127809
GdTaO4_13,0.55,0.6000000000000001,0.05507483302042646
GdTaO4_13,0.6000000000000001,0.65,0.0338729557449048
GdTaO4_13,0.65,0.7000000000000001,0.017825720756674716
GdTaO4_13,0.7000000000000001,0.75,0.008001777663183518
GdTaO4_13,0.75,0.8,0.0041911978594834885
GdTaO4_13,0.8,0.8500000000000001,0.002967984065348725
GdTaO4_13,0.8500000000000001,0.9,0.001962867505864893
GdTaO4_13,0.9,0.9500000000000001,0.0012114709877721497
GdTaO4_13,0.9500000000000001,1.0,0.0006575938948571648
GdTaO4_13,1.0,1.05,0.00036902208867977906
GdTaO4_13,1.05,1.1,0.00023031125346384022
GdTaO4_13,1.1,1.1500000000000001,0.00019195173014411974
GdTaO4_13,1.1500000000000001,1.2000000000000002,0.00018866840460864343
GdTaO4_13,1.2000000000000002,1.25,0.0002153212042739804
GdTaO4_13,1.25,1.3,0.00026034967841941537
GdTaO4_13,1.3,1.35,0.00031613145592778515
GdTaO4_13,1.35,1.4000000000000001,0.0003999064616539924
GdTaO4_13,1.4000000000000001,1.4500000000000002,0.0004962617016332033
GdTaO4_13,1.4500000000000002,1.5,0.0005804430408838967
GdTaO4_13,1.5,1.55,0.0005840249904749714
GdTaO4_13,1.55,1.6,0.0005948196966428584
GdTaO4_13,1.6,1.6500000000000001,0.0005471942111807251
GdTaO4_13,1.6500000000000001,1.7000000000000002,0.0004954827816496683
GdTaO4_13,1.7000000000000002,1.75,0.00044618301841009057
GdTaO4_13,1.75,1.8,0.0003932882618446027
GdTaO4_13,1.8,1.85,0.00031147669605574666
GdTaO4_13,1.85,1.9000000000000001,0.00023241468887990046
GdTaO4_13,1.9000000000000001,1.9500000000000002,0.000170644726639396
GdTaO4_13,1.9500000000000002,2.0,0.00013763265453413577
GdTaO4_13,2.0,2.0500000000000003,0.0001025331771893366
GdTaO4_13,2.0500000000000003,2.1,7.658446959772911e-05
GdTaO4_13,2.1,2.15,5.177944876071137e-05
GdTaO4_13,2.15,2.2,3.5438205896205984e-05
GdTaO4_13,2.2,2.25,2.428901257928733e-05
GdTaO4_13,2.25,2.3000000000000003,1.500486137065749e-05
GdTaO4_13,2.3000000000000003,2.35,1.0507898717603368e-05
GdTaO4_13,2.35,2.4000000000000004,7.72919926900395e-06
GdTaO4_13,2.4000000000000004,2.45,5.449131610743376e-06
GdTaO4_13,2.45,2.5,3.962595536984739e-06
GdTaO4_13,2.5,2.5500000000000003,2.407747627368839e-06
GdTaO4_13,2.5500000000000003,2.6,1.3174732967492574e-06
GdTaO4_13,2.6,2.6500000000000004,4.36776598217555e-07
GdTaO4_13,2.6500000000000004,2.7,0.0
GdTaO4_13,2.7,2.75,0.0
GdTaO4_13,2.75,2.8000000000000003,0.0
GdTaO4_13,2.8000000000000003,2.85,0.0
GdTaO4_13,2.85,2.9000000000000004,0.0
GdTaO4_13,2.9000000000000004,2.95,0.0
GdTaO4_13,2.95,3.0,0.0
YNi3_166,0.0,0.05,0.001668662739297088
YNi3_166,0.05,0.1,0.010263241823191657
YNi3_166,0.1,0.15000000000000002,0.027367615516938778
YNi3_166,0.15000000000000002,0.2,0.04836803957944565
YNi3_166,0.2,0.25,0.07012542419216503
YNi3_166,0.25,0.30000000000000004,0.0893304615794102
YNi3_166,0.30000000000000004,0.35000000000000003,0.10090953225237453
YNi3_166,0.35000000000000003,0.4,0.10847557713854118
YNi3_166,0.4,0.45,0.10218671927076407
YNi3_166,0.45,0.5,0.09207588278259314
YNi3_166,0.5,0.55,0.07608018046067679
YNi3_166,0.55,0.6000000000000001,0.05794310395489129
YNi3_166,0.6000000000000001,0.65,0.039904739728876766
YNi3_166,0.65,0.7000000000000001,0.02530452253650981
YNi3_166,0.7000000000000001,0.75,0.01563663814440978
YNi3_166,0.75,0.8,0.010450902416167366
YNi3_166,0.8,0.8500000000000001,0.008578916521672725
YNi3_166,0.8500000000000001,0.9,0.009763639866636118
YNi3_166,0.9,0.9500000000000001,0.013210784104331847
YNi3_166,0.9500000000000001,1.0,0.01648937360267185
YNi3_166,1.0,1.05,0.017525395256841776
YNi3_166,1.05,1.1,0.01602128719158857
YNi3_166,1.1,1.1500000000000001,0.013135812563784344
YNi3_166,1.1500000000000001,1.2000000000000002,0.010473530844373262
YNi3_166,1.2000000000000002,1.25,0.007840109105171704
YNi3_166,1.25,1.3,0.00568318693093787
YNi3_166,1.3,1.35,0.003304080901682016
YNi3_166,1.35,1.4000000000000001,0.0013847057637238187
YNi3_166,1.4000000000000001,1.4500000000000002,0.00043211634099380586
YNi3_166,1.4500000000000002,1.5,6.581688933723399e-05
YNi3_166,1.5,1.55,0.0
YNi3_166,1.55,1.6,0.0
YNi3_166,1.6,1.6500000000000001,0.0
YNi3_166,1.6500000000000001,1.7000000000000002,0.0
YNi3_166,1.7000000000000002,1.75,0.0
YNi3_166,1.75,1.8,0.0
YNi3_166,1.8,1.85,0.0
YNi3_166,1.85,1.9000000000000001,0.0
YNi3_166,1.9000000000000001,1.9500000000000002,0.0
YNi3_166,1.9500000000000002,2.0,0.0
YNi3_166,2.0,2.0500000000000003,0.0
YNi3_166,2.0500000000000003,2.1,0.0
YNi3_166,2.1,2.15,0.0
YNi3_166,2.15,2.2,0.0
YNi3_166,2.2,2.25,0.0
YNi3_166,2.25,2.3000000000000003,0.0
YNi3_166,2.3000000000000003,2.35,0.0
YNi3_166,2.35,2.4000000000000004,0.0
YNi3_166,2.4000000000000004,2.45,0.0
YNi3_166,2.45,2.5,0.0
YNi3_166,2.5,2.5500000000000003,0.0
YNi3_166,2.5500000000000003,2.6,0.0
YNi3_166,2.6,2.6500000000000004,0.0
YNi3_166,2.6500000000000004,2.7,0.0
YNi3_166,2.7,2.75,0.0
YNi3_166,2.75,2.8000000000000003,0.0
YNi3_166,2.8000000000000003,2.85,0.0
YNi3_166,2.85,2.9000000000000004,0.0
YNi3_166,2.9000000000000004,2.95,0.0
YNi3_166,2.95,3.0,0.0
DyAl3_194,0.0,0.05,0.0023773598817508077
DyAl3_194,0.05,0.1,0.01579456322314212
DyAl3_194,0.1,0.15000000000000002,0.03057956625418389
DyAl3_194,0.15000000000000002,0.2,0.057923814391801054
DyAl3_194,0.2,0.25,0.08946004753664512
DyAl3_194,0.25,0.30000000000000004,0.10149203225292691
DyAl3_194,0.30000000000000004,0.35000000000000003,0.12119585465034692
DyAl3_194,0.35000000000000003,0.4,0.12677870798142496
DyAl3_194,0.4,0.45,0.11656129172402345
DyAl3_194,0.45,0.5,0.10382074212034209
DyAl3_194,0.5,0.55,0.08091387405456085
DyAl3_194,0.55,0.6000000000000001,0.054389288113667826
DyAl3_194,0.6000000000000001,0.65,0.036573433856933936
DyAl3_194,0.65,0.7000000000000001,0.01869942718512095
DyAl3_194,0.7000000000000001,0.75,0.008442183166746624
DyAl3_194,0.75,0.8,0.004092585943496832
DyAl3_194,0.8,0.8500000000000001,0.003421694622712948
DyAl3_194,0.8500000000000001,0.9,0.002928309420074898
DyAl3_194,0.9,0.9500000000000001,0.0026623022390713964
DyAl3_194,0.9500000000000001,1.0,0.002467679951397172
DyAl3_194,1.0,1.05,0.002271162181795148
DyAl3_194,1.05,1.1,0.002018465318628749
DyAl3_194,1.1,1.1500000000000001,0.0017863785170603565
DyAl3_194,1.1500000000000001,1.2000000000000002,0.0015976762793331557
DyAl3_194,1.2000000000000002,1.25,0.001531299724401883
DyAl3_194,1.25,1.3,0.001448265396115699
DyAl3_194,1.3,1.35,0.0014228966040532903
DyAl3_194,1.35,1.4000000000000001,0.0013559555948844779
DyAl3_194,1.4000000000000001,1.4500000000000002,0.0011725750272391935
DyAl3_194,1.4500000000000002,1.5,0.001021589915164194
DyAl3_194,1.5,1.55,0.0008835939432535532
DyAl3_194,1.55,1.6,0.0007589370024020216
DyAl3_194,1.6,1.6500000000000001,0.0006216080072173722
DyAl3_194,1.6500000000000001,1.7000000000000002,0.0005025450040158038
DyAl3_194,1.7000000000000002,1.75,0.00039287779402356443
DyAl3_194,1.75,1.8,0.00028326002103571025
DyAl3_194,1.8,1.85,0.00017125967494404653
DyAl3_194,1.85,1.9000000000000001,8.437768077528515e-05
DyAl3_194,1.9000000000000001,1.9500000000000002,4.863014377630423e-05
DyAl3_194,1.9500000000000002,2.0,3.0471508131805018e-05
DyAl3_194,2.0,2.0500000000000003,1.4712144279655378e-05
DyAl3_194,2.0500000000000003,2.1,6.35021118704083e-06
DyAl3_194,2.1,2.15,3.5373591138238104e-07
DyAl3_194,2.15,2.2,0.0
DyAl3_194,2.2,2.25,0.0
DyAl3_194,2.25,2.3000000000000003,0.0
DyAl3_194,2.3000000000000003,2.35,0.0
DyAl3_194,2.35,2.4000000000000004,0.0
DyAl3_194,2.4000000000000004,2.45,0.0
DyAl3_194,2.45,2.5,0.0
DyAl3_194,2.5,2.5500000000000003,0.0
DyAl3_194,2.5500000000000003,2.6,0.0
DyAl3_194,2.6,2.6500000000000004,0.0
DyAl3_194,2.6500000000000004,2.7,0.0
DyAl3_194,2.7,2.75,0.0
DyAl3_194,2.75,2.8000000000000003,0.0
DyAl3_194,2.8000000000000003,2.85,0.0
DyAl3_194,2.85,2.9000000000000004,0.0
DyAl3_194,2.9000000000000004,2.95,0.0
DyAl3_194,2.95,3.0,0.0
TmMgRh2_225,0.0,0.05,0.0029735346912061656
TmMgRh2_225,0.05,0.1,0.014546365937233624
TmMgRh2_225,0.1,0.15000000000000002,0.034608817201644416
TmMgRh2_225,0.15000000000000002,0.2,0.06535367246360697
TmMgRh2_225,0.2,0.25,0.09484247408477876
TmMgRh2_225,0.25,0.30000000000000004,0.11682242429868576
TmMgRh2_225,0.30000000000000004,0.35000000000000003,0.11257946969161017
TmMgRh2_225,0.35000000000000003,0.4,0.13901878848755841
TmMgRh2_225,0.4,0.45,0.11084691937742513
TmMgRh2_225,0.45,0.5,0.10180290517755518
TmMgRh2_225,0.5,0.55,0.07586651270071476
TmMgRh2_225,0.55,0.6000000000000001,0.04936249832271975
TmMgRh2_225,0.6000000000000001,0.65,0.0300098528221909
TmMgRh2_225,0.65,0.7000000000000001,0.014694742713719573
TmMgRh2_225,0.7000000000000001,0.75,0.007443696857151907
TmMgRh2_225,0.75,0.8,0.00512287825186725
TmMgRh2_225,0.8,0.8500000000000001,0.004424103319135978
TmMgRh2_225,0.8500000000000001,0.9,0.0040433523320270665
TmMgRh2_225,0.9,0.9500000000000001,0.003731800014908425
TmMgRh2_225,0.9500000000000001,1.0,0.0034044990832971162
TmMgRh2_225,1.0,1.05,0.002525934808169473
TmMgRh2_225,1.05,1.1,0.001838117630033132
TmMgRh2_225,1.1,1.1500000000000001,0.0013856353334257602
TmMgRh2_225,1.1500000000000001,1.2000000000000002,0.0007704292933487944
TmMgRh2_225,1.2000000000000002,1.25,0.00033876381889729585
TmMgRh2_225,1.25,1.3,0.0002909929410934906
TmMgRh2_225,1.3,1.35,0.0003258218270136459
TmMgRh2_225,1.35,1.4000000000000001,0.00024229806356342577
TmMgRh2_225,1.4000000000000001,1.4500000000000002,0.00019659241786826464
TmMgRh2_225,1.4500000000000002,1.5,0.00017252535091481013
TmMgRh2_225,1.5,1.55,0.00018700522727695798
TmMgRh2_225,1.55,1.6,0.00014278907034625849
TmMgRh2_225,1.6,1.6500000000000001,6.550811688380804e-05
TmMgRh2_225,1.6500000000000001,1.7000000000000002,1.7202934743140633e-05
TmMgRh2_225,1.7000000000000002,1.75,1.0753373852144432e-06
TmMgRh2_225,1.75,1.8,0.0
TmMgRh2_225,1.8,1.85,0.0
TmMgRh2_225,1.85,1.9000000000000001,0.0
TmMgRh2_225,1.9000000000000001,1.9500000000000002,0.0
TmMgRh2_225,1.9500000000000002,2.0,0.0
TmMgRh2_225,2.0,2.0500000000000003,0.0
TmMgRh2_225,2.0500000000000003,2.1,0.0
TmMgRh2_225,2.1,2.15,0.0
TmMgRh2_225,2.15,2.2,0.0
TmMgRh2_225,2.2,2.25,0.0
TmMgRh2_225,2.25,2.3000000000000003,0.0
TmMgRh2_225,2.3000000000000003,2.35,0.0
TmMgRh2_225,2.35,2.4000000000000004,0.0
TmMgRh2_225,2.4000000000000004,2.45,0.0
TmMgRh2_225,2.45,2.5,0.0
TmMgRh2_225,2.5,2.5500000000000003,0.0
TmMgRh2_225,2.5500000000000003,2.6,0.0
TmMgRh2_225,2.6,2.6500000000000004,0.0
TmMgRh2_225,2.6500000000000004,2.7,0.0
TmMgRh2_225,2.7,2.75,0.0
TmMgRh2_225,2.75,2.8000000000000003,0.0
TmMgRh2_225,2.8000000000000003,2.85,0.0
TmMgRh2_225,2.85,2.9000000000000004,0.0
TmMgRh2_225,2.9000000000000004,2.95,0.0
TmMgRh2_225,2.95,3.0,0.0
NdTaO4_13,0.0,0.05,0.002177596607677112
NdTaO4_13,0.05,0.1,0.013674582468100238
NdTaO4_13,0.1,0.15000000000000002,0.03721097427951255
NdTaO4_13,0.15000000000000002,0.2,0.06382183712846033
NdTaO4_13,0.2,0.25,0.08714373989625687
NdTaO4_13,0.25,0.30000000000000004,0.10926809503349472
NdTaO4_13,0.30000000000000004,0.35000000000000003,0.12142980459843354
NdTaO4_13,0.35000000000000003,0.4,0.12444185106133408
NdTaO4_13,0.4,0.45,0.11195775971851127
NdTaO4_13,0.45,0.5,0.09599537507298242
NdTaO4_13,0.5,0.55,0.07179440698883843
NdTaO4_13,0.55,0.6000000000000001,0.04987470413397481
NdTaO4_13,0.6000000000000001,0.65,0.03124315255271354
NdTaO4_13,0.65,0.7000000000000001,0.01835240041908457
NdTaO4_13,0.7000000000000001,0.75,0.011647977087306739
NdTaO4_13,0.75,0.8,0.009589747511291689
NdTaO4_13,0.8,0.8500000000000001,0.0078751136774754
NdTaO4_13,0.8500000000000001,0.9,0.005878530566754498
NdTaO4_13,0.9,0.9500000000000001,0.003816180085178214
NdTaO4_13,0.9500000000000001,1.0,0.00225373544541995
NdTaO4_13,1.0,1.05,0.0012475316716292887
NdTaO4_13,1.05,1.1,0.0007181097496207188
NdTaO4_13,1.1,1.1500000000000001,0.0005207101883828839
NdTaO4_13,1.1500000000000001,1.2000000000000002,0.00047424661706208356
NdTaO4_13,1.2000000000000002,1.25,0.0005093074989944349
NdTaO4_13,1.25,1.3,0.0006036340124161581
NdTaO4_13,1.3,1.35,0.0007277422922365282
NdTaO4_13,1.35,1.4000000000000001,0.0008983686931623718
NdTaO4_13,1.4000000000000001,1.4500000000000002,0.001100468459880322
NdTaO4_13,1.4500000000000002,1.5,0.0013472595294556121
NdTaO4_13,1.5,1.55,0.0014951095154427537
NdTaO4_13,1.55,1.6,0.0015156219097800165
NdTaO4_13,1.6,1.6500000000000001,0.001499461607020054
NdTaO4_13,1.6500000000000001,1.7000000000000002,0.001434366303025591
NdTaO4_13,1.7000000000000002,1.75,0.0012797255314280823
NdTaO4_13,1.75,1.8,0.001186589003805827
NdTaO4_13,1.8,1.85,0.000999576848294104
NdTaO4_13,1.85,1.9000000000000001,0.0008184101907323376
NdTaO4_13,1.9000000000000001,1.9500000000000002,0.0005841293543126204
NdTaO4_13,1.9500000000000002,2.0,0.00043686900599963275
NdTaO4_13,2.0,2.0500000000000003,0.00032234445716810276
NdTaO4_13,2.0500000000000003,2.1,0.00025561665552949046
NdTaO4_13,2.1,2.15,0.00018700809635945387
NdTaO4_13,2.15,2.2,0.00013166980117336574
NdTaO4_13,2.2,2.25,8.758904169989567e-05
NdTaO4_13,2.25,2.3000000000000003,6.0175149442000616e-05
NdTaO4_13,2.3000000000000003,2.35,3.564478546492329e-05
NdTaO4_13,2.35,2.4000000000000004,2.4893154682320985e-05
NdTaO4_13,2.4000000000000004,2.45,1.7611566845811607e-05
NdTaO4_13,2.45,2.5,1.3149119015233313e-05
NdTaO4_13,2.5,2.5500000000000003,9.112251166676196e-06
NdTaO4_13,2.5500000000000003,2.6,6.455633283883152e-06
NdTaO4_13,2.6,2.6500000000000004,2.87859455767956e-06
NdTaO4_13,2.6500000000000004,2.7,1.0493781269976175e-06
NdTaO4_13,2.7,2.75,0.0
NdTaO4_13,2.75,2.8000000000000003,0.0
NdTaO4_13,2.8000000000000003,2.85,0.0
NdTaO4_13,2.85,2.9000000000000004,0.0
NdTaO4_13,2.9000000000000004,2.95,0.0
NdTaO4_13,2.95,3.0,0.0
TmGa2_74,0.0,0.05,0.001460956921125994
TmGa2_74,0.05,0.1,0.01857014329071306
TmGa2_74,0.1,0.15000000000000002,0.037830330997475355
TmGa2_74,0.15000000000000002,0.2,0.06665387863999984
TmGa2_74,0.2,0.25,0.09637010226309521
TmGa2_74,0.25,0.30000000000000004,0.11581475278412137
TmGa2_74,0.30000000000000004,0.35000000000000003,0.13619143993031008
TmGa2_74,0.35000000000000003,0.4,0.13196353670751557
TmGa2_74,0.4,0.45,0.1186428896756772
TmGa2_74,0.45,0.5,0.09706798479042211
TmGa2_74,0.5,0.55,0.07089478296690804
TmGa2_74,0.55,0.6000000000000001,0.04567529102205753
TmGa2_74,0.6000000000000001,0.65,0.023480711667571603
TmGa2_74,0.65,0.7000000000000001,0.009545724713085246
TmGa2_74,0.7000000000000001,0.75,0.003348953107569762
TmGa2_74,0.75,0.8,0.002325883092704875
TmGa2_74,0.8,0.8500000000000001,0.0021918124248696273
TmGa2_74,0.8500000000000001,0.9,0.0021394271397903782
TmGa2_74,0.9,0.9500000000000001,0.0022121417209979457
TmGa2_74,0.9500000000000001,1.0,0.002392008192433399
TmGa2_74,1.0,1.05,0.002652041037155849
TmGa2_74,1.05,1.1,0.002799486777641923
TmGa2_74,1.1,1.1500000000000001,0.0027712735336980466
TmGa2_74,1.1500000000000001,1.2000000000000002,0.002473004146614074
TmGa2_74,1.2000000000000002,1.25,0.0019357363854760586
TmGa2_74,1.25,1.3,0.0012173484048388485
TmGa2_74,1.3,1.35,0.0007336931709817361
TmGa2_74,1.35,1.4000000000000001,0.00036580134924206974
TmGa2_74,1.4000000000000001,1.4500000000000002,0.00016643760105663206
TmGa2_74,1.4500000000000002,1.5,9.449744828831179e-05
TmGa2_74,1.5,1.55,1.7928096562347743e-05
TmGa2_74,1.55,1.6,0.0
TmGa2_74,1.6,1.6500000000000001,0.0
TmGa2_74,1.6500000000000001,1.7000000000000002,0.0
TmGa2_74,1.7000000000000002,1.75,0.0
TmGa2_74,1.75,1.8,0.0
TmGa2_74,1.8,1.85,0.0
TmGa2_74,1.85,1.9000000000000001,0.0
TmGa2_74,1.9000000000000001,1.9500000000000002,0.0
TmGa2_74,1.9500000000000002,2.0,0.0
TmGa2_74,2.0,2.0500000000000003,0.0
TmGa2_74,2.0500000000000003,2.1,0.0
TmGa2_74,2.1,2.15,0.0
TmGa2_74,2.15,2.2,0.0
TmGa2_74,2.2,2.25,0.0
TmGa2_74,2.25,2.3000000000000003,0.0
TmGa2_74,2.3000000000000003,2.35,0.0
TmGa2_74,2.35,2.4000000000000004,0.0
TmGa2_74,2.4000000000000004,2.45,0.0
TmGa2_74,2.45,2.5,0.0
TmGa2_74,2.5,2.5500000000000003,0.0
TmGa2_74,2.5500000000000003,2.6,0.0
TmGa2_74,2.6,2.6500000000000004,0.0
TmGa2_74,2.6500000000000004,2.7,0.0
TmGa2_74,2.7,2.75,0.0
TmGa2_74,2.75,2.8000000000000003,0.0
TmGa2_74,2.8000000000000003,2.85,0.0
TmGa2_74,2.85,2.9000000000000004,0.0
TmGa2_74,2.9000000000000004,2.95,0.0
TmGa2_74,2.95,3.0,0.0
Rb2WCl6_225,0.0,0.05,0.0005922948492672323
Rb2WCl6_225,0.05,0.1,0.00187941889947167
Rb2WCl6_225,0.1,0.15000000000000002,0.006913826394492728
Rb2WCl6_225,0.15000000000000002,0.2,0.012307756861626686
Rb2WCl6_225,0.2,0.25,0.016019072808072125
Rb2WCl6_225,0.25,0.30000000000000004,0.027260205374466634
Rb2WCl6_225,0.30000000000000004,0.35000000000000003,0.03421956266562954
Rb2WCl6_225,0.35000000000000003,0.4,0.042750179609044675
Rb2WCl6_225,0.4,0.45,0.054015207296487386
Rb2WCl6_225,0.45,0.5,0.06079323559322383
Rb2WCl6_225,0.5,0.55,0.06881222342787316
Rb2WCl6_225,0.55,0.6000000000000001,0.07115670231422055
Rb2WCl6_225,0.6000000000000001,0.65,0.07365820316943164
Rb2WCl6_225,0.65,0.7000000000000001,0.06770020734774984
Rb2WCl6_225,0.7000000000000001,0.75,0.06603204188298625
Rb2WCl6_225,0.75,0.8,0.060494281829389776
Rb2WCl6_225,0.8,0.8500000000000001,0.05213329507849357
Rb2WCl6_225,0.8500000000000001,0.9,0.04575800979261657
Rb2WCl6_225,0.9,0.9500000000000001,0.034766037558662255
Rb2WCl6_225,0.9500000000000001,1.0,0.02711537328626529
Rb2WCl6_225,1.0,1.05,0.02159874825751967
Rb2WCl6_225,1.05,1.1,0.016384651711878744
Rb2WCl6_225,1.1,1.1500000000000001,0.013610738426255677
Rb2WCl6_225,1.1500000000000001,1.2000000000000002,0.012523950181433464
Rb2WCl6_225,1.2000000000000002,1.25,0.012081706315195173
Rb2WCl6_225,1.25,1.3,0.011823295969101387
Rb2WCl6_225,1.3,1.35,0.011208067351540361
Rb2WCl6_225,1.35,1.4000000000000001,0.01029449829191554
Rb2WCl6_225,1.4000000000000001,1.4500000000000002,0.009619850564339182
Rb2WCl6_225,1.4500000000000002,1.5,0.008650420050606664
Rb2WCl6_225,1.5,1.55,0.007753493105226095
Rb2WCl6_225,1.55,1.6,0.006957775662673387
Rb2WCl6_225,1.6,1.6500000000000001,0.006240388300973421
Rb2WCl6_225,1.6500000000000001,1.7000000000000002,0.005421626525558762
Rb2WCl6_225,1.7000000000000002,1.75,0.004597207174341914
Rb2WCl6_225,1.75,1.8,0.003913979739187818
Rb2WCl6_225,1.8,1.85,0.003350422354362591
Rb2WCl6_225,1.85,1.9000000000000001,0.002830362128413512
Rb2WCl6_225,1.9000000000000001,1.9500000000000002,0.0022100380632845483
Rb2WCl6_225,1.9500000000000002,2.0,0.001634368751347988
Rb2WCl6_225,2.0,2.0500000000000003,0.0011399591071191931
Rb2WCl6_225,2.0500000000000003,2.1,0.0007282191051568987
Rb2WCl6_225,2.1,2.15,0.000427892201821322
Rb2WCl6_225,2.15,2.2,0.00026244384504593065
Rb2WCl6_225,2.2,2.25,0.00015859264105554883
Rb2WCl6_225,2.25,2.3000000000000003,0.00010137726233691708
Rb2WCl6_225,2.3000000000000003,2.35,5.439499854203742e-05
Rb2WCl6_225,2.35,2.4000000000000004,2.8906764965541995e-05
Rb2WCl6_225,2.4000000000000004,2.45,1.2712983178731179e-05
Rb2WCl6_225,2.45,2.5,2.4104972478236878e-06
Rb2WCl6_225,2.5,2.5500000000000003,2.910811459634684e-07
Rb2WCl6_225,2.5500000000000003,2.6,6.88435024846261e-08
Rb2WCl6_225,2.6,2.6500000000000004,5.704252458576405e-09
Rb2WCl6_225,2.6500000000000004,2.7,0.0
Rb2WCl6_225,2.7,2.75,0.0
Rb2WCl6_225,2.75,2.8000000000000003,0.0
Rb2WCl6_225,2.8000000000000003,2.85,0.0
Rb2WCl6_225,2.85,2.9000000000000004,0.0
Rb2WCl6_225,2.9000000000000004,2.95,0.0
Rb2WCl6_225,2.95,3.0,0.0
MnSiRu2_225,0.0,0.05,0.0003524904000451157
MnSiRu2_225,0.05,0.1,0.012218679307137562
MnSiRu2_225,0.1,0.15000000000000002,0.012482013978859983
MnSiRu2_225,0.15000000000000002,0.2,0.04146952889424839
MnSiRu2_225,0.2,0.25,0.06364225194388763
MnSiRu2_225,0.25,0.30000000000000004,0.06966943528205985
MnSiRu2_225,0.30000000000000004,0.35000000000000003,0.08567630416564234
MnSiRu2_225,0.35000000000000003,0.4,0.09193230535279268
MnSiRu2_225,0.4,0.45,0.08761795849709993
MnSiRu2_225,0.45,0.5,0.09373222958241857
MnSiRu2_225,0.5,0.55,0.089410105235265
MnSiRu2_225,0.55,0.6000000000000001,0.06408640321406477
MnSiRu2_225,0.6000000000000001,0.65,0.06374808260355344
MnSiRu2_225,0.65,0.7000000000000001,0.046781474804923805
MnSiRu2_225,0.7000000000000001,0.75,0.039635376704531385
MnSiRu2_225,0.75,0.8,0.029822337680403932
MnSiRu2_225,0.8,0.8500000000000001,0.0243452421756737
MnSiRu2_225,0.8500000000000001,0.9,0.022547877833515976
MnSiRu2_225,0.9,0.9500000000000001,0.017958922718423326
MnSiRu2_225,0.9500000000000001,1.0,0.014244279146827991
MnSiRu2_225,1.0,1.05,0.010811542946459972
MnSiRu2_225,1.05,1.1,0.007148846945637099
MnSiRu2_225,1.1,1.1500000000000001,0.004200973020172954
MnSiRu2_225,1.1500000000000001,1.2000000000000002,0.0023569539876188866
MnSiRu2_225,1.2000000000000002,1.25,0.0012608203131733908
MnSiRu2_225,1.25,1.3,0.0005910128219942783
MnSiRu2_225,1.3,1.35,0.00036224009151039356
MnSiRu2_225,1.35,1.4000000000000001,0.00048048234134662773
MnSiRu2_225,1.4000000000000001,1.4500000000000002,0.000585160786341463
MnSiRu2_225,1.4500000000000002,1.5,0.0005260761767688297
MnSiRu2_225,1.5,1.55,0.0002431061517210201
MnSiRu2_225,1.55,1.6,5.799377103314648e-05
MnSiRu2_225,1.6,1.6500000000000001,1.491124845670896e-06
MnSiRu2_225,1.6500000000000001,1.7000000000000002,0.0
MnSiRu2_225,1.7000000000000002,1.75,0.0
MnSiRu2_225,1.75,1.8,0.0
MnSiRu2_225,1.8,1.85,0.0
MnSiRu2_225,1.85,1.9000000000000001,0.0
MnSiRu2_225,1.9000000000000001,1.9500000000000002,0.0
MnSiRu2_225,1.9500000000000002,2.0,0.0
MnSiRu2_225,2.0,2.0500000000000003,0.0
MnSiRu2_225,2.0500000000000003,2.1,0.0
MnSiRu2_225,2.1,2.15,0.0
MnSiRu2_225,2.15,2.2,0.0
MnSiRu2_225,2.2,2.25,0.0
MnSiRu2_225,2.25,2.3000000000000003,0.0
MnSiRu2_225,2.3000000000000003,2.35,0.0
MnSiRu2_225,2.35,2.4000000000000004,0.0
MnSiRu2_225,2.4000000000000004,2.45,0.0
MnSiRu2_225,2.45,2.5,0.0
MnSiRu2_225,2.5,2.5500000000000003,0.0
MnSiRu2_225,2.5500000000000003,2.6,0.0
MnSiRu2_225,2.6,2.6500000000000004,0.0
MnSiRu2_225,2.6500000000000004,2.7,0.0
MnSiRu2_225,2.7,2.75,0.0
MnSiRu2_225,2.75,2.8000000000000003,0.0
MnSiRu2_225,2.8000000000000003,2.85,0.0
MnSiRu2_225,2.85,2.9000000000000004,0.0
MnSiRu2_225,2.9000000000000004,2.95,0.0
MnSiRu2_225,2.95,3.0,0.0
HoInIr_189,0.0,0.05,0.00039725196984384867
HoInIr_189,0.05,0.1,0.002870410741577977
HoInIr_189,0.1,0.15000000000000002,0.005783252959251562
HoInIr_189,0.15000000000000002,0.2,0.015731124236732487
HoInIr_189,0.2,0.25,0.030025430716605416
HoInIr_189,0.25,0.30000000000000004,0.0514268305544554
HoInIr_189,0.30000000000000004,0.35000000000000003,0.07606035866484963
HoInIr_189,0.35000000000000003,0.4,0.10182924014942339
HoInIr_189,0.4,0.45,0.11689036990559674
HoInIr_189,0.45,0.5,0.12904875158711457
HoInIr_189,0.5,0.55,0.11973090814852065
HoInIr_189,0.55,0.6000000000000001,0.09977797588699983
HoInIr_189,0.6000000000000001,0.65,0.07475844638421801
HoInIr_189,0.65,0.7000000000000001,0.04971482173540277
HoInIr_189,0.7000000000000001,0.75,0.029200660668874077
HoInIr_189,0.75,0.8,0.01927558438785009
HoInIr_189,0.8,0.8500000000000001,0.015928699664222556
HoInIr_189,0.8500000000000001,0.9,0.013736270355521036
HoInIr_189,0.9,0.9500000000000001,0.011923249484333287
HoInIr_189,0.9500000000000001,1.0,0.009605187908675804
HoInIr_189,1.0,1.05,0.00734985939513153
HoInIr_189,1.05,1.1,0.005639734092213861
HoInIr_189,1.1,1.1500000000000001,0.004308135927386489
HoInIr_189,1.1500000000000001,1.2000000000000002,0.003364183794880902
HoInIr_189,1.2000000000000002,1.25,0.002517224082122063
HoInIr_189,1.25,1.3,0.0016306470963071628
HoInIr_189,1.3,1.35,0.0008700402365629411
HoInIr_189,1.35,1.4000000000000001,0.0004159309180760719
HoInIr_189,1.4000000000000001,1.4500000000000002,0.00017240539893714402
HoInIr_189,1.4500000000000002,1.5,1.701294831174761e-05
HoInIr_189,1.5,1.55,0.0
HoInIr_189,1.55,1.6,0.0
HoInIr_189,1.6,1.6500000000000001,0.0
HoInIr_189,1.6500000000000001,1.7000000000000002,0.0
HoInIr_189,1.7000000000000002,1.75,0.0
HoInIr_189,1.75,1.8,0.0
HoInIr_189,1.8,1.85,0.0
HoInIr_189,1.85,1.9000000000000001,0.0
HoInIr_189,1.9000000000000001,1.9500000000000002,0.0
HoInIr_189,1.9500000000000002,2.0,0.0
HoInIr_189,2.0,2.0500000000000003,0.0
HoInIr_189,2.0500000000000003,2.1,0.0
HoInIr_189,2.1,2.15,0.0
HoInIr_189,2.15,2.2,0.0
HoInIr_189,2.2,2.25,0.0
HoInIr_189,2.25,2.3000000000000003,0.0
HoInIr_189,2.3000000000000003,2.35,0.0
HoInIr_189,2.35,2.4000000000000004,0.0
HoInIr_189,2.4000000000000004,2.45,0.0
HoInIr_189,2.45,2.5,0.0
HoInIr_189,2.5,2.5500000000000003,0.0
HoInIr_189,2.5500000000000003,2.6,0.0
HoInIr_189,2.6,2.6500000000000004,0.0
HoInIr_189,2.6500000000000004,2.7,0.0
HoInIr_189,2.7,2.75,0.0
HoInIr_189,2.75,2.8000000000000003,0.0
HoInIr_189,2.8000000000000003,2.85,0.0
HoInIr_189,2.85,2.9000000000000004,0.0
HoInIr_189,2.9000000000000004,2.95,0.0
HoInIr_189,2.95,3.0,0.0
NpSe_225,0.0,0.05,0.002039172495891666
NpSe_225,0.05,0.1,0.006407964666406713
NpSe_225,0.1,0.15000000000000002,0.02092705320451597
NpSe_225,0.15000000000000002,0.2,0.033589217433377005
NpSe_225,0.2,0.25,0.05452065133970962
NpSe_225,0.25,0.30000000000000004,0.06056489632310175
NpSe_225,0.30000000000000004,0.35000000000000003,0.07665679391048945
NpSe_225,0.35000000000000003,0.4,0.08451798365458611
NpSe_225,0.4,0.45,0.08496414133819767
NpSe_225,0.45,0.5,0.07729537881424134
NpSe_225,0.5,0.55,0.07312484821070611
NpSe_225,0.55,0.6000000000000001,0.06162847512195555
NpSe_225,0.6000000000000001,0.65,0.05440726116777184
NpSe_225,0.65,0.7000000000000001,0.04386400205881169
NpSe_225,0.7000000000000001,0.75,0.03553870425639201
NpSe_225,0.75,0.8,0.02913172035045372
NpSe_225,0.8,0.8500000000000001,0.02560894745653063
NpSe_225,0.8500000000000001,0.9,0.021754611621725505
NpSe_225,0.9,0.9500000000000001,0.018776321678877064
NpSe_225,0.9500000000000001,1.0,0.017440357711561303
NpSe_225,1.0,1.05,0.014221515347419455
NpSe_225,1.05,1.1,0.011519625754983871
NpSe_225,1.1,1.1500000000000001,0.010397670050812616
NpSe_225,1.1500000000000001,1.2000000000000002,0.00955109106215891
NpSe_225,1.2000000000000002,1.25,0.008855079969410515
NpSe_225,1.25,1.3,0.008733472057972225
NpSe_225,1.3,1.35,0.008258592384156742
NpSe_225,1.35,1.4000000000000001,0.0073326838830243025
NpSe_225,1.4000000000000001,1.4500000000000002,0.005965218503388377
NpSe_225,1.4500000000000002,1.5,0.0055715477400351135
NpSe_225,1.5,1.55,0.0046648183056531576
NpSe_225,1.55,1.6,0.004583011309135685
NpSe_225,1.6,1.6500000000000001,0.0037159091404835257
NpSe_225,1.6500000000000001,1.7000000000000002,0.0034445871632293405
NpSe_225,1.7000000000000002,1.75,0.002804951603993495
NpSe_225,1.75,1.8,0.0024193838594868617
NpSe_225,1.8,1.85,0.0017560096993604736
NpSe_225,1.85,1.9000000000000001,0.0012565254117309628
NpSe_225,1.9000000000000001,1.9500000000000002,0.0008627310441231311
NpSe_225,1.9500000000000002,2.0,0.0005396718905608679
NpSe_225,2.0,2.0500000000000003,0.0003874084102652399
NpSe_225,2.0500000000000003,2.1,0.0002138860828363785
NpSe_225,2.1,2.15,0.00011777118188577709
NpSe_225,2.15,2.2,5.308493454410932e-05
NpSe_225,2.2,2.25,1.4448507009773418e-05
NpSe_225,2.25,2.3000000000000003,8.01887036626451e-07
NpSe_225,2.3000000000000003,2.35,0.0
NpSe_225,2.35,2.4000000000000004,0.0
NpSe_225,2.4000000000000004,2.45,0.0
NpSe_225,2.45,2.5,0.0
NpSe_225,2.5,2.5500000000000003,0.0
NpSe_225,2.5500000000000003,2.6,0.0
NpSe_225,2.6,2.6500000000000004,0.0
NpSe_225,2.6500000000000004,2.7,0.0
NpSe_225,2.7,2.75,0.0
NpSe_225,2.75,2.8000000000000003,0.0
NpSe_225,2.8000000000000003,2.85,0.0
NpSe_225,2.85,2.9000000000000004,0.0
NpSe_225,2.9000000000000004,2.95,0.0
NpSe_225,2.95,3.0,0.0
Pr(NiP)2_139,0.0,0.05,0.002030020158170705
Pr(NiP)2_139,0.05,0.1,0.01144603174042023
Pr(NiP)2_139,0.1,0.15000000000000002,0.03081307409514953
Pr(NiP)2_139,0.15000000000000002,0.2,0.05008687250013496
Pr(NiP)2_139,0.2,0.25,0.07538420927528296
Pr(NiP)2_139,0.25,0.30000000000000004,0.09214660573362717
Pr(NiP)2_139,0.30000000000000004,0.35000000000000003,0.10544075309223343
Pr(NiP)2_139,0.35000000000000003,0.4,0.10771742134154177
Pr(NiP)2_139,0.4,0.45,0.10027430597280017
Pr(NiP)2_139,0.45,0.5,0.08983566146966324
Pr(NiP)2_139,0.5,0.55,0.07086152480850413
Pr(NiP)2_139,0.55,0.6000000000000001,0.05514349360727886
Pr(NiP)2_139,0.6000000000000001,0.65,0.038744751120549197
Pr(NiP)2_139,0.65,0.7000000000000001,0.026375699760318887
Pr(NiP)2_139,0.7000000000000001,0.75,0.01822821259875286
Pr(NiP)2_139,0.75,0.8,0.014727807949154435
Pr(NiP)2_139,0.8,0.8500000000000001,0.013156788283388775
Pr(NiP)2_139,0.8500000000000001,0.9,0.012186184361516065
Pr(NiP)2_139,0.9,0.9500000000000001,0.010862028962281292
Pr(NiP)2_139,0.9500000000000001,1.0,0.01028866457552648
Pr(NiP)2_139,1.0,1.05,0.00966175924524755
Pr(NiP)2_139,1.05,1.1,0.009023313205792183
Pr(NiP)2_139,1.1,1.1500000000000001,0.007452306474212227
Pr(NiP)2_139,1.1500000000000001,1.2000000000000002,0.005859167641937973
Pr(NiP)2_139,1.2000000000000002,1.25,0.005217137098870218
Pr(NiP)2_139,1.25,1.3,0.004846491764454807
Pr(NiP)2_139,1.3,1.35,0.004028359308750676
Pr(NiP)2_139,1.35,1.4000000000000001,0.003321626126324891
Pr(NiP)2_139,1.4000000000000001,1.4500000000000002,0.00242875715820376
Pr(NiP)2_139,1.4500000000000002,1.5,0.002470286968945818
Pr(NiP)2_139,1.5,1.55,0.0025068641561576334
Pr(NiP)2_139,1.55,1.6,0.0021002847015861846
Pr(NiP)2_139,1.6,1.6500000000000001,0.0016853320597049683
Pr(NiP)2_139,1.6500000000000001,1.7000000000000002,0.001147888621822717
Pr(NiP)2_139,1.7000000000000002,1.75,0.0008768143011480582
Pr(NiP)2_139,1.75,1.8,0.000662189805109379
Pr(NiP)2_139,1.8,1.85,0.00046450601928421366
Pr(NiP)2_139,1.85,1.9000000000000001,0.0002879784348633038
Pr(NiP)2_139,1.9000000000000001,1.9500000000000002,0.00014774937157744036
Pr(NiP)2_139,1.9500000000000002,2.0,6.107612971046091e-05
Pr(NiP)2_139,2.0,2.0500000000000003,0.0
Pr(NiP)2_139,2.0500000000000003,2.1,0.0
Pr(NiP)2_139,2.1,2.15,0.0
Pr(NiP)2_139,2.15,2.2,0.0
Pr(NiP)2_139,2.2,2.25,0.0
Pr(NiP)2_139,2.25,2.3000000000000003,0.0
Pr(NiP)2_139,2.3000000000000003,2.35,0.0
Pr(NiP)2_139,2.35,2.4000000000000004,0.0
Pr(NiP)2_139,2.4000000000000004,2.45,0.0
Pr(NiP)2_139,2.45,2.5,0.0
Pr(NiP)2_139,2.5,2.5500000000000003,0.0
Pr(NiP)2_139,2.5500000000000003,2.6,0.0
Pr(NiP)2_139,2.6,2.6500000000000004,0.0
Pr(NiP)2_139,2.6500000000000004,2.7,0.0
Pr(NiP)2_139,2.7,2.75,0.0
Pr(NiP)2_139,2.75,2.8000000000000003,0.0
Pr(NiP)2_139,2.8000000000000003,2.85,0.0
Pr(NiP)2_139,2.85,2.9000000000000004,0.0
Pr(NiP)2_139,2.9000000000000004,2.95,0.0
Pr(NiP)2_139,2.95,3.0,0.0
FeGe_191,0.0,0.05,0.00041477013704049024
FeGe_191,0.05,0.1,0.01038985575907367
FeGe_191,0.1,0.15000000000000002,0.021076130334316268
FeGe_191,0.15000000000000002,0.2,0.04208422119543212
FeGe_191,0.2,0.25,0.06111902912140776
FeGe_191,0.25,0.30000000000000004,0.07331437432230646
FeGe_191,0.30000000000000004,0.35000000000000003,0.10206704563879183
FeGe_191,0.35000000000000003,0.4,0.0949452169929738
FeGe_191,0.4,0.45,0.09815761299465435
FeGe_191,0.45,0.5,0.09545402680166475
FeGe_191,0.5,0.55,0.08252185436721128
FeGe_191,0.55,0.6000000000000001,0.06557263567623778
FeGe_191,0.6000000000000001,0.65,0.0563022838720028
FeGe_191,0.65,0.7000000000000001,0.039410104539217956
FeGe_191,0.7000000000000001,0.75,0.032876138181114754
FeGe_191,0.75,0.8,0.024787930120359392
FeGe_191,0.8,0.8500000000000001,0.02049622207839027
FeGe_191,0.8500000000000001,0.9,0.017250997577870006
FeGe_191,0.9,0.9500000000000001,0.013785365332311388
FeGe_191,0.9500000000000001,1.0,0.0101838857056708
FeGe_191,1.0,1.05,0.008483899488964336
FeGe_191,1.05,1.1,0.006883278540916212
FeGe_191,1.1,1.1500000000000001,0.0055755812531589925
FeGe_191,1.1500000000000001,1.2000000000000002,0.004368493657149229
FeGe_191,1.2000000000000002,1.25,0.003193478829864931
FeGe_191,1.25,1.3,0.002414185376675171
FeGe_191,1.3,1.35,0.0021608810777562866
FeGe_191,1.35,1.4000000000000001,0.0015810149344578869
FeGe_191,1.4000000000000001,1.4500000000000002,0.0012175818969179868
FeGe_191,1.4500000000000002,1.5,0.0008945859911416061
FeGe_191,1.5,1.55,0.0004857752880162189
FeGe_191,1.55,1.6,0.00026999906522592876
FeGe_191,1.6,1.6500000000000001,0.00013968033773381072
FeGe_191,1.6500000000000001,1.7000000000000002,7.482957434644752e-05
FeGe_191,1.7000000000000002,1.75,3.642165017574765e-05
FeGe_191,1.75,1.8,1.029118620156408e-05
FeGe_191,1.8,1.85,3.2110324888835673e-07
FeGe_191,1.85,1.9000000000000001,0.0
FeGe_191,1.9000000000000001,1.9500000000000002,0.0
FeGe_191,1.9500000000000002,2.0,0.0
FeGe_191,2.0,2.0500000000000003,0.0
FeGe_191,2.0500000000000003,2.1,0.0
FeGe_191,2.1,2.15,0.0
FeGe_191,2.15,2.2,0.0
FeGe_191,2.2,2.25,0.0
FeGe_191,2.25,2.3000000000000003,0.0
FeGe_191,2.3000000000000003,2.35,0.0
FeGe_191,2.35,2.4000000000000004,0.0
FeGe_191,2.4000000000000004,2.45,0.0
FeGe_191,2.45,2.5,0.0
FeGe_191,2.5,2.5500000000000003,0.0
FeGe_191,2.5500000000000003,2.6,0.0
FeGe_191,2.6,2.6500000000000004,0.0
FeGe_191,2.6500000000000004,2.7,0.0
FeGe_191,2.7,2.75,0.0
FeGe_191,2.75,2.8000000000000003,0.0
FeGe_191,2.8000000000000003,2.85,0.0
FeGe_191,2.85,2.9000000000000004,0.0
FeGe_191,2.9000000000000004,2.95,0.0
FeGe_191,2.95,3.0,0.0
RbErSe2_166,0.0,0.05,0.0013663828802348468
RbErSe2_166,0.05,0.1,0.013407028463133623
RbErSe2_166,0.1,0.15000000000000002,0.034857734144820386
RbErSe2_166,0.15000000000000002,0.2,0.06371162103595092
RbErSe2_166,0.2,0.25,0.08849074559549523
RbErSe2_166,0.25,0.30000000000000004,0.10727800908556356
RbErSe2_166,0.30000000000000004,0.35000000000000003,0.12188956219034573
RbErSe2_166,0.35000000000000003,0.4,0.12109944590164012
RbErSe2_166,0.4,0.45,0.11192561984027011
RbErSe2_166,0.45,0.5,0.09365385109305101
RbErSe2_166,0.5,0.55,0.06972138122873912
RbErSe2_166,0.55,0.6000000000000001,0.04697505535500937
RbErSe2_166,0.6000000000000001,0.65,0.02777584075553939
RbErSe2_166,0.65,0.7000000000000001,0.014870701092509266
RbErSe2_166,0.7000000000000001,0.75,0.00869416620951747
RbErSe2_166,0.75,0.8,0.007381720324695299
RbErSe2_166,0.8,0.8500000000000001,0.0070842598287359105
RbErSe2_166,0.8500000000000001,0.9,0.006606090493882076
RbErSe2_166,0.9,0.9500000000000001,0.006271386281094645
RbErSe2_166,0.9500000000000001,1.0,0.005923377616991856
RbErSe2_166,1.0,1.05,0.005489772883283964
RbErSe2_166,1.05,1.1,0.0051196438365172185
RbErSe2_166,1.1,1.1500000000000001,0.004644254051948139
RbErSe2_166,1.1500000000000001,1.2000000000000002,0.004191953343666581
RbErSe2_166,1.2000000000000002,1.25,0.003663193162062236
RbErSe2_166,1.25,1.3,0.003182653530904976
RbErSe2_166,1.3,1.35,0.0027492382882073146
RbErSe2_166,1.35,1.4000000000000001,0.002363889194772314
RbErSe2_166,1.4000000000000001,1.4500000000000002,0.0020234245106938087
RbErSe2_166,1.4500000000000002,1.5,0.0017221298380754619
RbErSe2_166,1.5,1.55,0.0014647365354842246
RbErSe2_166,1.55,1.6,0.0011757302591112269
RbErSe2_166,1.6,1.6500000000000001,0.0009077487959931879
RbErSe2_166,1.6500000000000001,1.7000000000000002,0.0007113329878714322
RbErSe2_166,1.7000000000000002,1.75,0.0005304111054024651
RbErSe2_166,1.75,1.8,0.00038498917313831464
RbErSe2_166,1.8,1.85,0.00027089210910101995
RbErSe2_166,1.85,1.9000000000000001,0.00018791068571520587
RbErSe2_166,1.9000000000000001,1.9500000000000002,0.00010699569586516211
RbErSe2_166,1.9500000000000002,2.0,5.88339520052809e-05
RbErSe2_166,2.0,2.0500000000000003,3.270899589797028e-05
RbErSe2_166,2.0500000000000003,2.1,1.6051057297118235e-05
RbErSe2_166,2.1,2.15,8.331182109689115e-06
RbErSe2_166,2.15,2.2,4.148886738951451e-06
RbErSe2_166,2.2,2.25,2.4258176721003237e-06
RbErSe2_166,2.25,2.3000000000000003,1.5947572624232166e-06
RbErSe2_166,2.3000000000000003,2.35,7.752832352134702e-07
RbErSe2_166,2.35,2.4000000000000004,2.346618668571538e-07
RbErSe2_166,2.4000000000000004,2.45,1.6000880126473408e-08
RbErSe2_166,2.45,2.5,0.0
RbErSe2_166,2.5,2.5500000000000003,0.0
RbErSe2_166,2.5500000000000003,2.6,0.0
RbErSe2_166,2.6,2.6500000000000004,0.0
RbErSe2_166,2.6500000000000004,2.7,0.0
RbErSe2_166,2.7,2.75,0.0
RbErSe2_166,2.75,2.8000000000000003,0.0
RbErSe2_166,2.8000000000000003,2.85,0.0
RbErSe2_166,2.85,2.9000000000000004,0.0
RbErSe2_166,2.9000000000000004,2.95,0.0
RbErSe2_166,2.95,3.0,0.0
NpH3_139,0.0,0.05,0.0015865140822626138
NpH3_139,0.05,0.1,0.0068573664276457115
NpH3_139,0.1,0.15000000000000002,0.021446810303922946
NpH3_139,0.15000000000000002,0.2,0.03643013710626786
NpH3_139,0.2,0.25,0.05410806725230869
NpH3_139,0.25,0.30000000000000004,0.06602229288281104
NpH3_139,0.30000000000000004,0.35000000000000003,0.08095667818419226
NpH3_139,0.35000000000000003,0.4,0.08365572194056095
NpH3_139,0.4,0.45,0.0855428546396291
NpH3_139,0.45,0.5,0.07933816263497542
NpH3_139,0.5,0.55,0.0750407052331303
NpH3_139,0.55,0.6000000000000001,0.06300746566662437
NpH3_139,0.6000000000000001,0.65,0.05527290010752084
NpH3_139,0.65,0.7000000000000001,0.044987715587306305
NpH3_139,0.7000000000000001,0.75,0.035439593572485946
NpH3_139,0.75,0.8,0.03016671164743158
NpH3_139,0.8,0.8500000000000001,0.022152738927063122
NpH3_139,0.8500000000000001,0.9,0.013229802243735723
NpH3_139,0.9,0.9500000000000001,0.006103168505643218
NpH3_139,0.9500000000000001,1.0,0.0027816685579764686
NpH3_139,1.0,1.05,0.0011901980806542087
NpH3_139,1.05,1.1,0.0006215439557230126
NpH3_139,1.1,1.1500000000000001,0.00045943698828358596
NpH3_139,1.1500000000000001,1.2000000000000002,0.00037816592908129727
NpH3_139,1.2000000000000002,1.25,0.0003924131676624268
NpH3_139,1.25,1.3,0.0006568546811068648
NpH3_139,1.3,1.35,0.0009160159604135724
NpH3_139,1.35,1.4000000000000001,0.0013224203079069152
NpH3_139,1.4000000000000001,1.4500000000000002,0.0015681379645827377
NpH3_139,1.4500000000000002,1.5,0.002261009902667793
NpH3_139,1.5,1.55,0.00266078022891458
NpH3_139,1.55,1.6,0.0033756682589772434
NpH3_139,1.6,1.6500000000000001,0.00361920434051828
NpH3_139,1.6500000000000001,1.7000000000000002,0.0044359192247884465
NpH3_139,1.7000000000000002,1.75,0.005322534933588649
NpH3_139,1.75,1.8,0.005839000058303287
NpH3_139,1.8,1.85,0.006934670610168097
NpH3_139,1.85,1.9000000000000001,0.00784019772862538
NpH3_139,1.9000000000000001,1.9500000000000002,0.00865501985453365
NpH3_139,1.9500000000000002,2.0,0.009932653002040374
NpH3_139,2.0,2.0500000000000003,0.00968299240200052
NpH3_139,2.0500000000000003,2.1,0.010746664683053754
NpH3_139,2.1,2.15,0.009976467826617168
NpH3_139,2.15,2.2,0.008685315185044671
NpH3_139,2.2,2.25,0.007633096442167727
NpH3_139,2.25,2.3000000000000003,0.006335646765920235
NpH3_139,2.3000000000000003,2.35,0.00460877667383648
NpH3_139,2.35,2.4000000000000004,0.0030072596211960932
NpH3_139,2.4000000000000004,2.45,0.0025157155655249662
NpH3_139,2.45,2.5,0.0013118158771015743
NpH3_139,2.5,2.5500000000000003,0.0015524782820382284
NpH3_139,2.5500000000000003,2.6,0.0006117167901811165
NpH3_139,2.6,2.6500000000000004,0.0004907283646785646
NpH3_139,2.6500000000000004,2.7,0.00033240483860423354
NpH3_139,2.7,2.75,0.0
NpH3_139,2.75,2.8000000000000003,0.0
NpH3_139,2.8000000000000003,2.85,0.0
NpH3_139,2.85,2.9000000000000004,0.0
NpH3_139,2.9000000000000004,2.95,0.0
NpH3_139,2.95,3.0,0.0
HoCu4Pd_216,0.0,0.05,0.003351672265671943
HoCu4Pd_216,0.05,0.1,0.010625823955272968
HoCu4Pd_216,0.1,0.15000000000000002,0.03460271915483603
HoCu4Pd_216,0.15000000000000002,0.2,0.05556805408821591
HoCu4Pd_216,0.2,0.25,0.09408059349300085
HoCu4Pd_216,0.25,0.30000000000000004,0.10175418506046635
HoCu4Pd_216,0.30000000000000004,0.35000000000000003,0.12696623309197289
HoCu4Pd_216,0.35000000000000003,0.4,0.12203408919981076
HoCu4Pd_216,0.4,0.45,0.12030720472307976
HoCu4Pd_216,0.45,0.5,0.10365404407157792
HoCu4Pd_216,0.5,0.55,0.0867682616928922
HoCu4Pd_216,0.55,0.6000000000000001,0.056904553646463484
HoCu4Pd_216,0.6000000000000001,0.65,0.03691285810382795
HoCu4Pd_216,0.65,0.7000000000000001,0.020255238120804715
HoCu4Pd_216,0.7000000000000001,0.75,0.007522354515293862
HoCu4Pd_216,0.75,0.8,0.0038378426252831175
HoCu4Pd_216,0.8,0.8500000000000001,0.002680630968493201
HoCu4Pd_216,0.8500000000000001,0.9,0.0024458543050593666
HoCu4Pd_216,0.9,0.9500000000000001,0.0021664299832952214
HoCu4Pd_216,0.9500000000000001,1.0,0.0020494153574189917
HoCu4Pd_216,1.0,1.05,0.0015168059195352242
HoCu4Pd_216,1.05,1.1,0.0011264465977547386
HoCu4Pd_216,1.1,1.1500000000000001,0.0008969294001365196
HoCu4Pd_216,1.1500000000000001,1.2000000000000002,0.0008107047457459072
HoCu4Pd_216,1.2000000000000002,1.25,0.0006365944677902339
HoCu4Pd_216,1.25,1.3,0.00035171464940673925
HoCu4Pd_216,1.3,1.35,0.00012771553585924872
HoCu4Pd_216,1.35,1.4000000000000001,4.23959714954998e-05
HoCu4Pd_216,1.4000000000000001,1.4500000000000002,2.634289538264148e-06
HoCu4Pd_216,1.4500000000000002,1.5,0.0
HoCu4Pd_216,1.5,1.55,0.0
HoCu4Pd_216,1.55,1.6,0.0
HoCu4Pd_216,1.6,1.6500000000000001,0.0
HoCu4Pd_216,1.6500000000000001,1.7000000000000002,0.0
HoCu4Pd_216,1.7000000000000002,1.75,0.0
HoCu4Pd_216,1.75,1.8,0.0
HoCu4Pd_216,1.8,1.85,0.0
HoCu4Pd_216,1.85,1.9000000000000001,0.0
HoCu4Pd_216,1.9000000000000001,1.9500000000000002,0.0
HoCu4Pd_216,1.9500000000000002,2.0,0.0
HoCu4Pd_216,2.0,2.0500000000000003,0.0
HoCu4Pd_216,2.0500000000000003,2.1,0.0
HoCu4Pd_216,2.1,2.15,0.0
HoCu4Pd_216,2.15,2.2,0.0
HoCu4Pd_216,2.2,2.25,0.0
HoCu4Pd_216,2.25,2.3000000000000003,0.0
HoCu4Pd_216,2.3000000000000003,2.35,0.0
HoCu4Pd_216,2.35,2.4000000000000004,0.0
HoCu4Pd_216,2.4000000000000004,2.45,0.0
HoCu4Pd_216,2.45,2.5,0.0
HoCu4Pd_216,2.5,2.5500000000000003,0.0
HoCu4Pd_216,2.5500000000000003,2.6,0.0
HoCu4Pd_216,2.6,2.6500000000000004,0.0
HoCu4Pd_216,2.6500000000000004,2.7,0.0
HoCu4Pd_216,2.7,2.75,0.0
HoCu4Pd_216,2.75,2.8000000000000003,0.0
HoCu4Pd_216,2.8000000000000003,2.85,0.0
HoCu4Pd_216,2.85,2.9000000000000004,0.0
HoCu4Pd_216,2.9000000000000004,2.95,0.0
HoCu4Pd_216,2.95,3.0,0.0
ErCu_221,0.0,0.05,0.0006072415773302076
ErCu_221,0.05,0.1,0.004195014885565359
ErCu_221,0.1,0.15000000000000002,0.009190332961031316
ErCu_221,0.15000000000000002,0.2,0.016025674060529207
ErCu_221,0.2,0.25,0.02416764451805252
ErCu_221,0.25,0.30000000000000004,0.03340163899468709
ErCu_221,0.30000000000000004,0.35000000000000003,0.044775948868373654
ErCu_221,0.35000000000000003,0.4,0.07800400641159774
ErCu_221,0.4,0.45,0.10821988161234955
ErCu_221,0.45,0.5,0.11831953660317278
ErCu_221,0.5,0.55,0.13249811750987525
ErCu_221,0.55,0.6000000000000001,0.09485757778491503
ErCu_221,0.6000000000000001,0.65,0.07824174840962105
ErCu_221,0.65,0.7000000000000001,0.049835543037563074
ErCu_221,0.7000000000000001,0.75,0.029500190112254344
ErCu_221,0.75,0.8,0.026668432182252483
ErCu_221,0.8,0.8500000000000001,0.02438664138827666
ErCu_221,0.8500000000000001,0.9,0.020822527697868243
ErCu_221,0.9,0.9500000000000001,0.0199448899206792
ErCu_221,0.9500000000000001,1.0,0.018490552788347846
ErCu_221,1.0,1.05,0.017965482591911403
ErCu_221,1.05,1.1,0.014976525885326417
ErCu_221,1.1,1.1500000000000001,0.011183777409594918
ErCu_221,1.1500000000000001,1.2000000000000002,0.009258316259955804
ErCu_221,1.2000000000000002,1.25,0.007568006233896256
ErCu_221,1.25,1.3,0.003897867326607064
ErCu_221,1.3,1.35,0.0017457014870618911
ErCu_221,1.35,1.4000000000000001,0.0007714326536159479
ErCu_221,1.4000000000000001,1.4500000000000002,0.0003426786488464419
ErCu_221,1.4500000000000002,1.5,0.00011060898390873114
ErCu_221,1.5,1.55,2.5170478444452982e-05
ErCu_221,1.55,1.6,1.2907164880476393e-06
ErCu_221,1.6,1.6500000000000001,0.0
ErCu_221,1.6500000000000001,1.7000000000000002,0.0
ErCu_221,1.7000000000000002,1.75,0.0
ErCu_221,1.75,1.8,0.0
ErCu_221,1.8,1.85,0.0
ErCu_221,1.85,1.9000000000000001,0.0
ErCu_221,1.9000000000000001,1.9500000000000002,0.0
ErCu_221,1.9500000000000002,2.0,0.0
ErCu_221,2.0,2.0500000000000003,0.0
ErCu_221,2.0500000000000003,2.1,0.0
ErCu_221,2.1,2.15,0.0
ErCu_221,2.15,2.2,0.0
ErCu_221,2.2,2.25,0.0
ErCu_221,2.25,2.3000000000000003,0.0
ErCu_221,2.3000000000000003,2.35,0.0
ErCu_221,2.35,2.4000000000000004,0.0
ErCu_221,2.4000000000000004,2.45,0.0
ErCu_221,2.45,2.5,0.0
ErCu_221,2.5,2.5500000000000003,0.0
ErCu_221,2.5500000000000003,2.6,0.0
ErCu_221,2.6,2.6500000000000004,0.0
ErCu_221,2.6500000000000004,2.7,0.0
ErCu_221,2.7,2.75,0.0
ErCu_221,2.75,2.8000000000000003,0.0
ErCu_221,2.8000000000000003,2.85,0.0
ErCu_221,2.85,2.9000000000000004,0.0
ErCu_221,2.9000000000000004,2.95,0.0
ErCu_221,2.95,3.0,0.0
Ca3FeN3_176,0.0,0.05,0.0003527959605587661
Ca3FeN3_176,0.05,0.1,0.007593332938773418
Ca3FeN3_176,0.1,0.15000000000000002,0.018792843764699696
Ca3FeN3_176,0.15000000000000002,0.2,0.03662320534493153
Ca3FeN3_176,0.2,0.25,0.04491207005826303
Ca3FeN3_176,0.25,0.30000000000000004,0.06402389747944125
Ca3FeN3_176,0.30000000000000004,0.35000000000000003,0.07749492732158733
Ca3FeN3_176,0.35000000000000003,0.4,0.08019903742379321
Ca3FeN3_176,0.4,0.45,0.08465688338796065
Ca3FeN3_176,0.45,0.5,0.074846456979862
Ca3FeN3_176,0.5,0.55,0.07375917933875868
Ca3FeN3_176,0.55,0.6000000000000001,0.06137507598050129
Ca3FeN3_176,0.6000000000000001,0.65,0.048627162368751156
Ca3FeN3_176,0.65,0.7000000000000001,0.04084448441690913
Ca3FeN3_176,0.7000000000000001,0.75,0.034755374137394705
Ca3FeN3_176,0.75,0.8,0.028184558830056168
Ca3FeN3_176,0.8,0.8500000000000001,0.026222383996431252
Ca3FeN3_176,0.8500000000000001,0.9,0.022588330215238654
Ca3FeN3_176,0.9,0.9500000000000001,0.01930622581193233
Ca3FeN3_176,0.9500000000000001,1.0,0.018088744603787666
Ca3FeN3_176,1.0,1.05,0.014995113209435995
Ca3FeN3_176,1.05,1.1,0.013462950561392352
Ca3FeN3_176,1.1,1.1500000000000001,0.011480516666386989
Ca3FeN3_176,1.1500000000000001,1.2000000000000002,0.010279571968265351
Ca3FeN3_176,1.2000000000000002,1.25,0.009364093887320617
Ca3FeN3_176,1.25,1.3,0.008491575844037263
Ca3FeN3_176,1.3,1.35,0.008276739814598196
Ca3FeN3_176,1.35,1.4000000000000001,0.007366973876313854
Ca3FeN3_176,1.4000000000000001,1.4500000000000002,0.0068952239243561236
Ca3FeN3_176,1.4500000000000002,1.5,0.0060460781769438275
Ca3FeN3_176,1.5,1.55,0.0054702284422339965
Ca3FeN3_176,1.55,1.6,0.004929818685576776
Ca3FeN3_176,1.6,1.6500000000000001,0.004200923182421478
Ca3FeN3_176,1.6500000000000001,1.7000000000000002,0.003685361567628846
Ca3FeN3_176,1.7000000000000002,1.75,0.0032879726874617994
Ca3FeN3_176,1.75,1.8,0.0028818739285905357
Ca3FeN3_176,1.8,1.85,0.0025406247450345297
Ca3FeN3_176,1.85,1.9000000000000001,0.002230556956708084
Ca3FeN3_176,1.9000000000000001,1.9500000000000002,0.0019066993264503457
Ca3FeN3_176,1.9500000000000002,2.0,0.001644049671714397
Ca3FeN3_176,2.0,2.0500000000000003,0.0013349497491595703
Ca3FeN3_176,2.0500000000000003,2.1,0.0011185828557505838
Ca3FeN3_176,2.1,2.15,0.0009255479696878947
Ca3FeN3_176,2.15,2.2,0.0007586265132804685
Ca3FeN3_176,2.2,2.25,0.0006104811166167674
Ca3FeN3_176,2.25,2.3000000000000003,0.0004945315253558965
Ca3FeN3_176,2.3000000000000003,2.35,0.0003789717357472161
Ca3FeN3_176,2.35,2.4000000000000004,0.00033692791803326057
Ca3FeN3_176,2.4000000000000004,2.45,0.0002960133926380969
Ca3FeN3_176,2.45,2.5,0.00024716129356796326
Ca3FeN3_176,2.5,2.5500000000000003,0.00019862256666991837
Ca3FeN3_176,2.5500000000000003,2.6,0.00017214284151342802
Ca3FeN3_176,2.6,2.6500000000000004,0.00014881197359702607
Ca3FeN3_176,2.6500000000000004,2.7,9.543011589807227e-05
Ca3FeN3_176,2.7,2.75,8.114614513511191e-05
Ca3FeN3_176,2.75,2.8000000000000003,5.561354175456863e-05
Ca3FeN3_176,2.8000000000000003,2.85,3.2842688929824154e-05
Ca3FeN3_176,2.85,2.9000000000000004,1.644976801467726e-05
Ca3FeN3_176,2.9000000000000004,2.95,9.924660620372969e-06
Ca3FeN3_176,2.95,3.0,3.3041455258325433e-06
Dy2O3_206,0.0,0.05,0.001515492598253856
Dy2O3_206,0.05,0.1,0.013901243738935979
Dy2O3_206,0.1,0.15000000000000002,0.035350477076599
Dy2O3_206,0.15000000000000002,0.2,0.05492514065509422
Dy2O3_206,0.2,0.25,0.08835690701824853
Dy2O3_206,0.25,0.30000000000000004,0.10983351191395276
Dy2O3_206,0.30000000000000004,0.35000000000000003,0.1213584942756343
Dy2O3_206,0.35000000000000003,0.4,0.12714602528407823
Dy2O3_206,0.4,0.45,0.11878653523719471
Dy2O3_206,0.45,0.5,0.1038572613735721
Dy2O3_206,0.5,0.55,0.08268832908451124
Dy2O3_206,0.55,0.6000000000000001,0.058934970683832785
Dy2O3_206,0.6000000000000001,0.65,0.03668332571328526
Dy2O3_206,0.65,0.7000000000000001,0.01975869759837957
Dy2O3_206,0.7000000000000001,0.75,0.008718880344431374
Dy2O3_206,0.75,0.8,0.003914990648000352
Dy2O3_206,0.8,0.8500000000000001,0.002542801589317844
Dy2O3_206,0.8500000000000001,0.9,0.001873129056216777
Dy2O3_206,0.9,0.9500000000000001,0.0013847913438168043
Dy2O3_206,0.9500000000000001,1.0,0.001055217332646554
Dy2O3_206,1.0,1.05,0.0008203867425839667
Dy2O3_206,1.05,1.1,0.0006584713523259382
Dy2O3_206,1.1,1.1500000000000001,0.0005194121831654877
Dy2O3_206,1.1500000000000001,1.2000000000000002,0.0004384618546670181
Dy2O3_206,1.2000000000000002,1.25,0.00039790231202735865
Dy2O3_206,1.25,1.3,0.0003688489721434135
Dy2O3_206,1.3,1.35,0.0003696251930616889
Dy2O3_206,1.35,1.4000000000000001,0.00039165226702553643
Dy2O3_206,1.4000000000000001,1.4500000000000002,0.00040366874887264866
Dy2O3_206,1.4500000000000002,1.5,0.0003755119807647656
Dy2O3_206,1.5,1.55,0.00033402917687359103
Dy2O3_206,1.55,1.6,0.000291563396387797
Dy2O3_206,1.6,1.6500000000000001,0.00026015219091835733
Dy2O3_206,1.6500000000000001,1.7000000000000002,0.0002293542538714775
Dy2O3_206,1.7000000000000002,1.75,0.00020786708218233595
Dy2O3_206,1.75,1.8,0.00018155913422458848
Dy2O3_206,1.8,1.85,0.00016293781460917698
Dy2O3_206,1.85,1.9000000000000001,0.00014245570148570225
Dy2O3_206,1.9000000000000001,1.9500000000000002,0.00011978912952212019
Dy2O3_206,1.9500000000000002,2.0,0.00010176767960642386
Dy2O3_206,2.0,2.0500000000000003,8.487578758759368e-05
Dy2O3_206,2.0500000000000003,2.1,7.239888893835062e-05
Dy2O3_206,2.1,2.15,6.540587772958801e-05
Dy2O3_206,2.15,2.2,6.41349433891467e-05
Dy2O3_206,2.2,2.25,6.0378464475949784e-05
Dy2O3_206,2.25,2.3000000000000003,5.751618063951127e-05
Dy2O3_206,2.3000000000000003,2.35,4.988721842299622e-05
Dy2O3_206,2.35,2.4000000000000004,4.435156088207598e-05
Dy2O3_206,2.4000000000000004,2.45,3.6936523521237984e-05
Dy2O3_206,2.45,2.5,2.9885781168632468e-05
Dy2O3_206,2.5,2.5500000000000003,2.2677806992168073e-05
Dy2O3_206,2.5500000000000003,2.6,1.6810411472439593e-05
Dy2O3_206,2.6,2.6500000000000004,1.113899528193217e-05
Dy2O3_206,2.6500000000000004,2.7,7.626030585460251e-06
Dy2O3_206,2.7,2.75,5.392077198315596e-06
Dy2O3_206,2.75,2.8000000000000003,3.713873126934668e-06
Dy2O3_206,2.8000000000000003,2.85,2.634880285801418e-06
Dy2O3_206,2.85,2.9000000000000004,1.6598293130658476e-06
Dy2O3_206,2.9000000000000004,2.95,7.073383984815285e-07
Dy2O3_206,2.95,3.0,2.2779826719923067e-07
V3Pd_223,0.0,0.05,0.0015323289780053886
V3Pd_223,0.05,0.1,0.005553885681648439
V3Pd_223,0.1,0.15000000000000002,0.02233734664391436
V3Pd_223,0.15000000000000002,0.2,0.03431074196660365
V3Pd_223,0.2,0.25,0.04696173102218019
V3Pd_223,0.25,0.30000000000000004,0.07310256455611008
V3Pd_223,0.30000000000000004,0.35000000000000003,0.07184249502517254
V3Pd_223,0.35000000000000003,0.4,0.08130062423167952
V3Pd_223,0.4,0.45,0.0935019378348175
V3Pd_223,0.45,0.5,0.08536930289111731
V3Pd_223,0.5,0.55,0.07532976792878501
V3Pd_223,0.55,0.6000000000000001,0.06996509925003286
V3Pd_223,0.6000000000000001,0.65,0.054630205786637694
V3Pd_223,0.65,0.7000000000000001,0.04972228965497739
V3Pd_223,0.7000000000000001,0.75,0.03925427153206847
V3Pd_223,0.75,0.8,0.03607836343520055
V3Pd_223,0.8,0.8500000000000001,0.03430225510728323
V3Pd_223,0.8500000000000001,0.9,0.02951330375165616
V3Pd_223,0.9,0.9500000000000001,0.0279264153916443
V3Pd_223,0.9500000000000001,1.0,0.024617100222334574
V3Pd_223,1.0,1.05,0.023022468046755652
V3Pd_223,1.05,1.1,0.013656112020081036
V3Pd_223,1.1,1.1500000000000001,0.005115703273356787
V3Pd_223,1.1500000000000001,1.2000000000000002,0.0009927100882549513
V3Pd_223,1.2000000000000002,1.25,5.9087291110931136e-05
V3Pd_223,1.25,1.3,1.888388574457847e-06
V3Pd_223,1.3,1.35,0.0
V3Pd_223,1.35,1.4000000000000001,0.0
V3Pd_223,1.4000000000000001,1.4500000000000002,0.0
V3Pd_223,1.4500000000000002,1.5,0.0
V3Pd_223,1.5,1.55,0.0
V3Pd_223,1.55,1.6,0.0
V3Pd_223,1.6,1.6500000000000001,0.0
V3Pd_223,1.6500000000000001,1.7000000000000002,0.0
V3Pd_223,1.7000000000000002,1.75,0.0
V3Pd_223,1.75,1.8,0.0
V3Pd_223,1.8,1.85,0.0
V3Pd_223,1.85,1.9000000000000001,0.0
V3Pd_223,1.9000000000000001,1.9500000000000002,0.0
V3Pd_223,1.9500000000000002,2.0,0.0
V3Pd_223,2.0,2.0500000000000003,0.0
V3Pd_223,2.0500000000000003,2.1,0.0
V3Pd_223,2.1,2.15,0.0
V3Pd_223,2.15,2.2,0.0
V3Pd_223,2.2,2.25,0.0
V3Pd_223,2.25,2.3000000000000003,0.0
V3Pd_223,2.3000000000000003,2.35,0.0
V3Pd_223,2.35,2.4000000000000004,0.0
V3Pd_223,2.4000000000000004,2.45,0.0
V3Pd_223,2.45,2.5,0.0
V3Pd_223,2.5,2.5500000000000003,0.0
V3Pd_223,2.5500000000000003,2.6,0.0
V3Pd_223,2.6,2.6500000000000004,0.0
V3Pd_223,2.6500000000000004,2.7,0.0
V3Pd_223,2.7,2.75,0.0
V3Pd_223,2.75,2.8000000000000003,0.0
V3Pd_223,2.8000000000000003,2.85,0.0
V3Pd_223,2.85,2.9000000000000004,0.0
V3Pd_223,2.9000000000000004,2.95,0.0
V3Pd_223,2.95,3.0,0.0
Ni3Pt_221,0.0,0.05,0.0006057299873670615
Ni3Pt_221,0.05,0.1,0.011546837437629385
Ni3Pt_221,0.1,0.15000000000000002,0.023961014701749606
Ni3Pt_221,0.15000000000000002,0.2,0.06438367223195017
Ni3Pt_221,0.2,0.25,0.06998250976017537
Ni3Pt_221,0.25,0.30000000000000004,0.08088406701877639
Ni3Pt_221,0.30000000000000004,0.35000000000000003,0.11400779744089062
Ni3Pt_221,0.35000000000000003,0.4,0.10929180823063277
Ni3Pt_221,0.4,0.45,0.10783826480306409
Ni3Pt_221,0.45,0.5,0.09690574084595267
Ni3Pt_221,0.5,0.55,0.08886434388058491
Ni3Pt_221,0.55,0.6000000000000001,0.06742086186282384
Ni3Pt_221,0.6000000000000001,0.65,0.047785029304534175
Ni3Pt_221,0.65,0.7000000000000001,0.0313340180054801
Ni3Pt_221,0.7000000000000001,0.75,0.01878888298376095
Ni3Pt_221,0.75,0.8,0.010700987426268163
Ni3Pt_221,0.8,0.8500000000000001,0.005304863865330973
Ni3Pt_221,0.8500000000000001,0.9,0.002122027076446635
Ni3Pt_221,0.9,0.9500000000000001,0.0047523615779218355
Ni3Pt_221,0.9500000000000001,1.0,0.008078489648390622
Ni3Pt_221,1.0,1.05,0.010043162294300578
Ni3Pt_221,1.05,1.1,0.009612493685023286
Ni3Pt_221,1.1,1.1500000000000001,0.007251492318303862
Ni3Pt_221,1.1500000000000001,1.2000000000000002,0.00471533118953214
Ni3Pt_221,1.2000000000000002,1.25,0.0022010640162523167
Ni3Pt_221,1.25,1.3,0.0010112558521959063
Ni3Pt_221,1.3,1.35,0.0004088872291849574
Ni3Pt_221,1.35,1.4000000000000001,0.000154976139553064
Ni3Pt_221,1.4000000000000001,1.4500000000000002,4.048182946141006e-05
Ni3Pt_221,1.4500000000000002,1.5,1.5473564616765283e-06
Ni3Pt_221,1.5,1.55,0.0
Ni3Pt_221,1.55,1.6,0.0
Ni3Pt_221,1.6,1.6500000000000001,0.0
Ni3Pt_221,1.6500000000000001,1.7000000000000002,0.0
Ni3Pt_221,1.7000000000000002,1.75,0.0
Ni3Pt_221,1.75,1.8,0.0
Ni3Pt_221,1.8,1.85,0.0
Ni3Pt_221,1.85,1.9000000000000001,0.0
Ni3Pt_221,1.9000000000000001,1.9500000000000002,0.0
Ni3Pt_221,1.9500000000000002,2.0,0.0
Ni3Pt_221,2.0,2.0500000000000003,0.0
Ni3Pt_221,2.0500000000000003,2.1,0.0
Ni3Pt_221,2.1,2.15,0.0
Ni3Pt_221,2.15,2.2,0.0
Ni3Pt_221,2.2,2.25,0.0
Ni3Pt_221,2.25,2.3000000000000003,0.0
Ni3Pt_221,2.3000000000000003,2.35,0.0
Ni3Pt_221,2.35,2.4000000000000004,0.0
Ni3Pt_221,2.4000000000000004,2.45,0.0
Ni3Pt_221,2.45,2.5,0.0
Ni3Pt_221,2.5,2.5500000000000003,0.0
Ni3Pt_221,2.5500000000000003,2.6,0.0
Ni3Pt_221,2.6,2.6500000000000004,0.0
Ni3Pt_221,2.6500000000000004,2.7,0.0
Ni3Pt_221,2.7,2.75,0.0
Ni3Pt_221,2.75,2.8000000000000003,0.0
Ni3Pt_221,2.8000000000000003,2.85,0.0
Ni3Pt_221,2.85,2.9000000000000004,0.0
Ni3Pt_221,2.9000000000000004,2.95,0.0
Ni3Pt_221,2.95,3.0,0.0
VCo2Sn_225,0.0,0.05,0.0006816250874671521
VCo2Sn_225,0.05,0.1,0.009238238724832266
VCo2Sn_225,0.1,0.15000000000000002,0.021453028464503025
VCo2Sn_225,0.15000000000000002,0.2,0.0442274438911509
VCo2Sn_225,0.2,0.25,0.05611173877313366
VCo2Sn_225,0.25,0.30000000000000004,0.07967872121906988
VCo2Sn_225,0.30000000000000004,0.35000000000000003,0.10144307837475394
VCo2Sn_225,0.35000000000000003,0.4,0.09544400002432464
VCo2Sn_225,0.4,0.45,0.10697011774637306
VCo2Sn_225,0.45,0.5,0.10100236902091225
VCo2Sn_225,0.5,0.55,0.08373986674067152
VCo2Sn_225,0.55,0.6000000000000001,0.07719443873082739
VCo2Sn_225,0.6000000000000001,0.65,0.058115917704097235
VCo2Sn_225,0.65,0.7000000000000001,0.04398670732130055
VCo2Sn_225,0.7000000000000001,0.75,0.03216947509998935
VCo2Sn_225,0.75,0.8,0.023043633450035007
VCo2Sn_225,0.8,0.8500000000000001,0.018447811174163043
VCo2Sn_225,0.8500000000000001,0.9,0.013373365350350237
VCo2Sn_225,0.9,0.9500000000000001,0.00970157964156451
VCo2Sn_225,0.9500000000000001,1.0,0.005403081066922689
VCo2Sn_225,1.0,1.05,0.0029510701590249474
VCo2Sn_225,1.05,1.1,0.0031305480962499225
VCo2Sn_225,1.1,1.1500000000000001,0.0032063048575751525
VCo2Sn_225,1.1500000000000001,1.2000000000000002,0.0034670666808098625
VCo2Sn_225,1.2000000000000002,1.25,0.003175802508197462
VCo2Sn_225,1.25,1.3,0.002046732970657266
VCo2Sn_225,1.3,1.35,0.0005635787427518127
VCo2Sn_225,1.35,1.4000000000000001,3.2658378293312485e-05
VCo2Sn_225,1.4000000000000001,1.4500000000000002,0.0
VCo2Sn_225,1.4500000000000002,1.5,0.0
VCo2Sn_225,1.5,1.55,0.0
VCo2Sn_225,1.55,1.6,0.0
VCo2Sn_225,1.6,1.6500000000000001,0.0
VCo2Sn_225,1.6500000000000001,1.7000000000000002,0.0
VCo2Sn_225,1.7000000000000002,1.75,0.0
VCo2Sn_225,1.75,1.8,0.0
VCo2Sn_225,1.8,1.85,0.0
VCo2Sn_225,1.85,1.9000000000000001,0.0
VCo2Sn_225,1.9000000000000001,1.9500000000000002,0.0
VCo2Sn_225,1.9500000000000002,2.0,0.0
VCo2Sn_225,2.0,2.0500000000000003,0.0
VCo2Sn_225,2.0500000000000003,2.1,0.0
VCo2Sn_225,2.1,2.15,0.0
VCo2Sn_225,2.15,2.2,0.0
VCo2Sn_225,2.2,2.25,0.0
VCo2Sn_225,2.25,2.3000000000000003,0.0
VCo2Sn_225,2.3000000000000003,2.35,0.0
VCo2Sn_225,2.35,2.4000000000000004,0.0
VCo2Sn_225,2.4000000000000004,2.45,0.0
VCo2Sn_225,2.45,2.5,0.0
VCo2Sn_225,2.5,2.5500000000000003,0.0
VCo2Sn_225,2.5500000000000003,2.6,0.0
VCo2Sn_225,2.6,2.6500000000000004,0.0
VCo2Sn_225,2.6500000000000004,2.7,0.0
VCo2Sn_225,2.7,2.75,0.0
VCo2Sn_225,2.75,2.8000000000000003,0.0
VCo2Sn_225,2.8000000000000003,2.85,0.0
VCo2Sn_225,2.85,2.9000000000000004,0.0
VCo2Sn_225,2.9000000000000004,2.95,0.0
VCo2Sn_225,2.95,3.0,0.0
RbCoN_62,0.0,0.05,0.0006483718637868687
RbCoN_62,0.05,0.1,0.008232858852204986
RbCoN_62,0.1,0.15000000000000002,0.017987288335458693
RbCoN_62,0.15000000000000002,0.2,0.03641982361613655
RbCoN_62,0.2,0.25,0.05314402543714171
RbCoN_62,0.25,0.30000000000000004,0.06647237316246545
RbCoN_62,0.30000000000000004,0.35000000000000003,0.08069176748673847
RbCoN_62,0.35000000000000003,0.4,0.0880126245495589
RbCoN_62,0.4,0.45,0.0900503223162701
RbCoN_62,0.45,0.5,0.08845189721724418
RbCoN_62,0.5,0.55,0.08038158199009868
RbCoN_62,0.55,0.6000000000000001,0.06818876108753223
RbCoN_62,0.6000000000000001,0.65,0.054719869025195926
RbCoN_62,0.65,0.7000000000000001,0.041605303257093974
RbCoN_62,0.7000000000000001,0.75,0.029241669198866657
RbCoN_62,0.75,0.8,0.02179295733296166
RbCoN_62,0.8,0.8500000000000001,0.017410069948749347
RbCoN_62,0.8500000000000001,0.9,0.014175476815188994
RbCoN_62,0.9,0.9500000000000001,0.014211795311262715
RbCoN_62,0.9500000000000001,1.0,0.013300285105307418
RbCoN_62,1.0,1.05,0.012647452333018611
RbCoN_62,1.05,1.1,0.012007391925770024
RbCoN_62,1.1,1.1500000000000001,0.010869763506718727
RbCoN_62,1.1500000000000001,1.2000000000000002,0.009999736253128756
RbCoN_62,1.2000000000000002,1.25,0.008542074291017701
RbCoN_62,1.25,1.3,0.007554476815082378
RbCoN_62,1.3,1.35,0.006830463203226834
RbCoN_62,1.35,1.4000000000000001,0.006178261641893557
RbCoN_62,1.4000000000000001,1.4500000000000002,0.005742813484404222
RbCoN_62,1.4500000000000002,1.5,0.004999422394897604
RbCoN_62,1.5,1.55,0.004506715942132229
RbCoN_62,1.55,1.6,0.003727431861689871
RbCoN_62,1.6,1.6500000000000001,0.0030804596289660275
RbCoN_62,1.6500000000000001,1.7000000000000002,0.002589353895162448
RbCoN_62,1.7000000000000002,1.75,0.0021272964666881676
RbCoN_62,1.75,1.8,0.001816116539721903
RbCoN_62,1.8,1.85,0.001577206361617171
RbCoN_62,1.85,1.9000000000000001,0.0014105739315851394
RbCoN_62,1.9000000000000001,1.9500000000000002,0.0012800728296915225
RbCoN_62,1.9500000000000002,2.0,0.001099238869830012
RbCoN_62,2.0,2.0500000000000003,0.0010187727245838342
RbCoN_62,2.0500000000000003,2.1,0.0008891727593770607
RbCoN_62,2.1,2.15,0.0008100570212343805
RbCoN_62,2.15,2.2,0.0007486023243031054
RbCoN_62,2.2,2.25,0.0006243062931804357
RbCoN_62,2.25,2.3000000000000003,0.0005269302129108401
RbCoN_62,2.3000000000000003,2.35,0.0004110167425498489
RbCoN_62,2.35,2.4000000000000004,0.0003317556000688366
RbCoN_62,2.4000000000000004,2.45,0.00026405400094421156
RbCoN_62,2.45,2.5,0.0001880930728775831
RbCoN_62,2.5,2.5500000000000003,0.0001621241102682906
RbCoN_62,2.5500000000000003,2.6,9.679549641946925e-05
RbCoN_62,2.6,2.6500000000000004,7.939384695947332e-05
RbCoN_62,2.6500000000000004,2.7,5.3024254831214215e-05
RbCoN_62,2.7,2.75,3.740775250021532e-05
RbCoN_62,2.75,2.8000000000000003,1.7083582574038824e-05
RbCoN_62,2.8000000000000003,2.85,8.971257266887421e-06
RbCoN_62,2.85,2.9000000000000004,5.769750710686812e-06
RbCoN_62,2.9000000000000004,2.95,8.93048864249e-07
RbCoN_62,2.95,3.0,3.3206206826967036e-07
Ho(CuSi)2_139,0.0,0.05,0.001366378531837753
Ho(CuSi)2_139,0.05,0.1,0.00991927479947759
Ho(CuSi)2_139,0.1,0.15000000000000002,0.021498818088931396
Ho(CuSi)2_139,0.15000000000000002,0.2,0.04156376706964857
Ho(CuSi)2_139,0.2,0.25,0.05435138529106948
Ho(CuSi)2_139,0.25,0.30000000000000004,0.08122756479667978
Ho(CuSi)2_139,0.30000000000000004,0.35000000000000003,0.09527101749487152
Ho(CuSi)2_139,0.35000000000000003,0.4,0.10895603434440225
Ho(CuSi)2_139,0.4,0.45,0.12107861276106908
Ho(CuSi)2_139,0.45,0.5,0.11600684869791379
Ho(CuSi)2_139,0.5,0.55,0.10154976614603517
Ho(CuSi)2_139,0.55,0.6000000000000001,0.07738688105992675
Ho(CuSi)2_139,0.6000000000000001,0.65,0.0560391056272311
Ho(CuSi)2_139,0.65,0.7000000000000001,0.03297441600967219
Ho(CuSi)2_139,0.7000000000000001,0.75,0.018221381877856574
Ho(CuSi)2_139,0.75,0.8,0.010443722018672733
Ho(CuSi)2_139,0.8,0.8500000000000001,0.008076063802357298
Ho(CuSi)2_139,0.8500000000000001,0.9,0.007136937247264774
Ho(CuSi)2_139,0.9,0.9500000000000001,0.006495549711121716
Ho(CuSi)2_139,0.9500000000000001,1.0,0.006034324861570844
Ho(CuSi)2_139,1.0,1.05,0.005257766614670402
Ho(CuSi)2_139,1.05,1.1,0.003923510218962837
Ho(CuSi)2_139,1.1,1.1500000000000001,0.002786466757062775
Ho(CuSi)2_139,1.1500000000000001,1.2000000000000002,0.002174615832986875
Ho(CuSi)2_139,1.2000000000000002,1.25,0.0018392138671295482
Ho(CuSi)2_139,1.25,1.3,0.0016487185829856211
Ho(CuSi)2_139,1.3,1.35,0.0015638742492725451
Ho(CuSi)2_139,1.35,1.4000000000000001,0.0011755147133953399
Ho(CuSi)2_139,1.4000000000000001,1.4500000000000002,0.0009870415923614064
Ho(CuSi)2_139,1.4500000000000002,1.5,0.0008474465531033964
Ho(CuSi)2_139,1.5,1.55,0.0007114140749310783
Ho(CuSi)2_139,1.55,1.6,0.0005056509618327958
Ho(CuSi)2_139,1.6,1.6500000000000001,0.0003398337910667926
Ho(CuSi)2_139,1.6500000000000001,1.7000000000000002,0.00019855826479122434
Ho(CuSi)2_139,1.7000000000000002,1.75,0.0001496741718518432
Ho(CuSi)2_139,1.75,1.8,0.00012313174316875216
Ho(CuSi)2_139,1.8,1.85,9.017755903751821e-05
Ho(CuSi)2_139,1.85,1.9000000000000001,5.032964142037255e-05
Ho(CuSi)2_139,1.9000000000000001,1.9500000000000002,2.5983394744186918e-05
Ho(CuSi)2_139,1.9500000000000002,2.0,3.2271776144112117e-06
Ho(CuSi)2_139,2.0,2.0500000000000003,0.0
Ho(CuSi)2_139,2.0500000000000003,2.1,0.0
Ho(CuSi)2_139,2.1,2.15,0.0
Ho(CuSi)2_139,2.15,2.2,0.0
Ho(CuSi)2_139,2.2,2.25,0.0
Ho(CuSi)2_139,2.25,2.3000000000000003,0.0
Ho(CuSi)2_139,2.3000000000000003,2.35,0.0
Ho(CuSi)2_139,2.35,2.4000000000000004,0.0
Ho(CuSi)2_139,2.4000000000000004,2.45,0.0
Ho(CuSi)2_139,2.45,2.5,0.0
Ho(CuSi)2_139,2.5,2.5500000000000003,0.0
Ho(CuSi)2_139,2.5500000000000003,2.6,0.0
Ho(CuSi)2_139,2.6,2.6500000000000004,0.0
Ho(CuSi)2_139,2.6500000000000004,2.7,0.0
Ho(CuSi)2_139,2.7,2.75,0.0
Ho(CuSi)2_139,2.75,2.8000000000000003,0.0
Ho(CuSi)2_139,2.8000000000000003,2.85,0.0
Ho(CuSi)2_139,2.85,2.9000000000000004,0.0
Ho(CuSi)2_139,2.9000000000000004,2.95,0.0
Ho(CuSi)2_139,2.95,3.0,0.0
FeNi3_221,0.0,0.05,0.00041534346078351224
FeNi3_221,0.05,0.1,0.01043933668153774
FeNi3_221,0.1,0.15000000000000002,0.024928885796141217
FeNi3_221,0.15000000000000002,0.2,0.054171838328391723
FeNi3_221,0.2,0.25,0.06364679754569309
FeNi3_221,0.25,0.30000000000000004,0.08810722398962384
FeNi3_221,0.30000000000000004,0.35000000000000003,0.11887980542789774
FeNi3_221,0.35000000000000003,0.4,0.09766547019098408
FeNi3_221,0.4,0.45,0.11272849537928356
FeNi3_221,0.45,0.5,0.10210108285939311
FeNi3_221,0.5,0.55,0.08067659762344281
FeNi3_221,0.55,0.6000000000000001,0.06314214106278225
FeNi3_221,0.6000000000000001,0.65,0.04641942929770659
FeNi3_221,0.65,0.7000000000000001,0.03108083475461297
FeNi3_221,0.7000000000000001,0.75,0.021193463206471478
FeNi3_221,0.75,0.8,0.01257133492404679
FeNi3_221,0.8,0.8500000000000001,0.011968721919690933
FeNi3_221,0.8500000000000001,0.9,0.011400550724955796
FeNi3_221,0.9,0.9500000000000001,0.010892936029041433
FeNi3_221,0.9500000000000001,1.0,0.010606315667584925
FeNi3_221,1.0,1.05,0.009247227720407885
FeNi3_221,1.05,1.1,0.007033572244255639
FeNi3_221,1.1,1.1500000000000001,0.005339204400573394
FeNi3_221,1.1500000000000001,1.2000000000000002,0.0029595038942316146
FeNi3_221,1.2000000000000002,1.25,0.0013894872109303947
FeNi3_221,1.25,1.3,0.000646379641426778
FeNi3_221,1.3,1.35,0.00028702228094716734
FeNi3_221,1.35,1.4000000000000001,5.8726566227397326e-05
FeNi3_221,1.4000000000000001,1.4500000000000002,2.2711709339058084e-06
FeNi3_221,1.4500000000000002,1.5,0.0
FeNi3_221,1.5,1.55,0.0
FeNi3_221,1.55,1.6,0.0
FeNi3_221,1.6,1.6500000000000001,0.0
FeNi3_221,1.6500000000000001,1.7000000000000002,0.0
FeNi3_221,1.7000000000000002,1.75,0.0
FeNi3_221,1.75,1.8,0.0
FeNi3_221,1.8,1.85,0.0
FeNi3_221,1.85,1.9000000000000001,0.0
FeNi3_221,1.9000000000000001,1.9500000000000002,0.0
FeNi3_221,1.9500000000000002,2.0,0.0
FeNi3_221,2.0,2.0500000000000003,0.0
FeNi3_221,2.0500000000000003,2.1,0.0
FeNi3_221,2.1,2.15,0.0
FeNi3_221,2.15,2.2,0.0
FeNi3_221,2.2,2.25,0.0
FeNi3_221,2.25,2.3000000000000003,0.0
FeNi3_221,2.3000000000000003,2.35,0.0
FeNi3_221,2.35,2.4000000000000004,0.0
FeNi3_221,2.4000000000000004,2.45,0.0
FeNi3_221,2.45,2.5,0.0
FeNi3_221,2.5,2.5500000000000003,0.0
FeNi3_221,2.5500000000000003,2.6,0.0
FeNi3_221,2.6,2.6500000000000004,0.0
FeNi3_221,2.6500000000000004,2.7,0.0
FeNi3_221,2.7,2.75,0.0
FeNi3_221,2.75,2.8000000000000003,0.0
FeNi3_221,2.8000000000000003,2.85,0.0
FeNi3_221,2.85,2.9000000000000004,0.0
FeNi3_221,2.9000000000000004,2.95,0.0
FeNi3_221,2.95,3.0,0.0
Ti2CrIr_225,0.0,0.05,0.0006684188860946277
Ti2CrIr_225,0.05,0.1,0.007137985000434134
Ti2CrIr_225,0.1,0.15000000000000002,0.017447438100432026
Ti2CrIr_225,0.15000000000000002,0.2,0.03644606731999721
Ti2CrIr_225,0.2,0.25,0.04423430793150015
Ti2CrIr_225,0.25,0.30000000000000004,0.06424477421746817
Ti2CrIr_225,0.30000000000000004,0.35000000000000003,0.07447025288138209
Ti2CrIr_225,0.35000000000000003,0.4,0.0832519321730578
Ti2CrIr_225,0.4,0.45,0.08678754598824472
Ti2CrIr_225,0.45,0.5,0.08791768158093682
Ti2CrIr_225,0.5,0.55,0.07649148653209258
Ti2CrIr_225,0.55,0.6000000000000001,0.07634794229318756
Ti2CrIr_225,0.6000000000000001,0.65,0.06262165630511021
Ti2CrIr_225,0.65,0.7000000000000001,0.05153173145435235
Ti2CrIr_225,0.7000000000000001,0.75,0.04388913557600426
Ti2CrIr_225,0.75,0.8,0.036522231406453345
Ti2CrIr_225,0.8,0.8500000000000001,0.03216285952765075
Ti2CrIr_225,0.8500000000000001,0.9,0.03092166753454078
Ti2CrIr_225,0.9,0.9500000000000001,0.027934455610562417
Ti2CrIr_225,0.9500000000000001,1.0,0.02448056171503165
Ti2CrIr_225,1.0,1.05,0.018133209748082853
Ti2CrIr_225,1.05,1.1,0.010203145063060814
Ti2CrIr_225,1.1,1.1500000000000001,0.004482735131510629
Ti2CrIr_225,1.1500000000000001,1.2000000000000002,0.001464067219687574
Ti2CrIr_225,1.2000000000000002,1.25,0.00019279305253989374
Ti2CrIr_225,1.25,1.3,1.3917750585236316e-05
Ti2CrIr_225,1.3,1.35,0.0
Ti2CrIr_225,1.35,1.4000000000000001,0.0
Ti2CrIr_225,1.4000000000000001,1.4500000000000002,0.0
Ti2CrIr_225,1.4500000000000002,1.5,0.0
Ti2CrIr_225,1.5,1.55,0.0
Ti2CrIr_225,1.55,1.6,0.0
Ti2CrIr_225,1.6,1.6500000000000001,0.0
Ti2CrIr_225,1.6500000000000001,1.7000000000000002,0.0
Ti2CrIr_225,1.7000000000000002,1.75,0.0
Ti2CrIr_225,1.75,1.8,0.0
Ti2CrIr_225,1.8,1.85,0.0
Ti2CrIr_225,1.85,1.9000000000000001,0.0
Ti2CrIr_225,1.9000000000000001,1.9500000000000002,0.0
Ti2CrIr_225,1.9500000000000002,2.0,0.0
Ti2CrIr_225,2.0,2.0500000000000003,0.0
Ti2CrIr_225,2.0500000000000003,2.1,0.0
Ti2CrIr_225,2.1,2.15,0.0
Ti2CrIr_225,2.15,2.2,0.0
Ti2CrIr_225,2.2,2.25,0.0
Ti2CrIr_225,2.25,2.3000000000000003,0.0
Ti2CrIr_225,2.3000000000000003,2.35,0.0
Ti2CrIr_225,2.35,2.4000000000000004,0.0
Ti2CrIr_225,2.4000000000000004,2.45,0.0
Ti2CrIr_225,2.45,2.5,0.0
Ti2CrIr_225,2.5,2.5500000000000003,0.0
Ti2CrIr_225,2.5500000000000003,2.6,0.0
Ti2CrIr_225,2.6,2.6500000000000004,0.0
Ti2CrIr_225,2.6500000000000004,2.7,0.0
Ti2CrIr_225,2.7,2.75,0.0
Ti2CrIr_225,2.75,2.8000000000000003,0.0
Ti2CrIr_225,2.8000000000000003,2.85,0.0
Ti2CrIr_225,2.85,2.9000000000000004,0.0
Ti2CrIr_225,2.9000000000000004,2.95,0.0
Ti2CrIr_225,2.95,3.0,0.0
Mn2Nb_194,0.0,0.05,0.000776838156251239
Mn2Nb_194,0.05,0.1,0.009214094307956916
Mn2Nb_194,0.1,0.15000000000000002,0.022151450586374046
Mn2Nb_194,0.15000000000000002,0.2,0.039473721539592575
Mn2Nb_194,0.2,0.25,0.05531823863239125
Mn2Nb_194,0.25,0.30000000000000004,0.07421191223167514
Mn2Nb_194,0.30000000000000004,0.35000000000000003,0.08770133615862423
Mn2Nb_194,0.35000000000000003,0.4,0.09456767318064344
Mn2Nb_194,0.4,0.45,0.09808058114080322
Mn2Nb_194,0.45,0.5,0.09174603908667268
Mn2Nb_194,0.5,0.55,0.08369507466551261
Mn2Nb_194,0.55,0.6000000000000001,0.07089003469612014
Mn2Nb_194,0.6000000000000001,0.65,0.05851635994764825
Mn2Nb_194,0.65,0.7000000000000001,0.0456189475934251
Mn2Nb_194,0.7000000000000001,0.75,0.03529964087988869
Mn2Nb_194,0.75,0.8,0.028822145300569983
Mn2Nb_194,0.8,0.8500000000000001,0.024355560185898767
Mn2Nb_194,0.8500000000000001,0.9,0.020940011661486686
Mn2Nb_194,0.9,0.9500000000000001,0.017143415820241936
Mn2Nb_194,0.9500000000000001,1.0,0.01396619692292898
Mn2Nb_194,1.0,1.05,0.0104082607065247
Mn2Nb_194,1.05,1.1,0.006298037355014272
Mn2Nb_194,1.1,1.1500000000000001,0.003594367555377419
Mn2Nb_194,1.1500000000000001,1.2000000000000002,0.0024042645222264805
Mn2Nb_194,1.2000000000000002,1.25,0.0023218852883426394
Mn2Nb_194,1.25,1.3,0.0016183038288676772
Mn2Nb_194,1.3,1.35,0.000727628014513106
Mn2Nb_194,1.35,1.4000000000000001,0.00013798003442837912
Mn2Nb_194,1.4000000000000001,1.4500000000000002,0.0
Mn2Nb_194,1.4500000000000002,1.5,0.0
Mn2Nb_194,1.5,1.55,0.0
Mn2Nb_194,1.55,1.6,0.0
Mn2Nb_194,1.6,1.6500000000000001,0.0
Mn2Nb_194,1.6500000000000001,1.7000000000000002,0.0
Mn2Nb_194,1.7000000000000002,1.75,0.0
Mn2Nb_194,1.75,1.8,0.0
Mn2Nb_194,1.8,1.85,0.0
Mn2Nb_194,1.85,1.9000000000000001,0.0
Mn2Nb_194,1.9000000000000001,1.9500000000000002,0.0
Mn2Nb_194,1.9500000000000002,2.0,0.0
Mn2Nb_194,2.0,2.0500000000000003,0.0
Mn2Nb_194,2.0500000000000003,2.1,0.0
Mn2Nb_194,2.1,2.15,0.0
Mn2Nb_194,2.15,2.2,0.0
Mn2Nb_194,2.2,2.25,0.0
Mn2Nb_194,2.25,2.3000000000000003,0.0
Mn2Nb_194,2.3000000000000003,2.35,0.0
Mn2Nb_194,2.35,2.4000000000000004,0.0
Mn2Nb_194,2.4000000000000004,2.45,0.0
Mn2Nb_194,2.45,2.5,0.0
Mn2Nb_194,2.5,2.5500000000000003,0.0
Mn2Nb_194,2.5500000000000003,2.6,0.0
Mn2Nb_194,2.6,2.6500000000000004,0.0
Mn2Nb_194,2.6500000000000004,2.7,0.0
Mn2Nb_194,2.7,2.75,0.0
Mn2Nb_194,2.75,2.8000000000000003,0.0
Mn2Nb_194,2.8000000000000003,2.85,0.0
Mn2Nb_194,2.85,2.9000000000000004,0.0
Mn2Nb_194,2.9000000000000004,2.95,0.0
Mn2Nb_194,2.95,3.0,0.0
YbCu2_74,0.0,0.05,0.0003504503766197947
YbCu2_74,0.05,0.1,0.001971661509458678
YbCu2_74,0.1,0.15000000000000002,0.0054087033550882764
YbCu2_74,0.15000000000000002,0.2,0.013626925493830207
YbCu2_74,0.2,0.25,0.02623486448352719
YbCu2_74,0.25,0.30000000000000004,0.040935456785415165
YbCu2_74,0.30000000000000004,0.35000000000000003,0.055354530385375154
YbCu2_74,0.35000000000000003,0.4,0.06420476772735406
YbCu2_74,0.4,0.45,0.06607788748962856
YbCu2_74,0.45,0.5,0.0592528495039512
YbCu2_74,0.5,0.55,0.04537071124617153
YbCu2_74,0.55,0.6000000000000001,0.032593024302432626
YbCu2_74,0.6000000000000001,0.65,0.028567375062707474
YbCu2_74,0.65,0.7000000000000001,0.026269116597938343
YbCu2_74,0.7000000000000001,0.75,0.024326864934160124
YbCu2_74,0.75,0.8,0.028268330352846774
YbCu2_74,0.8,0.8500000000000001,0.04374342195655515
YbCu2_74,0.8500000000000001,0.9,0.0630609215082987
YbCu2_74,0.9,0.9500000000000001,0.06970615213462959
YbCu2_74,0.9500000000000001,1.0,0.06265107567652398
YbCu2_74,1.0,1.05,0.0484991525194607
YbCu2_74,1.05,1.1,0.03890292613971856
YbCu2_74,1.1,1.1500000000000001,0.0350822234670145
YbCu2_74,1.1500000000000001,1.2000000000000002,0.031216397238472707
YbCu2_74,1.2000000000000002,1.25,0.026858585405651548
YbCu2_74,1.25,1.3,0.020410324014774505
YbCu2_74,1.3,1.35,0.014579761840881576
YbCu2_74,1.35,1.4000000000000001,0.00955700237454118
YbCu2_74,1.4000000000000001,1.4500000000000002,0.006602499929558469
YbCu2_74,1.4500000000000002,1.5,0.00449721292361265
YbCu2_74,1.5,1.55,0.0027650486044405293
YbCu2_74,1.55,1.6,0.0016700450118144609
YbCu2_74,1.6,1.6500000000000001,0.001030915323771686
YbCu2_74,1.6500000000000001,1.7000000000000002,0.00033465429756132826
YbCu2_74,1.7000000000000002,1.75,1.8160026214013005e-05
YbCu2_74,1.75,1.8,0.0
YbCu2_74,1.8,1.85,0.0
YbCu2_74,1.85,1.9000000000000001,0.0
YbCu2_74,1.9000000000000001,1.9500000000000002,0.0
YbCu2_74,1.9500000000000002,2.0,0.0
YbCu2_74,2.0,2.0500000000000003,0.0
YbCu2_74,2.0500000000000003,2.1,0.0
YbCu2_74,2.1,2.15,0.0
YbCu2_74,2.15,2.2,0.0
YbCu2_74,2.2,2.25,0.0
YbCu2_74,2.25,2.3000000000000003,0.0
YbCu2_74,2.3000000000000003,2.35,0.0
YbCu2_74,2.35,2.4000000000000004,0.0
YbCu2_74,2.4000000000000004,2.45,0.0
YbCu2_74,2.45,2.5,0.0
YbCu2_74,2.5,2.5500000000000003,0.0
YbCu2_74,2.5500000000000003,2.6,0.0
YbCu2_74,2.6,2.6500000000000004,0.0
YbCu2_74,2.6500000000000004,2.7,0.0
YbCu2_74,2.7,2.75,0.0
YbCu2_74,2.75,2.8000000000000003,0.0
YbCu2_74,2.8000000000000003,2.85,0.0
YbCu2_74,2.85,2.9000000000000004,0.0
YbCu2_74,2.9000000000000004,2.95,0.0
YbCu2_74,2.95,3.0,0.0
ErNiSb_216,0.0,0.05,0.000384911803538256
ErNiSb_216,0.05,0.1,0.015530294397182195
ErNiSb_216,0.1,0.15000000000000002,0.032694925717480026
ErNiSb_216,0.15000000000000002,0.2,0.0695654174084018
ErNiSb_216,0.2,0.25,0.08440291383605968
ErNiSb_216,0.25,0.30000000000000004,0.12474770901827585
ErNiSb_216,0.30000000000000004,0.35000000000000003,0.12756951461317692
ErNiSb_216,0.35000000000000003,0.4,0.1372941381476828
ErNiSb_216,0.4,0.45,0.1080723478873534
ErNiSb_216,0.45,0.5,0.10090037019078647
ErNiSb_216,0.5,0.55,0.07597475606564745
ErNiSb_216,0.55,0.6000000000000001,0.04688079473949028
ErNiSb_216,0.6000000000000001,0.65,0.02785045717459594
ErNiSb_216,0.65,0.7000000000000001,0.014163557507084071
ErNiSb_216,0.7000000000000001,0.75,0.006643417310281445
ErNiSb_216,0.75,0.8,0.004783871504554782
ErNiSb_216,0.8,0.8500000000000001,0.00420360842420912
ErNiSb_216,0.8500000000000001,0.9,0.003281855264139592
ErNiSb_216,0.9,0.9500000000000001,0.002770981864267209
ErNiSb_216,0.9500000000000001,1.0,0.0023145492274270437
ErNiSb_216,1.0,1.05,0.0019597503716272174
ErNiSb_216,1.05,1.1,0.0017417427604625299
ErNiSb_216,1.1,1.1500000000000001,0.0015007204968650778
ErNiSb_216,1.1500000000000001,1.2000000000000002,0.0012929618707951643
ErNiSb_216,1.2000000000000002,1.25,0.0009497252542731516
ErNiSb_216,1.25,1.3,0.0007055768098565681
ErNiSb_216,1.3,1.35,0.0004913897179293225
ErNiSb_216,1.35,1.4000000000000001,0.0003029266038893821
ErNiSb_216,1.4000000000000001,1.4500000000000002,0.00018870566979129716
ErNiSb_216,1.4500000000000002,1.5,0.0001329468323793806
ErNiSb_216,1.5,1.55,0.00011740120421848103
ErNiSb_216,1.55,1.6,0.00010519333677124488
ErNiSb_216,1.6,1.6500000000000001,0.0001014309028752604
ErNiSb_216,1.6500000000000001,1.7000000000000002,0.0001051932758708784
ErNiSb_216,1.7000000000000002,1.75,7.421146894944796e-05
ErNiSb_216,1.75,1.8,5.8512588200005445e-05
ErNiSb_216,1.8,1.85,4.4798558277658586e-05
ErNiSb_216,1.85,1.9000000000000001,3.551367454733278e-05
ErNiSb_216,1.9000000000000001,1.9500000000000002,2.1708044133012775e-05
ErNiSb_216,1.9500000000000002,2.0,1.759985753108828e-05
ErNiSb_216,2.0,2.0500000000000003,1.3021941566311999e-05
ErNiSb_216,2.0500000000000003,2.1,6.1515119378400135e-06
ErNiSb_216,2.1,2.15,1.8573617243113258e-06
ErNiSb_216,2.15,2.2,5.108233072640292e-07
ErNiSb_216,2.2,2.25,5.696058666946072e-08
ErNiSb_216,2.25,2.3000000000000003,0.0
ErNiSb_216,2.3000000000000003,2.35,0.0
ErNiSb_216,2.35,2.4000000000000004,0.0
ErNiSb_216,2.4000000000000004,2.45,0.0
ErNiSb_216,2.45,2.5,0.0
ErNiSb_216,2.5,2.5500000000000003,0.0
ErNiSb_216,2.5500000000000003,2.6,0.0
ErNiSb_216,2.6,2.6500000000000004,0.0
ErNiSb_216,2.6500000000000004,2.7,0.0
ErNiSb_216,2.7,2.75,0.0
ErNiSb_216,2.75,2.8000000000000003,0.0
ErNiSb_216,2.8000000000000003,2.85,0.0
ErNiSb_216,2.85,2.9000000000000004,0.0
ErNiSb_216,2.9000000000000004,2.95,0.0
ErNiSb_216,2.95,3.0,0.0
TbNi5_191,0.0,0.05,0.0003275137373244975
TbNi5_191,0.05,0.1,0.008043926205390786
TbNi5_191,0.1,0.15000000000000002,0.020587814969927325
TbNi5_191,0.15000000000000002,0.2,0.0440726583429783
TbNi5_191,0.2,0.25,0.057759403698511465
TbNi5_191,0.25,0.30000000000000004,0.08706640119797385
TbNi5_191,0.30000000000000004,0.35000000000000003,0.09878448147385735
TbNi5_191,0.35000000000000003,0.4,0.1116206130749447
TbNi5_191,0.4,0.45,0.11711920566129337
TbNi5_191,0.45,0.5,0.10979933342486449
TbNi5_191,0.5,0.55,0.09542484849360552
TbNi5_191,0.55,0.6000000000000001,0.07492936899540166
TbNi5_191,0.6000000000000001,0.65,0.04839181699680907
TbNi5_191,0.65,0.7000000000000001,0.029254866996484948
TbNi5_191,0.7000000000000001,0.75,0.015261504832425716
TbNi5_191,0.75,0.8,0.00856396186091648
TbNi5_191,0.8,0.8500000000000001,0.005025363799899871
TbNi5_191,0.8500000000000001,0.9,0.005174951328684276
TbNi5_191,0.9,0.9500000000000001,0.007807254849392614
TbNi5_191,0.9500000000000001,1.0,0.009638707489310783
TbNi5_191,1.0,1.05,0.01065638142126612
TbNi5_191,1.05,1.1,0.009357605981293817
TbNi5_191,1.1,1.1500000000000001,0.00748854285020426
TbNi5_191,1.1500000000000001,1.2000000000000002,0.0059941125652281995
TbNi5_191,1.2000000000000002,1.25,0.004707889045219788
TbNi5_191,1.25,1.3,0.0035887280829539955
TbNi5_191,1.3,1.35,0.0019327028266998092
TbNi5_191,1.35,1.4000000000000001,0.0007808806743891202
TbNi5_191,1.4000000000000001,1.4500000000000002,0.0003819401438329477
TbNi5_191,1.4500000000000002,1.5,0.00024959812740869055
TbNi5_191,1.5,1.55,0.00013359320911357064
TbNi5_191,1.55,1.6,5.693441095592624e-05
TbNi5_191,1.6,1.6500000000000001,1.709323143669172e-05
TbNi5_191,1.6500000000000001,1.7000000000000002,0.0
TbNi5_191,1.7000000000000002,1.75,0.0
TbNi5_191,1.75,1.8,0.0
TbNi5_191,1.8,1.85,0.0
TbNi5_191,1.85,1.9000000000000001,0.0
TbNi5_191,1.9000000000000001,1.9500000000000002,0.0
TbNi5_191,1.9500000000000002,2.0,0.0
TbNi5_191,2.0,2.0500000000000003,0.0
TbNi5_191,2.0500000000000003,2.1,0.0
TbNi5_191,2.1,2.15,0.0
TbNi5_191,2.15,2.2,0.0
TbNi5_191,2.2,2.25,0.0
TbNi5_191,2.25,2.3000000000000003,0.0
TbNi5_191,2.3000000000000003,2.35,0.0
TbNi5_191,2.35,2.4000000000000004,0.0
TbNi5_191,2.4000000000000004,2.45,0.0
TbNi5_191,2.45,2.5,0.0
TbNi5_191,2.5,2.5500000000000003,0.0
TbNi5_191,2.5500000000000003,2.6,0.0
TbNi5_191,2.6,2.6500000000000004,0.0
TbNi5_191,2.6500000000000004,2.7,0.0
TbNi5_191,2.7,2.75,0.0
TbNi5_191,2.75,2.8000000000000003,0.0
TbNi5_191,2.8000000000000003,2.85,0.0
TbNi5_191,2.85,2.9000000000000004,0.0
TbNi5_191,2.9000000000000004,2.95,0.0
TbNi5_191,2.95,3.0,0.0
Fe3C_62,0.0,0.05,0.0014900382870496136
Fe3C_62,0.05,0.1,0.009357987182804863
Fe3C_62,0.1,0.15000000000000002,0.02482524649610488
Fe3C_62,0.15000000000000002,0.2,0.046456543073971124
Fe3C_62,0.2,0.25,0.06492174598658342
Fe3C_62,0.25,0.30000000000000004,0.08485068651718135
Fe3C_62,0.30000000000000004,0.35000000000000003,0.09851473268041683
Fe3C_62,0.35000000000000003,0.4,0.10566306617360571
Fe3C_62,0.4,0.45,0.10573468702029884
Fe3C_62,0.45,0.5,0.09902592204180512
Fe3C_62,0.5,0.55,0.08768676062825967
Fe3C_62,0.55,0.6000000000000001,0.07027452474175844
Fe3C_62,0.6000000000000001,0.65,0.05440963764242894
Fe3C_62,0.65,0.7000000000000001,0.0398300473949588
Fe3C_62,0.7000000000000001,0.75,0.027799433694287952
Fe3C_62,0.75,0.8,0.020095785076386007
Fe3C_62,0.8,0.8500000000000001,0.014899996575891545
Fe3C_62,0.8500000000000001,0.9,0.009771439199135541
Fe3C_62,0.9,0.9500000000000001,0.005692039454161329
Fe3C_62,0.9500000000000001,1.0,0.0034314653946991686
Fe3C_62,1.0,1.05,0.003652966421487203
Fe3C_62,1.05,1.1,0.004591571505746771
Fe3C_62,1.1,1.1500000000000001,0.0047669739297125984
Fe3C_62,1.1500000000000001,1.2000000000000002,0.0038237587007160755
Fe3C_62,1.2000000000000002,1.25,0.0025816355325572514
Fe3C_62,1.25,1.3,0.0016035235656182087
Fe3C_62,1.3,1.35,0.0010873043997974936
Fe3C_62,1.35,1.4000000000000001,0.0008051541071502205
Fe3C_62,1.4000000000000001,1.4500000000000002,0.0005608430460234112
Fe3C_62,1.4500000000000002,1.5,0.00046539163841930435
Fe3C_62,1.5,1.55,0.00037973425110333144
Fe3C_62,1.55,1.6,0.00029902738602849774
Fe3C_62,1.6,1.6500000000000001,0.0002484432145337802
Fe3C_62,1.6500000000000001,1.7000000000000002,0.00016209634905536073
Fe3C_62,1.7000000000000002,1.75,0.00013104618180105845
Fe3C_62,1.75,1.8,7.430658790409294e-05
Fe3C_62,1.8,1.85,2.7293408048536686e-05
Fe3C_62,1.85,1.9000000000000001,7.144512507899277e-06
Fe3C_62,1.9000000000000001,1.9500000000000002,0.0
Fe3C_62,1.9500000000000002,2.0,0.0
Fe3C_62,2.0,2.0500000000000003,0.0
Fe3C_62,2.0500000000000003,2.1,0.0
Fe3C_62,2.1,2.15,0.0
Fe3C_62,2.15,2.2,0.0
Fe3C_62,2.2,2.25,0.0
Fe3C_62,2.25,2.3000000000000003,0.0
Fe3C_62,2.3000000000000003,2.35,0.0
Fe3C_62,2.35,2.4000000000000004,0.0
Fe3C_62,2.4000000000000004,2.45,0.0
Fe3C_62,2.45,2.5,0.0
Fe3C_62,2.5,2.5500000000000003,0.0
Fe3C_62,2.5500000000000003,2.6,0.0
Fe3C_62,2.6,2.6500000000000004,0.0
Fe3C_62,2.6500000000000004,2.7,0.0
Fe3C_62,2.7,2.75,0.0
Fe3C_62,2.75,2.8000000000000003,0.0
Fe3C_62,2.8000000000000003,2.85,0.0
Fe3C_62,2.85,2.9000000000000004,0.0
Fe3C_62,2.9000000000000004,2.95,0.0
Fe3C_62,2.95,3.0,0.0
PrNiSb_194,0.0,0.05,0.0025091131765966604
PrNiSb_194,0.05,0.1,0.010471162907315949
PrNiSb_194,0.1,0.15000000000000002,0.027221565787063362
PrNiSb_194,0.15000000000000002,0.2,0.053634644114997715
PrNiSb_194,0.2,0.25,0.06854558057308661
PrNiSb_194,0.25,0.30000000000000004,0.08970746689292233
PrNiSb_194,0.30000000000000004,0.35000000000000003,0.10343463496010535
PrNiSb_194,0.35000000000000003,0.4,0.09696418519061338
PrNiSb_194,0.4,0.45,0.10214628170868074
PrNiSb_194,0.45,0.5,0.08692925797555097
PrNiSb_194,0.5,0.55,0.07112466827479925
PrNiSb_194,0.55,0.6000000000000001,0.05359487338698924
PrNiSb_194,0.6000000000000001,0.65,0.03720318410128568
PrNiSb_194,0.65,0.7000000000000001,0.02599984626804715
PrNiSb_194,0.7000000000000001,0.75,0.019612111315468084
PrNiSb_194,0.75,0.8,0.015127978227134003
PrNiSb_194,0.8,0.8500000000000001,0.014270876359001088
PrNiSb_194,0.8500000000000001,0.9,0.01277403306266047
PrNiSb_194,0.9,0.9500000000000001,0.011999062915049964
PrNiSb_194,0.9500000000000001,1.0,0.011424886037409869
PrNiSb_194,1.0,1.05,0.010793717762243346
PrNiSb_194,1.05,1.1,0.010499245329450447
PrNiSb_194,1.1,1.1500000000000001,0.009686043608287025
PrNiSb_194,1.1500000000000001,1.2000000000000002,0.009102643227318193
PrNiSb_194,1.2000000000000002,1.25,0.007630938169347134
PrNiSb_194,1.25,1.3,0.006939771309013507
PrNiSb_194,1.3,1.35,0.006618066579001543
PrNiSb_194,1.35,1.4000000000000001,0.005869758948915886
PrNiSb_194,1.4000000000000001,1.4500000000000002,0.005051585152528745
PrNiSb_194,1.4500000000000002,1.5,0.003854067385813258
PrNiSb_194,1.5,1.55,0.002959183026331201
PrNiSb_194,1.55,1.6,0.0021066531143179145
PrNiSb_194,1.6,1.6500000000000001,0.0017407623779198986
PrNiSb_194,1.6500000000000001,1.7000000000000002,0.0012749743009750926
PrNiSb_194,1.7000000000000002,1.75,0.0008463436693959843
PrNiSb_194,1.75,1.8,0.00031762063796246856
PrNiSb_194,1.8,1.85,1.3212166399662497e-05
PrNiSb_194,1.85,1.9000000000000001,0.0
PrNiSb_194,1.9000000000000001,1.9500000000000002,0.0
PrNiSb_194,1.9500000000000002,2.0,0.0
PrNiSb_194,2.0,2.0500000000000003,0.0
PrNiSb_194,2.0500000000000003,2.1,0.0
PrNiSb_194,2.1,2.15,0.0
PrNiSb_194,2.15,2.2,0.0
PrNiSb_194,2.2,2.25,0.0
PrNiSb_194,2.25,2.3000000000000003,0.0
PrNiSb_194,2.3000000000000003,2.35,0.0
PrNiSb_194,2.35,2.4000000000000004,0.0
PrNiSb_194,2.4000000000000004,2.45,0.0
PrNiSb_194,2.45,2.5,0.0
PrNiSb_194,2.5,2.5500000000000003,0.0
PrNiSb_194,2.5500000000000003,2.6,0.0
PrNiSb_194,2.6,2.6500000000000004,0.0
PrNiSb_194,2.6500000000000004,2.7,0.0
PrNiSb_194,2.7,2.75,0.0
PrNiSb_194,2.75,2.8000000000000003,0.0
PrNiSb_194,2.8000000000000003,2.85,0.0
PrNiSb_194,2.85,2.9000000000000004,0.0
PrNiSb_194,2.9000000000000004,2.95,0.0
PrNiSb_194,2.95,3.0,0.0
K2ReBr6_225,0.0,0.05,0.0007556174151374237
K2ReBr6_225,0.05,0.1,0.002507691959444443
K2ReBr6_225,0.1,0.15000000000000002,0.006836725766673901
K2ReBr6_225,0.15000000000000002,0.2,0.01309780257208978
K2ReBr6_225,0.2,0.25,0.021438501205471982
K2ReBr6_225,0.25,0.30000000000000004,0.026066558475907387
K2ReBr6_225,0.30000000000000004,0.35000000000000003,0.03371027054401753
K2ReBr6_225,0.35000000000000003,0.4,0.04466632609044124
K2ReBr6_225,0.4,0.45,0.05327025168473067
K2ReBr6_225,0.45,0.5,0.06382377972810768
K2ReBr6_225,0.5,0.55,0.06448653744640956
K2ReBr6_225,0.55,0.6000000000000001,0.07696862624510413
K2ReBr6_225,0.6000000000000001,0.65,0.06672474038135451
K2ReBr6_225,0.65,0.7000000000000001,0.0698239968675482
K2ReBr6_225,0.7000000000000001,0.75,0.06478718009455245
K2ReBr6_225,0.75,0.8,0.05936793072529127
K2ReBr6_225,0.8,0.8500000000000001,0.05185507460630627
K2ReBr6_225,0.8500000000000001,0.9,0.045075105642100335
K2ReBr6_225,0.9,0.9500000000000001,0.03952628326095014
K2ReBr6_225,0.9500000000000001,1.0,0.032477247175928176
K2ReBr6_225,1.0,1.05,0.024936334584600175
K2ReBr6_225,1.05,1.1,0.02129472901076388
K2ReBr6_225,1.1,1.1500000000000001,0.018507453025673085
K2ReBr6_225,1.1500000000000001,1.2000000000000002,0.015406760944778209
K2ReBr6_225,1.2000000000000002,1.25,0.012714489311967092
K2ReBr6_225,1.25,1.3,0.010877883018943914
K2ReBr6_225,1.3,1.35,0.009161650739217335
K2ReBr6_225,1.35,1.4000000000000001,0.007756906391477339
K2ReBr6_225,1.4000000000000001,1.4500000000000002,0.0068277835315668205
K2ReBr6_225,1.4500000000000002,1.5,0.006136513442884314
K2ReBr6_225,1.5,1.55,0.005357426824136168
K2ReBr6_225,1.55,1.6,0.004696454933025192
K2ReBr6_225,1.6,1.6500000000000001,0.004253947578768509
K2ReBr6_225,1.6500000000000001,1.7000000000000002,0.003778650752598904
K2ReBr6_225,1.7000000000000002,1.75,0.003100021813909669
K2ReBr6_225,1.75,1.8,0.002485153830499377
K2ReBr6_225,1.8,1.85,0.0018642279818363435
K2ReBr6_225,1.85,1.9000000000000001,0.0013670976527457121
K2ReBr6_225,1.9000000000000001,1.9500000000000002,0.0008691014165034973
K2ReBr6_225,1.9500000000000002,2.0,0.000532095513145811
K2ReBr6_225,2.0,2.0500000000000003,0.00034856034064784395
K2ReBr6_225,2.0500000000000003,2.1,0.00022210212116291473
K2ReBr6_225,2.1,2.15,0.0001343713481295669
K2ReBr6_225,2.15,2.2,5.851069261710877e-05
K2ReBr6_225,2.2,2.25,2.964484937844813e-05
K2ReBr6_225,2.25,2.3000000000000003,1.3534446570131398e-05
K2ReBr6_225,2.3000000000000003,2.35,2.2298193317257723e-06
K2ReBr6_225,2.35,2.4000000000000004,1.0732634888289293e-07
K2ReBr6_225,2.4000000000000004,2.45,8.869205081153177e-09
K2ReBr6_225,2.45,2.5,0.0
K2ReBr6_225,2.5,2.5500000000000003,0.0
K2ReBr6_225,2.5500000000000003,2.6,0.0
K2ReBr6_225,2.6,2.6500000000000004,0.0
K2ReBr6_225,2.6500000000000004,2.7,0.0
K2ReBr6_225,2.7,2.75,0.0
K2ReBr6_225,2.75,2.8000000000000003,0.0
K2ReBr6_225,2.8000000000000003,2.85,0.0
K2ReBr6_225,2.85,2.9000000000000004,0.0
K2ReBr6_225,2.9000000000000004,2.95,0.0
K2ReBr6_225,2.95,3.0,0.0
Sr(CoP)2_139,0.0,0.05,0.0003773646100658004
Sr(CoP)2_139,0.05,0.1,0.008703351401576569
Sr(CoP)2_139,0.1,0.15000000000000002,0.021880173594438262
Sr(CoP)2_139,0.15000000000000002,0.2,0.04075781707917566
Sr(CoP)2_139,0.2,0.25,0.059738205878386345
Sr(CoP)2_139,0.25,0.30000000000000004,0.07748194990464057
Sr(CoP)2_139,0.30000000000000004,0.35000000000000003,0.0871713811694737
Sr(CoP)2_139,0.35000000000000003,0.4,0.10089365302853089
Sr(CoP)2_139,0.4,0.45,0.10345951070987693
Sr(CoP)2_139,0.45,0.5,0.09233354340886014
Sr(CoP)2_139,0.5,0.55,0.08558244618905331
Sr(CoP)2_139,0.55,0.6000000000000001,0.069847173735156
Sr(CoP)2_139,0.6000000000000001,0.65,0.057221577973331814
Sr(CoP)2_139,0.65,0.7000000000000001,0.04024234227638429
Sr(CoP)2_139,0.7000000000000001,0.75,0.027731320032842212
Sr(CoP)2_139,0.75,0.8,0.01981652764000697
Sr(CoP)2_139,0.8,0.8500000000000001,0.014510210371578807
Sr(CoP)2_139,0.8500000000000001,0.9,0.010792569150881004
Sr(CoP)2_139,0.9,0.9500000000000001,0.0078476909465625
Sr(CoP)2_139,0.9500000000000001,1.0,0.006200482631064303
Sr(CoP)2_139,1.0,1.05,0.007111542118851216
Sr(CoP)2_139,1.05,1.1,0.007896366909931514
Sr(CoP)2_139,1.1,1.1500000000000001,0.00782832271810179
Sr(CoP)2_139,1.1500000000000001,1.2000000000000002,0.007031645970807738
Sr(CoP)2_139,1.2000000000000002,1.25,0.00655376232735072
Sr(CoP)2_139,1.25,1.3,0.005884474295549515
Sr(CoP)2_139,1.3,1.35,0.005136269198032491
Sr(CoP)2_139,1.35,1.4000000000000001,0.0043103650443184136
Sr(CoP)2_139,1.4000000000000001,1.4500000000000002,0.0036331543745100293
Sr(CoP)2_139,1.4500000000000002,1.5,0.002816411249149145
Sr(CoP)2_139,1.5,1.55,0.002063103378311192
Sr(CoP)2_139,1.55,1.6,0.001726397537856745
Sr(CoP)2_139,1.6,1.6500000000000001,0.0014357423564055924
Sr(CoP)2_139,1.6500000000000001,1.7000000000000002,0.0011722549925197736
Sr(CoP)2_139,1.7000000000000002,1.75,0.000909470060923948
Sr(CoP)2_139,1.75,1.8,0.0006951312549158571
Sr(CoP)2_139,1.8,1.85,0.0005358555864204199
Sr(CoP)2_139,1.85,1.9000000000000001,0.0003662241357535676
Sr(CoP)2_139,1.9000000000000001,1.9500000000000002,0.0002220392735527225
Sr(CoP)2_139,1.9500000000000002,2.0,7.525770528941682e-05
Sr(CoP)2_139,2.0,2.0500000000000003,6.9177795622420035e-06
Sr(CoP)2_139,2.0500000000000003,2.1,0.0
Sr(CoP)2_139,2.1,2.15,0.0
Sr(CoP)2_139,2.15,2.2,0.0
Sr(CoP)2_139,2.2,2.25,0.0
Sr(CoP)2_139,2.25,2.3000000000000003,0.0
Sr(CoP)2_139,2.3000000000000003,2.35,0.0
Sr(CoP)2_139,2.35,2.4000000000000004,0.0
Sr(CoP)2_139,2.4000000000000004,2.45,0.0
Sr(CoP)2_139,2.45,2.5,0.0
Sr(CoP)2_139,2.5,2.5500000000000003,0.0
Sr(CoP)2_139,2.5500000000000003,2.6,0.0
Sr(CoP)2_139,2.6,2.6500000000000004,0.0
Sr(CoP)2_139,2.6500000000000004,2.7,0.0
Sr(CoP)2_139,2.7,2.75,0.0
Sr(CoP)2_139,2.75,2.8000000000000003,0.0
Sr(CoP)2_139,2.8000000000000003,2.85,0.0
Sr(CoP)2_139,2.85,2.9000000000000004,0.0
Sr(CoP)2_139,2.9000000000000004,2.95,0.0
Sr(CoP)2_139,2.95,3.0,0.0
LiHoGe_189,0.0,0.05,0.0015033739570616868
LiHoGe_189,0.05,0.1,0.009253064414881853
LiHoGe_189,0.1,0.15000000000000002,0.022592176304842164
LiHoGe_189,0.15000000000000002,0.2,0.03983876707656047
LiHoGe_189,0.2,0.25,0.058244066827779384
LiHoGe_189,0.25,0.30000000000000004,0.0730584962943266
LiHoGe_189,0.30000000000000004,0.35000000000000003,0.08034305463937953
LiHoGe_189,0.35000000000000003,0.4,0.08815564779228816
LiHoGe_189,0.4,0.45,0.09110527662899696
LiHoGe_189,0.45,0.5,0.0918353774421712
LiHoGe_189,0.5,0.55,0.08530780228295068
LiHoGe_189,0.55,0.6000000000000001,0.0708092724617756
LiHoGe_189,0.6000000000000001,0.65,0.054052927034143695
LiHoGe_189,0.65,0.7000000000000001,0.03700115492817533
LiHoGe_189,0.7000000000000001,0.75,0.02277977196917991
LiHoGe_189,0.75,0.8,0.01603505915528344
LiHoGe_189,0.8,0.8500000000000001,0.014135414437253824
LiHoGe_189,0.8500000000000001,0.9,0.013982466222263004
LiHoGe_189,0.9,0.9500000000000001,0.014673837171063756
LiHoGe_189,0.9500000000000001,1.0,0.015543617636470382
LiHoGe_189,1.0,1.05,0.015151988091950364
LiHoGe_189,1.05,1.1,0.014241900582837544
LiHoGe_189,1.1,1.1500000000000001,0.01326058700339427
LiHoGe_189,1.1500000000000001,1.2000000000000002,0.011745417633192385
LiHoGe_189,1.2000000000000002,1.25,0.010201731865820542
LiHoGe_189,1.25,1.3,0.008155100244580313
LiHoGe_189,1.3,1.35,0.006393227589933511
LiHoGe_189,1.35,1.4000000000000001,0.0051111651733217085
LiHoGe_189,1.4000000000000001,1.4500000000000002,0.0041019202807420965
LiHoGe_189,1.4500000000000002,1.5,0.0033404924399812914
LiHoGe_189,1.5,1.55,0.0028032367114929485
LiHoGe_189,1.55,1.6,0.00202781057984883
LiHoGe_189,1.6,1.6500000000000001,0.0013577389103952837
LiHoGe_189,1.6500000000000001,1.7000000000000002,0.0008462488125112706
LiHoGe_189,1.7000000000000002,1.75,0.0005262257840186144
LiHoGe_189,1.75,1.8,0.0002815916221301633
LiHoGe_189,1.8,1.85,0.00013602884393038427
LiHoGe_189,1.85,1.9000000000000001,5.232826334331324e-05
LiHoGe_189,1.9000000000000001,1.9500000000000002,1.4071318763448103e-05
LiHoGe_189,1.9500000000000002,2.0,5.635709646866747e-07
LiHoGe_189,2.0,2.0500000000000003,0.0
LiHoGe_189,2.0500000000000003,2.1,0.0
LiHoGe_189,2.1,2.15,0.0
LiHoGe_189,2.15,2.2,0.0
LiHoGe_189,2.2,2.25,0.0
LiHoGe_189,2.25,2.3000000000000003,0.0
LiHoGe_189,2.3000000000000003,2.35,0.0
LiHoGe_189,2.35,2.4000000000000004,0.0
LiHoGe_189,2.4000000000000004,2.45,0.0
LiHoGe_189,2.45,2.5,0.0
LiHoGe_189,2.5,2.5500000000000003,0.0
LiHoGe_189,2.5500000000000003,2.6,0.0
LiHoGe_189,2.6,2.6500000000000004,0.0
LiHoGe_189,2.6500000000000004,2.7,0.0
LiHoGe_189,2.7,2.75,0.0
LiHoGe_189,2.75,2.8000000000000003,0.0
LiHoGe_189,2.8000000000000003,2.85,0.0
LiHoGe_189,2.85,2.9000000000000004,0.0
LiHoGe_189,2.9000000000000004,2.95,0.0
LiHoGe_189,2.95,3.0,0.0
Sm(SiIr)2_139,0.0,0.05,0.002180170897382383
Sm(SiIr)2_139,0.05,0.1,0.012084733528889861
Sm(SiIr)2_139,0.1,0.15000000000000002,0.03390261613586405
Sm(SiIr)2_139,0.15000000000000002,0.2,0.0552008533579162
Sm(SiIr)2_139,0.2,0.25,0.08307405862759229
Sm(SiIr)2_139,0.25,0.30000000000000004,0.10386810386185909
Sm(SiIr)2_139,0.30000000000000004,0.35000000000000003,0.117542459914019
Sm(SiIr)2_139,0.35000000000000003,0.4,0.1195138115252479
Sm(SiIr)2_139,0.4,0.45,0.11026259622374406
Sm(SiIr)2_139,0.45,0.5,0.09558606301172562
Sm(SiIr)2_139,0.5,0.55,0.07300188788134229
Sm(SiIr)2_139,0.55,0.6000000000000001,0.05195967753584412
Sm(SiIr)2_139,0.6000000000000001,0.65,0.032550828796905525
Sm(SiIr)2_139,0.65,0.7000000000000001,0.019497213368671756
Sm(SiIr)2_139,0.7000000000000001,0.75,0.011765829880727266
Sm(SiIr)2_139,0.75,0.8,0.009072713818093535
Sm(SiIr)2_139,0.8,0.8500000000000001,0.00826138718196003
Sm(SiIr)2_139,0.8500000000000001,0.9,0.007689732031688859
Sm(SiIr)2_139,0.9,0.9500000000000001,0.0069037940004581305
Sm(SiIr)2_139,0.9500000000000001,1.0,0.006495972962846256
Sm(SiIr)2_139,1.0,1.05,0.006345080454069856
Sm(SiIr)2_139,1.05,1.1,0.006089848451755761
Sm(SiIr)2_139,1.1,1.1500000000000001,0.004917669683145722
Sm(SiIr)2_139,1.1500000000000001,1.2000000000000002,0.003912839751161315
Sm(SiIr)2_139,1.2000000000000002,1.25,0.0028135476265381556
Sm(SiIr)2_139,1.25,1.3,0.0020408797351232945
Sm(SiIr)2_139,1.3,1.35,0.001635031798878771
Sm(SiIr)2_139,1.35,1.4000000000000001,0.001468467864174738
Sm(SiIr)2_139,1.4000000000000001,1.4500000000000002,0.0012735132194738818
Sm(SiIr)2_139,1.4500000000000002,1.5,0.0014338882584307038
Sm(SiIr)2_139,1.5,1.55,0.0015298716637427074
Sm(SiIr)2_139,1.55,1.6,0.0015536466899490654
Sm(SiIr)2_139,1.6,1.6500000000000001,0.0013398559677125727
Sm(SiIr)2_139,1.6500000000000001,1.7000000000000002,0.0010618927211138989
Sm(SiIr)2_139,1.7000000000000002,1.75,0.0007025770047864137
Sm(SiIr)2_139,1.75,1.8,0.0005115373033827749
Sm(SiIr)2_139,1.8,1.85,0.00034351082860434014
Sm(SiIr)2_139,1.85,1.9000000000000001,0.00029281691297862645
Sm(SiIr)2_139,1.9000000000000001,1.9500000000000002,0.0001903953176316215
Sm(SiIr)2_139,1.9500000000000002,2.0,9.40900779623772e-05
Sm(SiIr)2_139,2.0,2.0500000000000003,3.2558390157768915e-05
Sm(SiIr)2_139,2.0500000000000003,2.1,1.975736447175191e-06
Sm(SiIr)2_139,2.1,2.15,0.0
Sm(SiIr)2_139,2.15,2.2,0.0
Sm(SiIr)2_139,2.2,2.25,0.0
Sm(SiIr)2_139,2.25,2.3000000000000003,0.0
Sm(SiIr)2_139,2.3000000000000003,2.35,0.0
Sm(SiIr)2_139,2.35,2.4000000000000004,0.0
Sm(SiIr)2_139,2.4000000000000004,2.45,0.0
Sm(SiIr)2_139,2.45,2.5,0.0
Sm(SiIr)2_139,2.5,2.5500000000000003,0.0
Sm(SiIr)2_139,2.5500000000000003,2.6,0.0
Sm(SiIr)2_139,2.6,2.6500000000000004,0.0
Sm(SiIr)2_139,2.6500000000000004,2.7,0.0
Sm(SiIr)2_139,2.7,2.75,0.0
Sm(SiIr)2_139,2.75,2.8000000000000003,0.0
Sm(SiIr)2_139,2.8000000000000003,2.85,0.0
Sm(SiIr)2_139,2.85,2.9000000000000004,0.0
Sm(SiIr)2_139,2.9000000000000004,2.95,0.0
Sm(SiIr)2_139,2.95,3.0,0.0
Mn2N_60,0.0,0.05,0.0012755484090976213
Mn2N_60,0.05,0.1,0.00904098109078976
Mn2N_60,0.1,0.15000000000000002,0.023202253324974127
Mn2N_60,0.15000000000000002,0.2,0.03992170171329963
Mn2N_60,0.2,0.25,0.0576459896399112
Mn2N_60,0.25,0.30000000000000004,0.07594626695876296
Mn2N_60,0.30000000000000004,0.35000000000000003,0.09023771005305452
Mn2N_60,0.35000000000000003,0.4,0.09897763539964549
Mn2N_60,0.4,0.45,0.09705832074440937
Mn2N_60,0.45,0.5,0.09619799064879186
Mn2N_60,0.5,0.55,0.08596998194926835
Mn2N_60,0.55,0.6000000000000001,0.07336255063087906
Mn2N_60,0.6000000000000001,0.65,0.05945927586710813
Mn2N_60,0.65,0.7000000000000001,0.04592225728308254
Mn2N_60,0.7000000000000001,0.75,0.035364212261803765
Mn2N_60,0.75,0.8,0.027520818023484186
Mn2N_60,0.8,0.8500000000000001,0.021834661077325516
Mn2N_60,0.8500000000000001,0.9,0.016189069990663663
Mn2N_60,0.9,0.9500000000000001,0.011185954515631556
Mn2N_60,0.9500000000000001,1.0,0.0072918783249789135
Mn2N_60,1.0,1.05,0.004329550485810237
Mn2N_60,1.05,1.1,0.0027756479885804822
Mn2N_60,1.1,1.1500000000000001,0.002544675342100819
Mn2N_60,1.1500000000000001,1.2000000000000002,0.003044359398460467
Mn2N_60,1.2000000000000002,1.25,0.003496170478839022
Mn2N_60,1.25,1.3,0.002973691102307944
Mn2N_60,1.3,1.35,0.002099039252741149
Mn2N_60,1.35,1.4000000000000001,0.0014742720906738033
Mn2N_60,1.4000000000000001,1.4500000000000002,0.0010115287999668762
Mn2N_60,1.4500000000000002,1.5,0.0007900577351612442
Mn2N_60,1.5,1.55,0.00048650905185369786
Mn2N_60,1.55,1.6,0.00035646658957406735
Mn2N_60,1.6,1.6500000000000001,0.0002689617934095571
Mn2N_60,1.6500000000000001,1.7000000000000002,0.00020090028078819608
Mn2N_60,1.7000000000000002,1.75,0.0001455487074976356
Mn2N_60,1.75,1.8,0.00010825953152298278
Mn2N_60,1.8,1.85,9.53204789820966e-05
Mn2N_60,1.85,1.9000000000000001,6.969555472995134e-05
Mn2N_60,1.9000000000000001,1.9500000000000002,6.154756144091642e-05
Mn2N_60,1.9500000000000002,2.0,4.2664106434178904e-05
Mn2N_60,2.0,2.0500000000000003,9.134682441462486e-06
Mn2N_60,2.0500000000000003,2.1,9.284948797683294e-06
Mn2N_60,2.1,2.15,0.0
Mn2N_60,2.15,2.2,1.656130921609982e-06
Mn2N_60,2.2,2.25,0.0
Mn2N_60,2.25,2.3000000000000003,0.0
Mn2N_60,2.3000000000000003,2.35,0.0
Mn2N_60,2.35,2.4000000000000004,0.0
Mn2N_60,2.4000000000000004,2.45,0.0
Mn2N_60,2.45,2.5,0.0
Mn2N_60,2.5,2.5500000000000003,0.0
Mn2N_60,2.5500000000000003,2.6,0.0
Mn2N_60,2.6,2.6500000000000004,0.0
Mn2N_60,2.6500000000000004,2.7,0.0
Mn2N_60,2.7,2.75,0.0
Mn2N_60,2.75,2.8000000000000003,0.0
Mn2N_60,2.8000000000000003,2.85,0.0
Mn2N_60,2.85,2.9000000000000004,0.0
Mn2N_60,2.9000000000000004,2.95,0.0
Mn2N_60,2.95,3.0,0.0
Pr(CoB)2_139,0.0,0.05,0.0017743838062550623
Pr(CoB)2_139,0.05,0.1,0.01221694522705094
Pr(CoB)2_139,0.1,0.15000000000000002,0.028129753186573153
Pr(CoB)2_139,0.15000000000000002,0.2,0.050917255195297134
Pr(CoB)2_139,0.2,0.25,0.06837259168952436
Pr(CoB)2_139,0.25,0.30000000000000004,0.09245922390371715
Pr(CoB)2_139,0.30000000000000004,0.35000000000000003,0.10318543887270919
Pr(CoB)2_139,0.35000000000000003,0.4,0.10070939009449142
Pr(CoB)2_139,0.4,0.45,0.10188030490972447
Pr(CoB)2_139,0.45,0.5,0.08680417529757539
Pr(CoB)2_139,0.5,0.55,0.07074274382268148
Pr(CoB)2_139,0.55,0.6000000000000001,0.05748465432022651
Pr(CoB)2_139,0.6000000000000001,0.65,0.039549779574873586
Pr(CoB)2_139,0.65,0.7000000000000001,0.027599373666575465
Pr(CoB)2_139,0.7000000000000001,0.75,0.019604976947092265
Pr(CoB)2_139,0.75,0.8,0.01489323077053618
Pr(CoB)2_139,0.8,0.8500000000000001,0.014282790720123098
Pr(CoB)2_139,0.8500000000000001,0.9,0.012722332422541427
Pr(CoB)2_139,0.9,0.9500000000000001,0.01226290626300128
Pr(CoB)2_139,0.9500000000000001,1.0,0.011906568169770409
Pr(CoB)2_139,1.0,1.05,0.011606472669033894
Pr(CoB)2_139,1.05,1.1,0.011407689937696598
Pr(CoB)2_139,1.1,1.1500000000000001,0.009241317586477435
Pr(CoB)2_139,1.1500000000000001,1.2000000000000002,0.007494230951238213
Pr(CoB)2_139,1.2000000000000002,1.25,0.006687574398570299
Pr(CoB)2_139,1.25,1.3,0.005266227996297887
Pr(CoB)2_139,1.3,1.35,0.002665031679597271
Pr(CoB)2_139,1.35,1.4000000000000001,0.0017305979752201927
Pr(CoB)2_139,1.4000000000000001,1.4500000000000002,0.0014105590727093173
Pr(CoB)2_139,1.4500000000000002,1.5,0.0012740906004043682
Pr(CoB)2_139,1.5,1.55,0.0013033359325779563
Pr(CoB)2_139,1.55,1.6,0.0013377778325718542
Pr(CoB)2_139,1.6,1.6500000000000001,0.0015617924149431122
Pr(CoB)2_139,1.6500000000000001,1.7000000000000002,0.0017922183936261175
Pr(CoB)2_139,1.7000000000000002,1.75,0.0018048486424440838
Pr(CoB)2_139,1.75,1.8,0.0016246258168110812
Pr(CoB)2_139,1.8,1.85,0.0012371996809477312
Pr(CoB)2_139,1.85,1.9000000000000001,0.0010195273019093945
Pr(CoB)2_139,1.9000000000000001,1.9500000000000002,0.0008501885538621126
Pr(CoB)2_139,1.9500000000000002,2.0,0.0005912141459127473
Pr(CoB)2_139,2.0,2.0500000000000003,0.00041421439521652237
Pr(CoB)2_139,2.0500000000000003,2.1,0.0001592880822668235
Pr(CoB)2_139,2.1,2.15,2.115707932455187e-05
Pr(CoB)2_139,2.15,2.2,0.0
Pr(CoB)2_139,2.2,2.25,0.0
Pr(CoB)2_139,2.25,2.3000000000000003,0.0
Pr(CoB)2_139,2.3000000000000003,2.35,0.0
Pr(CoB)2_139,2.35,2.4000000000000004,0.0
Pr(CoB)2_139,2.4000000000000004,2.45,0.0
Pr(CoB)2_139,2.45,2.5,0.0
Pr(CoB)2_139,2.5,2.5500000000000003,0.0
Pr(CoB)2_139,2.5500000000000003,2.6,0.0
Pr(CoB)2_139,2.6,2.6500000000000004,0.0
Pr(CoB)2_139,2.6500000000000004,2.7,0.0
Pr(CoB)2_139,2.7,2.75,0.0
Pr(CoB)2_139,2.75,2.8000000000000003,0.0
Pr(CoB)2_139,2.8000000000000003,2.85,0.0
Pr(CoB)2_139,2.85,2.9000000000000004,0.0
Pr(CoB)2_139,2.9000000000000004,2.95,0.0
Pr(CoB)2_139,2.95,3.0,0.0
LiTbTl2_225,0.0,0.05,0.0003416621949205383
LiTbTl2_225,0.05,0.1,0.0017119758250758702
LiTbTl2_225,0.1,0.15000000000000002,0.003675562170425514
LiTbTl2_225,0.15000000000000002,0.2,0.008582676451770476
LiTbTl2_225,0.2,0.25,0.011457765319711558
LiTbTl2_225,0.25,0.30000000000000004,0.01509960791381909
LiTbTl2_225,0.30000000000000004,0.35000000000000003,0.027141653431405736
LiTbTl2_225,0.35000000000000003,0.4,0.05060980443507922
LiTbTl2_225,0.4,0.45,0.08058468848361654
LiTbTl2_225,0.45,0.5,0.10848305839743526
LiTbTl2_225,0.5,0.55,0.13306951194773958
LiTbTl2_225,0.55,0.6000000000000001,0.12961571719776824
LiTbTl2_225,0.6000000000000001,0.65,0.10663639334672217
LiTbTl2_225,0.65,0.7000000000000001,0.07425973709002184
LiTbTl2_225,0.7000000000000001,0.75,0.05113506172452915
LiTbTl2_225,0.75,0.8,0.03408030670261813
LiTbTl2_225,0.8,0.8500000000000001,0.029805560845174325
LiTbTl2_225,0.8500000000000001,0.9,0.02676127288894872
LiTbTl2_225,0.9,0.9500000000000001,0.02251360521305043
LiTbTl2_225,0.9500000000000001,1.0,0.01952872894235469
LiTbTl2_225,1.0,1.05,0.016148818797840924
LiTbTl2_225,1.05,1.1,0.01316486998530808
LiTbTl2_225,1.1,1.1500000000000001,0.009473380309359578
LiTbTl2_225,1.1500000000000001,1.2000000000000002,0.00581740648730662
LiTbTl2_225,1.2000000000000002,1.25,0.004120356742056964
LiTbTl2_225,1.25,1.3,0.002643097160786294
LiTbTl2_225,1.3,1.35,0.001985836122942791
LiTbTl2_225,1.35,1.4000000000000001,0.0019382107384026462
LiTbTl2_225,1.4000000000000001,1.4500000000000002,0.0020170121871939833
LiTbTl2_225,1.4500000000000002,1.5,0.0018952618595799737
LiTbTl2_225,1.5,1.55,0.001491186733183982
LiTbTl2_225,1.55,1.6,0.0013212529122987905
LiTbTl2_225,1.6,1.6500000000000001,0.0011161671133079097
LiTbTl2_225,1.6500000000000001,1.7000000000000002,0.0009143490618678864
LiTbTl2_225,1.7000000000000002,1.75,0.0005232935112817696
LiTbTl2_225,1.75,1.8,0.0002513505417666637
LiTbTl2_225,1.8,1.85,7.73141788774009e-05
LiTbTl2_225,1.85,1.9000000000000001,6.485034449612661e-06
LiTbTl2_225,1.9000000000000001,1.9500000000000002,0.0
LiTbTl2_225,1.9500000000000002,2.0,0.0
LiTbTl2_225,2.0,2.0500000000000003,0.0
LiTbTl2_225,2.0500000000000003,2.1,0.0
LiTbTl2_225,2.1,2.15,0.0
LiTbTl2_225,2.15,2.2,0.0
LiTbTl2_225,2.2,2.25,0.0
LiTbTl2_225,2.25,2.3000000000000003,0.0
LiTbTl2_225,2.3000000000000003,2.35,0.0
LiTbTl2_225,2.35,2.4000000000000004,0.0
LiTbTl2_225,2.4000000000000004,2.45,0.0
LiTbTl2_225,2.45,2.5,0.0
LiTbTl2_225,2.5,2.5500000000000003,0.0
LiTbTl2_225,2.5500000000000003,2.6,0.0
LiTbTl2_225,2.6,2.6500000000000004,0.0
LiTbTl2_225,2.6500000000000004,2.7,0.0
LiTbTl2_225,2.7,2.75,0.0
LiTbTl2_225,2.75,2.8000000000000003,0.0
LiTbTl2_225,2.8000000000000003,2.85,0.0
LiTbTl2_225,2.85,2.9000000000000004,0.0
LiTbTl2_225,2.9000000000000004,2.95,0.0
LiTbTl2_225,2.95,3.0,0.0
MnSiTc2_225,0.0,0.05,0.00042243096071693245
MnSiTc2_225,0.05,0.1,0.009964654160520692
MnSiTc2_225,0.1,0.15000000000000002,0.020529483525365846
MnSiTc2_225,0.15000000000000002,0.2,0.03846675421881994
MnSiTc2_225,0.2,0.25,0.05209602405231781
MnSiTc2_225,0.25,0.30000000000000004,0.07241247404091333
MnSiTc2_225,0.30000000000000004,0.35000000000000003,0.07553508715381257
MnSiTc2_225,0.35000000000000003,0.4,0.09878167615588819
MnSiTc2_225,0.4,0.45,0.08856680195368323
MnSiTc2_225,0.45,0.5,0.08930479636923845
MnSiTc2_225,0.5,0.55,0.08516386792419173
MnSiTc2_225,0.55,0.6000000000000001,0.07195819668311791
MnSiTc2_225,0.6000000000000001,0.65,0.06045936100277235
MnSiTc2_225,0.65,0.7000000000000001,0.050928905983692985
MnSiTc2_225,0.7000000000000001,0.75,0.039844931953780256
MnSiTc2_225,0.75,0.8,0.034018524130000685
MnSiTc2_225,0.8,0.8500000000000001,0.028369141899175495
MnSiTc2_225,0.8500000000000001,0.9,0.024339595544317045
MnSiTc2_225,0.9,0.9500000000000001,0.017876750487566283
MnSiTc2_225,0.9500000000000001,1.0,0.01458184731802392
MnSiTc2_225,1.0,1.05,0.009693687983679176
MnSiTc2_225,1.05,1.1,0.005965186758130825
MnSiTc2_225,1.1,1.1500000000000001,0.0033728396961242644
MnSiTc2_225,1.1500000000000001,1.2000000000000002,0.0020674982759503607
MnSiTc2_225,1.2000000000000002,1.25,0.0011998201640834247
MnSiTc2_225,1.25,1.3,0.0007378394595680873
MnSiTc2_225,1.3,1.35,0.0007230291906557951
MnSiTc2_225,1.35,1.4000000000000001,0.0007089384410949742
MnSiTc2_225,1.4000000000000001,1.4500000000000002,0.0008011339418519679
MnSiTc2_225,1.4500000000000002,1.5,0.0006293517506673069
MnSiTc2_225,1.5,1.55,0.00036569336747856597
MnSiTc2_225,1.55,1.6,9.710497047122465e-05
MnSiTc2_225,1.6,1.6500000000000001,1.6570482328005486e-05
MnSiTc2_225,1.6500000000000001,1.7000000000000002,0.0
MnSiTc2_225,1.7000000000000002,1.75,0.0
MnSiTc2_225,1.75,1.8,0.0
MnSiTc2_225,1.8,1.85,0.0
MnSiTc2_225,1.85,1.9000000000000001,0.0
MnSiTc2_225,1.9000000000000001,1.9500000000000002,0.0
MnSiTc2_225,1.9500000000000002,2.0,0.0
MnSiTc2_225,2.0,2.0500000000000003,0.0
MnSiTc2_225,2.0500000000000003,2.1,0.0
MnSiTc2_225,2.1,2.15,0.0
MnSiTc2_225,2.15,2.2,0.0
MnSiTc2_225,2.2,2.25,0.0
MnSiTc2_225,2.25,2.3000000000000003,0.0
MnSiTc2_225,2.3000000000000003,2.35,0.0
MnSiTc2_225,2.35,2.4000000000000004,0.0
MnSiTc2_225,2.4000000000000004,2.45,0.0
MnSiTc2_225,2.45,2.5,0.0
MnSiTc2_225,2.5,2.5500000000000003,0.0
MnSiTc2_225,2.5500000000000003,2.6,0.0
MnSiTc2_225,2.6,2.6500000000000004,0.0
MnSiTc2_225,2.6500000000000004,2.7,0.0
MnSiTc2_225,2.7,2.75,0.0
MnSiTc2_225,2.75,2.8000000000000003,0.0
MnSiTc2_225,2.8000000000000003,2.85,0.0
MnSiTc2_225,2.85,2.9000000000000004,0.0
MnSiTc2_225,2.9000000000000004,2.95,0.0
MnSiTc2_225,2.95,3.0,0.0
K2WCl6_225,0.0,0.05,0.0005514785003718848
K2WCl6_225,0.05,0.1,0.002719949770515299
K2WCl6_225,0.1,0.15000000000000002,0.00575870613224162
K2WCl6_225,0.15000000000000002,0.2,0.01214328469039808
K2WCl6_225,0.2,0.25,0.017482550206333557
K2WCl6_225,0.25,0.30000000000000004,0.02658877851909448
K2WCl6_225,0.30000000000000004,0.35000000000000003,0.03280202893695506
K2WCl6_225,0.35000000000000003,0.4,0.04221694074250014
K2WCl6_225,0.4,0.45,0.05773174898787809
K2WCl6_225,0.45,0.5,0.05972441936644351
K2WCl6_225,0.5,0.55,0.06761082280431543
K2WCl6_225,0.55,0.6000000000000001,0.07185033712195109
K2WCl6_225,0.6000000000000001,0.65,0.07146528564383255
K2WCl6_225,0.65,0.7000000000000001,0.07022106447625327
K2WCl6_225,0.7000000000000001,0.75,0.06550414354721196
K2WCl6_225,0.75,0.8,0.05828982227686968
K2WCl6_225,0.8,0.8500000000000001,0.05408667849355658
K2WCl6_225,0.8500000000000001,0.9,0.04563510286223339
K2WCl6_225,0.9,0.9500000000000001,0.03613433382377209
K2WCl6_225,0.9500000000000001,1.0,0.028375318897605455
K2WCl6_225,1.0,1.05,0.021830754308859442
K2WCl6_225,1.05,1.1,0.018256944399236755
K2WCl6_225,1.1,1.1500000000000001,0.014915680090038996
K2WCl6_225,1.1500000000000001,1.2000000000000002,0.01341488864530169
K2WCl6_225,1.2000000000000002,1.25,0.012175511969885798
K2WCl6_225,1.25,1.3,0.011207345457267369
K2WCl6_225,1.3,1.35,0.010757624473236598
K2WCl6_225,1.35,1.4000000000000001,0.009524451464179217
K2WCl6_225,1.4000000000000001,1.4500000000000002,0.008889909485087662
K2WCl6_225,1.4500000000000002,1.5,0.00816157543873618
K2WCl6_225,1.5,1.55,0.007220739748044717
K2WCl6_225,1.55,1.6,0.006720642976144188
K2WCl6_225,1.6,1.6500000000000001,0.005913256406481617
K2WCl6_225,1.6500000000000001,1.7000000000000002,0.005451112400093163
K2WCl6_225,1.7000000000000002,1.75,0.004533574403388103
K2WCl6_225,1.75,1.8,0.0038673431609992062
K2WCl6_225,1.8,1.85,0.0031553689133616033
K2WCl6_225,1.85,1.9000000000000001,0.002364505782332276
K2WCl6_225,1.9000000000000001,1.9500000000000002,0.0017637962915496325
K2WCl6_225,1.9500000000000002,2.0,0.001202959688376862
K2WCl6_225,2.0,2.0500000000000003,0.0007356698687287814
K2WCl6_225,2.0500000000000003,2.1,0.00041769525211570986
K2WCl6_225,2.1,2.15,0.0002619768238546221
K2WCl6_225,2.15,2.2,0.00016836439341907228
K2WCl6_225,2.2,2.25,9.433632193509872e-05
K2WCl6_225,2.25,2.3000000000000003,5.513126032866199e-05
K2WCl6_225,2.3000000000000003,2.35,3.101937225478945e-05
K2WCl6_225,2.35,2.4000000000000004,1.2882033880050412e-05
K2WCl6_225,2.4000000000000004,2.45,2.0456126415531023e-06
K2WCl6_225,2.45,2.5,9.028472862522391e-08
K2WCl6_225,2.5,2.5500000000000003,7.473178741539898e-09
K2WCl6_225,2.5500000000000003,2.6,0.0
K2WCl6_225,2.6,2.6500000000000004,0.0
K2WCl6_225,2.6500000000000004,2.7,0.0
K2WCl6_225,2.7,2.75,0.0
K2WCl6_225,2.75,2.8000000000000003,0.0
K2WCl6_225,2.8000000000000003,2.85,0.0
K2WCl6_225,2.85,2.9000000000000004,0.0
K2WCl6_225,2.9000000000000004,2.95,0.0
K2WCl6_225,2.95,3.0,0.0
NdCuSe2_14,0.0,0.05,0.0020744488700774983
NdCuSe2_14,0.05,0.1,0.012650678367034363
NdCuSe2_14,0.1,0.15000000000000002,0.03463766600228555
NdCuSe2_14,0.15000000000000002,0.2,0.05817634835287586
NdCuSe2_14,0.2,0.25,0.08576044947999449
NdCuSe2_14,0.25,0.30000000000000004,0.10127158511821933
NdCuSe2_14,0.30000000000000004,0.35000000000000003,0.11595000889389794
NdCuSe2_14,0.35000000000000003,0.4,0.11520100842685231
NdCuSe2_14,0.4,0.45,0.10685229005715752
NdCuSe2_14,0.45,0.5,0.08942226012566246
NdCuSe2_14,0.5,0.55,0.06964129559556871
NdCuSe2_14,0.55,0.6000000000000001,0.048825883404654435
NdCuSe2_14,0.6000000000000001,0.65,0.03239341247391134
NdCuSe2_14,0.65,0.7000000000000001,0.020675937921638958
NdCuSe2_14,0.7000000000000001,0.75,0.015374430412973195
NdCuSe2_14,0.75,0.8,0.013393411375488929
NdCuSe2_14,0.8,0.8500000000000001,0.012401082719484466
NdCuSe2_14,0.8500000000000001,0.9,0.011154674350089178
NdCuSe2_14,0.9,0.9500000000000001,0.009726735574564264
NdCuSe2_14,0.9500000000000001,1.0,0.008530533434698995
NdCuSe2_14,1.0,1.05,0.0072944184996844635
NdCuSe2_14,1.05,1.1,0.005923916416473275
NdCuSe2_14,1.1,1.1500000000000001,0.004786107101510773
NdCuSe2_14,1.1500000000000001,1.2000000000000002,0.0036226020819498123
NdCuSe2_14,1.2000000000000002,1.25,0.002682868757404962
NdCuSe2_14,1.25,1.3,0.00208125992879715
NdCuSe2_14,1.3,1.35,0.0017957625138595508
NdCuSe2_14,1.35,1.4000000000000001,0.0015790632008035664
NdCuSe2_14,1.4000000000000001,1.4500000000000002,0.001322399162101262
NdCuSe2_14,1.4500000000000002,1.5,0.0010584141514006589
NdCuSe2_14,1.5,1.55,0.0008777997695501014
NdCuSe2_14,1.55,1.6,0.00072375950206372
NdCuSe2_14,1.6,1.6500000000000001,0.0005956283396893196
NdCuSe2_14,1.6500000000000001,1.7000000000000002,0.0004663203225334528
NdCuSe2_14,1.7000000000000002,1.75,0.00036575409498326017
NdCuSe2_14,1.75,1.8,0.0002810582573114274
NdCuSe2_14,1.8,1.85,0.00019717361649270083
NdCuSe2_14,1.85,1.9000000000000001,0.00011901948486224068
NdCuSe2_14,1.9000000000000001,1.9500000000000002,7.199819806804497e-05
NdCuSe2_14,1.9500000000000002,2.0,3.1895533181674185e-05
NdCuSe2_14,2.0,2.0500000000000003,7.409325058522546e-06
NdCuSe2_14,2.0500000000000003,2.1,1.2307850895649254e-06
NdCuSe2_14,2.1,2.15,0.0
NdCuSe2_14,2.15,2.2,0.0
NdCuSe2_14,2.2,2.25,0.0
NdCuSe2_14,2.25,2.3000000000000003,0.0
NdCuSe2_14,2.3000000000000003,2.35,0.0
NdCuSe2_14,2.35,2.4000000000000004,0.0
NdCuSe2_14,2.4000000000000004,2.45,0.0
NdCuSe2_14,2.45,2.5,0.0
NdCuSe2_14,2.5,2.5500000000000003,0.0
NdCuSe2_14,2.5500000000000003,2.6,0.0
NdCuSe2_14,2.6,2.6500000000000004,0.0
NdCuSe2_14,2.6500000000000004,2.7,0.0
NdCuSe2_14,2.7,2.75,0.0
NdCuSe2_14,2.75,2.8000000000000003,0.0
NdCuSe2_14,2.8000000000000003,2.85,0.0
NdCuSe2_14,2.85,2.9000000000000004,0.0
NdCuSe2_14,2.9000000000000004,2.95,0.0
NdCuSe2_14,2.95,3.0,0.0
V3O5_13,0.0,0.05,0.0011770792704998926
V3O5_13,0.05,0.1,0.008151965712236581
V3O5_13,0.1,0.15000000000000002,0.020862831800585208
V3O5_13,0.15000000000000002,0.2,0.03671626108791995
V3O5_13,0.2,0.25,0.054729436384365004
V3O5_13,0.25,0.30000000000000004,0.0712120411724001
V3O5_13,0.30000000000000004,0.35000000000000003,0.0831133576243909
V3O5_13,0.35000000000000003,0.4,0.0917531689923058
V3O5_13,0.4,0.45,0.09475118281911124
V3O5_13,0.45,0.5,0.09100550730421736
V3O5_13,0.5,0.55,0.0833482465112977
V3O5_13,0.55,0.6000000000000001,0.07186758604115988
V3O5_13,0.6000000000000001,0.65,0.059929223186301436
V3O5_13,0.65,0.7000000000000001,0.047732229524387895
V3O5_13,0.7000000000000001,0.75,0.03689359083822039
V3O5_13,0.75,0.8,0.02719562493127388
V3O5_13,0.8,0.8500000000000001,0.01983159272739685
V3O5_13,0.8500000000000001,0.9,0.013953300880759153
V3O5_13,0.9,0.9500000000000001,0.009371227904999488
V3O5_13,0.9500000000000001,1.0,0.006102196186833303
V3O5_13,1.0,1.05,0.0040428533431239085
V3O5_13,1.05,1.1,0.003192594556428549
V3O5_13,1.1,1.1500000000000001,0.0030513889402339353
V3O5_13,1.1500000000000001,1.2000000000000002,0.003297367136723835
V3O5_13,1.2000000000000002,1.25,0.00395942426920963
V3O5_13,1.25,1.3,0.004553112120550463
V3O5_13,1.3,1.35,0.004944441365762484
V3O5_13,1.35,1.4000000000000001,0.005074826496436317
V3O5_13,1.4000000000000001,1.4500000000000002,0.004941080428699658
V3O5_13,1.4500000000000002,1.5,0.004793082727970398
V3O5_13,1.5,1.55,0.004427936538594105
V3O5_13,1.55,1.6,0.004151792555695337
V3O5_13,1.6,1.6500000000000001,0.00373164658381104
V3O5_13,1.6500000000000001,1.7000000000000002,0.0032694199126692865
V3O5_13,1.7000000000000002,1.75,0.0027157509718837517
V3O5_13,1.75,1.8,0.0022875684430552915
V3O5_13,1.8,1.85,0.0018724126985617984
V3O5_13,1.85,1.9000000000000001,0.0015508229063251433
V3O5_13,1.9000000000000001,1.9500000000000002,0.0012412570839269508
V3O5_13,1.9500000000000002,2.0,0.000982978987553541
V3O5_13,2.0,2.0500000000000003,0.000756130565135293
V3O5_13,2.0500000000000003,2.1,0.0005470309483281246
V3O5_13,2.1,2.15,0.0003676167045956152
V3O5_13,2.15,2.2,0.00021684621454950393
V3O5_13,2.2,2.25,0.0001366526980012
V3O5_13,2.25,2.3000000000000003,8.679253213076177e-05
V3O5_13,2.3000000000000003,2.35,5.483686875522452e-05
V3O5_13,2.35,2.4000000000000004,3.3822167405826664e-05
V3O5_13,2.4000000000000004,2.45,1.7556460842062447e-05
V3O5_13,2.45,2.5,3.3058723787750245e-06
V3O5_13,2.5,2.5500000000000003,0.0
V3O5_13,2.5500000000000003,2.6,0.0
V3O5_13,2.6,2.6500000000000004,0.0
V3O5_13,2.6500000000000004,2.7,0.0
V3O5_13,2.7,2.75,0.0
V3O5_13,2.75,2.8000000000000003,0.0
V3O5_13,2.8000000000000003,2.85,0.0
V3O5_13,2.85,2.9000000000000004,0.0
V3O5_13,2.9000000000000004,2.95,0.0
V3O5_13,2.95,3.0,0.0
Na2UI6_148,0.0,0.05,0.0019269677322884835
Na2UI6_148,0.05,0.1,0.009441145376132163
Na2UI6_148,0.1,0.15000000000000002,0.024279502392872836
Na2UI6_148,0.15000000000000002,0.2,0.03875794080997202
Na2UI6_148,0.2,0.25,0.05965501618672725
Na2UI6_148,0.25,0.30000000000000004,0.07296008811542273
Na2UI6_148,0.30000000000000004,0.35000000000000003,0.0799344304541536
Na2UI6_148,0.35000000000000003,0.4,0.08428060216140375
Na2UI6_148,0.4,0.45,0.07882225362407975
Na2UI6_148,0.45,0.5,0.07329847304995309
Na2UI6_148,0.5,0.55,0.0644940510540536
Na2UI6_148,0.55,0.6000000000000001,0.05880576777252783
Na2UI6_148,0.6000000000000001,0.65,0.050022887377500956
Na2UI6_148,0.65,0.7000000000000001,0.041580938216094154
Na2UI6_148,0.7000000000000001,0.75,0.033837616398241364
Na2UI6_148,0.75,0.8,0.030837937094376898
Na2UI6_148,0.8,0.8500000000000001,0.0279150971356718
Na2UI6_148,0.8500000000000001,0.9,0.025862411051096747
Na2UI6_148,0.9,0.9500000000000001,0.02191123958272155
Na2UI6_148,0.9500000000000001,1.0,0.01915087684914495
Na2UI6_148,1.0,1.05,0.01670026870733342
Na2UI6_148,1.05,1.1,0.013924756171885566
Na2UI6_148,1.1,1.1500000000000001,0.011480290859482732
Na2UI6_148,1.1500000000000001,1.2000000000000002,0.009876422978605559
Na2UI6_148,1.2000000000000002,1.25,0.00864116571369307
Na2UI6_148,1.25,1.3,0.007413439041343777
Na2UI6_148,1.3,1.35,0.006215125523079331
Na2UI6_148,1.35,1.4000000000000001,0.005171954677834121
Na2UI6_148,1.4000000000000001,1.4500000000000002,0.004199000502394602
Na2UI6_148,1.4500000000000002,1.5,0.0034252163033996973
Na2UI6_148,1.5,1.55,0.002885592115065872
Na2UI6_148,1.55,1.6,0.0024000307357481972
Na2UI6_148,1.6,1.6500000000000001,0.002058892759666879
Na2UI6_148,1.6500000000000001,1.7000000000000002,0.0017774159066132709
Na2UI6_148,1.7000000000000002,1.75,0.0015263931211074245
Na2UI6_148,1.75,1.8,0.0012452924456583007
Na2UI6_148,1.8,1.85,0.0009608163842981685
Na2UI6_148,1.85,1.9000000000000001,0.0007489617049619187
Na2UI6_148,1.9000000000000001,1.9500000000000002,0.0005563919243016076
Na2UI6_148,1.9500000000000002,2.0,0.0003976582403389268
Na2UI6_148,2.0,2.0500000000000003,0.00026780717615343706
Na2UI6_148,2.0500000000000003,2.1,0.00017103562372016765
Na2UI6_148,2.1,2.15,9.77614375855916e-05
Na2UI6_148,2.15,2.2,4.791915746260359e-05
Na2UI6_148,2.2,2.25,1.89898565556698e-05
Na2UI6_148,2.25,2.3000000000000003,8.714057439143267e-06
Na2UI6_148,2.3000000000000003,2.35,3.8015751627679447e-06
Na2UI6_148,2.35,2.4000000000000004,1.8638595386890175e-06
Na2UI6_148,2.4000000000000004,2.45,9.899266393341884e-07
Na2UI6_148,2.45,2.5,4.910865698805732e-07
Na2UI6_148,2.5,2.5500000000000003,2.2301594365592696e-07
Na2UI6_148,2.5500000000000003,2.6,6.881495039460065e-08
Na2UI6_148,2.6,2.6500000000000004,6.161029783489446e-09
Na2UI6_148,2.6500000000000004,2.7,0.0
Na2UI6_148,2.7,2.75,0.0
Na2UI6_148,2.75,2.8000000000000003,0.0
Na2UI6_148,2.8000000000000003,2.85,0.0
Na2UI6_148,2.85,2.9000000000000004,0.0
Na2UI6_148,2.9000000000000004,2.95,0.0
Na2UI6_148,2.95,3.0,0.0
K2PuO4_139,0.0,0.05,0.001250947171664049
K2PuO4_139,0.05,0.1,0.008120761651895264
K2PuO4_139,0.1,0.15000000000000002,0.022317809078482628
K2PuO4_139,0.15000000000000002,0.2,0.03932903184691913
K2PuO4_139,0.2,0.25,0.05613893337064196
K2PuO4_139,0.25,0.30000000000000004,0.07560955285423816
K2PuO4_139,0.30000000000000004,0.35000000000000003,0.08546860151128789
K2PuO4_139,0.35000000000000003,0.4,0.09413136381755592
K2PuO4_139,0.4,0.45,0.09483605378067178
K2PuO4_139,0.45,0.5,0.09108069512532267
K2PuO4_139,0.5,0.55,0.0833378621322461
K2PuO4_139,0.55,0.6000000000000001,0.07295402141614422
K2PuO4_139,0.6000000000000001,0.65,0.06002206824438641
K2PuO4_139,0.65,0.7000000000000001,0.04701381345772669
K2PuO4_139,0.7000000000000001,0.75,0.03503047248282442
K2PuO4_139,0.75,0.8,0.02431931372641439
K2PuO4_139,0.8,0.8500000000000001,0.017035418455202584
K2PuO4_139,0.8500000000000001,0.9,0.012449894426297082
K2PuO4_139,0.9,0.9500000000000001,0.008938207751615702
K2PuO4_139,0.9500000000000001,1.0,0.006466155490221338
K2PuO4_139,1.0,1.05,0.004517928698421956
K2PuO4_139,1.05,1.1,0.003469993258950958
K2PuO4_139,1.1,1.1500000000000001,0.0029451133429814346
K2PuO4_139,1.1500000000000001,1.2000000000000002,0.0029488227063569398
K2PuO4_139,1.2000000000000002,1.25,0.0032579494692943183
K2PuO4_139,1.25,1.3,0.003531984570094682
K2PuO4_139,1.3,1.35,0.003983525931916115
K2PuO4_139,1.35,1.4000000000000001,0.004132443583061355
K2PuO4_139,1.4000000000000001,1.4500000000000002,0.004194157300973613
K2PuO4_139,1.4500000000000002,1.5,0.003921554999299245
K2PuO4_139,1.5,1.55,0.0036564496353551244
K2PuO4_139,1.55,1.6,0.0036069181825659573
K2PuO4_139,1.6,1.6500000000000001,0.003309806483183209
K2PuO4_139,1.6500000000000001,1.7000000000000002,0.0030549898662495228
K2PuO4_139,1.7000000000000002,1.75,0.0028302692379543687
K2PuO4_139,1.75,1.8,0.0025513292618013555
K2PuO4_139,1.8,1.85,0.002112494420029899
K2PuO4_139,1.85,1.9000000000000001,0.001734695040556874
K2PuO4_139,1.9000000000000001,1.9500000000000002,0.0014104885218889297
K2PuO4_139,1.9500000000000002,2.0,0.0010449176874259272
K2PuO4_139,2.0,2.0500000000000003,0.0007584814685050008
K2PuO4_139,2.0500000000000003,2.1,0.0004884662087200398
K2PuO4_139,2.1,2.15,0.00025900989535637453
K2PuO4_139,2.15,2.2,0.000130011524902133
K2PuO4_139,2.2,2.25,7.188819256553722e-05
K2PuO4_139,2.25,2.3000000000000003,5.644793337433083e-05
K2PuO4_139,2.3000000000000003,2.35,4.302113018558598e-05
K2PuO4_139,2.35,2.4000000000000004,3.394064126135784e-05
K2PuO4_139,2.4000000000000004,2.45,2.6905497391398773e-05
K2PuO4_139,2.45,2.5,1.994181919328143e-05
K2PuO4_139,2.5,2.5500000000000003,1.301969916322344e-05
K2PuO4_139,2.5500000000000003,2.6,1.0626477287538457e-05
K2PuO4_139,2.6,2.6500000000000004,7.041228284113371e-06
K2PuO4_139,2.6500000000000004,2.7,5.044392062344982e-06
K2PuO4_139,2.7,2.75,3.4036872906435104e-06
K2PuO4_139,2.75,2.8000000000000003,2.263885900134571e-06
K2PuO4_139,2.8000000000000003,2.85,1.6138316989627841e-06
K2PuO4_139,2.85,2.9000000000000004,8.511523546900419e-07
K2PuO4_139,2.9000000000000004,2.95,7.784141507159332e-07
K2PuO4_139,2.95,3.0,2.5504253686281876e-07
NaYbS2_166,0.0,0.05,0.0018085455436852283
NaYbS2_166,0.05,0.1,0.00951249307307194
NaYbS2_166,0.1,0.15000000000000002,0.025640715834174148
NaYbS2_166,0.15000000000000002,0.2,0.04181674269035824
NaYbS2_166,0.2,0.25,0.06271828815620445
NaYbS2_166,0.25,0.30000000000000004,0.07595847644052485
NaYbS2_166,0.30000000000000004,0.35000000000000003,0.08797103873116034
NaYbS2_166,0.35000000000000003,0.4,0.08829533406558872
NaYbS2_166,0.4,0.45,0.08384105696363044
NaYbS2_166,0.45,0.5,0.07198024036508241
NaYbS2_166,0.5,0.55,0.058175814662006976
NaYbS2_166,0.55,0.6000000000000001,0.04222007700179835
NaYbS2_166,0.6000000000000001,0.65,0.029660971077766038
NaYbS2_166,0.65,0.7000000000000001,0.022564146553916073
NaYbS2_166,0.7000000000000001,0.75,0.02119896584944805
NaYbS2_166,0.75,0.8,0.02117691287847557
NaYbS2_166,0.8,0.8500000000000001,0.025448318565496845
NaYbS2_166,0.8500000000000001,0.9,0.03075492592493942
NaYbS2_166,0.9,0.9500000000000001,0.030623782653763643
NaYbS2_166,0.9500000000000001,1.0,0.02493380339919281
NaYbS2_166,1.0,1.05,0.0189922168536944
NaYbS2_166,1.05,1.1,0.015431855489689153
NaYbS2_166,1.1,1.1500000000000001,0.013382002870372806
NaYbS2_166,1.1500000000000001,1.2000000000000002,0.012098653946349883
NaYbS2_166,1.2000000000000002,1.25,0.011634436549797282
NaYbS2_166,1.25,1.3,0.01093437734617079
NaYbS2_166,1.3,1.35,0.010419253427592822
NaYbS2_166,1.35,1.4000000000000001,0.009202918596895912
NaYbS2_166,1.4000000000000001,1.4500000000000002,0.007966977568337901
NaYbS2_166,1.4500000000000002,1.5,0.006384049651998458
NaYbS2_166,1.5,1.55,0.005187133267794627
NaYbS2_166,1.55,1.6,0.0043833303571338056
NaYbS2_166,1.6,1.6500000000000001,0.0035996120023217355
NaYbS2_166,1.6500000000000001,1.7000000000000002,0.0031132135676311306
NaYbS2_166,1.7000000000000002,1.75,0.0026255410523329573
NaYbS2_166,1.75,1.8,0.0022109902079758383
NaYbS2_166,1.8,1.85,0.001673332961133026
NaYbS2_166,1.85,1.9000000000000001,0.0012649412426657505
NaYbS2_166,1.9000000000000001,1.9500000000000002,0.000994956867466762
NaYbS2_166,1.9500000000000002,2.0,0.0007457143261131404
NaYbS2_166,2.0,2.0500000000000003,0.0005177255379309335
NaYbS2_166,2.0500000000000003,2.1,0.00034585533714731907
NaYbS2_166,2.1,2.15,0.00023451701749195234
NaYbS2_166,2.15,2.2,0.00015985393425921795
NaYbS2_166,2.2,2.25,0.00013434580056201025
NaYbS2_166,2.25,2.3000000000000003,5.3047868082607556e-05
NaYbS2_166,2.3000000000000003,2.35,7.212541831042371e-06
NaYbS2_166,2.35,2.4000000000000004,1.2833789419463772e-06
NaYbS2_166,2.4000000000000004,2.45,0.0
NaYbS2_166,2.45,2.5,0.0
NaYbS2_166,2.5,2.5500000000000003,0.0
NaYbS2_166,2.5500000000000003,2.6,0.0
NaYbS2_166,2.6,2.6500000000000004,0.0
NaYbS2_166,2.6500000000000004,2.7,0.0
NaYbS2_166,2.7,2.75,0.0
NaYbS2_166,2.75,2.8000000000000003,0.0
NaYbS2_166,2.8000000000000003,2.85,0.0
NaYbS2_166,2.85,2.9000000000000004,0.0
NaYbS2_166,2.9000000000000004,2.95,0.0
NaYbS2_166,2.95,3.0,0.0
NdPd_63,0.0,0.05,0.0019045559973979848
NdPd_63,0.05,0.1,0.01292048561694928
NdPd_63,0.1,0.15000000000000002,0.03209884248877
NdPd_63,0.15000000000000002,0.2,0.05733096640153097
NdPd_63,0.2,0.25,0.07836042614910346
NdPd_63,0.25,0.30000000000000004,0.10171796968101904
NdPd_63,0.30000000000000004,0.35000000000000003,0.10955410287251918
NdPd_63,0.35000000000000003,0.4,0.11033434960202343
NdPd_63,0.4,0.45,0.10371215403835715
NdPd_63,0.45,0.5,0.0854792197071117
NdPd_63,0.5,0.55,0.06646260358396362
NdPd_63,0.55,0.6000000000000001,0.04602362243936189
NdPd_63,0.6000000000000001,0.65,0.030785030850169023
NdPd_63,0.65,0.7000000000000001,0.019051785104428044
NdPd_63,0.7000000000000001,0.75,0.01365908286602364
NdPd_63,0.75,0.8,0.012348717662063064
NdPd_63,0.8,0.8500000000000001,0.01198376606785671
NdPd_63,0.8500000000000001,0.9,0.011779890094241807
NdPd_63,0.9,0.9500000000000001,0.011518938942568707
NdPd_63,0.9500000000000001,1.0,0.011787179172311363
NdPd_63,1.0,1.05,0.01217800165168413
NdPd_63,1.05,1.1,0.011840273310347538
NdPd_63,1.1,1.1500000000000001,0.011006080831197805
NdPd_63,1.1500000000000001,1.2000000000000002,0.009579877082318312
NdPd_63,1.2000000000000002,1.25,0.008107663477658362
NdPd_63,1.25,1.3,0.0067079238796580315
NdPd_63,1.3,1.35,0.004860097640746647
NdPd_63,1.35,1.4000000000000001,0.0030356752987455624
NdPd_63,1.4000000000000001,1.4500000000000002,0.0019244055004716985
NdPd_63,1.4500000000000002,1.5,0.0010342602628843254
NdPd_63,1.5,1.55,0.0005274974054892415
NdPd_63,1.55,1.6,0.00023941545661533117
NdPd_63,1.6,1.6500000000000001,8.333890227293701e-05
NdPd_63,1.6500000000000001,1.7000000000000002,4.9333567718342027e-05
NdPd_63,1.7000000000000002,1.75,1.0122892734006088e-05
NdPd_63,1.75,1.8,2.343501688031416e-06
NdPd_63,1.8,1.85,0.0
NdPd_63,1.85,1.9000000000000001,0.0
NdPd_63,1.9000000000000001,1.9500000000000002,0.0
NdPd_63,1.9500000000000002,2.0,0.0
NdPd_63,2.0,2.0500000000000003,0.0
NdPd_63,2.0500000000000003,2.1,0.0
NdPd_63,2.1,2.15,0.0
NdPd_63,2.15,2.2,0.0
NdPd_63,2.2,2.25,0.0
NdPd_63,2.25,2.3000000000000003,0.0
NdPd_63,2.3000000000000003,2.35,0.0
NdPd_63,2.35,2.4000000000000004,0.0
NdPd_63,2.4000000000000004,2.45,0.0
NdPd_63,2.45,2.5,0.0
NdPd_63,2.5,2.5500000000000003,0.0
NdPd_63,2.5500000000000003,2.6,0.0
NdPd_63,2.6,2.6500000000000004,0.0
NdPd_63,2.6500000000000004,2.7,0.0
NdPd_63,2.7,2.75,0.0
NdPd_63,2.75,2.8000000000000003,0.0
NdPd_63,2.8000000000000003,2.85,0.0
NdPd_63,2.85,2.9000000000000004,0.0
NdPd_63,2.9000000000000004,2.95,0.0
NdPd_63,2.95,3.0,0.0
Tm2Cr2C3_12,0.0,0.05,0.0026844757850618063
Tm2Cr2C3_12,0.05,0.1,0.01486437176257417
Tm2Cr2C3_12,0.1,0.15000000000000002,0.03743042078486715
Tm2Cr2C3_12,0.15000000000000002,0.2,0.06603661773620294
Tm2Cr2C3_12,0.2,0.25,0.09613137408364497
Tm2Cr2C3_12,0.25,0.30000000000000004,0.11754514364928156
Tm2Cr2C3_12,0.30000000000000004,0.35000000000000003,0.13251866310529783
Tm2Cr2C3_12,0.35000000000000003,0.4,0.12906461061581187
Tm2Cr2C3_12,0.4,0.45,0.11981362716708405
Tm2Cr2C3_12,0.45,0.5,0.09624252545402948
Tm2Cr2C3_12,0.5,0.55,0.07138285528009812
Tm2Cr2C3_12,0.55,0.6000000000000001,0.04614643382520501
Tm2Cr2C3_12,0.6000000000000001,0.65,0.024324036219213373
Tm2Cr2C3_12,0.65,0.7000000000000001,0.01049284801751178
Tm2Cr2C3_12,0.7000000000000001,0.75,0.004323274483633194
Tm2Cr2C3_12,0.75,0.8,0.003305417192583734
Tm2Cr2C3_12,0.8,0.8500000000000001,0.003004874470250201
Tm2Cr2C3_12,0.8500000000000001,0.9,0.00279877776449431
Tm2Cr2C3_12,0.9,0.9500000000000001,0.0026275752071199835
Tm2Cr2C3_12,0.9500000000000001,1.0,0.002441312494447286
Tm2Cr2C3_12,1.0,1.05,0.0022416828148567607
Tm2Cr2C3_12,1.05,1.1,0.002040024351294851
Tm2Cr2C3_12,1.1,1.1500000000000001,0.0017824436608108016
Tm2Cr2C3_12,1.1500000000000001,1.2000000000000002,0.0013422356929756103
Tm2Cr2C3_12,1.2000000000000002,1.25,0.0010016524544467634
Tm2Cr2C3_12,1.25,1.3,0.0007719916980015107
Tm2Cr2C3_12,1.3,1.35,0.0006146186941850976
Tm2Cr2C3_12,1.35,1.4000000000000001,0.0005552796139666262
Tm2Cr2C3_12,1.4000000000000001,1.4500000000000002,0.0005346376878566858
Tm2Cr2C3_12,1.4500000000000002,1.5,0.0005053308133421143
Tm2Cr2C3_12,1.5,1.55,0.00055205338941952
Tm2Cr2C3_12,1.55,1.6,0.0005211556151725241
Tm2Cr2C3_12,1.6,1.6500000000000001,0.0005214325416547616
Tm2Cr2C3_12,1.6500000000000001,1.7000000000000002,0.000522151338314754
Tm2Cr2C3_12,1.7000000000000002,1.75,0.0005075896267506
Tm2Cr2C3_12,1.75,1.8,0.00047595761055101003
Tm2Cr2C3_12,1.8,1.85,0.0004390528367489328
Tm2Cr2C3_12,1.85,1.9000000000000001,0.00037245337240814834
Tm2Cr2C3_12,1.9000000000000001,1.9500000000000002,0.0003237991120721492
Tm2Cr2C3_12,1.9500000000000002,2.0,0.0002756493480342357
Tm2Cr2C3_12,2.0,2.0500000000000003,0.0002297244101922441
Tm2Cr2C3_12,2.0500000000000003,2.1,0.0001986169972337478
Tm2Cr2C3_12,2.1,2.15,0.000158032165639088
Tm2Cr2C3_12,2.15,2.2,0.00012775355765728676
Tm2Cr2C3_12,2.2,2.25,7.658887449685604e-05
Tm2Cr2C3_12,2.25,2.3000000000000003,5.3169306184727385e-05
Tm2Cr2C3_12,2.3000000000000003,2.35,3.550299898062489e-05
Tm2Cr2C3_12,2.35,2.4000000000000004,2.1046912867665172e-05
Tm2Cr2C3_12,2.4000000000000004,2.45,1.2512583006481704e-05
Tm2Cr2C3_12,2.45,2.5,6.088181612073237e-06
Tm2Cr2C3_12,2.5,2.5500000000000003,5.36640853507094e-07
Tm2Cr2C3_12,2.5500000000000003,2.6,0.0
Tm2Cr2C3_12,2.6,2.6500000000000004,0.0
Tm2Cr2C3_12,2.6500000000000004,2.7,0.0
Tm2Cr2C3_12,2.7,2.75,0.0
Tm2Cr2C3_12,2.75,2.8000000000000003,0.0
Tm2Cr2C3_12,2.8000000000000003,2.85,0.0
Tm2Cr2C3_12,2.85,2.9000000000000004,0.0
Tm2Cr2C3_12,2.9000000000000004,2.95,0.0
Tm2Cr2C3_12,2.95,3.0,0.0
Gd(SiRh)2_139,0.0,0.05,0.002728283196975313
Gd(SiRh)2_139,0.05,0.1,0.012112260193039194
Gd(SiRh)2_139,0.1,0.15000000000000002,0.033807862759998794
Gd(SiRh)2_139,0.15000000000000002,0.2,0.059872266093370846
Gd(SiRh)2_139,0.2,0.25,0.08917336921232474
Gd(SiRh)2_139,0.25,0.30000000000000004,0.1018181270462725
Gd(SiRh)2_139,0.30000000000000004,0.35000000000000003,0.12566525258414712
Gd(SiRh)2_139,0.35000000000000003,0.4,0.12336673576905342
Gd(SiRh)2_139,0.4,0.45,0.11637116174499075
Gd(SiRh)2_139,0.45,0.5,0.10075403322280661
Gd(SiRh)2_139,0.5,0.55,0.07898584893789037
Gd(SiRh)2_139,0.55,0.6000000000000001,0.054453393630558046
Gd(SiRh)2_139,0.6000000000000001,0.65,0.03502312220069759
Gd(SiRh)2_139,0.65,0.7000000000000001,0.01828881203313603
Gd(SiRh)2_139,0.7000000000000001,0.75,0.009404089356454605
Gd(SiRh)2_139,0.75,0.8,0.005605639848732013
Gd(SiRh)2_139,0.8,0.8500000000000001,0.004696757186901247
Gd(SiRh)2_139,0.8500000000000001,0.9,0.004185056940583155
Gd(SiRh)2_139,0.9,0.9500000000000001,0.0036793882372769798
Gd(SiRh)2_139,0.9500000000000001,1.0,0.003269106245298831
Gd(SiRh)2_139,1.0,1.05,0.0030781372785518533
Gd(SiRh)2_139,1.05,1.1,0.0026725532649803647
Gd(SiRh)2_139,1.1,1.1500000000000001,0.0019666893444371574
Gd(SiRh)2_139,1.1500000000000001,1.2000000000000002,0.0013019060333801058
Gd(SiRh)2_139,1.2000000000000002,1.25,0.0009176933677043045
Gd(SiRh)2_139,1.25,1.3,0.0007721186195127554
Gd(SiRh)2_139,1.3,1.35,0.0007001720224307683
Gd(SiRh)2_139,1.35,1.4000000000000001,0.0006815889642027421
Gd(SiRh)2_139,1.4000000000000001,1.4500000000000002,0.0007021708960144255
Gd(SiRh)2_139,1.4500000000000002,1.5,0.0007608663943946642
Gd(SiRh)2_139,1.5,1.55,0.0008290235517661137
Gd(SiRh)2_139,1.55,1.6,0.0007733747547259977
Gd(SiRh)2_139,1.6,1.6500000000000001,0.0005592753103108902
Gd(SiRh)2_139,1.6500000000000001,1.7000000000000002,0.0003835047030775845
Gd(SiRh)2_139,1.7000000000000002,1.75,0.00023313036397200438
Gd(SiRh)2_139,1.75,1.8,0.0001543764362310238
Gd(SiRh)2_139,1.8,1.85,0.00010944315229037876
Gd(SiRh)2_139,1.85,1.9000000000000001,8.21202804749393e-05
Gd(SiRh)2_139,1.9000000000000001,1.9500000000000002,3.703162372781591e-05
Gd(SiRh)2_139,1.9500000000000002,2.0,1.7947803961105506e-05
Gd(SiRh)2_139,2.0,2.0500000000000003,6.309393344136489e-06
Gd(SiRh)2_139,2.0500000000000003,2.1,0.0
Gd(SiRh)2_139,2.1,2.15,0.0
Gd(SiRh)2_139,2.15,2.2,0.0
Gd(SiRh)2_139,2.2,2.25,0.0
Gd(SiRh)2_139,2.25,2.3000000000000003,0.0
Gd(SiRh)2_139,2.3000000000000003,2.35,0.0
Gd(SiRh)2_139,2.35,2.4000000000000004,0.0
Gd(SiRh)2_139,2.4000000000000004,2.45,0.0
Gd(SiRh)2_139,2.45,2.5,0.0
Gd(SiRh)2_139,2.5,2.5500000000000003,0.0
Gd(SiRh)2_139,2.5500000000000003,2.6,0.0
Gd(SiRh)2_139,2.6,2.6500000000000004,0.0
Gd(SiRh)2_139,2.6500000000000004,2.7,0.0
Gd(SiRh)2_139,2.7,2.75,0.0
Gd(SiRh)2_139,2.75,2.8000000000000003,0.0
Gd(SiRh)2_139,2.8000000000000003,2.85,0.0
Gd(SiRh)2_139,2.85,2.9000000000000004,0.0
Gd(SiRh)2_139,2.9000000000000004,2.95,0.0
Gd(SiRh)2_139,2.95,3.0,0.0
VPt3_221,0.0,0.05,0.0014164751021859285
VPt3_221,0.05,0.1,0.005142318349133083
VPt3_221,0.1,0.15000000000000002,0.020781148897911102
VPt3_221,0.15000000000000002,0.2,0.036498622911772215
VPt3_221,0.2,0.25,0.04961480132797514
VPt3_221,0.25,0.30000000000000004,0.06511530430854684
VPt3_221,0.30000000000000004,0.35000000000000003,0.07792113046093894
VPt3_221,0.35000000000000003,0.4,0.08699618138943446
VPt3_221,0.4,0.45,0.08554753856108055
VPt3_221,0.45,0.5,0.0921119519403369
VPt3_221,0.5,0.55,0.07813680552672182
VPt3_221,0.55,0.6000000000000001,0.07714145601220052
VPt3_221,0.6000000000000001,0.65,0.06302149077698636
VPt3_221,0.65,0.7000000000000001,0.05076478921573999
VPt3_221,0.7000000000000001,0.75,0.04237642199752702
VPt3_221,0.75,0.8,0.035945841543448834
VPt3_221,0.8,0.8500000000000001,0.030172963475406697
VPt3_221,0.8500000000000001,0.9,0.025915490568593047
VPt3_221,0.9,0.9500000000000001,0.023925664779827476
VPt3_221,0.9500000000000001,1.0,0.021050430526094004
VPt3_221,1.0,1.05,0.015302214864852844
VPt3_221,1.05,1.1,0.008907392105567829
VPt3_221,1.1,1.1500000000000001,0.004231685360323203
VPt3_221,1.1500000000000001,1.2000000000000002,0.0014176294146531808
VPt3_221,1.2000000000000002,1.25,0.0004151621761099221
VPt3_221,1.25,1.3,0.00010989727138832722
VPt3_221,1.3,1.35,1.5722973675577786e-05
VPt3_221,1.35,1.4000000000000001,3.3230508252163456e-06
VPt3_221,1.4000000000000001,1.4500000000000002,1.4511074410245444e-07
VPt3_221,1.4500000000000002,1.5,0.0
VPt3_221,1.5,1.55,0.0
VPt3_221,1.55,1.6,0.0
VPt3_221,1.6,1.6500000000000001,0.0
VPt3_221,1.6500000000000001,1.7000000000000002,0.0
VPt3_221,1.7000000000000002,1.75,0.0
VPt3_221,1.75,1.8,0.0
VPt3_221,1.8,1.85,0.0
VPt3_221,1.85,1.9000000000000001,0.0
VPt3_221,1.9000000000000001,1.9500000000000002,0.0
VPt3_221,1.9500000000000002,2.0,0.0
VPt3_221,2.0,2.0500000000000003,0.0
VPt3_221,2.0500000000000003,2.1,0.0
VPt3_221,2.1,2.15,0.0
VPt3_221,2.15,2.2,0.0
VPt3_221,2.2,2.25,0.0
VPt3_221,2.25,2.3000000000000003,0.0
VPt3_221,2.3000000000000003,2.35,0.0
VPt3_221,2.35,2.4000000000000004,0.0
VPt3_221,2.4000000000000004,2.45,0.0
VPt3_221,2.45,2.5,0.0
VPt3_221,2.5,2.5500000000000003,0.0
VPt3_221,2.5500000000000003,2.6,0.0
VPt3_221,2.6,2.6500000000000004,0.0
VPt3_221,2.6500000000000004,2.7,0.0
VPt3_221,2.7,2.75,0.0
VPt3_221,2.75,2.8000000000000003,0.0
VPt3_221,2.8000000000000003,2.85,0.0
VPt3_221,2.85,2.9000000000000004,0.0
VPt3_221,2.9000000000000004,2.95,0.0
VPt3_221,2.95,3.0,0.0
TaZnCo2_225,0.0,0.05,0.00033854382841190696
TaZnCo2_225,0.05,0.1,0.01264713762808484
TaZnCo2_225,0.1,0.15000000000000002,0.012888769334918677
TaZnCo2_225,0.15000000000000002,0.2,0.04326303576030531
TaZnCo2_225,0.2,0.25,0.06651877433113758
TaZnCo2_225,0.25,0.30000000000000004,0.07342959279836743
TaZnCo2_225,0.30000000000000004,0.35000000000000003,0.09111694598857872
TaZnCo2_225,0.35000000000000003,0.4,0.09734063427293116
TaZnCo2_225,0.4,0.45,0.0933444907114992
TaZnCo2_225,0.45,0.5,0.10731131073427978
TaZnCo2_225,0.5,0.55,0.08655951031752618
TaZnCo2_225,0.55,0.6000000000000001,0.07057071334620034
TaZnCo2_225,0.6000000000000001,0.65,0.05811388531104744
TaZnCo2_225,0.65,0.7000000000000001,0.046286866373233856
TaZnCo2_225,0.7000000000000001,0.75,0.03356792451079415
TaZnCo2_225,0.75,0.8,0.024684246628493105
TaZnCo2_225,0.8,0.8500000000000001,0.0202073670634885
TaZnCo2_225,0.8500000000000001,0.9,0.015204774938738494
TaZnCo2_225,0.9,0.9500000000000001,0.010836044814052157
TaZnCo2_225,0.9500000000000001,1.0,0.0068759546243915915
TaZnCo2_225,1.0,1.05,0.004108831378920781
TaZnCo2_225,1.05,1.1,0.0046596522446313
TaZnCo2_225,1.1,1.1500000000000001,0.0057052965244681715
TaZnCo2_225,1.1500000000000001,1.2000000000000002,0.006655095198692172
TaZnCo2_225,1.2000000000000002,1.25,0.005263571078501125
TaZnCo2_225,1.25,1.3,0.0023042267971320595
TaZnCo2_225,1.3,1.35,0.00019680346117326056
TaZnCo2_225,1.35,1.4000000000000001,0.0
TaZnCo2_225,1.4000000000000001,1.4500000000000002,0.0
TaZnCo2_225,1.4500000000000002,1.5,0.0
TaZnCo2_225,1.5,1.55,0.0
TaZnCo2_225,1.55,1.6,0.0
TaZnCo2_225,1.6,1.6500000000000001,0.0
TaZnCo2_225,1.6500000000000001,1.7000000000000002,0.0
TaZnCo2_225,1.7000000000000002,1.75,0.0
TaZnCo2_225,1.75,1.8,0.0
TaZnCo2_225,1.8,1.85,0.0
TaZnCo2_225,1.85,1.9000000000000001,0.0
TaZnCo2_225,1.9000000000000001,1.9500000000000002,0.0
TaZnCo2_225,1.9500000000000002,2.0,0.0
TaZnCo2_225,2.0,2.0500000000000003,0.0
TaZnCo2_225,2.0500000000000003,2.1,0.0
TaZnCo2_225,2.1,2.15,0.0
TaZnCo2_225,2.15,2.2,0.0
TaZnCo2_225,2.2,2.25,0.0
TaZnCo2_225,2.25,2.3000000000000003,0.0
TaZnCo2_225,2.3000000000000003,2.35,0.0
TaZnCo2_225,2.35,2.4000000000000004,0.0
TaZnCo2_225,2.4000000000000004,2.45,0.0
TaZnCo2_225,2.45,2.5,0.0
TaZnCo2_225,2.5,2.5500000000000003,0.0
TaZnCo2_225,2.5500000000000003,2.6,0.0
TaZnCo2_225,2.6,2.6500000000000004,0.0
TaZnCo2_225,2.6500000000000004,2.7,0.0
TaZnCo2_225,2.7,2.75,0.0
TaZnCo2_225,2.75,2.8000000000000003,0.0
TaZnCo2_225,2.8000000000000003,2.85,0.0
TaZnCo2_225,2.85,2.9000000000000004,0.0
TaZnCo2_225,2.9000000000000004,2.95,0.0
TaZnCo2_225,2.95,3.0,0.0
Ce2InGe2_127,0.0,0.05,0.0011870134772714936
Ce2InGe2_127,0.05,0.1,0.010622573513292492
Ce2InGe2_127,0.1,0.15000000000000002,0.025619514031662387
Ce2InGe2_127,0.15000000000000002,0.2,0.04306373433274167
Ce2InGe2_127,0.2,0.25,0.06446714683059579
Ce2InGe2_127,0.25,0.30000000000000004,0.08312448311101626
Ce2InGe2_127,0.30000000000000004,0.35000000000000003,0.0877415837272333
Ce2InGe2_127,0.35000000000000003,0.4,0.09611079342502904
Ce2InGe2_127,0.4,0.45,0.08973790725724082
Ce2InGe2_127,0.45,0.5,0.0791548648502187
Ce2InGe2_127,0.5,0.55,0.06683834454666074
Ce2InGe2_127,0.55,0.6000000000000001,0.05211120664065038
Ce2InGe2_127,0.6000000000000001,0.65,0.03895307430750301
Ce2InGe2_127,0.65,0.7000000000000001,0.02892925280295248
Ce2InGe2_127,0.7000000000000001,0.75,0.023068308268167956
Ce2InGe2_127,0.75,0.8,0.02079000064193643
Ce2InGe2_127,0.8,0.8500000000000001,0.01970865133912769
Ce2InGe2_127,0.8500000000000001,0.9,0.018695308132439865
Ce2InGe2_127,0.9,0.9500000000000001,0.017856679115949736
Ce2InGe2_127,0.9500000000000001,1.0,0.01697463345096136
Ce2InGe2_127,1.0,1.05,0.016360651344097983
Ce2InGe2_127,1.05,1.1,0.016117828748042354
Ce2InGe2_127,1.1,1.1500000000000001,0.01443817726081706
Ce2InGe2_127,1.1500000000000001,1.2000000000000002,0.012932144441397888
Ce2InGe2_127,1.2000000000000002,1.25,0.01171640369598405
Ce2InGe2_127,1.25,1.3,0.010232692557746585
Ce2InGe2_127,1.3,1.35,0.008943622585019613
Ce2InGe2_127,1.35,1.4000000000000001,0.0075145471780477405
Ce2InGe2_127,1.4000000000000001,1.4500000000000002,0.005368126630497721
Ce2InGe2_127,1.4500000000000002,1.5,0.003948880833242349
Ce2InGe2_127,1.5,1.55,0.002789352305700874
Ce2InGe2_127,1.55,1.6,0.0020402298108181767
Ce2InGe2_127,1.6,1.6500000000000001,0.001450482757353789
Ce2InGe2_127,1.6500000000000001,1.7000000000000002,0.0008498082537504188
Ce2InGe2_127,1.7000000000000002,1.75,0.0004272788251235967
Ce2InGe2_127,1.75,1.8,0.00011469896970979734
Ce2InGe2_127,1.8,1.85,0.0
Ce2InGe2_127,1.85,1.9000000000000001,0.0
Ce2InGe2_127,1.9000000000000001,1.9500000000000002,0.0
Ce2InGe2_127,1.9500000000000002,2.0,0.0
Ce2InGe2_127,2.0,2.0500000000000003,0.0
Ce2InGe2_127,2.0500000000000003,2.1,0.0
Ce2InGe2_127,2.1,2.15,0.0
Ce2InGe2_127,2.15,2.2,0.0
Ce2InGe2_127,2.2,2.25,0.0
Ce2InGe2_127,2.25,2.3000000000000003,0.0
Ce2InGe2_127,2.3000000000000003,2.35,0.0
Ce2InGe2_127,2.35,2.4000000000000004,0.0
Ce2InGe2_127,2.4000000000000004,2.45,0.0
Ce2InGe2_127,2.45,2.5,0.0
Ce2InGe2_127,2.5,2.5500000000000003,0.0
Ce2InGe2_127,2.5500000000000003,2.6,0.0
Ce2InGe2_127,2.6,2.6500000000000004,0.0
Ce2InGe2_127,2.6500000000000004,2.7,0.0
Ce2InGe2_127,2.7,2.75,0.0
Ce2InGe2_127,2.75,2.8000000000000003,0.0
Ce2InGe2_127,2.8000000000000003,2.85,0.0
Ce2InGe2_127,2.85,2.9000000000000004,0.0
Ce2InGe2_127,2.9000000000000004,2.95,0.0
Ce2InGe2_127,2.95,3.0,0.0
Ce2SbO2_139,0.0,0.05,0.0015928605180002377
Ce2SbO2_139,0.05,0.1,0.010110033040839336
Ce2SbO2_139,0.1,0.15000000000000002,0.025943001261010498
Ce2SbO2_139,0.15000000000000002,0.2,0.04586299923816687
Ce2SbO2_139,0.2,0.25,0.0682049068701568
Ce2SbO2_139,0.25,0.30000000000000004,0.0836918633063726
Ce2SbO2_139,0.30000000000000004,0.35000000000000003,0.0985810276997265
Ce2SbO2_139,0.35000000000000003,0.4,0.09792964535885311
Ce2SbO2_139,0.4,0.45,0.09366566104701367
Ce2SbO2_139,0.45,0.5,0.08264824316344523
Ce2SbO2_139,0.5,0.55,0.06911286291814149
Ce2SbO2_139,0.55,0.6000000000000001,0.05379990546948434
Ce2SbO2_139,0.6000000000000001,0.65,0.04051260477960281
Ce2SbO2_139,0.65,0.7000000000000001,0.029394989081920373
Ce2SbO2_139,0.7000000000000001,0.75,0.023302275121595297
Ce2SbO2_139,0.75,0.8,0.020173054381115618
Ce2SbO2_139,0.8,0.8500000000000001,0.018514952079071233
Ce2SbO2_139,0.8500000000000001,0.9,0.016613101790304244
Ce2SbO2_139,0.9,0.9500000000000001,0.014114082258507622
Ce2SbO2_139,0.9500000000000001,1.0,0.012624897553615441
Ce2SbO2_139,1.0,1.05,0.010840387566782572
Ce2SbO2_139,1.05,1.1,0.009655560657073674
Ce2SbO2_139,1.1,1.1500000000000001,0.008950079612283307
Ce2SbO2_139,1.1500000000000001,1.2000000000000002,0.008141329184803132
Ce2SbO2_139,1.2000000000000002,1.25,0.0076060052997664095
Ce2SbO2_139,1.25,1.3,0.0067729805556273484
Ce2SbO2_139,1.3,1.35,0.005991263442803408
Ce2SbO2_139,1.35,1.4000000000000001,0.005632947151338055
Ce2SbO2_139,1.4000000000000001,1.4500000000000002,0.005112712008289731
Ce2SbO2_139,1.4500000000000002,1.5,0.0037356998979191616
Ce2SbO2_139,1.5,1.55,0.0025325565636063856
Ce2SbO2_139,1.55,1.6,0.0020102472277617757
Ce2SbO2_139,1.6,1.6500000000000001,0.0019769357454634327
Ce2SbO2_139,1.6500000000000001,1.7000000000000002,0.001906966954907162
Ce2SbO2_139,1.7000000000000002,1.75,0.0017447052849722808
Ce2SbO2_139,1.75,1.8,0.0014954679094978788
Ce2SbO2_139,1.8,1.85,0.0012868406133045784
Ce2SbO2_139,1.85,1.9000000000000001,0.0010678640387491662
Ce2SbO2_139,1.9000000000000001,1.9500000000000002,0.0009765696361794455
Ce2SbO2_139,1.9500000000000002,2.0,0.0008872459505364377
Ce2SbO2_139,2.0,2.0500000000000003,0.0008693011967476086
Ce2SbO2_139,2.0500000000000003,2.1,0.0007675067505282028
Ce2SbO2_139,2.1,2.15,0.0007138497655241343
Ce2SbO2_139,2.15,2.2,0.0005987294426308169
Ce2SbO2_139,2.2,2.25,0.0005502665885125789
Ce2SbO2_139,2.25,2.3000000000000003,0.00047485156405307837
Ce2SbO2_139,2.3000000000000003,2.35,0.0003754124649124053
Ce2SbO2_139,2.35,2.4000000000000004,0.0002855637629318265
Ce2SbO2_139,2.4000000000000004,2.45,0.0002475106537123232
Ce2SbO2_139,2.45,2.5,0.00017410961763996587
Ce2SbO2_139,2.5,2.5500000000000003,0.00010026596655042703
Ce2SbO2_139,2.5500000000000003,2.6,7.094159114073293e-05
Ce2SbO2_139,2.6,2.6500000000000004,3.5362445970066856e-05
Ce2SbO2_139,2.6500000000000004,2.7,1.379205070256537e-05
Ce2SbO2_139,2.7,2.75,4.791170932172003e-06
Ce2SbO2_139,2.75,2.8000000000000003,4.1272890256494303e-07
Ce2SbO2_139,2.8000000000000003,2.85,0.0
Ce2SbO2_139,2.85,2.9000000000000004,0.0
Ce2SbO2_139,2.9000000000000004,2.95,0.0
Ce2SbO2_139,2.95,3.0,0.0
CeSnPd_62,0.0,0.05,0.0012837277421651697
CeSnPd_62,0.05,0.1,0.012899654766196615
CeSnPd_62,0.1,0.15000000000000002,0.026468036664732904
CeSnPd_62,0.15000000000000002,0.2,0.051432318009466634
CeSnPd_62,0.2,0.25,0.07129708189602221
CeSnPd_62,0.25,0.30000000000000004,0.0852363532970621
CeSnPd_62,0.30000000000000004,0.35000000000000003,0.10175218657145398
CeSnPd_62,0.35000000000000003,0.4,0.10595020222700266
CeSnPd_62,0.4,0.45,0.10056594559248987
CeSnPd_62,0.45,0.5,0.08977785022856784
CeSnPd_62,0.5,0.55,0.0730420578507181
CeSnPd_62,0.55,0.6000000000000001,0.05730317336225624
CeSnPd_62,0.6000000000000001,0.65,0.041271348591444997
CeSnPd_62,0.65,0.7000000000000001,0.02991988816315644
CeSnPd_62,0.7000000000000001,0.75,0.022673745447787642
CeSnPd_62,0.75,0.8,0.01936892059617879
CeSnPd_62,0.8,0.8500000000000001,0.01754570143481084
CeSnPd_62,0.8500000000000001,0.9,0.01574477467297346
CeSnPd_62,0.9,0.9500000000000001,0.013894655080476976
CeSnPd_62,0.9500000000000001,1.0,0.01214653884367812
CeSnPd_62,1.0,1.05,0.01082714899927677
CeSnPd_62,1.05,1.1,0.009138197912111045
CeSnPd_62,1.1,1.1500000000000001,0.007630405119818154
CeSnPd_62,1.1500000000000001,1.2000000000000002,0.00621990583355635
CeSnPd_62,1.2000000000000002,1.25,0.005096841970233729
CeSnPd_62,1.25,1.3,0.004085102147674339
CeSnPd_62,1.3,1.35,0.003163163558321581
CeSnPd_62,1.35,1.4000000000000001,0.0021182402224699717
CeSnPd_62,1.4000000000000001,1.4500000000000002,0.0011366427786783885
CeSnPd_62,1.4500000000000002,1.5,0.000547247575553463
CeSnPd_62,1.5,1.55,0.0002590296717905669
CeSnPd_62,1.55,1.6,0.00012919214655789555
CeSnPd_62,1.6,1.6500000000000001,5.767267377188889e-05
CeSnPd_62,1.6500000000000001,1.7000000000000002,1.693154484951819e-05
CeSnPd_62,1.7000000000000002,1.75,1.1680669586602275e-07
CeSnPd_62,1.75,1.8,0.0
CeSnPd_62,1.8,1.85,0.0
CeSnPd_62,1.85,1.9000000000000001,0.0
CeSnPd_62,1.9000000000000001,1.9500000000000002,0.0
CeSnPd_62,1.9500000000000002,2.0,0.0
CeSnPd_62,2.0,2.0500000000000003,0.0
CeSnPd_62,2.0500000000000003,2.1,0.0
CeSnPd_62,2.1,2.15,0.0
CeSnPd_62,2.15,2.2,0.0
CeSnPd_62,2.2,2.25,0.0
CeSnPd_62,2.25,2.3000000000000003,0.0
CeSnPd_62,2.3000000000000003,2.35,0.0
CeSnPd_62,2.35,2.4000000000000004,0.0
CeSnPd_62,2.4000000000000004,2.45,0.0
CeSnPd_62,2.45,2.5,0.0
CeSnPd_62,2.5,2.5500000000000003,0.0
CeSnPd_62,2.5500000000000003,2.6,0.0
CeSnPd_62,2.6,2.6500000000000004,0.0
CeSnPd_62,2.6500000000000004,2.7,0.0
CeSnPd_62,2.7,2.75,0.0
CeSnPd_62,2.75,2.8000000000000003,0.0
CeSnPd_62,2.8000000000000003,2.85,0.0
CeSnPd_62,2.85,2.9000000000000004,0.0
CeSnPd_62,2.9000000000000004,2.95,0.0
CeSnPd_62,2.95,3.0,0.0
MnSbRh_216,0.0,0.05,0.0003131889885874606
MnSbRh_216,0.05,0.1,0.007849516849377356
MnSbRh_216,0.1,0.15000000000000002,0.018771135851586865
MnSbRh_216,0.15000000000000002,0.2,0.040905666458157824
MnSbRh_216,0.2,0.25,0.04835702250364302
MnSbRh_216,0.25,0.30000000000000004,0.058759887594061005
MnSbRh_216,0.30000000000000004,0.35000000000000003,0.08312900243852729
MnSbRh_216,0.35000000000000003,0.4,0.08726384189987603
MnSbRh_216,0.4,0.45,0.09432037131630362
MnSbRh_216,0.45,0.5,0.08565351674176587
MnSbRh_216,0.5,0.55,0.07529913230443906
MnSbRh_216,0.55,0.6000000000000001,0.0644757755105704
MnSbRh_216,0.6000000000000001,0.65,0.056809256579058054
MnSbRh_216,0.65,0.7000000000000001,0.04393100838717049
MnSbRh_216,0.7000000000000001,0.75,0.036626036242007935
MnSbRh_216,0.75,0.8,0.032635490279784955
MnSbRh_216,0.8,0.8500000000000001,0.029264047710797235
MnSbRh_216,0.8500000000000001,0.9,0.0265875134361147
MnSbRh_216,0.9,0.9500000000000001,0.02325256816381349
MnSbRh_216,0.9500000000000001,1.0,0.019168325001918812
MnSbRh_216,1.0,1.05,0.01619966604834666
MnSbRh_216,1.05,1.1,0.013200067569460997
MnSbRh_216,1.1,1.1500000000000001,0.010270965333584804
MnSbRh_216,1.1500000000000001,1.2000000000000002,0.008261136013517823
MnSbRh_216,1.2000000000000002,1.25,0.005963308950650062
MnSbRh_216,1.25,1.3,0.004049526616267054
MnSbRh_216,1.3,1.35,0.0030214498583587585
MnSbRh_216,1.35,1.4000000000000001,0.0018302086558938733
MnSbRh_216,1.4000000000000001,1.4500000000000002,0.001230682422321393
MnSbRh_216,1.4500000000000002,1.5,0.0009155773290481019
MnSbRh_216,1.5,1.55,0.0005955937667386705
MnSbRh_216,1.55,1.6,0.0003919220470152005
MnSbRh_216,1.6,1.6500000000000001,0.0002714665726936397
MnSbRh_216,1.6500000000000001,1.7000000000000002,0.00017165092309337946
MnSbRh_216,1.7000000000000002,1.75,0.00010451003523623448
MnSbRh_216,1.75,1.8,6.872469148335976e-05
MnSbRh_216,1.8,1.85,3.613528746659856e-05
MnSbRh_216,1.85,1.9000000000000001,1.994533972844603e-05
MnSbRh_216,1.9000000000000001,1.9500000000000002,1.2849681815005674e-05
MnSbRh_216,1.9500000000000002,2.0,7.053880852606584e-06
MnSbRh_216,2.0,2.0500000000000003,2.6740383620352478e-06
MnSbRh_216,2.0500000000000003,2.1,2.0772186128547096e-06
MnSbRh_216,2.1,2.15,4.832108441040733e-07
MnSbRh_216,2.15,2.2,2.025104875548946e-08
MnSbRh_216,2.2,2.25,0.0
MnSbRh_216,2.25,2.3000000000000003,0.0
MnSbRh_216,2.3000000000000003,2.35,0.0
MnSbRh_216,2.35,2.4000000000000004,0.0
MnSbRh_216,2.4000000000000004,2.45,0.0
MnSbRh_216,2.45,2.5,0.0
MnSbRh_216,2.5,2.5500000000000003,0.0
MnSbRh_216,2.5500000000000003,2.6,0.0
MnSbRh_216,2.6,2.6500000000000004,0.0
MnSbRh_216,2.6500000000000004,2.7,0.0
MnSbRh_216,2.7,2.75,0.0
MnSbRh_216,2.75,2.8000000000000003,0.0
MnSbRh_216,2.8000000000000003,2.85,0.0
MnSbRh_216,2.85,2.9000000000000004,0.0
MnSbRh_216,2.9000000000000004,2.95,0.0
MnSbRh_216,2.95,3.0,0.0
Pd_225,0.0,0.05,0.0017861988962102485
Pd_225,0.05,0.1,0.006458183101881104
Pd_225,0.1,0.15000000000000002,0.021112144682336607
Pd_225,0.15000000000000002,0.2,0.03900533732937511
Pd_225,0.2,0.25,0.05989176139787657
Pd_225,0.25,0.30000000000000004,0.06746357734830098
Pd_225,0.30000000000000004,0.35000000000000003,0.09028098656603972
Pd_225,0.35000000000000003,0.4,0.09886962669588119
Pd_225,0.4,0.45,0.09643466525527675
Pd_225,0.45,0.5,0.10294358304985914
Pd_225,0.5,0.55,0.09758809267103254
Pd_225,0.55,0.6000000000000001,0.082222116075859
Pd_225,0.6000000000000001,0.65,0.06518558163206481
Pd_225,0.65,0.7000000000000001,0.05346952283482692
Pd_225,0.7000000000000001,0.75,0.03390778120483102
Pd_225,0.75,0.8,0.025456532219887466
Pd_225,0.8,0.8500000000000001,0.014755730547816415
Pd_225,0.8500000000000001,0.9,0.006218132020439319
Pd_225,0.9,0.9500000000000001,0.0020487584955909076
Pd_225,0.9500000000000001,1.0,0.005827854068224138
Pd_225,1.0,1.05,0.008656016773544125
Pd_225,1.05,1.1,0.008740744521660756
Pd_225,1.1,1.1500000000000001,0.006039069342567263
Pd_225,1.1500000000000001,1.2000000000000002,0.003192604527444589
Pd_225,1.2000000000000002,1.25,0.0012956510165583045
Pd_225,1.25,1.3,0.0007830698032993495
Pd_225,1.3,1.35,0.0003215660860568206
Pd_225,1.35,1.4000000000000001,4.3444511391446814e-05
Pd_225,1.4000000000000001,1.4500000000000002,1.667323866448928e-06
Pd_225,1.4500000000000002,1.5,0.0
Pd_225,1.5,1.55,0.0
Pd_225,1.55,1.6,0.0
Pd_225,1.6,1.6500000000000001,0.0
Pd_225,1.6500000000000001,1.7000000000000002,0.0
Pd_225,1.7000000000000002,1.75,0.0
Pd_225,1.75,1.8,0.0
Pd_225,1.8,1.85,0.0
Pd_225,1.85,1.9000000000000001,0.0
Pd_225,1.9000000000000001,1.9500000000000002,0.0
Pd_225,1.9500000000000002,2.0,0.0
Pd_225,2.0,2.0500000000000003,0.0
Pd_225,2.0500000000000003,2.1,0.0
Pd_225,2.1,2.15,0.0
Pd_225,2.15,2.2,0.0
Pd_225,2.2,2.25,0.0
Pd_225,2.25,2.3000000000000003,0.0
Pd_225,2.3000000000000003,2.35,0.0
Pd_225,2.35,2.4000000000000004,0.0
Pd_225,2.4000000000000004,2.45,0.0
Pd_225,2.45,2.5,0.0
Pd_225,2.5,2.5500000000000003,0.0
Pd_225,2.5500000000000003,2.6,0.0
Pd_225,2.6,2.6500000000000004,0.0
Pd_225,2.6500000000000004,2.7,0.0
Pd_225,2.7,2.75,0.0
Pd_225,2.75,2.8000000000000003,0.0
Pd_225,2.8000000000000003,2.85,0.0
Pd_225,2.85,2.9000000000000004,0.0
Pd_225,2.9000000000000004,2.95,0.0
Pd_225,2.95,3.0,0.0
TiZn2_194,0.0,0.05,0.0006901155343254862
TiZn2_194,0.05,0.1,0.005785744568394981
TiZn2_194,0.1,0.15000000000000002,0.01510996725530656
TiZn2_194,0.15000000000000002,0.2,0.0251386013710867
TiZn2_194,0.2,0.25,0.03858580075393923
TiZn2_194,0.25,0.30000000000000004,0.05012482342360053
TiZn2_194,0.30000000000000004,0.35000000000000003,0.05930415611490133
TiZn2_194,0.35000000000000003,0.4,0.06475424770015731
TiZn2_194,0.4,0.45,0.06673321618515965
TiZn2_194,0.45,0.5,0.06615214378753796
TiZn2_194,0.5,0.55,0.06118714684475345
TiZn2_194,0.55,0.6000000000000001,0.05663378229608544
TiZn2_194,0.6000000000000001,0.65,0.0523917994403977
TiZn2_194,0.65,0.7000000000000001,0.04724828013388088
TiZn2_194,0.7000000000000001,0.75,0.04360265870262166
TiZn2_194,0.75,0.8,0.04173088245598523
TiZn2_194,0.8,0.8500000000000001,0.04130616453482067
TiZn2_194,0.8500000000000001,0.9,0.041853853111014604
TiZn2_194,0.9,0.9500000000000001,0.042246278413956055
TiZn2_194,0.9500000000000001,1.0,0.04421336431871116
TiZn2_194,1.0,1.05,0.04044312562093756
TiZn2_194,1.05,1.1,0.031509989986989936
TiZn2_194,1.1,1.1500000000000001,0.01924748526470829
TiZn2_194,1.1500000000000001,1.2000000000000002,0.011554856085992165
TiZn2_194,1.2000000000000002,1.25,0.010649020817987362
TiZn2_194,1.25,1.3,0.00949815316710155
TiZn2_194,1.3,1.35,0.007019008970836466
TiZn2_194,1.35,1.4000000000000001,0.004040054266045108
TiZn2_194,1.4000000000000001,1.4500000000000002,0.0011832849645661359
TiZn2_194,1.4500000000000002,1.5,6.199390819961497e-05
TiZn2_194,1.5,1.55,0.0
TiZn2_194,1.55,1.6,0.0
TiZn2_194,1.6,1.6500000000000001,0.0
TiZn2_194,1.6500000000000001,1.7000000000000002,0.0
TiZn2_194,1.7000000000000002,1.75,0.0
TiZn2_194,1.75,1.8,0.0
TiZn2_194,1.8,1.85,0.0
TiZn2_194,1.85,1.9000000000000001,0.0
TiZn2_194,1.9000000000000001,1.9500000000000002,0.0
TiZn2_194,1.9500000000000002,2.0,0.0
TiZn2_194,2.0,2.0500000000000003,0.0
TiZn2_194,2.0500000000000003,2.1,0.0
TiZn2_194,2.1,2.15,0.0
TiZn2_194,2.15,2.2,0.0
TiZn2_194,2.2,2.25,0.0
TiZn2_194,2.25,2.3000000000000003,0.0
TiZn2_194,2.3000000000000003,2.35,0.0
TiZn2_194,2.35,2.4000000000000004,0.0
TiZn2_194,2.4000000000000004,2.45,0.0
TiZn2_194,2.45,2.5,0.0
TiZn2_194,2.5,2.5500000000000003,0.0
TiZn2_194,2.5500000000000003,2.6,0.0
TiZn2_194,2.6,2.6500000000000004,0.0
TiZn2_194,2.6500000000000004,2.7,0.0
TiZn2_194,2.7,2.75,0.0
TiZn2_194,2.75,2.8000000000000003,0.0
TiZn2_194,2.8000000000000003,2.85,0.0
TiZn2_194,2.85,2.9000000000000004,0.0
TiZn2_194,2.9000000000000004,2.95,0.0
TiZn2_194,2.95,3.0,0.0
SrMnN2_14,0.0,0.05,0.001539592406444632
SrMnN2_14,0.05,0.1,0.007411635570428729
SrMnN2_14,0.1,0.15000000000000002,0.019944420934601668
SrMnN2_14,0.15000000000000002,0.2,0.034580846919059265
SrMnN2_14,0.2,0.25,0.048388594763300215
SrMnN2_14,0.25,0.30000000000000004,0.06902034708559822
SrMnN2_14,0.30000000000000004,0.35000000000000003,0.07827818918075714
SrMnN2_14,0.35000000000000003,0.4,0.08619084966780023
SrMnN2_14,0.4,0.45,0.08883146110951051
SrMnN2_14,0.45,0.5,0.0845458695224344
SrMnN2_14,0.5,0.55,0.07743159509847136
SrMnN2_14,0.55,0.6000000000000001,0.06777715614238924
SrMnN2_14,0.6000000000000001,0.65,0.05547884157169233
SrMnN2_14,0.65,0.7000000000000001,0.0445978506723953
SrMnN2_14,0.7000000000000001,0.75,0.03603574806246068
SrMnN2_14,0.75,0.8,0.0284928328961287
SrMnN2_14,0.8,0.8500000000000001,0.02330914104983345
SrMnN2_14,0.8500000000000001,0.9,0.01946145741236391
SrMnN2_14,0.9,0.9500000000000001,0.01601167181858698
SrMnN2_14,0.9500000000000001,1.0,0.013655929125629405
SrMnN2_14,1.0,1.05,0.011578415959324736
SrMnN2_14,1.05,1.1,0.010294892394965801
SrMnN2_14,1.1,1.1500000000000001,0.009247747054265112
SrMnN2_14,1.1500000000000001,1.2000000000000002,0.00858568254994906
SrMnN2_14,1.2000000000000002,1.25,0.00741638179203621
SrMnN2_14,1.25,1.3,0.006226293983351039
SrMnN2_14,1.3,1.35,0.005484857266579744
SrMnN2_14,1.35,1.4000000000000001,0.004647497430435175
SrMnN2_14,1.4000000000000001,1.4500000000000002,0.003965054353627979
SrMnN2_14,1.4500000000000002,1.5,0.0036116682013675764
SrMnN2_14,1.5,1.55,0.0032549819161122773
SrMnN2_14,1.55,1.6,0.0029541064034160945
SrMnN2_14,1.6,1.6500000000000001,0.0027518203409513066
SrMnN2_14,1.6500000000000001,1.7000000000000002,0.002536234594897666
SrMnN2_14,1.7000000000000002,1.75,0.0022491364662102866
SrMnN2_14,1.75,1.8,0.002113663210123627
SrMnN2_14,1.8,1.85,0.0018550566250396582
SrMnN2_14,1.85,1.9000000000000001,0.0017490035392407706
SrMnN2_14,1.9000000000000001,1.9500000000000002,0.0015858221736306463
SrMnN2_14,1.9500000000000002,2.0,0.001399307196203489
SrMnN2_14,2.0,2.0500000000000003,0.0011997883182599091
SrMnN2_14,2.0500000000000003,2.1,0.00102395570855007
SrMnN2_14,2.1,2.15,0.0008506231696373033
SrMnN2_14,2.15,2.2,0.0007190726888852919
SrMnN2_14,2.2,2.25,0.0005767018390181917
SrMnN2_14,2.25,2.3000000000000003,0.00042161678387915547
SrMnN2_14,2.3000000000000003,2.35,0.00028968416437655324
SrMnN2_14,2.35,2.4000000000000004,0.0001891306586619474
SrMnN2_14,2.4000000000000004,2.45,0.00011264563439775566
SrMnN2_14,2.45,2.5,6.141349707987215e-05
SrMnN2_14,2.5,2.5500000000000003,3.0782266690687855e-05
SrMnN2_14,2.5500000000000003,2.6,1.714014045904178e-05
SrMnN2_14,2.6,2.6500000000000004,1.0296863941666265e-05
SrMnN2_14,2.6500000000000004,2.7,3.941073603256561e-06
SrMnN2_14,2.7,2.75,1.5527309453883827e-06
SrMnN2_14,2.75,2.8000000000000003,0.0
SrMnN2_14,2.8000000000000003,2.85,0.0
SrMnN2_14,2.85,2.9000000000000004,0.0
SrMnN2_14,2.9000000000000004,2.95,0.0
SrMnN2_14,2.95,3.0,0.0
Pm2SiAg_225,0.0,0.05,0.002806923996043589
Pm2SiAg_225,0.05,0.1,0.013692511606484449
Pm2SiAg_225,0.1,0.15000000000000002,0.02834305571627375
Pm2SiAg_225,0.15000000000000002,0.2,0.06554171615900466
Pm2SiAg_225,0.2,0.25,0.06891511956615465
Pm2SiAg_225,0.25,0.30000000000000004,0.1127850764564668
Pm2SiAg_225,0.30000000000000004,0.35000000000000003,0.10866287735180317
Pm2SiAg_225,0.35000000000000003,0.4,0.11579191166379983
Pm2SiAg_225,0.4,0.45,0.10710384427792137
Pm2SiAg_225,0.45,0.5,0.0874680316640571
Pm2SiAg_225,0.5,0.55,0.07539974203291151
Pm2SiAg_225,0.55,0.6000000000000001,0.049154443949151055
Pm2SiAg_225,0.6000000000000001,0.65,0.029834183239433792
Pm2SiAg_225,0.65,0.7000000000000001,0.020899273455237493
Pm2SiAg_225,0.7000000000000001,0.75,0.012679299362867902
Pm2SiAg_225,0.75,0.8,0.01150731588380015
Pm2SiAg_225,0.8,0.8500000000000001,0.010605719995320827
Pm2SiAg_225,0.8500000000000001,0.9,0.009866018915739903
Pm2SiAg_225,0.9,0.9500000000000001,0.009508251343047528
Pm2SiAg_225,0.9500000000000001,1.0,0.008689845754115537
Pm2SiAg_225,1.0,1.05,0.008771913138073266
Pm2SiAg_225,1.05,1.1,0.008404421756112841
Pm2SiAg_225,1.1,1.1500000000000001,0.007474461377859965
Pm2SiAg_225,1.1500000000000001,1.2000000000000002,0.007366763167151099
Pm2SiAg_225,1.2000000000000002,1.25,0.0064510280334175866
Pm2SiAg_225,1.25,1.3,0.0041490927282375484
Pm2SiAg_225,1.3,1.35,0.002186401437859917
Pm2SiAg_225,1.35,1.4000000000000001,0.001398787929410319
Pm2SiAg_225,1.4000000000000001,1.4500000000000002,0.0008181606444937501
Pm2SiAg_225,1.4500000000000002,1.5,0.0003334311040176109
Pm2SiAg_225,1.5,1.55,0.00016125160359401028
Pm2SiAg_225,1.55,1.6,0.0002771842271803936
Pm2SiAg_225,1.6,1.6500000000000001,0.00036989219686903776
Pm2SiAg_225,1.6500000000000001,1.7000000000000002,0.00046658675775123265
Pm2SiAg_225,1.7000000000000002,1.75,0.0005136718241790522
Pm2SiAg_225,1.75,1.8,0.0005125388498079084
Pm2SiAg_225,1.8,1.85,0.0004923581882006034
Pm2SiAg_225,1.85,1.9000000000000001,0.0003671101029805764
Pm2SiAg_225,1.9000000000000001,1.9500000000000002,0.0001710147754620129
Pm2SiAg_225,1.9500000000000002,2.0,5.504429834552589e-05
Pm2SiAg_225,2.0,2.0500000000000003,3.723469359988078e-06
Pm2SiAg_225,2.0500000000000003,2.1,0.0
Pm2SiAg_225,2.1,2.15,0.0
Pm2SiAg_225,2.15,2.2,0.0
Pm2SiAg_225,2.2,2.25,0.0
Pm2SiAg_225,2.25,2.3000000000000003,0.0
Pm2SiAg_225,2.3000000000000003,2.35,0.0
Pm2SiAg_225,2.35,2.4000000000000004,0.0
Pm2SiAg_225,2.4000000000000004,2.45,0.0
Pm2SiAg_225,2.45,2.5,0.0
Pm2SiAg_225,2.5,2.5500000000000003,0.0
Pm2SiAg_225,2.5500000000000003,2.6,0.0
Pm2SiAg_225,2.6,2.6500000000000004,0.0
Pm2SiAg_225,2.6500000000000004,2.7,0.0
Pm2SiAg_225,2.7,2.75,0.0
Pm2SiAg_225,2.75,2.8000000000000003,0.0
Pm2SiAg_225,2.8000000000000003,2.85,0.0
Pm2SiAg_225,2.85,2.9000000000000004,0.0
Pm2SiAg_225,2.9000000000000004,2.95,0.0
Pm2SiAg_225,2.95,3.0,0.0
PrTeCl_129,0.0,0.05,0.0018430819790372643
PrTeCl_129,0.05,0.1,0.012461355252507224
PrTeCl_129,0.1,0.15000000000000002,0.029414866239458232
PrTeCl_129,0.15000000000000002,0.2,0.0544084598690226
PrTeCl_129,0.2,0.25,0.07251765269886744
PrTeCl_129,0.25,0.30000000000000004,0.0947002086734178
PrTeCl_129,0.30000000000000004,0.35000000000000003,0.10020991059229073
PrTeCl_129,0.35000000000000003,0.4,0.11087351867182645
PrTeCl_129,0.4,0.45,0.10227866809257205
PrTeCl_129,0.45,0.5,0.08959247940834059
PrTeCl_129,0.5,0.55,0.07477237717723273
PrTeCl_129,0.55,0.6000000000000001,0.05525932779232512
PrTeCl_129,0.6000000000000001,0.65,0.03954018075280982
PrTeCl_129,0.65,0.7000000000000001,0.027922469643123015
PrTeCl_129,0.7000000000000001,0.75,0.020122594490448308
PrTeCl_129,0.75,0.8,0.016729637396492053
PrTeCl_129,0.8,0.8500000000000001,0.014735760051151443
PrTeCl_129,0.8500000000000001,0.9,0.012932653837155368
PrTeCl_129,0.9,0.9500000000000001,0.01141716993192456
PrTeCl_129,0.9500000000000001,1.0,0.009811336643892301
PrTeCl_129,1.0,1.05,0.008736595351752892
PrTeCl_129,1.05,1.1,0.007556217615391689
PrTeCl_129,1.1,1.1500000000000001,0.006242984771438929
PrTeCl_129,1.1500000000000001,1.2000000000000002,0.005181619418760771
PrTeCl_129,1.2000000000000002,1.25,0.004036619100038831
PrTeCl_129,1.25,1.3,0.003112612863814909
PrTeCl_129,1.3,1.35,0.0024606823234603194
PrTeCl_129,1.35,1.4000000000000001,0.001979577792839419
PrTeCl_129,1.4000000000000001,1.4500000000000002,0.001636203192923619
PrTeCl_129,1.4500000000000002,1.5,0.0014342431675833695
PrTeCl_129,1.5,1.55,0.0013259291693761138
PrTeCl_129,1.55,1.6,0.0011439364796599926
PrTeCl_129,1.6,1.6500000000000001,0.000923322477958577
PrTeCl_129,1.6500000000000001,1.7000000000000002,0.000744512600653203
PrTeCl_129,1.7000000000000002,1.75,0.0005671354343467652
PrTeCl_129,1.75,1.8,0.00039064212651519233
PrTeCl_129,1.8,1.85,0.0002838236698470022
PrTeCl_129,1.85,1.9000000000000001,0.00025301589263265593
PrTeCl_129,1.9000000000000001,1.9500000000000002,0.00017426165090018368
PrTeCl_129,1.9500000000000002,2.0,0.00011895497753859631
PrTeCl_129,2.0,2.0500000000000003,6.172367183615227e-05
PrTeCl_129,2.0500000000000003,2.1,5.336289461843102e-05
PrTeCl_129,2.1,2.15,2.5544727728837218e-05
PrTeCl_129,2.15,2.2,8.16331411762931e-06
PrTeCl_129,2.2,2.25,2.423224978485215e-06
PrTeCl_129,2.25,2.3000000000000003,2.143440005158473e-06
PrTeCl_129,2.3000000000000003,2.35,3.945538618756697e-08
PrTeCl_129,2.35,2.4000000000000004,0.0
PrTeCl_129,2.4000000000000004,2.45,0.0
PrTeCl_129,2.45,2.5,0.0
PrTeCl_129,2.5,2.5500000000000003,0.0
PrTeCl_129,2.5500000000000003,2.6,0.0
PrTeCl_129,2.6,2.6500000000000004,0.0
PrTeCl_129,2.6500000000000004,2.7,0.0
PrTeCl_129,2.7,2.75,0.0
PrTeCl_129,2.75,2.8000000000000003,0.0
PrTeCl_129,2.8000000000000003,2.85,0.0
PrTeCl_129,2.85,2.9000000000000004,0.0
PrTeCl_129,2.9000000000000004,2.95,0.0
PrTeCl_129,2.95,3.0,0.0
MnAs_62,0.0,0.05,0.0009491354735624853
MnAs_62,0.05,0.1,0.007690661480861843
MnAs_62,0.1,0.15000000000000002,0.019744217596846154
MnAs_62,0.15000000000000002,0.2,0.03722336324159013
MnAs_62,0.2,0.25,0.05268929898487659
MnAs_62,0.25,0.30000000000000004,0.06916788144796958
MnAs_62,0.30000000000000004,0.35000000000000003,0.07977983950377267
MnAs_62,0.35000000000000003,0.4,0.08886356676904876
MnAs_62,0.4,0.45,0.08951670236375121
MnAs_62,0.45,0.5,0.08900819652087366
MnAs_62,0.5,0.55,0.07952476552154956
MnAs_62,0.55,0.6000000000000001,0.06845163213075936
MnAs_62,0.6000000000000001,0.65,0.057845368514134216
MnAs_62,0.65,0.7000000000000001,0.047284945887977624
MnAs_62,0.7000000000000001,0.75,0.038044692716145204
MnAs_62,0.75,0.8,0.03223593738202958
MnAs_62,0.8,0.8500000000000001,0.028239676651795907
MnAs_62,0.8500000000000001,0.9,0.02434772314253196
MnAs_62,0.9,0.9500000000000001,0.020396166121015566
MnAs_62,0.9500000000000001,1.0,0.016501376070671356
MnAs_62,1.0,1.05,0.012480825576812418
MnAs_62,1.05,1.1,0.009267057651978201
MnAs_62,1.1,1.1500000000000001,0.0074578190153122064
MnAs_62,1.1500000000000001,1.2000000000000002,0.00597393425426801
MnAs_62,1.2000000000000002,1.25,0.004467365080778506
MnAs_62,1.25,1.3,0.003357437903732601
MnAs_62,1.3,1.35,0.0025901039121055762
MnAs_62,1.35,1.4000000000000001,0.0019652144349482743
MnAs_62,1.4000000000000001,1.4500000000000002,0.0014724118452442915
MnAs_62,1.4500000000000002,1.5,0.0011103506356319288
MnAs_62,1.5,1.55,0.0008238804324428224
MnAs_62,1.55,1.6,0.0005992470688236675
MnAs_62,1.6,1.6500000000000001,0.0004140800187160862
MnAs_62,1.6500000000000001,1.7000000000000002,0.0002784386162978783
MnAs_62,1.7000000000000002,1.75,0.00016295930225470543
MnAs_62,1.75,1.8,6.749610715491006e-05
MnAs_62,1.8,1.85,6.230621734521149e-06
MnAs_62,1.85,1.9000000000000001,0.0
MnAs_62,1.9000000000000001,1.9500000000000002,0.0
MnAs_62,1.9500000000000002,2.0,0.0
MnAs_62,2.0,2.0500000000000003,0.0
MnAs_62,2.0500000000000003,2.1,0.0
MnAs_62,2.1,2.15,0.0
MnAs_62,2.15,2.2,0.0
MnAs_62,2.2,2.25,0.0
MnAs_62,2.25,2.3000000000000003,0.0
MnAs_62,2.3000000000000003,2.35,0.0
MnAs_62,2.35,2.4000000000000004,0.0
MnAs_62,2.4000000000000004,2.45,0.0
MnAs_62,2.45,2.5,0.0
MnAs_62,2.5,2.5500000000000003,0.0
MnAs_62,2.5500000000000003,2.6,0.0
MnAs_62,2.6,2.6500000000000004,0.0
MnAs_62,2.6500000000000004,2.7,0.0
MnAs_62,2.7,2.75,0.0
MnAs_62,2.75,2.8000000000000003,0.0
MnAs_62,2.8000000000000003,2.85,0.0
MnAs_62,2.85,2.9000000000000004,0.0
MnAs_62,2.9000000000000004,2.95,0.0
MnAs_62,2.95,3.0,0.0
V3Ga_223,0.0,0.05,0.0012238255858478544
V3Ga_223,0.05,0.1,0.004440274705015991
V3Ga_223,0.1,0.15000000000000002,0.01834639657467814
V3Ga_223,0.15000000000000002,0.2,0.028577668834470275
V3Ga_223,0.2,0.25,0.045814237647074055
V3Ga_223,0.25,0.30000000000000004,0.05148200234270308
V3Ga_223,0.30000000000000004,0.35000000000000003,0.06743614078992054
V3Ga_223,0.35000000000000003,0.4,0.07059093607642418
V3Ga_223,0.4,0.45,0.0745632295689016
V3Ga_223,0.45,0.5,0.06856178804991606
V3Ga_223,0.5,0.55,0.07062461023306252
V3Ga_223,0.55,0.6000000000000001,0.05693785411041024
V3Ga_223,0.6000000000000001,0.65,0.05500806913434873
V3Ga_223,0.65,0.7000000000000001,0.049057922405900525
V3Ga_223,0.7000000000000001,0.75,0.04681360464548841
V3Ga_223,0.75,0.8,0.04421242034742959
V3Ga_223,0.8,0.8500000000000001,0.0432652910799064
V3Ga_223,0.8500000000000001,0.9,0.048060017585822325
V3Ga_223,0.9,0.9500000000000001,0.044013642229060186
V3Ga_223,0.9500000000000001,1.0,0.04351329033011375
V3Ga_223,1.0,1.05,0.03768461185426562
V3Ga_223,1.05,1.1,0.021877504171619336
V3Ga_223,1.1,1.1500000000000001,0.00702647007444476
V3Ga_223,1.1500000000000001,1.2000000000000002,0.0008425432885856963
V3Ga_223,1.2000000000000002,1.25,2.5648334590455273e-05
V3Ga_223,1.25,1.3,0.0
V3Ga_223,1.3,1.35,0.0
V3Ga_223,1.35,1.4000000000000001,0.0
V3Ga_223,1.4000000000000001,1.4500000000000002,0.0
V3Ga_223,1.4500000000000002,1.5,0.0
V3Ga_223,1.5,1.55,0.0
V3Ga_223,1.55,1.6,0.0
V3Ga_223,1.6,1.6500000000000001,0.0
V3Ga_223,1.6500000000000001,1.7000000000000002,0.0
V3Ga_223,1.7000000000000002,1.75,0.0
V3Ga_223,1.75,1.8,0.0
V3Ga_223,1.8,1.85,0.0
V3Ga_223,1.85,1.9000000000000001,0.0
V3Ga_223,1.9000000000000001,1.9500000000000002,0.0
V3Ga_223,1.9500000000000002,2.0,0.0
V3Ga_223,2.0,2.0500000000000003,0.0
V3Ga_223,2.0500000000000003,2.1,0.0
V3Ga_223,2.1,2.15,0.0
V3Ga_223,2.15,2.2,0.0
V3Ga_223,2.2,2.25,0.0
V3Ga_223,2.25,2.3000000000000003,0.0
V3Ga_223,2.3000000000000003,2.35,0.0
V3Ga_223,2.35,2.4000000000000004,0.0
V3Ga_223,2.4000000000000004,2.45,0.0
V3Ga_223,2.45,2.5,0.0
V3Ga_223,2.5,2.5500000000000003,0.0
V3Ga_223,2.5500000000000003,2.6,0.0
V3Ga_223,2.6,2.6500000000000004,0.0
V3Ga_223,2.6500000000000004,2.7,0.0
V3Ga_223,2.7,2.75,0.0
V3Ga_223,2.75,2.8000000000000003,0.0
V3Ga_223,2.8000000000000003,2.85,0.0
V3Ga_223,2.85,2.9000000000000004,0.0
V3Ga_223,2.9000000000000004,2.95,0.0
V3Ga_223,2.95,3.0,0.0
MnNbSi_189,0.0,0.05,0.0011986099660428512
MnNbSi_189,0.05,0.1,0.007522275312663733
MnNbSi_189,0.1,0.15000000000000002,0.01903938749809969
MnNbSi_189,0.15000000000000002,0.2,0.03331122565065728
MnNbSi_189,0.2,0.25,0.05170202284081307
MnNbSi_189,0.25,0.30000000000000004,0.06483676684207736
MnNbSi_189,0.30000000000000004,0.35000000000000003,0.0758623369878857
MnNbSi_189,0.35000000000000003,0.4,0.08387966163604002
MnNbSi_189,0.4,0.45,0.08742745885105552
MnNbSi_189,0.45,0.5,0.08363307131360843
MnNbSi_189,0.5,0.55,0.07738610601536346
MnNbSi_189,0.55,0.6000000000000001,0.06807305816441461
MnNbSi_189,0.6000000000000001,0.65,0.057944279020298396
MnNbSi_189,0.65,0.7000000000000001,0.04741579021248349
MnNbSi_189,0.7000000000000001,0.75,0.03982206855304238
MnNbSi_189,0.75,0.8,0.03416173562412122
MnNbSi_189,0.8,0.8500000000000001,0.030885419192383808
MnNbSi_189,0.8500000000000001,0.9,0.027498855668909833
MnNbSi_189,0.9,0.9500000000000001,0.024039790830561743
MnNbSi_189,0.9500000000000001,1.0,0.020039212932548057
MnNbSi_189,1.0,1.05,0.01566999857633003
MnNbSi_189,1.05,1.1,0.01181714961189686
MnNbSi_189,1.1,1.1500000000000001,0.009095811608402183
MnNbSi_189,1.1500000000000001,1.2000000000000002,0.006716165999252575
MnNbSi_189,1.2000000000000002,1.25,0.004663235536229172
MnNbSi_189,1.25,1.3,0.0037593116174224742
MnNbSi_189,1.3,1.35,0.00324579118753194
MnNbSi_189,1.35,1.4000000000000001,0.002775661850195547
MnNbSi_189,1.4000000000000001,1.4500000000000002,0.002152871387235965
MnNbSi_189,1.4500000000000002,1.5,0.0015553224301867153
MnNbSi_189,1.5,1.55,0.0010190715476196828
MnNbSi_189,1.55,1.6,0.0006959378708092304
MnNbSi_189,1.6,1.6500000000000001,0.0005049991602585889
MnNbSi_189,1.6500000000000001,1.7000000000000002,0.00034643574500369017
MnNbSi_189,1.7000000000000002,1.75,0.00017479271726549318
MnNbSi_189,1.75,1.8,9.099133361239281e-05
MnNbSi_189,1.8,1.85,3.5407898438443984e-05
MnNbSi_189,1.85,1.9000000000000001,1.9108092382005633e-06
MnNbSi_189,1.9000000000000001,1.9500000000000002,0.0
MnNbSi_189,1.9500000000000002,2.0,0.0
MnNbSi_189,2.0,2.0500000000000003,0.0
MnNbSi_189,2.0500000000000003,2.1,0.0
MnNbSi_189,2.1,2.15,0.0
MnNbSi_189,2.15,2.2,0.0
MnNbSi_189,2.2,2.25,0.0
MnNbSi_189,2.25,2.3000000000000003,0.0
MnNbSi_189,2.3000000000000003,2.35,0.0
MnNbSi_189,2.35,2.4000000000000004,0.0
MnNbSi_189,2.4000000000000004,2.45,0.0
MnNbSi_189,2.45,2.5,0.0
MnNbSi_189,2.5,2.5500000000000003,0.0
MnNbSi_189,2.5500000000000003,2.6,0.0
MnNbSi_189,2.6,2.6500000000000004,0.0
MnNbSi_189,2.6500000000000004,2.7,0.0
MnNbSi_189,2.7,2.75,0.0
MnNbSi_189,2.75,2.8000000000000003,0.0
MnNbSi_189,2.8000000000000003,2.85,0.0
MnNbSi_189,2.85,2.9000000000000004,0.0
MnNbSi_189,2.9000000000000004,2.95,0.0
MnNbSi_189,2.95,3.0,0.0
Sc(MnAl2)4_139,0.0,0.05,0.00034319586594534795
Sc(MnAl2)4_139,0.05,0.1,0.008207591468634529
Sc(MnAl2)4_139,0.1,0.15000000000000002,0.016186738199414567
Sc(MnAl2)4_139,0.15000000000000002,0.2,0.03132949464746748
Sc(MnAl2)4_139,0.2,0.25,0.05110739836126975
Sc(MnAl2)4_139,0.25,0.30000000000000004,0.06356875168018734
Sc(MnAl2)4_139,0.30000000000000004,0.35000000000000003,0.06576566379565783
Sc(MnAl2)4_139,0.35000000000000003,0.4,0.08309057272817735
Sc(MnAl2)4_139,0.4,0.45,0.07898808795558404
Sc(MnAl2)4_139,0.45,0.5,0.07509368680794103
Sc(MnAl2)4_139,0.5,0.55,0.07309038281217328
Sc(MnAl2)4_139,0.55,0.6000000000000001,0.060126130794553284
Sc(MnAl2)4_139,0.6000000000000001,0.65,0.05166221640428739
Sc(MnAl2)4_139,0.65,0.7000000000000001,0.041360372588567076
Sc(MnAl2)4_139,0.7000000000000001,0.75,0.035140281763028594
Sc(MnAl2)4_139,0.75,0.8,0.02966196080002636
Sc(MnAl2)4_139,0.8,0.8500000000000001,0.026670924805086423
Sc(MnAl2)4_139,0.8500000000000001,0.9,0.024973020275975026
Sc(MnAl2)4_139,0.9,0.9500000000000001,0.022585531878092598
Sc(MnAl2)4_139,0.9500000000000001,1.0,0.020302112182981027
Sc(MnAl2)4_139,1.0,1.05,0.01755496271872876
Sc(MnAl2)4_139,1.05,1.1,0.014388960046810773
Sc(MnAl2)4_139,1.1,1.1500000000000001,0.01180809950639378
Sc(MnAl2)4_139,1.1500000000000001,1.2000000000000002,0.010759735264354626
Sc(MnAl2)4_139,1.2000000000000002,1.25,0.010838687655465657
Sc(MnAl2)4_139,1.25,1.3,0.011590850096129438
Sc(MnAl2)4_139,1.3,1.35,0.011512978041779004
Sc(MnAl2)4_139,1.35,1.4000000000000001,0.011234240786997455
Sc(MnAl2)4_139,1.4000000000000001,1.4500000000000002,0.010356177612855583
Sc(MnAl2)4_139,1.4500000000000002,1.5,0.008713374207154153
Sc(MnAl2)4_139,1.5,1.55,0.006839759210471578
Sc(MnAl2)4_139,1.55,1.6,0.005490474547190139
Sc(MnAl2)4_139,1.6,1.6500000000000001,0.003980028240601489
Sc(MnAl2)4_139,1.6500000000000001,1.7000000000000002,0.0026319453091044687
Sc(MnAl2)4_139,1.7000000000000002,1.75,0.0016233251826406878
Sc(MnAl2)4_139,1.75,1.8,0.000952601183524281
Sc(MnAl2)4_139,1.8,1.85,0.0003679393072563036
Sc(MnAl2)4_139,1.85,1.9000000000000001,9.581600083486582e-05
Sc(MnAl2)4_139,1.9000000000000001,1.9500000000000002,5.7240797270500205e-06
Sc(MnAl2)4_139,1.9500000000000002,2.0,2.0518692409724773e-07
Sc(MnAl2)4_139,2.0,2.0500000000000003,0.0
Sc(MnAl2)4_139,2.0500000000000003,2.1,0.0
Sc(MnAl2)4_139,2.1,2.15,0.0
Sc(MnAl2)4_139,2.15,2.2,0.0
Sc(MnAl2)4_139,2.2,2.25,0.0
Sc(MnAl2)4_139,2.25,2.3000000000000003,0.0
Sc(MnAl2)4_139,2.3000000000000003,2.35,0.0
Sc(MnAl2)4_139,2.35,2.4000000000000004,0.0
Sc(MnAl2)4_139,2.4000000000000004,2.45,0.0
Sc(MnAl2)4_139,2.45,2.5,0.0
Sc(MnAl2)4_139,2.5,2.5500000000000003,0.0
Sc(MnAl2)4_139,2.5500000000000003,2.6,0.0
Sc(MnAl2)4_139,2.6,2.6500000000000004,0.0
Sc(MnAl2)4_139,2.6500000000000004,2.7,0.0
Sc(MnAl2)4_139,2.7,2.75,0.0
Sc(MnAl2)4_139,2.75,2.8000000000000003,0.0
Sc(MnAl2)4_139,2.8000000000000003,2.85,0.0
Sc(MnAl2)4_139,2.85,2.9000000000000004,0.0
Sc(MnAl2)4_139,2.9000000000000004,2.95,0.0
Sc(MnAl2)4_139,2.95,3.0,0.0
CeMgPt_189,0.0,0.05,0.000922297754315862
CeMgPt_189,0.05,0.1,0.009304506760422042
CeMgPt_189,0.1,0.15000000000000002,0.021656337636564132
CeMgPt_189,0.15000000000000002,0.2,0.039488529975786196
CeMgPt_189,0.2,0.25,0.0597944612045979
CeMgPt_189,0.25,0.30000000000000004,0.07054975409508754
CeMgPt_189,0.30000000000000004,0.35000000000000003,0.08366751000381868
CeMgPt_189,0.35000000000000003,0.4,0.08748118292727677
CeMgPt_189,0.4,0.45,0.08093222139905112
CeMgPt_189,0.45,0.5,0.0755237677830951
CeMgPt_189,0.5,0.55,0.06048640554662775
CeMgPt_189,0.55,0.6000000000000001,0.049206170787145884
CeMgPt_189,0.6000000000000001,0.65,0.03615845853281733
CeMgPt_189,0.65,0.7000000000000001,0.026626402388927314
CeMgPt_189,0.7000000000000001,0.75,0.021308208299726274
CeMgPt_189,0.75,0.8,0.018957112912607415
CeMgPt_189,0.8,0.8500000000000001,0.01877097457158597
CeMgPt_189,0.8500000000000001,0.9,0.01901688895490756
CeMgPt_189,0.9,0.9500000000000001,0.0195754153969568
CeMgPt_189,0.9500000000000001,1.0,0.02080566110011247
CeMgPt_189,1.0,1.05,0.022270696682048056
CeMgPt_189,1.05,1.1,0.023610948744705065
CeMgPt_189,1.1,1.1500000000000001,0.022997631516966675
CeMgPt_189,1.1500000000000001,1.2000000000000002,0.02077603140923145
CeMgPt_189,1.2000000000000002,1.25,0.01756743789826567
CeMgPt_189,1.25,1.3,0.013927151843806863
CeMgPt_189,1.3,1.35,0.010986698732478551
CeMgPt_189,1.35,1.4000000000000001,0.009109855983150415
CeMgPt_189,1.4000000000000001,1.4500000000000002,0.007001535440142589
CeMgPt_189,1.4500000000000002,1.5,0.005468372172022628
CeMgPt_189,1.5,1.55,0.004943401028928033
CeMgPt_189,1.55,1.6,0.00478847922784518
CeMgPt_189,1.6,1.6500000000000001,0.004541011865827078
CeMgPt_189,1.6500000000000001,1.7000000000000002,0.003639030279663533
CeMgPt_189,1.7000000000000002,1.75,0.0026765833292667737
CeMgPt_189,1.75,1.8,0.0019138889266314592
CeMgPt_189,1.8,1.85,0.0014044547939020841
CeMgPt_189,1.85,1.9000000000000001,0.000987897877845144
CeMgPt_189,1.9000000000000001,1.9500000000000002,0.0006850277420601991
CeMgPt_189,1.9500000000000002,2.0,0.0003273629815767843
CeMgPt_189,2.0,2.0500000000000003,0.00012936586846249448
CeMgPt_189,2.0500000000000003,2.1,1.486762374434132e-05
CeMgPt_189,2.1,2.15,0.0
CeMgPt_189,2.15,2.2,0.0
CeMgPt_189,2.2,2.25,0.0
CeMgPt_189,2.25,2.3000000000000003,0.0
CeMgPt_189,2.3000000000000003,2.35,0.0
CeMgPt_189,2.35,2.4000000000000004,0.0
CeMgPt_189,2.4000000000000004,2.45,0.0
CeMgPt_189,2.45,2.5,0.0
CeMgPt_189,2.5,2.5500000000000003,0.0
CeMgPt_189,2.5500000000000003,2.6,0.0
CeMgPt_189,2.6,2.6500000000000004,0.0
CeMgPt_189,2.6500000000000004,2.7,0.0
CeMgPt_189,2.7,2.75,0.0
CeMgPt_189,2.75,2.8000000000000003,0.0
CeMgPt_189,2.8000000000000003,2.85,0.0
CeMgPt_189,2.85,2.9000000000000004,0.0
CeMgPt_189,2.9000000000000004,2.95,0.0
CeMgPt_189,2.95,3.0,0.0
Fe3SnC_221,0.0,0.05,0.0004969101345243857
Fe3SnC_221,0.05,0.1,0.012126172115955161
Fe3SnC_221,0.1,0.15000000000000002,0.023644331051916292
Fe3SnC_221,0.15000000000000002,0.2,0.03939956863421141
Fe3SnC_221,0.2,0.25,0.06596082763195923
Fe3SnC_221,0.25,0.30000000000000004,0.07745319609062569
Fe3SnC_221,0.30000000000000004,0.35000000000000003,0.08474719751104727
Fe3SnC_221,0.35000000000000003,0.4,0.09884080458314559
Fe3SnC_221,0.4,0.45,0.1112347363483003
Fe3SnC_221,0.45,0.5,0.08494596883180144
Fe3SnC_221,0.5,0.55,0.08479106405683318
Fe3SnC_221,0.55,0.6000000000000001,0.07396702804095649
Fe3SnC_221,0.6000000000000001,0.65,0.05168432542015684
Fe3SnC_221,0.65,0.7000000000000001,0.04375958378970064
Fe3SnC_221,0.7000000000000001,0.75,0.030690910429087767
Fe3SnC_221,0.75,0.8,0.026262188263315982
Fe3SnC_221,0.8,0.8500000000000001,0.021474319975271293
Fe3SnC_221,0.8500000000000001,0.9,0.01645844764546019
Fe3SnC_221,0.9,0.9500000000000001,0.012154819250167167
Fe3SnC_221,0.9500000000000001,1.0,0.007034963792840878
Fe3SnC_221,1.0,1.05,0.003373124366323767
Fe3SnC_221,1.05,1.1,0.004254067434869404
Fe3SnC_221,1.1,1.1500000000000001,0.005007507267313957
Fe3SnC_221,1.1500000000000001,1.2000000000000002,0.005292581962480341
Fe3SnC_221,1.2000000000000002,1.25,0.004369946483732076
Fe3SnC_221,1.25,1.3,0.0034172507095262044
Fe3SnC_221,1.3,1.35,0.002122741800378259
Fe3SnC_221,1.35,1.4000000000000001,0.0013028417751395442
Fe3SnC_221,1.4000000000000001,1.4500000000000002,0.0009832815711987963
Fe3SnC_221,1.4500000000000002,1.5,0.0006157689906388791
Fe3SnC_221,1.5,1.55,0.0004311029012759945
Fe3SnC_221,1.55,1.6,0.00044563265893463614
Fe3SnC_221,1.6,1.6500000000000001,0.00034607860320849665
Fe3SnC_221,1.6500000000000001,1.7000000000000002,0.0002787666577318173
Fe3SnC_221,1.7000000000000002,1.75,0.00017882473247293567
Fe3SnC_221,1.75,1.8,0.00016831989047670924
Fe3SnC_221,1.8,1.85,0.00011376698577015556
Fe3SnC_221,1.85,1.9000000000000001,7.09711591875544e-05
Fe3SnC_221,1.9000000000000001,1.9500000000000002,5.1620217104020725e-05
Fe3SnC_221,1.9500000000000002,2.0,2.8668566346977386e-05
Fe3SnC_221,2.0,2.0500000000000003,1.4074021197807052e-05
Fe3SnC_221,2.0500000000000003,2.1,4.858350543934423e-06
Fe3SnC_221,2.1,2.15,8.392968713606117e-07
Fe3SnC_221,2.15,2.2,0.0
Fe3SnC_221,2.2,2.25,0.0
Fe3SnC_221,2.25,2.3000000000000003,0.0
Fe3SnC_221,2.3000000000000003,2.35,0.0
Fe3SnC_221,2.35,2.4000000000000004,0.0
Fe3SnC_221,2.4000000000000004,2.45,0.0
Fe3SnC_221,2.45,2.5,0.0
Fe3SnC_221,2.5,2.5500000000000003,0.0
Fe3SnC_221,2.5500000000000003,2.6,0.0
Fe3SnC_221,2.6,2.6500000000000004,0.0
Fe3SnC_221,2.6500000000000004,2.7,0.0
Fe3SnC_221,2.7,2.75,0.0
Fe3SnC_221,2.75,2.8000000000000003,0.0
Fe3SnC_221,2.8000000000000003,2.85,0.0
Fe3SnC_221,2.85,2.9000000000000004,0.0
Fe3SnC_221,2.9000000000000004,2.95,0.0
Fe3SnC_221,2.95,3.0,0.0
MnAu2_139,0.0,0.05,0.0015752448544710147
MnAu2_139,0.05,0.1,0.00818057703934148
MnAu2_139,0.1,0.15000000000000002,0.017511765279258778
MnAu2_139,0.15000000000000002,0.2,0.040888768200522216
MnAu2_139,0.2,0.25,0.05316742706678613
MnAu2_139,0.25,0.30000000000000004,0.06674792101455507
MnAu2_139,0.30000000000000004,0.35000000000000003,0.08566935746164181
MnAu2_139,0.35000000000000003,0.4,0.09270055899357181
MnAu2_139,0.4,0.45,0.09073561601430946
MnAu2_139,0.45,0.5,0.09168815942371795
MnAu2_139,0.5,0.55,0.08285917030107393
MnAu2_139,0.55,0.6000000000000001,0.0657453233072425
MnAu2_139,0.6000000000000001,0.65,0.05916495089011345
MnAu2_139,0.65,0.7000000000000001,0.042780878629606826
MnAu2_139,0.7000000000000001,0.75,0.0339259311252287
MnAu2_139,0.75,0.8,0.030477582461077384
MnAu2_139,0.8,0.8500000000000001,0.02601676039656417
MnAu2_139,0.8500000000000001,0.9,0.02267264599791912
MnAu2_139,0.9,0.9500000000000001,0.020615279527359098
MnAu2_139,0.9500000000000001,1.0,0.016981917715205568
MnAu2_139,1.0,1.05,0.014210235855415464
MnAu2_139,1.05,1.1,0.012141468718881384
MnAu2_139,1.1,1.1500000000000001,0.009148355202263465
MnAu2_139,1.1500000000000001,1.2000000000000002,0.006330371409907591
MnAu2_139,1.2000000000000002,1.25,0.004050461817003279
MnAu2_139,1.25,1.3,0.0023714169282250744
MnAu2_139,1.3,1.35,0.0010649857147508475
MnAu2_139,1.35,1.4000000000000001,0.00039797461763637634
MnAu2_139,1.4000000000000001,1.4500000000000002,0.00016504997165935574
MnAu2_139,1.4500000000000002,1.5,1.3572278494115035e-05
MnAu2_139,1.5,1.55,2.7178619901219775e-07
MnAu2_139,1.55,1.6,0.0
MnAu2_139,1.6,1.6500000000000001,0.0
MnAu2_139,1.6500000000000001,1.7000000000000002,0.0
MnAu2_139,1.7000000000000002,1.75,0.0
MnAu2_139,1.75,1.8,0.0
MnAu2_139,1.8,1.85,0.0
MnAu2_139,1.85,1.9000000000000001,0.0
MnAu2_139,1.9000000000000001,1.9500000000000002,0.0
MnAu2_139,1.9500000000000002,2.0,0.0
MnAu2_139,2.0,2.0500000000000003,0.0
MnAu2_139,2.0500000000000003,2.1,0.0
MnAu2_139,2.1,2.15,0.0
MnAu2_139,2.15,2.2,0.0
MnAu2_139,2.2,2.25,0.0
MnAu2_139,2.25,2.3000000000000003,0.0
MnAu2_139,2.3000000000000003,2.35,0.0
MnAu2_139,2.35,2.4000000000000004,0.0
MnAu2_139,2.4000000000000004,2.45,0.0
MnAu2_139,2.45,2.5,0.0
MnAu2_139,2.5,2.5500000000000003,0.0
MnAu2_139,2.5500000000000003,2.6,0.0
MnAu2_139,2.6,2.6500000000000004,0.0
MnAu2_139,2.6500000000000004,2.7,0.0
MnAu2_139,2.7,2.75,0.0
MnAu2_139,2.75,2.8000000000000003,0.0
MnAu2_139,2.8000000000000003,2.85,0.0
MnAu2_139,2.85,2.9000000000000004,0.0
MnAu2_139,2.9000000000000004,2.95,0.0
MnAu2_139,2.95,3.0,0.0
LaPrHg2_225,0.0,0.05,0.0025660036689639093
LaPrHg2_225,0.05,0.1,0.008052251183233492
LaPrHg2_225,0.1,0.15000000000000002,0.021930351207191827
LaPrHg2_225,0.15000000000000002,0.2,0.04081955250547659
LaPrHg2_225,0.2,0.25,0.06391255019705198
LaPrHg2_225,0.25,0.30000000000000004,0.0692609188841527
LaPrHg2_225,0.30000000000000004,0.35000000000000003,0.07866614224666907
LaPrHg2_225,0.35000000000000003,0.4,0.08542423529938219
LaPrHg2_225,0.4,0.45,0.08098346424848628
LaPrHg2_225,0.45,0.5,0.0750256886791581
LaPrHg2_225,0.5,0.55,0.058070979030805485
LaPrHg2_225,0.55,0.6000000000000001,0.05334070848242518
LaPrHg2_225,0.6000000000000001,0.65,0.03452692078017787
LaPrHg2_225,0.65,0.7000000000000001,0.02955184357798799
LaPrHg2_225,0.7000000000000001,0.75,0.023541853479930392
LaPrHg2_225,0.75,0.8,0.0219937378196333
LaPrHg2_225,0.8,0.8500000000000001,0.02028404225300953
LaPrHg2_225,0.8500000000000001,0.9,0.019589705737128756
LaPrHg2_225,0.9,0.9500000000000001,0.019639615363705724
LaPrHg2_225,0.9500000000000001,1.0,0.019635907160827547
LaPrHg2_225,1.0,1.05,0.01979412984661725
LaPrHg2_225,1.05,1.1,0.02031167651131
LaPrHg2_225,1.1,1.1500000000000001,0.0220372417157031
LaPrHg2_225,1.1500000000000001,1.2000000000000002,0.021676595271721985
LaPrHg2_225,1.2000000000000002,1.25,0.021674611048503312
LaPrHg2_225,1.25,1.3,0.02077910572513151
LaPrHg2_225,1.3,1.35,0.018485025293219395
LaPrHg2_225,1.35,1.4000000000000001,0.01274986964247967
LaPrHg2_225,1.4000000000000001,1.4500000000000002,0.007654528532303415
LaPrHg2_225,1.4500000000000002,1.5,0.004526557378616571
LaPrHg2_225,1.5,1.55,0.002583003245967439
LaPrHg2_225,1.55,1.6,0.0008183975610655466
LaPrHg2_225,1.6,1.6500000000000001,9.27864219632543e-05
LaPrHg2_225,1.6500000000000001,1.7000000000000002,0.0
LaPrHg2_225,1.7000000000000002,1.75,0.0
LaPrHg2_225,1.75,1.8,0.0
LaPrHg2_225,1.8,1.85,0.0
LaPrHg2_225,1.85,1.9000000000000001,0.0
LaPrHg2_225,1.9000000000000001,1.9500000000000002,0.0
LaPrHg2_225,1.9500000000000002,2.0,0.0
LaPrHg2_225,2.0,2.0500000000000003,0.0
LaPrHg2_225,2.0500000000000003,2.1,0.0
LaPrHg2_225,2.1,2.15,0.0
LaPrHg2_225,2.15,2.2,0.0
LaPrHg2_225,2.2,2.25,0.0
LaPrHg2_225,2.25,2.3000000000000003,0.0
LaPrHg2_225,2.3000000000000003,2.35,0.0
LaPrHg2_225,2.35,2.4000000000000004,0.0
LaPrHg2_225,2.4000000000000004,2.45,0.0
LaPrHg2_225,2.45,2.5,0.0
LaPrHg2_225,2.5,2.5500000000000003,0.0
LaPrHg2_225,2.5500000000000003,2.6,0.0
LaPrHg2_225,2.6,2.6500000000000004,0.0
LaPrHg2_225,2.6500000000000004,2.7,0.0
LaPrHg2_225,2.7,2.75,0.0
LaPrHg2_225,2.75,2.8000000000000003,0.0
LaPrHg2_225,2.8000000000000003,2.85,0.0
LaPrHg2_225,2.85,2.9000000000000004,0.0
LaPrHg2_225,2.9000000000000004,2.95,0.0
LaPrHg2_225,2.95,3.0,0.0
Sm2TlAg_225,0.0,0.05,0.0030836989068624607
Sm2TlAg_225,0.05,0.1,0.00967603515380908
Sm2TlAg_225,0.1,0.15000000000000002,0.03659821800222287
Sm2TlAg_225,0.15000000000000002,0.2,0.05920101638627172
Sm2TlAg_225,0.2,0.25,0.07290808896630208
Sm2TlAg_225,0.25,0.30000000000000004,0.11206330118411342
Sm2TlAg_225,0.30000000000000004,0.35000000000000003,0.11751634239556723
Sm2TlAg_225,0.35000000000000003,0.4,0.11500486688867684
Sm2TlAg_225,0.4,0.45,0.11438214618789476
Sm2TlAg_225,0.45,0.5,0.09695439352343674
Sm2TlAg_225,0.5,0.55,0.07121427958722017
Sm2TlAg_225,0.55,0.6000000000000001,0.05264209202152862
Sm2TlAg_225,0.6000000000000001,0.65,0.03239954409827951
Sm2TlAg_225,0.65,0.7000000000000001,0.01907598440479989
Sm2TlAg_225,0.7000000000000001,0.75,0.012005318588170746
Sm2TlAg_225,0.75,0.8,0.009903575727979307
Sm2TlAg_225,0.8,0.8500000000000001,0.008548422209200506
Sm2TlAg_225,0.8500000000000001,0.9,0.008070720603483812
Sm2TlAg_225,0.9,0.9500000000000001,0.007580110095070237
Sm2TlAg_225,0.9500000000000001,1.0,0.006963559526790809
Sm2TlAg_225,1.0,1.05,0.006642633995829547
Sm2TlAg_225,1.05,1.1,0.006293231950774467
Sm2TlAg_225,1.1,1.1500000000000001,0.0055292451557187846
Sm2TlAg_225,1.1500000000000001,1.2000000000000002,0.004654230891389531
Sm2TlAg_225,1.2000000000000002,1.25,0.003960774336732004
Sm2TlAg_225,1.25,1.3,0.003197753919520003
Sm2TlAg_225,1.3,1.35,0.0019406037038062877
Sm2TlAg_225,1.35,1.4000000000000001,0.0009132792238363834
Sm2TlAg_225,1.4000000000000001,1.4500000000000002,0.0005715913477741648
Sm2TlAg_225,1.4500000000000002,1.5,0.0003537124957197066
Sm2TlAg_225,1.5,1.55,0.00012980816909134672
Sm2TlAg_225,1.55,1.6,2.1420352127483996e-05
Sm2TlAg_225,1.6,1.6500000000000001,0.0
Sm2TlAg_225,1.6500000000000001,1.7000000000000002,0.0
Sm2TlAg_225,1.7000000000000002,1.75,0.0
Sm2TlAg_225,1.75,1.8,0.0
Sm2TlAg_225,1.8,1.85,0.0
Sm2TlAg_225,1.85,1.9000000000000001,0.0
Sm2TlAg_225,1.9000000000000001,1.9500000000000002,0.0
Sm2TlAg_225,1.9500000000000002,2.0,0.0
Sm2TlAg_225,2.0,2.0500000000000003,0.0
Sm2TlAg_225,2.0500000000000003,2.1,0.0
Sm2TlAg_225,2.1,2.15,0.0
Sm2TlAg_225,2.15,2.2,0.0
Sm2TlAg_225,2.2,2.25,0.0
Sm2TlAg_225,2.25,2.3000000000000003,0.0
Sm2TlAg_225,2.3000000000000003,2.35,0.0
Sm2TlAg_225,2.35,2.4000000000000004,0.0
Sm2TlAg_225,2.4000000000000004,2.45,0.0
Sm2TlAg_225,2.45,2.5,0.0
Sm2TlAg_225,2.5,2.5500000000000003,0.0
Sm2TlAg_225,2.5500000000000003,2.6,0.0
Sm2TlAg_225,2.6,2.6500000000000004,0.0
Sm2TlAg_225,2.6500000000000004,2.7,0.0
Sm2TlAg_225,2.7,2.75,0.0
Sm2TlAg_225,2.75,2.8000000000000003,0.0
Sm2TlAg_225,2.8000000000000003,2.85,0.0
Sm2TlAg_225,2.85,2.9000000000000004,0.0
Sm2TlAg_225,2.9000000000000004,2.95,0.0
Sm2TlAg_225,2.95,3.0,0.0
HoClO_129,0.0,0.05,0.002142981884724566
HoClO_129,0.05,0.1,0.013144515243296991
HoClO_129,0.1,0.15000000000000002,0.03437978686796456
HoClO_129,0.15000000000000002,0.2,0.057438933574164776
HoClO_129,0.2,0.25,0.08422686998610124
HoClO_129,0.25,0.30000000000000004,0.10758059676459314
HoClO_129,0.30000000000000004,0.35000000000000003,0.12501692485189175
HoClO_129,0.35000000000000003,0.4,0.12226461152799167
HoClO_129,0.4,0.45,0.1219259127660211
HoClO_129,0.45,0.5,0.10150997524785856
HoClO_129,0.5,0.55,0.08438997793236476
HoClO_129,0.55,0.6000000000000001,0.05819854490721973
HoClO_129,0.6000000000000001,0.65,0.03760155748320981
HoClO_129,0.65,0.7000000000000001,0.02067408250401976
HoClO_129,0.7000000000000001,0.75,0.009214139339642007
HoClO_129,0.75,0.8,0.004301414007795211
HoClO_129,0.8,0.8500000000000001,0.0030754847676261327
HoClO_129,0.8500000000000001,0.9,0.0025926040562016996
HoClO_129,0.9,0.9500000000000001,0.001997454782648073
HoClO_129,0.9500000000000001,1.0,0.0017537862892648348
HoClO_129,1.0,1.05,0.0013648798963478077
HoClO_129,1.05,1.1,0.0010156991577326172
HoClO_129,1.1,1.1500000000000001,0.0007911152568211365
HoClO_129,1.1500000000000001,1.2000000000000002,0.0006160487368372151
HoClO_129,1.2000000000000002,1.25,0.0004691596747753662
HoClO_129,1.25,1.3,0.0003727263033669448
HoClO_129,1.3,1.35,0.0003101259610443942
HoClO_129,1.35,1.4000000000000001,0.00029859015269858793
HoClO_129,1.4000000000000001,1.4500000000000002,0.00024101787033138514
HoClO_129,1.4500000000000002,1.5,0.0002125240836539683
HoClO_129,1.5,1.55,0.00018281260294925438
HoClO_129,1.55,1.6,0.0001502200482077592
HoClO_129,1.6,1.6500000000000001,0.0001115118676829587
HoClO_129,1.6500000000000001,1.7000000000000002,8.942066844635607e-05
HoClO_129,1.7000000000000002,1.75,6.92843523592792e-05
HoClO_129,1.75,1.8,5.804152761395059e-05
HoClO_129,1.8,1.85,4.661130730575296e-05
HoClO_129,1.85,1.9000000000000001,4.470689030412632e-05
HoClO_129,1.9000000000000001,1.9500000000000002,4.0332190371241326e-05
HoClO_129,1.9500000000000002,2.0,3.210594768914904e-05
HoClO_129,2.0,2.0500000000000003,2.287699112878821e-05
HoClO_129,2.0500000000000003,2.1,1.3781337652550558e-05
HoClO_129,2.1,2.15,9.205159016871818e-06
HoClO_129,2.15,2.2,3.801606074719584e-06
HoClO_129,2.2,2.25,2.258100711475841e-06
HoClO_129,2.25,2.3000000000000003,7.77256692864196e-07
HoClO_129,2.3000000000000003,2.35,1.7705390915940142e-07
HoClO_129,2.35,2.4000000000000004,0.0
HoClO_129,2.4000000000000004,2.45,3.321367424567979e-08
HoClO_129,2.45,2.5,0.0
HoClO_129,2.5,2.5500000000000003,0.0
HoClO_129,2.5500000000000003,2.6,0.0
HoClO_129,2.6,2.6500000000000004,0.0
HoClO_129,2.6500000000000004,2.7,0.0
HoClO_129,2.7,2.75,0.0
HoClO_129,2.75,2.8000000000000003,0.0
HoClO_129,2.8000000000000003,2.85,0.0
HoClO_129,2.85,2.9000000000000004,0.0
HoClO_129,2.9000000000000004,2.95,0.0
HoClO_129,2.95,3.0,0.0
LuCo2_227,0.0,0.05,0.00039592210206290614
LuCo2_227,0.05,0.1,0.012633189624625922
LuCo2_227,0.1,0.15000000000000002,0.01318309045990521
LuCo2_227,0.15000000000000002,0.2,0.04325804576386999
LuCo2_227,0.2,0.25,0.06637448752535474
LuCo2_227,0.25,0.30000000000000004,0.0723207685894603
LuCo2_227,0.30000000000000004,0.35000000000000003,0.08949404598184624
LuCo2_227,0.35000000000000003,0.4,0.09546690061960698
LuCo2_227,0.4,0.45,0.08996514087176304
LuCo2_227,0.45,0.5,0.10166478183987468
LuCo2_227,0.5,0.55,0.0818113123042452
LuCo2_227,0.55,0.6000000000000001,0.06616950919298496
LuCo2_227,0.6000000000000001,0.65,0.052952934663173024
LuCo2_227,0.65,0.7000000000000001,0.04130891559451054
LuCo2_227,0.7000000000000001,0.75,0.028412095567282837
LuCo2_227,0.75,0.8,0.01995448584839073
LuCo2_227,0.8,0.8500000000000001,0.015405357017635872
LuCo2_227,0.8500000000000001,0.9,0.01232225062152553
LuCo2_227,0.9,0.9500000000000001,0.011492644406778635
LuCo2_227,0.9500000000000001,1.0,0.014452029179260754
LuCo2_227,1.0,1.05,0.015712670817325934
LuCo2_227,1.05,1.1,0.014438361408899519
LuCo2_227,1.1,1.1500000000000001,0.01143961507262238
LuCo2_227,1.1500000000000001,1.2000000000000002,0.010225081566578751
LuCo2_227,1.2000000000000002,1.25,0.008214322031914589
LuCo2_227,1.25,1.3,0.006313878239103612
LuCo2_227,1.3,1.35,0.003282993018649825
LuCo2_227,1.35,1.4000000000000001,0.0011229505844854908
LuCo2_227,1.4000000000000001,1.4500000000000002,0.00021221948626180706
LuCo2_227,1.4500000000000002,1.5,0.0
LuCo2_227,1.5,1.55,0.0
LuCo2_227,1.55,1.6,0.0
LuCo2_227,1.6,1.6500000000000001,0.0
LuCo2_227,1.6500000000000001,1.7000000000000002,0.0
LuCo2_227,1.7000000000000002,1.75,0.0
LuCo2_227,1.75,1.8,0.0
LuCo2_227,1.8,1.85,0.0
LuCo2_227,1.85,1.9000000000000001,0.0
LuCo2_227,1.9000000000000001,1.9500000000000002,0.0
LuCo2_227,1.9500000000000002,2.0,0.0
LuCo2_227,2.0,2.0500000000000003,0.0
LuCo2_227,2.0500000000000003,2.1,0.0
LuCo2_227,2.1,2.15,0.0
LuCo2_227,2.15,2.2,0.0
LuCo2_227,2.2,2.25,0.0
LuCo2_227,2.25,2.3000000000000003,0.0
LuCo2_227,2.3000000000000003,2.35,0.0
LuCo2_227,2.35,2.4000000000000004,0.0
LuCo2_227,2.4000000000000004,2.45,0.0
LuCo2_227,2.45,2.5,0.0
LuCo2_227,2.5,2.5500000000000003,0.0
LuCo2_227,2.5500000000000003,2.6,0.0
LuCo2_227,2.6,2.6500000000000004,0.0
LuCo2_227,2.6500000000000004,2.7,0.0
LuCo2_227,2.7,2.75,0.0
LuCo2_227,2.75,2.8000000000000003,0.0
LuCo2_227,2.8000000000000003,2.85,0.0
LuCo2_227,2.85,2.9000000000000004,0.0
LuCo2_227,2.9000000000000004,2.95,0.0
LuCo2_227,2.95,3.0,0.0
U2BiN2_139,0.0,0.05,0.0013132511296174445
U2BiN2_139,0.05,0.1,0.008418255997384196
U2BiN2_139,0.1,0.15000000000000002,0.023384994440426733
U2BiN2_139,0.15000000000000002,0.2,0.040215919995191904
U2BiN2_139,0.2,0.25,0.05652830448271256
U2BiN2_139,0.25,0.30000000000000004,0.07126665227846686
U2BiN2_139,0.30000000000000004,0.35000000000000003,0.07925361782935472
U2BiN2_139,0.35000000000000003,0.4,0.08380133226078468
U2BiN2_139,0.4,0.45,0.08227329697050358
U2BiN2_139,0.45,0.5,0.07392290062837908
U2BiN2_139,0.5,0.55,0.06719346707254364
U2BiN2_139,0.55,0.6000000000000001,0.05628604801418746
U2BiN2_139,0.6000000000000001,0.65,0.04989128667265137
U2BiN2_139,0.65,0.7000000000000001,0.04209552619224342
U2BiN2_139,0.7000000000000001,0.75,0.037277240879128294
U2BiN2_139,0.75,0.8,0.03248517644452118
U2BiN2_139,0.8,0.8500000000000001,0.02793602268661973
U2BiN2_139,0.8500000000000001,0.9,0.023538279641934
U2BiN2_139,0.9,0.9500000000000001,0.019536018919764433
U2BiN2_139,0.9500000000000001,1.0,0.015445501467957421
U2BiN2_139,1.0,1.05,0.012199631939695992
U2BiN2_139,1.05,1.1,0.01008368337780269
U2BiN2_139,1.1,1.1500000000000001,0.00908380729110877
U2BiN2_139,1.1500000000000001,1.2000000000000002,0.008231487424203465
U2BiN2_139,1.2000000000000002,1.25,0.007310293305086603
U2BiN2_139,1.25,1.3,0.006126749716050399
U2BiN2_139,1.3,1.35,0.005353484551047448
U2BiN2_139,1.35,1.4000000000000001,0.004673374080103075
U2BiN2_139,1.4000000000000001,1.4500000000000002,0.0039128194705874515
U2BiN2_139,1.4500000000000002,1.5,0.003371092096843658
U2BiN2_139,1.5,1.55,0.0033137832707161616
U2BiN2_139,1.55,1.6,0.003186381256635414
U2BiN2_139,1.6,1.6500000000000001,0.003353994991327293
U2BiN2_139,1.6500000000000001,1.7000000000000002,0.0032333979121971996
U2BiN2_139,1.7000000000000002,1.75,0.003041432270486605
U2BiN2_139,1.75,1.8,0.0028207111003072717
U2BiN2_139,1.8,1.85,0.002306145607184284
U2BiN2_139,1.85,1.9000000000000001,0.0021867649744748796
U2BiN2_139,1.9000000000000001,1.9500000000000002,0.002002388960640265
U2BiN2_139,1.9500000000000002,2.0,0.0017537243008791052
U2BiN2_139,2.0,2.0500000000000003,0.00172640654290347
U2BiN2_139,2.0500000000000003,2.1,0.0015183191164705907
U2BiN2_139,2.1,2.15,0.0013604839982459724
U2BiN2_139,2.15,2.2,0.0013435086963928889
U2BiN2_139,2.2,2.25,0.001021476129719854
U2BiN2_139,2.25,2.3000000000000003,0.00096889970832876
U2BiN2_139,2.3000000000000003,2.35,0.0008779420027782805
U2BiN2_139,2.35,2.4000000000000004,0.0005320370135155335
U2BiN2_139,2.4000000000000004,2.45,0.0004565425764484195
U2BiN2_139,2.45,2.5,0.00028576666655952563
U2BiN2_139,2.5,2.5500000000000003,9.668857722079946e-05
U2BiN2_139,2.5500000000000003,2.6,0.00014153679519817545
U2BiN2_139,2.6,2.6500000000000004,5.065626793991965e-05
U2BiN2_139,2.6500000000000004,2.7,2.652857969581339e-06
U2BiN2_139,2.7,2.75,8.841148557664992e-06
U2BiN2_139,2.75,2.8000000000000003,0.0
U2BiN2_139,2.8000000000000003,2.85,0.0
U2BiN2_139,2.85,2.9000000000000004,0.0
U2BiN2_139,2.9000000000000004,2.95,0.0
U2BiN2_139,2.95,3.0,0.0
HfAlCo2_225,0.0,0.05,0.00032977182801747834
HfAlCo2_225,0.05,0.1,0.008117269991779344
HfAlCo2_225,0.1,0.15000000000000002,0.019468735365317826
HfAlCo2_225,0.15000000000000002,0.2,0.04246892762211811
HfAlCo2_225,0.2,0.25,0.05090931459594972
HfAlCo2_225,0.25,0.30000000000000004,0.07196856671593714
HfAlCo2_225,0.30000000000000004,0.35000000000000003,0.09131328122259402
HfAlCo2_225,0.35000000000000003,0.4,0.0935756042342526
HfAlCo2_225,0.4,0.45,0.09950071088482093
HfAlCo2_225,0.45,0.5,0.0923810440147249
HfAlCo2_225,0.5,0.55,0.08590898128343556
HfAlCo2_225,0.55,0.6000000000000001,0.07425947085030801
HfAlCo2_225,0.6000000000000001,0.65,0.05767256616350572
HfAlCo2_225,0.65,0.7000000000000001,0.04256163219408523
HfAlCo2_225,0.7000000000000001,0.75,0.034249937133584825
HfAlCo2_225,0.75,0.8,0.024342702904448763
HfAlCo2_225,0.8,0.8500000000000001,0.020730212739999653
HfAlCo2_225,0.8500000000000001,0.9,0.014603524281439791
HfAlCo2_225,0.9,0.9500000000000001,0.01080517720753982
HfAlCo2_225,0.9500000000000001,1.0,0.006631668932981166
HfAlCo2_225,1.0,1.05,0.0045191147059042095
HfAlCo2_225,1.05,1.1,0.006591642101075945
HfAlCo2_225,1.1,1.1500000000000001,0.00817093306373974
HfAlCo2_225,1.1500000000000001,1.2000000000000002,0.008874742214778302
HfAlCo2_225,1.2000000000000002,1.25,0.008915748527526609
HfAlCo2_225,1.25,1.3,0.006709020015779221
HfAlCo2_225,1.3,1.35,0.0038371694630593796
HfAlCo2_225,1.35,1.4000000000000001,0.002590645605149442
HfAlCo2_225,1.4000000000000001,1.4500000000000002,0.00249031835424533
HfAlCo2_225,1.4500000000000002,1.5,0.002307481427871814
HfAlCo2_225,1.5,1.55,0.0020000908976804
HfAlCo2_225,1.55,1.6,0.0009323385389135981
HfAlCo2_225,1.6,1.6500000000000001,0.00021698250992764195
HfAlCo2_225,1.6500000000000001,1.7000000000000002,4.467240751245161e-05
HfAlCo2_225,1.7000000000000002,1.75,0.0
HfAlCo2_225,1.75,1.8,0.0
HfAlCo2_225,1.8,1.85,0.0
HfAlCo2_225,1.85,1.9000000000000001,0.0
HfAlCo2_225,1.9000000000000001,1.9500000000000002,0.0
HfAlCo2_225,1.9500000000000002,2.0,0.0
HfAlCo2_225,2.0,2.0500000000000003,0.0
HfAlCo2_225,2.0500000000000003,2.1,0.0
HfAlCo2_225,2.1,2.15,0.0
HfAlCo2_225,2.15,2.2,0.0
HfAlCo2_225,2.2,2.25,0.0
HfAlCo2_225,2.25,2.3000000000000003,0.0
HfAlCo2_225,2.3000000000000003,2.35,0.0
HfAlCo2_225,2.35,2.4000000000000004,0.0
HfAlCo2_225,2.4000000000000004,2.45,0.0
HfAlCo2_225,2.45,2.5,0.0
HfAlCo2_225,2.5,2.5500000000000003,0.0
HfAlCo2_225,2.5500000000000003,2.6,0.0
HfAlCo2_225,2.6,2.6500000000000004,0.0
HfAlCo2_225,2.6500000000000004,2.7,0.0
HfAlCo2_225,2.7,2.75,0.0
HfAlCo2_225,2.75,2.8000000000000003,0.0
HfAlCo2_225,2.8000000000000003,2.85,0.0
HfAlCo2_225,2.85,2.9000000000000004,0.0
HfAlCo2_225,2.9000000000000004,2.95,0.0
HfAlCo2_225,2.95,3.0,0.0
NdMgGa_189,0.0,0.05,0.0017994473262189937
NdMgGa_189,0.05,0.1,0.013312829190194709
NdMgGa_189,0.1,0.15000000000000002,0.03293147570620996
NdMgGa_189,0.15000000000000002,0.2,0.06026855075820442
NdMgGa_189,0.2,0.25,0.08310746803222996
NdMgGa_189,0.25,0.30000000000000004,0.10284512556129502
NdMgGa_189,0.30000000000000004,0.35000000000000003,0.11596652133633964
NdMgGa_189,0.35000000000000003,0.4,0.11425694119886011
NdMgGa_189,0.4,0.45,0.10619322885660572
NdMgGa_189,0.45,0.5,0.08825263184026644
NdMgGa_189,0.5,0.55,0.06940059126018637
NdMgGa_189,0.55,0.6000000000000001,0.04764186110332978
NdMgGa_189,0.6000000000000001,0.65,0.03123022425704756
NdMgGa_189,0.65,0.7000000000000001,0.01930686888109888
NdMgGa_189,0.7000000000000001,0.75,0.01391198732223459
NdMgGa_189,0.75,0.8,0.012129165735561696
NdMgGa_189,0.8,0.8500000000000001,0.011127128316112225
NdMgGa_189,0.8500000000000001,0.9,0.010189462504818735
NdMgGa_189,0.9,0.9500000000000001,0.009151026054523753
NdMgGa_189,0.9500000000000001,1.0,0.00826882508508233
NdMgGa_189,1.0,1.05,0.007656949110448755
NdMgGa_189,1.05,1.1,0.007221604671910063
NdMgGa_189,1.1,1.1500000000000001,0.006469387628954019
NdMgGa_189,1.1500000000000001,1.2000000000000002,0.005718620673025408
NdMgGa_189,1.2000000000000002,1.25,0.004870850411244549
NdMgGa_189,1.25,1.3,0.004235233528201085
NdMgGa_189,1.3,1.35,0.0032404948851889087
NdMgGa_189,1.35,1.4000000000000001,0.002076074033942339
NdMgGa_189,1.4000000000000001,1.4500000000000002,0.0013838646225669434
NdMgGa_189,1.4500000000000002,1.5,0.0009554278705486136
NdMgGa_189,1.5,1.55,0.0008182545637786098
NdMgGa_189,1.55,1.6,0.0007819347603916749
NdMgGa_189,1.6,1.6500000000000001,0.0007099944248039522
NdMgGa_189,1.6500000000000001,1.7000000000000002,0.0006511520912642917
NdMgGa_189,1.7000000000000002,1.75,0.0005562227085057253
NdMgGa_189,1.75,1.8,0.0004541215880333412
NdMgGa_189,1.8,1.85,0.00036119638116660846
NdMgGa_189,1.85,1.9000000000000001,0.00025469132793089005
NdMgGa_189,1.9000000000000001,1.9500000000000002,0.0001426891388723121
NdMgGa_189,1.9500000000000002,2.0,9.073426387689168e-05
NdMgGa_189,2.0,2.0500000000000003,3.9678490098126635e-05
NdMgGa_189,2.0500000000000003,2.1,1.3114955762097048e-05
NdMgGa_189,2.1,2.15,5.604188007356949e-06
NdMgGa_189,2.15,2.2,7.433550561465434e-07
NdMgGa_189,2.2,2.25,0.0
NdMgGa_189,2.25,2.3000000000000003,0.0
NdMgGa_189,2.3000000000000003,2.35,0.0
NdMgGa_189,2.35,2.4000000000000004,0.0
NdMgGa_189,2.4000000000000004,2.45,0.0
NdMgGa_189,2.45,2.5,0.0
NdMgGa_189,2.5,2.5500000000000003,0.0
NdMgGa_189,2.5500000000000003,2.6,0.0
NdMgGa_189,2.6,2.6500000000000004,0.0
NdMgGa_189,2.6500000000000004,2.7,0.0
NdMgGa_189,2.7,2.75,0.0
NdMgGa_189,2.75,2.8000000000000003,0.0
NdMgGa_189,2.8000000000000003,2.85,0.0
NdMgGa_189,2.85,2.9000000000000004,0.0
NdMgGa_189,2.9000000000000004,2.95,0.0
NdMgGa_189,2.95,3.0,0.0
ErInAg2_225,0.0,0.05,0.004542449453494605
ErInAg2_225,0.05,0.1,0.014163465562350144
ErInAg2_225,0.1,0.15000000000000002,0.038434946396244174
ErInAg2_225,0.15000000000000002,0.2,0.058274645418606344
ErInAg2_225,0.2,0.25,0.09563323993552711
ErInAg2_225,0.25,0.30000000000000004,0.13049032245763895
ErInAg2_225,0.30000000000000004,0.35000000000000003,0.11546213138429988
ErInAg2_225,0.35000000000000003,0.4,0.12181727925519167
ErInAg2_225,0.4,0.45,0.12661767453116168
ErInAg2_225,0.45,0.5,0.10275440477307661
ErInAg2_225,0.5,0.55,0.06764483277123155
ErInAg2_225,0.55,0.6000000000000001,0.04883224983146785
ErInAg2_225,0.6000000000000001,0.65,0.025822320745235473
ErInAg2_225,0.65,0.7000000000000001,0.013493694347081482
ErInAg2_225,0.7000000000000001,0.75,0.006295225454940612
ErInAg2_225,0.75,0.8,0.004566229597563886
ErInAg2_225,0.8,0.8500000000000001,0.004260065699957736
ErInAg2_225,0.8500000000000001,0.9,0.0035137014618752092
ErInAg2_225,0.9,0.9500000000000001,0.0029331475789826354
ErInAg2_225,0.9500000000000001,1.0,0.0026124185099469345
ErInAg2_225,1.0,1.05,0.002303000245390738
ErInAg2_225,1.05,1.1,0.0021414076335390633
ErInAg2_225,1.1,1.1500000000000001,0.0018698307901929363
ErInAg2_225,1.1500000000000001,1.2000000000000002,0.0017047412754193341
ErInAg2_225,1.2000000000000002,1.25,0.001585713725577075
ErInAg2_225,1.25,1.3,0.0011857768898428376
ErInAg2_225,1.3,1.35,0.000717684700727599
ErInAg2_225,1.35,1.4000000000000001,0.0002842362232566468
ErInAg2_225,1.4000000000000001,1.4500000000000002,4.211274610947482e-05
ErInAg2_225,1.4500000000000002,1.5,1.050604070304046e-06
ErInAg2_225,1.5,1.55,0.0
ErInAg2_225,1.55,1.6,0.0
ErInAg2_225,1.6,1.6500000000000001,0.0
ErInAg2_225,1.6500000000000001,1.7000000000000002,0.0
ErInAg2_225,1.7000000000000002,1.75,0.0
ErInAg2_225,1.75,1.8,0.0
ErInAg2_225,1.8,1.85,0.0
ErInAg2_225,1.85,1.9000000000000001,0.0
ErInAg2_225,1.9000000000000001,1.9500000000000002,0.0
ErInAg2_225,1.9500000000000002,2.0,0.0
ErInAg2_225,2.0,2.0500000000000003,0.0
ErInAg2_225,2.0500000000000003,2.1,0.0
ErInAg2_225,2.1,2.15,0.0
ErInAg2_225,2.15,2.2,0.0
ErInAg2_225,2.2,2.25,0.0
ErInAg2_225,2.25,2.3000000000000003,0.0
ErInAg2_225,2.3000000000000003,2.35,0.0
ErInAg2_225,2.35,2.4000000000000004,0.0
ErInAg2_225,2.4000000000000004,2.45,0.0
ErInAg2_225,2.45,2.5,0.0
ErInAg2_225,2.5,2.5500000000000003,0.0
ErInAg2_225,2.5500000000000003,2.6,0.0
ErInAg2_225,2.6,2.6500000000000004,0.0
ErInAg2_225,2.6500000000000004,2.7,0.0
ErInAg2_225,2.7,2.75,0.0
ErInAg2_225,2.75,2.8000000000000003,0.0
ErInAg2_225,2.8000000000000003,2.85,0.0
ErInAg2_225,2.85,2.9000000000000004,0.0
ErInAg2_225,2.9000000000000004,2.95,0.0
ErInAg2_225,2.95,3.0,0.0
NdCoC2_9,0.0,0.05,0.0016657322746856836
NdCoC2_9,0.05,0.1,0.013053213614859425
NdCoC2_9,0.1,0.15000000000000002,0.031884141451932385
NdCoC2_9,0.15000000000000002,0.2,0.05855792483409486
NdCoC2_9,0.2,0.25,0.08075335361640704
NdCoC2_9,0.25,0.30000000000000004,0.09911025973863631
NdCoC2_9,0.30000000000000004,0.35000000000000003,0.11299636288077107
NdCoC2_9,0.35000000000000003,0.4,0.1138751227780876
NdCoC2_9,0.4,0.45,0.1039463321780123
NdCoC2_9,0.45,0.5,0.09021997792814558
NdCoC2_9,0.5,0.55,0.07022059739512614
NdCoC2_9,0.55,0.6000000000000001,0.05046135049899992
NdCoC2_9,0.6000000000000001,0.65,0.033434951558946394
NdCoC2_9,0.65,0.7000000000000001,0.02153217440359023
NdCoC2_9,0.7000000000000001,0.75,0.015009428595858517
NdCoC2_9,0.75,0.8,0.012638358882303786
NdCoC2_9,0.8,0.8500000000000001,0.011400942381176365
NdCoC2_9,0.8500000000000001,0.9,0.010106534581743067
NdCoC2_9,0.9,0.9500000000000001,0.00891294756273521
NdCoC2_9,0.9500000000000001,1.0,0.007401279048510462
NdCoC2_9,1.0,1.05,0.006091621900667155
NdCoC2_9,1.05,1.1,0.004873704623383992
NdCoC2_9,1.1,1.1500000000000001,0.0042236211871712745
NdCoC2_9,1.1500000000000001,1.2000000000000002,0.003898381375712979
NdCoC2_9,1.2000000000000002,1.25,0.003594493013318238
NdCoC2_9,1.25,1.3,0.0028624951289778085
NdCoC2_9,1.3,1.35,0.0022004272762577663
NdCoC2_9,1.35,1.4000000000000001,0.0019655945862811375
NdCoC2_9,1.4000000000000001,1.4500000000000002,0.001895961966439393
NdCoC2_9,1.4500000000000002,1.5,0.001857492607947972
NdCoC2_9,1.5,1.55,0.0018702244071221545
NdCoC2_9,1.55,1.6,0.0017613548640535272
NdCoC2_9,1.6,1.6500000000000001,0.0016537989736205726
NdCoC2_9,1.6500000000000001,1.7000000000000002,0.001753142034389543
NdCoC2_9,1.7000000000000002,1.75,0.0018745895186538747
NdCoC2_9,1.75,1.8,0.001705746340137381
NdCoC2_9,1.8,1.85,0.00154113968445835
NdCoC2_9,1.85,1.9000000000000001,0.0013499317535655363
NdCoC2_9,1.9000000000000001,1.9500000000000002,0.0011453596436026812
NdCoC2_9,1.9500000000000002,2.0,0.0009629580302039599
NdCoC2_9,2.0,2.0500000000000003,0.0008294306367902923
NdCoC2_9,2.0500000000000003,2.1,0.0007081371548471511
NdCoC2_9,2.1,2.15,0.000588424696109744
NdCoC2_9,2.15,2.2,0.0004763648421250621
NdCoC2_9,2.2,2.25,0.00037006254149764874
NdCoC2_9,2.25,2.3000000000000003,0.0002784896517395594
NdCoC2_9,2.3000000000000003,2.35,0.0001882561440615499
NdCoC2_9,2.35,2.4000000000000004,0.00013082548750422085
NdCoC2_9,2.4000000000000004,2.45,5.8518090658810657e-05
NdCoC2_9,2.45,2.5,4.6468996878756656e-05
NdCoC2_9,2.5,2.5500000000000003,3.2695855180365675e-05
NdCoC2_9,2.5500000000000003,2.6,1.63641189630274e-05
NdCoC2_9,2.6,2.6500000000000004,8.86430194744346e-06
NdCoC2_9,2.6500000000000004,2.7,4.072361109271754e-06
NdCoC2_9,2.7,2.75,0.0
NdCoC2_9,2.75,2.8000000000000003,0.0
NdCoC2_9,2.8000000000000003,2.85,0.0
NdCoC2_9,2.85,2.9000000000000004,0.0
NdCoC2_9,2.9000000000000004,2.95,0.0
NdCoC2_9,2.95,3.0,0.0
Ba2NdNbO6_12,0.0,0.05,0.0028647509828523057
Ba2NdNbO6_12,0.05,0.1,0.014036837815076383
Ba2NdNbO6_12,0.1,0.15000000000000002,0.03257475719126172
Ba2NdNbO6_12,0.15000000000000002,0.2,0.06424542046394552
Ba2NdNbO6_12,0.2,0.25,0.0852666323520836
Ba2NdNbO6_12,0.25,0.30000000000000004,0.10555435122129853
Ba2NdNbO6_12,0.30000000000000004,0.35000000000000003,0.11707676552332863
Ba2NdNbO6_12,0.35000000000000003,0.4,0.12369929921264805
Ba2NdNbO6_12,0.4,0.45,0.110320166768355
Ba2NdNbO6_12,0.45,0.5,0.09174590807522057
Ba2NdNbO6_12,0.5,0.55,0.07277848620244774
Ba2NdNbO6_12,0.55,0.6000000000000001,0.04946439073396473
Ba2NdNbO6_12,0.6000000000000001,0.65,0.033083685247010254
Ba2NdNbO6_12,0.65,0.7000000000000001,0.02049964677751968
Ba2NdNbO6_12,0.7000000000000001,0.75,0.013724007739171562
Ba2NdNbO6_12,0.75,0.8,0.011278472450346692
Ba2NdNbO6_12,0.8,0.8500000000000001,0.00955255592605302
Ba2NdNbO6_12,0.8500000000000001,0.9,0.007124825990133953
Ba2NdNbO6_12,0.9,0.9500000000000001,0.004849569379360725
Ba2NdNbO6_12,0.9500000000000001,1.0,0.0032230805831628823
Ba2NdNbO6_12,1.0,1.05,0.0020578811531165126
Ba2NdNbO6_12,1.05,1.1,0.0013331834770246769
Ba2NdNbO6_12,1.1,1.1500000000000001,0.0009634899701070924
Ba2NdNbO6_12,1.1500000000000001,1.2000000000000002,0.0007873513649480729
Ba2NdNbO6_12,1.2000000000000002,1.25,0.0007603737886608263
Ba2NdNbO6_12,1.25,1.3,0.0007717066815205785
Ba2NdNbO6_12,1.3,1.35,0.0008873880339124552
Ba2NdNbO6_12,1.35,1.4000000000000001,0.0010648867218260721
Ba2NdNbO6_12,1.4000000000000001,1.4500000000000002,0.0012745007766684384
Ba2NdNbO6_12,1.4500000000000002,1.5,0.0015476265701026314
Ba2NdNbO6_12,1.5,1.55,0.0016938812674932309
Ba2NdNbO6_12,1.55,1.6,0.0016926469678563954
Ba2NdNbO6_12,1.6,1.6500000000000001,0.0016074182634206098
Ba2NdNbO6_12,1.6500000000000001,1.7000000000000002,0.0015647431360230628
Ba2NdNbO6_12,1.7000000000000002,1.75,0.0014453383992841522
Ba2NdNbO6_12,1.75,1.8,0.0012770106264605606
Ba2NdNbO6_12,1.8,1.85,0.0011842567507521216
Ba2NdNbO6_12,1.85,1.9000000000000001,0.0010416143958366874
Ba2NdNbO6_12,1.9000000000000001,1.9500000000000002,0.0009486283402813247
Ba2NdNbO6_12,1.9500000000000002,2.0,0.0008481638367255048
Ba2NdNbO6_12,2.0,2.0500000000000003,0.000725720385177876
Ba2NdNbO6_12,2.0500000000000003,2.1,0.00060602926542462
Ba2NdNbO6_12,2.1,2.15,0.0004053697428886207
Ba2NdNbO6_12,2.15,2.2,0.0002523388018261912
Ba2NdNbO6_12,2.2,2.25,0.00015102488187818144
Ba2NdNbO6_12,2.25,2.3000000000000003,8.400087854425316e-05
Ba2NdNbO6_12,2.3000000000000003,2.35,3.711476988766593e-05
Ba2NdNbO6_12,2.35,2.4000000000000004,1.3662088876912275e-05
Ba2NdNbO6_12,2.4000000000000004,2.45,5.531794171571883e-06
Ba2NdNbO6_12,2.45,2.5,1.8530345594164382e-06
Ba2NdNbO6_12,2.5,2.5500000000000003,9.562606485885981e-07
Ba2NdNbO6_12,2.5500000000000003,2.6,4.235909401830134e-07
Ba2NdNbO6_12,2.6,2.6500000000000004,2.01142696858515e-07
Ba2NdNbO6_12,2.6500000000000004,2.7,6.266692017742124e-08
Ba2NdNbO6_12,2.7,2.75,9.53829309208876e-09
Ba2NdNbO6_12,2.75,2.8000000000000003,0.0
Ba2NdNbO6_12,2.8000000000000003,2.85,0.0
Ba2NdNbO6_12,2.85,2.9000000000000004,0.0
Ba2NdNbO6_12,2.9000000000000004,2.95,0.0
Ba2NdNbO6_12,2.95,3.0,0.0
PmDyMg2_225,0.0,0.05,0.0031113301740535422
PmDyMg2_225,0.05,0.1,0.00973741801639476
PmDyMg2_225,0.1,0.15000000000000002,0.031727244951891914
PmDyMg2_225,0.15000000000000002,0.2,0.06397481360321647
PmDyMg2_225,0.2,0.25,0.07228690517543192
PmDyMg2_225,0.25,0.30000000000000004,0.10742683857829202
PmDyMg2_225,0.30000000000000004,0.35000000000000003,0.10628633056793932
PmDyMg2_225,0.35000000000000003,0.4,0.11695225045045397
PmDyMg2_225,0.4,0.45,0.10903393773945234
PmDyMg2_225,0.45,0.5,0.09102607955791639
PmDyMg2_225,0.5,0.55,0.0729023892746141
PmDyMg2_225,0.55,0.6000000000000001,0.04974482692197256
PmDyMg2_225,0.6000000000000001,0.65,0.0323433767251974
PmDyMg2_225,0.65,0.7000000000000001,0.01854686695812799
PmDyMg2_225,0.7000000000000001,0.75,0.009973260186809392
PmDyMg2_225,0.75,0.8,0.007620357583771672
PmDyMg2_225,0.8,0.8500000000000001,0.006454111004011873
PmDyMg2_225,0.8500000000000001,0.9,0.006234829627093873
PmDyMg2_225,0.9,0.9500000000000001,0.006089699584860474
PmDyMg2_225,0.9500000000000001,1.0,0.005599190669292359
PmDyMg2_225,1.0,1.05,0.006082016201743339
PmDyMg2_225,1.05,1.1,0.006451993880776394
PmDyMg2_225,1.1,1.1500000000000001,0.0067335036395173055
PmDyMg2_225,1.1500000000000001,1.2000000000000002,0.006749552929163517
PmDyMg2_225,1.2000000000000002,1.25,0.006435144188999001
PmDyMg2_225,1.25,1.3,0.006005886501302249
PmDyMg2_225,1.3,1.35,0.0046494697997417666
PmDyMg2_225,1.35,1.4000000000000001,0.002967843882645071
PmDyMg2_225,1.4000000000000001,1.4500000000000002,0.002584250389822757
PmDyMg2_225,1.4500000000000002,1.5,0.0026856930795743626
PmDyMg2_225,1.5,1.55,0.0030335337332393114
PmDyMg2_225,1.55,1.6,0.0031456055038605914
PmDyMg2_225,1.6,1.6500000000000001,0.0030912880822384315
PmDyMg2_225,1.6500000000000001,1.7000000000000002,0.00300341531012511
PmDyMg2_225,1.7000000000000002,1.75,0.0028449944798246626
PmDyMg2_225,1.75,1.8,0.0024855284295463216
PmDyMg2_225,1.8,1.85,0.002082925408227524
PmDyMg2_225,1.85,1.9000000000000001,0.0012531992282212429
PmDyMg2_225,1.9000000000000001,1.9500000000000002,0.0005381081470533913
PmDyMg2_225,1.9500000000000002,2.0,9.229364986185475e-05
PmDyMg2_225,2.0,2.0500000000000003,1.1696183721503835e-05
PmDyMg2_225,2.0500000000000003,2.1,0.0
PmDyMg2_225,2.1,2.15,0.0
PmDyMg2_225,2.15,2.2,0.0
PmDyMg2_225,2.2,2.25,0.0
PmDyMg2_225,2.25,2.3000000000000003,0.0
PmDyMg2_225,2.3000000000000003,2.35,0.0
PmDyMg2_225,2.35,2.4000000000000004,0.0
PmDyMg2_225,2.4000000000000004,2.45,0.0
PmDyMg2_225,2.45,2.5,0.0
PmDyMg2_225,2.5,2.5500000000000003,0.0
PmDyMg2_225,2.5500000000000003,2.6,0.0
PmDyMg2_225,2.6,2.6500000000000004,0.0
PmDyMg2_225,2.6500000000000004,2.7,0.0
PmDyMg2_225,2.7,2.75,0.0
PmDyMg2_225,2.75,2.8000000000000003,0.0
PmDyMg2_225,2.8000000000000003,2.85,0.0
PmDyMg2_225,2.85,2.9000000000000004,0.0
PmDyMg2_225,2.9000000000000004,2.95,0.0
PmDyMg2_225,2.95,3.0,0.0
DyHoIn2_225,0.0,0.05,0.002446648193337468
DyHoIn2_225,0.05,0.1,0.011968200246156668
DyHoIn2_225,0.1,0.15000000000000002,0.024855070064353
DyHoIn2_225,0.15000000000000002,0.2,0.0508016254048621
DyHoIn2_225,0.2,0.25,0.06704189082146769
DyHoIn2_225,0.25,0.30000000000000004,0.09087949861921944
DyHoIn2_225,0.30000000000000004,0.35000000000000003,0.09350991255249848
DyHoIn2_225,0.35000000000000003,0.4,0.09591411684762201
DyHoIn2_225,0.4,0.45,0.09955488854125678
DyHoIn2_225,0.45,0.5,0.08765740501801517
DyHoIn2_225,0.5,0.55,0.0740330033705125
DyHoIn2_225,0.55,0.6000000000000001,0.06504130200492453
DyHoIn2_225,0.6000000000000001,0.65,0.04603680147548003
DyHoIn2_225,0.65,0.7000000000000001,0.030596977333136634
DyHoIn2_225,0.7000000000000001,0.75,0.01977734336182304
DyHoIn2_225,0.75,0.8,0.015676571763438174
DyHoIn2_225,0.8,0.8500000000000001,0.015129563782580742
DyHoIn2_225,0.8500000000000001,0.9,0.014334555946381168
DyHoIn2_225,0.9,0.9500000000000001,0.014020728330411396
DyHoIn2_225,0.9500000000000001,1.0,0.01437468138589225
DyHoIn2_225,1.0,1.05,0.014546819404745432
DyHoIn2_225,1.05,1.1,0.014059122579737996
DyHoIn2_225,1.1,1.1500000000000001,0.013073472669296269
DyHoIn2_225,1.1500000000000001,1.2000000000000002,0.009803324305538397
DyHoIn2_225,1.2000000000000002,1.25,0.007728480854818462
DyHoIn2_225,1.25,1.3,0.005034726167756424
DyHoIn2_225,1.3,1.35,0.0018596651048674979
DyHoIn2_225,1.35,1.4000000000000001,0.00024089349738340323
DyHoIn2_225,1.4000000000000001,1.4500000000000002,2.7103524884439972e-06
DyHoIn2_225,1.4500000000000002,1.5,0.0
DyHoIn2_225,1.5,1.55,0.0
DyHoIn2_225,1.55,1.6,0.0
DyHoIn2_225,1.6,1.6500000000000001,0.0
DyHoIn2_225,1.6500000000000001,1.7000000000000002,0.0
DyHoIn2_225,1.7000000000000002,1.75,0.0
DyHoIn2_225,1.75,1.8,0.0
DyHoIn2_225,1.8,1.85,0.0
DyHoIn2_225,1.85,1.9000000000000001,0.0
DyHoIn2_225,1.9000000000000001,1.9500000000000002,0.0
DyHoIn2_225,1.9500000000000002,2.0,0.0
DyHoIn2_225,2.0,2.0500000000000003,0.0
DyHoIn2_225,2.0500000000000003,2.1,0.0
DyHoIn2_225,2.1,2.15,0.0
DyHoIn2_225,2.15,2.2,0.0
DyHoIn2_225,2.2,2.25,0.0
DyHoIn2_225,2.25,2.3000000000000003,0.0
DyHoIn2_225,2.3000000000000003,2.35,0.0
DyHoIn2_225,2.35,2.4000000000000004,0.0
DyHoIn2_225,2.4000000000000004,2.45,0.0
DyHoIn2_225,2.45,2.5,0.0
DyHoIn2_225,2.5,2.5500000000000003,0.0
DyHoIn2_225,2.5500000000000003,2.6,0.0
DyHoIn2_225,2.6,2.6500000000000004,0.0
DyHoIn2_225,2.6500000000000004,2.7,0.0
DyHoIn2_225,2.7,2.75,0.0
DyHoIn2_225,2.75,2.8000000000000003,0.0
DyHoIn2_225,2.8000000000000003,2.85,0.0
DyHoIn2_225,2.85,2.9000000000000004,0.0
DyHoIn2_225,2.9000000000000004,2.95,0.0
DyHoIn2_225,2.95,3.0,0.0
Ba3TbRu2O9_194,0.0,0.05,0.0011876962191316718
Ba3TbRu2O9_194,0.05,0.1,0.006691614941477363
Ba3TbRu2O9_194,0.1,0.15000000000000002,0.016325383497757088
Ba3TbRu2O9_194,0.15000000000000002,0.2,0.029600378545372417
Ba3TbRu2O9_194,0.2,0.25,0.034297653368515944
Ba3TbRu2O9_194,0.25,0.30000000000000004,0.04555486267685761
Ba3TbRu2O9_194,0.30000000000000004,0.35000000000000003,0.04314123501173351
Ba3TbRu2O9_194,0.35000000000000003,0.4,0.04638309124326011
Ba3TbRu2O9_194,0.4,0.45,0.057851234204383754
Ba3TbRu2O9_194,0.45,0.5,0.05886089253803353
Ba3TbRu2O9_194,0.5,0.55,0.057337545892787244
Ba3TbRu2O9_194,0.55,0.6000000000000001,0.05130105918114759
Ba3TbRu2O9_194,0.6000000000000001,0.65,0.04866449261190462
Ba3TbRu2O9_194,0.65,0.7000000000000001,0.04584832693513323
Ba3TbRu2O9_194,0.7000000000000001,0.75,0.0419005018268181
Ba3TbRu2O9_194,0.75,0.8,0.036336820197821015
Ba3TbRu2O9_194,0.8,0.8500000000000001,0.03492677316744728
Ba3TbRu2O9_194,0.8500000000000001,0.9,0.034983972788294675
Ba3TbRu2O9_194,0.9,0.9500000000000001,0.033308435398904004
Ba3TbRu2O9_194,0.9500000000000001,1.0,0.02910497850296154
Ba3TbRu2O9_194,1.0,1.05,0.02449665997234041
Ba3TbRu2O9_194,1.05,1.1,0.019765848892549315
Ba3TbRu2O9_194,1.1,1.1500000000000001,0.01655476877395519
Ba3TbRu2O9_194,1.1500000000000001,1.2000000000000002,0.012907349032762666
Ba3TbRu2O9_194,1.2000000000000002,1.25,0.010116016358072117
Ba3TbRu2O9_194,1.25,1.3,0.007999673612084323
Ba3TbRu2O9_194,1.3,1.35,0.006919760015780033
Ba3TbRu2O9_194,1.35,1.4000000000000001,0.006367327609949143
Ba3TbRu2O9_194,1.4000000000000001,1.4500000000000002,0.006694970959846336
Ba3TbRu2O9_194,1.4500000000000002,1.5,0.0070421526218564815
Ba3TbRu2O9_194,1.5,1.55,0.007601096010239537
Ba3TbRu2O9_194,1.55,1.6,0.008187748067146347
Ba3TbRu2O9_194,1.6,1.6500000000000001,0.008917405325393413
Ba3TbRu2O9_194,1.6500000000000001,1.7000000000000002,0.009474942307237017
Ba3TbRu2O9_194,1.7000000000000002,1.75,0.010197590474156389
Ba3TbRu2O9_194,1.75,1.8,0.010600110425617306
Ba3TbRu2O9_194,1.8,1.85,0.011172834008683286
Ba3TbRu2O9_194,1.85,1.9000000000000001,0.0112759625420959
Ba3TbRu2O9_194,1.9000000000000001,1.9500000000000002,0.010743590680059572
Ba3TbRu2O9_194,1.9500000000000002,2.0,0.010176046255040884
Ba3TbRu2O9_194,2.0,2.0500000000000003,0.008557995301914286
Ba3TbRu2O9_194,2.0500000000000003,2.1,0.006675220253318832
Ba3TbRu2O9_194,2.1,2.15,0.005011894283122018
Ba3TbRu2O9_194,2.15,2.2,0.0032118664158812017
Ba3TbRu2O9_194,2.2,2.25,0.0021684757761053896
Ba3TbRu2O9_194,2.25,2.3000000000000003,0.001284819216198588
Ba3TbRu2O9_194,2.3000000000000003,2.35,0.0008737643086417539
Ba3TbRu2O9_194,2.35,2.4000000000000004,0.000615640139964341
Ba3TbRu2O9_194,2.4000000000000004,2.45,0.00042233486546328254
Ba3TbRu2O9_194,2.45,2.5,0.0002240941444447801
Ba3TbRu2O9_194,2.5,2.5500000000000003,0.0001037291040507927
Ba3TbRu2O9_194,2.5500000000000003,2.6,2.9721049869679335e-05
Ba3TbRu2O9_194,2.6,2.6500000000000004,1.642446415586427e-06
Ba3TbRu2O9_194,2.6500000000000004,2.7,0.0
Ba3TbRu2O9_194,2.7,2.75,0.0
Ba3TbRu2O9_194,2.75,2.8000000000000003,0.0
Ba3TbRu2O9_194,2.8000000000000003,2.85,0.0
Ba3TbRu2O9_194,2.85,2.9000000000000004,0.0
Ba3TbRu2O9_194,2.9000000000000004,2.95,0.0
Ba3TbRu2O9_194,2.95,3.0,0.0
TiF3_221,0.0,0.05,0.002003068724623531
TiF3_221,0.05,0.1,0.006433399287938123
TiF3_221,0.1,0.15000000000000002,0.020800725219988925
TiF3_221,0.15000000000000002,0.2,0.03417037368908101
TiF3_221,0.2,0.25,0.05626195899072394
TiF3_221,0.25,0.30000000000000004,0.06304589937785049
TiF3_221,0.30000000000000004,0.35000000000000003,0.08297984189708843
TiF3_221,0.35000000000000003,0.4,0.08986025141759907
TiF3_221,0.4,0.45,0.09378739348078396
TiF3_221,0.45,0.5,0.08708421012581821
TiF3_221,0.5,0.55,0.08784205610762891
TiF3_221,0.55,0.6000000000000001,0.07371412706134654
TiF3_221,0.6000000000000001,0.65,0.05909048670065735
TiF3_221,0.65,0.7000000000000001,0.050086914776340224
TiF3_221,0.7000000000000001,0.75,0.03632435631463039
TiF3_221,0.75,0.8,0.023001376388251595
TiF3_221,0.8,0.8500000000000001,0.015684836172200817
TiF3_221,0.8500000000000001,0.9,0.008923801765535207
TiF3_221,0.9,0.9500000000000001,0.00433533135817886
TiF3_221,0.9500000000000001,1.0,0.0030694367871201716
TiF3_221,1.0,1.05,0.002448858987780215
TiF3_221,1.05,1.1,0.002918800222773228
TiF3_221,1.1,1.1500000000000001,0.003861521069184586
TiF3_221,1.1500000000000001,1.2000000000000002,0.005005611772352169
TiF3_221,1.2000000000000002,1.25,0.006307942631599728
TiF3_221,1.25,1.3,0.007809801242627881
TiF3_221,1.3,1.35,0.007847683148615581
TiF3_221,1.35,1.4000000000000001,0.008429385040692978
TiF3_221,1.4000000000000001,1.4500000000000002,0.008091131829613293
TiF3_221,1.4500000000000002,1.5,0.007638985526673667
TiF3_221,1.5,1.55,0.006924761981801427
TiF3_221,1.55,1.6,0.006665525671930193
TiF3_221,1.6,1.6500000000000001,0.006107096459914787
TiF3_221,1.6500000000000001,1.7000000000000002,0.005222239404557623
TiF3_221,1.7000000000000002,1.75,0.004537105285878233
TiF3_221,1.75,1.8,0.0035677398875637104
TiF3_221,1.8,1.85,0.00236213774345735
TiF3_221,1.85,1.9000000000000001,0.0016611063386418447
TiF3_221,1.9000000000000001,1.9500000000000002,0.0012356761424384755
TiF3_221,1.9500000000000002,2.0,0.0009997538557569472
TiF3_221,2.0,2.0500000000000003,0.0006044932002270168
TiF3_221,2.0500000000000003,2.1,0.00040646209396542736
TiF3_221,2.1,2.15,0.0003001240181179892
TiF3_221,2.15,2.2,0.00017539813381335686
TiF3_221,2.2,2.25,0.00012701137511147558
TiF3_221,2.25,2.3000000000000003,7.82311170601559e-05
TiF3_221,2.3000000000000003,2.35,5.901265824363263e-05
TiF3_221,2.35,2.4000000000000004,3.611163404308482e-05
TiF3_221,2.4000000000000004,2.45,2.524949904063123e-05
TiF3_221,2.45,2.5,1.6252088429944183e-05
TiF3_221,2.5,2.5500000000000003,1.093946211462996e-05
TiF3_221,2.5500000000000003,2.6,6.469441738295031e-06
TiF3_221,2.6,2.6500000000000004,3.986513215015371e-06
TiF3_221,2.6500000000000004,2.7,2.7544136323195573e-06
TiF3_221,2.7,2.75,1.5988880858331434e-06
TiF3_221,2.75,2.8000000000000003,8.588557527765531e-07
TiF3_221,2.8000000000000003,2.85,6.008303303492704e-07
TiF3_221,2.85,2.9000000000000004,3.836049783209149e-07
TiF3_221,2.9000000000000004,2.95,2.363829271949994e-07
TiF3_221,2.95,3.0,1.980214894453141e-07
YCoC_131,0.0,0.05,0.0003612166274605903
YCoC_131,0.05,0.1,0.008665102066835961
YCoC_131,0.1,0.15000000000000002,0.01953302799191303
YCoC_131,0.15000000000000002,0.2,0.04630268308284283
YCoC_131,0.2,0.25,0.05338071133566972
YCoC_131,0.25,0.30000000000000004,0.06438826012120646
YCoC_131,0.30000000000000004,0.35000000000000003,0.08825334298467177
YCoC_131,0.35000000000000003,0.4,0.09183354203490841
YCoC_131,0.4,0.45,0.09149174106275616
YCoC_131,0.45,0.5,0.08962446773069783
YCoC_131,0.5,0.55,0.08666358418115427
YCoC_131,0.55,0.6000000000000001,0.0655358743182729
YCoC_131,0.6000000000000001,0.65,0.05593205971903348
YCoC_131,0.65,0.7000000000000001,0.04145772045034309
YCoC_131,0.7000000000000001,0.75,0.029161503904931413
YCoC_131,0.75,0.8,0.022401797522455965
YCoC_131,0.8,0.8500000000000001,0.018748800059914295
YCoC_131,0.8500000000000001,0.9,0.015584689713848307
YCoC_131,0.9,0.9500000000000001,0.013937256450270259
YCoC_131,0.9500000000000001,1.0,0.011943036466069146
YCoC_131,1.0,1.05,0.010112207710286687
YCoC_131,1.05,1.1,0.009460775280761833
YCoC_131,1.1,1.1500000000000001,0.008270121183237295
YCoC_131,1.1500000000000001,1.2000000000000002,0.00794500236694359
YCoC_131,1.2000000000000002,1.25,0.007582348631757568
YCoC_131,1.25,1.3,0.006830953481512098
YCoC_131,1.3,1.35,0.006329975530487144
YCoC_131,1.35,1.4000000000000001,0.00636810460718066
YCoC_131,1.4000000000000001,1.4500000000000002,0.006063719958084852
YCoC_131,1.4500000000000002,1.5,0.004922957404546497
YCoC_131,1.5,1.55,0.0033082932275365746
YCoC_131,1.55,1.6,0.0012034161694911099
YCoC_131,1.6,1.6500000000000001,0.0004489069068231339
YCoC_131,1.6500000000000001,1.7000000000000002,0.00032542341372284936
YCoC_131,1.7000000000000002,1.75,0.0003530341725307619
YCoC_131,1.75,1.8,0.0004099804065271194
YCoC_131,1.8,1.85,0.0004655543773836689
YCoC_131,1.85,1.9000000000000001,0.0005266360373893875
YCoC_131,1.9000000000000001,1.9500000000000002,0.0005252071670193604
YCoC_131,1.9500000000000002,2.0,0.0005531451403340892
YCoC_131,2.0,2.0500000000000003,0.0005610206060707385
YCoC_131,2.0500000000000003,2.1,0.00047567376796751117
YCoC_131,2.1,2.15,0.0004718296063398229
YCoC_131,2.15,2.2,0.00040453579738492873
YCoC_131,2.2,2.25,0.00029036801644291354
YCoC_131,2.25,2.3000000000000003,0.0002733675274276822
YCoC_131,2.3000000000000003,2.35,0.0001451115888833752
YCoC_131,2.35,2.4000000000000004,0.00010663734209723233
YCoC_131,2.4000000000000004,2.45,4.643129317661447e-05
YCoC_131,2.45,2.5,1.8843455396957207e-05
YCoC_131,2.5,2.5500000000000003,0.0
YCoC_131,2.5500000000000003,2.6,0.0
YCoC_131,2.6,2.6500000000000004,0.0
YCoC_131,2.6500000000000004,2.7,0.0
YCoC_131,2.7,2.75,0.0
YCoC_131,2.75,2.8000000000000003,0.0
YCoC_131,2.8000000000000003,2.85,0.0
YCoC_131,2.85,2.9000000000000004,0.0
YCoC_131,2.9000000000000004,2.95,0.0
YCoC_131,2.95,3.0,0.0
TmBi2BrO4_123,0.0,0.05,0.002856831754249269
TmBi2BrO4_123,0.05,0.1,0.010354891061692595
TmBi2BrO4_123,0.1,0.15000000000000002,0.0441645379575357
TmBi2BrO4_123,0.15000000000000002,0.2,0.06571882098816353
TmBi2BrO4_123,0.2,0.25,0.08956737135548111
TmBi2BrO4_123,0.25,0.30000000000000004,0.11832001091846416
TmBi2BrO4_123,0.30000000000000004,0.35000000000000003,0.12372974824645847
TmBi2BrO4_123,0.35000000000000003,0.4,0.12399825486647043
TmBi2BrO4_123,0.4,0.45,0.11722946968447853
TmBi2BrO4_123,0.45,0.5,0.09707506650719949
TmBi2BrO4_123,0.5,0.55,0.07125960344350063
TmBi2BrO4_123,0.55,0.6000000000000001,0.049639696237610484
TmBi2BrO4_123,0.6000000000000001,0.65,0.026272958168443054
TmBi2BrO4_123,0.65,0.7000000000000001,0.013354977614229595
TmBi2BrO4_123,0.7000000000000001,0.75,0.007286378437422169
TmBi2BrO4_123,0.75,0.8,0.006145316822125504
TmBi2BrO4_123,0.8,0.8500000000000001,0.004908621333208516
TmBi2BrO4_123,0.8500000000000001,0.9,0.004633243019287285
TmBi2BrO4_123,0.9,0.9500000000000001,0.0036201216242484793
TmBi2BrO4_123,0.9500000000000001,1.0,0.0031936000990991143
TmBi2BrO4_123,1.0,1.05,0.0025338977444114403
TmBi2BrO4_123,1.05,1.1,0.0021849594535858813
TmBi2BrO4_123,1.1,1.1500000000000001,0.0019073806190982926
TmBi2BrO4_123,1.1500000000000001,1.2000000000000002,0.001449739742309179
TmBi2BrO4_123,1.2000000000000002,1.25,0.001276134617494492
TmBi2BrO4_123,1.25,1.3,0.0009867941279446003
TmBi2BrO4_123,1.3,1.35,0.0008514877209229936
TmBi2BrO4_123,1.35,1.4000000000000001,0.0007235116492847301
TmBi2BrO4_123,1.4000000000000001,1.4500000000000002,0.0006634809246146226
TmBi2BrO4_123,1.4500000000000002,1.5,0.0006203804257930016
TmBi2BrO4_123,1.5,1.55,0.0005061428563616543
TmBi2BrO4_123,1.55,1.6,0.0004924302641634941
TmBi2BrO4_123,1.6,1.6500000000000001,0.00044057981955800775
TmBi2BrO4_123,1.6500000000000001,1.7000000000000002,0.0003785974287461288
TmBi2BrO4_123,1.7000000000000002,1.75,0.0003402614708807931
TmBi2BrO4_123,1.75,1.8,0.00025583913465228195
TmBi2BrO4_123,1.8,1.85,0.0001995979907132629
TmBi2BrO4_123,1.85,1.9000000000000001,0.00015682706612419933
TmBi2BrO4_123,1.9000000000000001,1.9500000000000002,0.00012361538391556892
TmBi2BrO4_123,1.9500000000000002,2.0,9.730760489928827e-05
TmBi2BrO4_123,2.0,2.0500000000000003,8.925910486129815e-05
TmBi2BrO4_123,2.0500000000000003,2.1,7.557807312182865e-05
TmBi2BrO4_123,2.1,2.15,6.361867043574524e-05
TmBi2BrO4_123,2.15,2.2,4.8364159724262685e-05
TmBi2BrO4_123,2.2,2.25,4.5942891722296604e-05
TmBi2BrO4_123,2.25,2.3000000000000003,3.648251849533968e-05
TmBi2BrO4_123,2.3000000000000003,2.35,2.8587447423124076e-05
TmBi2BrO4_123,2.35,2.4000000000000004,2.8797578749711718e-05
TmBi2BrO4_123,2.4000000000000004,2.45,1.785234566166035e-05
TmBi2BrO4_123,2.45,2.5,1.2630505083353477e-05
TmBi2BrO4_123,2.5,2.5500000000000003,1.08853993364895e-05
TmBi2BrO4_123,2.5500000000000003,2.6,8.731041011492693e-06
TmBi2BrO4_123,2.6,2.6500000000000004,5.550798894817481e-06
TmBi2BrO4_123,2.6500000000000004,2.7,4.244083548036062e-06
TmBi2BrO4_123,2.7,2.75,2.1966448900566117e-06
TmBi2BrO4_123,2.75,2.8000000000000003,1.4617865995904331e-06
TmBi2BrO4_123,2.8000000000000003,2.85,9.617677725110326e-07
TmBi2BrO4_123,2.85,2.9000000000000004,2.837495058311502e-07
TmBi2BrO4_123,2.9000000000000004,2.95,8.524832420964356e-08
TmBi2BrO4_123,2.95,3.0,0.0
Fe3Pt_221,0.0,0.05,0.0005136512604754801
Fe3Pt_221,0.05,0.1,0.01130696712712955
Fe3Pt_221,0.1,0.15000000000000002,0.0225005917478437
Fe3Pt_221,0.15000000000000002,0.2,0.0457888988728556
Fe3Pt_221,0.2,0.25,0.06313864137307952
Fe3Pt_221,0.25,0.30000000000000004,0.08741518969448979
Fe3Pt_221,0.30000000000000004,0.35000000000000003,0.08670644336683966
Fe3Pt_221,0.35000000000000003,0.4,0.11781465204161311
Fe3Pt_221,0.4,0.45,0.10303144715425237
Fe3Pt_221,0.45,0.5,0.09257660783717064
Fe3Pt_221,0.5,0.55,0.0881334498716311
Fe3Pt_221,0.55,0.6000000000000001,0.07392416713316209
Fe3Pt_221,0.6000000000000001,0.65,0.056866766631809666
Fe3Pt_221,0.65,0.7000000000000001,0.039952547788278024
Fe3Pt_221,0.7000000000000001,0.75,0.02889307939103257
Fe3Pt_221,0.75,0.8,0.01952769496895756
Fe3Pt_221,0.8,0.8500000000000001,0.014559412537615144
Fe3Pt_221,0.8500000000000001,0.9,0.011744070450706356
Fe3Pt_221,0.9,0.9500000000000001,0.009253994941759424
Fe3Pt_221,0.9500000000000001,1.0,0.005359673982713445
Fe3Pt_221,1.0,1.05,0.0037008643767167584
Fe3Pt_221,1.05,1.1,0.003510343904700478
Fe3Pt_221,1.1,1.1500000000000001,0.003954365177035702
Fe3Pt_221,1.1500000000000001,1.2000000000000002,0.003768474155945912
Fe3Pt_221,1.2000000000000002,1.25,0.002921929243822052
Fe3Pt_221,1.25,1.3,0.0015179497764473606
Fe3Pt_221,1.3,1.35,0.000896955715550938
Fe3Pt_221,1.35,1.4000000000000001,0.0004536545620776916
Fe3Pt_221,1.4000000000000001,1.4500000000000002,0.00020828574413536322
Fe3Pt_221,1.4500000000000002,1.5,5.701159154897118e-05
Fe3Pt_221,1.5,1.55,2.2175786036527373e-06
Fe3Pt_221,1.55,1.6,0.0
Fe3Pt_221,1.6,1.6500000000000001,0.0
Fe3Pt_221,1.6500000000000001,1.7000000000000002,0.0
Fe3Pt_221,1.7000000000000002,1.75,0.0
Fe3Pt_221,1.75,1.8,0.0
Fe3Pt_221,1.8,1.85,0.0
Fe3Pt_221,1.85,1.9000000000000001,0.0
Fe3Pt_221,1.9000000000000001,1.9500000000000002,0.0
Fe3Pt_221,1.9500000000000002,2.0,0.0
Fe3Pt_221,2.0,2.0500000000000003,0.0
Fe3Pt_221,2.0500000000000003,2.1,0.0
Fe3Pt_221,2.1,2.15,0.0
Fe3Pt_221,2.15,2.2,0.0
Fe3Pt_221,2.2,2.25,0.0
Fe3Pt_221,2.25,2.3000000000000003,0.0
Fe3Pt_221,2.3000000000000003,2.35,0.0
Fe3Pt_221,2.35,2.4000000000000004,0.0
Fe3Pt_221,2.4000000000000004,2.45,0.0
Fe3Pt_221,2.45,2.5,0.0
Fe3Pt_221,2.5,2.5500000000000003,0.0
Fe3Pt_221,2.5500000000000003,2.6,0.0
Fe3Pt_221,2.6,2.6500000000000004,0.0
Fe3Pt_221,2.6500000000000004,2.7,0.0
Fe3Pt_221,2.7,2.75,0.0
Fe3Pt_221,2.75,2.8000000000000003,0.0
Fe3Pt_221,2.8000000000000003,2.85,0.0
Fe3Pt_221,2.85,2.9000000000000004,0.0
Fe3Pt_221,2.9000000000000004,2.95,0.0
Fe3Pt_221,2.95,3.0,0.0
Y(FeB)2_139,0.0,0.05,0.0003562266511576891
Y(FeB)2_139,0.05,0.1,0.00798134330444663
Y(FeB)2_139,0.1,0.15000000000000002,0.024839230060729522
Y(FeB)2_139,0.15000000000000002,0.2,0.040922622198443566
Y(FeB)2_139,0.2,0.25,0.059548747723133406
Y(FeB)2_139,0.25,0.30000000000000004,0.07525981057866288
Y(FeB)2_139,0.30000000000000004,0.35000000000000003,0.08874886547208599
Y(FeB)2_139,0.35000000000000003,0.4,0.1022519282000728
Y(FeB)2_139,0.4,0.45,0.094767007844563
Y(FeB)2_139,0.45,0.5,0.09254943724600818
Y(FeB)2_139,0.5,0.55,0.07949287197965087
Y(FeB)2_139,0.55,0.6000000000000001,0.06869901095967743
Y(FeB)2_139,0.6000000000000001,0.65,0.05287612315235727
Y(FeB)2_139,0.65,0.7000000000000001,0.04214086802227884
Y(FeB)2_139,0.7000000000000001,0.75,0.03223560588395792
Y(FeB)2_139,0.75,0.8,0.025760996355948213
Y(FeB)2_139,0.8,0.8500000000000001,0.021106441536666937
Y(FeB)2_139,0.8500000000000001,0.9,0.016903260125962563
Y(FeB)2_139,0.9,0.9500000000000001,0.013465958329642426
Y(FeB)2_139,0.9500000000000001,1.0,0.011102570405551106
Y(FeB)2_139,1.0,1.05,0.008812326416055708
Y(FeB)2_139,1.05,1.1,0.007270366664833759
Y(FeB)2_139,1.1,1.1500000000000001,0.0059276253123081496
Y(FeB)2_139,1.1500000000000001,1.2000000000000002,0.004644823365607972
Y(FeB)2_139,1.2000000000000002,1.25,0.0037087942362386056
Y(FeB)2_139,1.25,1.3,0.0029482461237266646
Y(FeB)2_139,1.3,1.35,0.0025706145203943874
Y(FeB)2_139,1.35,1.4000000000000001,0.0022100748617502842
Y(FeB)2_139,1.4000000000000001,1.4500000000000002,0.0018874890602466022
Y(FeB)2_139,1.4500000000000002,1.5,0.0016985063473336029
Y(FeB)2_139,1.5,1.55,0.0015548408309835158
Y(FeB)2_139,1.55,1.6,0.0014473022462943251
Y(FeB)2_139,1.6,1.6500000000000001,0.0013303796505411227
Y(FeB)2_139,1.6500000000000001,1.7000000000000002,0.001013461904633046
Y(FeB)2_139,1.7000000000000002,1.75,0.0006900622517586412
Y(FeB)2_139,1.75,1.8,0.0005064076119578942
Y(FeB)2_139,1.8,1.85,0.0003457591437549387
Y(FeB)2_139,1.85,1.9000000000000001,0.00019670702454896959
Y(FeB)2_139,1.9000000000000001,1.9500000000000002,0.0001249175580039993
Y(FeB)2_139,1.9500000000000002,2.0,6.812165059472448e-05
Y(FeB)2_139,2.0,2.0500000000000003,3.062948518259169e-05
Y(FeB)2_139,2.0500000000000003,2.1,3.617702253756722e-06
Y(FeB)2_139,2.1,2.15,0.0
Y(FeB)2_139,2.15,2.2,0.0
Y(FeB)2_139,2.2,2.25,0.0
Y(FeB)2_139,2.25,2.3000000000000003,0.0
Y(FeB)2_139,2.3000000000000003,2.35,0.0
Y(FeB)2_139,2.35,2.4000000000000004,0.0
Y(FeB)2_139,2.4000000000000004,2.45,0.0
Y(FeB)2_139,2.45,2.5,0.0
Y(FeB)2_139,2.5,2.5500000000000003,0.0
Y(FeB)2_139,2.5500000000000003,2.6,0.0
Y(FeB)2_139,2.6,2.6500000000000004,0.0
Y(FeB)2_139,2.6500000000000004,2.7,0.0
Y(FeB)2_139,2.7,2.75,0.0
Y(FeB)2_139,2.75,2.8000000000000003,0.0
Y(FeB)2_139,2.8000000000000003,2.85,0.0
Y(FeB)2_139,2.85,2.9000000000000004,0.0
Y(FeB)2_139,2.9000000000000004,2.95,0.0
Y(FeB)2_139,2.95,3.0,0.0
EuHfO3_221,0.0,0.05,0.0025994161254550875
EuHfO3_221,0.05,0.1,0.009412237399939651
EuHfO3_221,0.1,0.15000000000000002,0.03850948439321886
EuHfO3_221,0.15000000000000002,0.2,0.058994891211778575
EuHfO3_221,0.2,0.25,0.09233805915650968
EuHfO3_221,0.25,0.30000000000000004,0.10945328815166956
EuHfO3_221,0.30000000000000004,0.35000000000000003,0.11519098536717702
EuHfO3_221,0.35000000000000003,0.4,0.12739873783058062
EuHfO3_221,0.4,0.45,0.10985646068970764
EuHfO3_221,0.45,0.5,0.1007334895184447
EuHfO3_221,0.5,0.55,0.07510813638264975
EuHfO3_221,0.55,0.6000000000000001,0.0518754214374347
EuHfO3_221,0.6000000000000001,0.65,0.03483307187205835
EuHfO3_221,0.65,0.7000000000000001,0.019176815236078813
EuHfO3_221,0.7000000000000001,0.75,0.010041364312709362
EuHfO3_221,0.75,0.8,0.007701264452511927
EuHfO3_221,0.8,0.8500000000000001,0.006167749564793353
EuHfO3_221,0.8500000000000001,0.9,0.0055216779511124995
EuHfO3_221,0.9,0.9500000000000001,0.0040953810615052605
EuHfO3_221,0.9500000000000001,1.0,0.0036289616307965426
EuHfO3_221,1.0,1.05,0.002176474448981364
EuHfO3_221,1.05,1.1,0.0012920504438170236
EuHfO3_221,1.1,1.1500000000000001,0.0005701495483257156
EuHfO3_221,1.1500000000000001,1.2000000000000002,0.00024864860006488956
EuHfO3_221,1.2000000000000002,1.25,0.00020949643765185254
EuHfO3_221,1.25,1.3,0.0002338593478086305
EuHfO3_221,1.3,1.35,0.00023719956362048134
EuHfO3_221,1.35,1.4000000000000001,0.0003319325725499797
EuHfO3_221,1.4000000000000001,1.4500000000000002,0.00039417093758784124
EuHfO3_221,1.4500000000000002,1.5,0.000482088152351937
EuHfO3_221,1.5,1.55,0.0006261715845808752
EuHfO3_221,1.55,1.6,0.0007006043037533493
EuHfO3_221,1.6,1.6500000000000001,0.0008045757961991292
EuHfO3_221,1.6500000000000001,1.7000000000000002,0.0008229120743137134
EuHfO3_221,1.7000000000000002,1.75,0.001043130033507638
EuHfO3_221,1.75,1.8,0.0012790857604220143
EuHfO3_221,1.8,1.85,0.001270449639516658
EuHfO3_221,1.85,1.9000000000000001,0.0011001390646536722
EuHfO3_221,1.9000000000000001,1.9500000000000002,0.0009930594833851673
EuHfO3_221,1.9500000000000002,2.0,0.0008423855313066714
EuHfO3_221,2.0,2.0500000000000003,0.0006097189652016086
EuHfO3_221,2.0500000000000003,2.1,0.0004015203404470769
EuHfO3_221,2.1,2.15,0.00025856195617105534
EuHfO3_221,2.15,2.2,0.00013660219496951578
EuHfO3_221,2.2,2.25,0.0001546334449013535
EuHfO3_221,2.25,2.3000000000000003,3.5085460220096e-05
EuHfO3_221,2.3000000000000003,2.35,5.690914417444465e-05
EuHfO3_221,2.35,2.4000000000000004,4.0321637769889914e-05
EuHfO3_221,2.4000000000000004,2.45,0.0
EuHfO3_221,2.45,2.5,1.0746047437356853e-05
EuHfO3_221,2.5,2.5500000000000003,4.237381769073215e-07
EuHfO3_221,2.5500000000000003,2.6,0.0
EuHfO3_221,2.6,2.6500000000000004,0.0
EuHfO3_221,2.6500000000000004,2.7,0.0
EuHfO3_221,2.7,2.75,0.0
EuHfO3_221,2.75,2.8000000000000003,0.0
EuHfO3_221,2.8000000000000003,2.85,0.0
EuHfO3_221,2.85,2.9000000000000004,0.0
EuHfO3_221,2.9000000000000004,2.95,0.0
EuHfO3_221,2.95,3.0,0.0
Ti2CuSb3_115,0.0,0.05,0.00027779290608868744
Ti2CuSb3_115,0.05,0.1,0.0057045109890347554
Ti2CuSb3_115,0.1,0.15000000000000002,0.013367888711893722
Ti2CuSb3_115,0.15000000000000002,0.2,0.021688098483767942
Ti2CuSb3_115,0.2,0.25,0.0348961390136894
Ti2CuSb3_115,0.25,0.30000000000000004,0.044564806771379646
Ti2CuSb3_115,0.30000000000000004,0.35000000000000003,0.05111376804083298
Ti2CuSb3_115,0.35000000000000003,0.4,0.057752495279693554
Ti2CuSb3_115,0.4,0.45,0.060438538136391766
Ti2CuSb3_115,0.45,0.5,0.058537939345399276
Ti2CuSb3_115,0.5,0.55,0.056728440097226274
Ti2CuSb3_115,0.55,0.6000000000000001,0.051989191936323675
Ti2CuSb3_115,0.6000000000000001,0.65,0.04947413954103878
Ti2CuSb3_115,0.65,0.7000000000000001,0.04534421373773182
Ti2CuSb3_115,0.7000000000000001,0.75,0.042897229925241365
Ti2CuSb3_115,0.75,0.8,0.04094433284858504
Ti2CuSb3_115,0.8,0.8500000000000001,0.042544452592288416
Ti2CuSb3_115,0.8500000000000001,0.9,0.041603110523572656
Ti2CuSb3_115,0.9,0.9500000000000001,0.042102133580436865
Ti2CuSb3_115,0.9500000000000001,1.0,0.04048436091110769
Ti2CuSb3_115,1.0,1.05,0.035419394800637785
Ti2CuSb3_115,1.05,1.1,0.030289035353985354
Ti2CuSb3_115,1.1,1.1500000000000001,0.027397769735252576
Ti2CuSb3_115,1.1500000000000001,1.2000000000000002,0.02480688519632703
Ti2CuSb3_115,1.2000000000000002,1.25,0.022092636012369396
Ti2CuSb3_115,1.25,1.3,0.016667599934198064
Ti2CuSb3_115,1.3,1.35,0.012438901364264846
Ti2CuSb3_115,1.35,1.4000000000000001,0.009808178582531463
Ti2CuSb3_115,1.4000000000000001,1.4500000000000002,0.00801985106175052
Ti2CuSb3_115,1.4500000000000002,1.5,0.006080424367085754
Ti2CuSb3_115,1.5,1.55,0.003125400492040891
Ti2CuSb3_115,1.55,1.6,0.0010360024862752963
Ti2CuSb3_115,1.6,1.6500000000000001,0.0002556875288997264
Ti2CuSb3_115,1.6500000000000001,1.7000000000000002,8.370086988917731e-05
Ti2CuSb3_115,1.7000000000000002,1.75,2.2256270835205972e-05
Ti2CuSb3_115,1.75,1.8,2.692571932471604e-06
Ti2CuSb3_115,1.8,1.85,0.0
Ti2CuSb3_115,1.85,1.9000000000000001,0.0
Ti2CuSb3_115,1.9000000000000001,1.9500000000000002,0.0
Ti2CuSb3_115,1.9500000000000002,2.0,0.0
Ti2CuSb3_115,2.0,2.0500000000000003,0.0
Ti2CuSb3_115,2.0500000000000003,2.1,0.0
Ti2CuSb3_115,2.1,2.15,0.0
Ti2CuSb3_115,2.15,2.2,0.0
Ti2CuSb3_115,2.2,2.25,0.0
Ti2CuSb3_115,2.25,2.3000000000000003,0.0
Ti2CuSb3_115,2.3000000000000003,2.35,0.0
Ti2CuSb3_115,2.35,2.4000000000000004,0.0
Ti2CuSb3_115,2.4000000000000004,2.45,0.0
Ti2CuSb3_115,2.45,2.5,0.0
Ti2CuSb3_115,2.5,2.5500000000000003,0.0
Ti2CuSb3_115,2.5500000000000003,2.6,0.0
Ti2CuSb3_115,2.6,2.6500000000000004,0.0
Ti2CuSb3_115,2.6500000000000004,2.7,0.0
Ti2CuSb3_115,2.7,2.75,0.0
Ti2CuSb3_115,2.75,2.8000000000000003,0.0
Ti2CuSb3_115,2.8000000000000003,2.85,0.0
Ti2CuSb3_115,2.85,2.9000000000000004,0.0
Ti2CuSb3_115,2.9000000000000004,2.95,0.0
Ti2CuSb3_115,2.95,3.0,0.0
NdTl_221,0.0,0.05,0.0024074974706924093
NdTl_221,0.05,0.1,0.008689865425812845
NdTl_221,0.1,0.15000000000000002,0.035329324280818905
NdTl_221,0.15000000000000002,0.2,0.05359227906088137
NdTl_221,0.2,0.25,0.06696739735494442
NdTl_221,0.25,0.30000000000000004,0.10391192707133887
NdTl_221,0.30000000000000004,0.35000000000000003,0.09467817756037739
NdTl_221,0.35000000000000003,0.4,0.09887841005310209
NdTl_221,0.4,0.45,0.10302112263057836
NdTl_221,0.45,0.5,0.07711390438696686
NdTl_221,0.5,0.55,0.06421195966044646
NdTl_221,0.55,0.6000000000000001,0.04770512946683855
NdTl_221,0.6000000000000001,0.65,0.029347264936354017
NdTl_221,0.65,0.7000000000000001,0.022952216533494597
NdTl_221,0.7000000000000001,0.75,0.016947725373145036
NdTl_221,0.75,0.8,0.016957487844689034
NdTl_221,0.8,0.8500000000000001,0.017214356618377426
NdTl_221,0.8500000000000001,0.9,0.015907381478395054
NdTl_221,0.9,0.9500000000000001,0.016725861989262767
NdTl_221,0.9500000000000001,1.0,0.016846418664110102
NdTl_221,1.0,1.05,0.017053944337859
NdTl_221,1.05,1.1,0.016095373723926113
NdTl_221,1.1,1.1500000000000001,0.01573270019185903
NdTl_221,1.1500000000000001,1.2000000000000002,0.01328706243112297
NdTl_221,1.2000000000000002,1.25,0.010461890697005836
NdTl_221,1.25,1.3,0.008572929671230476
NdTl_221,1.3,1.35,0.006291738088679121
NdTl_221,1.35,1.4000000000000001,0.0026284100922841507
NdTl_221,1.4000000000000001,1.4500000000000002,0.000464102759080169
NdTl_221,1.4500000000000002,1.5,6.140146328340987e-06
NdTl_221,1.5,1.55,0.0
NdTl_221,1.55,1.6,0.0
NdTl_221,1.6,1.6500000000000001,0.0
NdTl_221,1.6500000000000001,1.7000000000000002,0.0
NdTl_221,1.7000000000000002,1.75,0.0
NdTl_221,1.75,1.8,0.0
NdTl_221,1.8,1.85,0.0
NdTl_221,1.85,1.9000000000000001,0.0
NdTl_221,1.9000000000000001,1.9500000000000002,0.0
NdTl_221,1.9500000000000002,2.0,0.0
NdTl_221,2.0,2.0500000000000003,0.0
NdTl_221,2.0500000000000003,2.1,0.0
NdTl_221,2.1,2.15,0.0
NdTl_221,2.15,2.2,0.0
NdTl_221,2.2,2.25,0.0
NdTl_221,2.25,2.3000000000000003,0.0
NdTl_221,2.3000000000000003,2.35,0.0
NdTl_221,2.35,2.4000000000000004,0.0
NdTl_221,2.4000000000000004,2.45,0.0
NdTl_221,2.45,2.5,0.0
NdTl_221,2.5,2.5500000000000003,0.0
NdTl_221,2.5500000000000003,2.6,0.0
NdTl_221,2.6,2.6500000000000004,0.0
NdTl_221,2.6500000000000004,2.7,0.0
NdTl_221,2.7,2.75,0.0
NdTl_221,2.75,2.8000000000000003,0.0
NdTl_221,2.8000000000000003,2.85,0.0
NdTl_221,2.85,2.9000000000000004,0.0
NdTl_221,2.9000000000000004,2.95,0.0
NdTl_221,2.95,3.0,0.0
FePt_123,0.0,0.05,0.0006023554470505212
FePt_123,0.05,0.1,0.01126240781755596
FePt_123,0.1,0.15000000000000002,0.02287174468046026
FePt_123,0.15000000000000002,0.2,0.03758554602766719
FePt_123,0.2,0.25,0.06628233677956306
FePt_123,0.25,0.30000000000000004,0.08019761864742621
FePt_123,0.30000000000000004,0.35000000000000003,0.09567783684248844
FePt_123,0.35000000000000003,0.4,0.1006289931691881
FePt_123,0.4,0.45,0.100858234143694
FePt_123,0.45,0.5,0.10099258796110863
FePt_123,0.5,0.55,0.08714453236172418
FePt_123,0.55,0.6000000000000001,0.07568745972415726
FePt_123,0.6000000000000001,0.65,0.05798164483076239
FePt_123,0.65,0.7000000000000001,0.042359064623480734
FePt_123,0.7000000000000001,0.75,0.029103106059211983
FePt_123,0.75,0.8,0.021493311701213384
FePt_123,0.8,0.8500000000000001,0.015970796092219533
FePt_123,0.8500000000000001,0.9,0.012415087229584254
FePt_123,0.9,0.9500000000000001,0.010490060205175657
FePt_123,0.9500000000000001,1.0,0.008484976635871343
FePt_123,1.0,1.05,0.0060080597408279975
FePt_123,1.05,1.1,0.004148308515345272
FePt_123,1.1,1.1500000000000001,0.0035604846271816417
FePt_123,1.1500000000000001,1.2000000000000002,0.0029678014940573753
FePt_123,1.2000000000000002,1.25,0.002387249767609072
FePt_123,1.25,1.3,0.0013909283455196004
FePt_123,1.3,1.35,0.0007387482810286993
FePt_123,1.35,1.4000000000000001,0.0004126295733119389
FePt_123,1.4000000000000001,1.4500000000000002,0.00020984164696653183
FePt_123,1.4500000000000002,1.5,7.068204081842947e-05
FePt_123,1.5,1.55,1.556498772904314e-05
FePt_123,1.55,1.6,0.0
FePt_123,1.6,1.6500000000000001,0.0
FePt_123,1.6500000000000001,1.7000000000000002,0.0
FePt_123,1.7000000000000002,1.75,0.0
FePt_123,1.75,1.8,0.0
FePt_123,1.8,1.85,0.0
FePt_123,1.85,1.9000000000000001,0.0
FePt_123,1.9000000000000001,1.9500000000000002,0.0
FePt_123,1.9500000000000002,2.0,0.0
FePt_123,2.0,2.0500000000000003,0.0
FePt_123,2.0500000000000003,2.1,0.0
FePt_123,2.1,2.15,0.0
FePt_123,2.15,2.2,0.0
FePt_123,2.2,2.25,0.0
FePt_123,2.25,2.3000000000000003,0.0
FePt_123,2.3000000000000003,2.35,0.0
FePt_123,2.35,2.4000000000000004,0.0
FePt_123,2.4000000000000004,2.45,0.0
FePt_123,2.45,2.5,0.0
FePt_123,2.5,2.5500000000000003,0.0
FePt_123,2.5500000000000003,2.6,0.0
FePt_123,2.6,2.6500000000000004,0.0
FePt_123,2.6500000000000004,2.7,0.0
FePt_123,2.7,2.75,0.0
FePt_123,2.75,2.8000000000000003,0.0
FePt_123,2.8000000000000003,2.85,0.0
FePt_123,2.85,2.9000000000000004,0.0
FePt_123,2.9000000000000004,2.95,0.0
FePt_123,2.95,3.0,0.0
NdIn3_221,0.0,0.05,0.002189411532259835
NdIn3_221,0.05,0.1,0.015033500845891667
NdIn3_221,0.1,0.15000000000000002,0.03198529310854494
NdIn3_221,0.15000000000000002,0.2,0.055103768580503774
NdIn3_221,0.2,0.25,0.07958654949788731
NdIn3_221,0.25,0.30000000000000004,0.10980686832908086
NdIn3_221,0.30000000000000004,0.35000000000000003,0.10682770473944243
NdIn3_221,0.35000000000000003,0.4,0.11024428801495204
NdIn3_221,0.4,0.45,0.10495230814298555
NdIn3_221,0.45,0.5,0.0829600655364161
NdIn3_221,0.5,0.55,0.07253887013825414
NdIn3_221,0.55,0.6000000000000001,0.046991737127289206
NdIn3_221,0.6000000000000001,0.65,0.029861930239425603
NdIn3_221,0.65,0.7000000000000001,0.021554065620878856
NdIn3_221,0.7000000000000001,0.75,0.014676855730598456
NdIn3_221,0.75,0.8,0.015257556698721234
NdIn3_221,0.8,0.8500000000000001,0.013952719188710433
NdIn3_221,0.8500000000000001,0.9,0.014008305221899565
NdIn3_221,0.9,0.9500000000000001,0.014172961832942428
NdIn3_221,0.9500000000000001,1.0,0.013757388209847586
NdIn3_221,1.0,1.05,0.013504901218738735
NdIn3_221,1.05,1.1,0.011482164588030898
NdIn3_221,1.1,1.1500000000000001,0.008882115682644616
NdIn3_221,1.1500000000000001,1.2000000000000002,0.005351698285281361
NdIn3_221,1.2000000000000002,1.25,0.0029080802202974152
NdIn3_221,1.25,1.3,0.0013950082443913176
NdIn3_221,1.3,1.35,0.0005804970680427104
NdIn3_221,1.35,1.4000000000000001,0.0002629957643123703
NdIn3_221,1.4000000000000001,1.4500000000000002,9.42035995521854e-05
NdIn3_221,1.4500000000000002,1.5,6.083565885033067e-05
NdIn3_221,1.5,1.55,1.5139862342918834e-05
NdIn3_221,1.55,1.6,2.114709842016998e-07
NdIn3_221,1.6,1.6500000000000001,0.0
NdIn3_221,1.6500000000000001,1.7000000000000002,0.0
NdIn3_221,1.7000000000000002,1.75,0.0
NdIn3_221,1.75,1.8,0.0
NdIn3_221,1.8,1.85,0.0
NdIn3_221,1.85,1.9000000000000001,0.0
NdIn3_221,1.9000000000000001,1.9500000000000002,0.0
NdIn3_221,1.9500000000000002,2.0,0.0
NdIn3_221,2.0,2.0500000000000003,0.0
NdIn3_221,2.0500000000000003,2.1,0.0
NdIn3_221,2.1,2.15,0.0
NdIn3_221,2.15,2.2,0.0
NdIn3_221,2.2,2.25,0.0
NdIn3_221,2.25,2.3000000000000003,0.0
NdIn3_221,2.3000000000000003,2.35,0.0
NdIn3_221,2.35,2.4000000000000004,0.0
NdIn3_221,2.4000000000000004,2.45,0.0
NdIn3_221,2.45,2.5,0.0
NdIn3_221,2.5,2.5500000000000003,0.0
NdIn3_221,2.5500000000000003,2.6,0.0
NdIn3_221,2.6,2.6500000000000004,0.0
NdIn3_221,2.6500000000000004,2.7,0.0
NdIn3_221,2.7,2.75,0.0
NdIn3_221,2.75,2.8000000000000003,0.0
NdIn3_221,2.8000000000000003,2.85,0.0
NdIn3_221,2.85,2.9000000000000004,0.0
NdIn3_221,2.9000000000000004,2.95,0.0
NdIn3_221,2.95,3.0,0.0
ErNbO4_15,0.0,0.05,0.0018983152108023537
ErNbO4_15,0.05,0.1,0.013881410525904872
ErNbO4_15,0.1,0.15000000000000002,0.038850853465846616
ErNbO4_15,0.15000000000000002,0.2,0.0626833823142089
ErNbO4_15,0.2,0.25,0.09517715773110909
ErNbO4_15,0.25,0.30000000000000004,0.11669808910145876
ErNbO4_15,0.30000000000000004,0.35000000000000003,0.12908476427591173
ErNbO4_15,0.35000000000000003,0.4,0.13059122836039985
ErNbO4_15,0.4,0.45,0.11779588573144358
ErNbO4_15,0.45,0.5,0.09972783058921675
ErNbO4_15,0.5,0.55,0.07393917906275523
ErNbO4_15,0.55,0.6000000000000001,0.04906049056493381
ErNbO4_15,0.6000000000000001,0.65,0.027723585409191304
ErNbO4_15,0.65,0.7000000000000001,0.013232639069083585
ErNbO4_15,0.7000000000000001,0.75,0.006390787681638267
ErNbO4_15,0.75,0.8,0.004349602127477266
ErNbO4_15,0.8,0.8500000000000001,0.0035880422368320176
ErNbO4_15,0.8500000000000001,0.9,0.002797937682205762
ErNbO4_15,0.9,0.9500000000000001,0.0020668239935247453
ErNbO4_15,0.9500000000000001,1.0,0.0015623205783962299
ErNbO4_15,1.0,1.05,0.0012065484578557726
ErNbO4_15,1.05,1.1,0.0009476232088350459
ErNbO4_15,1.1,1.1500000000000001,0.0007584644983561371
ErNbO4_15,1.1500000000000001,1.2000000000000002,0.0006270771355212971
ErNbO4_15,1.2000000000000002,1.25,0.0005315794799355607
ErNbO4_15,1.25,1.3,0.0004612217637562417
ErNbO4_15,1.3,1.35,0.0004299213671062958
ErNbO4_15,1.35,1.4000000000000001,0.0004300580015914588
ErNbO4_15,1.4000000000000001,1.4500000000000002,0.0004511089827108664
ErNbO4_15,1.4500000000000002,1.5,0.00042964680859721696
ErNbO4_15,1.5,1.55,0.000388020128124864
ErNbO4_15,1.55,1.6,0.0003379588042287137
ErNbO4_15,1.6,1.6500000000000001,0.00030254849849043706
ErNbO4_15,1.6500000000000001,1.7000000000000002,0.0002756111185430907
ErNbO4_15,1.7000000000000002,1.75,0.00024654345596075906
ErNbO4_15,1.75,1.8,0.00020550253287541966
ErNbO4_15,1.8,1.85,0.00016490799643526565
ErNbO4_15,1.85,1.9000000000000001,0.00014442643716435765
ErNbO4_15,1.9000000000000001,1.9500000000000002,0.00012077629519912503
ErNbO4_15,1.9500000000000002,2.0,0.00010122797897644292
ErNbO4_15,2.0,2.0500000000000003,8.536885616195896e-05
ErNbO4_15,2.0500000000000003,2.1,6.523632890700453e-05
ErNbO4_15,2.1,2.15,5.322362834689883e-05
ErNbO4_15,2.15,2.2,4.118991893382008e-05
ErNbO4_15,2.2,2.25,3.0686382746637326e-05
ErNbO4_15,2.25,2.3000000000000003,2.3065880089142616e-05
ErNbO4_15,2.3000000000000003,2.35,1.646752924452111e-05
ErNbO4_15,2.35,2.4000000000000004,1.1496390623848268e-05
ErNbO4_15,2.4000000000000004,2.45,6.532468107327512e-06
ErNbO4_15,2.45,2.5,3.253295033936806e-06
ErNbO4_15,2.5,2.5500000000000003,1.654608704482872e-06
ErNbO4_15,2.5500000000000003,2.6,7.26050494441842e-07
ErNbO4_15,2.6,2.6500000000000004,0.0
ErNbO4_15,2.6500000000000004,2.7,0.0
ErNbO4_15,2.7,2.75,0.0
ErNbO4_15,2.75,2.8000000000000003,0.0
ErNbO4_15,2.8000000000000003,2.85,0.0
ErNbO4_15,2.85,2.9000000000000004,0.0
ErNbO4_15,2.9000000000000004,2.95,0.0
ErNbO4_15,2.95,3.0,0.0
GdAlPd_189,0.0,0.05,0.0023945152943630407
GdAlPd_189,0.05,0.1,0.013027070561219399
GdAlPd_189,0.1,0.15000000000000002,0.03362242344611771
GdAlPd_189,0.15000000000000002,0.2,0.05937883461365667
GdAlPd_189,0.2,0.25,0.09076090005076716
GdAlPd_189,0.25,0.30000000000000004,0.10103834273178412
GdAlPd_189,0.30000000000000004,0.35000000000000003,0.12160166761067755
GdAlPd_189,0.35000000000000003,0.4,0.12557269743456004
GdAlPd_189,0.4,0.45,0.11433590577318918
GdAlPd_189,0.45,0.5,0.09880190125614392
GdAlPd_189,0.5,0.55,0.0788459811953442
GdAlPd_189,0.55,0.6000000000000001,0.05428267605869863
GdAlPd_189,0.6000000000000001,0.65,0.034033111790224314
GdAlPd_189,0.65,0.7000000000000001,0.018509251931043174
GdAlPd_189,0.7000000000000001,0.75,0.009408188994607044
GdAlPd_189,0.75,0.8,0.0057522276525774985
GdAlPd_189,0.8,0.8500000000000001,0.005139478055161124
GdAlPd_189,0.8500000000000001,0.9,0.004599230573392081
GdAlPd_189,0.9,0.9500000000000001,0.004266414676993826
GdAlPd_189,0.9500000000000001,1.0,0.004090558460407427
GdAlPd_189,1.0,1.05,0.003880448790473769
GdAlPd_189,1.05,1.1,0.0035622854745018073
GdAlPd_189,1.1,1.1500000000000001,0.0031170164440941684
GdAlPd_189,1.1500000000000001,1.2000000000000002,0.002547683486698577
GdAlPd_189,1.2000000000000002,1.25,0.0020254365985835653
GdAlPd_189,1.25,1.3,0.0013213354083562133
GdAlPd_189,1.3,1.35,0.0007337250536421012
GdAlPd_189,1.35,1.4000000000000001,0.0004279195808637064
GdAlPd_189,1.4000000000000001,1.4500000000000002,0.0003060013871678791
GdAlPd_189,1.4500000000000002,1.5,0.0002971712272149018
GdAlPd_189,1.5,1.55,0.00031169412755498323
GdAlPd_189,1.55,1.6,0.0003447166743839267
GdAlPd_189,1.6,1.6500000000000001,0.0004087581908269266
GdAlPd_189,1.6500000000000001,1.7000000000000002,0.0003595946669327882
GdAlPd_189,1.7000000000000002,1.75,0.00029023955387531993
GdAlPd_189,1.75,1.8,0.0002142739789546591
GdAlPd_189,1.8,1.85,0.00015229787099533998
GdAlPd_189,1.85,1.9000000000000001,0.00011108130953655638
GdAlPd_189,1.9000000000000001,1.9500000000000002,7.036974894434628e-05
GdAlPd_189,1.9500000000000002,2.0,3.7101096235919925e-05
GdAlPd_189,2.0,2.0500000000000003,1.4877251838008789e-05
GdAlPd_189,2.0500000000000003,2.1,3.765304088018717e-06
GdAlPd_189,2.1,2.15,8.286133084837772e-07
GdAlPd_189,2.15,2.2,0.0
GdAlPd_189,2.2,2.25,0.0
GdAlPd_189,2.25,2.3000000000000003,0.0
GdAlPd_189,2.3000000000000003,2.35,0.0
GdAlPd_189,2.35,2.4000000000000004,0.0
GdAlPd_189,2.4000000000000004,2.45,0.0
GdAlPd_189,2.45,2.5,0.0
GdAlPd_189,2.5,2.5500000000000003,0.0
GdAlPd_189,2.5500000000000003,2.6,0.0
GdAlPd_189,2.6,2.6500000000000004,0.0
GdAlPd_189,2.6500000000000004,2.7,0.0
GdAlPd_189,2.7,2.75,0.0
GdAlPd_189,2.75,2.8000000000000003,0.0
GdAlPd_189,2.8000000000000003,2.85,0.0
GdAlPd_189,2.85,2.9000000000000004,0.0
GdAlPd_189,2.9000000000000004,2.95,0.0
GdAlPd_189,2.95,3.0,0.0
FeNi_123,0.0,0.05,0.00041262033890759073
FeNi_123,0.05,0.1,0.010368316079586853
FeNi_123,0.1,0.15000000000000002,0.024750770389655005
FeNi_123,0.15000000000000002,0.2,0.05375405412337266
FeNi_123,0.2,0.25,0.06314425152592673
FeNi_123,0.25,0.30000000000000004,0.08741710649833317
FeNi_123,0.30000000000000004,0.35000000000000003,0.10871574302550209
FeNi_123,0.35000000000000003,0.4,0.1002692004892305
FeNi_123,0.4,0.45,0.11104333883923827
FeNi_123,0.45,0.5,0.09742917388065432
FeNi_123,0.5,0.55,0.08203889742375754
FeNi_123,0.55,0.6000000000000001,0.06709123286695412
FeNi_123,0.6000000000000001,0.65,0.051283959777840955
FeNi_123,0.65,0.7000000000000001,0.03295406886981749
FeNi_123,0.7000000000000001,0.75,0.022990418797152662
FeNi_123,0.75,0.8,0.01730858835357331
FeNi_123,0.8,0.8500000000000001,0.014138274656213036
FeNi_123,0.8500000000000001,0.9,0.012421593667494537
FeNi_123,0.9,0.9500000000000001,0.009929515322947778
FeNi_123,0.9500000000000001,1.0,0.007750868840218172
FeNi_123,1.0,1.05,0.0068404065434264335
FeNi_123,1.05,1.1,0.006150034308166474
FeNi_123,1.1,1.1500000000000001,0.005195486661189328
FeNi_123,1.1500000000000001,1.2000000000000002,0.0032148625089350002
FeNi_123,1.2000000000000002,1.25,0.0017094600136767185
FeNi_123,1.25,1.3,0.0008764092703377832
FeNi_123,1.3,1.35,0.0005233330603896233
FeNi_123,1.35,1.4000000000000001,0.00023302313528780714
FeNi_123,1.4000000000000001,1.4500000000000002,4.2320403380906986e-05
FeNi_123,1.4500000000000002,1.5,2.670328834401474e-06
FeNi_123,1.5,1.55,0.0
FeNi_123,1.55,1.6,0.0
FeNi_123,1.6,1.6500000000000001,0.0
FeNi_123,1.6500000000000001,1.7000000000000002,0.0
FeNi_123,1.7000000000000002,1.75,0.0
FeNi_123,1.75,1.8,0.0
FeNi_123,1.8,1.85,0.0
FeNi_123,1.85,1.9000000000000001,0.0
FeNi_123,1.9000000000000001,1.9500000000000002,0.0
FeNi_123,1.9500000000000002,2.0,0.0
FeNi_123,2.0,2.0500000000000003,0.0
FeNi_123,2.0500000000000003,2.1,0.0
FeNi_123,2.1,2.15,0.0
FeNi_123,2.15,2.2,0.0
FeNi_123,2.2,2.25,0.0
FeNi_123,2.25,2.3000000000000003,0.0
FeNi_123,2.3000000000000003,2.35,0.0
FeNi_123,2.35,2.4000000000000004,0.0
FeNi_123,2.4000000000000004,2.45,0.0
FeNi_123,2.45,2.5,0.0
FeNi_123,2.5,2.5500000000000003,0.0
FeNi_123,2.5500000000000003,2.6,0.0
FeNi_123,2.6,2.6500000000000004,0.0
FeNi_123,2.6500000000000004,2.7,0.0
FeNi_123,2.7,2.75,0.0
FeNi_123,2.75,2.8000000000000003,0.0
FeNi_123,2.8000000000000003,2.85,0.0
FeNi_123,2.85,2.9000000000000004,0.0
FeNi_123,2.9000000000000004,2.95,0.0
FeNi_123,2.95,3.0,0.0
KTmO2_166,0.0,0.05,0.0022793118537376604
KTmO2_166,0.05,0.1,0.013808974746333146
KTmO2_166,0.1,0.15000000000000002,0.03802676310919017
KTmO2_166,0.15000000000000002,0.2,0.06287269944921724
KTmO2_166,0.2,0.25,0.09384837209795793
KTmO2_166,0.25,0.30000000000000004,0.11063622933785715
KTmO2_166,0.30000000000000004,0.35000000000000003,0.12360512636205653
KTmO2_166,0.35000000000000003,0.4,0.12959790352537562
KTmO2_166,0.4,0.45,0.1153975308350883
KTmO2_166,0.45,0.5,0.09616144321436111
KTmO2_166,0.5,0.55,0.07209682288779924
KTmO2_166,0.55,0.6000000000000001,0.046117479592099504
KTmO2_166,0.6000000000000001,0.65,0.02725889401178421
KTmO2_166,0.65,0.7000000000000001,0.01321817831651498
KTmO2_166,0.7000000000000001,0.75,0.007124831837831555
KTmO2_166,0.75,0.8,0.0062926158998417095
KTmO2_166,0.8,0.8500000000000001,0.005587902064496089
KTmO2_166,0.8500000000000001,0.9,0.004912592137771001
KTmO2_166,0.9,0.9500000000000001,0.004317329286755551
KTmO2_166,0.9500000000000001,1.0,0.0036287141420427516
KTmO2_166,1.0,1.05,0.003094087331909173
KTmO2_166,1.05,1.1,0.002512553298539086
KTmO2_166,1.1,1.1500000000000001,0.0020342920542261345
KTmO2_166,1.1500000000000001,1.2000000000000002,0.0017823023332276765
KTmO2_166,1.2000000000000002,1.25,0.0015197849413180913
KTmO2_166,1.25,1.3,0.0013077062473763508
KTmO2_166,1.3,1.35,0.0012179101821938247
KTmO2_166,1.35,1.4000000000000001,0.001092508158241456
KTmO2_166,1.4000000000000001,1.4500000000000002,0.0010241204802140507
KTmO2_166,1.4500000000000002,1.5,0.0009546674419653996
KTmO2_166,1.5,1.55,0.000873834743987912
KTmO2_166,1.55,1.6,0.0008088072633201551
KTmO2_166,1.6,1.6500000000000001,0.0007290432785491439
KTmO2_166,1.6500000000000001,1.7000000000000002,0.0006806280913969041
KTmO2_166,1.7000000000000002,1.75,0.0006197516477416934
KTmO2_166,1.75,1.8,0.000542621132959943
KTmO2_166,1.8,1.85,0.00048088520565726375
KTmO2_166,1.85,1.9000000000000001,0.00039807910685987205
KTmO2_166,1.9000000000000001,1.9500000000000002,0.00031810781238008674
KTmO2_166,1.9500000000000002,2.0,0.00027966565018593283
KTmO2_166,2.0,2.0500000000000003,0.00022437116397545947
KTmO2_166,2.0500000000000003,2.1,0.00019632377040280406
KTmO2_166,2.1,2.15,0.00015402055292759216
KTmO2_166,2.15,2.2,0.00012237635550671353
KTmO2_166,2.2,2.25,0.00010103923824526632
KTmO2_166,2.25,2.3000000000000003,6.328930333808418e-05
KTmO2_166,2.3000000000000003,2.35,3.876112733876091e-05
KTmO2_166,2.35,2.4000000000000004,2.3506380168264766e-05
KTmO2_166,2.4000000000000004,2.45,8.786963543153068e-06
KTmO2_166,2.45,2.5,3.973099380550366e-06
KTmO2_166,2.5,2.5500000000000003,1.7545941156238318e-06
KTmO2_166,2.5500000000000003,2.6,5.119963023485033e-07
KTmO2_166,2.6,2.6500000000000004,2.1434439380347404e-07
KTmO2_166,2.6500000000000004,2.7,0.0
KTmO2_166,2.7,2.75,0.0
KTmO2_166,2.75,2.8000000000000003,0.0
KTmO2_166,2.8000000000000003,2.85,0.0
KTmO2_166,2.85,2.9000000000000004,0.0
KTmO2_166,2.9000000000000004,2.95,0.0
KTmO2_166,2.95,3.0,0.0
Ti2MnRu_225,0.0,0.05,0.0008251102082755027
Ti2MnRu_225,0.05,0.1,0.00878045197636072
Ti2MnRu_225,0.1,0.15000000000000002,0.020605194411015132
Ti2MnRu_225,0.15000000000000002,0.2,0.038737947798054825
Ti2MnRu_225,0.2,0.25,0.04560821667803439
Ti2MnRu_225,0.25,0.30000000000000004,0.06744890310370001
Ti2MnRu_225,0.30000000000000004,0.35000000000000003,0.07859856857931415
Ti2MnRu_225,0.35000000000000003,0.4,0.08616107941342951
Ti2MnRu_225,0.4,0.45,0.08729342800774267
Ti2MnRu_225,0.45,0.5,0.08694811973156723
Ti2MnRu_225,0.5,0.55,0.08516608903331417
Ti2MnRu_225,0.55,0.6000000000000001,0.071169389180178
Ti2MnRu_225,0.6000000000000001,0.65,0.061828322773425426
Ti2MnRu_225,0.65,0.7000000000000001,0.04904895776503997
Ti2MnRu_225,0.7000000000000001,0.75,0.04158309765988806
Ti2MnRu_225,0.75,0.8,0.0342390846744386
Ti2MnRu_225,0.8,0.8500000000000001,0.029730249764271428
Ti2MnRu_225,0.8500000000000001,0.9,0.027651693806762915
Ti2MnRu_225,0.9,0.9500000000000001,0.02503873946307172
Ti2MnRu_225,0.9500000000000001,1.0,0.02179449477099773
Ti2MnRu_225,1.0,1.05,0.016979348106594627
Ti2MnRu_225,1.05,1.1,0.009170873173127675
Ti2MnRu_225,1.1,1.1500000000000001,0.003235133080798074
Ti2MnRu_225,1.1500000000000001,1.2000000000000002,0.0007395095364732018
Ti2MnRu_225,1.2000000000000002,1.25,0.0005881100942104425
Ti2MnRu_225,1.25,1.3,0.0006358407497302692
Ti2MnRu_225,1.3,1.35,0.0003519021181180073
Ti2MnRu_225,1.35,1.4000000000000001,4.214434206721378e-05
Ti2MnRu_225,1.4000000000000001,1.4500000000000002,0.0
Ti2MnRu_225,1.4500000000000002,1.5,0.0
Ti2MnRu_225,1.5,1.55,0.0
Ti2MnRu_225,1.55,1.6,0.0
Ti2MnRu_225,1.6,1.6500000000000001,0.0
Ti2MnRu_225,1.6500000000000001,1.7000000000000002,0.0
Ti2MnRu_225,1.7000000000000002,1.75,0.0
Ti2MnRu_225,1.75,1.8,0.0
Ti2MnRu_225,1.8,1.85,0.0
Ti2MnRu_225,1.85,1.9000000000000001,0.0
Ti2MnRu_225,1.9000000000000001,1.9500000000000002,0.0
Ti2MnRu_225,1.9500000000000002,2.0,0.0
Ti2MnRu_225,2.0,2.0500000000000003,0.0
Ti2MnRu_225,2.0500000000000003,2.1,0.0
Ti2MnRu_225,2.1,2.15,0.0
Ti2MnRu_225,2.15,2.2,0.0
Ti2MnRu_225,2.2,2.25,0.0
Ti2MnRu_225,2.25,2.3000000000000003,0.0
Ti2MnRu_225,2.3000000000000003,2.35,0.0
Ti2MnRu_225,2.35,2.4000000000000004,0.0
Ti2MnRu_225,2.4000000000000004,2.45,0.0
Ti2MnRu_225,2.45,2.5,0.0
Ti2MnRu_225,2.5,2.5500000000000003,0.0
Ti2MnRu_225,2.5500000000000003,2.6,0.0
Ti2MnRu_225,2.6,2.6500000000000004,0.0
Ti2MnRu_225,2.6500000000000004,2.7,0.0
Ti2MnRu_225,2.7,2.75,0.0
Ti2MnRu_225,2.75,2.8000000000000003,0.0
Ti2MnRu_225,2.8000000000000003,2.85,0.0
Ti2MnRu_225,2.85,2.9000000000000004,0.0
Ti2MnRu_225,2.9000000000000004,2.95,0.0
Ti2MnRu_225,2.95,3.0,0.0
YMnSi_129,0.0,0.05,0.00036146426138213445
YMnSi_129,0.05,0.1,0.008703635384253675
YMnSi_129,0.1,0.15000000000000002,0.017114547995445026
YMnSi_129,0.15000000000000002,0.2,0.035327137919913515
YMnSi_129,0.2,0.25,0.05954740927406977
YMnSi_129,0.25,0.30000000000000004,0.06594082180618958
YMnSi_129,0.30000000000000004,0.35000000000000003,0.0737259015398634
YMnSi_129,0.35000000000000003,0.4,0.08779592831313959
YMnSi_129,0.4,0.45,0.08557172115862303
YMnSi_129,0.45,0.5,0.0825459697736495
YMnSi_129,0.5,0.55,0.07512760973607825
YMnSi_129,0.55,0.6000000000000001,0.06559068332993281
YMnSi_129,0.6000000000000001,0.65,0.0546403714236756
YMnSi_129,0.65,0.7000000000000001,0.04585105613870542
YMnSi_129,0.7000000000000001,0.75,0.03663653277553405
YMnSi_129,0.75,0.8,0.031427490369638794
YMnSi_129,0.8,0.8500000000000001,0.027733170727350247
YMnSi_129,0.8500000000000001,0.9,0.0252117008150072
YMnSi_129,0.9,0.9500000000000001,0.022424033838536105
YMnSi_129,0.9500000000000001,1.0,0.01977994133124068
YMnSi_129,1.0,1.05,0.016439243443891863
YMnSi_129,1.05,1.1,0.012846385975685505
YMnSi_129,1.1,1.1500000000000001,0.010396423929077898
YMnSi_129,1.1500000000000001,1.2000000000000002,0.008915369406674879
YMnSi_129,1.2000000000000002,1.25,0.007581690890739296
YMnSi_129,1.25,1.3,0.006104266531870592
YMnSi_129,1.3,1.35,0.0046416306966571745
YMnSi_129,1.35,1.4000000000000001,0.0036564610577662893
YMnSi_129,1.4000000000000001,1.4500000000000002,0.002714896346238883
YMnSi_129,1.4500000000000002,1.5,0.0016483576455748547
YMnSi_129,1.5,1.55,0.0009998820982657238
YMnSi_129,1.55,1.6,0.0006355815853648268
YMnSi_129,1.6,1.6500000000000001,0.00040400648287461805
YMnSi_129,1.6500000000000001,1.7000000000000002,0.00035047381744618487
YMnSi_129,1.7000000000000002,1.75,0.00037504146231737866
YMnSi_129,1.75,1.8,0.0003575123701395204
YMnSi_129,1.8,1.85,0.00029828714535564267
YMnSi_129,1.85,1.9000000000000001,0.0002103037841158174
YMnSi_129,1.9000000000000001,1.9500000000000002,0.00016142768721471185
YMnSi_129,1.9500000000000002,2.0,9.972433030123264e-05
YMnSi_129,2.0,2.0500000000000003,6.020213944850714e-05
YMnSi_129,2.0500000000000003,2.1,3.293625580932465e-05
YMnSi_129,2.1,2.15,1.0541529499318324e-05
YMnSi_129,2.15,2.2,2.2254754409470713e-06
YMnSi_129,2.2,2.25,0.0
YMnSi_129,2.25,2.3000000000000003,0.0
YMnSi_129,2.3000000000000003,2.35,0.0
YMnSi_129,2.35,2.4000000000000004,0.0
YMnSi_129,2.4000000000000004,2.45,0.0
YMnSi_129,2.45,2.5,0.0
YMnSi_129,2.5,2.5500000000000003,0.0
YMnSi_129,2.5500000000000003,2.6,0.0
YMnSi_129,2.6,2.6500000000000004,0.0
YMnSi_129,2.6500000000000004,2.7,0.0
YMnSi_129,2.7,2.75,0.0
YMnSi_129,2.75,2.8000000000000003,0.0
YMnSi_129,2.8000000000000003,2.85,0.0
YMnSi_129,2.85,2.9000000000000004,0.0
YMnSi_129,2.9000000000000004,2.95,0.0
YMnSi_129,2.95,3.0,0.0
FeNiPt2_123,0.0,0.05,0.0005119169104021974
FeNiPt2_123,0.05,0.1,0.011107695812544244
FeNiPt2_123,0.1,0.15000000000000002,0.022859905764255544
FeNiPt2_123,0.15000000000000002,0.2,0.04017075904615611
FeNiPt2_123,0.2,0.25,0.06797964221302777
FeNiPt2_123,0.25,0.30000000000000004,0.0833275347032523
FeNiPt2_123,0.30000000000000004,0.35000000000000003,0.09127401270079093
FeNiPt2_123,0.35000000000000003,0.4,0.10305220125888233
FeNiPt2_123,0.4,0.45,0.1019652060866777
FeNiPt2_123,0.45,0.5,0.10327286464459871
FeNiPt2_123,0.5,0.55,0.0870136309271715
FeNiPt2_123,0.55,0.6000000000000001,0.07189073228289591
FeNiPt2_123,0.6000000000000001,0.65,0.05656390349957242
FeNiPt2_123,0.65,0.7000000000000001,0.04160046609257915
FeNiPt2_123,0.7000000000000001,0.75,0.02947733310363957
FeNiPt2_123,0.75,0.8,0.02046305276784128
FeNiPt2_123,0.8,0.8500000000000001,0.014885922648208916
FeNiPt2_123,0.8500000000000001,0.9,0.010485033560694294
FeNiPt2_123,0.9,0.9500000000000001,0.009421933486048322
FeNiPt2_123,0.9500000000000001,1.0,0.008737150302944198
FeNiPt2_123,1.0,1.05,0.007650747623536
FeNiPt2_123,1.05,1.1,0.005808873404459691
FeNiPt2_123,1.1,1.1500000000000001,0.003820394622427607
FeNiPt2_123,1.1500000000000001,1.2000000000000002,0.002830673449500427
FeNiPt2_123,1.2000000000000002,1.25,0.0018930684102681093
FeNiPt2_123,1.25,1.3,0.0010760979352163816
FeNiPt2_123,1.3,1.35,0.00046793650243554723
FeNiPt2_123,1.35,1.4000000000000001,0.0002493663754043575
FeNiPt2_123,1.4000000000000001,1.4500000000000002,0.00011463184417755633
FeNiPt2_123,1.4500000000000002,1.5,2.7312020391251013e-05
FeNiPt2_123,1.5,1.55,0.0
FeNiPt2_123,1.55,1.6,0.0
FeNiPt2_123,1.6,1.6500000000000001,0.0
FeNiPt2_123,1.6500000000000001,1.7000000000000002,0.0
FeNiPt2_123,1.7000000000000002,1.75,0.0
FeNiPt2_123,1.75,1.8,0.0
FeNiPt2_123,1.8,1.85,0.0
FeNiPt2_123,1.85,1.9000000000000001,0.0
FeNiPt2_123,1.9000000000000001,1.9500000000000002,0.0
FeNiPt2_123,1.9500000000000002,2.0,0.0
FeNiPt2_123,2.0,2.0500000000000003,0.0
FeNiPt2_123,2.0500000000000003,2.1,0.0
FeNiPt2_123,2.1,2.15,0.0
FeNiPt2_123,2.15,2.2,0.0
FeNiPt2_123,2.2,2.25,0.0
FeNiPt2_123,2.25,2.3000000000000003,0.0
FeNiPt2_123,2.3000000000000003,2.35,0.0
FeNiPt2_123,2.35,2.4000000000000004,0.0
FeNiPt2_123,2.4000000000000004,2.45,0.0
FeNiPt2_123,2.45,2.5,0.0
FeNiPt2_123,2.5,2.5500000000000003,0.0
FeNiPt2_123,2.5500000000000003,2.6,0.0
FeNiPt2_123,2.6,2.6500000000000004,0.0
FeNiPt2_123,2.6500000000000004,2.7,0.0
FeNiPt2_123,2.7,2.75,0.0
FeNiPt2_123,2.75,2.8000000000000003,0.0
FeNiPt2_123,2.8000000000000003,2.85,0.0
FeNiPt2_123,2.85,2.9000000000000004,0.0
FeNiPt2_123,2.9000000000000004,2.95,0.0
FeNiPt2_123,2.95,3.0,0.0
UTeAs_139,0.0,0.05,0.001303109932035733
UTeAs_139,0.05,0.1,0.008751177202801552
UTeAs_139,0.1,0.15000000000000002,0.02336496746459329
UTeAs_139,0.15000000000000002,0.2,0.040209242822671874
UTeAs_139,0.2,0.25,0.05657522683145615
UTeAs_139,0.25,0.30000000000000004,0.07101667968735186
UTeAs_139,0.30000000000000004,0.35000000000000003,0.07857848606691371
UTeAs_139,0.35000000000000003,0.4,0.0836128679886361
UTeAs_139,0.4,0.45,0.07919645689203214
UTeAs_139,0.45,0.5,0.07298436135183681
UTeAs_139,0.5,0.55,0.06425168954065245
UTeAs_139,0.55,0.6000000000000001,0.054585518894107676
UTeAs_139,0.6000000000000001,0.65,0.046049829287589036
UTeAs_139,0.65,0.7000000000000001,0.03893060802544766
UTeAs_139,0.7000000000000001,0.75,0.03470401726684113
UTeAs_139,0.75,0.8,0.03160298497852549
UTeAs_139,0.8,0.8500000000000001,0.029469595848898692
UTeAs_139,0.8500000000000001,0.9,0.026758988257951987
UTeAs_139,0.9,0.9500000000000001,0.02410269382204163
UTeAs_139,0.9500000000000001,1.0,0.021236376893866562
UTeAs_139,1.0,1.05,0.018668841873906196
UTeAs_139,1.05,1.1,0.015433292888696451
UTeAs_139,1.1,1.1500000000000001,0.012358479899482331
UTeAs_139,1.1500000000000001,1.2000000000000002,0.009981188148059065
UTeAs_139,1.2000000000000002,1.25,0.008446964601290158
UTeAs_139,1.25,1.3,0.007727832844993157
UTeAs_139,1.3,1.35,0.007176489701264449
UTeAs_139,1.35,1.4000000000000001,0.0065560972993096624
UTeAs_139,1.4000000000000001,1.4500000000000002,0.005518319136333811
UTeAs_139,1.4500000000000002,1.5,0.0048990877652480185
UTeAs_139,1.5,1.55,0.004414903968349663
UTeAs_139,1.55,1.6,0.003726647652187752
UTeAs_139,1.6,1.6500000000000001,0.003060019918177199
UTeAs_139,1.6500000000000001,1.7000000000000002,0.002169662987038798
UTeAs_139,1.7000000000000002,1.75,0.001378320657481046
UTeAs_139,1.75,1.8,0.0007739300172385822
UTeAs_139,1.8,1.85,0.00032683842082574353
UTeAs_139,1.85,1.9000000000000001,8.482302461983617e-05
UTeAs_139,1.9000000000000001,1.9500000000000002,1.0737866198772054e-05
UTeAs_139,1.9500000000000002,2.0,1.9898365955638816e-06
UTeAs_139,2.0,2.0500000000000003,5.920080161158054e-07
UTeAs_139,2.0500000000000003,2.1,6.042843668396191e-08
UTeAs_139,2.1,2.15,0.0
UTeAs_139,2.15,2.2,0.0
UTeAs_139,2.2,2.25,0.0
UTeAs_139,2.25,2.3000000000000003,0.0
UTeAs_139,2.3000000000000003,2.35,0.0
UTeAs_139,2.35,2.4000000000000004,0.0
UTeAs_139,2.4000000000000004,2.45,0.0
UTeAs_139,2.45,2.5,0.0
UTeAs_139,2.5,2.5500000000000003,0.0
UTeAs_139,2.5500000000000003,2.6,0.0
UTeAs_139,2.6,2.6500000000000004,0.0
UTeAs_139,2.6500000000000004,2.7,0.0
UTeAs_139,2.7,2.75,0.0
UTeAs_139,2.75,2.8000000000000003,0.0
UTeAs_139,2.8000000000000003,2.85,0.0
UTeAs_139,2.85,2.9000000000000004,0.0
UTeAs_139,2.9000000000000004,2.95,0.0
UTeAs_139,2.95,3.0,0.0
