# r [A]  rho [e/A^3]
0.000000000000000000e+00 1.795871221251665872e-01
5.000000000000000104e-04 1.795870772283916783e-01
1.000000000000000021e-03 1.795869425381342588e-01
1.500000000000000031e-03 1.795867180545963893e-01
2.000000000000000042e-03 1.795864037781147726e-01
2.500000000000000052e-03 1.795859997091608651e-01
3.000000000000000062e-03 1.795855058483407096e-01
3.500000000000000073e-03 1.795849221963951303e-01
4.000000000000000083e-03 1.795842487541995935e-01
4.500000000000000527e-03 1.795834855227642635e-01
5.000000000000000104e-03 1.795826325032339743e-01
5.499999999999999681e-03 1.795816896968882026e-01
6.000000000000000125e-03 1.795806571051411227e-01
6.500000000000000569e-03 1.795795347295416622e-01
7.000000000000000146e-03 1.795783225717732801e-01
7.499999999999999722e-03 1.795770206336541608e-01
8.000000000000000167e-03 1.795756289171371589e-01
8.500000000000000611e-03 1.795741474243097435e-01
9.000000000000001055e-03 1.795725761573940815e-01
9.499999999999999764e-03 1.795709151187469543e-01
1.000000000000000021e-02 1.795691643108597579e-01
1.050000000000000065e-02 1.795673237363585306e-01
1.099999999999999936e-02 1.795653933980039529e-01
1.149999999999999981e-02 1.795633732986912923e-01
1.200000000000000025e-02 1.795612634414504860e-01
1.250000000000000069e-02 1.795590638294459751e-01
1.300000000000000114e-02 1.795567744659768705e-01
1.349999999999999985e-02 1.795543953544768423e-01
1.400000000000000029e-02 1.795519264985141472e-01
1.450000000000000074e-02 1.795493679017915734e-01
1.499999999999999944e-02 1.795467195681465511e-01
1.549999999999999989e-02 1.795439815015509311e-01
1.600000000000000033e-02 1.795411537061112339e-01
1.650000000000000078e-02 1.795382361860684284e-01
1.700000000000000122e-02 1.795352289457980144e-01
1.750000000000000167e-02 1.795321319898100232e-01
1.800000000000000211e-02 1.795289453227489340e-01
1.849999999999999908e-02 1.795256689493938129e-01
1.899999999999999953e-02 1.795223028746580629e-01
1.949999999999999997e-02 1.795188471035896460e-01
2.000000000000000042e-02 1.795153016413708891e-01
2.050000000000000086e-02 1.795116664933186501e-01
2.100000000000000130e-02 1.795079416648841242e-01
2.150000000000000175e-02 1.795041271616529821e-01
2.199999999999999872e-02 1.795002229893452594e-01
2.249999999999999917e-02 1.794962291538153287e-01
2.299999999999999961e-02 1.794921456610519828e-01
2.350000000000000006e-02 1.794879725171783513e-01
2.400000000000000050e-02 1.794837097284519012e-01
2.450000000000000094e-02 1.794793573012643806e-01
2.500000000000000139e-02 1.794749152421418747e-01
2.550000000000000183e-02 1.794703835577447781e-01
2.600000000000000228e-02 1.794657622548676834e-01
2.649999999999999925e-02 1.794610513404394925e-01
2.699999999999999969e-02 1.794562508215233887e-01
2.750000000000000014e-02 1.794513607053166426e-01
2.800000000000000058e-02 1.794463809991508063e-01
2.850000000000000103e-02 1.794413117104916300e-01
2.900000000000000147e-02 1.794361528469389511e-01
2.950000000000000192e-02 1.794309044162268607e-01
2.999999999999999889e-02 1.794255664262234817e-01
3.049999999999999933e-02 1.794201388849310519e-01
3.099999999999999978e-02 1.794146218004859517e-01
3.150000000000000022e-02 1.794090151811585654e-01
3.200000000000000067e-02 1.794033190353533647e-01
3.250000000000000111e-02 1.793975333716087972e-01
3.300000000000000155e-02 1.793916581985973702e-01
3.350000000000000200e-02 1.793856935251255114e-01
3.400000000000000244e-02 1.793796393601336525e-01
3.450000000000000289e-02 1.793734957126961183e-01
3.500000000000000333e-02 1.793672625920212094e-01
3.550000000000000377e-02 1.793609400074510363e-01
3.600000000000000422e-02 1.793545279684616578e-01
3.649999999999999772e-02 1.793480264846628869e-01
3.699999999999999817e-02 1.793414355657984849e-01
3.749999999999999861e-02 1.793347552217458285e-01
3.799999999999999906e-02 1.793279854625162151e-01
3.849999999999999950e-02 1.793211262982546128e-01
3.899999999999999994e-02 1.793141777392397718e-01
3.950000000000000039e-02 1.793071397958840296e-01
4.000000000000000083e-02 1.793000124787335336e-01
4.050000000000000128e-02 1.792927957984679077e-01
4.100000000000000172e-02 1.792854897659005575e-01
4.150000000000000216e-02 1.792780943919783654e-01
4.200000000000000261e-02 1.792706096877817734e-01
4.250000000000000305e-02 1.792630356645248391e-01
4.300000000000000350e-02 1.792553723335550409e-01
4.350000000000000394e-02 1.792476197063533894e-01
4.399999999999999745e-02 1.792397777945342885e-01
4.449999999999999789e-02 1.792318466098456464e-01
4.499999999999999833e-02 1.792238261641686814e-01
4.549999999999999878e-02 1.792157164695179772e-01
4.599999999999999922e-02 1.792075175380414831e-01
4.649999999999999967e-02 1.791992293820204030e-01
4.700000000000000011e-02 1.791908520138693062e-01
4.750000000000000056e-02 1.791823854461359056e-01
4.800000000000000100e-02 1.791738296915011130e-01
4.850000000000000144e-02 1.791651847627790950e-01
4.900000000000000189e-02 1.791564506729170780e-01
4.950000000000000233e-02 1.791476274349954323e-01
5.000000000000000278e-02 1.791387150622276714e-01
5.050000000000000322e-02 1.791297135679602304e-01
5.100000000000000366e-02 1.791206229656726323e-01
5.150000000000000411e-02 1.791114432689773772e-01
5.200000000000000455e-02 1.791021744916198866e-01
5.249999999999999806e-02 1.790928166474785033e-01
5.299999999999999850e-02 1.790833697505644639e-01
5.349999999999999895e-02 1.790738338150217601e-01
5.399999999999999939e-02 1.790642088551273325e-01
5.449999999999999983e-02 1.790544948852907658e-01
5.500000000000000028e-02 1.790446919200544273e-01
5.550000000000000072e-02 1.790347999740933560e-01
5.600000000000000117e-02 1.790248190622152902e-01
5.650000000000000161e-02 1.790147491993606121e-01
5.700000000000000205e-02 1.790045904006021538e-01
5.750000000000000250e-02 1.789943426811455018e-01
5.800000000000000294e-02 1.789840060563285817e-01
5.850000000000000339e-02 1.789735805416218517e-01
5.900000000000000383e-02 1.789630661526282474e-01
5.950000000000000427e-02 1.789524629050830151e-01
5.999999999999999778e-02 1.789417708148537955e-01
6.049999999999999822e-02 1.789309898979406233e-01
6.099999999999999867e-02 1.789201201704756217e-01
6.149999999999999911e-02 1.789091616487233360e-01
6.199999999999999956e-02 1.788981143490804282e-01
6.250000000000000000e-02 1.788869782880756765e-01
6.300000000000000044e-02 1.788757534823700590e-01
6.350000000000000089e-02 1.788644399487565873e-01
6.400000000000000133e-02 1.788530377041602504e-01
6.450000000000000178e-02 1.788415467656381264e-01
6.500000000000000222e-02 1.788299671503791322e-01
6.550000000000000266e-02 1.788182988757041625e-01
6.600000000000000311e-02 1.788065419590659511e-01
6.650000000000000355e-02 1.787946964180490428e-01
6.700000000000000400e-02 1.787827622703697661e-01
6.750000000000000444e-02 1.787707395338760941e-01
6.800000000000000488e-02 1.787586282265478665e-01
6.850000000000000533e-02 1.787464283664963460e-01
6.900000000000000577e-02 1.787341399719645507e-01
6.950000000000000622e-02 1.787217630613269770e-01
7.000000000000000666e-02 1.787092976530896271e-01
7.050000000000000711e-02 1.786967437658899260e-01
7.100000000000000755e-02 1.786841014184968324e-01
7.150000000000000799e-02 1.786713706298104776e-01
7.200000000000000844e-02 1.786585514188624990e-01
7.249999999999999500e-02 1.786456438048156514e-01
7.299999999999999545e-02 1.786326478069640011e-01
7.349999999999999589e-02 1.786195634447327596e-01
7.399999999999999634e-02 1.786063907376782556e-01
7.449999999999999678e-02 1.785931297054878797e-01
7.499999999999999722e-02 1.785797803679801121e-01
7.549999999999999767e-02 1.785663427451043006e-01
7.599999999999999811e-02 1.785528168569408547e-01
7.649999999999999856e-02 1.785392027237009405e-01
7.699999999999999900e-02 1.785255003657266193e-01
7.749999999999999944e-02 1.785117098034906813e-01
7.799999999999999989e-02 1.784978310575967009e-01
7.850000000000000033e-02 1.784838641487788702e-01
7.900000000000000078e-02 1.784698090979020546e-01
7.950000000000000122e-02 1.784556659259616263e-01
8.000000000000000167e-02 1.784414346540835472e-01
8.050000000000000211e-02 1.784271153035241753e-01
8.100000000000000255e-02 1.784127078956703472e-01
8.150000000000000300e-02 1.783982124520391843e-01
8.200000000000000344e-02 1.783836289942782038e-01
8.250000000000000389e-02 1.783689575441650965e-01
8.300000000000000433e-02 1.783541981236077267e-01
8.350000000000000477e-02 1.783393507546442713e-01
8.400000000000000522e-02 1.783244154594427755e-01
8.450000000000000566e-02 1.783093922603014858e-01
8.500000000000000611e-02 1.782942811796485172e-01
8.550000000000000655e-02 1.782790822400419362e-01
8.600000000000000699e-02 1.782637954641697331e-01
8.650000000000000744e-02 1.782484208748496557e-01
8.700000000000000788e-02 1.782329584950291812e-01
8.750000000000000833e-02 1.782174083477855164e-01
8.799999999999999489e-02 1.782017704563255145e-01
8.849999999999999534e-02 1.781860448439856193e-01
8.899999999999999578e-02 1.781702315342316989e-01
8.949999999999999623e-02 1.781543305506592123e-01
8.999999999999999667e-02 1.781383419169929594e-01
9.049999999999999711e-02 1.781222656570871088e-01
9.099999999999999756e-02 1.781061017949250591e-01
9.149999999999999800e-02 1.780898503546194944e-01
9.199999999999999845e-02 1.780735113604122732e-01
9.249999999999999889e-02 1.780570848366743453e-01
9.299999999999999933e-02 1.780405708079056681e-01
9.349999999999999978e-02 1.780239692987352351e-01
9.400000000000000022e-02 1.780072803339209364e-01
9.450000000000000067e-02 1.779905039383495036e-01
9.500000000000000111e-02 1.779736401370365650e-01
9.550000000000000155e-02 1.779566889551263409e-01
9.600000000000000200e-02 1.779396504178918925e-01
9.650000000000000244e-02 1.779225245507347342e-01
9.700000000000000289e-02 1.779053113791850826e-01
9.750000000000000333e-02 1.778880109289014688e-01
9.800000000000000377e-02 1.778706232256710151e-01
9.850000000000000422e-02 1.778531482954091025e-01
9.900000000000000466e-02 1.778355861641594260e-01
9.950000000000000511e-02 1.778179368580939390e-01
1.000000000000000056e-01 1.778002004035127148e-01
1.005000000000000060e-01 1.777823768268439741e-01
1.010000000000000064e-01 1.777644661546439186e-01
1.015000000000000069e-01 1.777464684135967865e-01
1.020000000000000073e-01 1.777283836305146580e-01
1.025000000000000078e-01 1.777102118323374558e-01
1.030000000000000082e-01 1.776919530461328611e-01
1.035000000000000087e-01 1.776736072990963422e-01
1.040000000000000091e-01 1.776551746185509040e-01
1.044999999999999957e-01 1.776366550319471438e-01
1.049999999999999961e-01 1.776180485668631681e-01
1.054999999999999966e-01 1.775993552510045093e-01
1.059999999999999970e-01 1.775805751122040421e-01
1.064999999999999974e-01 1.775617081784220119e-01
1.069999999999999979e-01 1.775427544777457289e-01
1.074999999999999983e-01 1.775237140383898182e-01
1.079999999999999988e-01 1.775045868886958589e-01
1.084999999999999992e-01 1.774853730571325505e-01
1.089999999999999997e-01 1.774660725722954635e-01
1.095000000000000001e-01 1.774466854629070667e-01
1.100000000000000006e-01 1.774272117578166441e-01
1.105000000000000010e-01 1.774076514860001563e-01
1.110000000000000014e-01 1.773880046765602125e-01
1.115000000000000019e-01 1.773682713587261262e-01
1.120000000000000023e-01 1.773484515618535540e-01
1.125000000000000028e-01 1.773285453154247182e-01
1.130000000000000032e-01 1.773085526490481567e-01
1.135000000000000037e-01 1.772884735924586674e-01
1.140000000000000041e-01 1.772683081755173640e-01
1.145000000000000046e-01 1.772480564282113980e-01
1.150000000000000050e-01 1.772277183806540701e-01
1.155000000000000054e-01 1.772072940630846083e-01
1.160000000000000059e-01 1.771867835058681950e-01
1.165000000000000063e-01 1.771661867394958845e-01
1.170000000000000068e-01 1.771455037945844635e-01
1.175000000000000072e-01 1.771247347018763962e-01
1.180000000000000077e-01 1.771038794922397963e-01
1.185000000000000081e-01 1.770829381966683436e-01
1.190000000000000085e-01 1.770619108462811453e-01
1.195000000000000090e-01 1.770407974723226530e-01
1.199999999999999956e-01 1.770195981061627177e-01
1.204999999999999960e-01 1.769983127792963962e-01
1.209999999999999964e-01 1.769769415233438392e-01
1.214999999999999969e-01 1.769554843700503477e-01
1.219999999999999973e-01 1.769339413512861781e-01
1.224999999999999978e-01 1.769123124990464868e-01
1.229999999999999982e-01 1.768905978454513861e-01
1.234999999999999987e-01 1.768687974227455550e-01
1.239999999999999991e-01 1.768469112632985452e-01
1.244999999999999996e-01 1.768249393996043917e-01
1.250000000000000000e-01 1.768028818642816691e-01
1.255000000000000004e-01 1.767807386900733801e-01
1.260000000000000009e-01 1.767585099098469559e-01
1.265000000000000013e-01 1.767361955565940335e-01
1.270000000000000018e-01 1.767137956634304563e-01
1.275000000000000022e-01 1.766913102635961907e-01
1.280000000000000027e-01 1.766687393904552150e-01
1.285000000000000031e-01 1.766460830774955193e-01
1.290000000000000036e-01 1.766233413583288836e-01
1.295000000000000040e-01 1.766005142666908778e-01
1.300000000000000044e-01 1.765776018364408617e-01
1.305000000000000049e-01 1.765546041015616519e-01
1.310000000000000053e-01 1.765315210961597159e-01
1.315000000000000058e-01 1.765083528544649782e-01
1.320000000000000062e-01 1.764850994108306259e-01
1.325000000000000067e-01 1.764617607997332194e-01
1.330000000000000071e-01 1.764383370557724706e-01
1.335000000000000075e-01 1.764148282136711876e-01
1.340000000000000080e-01 1.763912343082751910e-01
1.345000000000000084e-01 1.763675553745532865e-01
1.350000000000000089e-01 1.763437914475970980e-01
1.355000000000000093e-01 1.763199425626210126e-01
1.360000000000000098e-01 1.762960087549620969e-01
1.365000000000000102e-01 1.762719900600799861e-01
1.370000000000000107e-01 1.762478865135568284e-01
1.375000000000000111e-01 1.762236981510972023e-01
1.380000000000000115e-01 1.761994250085279490e-01
1.385000000000000120e-01 1.761750671217982289e-01
1.390000000000000124e-01 1.761506245269792992e-01
1.395000000000000129e-01 1.761260972602645136e-01
1.400000000000000133e-01 1.761014853579691286e-01
1.405000000000000138e-01 1.760767888565303030e-01
1.410000000000000142e-01 1.760520077925070426e-01
1.415000000000000147e-01 1.760271422025799781e-01
1.420000000000000151e-01 1.760021921235513931e-01
1.425000000000000155e-01 1.759771575923450571e-01
1.430000000000000160e-01 1.759520386460061980e-01
1.435000000000000164e-01 1.759268353217013636e-01
1.440000000000000169e-01 1.759015476567183378e-01
1.444999999999999896e-01 1.758761756884660576e-01
1.449999999999999900e-01 1.758507194544745300e-01
1.454999999999999905e-01 1.758251789923947483e-01
1.459999999999999909e-01 1.757995543399984983e-01
1.464999999999999913e-01 1.757738455351784412e-01
1.469999999999999918e-01 1.757480526159479195e-01
1.474999999999999922e-01 1.757221756204407626e-01
1.479999999999999927e-01 1.756962145869114256e-01
1.484999999999999931e-01 1.756701695537346841e-01
1.489999999999999936e-01 1.756440405594057175e-01
1.494999999999999940e-01 1.756178276425398033e-01
1.499999999999999944e-01 1.755915308418724285e-01
1.504999999999999949e-01 1.755651501962590677e-01
1.509999999999999953e-01 1.755386857446751270e-01
1.514999999999999958e-01 1.755121375262158889e-01
1.519999999999999962e-01 1.754855055800962904e-01
1.524999999999999967e-01 1.754587899456510058e-01
1.529999999999999971e-01 1.754319906623341696e-01
1.534999999999999976e-01 1.754051077697194316e-01
1.539999999999999980e-01 1.753781413074997630e-01
1.544999999999999984e-01 1.753510913154873174e-01
1.549999999999999989e-01 1.753239578336135418e-01
1.554999999999999993e-01 1.752967409019288714e-01
1.559999999999999998e-01 1.752694405606026740e-01
1.565000000000000002e-01 1.752420568499231945e-01
1.570000000000000007e-01 1.752145898102974164e-01
1.575000000000000011e-01 1.751870394822510890e-01
1.580000000000000016e-01 1.751594059064283393e-01
1.585000000000000020e-01 1.751316891235919493e-01
1.590000000000000024e-01 1.751038891746229120e-01
1.595000000000000029e-01 1.750760061005205426e-01
1.600000000000000033e-01 1.750480399424023392e-01
1.605000000000000038e-01 1.750199907415038170e-01
1.610000000000000042e-01 1.749918585391784798e-01
1.615000000000000047e-01 1.749636433768976262e-01
1.620000000000000051e-01 1.749353452962503774e-01
1.625000000000000056e-01 1.749069643389435103e-01
1.630000000000000060e-01 1.748785005468012355e-01
1.635000000000000064e-01 1.748499539617653642e-01
1.640000000000000069e-01 1.748213246258950027e-01
1.645000000000000073e-01 1.747926125813663856e-01
1.650000000000000078e-01 1.747638178704730427e-01
1.655000000000000082e-01 1.747349405356254659e-01
1.660000000000000087e-01 1.747059806193510534e-01
1.665000000000000091e-01 1.746769381642940544e-01
1.670000000000000095e-01 1.746478132132154304e-01
1.675000000000000100e-01 1.746186058089927717e-01
1.680000000000000104e-01 1.745893159946201867e-01
1.685000000000000109e-01 1.745599438132081349e-01
1.690000000000000113e-01 1.745304893079834552e-01
1.695000000000000118e-01 1.745009525222890601e-01
1.700000000000000122e-01 1.744713334995840748e-01
1.705000000000000127e-01 1.744416322834435318e-01
1.710000000000000131e-01 1.744118489175583708e-01
1.715000000000000135e-01 1.743819834457352447e-01
1.720000000000000140e-01 1.743520359118965191e-01
1.725000000000000144e-01 1.743220063600801062e-01
1.730000000000000149e-01 1.742918948344392982e-01
1.735000000000000153e-01 1.742617013792428227e-01
1.740000000000000158e-01 1.742314260388745373e-01
1.745000000000000162e-01 1.742010688578334576e-01
1.750000000000000167e-01 1.741706298807336462e-01
1.755000000000000171e-01 1.741401091523039901e-01
1.759999999999999898e-01 1.741095067173882016e-01
1.764999999999999902e-01 1.740788226209447065e-01
1.769999999999999907e-01 1.740480569080464224e-01
1.774999999999999911e-01 1.740172096238807864e-01
1.779999999999999916e-01 1.739862808137495886e-01
1.784999999999999920e-01 1.739552705230688057e-01
1.789999999999999925e-01 1.739241787973685727e-01
1.794999999999999929e-01 1.738930056822930448e-01
1.799999999999999933e-01 1.738617512236002860e-01
1.804999999999999938e-01 1.738304154671621304e-01
1.809999999999999942e-01 1.737989984589640990e-01
1.814999999999999947e-01 1.737675002451052608e-01
1.819999999999999951e-01 1.737359208717981773e-01
1.824999999999999956e-01 1.737042603853687639e-01
1.829999999999999960e-01 1.736725188322560953e-01
1.834999999999999964e-01 1.736406962590124059e-01
1.839999999999999969e-01 1.736087927123029229e-01
1.844999999999999973e-01 1.735768082389057831e-01
1.849999999999999978e-01 1.735447428857118668e-01
1.854999999999999982e-01 1.735125966997246860e-01
1.859999999999999987e-01 1.734803697280603574e-01
1.864999999999999991e-01 1.734480620179474075e-01
1.869999999999999996e-01 1.734156736167266621e-01
1.875000000000000000e-01 1.733832045718511072e-01
1.880000000000000004e-01 1.733506549308859168e-01
1.885000000000000009e-01 1.733180247415081199e-01
1.890000000000000013e-01 1.732853140515066559e-01
1.895000000000000018e-01 1.732525229087821528e-01
1.900000000000000022e-01 1.732196513613468991e-01
1.905000000000000027e-01 1.731866994573246499e-01
1.910000000000000031e-01 1.731536672449505987e-01
1.915000000000000036e-01 1.731205547725710725e-01
1.920000000000000040e-01 1.730873620886437259e-01
1.925000000000000044e-01 1.730540892417370691e-01
1.930000000000000049e-01 1.730207362805306071e-01
1.935000000000000053e-01 1.729873032538146727e-01
1.940000000000000058e-01 1.729537902104901492e-01
1.945000000000000062e-01 1.729201971995685816e-01
1.950000000000000067e-01 1.728865242701718707e-01
1.955000000000000071e-01 1.728527714715323294e-01
1.960000000000000075e-01 1.728189388529923487e-01
1.965000000000000080e-01 1.727850264640044542e-01
1.970000000000000084e-01 1.727510343541311388e-01
1.975000000000000089e-01 1.727169625730446689e-01
1.980000000000000093e-01 1.726828111705270563e-01
1.985000000000000098e-01 1.726485801964699196e-01
1.990000000000000102e-01 1.726142697008743176e-01
1.995000000000000107e-01 1.725798797338506385e-01
2.000000000000000111e-01 1.725454103456185717e-01
2.005000000000000115e-01 1.725108615865068029e-01
2.010000000000000120e-01 1.724762335069531249e-01
2.015000000000000124e-01 1.724415261575040215e-01
2.020000000000000129e-01 1.724067395888148613e-01
2.025000000000000133e-01 1.723718738516495375e-01
2.030000000000000138e-01 1.723369289968804674e-01
2.035000000000000142e-01 1.723019050754884263e-01
2.040000000000000147e-01 1.722668021385624360e-01
2.045000000000000151e-01 1.722316202372996263e-01
2.050000000000000155e-01 1.721963594230050687e-01
2.055000000000000160e-01 1.721610197470918036e-01
2.060000000000000164e-01 1.721256012610805630e-01
2.065000000000000169e-01 1.720901040165996043e-01
2.070000000000000173e-01 1.720545280653848763e-01
2.075000000000000178e-01 1.720188734592794921e-01
2.080000000000000182e-01 1.719831402502339512e-01
2.084999999999999909e-01 1.719473284903057508e-01
2.089999999999999913e-01 1.719114382316594969e-01
2.094999999999999918e-01 1.718754695265665156e-01
2.099999999999999922e-01 1.718394224274050197e-01
2.104999999999999927e-01 1.718032969866596926e-01
2.109999999999999931e-01 1.717670932569217712e-01
2.114999999999999936e-01 1.717308112908888518e-01
2.119999999999999940e-01 1.716944511413646679e-01
2.124999999999999944e-01 1.716580128612592016e-01
2.129999999999999949e-01 1.716214965035882389e-01
2.134999999999999953e-01 1.715849021214735370e-01
2.139999999999999958e-01 1.715482297681424628e-01
2.144999999999999962e-01 1.715114794969280210e-01
2.149999999999999967e-01 1.714746513612686596e-01
2.154999999999999971e-01 1.714377454147081314e-01
2.159999999999999976e-01 1.714007617108954107e-01
2.164999999999999980e-01 1.713637003035845263e-01
2.169999999999999984e-01 1.713265612466344234e-01
2.174999999999999989e-01 1.712893445940088522e-01
2.179999999999999993e-01 1.712520503997762567e-01
2.184999999999999998e-01 1.712146787181096363e-01
2.190000000000000002e-01 1.711772296032862961e-01
2.195000000000000007e-01 1.711397031096879573e-01
2.200000000000000011e-01 1.711020992918004247e-01
2.205000000000000016e-01 1.710644182042135031e-01
2.210000000000000020e-01 1.710266599016209144e-01
2.215000000000000024e-01 1.709888244388201028e-01
2.220000000000000029e-01 1.709509118707121245e-01
2.225000000000000033e-01 1.709129222523015912e-01
2.230000000000000038e-01 1.708748556386963657e-01
2.235000000000000042e-01 1.708367120851076448e-01
2.240000000000000047e-01 1.707984916468495706e-01
2.245000000000000051e-01 1.707601943793393973e-01
2.250000000000000056e-01 1.707218203380970190e-01
2.255000000000000060e-01 1.706833695787452199e-01
2.260000000000000064e-01 1.706448421570091745e-01
2.265000000000000069e-01 1.706062381287165308e-01
2.270000000000000073e-01 1.705675575497971885e-01
2.275000000000000078e-01 1.705288004762832987e-01
2.280000000000000082e-01 1.704899669643088478e-01
2.285000000000000087e-01 1.704510570701098515e-01
2.290000000000000091e-01 1.704120708500239667e-01
2.295000000000000095e-01 1.703730083604905465e-01
2.300000000000000100e-01 1.703338696580503353e-01
2.305000000000000104e-01 1.702946547993454129e-01
2.310000000000000109e-01 1.702553638411191117e-01
2.315000000000000113e-01 1.702159968402157664e-01
2.320000000000000118e-01 1.701765538535806865e-01
2.325000000000000122e-01 1.701370349382598512e-01
2.330000000000000127e-01 1.700974401514000478e-01
2.335000000000000131e-01 1.700577695502484277e-01
2.340000000000000135e-01 1.700180231921526453e-01
2.345000000000000140e-01 1.699782011345604693e-01
2.350000000000000144e-01 1.699383034350198662e-01
2.355000000000000149e-01 1.698983301511786115e-01
2.360000000000000153e-01 1.698582813407844838e-01
2.365000000000000158e-01 1.698181570616848490e-01
2.370000000000000162e-01 1.697779573718265489e-01
2.375000000000000167e-01 1.697376823292559012e-01
2.380000000000000171e-01 1.696973319921185330e-01
2.385000000000000175e-01 1.696569064186590481e-01
2.390000000000000180e-01 1.696164056672211928e-01
2.395000000000000184e-01 1.695758297962474404e-01
2.399999999999999911e-01 1.695351788642789626e-01
2.404999999999999916e-01 1.694944529299555747e-01
2.409999999999999920e-01 1.694536520520154299e-01
2.414999999999999925e-01 1.694127762892950195e-01
2.419999999999999929e-01 1.693718257007289230e-01
2.424999999999999933e-01 1.693308003453497246e-01
2.429999999999999938e-01 1.692897002822878749e-01
2.434999999999999942e-01 1.692485255707715242e-01
2.439999999999999947e-01 1.692072762701263833e-01
2.444999999999999951e-01 1.691659524397756131e-01
2.449999999999999956e-01 1.691245541392396856e-01
2.454999999999999960e-01 1.690830814281361061e-01
2.459999999999999964e-01 1.690415343661794689e-01
2.464999999999999969e-01 1.689999130131812077e-01
2.469999999999999973e-01 1.689582174290494565e-01
2.474999999999999978e-01 1.689164476737889109e-01
2.479999999999999982e-01 1.688746038075007172e-01
2.484999999999999987e-01 1.688326858903822225e-01
2.489999999999999991e-01 1.687906939827270303e-01
2.494999999999999996e-01 1.687486281449246395e-01
2.500000000000000000e-01 1.687064884374604723e-01
2.505000000000000004e-01 1.686642749209155412e-01
2.510000000000000009e-01 1.686219876559665320e-01
2.515000000000000013e-01 1.685796267033854989e-01
2.520000000000000018e-01 1.685371921240396975e-01
2.525000000000000022e-01 1.684946839788916129e-01
2.530000000000000027e-01 1.684521023289986541e-01
2.535000000000000031e-01 1.684094472355130157e-01
2.540000000000000036e-01 1.683667187596816495e-01
2.545000000000000040e-01 1.683239169628459875e-01
2.550000000000000044e-01 1.682810419064418861e-01
2.555000000000000049e-01 1.682380936519994319e-01
2.560000000000000053e-01 1.681950722611427751e-01
2.565000000000000058e-01 1.681519777955900741e-01
2.570000000000000062e-01 1.681088103171532455e-01
2.575000000000000067e-01 1.680655698877378534e-01
2.580000000000000071e-01 1.680222565693429704e-01
2.585000000000000075e-01 1.679788704240610664e-01
2.590000000000000080e-01 1.679354115140778148e-01
2.595000000000000084e-01 1.678918799016718699e-01
2.600000000000000089e-01 1.678482756492148398e-01
2.605000000000000093e-01 1.678045988191711746e-01
2.610000000000000098e-01 1.677608494740978062e-01
2.615000000000000102e-01 1.677170276766442314e-01
2.620000000000000107e-01 1.676731334895522341e-01
2.625000000000000111e-01 1.676291669756557190e-01
2.630000000000000115e-01 1.675851281978806284e-01
2.635000000000000120e-01 1.675410172192448588e-01
2.640000000000000124e-01 1.674968341028579000e-01
2.645000000000000129e-01 1.674525789119208352e-01
2.650000000000000133e-01 1.674082517097262024e-01
2.655000000000000138e-01 1.673638525596577997e-01
2.660000000000000142e-01 1.673193815251904915e-01
2.665000000000000147e-01 1.672748386698901524e-01
2.670000000000000151e-01 1.672302240574134735e-01
2.675000000000000155e-01 1.671855377515077123e-01
2.680000000000000160e-01 1.671407798160107483e-01
2.685000000000000164e-01 1.670959503148507497e-01
2.690000000000000169e-01 1.670510493120461459e-01
2.695000000000000173e-01 1.670060768717053501e-01
2.700000000000000178e-01 1.669610330580267310e-01
2.705000000000000182e-01 1.669159179352983358e-01
2.710000000000000187e-01 1.668707315678978620e-01
2.715000000000000191e-01 1.668254740202924635e-01
2.720000000000000195e-01 1.667801453570385006e-01
2.725000000000000200e-01 1.667347456427815955e-01
2.730000000000000204e-01 1.666892749422562159e-01
2.735000000000000209e-01 1.666437333202857030e-01
2.740000000000000213e-01 1.665981208417821047e-01
2.745000000000000218e-01 1.665524375717459815e-01
2.750000000000000222e-01 1.665066835752662400e-01
2.755000000000000226e-01 1.664608589175199937e-01
2.760000000000000231e-01 1.664149636637723972e-01
2.765000000000000235e-01 1.663689978793765623e-01
2.770000000000000240e-01 1.663229616297733082e-01
2.775000000000000244e-01 1.662768549804910789e-01
2.780000000000000249e-01 1.662306779971456649e-01
2.785000000000000253e-01 1.661844307454402314e-01
2.790000000000000258e-01 1.661381132911650405e-01
2.795000000000000262e-01 1.660917257001973124e-01
2.800000000000000266e-01 1.660452680385010871e-01
2.805000000000000271e-01 1.659987403721270849e-01
2.810000000000000275e-01 1.659521427672124849e-01
2.815000000000000280e-01 1.659054752899807861e-01
2.820000000000000284e-01 1.658587380067418071e-01
2.825000000000000289e-01 1.658119309838912425e-01
2.830000000000000293e-01 1.657650542879107458e-01
2.835000000000000298e-01 1.657181079853676520e-01
2.840000000000000302e-01 1.656710921429149219e-01
2.845000000000000306e-01 1.656240068272908095e-01
2.850000000000000311e-01 1.655768521053188891e-01
2.855000000000000315e-01 1.655296280439078338e-01
2.860000000000000320e-01 1.654823347100511655e-01
2.865000000000000324e-01 1.654349721708272269e-01
2.870000000000000329e-01 1.653875404933989879e-01
2.875000000000000333e-01 1.653400397450138781e-01
2.880000000000000338e-01 1.652924699930035379e-01
2.884999999999999787e-01 1.652448313047838735e-01
2.889999999999999791e-01 1.651971237478546128e-01
2.894999999999999796e-01 1.651493473897994169e-01
2.899999999999999800e-01 1.651015022982856018e-01
2.904999999999999805e-01 1.650535885410639170e-01
2.909999999999999809e-01 1.650056061859685175e-01
2.914999999999999813e-01 1.649575553009166584e-01
2.919999999999999818e-01 1.649094359539086674e-01
2.924999999999999822e-01 1.648612482130277501e-01
2.929999999999999827e-01 1.648129921464397685e-01
2.934999999999999831e-01 1.647646678223931294e-01
2.939999999999999836e-01 1.647162753092186738e-01
2.944999999999999840e-01 1.646678146753293437e-01
2.949999999999999845e-01 1.646192859892202376e-01
2.954999999999999849e-01 1.645706893194683329e-01
2.959999999999999853e-01 1.645220247347322640e-01
2.964999999999999858e-01 1.644732923037523775e-01
2.969999999999999862e-01 1.644244920953502609e-01
2.974999999999999867e-01 1.643756241784288807e-01
2.979999999999999871e-01 1.643266886219722500e-01
2.984999999999999876e-01 1.642776854950453169e-01
2.989999999999999880e-01 1.642286148667937429e-01
2.994999999999999885e-01 1.641794768064438192e-01
2.999999999999999889e-01 1.641302713833023008e-01
3.004999999999999893e-01 1.640809986667562115e-01
3.009999999999999898e-01 1.640316587262726222e-01
3.014999999999999902e-01 1.639822516313986511e-01
3.019999999999999907e-01 1.639327774517611302e-01
3.024999999999999911e-01 1.638832362570665224e-01
3.029999999999999916e-01 1.638336281171008102e-01
3.034999999999999920e-01 1.637839531017291905e-01
3.039999999999999925e-01 1.637342112808960193e-01
3.044999999999999929e-01 1.636844027246246447e-01
3.049999999999999933e-01 1.636345275030172408e-01
3.054999999999999938e-01 1.635845856862545022e-01
3.059999999999999942e-01 1.635345773445957274e-01
3.064999999999999947e-01 1.634845025483784853e-01
3.069999999999999951e-01 1.634343613680184770e-01
3.074999999999999956e-01 1.633841538740094246e-01
3.079999999999999960e-01 1.633338801369227655e-01
3.084999999999999964e-01 1.632835402274077086e-01
3.089999999999999969e-01 1.632331342161909005e-01
3.094999999999999973e-01 1.631826621740763150e-01
3.099999999999999978e-01 1.631321241719450310e-01
3.104999999999999982e-01 1.630815202807552045e-01
3.109999999999999987e-01 1.630308505715417633e-01
3.114999999999999991e-01 1.629801151154163241e-01
3.119999999999999996e-01 1.629293139835669701e-01
3.125000000000000000e-01 1.628784472472581124e-01
3.130000000000000004e-01 1.628275149778302955e-01
3.135000000000000009e-01 1.627765172467001697e-01
3.140000000000000013e-01 1.627254541253600473e-01
3.145000000000000018e-01 1.626743256853780406e-01
3.150000000000000022e-01 1.626231319983976742e-01
3.155000000000000027e-01 1.625718731361378844e-01
3.160000000000000031e-01 1.625205491703926308e-01
3.165000000000000036e-01 1.624691601730310075e-01
3.170000000000000040e-01 1.624177062159968543e-01
3.175000000000000044e-01 1.623661873713086734e-01
3.180000000000000049e-01 1.623146037110594908e-01
3.185000000000000053e-01 1.622629553074165787e-01
3.190000000000000058e-01 1.622112422326214831e-01
3.195000000000000062e-01 1.621594645589896355e-01
3.200000000000000067e-01 1.621076223589103527e-01
3.205000000000000071e-01 1.620557157048465036e-01
3.210000000000000075e-01 1.620037446693345651e-01
3.215000000000000080e-01 1.619517093249842332e-01
3.220000000000000084e-01 1.618996097444783955e-01
3.225000000000000089e-01 1.618474460005728810e-01
3.230000000000000093e-01 1.617952181660963495e-01
3.235000000000000098e-01 1.617429263139500972e-01
3.240000000000000102e-01 1.616905705171078900e-01
3.245000000000000107e-01 1.616381508486157415e-01
3.250000000000000111e-01 1.615856673815918576e-01
3.255000000000000115e-01 1.615331201892263868e-01
3.260000000000000120e-01 1.614805093447812812e-01
3.265000000000000124e-01 1.614278349215900465e-01
3.270000000000000129e-01 1.613750969930576873e-01
3.275000000000000133e-01 1.613222956326605395e-01
3.280000000000000138e-01 1.612694309139459381e-01
3.285000000000000142e-01 1.612165029105322167e-01
3.290000000000000147e-01 1.611635116961085412e-01
3.295000000000000151e-01 1.611104573444344934e-01
3.300000000000000155e-01 1.610573399293402930e-01
3.305000000000000160e-01 1.610041595247262980e-01
3.310000000000000164e-01 1.609509162045629493e-01
3.315000000000000169e-01 1.608976100428906320e-01
3.320000000000000173e-01 1.608442411138194805e-01
3.325000000000000178e-01 1.607908094915291852e-01
3.330000000000000182e-01 1.607373152502688529e-01
3.335000000000000187e-01 1.606837584643568129e-01
3.340000000000000191e-01 1.606301392081804225e-01
3.345000000000000195e-01 1.605764575561959839e-01
3.350000000000000200e-01 1.605227135829284391e-01
3.355000000000000204e-01 1.604689073629713136e-01
3.360000000000000209e-01 1.604150389709865510e-01
3.365000000000000213e-01 1.603611084817042065e-01
3.370000000000000218e-01 1.603071159699223924e-01
3.375000000000000222e-01 1.602530615105070833e-01
3.380000000000000226e-01 1.601989451783919494e-01
3.385000000000000231e-01 1.601447670485781349e-01
3.390000000000000235e-01 1.600905271961340914e-01
3.395000000000000240e-01 1.600362256961955221e-01
3.400000000000000244e-01 1.599818626239650765e-01
3.405000000000000249e-01 1.599274380547121843e-01
3.410000000000000253e-01 1.598729520637729440e-01
3.415000000000000258e-01 1.598184047265499286e-01
3.420000000000000262e-01 1.597637961185120192e-01
3.425000000000000266e-01 1.597091263151942109e-01
3.430000000000000271e-01 1.596543953921973902e-01
3.435000000000000275e-01 1.595996034251883355e-01
3.440000000000000280e-01 1.595447504898993285e-01
3.445000000000000284e-01 1.594898366621280705e-01
3.450000000000000289e-01 1.594348620177376274e-01
3.455000000000000293e-01 1.593798266326560409e-01
3.460000000000000298e-01 1.593247305828762450e-01
3.465000000000000302e-01 1.592695739444560388e-01
3.470000000000000306e-01 1.592143567935175863e-01
3.475000000000000311e-01 1.591590792062475834e-01
3.480000000000000315e-01 1.591037412588968691e-01
3.485000000000000320e-01 1.590483430277803423e-01
3.490000000000000324e-01 1.589928845892767117e-01
3.495000000000000329e-01 1.589373660198284133e-01
3.500000000000000333e-01 1.588817873959414151e-01
3.505000000000000338e-01 1.588261487941849126e-01
3.510000000000000342e-01 1.587704502911913285e-01
3.515000000000000346e-01 1.587146919636560904e-01
3.519999999999999796e-01 1.586588738883374095e-01
3.524999999999999800e-01 1.586029961420560574e-01
3.529999999999999805e-01 1.585470588016953952e-01
3.534999999999999809e-01 1.584910619442009561e-01
3.539999999999999813e-01 1.584350056465803902e-01
3.544999999999999818e-01 1.583788899859033539e-01
3.549999999999999822e-01 1.583227150393011207e-01
3.554999999999999827e-01 1.582664808839666648e-01
3.559999999999999831e-01 1.582101875971542726e-01
3.564999999999999836e-01 1.581538352561795424e-01
3.569999999999999840e-01 1.580974239384189683e-01
3.574999999999999845e-01 1.580409537213101068e-01
3.579999999999999849e-01 1.579844246823510490e-01
3.584999999999999853e-01 1.579278368991005044e-01
3.589999999999999858e-01 1.578711904491774398e-01
3.594999999999999862e-01 1.578144854102610517e-01
3.599999999999999867e-01 1.577577218600904885e-01
3.604999999999999871e-01 1.577008998764647119e-01
3.609999999999999876e-01 1.576440195372423581e-01
3.614999999999999880e-01 1.575870809203414047e-01
3.619999999999999885e-01 1.575300841037392541e-01
3.624999999999999889e-01 1.574730291654722891e-01
3.629999999999999893e-01 1.574159161836358733e-01
3.634999999999999898e-01 1.573587452363841011e-01
3.639999999999999902e-01 1.573015164019296308e-01
3.644999999999999907e-01 1.572442297585435467e-01
3.649999999999999911e-01 1.571868853845551084e-01
3.654999999999999916e-01 1.571294833583515849e-01
3.659999999999999920e-01 1.570720237583781709e-01
3.664999999999999925e-01 1.570145066631376540e-01
3.669999999999999929e-01 1.569569321511904425e-01
3.674999999999999933e-01 1.568993003011541210e-01
3.679999999999999938e-01 1.568416111917035338e-01
3.684999999999999942e-01 1.567838649015704244e-01
3.689999999999999947e-01 1.567260615095433796e-01
3.694999999999999951e-01 1.566682010944674963e-01
3.699999999999999956e-01 1.566102837352444654e-01
3.704999999999999960e-01 1.565523095108320717e-01
3.709999999999999964e-01 1.564942785002442494e-01
3.714999999999999969e-01 1.564361907825508047e-01
3.719999999999999973e-01 1.563780464368772494e-01
3.724999999999999978e-01 1.563198455424046895e-01
3.729999999999999982e-01 1.562615881783694927e-01
3.734999999999999987e-01 1.562032744240633153e-01
3.739999999999999991e-01 1.561449043588327701e-01
3.744999999999999996e-01 1.560864780620791759e-01
3.750000000000000000e-01 1.560279956132586965e-01
3.755000000000000004e-01 1.559694570918817857e-01
3.760000000000000009e-01 1.559108625775133261e-01
3.765000000000000013e-01 1.558522121497721569e-01
3.770000000000000018e-01 1.557935058883311297e-01
3.775000000000000022e-01 1.557347438729168310e-01
3.780000000000000027e-01 1.556759261833093599e-01
3.785000000000000031e-01 1.556170528993423008e-01
3.790000000000000036e-01 1.555581241009023064e-01
3.795000000000000040e-01 1.554991398679292092e-01
3.800000000000000044e-01 1.554401002804155496e-01
3.805000000000000049e-01 1.553810054184066036e-01
3.810000000000000053e-01 1.553218553620001052e-01
3.815000000000000058e-01 1.552626501913461354e-01
3.820000000000000062e-01 1.552033899866468447e-01
3.825000000000000067e-01 1.551440748281563697e-01
3.830000000000000071e-01 1.550847047961805558e-01
3.835000000000000075e-01 1.550252799710768736e-01
3.840000000000000080e-01 1.549658004332542249e-01
3.845000000000000084e-01 1.549062662631726928e-01
3.850000000000000089e-01 1.548466775413434027e-01
3.855000000000000093e-01 1.547870343483283284e-01
3.860000000000000098e-01 1.547273367647401532e-01
3.865000000000000102e-01 1.546675848712420476e-01
3.870000000000000107e-01 1.546077787485475308e-01
3.875000000000000111e-01 1.545479184774202208e-01
3.880000000000000115e-01 1.544880041386737235e-01
3.885000000000000120e-01 1.544280358131713549e-01
3.890000000000000124e-01 1.543680135818261134e-01
3.895000000000000129e-01 1.543079375256003749e-01
3.900000000000000133e-01 1.542478077255057256e-01
3.905000000000000138e-01 1.541876242626028515e-01
3.910000000000000142e-01 1.541273872180012883e-01
3.915000000000000147e-01 1.540670966728592273e-01
3.920000000000000151e-01 1.540067527083833765e-01
3.925000000000000155e-01 1.539463554058288774e-01
3.930000000000000160e-01 1.538859048464988888e-01
3.935000000000000164e-01 1.538254011117445863e-01
3.940000000000000169e-01 1.537648442829648854e-01
3.945000000000000173e-01 1.537042344416063577e-01
3.950000000000000178e-01 1.536435716691629816e-01
3.955000000000000182e-01 1.535828560471759752e-01
3.960000000000000187e-01 1.535220876572336024e-01
3.965000000000000191e-01 1.534612665809709509e-01
3.970000000000000195e-01 1.534003929000699318e-01
3.975000000000000200e-01 1.533394666962588360e-01
3.980000000000000204e-01 1.532784880513123338e-01
3.985000000000000209e-01 1.532174570470512531e-01
3.990000000000000213e-01 1.531563737653423851e-01
3.995000000000000218e-01 1.530952382880983176e-01
4.000000000000000222e-01 1.530340506972771852e-01
4.005000000000000226e-01 1.529728110748825587e-01
4.010000000000000231e-01 1.529115195029633056e-01
4.015000000000000235e-01 1.528501760636133133e-01
4.020000000000000240e-01 1.527887808389712943e-01
4.025000000000000244e-01 1.527273339112207029e-01
4.030000000000000249e-01 1.526658353625894859e-01
4.035000000000000253e-01 1.526042852753499157e-01
4.040000000000000258e-01 1.525426837318183959e-01
4.045000000000000262e-01 1.524810308143553783e-01
4.050000000000000266e-01 1.524193266053649187e-01
4.055000000000000271e-01 1.523575711872948435e-01
4.060000000000000275e-01 1.522957646426363054e-01
4.065000000000000280e-01 1.522339070539236727e-01
4.070000000000000284e-01 1.521719985037344458e-01
4.075000000000000289e-01 1.521100390746888686e-01
4.080000000000000293e-01 1.520480288494499843e-01
4.085000000000000298e-01 1.519859679107232742e-01
4.090000000000000302e-01 1.519238563412565746e-01
4.095000000000000306e-01 1.518616942238397993e-01
4.100000000000000311e-01 1.517994816413048287e-01
4.105000000000000315e-01 1.517372186765254261e-01
4.110000000000000320e-01 1.516749054124167662e-01
4.115000000000000324e-01 1.516125419319355183e-01
4.120000000000000329e-01 1.515501283180795966e-01
4.125000000000000333e-01 1.514876646538878824e-01
4.130000000000000338e-01 1.514251510224401687e-01
4.135000000000000342e-01 1.513625875068569382e-01
4.140000000000000346e-01 1.512999741902990303e-01
4.145000000000000351e-01 1.512373111559678074e-01
4.150000000000000355e-01 1.511745984871045445e-01
4.155000000000000360e-01 1.511118362669905679e-01
4.160000000000000364e-01 1.510490245789469499e-01
4.164999999999999813e-01 1.509861635063343421e-01
4.169999999999999818e-01 1.509232531325527538e-01
4.174999999999999822e-01 1.508602935410414125e-01
4.179999999999999827e-01 1.507972848152785705e-01
4.184999999999999831e-01 1.507342270387813099e-01
4.189999999999999836e-01 1.506711202951054318e-01
4.194999999999999840e-01 1.506079646678451511e-01
4.199999999999999845e-01 1.505447602406329854e-01
4.204999999999999849e-01 1.504815070971395607e-01
4.209999999999999853e-01 1.504182053210734449e-01
4.214999999999999858e-01 1.503548549961809255e-01
4.219999999999999862e-01 1.502914562062458437e-01
4.224999999999999867e-01 1.502280090350894826e-01
4.229999999999999871e-01 1.501645135665702069e-01
4.234999999999999876e-01 1.501009698845834350e-01
4.239999999999999880e-01 1.500373780730615003e-01
4.244999999999999885e-01 1.499737382159732069e-01
4.249999999999999889e-01 1.499100503973239684e-01
4.254999999999999893e-01 1.498463147011553920e-01
4.259999999999999898e-01 1.497825312115451946e-01
4.264999999999999902e-01 1.497187000126069811e-01
4.269999999999999907e-01 1.496548211884901336e-01
4.274999999999999911e-01 1.495908948233795610e-01
4.279999999999999916e-01 1.495269210014954497e-01
4.284999999999999920e-01 1.494628998070932635e-01
4.289999999999999925e-01 1.493988313244633825e-01
4.294999999999999929e-01 1.493347156379310758e-01
4.299999999999999933e-01 1.492705528318561126e-01
4.304999999999999938e-01 1.492063429906328176e-01
4.309999999999999942e-01 1.491420861986897106e-01
4.314999999999999947e-01 1.490777825404893953e-01
4.319999999999999951e-01 1.490134321005283924e-01
4.324999999999999956e-01 1.489490349633368904e-01
4.329999999999999960e-01 1.488845912134785787e-01
4.334999999999999964e-01 1.488201009355505644e-01
4.339999999999999969e-01 1.487555642141830392e-01
4.344999999999999973e-01 1.486909811340391963e-01
4.349999999999999978e-01 1.486263517798149802e-01
4.354999999999999982e-01 1.485616762362390320e-01
4.359999999999999987e-01 1.484969545880722719e-01
4.364999999999999991e-01 1.484321869201079835e-01
4.369999999999999996e-01 1.483673733171714526e-01
4.375000000000000000e-01 1.483025138641198004e-01
4.380000000000000004e-01 1.482376086458419007e-01
4.385000000000000009e-01 1.481726577472580464e-01
4.390000000000000013e-01 1.481076612533199777e-01
4.395000000000000018e-01 1.480426192490104098e-01
4.400000000000000022e-01 1.479775318193431444e-01
4.405000000000000027e-01 1.479123990493626528e-01
4.410000000000000031e-01 1.478472210241441043e-01
4.415000000000000036e-01 1.477819978287929215e-01
4.420000000000000040e-01 1.477167295484448639e-01
4.425000000000000044e-01 1.476514162682656672e-01
4.430000000000000049e-01 1.475860580734509320e-01
4.435000000000000053e-01 1.475206550492259294e-01
4.440000000000000058e-01 1.474552072808454073e-01
4.445000000000000062e-01 1.473897148535934232e-01
4.450000000000000067e-01 1.473241778527831225e-01
4.455000000000000071e-01 1.472585963637566275e-01
4.460000000000000075e-01 1.471929704718847320e-01
4.465000000000000080e-01 1.471273002625669013e-01
4.470000000000000084e-01 1.470615858212309113e-01
4.475000000000000089e-01 1.469958272333327376e-01
4.480000000000000093e-01 1.469300245843563890e-01
4.485000000000000098e-01 1.468641779598137409e-01
4.490000000000000102e-01 1.467982874452442021e-01
4.495000000000000107e-01 1.467323531262147707e-01
4.500000000000000111e-01 1.466663750883196726e-01
4.505000000000000115e-01 1.466003534171802236e-01
4.510000000000000120e-01 1.465342881984446621e-01
4.515000000000000124e-01 1.464681795177879831e-01
4.520000000000000129e-01 1.464020274609116878e-01
4.525000000000000133e-01 1.463358321135436735e-01
4.530000000000000138e-01 1.462695935614379550e-01
4.535000000000000142e-01 1.462033118903746653e-01
4.540000000000000147e-01 1.461369871861596392e-01
4.545000000000000151e-01 1.460706195346243852e-01
4.550000000000000155e-01 1.460042090216258637e-01
4.555000000000000160e-01 1.459377557330462927e-01
4.560000000000000164e-01 1.458712597547930090e-01
4.565000000000000169e-01 1.458047211727981074e-01
4.570000000000000173e-01 1.457381400730186349e-01
4.575000000000000178e-01 1.456715165414359248e-01
4.580000000000000182e-01 1.456048506640558460e-01
4.585000000000000187e-01 1.455381425269083318e-01
4.590000000000000191e-01 1.454713922160472961e-01
4.595000000000000195e-01 1.454045998175505228e-01
4.600000000000000200e-01 1.453377654175193601e-01
4.605000000000000204e-01 1.452708891020785542e-01
4.610000000000000209e-01 1.452039709573761939e-01
4.615000000000000213e-01 1.451370110695833771e-01
4.620000000000000218e-01 1.450700095248941002e-01
4.625000000000000222e-01 1.450029664095250359e-01
4.630000000000000226e-01 1.449358818097154222e-01
4.635000000000000231e-01 1.448687558117268126e-01
4.640000000000000235e-01 1.448015885018428817e-01
4.645000000000000240e-01 1.447343799663692865e-01
4.650000000000000244e-01 1.446671302916335555e-01
4.655000000000000249e-01 1.445998395639846723e-01
4.660000000000000253e-01 1.445325078697931864e-01
4.665000000000000258e-01 1.444651352954507972e-01
4.670000000000000262e-01 1.443977219273702706e-01
4.675000000000000266e-01 1.443302678519853277e-01
4.680000000000000271e-01 1.442627731557502291e-01
4.685000000000000275e-01 1.441952379251398852e-01
4.690000000000000280e-01 1.441276622466494683e-01
4.695000000000000284e-01 1.440600462067943011e-01
4.700000000000000289e-01 1.439923898921096901e-01
4.705000000000000293e-01 1.439246933891507041e-01
4.710000000000000298e-01 1.438569567844919794e-01
4.715000000000000302e-01 1.437891801647276091e-01
4.720000000000000306e-01 1.437213636164709207e-01
4.725000000000000311e-01 1.436535072263542823e-01
4.730000000000000315e-01 1.435856110810288799e-01
4.735000000000000320e-01 1.435176752671646905e-01
4.740000000000000324e-01 1.434496998714500648e-01
4.745000000000000329e-01 1.433816849805918392e-01
4.750000000000000333e-01 1.433136306813148075e-01
4.755000000000000338e-01 1.432455370603618328e-01
4.760000000000000342e-01 1.431774042044935413e-01
4.765000000000000346e-01 1.431092322004881290e-01
4.770000000000000351e-01 1.430410211351412497e-01
4.775000000000000355e-01 1.429727710952657105e-01
4.780000000000000360e-01 1.429044821676913879e-01
4.785000000000000364e-01 1.428361544392650895e-01
4.790000000000000369e-01 1.427677879968502483e-01
4.795000000000000373e-01 1.426993829273268122e-01
4.799999999999999822e-01 1.426309393175910767e-01
4.804999999999999827e-01 1.425624572545554358e-01
4.809999999999999831e-01 1.424939368251482152e-01
4.814999999999999836e-01 1.424253781163136445e-01
4.819999999999999840e-01 1.423567812150113854e-01
4.824999999999999845e-01 1.422881462082166149e-01
4.829999999999999849e-01 1.422194731829197756e-01
4.834999999999999853e-01 1.421507622261262149e-01
4.839999999999999858e-01 1.420820134248563238e-01
4.844999999999999862e-01 1.420132268661450647e-01
4.849999999999999867e-01 1.419444026370419165e-01
4.854999999999999871e-01 1.418755408246107630e-01
4.859999999999999876e-01 1.418066415159295601e-01
4.864999999999999880e-01 1.417377047980902527e-01
4.869999999999999885e-01 1.416687307581985245e-01
4.874999999999999889e-01 1.415997194833737705e-01
4.879999999999999893e-01 1.415306710607487362e-01
4.884999999999999898e-01 1.414615855774693509e-01
4.889999999999999902e-01 1.413924631206947280e-01
4.894999999999999907e-01 1.413233037775967482e-01
4.899999999999999911e-01 1.412541076353600877e-01
4.904999999999999916e-01 1.411848747811818849e-01
4.909999999999999920e-01 1.411156053022716295e-01
4.914999999999999925e-01 1.410462992858509401e-01
4.919999999999999929e-01 1.409769568191534816e-01
4.924999999999999933e-01 1.409075779894246594e-01
4.929999999999999938e-01 1.408381628839215083e-01
4.934999999999999942e-01 1.407687115899124708e-01
4.939999999999999947e-01 1.406992241946773414e-01
4.944999999999999951e-01 1.406297007855069059e-01
4.949999999999999956e-01 1.405601414497028578e-01
4.954999999999999960e-01 1.404905462745776046e-01
4.959999999999999964e-01 1.404209153474541283e-01
4.964999999999999969e-01 1.403512487556657362e-01
4.969999999999999973e-01 1.402815465865559497e-01
4.974999999999999978e-01 1.402118089274781709e-01
4.979999999999999982e-01 1.401420358657958221e-01
4.984999999999999987e-01 1.400722274888817620e-01
4.989999999999999991e-01 1.400023838841184254e-01
4.994999999999999996e-01 1.399325051388974894e-01
5.000000000000000000e-01 1.398625913406197629e-01
5.005000000000000560e-01 1.397926425766949088e-01
5.010000000000000009e-01 1.397226589345414161e-01
5.015000000000000568e-01 1.396526405015862393e-01
5.020000000000000018e-01 1.395825873652648264e-01
5.025000000000000577e-01 1.395124996130207295e-01
5.030000000000000027e-01 1.394423773323056059e-01
5.035000000000000586e-01 1.393722206105788841e-01
5.040000000000000036e-01 1.393020295353077087e-01
5.045000000000000595e-01 1.392318041939667184e-01
5.050000000000000044e-01 1.391615446740378514e-01
5.055000000000000604e-01 1.390912510630101240e-01
5.060000000000000053e-01 1.390209234483796297e-01
5.065000000000000613e-01 1.389505619176490681e-01
5.070000000000000062e-01 1.388801665583279388e-01
5.075000000000000622e-01 1.388097374579319310e-01
5.080000000000000071e-01 1.387392747039831453e-01
5.085000000000000631e-01 1.386687783840097055e-01
5.090000000000000080e-01 1.385982485855455915e-01
5.095000000000000639e-01 1.385276853961304455e-01
5.100000000000000089e-01 1.384570889033095720e-01
5.105000000000000648e-01 1.383864591946334655e-01
5.110000000000000098e-01 1.383157963576579497e-01
5.115000000000000657e-01 1.382451004799436778e-01
5.120000000000000107e-01 1.381743716490562435e-01
5.124999999999999556e-01 1.381036099525658756e-01
5.130000000000000115e-01 1.380328154780471606e-01
5.134999999999999565e-01 1.379619883130790703e-01
5.140000000000000124e-01 1.378911285452446567e-01
5.144999999999999574e-01 1.378202362621308574e-01
5.150000000000000133e-01 1.377493115513284128e-01
5.154999999999999583e-01 1.376783545004316711e-01
5.160000000000000142e-01 1.376073651970382561e-01
5.164999999999999591e-01 1.375363437287491497e-01
5.170000000000000151e-01 1.374652901831682761e-01
5.174999999999999600e-01 1.373942046479024737e-01
5.180000000000000160e-01 1.373230872105613010e-01
5.184999999999999609e-01 1.372519379587567590e-01
5.190000000000000169e-01 1.371807569801032356e-01
5.194999999999999618e-01 1.371095443622172838e-01
5.200000000000000178e-01 1.370383001927173716e-01
5.204999999999999627e-01 1.369670245592239100e-01
5.210000000000000187e-01 1.368957175493588085e-01
5.214999999999999636e-01 1.368243792507455037e-01
5.220000000000000195e-01 1.367530097510087084e-01
5.224999999999999645e-01 1.366816091377742182e-01
5.230000000000000204e-01 1.366101774986687722e-01
5.234999999999999654e-01 1.365387149213198870e-01
5.240000000000000213e-01 1.364672214933556060e-01
5.244999999999999662e-01 1.363956973024043895e-01
5.250000000000000222e-01 1.363241424360949750e-01
5.254999999999999671e-01 1.362525569820560445e-01
5.260000000000000231e-01 1.361809410279163080e-01
5.264999999999999680e-01 1.361092946613040588e-01
5.270000000000000240e-01 1.360376179698471744e-01
5.274999999999999689e-01 1.359659110411728100e-01
5.280000000000000249e-01 1.358941739629073442e-01
5.284999999999999698e-01 1.358224068226762393e-01
5.290000000000000258e-01 1.357506097081036534e-01
5.294999999999999707e-01 1.356787827068124397e-01
5.300000000000000266e-01 1.356069259064239529e-01
5.304999999999999716e-01 1.355350393945578824e-01
5.310000000000000275e-01 1.354631232588319467e-01
5.314999999999999725e-01 1.353911775868618939e-01
5.320000000000000284e-01 1.353192024662612236e-01
5.324999999999999734e-01 1.352471979846410766e-01
5.330000000000000293e-01 1.351751642296099842e-01
5.334999999999999742e-01 1.351031012887737859e-01
5.340000000000000302e-01 1.350310092497353232e-01
5.344999999999999751e-01 1.349588882000944678e-01
5.350000000000000311e-01 1.348867382274477056e-01
5.354999999999999760e-01 1.348145594193881913e-01
5.360000000000000320e-01 1.347423518635054163e-01
5.364999999999999769e-01 1.346701156473851246e-01
5.370000000000000329e-01 1.345978508586090361e-01
5.374999999999999778e-01 1.345255575847548180e-01
5.380000000000000338e-01 1.344532359133958077e-01
5.384999999999999787e-01 1.343808859321008742e-01
5.390000000000000346e-01 1.343085077284341955e-01
5.394999999999999796e-01 1.342361013899552591e-01
5.400000000000000355e-01 1.341636670042183899e-01
5.404999999999999805e-01 1.340912046587729167e-01
5.410000000000000364e-01 1.340187144411626730e-01
5.414999999999999813e-01 1.339461964389261073e-01
5.420000000000000373e-01 1.338736507395959230e-01
5.424999999999999822e-01 1.338010774306990225e-01
5.430000000000000382e-01 1.337284765997562019e-01
5.434999999999999831e-01 1.336558483342821790e-01
5.440000000000000391e-01 1.335831927217852044e-01
5.444999999999999840e-01 1.335105098497670062e-01
5.450000000000000400e-01 1.334377998057226788e-01
5.454999999999999849e-01 1.333650626771403502e-01
5.460000000000000409e-01 1.332922985515010983e-01
5.464999999999999858e-01 1.332195075162788400e-01
5.470000000000000417e-01 1.331466896589400539e-01
5.474999999999999867e-01 1.330738450669436690e-01
5.480000000000000426e-01 1.330009738277408426e-01
5.484999999999999876e-01 1.329280760287748775e-01
5.490000000000000435e-01 1.328551517574809715e-01
5.494999999999999885e-01 1.327822011012860792e-01
5.500000000000000444e-01 1.327092241476087453e-01
5.504999999999999893e-01 1.326362209838589379e-01
5.510000000000000453e-01 1.325631916974377711e-01
5.514999999999999902e-01 1.324901363757375883e-01
5.520000000000000462e-01 1.324170551061415180e-01
5.524999999999999911e-01 1.323439479760234738e-01
5.530000000000000471e-01 1.322708150727479048e-01
5.534999999999999920e-01 1.321976564836696844e-01
5.540000000000000480e-01 1.321244722961338602e-01
5.544999999999999929e-01 1.320512625974755994e-01
5.550000000000000488e-01 1.319780274750199101e-01
5.554999999999999938e-01 1.319047670160815311e-01
5.560000000000000497e-01 1.318314813079647096e-01
5.564999999999999947e-01 1.317581704379631458e-01
5.570000000000000506e-01 1.316848344933597426e-01
5.574999999999999956e-01 1.316114735614263564e-01
5.580000000000000515e-01 1.315380877294237971e-01
5.584999999999999964e-01 1.314646770846015778e-01
5.590000000000000524e-01 1.313912417141977207e-01
5.594999999999999973e-01 1.313177817054386187e-01
5.600000000000000533e-01 1.312442971455388685e-01
5.604999999999999982e-01 1.311707881217011595e-01
5.610000000000000542e-01 1.310972547211159134e-01
5.614999999999999991e-01 1.310236970309613946e-01
5.620000000000000551e-01 1.309501151384032946e-01
5.625000000000000000e-01 1.308765091305947315e-01
5.630000000000000560e-01 1.308028790946759723e-01
5.635000000000000009e-01 1.307292251177744058e-01
5.640000000000000568e-01 1.306555472870040979e-01
5.645000000000000018e-01 1.305818456894660418e-01
5.650000000000000577e-01 1.305081204122475746e-01
5.655000000000000027e-01 1.304343715424225170e-01
5.660000000000000586e-01 1.303605991670507835e-01
5.665000000000000036e-01 1.302868033731784114e-01
5.670000000000000595e-01 1.302129842478371990e-01
5.675000000000000044e-01 1.301391418780447895e-01
5.680000000000000604e-01 1.300652763508042264e-01
5.685000000000000053e-01 1.299913877531039819e-01
5.690000000000000613e-01 1.299174761719176785e-01
5.695000000000000062e-01 1.298435416942040621e-01
5.700000000000000622e-01 1.297695844069066407e-01
5.705000000000000071e-01 1.296956043969537120e-01
5.710000000000000631e-01 1.296216017512580587e-01
5.715000000000000080e-01 1.295475765567168647e-01
5.720000000000000639e-01 1.294735289002115486e-01
5.725000000000000089e-01 1.293994588686074865e-01
5.730000000000000648e-01 1.293253665487540394e-01
5.735000000000000098e-01 1.292512520274842480e-01
5.740000000000000657e-01 1.291771153916146109e-01
5.745000000000000107e-01 1.291029567279451951e-01
5.750000000000000666e-01 1.290287761232591368e-01
5.755000000000000115e-01 1.289545736643226970e-01
5.760000000000000675e-01 1.288803494378850112e-01
5.765000000000000124e-01 1.288061035306779789e-01
5.769999999999999574e-01 1.287318360294160691e-01
5.775000000000000133e-01 1.286575470207960425e-01
5.779999999999999583e-01 1.285832365914970910e-01
5.785000000000000142e-01 1.285089048281803370e-01
5.789999999999999591e-01 1.284345518174888900e-01
5.795000000000000151e-01 1.283601776460475685e-01
5.799999999999999600e-01 1.282857824004628444e-01
5.805000000000000160e-01 1.282113661673225380e-01
5.809999999999999609e-01 1.281369290331958177e-01
5.815000000000000169e-01 1.280624710846328673e-01
5.819999999999999618e-01 1.279879924081649134e-01
5.825000000000000178e-01 1.279134930903038647e-01
5.829999999999999627e-01 1.278389732175423121e-01
5.835000000000000187e-01 1.277644328763532788e-01
5.839999999999999636e-01 1.276898721531900815e-01
5.845000000000000195e-01 1.276152911344861640e-01
5.849999999999999645e-01 1.275406899066550137e-01
5.855000000000000204e-01 1.274660685560897733e-01
5.859999999999999654e-01 1.273914271691633515e-01
5.865000000000000213e-01 1.273167658322281737e-01
5.869999999999999662e-01 1.272420846316159593e-01
5.875000000000000222e-01 1.271673836536374724e-01
5.879999999999999671e-01 1.270926629845827160e-01
5.885000000000000231e-01 1.270179227107202935e-01
5.889999999999999680e-01 1.269431629182977417e-01
5.895000000000000240e-01 1.268683836935409481e-01
5.899999999999999689e-01 1.267935851226542343e-01
5.905000000000000249e-01 1.267187672918200780e-01
5.909999999999999698e-01 1.266439302871990857e-01
5.915000000000000258e-01 1.265690741949297149e-01
5.919999999999999707e-01 1.264941991011281630e-01
5.925000000000000266e-01 1.264193050918881456e-01
5.929999999999999716e-01 1.263443922532808683e-01
5.935000000000000275e-01 1.262694606713547496e-01
5.939999999999999725e-01 1.261945104321353095e-01
5.945000000000000284e-01 1.261195416216250031e-01
5.949999999999999734e-01 1.260445543258030543e-01
5.955000000000000293e-01 1.259695486306253165e-01
5.959999999999999742e-01 1.258945246220241621e-01
5.965000000000000302e-01 1.258194823859081213e-01
5.969999999999999751e-01 1.257444220081620212e-01
5.975000000000000311e-01 1.256693435746466248e-01
5.979999999999999760e-01 1.255942471711984920e-01
5.985000000000000320e-01 1.255191328836298692e-01
5.989999999999999769e-01 1.254440007977286053e-01
5.995000000000000329e-01 1.253688509992577915e-01
5.999999999999999778e-01 1.252936835739557886e-01
6.005000000000000338e-01 1.252184986075359774e-01
6.009999999999999787e-01 1.251432961856867032e-01
6.015000000000000346e-01 1.250680763940709150e-01
6.019999999999999796e-01 1.249928393183262626e-01
6.025000000000000355e-01 1.249175850440647217e-01
6.029999999999999805e-01 1.248423136568726360e-01
6.035000000000000364e-01 1.247670252423103421e-01
6.039999999999999813e-01 1.246917198859122528e-01
6.045000000000000373e-01 1.246163976731864825e-01
6.049999999999999822e-01 1.245410586896149030e-01
6.055000000000000382e-01 1.244657030206527126e-01
6.059999999999999831e-01 1.243903307517286311e-01
6.065000000000000391e-01 1.243149419682444135e-01
6.069999999999999840e-01 1.242395367555749197e-01
6.075000000000000400e-01 1.241641151990678371e-01
6.079999999999999849e-01 1.240886773840436386e-01
6.085000000000000409e-01 1.240132233957952496e-01
6.089999999999999858e-01 1.239377533195881315e-01
6.095000000000000417e-01 1.238622672406598929e-01
6.099999999999999867e-01 1.237867652442203592e-01
6.105000000000000426e-01 1.237112474154511699e-01
6.109999999999999876e-01 1.236357138395058897e-01
6.115000000000000435e-01 1.235601646015095922e-01
6.119999999999999885e-01 1.234845997865589989e-01
6.125000000000000444e-01 1.234090194797220486e-01
6.129999999999999893e-01 1.233334237660379251e-01
6.135000000000000453e-01 1.232578127305167803e-01
6.139999999999999902e-01 1.231821864581397336e-01
6.145000000000000462e-01 1.231065450338585526e-01
6.149999999999999911e-01 1.230308885425956539e-01
6.155000000000000471e-01 1.229552170692438245e-01
6.159999999999999920e-01 1.228795306986661395e-01
6.165000000000000480e-01 1.228038295156958087e-01
6.169999999999999929e-01 1.227281136051359967e-01
6.175000000000000488e-01 1.226523830517596836e-01
6.179999999999999938e-01 1.225766379403095685e-01
6.185000000000000497e-01 1.225008783554977637e-01
6.189999999999999947e-01 1.224251043820058643e-01
6.195000000000000506e-01 1.223493161044846150e-01
6.199999999999999956e-01 1.222735136075538409e-01
6.205000000000000515e-01 1.221976969758022946e-01
6.209999999999999964e-01 1.221218662937874899e-01
6.215000000000000524e-01 1.220460216460355490e-01
6.219999999999999973e-01 1.219701631170410777e-01
6.225000000000000533e-01 1.218942907912669571e-01
6.229999999999999982e-01 1.218184047531443021e-01
6.235000000000000542e-01 1.217425050870722253e-01
6.239999999999999991e-01 1.216665918774176847e-01
6.245000000000000551e-01 1.215906652085153861e-01
6.250000000000000000e-01 1.215147251646676030e-01
6.255000000000000560e-01 1.214387718301439961e-01
6.260000000000000009e-01 1.213628052891816134e-01
6.265000000000000568e-01 1.212868256259844874e-01
6.270000000000000018e-01 1.212108329247237604e-01
6.275000000000000577e-01 1.211348272695373235e-01
6.280000000000000027e-01 1.210588087445297889e-01
6.285000000000000586e-01 1.209827774337722955e-01
6.290000000000000036e-01 1.209067334213024397e-01
6.295000000000000595e-01 1.208306767911239282e-01
6.300000000000000044e-01 1.207546076272067032e-01
6.305000000000000604e-01 1.206785260134865673e-01
6.310000000000000053e-01 1.206024320338651978e-01
6.315000000000000613e-01 1.205263257722098691e-01
6.320000000000000062e-01 1.204502073123534245e-01
6.325000000000000622e-01 1.203740767380939852e-01
6.330000000000000071e-01 1.202979341331950475e-01
6.335000000000000631e-01 1.202217795813850243e-01
6.340000000000000080e-01 1.201456131663573845e-01
6.345000000000000639e-01 1.200694349717702780e-01
6.350000000000000089e-01 1.199932450812465773e-01
6.355000000000000648e-01 1.199170435783736000e-01
6.360000000000000098e-01 1.198408305467030671e-01
6.365000000000000657e-01 1.197646060697508535e-01
6.370000000000000107e-01 1.196883702309969322e-01
6.375000000000000666e-01 1.196121231138851521e-01
6.380000000000000115e-01 1.195358648018232245e-01
6.385000000000000675e-01 1.194595953781823899e-01
6.390000000000000124e-01 1.193833149262974458e-01
6.395000000000000684e-01 1.193070235294664966e-01
6.400000000000000133e-01 1.192307212709508846e-01
6.404999999999999583e-01 1.191544082339749677e-01
6.410000000000000142e-01 1.190780845017260642e-01
6.414999999999999591e-01 1.190017501573542302e-01
6.420000000000000151e-01 1.189254052839721770e-01
6.424999999999999600e-01 1.188490499646550763e-01
6.430000000000000160e-01 1.187726842824404772e-01
6.434999999999999609e-01 1.186963083203281255e-01
6.440000000000000169e-01 1.186199221612797977e-01
6.444999999999999618e-01 1.185435258882192727e-01
6.450000000000000178e-01 1.184671195840320129e-01
6.454999999999999627e-01 1.183907033315651780e-01
6.460000000000000187e-01 1.183142772136274168e-01
6.464999999999999636e-01 1.182378413129887146e-01
6.470000000000000195e-01 1.181613957123803238e-01
6.474999999999999645e-01 1.180849404944945003e-01
6.480000000000000204e-01 1.180084757419844893e-01
6.484999999999999654e-01 1.179320015374643593e-01
6.490000000000000213e-01 1.178555179635087380e-01
6.494999999999999662e-01 1.177790251026528540e-01
6.500000000000000222e-01 1.177025230373923009e-01
6.504999999999999671e-01 1.176260118501828850e-01
6.510000000000000231e-01 1.175494916234405135e-01
6.514999999999999680e-01 1.174729624395410982e-01
6.520000000000000240e-01 1.173964243808203189e-01
6.524999999999999689e-01 1.173198775295735824e-01
6.530000000000000249e-01 1.172433219680557720e-01
6.534999999999999698e-01 1.171667577784813036e-01
6.540000000000000258e-01 1.170901850430236951e-01
6.544999999999999707e-01 1.170136038438157750e-01
6.550000000000000266e-01 1.169370142629492099e-01
6.554999999999999716e-01 1.168604163824746439e-01
6.560000000000000275e-01 1.167838102844013237e-01
6.564999999999999725e-01 1.167071960506972234e-01
6.570000000000000284e-01 1.166305737632886141e-01
6.574999999999999734e-01 1.165539435040601757e-01
6.580000000000000293e-01 1.164773053548547183e-01
6.584999999999999742e-01 1.164006593974731413e-01
6.590000000000000302e-01 1.163240057136741279e-01
6.594999999999999751e-01 1.162473443851743116e-01
6.600000000000000311e-01 1.161706754936477348e-01
6.604999999999999760e-01 1.160939991207261268e-01
6.610000000000000320e-01 1.160173153479984731e-01
6.614999999999999769e-01 1.159406242570110157e-01
6.620000000000000329e-01 1.158639259292670587e-01
6.624999999999999778e-01 1.157872204462268989e-01
6.630000000000000338e-01 1.157105078893076455e-01
6.634999999999999787e-01 1.156337883398830396e-01
6.640000000000000346e-01 1.155570618792834681e-01
6.644999999999999796e-01 1.154803285887956582e-01
6.650000000000000355e-01 1.154035885496626640e-01
6.654999999999999805e-01 1.153268418430836995e-01
6.660000000000000364e-01 1.152500885502139166e-01
6.664999999999999813e-01 1.151733287521644750e-01
6.670000000000000373e-01 1.150965625300021805e-01
6.674999999999999822e-01 1.150197899647495414e-01
6.680000000000000382e-01 1.149430111373844626e-01
6.684999999999999831e-01 1.148662261288403014e-01
6.690000000000000391e-01 1.147894350200055757e-01
6.694999999999999840e-01 1.147126378917239231e-01
6.700000000000000400e-01 1.146358348247938780e-01
6.704999999999999849e-01 1.145590258999689554e-01
6.710000000000000409e-01 1.144822111979571788e-01
6.714999999999999858e-01 1.144053907994212610e-01
6.720000000000000417e-01 1.143285647849783260e-01
6.724999999999999867e-01 1.142517332351997705e-01
6.730000000000000426e-01 1.141748962306111809e-01
6.734999999999999876e-01 1.140980538516922355e-01
6.740000000000000435e-01 1.140212061788764553e-01
6.744999999999999885e-01 1.139443532925511759e-01
6.750000000000000444e-01 1.138674952730573953e-01
6.754999999999999893e-01 1.137906322006896342e-01
6.760000000000000453e-01 1.137137641556957846e-01
6.764999999999999902e-01 1.136368912182770530e-01
6.770000000000000462e-01 1.135600134685877255e-01
6.774999999999999911e-01 1.134831309867351812e-01
6.780000000000000471e-01 1.134062438527795730e-01
6.784999999999999920e-01 1.133293521467339249e-01
6.790000000000000480e-01 1.132524559485637433e-01
6.794999999999999929e-01 1.131755553381871837e-01
6.800000000000000488e-01 1.130986503954746758e-01
6.804999999999999938e-01 1.130217412002489374e-01
6.810000000000000497e-01 1.129448278322847526e-01
6.814999999999999947e-01 1.128679103713089577e-01
6.820000000000000506e-01 1.127909888970001773e-01
6.824999999999999956e-01 1.127140634889888665e-01
6.830000000000000515e-01 1.126371342268569775e-01
6.834999999999999964e-01 1.125602011901380428e-01
6.840000000000000524e-01 1.124832644583168839e-01
6.844999999999999973e-01 1.124063241108296113e-01
6.850000000000000533e-01 1.123293802270634023e-01
6.854999999999999982e-01 1.122524328863564180e-01
6.860000000000000542e-01 1.121754821679976782e-01
6.864999999999999991e-01 1.120985281512269505e-01
6.870000000000000551e-01 1.120215709152345696e-01
6.875000000000000000e-01 1.119446105391614238e-01
6.880000000000000560e-01 1.118676471020986773e-01
6.885000000000000009e-01 1.117906806830877842e-01
6.890000000000000568e-01 1.117137113611202520e-01
6.895000000000000018e-01 1.116367392151376425e-01
6.900000000000000577e-01 1.115597643240313352e-01
6.905000000000000027e-01 1.114827867666424721e-01
6.910000000000000586e-01 1.114058066217617771e-01
6.915000000000000036e-01 1.113288239681295283e-01
6.920000000000000595e-01 1.112518388844352807e-01
6.925000000000000044e-01 1.111748514493179352e-01
6.930000000000000604e-01 1.110978617413654751e-01
6.935000000000000053e-01 1.110208698391148968e-01
6.940000000000000613e-01 1.109438758210520570e-01
6.945000000000000062e-01 1.108668797656116034e-01
6.950000000000000622e-01 1.107898817511767942e-01
6.955000000000000071e-01 1.107128818560794564e-01
6.960000000000000631e-01 1.106358801585997781e-01
6.965000000000000080e-01 1.105588767369662245e-01
6.970000000000000639e-01 1.104818716693554137e-01
6.975000000000000089e-01 1.104048650338920190e-01
6.980000000000000648e-01 1.103278569086486305e-01
6.985000000000000098e-01 1.102508473716456439e-01
6.990000000000000657e-01 1.101738365008510662e-01
6.995000000000000107e-01 1.100968243741805713e-01
7.000000000000000666e-01 1.100198110694971670e-01
7.005000000000000115e-01 1.099427966646112642e-01
7.010000000000000675e-01 1.098657812372804132e-01
7.015000000000000124e-01 1.097887648652093179e-01
7.020000000000000684e-01 1.097117476260495578e-01
7.025000000000000133e-01 1.096347295973996300e-01
7.030000000000000693e-01 1.095577108568047131e-01
7.035000000000000142e-01 1.094806914817566534e-01
7.039999999999999591e-01 1.094036715496937429e-01
7.045000000000000151e-01 1.093266511380006495e-01
7.049999999999999600e-01 1.092496303240083205e-01
7.055000000000000160e-01 1.091726091849938296e-01
7.059999999999999609e-01 1.090955877981803213e-01
7.065000000000000169e-01 1.090185662407367889e-01
7.069999999999999618e-01 1.089415445897780610e-01
7.075000000000000178e-01 1.088645229223645927e-01
7.079999999999999627e-01 1.087875013155025078e-01
7.085000000000000187e-01 1.087104798461432376e-01
7.089999999999999636e-01 1.086334585911836736e-01
7.095000000000000195e-01 1.085564376274658072e-01
7.099999999999999645e-01 1.084794170317768536e-01
7.105000000000000204e-01 1.084023968808488919e-01
7.109999999999999654e-01 1.083253772513589619e-01
7.115000000000000213e-01 1.082483582199288280e-01
7.119999999999999662e-01 1.081713398631249240e-01
7.125000000000000222e-01 1.080943222574581308e-01
7.129999999999999671e-01 1.080173054793838738e-01
7.135000000000000231e-01 1.079402896053018035e-01
7.139999999999999680e-01 1.078632747115557539e-01
7.145000000000000240e-01 1.077862608744336731e-01
7.149999999999999689e-01 1.077092481701674848e-01
7.155000000000000249e-01 1.076322366749328796e-01
7.159999999999999698e-01 1.075552264648494266e-01
7.165000000000000258e-01 1.074782176159801705e-01
7.169999999999999707e-01 1.074012102043318539e-01
7.175000000000000266e-01 1.073242043058544176e-01
7.179999999999999716e-01 1.072471999964412503e-01
7.185000000000000275e-01 1.071701973519288836e-01
7.189999999999999725e-01 1.070931964480968945e-01
7.195000000000000284e-01 1.070161973606678502e-01
7.199999999999999734e-01 1.069392001653071689e-01
7.205000000000000293e-01 1.068622049376229677e-01
7.209999999999999742e-01 1.067852117531660761e-01
7.215000000000000302e-01 1.067082206874297584e-01
7.219999999999999751e-01 1.066312318158497557e-01
7.225000000000000311e-01 1.065542452138040497e-01
7.229999999999999760e-01 1.064772609566128903e-01
7.235000000000000320e-01 1.064002791195385322e-01
7.239999999999999769e-01 1.063232997777853323e-01
7.245000000000000329e-01 1.062463230064993186e-01
7.249999999999999778e-01 1.061693488807684826e-01
7.255000000000000338e-01 1.060923774756223348e-01
7.259999999999999787e-01 1.060154088660319738e-01
7.265000000000000346e-01 1.059384431269099203e-01
7.269999999999999796e-01 1.058614803331100751e-01
7.275000000000000355e-01 1.057845205594274557e-01
7.279999999999999805e-01 1.057075638805983486e-01
7.285000000000000364e-01 1.056306103712998795e-01
7.289999999999999813e-01 1.055536601061502072e-01
7.295000000000000373e-01 1.054767131597081908e-01
7.299999999999999822e-01 1.053997696064735007e-01
7.305000000000000382e-01 1.053228295208862159e-01
7.309999999999999831e-01 1.052458929773271018e-01
7.315000000000000391e-01 1.051689600501171107e-01
7.319999999999999840e-01 1.050920308135175757e-01
7.325000000000000400e-01 1.050151053417299613e-01
7.329999999999999849e-01 1.049381837088957797e-01
7.335000000000000409e-01 1.048612659890965221e-01
7.339999999999999858e-01 1.047843522563535190e-01
7.345000000000000417e-01 1.047074425846278301e-01
7.349999999999999867e-01 1.046305370478202018e-01
7.355000000000000426e-01 1.045536357197708877e-01
7.359999999999999876e-01 1.044767386742595644e-01
7.365000000000000435e-01 1.043998459850052629e-01
7.369999999999999885e-01 1.043229577256662571e-01
7.375000000000000444e-01 1.042460739698399391e-01
7.379999999999999893e-01 1.041691947910627081e-01
7.385000000000000453e-01 1.040923202628099148e-01
7.389999999999999902e-01 1.040154504584957229e-01
7.395000000000000462e-01 1.039385854514729979e-01
7.399999999999999911e-01 1.038617253150332514e-01
7.405000000000000471e-01 1.037848701224064890e-01
7.409999999999999920e-01 1.037080199467611680e-01
7.415000000000000480e-01 1.036311748612040035e-01
7.419999999999999929e-01 1.035543349387800238e-01
7.425000000000000488e-01 1.034775002524722237e-01
7.429999999999999938e-01 1.034006708752017861e-01
7.435000000000000497e-01 1.033238468798276660e-01
7.439999999999999947e-01 1.032470283391467014e-01
7.445000000000000506e-01 1.031702153258934607e-01
7.449999999999999956e-01 1.030934079127401176e-01
7.455000000000000515e-01 1.030166061722962850e-01
7.459999999999999964e-01 1.029398101771091395e-01
7.465000000000000524e-01 1.028630199996630606e-01
7.469999999999999973e-01 1.027862357123797143e-01
7.475000000000000533e-01 1.027094573876178724e-01
7.479999999999999982e-01 1.026326850976733290e-01
7.485000000000000542e-01 1.025559189147788042e-01
7.489999999999999991e-01 1.024791589111038875e-01
7.495000000000000551e-01 1.024024051587548445e-01
7.500000000000000000e-01 1.023256577297746578e-01
7.505000000000000560e-01 1.022489166961427637e-01
7.510000000000000009e-01 1.021721821297751215e-01
7.515000000000000568e-01 1.020954541025239914e-01
7.520000000000000018e-01 1.020187326861779209e-01
7.525000000000000577e-01 1.019420179524615500e-01
7.530000000000000027e-01 1.018653099730357087e-01
7.535000000000000586e-01 1.017886088194970423e-01
7.540000000000000036e-01 1.017119145633782334e-01
7.545000000000000595e-01 1.016352272761475578e-01
7.550000000000000044e-01 1.015585470292091480e-01
7.555000000000000604e-01 1.014818738939025772e-01
7.560000000000000053e-01 1.014052079415030810e-01
7.565000000000000613e-01 1.013285492432210999e-01
7.570000000000000062e-01 1.012518978702025563e-01
7.575000000000000622e-01 1.011752538935285078e-01
7.580000000000000071e-01 1.010986173842151198e-01
7.585000000000000631e-01 1.010219884132135953e-01
7.590000000000000080e-01 1.009453670514101342e-01
7.595000000000000639e-01 1.008687533696256966e-01
7.600000000000000089e-01 1.007921474386160310e-01
7.605000000000000648e-01 1.007155493290715631e-01
7.610000000000000098e-01 1.006389591116172710e-01
7.615000000000000657e-01 1.005623768568125603e-01
7.620000000000000107e-01 1.004858026351513473e-01
7.625000000000000666e-01 1.004092365170616702e-01
7.630000000000000115e-01 1.003326785729059534e-01
7.635000000000000675e-01 1.002561288729805627e-01
7.640000000000000124e-01 1.001795874875160558e-01
7.645000000000000684e-01 1.001030544866767791e-01
7.650000000000000133e-01 1.000265299405609931e-01
7.655000000000000693e-01 9.995001391920065037e-02
7.660000000000000142e-01 9.987350649256150625e-02
7.665000000000000702e-01 9.979700773054271667e-02
7.670000000000000151e-01 9.972051770297706008e-02
7.675000000000000711e-01 9.964403647963063215e-02
7.680000000000000160e-01 9.956756413020285967e-02
7.684999999999999609e-01 9.949110072432640339e-02
7.690000000000000169e-01 9.941464633156700537e-02
7.694999999999999618e-01 9.933820102142355835e-02
7.700000000000000178e-01 9.926176486332777271e-02
7.704999999999999627e-01 9.918533792664438464e-02
7.710000000000000187e-01 9.910892028067075366e-02
7.714999999999999636e-01 9.903251199463707077e-02
7.720000000000000195e-01 9.895611313770603934e-02
7.724999999999999645e-01 9.887972377897295828e-02
7.730000000000000204e-01 9.880334398746548619e-02
7.734999999999999654e-01 9.872697383214372457e-02
7.740000000000000213e-01 9.865061338189996809e-02
7.744999999999999662e-01 9.857426270555873227e-02
7.750000000000000222e-01 9.849792187187658699e-02
7.754999999999999671e-01 9.842159094954219811e-02
7.760000000000000231e-01 9.834527000717602219e-02
7.764999999999999680e-01 9.826895911333047295e-02
7.770000000000000240e-01 9.819265833648967157e-02
7.774999999999999689e-01 9.811636774506946046e-02
7.780000000000000249e-01 9.804008740741713968e-02
7.784999999999999698e-01 9.796381739181170278e-02
7.790000000000000258e-01 9.788755776646343443e-02
7.794999999999999707e-01 9.781130859951399359e-02
7.800000000000000266e-01 9.773506995903630257e-02
7.804999999999999716e-01 9.765884191303444983e-02
7.810000000000000275e-01 9.758262452944360676e-02
7.814999999999999725e-01 9.750641787613001377e-02
7.820000000000000284e-01 9.743022202089074435e-02
7.824999999999999734e-01 9.735403703145381615e-02
7.830000000000000293e-01 9.727786297547789951e-02
7.834999999999999742e-01 9.720169992055245622e-02
7.840000000000000302e-01 9.712554793419746202e-02
7.844999999999999751e-01 9.704940708386355919e-02
7.850000000000000311e-01 9.697327743693164026e-02
7.854999999999999760e-01 9.689715906071307006e-02
7.860000000000000320e-01 9.682105202244950526e-02
7.864999999999999769e-01 9.674495638931274177e-02
7.870000000000000329e-01 9.666887222840477023e-02
7.874999999999999778e-01 9.659279960675756782e-02
7.880000000000000338e-01 9.651673859133309830e-02
7.884999999999999787e-01 9.644068924902322870e-02
7.890000000000000346e-01 9.636465164664954897e-02
7.894999999999999796e-01 9.628862585096355231e-02
7.900000000000000355e-01 9.621261192864616341e-02
7.904999999999999805e-01 9.613660994630807144e-02
7.910000000000000364e-01 9.606061997048934153e-02
7.914999999999999813e-01 9.598464206765951190e-02
7.920000000000000373e-01 9.590867630421739953e-02
7.924999999999999822e-01 9.583272274649118350e-02
7.930000000000000382e-01 9.575678146073818287e-02
7.934999999999999831e-01 9.568085251314478734e-02
7.940000000000000391e-01 9.560493596982645725e-02
7.944999999999999840e-01 9.552903189682765417e-02
7.950000000000000400e-01 9.545314036012163272e-02
7.954999999999999849e-01 9.537726142561056553e-02
7.960000000000000409e-01 9.530139515912522397e-02
7.964999999999999858e-01 9.522554162642517250e-02
7.970000000000000417e-01 9.514970089319844948e-02
7.974999999999999867e-01 9.507387302506169202e-02
7.980000000000000426e-01 9.499805808755988623e-02
7.984999999999999876e-01 9.492225614616646434e-02
7.990000000000000435e-01 9.484646726628305491e-02
7.994999999999999885e-01 9.477069151323959384e-02
8.000000000000000444e-01 9.469492895229408846e-02
8.004999999999999893e-01 9.461917964863263142e-02
8.010000000000000453e-01 9.454344366736930350e-02
8.014999999999999902e-01 9.446772107354615977e-02
8.020000000000000462e-01 9.439201193213299368e-02
8.024999999999999911e-01 9.431631630802751742e-02
8.030000000000000471e-01 9.424063426605500116e-02
8.034999999999999920e-01 9.416496587096849502e-02
8.040000000000000480e-01 9.408931118744845445e-02
8.044999999999999929e-01 9.401367028010298998e-02
8.050000000000000488e-01 9.393804321346747865e-02
8.054999999999999938e-01 9.386243005200479994e-02
8.060000000000000497e-01 9.378683086010494718e-02
8.064999999999999947e-01 9.371124570208526350e-02
8.070000000000000506e-01 9.363567464219012260e-02
8.074999999999999956e-01 9.356011774459109531e-02
8.080000000000000515e-01 9.348457507338661654e-02
8.084999999999999964e-01 9.340904669260212401e-02
8.090000000000000524e-01 9.333353266618989175e-02
8.094999999999999973e-01 9.325803305802905785e-02
8.100000000000000533e-01 9.318254793192531915e-02
8.104999999999999982e-01 9.310707735161125043e-02
8.110000000000000542e-01 9.303162138074580478e-02
8.114999999999999991e-01 9.295618008291461898e-02
8.120000000000000551e-01 9.288075352162966647e-02
8.125000000000000000e-01 9.280534176032934068e-02
8.130000000000000560e-01 9.272994486237838563e-02
8.135000000000000009e-01 9.265456289106782650e-02
8.140000000000000568e-01 9.257919590961471989e-02
8.145000000000000018e-01 9.250384398116240359e-02
8.150000000000000577e-01 9.242850716878017736e-02
8.155000000000000027e-01 9.235318553546338627e-02
8.160000000000000586e-01 9.227787914413324022e-02
8.165000000000000036e-01 9.220258805763682786e-02
8.170000000000000595e-01 9.212731233874701942e-02
8.175000000000000044e-01 9.205205205016246672e-02
8.180000000000000604e-01 9.197680725450738115e-02
8.185000000000000053e-01 9.190157801433164464e-02
8.190000000000000613e-01 9.182636439211061541e-02
8.195000000000000062e-01 9.175116645024522510e-02
8.200000000000000622e-01 9.167598425106164572e-02
8.205000000000000071e-01 9.160081785681155331e-02
8.210000000000000631e-01 9.152566732967178098e-02
8.215000000000000080e-01 9.145053273174445774e-02
8.220000000000000639e-01 9.137541412505680027e-02
8.225000000000000089e-01 9.130031157156116850e-02
8.230000000000000648e-01 9.122522513313487125e-02
8.235000000000000098e-01 9.115015487158027729e-02
8.240000000000000657e-01 9.107510084862457944e-02
8.245000000000000107e-01 9.100006312591990554e-02
8.250000000000000666e-01 9.092504176504302704e-02
8.255000000000000115e-01 9.085003682749555332e-02
8.260000000000000675e-01 9.077504837470366794e-02
8.265000000000000124e-01 9.070007646801823975e-02
8.270000000000000684e-01 9.062512116871455914e-02
8.275000000000000133e-01 9.055018253799253236e-02
8.280000000000000693e-01 9.047526063697634846e-02
8.285000000000000142e-01 9.040035552671461805e-02
8.290000000000000702e-01 9.032546726818024840e-02
8.295000000000000151e-01 9.025059592227038796e-02
8.300000000000000711e-01 9.017574154980632917e-02
8.305000000000000160e-01 9.010090421153353624e-02
8.310000000000000719e-01 9.002608396812149250e-02
8.315000000000000169e-01 8.995128088016368650e-02
8.320000000000000728e-01 8.987649500817755654e-02
8.325000000000000178e-01 8.980172641260449062e-02
8.329999999999999627e-01 8.972697515380961830e-02
8.335000000000000187e-01 8.965224129208185233e-02
8.339999999999999636e-01 8.957752488763388865e-02
8.345000000000000195e-01 8.950282600060198435e-02
8.349999999999999645e-01 8.942814469104611030e-02
8.355000000000000204e-01 8.935348101894967365e-02
8.359999999999999654e-01 8.927883504421967042e-02
8.365000000000000213e-01 8.920420682668643575e-02
8.369999999999999662e-01 8.912959642610375488e-02
8.375000000000000222e-01 8.905500390214871054e-02
8.379999999999999671e-01 8.898042931442165515e-02
8.385000000000000231e-01 8.890587272244612760e-02
8.389999999999999680e-01 8.883133418566886708e-02
8.395000000000000240e-01 8.875681376345967433e-02
8.399999999999999689e-01 8.868231151511149490e-02
8.405000000000000249e-01 8.860782749984008611e-02
8.409999999999999698e-01 8.853336177678433616e-02
8.415000000000000258e-01 8.845891440500590341e-02
8.419999999999999707e-01 8.838448544348935509e-02
8.425000000000000266e-01 8.831007495114197303e-02
8.429999999999999716e-01 8.823568298679380917e-02
8.435000000000000275e-01 8.816130960919757453e-02
8.439999999999999725e-01 8.808695487702863924e-02
8.445000000000000284e-01 8.801261884888487985e-02
8.449999999999999734e-01 8.793830158328677649e-02
8.455000000000000293e-01 8.786400313867717693e-02
8.459999999999999742e-01 8.778972357342144928e-02
8.465000000000000302e-01 8.771546294580721825e-02
8.469999999999999751e-01 8.764122131404455951e-02
8.475000000000000311e-01 8.756699873626569430e-02
8.479999999999999760e-01 8.749279527052511440e-02
8.485000000000000320e-01 8.741861097479944331e-02
8.489999999999999769e-01 8.734444590698749178e-02
8.495000000000000329e-01 8.727030012491000799e-02
8.499999999999999778e-01 8.719617368630988574e-02
8.505000000000000338e-01 8.712206664885185914e-02
8.509999999999999787e-01 8.704797907012272462e-02
8.515000000000000346e-01 8.697391100763102179e-02
8.519999999999999796e-01 8.689986251880715828e-02
8.525000000000000355e-01 8.682583366100331268e-02
8.529999999999999805e-01 8.675182449149340669e-02
8.535000000000000364e-01 8.667783506747295252e-02
8.539999999999999813e-01 8.660386544605923331e-02
8.545000000000000373e-01 8.652991568429094227e-02
8.549999999999999822e-01 8.645598583912846025e-02
8.555000000000000382e-01 8.638207596745355044e-02
8.559999999999999831e-01 8.630818612606945550e-02
8.565000000000000391e-01 8.623431637170082820e-02
8.569999999999999840e-01 8.616046676099362034e-02
8.575000000000000400e-01 8.608663735051511057e-02
8.579999999999999849e-01 8.601282819675387659e-02
8.585000000000000409e-01 8.593903935611958700e-02
8.589999999999999858e-01 8.586527088494323723e-02
8.595000000000000417e-01 8.579152283947678870e-02
8.599999999999999867e-01 8.571779527589339087e-02
8.605000000000000426e-01 8.564408825028713146e-02
8.609999999999999876e-01 8.557040181867317519e-02
8.615000000000000435e-01 8.549673603698754176e-02
8.619999999999999885e-01 8.542309096108724464e-02
8.625000000000000444e-01 8.534946664675004124e-02
8.629999999999999893e-01 8.527586314967459946e-02
8.635000000000000453e-01 8.520228052548028952e-02
8.639999999999999902e-01 8.512871882970725335e-02
8.645000000000000462e-01 8.505517811781626580e-02
8.649999999999999911e-01 8.498165844518879020e-02
8.655000000000000471e-01 8.490815986712686725e-02
8.659999999999999920e-01 8.483468243885310123e-02
8.665000000000000480e-01 8.476122621551056280e-02
8.669999999999999929e-01 8.468779125216288617e-02
8.675000000000000488e-01 8.461437760379404704e-02
8.679999999999999938e-01 8.454098532530850141e-02
8.685000000000000497e-01 8.446761447153094959e-02
8.689999999999999947e-01 8.439426509720651670e-02
8.695000000000000506e-01 8.432093725700048892e-02
8.699999999999999956e-01 8.424763100549848005e-02
8.705000000000000515e-01 8.417434639720620948e-02
8.709999999999999964e-01 8.410108348654959931e-02
8.715000000000000524e-01 8.402784232787466334e-02
8.719999999999999973e-01 8.395462297544749319e-02
8.725000000000000533e-01 8.388142548345418892e-02
8.729999999999999982e-01 8.380824990600090063e-02
8.735000000000000542e-01 8.373509629711364810e-02
8.739999999999999991e-01 8.366196471073847341e-02
8.745000000000000551e-01 8.358885520074121889e-02
8.750000000000000000e-01 8.351576782090759654e-02
8.755000000000000560e-01 8.344270262494309087e-02
8.760000000000000009e-01 8.336965966647304216e-02
8.765000000000000568e-01 8.329663899904239666e-02
8.770000000000000018e-01 8.322364067611588700e-02
8.775000000000000577e-01 8.315066475107786570e-02
8.780000000000000027e-01 8.307771127723233284e-02
8.785000000000000586e-01 8.300478030780283900e-02
8.790000000000000036e-01 8.293187189593248521e-02
8.795000000000000595e-01 8.285898609468390907e-02
8.800000000000000044e-01 8.278612295703921542e-02
8.805000000000000604e-01 8.271328253589993462e-02
8.810000000000000053e-01 8.264046488408705038e-02
8.815000000000000613e-01 8.256767005434084705e-02
8.820000000000000062e-01 8.249489809932100681e-02
8.825000000000000622e-01 8.242214907160649862e-02
8.830000000000000071e-01 8.234942302369559208e-02
8.835000000000000631e-01 8.227672000800569097e-02
8.840000000000000080e-01 8.220404007687352743e-02
8.845000000000000639e-01 8.213138328255492615e-02
8.850000000000000089e-01 8.205874967722487368e-02
8.855000000000000648e-01 8.198613931297743518e-02
8.860000000000000098e-01 8.191355224182580996e-02
8.865000000000000657e-01 8.184098851570215105e-02
8.870000000000000107e-01 8.176844818645770396e-02
8.875000000000000666e-01 8.169593130586259855e-02
8.880000000000000115e-01 8.162343792560600164e-02
8.885000000000000675e-01 8.155096809729588114e-02
8.890000000000000124e-01 8.147852187245921418e-02
8.895000000000000684e-01 8.140609930254170956e-02
8.900000000000000133e-01 8.133370043890797429e-02
8.905000000000000693e-01 8.126132533284137482e-02
8.910000000000000142e-01 8.118897403554402314e-02
8.915000000000000702e-01 8.111664659813676292e-02
8.920000000000000151e-01 8.104434307165916951e-02
8.925000000000000711e-01 8.097206350706943889e-02
8.930000000000000160e-01 8.089980795524444324e-02
8.935000000000000719e-01 8.082757646697961984e-02
8.940000000000000169e-01 8.075536909298906829e-02
8.945000000000000728e-01 8.068318588390531454e-02
8.950000000000000178e-01 8.061102689027956070e-02
8.955000000000000737e-01 8.053889216258133810e-02
8.960000000000000187e-01 8.046678175119879872e-02
8.964999999999999636e-01 8.039469570643845153e-02
8.970000000000000195e-01 8.032263407852520409e-02
8.974999999999999645e-01 8.025059691760240421e-02
8.980000000000000204e-01 8.017858427373172892e-02
8.984999999999999654e-01 8.010659619689317057e-02
8.990000000000000213e-01 8.003463273698506464e-02
8.994999999999999662e-01 7.996269394382397866e-02
9.000000000000000222e-01 7.989077986714476776e-02
9.004999999999999671e-01 7.981889055660051913e-02
9.010000000000000231e-01 7.974702606176245490e-02
9.014999999999999680e-01 7.967518643212005702e-02
9.020000000000000240e-01 7.960337171708090076e-02
9.024999999999999689e-01 7.953158196597069629e-02
9.030000000000000249e-01 7.945981722803327485e-02
9.034999999999999698e-01 7.938807755243050546e-02
9.040000000000000258e-01 7.931636298824233655e-02
9.044999999999999707e-01 7.924467358446675436e-02
9.050000000000000266e-01 7.917300939001969962e-02
9.054999999999999716e-01 7.910137045373513698e-02
9.060000000000000275e-01 7.902975682436494398e-02
9.064999999999999725e-01 7.895816855057899430e-02
9.070000000000000284e-01 7.888660568096496351e-02
9.074999999999999734e-01 7.881506826402856491e-02
9.080000000000000293e-01 7.874355634819323047e-02
9.084999999999999742e-01 7.867206998180033273e-02
9.090000000000000302e-01 7.860060921310899062e-02
9.094999999999999751e-01 7.852917409029618045e-02
9.100000000000000311e-01 7.845776466145661099e-02
9.104999999999999760e-01 7.838638097460277898e-02
9.110000000000000320e-01 7.831502307766488591e-02
9.114999999999999769e-01 7.824369101849086572e-02
9.120000000000000329e-01 7.817238484484631544e-02
9.124999999999999778e-01 7.810110460441457847e-02
9.130000000000000338e-01 7.802985034479650861e-02
9.134999999999999787e-01 7.795862211351076154e-02
9.140000000000000346e-01 7.788741995799346174e-02
9.144999999999999796e-01 7.781624392559841064e-02
9.150000000000000355e-01 7.774509406359690622e-02
9.154999999999999805e-01 7.767397041917792344e-02
9.160000000000000364e-01 7.760287303944779502e-02
9.164999999999999813e-01 7.753180197143054453e-02
9.170000000000000373e-01 7.746075726206756717e-02
9.174999999999999822e-01 7.738973895821779636e-02
9.180000000000000382e-01 7.731874710665760653e-02
9.184999999999999831e-01 7.724778175408082703e-02
9.190000000000000391e-01 7.717684294709865889e-02
9.194999999999999840e-01 7.710593073223984129e-02
9.200000000000000400e-01 7.703504515595033242e-02
9.204999999999999849e-01 7.696418626459358703e-02
9.210000000000000409e-01 7.689335410445036212e-02
9.214999999999999858e-01 7.682254872171877247e-02
9.220000000000000417e-01 7.675177016251426287e-02
9.224999999999999867e-01 7.668101847286956652e-02
9.230000000000000426e-01 7.661029369873470496e-02
9.234999999999999876e-01 7.653959588597701591e-02
9.240000000000000435e-01 7.646892508038104219e-02
9.244999999999999885e-01 7.639828132764861501e-02
9.250000000000000444e-01 7.632766467339877070e-02
9.254999999999999893e-01 7.625707516316779233e-02
9.260000000000000453e-01 7.618651284240908483e-02
9.264999999999999902e-01 7.611597775649338316e-02
9.270000000000000462e-01 7.604546995070844695e-02
9.274999999999999911e-01 7.597498947025929650e-02
9.280000000000000471e-01 7.590453636026801842e-02
9.284999999999999920e-01 7.583411066577390447e-02
9.290000000000000480e-01 7.576371243173332659e-02
9.294999999999999929e-01 7.569334170301976472e-02
9.300000000000000488e-01 7.562299852442377901e-02
9.304999999999999938e-01 7.555268294065306534e-02
9.310000000000000497e-01 7.548239499633230265e-02
9.314999999999999947e-01 7.541213473600333339e-02
9.320000000000000506e-01 7.534190220412491368e-02
9.324999999999999956e-01 7.527169744507296312e-02
9.330000000000000515e-01 7.520152050314032888e-02
9.334999999999999964e-01 7.513137142253689671e-02
9.340000000000000524e-01 7.506125024738956319e-02
9.344999999999999973e-01 7.499115702174223574e-02
9.350000000000000533e-01 7.492109178955570770e-02
9.354999999999999982e-01 7.485105459470786649e-02
9.360000000000000542e-01 7.478104548099342996e-02
9.364999999999999991e-01 7.471106449212418232e-02
9.370000000000000551e-01 7.464111167172872430e-02
9.375000000000000000e-01 7.457118706335270908e-02
9.380000000000000560e-01 7.450129071045859253e-02
9.385000000000000009e-01 7.443142265642584132e-02
9.390000000000000568e-01 7.436158294455073869e-02
9.395000000000000018e-01 7.429177161804652318e-02
9.400000000000000577e-01 7.422198872004327763e-02
9.405000000000000027e-01 7.415223429358798468e-02
9.410000000000000586e-01 7.408250838164447127e-02
9.415000000000000036e-01 7.401281102709343640e-02
9.420000000000000595e-01 7.394314227273243723e-02
9.425000000000000044e-01 7.387350216127587521e-02
9.430000000000000604e-01 7.380389073535498223e-02
9.435000000000000053e-01 7.373430803751783447e-02
9.440000000000000613e-01 7.366475411022928299e-02
9.445000000000000062e-01 7.359522899587107869e-02
9.450000000000000622e-01 7.352573273674173349e-02
9.455000000000000071e-01 7.345626537505654807e-02
9.460000000000000631e-01 7.338682695294766745e-02
9.465000000000000080e-01 7.331741751246402539e-02
9.470000000000000639e-01 7.324803709557127507e-02
9.475000000000000089e-01 7.317868574415195559e-02
9.480000000000000648e-01 7.310936350000531159e-02
9.485000000000000098e-01 7.304007040484743196e-02
9.490000000000000657e-01 7.297080650031105564e-02
9.495000000000000107e-01 7.290157182794582136e-02
9.500000000000000666e-01 7.283236642921803172e-02
9.505000000000000115e-01 7.276319034551079201e-02
9.510000000000000675e-01 7.269404361812395465e-02
9.515000000000000124e-01 7.262492628827411922e-02
9.520000000000000684e-01 7.255583839709460470e-02
9.525000000000000133e-01 7.248677998563554659e-02
9.530000000000000693e-01 7.241775109486370265e-02
9.535000000000000142e-01 7.234875176566270272e-02
9.540000000000000702e-01 7.227978203883281272e-02
9.545000000000000151e-01 7.221084195509107351e-02
9.550000000000000711e-01 7.214193155507125921e-02
9.555000000000000160e-01 7.207305087932384946e-02
9.560000000000000719e-01 7.200419996831605718e-02
9.565000000000000169e-01 7.193537886243185631e-02
9.570000000000000728e-01 7.186658760197189855e-02
9.575000000000000178e-01 7.179782622715359663e-02
9.580000000000000737e-01 7.172909477811106882e-02
9.585000000000000187e-01 7.166039329489513887e-02
9.590000000000000746e-01 7.159172181747337771e-02
9.595000000000000195e-01 7.152308038573011728e-02
9.599999999999999645e-01 7.145446903946631179e-02
9.605000000000000204e-01 7.138588781839970421e-02
9.609999999999999654e-01 7.131733676216477080e-02
9.615000000000000213e-01 7.124881591031266559e-02
9.619999999999999662e-01 7.118032530231133137e-02
9.625000000000000222e-01 7.111186497754536096e-02
9.629999999999999671e-01 7.104343497531613594e-02
9.635000000000000231e-01 7.097503533484171567e-02
9.639999999999999680e-01 7.090666609525694830e-02
9.645000000000000240e-01 7.083832729561337360e-02
9.649999999999999689e-01 7.077001897487925075e-02
9.655000000000000249e-01 7.070174117193964158e-02
9.659999999999999698e-01 7.063349392559628570e-02
9.665000000000000258e-01 7.056527727456768373e-02
9.669999999999999707e-01 7.049709125748909733e-02
9.675000000000000266e-01 7.042893591291247979e-02
9.679999999999999716e-01 7.036081127930664258e-02
9.685000000000000275e-01 7.029271739505704719e-02
9.689999999999999725e-01 7.022465429846597162e-02
9.695000000000000284e-01 7.015662202775241330e-02
9.699999999999999734e-01 7.008862062105221391e-02
9.705000000000000293e-01 7.002065011641790682e-02
9.709999999999999742e-01 6.995271055181882802e-02
9.715000000000000302e-01 6.988480196514110232e-02
9.719999999999999751e-01 6.981692439418765717e-02
9.725000000000000311e-01 6.974907787667816716e-02
9.729999999999999760e-01 6.968126245024915122e-02
9.735000000000000320e-01 6.961347815245387538e-02
9.739999999999999769e-01 6.954572502076249163e-02
9.745000000000000329e-01 6.947800309256188522e-02
9.749999999999999778e-01 6.941031240515581346e-02
9.755000000000000338e-01 6.934265299576482244e-02
9.759999999999999787e-01 6.927502490152634418e-02
9.765000000000000346e-01 6.920742815949459947e-02
9.769999999999999796e-01 6.913986280664069506e-02
9.775000000000000355e-01 6.907232887985254033e-02
9.779999999999999805e-01 6.900482641593498612e-02
9.785000000000000364e-01 6.893735545160967204e-02
9.789999999999999813e-01 6.886991602351519304e-02
9.795000000000000373e-01 6.880250816820693283e-02
9.799999999999999822e-01 6.873513192215727208e-02
9.805000000000000382e-01 6.866778732175539413e-02
9.809999999999999831e-01 6.860047440330749313e-02
9.815000000000000391e-01 6.853319320303660755e-02
9.819999999999999840e-01 6.846594375708275892e-02
9.825000000000000400e-01 6.839872610150284082e-02
9.829999999999999849e-01 6.833154027227075766e-02
9.835000000000000409e-01 6.826438630527734142e-02
9.839999999999999858e-01 6.819726423633037937e-02
9.845000000000000417e-01 6.813017410115464190e-02
9.849999999999999867e-01 6.806311593539195182e-02
9.855000000000000426e-01 6.799608977460103176e-02
9.859999999999999876e-01 6.792909565425764296e-02
9.865000000000000435e-01 6.786213360975459907e-02
9.869999999999999885e-01 6.779520367640171075e-02
9.875000000000000444e-01 6.772830588942584107e-02
9.879999999999999893e-01 6.766144028397090560e-02
9.885000000000000453e-01 6.759460689509788622e-02
9.889999999999999902e-01 6.752780575778483119e-02
9.895000000000000462e-01 6.746103690692688282e-02
9.899999999999999911e-01 6.739430037733629142e-02
9.905000000000000471e-01 6.732759620374238752e-02
9.909999999999999920e-01 6.726092442079169287e-02
9.915000000000000480e-01 6.719428506304778170e-02
9.919999999999999929e-01 6.712767816499144724e-02
9.925000000000000488e-01 6.706110376102060455e-02
9.929999999999999938e-01 6.699456188545038771e-02
9.935000000000000497e-01 6.692805257251308038e-02
9.939999999999999947e-01 6.686157585635817135e-02
9.945000000000000506e-01 6.679513177105241006e-02
9.949999999999999956e-01 6.672872035057973716e-02
9.955000000000000515e-01 6.666234162884136782e-02
9.959999999999999964e-01 6.659599563965575009e-02
9.965000000000000524e-01 6.652968241675863426e-02
9.969999999999999973e-01 6.646340199380304514e-02
9.975000000000000533e-01 6.639715440435932370e-02
9.979999999999999982e-01 6.633093968191512702e-02
9.985000000000000542e-01 6.626475785987544220e-02
9.989999999999999991e-01 6.619860897156262802e-02
9.995000000000000551e-01 6.613249305021638713e-02
1.000000000000000000e+00 6.606641012899384935e-02
1.000499999999999945e+00 6.600036024096948839e-02
1.001000000000000112e+00 6.593434341913520513e-02
1.001500000000000057e+00 6.586835969640038313e-02
1.002000000000000002e+00 6.580240910559184697e-02
1.002499999999999947e+00 6.573649167945380678e-02
1.003000000000000114e+00 6.567060745064802474e-02
1.003500000000000059e+00 6.560475645175380122e-02
1.004000000000000004e+00 6.553893871526787762e-02
1.004499999999999948e+00 6.547315427360457518e-02
1.005000000000000115e+00 6.540740315909573943e-02
1.005500000000000060e+00 6.534168540399085123e-02
1.006000000000000005e+00 6.527600104045694351e-02
1.006499999999999950e+00 6.521035010057862902e-02
1.007000000000000117e+00 6.514473261635815582e-02
1.007500000000000062e+00 6.507914861971550446e-02
1.008000000000000007e+00 6.501359814248824920e-02
1.008499999999999952e+00 6.494808121643164123e-02
1.009000000000000119e+00 6.488259787321863648e-02
1.009500000000000064e+00 6.481714814443999273e-02
1.010000000000000009e+00 6.475173206160414474e-02
1.010499999999999954e+00 6.468634965613725973e-02
1.011000000000000121e+00 6.462100095938336231e-02
1.011500000000000066e+00 6.455568600260427892e-02
1.012000000000000011e+00 6.449040481697963789e-02
1.012499999999999956e+00 6.442515743360685554e-02
1.013000000000000123e+00 6.435994388350131656e-02
1.013500000000000068e+00 6.429476419759627692e-02
1.014000000000000012e+00 6.422961840674283607e-02
1.014499999999999957e+00 6.416450654171008960e-02
1.015000000000000124e+00 6.409942863318504602e-02
1.015500000000000069e+00 6.403438471177272384e-02
1.016000000000000014e+00 6.396937480799610998e-02
1.016499999999999959e+00 6.390439895229622913e-02
1.017000000000000126e+00 6.383945717503210215e-02
1.017500000000000071e+00 6.377454950648092646e-02
1.018000000000000016e+00 6.370967597683785399e-02
1.018499999999999961e+00 6.364483661621621324e-02
1.019000000000000128e+00 6.358003145464743988e-02
1.019500000000000073e+00 6.351526052208118778e-02
1.020000000000000018e+00 6.345052384838523185e-02
1.020499999999999963e+00 6.338582146334555134e-02
1.021000000000000130e+00 6.332115339666631593e-02
1.021500000000000075e+00 6.325651967797005226e-02
1.022000000000000020e+00 6.319192033679751908e-02
1.022499999999999964e+00 6.312735540260773492e-02
1.023000000000000131e+00 6.306282490477801983e-02
1.023500000000000076e+00 6.299832887260417569e-02
1.024000000000000021e+00 6.293386733530025035e-02
1.024499999999999966e+00 6.286944032199871801e-02
1.024999999999999911e+00 6.280504786175050702e-02
1.025500000000000078e+00 6.274068998352498594e-02
1.026000000000000023e+00 6.267636671621000521e-02
1.026499999999999968e+00 6.261207808861186941e-02
1.026999999999999913e+00 6.254782412945547598e-02
1.027500000000000080e+00 6.248360486738419040e-02
1.028000000000000025e+00 6.241942033096008202e-02
1.028499999999999970e+00 6.235527054866370905e-02
1.028999999999999915e+00 6.229115554889433359e-02
1.029500000000000082e+00 6.222707535996983147e-02
1.030000000000000027e+00 6.216303001012680324e-02
1.030499999999999972e+00 6.209901952752053950e-02
1.030999999999999917e+00 6.203504394022506946e-02
1.031500000000000083e+00 6.197110327623317483e-02
1.032000000000000028e+00 6.190719756345652164e-02
1.032499999999999973e+00 6.184332682972549372e-02
1.032999999999999918e+00 6.177949110278939393e-02
1.033500000000000085e+00 6.171569041031631231e-02
1.034000000000000030e+00 6.165192477989343139e-02
1.034499999999999975e+00 6.158819423902667928e-02
1.034999999999999920e+00 6.152449881514104879e-02
1.035500000000000087e+00 6.146083853558047955e-02
1.036000000000000032e+00 6.139721342760802447e-02
1.036499999999999977e+00 6.133362351840569021e-02
1.036999999999999922e+00 6.127006883507460366e-02
1.037500000000000089e+00 6.120654940463499116e-02
1.038000000000000034e+00 6.114306525402628950e-02
1.038499999999999979e+00 6.107961641010702797e-02
1.038999999999999924e+00 6.101620289965498101e-02
1.039500000000000091e+00 6.095282474936707107e-02
1.040000000000000036e+00 6.088948198585965310e-02
1.040499999999999980e+00 6.082617463566824395e-02
1.040999999999999925e+00 6.076290272524768887e-02
1.041500000000000092e+00 6.069966628097223094e-02
1.042000000000000037e+00 6.063646532913551102e-02
1.042499999999999982e+00 6.057329989595058167e-02
1.042999999999999927e+00 6.051017000754987940e-02
1.043500000000000094e+00 6.044707568998539116e-02
1.044000000000000039e+00 6.038401696922862660e-02
1.044499999999999984e+00 6.032099387117059730e-02
1.044999999999999929e+00 6.025800642162189302e-02
1.045500000000000096e+00 6.019505464631272340e-02
1.046000000000000041e+00 6.013213857089300118e-02
1.046499999999999986e+00 6.006925822093222428e-02
1.046999999999999931e+00 6.000641362191964923e-02
1.047500000000000098e+00 5.994360479926419405e-02
1.048000000000000043e+00 5.988083177829471582e-02
1.048499999999999988e+00 5.981809458425974002e-02
1.048999999999999932e+00 5.975539324232764793e-02
1.049500000000000099e+00 5.969272777758671822e-02
1.050000000000000044e+00 5.963009821504521024e-02
1.050499999999999989e+00 5.956750457963118361e-02
1.050999999999999934e+00 5.950494689619278271e-02
1.051500000000000101e+00 5.944242518949809789e-02
1.052000000000000046e+00 5.937993948423531815e-02
1.052499999999999991e+00 5.931748980501269641e-02
1.052999999999999936e+00 5.925507617635858426e-02
1.053500000000000103e+00 5.919269862272148047e-02
1.054000000000000048e+00 5.913035716847011430e-02
1.054499999999999993e+00 5.906805183789336916e-02
1.054999999999999938e+00 5.900578265520043525e-02
1.055500000000000105e+00 5.894354964452075407e-02
1.056000000000000050e+00 5.888135282990416414e-02
1.056499999999999995e+00 5.881919223532079688e-02
1.056999999999999940e+00 5.875706788466119462e-02
1.057500000000000107e+00 5.869497980173633833e-02
1.058000000000000052e+00 5.863292801027775170e-02
1.058499999999999996e+00 5.857091253393735542e-02
1.058999999999999941e+00 5.850893339628768230e-02
1.059500000000000108e+00 5.844699062082180790e-02
1.060000000000000053e+00 5.838508423095349620e-02
1.060499999999999998e+00 5.832321425001710247e-02
1.060999999999999943e+00 5.826138070126769819e-02
1.061500000000000110e+00 5.819958360788105717e-02
1.062000000000000055e+00 5.813782299295380818e-02
1.062500000000000000e+00 5.807609887950330313e-02
1.062999999999999945e+00 5.801441129046777667e-02
1.063500000000000112e+00 5.795276024870626985e-02
1.064000000000000057e+00 5.789114577699892156e-02
1.064500000000000002e+00 5.782956789804666320e-02
1.064999999999999947e+00 5.776802663447149627e-02
1.065500000000000114e+00 5.770652200881642296e-02
1.066000000000000059e+00 5.764505404354557799e-02
1.066500000000000004e+00 5.758362276104418698e-02
1.066999999999999948e+00 5.752222818361860113e-02
1.067500000000000115e+00 5.746087033349638745e-02
1.068000000000000060e+00 5.739954923282639121e-02
1.068500000000000005e+00 5.733826490367866652e-02
1.068999999999999950e+00 5.727701736804458738e-02
1.069500000000000117e+00 5.721580664783691705e-02
1.070000000000000062e+00 5.715463276488981503e-02
1.070500000000000007e+00 5.709349574095883700e-02
1.070999999999999952e+00 5.703239559772102507e-02
1.071500000000000119e+00 5.697133235677494245e-02
1.072000000000000064e+00 5.691030603964074286e-02
1.072500000000000009e+00 5.684931666776014969e-02
1.072999999999999954e+00 5.678836426249649072e-02
1.073500000000000121e+00 5.672744884513477442e-02
1.074000000000000066e+00 5.666657043688183570e-02
1.074500000000000011e+00 5.660572905886617628e-02
1.074999999999999956e+00 5.654492473213809656e-02
1.075500000000000123e+00 5.648415747766976497e-02
1.076000000000000068e+00 5.642342731635529435e-02
1.076500000000000012e+00 5.636273426901063782e-02
1.076999999999999957e+00 5.630207835637377617e-02
1.077500000000000124e+00 5.624145959910466924e-02
1.078000000000000069e+00 5.618087801778539475e-02
1.078500000000000014e+00 5.612033363292006499e-02
1.078999999999999959e+00 5.605982646493499338e-02
1.079500000000000126e+00 5.599935653417859038e-02
1.080000000000000071e+00 5.593892386092162022e-02
1.080500000000000016e+00 5.587852846535704132e-02
1.080999999999999961e+00 5.581817036760015199e-02
1.081500000000000128e+00 5.575784958768856270e-02
1.082000000000000073e+00 5.569756614558239727e-02
1.082500000000000018e+00 5.563732006116411943e-02
1.082999999999999963e+00 5.557711135423874099e-02
1.083500000000000130e+00 5.551694004453376630e-02
1.084000000000000075e+00 5.545680615169936573e-02
1.084500000000000020e+00 5.539670969530824385e-02
1.084999999999999964e+00 5.533665069485583371e-02
1.085500000000000131e+00 5.527662916976023438e-02
1.086000000000000076e+00 5.521664513936237056e-02
1.086500000000000021e+00 5.515669862292591624e-02
1.086999999999999966e+00 5.509678963963742654e-02
1.087500000000000133e+00 5.503691820860630995e-02
1.088000000000000078e+00 5.497708434886498796e-02
1.088500000000000023e+00 5.491728807936880480e-02
1.088999999999999968e+00 5.485752941899618013e-02
1.089499999999999913e+00 5.479780838654860209e-02
1.090000000000000080e+00 5.473812500075060650e-02
1.090500000000000025e+00 5.467847928025006826e-02
1.090999999999999970e+00 5.461887124361793772e-02
1.091499999999999915e+00 5.455930090934847654e-02
1.092000000000000082e+00 5.449976829585922999e-02
1.092500000000000027e+00 5.444027342149117960e-02
1.092999999999999972e+00 5.438081630450863901e-02
1.093499999999999917e+00 5.432139696309937898e-02
1.094000000000000083e+00 5.426201541537467588e-02
1.094500000000000028e+00 5.420267167936940189e-02
1.094999999999999973e+00 5.414336577304196263e-02
1.095499999999999918e+00 5.408409771427442198e-02
1.096000000000000085e+00 5.402486752087250904e-02
1.096500000000000030e+00 5.396567521056577776e-02
1.096999999999999975e+00 5.390652080100748200e-02
1.097499999999999920e+00 5.384740430977472819e-02
1.098000000000000087e+00 5.378832575436850311e-02
1.098500000000000032e+00 5.372928515221376405e-02
1.098999999999999977e+00 5.367028252065939725e-02
1.099499999999999922e+00 5.361131787697834272e-02
1.100000000000000089e+00 5.355239123836760123e-02
1.100500000000000034e+00 5.349350262194833144e-02
1.100999999999999979e+00 5.343465204476584296e-02
1.101499999999999924e+00 5.337583952378965185e-02
1.102000000000000091e+00 5.331706507591357086e-02
1.102500000000000036e+00 5.325832871795577184e-02
1.102999999999999980e+00 5.319963046665873024e-02
1.103499999999999925e+00 5.314097033868938474e-02
1.104000000000000092e+00 5.308234835063912332e-02
1.104500000000000037e+00 5.302376451902389431e-02
1.104999999999999982e+00 5.296521886028419945e-02
1.105499999999999927e+00 5.290671139078517715e-02
1.106000000000000094e+00 5.284824212681655392e-02
1.106500000000000039e+00 5.278981108459293581e-02
1.106999999999999984e+00 5.273141828025359329e-02
1.107499999999999929e+00 5.267306372986264862e-02
1.108000000000000096e+00 5.261474744940908277e-02
1.108500000000000041e+00 5.255646945480688809e-02
1.108999999999999986e+00 5.249822976189492951e-02
1.109499999999999931e+00 5.244002838643718051e-02
1.110000000000000098e+00 5.238186534412261203e-02
1.110500000000000043e+00 5.232374065056544926e-02
1.110999999999999988e+00 5.226565432130503980e-02
1.111499999999999932e+00 5.220760637180593688e-02
1.112000000000000099e+00 5.214959681745801046e-02
1.112500000000000044e+00 5.209162567357653040e-02
1.112999999999999989e+00 5.203369295540209022e-02
1.113499999999999934e+00 5.197579867810075277e-02
1.114000000000000101e+00 5.191794285676406412e-02
1.114500000000000046e+00 5.186012550640917151e-02
1.114999999999999991e+00 5.180234664197880257e-02
1.115499999999999936e+00 5.174460627834132076e-02
1.116000000000000103e+00 5.168690443029078790e-02
1.116500000000000048e+00 5.162924111254715148e-02
1.116999999999999993e+00 5.157161633975602955e-02
1.117499999999999938e+00 5.151403012648898133e-02
1.118000000000000105e+00 5.145648248724346563e-02
1.118500000000000050e+00 5.139897343644298650e-02
1.118999999999999995e+00 5.134150298843698917e-02
1.119499999999999940e+00 5.128407115750108908e-02
1.120000000000000107e+00 5.122667795783693995e-02
1.120500000000000052e+00 5.116932340357252529e-02
1.120999999999999996e+00 5.111200750876198490e-02
1.121499999999999941e+00 5.105473028738577446e-02
1.122000000000000108e+00 5.099749175335070023e-02
1.122500000000000053e+00 5.094029192049005783e-02
1.122999999999999998e+00 5.088313080256354204e-02
1.123499999999999943e+00 5.082600841325735086e-02
1.124000000000000110e+00 5.076892476618430350e-02
1.124500000000000055e+00 5.071187987488388199e-02
1.125000000000000000e+00 5.065487375282219651e-02
1.125499999999999945e+00 5.059790641339214495e-02
1.126000000000000112e+00 5.054097786991335051e-02
1.126500000000000057e+00 5.048408813563239755e-02
1.127000000000000002e+00 5.042723722372274148e-02
1.127499999999999947e+00 5.037042514728478498e-02
1.128000000000000114e+00 5.031365191934593362e-02
1.128500000000000059e+00 5.025691755286074841e-02
1.129000000000000004e+00 5.020022206071089732e-02
1.129499999999999948e+00 5.014356545570516910e-02
1.130000000000000115e+00 5.008694775057967452e-02
1.130500000000000060e+00 5.003036895799788109e-02
1.131000000000000005e+00 4.997382909055048117e-02
1.131499999999999950e+00 4.991732816075569734e-02
1.132000000000000117e+00 4.986086618105915053e-02
1.132500000000000062e+00 4.980444316383409592e-02
1.133000000000000007e+00 4.974805912138127034e-02
1.133499999999999952e+00 4.969171406592914203e-02
1.134000000000000119e+00 4.963540800963379962e-02
1.134500000000000064e+00 4.957914096457922276e-02
1.135000000000000009e+00 4.952291294277707395e-02
1.135499999999999954e+00 4.946672395616698303e-02
1.136000000000000121e+00 4.941057401661645004e-02
1.136500000000000066e+00 4.935446313592106032e-02
1.137000000000000011e+00 4.929839132580438044e-02
1.137499999999999956e+00 4.924235859791812470e-02
1.138000000000000123e+00 4.918636496384210660e-02
1.138500000000000068e+00 4.913041043508447475e-02
1.139000000000000012e+00 4.907449502308160877e-02
1.139499999999999957e+00 4.901861873919821644e-02
1.140000000000000124e+00 4.896278159472741004e-02
1.140500000000000069e+00 4.890698360089083124e-02
1.141000000000000014e+00 4.885122476883858866e-02
1.141499999999999959e+00 4.879550510964936194e-02
1.142000000000000126e+00 4.873982463433047807e-02
1.142500000000000071e+00 4.868418335381801548e-02
1.143000000000000016e+00 4.862858127897675548e-02
1.143499999999999961e+00 4.857301842060029323e-02
1.144000000000000128e+00 4.851749478941113497e-02
1.144500000000000073e+00 4.846201039606074651e-02
1.145000000000000018e+00 4.840656525112955327e-02
1.145499999999999963e+00 4.835115936512702356e-02
1.146000000000000130e+00 4.829579274849175180e-02
1.146500000000000075e+00 4.824046541159159041e-02
1.147000000000000020e+00 4.818517736472355262e-02
1.147499999999999964e+00 4.812992861811394435e-02
1.148000000000000131e+00 4.807471918191841970e-02
1.148500000000000076e+00 4.801954906622218910e-02
1.149000000000000021e+00 4.796441828103978344e-02
1.149499999999999966e+00 4.790932683631535238e-02
1.150000000000000133e+00 4.785427474192260194e-02
1.150500000000000078e+00 4.779926200766498878e-02
1.151000000000000023e+00 4.774428864327564387e-02
1.151499999999999968e+00 4.768935465841747656e-02
1.152000000000000135e+00 4.763446006268320237e-02
1.152500000000000080e+00 4.757960486559558583e-02
1.153000000000000025e+00 4.752478907660723922e-02
1.153499999999999970e+00 4.747001270510085164e-02
1.153999999999999915e+00 4.741527576038919584e-02
1.154500000000000082e+00 4.736057825171519770e-02
1.155000000000000027e+00 4.730592018825207495e-02
1.155499999999999972e+00 4.725130157910322620e-02
1.155999999999999917e+00 4.719672243330243905e-02
1.156500000000000083e+00 4.714218275981388317e-02
1.157000000000000028e+00 4.708768256753228382e-02
1.157499999999999973e+00 4.703322186528278298e-02
1.157999999999999918e+00 4.697880066182119618e-02
1.158500000000000085e+00 4.692441896583392225e-02
1.159000000000000030e+00 4.687007678593819310e-02
1.159499999999999975e+00 4.681577413068192112e-02
1.159999999999999920e+00 4.676151100854388648e-02
1.160500000000000087e+00 4.670728742793380656e-02
1.161000000000000032e+00 4.665310339719237753e-02
1.161499999999999977e+00 4.659895892459129524e-02
1.161999999999999922e+00 4.654485401833335922e-02
1.162500000000000089e+00 4.649078868655253521e-02
1.163000000000000034e+00 4.643676293731405225e-02
1.163499999999999979e+00 4.638277677861440268e-02
1.163999999999999924e+00 4.632883021838141158e-02
1.164500000000000091e+00 4.627492326447431997e-02
1.165000000000000036e+00 4.622105592468394447e-02
1.165499999999999980e+00 4.616722820673251765e-02
1.165999999999999925e+00 4.611344011827397255e-02
1.166500000000000092e+00 4.605969166689383165e-02
1.167000000000000037e+00 4.600598286010949833e-02
1.167499999999999982e+00 4.595231370537004173e-02
1.167999999999999927e+00 4.589868421005644655e-02
1.168500000000000094e+00 4.584509438148163391e-02
1.169000000000000039e+00 4.579154422689056536e-02
1.169499999999999984e+00 4.573803375346019440e-02
1.169999999999999929e+00 4.568456296829962598e-02
1.170500000000000096e+00 4.563113187845015822e-02
1.171000000000000041e+00 4.557774049088540030e-02
1.171499999999999986e+00 4.552438881251121006e-02
1.171999999999999931e+00 4.547107685016586048e-02
1.172500000000000098e+00 4.541780461062006752e-02
1.173000000000000043e+00 4.536457210057712186e-02
1.173499999999999988e+00 4.531137932667284735e-02
1.173999999999999932e+00 4.525822629547570503e-02
1.174500000000000099e+00 4.520511301348690419e-02
1.175000000000000044e+00 4.515203948714047871e-02
1.175499999999999989e+00 4.509900572280323844e-02
1.175999999999999934e+00 4.504601172677492882e-02
1.176500000000000101e+00 4.499305750528826559e-02
1.177000000000000046e+00 4.494014306450909435e-02
1.177499999999999991e+00 4.488726841053625183e-02
1.177999999999999936e+00 4.483443354940184339e-02
1.178500000000000103e+00 4.478163848707117367e-02
1.179000000000000048e+00 4.472888322944291312e-02
1.179499999999999993e+00 4.467616778234907021e-02
1.179999999999999938e+00 4.462349215155509558e-02
1.180500000000000105e+00 4.457085634275996522e-02
1.181000000000000050e+00 4.451826036159629157e-02
1.181499999999999995e+00 4.446570421363024023e-02
1.181999999999999940e+00 4.441318790436176583e-02
1.182500000000000107e+00 4.436071143922452886e-02
1.183000000000000052e+00 4.430827482358614539e-02
1.183499999999999996e+00 4.425587806274808994e-02
1.183999999999999941e+00 4.420352116194579961e-02
1.184500000000000108e+00 4.415120412634877117e-02
1.185000000000000053e+00 4.409892696106071375e-02
1.185499999999999998e+00 4.404668967111938227e-02
1.185999999999999943e+00 4.399449226149689668e-02
1.186500000000000110e+00 4.394233473709963089e-02
1.187000000000000055e+00 4.389021710276842098e-02
1.187500000000000000e+00 4.383813936327850963e-02
1.187999999999999945e+00 4.378610152333967109e-02
1.188500000000000112e+00 4.373410358759628053e-02
1.189000000000000057e+00 4.368214556062741116e-02
1.189500000000000002e+00 4.363022744694684124e-02
1.189999999999999947e+00 4.357834925100313728e-02
1.190500000000000114e+00 4.352651097717974427e-02
1.191000000000000059e+00 4.347471262979508977e-02
1.191500000000000004e+00 4.342295421310254921e-02
1.191999999999999948e+00 4.337123573129062631e-02
1.192500000000000115e+00 4.331955718848289061e-02
1.193000000000000060e+00 4.326791858873823421e-02
1.193500000000000005e+00 4.321631993605076077e-02
1.193999999999999950e+00 4.316476123434995205e-02
1.194500000000000117e+00 4.311324248750066784e-02
1.195000000000000062e+00 4.306176369930335424e-02
1.195500000000000007e+00 4.301032487349393252e-02
1.195999999999999952e+00 4.295892601374397962e-02
1.196500000000000119e+00 4.290756712366075587e-02
1.197000000000000064e+00 4.285624820678736457e-02
1.197500000000000009e+00 4.280496926660266876e-02
1.197999999999999954e+00 4.275373030652145079e-02
1.198500000000000121e+00 4.270253132989449557e-02
1.199000000000000066e+00 4.265137234000864613e-02
1.199500000000000011e+00 4.260025334008683134e-02
1.199999999999999956e+00 4.254917433328819776e-02
1.200500000000000123e+00 4.249813532270810962e-02
1.201000000000000068e+00 4.244713631137833620e-02
1.201500000000000012e+00 4.239617730226697551e-02
1.201999999999999957e+00 4.234525829827861382e-02
1.202500000000000124e+00 4.229437930225437431e-02
1.203000000000000069e+00 4.224354031697204193e-02
1.203500000000000014e+00 4.219274134514601482e-02
1.203999999999999959e+00 4.214198238942748476e-02
1.204500000000000126e+00 4.209126345240440936e-02
1.205000000000000071e+00 4.204058453660174804e-02
1.205500000000000016e+00 4.198994564448133016e-02
1.205999999999999961e+00 4.193934677844205622e-02
1.206500000000000128e+00 4.188878794081991180e-02
1.207000000000000073e+00 4.183826913388810631e-02
1.207500000000000018e+00 4.178779035985707296e-02
1.207999999999999963e+00 4.173735162087454514e-02
1.208500000000000130e+00 4.168695291902565353e-02
1.209000000000000075e+00 4.163659425633303712e-02
1.209500000000000020e+00 4.158627563475682243e-02
1.209999999999999964e+00 4.153599705619476223e-02
1.210500000000000131e+00 4.148575852248224949e-02
1.211000000000000076e+00 4.143556003539251159e-02
1.211500000000000021e+00 4.138540159663651324e-02
1.211999999999999966e+00 4.133528320786315075e-02
1.212500000000000133e+00 4.128520487065926586e-02
1.213000000000000078e+00 4.123516658654977768e-02
1.213500000000000023e+00 4.118516835699766870e-02
1.213999999999999968e+00 4.113521018340411672e-02
1.214500000000000135e+00 4.108529206710853643e-02
1.215000000000000080e+00 4.103541400938875289e-02
1.215500000000000025e+00 4.098557601146086277e-02
1.215999999999999970e+00 4.093577807447951883e-02
1.216499999999999915e+00 4.088602019953788830e-02
1.217000000000000082e+00 4.083630238766775000e-02
1.217500000000000027e+00 4.078662463983957764e-02
1.217999999999999972e+00 4.073698695696263000e-02
1.218499999999999917e+00 4.068738933988493012e-02
1.219000000000000083e+00 4.063783178939345958e-02
1.219500000000000028e+00 4.058831430621420711e-02
1.219999999999999973e+00 4.053883689101213383e-02
1.220499999999999918e+00 4.048939954439138150e-02
1.221000000000000085e+00 4.044000226689523775e-02
1.221500000000000030e+00 4.039064505900636509e-02
1.221999999999999975e+00 4.034132792114664828e-02
1.222499999999999920e+00 4.029205085367745104e-02
1.223000000000000087e+00 4.024281385689959523e-02
1.223500000000000032e+00 4.019361693105352740e-02
1.223999999999999977e+00 4.014446007631927715e-02
1.224499999999999922e+00 4.009534329281658205e-02
1.225000000000000089e+00 4.004626658060497085e-02
1.225500000000000034e+00 3.999722993968386764e-02
1.225999999999999979e+00 3.994823336999259872e-02
1.226499999999999924e+00 3.989927687141044815e-02
1.227000000000000091e+00 3.985036044375683817e-02
1.227500000000000036e+00 3.980148408679134997e-02
1.227999999999999980e+00 3.975264780021374456e-02
1.228499999999999925e+00 3.970385158366411538e-02
1.229000000000000092e+00 3.965509543672289527e-02
1.229500000000000037e+00 3.960637935891102301e-02
1.229999999999999982e+00 3.955770334968991553e-02
1.230499999999999927e+00 3.950906740846157894e-02
1.231000000000000094e+00 3.946047153456869183e-02
1.231500000000000039e+00 3.941191572729473014e-02
1.231999999999999984e+00 3.936339998586393940e-02
1.232499999999999929e+00 3.931492430944145272e-02
1.233000000000000096e+00 3.926648869713336015e-02
1.233500000000000041e+00 3.921809314798687524e-02
1.233999999999999986e+00 3.916973766099023785e-02
1.234499999999999931e+00 3.912142223507292932e-02
1.235000000000000098e+00 3.907314686910562385e-02
1.235500000000000043e+00 3.902491156190047300e-02
1.235999999999999988e+00 3.897671631221092531e-02
1.236499999999999932e+00 3.892856111873194830e-02
1.237000000000000099e+00 3.888044598010006320e-02
1.237500000000000044e+00 3.883237089489351146e-02
1.237999999999999989e+00 3.878433586163214375e-02
1.238499999999999934e+00 3.873634087877765586e-02
1.239000000000000101e+00 3.868838594473356790e-02
1.239500000000000046e+00 3.864047105784541858e-02
1.239999999999999991e+00 3.859259621640068888e-02
1.240499999999999936e+00 3.854476141862897554e-02
1.241000000000000103e+00 3.849696666270201878e-02
1.241500000000000048e+00 3.844921194673385501e-02
1.241999999999999993e+00 3.840149726878078207e-02
1.242499999999999938e+00 3.835382262684152582e-02
1.243000000000000105e+00 3.830618801885721930e-02
1.243500000000000050e+00 3.825859344271163864e-02
1.243999999999999995e+00 3.821103889623109207e-02
1.244499999999999940e+00 3.816352437718462803e-02
1.245000000000000107e+00 3.811604988328401444e-02
1.245500000000000052e+00 3.806861541218393291e-02
1.245999999999999996e+00 3.802122096148195796e-02
1.246499999999999941e+00 3.797386652871862639e-02
1.247000000000000108e+00 3.792655211137758303e-02
1.247500000000000053e+00 3.787927770688563622e-02
1.247999999999999998e+00 3.783204331261279252e-02
1.248499999999999943e+00 3.778484892587236077e-02
1.249000000000000110e+00 3.773769454392101458e-02
1.249500000000000055e+00 3.769058016395893801e-02
1.250000000000000000e+00 3.764350578312977702e-02
1.250499999999999945e+00 3.759647139852082681e-02
1.251000000000000112e+00 3.754947700716300407e-02
1.251500000000000057e+00 3.750252260603109677e-02
1.252000000000000002e+00 3.745560819204362540e-02
1.252499999999999947e+00 3.740873376206304418e-02
1.253000000000000114e+00 3.736189931289580352e-02
1.253500000000000059e+00 3.731510484129244021e-02
1.254000000000000004e+00 3.726835034394760521e-02
1.254499999999999948e+00 3.722163581750016076e-02
1.255000000000000115e+00 3.717496125853326366e-02
1.255500000000000060e+00 3.712832666357449019e-02
1.256000000000000005e+00 3.708173202909578053e-02
1.256499999999999950e+00 3.703517735151367479e-02
1.257000000000000117e+00 3.698866262718922965e-02
1.257500000000000062e+00 3.694218785242828901e-02
1.258000000000000007e+00 3.689575302348135910e-02
1.258499999999999952e+00 3.684935813654381664e-02
1.259000000000000119e+00 3.680300318775591578e-02
1.259500000000000064e+00 3.675668817320296849e-02
1.260000000000000009e+00 3.671041308891525440e-02
1.260499999999999954e+00 3.666417793086826360e-02
1.261000000000000121e+00 3.661798269498263425e-02
1.261500000000000066e+00 3.657182737712438847e-02
1.262000000000000011e+00 3.652571197310484213e-02
1.262499999999999956e+00 3.647963647868079917e-02
1.263000000000000123e+00 3.643360088955453074e-02
1.263500000000000068e+00 3.638760520137401810e-02
1.264000000000000012e+00 3.634164940973282076e-02
1.264499999999999957e+00 3.629573351017030547e-02
1.265000000000000124e+00 3.624985749817163927e-02
1.265500000000000069e+00 3.620402136916794911e-02
1.266000000000000014e+00 3.615822511853631488e-02
1.266499999999999959e+00 3.611246874159989434e-02
1.267000000000000126e+00 3.606675223362796473e-02
1.267500000000000071e+00 3.602107558983608931e-02
1.268000000000000016e+00 3.597543880538606881e-02
1.268499999999999961e+00 3.592984187538610791e-02
1.269000000000000128e+00 3.588428479489084305e-02
1.269500000000000073e+00 3.583876755890149507e-02
1.270000000000000018e+00 3.579329016236584837e-02
1.270499999999999963e+00 3.574785260017838279e-02
1.271000000000000130e+00 3.570245486718033601e-02
1.271500000000000075e+00 3.565709695815984237e-02
1.272000000000000020e+00 3.561177886785191204e-02
1.272499999999999964e+00 3.556650059093855593e-02
1.273000000000000131e+00 3.552126212204884809e-02
1.273500000000000076e+00 3.547606345575909231e-02
1.274000000000000021e+00 3.543090458659275271e-02
1.274499999999999966e+00 3.538578550902062025e-02
1.275000000000000133e+00 3.534070621746088214e-02
1.275500000000000078e+00 3.529566670627922592e-02
1.276000000000000023e+00 3.525066696978884639e-02
1.276499999999999968e+00 3.520570700225055666e-02
1.277000000000000135e+00 3.516078679787289218e-02
1.277500000000000080e+00 3.511590635081219408e-02
1.278000000000000025e+00 3.507106565517262298e-02
1.278499999999999970e+00 3.502626470500628392e-02
1.279000000000000137e+00 3.498150349431329575e-02
1.279500000000000082e+00 3.493678201704191605e-02
1.280000000000000027e+00 3.489210026708853413e-02
1.280499999999999972e+00 3.484745823829778211e-02
1.280999999999999917e+00 3.480285592446264592e-02
1.281500000000000083e+00 3.475829331932450000e-02
1.282000000000000028e+00 3.471377041657325996e-02
1.282499999999999973e+00 3.466928720984732704e-02
1.282999999999999918e+00 3.462484369273382406e-02
1.283500000000000085e+00 3.458043985876849830e-02
1.284000000000000030e+00 3.453607570143602673e-02
1.284499999999999975e+00 3.449175121416987039e-02
1.284999999999999920e+00 3.444746639035248942e-02
1.285500000000000087e+00 3.440322122331533616e-02
1.286000000000000032e+00 3.435901570633906332e-02
1.286499999999999977e+00 3.431484983265344069e-02
1.286999999999999922e+00 3.427072359543756330e-02
1.287500000000000089e+00 3.422663698781982372e-02
1.288000000000000034e+00 3.418259000287811322e-02
1.288499999999999979e+00 3.413858263363980100e-02
1.288999999999999924e+00 3.409461487308183131e-02
1.289500000000000091e+00 3.405068671413081366e-02
1.290000000000000036e+00 3.400679814966316855e-02
1.290499999999999980e+00 3.396294917250507195e-02
1.290999999999999925e+00 3.391913977543263570e-02
1.291500000000000092e+00 3.387536995117193528e-02
1.292000000000000037e+00 3.383163969239915553e-02
1.292499999999999982e+00 3.378794899174058369e-02
1.292999999999999927e+00 3.374429784177272740e-02
1.293500000000000094e+00 3.370068623502241872e-02
1.294000000000000039e+00 3.365711416396686279e-02
1.294499999999999984e+00 3.361358162103371405e-02
1.294999999999999929e+00 3.357008859860117350e-02
1.295500000000000096e+00 3.352663508899804412e-02
1.296000000000000041e+00 3.348322108450386969e-02
1.296499999999999986e+00 3.343984657734891397e-02
1.296999999999999931e+00 3.339651155971434110e-02
1.297500000000000098e+00 3.335321602373220173e-02
1.298000000000000043e+00 3.330995996148562038e-02
1.298499999999999988e+00 3.326674336500877460e-02
1.298999999999999932e+00 3.322356622628702683e-02
1.299500000000000099e+00 3.318042853725695907e-02
1.300000000000000044e+00 3.313733028980656720e-02
1.300499999999999989e+00 3.309427147577517075e-02
1.300999999999999934e+00 3.305125208695362110e-02
1.301500000000000101e+00 3.300827211508431530e-02
1.302000000000000046e+00 3.296533155186134878e-02
1.302499999999999991e+00 3.292243038893050838e-02
1.302999999999999936e+00 3.287956861788936952e-02
1.303500000000000103e+00 3.283674623028742801e-02
1.304000000000000048e+00 3.279396321762615557e-02
1.304499999999999993e+00 3.275121957135905537e-02
1.304999999999999938e+00 3.270851528289173138e-02
1.305500000000000105e+00 3.266585034358201328e-02
1.306000000000000050e+00 3.262322474474005363e-02
1.306499999999999995e+00 3.258063847762832088e-02
1.306999999999999940e+00 3.253809153346174515e-02
1.307500000000000107e+00 3.249558390340775982e-02
1.308000000000000052e+00 3.245311557858645418e-02
1.308499999999999996e+00 3.241068655007055266e-02
1.308999999999999941e+00 3.236829680888556743e-02
1.309500000000000108e+00 3.232594634600981232e-02
1.310000000000000053e+00 3.228363515237461095e-02
1.310499999999999998e+00 3.224136321886420659e-02
1.310999999999999943e+00 3.219913053631594246e-02
1.311500000000000110e+00 3.215693709552034513e-02
1.312000000000000055e+00 3.211478288722118685e-02
1.312500000000000000e+00 3.207266790211554114e-02
1.312999999999999945e+00 3.203059213085387991e-02
1.313500000000000112e+00 3.198855556404015671e-02
1.314000000000000057e+00 3.194655819223191084e-02
1.314500000000000002e+00 3.190460000594030898e-02
1.314999999999999947e+00 3.186268099563022843e-02
1.315500000000000114e+00 3.182080115172033347e-02
1.316000000000000059e+00 3.177896046458322105e-02
1.316500000000000004e+00 3.173715892454540000e-02
1.316999999999999948e+00 3.169539652188743672e-02
1.317500000000000115e+00 3.165367324684399686e-02
1.318000000000000060e+00 3.161198908960399789e-02
1.318500000000000005e+00 3.157034404031058145e-02
1.318999999999999950e+00 3.152873808906127978e-02
1.319500000000000117e+00 3.148717122590802969e-02
1.320000000000000062e+00 3.144564344085735985e-02
1.320500000000000007e+00 3.140415472387031448e-02
1.320999999999999952e+00 3.136270506486266846e-02
1.321500000000000119e+00 3.132129445370491344e-02
1.322000000000000064e+00 3.127992288022244521e-02
1.322500000000000009e+00 3.123859033419553247e-02
1.322999999999999954e+00 3.119729680535944516e-02
1.323500000000000121e+00 3.115604228340451698e-02
1.324000000000000066e+00 3.111482675797630493e-02
1.324500000000000011e+00 3.107365021867553381e-02
1.324999999999999956e+00 3.103251265505828360e-02
1.325500000000000123e+00 3.099141405663602064e-02
1.326000000000000068e+00 3.095035441287571215e-02
1.326500000000000012e+00 3.090933371319985398e-02
1.326999999999999957e+00 3.086835194698659551e-02
1.327500000000000124e+00 3.082740910356979169e-02
1.328000000000000069e+00 3.078650517223913835e-02
1.328500000000000014e+00 3.074564014224016872e-02
1.328999999999999959e+00 3.070481400277438530e-02
1.329500000000000126e+00 3.066402674299931533e-02
1.330000000000000071e+00 3.062327835202866000e-02
1.330500000000000016e+00 3.058256881893225976e-02
1.330999999999999961e+00 3.054189813273625737e-02
1.331500000000000128e+00 3.050126628242313606e-02
1.332000000000000073e+00 3.046067325693188263e-02
1.332500000000000018e+00 3.042011904515793536e-02
1.332999999999999963e+00 3.037960363595334015e-02
1.333500000000000130e+00 3.033912701812683729e-02
1.334000000000000075e+00 3.029868918044395856e-02
1.334500000000000020e+00 3.025829011162701337e-02
1.334999999999999964e+00 3.021792980035527959e-02
1.335500000000000131e+00 3.017760823526498618e-02
1.336000000000000076e+00 3.013732540494951095e-02
1.336500000000000021e+00 3.009708129795933898e-02
1.336999999999999966e+00 3.005687590280220131e-02
1.337500000000000133e+00 3.001670920794314787e-02
1.338000000000000078e+00 2.997658120180467581e-02
1.338500000000000023e+00 2.993649187276669829e-02
1.338999999999999968e+00 2.989644120916672143e-02
1.339500000000000135e+00 2.985642919929986858e-02
1.340000000000000080e+00 2.981645583141903644e-02
1.340500000000000025e+00 2.977652109373487080e-02
1.340999999999999970e+00 2.973662497441590877e-02
1.341500000000000137e+00 2.969676746158864816e-02
1.342000000000000082e+00 2.965694854333765507e-02
1.342500000000000027e+00 2.961716820770558811e-02
1.342999999999999972e+00 2.957742644269330951e-02
1.343500000000000139e+00 2.953772323625994053e-02
1.344000000000000083e+00 2.949805857632303852e-02
1.344500000000000028e+00 2.945843245075852740e-02
1.344999999999999973e+00 2.941884484740087818e-02
1.345499999999999918e+00 2.937929575404315749e-02
1.346000000000000085e+00 2.933978515843710735e-02
1.346500000000000030e+00 2.930031304829328054e-02
1.346999999999999975e+00 2.926087941128099890e-02
1.347499999999999920e+00 2.922148423502854767e-02
1.348000000000000087e+00 2.918212750712318587e-02
1.348500000000000032e+00 2.914280921511130940e-02
1.348999999999999977e+00 2.910352934649841627e-02
1.349499999999999922e+00 2.906428788874926630e-02
1.350000000000000089e+00 2.902508482928792613e-02
1.350500000000000034e+00 2.898592015549791845e-02
1.350999999999999979e+00 2.894679385472218036e-02
1.351499999999999924e+00 2.890770591426324379e-02
1.352000000000000091e+00 2.886865632138325283e-02
1.352500000000000036e+00 2.882964506330414067e-02
1.352999999999999980e+00 2.879067212720756372e-02
1.353499999999999925e+00 2.875173750023509583e-02
1.354000000000000092e+00 2.871284116948826307e-02
1.354500000000000037e+00 2.867398312202865465e-02
1.354999999999999982e+00 2.863516334487795079e-02
1.355499999999999927e+00 2.859638182501805098e-02
1.356000000000000094e+00 2.855763854939110183e-02
1.356500000000000039e+00 2.851893350489967394e-02
1.356999999999999984e+00 2.848026667840672724e-02
1.357499999999999929e+00 2.844163805673574630e-02
1.358000000000000096e+00 2.840304762667081317e-02
1.358500000000000041e+00 2.836449537495674272e-02
1.358999999999999986e+00 2.832598128829904444e-02
1.359499999999999931e+00 2.828750535336409244e-02
1.360000000000000098e+00 2.824906755677916367e-02
1.360500000000000043e+00 2.821066788513258011e-02
1.360999999999999988e+00 2.817230632497370879e-02
1.361499999999999932e+00 2.813398286281305893e-02
1.362000000000000099e+00 2.809569748512239298e-02
1.362500000000000044e+00 2.805745017833483762e-02
1.362999999999999989e+00 2.801924092884484213e-02
1.363499999999999934e+00 2.798106972300838657e-02
1.364000000000000101e+00 2.794293654714296096e-02
1.364500000000000046e+00 2.790484138752777343e-02
1.364999999999999991e+00 2.786678423040366351e-02
1.365499999999999936e+00 2.782876506197331026e-02
1.366000000000000103e+00 2.779078386840123926e-02
1.366500000000000048e+00 2.775284063581399605e-02
1.366999999999999993e+00 2.771493535030009753e-02
1.367499999999999938e+00 2.767706799791019509e-02
1.368000000000000105e+00 2.763923856465713008e-02
1.368500000000000050e+00 2.760144703651604831e-02
1.368999999999999995e+00 2.756369339942442084e-02
1.369499999999999940e+00 2.752597763928215160e-02
1.370000000000000107e+00 2.748829974195165365e-02
1.370500000000000052e+00 2.745065969325797411e-02
1.370999999999999996e+00 2.741305747898879416e-02
1.371499999999999941e+00 2.737549308489453659e-02
1.372000000000000108e+00 2.733796649668848375e-02
1.372500000000000053e+00 2.730047770004683655e-02
1.372999999999999998e+00 2.726302668060875956e-02
1.373499999999999943e+00 2.722561342397649548e-02
1.374000000000000110e+00 2.718823791571542067e-02
1.374500000000000055e+00 2.715090014135419089e-02
1.375000000000000000e+00 2.711360008638471694e-02
1.375499999999999945e+00 2.707633773626231394e-02
1.376000000000000112e+00 2.703911307640576370e-02
1.376500000000000057e+00 2.700192609219741538e-02
1.377000000000000002e+00 2.696477676898322018e-02
1.377499999999999947e+00 2.692766509207282499e-02
1.378000000000000114e+00 2.689059104673967304e-02
1.378500000000000059e+00 2.685355461822109061e-02
1.379000000000000004e+00 2.681655579171832518e-02
1.379499999999999948e+00 2.677959455239663569e-02
1.380000000000000115e+00 2.674267088538540005e-02
1.380500000000000060e+00 2.670578477577819493e-02
1.381000000000000005e+00 2.666893620863280620e-02
1.381499999999999950e+00 2.663212516897140586e-02
1.382000000000000117e+00 2.659535164178053121e-02
1.382500000000000062e+00 2.655861561201129303e-02
1.383000000000000007e+00 2.652191706457931314e-02
1.383499999999999952e+00 2.648525598436489437e-02
1.384000000000000119e+00 2.644863235621304487e-02
1.384500000000000064e+00 2.641204616493364812e-02
1.385000000000000009e+00 2.637549739530142129e-02
1.385499999999999954e+00 2.633898603205607480e-02
1.386000000000000121e+00 2.630251205990235402e-02
1.386500000000000066e+00 2.626607546351017453e-02
1.387000000000000011e+00 2.622967622751461864e-02
1.387499999999999956e+00 2.619331433651607421e-02
1.388000000000000123e+00 2.615698977508026934e-02
1.388500000000000068e+00 2.612070252773842152e-02
1.389000000000000012e+00 2.608445257898724459e-02
1.389499999999999957e+00 2.604823991328904936e-02
1.390000000000000124e+00 2.601206451507182688e-02
1.390500000000000069e+00 2.597592636872936636e-02
1.391000000000000014e+00 2.593982545862124831e-02
1.391499999999999959e+00 2.590376176907299016e-02
1.392000000000000126e+00 2.586773528437608799e-02
1.392500000000000071e+00 2.583174598878816564e-02
1.393000000000000016e+00 2.579579386653293310e-02
1.393499999999999961e+00 2.575987890180037737e-02
1.394000000000000128e+00 2.572400107874676239e-02
1.394500000000000073e+00 2.568816038149479217e-02
1.395000000000000018e+00 2.565235679413357950e-02
1.395499999999999963e+00 2.561659030071882295e-02
1.396000000000000130e+00 2.558086088527281726e-02
1.396500000000000075e+00 2.554516853178459904e-02
1.397000000000000020e+00 2.550951322420995024e-02
1.397499999999999964e+00 2.547389494647153696e-02
1.398000000000000131e+00 2.543831368245891289e-02
1.398500000000000076e+00 2.540276941602874483e-02
1.399000000000000021e+00 2.536726213100471902e-02
1.399499999999999966e+00 2.533179181117770074e-02
1.400000000000000133e+00 2.529635844030581754e-02
1.400500000000000078e+00 2.526096200211455645e-02
1.401000000000000023e+00 2.522560248029677085e-02
1.401499999999999968e+00 2.519027985851281584e-02
1.402000000000000135e+00 2.515499412039059329e-02
1.402500000000000080e+00 2.511974524952569759e-02
1.403000000000000025e+00 2.508453322948140177e-02
1.403499999999999970e+00 2.504935804378878583e-02
1.404000000000000137e+00 2.501421967594678886e-02
1.404500000000000082e+00 2.497911810942235467e-02
1.405000000000000027e+00 2.494405332765041797e-02
1.405499999999999972e+00 2.490902531403404313e-02
1.406000000000000139e+00 2.487403405194445194e-02
1.406500000000000083e+00 2.483907952472118666e-02
1.407000000000000028e+00 2.480416171567210656e-02
1.407499999999999973e+00 2.476928060807346774e-02
1.407999999999999918e+00 2.473443618517006878e-02
1.408500000000000085e+00 2.469962843017524737e-02
1.409000000000000030e+00 2.466485732627104674e-02
1.409499999999999975e+00 2.463012285660820533e-02
1.409999999999999920e+00 2.459542500430627124e-02
1.410500000000000087e+00 2.456076375245369245e-02
1.411000000000000032e+00 2.452613908410789662e-02
1.411499999999999977e+00 2.449155098229534311e-02
1.411999999999999922e+00 2.445699943001160975e-02
1.412500000000000089e+00 2.442248441022145528e-02
1.413000000000000034e+00 2.438800590585896502e-02
1.413499999999999979e+00 2.435356389982753708e-02
1.413999999999999924e+00 2.431915837500002106e-02
1.414500000000000091e+00 2.428478931421874237e-02
1.415000000000000036e+00 2.425045670029567224e-02
1.415499999999999980e+00 2.421616051601239300e-02
1.415999999999999925e+00 2.418190074412026463e-02
1.416500000000000092e+00 2.414767736734040396e-02
1.417000000000000037e+00 2.411349036836392401e-02
1.417499999999999982e+00 2.407933972985181956e-02
1.417999999999999927e+00 2.404522543443517527e-02
1.418500000000000094e+00 2.401114746471518652e-02
1.419000000000000039e+00 2.397710580326327737e-02
1.419499999999999984e+00 2.394310043262114912e-02
1.419999999999999929e+00 2.390913133530081849e-02
1.420500000000000096e+00 2.387519849378479456e-02
1.421000000000000041e+00 2.384130189052607179e-02
1.421499999999999986e+00 2.380744150794822378e-02
1.421999999999999931e+00 2.377361732844551073e-02
1.422500000000000098e+00 2.373982933438292114e-02
1.423000000000000043e+00 2.370607750809626893e-02
1.423499999999999988e+00 2.367236183189227322e-02
1.423999999999999932e+00 2.363868228804860694e-02
1.424500000000000099e+00 2.360503885881400088e-02
1.425000000000000044e+00 2.357143152640832351e-02
1.425499999999999989e+00 2.353786027302263301e-02
1.425999999999999934e+00 2.350432508081927441e-02
1.426500000000000101e+00 2.347082593193192818e-02
1.427000000000000046e+00 2.343736280846575593e-02
1.427499999999999991e+00 2.340393569249738306e-02
1.427999999999999936e+00 2.337054456607504105e-02
1.428500000000000103e+00 2.333718941121858473e-02
1.429000000000000048e+00 2.330387020991967623e-02
1.429499999999999993e+00 2.327058694414176065e-02
1.429999999999999938e+00 2.323733959582015632e-02
1.430500000000000105e+00 2.320412814686214145e-02
1.431000000000000050e+00 2.317095257914710688e-02
1.431499999999999995e+00 2.313781287452648314e-02
1.431999999999999940e+00 2.310470901482393133e-02
1.432500000000000107e+00 2.307164098183538473e-02
1.433000000000000052e+00 2.303860875732912164e-02
1.433499999999999996e+00 2.300561232304585910e-02
1.433999999999999941e+00 2.297265166069879447e-02
1.434500000000000108e+00 2.293972675197366098e-02
1.435000000000000053e+00 2.290683757852896019e-02
1.435499999999999998e+00 2.287398412199580927e-02
1.435999999999999943e+00 2.284116636397817701e-02
1.436500000000000110e+00 2.280838428605289417e-02
1.437000000000000055e+00 2.277563786976977839e-02
1.437500000000000000e+00 2.274292709665163420e-02
1.437999999999999945e+00 2.271025194819440568e-02
1.438500000000000112e+00 2.267761240586720420e-02
1.439000000000000057e+00 2.264500845111239863e-02
1.439500000000000002e+00 2.261244006534570208e-02
1.439999999999999947e+00 2.257990722995622049e-02
1.440500000000000114e+00 2.254740992630653931e-02
1.441000000000000059e+00 2.251494813573284154e-02
1.441500000000000004e+00 2.248252183954491112e-02
1.441999999999999948e+00 2.245013101902623362e-02
1.442500000000000115e+00 2.241777565543410025e-02
1.443000000000000060e+00 2.238545572999967037e-02
1.443500000000000005e+00 2.235317122392801656e-02
1.443999999999999950e+00 2.232092211839823565e-02
1.444500000000000117e+00 2.228870839456348688e-02
1.445000000000000062e+00 2.225653003355115150e-02
1.445500000000000007e+00 2.222438701646276688e-02
1.445999999999999952e+00 2.219227932437424500e-02
1.446500000000000119e+00 2.216020693833583785e-02
1.447000000000000064e+00 2.212816983937229698e-02
1.447500000000000009e+00 2.209616800848289431e-02
1.447999999999999954e+00 2.206420142664148112e-02
1.448500000000000121e+00 2.203227007479663380e-02
1.449000000000000066e+00 2.200037393387169887e-02
1.449500000000000011e+00 2.196851298476481390e-02
1.449999999999999956e+00 2.193668720834904967e-02
1.450500000000000123e+00 2.190489658547244839e-02
1.451000000000000068e+00 2.187314109695814857e-02
1.451500000000000012e+00 2.184142072360436074e-02
1.451999999999999957e+00 2.180973544618455134e-02
1.452500000000000124e+00 2.177808524544743579e-02
1.453000000000000069e+00 2.174647010211711723e-02
1.453500000000000014e+00 2.171488999689310737e-02
1.453999999999999959e+00 2.168334491045042708e-02
1.454500000000000126e+00 2.165183482343965155e-02
1.455000000000000071e+00 2.162035971648705937e-02
1.455500000000000016e+00 2.158891957019462918e-02
1.455999999999999961e+00 2.155751436514012631e-02
1.456500000000000128e+00 2.152614408187720693e-02
1.457000000000000073e+00 2.149480870093548046e-02
1.457500000000000018e+00 2.146350820282057204e-02
1.457999999999999963e+00 2.143224256801420230e-02
1.458500000000000130e+00 2.140101177697423598e-02
1.459000000000000075e+00 2.136981581013484843e-02
1.459500000000000020e+00 2.133865464790647704e-02
1.459999999999999964e+00 2.130752827067597735e-02
1.460500000000000131e+00 2.127643665880662657e-02
1.461000000000000076e+00 2.124537979263830395e-02
1.461500000000000021e+00 2.121435765248746649e-02
1.461999999999999966e+00 2.118337021864726347e-02
1.462500000000000133e+00 2.115241747138757802e-02
1.463000000000000078e+00 2.112149939095517293e-02
1.463500000000000023e+00 2.109061595757368360e-02
1.463999999999999968e+00 2.105976715144373956e-02
1.464500000000000135e+00 2.102895295274298873e-02
1.465000000000000080e+00 2.099817334162627433e-02
1.465500000000000025e+00 2.096742829822557247e-02
1.465999999999999970e+00 2.093671780265015520e-02
1.466500000000000137e+00 2.090604183498663213e-02
1.467000000000000082e+00 2.087540037529906148e-02
1.467500000000000027e+00 2.084479340362893965e-02
1.467999999999999972e+00 2.081422089999537470e-02
1.468500000000000139e+00 2.078368284439507593e-02
1.469000000000000083e+00 2.075317921680248923e-02
1.469500000000000028e+00 2.072270999716982129e-02
1.469999999999999973e+00 2.069227516542715417e-02
1.470500000000000140e+00 2.066187470148245567e-02
1.471000000000000085e+00 2.063150858522175973e-02
1.471500000000000030e+00 2.060117679650911790e-02
1.471999999999999975e+00 2.057087931518674501e-02
1.472499999999999920e+00 2.054061612107506429e-02
1.473000000000000087e+00 2.051038719397279761e-02
1.473500000000000032e+00 2.048019251365704868e-02
1.473999999999999977e+00 2.045003205988330658e-02
1.474499999999999922e+00 2.041990581238561225e-02
1.475000000000000089e+00 2.038981375087654813e-02
1.475500000000000034e+00 2.035975585504738727e-02
1.475999999999999979e+00 2.032973210456808996e-02
1.476499999999999924e+00 2.029974247908743895e-02
1.477000000000000091e+00 2.026978695823303603e-02
1.477500000000000036e+00 2.023986552161149977e-02
1.477999999999999980e+00 2.020997814880838572e-02
1.478499999999999925e+00 2.018012481938837033e-02
1.479000000000000092e+00 2.015030551289525435e-02
1.479500000000000037e+00 2.012052020885210860e-02
1.479999999999999982e+00 2.009076888676127048e-02
1.480499999999999927e+00 2.006105152610444808e-02
1.481000000000000094e+00 2.003136810634276524e-02
1.481500000000000039e+00 2.000171860691692810e-02
1.481999999999999984e+00 1.997210300724715920e-02
1.482499999999999929e+00 1.994252128673337440e-02
1.483000000000000096e+00 1.991297342475516208e-02
1.483500000000000041e+00 1.988345940067199127e-02
1.483999999999999986e+00 1.985397919382312845e-02
1.484499999999999931e+00 1.982453278352780748e-02
1.485000000000000098e+00 1.979512014908524353e-02
1.485500000000000043e+00 1.976574126977481000e-02
1.485999999999999988e+00 1.973639612485594136e-02
1.486499999999999932e+00 1.970708469356835177e-02
1.487000000000000099e+00 1.967780695513201075e-02
1.487500000000000044e+00 1.964856288874729934e-02
1.487999999999999989e+00 1.961935247359500312e-02
1.488499999999999934e+00 1.959017568883641633e-02
1.489000000000000101e+00 1.956103251361339737e-02
1.489500000000000046e+00 1.953192292704848676e-02
1.489999999999999991e+00 1.950284690824492795e-02
1.490499999999999936e+00 1.947380443628674018e-02
1.491000000000000103e+00 1.944479549023879136e-02
1.491500000000000048e+00 1.941582004914694376e-02
1.491999999999999993e+00 1.938687809203797421e-02
1.492499999999999938e+00 1.935796959791978925e-02
1.493000000000000105e+00 1.932909454578138689e-02
1.493500000000000050e+00 1.930025291459303016e-02
1.493999999999999995e+00 1.927144468330622973e-02
1.494499999999999940e+00 1.924266983085383756e-02
1.495000000000000107e+00 1.921392833615013715e-02
1.495500000000000052e+00 1.918522017809091984e-02
1.495999999999999996e+00 1.915654533555351605e-02
1.496499999999999941e+00 1.912790378739688893e-02
1.497000000000000108e+00 1.909929551246167603e-02
1.497500000000000053e+00 1.907072048957034541e-02
1.497999999999999998e+00 1.904217869752715744e-02
1.498499999999999943e+00 1.901367011511827937e-02
1.499000000000000110e+00 1.898519472111186157e-02
1.499500000000000055e+00 1.895675249425813128e-02
1.500000000000000000e+00 1.892834341328938907e-02
1.500499999999999945e+00 1.889996745692014077e-02
1.501000000000000112e+00 1.887162460384713553e-02
1.501500000000000057e+00 1.884331483274946997e-02
1.502000000000000002e+00 1.881503812228862635e-02
1.502499999999999947e+00 1.878679445110851762e-02
1.503000000000000114e+00 1.875858379783562277e-02
1.503500000000000059e+00 1.873040614107901805e-02
1.504000000000000004e+00 1.870226145943043247e-02
1.504499999999999948e+00 1.867414973146434148e-02
1.505000000000000115e+00 1.864607093573801555e-02
1.505500000000000060e+00 1.861802505079163811e-02
1.506000000000000005e+00 1.859001205514828822e-02
1.506499999999999950e+00 1.856203192731408630e-02
1.507000000000000117e+00 1.853408464577820103e-02
1.507500000000000062e+00 1.850617018901301938e-02
1.508000000000000007e+00 1.847828853547406336e-02
1.508499999999999952e+00 1.845043966360020160e-02
1.509000000000000119e+00 1.842262355181360778e-02
1.509500000000000064e+00 1.839484017851994099e-02
1.510000000000000009e+00 1.836708952210829027e-02
1.510499999999999954e+00 1.833937156095133414e-02
1.511000000000000121e+00 1.831168627340536148e-02
1.511500000000000066e+00 1.828403363781038946e-02
1.512000000000000011e+00 1.825641363249014965e-02
1.512499999999999956e+00 1.822882623575224764e-02
1.513000000000000123e+00 1.820127142588814917e-02
1.513500000000000068e+00 1.817374918117332233e-02
1.514000000000000012e+00 1.814625947986724802e-02
1.514499999999999957e+00 1.811880230021351360e-02
1.515000000000000124e+00 1.809137762043985104e-02
1.515500000000000069e+00 1.806398541875828268e-02
1.516000000000000014e+00 1.803662567336508996e-02
1.516499999999999959e+00 1.800929836244093835e-02
1.517000000000000126e+00 1.798200346415090856e-02
1.517500000000000071e+00 1.795474095664465614e-02
1.518000000000000016e+00 1.792751081805632821e-02
1.518499999999999961e+00 1.790031302650476122e-02
1.519000000000000128e+00 1.787314756009346708e-02
1.519500000000000073e+00 1.784601439691076499e-02
1.520000000000000018e+00 1.781891351502978837e-02
1.520499999999999963e+00 1.779184489250858203e-02
1.521000000000000130e+00 1.776480850739016806e-02
1.521500000000000075e+00 1.773780433770263260e-02
1.522000000000000020e+00 1.771083236145912926e-02
1.522499999999999964e+00 1.768389255665800755e-02
1.523000000000000131e+00 1.765698490128283712e-02
1.523500000000000076e+00 1.763010937330255351e-02
1.524000000000000021e+00 1.760326595067138525e-02
1.524499999999999966e+00 1.757645461132905859e-02
1.525000000000000133e+00 1.754967533320076628e-02
1.525500000000000078e+00 1.752292809419731673e-02
1.526000000000000023e+00 1.749621287221513055e-02
1.526499999999999968e+00 1.746952964513633078e-02
1.527000000000000135e+00 1.744287839082878794e-02
1.527500000000000080e+00 1.741625908714628662e-02
1.528000000000000025e+00 1.738967171192843525e-02
1.528499999999999970e+00 1.736311624300084303e-02
1.529000000000000137e+00 1.733659265817513381e-02
1.529500000000000082e+00 1.731010093524907104e-02
1.530000000000000027e+00 1.728364105200654727e-02
1.530499999999999972e+00 1.725721298621769179e-02
1.531000000000000139e+00 1.723081671563892608e-02
1.531500000000000083e+00 1.720445221801306449e-02
1.532000000000000028e+00 1.717811947106930720e-02
1.532499999999999973e+00 1.715181845252336870e-02
1.533000000000000140e+00 1.712554914007750895e-02
1.533500000000000085e+00 1.709931151142063052e-02
1.534000000000000030e+00 1.707310554422829946e-02
1.534499999999999975e+00 1.704693121616284932e-02
1.535000000000000142e+00 1.702078850487341935e-02
1.535500000000000087e+00 1.699467738799604818e-02
1.536000000000000032e+00 1.696859784315371197e-02
1.536499999999999977e+00 1.694254984795638339e-02
1.536999999999999922e+00 1.691653338000115303e-02
1.537500000000000089e+00 1.689054841687218783e-02
1.538000000000000034e+00 1.686459493614094265e-02
1.538499999999999979e+00 1.683867291536607011e-02
1.538999999999999924e+00 1.681278233209359749e-02
1.539500000000000091e+00 1.678692316385692676e-02
1.540000000000000036e+00 1.676109538817695949e-02
1.540499999999999980e+00 1.673529898256207599e-02
1.540999999999999925e+00 1.670953392450829147e-02
1.541500000000000092e+00 1.668380019149923871e-02
1.542000000000000037e+00 1.665809776100631023e-02
1.542499999999999982e+00 1.663242661048865492e-02
1.542999999999999927e+00 1.660678671739327164e-02
1.543500000000000094e+00 1.658117805915507170e-02
1.544000000000000039e+00 1.655560061319695173e-02
1.544499999999999984e+00 1.653005435692984221e-02
1.544999999999999929e+00 1.650453926775276997e-02
1.545500000000000096e+00 1.647905532305291368e-02
1.546000000000000041e+00 1.645360250020572873e-02
1.546499999999999986e+00 1.642818077657491257e-02
1.546999999999999931e+00 1.640279012951254348e-02
1.547500000000000098e+00 1.637743053635910134e-02
1.548000000000000043e+00 1.635210197444358568e-02
1.548499999999999988e+00 1.632680442108349825e-02
1.548999999999999932e+00 1.630153785358498184e-02
1.549500000000000099e+00 1.627630224924280986e-02
1.550000000000000044e+00 1.625109758534053900e-02
1.550499999999999989e+00 1.622592383915050576e-02
1.550999999999999934e+00 1.620078098793388544e-02
1.551500000000000101e+00 1.617566900894079618e-02
1.552000000000000046e+00 1.615058787941034413e-02
1.552499999999999991e+00 1.612553757657067890e-02
1.552999999999999936e+00 1.610051807763904219e-02
1.553500000000000103e+00 1.607552935982186487e-02
1.554000000000000048e+00 1.605057140031483642e-02
1.554499999999999993e+00 1.602564417630290144e-02
1.554999999999999938e+00 1.600074766496039150e-02
1.555500000000000105e+00 1.597588184345102510e-02
1.556000000000000050e+00 1.595104668892807082e-02
1.556499999999999995e+00 1.592624217853428129e-02
1.556999999999999940e+00 1.590146828940203899e-02
1.557500000000000107e+00 1.587672499865337705e-02
1.558000000000000052e+00 1.585201228340011106e-02
1.558499999999999996e+00 1.582733012074380788e-02
1.558999999999999941e+00 1.580267848777588274e-02
1.559500000000000108e+00 1.577805736157768604e-02
1.560000000000000053e+00 1.575346671922056227e-02
1.560499999999999998e+00 1.572890653776585698e-02
1.560999999999999943e+00 1.570437679426504168e-02
1.561500000000000110e+00 1.567987746575973465e-02
1.562000000000000055e+00 1.565540852928179807e-02
1.562500000000000000e+00 1.563096996185336235e-02
1.562999999999999945e+00 1.560656174048690586e-02
1.563500000000000112e+00 1.558218384218529665e-02
1.564000000000000057e+00 1.555783624394191725e-02
1.564500000000000002e+00 1.553351892274063527e-02
1.564999999999999947e+00 1.550923185555592998e-02
1.565500000000000114e+00 1.548497501935289927e-02
1.566000000000000059e+00 1.546074839108740016e-02
1.566500000000000004e+00 1.543655194770601757e-02
1.566999999999999948e+00 1.541238566614619269e-02
1.567500000000000115e+00 1.538824952333624208e-02
1.568000000000000060e+00 1.536414349619545303e-02
1.568500000000000005e+00 1.534006756163411832e-02
1.568999999999999950e+00 1.531602169655358996e-02
1.569500000000000117e+00 1.529200587784635551e-02
1.570000000000000062e+00 1.526802008239612485e-02
1.570500000000000007e+00 1.524406428707783014e-02
1.570999999999999952e+00 1.522013846875772472e-02
1.571500000000000119e+00 1.519624260429343170e-02
1.572000000000000064e+00 1.517237667053402718e-02
1.572500000000000009e+00 1.514854064432004724e-02
1.572999999999999954e+00 1.512473450248360760e-02
1.573500000000000121e+00 1.510095822184841230e-02
1.574000000000000066e+00 1.507721177922986128e-02
1.574500000000000011e+00 1.505349515143506421e-02
1.574999999999999956e+00 1.502980831526293595e-02
1.575500000000000123e+00 1.500615124750421560e-02
1.576000000000000068e+00 1.498252392494159140e-02
1.576500000000000012e+00 1.495892632434968339e-02
1.576999999999999957e+00 1.493535842249515098e-02
1.577500000000000124e+00 1.491182019613673110e-02
1.578000000000000069e+00 1.488831162202532490e-02
1.578500000000000014e+00 1.486483267690402732e-02
1.578999999999999959e+00 1.484138333750818252e-02
1.579500000000000126e+00 1.481796358056545505e-02
1.580000000000000071e+00 1.479457338279592180e-02
1.580500000000000016e+00 1.477121272091207194e-02
1.580999999999999961e+00 1.474788157161887811e-02
1.581500000000000128e+00 1.472457991161388313e-02
1.582000000000000073e+00 1.470130771758726591e-02
1.582500000000000018e+00 1.467806496622183800e-02
1.582999999999999963e+00 1.465485163419315805e-02
1.583500000000000130e+00 1.463166769816955787e-02
1.584000000000000075e+00 1.460851313481226037e-02
1.584500000000000020e+00 1.458538792077533272e-02
1.584999999999999964e+00 1.456229203270584596e-02
1.585500000000000131e+00 1.453922544724385070e-02
1.586000000000000076e+00 1.451618814102252977e-02
1.586500000000000021e+00 1.449318009066816182e-02
1.586999999999999966e+00 1.447020127280021148e-02
1.587500000000000133e+00 1.444725166403141095e-02
1.588000000000000078e+00 1.442433124096780851e-02
1.588500000000000023e+00 1.440143998020879980e-02
1.588999999999999968e+00 1.437857785834720584e-02
1.589500000000000135e+00 1.435574485196932336e-02
1.590000000000000080e+00 1.433294093765500113e-02
1.590500000000000025e+00 1.431016609197766250e-02
1.590999999999999970e+00 1.428742029150439907e-02
1.591500000000000137e+00 1.426470351279597766e-02
1.592000000000000082e+00 1.424201573240698078e-02
1.592500000000000027e+00 1.421935692688576676e-02
1.592999999999999972e+00 1.419672707277458944e-02
1.593500000000000139e+00 1.417412614660962591e-02
1.594000000000000083e+00 1.415155412492107370e-02
1.594500000000000028e+00 1.412901098423313684e-02
1.594999999999999973e+00 1.410649670106415426e-02
1.595500000000000140e+00 1.408401125192660329e-02
1.596000000000000085e+00 1.406155461332719674e-02
1.596500000000000030e+00 1.403912676176690723e-02
1.596999999999999975e+00 1.401672767374104352e-02
1.597500000000000142e+00 1.399435732573927650e-02
1.598000000000000087e+00 1.397201569424575025e-02
1.598500000000000032e+00 1.394970275573909763e-02
1.598999999999999977e+00 1.392741848669248189e-02
1.599500000000000144e+00 1.390516286357368521e-02
1.600000000000000089e+00 1.388293586284517107e-02
1.600500000000000034e+00 1.386073746096409993e-02
1.600999999999999979e+00 1.383856763438241419e-02
1.601499999999999924e+00 1.381642635954688329e-02
1.602000000000000091e+00 1.379431361289915059e-02
1.602500000000000036e+00 1.377222937087584087e-02
1.602999999999999980e+00 1.375017360990853608e-02
1.603499999999999925e+00 1.372814630642387249e-02
1.604000000000000092e+00 1.370614743684359961e-02
1.604500000000000037e+00 1.368417697758464273e-02
1.604999999999999982e+00 1.366223490505911846e-02
1.605499999999999927e+00 1.364032119567442324e-02
1.606000000000000094e+00 1.361843582583327147e-02
1.606500000000000039e+00 1.359657877193377711e-02
1.606999999999999984e+00 1.357475001036947612e-02
1.607499999999999929e+00 1.355294951752938730e-02
1.608000000000000096e+00 1.353117726979806597e-02
1.608500000000000041e+00 1.350943324355570289e-02
1.608999999999999986e+00 1.348771741517811040e-02
1.609499999999999931e+00 1.346602976103679870e-02
1.610000000000000098e+00 1.344437025749905222e-02
1.610500000000000043e+00 1.342273888092798684e-02
1.610999999999999988e+00 1.340113560768256204e-02
1.611499999999999932e+00 1.337956041411766245e-02
1.612000000000000099e+00 1.335801327658414119e-02
1.612500000000000044e+00 1.333649417142892396e-02
1.612999999999999989e+00 1.331500307499496744e-02
1.613499999999999934e+00 1.329353996362139627e-02
1.614000000000000101e+00 1.327210481364349617e-02
1.614500000000000046e+00 1.325069760139284403e-02
1.614999999999999991e+00 1.322931830319727144e-02
1.615499999999999936e+00 1.320796689538098097e-02
1.616000000000000103e+00 1.318664335426456523e-02
1.616500000000000048e+00 1.316534765616509707e-02
1.616999999999999993e+00 1.314407977739613653e-02
1.617499999999999938e+00 1.312283969426781584e-02
1.618000000000000105e+00 1.310162738308686368e-02
1.618500000000000050e+00 1.308044282015672494e-02
1.618999999999999995e+00 1.305928598177752593e-02
1.619499999999999940e+00 1.303815684424617163e-02
1.620000000000000107e+00 1.301705538385639419e-02
1.620500000000000052e+00 1.299598157689882925e-02
1.620999999999999996e+00 1.297493539966101429e-02
1.621499999999999941e+00 1.295391682842747701e-02
1.622000000000000108e+00 1.293292583947978566e-02
1.622500000000000053e+00 1.291196240909660981e-02
1.622999999999999998e+00 1.289102651355373240e-02
1.623499999999999943e+00 1.287011812912415044e-02
1.624000000000000110e+00 1.284923723207809058e-02
1.624500000000000055e+00 1.282838379868309064e-02
1.625000000000000000e+00 1.280755780520402738e-02
1.625499999999999945e+00 1.278675922790317547e-02
1.626000000000000112e+00 1.276598804304026474e-02
1.626500000000000057e+00 1.274524422687254091e-02
1.627000000000000002e+00 1.272452775565478117e-02
1.627499999999999947e+00 1.270383860563938268e-02
1.628000000000000114e+00 1.268317675307638684e-02
1.628500000000000059e+00 1.266254217421356951e-02
1.629000000000000004e+00 1.264193484529645140e-02
1.629499999999999948e+00 1.262135474256834838e-02
1.630000000000000115e+00 1.260080184227046173e-02
1.630500000000000060e+00 1.258027612064190406e-02
1.631000000000000005e+00 1.255977755391974107e-02
1.631499999999999950e+00 1.253930611833905737e-02
1.632000000000000117e+00 1.251886179013299294e-02
1.632500000000000062e+00 1.249844454553284030e-02
1.633000000000000007e+00 1.247805436076801500e-02
1.633499999999999952e+00 1.245769121206617008e-02
1.634000000000000119e+00 1.243735507565321002e-02
1.634500000000000064e+00 1.241704592775339476e-02
1.635000000000000009e+00 1.239676374458932410e-02
1.635499999999999954e+00 1.237650850238200886e-02
1.636000000000000121e+00 1.235628017735094369e-02
1.636500000000000066e+00 1.233607874571413833e-02
1.637000000000000011e+00 1.231590418368818350e-02
1.637499999999999956e+00 1.229575646748825961e-02
1.638000000000000123e+00 1.227563557332822519e-02
1.638500000000000068e+00 1.225554147742068112e-02
1.639000000000000012e+00 1.223547415597697058e-02
1.639499999999999957e+00 1.221543358520725889e-02
1.640000000000000124e+00 1.219541974132056471e-02
1.640500000000000069e+00 1.217543260052486066e-02
1.641000000000000014e+00 1.215547213902705426e-02
1.641499999999999959e+00 1.213553833303306073e-02
1.642000000000000126e+00 1.211563115874787766e-02
1.642500000000000071e+00 1.209575059237562138e-02
1.643000000000000016e+00 1.207589661011955126e-02
1.643499999999999961e+00 1.205606918818213913e-02
1.644000000000000128e+00 1.203626830276511954e-02
1.644500000000000073e+00 1.201649393006954704e-02
1.645000000000000018e+00 1.199674604629582392e-02
1.645499999999999963e+00 1.197702462764374531e-02
1.646000000000000130e+00 1.195732965031257727e-02
1.646500000000000075e+00 1.193766109050109145e-02
1.647000000000000020e+00 1.191801892440759458e-02
1.647499999999999964e+00 1.189840312823000484e-02
1.648000000000000131e+00 1.187881367816587264e-02
1.648500000000000076e+00 1.185925055041247254e-02
1.649000000000000021e+00 1.183971372116679639e-02
1.649499999999999966e+00 1.182020316662563651e-02
1.650000000000000133e+00 1.180071886298561350e-02
1.650500000000000078e+00 1.178126078644327161e-02
1.651000000000000023e+00 1.176182891319504757e-02
1.651499999999999968e+00 1.174242321943738676e-02
1.652000000000000135e+00 1.172304368136674324e-02
1.652500000000000080e+00 1.170369027517968036e-02
1.653000000000000025e+00 1.168436297707286034e-02
1.653499999999999970e+00 1.166506176324312756e-02
1.654000000000000137e+00 1.164578660988754150e-02
1.654500000000000082e+00 1.162653749320344439e-02
1.655000000000000027e+00 1.160731438938847164e-02
1.655499999999999972e+00 1.158811727464063683e-02
1.656000000000000139e+00 1.156894612515834558e-02
1.656500000000000083e+00 1.154980091714048057e-02
1.657000000000000028e+00 1.153068162678640672e-02
1.657499999999999973e+00 1.151158823029605101e-02
1.658000000000000140e+00 1.149252070386991634e-02
1.658500000000000085e+00 1.147347902370917869e-02
1.659000000000000030e+00 1.145446316601567843e-02
1.659499999999999975e+00 1.143547310699199668e-02
1.660000000000000142e+00 1.141650882284149342e-02
1.660500000000000087e+00 1.139757028976836478e-02
1.661000000000000032e+00 1.137865748397768120e-02
1.661499999999999977e+00 1.135977038167541343e-02
1.662000000000000144e+00 1.134090895906851755e-02
1.662500000000000089e+00 1.132207319236496097e-02
1.663000000000000034e+00 1.130326305777376063e-02
1.663499999999999979e+00 1.128447853150504193e-02
1.664000000000000146e+00 1.126571958977005614e-02
1.664500000000000091e+00 1.124698620878130523e-02
1.665000000000000036e+00 1.122827836475247774e-02
1.665499999999999980e+00 1.120959603389856847e-02
1.665999999999999925e+00 1.119093919243589925e-02
1.666500000000000092e+00 1.117230781658216758e-02
1.667000000000000037e+00 1.115370188255651249e-02
1.667499999999999982e+00 1.113512136657950589e-02
1.667999999999999927e+00 1.111656624487326189e-02
1.668500000000000094e+00 1.109803649366142113e-02
1.669000000000000039e+00 1.107953208916927050e-02
1.669499999999999984e+00 1.106105300762369632e-02
1.669999999999999929e+00 1.104259922525330055e-02
1.670500000000000096e+00 1.102417071828841640e-02
1.671000000000000041e+00 1.100576746296116903e-02
1.671499999999999986e+00 1.098738943550549296e-02
1.671999999999999931e+00 1.096903661215719791e-02
1.672500000000000098e+00 1.095070896915400181e-02
1.673000000000000043e+00 1.093240648273559844e-02
1.673499999999999988e+00 1.091412912914367303e-02
1.673999999999999932e+00 1.089587688462194566e-02
1.674500000000000099e+00 1.087764972541624756e-02
1.675000000000000044e+00 1.085944762777454019e-02
1.675499999999999989e+00 1.084127056794695343e-02
1.675999999999999934e+00 1.082311852218584454e-02
1.676500000000000101e+00 1.080499146674583806e-02
1.677000000000000046e+00 1.078688937788387786e-02
1.677499999999999991e+00 1.076881223185924795e-02
1.677999999999999936e+00 1.075076000493362799e-02
1.678500000000000103e+00 1.073273267337113666e-02
1.679000000000000048e+00 1.071473021343840107e-02
1.679499999999999993e+00 1.069675260140455324e-02
1.679999999999999938e+00 1.067879981354129260e-02
1.680500000000000105e+00 1.066087182612293106e-02
1.681000000000000050e+00 1.064296861542646244e-02
1.681499999999999995e+00 1.062509015773155027e-02
1.681999999999999940e+00 1.060723642932061284e-02
1.682500000000000107e+00 1.058940740647884744e-02
1.683000000000000052e+00 1.057160306549429288e-02
1.683499999999999996e+00 1.055382338265784502e-02
1.683999999999999941e+00 1.053606833426331581e-02
1.684500000000000108e+00 1.051833789660746102e-02
1.685000000000000053e+00 1.050063204599006352e-02
1.685499999999999998e+00 1.048295075871392631e-02
1.685999999999999943e+00 1.046529401108492290e-02
1.686500000000000110e+00 1.044766177941207005e-02
1.687000000000000055e+00 1.043005404000755566e-02
1.687500000000000000e+00 1.041247076918675601e-02
1.687999999999999945e+00 1.039491194326831215e-02
1.688500000000000112e+00 1.037737753857414201e-02
1.689000000000000057e+00 1.035986753142952368e-02
1.689500000000000002e+00 1.034238189816309023e-02
1.689999999999999947e+00 1.032492061510689556e-02
1.690500000000000114e+00 1.030748365859644397e-02
1.691000000000000059e+00 1.029007100497076818e-02
1.691500000000000004e+00 1.027268263057241372e-02
1.691999999999999948e+00 1.025531851174752741e-02
1.692500000000000115e+00 1.023797862484585215e-02
1.693000000000000060e+00 1.022066294622084141e-02
1.693500000000000005e+00 1.020337145222961935e-02
1.693999999999999950e+00 1.018610411923306751e-02
1.694500000000000117e+00 1.016886092359584916e-02
1.695000000000000062e+00 1.015164184168647343e-02
1.695500000000000007e+00 1.013444684987730403e-02
1.695999999999999952e+00 1.011727592454462338e-02
1.696500000000000119e+00 1.010012904206865174e-02
1.697000000000000064e+00 1.008300617883362352e-02
1.697500000000000009e+00 1.006590731122778727e-02
1.697999999999999954e+00 1.004883241564346989e-02
1.698500000000000121e+00 1.003178146847709395e-02
1.699000000000000066e+00 1.001475444612927312e-02
1.699500000000000011e+00 9.997751325004782669e-03
1.699999999999999956e+00 9.980772081512635785e-03
1.700500000000000123e+00 9.963816692066114825e-03
1.701000000000000068e+00 9.946885133082837213e-03
1.701500000000000012e+00 9.929977380984751981e-03
1.701999999999999957e+00 9.913093412198200477e-03
1.702500000000000124e+00 9.896233203153958005e-03
1.703000000000000069e+00 9.879396730287291067e-03
1.703500000000000014e+00 9.862583970037946957e-03
1.703999999999999959e+00 9.845794898850240492e-03
1.704500000000000126e+00 9.829029493173064430e-03
1.705000000000000071e+00 9.812287729459960584e-03
1.705500000000000016e+00 9.795569584169123295e-03
1.705999999999999961e+00 9.778875033763456681e-03
1.706500000000000128e+00 9.762204054710597184e-03
1.707000000000000073e+00 9.745556623483003778e-03
1.707500000000000018e+00 9.728932716557928476e-03
1.707999999999999963e+00 9.712332310417483988e-03
1.708500000000000130e+00 9.695755381548697496e-03
1.709000000000000075e+00 9.679201906443545347e-03
1.709500000000000020e+00 9.662671861598959994e-03
1.709999999999999964e+00 9.646165223516902851e-03
1.710500000000000131e+00 9.629681968704378175e-03
1.711000000000000076e+00 9.613222073673516332e-03
1.711500000000000021e+00 9.596785514941544304e-03
1.711999999999999966e+00 9.580372269030877630e-03
1.712500000000000133e+00 9.563982312469123878e-03
1.713000000000000078e+00 9.547615621789165910e-03
1.713500000000000023e+00 9.531272173529144534e-03
1.713999999999999968e+00 9.514951944232531364e-03
1.714500000000000135e+00 9.498654910448151370e-03
1.715000000000000080e+00 9.482381048730250533e-03
1.715500000000000025e+00 9.466130335638476764e-03
1.715999999999999970e+00 9.449902747737971842e-03
1.716500000000000137e+00 9.433698261599373150e-03
1.717000000000000082e+00 9.417516853798888268e-03
1.717500000000000027e+00 9.401358500918293240e-03
1.717999999999999972e+00 9.385223179544977673e-03
1.718500000000000139e+00 9.369110866272003721e-03
1.719000000000000083e+00 9.353021537698137308e-03
1.719500000000000028e+00 9.336955170427856804e-03
1.719999999999999973e+00 9.320911741071425879e-03
1.720500000000000140e+00 9.304891226244895244e-03
1.721000000000000085e+00 9.288893602570192851e-03
1.721500000000000030e+00 9.272918846675096138e-03
1.721999999999999975e+00 9.256966935193317036e-03
1.722500000000000142e+00 9.241037844764505432e-03
1.723000000000000087e+00 9.225131552034320295e-03
1.723500000000000032e+00 9.209248033654431412e-03
1.723999999999999977e+00 9.193387266282576631e-03
1.724500000000000144e+00 9.177549226582580946e-03
1.725000000000000089e+00 9.161733891224438028e-03
1.725500000000000034e+00 9.145941236884275530e-03
1.725999999999999979e+00 9.130171240244440087e-03
1.726500000000000146e+00 9.114423877993523340e-03
1.727000000000000091e+00 9.098699126826398365e-03
1.727500000000000036e+00 9.082996963444250893e-03
1.727999999999999980e+00 9.067317364554612277e-03
1.728499999999999925e+00 9.051660306871392447e-03
1.729000000000000092e+00 9.036025767114938892e-03
1.729500000000000037e+00 9.020413722012052271e-03
1.729999999999999982e+00 9.004824148296015907e-03
1.730499999999999927e+00 8.989257022706649558e-03
1.731000000000000094e+00 8.973712321990316362e-03
1.731500000000000039e+00 8.958190022900011304e-03
1.731999999999999984e+00 8.942690102195328256e-03
1.732499999999999929e+00 8.927212536642548449e-03
1.733000000000000096e+00 8.911757303014635270e-03
1.733500000000000041e+00 8.896324378091326202e-03
1.733999999999999986e+00 8.880913738659094656e-03
1.734499999999999931e+00 8.865525361511226304e-03
1.735000000000000098e+00 8.850159223447864182e-03
1.735500000000000043e+00 8.834815301276015623e-03
1.735999999999999988e+00 8.819493571809597365e-03
1.736499999999999932e+00 8.804194011869473716e-03
1.737000000000000099e+00 8.788916598283484302e-03
1.737500000000000044e+00 8.773661307886492650e-03
1.737999999999999989e+00 8.758428117520394851e-03
1.738499999999999934e+00 8.743217004034173345e-03
1.739000000000000101e+00 8.728027944283919468e-03
1.739500000000000046e+00 8.712860915132894166e-03
1.739999999999999991e+00 8.697715893451517591e-03
1.740499999999999936e+00 8.682592856117440222e-03
1.741000000000000103e+00 8.667491780015548070e-03
1.741500000000000048e+00 8.652412642038033799e-03
1.741999999999999993e+00 8.637355419084388058e-03
1.742499999999999938e+00 8.622320088061456722e-03
1.743000000000000105e+00 8.607306625883466913e-03
1.743500000000000050e+00 8.592315009472082515e-03
1.743999999999999995e+00 8.577345215756388558e-03
1.744499999999999940e+00 8.562397221672971015e-03
1.745000000000000107e+00 8.547471004165923744e-03
1.745500000000000052e+00 8.532566540186903997e-03
1.745999999999999996e+00 8.517683806695144563e-03
1.746499999999999941e+00 8.502822780657483259e-03
1.747000000000000108e+00 8.487983439048413237e-03
1.747500000000000053e+00 8.473165758850121146e-03
1.747999999999999998e+00 8.458369717052487136e-03
1.748499999999999943e+00 8.443595290653147303e-03
1.749000000000000110e+00 8.428842456657507573e-03
1.749500000000000055e+00 8.414111192078800941e-03
1.750000000000000000e+00 8.399401473938090945e-03
1.750499999999999945e+00 8.384713279264318503e-03
1.751000000000000112e+00 8.370046585094320993e-03
1.751500000000000057e+00 8.355401368472901644e-03
1.752000000000000002e+00 8.340777606452817391e-03
1.752499999999999947e+00 8.326175276094820513e-03
1.753000000000000114e+00 8.311594354467708931e-03
1.753500000000000059e+00 8.297034818648357443e-03
1.754000000000000004e+00 8.282496645721719453e-03
1.754499999999999948e+00 8.267979812780891155e-03
1.755000000000000115e+00 8.253484296927115008e-03
1.755500000000000060e+00 8.239010075269857791e-03
1.756000000000000005e+00 8.224557124926775917e-03
1.756499999999999950e+00 8.210125423023803895e-03
1.757000000000000117e+00 8.195714946695147399e-03
1.757500000000000062e+00 8.181325673083349181e-03
1.758000000000000007e+00 8.166957579339283874e-03
1.758499999999999952e+00 8.152610642622213494e-03
1.759000000000000119e+00 8.138284840099806530e-03
1.759500000000000064e+00 8.123980148948188248e-03
1.760000000000000009e+00 8.109696546351940691e-03
1.760499999999999954e+00 8.095434009504151249e-03
1.761000000000000121e+00 8.081192515606438684e-03
1.761500000000000066e+00 8.066972041869005169e-03
1.762000000000000011e+00 8.052772565510634556e-03
1.762499999999999956e+00 8.038594063758725330e-03
1.763000000000000123e+00 8.024436513849347863e-03
1.763500000000000068e+00 8.010299893027258283e-03
1.764000000000000012e+00 7.996184178545922769e-03
1.764499999999999957e+00 7.982089347667552237e-03
1.765000000000000124e+00 7.968015377663130103e-03
1.765500000000000069e+00 7.953962245812467788e-03
1.766000000000000014e+00 7.939929929404190845e-03
1.766499999999999959e+00 7.925918405735792732e-03
1.767000000000000126e+00 7.911927652113672979e-03
1.767500000000000071e+00 7.897957645853152797e-03
1.768000000000000016e+00 7.884008364278504571e-03
1.768499999999999961e+00 7.870079784722986554e-03
1.769000000000000128e+00 7.856171884528867153e-03
1.769500000000000073e+00 7.842284641047468294e-03
1.770000000000000018e+00 7.828418031639177571e-03
1.770499999999999963e+00 7.814572033673488141e-03
1.771000000000000130e+00 7.800746624529003061e-03
1.771500000000000075e+00 7.786941781593522023e-03
1.772000000000000020e+00 7.773157482264010133e-03
1.772499999999999964e+00 7.759393703946651684e-03
1.773000000000000131e+00 7.745650424056871840e-03
1.773500000000000076e+00 7.731927620019393883e-03
1.774000000000000021e+00 7.718225269268222735e-03
1.774499999999999966e+00 7.704543349246707404e-03
1.775000000000000133e+00 7.690881837407541853e-03
1.775500000000000078e+00 7.677240711212839595e-03
1.776000000000000023e+00 7.663619948134106803e-03
1.776499999999999968e+00 7.650019525652301290e-03
1.777000000000000135e+00 7.636439421257852460e-03
1.777500000000000080e+00 7.622879612450714215e-03
1.778000000000000025e+00 7.609340076740340672e-03
1.778499999999999970e+00 7.595820791645766824e-03
1.779000000000000137e+00 7.582321734695593798e-03
1.779500000000000082e+00 7.568842883428064314e-03
1.780000000000000027e+00 7.555384215391041866e-03
1.780499999999999972e+00 7.541945708142067974e-03
1.781000000000000139e+00 7.528527339248377789e-03
1.781500000000000083e+00 7.515129086286943469e-03
1.782000000000000028e+00 7.501750926844473304e-03
1.782499999999999973e+00 7.488392838517469834e-03
1.783000000000000140e+00 7.475054798912227245e-03
1.783500000000000085e+00 7.461736785644902496e-03
1.784000000000000030e+00 7.448438776341483221e-03
1.784499999999999975e+00 7.435160748637865795e-03
1.785000000000000142e+00 7.421902680179850130e-03
1.785500000000000087e+00 7.408664548623195185e-03
1.786000000000000032e+00 7.395446331633621570e-03
1.786499999999999977e+00 7.382248006886847104e-03
1.787000000000000144e+00 7.369069552068599829e-03
1.787500000000000089e+00 7.355910944874692603e-03
1.788000000000000034e+00 7.342772163010981464e-03
1.788499999999999979e+00 7.329653184193444561e-03
1.789000000000000146e+00 7.316553986148176952e-03
1.789500000000000091e+00 7.303474546611451318e-03
1.790000000000000036e+00 7.290414843329707552e-03
1.790499999999999980e+00 7.277374854059590059e-03
1.791000000000000147e+00 7.264354556567987654e-03
1.791500000000000092e+00 7.251353928632056980e-03
1.792000000000000037e+00 7.238372948039227713e-03
1.792499999999999982e+00 7.225411592587259804e-03
1.792999999999999927e+00 7.212469840084231344e-03
1.793500000000000094e+00 7.199547668348594068e-03
1.794000000000000039e+00 7.186645055209210653e-03
1.794499999999999984e+00 7.173761978505334772e-03
1.794999999999999929e+00 7.160898416086668335e-03
1.795500000000000096e+00 7.148054345813385779e-03
1.796000000000000041e+00 7.135229745556157487e-03
1.796499999999999986e+00 7.122424593196166262e-03
1.796999999999999931e+00 7.109638866625142897e-03
1.797500000000000098e+00 7.096872543745375711e-03
1.798000000000000043e+00 7.084125602469773866e-03
1.798499999999999988e+00 7.071398020721841350e-03
1.798999999999999932e+00 7.058689776435735086e-03
1.799500000000000099e+00 7.046000847556280547e-03
1.800000000000000044e+00 7.033331212039002980e-03
1.800499999999999989e+00 7.020680847850144755e-03
1.800999999999999934e+00 7.008049732966684445e-03
1.801500000000000101e+00 6.995437845376378458e-03
1.802000000000000046e+00 6.982845163077777521e-03
1.802499999999999991e+00 6.970271664080243158e-03
1.802999999999999936e+00 6.957717326403981516e-03
1.803500000000000103e+00 6.945182128080064181e-03
1.804000000000000048e+00 6.932666047150468080e-03
1.804499999999999993e+00 6.920169061668062470e-03
1.804999999999999938e+00 6.907691149696673985e-03
1.805500000000000105e+00 6.895232289311080572e-03
1.806000000000000050e+00 6.882792458597060924e-03
1.806499999999999995e+00 6.870371635651396219e-03
1.806999999999999940e+00 6.857969798581902213e-03
1.807500000000000107e+00 6.845586925507456122e-03
1.808000000000000052e+00 6.833222994558027855e-03
1.808499999999999996e+00 6.820877983874680008e-03
1.808999999999999941e+00 6.808551871609611235e-03
1.809500000000000108e+00 6.796244635926171861e-03
1.810000000000000053e+00 6.783956254998902910e-03
1.810499999999999998e+00 6.771686707013523966e-03
1.810999999999999943e+00 6.759435970166999090e-03
1.811500000000000110e+00 6.747204022667521207e-03
1.812000000000000055e+00 6.734990842734578896e-03
1.812500000000000000e+00 6.722796408598929498e-03
1.812999999999999945e+00 6.710620698502660700e-03
1.813500000000000112e+00 6.698463690699188802e-03
1.814000000000000057e+00 6.686325363453315962e-03
1.814500000000000002e+00 6.674205695041207642e-03
1.814999999999999947e+00 6.662104663750443787e-03
1.815500000000000114e+00 6.650022247880037034e-03
1.816000000000000059e+00 6.637958425740456136e-03
1.816500000000000004e+00 6.625913175653645043e-03
1.816999999999999948e+00 6.613886475953042847e-03
1.817500000000000115e+00 6.601878304983606338e-03
1.818000000000000060e+00 6.589888641101852504e-03
1.818500000000000005e+00 6.577917462675848988e-03
1.818999999999999950e+00 6.565964748085258325e-03
1.819500000000000117e+00 6.554030475721339677e-03
1.820000000000000062e+00 6.542114623987013017e-03
1.820500000000000007e+00 6.530217171296827036e-03
1.820999999999999952e+00 6.518338096077016391e-03
1.821500000000000119e+00 6.506477376765506908e-03
1.822000000000000064e+00 6.494634991811965019e-03
1.822500000000000009e+00 6.482810919677770879e-03
1.822999999999999954e+00 6.471005138836089486e-03
1.823500000000000121e+00 6.459217627771853334e-03
1.824000000000000066e+00 6.447448364981822264e-03
1.824500000000000011e+00 6.435697328974566978e-03
1.824999999999999956e+00 6.423964498270514148e-03
1.825500000000000123e+00 6.412249851401957690e-03
1.826000000000000068e+00 6.400553366913089119e-03
1.826500000000000012e+00 6.388875023360013165e-03
1.826999999999999957e+00 6.377214799310762516e-03
1.827500000000000124e+00 6.365572673345320370e-03
1.828000000000000069e+00 6.353948624055670742e-03
1.828500000000000014e+00 6.342342630045765504e-03
1.828999999999999959e+00 6.330754669931594643e-03
1.829500000000000126e+00 6.319184722341170644e-03
1.830000000000000071e+00 6.307632765914583141e-03
1.830500000000000016e+00 6.296098779303993705e-03
1.830999999999999961e+00 6.284582741173661870e-03
1.831500000000000128e+00 6.273084630199963346e-03
1.832000000000000073e+00 6.261604425071437725e-03
1.832500000000000018e+00 6.250142104488762458e-03
1.832999999999999963e+00 6.238697647164810102e-03
1.833500000000000130e+00 6.227271031824645718e-03
1.834000000000000075e+00 6.215862237205576311e-03
1.834500000000000020e+00 6.204471242057136085e-03
1.834999999999999964e+00 6.193098025141118533e-03
1.835500000000000131e+00 6.181742565231608533e-03
1.836000000000000076e+00 6.170404841114999692e-03
1.836500000000000021e+00 6.159084831589995215e-03
1.836999999999999966e+00 6.147782515467647806e-03
1.837500000000000133e+00 6.136497871571363130e-03
1.838000000000000078e+00 6.125230878736949262e-03
1.838500000000000023e+00 6.113981515812596731e-03
1.838999999999999968e+00 6.102749761658921024e-03
1.839500000000000135e+00 6.091535595148974726e-03
1.840000000000000080e+00 6.080338995168283085e-03
1.840500000000000025e+00 6.069159940614837941e-03
1.840999999999999970e+00 6.057998410399129813e-03
1.841500000000000137e+00 6.046854383444170457e-03
1.842000000000000082e+00 6.035727838685511944e-03
1.842500000000000027e+00 6.024618755071248395e-03
1.842999999999999972e+00 6.013527111562064556e-03
1.843500000000000139e+00 6.002452887131221916e-03
1.844000000000000083e+00 5.991396060764608150e-03
1.844500000000000028e+00 5.980356611460733648e-03
1.844999999999999973e+00 5.969334518230762741e-03
1.845500000000000140e+00 5.958329760098517169e-03
1.846000000000000085e+00 5.947342316100525522e-03
1.846500000000000030e+00 5.936372165286003290e-03
1.846999999999999975e+00 5.925419286716897098e-03
1.847500000000000142e+00 5.914483659467890779e-03
1.848000000000000087e+00 5.903565262626438333e-03
1.848500000000000032e+00 5.892664075292765660e-03
1.848999999999999977e+00 5.881780076579893116e-03
1.849500000000000144e+00 5.870913245613653721e-03
1.850000000000000089e+00 5.860063561532728726e-03
1.850500000000000034e+00 5.849231003488634603e-03
1.850999999999999979e+00 5.838415550645764673e-03
1.851500000000000146e+00 5.827617182181385642e-03
1.852000000000000091e+00 5.816835877285687906e-03
1.852500000000000036e+00 5.806071615161776875e-03
1.852999999999999980e+00 5.795324375025689458e-03
1.853500000000000147e+00 5.784594136106424415e-03
1.854000000000000092e+00 5.773880877645963181e-03
1.854500000000000037e+00 5.763184578899272457e-03
1.854999999999999982e+00 5.752505219134325908e-03
1.855500000000000149e+00 5.741842777632123231e-03
1.856000000000000094e+00 5.731197233686722257e-03
1.856500000000000039e+00 5.720568566605228542e-03
1.856999999999999984e+00 5.709956755707828319e-03
1.857499999999999929e+00 5.699361780327810191e-03
1.858000000000000096e+00 5.688783619811562525e-03
1.858500000000000041e+00 5.678222253518621157e-03
1.858999999999999986e+00 5.667677660821653779e-03
1.859499999999999931e+00 5.657149821106495502e-03
1.860000000000000098e+00 5.646638713772157529e-03
1.860500000000000043e+00 5.636144318230866188e-03
1.860999999999999988e+00 5.625666613908036039e-03
1.861499999999999932e+00 5.615205580242327126e-03
1.862000000000000099e+00 5.604761196685634564e-03
1.862500000000000044e+00 5.594333442703133645e-03
1.862999999999999989e+00 5.583922297773265091e-03
1.863499999999999934e+00 5.573527741387763676e-03
1.864000000000000101e+00 5.563149753051680781e-03
1.864500000000000046e+00 5.552788312283400002e-03
1.864999999999999991e+00 5.542443398614644093e-03
1.865499999999999936e+00 5.532114991590492310e-03
1.866000000000000103e+00 5.521803070769402966e-03
1.866500000000000048e+00 5.511507615723229905e-03
1.866999999999999993e+00 5.501228606037232051e-03
1.867499999999999938e+00 5.490966021310088145e-03
1.868000000000000105e+00 5.480719841153917568e-03
1.868500000000000050e+00 5.470490045194303756e-03
1.868999999999999995e+00 5.460276613070289865e-03
1.869499999999999940e+00 5.450079524434410863e-03
1.870000000000000107e+00 5.439898758952690927e-03
1.870500000000000052e+00 5.429734296304696353e-03
1.870999999999999996e+00 5.419586116183503464e-03
1.871499999999999941e+00 5.409454198295743713e-03
1.872000000000000108e+00 5.399338522361607148e-03
1.872500000000000053e+00 5.389239068114874513e-03
1.872999999999999998e+00 5.379155815302908566e-03
1.873499999999999943e+00 5.369088743686679238e-03
1.874000000000000110e+00 5.359037833040781844e-03
1.874500000000000055e+00 5.349003063153459636e-03
1.875000000000000000e+00 5.338984413826595131e-03
1.875499999999999945e+00 5.328981864875743067e-03
1.876000000000000112e+00 5.318995396130139081e-03
1.876500000000000057e+00 5.309024987432723122e-03
1.877000000000000002e+00 5.299070618640141193e-03
1.877499999999999947e+00 5.289132269622765295e-03
1.878000000000000114e+00 5.279209920264702101e-03
1.878500000000000059e+00 5.269303550463831122e-03
1.879000000000000004e+00 5.259413140131786492e-03
1.879499999999999948e+00 5.249538669193991661e-03
1.880000000000000115e+00 5.239680117589657661e-03
1.880500000000000060e+00 5.229837465271831680e-03
1.881000000000000005e+00 5.220010692207365834e-03
1.881499999999999950e+00 5.210199778376957934e-03
1.882000000000000117e+00 5.200404703775160162e-03
1.882500000000000062e+00 5.190625448410399884e-03
1.883000000000000007e+00 5.180861992304981387e-03
1.883499999999999952e+00 5.171114315495098021e-03
1.884000000000000119e+00 5.161382398030863426e-03
1.884500000000000064e+00 5.151666219976314999e-03
1.885000000000000009e+00 5.141965761409424303e-03
1.885499999999999954e+00 5.132281002422105741e-03
1.886000000000000121e+00 5.122611923120245180e-03
1.886500000000000066e+00 5.112958503623711223e-03
1.887000000000000011e+00 5.103320724066358685e-03
1.887499999999999956e+00 5.093698564596043331e-03
1.888000000000000123e+00 5.084092005374635757e-03
1.888500000000000068e+00 5.074501026578056087e-03
1.889000000000000012e+00 5.064925608396245345e-03
1.889499999999999957e+00 5.055365731033216632e-03
1.890000000000000124e+00 5.045821374707042117e-03
1.890500000000000069e+00 5.036292519649889464e-03
1.891000000000000014e+00 5.026779146108018362e-03
1.891499999999999959e+00 5.017281234341787466e-03
1.892000000000000126e+00 5.007798764625683019e-03
1.892500000000000071e+00 4.998331717248338801e-03
1.893000000000000016e+00 4.988880072512517048e-03
1.893499999999999961e+00 4.979443810735144881e-03
1.894000000000000128e+00 4.970022912247325578e-03
1.894500000000000073e+00 4.960617357394345520e-03
1.895000000000000018e+00 4.951227126535687195e-03
1.895499999999999963e+00 4.941852200045044816e-03
1.896000000000000130e+00 4.932492558310323447e-03
1.896500000000000075e+00 4.923148181733684979e-03
1.897000000000000020e+00 4.913819050731516903e-03
1.897499999999999964e+00 4.904505145734473943e-03
1.898000000000000131e+00 4.895206447187474587e-03
1.898500000000000076e+00 4.885922935549731443e-03
1.899000000000000021e+00 4.876654591294745170e-03
1.899499999999999966e+00 4.867401394910319222e-03
1.900000000000000133e+00 4.858163326898574594e-03
1.900500000000000078e+00 4.848940367775976708e-03
1.901000000000000023e+00 4.839732498073316333e-03
1.901499999999999968e+00 4.830539698335746014e-03
1.902000000000000135e+00 4.821361949122777470e-03
1.902500000000000080e+00 4.812199231008310214e-03
1.903000000000000025e+00 4.803051524580620284e-03
1.903499999999999970e+00 4.793918810442386255e-03
1.904000000000000137e+00 4.784801069210696187e-03
1.904500000000000082e+00 4.775698281517071035e-03
1.905000000000000027e+00 4.766610428007455984e-03
1.905499999999999972e+00 4.757537489342236921e-03
1.906000000000000139e+00 4.748479446196262124e-03
1.906500000000000083e+00 4.739436279258851803e-03
1.907000000000000028e+00 4.730407969233794627e-03
1.907499999999999973e+00 4.721394496839373747e-03
1.908000000000000140e+00 4.712395842808362462e-03
1.908500000000000085e+00 4.703411987888065846e-03
1.909000000000000030e+00 4.694442912840287793e-03
1.909499999999999975e+00 4.685488598441380458e-03
1.910000000000000142e+00 4.676549025482227770e-03
1.910500000000000087e+00 4.667624174768278400e-03
1.911000000000000032e+00 4.658714027119536215e-03
1.911499999999999977e+00 4.649818563370587167e-03
1.912000000000000144e+00 4.640937764370589753e-03
1.912500000000000089e+00 4.632071610983318384e-03
1.913000000000000034e+00 4.623220084087138228e-03
1.913499999999999979e+00 4.614383164575037305e-03
1.914000000000000146e+00 4.605560833354618681e-03
1.914500000000000091e+00 4.596753071348142101e-03
1.915000000000000036e+00 4.587959859492502304e-03
1.915499999999999980e+00 4.579181178739250707e-03
1.916000000000000147e+00 4.570417010054603213e-03
1.916500000000000092e+00 4.561667334419465362e-03
1.917000000000000037e+00 4.552932132829417590e-03
1.917499999999999982e+00 4.544211386294743846e-03
1.918000000000000149e+00 4.535505075840423790e-03
1.918500000000000094e+00 4.526813182506172692e-03
1.919000000000000039e+00 4.518135687346415408e-03
1.919499999999999984e+00 4.509472571430318474e-03
1.919999999999999929e+00 4.500823815841790976e-03
1.920500000000000096e+00 4.492189401679499289e-03
1.921000000000000041e+00 4.483569310056876624e-03
1.921499999999999986e+00 4.474963522102127361e-03
1.921999999999999931e+00 4.466372018958234859e-03
1.922500000000000098e+00 4.457794781782975328e-03
1.923000000000000043e+00 4.449231791748937785e-03
1.923499999999999988e+00 4.440683030043511906e-03
1.923999999999999932e+00 4.432148477868904507e-03
1.924500000000000099e+00 4.423628116442156026e-03
1.925000000000000044e+00 4.415121926995149194e-03
1.925499999999999989e+00 4.406629890774609037e-03
1.925999999999999934e+00 4.398151989042116752e-03
1.926500000000000101e+00 4.389688203074111443e-03
1.927000000000000046e+00 4.381238514161922212e-03
1.927499999999999991e+00 4.372802903611749080e-03
1.927999999999999936e+00 4.364381352744682065e-03
1.928500000000000103e+00 4.355973842896712460e-03
1.929000000000000048e+00 4.347580355418747579e-03
1.929499999999999993e+00 4.339200871676601214e-03
1.929999999999999938e+00 4.330835373051017921e-03
1.930500000000000105e+00 4.322483840937671289e-03
1.931000000000000050e+00 4.314146256747187352e-03
1.931499999999999995e+00 4.305822601905130720e-03
1.931999999999999940e+00 4.297512857852031458e-03
1.932500000000000107e+00 4.289217006043383358e-03
1.933000000000000052e+00 4.280935027949660417e-03
1.933499999999999996e+00 4.272666905056313365e-03
1.933999999999999941e+00 4.264412618863789618e-03
1.934500000000000108e+00 4.256172150887528940e-03
1.935000000000000053e+00 4.247945482657990331e-03
1.935499999999999998e+00 4.239732595720636411e-03
1.935999999999999943e+00 4.231533471635958582e-03
1.936500000000000110e+00 4.223348091979473549e-03
1.937000000000000055e+00 4.215176438341746747e-03
1.937500000000000000e+00 4.207018492328382792e-03
1.937999999999999945e+00 4.198874235560040233e-03
1.938500000000000112e+00 4.190743649672435019e-03
1.939000000000000057e+00 4.182626716316366518e-03
1.939500000000000002e+00 4.174523417157698438e-03
1.939999999999999947e+00 4.166433733877378774e-03
1.940500000000000114e+00 4.158357648171448484e-03
1.941000000000000059e+00 4.150295141751055364e-03
1.941500000000000004e+00 4.142246196342440172e-03
1.941999999999999948e+00 4.134210793686965250e-03
1.942500000000000115e+00 4.126188915541104986e-03
1.943000000000000060e+00 4.118180543676477033e-03
1.943500000000000005e+00 4.110185659879817162e-03
1.943999999999999950e+00 4.102204245953011350e-03
1.944500000000000117e+00 4.094236283713086240e-03
1.945000000000000062e+00 4.086281754992238634e-03
1.945500000000000007e+00 4.078340641637812070e-03
1.945999999999999952e+00 4.070412925512329784e-03
1.946500000000000119e+00 4.062498588493478231e-03
1.947000000000000064e+00 4.054597612474145248e-03
1.947500000000000009e+00 4.046709979362394030e-03
1.947999999999999954e+00 4.038835671081485688e-03
1.948500000000000121e+00 4.030974669569880979e-03
1.949000000000000066e+00 4.023126956781263724e-03
1.949500000000000011e+00 4.015292514684515660e-03
1.949999999999999956e+00 4.007471325263751993e-03
1.950500000000000123e+00 3.999663370518304929e-03
1.951000000000000068e+00 3.991868632462755757e-03
1.951500000000000012e+00 3.984087093126914905e-03
1.951999999999999957e+00 3.976318734555844489e-03
1.952500000000000124e+00 3.968563538809854845e-03
1.953000000000000069e+00 3.960821487964524476e-03
1.953500000000000014e+00 3.953092564110691383e-03
1.953999999999999959e+00 3.945376749354461733e-03
1.954500000000000126e+00 3.937674025817221139e-03
1.955000000000000071e+00 3.929984375635644199e-03
1.955500000000000016e+00 3.922307780961690159e-03
1.955999999999999961e+00 3.914644223962605515e-03
1.956500000000000128e+00 3.906993686820947435e-03
1.957000000000000073e+00 3.899356151734579418e-03
1.957500000000000018e+00 3.891731600916669559e-03
1.957999999999999963e+00 3.884120016595708335e-03
1.958500000000000130e+00 3.876521381015505131e-03
1.959000000000000075e+00 3.868935676435204720e-03
1.959500000000000020e+00 3.861362885129281195e-03
1.959999999999999964e+00 3.853802989387547073e-03
1.960500000000000131e+00 3.846255971515158498e-03
1.961000000000000076e+00 3.838721813832629559e-03
1.961500000000000021e+00 3.831200498675822307e-03
1.961999999999999966e+00 3.823692008395960205e-03
1.962500000000000133e+00 3.816196325359632463e-03
1.963000000000000078e+00 3.808713431948805746e-03
1.963500000000000023e+00 3.801243310560812466e-03
1.963999999999999968e+00 3.793785943608371600e-03
1.964500000000000135e+00 3.786341313519582617e-03
1.965000000000000080e+00 3.778909402737949327e-03
1.965500000000000025e+00 3.771490193722353869e-03
1.965999999999999970e+00 3.764083668947091395e-03
1.966500000000000137e+00 3.756689810901853166e-03
1.967000000000000082e+00 3.749308602091750830e-03
1.967500000000000027e+00 3.741940025037301682e-03
1.967999999999999972e+00 3.734584062274446878e-03
1.968500000000000139e+00 3.727240696354547096e-03
1.969000000000000083e+00 3.719909909844399450e-03
1.969500000000000028e+00 3.712591685326228387e-03
1.969999999999999973e+00 3.705286005397695655e-03
1.970500000000000140e+00 3.697992852671902041e-03
1.971000000000000085e+00 3.690712209777406456e-03
1.971500000000000030e+00 3.683444059358204244e-03
1.971999999999999975e+00 3.676188384073754076e-03
1.972500000000000142e+00 3.668945166598965371e-03
1.973000000000000087e+00 3.661714389624221716e-03
1.973500000000000032e+00 3.654496035855369588e-03
1.973999999999999977e+00 3.647290088013721392e-03
1.974500000000000144e+00 3.640096528836065867e-03
1.975000000000000089e+00 3.632915341074683269e-03
1.975500000000000034e+00 3.625746507497321081e-03
1.975999999999999979e+00 3.618590010887223936e-03
1.976500000000000146e+00 3.611445834043119744e-03
1.977000000000000091e+00 3.604313959779243109e-03
1.977500000000000036e+00 3.597194370925313640e-03
1.977999999999999980e+00 3.590087050326560246e-03
1.978500000000000147e+00 3.582991980843715490e-03
1.979000000000000092e+00 3.575909145353027303e-03
1.979500000000000037e+00 3.568838526746248140e-03
1.979999999999999982e+00 3.561780107930650596e-03
1.980500000000000149e+00 3.554733871829025230e-03
1.981000000000000094e+00 3.547699801379694453e-03
1.981500000000000039e+00 3.540677879536496039e-03
1.981999999999999984e+00 3.533668089268805681e-03
1.982500000000000151e+00 3.526670413561524848e-03
1.983000000000000096e+00 3.519684835415103335e-03
1.983500000000000041e+00 3.512711337845521049e-03
1.983999999999999986e+00 3.505749903884304922e-03
1.984499999999999931e+00 3.498800516578525008e-03
1.985000000000000098e+00 3.491863158990802293e-03
1.985500000000000043e+00 3.484937814199314324e-03
1.985999999999999988e+00 3.478024465297786978e-03
1.986499999999999932e+00 3.471123095395507903e-03
1.987000000000000099e+00 3.464233687617321745e-03
1.987500000000000044e+00 3.457356225103647065e-03
1.987999999999999989e+00 3.450490691010457255e-03
1.988499999999999934e+00 3.443637068509301791e-03
1.989000000000000101e+00 3.436795340787296687e-03
1.989500000000000046e+00 3.429965491047141848e-03
1.989999999999999991e+00 3.423147502507107622e-03
1.990499999999999936e+00 3.416341358401046944e-03
1.991000000000000103e+00 3.409547041978387098e-03
1.991500000000000048e+00 3.402764536504157469e-03
1.991999999999999993e+00 3.395993825258960055e-03
1.992499999999999938e+00 3.389234891538991587e-03
1.993000000000000105e+00 3.382487718656037017e-03
1.993500000000000050e+00 3.375752289937488174e-03
1.993999999999999995e+00 3.369028588726318170e-03
1.994499999999999940e+00 3.362316598381108294e-03
1.995000000000000107e+00 3.355616302276035433e-03
1.995500000000000052e+00 3.348927683800887248e-03
1.995999999999999996e+00 3.342250726361051336e-03
1.996499999999999941e+00 3.335585413377521735e-03
1.997000000000000108e+00 3.328931728286903691e-03
1.997500000000000053e+00 3.322289654541416698e-03
1.997999999999999998e+00 3.315659175608890591e-03
1.998499999999999943e+00 3.309040274972769886e-03
1.999000000000000110e+00 3.302432936132113344e-03
1.999500000000000055e+00 3.295837142601610020e-03
2.000000000000000000e+00 3.289252877911555406e-03
2.000500000000000167e+00 3.282680125607872687e-03
2.000999999999999890e+00 3.276118869252119675e-03
2.001500000000000057e+00 3.269569092421458021e-03
2.002000000000000224e+00 3.263030778708691810e-03
2.002499999999999947e+00 3.256503911722256287e-03
2.003000000000000114e+00 3.249988475086202245e-03
2.003499999999999837e+00 3.243484452440231584e-03
2.004000000000000004e+00 3.236991827439658284e-03
2.004500000000000171e+00 3.230510583755440493e-03
2.004999999999999893e+00 3.224040705074187035e-03
2.005500000000000060e+00 3.217582175098112306e-03
2.006000000000000227e+00 3.211134977545094821e-03
2.006499999999999950e+00 3.204699096148646426e-03
2.007000000000000117e+00 3.198274514657908386e-03
2.007499999999999840e+00 3.191861216837681755e-03
2.008000000000000007e+00 3.185459186468390935e-03
2.008500000000000174e+00 3.179068407346121849e-03
2.008999999999999897e+00 3.172688863282599383e-03
2.009500000000000064e+00 3.166320538105182186e-03
2.010000000000000231e+00 3.159963415656896930e-03
2.010499999999999954e+00 3.153617479796407951e-03
2.011000000000000121e+00 3.147282714398015081e-03
2.011499999999999844e+00 3.140959103351694415e-03
2.012000000000000011e+00 3.134646630563045835e-03
2.012500000000000178e+00 3.128345279953334643e-03
2.012999999999999901e+00 3.122055035459481587e-03
2.013500000000000068e+00 3.115775881034039008e-03
2.014000000000000234e+00 3.109507800645234209e-03
2.014499999999999957e+00 3.103250778276939962e-03
2.015000000000000124e+00 3.097004797928673645e-03
2.015499999999999847e+00 3.090769843615624995e-03
2.016000000000000014e+00 3.084545899368614473e-03
2.016500000000000181e+00 3.078332949234138805e-03
2.016999999999999904e+00 3.072130977274344522e-03
2.017500000000000071e+00 3.065939967567023628e-03
2.018000000000000238e+00 3.059759904205637017e-03
2.018499999999999961e+00 3.053590771299298425e-03
2.019000000000000128e+00 3.047432552972768362e-03
2.019499999999999851e+00 3.041285233366480129e-03
2.020000000000000018e+00 3.035148796636505560e-03
2.020500000000000185e+00 3.029023226954585812e-03
2.020999999999999908e+00 3.022908508508123128e-03
2.021500000000000075e+00 3.016804625500158279e-03
2.022000000000000242e+00 3.010711562149401364e-03
2.022499999999999964e+00 3.004629302690225295e-03
2.023000000000000131e+00 2.998557831372636751e-03
2.023499999999999854e+00 2.992497132462327344e-03
2.024000000000000021e+00 2.986447190240618544e-03
2.024500000000000188e+00 2.980407989004502448e-03
2.024999999999999911e+00 2.974379513066629198e-03
2.025500000000000078e+00 2.968361746755293976e-03
2.026000000000000245e+00 2.962354674414447407e-03
2.026499999999999968e+00 2.956358280403712478e-03
2.027000000000000135e+00 2.950372549098337262e-03
2.027499999999999858e+00 2.944397464889248698e-03
2.028000000000000025e+00 2.938433012183009653e-03
2.028500000000000192e+00 2.932479175401847549e-03
2.028999999999999915e+00 2.926535938983639180e-03
2.029500000000000082e+00 2.920603287381903345e-03
2.030000000000000249e+00 2.914681205065821658e-03
2.030499999999999972e+00 2.908769676520222940e-03
2.031000000000000139e+00 2.902868686245572809e-03
2.031499999999999861e+00 2.896978218758008376e-03
2.032000000000000028e+00 2.891098258589292272e-03
2.032500000000000195e+00 2.885228790286845178e-03
2.032999999999999918e+00 2.879369798413739315e-03
2.033500000000000085e+00 2.873521267548675030e-03
2.034000000000000252e+00 2.867683182286008114e-03
2.034499999999999975e+00 2.861855527235743733e-03
2.035000000000000142e+00 2.856038287023506938e-03
2.035499999999999865e+00 2.850231446290592534e-03
2.036000000000000032e+00 2.844434989693906107e-03
2.036500000000000199e+00 2.838648901906013454e-03
2.036999999999999922e+00 2.832873167615113704e-03
2.037500000000000089e+00 2.827107771525034976e-03
2.038000000000000256e+00 2.821352698355240884e-03
2.038499999999999979e+00 2.815607932840846154e-03
2.039000000000000146e+00 2.809873459732565876e-03
2.039499999999999869e+00 2.804149263796784034e-03
2.040000000000000036e+00 2.798435329815478472e-03
2.040500000000000203e+00 2.792731642586277277e-03
2.040999999999999925e+00 2.787038186922439695e-03
2.041500000000000092e+00 2.781354947652823172e-03
2.042000000000000259e+00 2.775681909621939298e-03
2.042499999999999982e+00 2.770019057689907839e-03
2.043000000000000149e+00 2.764366376732459770e-03
2.043499999999999872e+00 2.758723851640968502e-03
2.044000000000000039e+00 2.753091467322400440e-03
2.044500000000000206e+00 2.747469208699350983e-03
2.044999999999999929e+00 2.741857060710034110e-03
2.045500000000000096e+00 2.736255008308255497e-03
2.046000000000000263e+00 2.730663036463451543e-03
2.046499999999999986e+00 2.725081130160662921e-03
2.047000000000000153e+00 2.719509274400521131e-03
2.047499999999999876e+00 2.713947454199282759e-03
2.048000000000000043e+00 2.708395654588793486e-03
2.048500000000000210e+00 2.702853860616500226e-03
2.048999999999999932e+00 2.697322057345463708e-03
2.049500000000000099e+00 2.691800229854315104e-03
2.049999999999999822e+00 2.686288363237302433e-03
2.050499999999999989e+00 2.680786442604252834e-03
2.051000000000000156e+00 2.675294453080584271e-03
2.051499999999999879e+00 2.669812379807317681e-03
2.052000000000000046e+00 2.664340207941033167e-03
2.052500000000000213e+00 2.658877922653912936e-03
2.052999999999999936e+00 2.653425509133721348e-03
2.053500000000000103e+00 2.647982952583786704e-03
2.053999999999999826e+00 2.642550238223028564e-03
2.054499999999999993e+00 2.637127351285925222e-03
2.055000000000000160e+00 2.631714277022537997e-03
2.055499999999999883e+00 2.626311000698499515e-03
2.056000000000000050e+00 2.620917507594993767e-03
2.056500000000000217e+00 2.615533783008778656e-03
2.056999999999999940e+00 2.610159812252176893e-03
2.057500000000000107e+00 2.604795580653059515e-03
2.057999999999999829e+00 2.599441073554860197e-03
2.058499999999999996e+00 2.594096276316561808e-03
2.059000000000000163e+00 2.588761174312699444e-03
2.059499999999999886e+00 2.583435752933360436e-03
2.060000000000000053e+00 2.578119997584168294e-03
2.060500000000000220e+00 2.572813893686290519e-03
2.060999999999999943e+00 2.567517426676447275e-03
2.061500000000000110e+00 2.562230582006868457e-03
2.061999999999999833e+00 2.556953345145348330e-03
2.062500000000000000e+00 2.551685701575182649e-03
2.063000000000000167e+00 2.546427636795214628e-03
2.063499999999999890e+00 2.541179136319807619e-03
2.064000000000000057e+00 2.535940185678838173e-03
2.064500000000000224e+00 2.530710770417708179e-03
2.064999999999999947e+00 2.525490876097341401e-03
2.065500000000000114e+00 2.520280488294153985e-03
2.065999999999999837e+00 2.515079592600096524e-03
2.066500000000000004e+00 2.509888174622596814e-03
2.067000000000000171e+00 2.504706219984607993e-03
2.067499999999999893e+00 2.499533714324579051e-03
2.068000000000000060e+00 2.494370643296440950e-03
2.068500000000000227e+00 2.489216992569628743e-03
2.068999999999999950e+00 2.484072747829068999e-03
2.069500000000000117e+00 2.478937894775161584e-03
2.069999999999999840e+00 2.473812419123805686e-03
2.070500000000000007e+00 2.468696306606359050e-03
2.071000000000000174e+00 2.463589542969671798e-03
2.071499999999999897e+00 2.458492113976064319e-03
2.072000000000000064e+00 2.453404005403310353e-03
2.072500000000000231e+00 2.448325203044662141e-03
2.072999999999999954e+00 2.443255692708838286e-03
2.073500000000000121e+00 2.438195460219990795e-03
2.073999999999999844e+00 2.433144491417755378e-03
2.074500000000000011e+00 2.428102772157190309e-03
2.075000000000000178e+00 2.423070288308817183e-03
2.075499999999999901e+00 2.418047025758601840e-03
2.076000000000000068e+00 2.413032970407933547e-03
2.076500000000000234e+00 2.408028108173648416e-03
2.076999999999999957e+00 2.403032424988015524e-03
2.077500000000000124e+00 2.398045906798716535e-03
2.077999999999999847e+00 2.393068539568877356e-03
2.078500000000000014e+00 2.388100309277017396e-03
2.079000000000000181e+00 2.383141201917093367e-03
2.079499999999999904e+00 2.378191203498468496e-03
2.080000000000000071e+00 2.373250300045900377e-03
2.080500000000000238e+00 2.368318477599563963e-03
2.080999999999999961e+00 2.363395722215033343e-03
2.081500000000000128e+00 2.358482019963260498e-03
2.081999999999999851e+00 2.353577356930608693e-03
2.082500000000000018e+00 2.348681719218811709e-03
2.083000000000000185e+00 2.343795092944996831e-03
2.083499999999999908e+00 2.338917464241668364e-03
2.084000000000000075e+00 2.334048819256688990e-03
2.084500000000000242e+00 2.329189144153311856e-03
2.084999999999999964e+00 2.324338425110145448e-03
2.085500000000000131e+00 2.319496648321153157e-03
2.085999999999999854e+00 2.314663799995666724e-03
2.086500000000000021e+00 2.309839866358355878e-03
2.087000000000000188e+00 2.305024833649248293e-03
2.087499999999999911e+00 2.300218688123716569e-03
2.088000000000000078e+00 2.295421416052458290e-03
2.088500000000000245e+00 2.290633003721513801e-03
2.088999999999999968e+00 2.285853437432258401e-03
2.089500000000000135e+00 2.281082703501374157e-03
2.089999999999999858e+00 2.276320788260884163e-03
2.090500000000000025e+00 2.271567678058105267e-03
2.091000000000000192e+00 2.266823359255683203e-03
2.091499999999999915e+00 2.262087818231565267e-03
2.092000000000000082e+00 2.257361041378986872e-03
2.092500000000000249e+00 2.252643015106494968e-03
2.092999999999999972e+00 2.247933725837925924e-03
2.093500000000000139e+00 2.243233160012391651e-03
2.093999999999999861e+00 2.238541304084303019e-03
2.094500000000000028e+00 2.233858144523326924e-03
2.095000000000000195e+00 2.229183667814418381e-03
2.095499999999999918e+00 2.224517860457802306e-03
2.096000000000000085e+00 2.219860708968943597e-03
2.096500000000000252e+00 2.215212199878588764e-03
2.096999999999999975e+00 2.210572319732725596e-03
2.097500000000000142e+00 2.205941055092582297e-03
2.097999999999999865e+00 2.201318392534643963e-03
2.098500000000000032e+00 2.196704318650618323e-03
2.099000000000000199e+00 2.192098820047450915e-03
2.099499999999999922e+00 2.187501883347320753e-03
2.100000000000000089e+00 2.182913495187611703e-03
2.100500000000000256e+00 2.178333642220935899e-03
2.100999999999999979e+00 2.173762311115115965e-03
2.101500000000000146e+00 2.169199488553173738e-03
2.101999999999999869e+00 2.164645161233335908e-03
2.102500000000000036e+00 2.160099315869021437e-03
2.103000000000000203e+00 2.155561939188839395e-03
2.103499999999999925e+00 2.151033017936588090e-03
2.104000000000000092e+00 2.146512538871233385e-03
2.104500000000000259e+00 2.142000488766925611e-03
2.104999999999999982e+00 2.137496854412980051e-03
2.105500000000000149e+00 2.133001622613866534e-03
2.105999999999999872e+00 2.128514780189223309e-03
2.106500000000000039e+00 2.124036313973828860e-03
2.107000000000000206e+00 2.119566210817616647e-03
2.107499999999999929e+00 2.115104457585657762e-03
2.108000000000000096e+00 2.110651041158150519e-03
2.108500000000000263e+00 2.106205948430430863e-03
2.108999999999999986e+00 2.101769166312958924e-03
2.109500000000000153e+00 2.097340681731299939e-03
2.109999999999999876e+00 2.092920481626147668e-03
2.110500000000000043e+00 2.088508552953286662e-03
2.111000000000000210e+00 2.084104882683609616e-03
2.111499999999999932e+00 2.079709457803107821e-03
2.112000000000000099e+00 2.075322265312846449e-03
2.112499999999999822e+00 2.070943292228992309e-03
2.112999999999999989e+00 2.066572525582771342e-03
2.113500000000000156e+00 2.062209952420490308e-03
2.113999999999999879e+00 2.057855559803522909e-03
2.114500000000000046e+00 2.053509334808292872e-03
2.115000000000000213e+00 2.049171264526285230e-03
2.115499999999999936e+00 2.044841336064032438e-03
2.116000000000000103e+00 2.040519536543096164e-03
2.116499999999999826e+00 2.036205853100088968e-03
2.116999999999999993e+00 2.031900272886638745e-03
2.117500000000000160e+00 2.027602783069406937e-03
2.117999999999999883e+00 2.023313370830067716e-03
2.118500000000000050e+00 2.019032023365300178e-03
2.119000000000000217e+00 2.014758727886797017e-03
2.119499999999999940e+00 2.010493471621245878e-03
2.120000000000000107e+00 2.006236241810318514e-03
2.120499999999999829e+00 2.001987025710688130e-03
2.120999999999999996e+00 1.997745810593991225e-03
2.121500000000000163e+00 1.993512583746846235e-03
2.121999999999999886e+00 1.989287332470841829e-03
2.122500000000000053e+00 1.985070044082515653e-03
2.123000000000000220e+00 1.980860705913367777e-03
2.123499999999999943e+00 1.976659305309848551e-03
2.124000000000000110e+00 1.972465829633336491e-03
2.124499999999999833e+00 1.968280266260162559e-03
2.125000000000000000e+00 1.964102602581568099e-03
2.125500000000000167e+00 1.959932826003731293e-03
2.125999999999999890e+00 1.955770923947742438e-03
2.126500000000000057e+00 1.951616883849590072e-03
2.127000000000000224e+00 1.947470693160175499e-03
2.127499999999999947e+00 1.943332339345300863e-03
2.128000000000000114e+00 1.939201809885637276e-03
2.128499999999999837e+00 1.935079092276763193e-03
2.129000000000000004e+00 1.930964174029109557e-03
2.129500000000000171e+00 1.926857042667991455e-03
2.129999999999999893e+00 1.922757685733588601e-03
2.130500000000000060e+00 1.918666090780918885e-03
2.131000000000000227e+00 1.914582245379868944e-03
2.131499999999999950e+00 1.910506137115158603e-03
2.132000000000000117e+00 1.906437753586337621e-03
2.132499999999999840e+00 1.902377082407798702e-03
2.133000000000000007e+00 1.898324111208741279e-03
2.133500000000000174e+00 1.894278827633188870e-03
2.133999999999999897e+00 1.890241219339975406e-03
2.134500000000000064e+00 1.886211274002722689e-03
2.135000000000000231e+00 1.882188979309860986e-03
2.135499999999999954e+00 1.878174322964605613e-03
2.136000000000000121e+00 1.874167292684940887e-03
2.136499999999999844e+00 1.870167876203640295e-03
2.137000000000000011e+00 1.866176061268227894e-03
2.137500000000000178e+00 1.862191835641000210e-03
2.137999999999999901e+00 1.858215187099002174e-03
2.138500000000000068e+00 1.854246103434018227e-03
2.139000000000000234e+00 1.850284572452577528e-03
2.139499999999999957e+00 1.846330581975940939e-03
2.140000000000000124e+00 1.842384119840084333e-03
2.140499999999999847e+00 1.838445173895710948e-03
2.141000000000000014e+00 1.834513732008223857e-03
2.141500000000000181e+00 1.830589782057734849e-03
2.141999999999999904e+00 1.826673311939054026e-03
2.142500000000000071e+00 1.822764309561667470e-03
2.143000000000000238e+00 1.818862762849750682e-03
2.143499999999999961e+00 1.814968659742154707e-03
2.144000000000000128e+00 1.811081988192384234e-03
2.144499999999999851e+00 1.807202736168618843e-03
2.145000000000000018e+00 1.803330891653673980e-03
2.145500000000000185e+00 1.799466442645018078e-03
2.145999999999999908e+00 1.795609377154758256e-03
2.146500000000000075e+00 1.791759683209618410e-03
2.147000000000000242e+00 1.787917348850957431e-03
2.147499999999999964e+00 1.784082362134743836e-03
2.148000000000000131e+00 1.780254711131547306e-03
2.148499999999999854e+00 1.776434383926547584e-03
2.149000000000000021e+00 1.772621368619502159e-03
2.149500000000000188e+00 1.768815653324765352e-03
2.149999999999999911e+00 1.765017226171263810e-03
2.150500000000000078e+00 1.761226075302488271e-03
2.151000000000000245e+00 1.757442188876496593e-03
2.151499999999999968e+00 1.753665555065903135e-03
2.152000000000000135e+00 1.749896162057858152e-03
2.152499999999999858e+00 1.746133998054061028e-03
2.153000000000000025e+00 1.742379051270732514e-03
2.153500000000000192e+00 1.738631309938622757e-03
2.153999999999999915e+00 1.734890762303000237e-03
2.154500000000000082e+00 1.731157396623630518e-03
2.155000000000000249e+00 1.727431201174786874e-03
2.155499999999999972e+00 1.723712164245237493e-03
2.156000000000000139e+00 1.720000274138222497e-03
2.156499999999999861e+00 1.716295519171474101e-03
2.157000000000000028e+00 1.712597887677178021e-03
2.157500000000000195e+00 1.708907368001992555e-03
2.157999999999999918e+00 1.705223948507027980e-03
2.158500000000000085e+00 1.701547617567827908e-03
2.159000000000000252e+00 1.697878363574387064e-03
2.159499999999999975e+00 1.694216174931124615e-03
2.160000000000000142e+00 1.690561040056875932e-03
2.160499999999999865e+00 1.686912947384898442e-03
2.161000000000000032e+00 1.683271885362845393e-03
2.161500000000000199e+00 1.679637842452775609e-03
2.161999999999999922e+00 1.676010807131135278e-03
2.162500000000000089e+00 1.672390767888745806e-03
2.163000000000000256e+00 1.668777713230808592e-03
2.163499999999999979e+00 1.665171631676891362e-03
2.164000000000000146e+00 1.661572511760909740e-03
2.164499999999999869e+00 1.657980342031138525e-03
2.165000000000000036e+00 1.654395111050184367e-03
2.165500000000000203e+00 1.650816807394991838e-03
2.165999999999999925e+00 1.647245419656833028e-03
2.166500000000000092e+00 1.643680936441285203e-03
2.167000000000000259e+00 1.640123346368244691e-03
2.167499999999999982e+00 1.636572638071906493e-03
2.168000000000000149e+00 1.633028800200746504e-03
2.168499999999999872e+00 1.629491821417538861e-03
2.169000000000000039e+00 1.625961690399317996e-03
2.169500000000000206e+00 1.622438395837397284e-03
2.169999999999999929e+00 1.618921926437344536e-03
2.170500000000000096e+00 1.615412270918972250e-03
2.171000000000000263e+00 1.611909418016342589e-03
2.171499999999999986e+00 1.608413356477748522e-03
2.172000000000000153e+00 1.604924075065702763e-03
2.172499999999999876e+00 1.601441562556943409e-03
2.173000000000000043e+00 1.597965807742407485e-03
2.173500000000000210e+00 1.594496799427239835e-03
2.173999999999999932e+00 1.591034526430773824e-03
2.174500000000000099e+00 1.587578977586519627e-03
2.175000000000000266e+00 1.584130141742172903e-03
2.175499999999999989e+00 1.580688007759587259e-03
2.176000000000000156e+00 1.577252564514774243e-03
2.176499999999999879e+00 1.573823800897898367e-03
2.177000000000000046e+00 1.570401705813255413e-03
2.177500000000000213e+00 1.566986268179283064e-03
2.177999999999999936e+00 1.563577476928540520e-03
2.178500000000000103e+00 1.560175321007692666e-03
2.178999999999999826e+00 1.556779789377520920e-03
2.179499999999999993e+00 1.553390871012892216e-03
2.180000000000000160e+00 1.550008554902774192e-03
2.180499999999999883e+00 1.546632830050210464e-03
2.181000000000000050e+00 1.543263685472308052e-03
2.181500000000000217e+00 1.539901110200244966e-03
2.181999999999999940e+00 1.536545093279256119e-03
2.182500000000000107e+00 1.533195623768607296e-03
2.182999999999999829e+00 1.529852690741614679e-03
2.183499999999999996e+00 1.526516283285612313e-03
2.184000000000000163e+00 1.523186390501959269e-03
2.184499999999999886e+00 1.519863001506023374e-03
2.185000000000000053e+00 1.516546105427168424e-03
2.185500000000000220e+00 1.513235691408756781e-03
2.185999999999999943e+00 1.509931748608133112e-03
2.186500000000000110e+00 1.506634266196609645e-03
2.186999999999999833e+00 1.503343233359476141e-03
2.187500000000000000e+00 1.500058639295968020e-03
2.188000000000000167e+00 1.496780473219273952e-03
2.188499999999999890e+00 1.493508724356525444e-03
2.189000000000000057e+00 1.490243381948773427e-03
2.189500000000000224e+00 1.486984435250997575e-03
2.189999999999999947e+00 1.483731873532090264e-03
2.190500000000000114e+00 1.480485686074840520e-03
2.190999999999999837e+00 1.477245862175940961e-03
2.191500000000000004e+00 1.474012391145958093e-03
2.192000000000000171e+00 1.470785262309340325e-03
2.192499999999999893e+00 1.467564465004409305e-03
2.193000000000000060e+00 1.464349988583330204e-03
2.193500000000000227e+00 1.461141822412129285e-03
2.193999999999999950e+00 1.457939955870668752e-03
2.194500000000000117e+00 1.454744378352637634e-03
2.194999999999999840e+00 1.451555079265553095e-03
2.195500000000000007e+00 1.448372048030738529e-03
2.196000000000000174e+00 1.445195274083324859e-03
2.196499999999999897e+00 1.442024746872238184e-03
2.197000000000000064e+00 1.438860455860182424e-03
2.197500000000000231e+00 1.435702390523643009e-03
2.197999999999999954e+00 1.432550540352874957e-03
2.198500000000000121e+00 1.429404894851879883e-03
2.198999999999999844e+00 1.426265443538420529e-03
2.199500000000000011e+00 1.423132175943986289e-03
2.200000000000000178e+00 1.420005081613803398e-03
2.200499999999999901e+00 1.416884150106820402e-03
2.201000000000000068e+00 1.413769370995686695e-03
2.201500000000000234e+00 1.410660733866763578e-03
2.201999999999999957e+00 1.407558228320103652e-03
2.202500000000000124e+00 1.404461843969433696e-03
2.202999999999999847e+00 1.401371570442165072e-03
2.203500000000000014e+00 1.398287397379366186e-03
2.204000000000000181e+00 1.395209314435762269e-03
2.204499999999999904e+00 1.392137311279730829e-03
2.205000000000000071e+00 1.389071377593272590e-03
2.205500000000000238e+00 1.386011503072023853e-03
2.205999999999999961e+00 1.382957677425240665e-03
2.206500000000000128e+00 1.379909890375778225e-03
2.206999999999999851e+00 1.376868131660098030e-03
2.207500000000000018e+00 1.373832391028243817e-03
2.208000000000000185e+00 1.370802658243845239e-03
2.208499999999999908e+00 1.367778923084099875e-03
2.209000000000000075e+00 1.364761175339760865e-03
2.209500000000000242e+00 1.361749404815139949e-03
2.209999999999999964e+00 1.358743601328089249e-03
2.210500000000000131e+00 1.355743754709986312e-03
2.210999999999999854e+00 1.352749854805738875e-03
2.211500000000000021e+00 1.349761891473759065e-03
2.212000000000000188e+00 1.346779854585970987e-03
2.212499999999999911e+00 1.343803734027790991e-03
2.213000000000000078e+00 1.340833519698111194e-03
2.213500000000000245e+00 1.337869201509307498e-03
2.213999999999999968e+00 1.334910769387218782e-03
2.214500000000000135e+00 1.331958213271133449e-03
2.214999999999999858e+00 1.329011523113794637e-03
2.215500000000000025e+00 1.326070688881370073e-03
2.216000000000000192e+00 1.323135700553462052e-03
2.216499999999999915e+00 1.320206548123091603e-03
2.217000000000000082e+00 1.317283221596675076e-03
2.217500000000000249e+00 1.314365710994034979e-03
2.217999999999999972e+00 1.311454006348382632e-03
2.218500000000000139e+00 1.308548097706298437e-03
2.218999999999999861e+00 1.305647975127738596e-03
2.219500000000000028e+00 1.302753628686011264e-03
2.220000000000000195e+00 1.299865048467776542e-03
2.220499999999999918e+00 1.296982224573036075e-03
2.221000000000000085e+00 1.294105147115110497e-03
2.221500000000000252e+00 1.291233806220648973e-03
2.221999999999999975e+00 1.288368192029608382e-03
2.222500000000000142e+00 1.285508294695236840e-03
2.222999999999999865e+00 1.282654104384083667e-03
2.223500000000000032e+00 1.279805611275966872e-03
2.224000000000000199e+00 1.276962805563978780e-03
2.224499999999999922e+00 1.274125677454477799e-03
2.225000000000000089e+00 1.271294217167059579e-03
2.225500000000000256e+00 1.268468414934569369e-03
2.225999999999999979e+00 1.265648261003081204e-03
2.226500000000000146e+00 1.262833745631884025e-03
2.226999999999999869e+00 1.260024859093484282e-03
2.227500000000000036e+00 1.257221591673581863e-03
2.228000000000000203e+00 1.254423933671072484e-03
2.228499999999999925e+00 1.251631875398031418e-03
2.229000000000000092e+00 1.248845407179699843e-03
2.229500000000000259e+00 1.246064519354483317e-03
2.229999999999999982e+00 1.243289202273940939e-03
2.230500000000000149e+00 1.240519446302763666e-03
2.230999999999999872e+00 1.237755241818781467e-03
2.231500000000000039e+00 1.234996579212936001e-03
2.232000000000000206e+00 1.232243448889287774e-03
2.232499999999999929e+00 1.229495841264996187e-03
2.233000000000000096e+00 1.226753746770304146e-03
2.233500000000000263e+00 1.224017155848540657e-03
2.233999999999999986e+00 1.221286058956105435e-03
2.234500000000000153e+00 1.218560446562452857e-03
2.234999999999999876e+00 1.215840309150094996e-03
2.235500000000000043e+00 1.213125637214573869e-03
2.236000000000000210e+00 1.210416421264469888e-03
2.236499999999999932e+00 1.207712651821381700e-03
2.237000000000000099e+00 1.205014319419909921e-03
2.237500000000000266e+00 1.202321414607661907e-03
2.237999999999999989e+00 1.199633927945235705e-03
2.238500000000000156e+00 1.196951850006199676e-03
2.238999999999999879e+00 1.194275171377100512e-03
2.239500000000000046e+00 1.191603882657432233e-03
2.240000000000000213e+00 1.188937974459649194e-03
2.240499999999999936e+00 1.186277437409138328e-03
2.241000000000000103e+00 1.183622262144210695e-03
2.241499999999999826e+00 1.180972439316104947e-03
2.241999999999999993e+00 1.178327959588955018e-03
2.242500000000000160e+00 1.175688813639800536e-03
2.242999999999999883e+00 1.173054992158568824e-03
2.243500000000000050e+00 1.170426485848056032e-03
2.244000000000000217e+00 1.167803285423932346e-03
2.244499999999999940e+00 1.165185381614723551e-03
2.245000000000000107e+00 1.162572765161794123e-03
2.245499999999999829e+00 1.159965426819354163e-03
2.245999999999999996e+00 1.157363357354429479e-03
2.246500000000000163e+00 1.154766547546867000e-03
2.246999999999999886e+00 1.152174988189317651e-03
2.247500000000000053e+00 1.149588670087223338e-03
2.248000000000000220e+00 1.147007584058813267e-03
2.248499999999999943e+00 1.144431720935091363e-03
2.249000000000000110e+00 1.141861071559816107e-03
2.249499999999999833e+00 1.139295626789512241e-03
2.250000000000000000e+00 1.136735377493433910e-03
2.250500000000000167e+00 1.134180314553575718e-03
2.250999999999999890e+00 1.131630428864652564e-03
2.251500000000000057e+00 1.129085711334086627e-03
2.252000000000000224e+00 1.126546152882004553e-03
2.252499999999999947e+00 1.124011744441225742e-03
2.253000000000000114e+00 1.121482476957241098e-03
2.253499999999999837e+00 1.118958341388223005e-03
2.254000000000000004e+00 1.116439328704989112e-03
2.254500000000000171e+00 1.113925429891016866e-03
2.254999999999999893e+00 1.111416635942420088e-03
2.255500000000000060e+00 1.108912937867934448e-03
2.256000000000000227e+00 1.106414326688917680e-03
2.256499999999999950e+00 1.103920793439335272e-03
2.257000000000000117e+00 1.101432329165743986e-03
2.257499999999999840e+00 1.098948924927293375e-03
2.258000000000000007e+00 1.096470571795700412e-03
2.258500000000000174e+00 1.093997260855250576e-03
2.258999999999999897e+00 1.091528983202788745e-03
2.259500000000000064e+00 1.089065729947692089e-03
2.260000000000000231e+00 1.086607492211879612e-03
2.260499999999999954e+00 1.084154261129794154e-03
2.261000000000000121e+00 1.081706027848381140e-03
2.261499999999999844e+00 1.079262783527097473e-03
2.262000000000000011e+00 1.076824519337883776e-03
2.262500000000000178e+00 1.074391226465164608e-03
2.262999999999999901e+00 1.071962896105838276e-03
2.263500000000000068e+00 1.069539519469250161e-03
2.264000000000000234e+00 1.067121087777206162e-03
2.264499999999999957e+00 1.064707592263947110e-03
2.265000000000000124e+00 1.062299024176136192e-03
2.265499999999999847e+00 1.059895374772859599e-03
2.266000000000000014e+00 1.057496635325603541e-03
2.266500000000000181e+00 1.055102797118255119e-03
2.266999999999999904e+00 1.052713851447086707e-03
2.267500000000000071e+00 1.050329789620737088e-03
2.268000000000000238e+00 1.047950602960216878e-03
2.268499999999999961e+00 1.045576282798888574e-03
2.269000000000000128e+00 1.043206820482449641e-03
2.269499999999999851e+00 1.040842207368938800e-03
2.270000000000000018e+00 1.038482434828706755e-03
2.270500000000000185e+00 1.036127494244419881e-03
2.270999999999999908e+00 1.033777377011046777e-03
2.271500000000000075e+00 1.031432074535835065e-03
2.272000000000000242e+00 1.029091578238317678e-03
2.272499999999999964e+00 1.026755879550296166e-03
2.273000000000000131e+00 1.024424969915822261e-03
2.273499999999999854e+00 1.022098840791199831e-03
2.274000000000000021e+00 1.019777483644961893e-03
2.274500000000000188e+00 1.017460889957870832e-03
2.274999999999999911e+00 1.015149051222904086e-03
2.275500000000000078e+00 1.012841958945232467e-03
2.276000000000000245e+00 1.010539604642229482e-03
2.276499999999999968e+00 1.008241979843447697e-03
2.277000000000000135e+00 1.005949076090603992e-03
2.277499999999999858e+00 1.003660884937584118e-03
2.278000000000000025e+00 1.001377397950414935e-03
2.278500000000000192e+00 9.990986067072659370e-04
2.278999999999999915e+00 9.968245027984353693e-04
2.279500000000000082e+00 9.945550778263331001e-04
2.280000000000000249e+00 9.922903234054799692e-04
2.280499999999999972e+00 9.900302311624913087e-04
2.281000000000000139e+00 9.877747927360604630e-04
2.281499999999999861e+00 9.855239997769644263e-04
2.282000000000000028e+00 9.832778439480328349e-04
2.282500000000000195e+00 9.810363169241542551e-04
2.282999999999999918e+00 9.787994103922560175e-04
2.283500000000000085e+00 9.765671160512931579e-04
2.284000000000000252e+00 9.743394256122425625e-04
2.284499999999999975e+00 9.721163307980918008e-04
2.285000000000000142e+00 9.698978233438196100e-04
2.285499999999999865e+00 9.676838949963975211e-04
2.286000000000000032e+00 9.654745375147679581e-04
2.286500000000000199e+00 9.632697426698416361e-04
2.286999999999999922e+00 9.610695022444849843e-04
2.287500000000000089e+00 9.588738080335007389e-04
2.288000000000000256e+00 9.566826518436307618e-04
2.288499999999999979e+00 9.544960254935377182e-04
2.289000000000000146e+00 9.523139208137884875e-04
2.289499999999999869e+00 9.501363296468585008e-04
2.290000000000000036e+00 9.479632438471029005e-04
2.290500000000000203e+00 9.457946552807616368e-04
2.290999999999999925e+00 9.436305558259406017e-04
2.291500000000000092e+00 9.414709373725961257e-04
2.292000000000000259e+00 9.393157918225349774e-04
2.292499999999999982e+00 9.371651110893999435e-04
2.293000000000000149e+00 9.350188870986474946e-04
2.293499999999999872e+00 9.328771117875581933e-04
2.294000000000000039e+00 9.307397771052031924e-04
2.294500000000000206e+00 9.286068750124506317e-04
2.294999999999999929e+00 9.264783974819491581e-04
2.295500000000000096e+00 9.243543364981073257e-04
2.296000000000000263e+00 9.222346840570999930e-04
2.296499999999999986e+00 9.201194321668476140e-04
2.297000000000000153e+00 9.180085728469980239e-04
2.297499999999999876e+00 9.159020981289342457e-04
2.298000000000000043e+00 9.138000000557445655e-04
2.298500000000000210e+00 9.117022706822243763e-04
2.298999999999999932e+00 9.096089020748616494e-04
2.299500000000000099e+00 9.075198863118188282e-04
2.300000000000000266e+00 9.054352154829346713e-04
2.300499999999999989e+00 9.033548816897043034e-04
2.301000000000000156e+00 9.012788770452678311e-04
2.301499999999999879e+00 8.992071936744071986e-04
2.302000000000000046e+00 8.971398237135229858e-04
2.302500000000000213e+00 8.950767593106366852e-04
2.302999999999999936e+00 8.930179926253722705e-04
2.303500000000000103e+00 8.909635158289402586e-04
2.304000000000000270e+00 8.889133211041413962e-04
2.304499999999999993e+00 8.868674006453426987e-04
2.305000000000000160e+00 8.848257466584685598e-04
2.305499999999999883e+00 8.827883513609963064e-04
2.306000000000000050e+00 8.807552069819358153e-04
2.306500000000000217e+00 8.787263057618270199e-04
2.306999999999999940e+00 8.767016399527267911e-04
2.307500000000000107e+00 8.746812018181881207e-04
2.307999999999999829e+00 8.726649836332671687e-04
2.308499999999999996e+00 8.706529776844946404e-04
2.309000000000000163e+00 8.686451762698756780e-04
2.309499999999999886e+00 8.666415716988776089e-04
2.310000000000000053e+00 8.646421562924109724e-04
2.310500000000000220e+00 8.626469223828282188e-04
2.310999999999999943e+00 8.606558623139100479e-04
2.311500000000000110e+00 8.586689684408467613e-04
2.311999999999999833e+00 8.566862331302410810e-04
2.312500000000000000e+00 8.547076487600814782e-04
2.313000000000000167e+00 8.527332077197452087e-04
2.313499999999999890e+00 8.507629024099802074e-04
2.314000000000000057e+00 8.487967252428892584e-04
2.314500000000000224e+00 8.468346686419299949e-04
2.314999999999999947e+00 8.448767250418993957e-04
2.315500000000000114e+00 8.429228868889135102e-04
2.315999999999999837e+00 8.409731466404142888e-04
2.316500000000000004e+00 8.390274967651394425e-04
2.317000000000000171e+00 8.370859297431262371e-04
2.317499999999999893e+00 8.351484380656958809e-04
2.318000000000000060e+00 8.332150142354329252e-04
2.318500000000000227e+00 8.312856507661915521e-04
2.318999999999999950e+00 8.293603401830713972e-04
2.319500000000000117e+00 8.274390750224070324e-04
2.319999999999999840e+00 8.255218478317673161e-04
2.320500000000000007e+00 8.236086511699300221e-04
2.321000000000000174e+00 8.216994776068816233e-04
2.321499999999999897e+00 8.197943197238036304e-04
2.322000000000000064e+00 8.178931701130541607e-04
2.322500000000000231e+00 8.159960213781691308e-04
2.322999999999999954e+00 8.141028661338433909e-04
2.323500000000000121e+00 8.122136970059166310e-04
2.323999999999999844e+00 8.103285066313729466e-04
2.324500000000000011e+00 8.084472876583169865e-04
2.325000000000000178e+00 8.065700327459743866e-04
2.325499999999999901e+00 8.046967345646740969e-04
2.326000000000000068e+00 8.028273857958358054e-04
2.326500000000000234e+00 8.009619791319650588e-04
2.326999999999999957e+00 7.991005072766378670e-04
2.327500000000000124e+00 7.972429629444873671e-04
2.327999999999999847e+00 7.953893388612000293e-04
2.328500000000000014e+00 7.935396277634955984e-04
2.329000000000000181e+00 7.916938223991235165e-04
2.329499999999999904e+00 7.898519155268505631e-04
2.330000000000000071e+00 7.880138999164401463e-04
2.330500000000000238e+00 7.861797683486566402e-04
2.330999999999999961e+00 7.843495136152445679e-04
2.331500000000000128e+00 7.825231285189152659e-04
2.331999999999999851e+00 7.807006058733449326e-04
2.332500000000000018e+00 7.788819385031530524e-04
2.333000000000000185e+00 7.770671192439013121e-04
2.333499999999999908e+00 7.752561409420766865e-04
2.334000000000000075e+00 7.734489964550765855e-04
2.334500000000000242e+00 7.716456786512076614e-04
2.334999999999999964e+00 7.698461804096682444e-04
2.335500000000000131e+00 7.680504946205331642e-04
2.335999999999999854e+00 7.662586141847559183e-04
2.336500000000000021e+00 7.644705320141405910e-04
2.337000000000000188e+00 7.626862410313451062e-04
2.337499999999999911e+00 7.609057341698629044e-04
2.338000000000000078e+00 7.591290043740103657e-04
2.338500000000000245e+00 7.573560445989217143e-04
2.338999999999999968e+00 7.555868478105334058e-04
2.339500000000000135e+00 7.538214069855707919e-04
2.339999999999999858e+00 7.520597151115470357e-04
2.340500000000000025e+00 7.503017651867358983e-04
2.341000000000000192e+00 7.485475502201777024e-04
2.341499999999999915e+00 7.467970632316572139e-04
2.342000000000000082e+00 7.450502972516923669e-04
2.342500000000000249e+00 7.433072453215305766e-04
2.342999999999999972e+00 7.415679004931323686e-04
2.343500000000000139e+00 7.398322558291565250e-04
2.343999999999999861e+00 7.381003044029598673e-04
2.344500000000000028e+00 7.363720392985731878e-04
2.345000000000000195e+00 7.346474536106995142e-04
2.345499999999999918e+00 7.329265404447009909e-04
2.346000000000000085e+00 7.312092929165822913e-04
2.346500000000000252e+00 7.294957041529876894e-04
2.346999999999999975e+00 7.277857672911852314e-04
2.347500000000000142e+00 7.260794754790506891e-04
2.347999999999999865e+00 7.243768218750709208e-04
2.348500000000000032e+00 7.226777996483142730e-04
2.349000000000000199e+00 7.209824019784341577e-04
2.349499999999999922e+00 7.192906220556536572e-04
2.350000000000000089e+00 7.176024530807458999e-04
2.350500000000000256e+00 7.159178882650376382e-04
2.350999999999999979e+00 7.142369208303868053e-04
2.351500000000000146e+00 7.125595440091730829e-04
2.351999999999999869e+00 7.108857510442945400e-04
2.352500000000000036e+00 7.092155351891421544e-04
2.353000000000000203e+00 7.075488897076038239e-04
2.353499999999999925e+00 7.058858078740450678e-04
2.354000000000000092e+00 7.042262829732955825e-04
2.354500000000000259e+00 7.025703083006441460e-04
2.354999999999999982e+00 7.009178771618254991e-04
2.355500000000000149e+00 6.992689828730054916e-04
2.355999999999999872e+00 6.976236187607772875e-04
2.356500000000000039e+00 6.959817781621398984e-04
2.357000000000000206e+00 6.943434544244978576e-04
2.357499999999999929e+00 6.927086409056446318e-04
2.358000000000000096e+00 6.910773309737470093e-04
2.358500000000000263e+00 6.894495180073434730e-04
2.358999999999999986e+00 6.878251953953292384e-04
2.359500000000000153e+00 6.862043565369373892e-04
2.359999999999999876e+00 6.845869948417429964e-04
2.360500000000000043e+00 6.829731037296353632e-04
2.361000000000000210e+00 6.813626766308195429e-04
2.361499999999999932e+00 6.797557069858019187e-04
2.362000000000000099e+00 6.781521882453704717e-04
2.362500000000000266e+00 6.765521138705977077e-04
2.362999999999999989e+00 6.749554773328208168e-04
2.363500000000000156e+00 6.733622721136287709e-04
2.363999999999999879e+00 6.717724917048582042e-04
2.364500000000000046e+00 6.701861296085750899e-04
2.365000000000000213e+00 6.686031793370702950e-04
2.365499999999999936e+00 6.670236344128449438e-04
2.366000000000000103e+00 6.654474883685951303e-04
2.366500000000000270e+00 6.638747347472096416e-04
2.366999999999999993e+00 6.623053671017535863e-04
2.367500000000000160e+00 6.607393789954535412e-04
2.367999999999999883e+00 6.591767640016965753e-04
2.368500000000000050e+00 6.576175157040071561e-04
2.369000000000000217e+00 6.560616276960460659e-04
2.369499999999999940e+00 6.545090935815960900e-04
2.370000000000000107e+00 6.529599069745441273e-04
2.370499999999999829e+00 6.514140614988818412e-04
2.370999999999999996e+00 6.498715507886835413e-04
2.371500000000000163e+00 6.483323684881035819e-04
2.371999999999999886e+00 6.467965082513605322e-04
2.372500000000000053e+00 6.452639637427246000e-04
2.373000000000000220e+00 6.437347286365112343e-04
2.373499999999999943e+00 6.422087966170694166e-04
2.374000000000000110e+00 6.406861613787619278e-04
2.374499999999999833e+00 6.391668166259688181e-04
2.375000000000000000e+00 6.376507560730623617e-04
2.375500000000000167e+00 6.361379734444048886e-04
2.375999999999999890e+00 6.346284624743355569e-04
2.376500000000000057e+00 6.331222169071546325e-04
2.377000000000000224e+00 6.316192304971185011e-04
2.377499999999999947e+00 6.301194970084266584e-04
2.378000000000000114e+00 6.286230102152071814e-04
2.378499999999999837e+00 6.271297639015122830e-04
2.379000000000000004e+00 6.256397518612984718e-04
2.379500000000000171e+00 6.241529678984226483e-04
2.379999999999999893e+00 6.226694058266310462e-04
2.380500000000000060e+00 6.211890594695396086e-04
2.381000000000000227e+00 6.197119226606334456e-04
2.381499999999999950e+00 6.182379892432501379e-04
2.382000000000000117e+00 6.167672530705670510e-04
2.382499999999999840e+00 6.152997080055962404e-04
2.383000000000000007e+00 6.138353479211660193e-04
2.383500000000000174e+00 6.123741666999167306e-04
2.383999999999999897e+00 6.109161582342853515e-04
2.384500000000000064e+00 6.094613164264936749e-04
2.385000000000000231e+00 6.080096351885409377e-04
2.385499999999999954e+00 6.065611084421917857e-04
2.386000000000000121e+00 6.051157301189599019e-04
2.386499999999999844e+00 6.036734941601067063e-04
2.387000000000000011e+00 6.022343945166179361e-04
2.387500000000000178e+00 6.007984251492050560e-04
2.387999999999999901e+00 5.993655800282871515e-04
2.388500000000000068e+00 5.979358531339772683e-04
2.389000000000000234e+00 5.965092384560792679e-04
2.389499999999999957e+00 5.950857299940721067e-04
2.390000000000000124e+00 5.936653217570950908e-04
2.390499999999999847e+00 5.922480077639464668e-04
2.391000000000000014e+00 5.908337820430610869e-04
2.391500000000000181e+00 5.894226386325088912e-04
2.391999999999999904e+00 5.880145715799803795e-04
2.392500000000000071e+00 5.866095749427703478e-04
2.393000000000000238e+00 5.852076427877751785e-04
2.393499999999999961e+00 5.838087691914791788e-04
2.394000000000000128e+00 5.824129482399368002e-04
2.394499999999999851e+00 5.810201740287738309e-04
2.395000000000000018e+00 5.796304406631634350e-04
2.395500000000000185e+00 5.782437422578251768e-04
2.395999999999999908e+00 5.768600729370103840e-04
2.396500000000000075e+00 5.754794268344870772e-04
2.397000000000000242e+00 5.741017980935355248e-04
2.397499999999999964e+00 5.727271808669347989e-04
2.398000000000000131e+00 5.713555693169471627e-04
2.398499999999999854e+00 5.699869576153161191e-04
2.399000000000000021e+00 5.686213399432449430e-04
2.399500000000000188e+00 5.672587104913951643e-04
2.399999999999999911e+00 5.658990634598707378e-04
2.400500000000000078e+00 5.645423930582039486e-04
2.401000000000000245e+00 5.631886935053518348e-04
2.401499999999999968e+00 5.618379590296808997e-04
2.402000000000000135e+00 5.604901838689523670e-04
2.402499999999999858e+00 5.591453622703218551e-04
2.403000000000000025e+00 5.578034884903152000e-04
2.403500000000000192e+00 5.564645567948281295e-04
2.403999999999999915e+00 5.551285614591104341e-04
2.404500000000000082e+00 5.537954967677533903e-04
2.405000000000000249e+00 5.524653570146828216e-04
2.405499999999999972e+00 5.511381365031481480e-04
2.406000000000000139e+00 5.498138295457033042e-04
2.406499999999999861e+00 5.484924304642091247e-04
2.407000000000000028e+00 5.471739335898082989e-04
2.407500000000000195e+00 5.458583332629262383e-04
2.407999999999999918e+00 5.445456238332545967e-04
2.408500000000000085e+00 5.432357996597359830e-04
2.409000000000000252e+00 5.419288551105625514e-04
2.409499999999999975e+00 5.406247845631594138e-04
2.410000000000000142e+00 5.393235824041711949e-04
2.410499999999999865e+00 5.380252430294585634e-04
2.411000000000000032e+00 5.367297608440784991e-04
2.411500000000000199e+00 5.354371302622810405e-04
2.411999999999999922e+00 5.341473457074951900e-04
2.412500000000000089e+00 5.328604016123138437e-04
2.413000000000000256e+00 5.315762924184904304e-04
2.413499999999999979e+00 5.302950125769251418e-04
2.414000000000000146e+00 5.290165565476475859e-04
2.414499999999999869e+00 5.277409187998184127e-04
2.415000000000000036e+00 5.264680938117048117e-04
2.415500000000000203e+00 5.251980760706801863e-04
2.415999999999999925e+00 5.239308600732097343e-04
2.416500000000000092e+00 5.226664403248340758e-04
2.417000000000000259e+00 5.214048113401670856e-04
2.417499999999999982e+00 5.201459676428814728e-04
2.418000000000000149e+00 5.188899037656934934e-04
2.418499999999999872e+00 5.176366142503609994e-04
2.419000000000000039e+00 5.163860936476615373e-04
2.419500000000000206e+00 5.151383365173923482e-04
2.419999999999999929e+00 5.138933374283533462e-04
2.420500000000000096e+00 5.126510909583343245e-04
2.421000000000000263e+00 5.114115916941104015e-04
2.421499999999999986e+00 5.101748342314276017e-04
2.422000000000000153e+00 5.089408131749886518e-04
2.422499999999999876e+00 5.077095231384501622e-04
2.423000000000000043e+00 5.064809587444025693e-04
2.423500000000000210e+00 5.052551146243675333e-04
2.423999999999999932e+00 5.040319854187823257e-04
2.424500000000000099e+00 5.028115657769881199e-04
2.425000000000000266e+00 5.015938503572230523e-04
2.425499999999999989e+00 5.003788338266093203e-04
2.426000000000000156e+00 4.991665108611397384e-04
2.426499999999999879e+00 4.979568761456727504e-04
2.427000000000000046e+00 4.967499243739151912e-04
2.427500000000000213e+00 4.955456502484162145e-04
2.427999999999999936e+00 4.943440484805562349e-04
2.428500000000000103e+00 4.931451137905295797e-04
2.429000000000000270e+00 4.919488409073432969e-04
2.429499999999999993e+00 4.907552245688011090e-04
2.430000000000000160e+00 4.895642595214904020e-04
2.430499999999999883e+00 4.883759405207769135e-04
2.431000000000000050e+00 4.871902623307884151e-04
2.431500000000000217e+00 4.860072197244093999e-04
2.431999999999999940e+00 4.848268074832670963e-04
2.432500000000000107e+00 4.836490203977181863e-04
2.432999999999999829e+00 4.824738532668449570e-04
2.433499999999999996e+00 4.813013008984365977e-04
2.434000000000000163e+00 4.801313581089843756e-04
2.434499999999999886e+00 4.789640197236691671e-04
2.435000000000000053e+00 4.777992805763477970e-04
2.435500000000000220e+00 4.766371355095471297e-04
2.435999999999999943e+00 4.754775793744506250e-04
2.436500000000000110e+00 4.743206070308844061e-04
2.436999999999999833e+00 4.731662133473153080e-04
2.437500000000000000e+00 4.720143932008291935e-04
2.438000000000000167e+00 4.708651414771288933e-04
2.438499999999999890e+00 4.697184530705214123e-04
2.439000000000000057e+00 4.685743228839013954e-04
2.439500000000000224e+00 4.674327458287484715e-04
2.439999999999999947e+00 4.662937168251135383e-04
2.440500000000000114e+00 4.651572308016040168e-04
2.440999999999999837e+00 4.640232826953813038e-04
2.441500000000000004e+00 4.628918674521400093e-04
2.442000000000000171e+00 4.617629800261068723e-04
2.442499999999999893e+00 4.606366153800255819e-04
2.443000000000000060e+00 4.595127684851421949e-04
2.443500000000000227e+00 4.583914343212027506e-04
2.443999999999999950e+00 4.572726078764377663e-04
2.444500000000000117e+00 4.561562841475490107e-04
2.444999999999999840e+00 4.550424581397060340e-04
2.445500000000000007e+00 4.539311248665273027e-04
2.446000000000000174e+00 4.528222793500762968e-04
2.446499999999999897e+00 4.517159166208490955e-04
2.447000000000000064e+00 4.506120317177583854e-04
2.447500000000000231e+00 4.495106196881310748e-04
2.447999999999999954e+00 4.484116755876924650e-04
2.448500000000000121e+00 4.473151944805556788e-04
2.448999999999999844e+00 4.462211714392141254e-04
2.449500000000000011e+00 4.451296015445267013e-04
2.450000000000000178e+00 4.440404798857107969e-04
2.450499999999999901e+00 4.429538015603315089e-04
2.451000000000000068e+00 4.418695616742852146e-04
2.451500000000000234e+00 4.407877553417977826e-04
2.451999999999999957e+00 4.397083776854091778e-04
2.452500000000000124e+00 4.386314238359595289e-04
2.452999999999999847e+00 4.375568889325870143e-04
2.453500000000000014e+00 4.364847681227088886e-04
2.454000000000000181e+00 4.354150565620163327e-04
2.454499999999999904e+00 4.343477494144627445e-04
2.455000000000000071e+00 4.332828418522493728e-04
2.455500000000000238e+00 4.322203290558206015e-04
2.455999999999999961e+00 4.311602062138512642e-04
2.456500000000000128e+00 4.301024685232314655e-04
2.456999999999999851e+00 4.290471111890643580e-04
2.457500000000000018e+00 4.279941294246470611e-04
2.458000000000000185e+00 4.269435184514674075e-04
2.458499999999999908e+00 4.258952734991894155e-04
2.459000000000000075e+00 4.248493898056420132e-04
2.459500000000000242e+00 4.238058626168114489e-04
2.459999999999999964e+00 4.227646871868304492e-04
2.460500000000000131e+00 4.217258587779625523e-04
2.460999999999999854e+00 4.206893726606008069e-04
2.461500000000000021e+00 4.196552241132469013e-04
2.462000000000000188e+00 4.186234084225092119e-04
2.462499999999999911e+00 4.175939208830890337e-04
2.463000000000000078e+00 4.165667567977668112e-04
2.463500000000000245e+00 4.155419114773980182e-04
2.463999999999999968e+00 4.145193802408989004e-04
2.464500000000000135e+00 4.134991584152342787e-04
2.464999999999999858e+00 4.124812413354118565e-04
2.465500000000000025e+00 4.114656243444668243e-04
2.466000000000000192e+00 4.104523027934561135e-04
2.466499999999999915e+00 4.094412720414452233e-04
2.467000000000000082e+00 4.084325274554956981e-04
2.467500000000000249e+00 4.074260644106595980e-04
2.467999999999999972e+00 4.064218782899674102e-04
2.468500000000000139e+00 4.054199644844129783e-04
2.468999999999999861e+00 4.044203183929509548e-04
2.469500000000000028e+00 4.034229354224786400e-04
2.470000000000000195e+00 4.024278109878317547e-04
2.470499999999999918e+00 4.014349405117722419e-04
2.471000000000000085e+00 4.004443194249731968e-04
2.471500000000000252e+00 3.994559431660165902e-04
2.471999999999999975e+00 3.984698071813767882e-04
2.472500000000000142e+00 3.974859069254109032e-04
2.472999999999999865e+00 3.965042378603527763e-04
2.473500000000000032e+00 3.955247954562949252e-04
2.474000000000000199e+00 3.945475751911865932e-04
2.474499999999999922e+00 3.935725725508188409e-04
2.475000000000000089e+00 3.925997830288113733e-04
2.475500000000000256e+00 3.916292021266093958e-04
2.475999999999999979e+00 3.906608253534686517e-04
2.476500000000000146e+00 3.896946482264436592e-04
2.476999999999999869e+00 3.887306662703828865e-04
2.477500000000000036e+00 3.877688750179117297e-04
2.478000000000000203e+00 3.868092700094282301e-04
2.478499999999999925e+00 3.858518467930895763e-04
2.479000000000000092e+00 3.848966009248007739e-04
2.479500000000000259e+00 3.839435279682078153e-04
2.479999999999999982e+00 3.829926234946849943e-04
2.480500000000000149e+00 3.820438830833239015e-04
2.480999999999999872e+00 3.810973023209263230e-04
2.481500000000000039e+00 3.801528768019892782e-04
2.482000000000000206e+00 3.792106021286996529e-04
2.482499999999999929e+00 3.782704739109221106e-04
2.483000000000000096e+00 3.773324877661858655e-04
2.483500000000000263e+00 3.763966393196789897e-04
2.483999999999999986e+00 3.754629242042365964e-04
2.484500000000000153e+00 3.745313380603279368e-04
2.484999999999999876e+00 3.736018765360507631e-04
2.485500000000000043e+00 3.726745352871162578e-04
2.486000000000000210e+00 3.717493099768437209e-04
2.486499999999999932e+00 3.708261962761477226e-04
2.487000000000000099e+00 3.699051898635257970e-04
2.487500000000000266e+00 3.689862864250521000e-04
2.487999999999999989e+00 3.680694816543672717e-04
2.488500000000000156e+00 3.671547712526629327e-04
2.488999999999999879e+00 3.662421509286787561e-04
2.489500000000000046e+00 3.653316163986856631e-04
2.490000000000000213e+00 3.644231633864811063e-04
2.490499999999999936e+00 3.635167876233758965e-04
2.491000000000000103e+00 3.626124848481834697e-04
2.491500000000000270e+00 3.617102508072124597e-04
2.491999999999999993e+00 3.608100812542548263e-04
2.492500000000000160e+00 3.599119719505743629e-04
2.492999999999999883e+00 3.590159186649002454e-04
2.493500000000000050e+00 3.581219171734128289e-04
2.494000000000000217e+00 3.572299632597367635e-04
2.494499999999999940e+00 3.563400527149305315e-04
2.495000000000000107e+00 3.554521813374717019e-04
2.495500000000000274e+00 3.545663449332544376e-04
2.495999999999999996e+00 3.536825393155745324e-04
2.496500000000000163e+00 3.528007603051181904e-04
2.496999999999999886e+00 3.519210037299572548e-04
2.497500000000000053e+00 3.510432654255330538e-04
2.498000000000000220e+00 3.501675412346507625e-04
2.498499999999999943e+00 3.492938270074683982e-04
2.499000000000000110e+00 3.484221186014837559e-04
2.499499999999999833e+00 3.475524118815298004e-04
2.500000000000000000e+00 3.466847027197586203e-04
2.500500000000000167e+00 3.458189869956366570e-04
2.500999999999999890e+00 3.449552605959322910e-04
2.501500000000000057e+00 3.440935194147035905e-04
2.502000000000000224e+00 3.432337593532930526e-04
2.502499999999999947e+00 3.423759763203154606e-04
2.503000000000000114e+00 3.415201662316445482e-04
2.503499999999999837e+00 3.406663250104101804e-04
2.504000000000000004e+00 3.398144485869803561e-04
2.504500000000000171e+00 3.389645328989575757e-04
2.504999999999999893e+00 3.381165738911670235e-04
2.505500000000000060e+00 3.372705675156430151e-04
2.506000000000000227e+00 3.364265097316244436e-04
2.506499999999999950e+00 3.355843965055427453e-04
2.507000000000000117e+00 3.347442238110091600e-04
2.507499999999999840e+00 3.339059876288107197e-04
2.508000000000000007e+00 3.330696839468928467e-04
2.508500000000000174e+00 3.322353087603568066e-04
2.508999999999999897e+00 3.314028580714459380e-04
2.509500000000000064e+00 3.305723278895339977e-04
2.510000000000000231e+00 3.297437142311199568e-04
2.510499999999999954e+00 3.289170131198155319e-04
2.511000000000000121e+00 3.280922205863331508e-04
2.511499999999999844e+00 3.272693326684813987e-04
2.512000000000000011e+00 3.264483454111491889e-04
2.512500000000000178e+00 3.256292548663011549e-04
2.512999999999999901e+00 3.248120570929650193e-04
2.513500000000000068e+00 3.239967481572202102e-04
2.514000000000000234e+00 3.231833241321926562e-04
2.514499999999999957e+00 3.223717810980412891e-04
2.515000000000000124e+00 3.215621151419481225e-04
2.515499999999999847e+00 3.207543223581115301e-04
2.516000000000000014e+00 3.199483988477316095e-04
2.516500000000000181e+00 3.191443407190061696e-04
2.516999999999999904e+00 3.183421440871166911e-04
2.517500000000000071e+00 3.175418050742185683e-04
2.518000000000000238e+00 3.167433198094345495e-04
2.518499999999999961e+00 3.159466844288427571e-04
2.519000000000000128e+00 3.151518950754645439e-04
2.519499999999999851e+00 3.143589478992606990e-04
2.520000000000000018e+00 3.135678390571154011e-04
2.520500000000000185e+00 3.127785647128313398e-04
2.520999999999999908e+00 3.119911210371178979e-04
2.521500000000000075e+00 3.112055042075794419e-04
2.522000000000000242e+00 3.104217104087099010e-04
2.522499999999999964e+00 3.096397358318804614e-04
2.523000000000000131e+00 3.088595766753281821e-04
2.523499999999999854e+00 3.080812291441512789e-04
2.524000000000000021e+00 3.073046894502933488e-04
2.524500000000000188e+00 3.065299538125389796e-04
2.524999999999999911e+00 3.057570184565022026e-04
2.525500000000000078e+00 3.049858796146136990e-04
2.526000000000000245e+00 3.042165335261163010e-04
2.526499999999999968e+00 3.034489764370528484e-04
2.527000000000000135e+00 3.026832046002550752e-04
2.527499999999999858e+00 3.019192142753369967e-04
2.528000000000000025e+00 3.011570017286823863e-04
2.528500000000000192e+00 3.003965632334376201e-04
2.528999999999999915e+00 2.996378950695012685e-04
2.529500000000000082e+00 2.988809935235124410e-04
2.530000000000000249e+00 2.981258548888442812e-04
2.530499999999999972e+00 2.973724754655932326e-04
2.531000000000000139e+00 2.966208515605673842e-04
2.531499999999999861e+00 2.958709794872811574e-04
2.532000000000000028e+00 2.951228555659405608e-04
2.532500000000000195e+00 2.943764761234385829e-04
2.532999999999999918e+00 2.936318374933428858e-04
2.533500000000000085e+00 2.928889360158850176e-04
2.534000000000000252e+00 2.921477680379543952e-04
2.534499999999999975e+00 2.914083299130873538e-04
2.535000000000000142e+00 2.906706180014546241e-04
2.535499999999999865e+00 2.899346286698571045e-04
2.536000000000000032e+00 2.892003582917110067e-04
2.536500000000000199e+00 2.884678032470434656e-04
2.536999999999999922e+00 2.877369599224794197e-04
2.537500000000000089e+00 2.870078247112322874e-04
2.538000000000000256e+00 2.862803940130965400e-04
2.538499999999999979e+00 2.855546642344377272e-04
2.539000000000000146e+00 2.848306317881795749e-04
2.539499999999999869e+00 2.841082930938006244e-04
2.540000000000000036e+00 2.833876445773187282e-04
2.540500000000000203e+00 2.826686826712857914e-04
2.540999999999999925e+00 2.819514038147771470e-04
2.541500000000000092e+00 2.812358044533799003e-04
2.542000000000000259e+00 2.805218810391874539e-04
2.542499999999999982e+00 2.798096300307875814e-04
2.543000000000000149e+00 2.790990478932519649e-04
2.543499999999999872e+00 2.783901310981306654e-04
2.544000000000000039e+00 2.776828761234378658e-04
2.544500000000000206e+00 2.769772794536469918e-04
2.544999999999999929e+00 2.762733375796790568e-04
2.545500000000000096e+00 2.755710469988917658e-04
2.546000000000000263e+00 2.748704042150737687e-04
2.546499999999999986e+00 2.741714057384337646e-04
2.547000000000000153e+00 2.734740480855882500e-04
2.547499999999999876e+00 2.727783277795581577e-04
2.548000000000000043e+00 2.720842413497530279e-04
2.548500000000000210e+00 2.713917853319665623e-04
2.548999999999999932e+00 2.707009562683659995e-04
2.549500000000000099e+00 2.700117507074803512e-04
2.550000000000000266e+00 2.693241652041944933e-04
2.550499999999999989e+00 2.686381963197388657e-04
2.551000000000000156e+00 2.679538406216778177e-04
2.551499999999999879e+00 2.672710946839048913e-04
2.552000000000000046e+00 2.665899550866278052e-04
2.552500000000000213e+00 2.659104184163650934e-04
2.552999999999999936e+00 2.652324812659333664e-04
2.553500000000000103e+00 2.645561402344372821e-04
2.554000000000000270e+00 2.638813919272635280e-04
2.554499999999999993e+00 2.632082329560696547e-04
2.555000000000000160e+00 2.625366599387735046e-04
2.555499999999999883e+00 2.618666694995477905e-04
2.556000000000000050e+00 2.611982582688061102e-04
2.556500000000000217e+00 2.605314228831981751e-04
2.556999999999999940e+00 2.598661599855990232e-04
2.557500000000000107e+00 2.592024662250971465e-04
2.558000000000000274e+00 2.585403382569895583e-04
2.558499999999999996e+00 2.578797727427710050e-04
2.559000000000000163e+00 2.572207663501229077e-04
2.559499999999999886e+00 2.565633157529072900e-04
2.560000000000000053e+00 2.559074176311550695e-04
2.560500000000000220e+00 2.552530686710587386e-04
2.560999999999999943e+00 2.546002655649632035e-04
2.561500000000000110e+00 2.539490050113535867e-04
2.561999999999999833e+00 2.532992837148513783e-04
2.562500000000000000e+00 2.526510983862001241e-04
2.563000000000000167e+00 2.520044457422600053e-04
2.563499999999999890e+00 2.513593225059975378e-04
2.564000000000000057e+00 2.507157254064750016e-04
2.564500000000000224e+00 2.500736511788435022e-04
2.564999999999999947e+00 2.494330965643342963e-04
2.565500000000000114e+00 2.487940583102459988e-04
2.565999999999999837e+00 2.481565331699408963e-04
2.566500000000000004e+00 2.475205179028301477e-04
2.567000000000000171e+00 2.468860092743697726e-04
2.567499999999999893e+00 2.462530040560499721e-04
2.568000000000000060e+00 2.456214990253833652e-04
2.568500000000000227e+00 2.449914909659002722e-04
2.568999999999999950e+00 2.443629766671373310e-04
2.569500000000000117e+00 2.437359529246280643e-04
2.569999999999999840e+00 2.431104165398961575e-04
2.570500000000000007e+00 2.424863643204429905e-04
2.571000000000000174e+00 2.418637930797430300e-04
2.571499999999999897e+00 2.412426996372316046e-04
2.572000000000000064e+00 2.406230808182961776e-04
2.572500000000000231e+00 2.400049334542690824e-04
2.572999999999999954e+00 2.393882543824179816e-04
2.573500000000000121e+00 2.387730404459350252e-04
2.573999999999999844e+00 2.381592884939316734e-04
2.574500000000000011e+00 2.375469953814250896e-04
2.575000000000000178e+00 2.369361579693338583e-04
2.575499999999999901e+00 2.363267731244667361e-04
2.576000000000000068e+00 2.357188377195124605e-04
2.576500000000000234e+00 2.351123486330341389e-04
2.576999999999999957e+00 2.345073027494584878e-04
2.577500000000000124e+00 2.339036969590656148e-04
2.577999999999999847e+00 2.333015281579838679e-04
2.578500000000000014e+00 2.327007932481766630e-04
2.579000000000000181e+00 2.321014891374374690e-04
2.579499999999999904e+00 2.315036127393789661e-04
2.580000000000000071e+00 2.309071609734236676e-04
2.580500000000000238e+00 2.303121307647970075e-04
2.580999999999999961e+00 2.297185190445174207e-04
2.581500000000000128e+00 2.291263227493866661e-04
2.581999999999999851e+00 2.285355388219834571e-04
2.582500000000000018e+00 2.279461642106518334e-04
2.583000000000000185e+00 2.273581958694947372e-04
2.583499999999999908e+00 2.267716307583648517e-04
2.584000000000000075e+00 2.261864658428530813e-04
2.584500000000000242e+00 2.256026980942842694e-04
2.584999999999999964e+00 2.250203244897057593e-04
2.585500000000000131e+00 2.244393420118778000e-04
2.585999999999999854e+00 2.238597476492680159e-04
2.586500000000000021e+00 2.232815383960390745e-04
2.587000000000000188e+00 2.227047112520427231e-04
2.587499999999999911e+00 2.221292632228104920e-04
2.588000000000000078e+00 2.215551913195428792e-04
2.588500000000000245e+00 2.209824925591039838e-04
2.588999999999999968e+00 2.204111639640114772e-04
2.589500000000000135e+00 2.198412025624256526e-04
2.589999999999999858e+00 2.192726053881451694e-04
2.590500000000000025e+00 2.187053694805939075e-04
2.591000000000000192e+00 2.181394918848158712e-04
2.591499999999999915e+00 2.175749696514655944e-04
2.592000000000000082e+00 2.170117998367970271e-04
2.592500000000000249e+00 2.164499795026585485e-04
2.592999999999999972e+00 2.158895057164829650e-04
2.593500000000000139e+00 2.153303755512774270e-04
2.593999999999999861e+00 2.147725860856172493e-04
2.594500000000000028e+00 2.142161344036353128e-04
2.595000000000000195e+00 2.136610175950149899e-04
2.595499999999999918e+00 2.131072327549814443e-04
2.596000000000000085e+00 2.125547769842909510e-04
2.596500000000000252e+00 2.120036473892256384e-04
2.596999999999999975e+00 2.114538410815829984e-04
2.597500000000000142e+00 2.109053551786664268e-04
2.597999999999999865e+00 2.103581868032797751e-04
2.598500000000000032e+00 2.098123330837153432e-04
2.599000000000000199e+00 2.092677911537476720e-04
2.599499999999999922e+00 2.087245581526253851e-04
2.600000000000000089e+00 2.081826312250596419e-04
2.600500000000000256e+00 2.076420075212194482e-04
2.600999999999999979e+00 2.071026841967209503e-04
2.601500000000000146e+00 2.065646584126188963e-04
2.601999999999999869e+00 2.060279273353999142e-04
2.602500000000000036e+00 2.054924881369712638e-04
2.603000000000000203e+00 2.049583379946554149e-04
2.603499999999999925e+00 2.044254740911804525e-04
2.604000000000000092e+00 2.038938936146695061e-04
2.604500000000000259e+00 2.033635937586363040e-04
2.604999999999999982e+00 2.028345717219745483e-04
2.605500000000000149e+00 2.023068247089478047e-04
2.605999999999999872e+00 2.017803499291853555e-04
2.606500000000000039e+00 2.012551445976697585e-04
2.607000000000000206e+00 2.007312059347309918e-04
2.607499999999999929e+00 2.002085311660376996e-04
2.608000000000000096e+00 1.996871175225869727e-04
2.608500000000000263e+00 1.991669622406988473e-04
2.608999999999999986e+00 1.986480625620063291e-04
2.609500000000000153e+00 1.981304157334462599e-04
2.609999999999999876e+00 1.976140190072535709e-04
2.610500000000000043e+00 1.970988696409498172e-04
2.611000000000000210e+00 1.965849648973376756e-04
2.611499999999999932e+00 1.960723020444917288e-04
2.612000000000000099e+00 1.955608783557483013e-04
2.612500000000000266e+00 1.950506911097000379e-04
2.612999999999999989e+00 1.945417375901869052e-04
2.613500000000000156e+00 1.940340150862854848e-04
2.613999999999999879e+00 1.935275208923045286e-04
2.614500000000000046e+00 1.930222523077734385e-04
2.615000000000000213e+00 1.925182066374362495e-04
2.615499999999999936e+00 1.920153811912430101e-04
2.616000000000000103e+00 1.915137732843392928e-04
2.616500000000000270e+00 1.910133802370616132e-04
2.616999999999999993e+00 1.905141993749270759e-04
2.617500000000000160e+00 1.900162280286244300e-04
2.617999999999999883e+00 1.895194635340087292e-04
2.618500000000000050e+00 1.890239032320892700e-04
2.619000000000000217e+00 1.885295444690253635e-04
2.619499999999999940e+00 1.880363845961160628e-04
2.620000000000000107e+00 1.875444209697910820e-04
2.620500000000000274e+00 1.870536509516053489e-04
2.620999999999999996e+00 1.865640719082290301e-04
2.621500000000000163e+00 1.860756812114386404e-04
2.621999999999999886e+00 1.855884762381121097e-04
2.622500000000000053e+00 1.851024543702165046e-04
2.623000000000000220e+00 1.846176129948035559e-04
2.623499999999999943e+00 1.841339495039997923e-04
2.624000000000000110e+00 1.836514612949975147e-04
2.624499999999999833e+00 1.831701457700500525e-04
2.625000000000000000e+00 1.826900003364593768e-04
2.625500000000000167e+00 1.822110224065715467e-04
2.625999999999999890e+00 1.817332093977677102e-04
2.626500000000000057e+00 1.812565587324540758e-04
2.627000000000000224e+00 1.807810678380567351e-04
2.627499999999999947e+00 1.803067341470127451e-04
2.628000000000000114e+00 1.798335550967602081e-04
2.628499999999999837e+00 1.793615281297337722e-04
2.629000000000000004e+00 1.788906506933526778e-04
2.629500000000000171e+00 1.784209202400163395e-04
2.629999999999999893e+00 1.779523342270947781e-04
2.630500000000000060e+00 1.774848901169190525e-04
2.631000000000000227e+00 1.770185853767766249e-04
2.631499999999999950e+00 1.765534174789014398e-04
2.632000000000000117e+00 1.760893839004651156e-04
2.632499999999999840e+00 1.756264821235715772e-04
2.633000000000000007e+00 1.751647096352462957e-04
2.633500000000000174e+00 1.747040639274307315e-04
2.633999999999999897e+00 1.742445424969736882e-04
2.634500000000000064e+00 1.737861428456216899e-04
2.635000000000000231e+00 1.733288624800139127e-04
2.635499999999999954e+00 1.728726989116725898e-04
2.636000000000000121e+00 1.724176496569948796e-04
2.636499999999999844e+00 1.719637122372466857e-04
2.637000000000000011e+00 1.715108841785521136e-04
2.637500000000000178e+00 1.710591630118888891e-04
2.637999999999999901e+00 1.706085462730781135e-04
2.638500000000000068e+00 1.701590315027765921e-04
2.639000000000000234e+00 1.697106162464702482e-04
2.639499999999999957e+00 1.692632980544658827e-04
2.640000000000000124e+00 1.688170744818818234e-04
2.640499999999999847e+00 1.683719430886429643e-04
2.641000000000000014e+00 1.679279014394700323e-04
2.641500000000000181e+00 1.674849471038738677e-04
2.641999999999999904e+00 1.670430776561472933e-04
2.642500000000000071e+00 1.666022906753557894e-04
2.643000000000000238e+00 1.661625837453321278e-04
2.643499999999999961e+00 1.657239544546671556e-04
2.644000000000000128e+00 1.652864003967017452e-04
2.644499999999999851e+00 1.648499191695206414e-04
2.645000000000000018e+00 1.644145083759424324e-04
2.645500000000000185e+00 1.639801656235144000e-04
2.645999999999999908e+00 1.635468885245033041e-04
2.646500000000000075e+00 1.631146746958868441e-04
2.647000000000000242e+00 1.626835217593486176e-04
2.647499999999999964e+00 1.622534273412681459e-04
2.648000000000000131e+00 1.618243890727136096e-04
2.648499999999999854e+00 1.613964045894352350e-04
2.649000000000000021e+00 1.609694715318561059e-04
2.649500000000000188e+00 1.605435875450659557e-04
2.649999999999999911e+00 1.601187502788130909e-04
2.650500000000000078e+00 1.596949573874956087e-04
2.651000000000000245e+00 1.592722065301554882e-04
2.651499999999999968e+00 1.588504953704704045e-04
2.652000000000000135e+00 1.584298215767448927e-04
2.652499999999999858e+00 1.580101828219051977e-04
2.653000000000000025e+00 1.575915767834889473e-04
2.653500000000000192e+00 1.571740011436396228e-04
2.653999999999999915e+00 1.567574535890988070e-04
2.654500000000000082e+00 1.563419318111966701e-04
2.655000000000000249e+00 1.559274335058470910e-04
2.655499999999999972e+00 1.555139563735386584e-04
2.656000000000000139e+00 1.551014981193262951e-04
2.656499999999999861e+00 1.546900564528265421e-04
2.657000000000000028e+00 1.542796290882064996e-04
2.657500000000000195e+00 1.538702137441792729e-04
2.657999999999999918e+00 1.534618081439950558e-04
2.658500000000000085e+00 1.530544100154333505e-04
2.659000000000000252e+00 1.526480170907964628e-04
2.659499999999999975e+00 1.522426271069019399e-04
2.660000000000000142e+00 1.518382378050736527e-04
2.660499999999999865e+00 1.514348469311364289e-04
2.661000000000000032e+00 1.510324522354067832e-04
2.661500000000000199e+00 1.506310514726867916e-04
2.661999999999999922e+00 1.502306424022564204e-04
2.662500000000000089e+00 1.498312227878647446e-04
2.663000000000000256e+00 1.494327903977246620e-04
2.663499999999999979e+00 1.490353430045043284e-04
2.664000000000000146e+00 1.486388783853189713e-04
2.664499999999999869e+00 1.482433943217256050e-04
2.665000000000000036e+00 1.478488885997133269e-04
2.665500000000000203e+00 1.474553590096975978e-04
2.665999999999999925e+00 1.470628033465129242e-04
2.666500000000000092e+00 1.466712194094035339e-04
2.667000000000000259e+00 1.462806050020184427e-04
2.667499999999999982e+00 1.458909579324032418e-04
2.668000000000000149e+00 1.455022760129914242e-04
2.668499999999999872e+00 1.451145570605996411e-04
2.669000000000000039e+00 1.447277988964175107e-04
2.669500000000000206e+00 1.443419993460032540e-04
2.669999999999999929e+00 1.439571562392743436e-04
2.670500000000000096e+00 1.435732674105002940e-04
2.671000000000000263e+00 1.431903306982965627e-04
2.671499999999999986e+00 1.428083439456167441e-04
2.672000000000000153e+00 1.424273049997442210e-04
2.672499999999999876e+00 1.420472117122872587e-04
2.673000000000000043e+00 1.416680619391687051e-04
2.673500000000000210e+00 1.412898535406218706e-04
2.673999999999999932e+00 1.409125843811815022e-04
2.674500000000000099e+00 1.405362523296761128e-04
2.675000000000000266e+00 1.401608552592224788e-04
2.675499999999999989e+00 1.397863910472175628e-04
2.676000000000000156e+00 1.394128575753302468e-04
2.676499999999999879e+00 1.390402527294965071e-04
2.677000000000000046e+00 1.386685743999096837e-04
2.677500000000000213e+00 1.382978204810153848e-04
2.677999999999999936e+00 1.379279888715037616e-04
2.678500000000000103e+00 1.375590774743008077e-04
2.679000000000000270e+00 1.371910841965635344e-04
2.679499999999999993e+00 1.368240069496720016e-04
2.680000000000000160e+00 1.364578436492206446e-04
2.680499999999999883e+00 1.360925922150142621e-04
2.681000000000000050e+00 1.357282505710574727e-04
2.681500000000000217e+00 1.353648166455502966e-04
2.681999999999999940e+00 1.350022883708802408e-04
2.682500000000000107e+00 1.346406636836141137e-04
2.683000000000000274e+00 1.342799405244924683e-04
2.683499999999999996e+00 1.339201168384222297e-04
2.684000000000000163e+00 1.335611905744683739e-04
2.684499999999999886e+00 1.332031596858489946e-04
2.685000000000000053e+00 1.328460221299261146e-04
2.685500000000000220e+00 1.324897758682002378e-04
2.685999999999999943e+00 1.321344188663029493e-04
2.686500000000000110e+00 1.317799490939888384e-04
2.687000000000000277e+00 1.314263645251300772e-04
2.687500000000000000e+00 1.310736631377090484e-04
2.688000000000000167e+00 1.307218429138097256e-04
2.688499999999999890e+00 1.303709018396133367e-04
2.689000000000000057e+00 1.300208379053888500e-04
2.689500000000000224e+00 1.296716491054880139e-04
2.689999999999999947e+00 1.293233334383377944e-04
2.690500000000000114e+00 1.289758889064319730e-04
2.690999999999999837e+00 1.286293135163270264e-04
2.691500000000000004e+00 1.282836052786321789e-04
2.692000000000000171e+00 1.279387622080047950e-04
2.692499999999999893e+00 1.275947823231428975e-04
2.693000000000000060e+00 1.272516636467767390e-04
2.693500000000000227e+00 1.269094042056640847e-04
2.693999999999999950e+00 1.265680020305825148e-04
2.694500000000000117e+00 1.262274551563214288e-04
2.694999999999999840e+00 1.258877616216774644e-04
2.695500000000000007e+00 1.255489194694448484e-04
2.696000000000000174e+00 1.252109267464111950e-04
2.696499999999999897e+00 1.248737815033492933e-04
2.697000000000000064e+00 1.245374817950098704e-04
2.697500000000000231e+00 1.242020256801156821e-04
2.697999999999999954e+00 1.238674112213550076e-04
2.698500000000000121e+00 1.235336364853729225e-04
2.698999999999999844e+00 1.232006995427670692e-04
2.699500000000000011e+00 1.228685984680783611e-04
2.700000000000000178e+00 1.225373313397864008e-04
2.700499999999999901e+00 1.222068962403015119e-04
2.701000000000000068e+00 1.218772912559574340e-04
2.701500000000000234e+00 1.215485144770060369e-04
2.701999999999999957e+00 1.212205639976100975e-04
2.702500000000000124e+00 1.208934379158350600e-04
2.702999999999999847e+00 1.205671343336450372e-04
2.703500000000000014e+00 1.202416513568931755e-04
2.704000000000000181e+00 1.199169870953172224e-04
2.704499999999999904e+00 1.195931396625320192e-04
2.705000000000000071e+00 1.192701071760219922e-04
2.705500000000000238e+00 1.189478877571356781e-04
2.705999999999999961e+00 1.186264795310788117e-04
2.706500000000000128e+00 1.183058806269064386e-04
2.706999999999999851e+00 1.179860891775183750e-04
2.707500000000000018e+00 1.176671033196503445e-04
2.708000000000000185e+00 1.173489211938688685e-04
2.708499999999999908e+00 1.170315409445643818e-04
2.709000000000000075e+00 1.167149607199434127e-04
2.709500000000000242e+00 1.163991786720236635e-04
2.709999999999999964e+00 1.160841929566267867e-04
2.710500000000000131e+00 1.157700017333705250e-04
2.710999999999999854e+00 1.154566031656643470e-04
2.711500000000000021e+00 1.151439954207006790e-04
2.712000000000000188e+00 1.148321766694500800e-04
2.712499999999999911e+00 1.145211450866538016e-04
2.713000000000000078e+00 1.142108988508168491e-04
2.713500000000000245e+00 1.139014361442023705e-04
2.713999999999999968e+00 1.135927551528249484e-04
2.714500000000000135e+00 1.132848540664426173e-04
2.714999999999999858e+00 1.129777310785529197e-04
2.715500000000000025e+00 1.126713843863835009e-04
2.716000000000000192e+00 1.123658121908881652e-04
2.716499999999999915e+00 1.120610126967391102e-04
2.717000000000000082e+00 1.117569841123195541e-04
2.717500000000000249e+00 1.114537246497193180e-04
2.717999999999999972e+00 1.111512325247270596e-04
2.718500000000000139e+00 1.108495059568234030e-04
2.718999999999999861e+00 1.105485431691759506e-04
2.719500000000000028e+00 1.102483423886311111e-04
2.720000000000000195e+00 1.099489018457088820e-04
2.720499999999999918e+00 1.096502197745964933e-04
2.721000000000000085e+00 1.093522944131404659e-04
2.721500000000000252e+00 1.090551240028420440e-04
2.721999999999999975e+00 1.087587067888499043e-04
2.722500000000000142e+00 1.084630410199529592e-04
2.722999999999999865e+00 1.081681249485761287e-04
2.723500000000000032e+00 1.078739568307713551e-04
2.724000000000000199e+00 1.075805349262131983e-04
2.724499999999999922e+00 1.072878574981919915e-04
2.725000000000000089e+00 1.069959228136062795e-04
2.725500000000000256e+00 1.067047291429581426e-04
2.725999999999999979e+00 1.064142747603462715e-04
2.726500000000000146e+00 1.061245579434586217e-04
2.726999999999999869e+00 1.058355769735680766e-04
2.727500000000000036e+00 1.055473301355236930e-04
2.728000000000000203e+00 1.052598157177467568e-04
2.728499999999999925e+00 1.049730320122232210e-04
2.729000000000000092e+00 1.046869773144966988e-04
2.729500000000000259e+00 1.044016499236641001e-04
2.729999999999999982e+00 1.041170481423680415e-04
2.730500000000000149e+00 1.038331702767902062e-04
2.730999999999999872e+00 1.035500146366466544e-04
2.731500000000000039e+00 1.032675795351797052e-04
2.732000000000000206e+00 1.029858632891531532e-04
2.732499999999999929e+00 1.027048642188457085e-04
2.733000000000000096e+00 1.024245806480436106e-04
2.733500000000000263e+00 1.021450109040361430e-04
2.733999999999999986e+00 1.018661533176083413e-04
2.734500000000000153e+00 1.015880062230347595e-04
2.734999999999999876e+00 1.013105679580741301e-04
2.735500000000000043e+00 1.010338368639616529e-04
2.736000000000000210e+00 1.007578112854047797e-04
2.736499999999999932e+00 1.004824895705755579e-04
2.737000000000000099e+00 1.002078700711045851e-04
2.737500000000000266e+00 9.993395114207557551e-05
2.737999999999999989e+00 9.966073114201894892e-05
2.738500000000000156e+00 9.938820843290487852e-05
2.738999999999999879e+00 9.911638138013875081e-05
2.739500000000000046e+00 9.884524835255299334e-05
2.740000000000000213e+00 9.857480772240299546e-05
2.740499999999999936e+00 9.830505786535999324e-05
2.741000000000000103e+00 9.803599716050430673e-05
2.741500000000000270e+00 9.776762399032081342e-05
2.741999999999999993e+00 9.749993674069188743e-05
2.742500000000000160e+00 9.723293380089077223e-05
2.742999999999999883e+00 9.696661356357737943e-05
2.743500000000000050e+00 9.670097442478992685e-05
2.744000000000000217e+00 9.643601478394076432e-05
2.744499999999999940e+00 9.617173304380954326e-05
2.745000000000000107e+00 9.590812761053650810e-05
2.745500000000000274e+00 9.564519689361815954e-05
2.745999999999999996e+00 9.538293930589977353e-05
2.746500000000000163e+00 9.512135326356968210e-05
2.746999999999999886e+00 9.486043718615389301e-05
2.747500000000000053e+00 9.460018949650927282e-05
2.748000000000000220e+00 9.434060862081815302e-05
2.748499999999999943e+00 9.408169298858248884e-05
2.749000000000000110e+00 9.382344103261658157e-05
2.749500000000000277e+00 9.356585118904301281e-05
2.750000000000000000e+00 9.330892189728558358e-05
2.750500000000000167e+00 9.305265160006298531e-05
2.750999999999999890e+00 9.279703874338419197e-05
2.751500000000000057e+00 9.254208177654101974e-05
2.752000000000000224e+00 9.228777915210334296e-05
2.752499999999999947e+00 9.203412932591306325e-05
2.753000000000000114e+00 9.178113075707707577e-05
2.753499999999999837e+00 9.152878190796321701e-05
2.754000000000000004e+00 9.127708124419224166e-05
2.754500000000000171e+00 9.102602723463391952e-05
2.754999999999999893e+00 9.077561835140036766e-05
2.755500000000000060e+00 9.052585306983932832e-05
2.756000000000000227e+00 9.027672986852981860e-05
2.756499999999999950e+00 9.002824722927539483e-05
2.757000000000000117e+00 8.978040363709818947e-05
2.757499999999999840e+00 8.953319758023392375e-05
2.758000000000000007e+00 8.928662755012476554e-05
2.758500000000000174e+00 8.904069204141491117e-05
2.758999999999999897e+00 8.879538955194414801e-05
2.759500000000000064e+00 8.855071858274149834e-05
2.760000000000000231e+00 8.830667763802040819e-05
2.760499999999999954e+00 8.806326522517262160e-05
2.761000000000000121e+00 8.782047985476178383e-05
2.761499999999999844e+00 8.757832004051877928e-05
2.762000000000000011e+00 8.733678429933472486e-05
2.762500000000000178e+00 8.709587115125655182e-05
2.762999999999999901e+00 8.685557911948048706e-05
2.763500000000000068e+00 8.661590673034566979e-05
2.764000000000000234e+00 8.637685251332993678e-05
2.764499999999999957e+00 8.613841500104338486e-05
2.765000000000000124e+00 8.590059272922183863e-05
2.765499999999999847e+00 8.566338423672274402e-05
2.766000000000000014e+00 8.542678806551789062e-05
2.766500000000000181e+00 8.519080276068902060e-05
2.766999999999999904e+00 8.495542687042156752e-05
2.767500000000000071e+00 8.472065894599832721e-05
2.768000000000000238e+00 8.448649754179535145e-05
2.768499999999999961e+00 8.425294121527500900e-05
2.769000000000000128e+00 8.401998852698051043e-05
2.769499999999999851e+00 8.378763804053098851e-05
2.770000000000000018e+00 8.355588832261464066e-05
2.770500000000000185e+00 8.332473794298455476e-05
2.770999999999999908e+00 8.309418547445227173e-05
2.771500000000000075e+00 8.286422949288155130e-05
2.772000000000000242e+00 8.263486857718423855e-05
2.772499999999999964e+00 8.240610130931384000e-05
2.773000000000000131e+00 8.217792627425941139e-05
2.773499999999999854e+00 8.195034206004142422e-05
2.774000000000000021e+00 8.172334725770439309e-05
2.774500000000000188e+00 8.149694046131302687e-05
2.774999999999999911e+00 8.127112026794581828e-05
2.775500000000000078e+00 8.104588527768901308e-05
2.776000000000000245e+00 8.082123409363230031e-05
2.776499999999999968e+00 8.059716532186248330e-05
2.777000000000000135e+00 8.037367757145754364e-05
2.777499999999999858e+00 8.015076945448261611e-05
2.778000000000000025e+00 7.992843958598262960e-05
2.778500000000000192e+00 7.970668658397829563e-05
2.778999999999999915e+00 7.948550906945996901e-05
2.779500000000000082e+00 7.926490566638191512e-05
2.780000000000000249e+00 7.904487500165741749e-05
2.780499999999999972e+00 7.882541570515327542e-05
2.781000000000000139e+00 7.860652640968332592e-05
2.781499999999999861e+00 7.838820575100474382e-05
2.782000000000000028e+00 7.817045236781066926e-05
2.782500000000000195e+00 7.795326490172646713e-05
2.782999999999999918e+00 7.773664199730349292e-05
2.783500000000000085e+00 7.752058230201303479e-05
2.784000000000000252e+00 7.730508446624236973e-05
2.784499999999999975e+00 7.709014714328840743e-05
2.785000000000000142e+00 7.687576898935202536e-05
2.785499999999999865e+00 7.666194866353377257e-05
2.786000000000000032e+00 7.644868482782717480e-05
2.786500000000000199e+00 7.623597614711453312e-05
2.786999999999999922e+00 7.602382128916098801e-05
2.787500000000000089e+00 7.581221892460870526e-05
2.788000000000000256e+00 7.560116772697252562e-05
2.788499999999999979e+00 7.539066637263424568e-05
2.789000000000000146e+00 7.518071354083649205e-05
2.789499999999999869e+00 7.497130791367875055e-05
2.790000000000000036e+00 7.476244817611068475e-05
2.790500000000000203e+00 7.455413301592816512e-05
2.790999999999999925e+00 7.434636112376693997e-05
2.791500000000000092e+00 7.413913119309751263e-05
2.792000000000000259e+00 7.393244192022028962e-05
2.792499999999999982e+00 7.372629200426010542e-05
2.793000000000000149e+00 7.352068014716039491e-05
2.793499999999999872e+00 7.331560505367907339e-05
2.794000000000000039e+00 7.311106543138178742e-05
2.794500000000000206e+00 7.290705999063817433e-05
2.794999999999999929e+00 7.270358744461583131e-05
2.795500000000000096e+00 7.250064650927454211e-05
2.796000000000000263e+00 7.229823590336230605e-05
2.796499999999999986e+00 7.209635434840959184e-05
2.797000000000000153e+00 7.189500056872313047e-05
2.797499999999999876e+00 7.169417329138274393e-05
2.798000000000000043e+00 7.149387124623387776e-05
2.798500000000000210e+00 7.129409316588421295e-05
2.798999999999999932e+00 7.109483778569793317e-05
2.799500000000000099e+00 7.089610384378965330e-05
2.800000000000000266e+00 7.069789008102058401e-05
2.800499999999999989e+00 7.050019524099290747e-05
2.801000000000000156e+00 7.030301807004378717e-05
2.801499999999999879e+00 7.010635731724184424e-05
2.802000000000000046e+00 6.991021173438027273e-05
2.802500000000000213e+00 6.971458007597308563e-05
2.802999999999999936e+00 6.951946109924953118e-05
2.803500000000000103e+00 6.932485356414825174e-05
2.804000000000000270e+00 6.913075623331351620e-05
2.804499999999999993e+00 6.893716787208927041e-05
2.805000000000000160e+00 6.874408724851378393e-05
2.805499999999999883e+00 6.855151313331569270e-05
2.806000000000000050e+00 6.835944429990734473e-05
2.806500000000000217e+00 6.816787952438131714e-05
2.806999999999999940e+00 6.797681758550452077e-05
2.807500000000000107e+00 6.778625726471277919e-05
2.808000000000000274e+00 6.759619734610677650e-05
2.808499999999999996e+00 6.740663661644641944e-05
2.809000000000000163e+00 6.721757386514542998e-05
2.809499999999999886e+00 6.702900788426749640e-05
2.810000000000000053e+00 6.684093746851980868e-05
2.810500000000000220e+00 6.665336141524927740e-05
2.810999999999999943e+00 6.646627852443696364e-05
2.811500000000000110e+00 6.627968759869267150e-05
2.812000000000000277e+00 6.609358744325100434e-05
2.812500000000000000e+00 6.590797686596579468e-05
2.813000000000000167e+00 6.572285467730450701e-05
2.813499999999999890e+00 6.553821969034476832e-05
2.814000000000000057e+00 6.535407072076776806e-05
2.814500000000000224e+00 6.517040658685457183e-05
2.814999999999999947e+00 6.498722610948075458e-05
2.815500000000000114e+00 6.480452811211092538e-05
2.815999999999999837e+00 6.462231142079494629e-05
2.816500000000000004e+00 6.444057486416154910e-05
2.817000000000000171e+00 6.425931727341490653e-05
2.817499999999999893e+00 6.407853748232895377e-05
2.818000000000000060e+00 6.389823432724195385e-05
2.818500000000000227e+00 6.371840664705293337e-05
2.818999999999999950e+00 6.353905328321592268e-05
2.819500000000000117e+00 6.336017307973484654e-05
2.819999999999999840e+00 6.318176488315962102e-05
2.820500000000000007e+00 6.300382754258019040e-05
2.821000000000000174e+00 6.282635990962259689e-05
2.821499999999999897e+00 6.264936083844373585e-05
2.822000000000000064e+00 6.247282918572604317e-05
2.822500000000000231e+00 6.229676381067374125e-05
2.822999999999999954e+00 6.212116357500716045e-05
2.823500000000000121e+00 6.194602734295799574e-05
2.823999999999999844e+00 6.177135398126505118e-05
2.824500000000000011e+00 6.159714235916850724e-05
2.825000000000000178e+00 6.142339134840626156e-05
2.825499999999999901e+00 6.125009982320829115e-05
2.826000000000000068e+00 6.107726666029197676e-05
2.826500000000000234e+00 6.090489073885765761e-05
2.826999999999999957e+00 6.073297094058386096e-05
2.827500000000000124e+00 6.056150614962187427e-05
2.827999999999999847e+00 6.039049525259210639e-05
2.828500000000000014e+00 6.021993713857802278e-05
2.829000000000000181e+00 6.004983069912269637e-05
2.829499999999999904e+00 5.988017482822343405e-05
2.830000000000000071e+00 5.971096842232649112e-05
2.830500000000000238e+00 5.954221038032377127e-05
2.830999999999999961e+00 5.937389960354693801e-05
2.831500000000000128e+00 5.920603499576301013e-05
2.831999999999999851e+00 5.903861546316995705e-05
2.832500000000000018e+00 5.887163991439148795e-05
2.833000000000000185e+00 5.870510726047298598e-05
2.833499999999999908e+00 5.853901641487664289e-05
2.834000000000000075e+00 5.837336629347615325e-05
2.834500000000000242e+00 5.820815581455300781e-05
2.834999999999999964e+00 5.804338389879151294e-05
2.835500000000000131e+00 5.787904946927345773e-05
2.835999999999999854e+00 5.771515145147494268e-05
2.836500000000000021e+00 5.755168877325990163e-05
2.837000000000000188e+00 5.738866036487725566e-05
2.837499999999999911e+00 5.722606515895517368e-05
2.838000000000000078e+00 5.706390209049659324e-05
2.838500000000000245e+00 5.690217009687521582e-05
2.838999999999999968e+00 5.674086811783029584e-05
2.839500000000000135e+00 5.657999509546208025e-05
2.839999999999999858e+00 5.641954997422778345e-05
2.840500000000000025e+00 5.625953170093636954e-05
2.841000000000000192e+00 5.609993922474433749e-05
2.841499999999999915e+00 5.594077149715118104e-05
2.842000000000000082e+00 5.578202747199457079e-05
2.842500000000000249e+00 5.562370610544603773e-05
2.842999999999999972e+00 5.546580635600648730e-05
2.843500000000000139e+00 5.530832718450125955e-05
2.843999999999999861e+00 5.515126755407639541e-05
2.844500000000000028e+00 5.499462643019302591e-05
2.845000000000000195e+00 5.483840278062395698e-05
2.845499999999999918e+00 5.468259557544839073e-05
2.846000000000000085e+00 5.452720378704778513e-05
2.846500000000000252e+00 5.437222639010131395e-05
2.846999999999999975e+00 5.421766236158153670e-05
2.847500000000000142e+00 5.406351068074926903e-05
2.847999999999999865e+00 5.390977032915009968e-05
2.848500000000000032e+00 5.375644029060900339e-05
2.849000000000000199e+00 5.360351955122671561e-05
2.849499999999999922e+00 5.345100709937469769e-05
2.850000000000000089e+00 5.329890192569065779e-05
2.850500000000000256e+00 5.314720302307466133e-05
2.850999999999999979e+00 5.299590938668444857e-05
2.851500000000000146e+00 5.284502001393048793e-05
2.851999999999999869e+00 5.269453390447260141e-05
2.852500000000000036e+00 5.254445006021441487e-05
2.853000000000000203e+00 5.239476748529980042e-05
2.853499999999999925e+00 5.224548518610860746e-05
2.854000000000000092e+00 5.209660217125103152e-05
2.854500000000000259e+00 5.194811745156486317e-05
2.854999999999999982e+00 5.180003004011003308e-05
2.855500000000000149e+00 5.165233895216448528e-05
2.855999999999999872e+00 5.150504320522010466e-05
2.856500000000000039e+00 5.135814181897774993e-05
2.857000000000000206e+00 5.121163381534399425e-05
2.857499999999999929e+00 5.106551821842555516e-05
2.858000000000000096e+00 5.091979405452573700e-05
2.858500000000000263e+00 5.077446035213984343e-05
2.858999999999999986e+00 5.062951614195115906e-05
2.859500000000000153e+00 5.048496045682581985e-05
2.859999999999999876e+00 5.034079233180991964e-05
2.860500000000000043e+00 5.019701080412347925e-05
2.861000000000000210e+00 5.005361491315770892e-05
2.861499999999999932e+00 4.991060370047016999e-05
2.862000000000000099e+00 4.976797620977969276e-05
2.862500000000000266e+00 4.962573148696346946e-05
2.862999999999999989e+00 4.948386858005213466e-05
2.863500000000000156e+00 4.934238653922513033e-05
2.863999999999999879e+00 4.920128441680726348e-05
2.864500000000000046e+00 4.906056126726384081e-05
2.865000000000000213e+00 4.892021614719669785e-05
2.865499999999999936e+00 4.878024811534007214e-05
2.866000000000000103e+00 4.864065623255596157e-05
2.866500000000000270e+00 4.850143956183052614e-05
2.866999999999999993e+00 4.836259716826941235e-05
2.867500000000000160e+00 4.822412811909357902e-05
2.867999999999999883e+00 4.808603148363539416e-05
2.868500000000000050e+00 4.794830633333394579e-05
2.869000000000000217e+00 4.781095174173168771e-05
2.869499999999999940e+00 4.767396678446959445e-05
2.870000000000000107e+00 4.753735053928283803e-05
2.870500000000000274e+00 4.740110208599729818e-05
2.870999999999999996e+00 4.726522050652506965e-05
2.871500000000000163e+00 4.712970488486014579e-05
2.871999999999999886e+00 4.699455430707461022e-05
2.872500000000000053e+00 4.685976786131413067e-05
2.873000000000000220e+00 4.672534463779434043e-05
2.873499999999999943e+00 4.659128372879629826e-05
2.874000000000000110e+00 4.645758422866230064e-05
2.874500000000000277e+00 4.632424523379224973e-05
2.875000000000000000e+00 4.619126584263938428e-05
2.875500000000000167e+00 4.605864515570563795e-05
2.875999999999999890e+00 4.592638227553844083e-05
2.876500000000000057e+00 4.579447630672594226e-05
2.877000000000000224e+00 4.566292635589329059e-05
2.877499999999999947e+00 4.553173153169854715e-05
2.878000000000000114e+00 4.540089094482831553e-05
2.878500000000000281e+00 4.527040370799425179e-05
2.879000000000000004e+00 4.514026893592852440e-05
2.879500000000000171e+00 4.501048574537980945e-05
2.879999999999999893e+00 4.488105325510975343e-05
2.880500000000000060e+00 4.475197058588814179e-05
2.881000000000000227e+00 4.462323686048960561e-05
2.881499999999999950e+00 4.449485120368943395e-05
2.882000000000000117e+00 4.436681274225899303e-05
2.882499999999999840e+00 4.423912060496277182e-05
2.883000000000000007e+00 4.411177392255339469e-05
2.883500000000000174e+00 4.398477182776807743e-05
2.883999999999999897e+00 4.385811345532495450e-05
2.884500000000000064e+00 4.373179794191830858e-05
2.885000000000000231e+00 4.360582442621541957e-05
2.885499999999999954e+00 4.348019204885211260e-05
2.886000000000000121e+00 4.335489995242876679e-05
2.886499999999999844e+00 4.322994728150685262e-05
2.887000000000000011e+00 4.310533318260443924e-05
2.887500000000000178e+00 4.298105680419256916e-05
2.887999999999999901e+00 4.285711729669134160e-05
2.888500000000000068e+00 4.273351381246565019e-05
2.889000000000000234e+00 4.261024550582183552e-05
2.889499999999999957e+00 4.248731153300332121e-05
2.890000000000000124e+00 4.236471105218673789e-05
2.890499999999999847e+00 4.224244322347833178e-05
2.891000000000000014e+00 4.212050720890953980e-05
2.891500000000000181e+00 4.199890217243392669e-05
2.891999999999999904e+00 4.187762727992266524e-05
2.892500000000000071e+00 4.175668169916051797e-05
2.893000000000000238e+00 4.163606459984259809e-05
2.893499999999999961e+00 4.151577515357025627e-05
2.894000000000000128e+00 4.139581253384674387e-05
2.894499999999999851e+00 4.127617591607435333e-05
2.895000000000000018e+00 4.115686447754960027e-05
2.895500000000000185e+00 4.103787739745986922e-05
2.895999999999999908e+00 4.091921385687982899e-05
2.896500000000000075e+00 4.080087303876685190e-05
2.897000000000000242e+00 4.068285412795798482e-05
2.897499999999999964e+00 4.056515631116584949e-05
2.898000000000000131e+00 4.044777877697446837e-05
2.898499999999999854e+00 4.033072071583623564e-05
2.899000000000000021e+00 4.021398132006721447e-05
2.899500000000000188e+00 4.009755978384432491e-05
2.899999999999999911e+00 3.998145530320087825e-05
2.900500000000000078e+00 3.986566707602294502e-05
2.901000000000000245e+00 3.975019430204567545e-05
2.901499999999999968e+00 3.963503618284986389e-05
2.902000000000000135e+00 3.952019192185723256e-05
2.902499999999999858e+00 3.940566072432798530e-05
2.903000000000000025e+00 3.929144179735578635e-05
2.903500000000000192e+00 3.917753434986519218e-05
2.903999999999999915e+00 3.906393759260720622e-05
2.904500000000000082e+00 3.895065073815545708e-05
2.905000000000000249e+00 3.883767300090305434e-05
2.905499999999999972e+00 3.872500359705858381e-05
2.906000000000000139e+00 3.861264174464225856e-05
2.906499999999999861e+00 3.850058666348253763e-05
2.907000000000000028e+00 3.838883757521206698e-05
2.907500000000000195e+00 3.827739370326440661e-05
2.907999999999999918e+00 3.816625427287030360e-05
2.908500000000000085e+00 3.805541851105325363e-05
2.909000000000000252e+00 3.794488564662721063e-05
2.909499999999999975e+00 3.783465491019178241e-05
2.910000000000000142e+00 3.772472553412883575e-05
2.910499999999999865e+00 3.761509675259952837e-05
2.911000000000000032e+00 3.750576780153945717e-05
2.911500000000000199e+00 3.739673791865624585e-05
2.911999999999999922e+00 3.728800634342518098e-05
2.912500000000000089e+00 3.717957231708570197e-05
2.913000000000000256e+00 3.707143508263789085e-05
2.913499999999999979e+00 3.696359388483908427e-05
2.914000000000000146e+00 3.685604797019965853e-05
2.914499999999999869e+00 3.674879658698019722e-05
2.915000000000000036e+00 3.664183898518708657e-05
2.915500000000000203e+00 3.653517441656966945e-05
2.915999999999999925e+00 3.642880213461637613e-05
2.916500000000000092e+00 3.632272139455075338e-05
2.917000000000000259e+00 3.621693145332874038e-05
2.917499999999999982e+00 3.611143156963450139e-05
2.918000000000000149e+00 3.600622100387669875e-05
2.918499999999999872e+00 3.590129901818578238e-05
2.919000000000000039e+00 3.579666487640947002e-05
2.919500000000000206e+00 3.569231784410999608e-05
2.919999999999999929e+00 3.558825718856012041e-05
2.920500000000000096e+00 3.548448217873957075e-05
2.921000000000000263e+00 3.538099208533212895e-05
2.921499999999999986e+00 3.527778618072136192e-05
2.922000000000000153e+00 3.517486373898732159e-05
2.922499999999999876e+00 3.507222403590367179e-05
2.923000000000000043e+00 3.496986634893307357e-05
2.923500000000000210e+00 3.486778995722478647e-05
2.923999999999999932e+00 3.476599414161054169e-05
2.924500000000000099e+00 3.466447818460112018e-05
2.925000000000000266e+00 3.456324137038323545e-05
2.925499999999999989e+00 3.446228298481571862e-05
2.926000000000000156e+00 3.436160231542606926e-05
2.926499999999999879e+00 3.426119865140739930e-05
2.927000000000000046e+00 3.416107128361428597e-05
2.927500000000000213e+00 3.406121950456017646e-05
2.927999999999999936e+00 3.396164260841338321e-05
2.928500000000000103e+00 3.386233989099351950e-05
2.929000000000000270e+00 3.376331064976876873e-05
2.929499999999999993e+00 3.366455418385193375e-05
2.930000000000000160e+00 3.356606979399684551e-05
2.930499999999999883e+00 3.346785678259575419e-05
2.931000000000000050e+00 3.336991445367499913e-05
2.931500000000000217e+00 3.327224211289231192e-05
2.931999999999999940e+00 3.317483906753321141e-05
2.932500000000000107e+00 3.307770462650731064e-05
2.933000000000000274e+00 3.298083810034543693e-05
2.933499999999999996e+00 3.288423880119610825e-05
2.934000000000000163e+00 3.278790604282179945e-05
2.934499999999999886e+00 3.269183914059617759e-05
2.935000000000000053e+00 3.259603741150024622e-05
2.935500000000000220e+00 3.250050017411942481e-05
2.935999999999999943e+00 3.240522674863988958e-05
2.936500000000000110e+00 3.231021645684523281e-05
2.937000000000000277e+00 3.221546862211346771e-05
2.937500000000000000e+00 3.212098256941338956e-05
2.938000000000000167e+00 3.202675762530122149e-05
2.938499999999999890e+00 3.193279311791773456e-05
2.939000000000000057e+00 3.183908837698422940e-05
2.939500000000000224e+00 3.174564273380006972e-05
2.939999999999999947e+00 3.165245552123884009e-05
2.940500000000000114e+00 3.155952607374491720e-05
2.941000000000000281e+00 3.146685372733083389e-05
2.941500000000000004e+00 3.137443781957348441e-05
2.942000000000000171e+00 3.128227768961089897e-05
2.942499999999999893e+00 3.119037267813922826e-05
2.943000000000000060e+00 3.109872212740912495e-05
2.943500000000000227e+00 3.100732538122289084e-05
2.943999999999999950e+00 3.091618178493106848e-05
2.944500000000000117e+00 3.082529068542889711e-05
2.944999999999999840e+00 3.073465143115358862e-05
2.945500000000000007e+00 3.064426337208066840e-05
2.946000000000000174e+00 3.055412585972112248e-05
2.946499999999999897e+00 3.046423824711787733e-05
2.947000000000000064e+00 3.037459988884263866e-05
2.947500000000000231e+00 3.028521014099274050e-05
2.947999999999999954e+00 3.019606836118814670e-05
2.948500000000000121e+00 3.010717390856773752e-05
2.948999999999999844e+00 3.001852614378672452e-05
2.949500000000000011e+00 2.993012442901285579e-05
2.950000000000000178e+00 2.984196812792375635e-05
2.950499999999999901e+00 2.975405660570354334e-05
2.951000000000000068e+00 2.966638922903953954e-05
2.951500000000000234e+00 2.957896536611928509e-05
2.951999999999999957e+00 2.949178438662736952e-05
2.952500000000000124e+00 2.940484566174211481e-05
2.952999999999999847e+00 2.931814856413265141e-05
2.953500000000000014e+00 2.923169246795551997e-05
2.954000000000000181e+00 2.914547674885181511e-05
2.954499999999999904e+00 2.905950078394399044e-05
2.955000000000000071e+00 2.897376395183240267e-05
2.955500000000000238e+00 2.888826563259265189e-05
2.955999999999999961e+00 2.880300520777234256e-05
2.956500000000000128e+00 2.871798206038761063e-05
2.956999999999999851e+00 2.863319557492059942e-05
2.957500000000000018e+00 2.854864513731585803e-05
2.958000000000000185e+00 2.846433013497766808e-05
2.958499999999999908e+00 2.838024995676665898e-05
2.959000000000000075e+00 2.829640399299672475e-05
2.959500000000000242e+00 2.821279163543223895e-05
2.959999999999999964e+00 2.812941227728469703e-05
2.960500000000000131e+00 2.804626531320965691e-05
2.960999999999999854e+00 2.796335013930400804e-05
2.961500000000000021e+00 2.788066615310233267e-05
2.962000000000000188e+00 2.779821275357455778e-05
2.962499999999999911e+00 2.771598934112245855e-05
2.963000000000000078e+00 2.763399531757648034e-05
2.963500000000000245e+00 2.755223008619328562e-05
2.963999999999999968e+00 2.747069305165224728e-05
2.964500000000000135e+00 2.738938362005252468e-05
2.964999999999999858e+00 2.730830119891018034e-05
2.965500000000000025e+00 2.722744519715495105e-05
2.966000000000000192e+00 2.714681502512750688e-05
2.966499999999999915e+00 2.706641009457637812e-05
2.967000000000000082e+00 2.698622981865466544e-05
2.967500000000000249e+00 2.690627361191746489e-05
2.967999999999999972e+00 2.682654089031876436e-05
2.968500000000000139e+00 2.674703107120811985e-05
2.968999999999999861e+00 2.666774357332840913e-05
2.969500000000000028e+00 2.658867781681193874e-05
2.970000000000000195e+00 2.650983322317830614e-05
2.970499999999999918e+00 2.643120921533115723e-05
2.971000000000000085e+00 2.635280521755480160e-05
2.971500000000000252e+00 2.627462065551197640e-05
2.971999999999999975e+00 2.619665495624058692e-05
2.972500000000000142e+00 2.611890754815051837e-05
2.972999999999999865e+00 2.604137786102122694e-05
2.973500000000000032e+00 2.596406532599822287e-05
2.974000000000000199e+00 2.588696937559077673e-05
2.974499999999999922e+00 2.581008944366860582e-05
2.975000000000000089e+00 2.573342496545882483e-05
2.975500000000000256e+00 2.565697537754357756e-05
2.975999999999999979e+00 2.558074011785669620e-05
2.976500000000000146e+00 2.550471862568090951e-05
2.976999999999999869e+00 2.542891034164505105e-05
2.977500000000000036e+00 2.535331470772095557e-05
2.978000000000000203e+00 2.527793116722102979e-05
2.978499999999999925e+00 2.520275916479482693e-05
2.979000000000000092e+00 2.512779814642653281e-05
2.979500000000000259e+00 2.505304755943199436e-05
2.979999999999999982e+00 2.497850685245597867e-05
2.980500000000000149e+00 2.490417547546899156e-05
2.980999999999999872e+00 2.483005287976488551e-05
2.981500000000000039e+00 2.475613851795760366e-05
2.982000000000000206e+00 2.468243184397867605e-05
2.982499999999999929e+00 2.460893231307432607e-05
2.983000000000000096e+00 2.453563938180221114e-05
2.983500000000000263e+00 2.446255250802925767e-05
2.983999999999999986e+00 2.438967115092853719e-05
2.984500000000000153e+00 2.431699477097625095e-05
2.984999999999999876e+00 2.424452282994937850e-05
2.985500000000000043e+00 2.417225479092233704e-05
2.986000000000000210e+00 2.410019011826477236e-05
2.986499999999999932e+00 2.402832827763836041e-05
2.987000000000000099e+00 2.395666873599408325e-05
2.987500000000000266e+00 2.388521096156950841e-05
2.987999999999999989e+00 2.381395442388621386e-05
2.988500000000000156e+00 2.374289859374644060e-05
2.988999999999999879e+00 2.367204294323107326e-05
2.989500000000000046e+00 2.360138694569621816e-05
2.990000000000000213e+00 2.353093007577089594e-05
2.990499999999999936e+00 2.346067180935418537e-05
2.991000000000000103e+00 2.339061162361216390e-05
2.991500000000000270e+00 2.332074899697573244e-05
2.991999999999999993e+00 2.325108340913749832e-05
2.992500000000000160e+00 2.318161434104894277e-05
2.992999999999999883e+00 2.311234127491811023e-05
2.993500000000000050e+00 2.304326369420647095e-05
2.994000000000000217e+00 2.297438108362652559e-05
2.994499999999999940e+00 2.290569292913905401e-05
2.995000000000000107e+00 2.283719871794994403e-05
2.995500000000000274e+00 2.276889793850831438e-05
2.995999999999999996e+00 2.270079008050313672e-05
2.996500000000000163e+00 2.263287463486072848e-05
2.996999999999999886e+00 2.256515109374230654e-05
2.997500000000000053e+00 2.249761895054097865e-05
2.998000000000000220e+00 2.243027769987922601e-05
2.998499999999999943e+00 2.236312683760642654e-05
2.999000000000000110e+00 2.229616586079560567e-05
2.999500000000000277e+00 2.222939426774149835e-05
3.000000000000000000e+00 2.216281155795740484e-05
3.000500000000000167e+00 2.209641723217261911e-05
3.000999999999999890e+00 2.203021079233004700e-05
3.001500000000000057e+00 2.196419174158313319e-05
3.002000000000000224e+00 2.189835958429361485e-05
3.002499999999999947e+00 2.183271382602878065e-05
3.003000000000000114e+00 2.176725397355856037e-05
3.003500000000000281e+00 2.170197953485342423e-05
3.004000000000000004e+00 2.163689001908140474e-05
3.004500000000000171e+00 2.157198493660538279e-05
3.004999999999999893e+00 2.150726379898095994e-05
3.005500000000000060e+00 2.144272611895335146e-05
3.006000000000000227e+00 2.137837141045502822e-05
3.006499999999999950e+00 2.131419918860325688e-05
3.007000000000000117e+00 2.125020896969712176e-05
3.007500000000000284e+00 2.118640027121532928e-05
3.008000000000000007e+00 2.112277261181351107e-05
3.008500000000000174e+00 2.105932551132143885e-05
3.008999999999999897e+00 2.099605849074080528e-05
3.009500000000000064e+00 2.093297107224238805e-05
3.010000000000000231e+00 2.087006277916360025e-05
3.010499999999999954e+00 2.080733313600609838e-05
3.011000000000000121e+00 2.074478166843274658e-05
3.011499999999999844e+00 2.068240790326571926e-05
3.012000000000000011e+00 2.062021136848337725e-05
3.012500000000000178e+00 2.055819159321812988e-05
3.012999999999999901e+00 2.049634810775381261e-05
3.013500000000000068e+00 2.043468044352289174e-05
3.014000000000000234e+00 2.037318813310442484e-05
3.014499999999999957e+00 2.031187071022120448e-05
3.015000000000000124e+00 2.025072770973719688e-05
3.015499999999999847e+00 2.018975866765534632e-05
3.016000000000000014e+00 2.012896312111475629e-05
3.016500000000000181e+00 2.006834060838847019e-05
3.016999999999999904e+00 2.000789066888077443e-05
3.017500000000000071e+00 1.994761284312470816e-05
3.018000000000000238e+00 1.988750667277975928e-05
3.018499999999999961e+00 1.982757170062931324e-05
3.019000000000000128e+00 1.976780747057796283e-05
3.019499999999999851e+00 1.970821352764944143e-05
3.020000000000000018e+00 1.964878941798368887e-05
3.020500000000000185e+00 1.958953468883488974e-05
3.020999999999999908e+00 1.953044888856866120e-05
3.021500000000000075e+00 1.947153156665965083e-05
3.022000000000000242e+00 1.941278227368928348e-05
3.022499999999999964e+00 1.935420056134313214e-05
3.023000000000000131e+00 1.929578598240849196e-05
3.023499999999999854e+00 1.923753809077207301e-05
3.024000000000000021e+00 1.917945644141735409e-05
3.024500000000000188e+00 1.912154059042251261e-05
3.024999999999999911e+00 1.906379009495772086e-05
3.025500000000000078e+00 1.900620451328268284e-05
3.026000000000000245e+00 1.894878340474447599e-05
3.026499999999999968e+00 1.889152632977502709e-05
3.027000000000000135e+00 1.883443284988863548e-05
3.027499999999999858e+00 1.877750252767971997e-05
3.028000000000000025e+00 1.872073492682025403e-05
3.028500000000000192e+00 1.866412961205762451e-05
3.028999999999999915e+00 1.860768614921202950e-05
3.029500000000000082e+00 1.855140410517413041e-05
3.030000000000000249e+00 1.849528304790281239e-05
3.030499999999999972e+00 1.843932254642277876e-05
3.031000000000000139e+00 1.838352217082197602e-05
3.031499999999999861e+00 1.832788149224955760e-05
3.032000000000000028e+00 1.827240008291329193e-05
3.032500000000000195e+00 1.821707751607727207e-05
3.032999999999999918e+00 1.816191336605976761e-05
3.033500000000000085e+00 1.810690720823041595e-05
3.034000000000000252e+00 1.805205861900839945e-05
3.034499999999999975e+00 1.799736717585992467e-05
3.035000000000000142e+00 1.794283245729560335e-05
3.035499999999999865e+00 1.788845404286868042e-05
3.036000000000000032e+00 1.783423151317215747e-05
3.036500000000000199e+00 1.778016444983697669e-05
3.036999999999999922e+00 1.772625243552940189e-05
3.037500000000000089e+00 1.767249505394866371e-05
3.038000000000000256e+00 1.761889188982492338e-05
3.038499999999999979e+00 1.756544252891680951e-05
3.039000000000000146e+00 1.751214655800911082e-05
3.039499999999999869e+00 1.745900356491058398e-05
3.040000000000000036e+00 1.740601313845152096e-05
3.040500000000000203e+00 1.735317486848165515e-05
3.040999999999999925e+00 1.730048834586782693e-05
3.041500000000000092e+00 1.724795316249153407e-05
3.042000000000000259e+00 1.719556891124692931e-05
3.042499999999999982e+00 1.714333518603847244e-05
3.043000000000000149e+00 1.709125158177849079e-05
3.043499999999999872e+00 1.703931769438526498e-05
3.044000000000000039e+00 1.698753312078037935e-05
3.044500000000000206e+00 1.693589745888687210e-05
3.044999999999999929e+00 1.688441030762684661e-05
3.045500000000000096e+00 1.683307126691896085e-05
3.046000000000000263e+00 1.678187993767665540e-05
3.046499999999999986e+00 1.673083592180572753e-05
3.047000000000000153e+00 1.667993882220186465e-05
3.047499999999999876e+00 1.662918824274891633e-05
3.048000000000000043e+00 1.657858378831617032e-05
3.048500000000000210e+00 1.652812506475661097e-05
3.048999999999999932e+00 1.647781167890441205e-05
3.049500000000000099e+00 1.642764323857268702e-05
3.050000000000000266e+00 1.637761935255160523e-05
3.050499999999999989e+00 1.632773963060596943e-05
3.051000000000000156e+00 1.627800368347290502e-05
3.051499999999999879e+00 1.622841112286009486e-05
3.052000000000000046e+00 1.617896156144312637e-05
3.052500000000000213e+00 1.612965461286365853e-05
3.052999999999999936e+00 1.608048989172717217e-05
3.053500000000000103e+00 1.603146701360050680e-05
3.054000000000000270e+00 1.598258559501023092e-05
3.054499999999999993e+00 1.593384525344010769e-05
3.055000000000000160e+00 1.588524560732891636e-05
3.055499999999999883e+00 1.583678627606858883e-05
3.056000000000000050e+00 1.578846688000169559e-05
3.056500000000000217e+00 1.574028704041965685e-05
3.056999999999999940e+00 1.569224637956047585e-05
3.057500000000000107e+00 1.564434452060635024e-05
3.058000000000000274e+00 1.559658108768196443e-05
3.058499999999999996e+00 1.554895570585215862e-05
3.059000000000000163e+00 1.550146800111967560e-05
3.059499999999999886e+00 1.545411760042334821e-05
3.060000000000000053e+00 1.540690413163565639e-05
3.060500000000000220e+00 1.535982722356088410e-05
3.060999999999999943e+00 1.531288650593291026e-05
3.061500000000000110e+00 1.526608160941305724e-05
3.062000000000000277e+00 1.521941216558804278e-05
3.062500000000000000e+00 1.517287780696802333e-05
3.063000000000000167e+00 1.512647816698412579e-05
3.063499999999999890e+00 1.508021287998685508e-05
3.064000000000000057e+00 1.503408158124357340e-05
3.064500000000000224e+00 1.498808390693672482e-05
3.064999999999999947e+00 1.494221949416168043e-05
3.065500000000000114e+00 1.489648798092451236e-05
3.066000000000000281e+00 1.485088900614016925e-05
3.066500000000000004e+00 1.480542220963032988e-05
3.067000000000000171e+00 1.476008723212119241e-05
3.067499999999999893e+00 1.471488371524169390e-05
3.068000000000000060e+00 1.466981130152120981e-05
3.068500000000000227e+00 1.462486963438773114e-05
3.068999999999999950e+00 1.458005835816566556e-05
3.069500000000000117e+00 1.453537711807379097e-05
3.070000000000000284e+00 1.449082556022340218e-05
3.070500000000000007e+00 1.444640333161610190e-05
3.071000000000000174e+00 1.440211008014179487e-05
3.071499999999999897e+00 1.435794545457680924e-05
3.072000000000000064e+00 1.431390910458171456e-05
3.072500000000000231e+00 1.427000068069939393e-05
3.072999999999999954e+00 1.422621983435305689e-05
3.073500000000000121e+00 1.418256621784413876e-05
3.073999999999999844e+00 1.413903948435042022e-05
3.074500000000000011e+00 1.409563928792388603e-05
3.075000000000000178e+00 1.405236528348890390e-05
3.075499999999999901e+00 1.400921712684016788e-05
3.076000000000000068e+00 1.396619447464056895e-05
3.076500000000000234e+00 1.392329698441944841e-05
3.076999999999999957e+00 1.388052431457053453e-05
3.077500000000000124e+00 1.383787612434982662e-05
3.077999999999999847e+00 1.379535207387387223e-05
3.078500000000000014e+00 1.375295182411760716e-05
3.079000000000000181e+00 1.371067503691246322e-05
3.079499999999999904e+00 1.366852137494451321e-05
3.080000000000000071e+00 1.362649050175229915e-05
3.080500000000000238e+00 1.358458208172502297e-05
3.080999999999999961e+00 1.354279578010067971e-05
3.081500000000000128e+00 1.350113126296387046e-05
3.081999999999999851e+00 1.345958819724415060e-05
3.082500000000000018e+00 1.341816625071382250e-05
3.083000000000000185e+00 1.337686509198622618e-05
3.083499999999999908e+00 1.333568439051372335e-05
3.084000000000000075e+00 1.329462381658573741e-05
3.084500000000000242e+00 1.325368304132686964e-05
3.084999999999999964e+00 1.321286173669511193e-05
3.085500000000000131e+00 1.317215957547959372e-05
3.085999999999999854e+00 1.313157623129910983e-05
3.086500000000000021e+00 1.309111137859984024e-05
3.087000000000000188e+00 1.305076469265372381e-05
3.087499999999999911e+00 1.301053584955640674e-05
3.088000000000000078e+00 1.297042452622532492e-05
3.088500000000000245e+00 1.293043040039802677e-05
3.088999999999999968e+00 1.289055315063009126e-05
3.089500000000000135e+00 1.285079245629322207e-05
3.089999999999999858e+00 1.281114799757356199e-05
3.090500000000000025e+00 1.277161945546963974e-05
3.091000000000000192e+00 1.273220651179057592e-05
3.091499999999999915e+00 1.269290884915429581e-05
3.092000000000000082e+00 1.265372615098547441e-05
3.092500000000000249e+00 1.261465810151380855e-05
3.092999999999999972e+00 1.257570438577223471e-05
3.093500000000000139e+00 1.253686468959484530e-05
3.093999999999999861e+00 1.249813869961532001e-05
3.094500000000000028e+00 1.245952610326478274e-05
3.095000000000000195e+00 1.242102658877028377e-05
3.095499999999999918e+00 1.238263984515275842e-05
3.096000000000000085e+00 1.234436556222512117e-05
3.096500000000000252e+00 1.230620343059072074e-05
3.096999999999999975e+00 1.226815314164127665e-05
3.097500000000000142e+00 1.223021438755511237e-05
3.097999999999999865e+00 1.219238686129539684e-05
3.098500000000000032e+00 1.215467025660823356e-05
3.099000000000000199e+00 1.211706426802096319e-05
3.099499999999999922e+00 1.207956859084032542e-05
3.100000000000000089e+00 1.204218292115050914e-05
3.100500000000000256e+00 1.200490695581161592e-05
3.100999999999999979e+00 1.196774039245768979e-05
3.101500000000000146e+00 1.193068292949486903e-05
3.101999999999999869e+00 1.189373426609979545e-05
3.102500000000000036e+00 1.185689410221764250e-05
3.103000000000000203e+00 1.182016213856049569e-05
3.103499999999999925e+00 1.178353807660544684e-05
3.104000000000000092e+00 1.174702161859283391e-05
3.104500000000000259e+00 1.171061246752456048e-05
3.104999999999999982e+00 1.167431032716231698e-05
3.105500000000000149e+00 1.163811490202557834e-05
3.105999999999999872e+00 1.160202589739029952e-05
3.106500000000000039e+00 1.156604301928667934e-05
3.107000000000000206e+00 1.153016597449771886e-05
3.107499999999999929e+00 1.149439447055745447e-05
3.108000000000000096e+00 1.145872821574896564e-05
3.108500000000000263e+00 1.142316691910295868e-05
3.108999999999999986e+00 1.138771029039582029e-05
3.109500000000000153e+00 1.135235804014791501e-05
3.109999999999999876e+00 1.131710987962192163e-05
3.110500000000000043e+00 1.128196552082097653e-05
3.111000000000000210e+00 1.124692467648715574e-05
3.111499999999999932e+00 1.121198706009959460e-05
3.112000000000000099e+00 1.117715238587272756e-05
3.112500000000000266e+00 1.114242036875473475e-05
3.112999999999999989e+00 1.110779072442577000e-05
3.113500000000000156e+00 1.107326316929612107e-05
3.113999999999999879e+00 1.103883742050479848e-05
3.114500000000000046e+00 1.100451319591746030e-05
3.115000000000000213e+00 1.097029021412505350e-05
3.115499999999999936e+00 1.093616819444198606e-05
3.116000000000000103e+00 1.090214685690432617e-05
3.116500000000000270e+00 1.086822592226833346e-05
3.116999999999999993e+00 1.083440511200861929e-05
3.117500000000000160e+00 1.080068414831645943e-05
3.117999999999999883e+00 1.076706275409833036e-05
3.118500000000000050e+00 1.073354065297390694e-05
3.119000000000000217e+00 1.070011756927464275e-05
3.119499999999999940e+00 1.066679322804211160e-05
3.120000000000000107e+00 1.063356735502608648e-05
3.120500000000000274e+00 1.060043967668321308e-05
3.120999999999999996e+00 1.056740992017514293e-05
3.121500000000000163e+00 1.053447781336690035e-05
3.121999999999999886e+00 1.050164308482536963e-05
3.122500000000000053e+00 1.046890546381743323e-05
3.123000000000000220e+00 1.043626468030853357e-05
3.123499999999999943e+00 1.040372046496096367e-05
3.124000000000000110e+00 1.037127254913211212e-05
3.124500000000000277e+00 1.033892066487306716e-05
3.125000000000000000e+00 1.030666454492682267e-05
3.125500000000000167e+00 1.027450392272660105e-05
3.125999999999999890e+00 1.024243853239448779e-05
3.126500000000000057e+00 1.021046810873946468e-05
3.127000000000000224e+00 1.017859238725610704e-05
3.127499999999999947e+00 1.014681110412284226e-05
3.128000000000000114e+00 1.011512399620025061e-05
3.128500000000000281e+00 1.008353080102963040e-05
3.129000000000000004e+00 1.005203125683132932e-05
3.129500000000000171e+00 1.002062510250305545e-05
3.129999999999999893e+00 9.989312077618462684e-06
3.130500000000000060e+00 9.958091922425341537e-06
3.131000000000000227e+00 9.926964377844265527e-06
3.131499999999999950e+00 9.895929185466841230e-06
3.132000000000000117e+00 9.864986087554159899e-06
3.132500000000000284e+00 9.834134827035225369e-06
3.133000000000000007e+00 9.803375147505464978e-06
3.133500000000000174e+00 9.772706793224976204e-06
3.133999999999999897e+00 9.742129509117159557e-06
3.134500000000000064e+00 9.711643040766958440e-06
3.135000000000000231e+00 9.681247134419458165e-06
3.135499999999999954e+00 9.650941536978286745e-06
3.136000000000000121e+00 9.620725996003924222e-06
3.136499999999999844e+00 9.590600259712425341e-06
3.137000000000000011e+00 9.560564076973528970e-06
3.137500000000000178e+00 9.530617197309409577e-06
3.137999999999999901e+00 9.500759370893037371e-06
3.138500000000000068e+00 9.470990348546474071e-06
3.139000000000000234e+00 9.441309881739598975e-06
3.139499999999999957e+00 9.411717722588457236e-06
3.140000000000000124e+00 9.382213623853640343e-06
3.140499999999999847e+00 9.352797338938935947e-06
3.141000000000000014e+00 9.323468621889659206e-06
3.141500000000000181e+00 9.294227227391211137e-06
3.141999999999999904e+00 9.265072910767548872e-06
3.142500000000000071e+00 9.236005427979618649e-06
3.143000000000000238e+00 9.207024535623948040e-06
3.143499999999999961e+00 9.178129990931048452e-06
3.144000000000000128e+00 9.149321551763917569e-06
3.144499999999999851e+00 9.120598976616601090e-06
3.145000000000000018e+00 9.091962024612583370e-06
3.145500000000000185e+00 9.063410455503459267e-06
3.145999999999999908e+00 9.034944029667312925e-06
3.146500000000000075e+00 9.006562508107198196e-06
3.147000000000000242e+00 8.978265652449774915e-06
3.147499999999999964e+00 8.950053224943789327e-06
3.148000000000000131e+00 8.921924988458471495e-06
3.148499999999999854e+00 8.893880706482285085e-06
3.149000000000000021e+00 8.865920143121223132e-06
3.149500000000000188e+00 8.838043063097513776e-06
3.149999999999999911e+00 8.810249231748053247e-06
3.150500000000000078e+00 8.782538415022940505e-06
3.151000000000000245e+00 8.754910379484089793e-06
3.151499999999999968e+00 8.727364892303743251e-06
3.152000000000000135e+00 8.699901721262927621e-06
3.152499999999999858e+00 8.672520634750165063e-06
3.153000000000000025e+00 8.645221401759826523e-06
3.153500000000000192e+00 8.618003791890905228e-06
3.153999999999999915e+00 8.590867575345412409e-06
3.154500000000000082e+00 8.563812522926962751e-06
3.155000000000000249e+00 8.536838406039419145e-06
3.155499999999999972e+00 8.509944996685374802e-06
3.156000000000000139e+00 8.483132067464721769e-06
3.156499999999999861e+00 8.456399391573324475e-06
3.157000000000000028e+00 8.429746742801432388e-06
3.157500000000000195e+00 8.403173895532412862e-06
3.157999999999999918e+00 8.376680624741278982e-06
3.158500000000000085e+00 8.350266705993178470e-06
3.159000000000000252e+00 8.323931915442162087e-06
3.159499999999999975e+00 8.297676029829653902e-06
3.160000000000000142e+00 8.271498826482996081e-06
3.160499999999999865e+00 8.245400083314244412e-06
3.161000000000000032e+00 8.219379578818497952e-06
3.161500000000000199e+00 8.193437092072743678e-06
3.161999999999999922e+00 8.167572402734365704e-06
3.162500000000000089e+00 8.141785291039669757e-06
3.163000000000000256e+00 8.116075537802639722e-06
3.163499999999999979e+00 8.090442924413496003e-06
3.164000000000000146e+00 8.064887232837231843e-06
3.164499999999999869e+00 8.039408245612374965e-06
3.165000000000000036e+00 8.014005745849498485e-06
3.165500000000000203e+00 7.988679517229879215e-06
3.165999999999999925e+00 7.963429344004218643e-06
3.166500000000000092e+00 7.938255010991052203e-06
3.167000000000000259e+00 7.913156303575622722e-06
3.167499999999999982e+00 7.888133007708435384e-06
3.168000000000000149e+00 7.863184909903765253e-06
3.168499999999999872e+00 7.838311797238534115e-06
3.169000000000000039e+00 7.813513457350736681e-06
3.169500000000000206e+00 7.788789678438280160e-06
3.169999999999999929e+00 7.764140249257517196e-06
3.170500000000000096e+00 7.739564959121880447e-06
3.171000000000000263e+00 7.715063597900622205e-06
3.171499999999999986e+00 7.690635956017501492e-06
3.172000000000000153e+00 7.666281824449264483e-06
3.172499999999999876e+00 7.642000994724565388e-06
3.173000000000000043e+00 7.617793258922373182e-06
3.173500000000000210e+00 7.593658409670862836e-06
3.173999999999999932e+00 7.569596240146006707e-06
3.174500000000000099e+00 7.545606544070171847e-06
3.175000000000000266e+00 7.521689115710935851e-06
3.175499999999999989e+00 7.497843749879718054e-06
3.176000000000000156e+00 7.474070241930372609e-06
3.176499999999999879e+00 7.450368387758086496e-06
3.177000000000000046e+00 7.426737983797811662e-06
3.177500000000000213e+00 7.403178827023195225e-06
3.177999999999999936e+00 7.379690714945136969e-06
3.178500000000000103e+00 7.356273445610499318e-06
3.179000000000000270e+00 7.332926817600894384e-06
3.179499999999999993e+00 7.309650630031299912e-06
3.180000000000000160e+00 7.286444682548777725e-06
3.180499999999999883e+00 7.263308775331271777e-06
3.181000000000000050e+00 7.240242709086168205e-06
3.181500000000000217e+00 7.217246285049186556e-06
3.181999999999999940e+00 7.194319304982994043e-06
3.182500000000000107e+00 7.171461571175879096e-06
3.183000000000000274e+00 7.148672886440635812e-06
3.183499999999999996e+00 7.125953054113173132e-06
3.184000000000000163e+00 7.103301878051212104e-06
3.184499999999999886e+00 7.080719162633174574e-06
3.185000000000000053e+00 7.058204712756740690e-06
3.185500000000000220e+00 7.035758333837718112e-06
3.185999999999999943e+00 7.013379831808746053e-06
3.186500000000000110e+00 6.991069013117968826e-06
3.187000000000000277e+00 6.968825684727890650e-06
3.187500000000000000e+00 6.946649654114089017e-06
3.188000000000000167e+00 6.924540729263889921e-06
3.188499999999999890e+00 6.902498718675253173e-06
3.189000000000000057e+00 6.880523431355410364e-06
3.189500000000000224e+00 6.858614676819728997e-06
3.189999999999999947e+00 6.836772265090397896e-06
3.190500000000000114e+00 6.814996006695198152e-06
3.191000000000000281e+00 6.793285712666337613e-06
3.191500000000000004e+00 6.771641194539153229e-06
3.192000000000000171e+00 6.750062264350883697e-06
3.192499999999999893e+00 6.728548734639528512e-06
3.193000000000000060e+00 6.707100418442484241e-06
3.193500000000000227e+00 6.685717129295494203e-06
3.193999999999999950e+00 6.664398681231321171e-06
3.194500000000000117e+00 6.643144888778504769e-06
3.195000000000000284e+00 6.621955566960285747e-06
3.195500000000000007e+00 6.600830531293286297e-06
3.196000000000000174e+00 6.579769597786309814e-06
3.196499999999999897e+00 6.558772582939228734e-06
3.197000000000000064e+00 6.537839303741645382e-06
3.197500000000000231e+00 6.516969577671822167e-06
3.197999999999999954e+00 6.496163222695440677e-06
3.198500000000000121e+00 6.475420057264348917e-06
3.199000000000000288e+00 6.454739900315467795e-06
3.199500000000000011e+00 6.434122571269576469e-06
3.200000000000000178e+00 6.413567890030042650e-06
3.200499999999999901e+00 6.393075676981813784e-06
3.201000000000000068e+00 6.372645752990018601e-06
3.201500000000000234e+00 6.352277939398989639e-06
3.201999999999999957e+00 6.331972058031013021e-06
3.202500000000000124e+00 6.311727931185058757e-06
3.202999999999999847e+00 6.291545381635806654e-06
3.203500000000000014e+00 6.271424232632279202e-06
3.204000000000000181e+00 6.251364307896856479e-06
3.204499999999999904e+00 6.231365431624006448e-06
3.205000000000000071e+00 6.211427428479094026e-06
3.205500000000000238e+00 6.191550123597359564e-06
3.205999999999999961e+00 6.171733342582664392e-06
3.206500000000000128e+00 6.151976911506305817e-06
3.206999999999999851e+00 6.132280656906010853e-06
3.207500000000000018e+00 6.112644405784624161e-06
3.208000000000000185e+00 6.093067985609092460e-06
3.208499999999999908e+00 6.073551224309276141e-06
3.209000000000000075e+00 6.054093950276759180e-06
3.209500000000000242e+00 6.034695992363797976e-06
3.209999999999999964e+00 6.015357179882165998e-06
3.210500000000000131e+00 5.996077342601952687e-06
3.210999999999999854e+00 5.976856310750536857e-06
3.211500000000000021e+00 5.957693915011383905e-06
3.212000000000000188e+00 5.938589986522950601e-06
3.212499999999999911e+00 5.919544356877600035e-06
3.213000000000000078e+00 5.900556858120385281e-06
3.213500000000000245e+00 5.881627322748043965e-06
3.213999999999999968e+00 5.862755583707812423e-06
3.214500000000000135e+00 5.843941474396310157e-06
3.214999999999999858e+00 5.825184828658509841e-06
3.215500000000000025e+00 5.806485480786500655e-06
3.216000000000000192e+00 5.787843265518531987e-06
3.216499999999999915e+00 5.769258018037817417e-06
3.217000000000000082e+00 5.750729573971398002e-06
3.217500000000000249e+00 5.732257769389184282e-06
3.217999999999999972e+00 5.713842440802752646e-06
3.218500000000000139e+00 5.695483425164231483e-06
3.218999999999999861e+00 5.677180559865340646e-06
3.219500000000000028e+00 5.658933682736152244e-06
3.220000000000000195e+00 5.640742632044119097e-06
3.220499999999999918e+00 5.622607246492956647e-06
3.221000000000000085e+00 5.604527365221509634e-06
3.221500000000000252e+00 5.586502827802756829e-06
3.221999999999999975e+00 5.568533474242709043e-06
3.222500000000000142e+00 5.550619144979267331e-06
3.222999999999999865e+00 5.532759680881299721e-06
3.223500000000000032e+00 5.514954923247385070e-06
3.224000000000000199e+00 5.497204713804914354e-06
3.224499999999999922e+00 5.479508894708967510e-06
3.225000000000000089e+00 5.461867308541166551e-06
3.225500000000000256e+00 5.444279798308759073e-06
3.225999999999999979e+00 5.426746207443497634e-06
3.226500000000000146e+00 5.409266379800533529e-06
3.226999999999999869e+00 5.391840159657472347e-06
3.227500000000000036e+00 5.374467391713199983e-06
3.228000000000000203e+00 5.357147921086969538e-06
3.228499999999999925e+00 5.339881593317269680e-06
3.229000000000000092e+00 5.322668254360752306e-06
3.229500000000000259e+00 5.305507750591309270e-06
3.229999999999999982e+00 5.288399928798935668e-06
3.230500000000000149e+00 5.271344636188709161e-06
3.230999999999999872e+00 5.254341720379815891e-06
3.231500000000000039e+00 5.237391029404420535e-06
3.232000000000000206e+00 5.220492411706729491e-06
3.232499999999999929e+00 5.203645716141937162e-06
3.233000000000000096e+00 5.186850791975145150e-06
3.233500000000000263e+00 5.170107488880425432e-06
3.233999999999999986e+00 5.153415656939769195e-06
3.234500000000000153e+00 5.136775146642009408e-06
3.234999999999999876e+00 5.120185808881941602e-06
3.235500000000000043e+00 5.103647494959133793e-06
3.236000000000000210e+00 5.087160056577077748e-06
3.236499999999999932e+00 5.070723345842112411e-06
3.237000000000000099e+00 5.054337215262371039e-06
3.237500000000000266e+00 5.038001517746872339e-06
3.237999999999999989e+00 5.021716106604454047e-06
3.238500000000000156e+00 5.005480835542770047e-06
3.238999999999999879e+00 4.989295558667352704e-06
3.239500000000000046e+00 4.973160130480553224e-06
3.240000000000000213e+00 4.957074405880570954e-06
3.240499999999999936e+00 4.941038240160516569e-06
3.241000000000000103e+00 4.925051489007291439e-06
3.241500000000000270e+00 4.909114008500756697e-06
3.241999999999999993e+00 4.893225655112649033e-06
3.242500000000000160e+00 4.877386285705613383e-06
3.242999999999999883e+00 4.861595757532277123e-06
3.243500000000000050e+00 4.845853928234183652e-06
3.244000000000000217e+00 4.830160655840901317e-06
3.244499999999999940e+00 4.814515798769023064e-06
3.245000000000000107e+00 4.798919215821149154e-06
3.245500000000000274e+00 4.783370766184989306e-06
3.245999999999999996e+00 4.767870309432367432e-06
3.246500000000000163e+00 4.752417705518238237e-06
3.246999999999999886e+00 4.737012814779760560e-06
3.247500000000000053e+00 4.721655497935292794e-06
3.248000000000000220e+00 4.706345616083496728e-06
3.248499999999999943e+00 4.691083030702330420e-06
3.249000000000000110e+00 4.675867603648096984e-06
3.249500000000000277e+00 4.660699197154530636e-06
3.250000000000000000e+00 4.645577673831834471e-06
3.250500000000000167e+00 4.630502896665685194e-06
3.250999999999999890e+00 4.615474729016366607e-06
3.251500000000000057e+00 4.600493034617765028e-06
3.252000000000000224e+00 4.585557677576451110e-06
3.252499999999999947e+00 4.570668522370782827e-06
3.253000000000000114e+00 4.555825433849854311e-06
3.253500000000000281e+00 4.541028277232703875e-06
3.254000000000000004e+00 4.526276918107288256e-06
3.254500000000000171e+00 4.511571222429561044e-06
3.254999999999999893e+00 4.496911056522604470e-06
3.255500000000000060e+00 4.482296287075612123e-06
3.256000000000000227e+00 4.467726781143046998e-06
3.256499999999999950e+00 4.453202406143697901e-06
3.257000000000000117e+00 4.438723029859696891e-06
3.257500000000000284e+00 4.424288520435715447e-06
3.258000000000000007e+00 4.409898746377970049e-06
3.258500000000000174e+00 4.395553576553288748e-06
3.258999999999999897e+00 4.381252880188302252e-06
3.259500000000000064e+00 4.366996526868413084e-06
3.260000000000000231e+00 4.352784386536990056e-06
3.260499999999999954e+00 4.338616329494401802e-06
3.261000000000000121e+00 4.324492226397117231e-06
3.261500000000000288e+00 4.310411948256842401e-06
3.262000000000000011e+00 4.296375366439606566e-06
3.262500000000000178e+00 4.282382352664819436e-06
3.262999999999999901e+00 4.268432779004452934e-06
3.263500000000000068e+00 4.254526517882085751e-06
3.264000000000000234e+00 4.240663442072038520e-06
3.264499999999999957e+00 4.226843424698521703e-06
3.265000000000000124e+00 4.213066339234642023e-06
3.265499999999999847e+00 4.199332059501653682e-06
3.266000000000000014e+00 4.185640459667959715e-06
3.266500000000000181e+00 4.171991414248307303e-06
3.266999999999999904e+00 4.158384798102890771e-06
3.267500000000000071e+00 4.144820486436422387e-06
3.268000000000000238e+00 4.131298354797353095e-06
3.268499999999999961e+00 4.117818279076934852e-06
3.269000000000000128e+00 4.104380135508327848e-06
3.269499999999999851e+00 4.090983800665833101e-06
3.270000000000000018e+00 4.077629151463887873e-06
3.270500000000000185e+00 4.064316065156324516e-06
3.270999999999999908e+00 4.051044419335459914e-06
3.271500000000000075e+00 4.037814091931192540e-06
3.272000000000000242e+00 4.024624961210220653e-06
3.272499999999999964e+00 4.011476905775135118e-06
3.273000000000000131e+00 3.998369804563555438e-06
3.273499999999999854e+00 3.985303536847356409e-06
3.274000000000000021e+00 3.972277982231694034e-06
3.274500000000000188e+00 3.959293020654253359e-06
3.274999999999999911e+00 3.946348532384398896e-06
3.275500000000000078e+00 3.933444398022236959e-06
3.276000000000000245e+00 3.920580498497893145e-06
3.276499999999999968e+00 3.907756715070594150e-06
3.277000000000000135e+00 3.894972929327834289e-06
3.277499999999999858e+00 3.882229023184589449e-06
3.278000000000000025e+00 3.869524878882403987e-06
3.278500000000000192e+00 3.856860378988624168e-06
3.278999999999999915e+00 3.844235406395548586e-06
3.279500000000000082e+00 3.831649844319551490e-06
3.280000000000000249e+00 3.819103576300339931e-06
3.280499999999999972e+00 3.806596486200070312e-06
3.281000000000000139e+00 3.794128458202502621e-06
3.281499999999999861e+00 3.781699376812271140e-06
3.282000000000000028e+00 3.769309126853940422e-06
3.282500000000000195e+00 3.756957593471297599e-06
3.282999999999999918e+00 3.744644662126491371e-06
3.283500000000000085e+00 3.732370218599180313e-06
3.284000000000000252e+00 3.720134148985787915e-06
3.284499999999999975e+00 3.707936339698661471e-06
3.285000000000000142e+00 3.695776677465232674e-06
3.285499999999999865e+00 3.683655049327277734e-06
3.286000000000000032e+00 3.671571342640028410e-06
3.286500000000000199e+00 3.659525445071455429e-06
3.286999999999999922e+00 3.647517244601429493e-06
3.287500000000000089e+00 3.635546629520870014e-06
3.288000000000000256e+00 3.623613488431044195e-06
3.288499999999999979e+00 3.611717710242706017e-06
3.289000000000000146e+00 3.599859184175303845e-06
3.289499999999999869e+00 3.588037799756236729e-06
3.290000000000000036e+00 3.576253446819990009e-06
3.290500000000000203e+00 3.564506015507415336e-06
3.290999999999999925e+00 3.552795396264912014e-06
3.291500000000000092e+00 3.541121479843636298e-06
3.292000000000000259e+00 3.529484157298732283e-06
3.292499999999999982e+00 3.517883319988551792e-06
3.293000000000000149e+00 3.506318859573858585e-06
3.293499999999999872e+00 3.494790668017071112e-06
3.294000000000000039e+00 3.483298637581459103e-06
3.294500000000000206e+00 3.471842660830406226e-06
3.294999999999999929e+00 3.460422630626624040e-06
3.295500000000000096e+00 3.449038440131344772e-06
3.296000000000000263e+00 3.437689982803609811e-06
3.296499999999999986e+00 3.426377152399481542e-06
3.297000000000000153e+00 3.415099842971243748e-06
3.297499999999999876e+00 3.403857948866704502e-06
3.298000000000000043e+00 3.392651364728355485e-06
3.298500000000000210e+00 3.381479985492689704e-06
3.298999999999999932e+00 3.370343706389417561e-06
3.299500000000000099e+00 3.359242422940652005e-06
3.300000000000000266e+00 3.348176030960243195e-06
3.300499999999999989e+00 3.337144426552995410e-06
3.301000000000000156e+00 3.326147506113856866e-06
3.301499999999999879e+00 3.315185166327274700e-06
3.302000000000000046e+00 3.304257304166345396e-06
3.302500000000000213e+00 3.293363816892158333e-06
3.302999999999999936e+00 3.282504602052997035e-06
3.303500000000000103e+00 3.271679557483581922e-06
3.304000000000000270e+00 3.260888581304397767e-06
3.304499999999999993e+00 3.250131571920902990e-06
3.305000000000000160e+00 3.239408428022776646e-06
3.305499999999999883e+00 3.228719048583255198e-06
3.306000000000000050e+00 3.218063332858315554e-06
3.306500000000000217e+00 3.207441180386003368e-06
3.306999999999999940e+00 3.196852490985689351e-06
3.307500000000000107e+00 3.186297164757301850e-06
3.308000000000000274e+00 3.175775102080654312e-06
3.308499999999999996e+00 3.165286203614703702e-06
3.309000000000000163e+00 3.154830370296789869e-06
3.309499999999999886e+00 3.144407503341973590e-06
3.310000000000000053e+00 3.134017504242264499e-06
3.310500000000000220e+00 3.123660274765946849e-06
3.310999999999999943e+00 3.113335716956829886e-06
3.311500000000000110e+00 3.103043733133533805e-06
3.312000000000000277e+00 3.092784225888808729e-06
3.312500000000000000e+00 3.082557098088790597e-06
3.313000000000000167e+00 3.072362252872289227e-06
3.313499999999999890e+00 3.062199593650121283e-06
3.314000000000000057e+00 3.052069024104334811e-06
3.314500000000000224e+00 3.041970448187585404e-06
3.314999999999999947e+00 3.031903770122378104e-06
3.315500000000000114e+00 3.021868894400353356e-06
3.316000000000000281e+00 3.011865725781650884e-06
3.316500000000000004e+00 3.001894169294156680e-06
3.317000000000000171e+00 2.991954130232818176e-06
3.317499999999999893e+00 2.982045514158964080e-06
3.318000000000000060e+00 2.972168226899586513e-06
3.318500000000000227e+00 2.962322174546676934e-06
3.318999999999999950e+00 2.952507263456529461e-06
3.319500000000000117e+00 2.942723400249017920e-06
3.320000000000000284e+00 2.932970491806959308e-06
3.320500000000000007e+00 2.923248445275403126e-06
3.321000000000000174e+00 2.913557168060941051e-06
3.321499999999999897e+00 2.903896567831048367e-06
3.322000000000000064e+00 2.894266552513358057e-06
3.322500000000000231e+00 2.884667030295045433e-06
3.322999999999999954e+00 2.875097909622115360e-06
3.323500000000000121e+00 2.865559099198706418e-06
3.324000000000000288e+00 2.856050507986463670e-06
3.324500000000000011e+00 2.846572045203833091e-06
3.325000000000000178e+00 2.837123620325389863e-06
3.325499999999999901e+00 2.827705143081202683e-06
3.326000000000000068e+00 2.818316523456109971e-06
3.326500000000000234e+00 2.808957671689119321e-06
3.326999999999999957e+00 2.799628498272701504e-06
3.327500000000000124e+00 2.790328913952108178e-06
3.328000000000000291e+00 2.781058829724771348e-06
3.328500000000000014e+00 2.771818156839612180e-06
3.329000000000000181e+00 2.762606806796344319e-06
3.329499999999999904e+00 2.753424691344895370e-06
3.330000000000000071e+00 2.744271722484677171e-06
3.330500000000000238e+00 2.735147812463984407e-06
3.330999999999999961e+00 2.726052873779327143e-06
3.331500000000000128e+00 2.716986819174752777e-06
3.331999999999999851e+00 2.707949561641245069e-06
3.332500000000000018e+00 2.698941014416037621e-06
3.333000000000000185e+00 2.689961090981981989e-06
3.333499999999999908e+00 2.681009705066928929e-06
3.334000000000000075e+00 2.672086770643016886e-06
3.334500000000000242e+00 2.663192201926108294e-06
3.334999999999999964e+00 2.654325913375116187e-06
3.335500000000000131e+00 2.645487819691340546e-06
3.335999999999999854e+00 2.636677835817886813e-06
3.336500000000000021e+00 2.627895876938971745e-06
3.337000000000000188e+00 2.619141858479332612e-06
3.337499999999999911e+00 2.610415696103599544e-06
3.338000000000000078e+00 2.601717305715609854e-06
3.338500000000000245e+00 2.593046603457832486e-06
3.338999999999999968e+00 2.584403505710742901e-06
3.339500000000000135e+00 2.575787929092135284e-06
3.339999999999999858e+00 2.567199790456580873e-06
3.340500000000000025e+00 2.558639006894732113e-06
3.341000000000000192e+00 2.550105495732750494e-06
3.341499999999999915e+00 2.541599174531672538e-06
3.342000000000000082e+00 2.533119961086764793e-06
3.342500000000000249e+00 2.524667773426946993e-06
3.342999999999999972e+00 2.516242529814161028e-06
3.343500000000000139e+00 2.507844148742732276e-06
3.343999999999999861e+00 2.499472548938800396e-06
3.344500000000000028e+00 2.491127649359667966e-06
3.345000000000000195e+00 2.482809369193224914e-06
3.345499999999999918e+00 2.474517627857315371e-06
3.346000000000000085e+00 2.466252344999129920e-06
3.346500000000000252e+00 2.458013440494621564e-06
3.346999999999999975e+00 2.449800834447898411e-06
3.347500000000000142e+00 2.441614447190575685e-06
3.347999999999999865e+00 2.433454199281246339e-06
3.348500000000000032e+00 2.425320011504826715e-06
3.349000000000000199e+00 2.417211804871982260e-06
3.349499999999999922e+00 2.409129500618529517e-06
3.350000000000000089e+00 2.401073020204827115e-06
3.350500000000000256e+00 2.393042285315192577e-06
3.350999999999999979e+00 2.385037217857328041e-06
3.351500000000000146e+00 2.377057739961671851e-06
3.351999999999999869e+00 2.369103773980884833e-06
3.352500000000000036e+00 2.361175242489192996e-06
3.353000000000000203e+00 2.353272068281848823e-06
3.353499999999999925e+00 2.345394174374531990e-06
3.354000000000000092e+00 2.337541484002740352e-06
3.354500000000000259e+00 2.329713920621244880e-06
3.354999999999999982e+00 2.321911407903496732e-06
3.355500000000000149e+00 2.314133869741016546e-06
3.355999999999999872e+00 2.306381230242879867e-06
3.356500000000000039e+00 2.298653413735060696e-06
3.357000000000000206e+00 2.290950344759925390e-06
3.357499999999999929e+00 2.283271948075631687e-06
3.358000000000000096e+00 2.275618148655532400e-06
3.358500000000000263e+00 2.267988871687646866e-06
3.358999999999999986e+00 2.260384042574061247e-06
3.359500000000000153e+00 2.252803586930361019e-06
3.359999999999999876e+00 2.245247430585090138e-06
3.360500000000000043e+00 2.237715499579137371e-06
3.361000000000000210e+00 2.230207720165229339e-06
3.361499999999999932e+00 2.222724018807324471e-06
3.362000000000000099e+00 2.215264322180061582e-06
3.362500000000000266e+00 2.207828557168200836e-06
3.362999999999999989e+00 2.200416650866087566e-06
3.363500000000000156e+00 2.193028530577035219e-06
3.363999999999999879e+00 2.185664123812843388e-06
3.364500000000000046e+00 2.178323358293177365e-06
3.365000000000000213e+00 2.171006161945058647e-06
3.365499999999999936e+00 2.163712462902299969e-06
3.366000000000000103e+00 2.156442189504927621e-06
3.366500000000000270e+00 2.149195270298681707e-06
3.366999999999999993e+00 2.141971634034432955e-06
3.367500000000000160e+00 2.134771209667624529e-06
3.367999999999999883e+00 2.127593926357778203e-06
3.368500000000000050e+00 2.120439713467879419e-06
3.369000000000000217e+00 2.113308500563898289e-06
3.369499999999999940e+00 2.106200217414220386e-06
3.370000000000000107e+00 2.099114793989087708e-06
3.370500000000000274e+00 2.092052160460098076e-06
3.370999999999999996e+00 2.085012247199638895e-06
3.371500000000000163e+00 2.077994984780349711e-06
3.371999999999999886e+00 2.071000303974624581e-06
3.372500000000000053e+00 2.064028135754017875e-06
3.373000000000000220e+00 2.057078411288758932e-06
3.373499999999999943e+00 2.050151061947218848e-06
3.374000000000000110e+00 2.043246019295335342e-06
3.374500000000000277e+00 2.036363215096144348e-06
3.375000000000000000e+00 2.029502581309212925e-06
3.375500000000000167e+00 2.022664050090117485e-06
3.375999999999999890e+00 2.015847553789943197e-06
3.376500000000000057e+00 2.009053024954719864e-06
3.377000000000000224e+00 2.002280396324938264e-06
3.377499999999999947e+00 1.995529600835014828e-06
3.378000000000000114e+00 1.988800571612750809e-06
3.378500000000000281e+00 1.982093241978856248e-06
3.379000000000000004e+00 1.975407545446401524e-06
3.379500000000000171e+00 1.968743415720293881e-06
3.379999999999999893e+00 1.962100786696807756e-06
3.380500000000000060e+00 1.955479592463007095e-06
3.381000000000000227e+00 1.948879767296291774e-06
3.381499999999999950e+00 1.942301245663862693e-06
3.382000000000000117e+00 1.935743962222194073e-06
3.382500000000000284e+00 1.929207851816556161e-06
3.383000000000000007e+00 1.922692849480498529e-06
3.383500000000000174e+00 1.916198890435321535e-06
3.383999999999999897e+00 1.909725910089611720e-06
3.384500000000000064e+00 1.903273844038691873e-06
3.385000000000000231e+00 1.896842628064164480e-06
3.385499999999999954e+00 1.890432198133392284e-06
3.386000000000000121e+00 1.884042490398969096e-06
3.386500000000000288e+00 1.877673441198274048e-06
3.387000000000000011e+00 1.871324987052939231e-06
3.387500000000000178e+00 1.864997064668354392e-06
3.387999999999999901e+00 1.858689610933197259e-06
3.388500000000000068e+00 1.852402562918902230e-06
3.389000000000000234e+00 1.846135857879201080e-06
3.389499999999999957e+00 1.839889433249619393e-06
3.390000000000000124e+00 1.833663226646978719e-06
3.390500000000000291e+00 1.827457175868918005e-06
3.391000000000000014e+00 1.821271218893405699e-06
3.391500000000000181e+00 1.815105293878243601e-06
3.391999999999999904e+00 1.808959339160595704e-06
3.392500000000000071e+00 1.802833293256485903e-06
3.393000000000000238e+00 1.796727094860335298e-06
3.393499999999999961e+00 1.790640682844474522e-06
3.394000000000000128e+00 1.784573996258643987e-06
3.394499999999999851e+00 1.778526974329548557e-06
3.395000000000000018e+00 1.772499556460339802e-06
3.395500000000000185e+00 1.766491682230181466e-06
3.395999999999999908e+00 1.760503291393746543e-06
3.396500000000000075e+00 1.754534323880733199e-06
3.397000000000000242e+00 1.748584719795424947e-06
3.397499999999999964e+00 1.742654419416203396e-06
3.398000000000000131e+00 1.736743363195049767e-06
3.398499999999999854e+00 1.730851491757126249e-06
3.399000000000000021e+00 1.724978745900257830e-06
3.399500000000000188e+00 1.719125066594500303e-06
3.399999999999999911e+00 1.713290394981662969e-06
3.400500000000000078e+00 1.707474672374822227e-06
3.401000000000000245e+00 1.701677840257897208e-06
3.401499999999999968e+00 1.695899840285159982e-06
3.402000000000000135e+00 1.690140614280762910e-06
3.402499999999999858e+00 1.684400104238322118e-06
3.403000000000000025e+00 1.678678252320399959e-06
3.403500000000000192e+00 1.672975000858097167e-06
3.403999999999999915e+00 1.667290292350574704e-06
3.404500000000000082e+00 1.661624069464583664e-06
3.405000000000000249e+00 1.655976275034035818e-06
3.405499999999999972e+00 1.650346852059540931e-06
3.406000000000000139e+00 1.644735743707937285e-06
3.406499999999999861e+00 1.639142893311871137e-06
3.407000000000000028e+00 1.633568244369309030e-06
3.407500000000000195e+00 1.628011740543128474e-06
3.407999999999999918e+00 1.622473325660641270e-06
3.408500000000000085e+00 1.616952943713148397e-06
3.409000000000000252e+00 1.611450538855512051e-06
3.409499999999999975e+00 1.605966055405692740e-06
3.410000000000000142e+00 1.600499437844306495e-06
3.410499999999999865e+00 1.595050630814200721e-06
3.411000000000000032e+00 1.589619579119981976e-06
3.411500000000000199e+00 1.584206227727604102e-06
3.411999999999999922e+00 1.578810521763919293e-06
3.412500000000000089e+00 1.573432406516221339e-06
3.413000000000000256e+00 1.568071827431843279e-06
3.413499999999999979e+00 1.562728730117697680e-06
3.414000000000000146e+00 1.557403060339831516e-06
3.414499999999999869e+00 1.552094764023032937e-06
3.415000000000000036e+00 1.546803787250343797e-06
3.415500000000000203e+00 1.541530076262676588e-06
3.415999999999999925e+00 1.536273577458362546e-06
3.416500000000000092e+00 1.531034237392709710e-06
3.417000000000000259e+00 1.525812002777598042e-06
3.417499999999999982e+00 1.520606820481044901e-06
3.418000000000000149e+00 1.515418637526760346e-06
3.418499999999999872e+00 1.510247401093750304e-06
3.419000000000000039e+00 1.505093058515870185e-06
3.419500000000000206e+00 1.499955557281410255e-06
3.419999999999999929e+00 1.494834845032685041e-06
3.420500000000000096e+00 1.489730869565576990e-06
3.421000000000000263e+00 1.484643578829157423e-06
3.421499999999999986e+00 1.479572920925252004e-06
3.422000000000000153e+00 1.474518844107999864e-06
3.422499999999999876e+00 1.469481296783476243e-06
3.423000000000000043e+00 1.464460227509248227e-06
3.423500000000000210e+00 1.459455584993970495e-06
3.423999999999999932e+00 1.454467318096975994e-06
3.424500000000000099e+00 1.449495375827840353e-06
3.425000000000000266e+00 1.444539707346005586e-06
3.425499999999999989e+00 1.439600261960344933e-06
3.426000000000000156e+00 1.434676989128746112e-06
3.426499999999999879e+00 1.429769838457735247e-06
3.427000000000000046e+00 1.424878759702032589e-06
3.427500000000000213e+00 1.420003702764171359e-06
3.427999999999999936e+00 1.415144617694087144e-06
3.428500000000000103e+00 1.410301454688695440e-06
3.429000000000000270e+00 1.405474164091513455e-06
3.429499999999999993e+00 1.400662696392248659e-06
3.430000000000000160e+00 1.395867002226381409e-06
3.430499999999999883e+00 1.391087032374791623e-06
3.431000000000000050e+00 1.386322737763337586e-06
3.431500000000000217e+00 1.381574069462465265e-06
3.431999999999999940e+00 1.376840978686822899e-06
3.432500000000000107e+00 1.372123416794831350e-06
3.433000000000000274e+00 1.367421335288326015e-06
3.433499999999999996e+00 1.362734685812147077e-06
3.434000000000000163e+00 1.358063420153731865e-06
3.434499999999999886e+00 1.353407490242750637e-06
3.435000000000000053e+00 1.348766848150685177e-06
3.435500000000000220e+00 1.344141446090462452e-06
3.435999999999999943e+00 1.339531236416056299e-06
3.436500000000000110e+00 1.334936171622092279e-06
3.437000000000000277e+00 1.330356204343466940e-06
3.437500000000000000e+00 1.325791287354971522e-06
3.438000000000000167e+00 1.321241373570873944e-06
3.438499999999999890e+00 1.316706416044576179e-06
3.439000000000000057e+00 1.312186367968193496e-06
3.439500000000000224e+00 1.307681182672197214e-06
3.439999999999999947e+00 1.303190813625028255e-06
3.440500000000000114e+00 1.298715214432690557e-06
3.441000000000000281e+00 1.294254338838415868e-06
3.441500000000000004e+00 1.289808140722254839e-06
3.442000000000000171e+00 1.285376574100695435e-06
3.442499999999999893e+00 1.280959593126309086e-06
3.443000000000000060e+00 1.276557152087352161e-06
3.443500000000000227e+00 1.272169205407409788e-06
3.443999999999999950e+00 1.267795707645008338e-06
3.444500000000000117e+00 1.263436613493242094e-06
3.445000000000000284e+00 1.259091877779414532e-06
3.445500000000000007e+00 1.254761455464654195e-06
3.446000000000000174e+00 1.250445301643543477e-06
3.446499999999999897e+00 1.246143371543765413e-06
3.447000000000000064e+00 1.241855620525708535e-06
3.447500000000000231e+00 1.237582004082130391e-06
3.447999999999999954e+00 1.233322477837771510e-06
3.448500000000000121e+00 1.229076997548982280e-06
3.449000000000000288e+00 1.224845519103383081e-06
3.449500000000000011e+00 1.220627998519489683e-06
3.450000000000000178e+00 1.216424391946330384e-06
3.450499999999999901e+00 1.212234655663121178e-06
3.451000000000000068e+00 1.208058746078870186e-06
3.451500000000000234e+00 1.203896619732041599e-06
3.451999999999999957e+00 1.199748233290189334e-06
3.452500000000000124e+00 1.195613543549586884e-06
3.453000000000000291e+00 1.191492507434888075e-06
3.453500000000000014e+00 1.187385081998765814e-06
3.454000000000000181e+00 1.183291224421540236e-06
3.454499999999999904e+00 1.179210892010856410e-06
3.455000000000000071e+00 1.175144042201291316e-06
3.455500000000000238e+00 1.171090632554035571e-06
3.455999999999999961e+00 1.167050620756529420e-06
3.456500000000000128e+00 1.163023964622093423e-06
3.456999999999999851e+00 1.159010622089611248e-06
3.457500000000000018e+00 1.155010551223155493e-06
3.458000000000000185e+00 1.151023710211649715e-06
3.458499999999999908e+00 1.147050057368524116e-06
3.459000000000000075e+00 1.143089551131350259e-06
3.459500000000000242e+00 1.139142150061525124e-06
3.459999999999999964e+00 1.135207812843902647e-06
3.460500000000000131e+00 1.131286498286457241e-06
3.460999999999999854e+00 1.127378165319943708e-06
3.461500000000000021e+00 1.123482772997548051e-06
3.462000000000000188e+00 1.119600280494555648e-06
3.462499999999999911e+00 1.115730647108008417e-06
3.463000000000000078e+00 1.111873832256353297e-06
3.463500000000000245e+00 1.108029795479120799e-06
3.463999999999999968e+00 1.104198496436581955e-06
3.464500000000000135e+00 1.100379894909397227e-06
3.464999999999999858e+00 1.096573950798310514e-06
3.465500000000000025e+00 1.092780624123775822e-06
3.466000000000000192e+00 1.088999875025657628e-06
3.466499999999999915e+00 1.085231663762883805e-06
3.467000000000000082e+00 1.081475950713097285e-06
3.467500000000000249e+00 1.077732696372352814e-06
3.467999999999999972e+00 1.074001861354774121e-06
3.468500000000000139e+00 1.070283406392204941e-06
3.468999999999999861e+00 1.066577292333920382e-06
3.469500000000000028e+00 1.062883480146255932e-06
3.470000000000000195e+00 1.059201930912309086e-06
3.470499999999999918e+00 1.055532605831603080e-06
3.471000000000000085e+00 1.051875466219756965e-06
3.471500000000000252e+00 1.048230473508165219e-06
3.471999999999999975e+00 1.044597589243681809e-06
3.472500000000000142e+00 1.040976775088271840e-06
3.472999999999999865e+00 1.037367992818722088e-06
3.473500000000000032e+00 1.033771204326289901e-06
3.474000000000000199e+00 1.030186371616402294e-06
3.474499999999999922e+00 1.026613456808330684e-06
3.475000000000000089e+00 1.023052422134861611e-06
3.475500000000000256e+00 1.019503229941993286e-06
3.475999999999999979e+00 1.015965842688613503e-06
3.476500000000000146e+00 1.012440222946170573e-06
3.476999999999999869e+00 1.008926333398383849e-06
3.477500000000000036e+00 1.005424136840894957e-06
3.478000000000000203e+00 1.001933596180984042e-06
3.478499999999999925e+00 9.984546744372449303e-07
3.479000000000000092e+00 9.949873347392577539e-07
3.479500000000000259e+00 9.915315403273024378e-07
3.479999999999999982e+00 9.880872545520361942e-07
3.480500000000000149e+00 9.846544408741744026e-07
3.480999999999999872e+00 9.812330628642002892e-07
3.481500000000000039e+00 9.778230842020339486e-07
3.482000000000000206e+00 9.744244686767479527e-07
3.482499999999999929e+00 9.710371801862463253e-07
3.483000000000000096e+00 9.676611827369521983e-07
3.483500000000000263e+00 9.642964404435227854e-07
3.483999999999999986e+00 9.609429175285285686e-07
3.484500000000000153e+00 9.576005783221502715e-07
3.484999999999999876e+00 9.542693872618883277e-07
3.485500000000000043e+00 9.509493088922419607e-07
3.486000000000000210e+00 9.476403078644237341e-07
3.486499999999999932e+00 9.443423489360554665e-07
3.487000000000000099e+00 9.410553969708567354e-07
3.487500000000000266e+00 9.377794169383616506e-07
3.487999999999999989e+00 9.345143739136151923e-07
3.488500000000000156e+00 9.312602330768637273e-07
3.488999999999999879e+00 9.280169597132843814e-07
3.489500000000000046e+00 9.247845192126554377e-07
3.490000000000000213e+00 9.215628770690911097e-07
3.490499999999999936e+00 9.183519988807348095e-07
3.491000000000000103e+00 9.151518503494567564e-07
3.491500000000000270e+00 9.119623972805763630e-07
3.491999999999999993e+00 9.087836055825666194e-07
3.492500000000000160e+00 9.056154412667447156e-07
3.492999999999999883e+00 9.024578704470154954e-07
3.493500000000000050e+00 8.993108593395442907e-07
3.494000000000000217e+00 8.961743742624981525e-07
3.494499999999999940e+00 8.930483816357420837e-07
3.495000000000000107e+00 8.899328479805458602e-07
3.495500000000000274e+00 8.868277399193146739e-07
3.495999999999999996e+00 8.837330241752959539e-07
3.496500000000000163e+00 8.806486675722786695e-07
3.496999999999999886e+00 8.775746370343356205e-07
3.497500000000000053e+00 8.745108995855151171e-07
3.498000000000000220e+00 8.714574223495742709e-07
3.498499999999999943e+00 8.684141725496920616e-07
3.499000000000000110e+00 8.653811175081771117e-07
3.499500000000000277e+00 8.623582246462062699e-07
3.500000000000000000e+00 8.593454614835309032e-07
3.500500000000000167e+00 8.563427956381929289e-07
3.500999999999999890e+00 8.533501948262666810e-07
3.501500000000000057e+00 8.503676268615528140e-07
3.502000000000000224e+00 8.473950596553265224e-07
3.502499999999999947e+00 8.444324612160500786e-07
3.503000000000000114e+00 8.414797996490897124e-07
3.503500000000000281e+00 8.385370431564541953e-07
3.504000000000000004e+00 8.356041600365166961e-07
3.504500000000000171e+00 8.326811186837255192e-07
3.504999999999999893e+00 8.297678875883618530e-07
3.505500000000000060e+00 8.268644353362333562e-07
3.506000000000000227e+00 8.239707306084313763e-07
3.506499999999999950e+00 8.210867421810428530e-07
3.507000000000000117e+00 8.182124389248840321e-07
3.507500000000000284e+00 8.153477898052319560e-07
3.508000000000000007e+00 8.124927638815633659e-07
3.508500000000000174e+00 8.096473303072658634e-07
3.508999999999999897e+00 8.068114583293978828e-07
3.509500000000000064e+00 8.039851172883958291e-07
3.510000000000000231e+00 8.011682766178311916e-07
3.510499999999999954e+00 7.983609058441317642e-07
3.511000000000000121e+00 7.955629745863140884e-07
3.511500000000000288e+00 7.927744525557306147e-07
3.512000000000000011e+00 7.899953095558066982e-07
3.512500000000000178e+00 7.872255154817608665e-07
3.512999999999999901e+00 7.844650403203692382e-07
3.513500000000000068e+00 7.817138541496765791e-07
3.514000000000000234e+00 7.789719271387598740e-07
3.514499999999999957e+00 7.762392295474588644e-07
3.515000000000000124e+00 7.735157317261096565e-07
3.515500000000000291e+00 7.708014041152997173e-07
3.516000000000000014e+00 7.680962172456053996e-07
3.516500000000000181e+00 7.654001417373271391e-07
3.516999999999999904e+00 7.627131483002468848e-07
3.517500000000000071e+00 7.600352077333609661e-07
3.518000000000000238e+00 7.573662909246305357e-07
3.518499999999999961e+00 7.547063688507326481e-07
3.519000000000000128e+00 7.520554125767889969e-07
3.519500000000000295e+00 7.494133932561339337e-07
3.520000000000000018e+00 7.467802821300542176e-07
3.520500000000000185e+00 7.441560505275254815e-07
3.520999999999999908e+00 7.415406698649838515e-07
3.521500000000000075e+00 7.389341116460539427e-07
3.522000000000000242e+00 7.363363474613178317e-07
3.522499999999999964e+00 7.337473489880552286e-07
3.523000000000000131e+00 7.311670879899910618e-07
3.523499999999999854e+00 7.285955363170659314e-07
3.524000000000000021e+00 7.260326659051646359e-07
3.524500000000000188e+00 7.234784487758923429e-07
3.524999999999999911e+00 7.209328570363187860e-07
3.525500000000000078e+00 7.183958628787280716e-07
3.526000000000000245e+00 7.158674385803852164e-07
3.526499999999999968e+00 7.133475565032901891e-07
3.527000000000000135e+00 7.108361890939207311e-07
3.527499999999999858e+00 7.083333088830159388e-07
3.528000000000000025e+00 7.058388884853071192e-07
3.528500000000000192e+00 7.033529005992990437e-07
3.528999999999999915e+00 7.008753180070175321e-07
3.529500000000000082e+00 6.984061135737657190e-07
3.530000000000000249e+00 6.959452602478989549e-07
3.530499999999999972e+00 6.934927310605794838e-07
3.531000000000000139e+00 6.910484991255276278e-07
3.531499999999999861e+00 6.886125376388060054e-07
3.532000000000000028e+00 6.861848198785615037e-07
3.532500000000000195e+00 6.837653192048039915e-07
3.532999999999999918e+00 6.813540090591699967e-07
3.533500000000000085e+00 6.789508629646742084e-07
3.534000000000000252e+00 6.765558545254912597e-07
3.534499999999999975e+00 6.741689574267168647e-07
3.535000000000000142e+00 6.717901454341269432e-07
3.535499999999999865e+00 6.694193923939616276e-07
3.536000000000000032e+00 6.670566722326763410e-07
3.536500000000000199e+00 6.647019589567230506e-07
3.536999999999999922e+00 6.623552266523180755e-07
3.537500000000000089e+00 6.600164494852000463e-07
3.538000000000000256e+00 6.576856017004187826e-07
3.538499999999999979e+00 6.553626576220982295e-07
3.539000000000000146e+00 6.530475916532009825e-07
3.539499999999999869e+00 6.507403782753193878e-07
3.540000000000000036e+00 6.484409920484259855e-07
3.540500000000000203e+00 6.461494076106683158e-07
3.540999999999999925e+00 6.438655996781319614e-07
3.541500000000000092e+00 6.415895430446119545e-07
3.542000000000000259e+00 6.393212125814012305e-07
3.542499999999999982e+00 6.370605832370607642e-07
3.543000000000000149e+00 6.348076300371855771e-07
3.543499999999999872e+00 6.325623280842067435e-07
3.544000000000000039e+00 6.303246525571390803e-07
3.544500000000000206e+00 6.280945787113876004e-07
3.544999999999999929e+00 6.258720818785116135e-07
3.545500000000000096e+00 6.236571374660016392e-07
3.546000000000000263e+00 6.214497209570737896e-07
3.546499999999999986e+00 6.192498079104401174e-07
3.547000000000000153e+00 6.170573739600873290e-07
3.547499999999999876e+00 6.148723948150733899e-07
3.548000000000000043e+00 6.126948462592932150e-07
3.548500000000000210e+00 6.105247041512746391e-07
3.548999999999999932e+00 6.083619444239594590e-07
3.549500000000000099e+00 6.062065430844769581e-07
3.550000000000000266e+00 6.040584762139484534e-07
3.550499999999999989e+00 6.019177199672606087e-07
3.551000000000000156e+00 5.997842505728453113e-07
3.551499999999999879e+00 5.976580443324873959e-07
3.552000000000000046e+00 5.955390776210877933e-07
3.552500000000000213e+00 5.934273268864705121e-07
3.552999999999999936e+00 5.913227686491647398e-07
3.553500000000000103e+00 5.892253795021846144e-07
3.554000000000000270e+00 5.871351361108345125e-07
3.554499999999999993e+00 5.850520152124925266e-07
3.555000000000000160e+00 5.829759936163928832e-07
3.555499999999999883e+00 5.809070482034336669e-07
3.556000000000000050e+00 5.788451559259523562e-07
3.556500000000000217e+00 5.767902938075328059e-07
3.556999999999999940e+00 5.747424389427893599e-07
3.557500000000000107e+00 5.727015684971575279e-07
3.558000000000000274e+00 5.706676597067001208e-07
3.558499999999999996e+00 5.686406898778926336e-07
3.559000000000000163e+00 5.666206363874158286e-07
3.559499999999999886e+00 5.646074766819644114e-07
3.560000000000000053e+00 5.626011882780282848e-07
3.560500000000000220e+00 5.606017487617004843e-07
3.560999999999999943e+00 5.586091357884717721e-07
3.561500000000000110e+00 5.566233270830222676e-07
3.562000000000000277e+00 5.546443004390292763e-07
3.562500000000000000e+00 5.526720337189631550e-07
3.563000000000000167e+00 5.507065048538811656e-07
3.563499999999999890e+00 5.487476918432373153e-07
3.564000000000000057e+00 5.467955727546745169e-07
3.564500000000000224e+00 5.448501257238331584e-07
3.564999999999999947e+00 5.429113289541473925e-07
3.565500000000000114e+00 5.409791607166473536e-07
3.566000000000000281e+00 5.390535993497667760e-07
3.566500000000000004e+00 5.371346232591455289e-07
3.567000000000000171e+00 5.352222109174238938e-07
3.567499999999999893e+00 5.333163408640629931e-07
3.568000000000000060e+00 5.314169917051338788e-07
3.568500000000000227e+00 5.295241421131374327e-07
3.568999999999999950e+00 5.276377708268010780e-07
3.569500000000000117e+00 5.257578566508834323e-07
3.570000000000000284e+00 5.238843784559919841e-07
3.570500000000000007e+00 5.220173151783819222e-07
3.571000000000000174e+00 5.201566458197644946e-07
3.571499999999999897e+00 5.183023494471235201e-07
3.572000000000000064e+00 5.164544051925097707e-07
3.572500000000000231e+00 5.146127922528688125e-07
3.572999999999999954e+00 5.127774898898404705e-07
3.573500000000000121e+00 5.109484774295636935e-07
3.574000000000000288e+00 5.091257342625046063e-07
3.574500000000000011e+00 5.073092398432559745e-07
3.575000000000000178e+00 5.054989736903488460e-07
3.575499999999999901e+00 5.036949153860734029e-07
3.576000000000000068e+00 5.018970445762842507e-07
3.576500000000000234e+00 5.001053409702208461e-07
3.576999999999999957e+00 4.983197843403169158e-07
3.577500000000000124e+00 4.965403545220149556e-07
3.578000000000000291e+00 4.947670314135864475e-07
3.578500000000000014e+00 4.929997949759461485e-07
3.579000000000000181e+00 4.912386252324586486e-07
3.579499999999999904e+00 4.894835022687744706e-07
3.580000000000000071e+00 4.877344062326269933e-07
3.580500000000000238e+00 4.859913173336634692e-07
3.580999999999999961e+00 4.842542158432622763e-07
3.581500000000000128e+00 4.825230820943414893e-07
3.582000000000000295e+00 4.807978964811920141e-07
3.582500000000000018e+00 4.790786394592882752e-07
3.583000000000000185e+00 4.773652915451102338e-07
3.583499999999999908e+00 4.756578333159661986e-07
3.584000000000000075e+00 4.739562454098097611e-07
3.584500000000000242e+00 4.722605085250694355e-07
3.584999999999999964e+00 4.705706034204650123e-07
3.585500000000000131e+00 4.688865109148245454e-07
3.585999999999999854e+00 4.672082118869241044e-07
3.586500000000000021e+00 4.655356872752923749e-07
3.587000000000000188e+00 4.638689180780498276e-07
3.587499999999999911e+00 4.622078853527281949e-07
3.588000000000000078e+00 4.605525702160882527e-07
3.588500000000000245e+00 4.589029538439577195e-07
3.588999999999999968e+00 4.572590174710523735e-07
3.589500000000000135e+00 4.556207423907946821e-07
3.589999999999999858e+00 4.539881099551574708e-07
3.590500000000000025e+00 4.523611015744737117e-07
3.591000000000000192e+00 4.507396987172771227e-07
3.591499999999999915e+00 4.491238829101255604e-07
3.592000000000000082e+00 4.475136357374293909e-07
3.592500000000000249e+00 4.459089388412816063e-07
3.592999999999999972e+00 4.443097739212922826e-07
3.593500000000000139e+00 4.427161227344072092e-07
3.593999999999999861e+00 4.411279670947542048e-07
3.594500000000000028e+00 4.395452888734574060e-07
3.595000000000000195e+00 4.379680699984858067e-07
3.595499999999999918e+00 4.363962924544755934e-07
3.596000000000000085e+00 4.348299382825585148e-07
3.596500000000000252e+00 4.332689895802087808e-07
3.596999999999999975e+00 4.317134285010662972e-07
3.597500000000000142e+00 4.301632372547704356e-07
3.597999999999999865e+00 4.286183981068007910e-07
3.598500000000000032e+00 4.270788933783057637e-07
3.599000000000000199e+00 4.255447054459435289e-07
3.599499999999999922e+00 4.240158167417135298e-07
3.600000000000000089e+00 4.224922097527929477e-07
3.600500000000000256e+00 4.209738670213766652e-07
3.600999999999999979e+00 4.194607711445142660e-07
3.601500000000000146e+00 4.179529047739396747e-07
3.601999999999999869e+00 4.164502506159213911e-07
3.602500000000000036e+00 4.149527914310922367e-07
3.603000000000000203e+00 4.134605100342914886e-07
3.603499999999999925e+00 4.119733892944048966e-07
3.604000000000000092e+00 4.104914121342019995e-07
3.604500000000000259e+00 4.090145615301776772e-07
3.604999999999999982e+00 4.075428205123968790e-07
3.605500000000000149e+00 4.060761721643255875e-07
3.605999999999999872e+00 4.046145996226851819e-07
3.606500000000000039e+00 4.031580860772831375e-07
3.607000000000000206e+00 4.017066147708632591e-07
3.607499999999999929e+00 4.002601689989465984e-07
3.608000000000000096e+00 3.988187321096705172e-07
3.608500000000000263e+00 3.973822875036379156e-07
3.608999999999999986e+00 3.959508186337624899e-07
3.609500000000000153e+00 3.945243090051044609e-07
3.609999999999999876e+00 3.931027421747259962e-07
3.610500000000000043e+00 3.916861017515291089e-07
3.611000000000000210e+00 3.902743713961079040e-07
3.611499999999999932e+00 3.888675348205900233e-07
3.612000000000000099e+00 3.874655757884838631e-07
3.612500000000000266e+00 3.860684781145289659e-07
3.612999999999999989e+00 3.846762256645431848e-07
3.613500000000000156e+00 3.832888023552631758e-07
3.613999999999999879e+00 3.819061921542067027e-07
3.614500000000000046e+00 3.805283790795067240e-07
3.615000000000000213e+00 3.791553471997727975e-07
3.615499999999999936e+00 3.777870806339345908e-07
3.616000000000000103e+00 3.764235635510894683e-07
3.616500000000000270e+00 3.750647801703618307e-07
3.616999999999999993e+00 3.737107147607464671e-07
3.617500000000000160e+00 3.723613516409613299e-07
3.617999999999999883e+00 3.710166751793038570e-07
3.618500000000000050e+00 3.696766697934954349e-07
3.619000000000000217e+00 3.683413199505412685e-07
3.619499999999999940e+00 3.670106101665808261e-07
3.620000000000000107e+00 3.656845250067377031e-07
3.620500000000000274e+00 3.643630490849787499e-07
3.620999999999999996e+00 3.630461670639686470e-07
3.621500000000000163e+00 3.617338636549168034e-07
3.621999999999999886e+00 3.604261236174418847e-07
3.622500000000000053e+00 3.591229317594202997e-07
3.623000000000000220e+00 3.578242729368469700e-07
3.623499999999999943e+00 3.565301320536904334e-07
3.624000000000000110e+00 3.552404940617439260e-07
3.624500000000000277e+00 3.539553439604910738e-07
3.625000000000000000e+00 3.526746667969595681e-07
3.625500000000000167e+00 3.513984476655755816e-07
3.625999999999999890e+00 3.501266717080288784e-07
3.626500000000000057e+00 3.488593241131236833e-07
3.627000000000000224e+00 3.475963901166452742e-07
3.627499999999999947e+00 3.463378550012168861e-07
3.628000000000000114e+00 3.450837040961533867e-07
3.628500000000000281e+00 3.438339227773318917e-07
3.629000000000000004e+00 3.425884964670451754e-07
3.629500000000000171e+00 3.413474106338637100e-07
3.629999999999999893e+00 3.401106507925008816e-07
3.630500000000000060e+00 3.388782025036683066e-07
3.631000000000000227e+00 3.376500513739439587e-07
3.631499999999999950e+00 3.364261830556330444e-07
3.632000000000000117e+00 3.352065832466266008e-07
3.632500000000000284e+00 3.339912376902724825e-07
3.633000000000000007e+00 3.327801321752339066e-07
3.633500000000000174e+00 3.315732525353515983e-07
3.633999999999999897e+00 3.303705846495165244e-07
3.634500000000000064e+00 3.291721144415236209e-07
3.635000000000000231e+00 3.279778278799468558e-07
3.635499999999999954e+00 3.267877109780008453e-07
3.636000000000000121e+00 3.256017497934037401e-07
3.636500000000000288e+00 3.244199304282489527e-07
3.637000000000000011e+00 3.232422390288699504e-07
3.637500000000000178e+00 3.220686617857041468e-07
3.637999999999999901e+00 3.208991849331664301e-07
3.638500000000000068e+00 3.197337947495095078e-07
3.639000000000000234e+00 3.185724775566999757e-07
3.639499999999999957e+00 3.174152197202833745e-07
3.640000000000000124e+00 3.162620076492485593e-07
3.640500000000000291e+00 3.151128277959050908e-07
3.641000000000000014e+00 3.139676666557500400e-07
3.641500000000000181e+00 3.128265107673322509e-07
3.641999999999999904e+00 3.116893467121329618e-07
3.642500000000000071e+00 3.105561611144266272e-07
3.643000000000000238e+00 3.094269406411605333e-07
3.643499999999999961e+00 3.083016720018214433e-07
3.644000000000000128e+00 3.071803419483059481e-07
3.644500000000000295e+00 3.060629372747969588e-07
3.645000000000000018e+00 3.049494448176367043e-07
3.645500000000000185e+00 3.038398514551922651e-07
3.645999999999999908e+00 3.027341441077396353e-07
3.646500000000000075e+00 3.016323097373261861e-07
3.647000000000000242e+00 3.005343353476541454e-07
3.647499999999999964e+00 2.994402079839508433e-07
3.648000000000000131e+00 2.983499147328410745e-07
3.648499999999999854e+00 2.972634427222276667e-07
3.649000000000000021e+00 2.961807791211604028e-07
3.649500000000000188e+00 2.951019111397187588e-07
3.649999999999999911e+00 2.940268260288831027e-07
3.650500000000000078e+00 2.929555110804115037e-07
3.651000000000000245e+00 2.918879536267197185e-07
3.651499999999999968e+00 2.908241410407550889e-07
3.652000000000000135e+00 2.897640607358744106e-07
3.652499999999999858e+00 2.887077001657253484e-07
3.653000000000000025e+00 2.876550468241169990e-07
3.653500000000000192e+00 2.866060882449083474e-07
3.653999999999999915e+00 2.855608120018804709e-07
3.654500000000000082e+00 2.845192057086153600e-07
3.655000000000000249e+00 2.834812570183791343e-07
3.655499999999999972e+00 2.824469536240021341e-07
3.656000000000000139e+00 2.814162832577535066e-07
3.656499999999999861e+00 2.803892336912284448e-07
3.657000000000000028e+00 2.793657927352245203e-07
3.657500000000000195e+00 2.783459482396259580e-07
3.657999999999999918e+00 2.773296880932850510e-07
3.658500000000000085e+00 2.763170002238985469e-07
3.659000000000000252e+00 2.753078725978999159e-07
3.659499999999999975e+00 2.743022932203331956e-07
3.660000000000000142e+00 2.733002501347382712e-07
3.660499999999999865e+00 2.723017314230389611e-07
3.661000000000000032e+00 2.713067252054176563e-07
3.661500000000000199e+00 2.703152196402081174e-07
3.661999999999999922e+00 2.693272029237747726e-07
3.662500000000000089e+00 2.683426632903960390e-07
3.663000000000000256e+00 2.673615890121542612e-07
3.663499999999999979e+00 2.663839683988188206e-07
3.664000000000000146e+00 2.654097897977270745e-07
3.664499999999999869e+00 2.644390415936786888e-07
3.665000000000000036e+00 2.634717122088134532e-07
3.665500000000000203e+00 2.625077901025051378e-07
3.665999999999999925e+00 2.615472637712438079e-07
3.666500000000000092e+00 2.605901217485224811e-07
3.667000000000000259e+00 2.596363526047274890e-07
3.667499999999999982e+00 2.586859449470268805e-07
3.668000000000000149e+00 2.577388874192527377e-07
3.668499999999999872e+00 2.567951687017981021e-07
3.669000000000000039e+00 2.558547775114966432e-07
3.669500000000000206e+00 2.549177026015195320e-07
3.669999999999999929e+00 2.539839327612616213e-07
3.670500000000000096e+00 2.530534568162290549e-07
3.671000000000000263e+00 2.521262636279330706e-07
3.671499999999999986e+00 2.512023420937791451e-07
3.672000000000000153e+00 2.502816811469549207e-07
3.672499999999999876e+00 2.493642697563257557e-07
3.673000000000000043e+00 2.484500969263222279e-07
3.673500000000000210e+00 2.475391516968331433e-07
3.673999999999999932e+00 2.466314231430997636e-07
3.674500000000000099e+00 2.457269003756015621e-07
3.675000000000000266e+00 2.448255725399559561e-07
3.675499999999999989e+00 2.439274288168080342e-07
3.676000000000000156e+00 2.430324584217214478e-07
3.676499999999999879e+00 2.421406506050765020e-07
3.677000000000000046e+00 2.412519946519590890e-07
3.677500000000000213e+00 2.403664798820584614e-07
3.677999999999999936e+00 2.394840956495607179e-07
3.678500000000000103e+00 2.386048313430403834e-07
3.679000000000000270e+00 2.377286763853605378e-07
3.679499999999999993e+00 2.368556202335642644e-07
3.680000000000000160e+00 2.359856523787708080e-07
3.680499999999999883e+00 2.351187623460725551e-07
3.681000000000000050e+00 2.342549396944294195e-07
3.681500000000000217e+00 2.333941740165673833e-07
3.681999999999999940e+00 2.325364549388745767e-07
3.682500000000000107e+00 2.316817721212959284e-07
3.683000000000000274e+00 2.308301152572339302e-07
3.683499999999999996e+00 2.299814740734452727e-07
3.684000000000000163e+00 2.291358383299360776e-07
3.684499999999999886e+00 2.282931978198642511e-07
3.685000000000000053e+00 2.274535423694343987e-07
3.685500000000000220e+00 2.266168618377996750e-07
3.685999999999999943e+00 2.257831461169586049e-07
3.686500000000000110e+00 2.249523851316542336e-07
3.687000000000000277e+00 2.241245688392764529e-07
3.687500000000000000e+00 2.232996872297592724e-07
3.688000000000000167e+00 2.224777303254810808e-07
3.688499999999999890e+00 2.216586881811681114e-07
3.689000000000000057e+00 2.208425508837902826e-07
3.689500000000000224e+00 2.200293085524679721e-07
3.689999999999999947e+00 2.192189513383696315e-07
3.690500000000000114e+00 2.184114694246124714e-07
3.691000000000000281e+00 2.176068530261687856e-07
3.691500000000000004e+00 2.168050923897650473e-07
3.692000000000000171e+00 2.160061777937829130e-07
3.692499999999999893e+00 2.152100995481671338e-07
3.693000000000000060e+00 2.144168479943227730e-07
3.693500000000000227e+00 2.136264135050228800e-07
3.693999999999999950e+00 2.128387864843108164e-07
3.694500000000000117e+00 2.120539573674019210e-07
3.695000000000000284e+00 2.112719166205910242e-07
3.695500000000000007e+00 2.104926547411557808e-07
3.696000000000000174e+00 2.097161622572588106e-07
3.696499999999999897e+00 2.089424297278581779e-07
3.697000000000000064e+00 2.081714477426056949e-07
3.697500000000000231e+00 2.074032069217586179e-07
3.697999999999999954e+00 2.066376979160833244e-07
3.698500000000000121e+00 2.058749114067580892e-07
3.699000000000000288e+00 2.051148381052848606e-07
3.699500000000000011e+00 2.043574687533934401e-07
3.700000000000000178e+00 2.036027941229463234e-07
3.700499999999999901e+00 2.028508050158500793e-07
3.701000000000000068e+00 2.021014922639579150e-07
3.701500000000000234e+00 2.013548467289825371e-07
3.701999999999999957e+00 2.006108593024007018e-07
3.702500000000000124e+00 1.998695209053605706e-07
3.703000000000000291e+00 1.991308224885942807e-07
3.703500000000000014e+00 1.983947550323231830e-07
3.704000000000000181e+00 1.976613095461674745e-07
3.704499999999999904e+00 1.969304770690577628e-07
3.705000000000000071e+00 1.962022486691394833e-07
3.705500000000000238e+00 1.954766154436894934e-07
3.705999999999999961e+00 1.947535685190215752e-07
3.706500000000000128e+00 1.940330990503964648e-07
3.707000000000000295e+00 1.933151982219351899e-07
3.707500000000000018e+00 1.925998572465287820e-07
3.708000000000000185e+00 1.918870673657471933e-07
3.708499999999999908e+00 1.911768198497555465e-07
3.709000000000000075e+00 1.904691059972194262e-07
3.709500000000000242e+00 1.897639171352223723e-07
3.709999999999999964e+00 1.890612446191762005e-07
3.710500000000000131e+00 1.883610798327300519e-07
3.711000000000000298e+00 1.876634141876883371e-07
3.711500000000000021e+00 1.869682391239210828e-07
3.712000000000000188e+00 1.862755461092754963e-07
3.712499999999999911e+00 1.855853266394929562e-07
3.713000000000000078e+00 1.848975722381184596e-07
3.713500000000000245e+00 1.842122744564189623e-07
3.713999999999999968e+00 1.835294248732943614e-07
3.714500000000000135e+00 1.828490150951925006e-07
3.714999999999999858e+00 1.821710367560247582e-07
3.715500000000000025e+00 1.814954815170794379e-07
3.716000000000000192e+00 1.808223410669386008e-07
3.716499999999999915e+00 1.801516071213929913e-07
3.717000000000000082e+00 1.794832714233557196e-07
3.717500000000000249e+00 1.788173257427806550e-07
3.717999999999999972e+00 1.781537618765791521e-07
3.718500000000000139e+00 1.774925716485311124e-07
3.718999999999999861e+00 1.768337469092092805e-07
3.719500000000000028e+00 1.761772795358888502e-07
3.720000000000000195e+00 1.755231614324699075e-07
3.720499999999999918e+00 1.748713845293930986e-07
3.721000000000000085e+00 1.742219407835541846e-07
3.721500000000000252e+00 1.735748221782267240e-07
3.721999999999999975e+00 1.729300207229778456e-07
3.722500000000000142e+00 1.722875284535848949e-07
3.722999999999999865e+00 1.716473374319576400e-07
3.723500000000000032e+00 1.710094397460529588e-07
3.724000000000000199e+00 1.703738275097969390e-07
3.724499999999999922e+00 1.697404928630042510e-07
3.725000000000000089e+00 1.691094279712937356e-07
3.725500000000000256e+00 1.684806250260131507e-07
3.725999999999999979e+00 1.678540762441561616e-07
3.726500000000000146e+00 1.672297738682817147e-07
3.726999999999999869e+00 1.666077101664381746e-07
3.727500000000000036e+00 1.659878774320795740e-07
3.728000000000000203e+00 1.653702679839897246e-07
3.728499999999999925e+00 1.647548741662025167e-07
3.729000000000000092e+00 1.641416883479210543e-07
3.729500000000000259e+00 1.635307029234430893e-07
3.729999999999999982e+00 1.629219103120802888e-07
3.730500000000000149e+00 1.623153029580794612e-07
3.730999999999999872e+00 1.617108733305476466e-07
3.731500000000000039e+00 1.611086139233718604e-07
3.732000000000000206e+00 1.605085172551440516e-07
3.732499999999999929e+00 1.599105758690824873e-07
3.733000000000000096e+00 1.593147823329547789e-07
3.733500000000000263e+00 1.587211292390026284e-07
3.733999999999999986e+00 1.581296092038654100e-07
3.734500000000000153e+00 1.575402148685005227e-07
3.734999999999999876e+00 1.569529388981137218e-07
3.735500000000000043e+00 1.563677739820769302e-07
3.736000000000000210e+00 1.557847128338568493e-07
3.736499999999999932e+00 1.552037481909395736e-07
3.737000000000000099e+00 1.546248728147518951e-07
3.737500000000000266e+00 1.540480794905912916e-07
3.737999999999999989e+00 1.534733610275481318e-07
3.738500000000000156e+00 1.529007102584319035e-07
3.738999999999999879e+00 1.523301200396979197e-07
3.739500000000000046e+00 1.517615832513715081e-07
3.740000000000000213e+00 1.511950927969771526e-07
3.740499999999999936e+00 1.506306416034627358e-07
3.741000000000000103e+00 1.500682226211257419e-07
3.741500000000000270e+00 1.495078288235421586e-07
3.741999999999999993e+00 1.489494532074929971e-07
3.742500000000000160e+00 1.483930887928895415e-07
3.742999999999999883e+00 1.478387286227050034e-07
3.743500000000000050e+00 1.472863657628972573e-07
3.744000000000000217e+00 1.467359933023412362e-07
3.744499999999999940e+00 1.461876043527552929e-07
3.745000000000000107e+00 1.456411920486282230e-07
3.745500000000000274e+00 1.450967495471503108e-07
3.745999999999999996e+00 1.445542700281416227e-07
3.746500000000000163e+00 1.440137466939780510e-07
3.746999999999999886e+00 1.434751727695260920e-07
3.747500000000000053e+00 1.429385415020663747e-07
3.748000000000000220e+00 1.424038461612280162e-07
3.748499999999999943e+00 1.418710800389160943e-07
3.749000000000000110e+00 1.413402364492409465e-07
3.749500000000000277e+00 1.408113087284510163e-07
3.750000000000000000e+00 1.402842902348623911e-07
3.750500000000000167e+00 1.397591743487868829e-07
3.750999999999999890e+00 1.392359544724673898e-07
3.751500000000000057e+00 1.387146240300049453e-07
3.752000000000000224e+00 1.381951764672926757e-07
3.752499999999999947e+00 1.376776052519466350e-07
3.753000000000000114e+00 1.371619038732356863e-07
3.753500000000000281e+00 1.366480658420166772e-07
3.754000000000000004e+00 1.361360846906642686e-07
3.754500000000000171e+00 1.356259539730025899e-07
3.754999999999999893e+00 1.351176672642409961e-07
3.755500000000000060e+00 1.346112181609023093e-07
3.756000000000000227e+00 1.341066002807597403e-07
3.756499999999999950e+00 1.336038072627683587e-07
3.757000000000000117e+00 1.331028327669970656e-07
3.757500000000000284e+00 1.326036704745643781e-07
3.758000000000000007e+00 1.321063140875713543e-07
3.758500000000000174e+00 1.316107573290340165e-07
3.758999999999999897e+00 1.311169939428200617e-07
3.759500000000000064e+00 1.306250176935800402e-07
3.760000000000000231e+00 1.301348223666849930e-07
3.760499999999999954e+00 1.296464017681597741e-07
3.761000000000000121e+00 1.291597497246159763e-07
3.761500000000000288e+00 1.286748600831905476e-07
3.762000000000000011e+00 1.281917267114786377e-07
3.762500000000000178e+00 1.277103434974690908e-07
3.762999999999999901e+00 1.272307043494818975e-07
3.763500000000000068e+00 1.267528031961012797e-07
3.764000000000000234e+00 1.262766339861141213e-07
3.764499999999999957e+00 1.258021906884454350e-07
3.765000000000000124e+00 1.253294672920931412e-07
3.765500000000000291e+00 1.248584578060676634e-07
3.766000000000000014e+00 1.243891562593265746e-07
3.766500000000000181e+00 1.239215567007109639e-07
3.766999999999999904e+00 1.234556531988853236e-07
3.767500000000000071e+00 1.229914398422717456e-07
3.768000000000000238e+00 1.225289107389897814e-07
3.768499999999999961e+00 1.220680600167936301e-07
3.769000000000000128e+00 1.216088818230077104e-07
3.769500000000000295e+00 1.211513703244688244e-07
3.770000000000000018e+00 1.206955197074618623e-07
3.770500000000000185e+00 1.202413241776568312e-07
3.770999999999999908e+00 1.197887779600519180e-07
3.771500000000000075e+00 1.193378752989072626e-07
3.772000000000000242e+00 1.188886104576880341e-07
3.772499999999999964e+00 1.184409777190012348e-07
3.773000000000000131e+00 1.179949713845353353e-07
3.773500000000000298e+00 1.175505857750009693e-07
3.774000000000000021e+00 1.171078152300694574e-07
3.774500000000000188e+00 1.166666541083126811e-07
3.774999999999999911e+00 1.162270967871445447e-07
3.775500000000000078e+00 1.157891376627590364e-07
3.776000000000000245e+00 1.153527711500724706e-07
3.776499999999999968e+00 1.149179916826643022e-07
3.777000000000000135e+00 1.144847937127153984e-07
3.777499999999999858e+00 1.140531717109519366e-07
3.778000000000000025e+00 1.136231201665844705e-07
3.778500000000000192e+00 1.131946335872506101e-07
3.778999999999999915e+00 1.127677064989564042e-07
3.779500000000000082e+00 1.123423334460156983e-07
3.780000000000000249e+00 1.119185089909960035e-07
3.780499999999999972e+00 1.114962277146571138e-07
3.781000000000000139e+00 1.110754842158941158e-07
3.781499999999999861e+00 1.106562731116816442e-07
3.782000000000000028e+00 1.102385890370131461e-07
3.782500000000000195e+00 1.098224266448460760e-07
3.782999999999999918e+00 1.094077806060447867e-07
3.783500000000000085e+00 1.089946456093209462e-07
3.784000000000000252e+00 1.085830163611800819e-07
3.784499999999999975e+00 1.081728875858635453e-07
3.785000000000000142e+00 1.077642540252904777e-07
3.785499999999999865e+00 1.073571104390047375e-07
3.786000000000000032e+00 1.069514516041158068e-07
3.786500000000000199e+00 1.065472723152445948e-07
3.786999999999999922e+00 1.061445673844680623e-07
3.787500000000000089e+00 1.057433316412611081e-07
3.788000000000000256e+00 1.053435599324438274e-07
3.788499999999999979e+00 1.049452471221252769e-07
3.789000000000000146e+00 1.045483880916471472e-07
3.789499999999999869e+00 1.041529777395314586e-07
3.790000000000000036e+00 1.037590109814228831e-07
3.790500000000000203e+00 1.033664827500363345e-07
3.790999999999999925e+00 1.029753879951019776e-07
3.791500000000000092e+00 1.025857216833090059e-07
3.792000000000000259e+00 1.021974787982550184e-07
3.792499999999999982e+00 1.018106543403897849e-07
3.793000000000000149e+00 1.014252433269604530e-07
3.793499999999999872e+00 1.010412407919614409e-07
3.794000000000000039e+00 1.006586417860768660e-07
3.794500000000000206e+00 1.002774413766306756e-07
3.794999999999999929e+00 9.989763464753144400e-08
3.795500000000000096e+00 9.951921669921955234e-08
3.796000000000000263e+00 9.914218264861551948e-08
3.796499999999999986e+00 9.876652762906617568e-08
3.797000000000000153e+00 9.839224679029214658e-08
3.797499999999999876e+00 9.801933529833677979e-08
3.798000000000000043e+00 9.764778833551194794e-08
3.798500000000000210e+00 9.727760110034782235e-08
3.798999999999999932e+00 9.690876880754037019e-08
3.799500000000000099e+00 9.654128668789850756e-08
3.800000000000000266e+00 9.617514998829468042e-08
3.800499999999999989e+00 9.581035397161179268e-08
3.801000000000000156e+00 9.544689391669221217e-08
3.801499999999999879e+00 9.508476511828726630e-08
3.802000000000000046e+00 9.472396288700534806e-08
3.802500000000000213e+00 9.436448254926216608e-08
3.802999999999999936e+00 9.400631944722976378e-08
3.803500000000000103e+00 9.364946893878498280e-08
3.804000000000000270e+00 9.329392639746066588e-08
3.804499999999999993e+00 9.293968721239492756e-08
3.805000000000000160e+00 9.258674678828014693e-08
3.805499999999999883e+00 9.223510054531471320e-08
3.806000000000000050e+00 9.188474391915197873e-08
3.806500000000000217e+00 9.153567236085113113e-08
3.806999999999999940e+00 9.118788133682862120e-08
3.807500000000000107e+00 9.084136632880656012e-08
3.808000000000000274e+00 9.049612283376621201e-08
3.808499999999999996e+00 9.015214636389780727e-08
3.809000000000000163e+00 8.980943244655093817e-08
3.809499999999999886e+00 8.946797662418762798e-08
3.810000000000000053e+00 8.912777445433186628e-08
3.810500000000000220e+00 8.878882150952262515e-08
3.810999999999999943e+00 8.845111337726573708e-08
3.811500000000000110e+00 8.811464565998398621e-08
3.812000000000000277e+00 8.777941397497090533e-08
3.812500000000000000e+00 8.744541395434307735e-08
3.813000000000000167e+00 8.711264124499034560e-08
3.813499999999999890e+00 8.678109150853131820e-08
3.814000000000000057e+00 8.645076042126261220e-08
3.814500000000000224e+00 8.612164367411500641e-08
3.814999999999999947e+00 8.579373697260435320e-08
3.815500000000000114e+00 8.546703603678387993e-08
3.816000000000000281e+00 8.514153660119989184e-08
3.816500000000000004e+00 8.481723441484335873e-08
3.817000000000000171e+00 8.449412524110305029e-08
3.817499999999999893e+00 8.417220485772065655e-08
3.818000000000000060e+00 8.385146905674307612e-08
3.818500000000000227e+00 8.353191364447758962e-08
3.818999999999999950e+00 8.321353444144491549e-08
3.819500000000000117e+00 8.289632728233348350e-08
3.820000000000000284e+00 8.258028801595455521e-08
3.820500000000000007e+00 8.226541250519584892e-08
3.821000000000000174e+00 8.195169662697609103e-08
3.821499999999999897e+00 8.163913627220077186e-08
3.822000000000000064e+00 8.132772734571532057e-08
3.822500000000000231e+00 8.101746576626205208e-08
3.822999999999999954e+00 8.070834746643405670e-08
3.823500000000000121e+00 8.040036839263009563e-08
3.824000000000000288e+00 8.009352450501149495e-08
3.824500000000000011e+00 7.978781177745702782e-08
3.825000000000000178e+00 7.948322619751733359e-08
3.825499999999999901e+00 7.917976376637328079e-08
3.826000000000000068e+00 7.887742049878891712e-08
3.826500000000000234e+00 7.857619242307060008e-08
3.826999999999999957e+00 7.827607558102144253e-08
3.827500000000000124e+00 7.797706602789686988e-08
3.828000000000000291e+00 7.767915983236367136e-08
3.828500000000000014e+00 7.738235307645472347e-08
3.829000000000000181e+00 7.708664185552551338e-08
3.829499999999999904e+00 7.679202227821296513e-08
3.830000000000000071e+00 7.649849046638984550e-08
3.830500000000000238e+00 7.620604255512423873e-08
3.830999999999999961e+00 7.591467469263595085e-08
3.831500000000000128e+00 7.562438304025282122e-08
3.832000000000000295e+00 7.533516377237018417e-08
3.832500000000000018e+00 7.504701307640763051e-08
3.833000000000000185e+00 7.475992715276616627e-08
3.833499999999999908e+00 7.447390221478755509e-08
3.834000000000000075e+00 7.418893448871070924e-08
3.834500000000000242e+00 7.390502021363169382e-08
3.834999999999999964e+00 7.362215564146084569e-08
3.835500000000000131e+00 7.334033703688083212e-08
3.836000000000000298e+00 7.305956067730669463e-08
3.836500000000000021e+00 7.277982285284382825e-08
3.837000000000000188e+00 7.250111986624569603e-08
3.837499999999999911e+00 7.222344803287489200e-08
3.838000000000000078e+00 7.194680368066028659e-08
3.838500000000000245e+00 7.167118315005750725e-08
3.838999999999999968e+00 7.139658279400793676e-08
3.839500000000000135e+00 7.112299897789742038e-08
3.839999999999999858e+00 7.085042807951705088e-08
3.840500000000000025e+00 7.057886648902178301e-08
3.841000000000000192e+00 7.030831060889123179e-08
3.841499999999999915e+00 7.003875685388885608e-08
3.842000000000000082e+00 6.977020165102205542e-08
3.842500000000000249e+00 6.950264143950308737e-08
3.842999999999999972e+00 6.923607267070862170e-08
3.843500000000000139e+00 6.897049180814020777e-08
3.843999999999999861e+00 6.870589532738568160e-08
3.844500000000000028e+00 6.844227971607833624e-08
3.845000000000000195e+00 6.817964147385949347e-08
3.845499999999999918e+00 6.791797711233824329e-08
3.846000000000000085e+00 6.765728315505218926e-08
3.846500000000000252e+00 6.739755613743003341e-08
3.846999999999999975e+00 6.713879260675175249e-08
3.847500000000000142e+00 6.688098912210964770e-08
3.847999999999999865e+00 6.662414225437143255e-08
3.848500000000000032e+00 6.636824858613999884e-08
3.849000000000000199e+00 6.611330471171662361e-08
3.849499999999999922e+00 6.585930723706232330e-08
3.850000000000000089e+00 6.560625277975908876e-08
3.850500000000000256e+00 6.535413796897355545e-08
3.850999999999999979e+00 6.510295944541806644e-08
3.851500000000000146e+00 6.485271386131287349e-08
3.851999999999999869e+00 6.460339788034970149e-08
3.852500000000000036e+00 6.435500817765282457e-08
3.853000000000000203e+00 6.410754143974322606e-08
3.853499999999999925e+00 6.386099436450074671e-08
3.854000000000000092e+00 6.361536366112639169e-08
3.854500000000000259e+00 6.337064605010653025e-08
3.854999999999999982e+00 6.312683826317522920e-08
3.855500000000000149e+00 6.288393704327743345e-08
3.855999999999999872e+00 6.264193914453327152e-08
3.856500000000000039e+00 6.240084133220009787e-08
3.857000000000000206e+00 6.216064038263763221e-08
3.857499999999999929e+00 6.192133308327061063e-08
3.858000000000000096e+00 6.168291623255278668e-08
3.858500000000000263e+00 6.144538663993099871e-08
3.858999999999999986e+00 6.120874112580975323e-08
3.859500000000000153e+00 6.097297652151380991e-08
3.859999999999999876e+00 6.073808966925449879e-08
3.860500000000000043e+00 6.050407742209225232e-08
3.861000000000000210e+00 6.027093664390232694e-08
3.861499999999999932e+00 6.003866420933909541e-08
3.862000000000000099e+00 5.980725700380004787e-08
3.862500000000000266e+00 5.957671192339156644e-08
3.862999999999999989e+00 5.934702587489380642e-08
3.863500000000000156e+00 5.911819577572457167e-08
3.863999999999999879e+00 5.889021855390588988e-08
3.864500000000000046e+00 5.866309114802820561e-08
3.865000000000000213e+00 5.843681050721656511e-08
3.865499999999999936e+00 5.821137359109549094e-08
3.866000000000000103e+00 5.798677736975450508e-08
3.866500000000000270e+00 5.776301882371434025e-08
3.866999999999999993e+00 5.754009494389252260e-08
3.867500000000000160e+00 5.731800273156863671e-08
3.867999999999999883e+00 5.709673919835145014e-08
3.868500000000000050e+00 5.687630136614366231e-08
3.869000000000000217e+00 5.665668626710956504e-08
3.869499999999999940e+00 5.643789094364043330e-08
3.870000000000000107e+00 5.621991244832061744e-08
3.870500000000000274e+00 5.600274784389519049e-08
3.870999999999999996e+00 5.578639420323605362e-08
3.871500000000000163e+00 5.557084860930775702e-08
3.871999999999999886e+00 5.535610815513605383e-08
3.872500000000000053e+00 5.514216994377320483e-08
3.873000000000000220e+00 5.492903108826612872e-08
3.873499999999999943e+00 5.471668871162323548e-08
3.874000000000000110e+00 5.450513994678096193e-08
3.874500000000000277e+00 5.429438193657241829e-08
3.875000000000000000e+00 5.408441183369392377e-08
3.875500000000000167e+00 5.387522680067228990e-08
3.875999999999999890e+00 5.366682400983377149e-08
3.876500000000000057e+00 5.345920064327003974e-08
3.877000000000000224e+00 5.325235389280762286e-08
3.877499999999999947e+00 5.304628095997518282e-08
3.878000000000000114e+00 5.284097905597110971e-08
3.878500000000000281e+00 5.263644540163249256e-08
3.879000000000000004e+00 5.243267722740320336e-08
3.879500000000000171e+00 5.222967177330118048e-08
3.879999999999999893e+00 5.202742628888885524e-08
3.880500000000000060e+00 5.182593803323954195e-08
3.881000000000000227e+00 5.162520427490784470e-08
3.881499999999999950e+00 5.142522229189745021e-08
3.882000000000000117e+00 5.122598937162972150e-08
3.882500000000000284e+00 5.102750281091360169e-08
3.883000000000000007e+00 5.082975991591422750e-08
3.883500000000000174e+00 5.063275800212115888e-08
3.883999999999999897e+00 5.043649439431926226e-08
3.884500000000000064e+00 5.024096642655636447e-08
3.885000000000000231e+00 5.004617144211410953e-08
3.885499999999999954e+00 4.985210679347659854e-08
3.886000000000000121e+00 4.965876984229987008e-08
3.886500000000000288e+00 4.946615795938216798e-08
3.887000000000000011e+00 4.927426852463386507e-08
3.887500000000000178e+00 4.908309892704626851e-08
3.887999999999999901e+00 4.889264656466284057e-08
3.888500000000000068e+00 4.870290884454842083e-08
3.889000000000000234e+00 4.851388318275996388e-08
3.889499999999999957e+00 4.832556700431664173e-08
3.890000000000000124e+00 4.813795774316970127e-08
3.890500000000000291e+00 4.795105284217370492e-08
3.891000000000000014e+00 4.776484975305672566e-08
3.891500000000000181e+00 4.757934593639057507e-08
3.891999999999999904e+00 4.739453886156240799e-08
3.892500000000000071e+00 4.721042600674442774e-08
3.893000000000000238e+00 4.702700485886596059e-08
3.893499999999999961e+00 4.684427291358393529e-08
3.894000000000000128e+00 4.666222767525329651e-08
3.894500000000000295e+00 4.648086665689940343e-08
3.895000000000000018e+00 4.630018738018884022e-08
3.895500000000000185e+00 4.612018737539996844e-08
3.895999999999999908e+00 4.594086418139584838e-08
3.896500000000000075e+00 4.576221534559440768e-08
3.897000000000000242e+00 4.558423842394093922e-08
3.897499999999999964e+00 4.540693098087987108e-08
3.898000000000000131e+00 4.523029058932560346e-08
3.898500000000000298e+00 4.505431483063541028e-08
3.899000000000000021e+00 4.487900129458134807e-08
3.899500000000000188e+00 4.470434757932138410e-08
3.899999999999999911e+00 4.453035129137299278e-08
3.900500000000000078e+00 4.435701004558386020e-08
3.901000000000000245e+00 4.418432146510555332e-08
3.901499999999999968e+00 4.401228318136536276e-08
3.902000000000000135e+00 4.384089283403849630e-08
3.902500000000000302e+00 4.367014807102127160e-08
3.903000000000000025e+00 4.350004654840366702e-08
3.903500000000000192e+00 4.333058593044145559e-08
3.903999999999999915e+00 4.316176388953029109e-08
3.904500000000000082e+00 4.299357810617714714e-08
3.905000000000000249e+00 4.282602626897473419e-08
3.905499999999999972e+00 4.265910607457374590e-08
3.906000000000000139e+00 4.249281522765616444e-08
3.906499999999999861e+00 4.232715144090912152e-08
3.907000000000000028e+00 4.216211243499704561e-08
3.907500000000000195e+00 4.199769593853664797e-08
3.907999999999999918e+00 4.183389968806943378e-08
3.908500000000000085e+00 4.167072142803519930e-08
3.909000000000000252e+00 4.150815891074661426e-08
3.909499999999999975e+00 4.134620989636230867e-08
3.910000000000000142e+00 4.118487215286054869e-08
3.910499999999999865e+00 4.102414345601420277e-08
3.911000000000000032e+00 4.086402158936336534e-08
3.911500000000000199e+00 4.070450434419070016e-08
3.911999999999999922e+00 4.054558951949515587e-08
3.912500000000000089e+00 4.038727492196582704e-08
3.913000000000000256e+00 4.022955836595700645e-08
3.913499999999999979e+00 4.007243767346237702e-08
3.914000000000000146e+00 3.991591067408908467e-08
3.914499999999999869e+00 3.975997520503314791e-08
3.915000000000000036e+00 3.960462911105319978e-08
3.915500000000000203e+00 3.944987024444616879e-08
3.915999999999999925e+00 3.929569646502172894e-08
3.916500000000000092e+00 3.914210564007663725e-08
3.917000000000000259e+00 3.898909564437079189e-08
3.917499999999999982e+00 3.883666436010159614e-08
3.918000000000000149e+00 3.868480967687913642e-08
3.918499999999999872e+00 3.853352949170190282e-08
3.919000000000000039e+00 3.838282170893137817e-08
3.919500000000000206e+00 3.823268424026806300e-08
3.919999999999999929e+00 3.808311500472677923e-08
3.920500000000000096e+00 3.793411192861168936e-08
3.921000000000000263e+00 3.778567294549284419e-08
3.921499999999999986e+00 3.763779599618126156e-08
3.922000000000000153e+00 3.749047902870448151e-08
3.922499999999999876e+00 3.734371999828331253e-08
3.923000000000000043e+00 3.719751686730673829e-08
3.923500000000000210e+00 3.705186760530866385e-08
3.923999999999999932e+00 3.690677018894380839e-08
3.924500000000000099e+00 3.676222260196345882e-08
3.925000000000000266e+00 3.661822283519227570e-08
3.925499999999999989e+00 3.647476888650444391e-08
3.926000000000000156e+00 3.633185876079961167e-08
3.926499999999999879e+00 3.618949046998011988e-08
3.927000000000000046e+00 3.604766203292666978e-08
3.927500000000000213e+00 3.590637147547575087e-08
3.927999999999999936e+00 3.576561683039601659e-08
3.928500000000000103e+00 3.562539613736447478e-08
3.929000000000000270e+00 3.548570744294426631e-08
3.929499999999999993e+00 3.534654880056118636e-08
3.930000000000000160e+00 3.520791827048008001e-08
3.930499999999999883e+00 3.506981391978298481e-08
3.931000000000000050e+00 3.493223382234517563e-08
3.931500000000000217e+00 3.479517605881330727e-08
3.931999999999999940e+00 3.465863871658210113e-08
3.932500000000000107e+00 3.452261988977152173e-08
3.933000000000000274e+00 3.438711767920492584e-08
3.933499999999999996e+00 3.425213019238598749e-08
3.934000000000000163e+00 3.411765554347608613e-08
3.934499999999999886e+00 3.398369185327269408e-08
3.935000000000000053e+00 3.385023724918622208e-08
3.935500000000000220e+00 3.371728986521838025e-08
3.935999999999999943e+00 3.358484784193991037e-08
3.936500000000000110e+00 3.345290932646808658e-08
3.937000000000000277e+00 3.332147247244527489e-08
3.937500000000000000e+00 3.319053544001676466e-08
3.938000000000000167e+00 3.306009639580851423e-08
3.938499999999999890e+00 3.293015351290621325e-08
3.939000000000000057e+00 3.280070497083241943e-08
3.939500000000000224e+00 3.267174895552595846e-08
3.939999999999999947e+00 3.254328365931968273e-08
3.940500000000000114e+00 3.241530728091898452e-08
3.941000000000000281e+00 3.228781802538062681e-08
3.941500000000000004e+00 3.216081410409132255e-08
3.942000000000000171e+00 3.203429373474577143e-08
3.942499999999999893e+00 3.190825514132645014e-08
3.943000000000000060e+00 3.178269655408139765e-08
3.943500000000000227e+00 3.165761620950398568e-08
3.943999999999999950e+00 3.153301235031131934e-08
3.944500000000000117e+00 3.140888322542310764e-08
3.945000000000000284e+00 3.128522708994142071e-08
3.945500000000000007e+00 3.116204220512925592e-08
3.946000000000000174e+00 3.103932683838981204e-08
3.946499999999999897e+00 3.091707926324623983e-08
3.947000000000000064e+00 3.079529775932014200e-08
3.947500000000000231e+00 3.067398061231185320e-08
3.947999999999999954e+00 3.055312611397956859e-08
3.948500000000000121e+00 3.043273256211853864e-08
3.949000000000000288e+00 3.031279826054136893e-08
3.949500000000000011e+00 3.019332151905726791e-08
3.950000000000000178e+00 3.007430065345161878e-08
3.950499999999999901e+00 2.995573398546629927e-08
3.951000000000000068e+00 2.983761984277906827e-08
3.951500000000000234e+00 2.971995655898391531e-08
3.951999999999999957e+00 2.960274247357076160e-08
3.952500000000000124e+00 2.948597593190550838e-08
3.953000000000000291e+00 2.936965528521042945e-08
3.953500000000000014e+00 2.925377889054431885e-08
3.954000000000000181e+00 2.913834511078220507e-08
3.954499999999999904e+00 2.902335231459658065e-08
3.955000000000000071e+00 2.890879887643688815e-08
3.955500000000000238e+00 2.879468317651067691e-08
3.955999999999999961e+00 2.868100360076387650e-08
3.956500000000000128e+00 2.856775854086093445e-08
3.957000000000000295e+00 2.845494639416602929e-08
3.957500000000000018e+00 2.834256556372375758e-08
3.958000000000000185e+00 2.823061445823922198e-08
3.958499999999999908e+00 2.811909149205977377e-08
3.959000000000000075e+00 2.800799508515508766e-08
3.959500000000000242e+00 2.789732366309864293e-08
3.959999999999999964e+00 2.778707565704858242e-08
3.960500000000000131e+00 2.767724950372843925e-08
3.961000000000000298e+00 2.756784364540888924e-08
3.961500000000000021e+00 2.745885652988850069e-08
3.962000000000000188e+00 2.735028661047488797e-08
3.962499999999999911e+00 2.724213234596644733e-08
3.963000000000000078e+00 2.713439220063329536e-08
3.963500000000000245e+00 2.702706464419903134e-08
3.963999999999999968e+00 2.692014815182218187e-08
3.964500000000000135e+00 2.681364120407724854e-08
3.965000000000000302e+00 2.670754228693705592e-08
3.965500000000000025e+00 2.660184989175407044e-08
3.966000000000000192e+00 2.649656251524188818e-08
3.966499999999999915e+00 2.639167865945754636e-08
3.967000000000000082e+00 2.628719683178274308e-08
3.967500000000000249e+00 2.618311554490639372e-08
3.967999999999999972e+00 2.607943331680618480e-08
3.968500000000000139e+00 2.597614867073043229e-08
3.968999999999999861e+00 2.587326013518078025e-08
3.969500000000000028e+00 2.577076624389362571e-08
3.970000000000000195e+00 2.566866553582282395e-08
3.970499999999999918e+00 2.556695655512179494e-08
3.971000000000000085e+00 2.546563785112555696e-08
3.971500000000000252e+00 2.536470797833350143e-08
3.971999999999999975e+00 2.526416549639167464e-08
3.972500000000000142e+00 2.516400897007494381e-08
3.972999999999999865e+00 2.506423696927019202e-08
3.973500000000000032e+00 2.496484806895808057e-08
3.974000000000000199e+00 2.486584084919642597e-08
3.974499999999999922e+00 2.476721389510265705e-08
3.975000000000000089e+00 2.466896579683616627e-08
3.975500000000000256e+00 2.457109514958179917e-08
3.975999999999999979e+00 2.447360055353237773e-08
3.976500000000000146e+00 2.437648061387146521e-08
3.976999999999999869e+00 2.427973394075677291e-08
3.977500000000000036e+00 2.418335914930266695e-08
3.978000000000000203e+00 2.408735485956384968e-08
3.978499999999999925e+00 2.399171969651811789e-08
3.979000000000000092e+00 2.389645229004943872e-08
3.979500000000000259e+00 2.380155127493171042e-08
3.979999999999999982e+00 2.370701529081166291e-08
3.980500000000000149e+00 2.361284298219228438e-08
3.980999999999999872e+00 2.351903299841636037e-08
3.981500000000000039e+00 2.342558399364978129e-08
3.982000000000000206e+00 2.333249462686521056e-08
3.982499999999999929e+00 2.323976356182584210e-08
3.983000000000000096e+00 2.314738946706829422e-08
3.983500000000000263e+00 2.305537101588725051e-08
3.983999999999999986e+00 2.296370688631863506e-08
3.984500000000000153e+00 2.287239576112335332e-08
3.984999999999999876e+00 2.278143632777148636e-08
3.985500000000000043e+00 2.269082727842584323e-08
3.986000000000000210e+00 2.260056730992619487e-08
3.986499999999999932e+00 2.251065512377319705e-08
3.987000000000000099e+00 2.242108942611209490e-08
3.987500000000000266e+00 2.233186892771737703e-08
3.987999999999999989e+00 2.224299234397667205e-08
3.988500000000000156e+00 2.215445839487478058e-08
3.988999999999999879e+00 2.206626580497832288e-08
3.989500000000000046e+00 2.197841330341956901e-08
3.990000000000000213e+00 2.189089962388133794e-08
3.990499999999999936e+00 2.180372350458105603e-08
3.991000000000000103e+00 2.171688368825511675e-08
3.991500000000000270e+00 2.163037892214379289e-08
3.991999999999999993e+00 2.154420795797562931e-08
3.992500000000000160e+00 2.145836955195170336e-08
3.992999999999999883e+00 2.137286246473094739e-08
3.993500000000000050e+00 2.128768546141422715e-08
3.994000000000000217e+00 2.120283731152956177e-08
3.994499999999999940e+00 2.111831678901678779e-08
3.995000000000000107e+00 2.103412267221217362e-08
3.995500000000000274e+00 2.095025374383383141e-08
3.995999999999999996e+00 2.086670879096631817e-08
3.996500000000000163e+00 2.078348660504558781e-08
3.996999999999999886e+00 2.070058598184437644e-08
3.997500000000000053e+00 2.061800572145697896e-08
3.998000000000000220e+00 2.053574462828467412e-08
3.998499999999999943e+00 2.045380151102088164e-08
3.999000000000000110e+00 2.037217518263604790e-08
3.999500000000000277e+00 2.029086446036349789e-08
4.000000000000000000e+00 2.020986816568454595e-08
4.000499999999999723e+00 2.012918512431375209e-08
4.001000000000000334e+00 2.004881416618433053e-08
4.001500000000000057e+00 1.996875412543436557e-08
4.001999999999999780e+00 1.988900384039130360e-08
4.002500000000000391e+00 1.980956215355802337e-08
4.003000000000000114e+00 1.973042791159883680e-08
4.003499999999999837e+00 1.965159996532444753e-08
4.004000000000000448e+00 1.957307716967819655e-08
4.004500000000000171e+00 1.949485838372181154e-08
4.004999999999999893e+00 1.941694247062083523e-08
4.005500000000000504e+00 1.933932829763088434e-08
4.006000000000000227e+00 1.926201473608351794e-08
4.006499999999999950e+00 1.918500066137210928e-08
4.006999999999999673e+00 1.910828495293766456e-08
4.007500000000000284e+00 1.903186649425514470e-08
4.008000000000000007e+00 1.895574417281981352e-08
4.008499999999999730e+00 1.887991688013260991e-08
4.009000000000000341e+00 1.880438351168683683e-08
4.009500000000000064e+00 1.872914296695488668e-08
4.009999999999999787e+00 1.865419414937331572e-08
4.010500000000000398e+00 1.857953596633002934e-08
4.011000000000000121e+00 1.850516732915072292e-08
4.011499999999999844e+00 1.843108715308475028e-08
4.012000000000000455e+00 1.835729435729181934e-08
4.012500000000000178e+00 1.828378786482883989e-08
4.012999999999999901e+00 1.821056660263592110e-08
4.013500000000000512e+00 1.813762950152307381e-08
4.014000000000000234e+00 1.806497549615756450e-08
4.014499999999999957e+00 1.799260352504936694e-08
4.014999999999999680e+00 1.792051253053878749e-08
4.015500000000000291e+00 1.784870145878291921e-08
4.016000000000000014e+00 1.777716925974281730e-08
4.016499999999999737e+00 1.770591488716966855e-08
4.017000000000000348e+00 1.763493729859199660e-08
4.017500000000000071e+00 1.756423545530312184e-08
4.017999999999999794e+00 1.749380832234742356e-08
4.018500000000000405e+00 1.742365486850740623e-08
4.019000000000000128e+00 1.735377406629147373e-08
4.019499999999999851e+00 1.728416489192033709e-08
4.020000000000000462e+00 1.721482632531412045e-08
4.020500000000000185e+00 1.714575735008035370e-08
4.020999999999999908e+00 1.707695695350042321e-08
4.021500000000000519e+00 1.700842412651681345e-08
4.022000000000000242e+00 1.694015786372146689e-08
4.022499999999999964e+00 1.687215716334174840e-08
4.022999999999999687e+00 1.680442102722881508e-08
4.023500000000000298e+00 1.673694846084457659e-08
4.024000000000000021e+00 1.666973847324968779e-08
4.024499999999999744e+00 1.660279007709044291e-08
4.025000000000000355e+00 1.653610228858679467e-08
4.025500000000000078e+00 1.646967412751995975e-08
4.025999999999999801e+00 1.640350461721974977e-08
4.026500000000000412e+00 1.633759278455236535e-08
4.027000000000000135e+00 1.627193765990869319e-08
4.027499999999999858e+00 1.620653827719119692e-08
4.028000000000000469e+00 1.614139367380209830e-08
4.028500000000000192e+00 1.607650289063174380e-08
4.028999999999999915e+00 1.601186497204558144e-08
4.029500000000000526e+00 1.594747896587271925e-08
4.030000000000000249e+00 1.588334392339380538e-08
4.030499999999999972e+00 1.581945889932895794e-08
4.030999999999999694e+00 1.575582295182567157e-08
4.031500000000000306e+00 1.569243514244713103e-08
4.032000000000000028e+00 1.562929453616051160e-08
4.032499999999999751e+00 1.556640020132469707e-08
4.033000000000000362e+00 1.550375120967867607e-08
4.033500000000000085e+00 1.544134663633010708e-08
4.033999999999999808e+00 1.537918555974312587e-08
4.034500000000000419e+00 1.531726706172681782e-08
4.035000000000000142e+00 1.525559022742394517e-08
4.035499999999999865e+00 1.519415414529883043e-08
4.036000000000000476e+00 1.513295790712598104e-08
4.036500000000000199e+00 1.507200060797888932e-08
4.036999999999999922e+00 1.501128134621807803e-08
4.037499999999999645e+00 1.495079922347990039e-08
4.038000000000000256e+00 1.489055334466496781e-08
4.038499999999999979e+00 1.483054281792731214e-08
4.038999999999999702e+00 1.477076675466226420e-08
4.039500000000000313e+00 1.471122426949565246e-08
4.040000000000000036e+00 1.465191448027272540e-08
4.040499999999999758e+00 1.459283650804630134e-08
4.041000000000000369e+00 1.453398947706606475e-08
4.041500000000000092e+00 1.447537251476756965e-08
4.041999999999999815e+00 1.441698475176052681e-08
4.042500000000000426e+00 1.435882532181818928e-08
4.043000000000000149e+00 1.430089336186648166e-08
4.043499999999999872e+00 1.424318801197239142e-08
4.044000000000000483e+00 1.418570841533346534e-08
4.044500000000000206e+00 1.412845371826704294e-08
4.044999999999999929e+00 1.407142307019876366e-08
4.045499999999999652e+00 1.401461562365228000e-08
4.046000000000000263e+00 1.395803053423802277e-08
4.046499999999999986e+00 1.390166696064305159e-08
4.046999999999999709e+00 1.384552406461953889e-08
4.047500000000000320e+00 1.378960101097443011e-08
4.048000000000000043e+00 1.373389696755902129e-08
4.048499999999999766e+00 1.367841110525781522e-08
4.049000000000000377e+00 1.362314259797828597e-08
4.049500000000000099e+00 1.356809062264030086e-08
4.049999999999999822e+00 1.351325435916530924e-08
4.050500000000000433e+00 1.345863299046613671e-08
4.051000000000000156e+00 1.340422570243651965e-08
4.051499999999999879e+00 1.335003168394040317e-08
4.052000000000000490e+00 1.329605012680178988e-08
4.052500000000000213e+00 1.324228022579457229e-08
4.052999999999999936e+00 1.318872117863168508e-08
4.053499999999999659e+00 1.313537218595516739e-08
4.054000000000000270e+00 1.308223245132584786e-08
4.054499999999999993e+00 1.302930118121333247e-08
4.054999999999999716e+00 1.297657758498542484e-08
4.055500000000000327e+00 1.292406087489813726e-08
4.056000000000000050e+00 1.287175026608584555e-08
4.056499999999999773e+00 1.281964497655078553e-08
4.057000000000000384e+00 1.276774422715316158e-08
4.057500000000000107e+00 1.271604724160139091e-08
4.057999999999999829e+00 1.266455324644171413e-08
4.058500000000000441e+00 1.261326147104838987e-08
4.059000000000000163e+00 1.256217114761405482e-08
4.059499999999999886e+00 1.251128151113942200e-08
4.060000000000000497e+00 1.246059179942358626e-08
4.060500000000000220e+00 1.241010125305446364e-08
4.060999999999999943e+00 1.235980911539861547e-08
4.061499999999999666e+00 1.230971463259166794e-08
4.062000000000000277e+00 1.225981705352861089e-08
4.062500000000000000e+00 1.221011562985431839e-08
4.062999999999999723e+00 1.216060961595337104e-08
4.063500000000000334e+00 1.211129826894083957e-08
4.064000000000000057e+00 1.206218084865281857e-08
4.064499999999999780e+00 1.201325661763639941e-08
4.065000000000000391e+00 1.196452484114031481e-08
4.065500000000000114e+00 1.191598478710601027e-08
4.065999999999999837e+00 1.186763572615723980e-08
4.066500000000000448e+00 1.181947693159123657e-08
4.067000000000000171e+00 1.177150767936939723e-08
4.067499999999999893e+00 1.172372724810741030e-08
4.068000000000000504e+00 1.167613491906631107e-08
4.068500000000000227e+00 1.162872997614324531e-08
4.068999999999999950e+00 1.158151170586192189e-08
4.069499999999999673e+00 1.153447939736336332e-08
4.070000000000000284e+00 1.148763234239698872e-08
4.070500000000000007e+00 1.144096983531131132e-08
4.070999999999999730e+00 1.139449117304462938e-08
4.071500000000000341e+00 1.134819565511594709e-08
4.072000000000000064e+00 1.130208258361629409e-08
4.072499999999999787e+00 1.125615126319906899e-08
4.073000000000000398e+00 1.121040100107124644e-08
4.073500000000000121e+00 1.116483110698474963e-08
4.073999999999999844e+00 1.111944089322684672e-08
4.074500000000000455e+00 1.107422967461164741e-08
4.075000000000000178e+00 1.102919676847116944e-08
4.075499999999999901e+00 1.098434149464620811e-08
4.076000000000000512e+00 1.093966317547771213e-08
4.076500000000000234e+00 1.089516113579810980e-08
4.076999999999999957e+00 1.085083470292209254e-08
4.077499999999999680e+00 1.080668320663813800e-08
4.078000000000000291e+00 1.076270597919970713e-08
4.078500000000000014e+00 1.071890235531688971e-08
4.078999999999999737e+00 1.067527167214703898e-08
4.079500000000000348e+00 1.063181326928660739e-08
4.080000000000000071e+00 1.058852648876275237e-08
4.080499999999999794e+00 1.054541067502407684e-08
4.081000000000000405e+00 1.050246517493253116e-08
4.081500000000000128e+00 1.045968933775511976e-08
4.081999999999999851e+00 1.041708251515471949e-08
4.082500000000000462e+00 1.037464406118207910e-08
4.083000000000000185e+00 1.033237333226755405e-08
4.083499999999999908e+00 1.029026968721218290e-08
4.084000000000000519e+00 1.024833248717957265e-08
4.084500000000000242e+00 1.020656109568771794e-08
4.084999999999999964e+00 1.016495487860035536e-08
4.085499999999999687e+00 1.012351320411881569e-08
4.086000000000000298e+00 1.008223544277374884e-08
4.086500000000000021e+00 1.004112096741706540e-08
4.086999999999999744e+00 1.000016915321329760e-08
4.087500000000000355e+00 9.959379377631732814e-09
4.088000000000000078e+00 9.918751020438368391e-09
4.088499999999999801e+00 9.878283463687348700e-09
4.089000000000000412e+00 9.837976091713187965e-09
4.089500000000000135e+00 9.797828291122763161e-09
4.089999999999999858e+00 9.757839450787020698e-09
4.090500000000000469e+00 9.718008961832924649e-09
4.091000000000000192e+00 9.678336217635876464e-09
4.091499999999999915e+00 9.638820613811305854e-09
4.092000000000000526e+00 9.599461548206858895e-09
4.092500000000000249e+00 9.560258420894701941e-09
4.092999999999999972e+00 9.521210634163359006e-09
4.093499999999999694e+00 9.482317592509846929e-09
4.094000000000000306e+00 9.443578702632095093e-09
4.094500000000000028e+00 9.404993373421022688e-09
4.094999999999999751e+00 9.366561015952602740e-09
4.095500000000000362e+00 9.328281043480301682e-09
4.096000000000000085e+00 9.290152871427358446e-09
4.096499999999999808e+00 9.252175917378881584e-09
4.097000000000000419e+00 9.214349601074345083e-09
4.097500000000000142e+00 9.176673344400061023e-09
4.097999999999999865e+00 9.139146571381208863e-09
4.098500000000000476e+00 9.101768708174392469e-09
4.099000000000000199e+00 9.064539183060369201e-09
4.099499999999999922e+00 9.027457426435978279e-09
4.099999999999999645e+00 8.990522870807017108e-09
4.100500000000000256e+00 8.953734950780513752e-09
4.100999999999999979e+00 8.917093103057551975e-09
4.101499999999999702e+00 8.880596766425411366e-09
4.102000000000000313e+00 8.844245381750403959e-09
4.102500000000000036e+00 8.808038391970695956e-09
4.102999999999999758e+00 8.771975242088388300e-09
4.103500000000000369e+00 8.736055379162533621e-09
4.104000000000000092e+00 8.700278252302012551e-09
4.104499999999999815e+00 8.664643312657652348e-09
4.105000000000000426e+00 8.629150013415478761e-09
4.105500000000000149e+00 8.593797809789324339e-09
4.105999999999999872e+00 8.558586159013481416e-09
4.106500000000000483e+00 8.523514520335571810e-09
4.107000000000000206e+00 8.488582355009560461e-09
4.107499999999999929e+00 8.453789126288299221e-09
4.107999999999999652e+00 8.419134299416687728e-09
4.108500000000000263e+00 8.384617341624268481e-09
4.108999999999999986e+00 8.350237722118602779e-09
4.109499999999999709e+00 8.315994912077718567e-09
4.110000000000000320e+00 8.281888384643380486e-09
4.110500000000000043e+00 8.247917614914174650e-09
4.110999999999999766e+00 8.214082079938186439e-09
4.111500000000000377e+00 8.180381258706297031e-09
4.112000000000000099e+00 8.146814632145357503e-09
4.112499999999999822e+00 8.113381683110917918e-09
4.113000000000000433e+00 8.080081896380618150e-09
4.113500000000000156e+00 8.046914758647380186e-09
4.113999999999999879e+00 8.013879758512337388e-09
4.114500000000000490e+00 7.980976386478121095e-09
4.115000000000000213e+00 7.948204134942258068e-09
4.115499999999999936e+00 7.915562498190040190e-09
4.115999999999999659e+00 7.883050972388064190e-09
4.116500000000000270e+00 7.850669055577427251e-09
4.116999999999999993e+00 7.818416247667088062e-09
4.117499999999999716e+00 7.786292050427045882e-09
4.118000000000000327e+00 7.754295967481718139e-09
4.118500000000000050e+00 7.722427504303600911e-09
4.118999999999999773e+00 7.690686168206201499e-09
4.119500000000000384e+00 7.659071468337770048e-09
4.120000000000000107e+00 7.627582915674711889e-09
4.120499999999999829e+00 7.596220023014875784e-09
4.121000000000000441e+00 7.564982304971178028e-09
4.121500000000000163e+00 7.533869277965223227e-09
4.121999999999999886e+00 7.502880460220519763e-09
4.122500000000000497e+00 7.472015371756178332e-09
4.123000000000000220e+00 7.441273534380698994e-09
4.123499999999999943e+00 7.410654471685256941e-09
4.123999999999999666e+00 7.380157709037383673e-09
4.124500000000000277e+00 7.349782773574686206e-09
4.125000000000000000e+00 7.319529194198575398e-09
4.125499999999999723e+00 7.289396501567745278e-09
4.126000000000000334e+00 7.259384228091951821e-09
4.126500000000000057e+00 7.229491907925895952e-09
4.126999999999999780e+00 7.199719076962728518e-09
4.127500000000000391e+00 7.170065272827882005e-09
4.128000000000000114e+00 7.140530034873128074e-09
4.128499999999999837e+00 7.111112904169884839e-09
4.129000000000000448e+00 7.081813423503479546e-09
4.129500000000000171e+00 7.052631137366873579e-09
4.129999999999999893e+00 7.023565591954432133e-09
4.130500000000000504e+00 6.994616335155848578e-09
4.131000000000000227e+00 6.965782916550305387e-09
4.131499999999999950e+00 6.937064887400040327e-09
4.131999999999999673e+00 6.908461800644523934e-09
4.132500000000000284e+00 6.879973210894315215e-09
4.133000000000000007e+00 6.851598674425306125e-09
4.133499999999999730e+00 6.823337749172471393e-09
4.134000000000000341e+00 6.795189994723878903e-09
4.134500000000000064e+00 6.767154972315172404e-09
4.134999999999999787e+00 6.739232244823085582e-09
4.135500000000000398e+00 6.711421376759883410e-09
4.136000000000000121e+00 6.683721934267534660e-09
4.136499999999999844e+00 6.656133485111560157e-09
4.137000000000000455e+00 6.628655598675412920e-09
4.137500000000000178e+00 6.601287845954706092e-09
4.137999999999999901e+00 6.574029799551220843e-09
4.138500000000000512e+00 6.546881033667208752e-09
4.139000000000000234e+00 6.519841124099757051e-09
4.139499999999999957e+00 6.492909648234858570e-09
4.139999999999999680e+00 6.466086185041791042e-09
4.140500000000000291e+00 6.439370315067338418e-09
4.141000000000000014e+00 6.412761620430356296e-09
4.141499999999999737e+00 6.386259684815769065e-09
4.142000000000000348e+00 6.359864093469067502e-09
4.142500000000000071e+00 6.333574433190892396e-09
4.142999999999999794e+00 6.307390292331086288e-09
4.143500000000000405e+00 6.281311260783255588e-09
4.144000000000000128e+00 6.255336929979402173e-09
4.144499999999999851e+00 6.229466892884020624e-09
4.145000000000000462e+00 6.203700743988800136e-09
4.145500000000000185e+00 6.178038079307180016e-09
4.145999999999999908e+00 6.152478496368622283e-09
4.146500000000000519e+00 6.127021594213251536e-09
4.147000000000000242e+00 6.101666973386582509e-09
4.147499999999999964e+00 6.076414235933844782e-09
4.147999999999999687e+00 6.051262985394618514e-09
4.148500000000000298e+00 6.026212826797484241e-09
4.149000000000000021e+00 6.001263366654814947e-09
4.149499999999999744e+00 5.976414212957040389e-09
4.150000000000000355e+00 5.951664975167561599e-09
4.150500000000000078e+00 5.927015264217539637e-09
4.150999999999999801e+00 5.902464692500293930e-09
4.151500000000000412e+00 5.878012873866172924e-09
4.152000000000000135e+00 5.853659423617392474e-09
4.152499999999999858e+00 5.829403958502599617e-09
4.153000000000000469e+00 5.805246096711686147e-09
4.153500000000000192e+00 5.781185457870789137e-09
4.153999999999999915e+00 5.757221663036784394e-09
4.154500000000000526e+00 5.733354334692240663e-09
4.155000000000000249e+00 5.709583096740442478e-09
4.155499999999999972e+00 5.685907574499948967e-09
4.155999999999999694e+00 5.662327394699655584e-09
4.156500000000000306e+00 5.638842185473571295e-09
4.157000000000000028e+00 5.615451576356029197e-09
4.157499999999999751e+00 5.592155198276186593e-09
4.158000000000000362e+00 5.568952683553248033e-09
4.158500000000000085e+00 5.545843665891472440e-09
4.158999999999999808e+00 5.522827780374923004e-09
4.159500000000000419e+00 5.499904663462646367e-09
4.160000000000000142e+00 5.477073952983730225e-09
4.160499999999999865e+00 5.454335288132181420e-09
4.161000000000000476e+00 5.431688309462044749e-09
4.161500000000000199e+00 5.409132658882585465e-09
4.161999999999999922e+00 5.386667979653217833e-09
4.162499999999999645e+00 5.364293916378623937e-09
4.163000000000000256e+00 5.342010115003996562e-09
4.163499999999999979e+00 5.319816222810128225e-09
4.163999999999999702e+00 5.297711888408470424e-09
4.164500000000000313e+00 5.275696761736399687e-09
4.165000000000000036e+00 5.253770494052483610e-09
4.165499999999999758e+00 5.231932737931478903e-09
4.166000000000000369e+00 5.210183147259651200e-09
4.166500000000000092e+00 5.188521377230177585e-09
4.166999999999999815e+00 5.166947084338125611e-09
4.167500000000000426e+00 5.145459926375839287e-09
4.168000000000000149e+00 5.124059562428372208e-09
4.168499999999999872e+00 5.102745652868589823e-09
4.169000000000000483e+00 5.081517859352495037e-09
4.169500000000000206e+00 5.060375844814798658e-09
4.169999999999999929e+00 5.039319273463965413e-09
4.170499999999999652e+00 5.018347810777803420e-09
4.171000000000000263e+00 4.997461123498724444e-09
4.171499999999999986e+00 4.976658879629283739e-09
4.171999999999999709e+00 4.955940748427443610e-09
4.172500000000000320e+00 4.935306400402059492e-09
4.173000000000000043e+00 4.914755507308434678e-09
4.173499999999999766e+00 4.894287742143627726e-09
4.174000000000000377e+00 4.873902779141969965e-09
4.174500000000000099e+00 4.853600293770740169e-09
4.174999999999999822e+00 4.833379962725408268e-09
4.175500000000000433e+00 4.813241463925295958e-09
4.176000000000000156e+00 4.793184476509198437e-09
4.176499999999999879e+00 4.773208680830778657e-09
4.177000000000000490e+00 4.753313758454257719e-09
4.177500000000000213e+00 4.733499392150006828e-09
4.177999999999999936e+00 4.713765265890071411e-09
4.178499999999999659e+00 4.694111064843839182e-09
4.179000000000000270e+00 4.674536475373677584e-09
4.179499999999999993e+00 4.655041185030654787e-09
4.179999999999999716e+00 4.635624882550085320e-09
4.180500000000000327e+00 4.616287257847202263e-09
4.181000000000000050e+00 4.597028002013047811e-09
4.181499999999999773e+00 4.577846807309970104e-09
4.182000000000000384e+00 4.558743367167422807e-09
4.182500000000000107e+00 4.539717376177813484e-09
4.182999999999999829e+00 4.520768530092055027e-09
4.183500000000000441e+00 4.501896525815479381e-09
4.184000000000000163e+00 4.483101061403658626e-09
4.184499999999999886e+00 4.464381836058075517e-09
4.185000000000000497e+00 4.445738550121991715e-09
4.185500000000000220e+00 4.427170905076367304e-09
4.185999999999999943e+00 4.408678603535569380e-09
4.186499999999999666e+00 4.390261349243303977e-09
4.187000000000000277e+00 4.371918847068436320e-09
4.187500000000000000e+00 4.353650803001042697e-09
4.187999999999999723e+00 4.335456924148083472e-09
4.188500000000000334e+00 4.317336918729415252e-09
4.189000000000000057e+00 4.299290496073855985e-09
4.189499999999999780e+00 4.281317366614891067e-09
4.190000000000000391e+00 4.263417241886782285e-09
4.190500000000000114e+00 4.245589834520586597e-09
4.190999999999999837e+00 4.227834858239983003e-09
4.191500000000000448e+00 4.210152027857341786e-09
4.192000000000000171e+00 4.192541059269869849e-09
4.192499999999999893e+00 4.175001669455470675e-09
4.193000000000000504e+00 4.157533576468791233e-09
4.193500000000000227e+00 4.140136499437454169e-09
4.193999999999999950e+00 4.122810158557956644e-09
4.194499999999999673e+00 4.105554275091782587e-09
4.195000000000000284e+00 4.088368571361532315e-09
4.195500000000000007e+00 4.071252770747153899e-09
4.195999999999999730e+00 4.054206597681787409e-09
4.196500000000000341e+00 4.037229777648159232e-09
4.197000000000000064e+00 4.020322037174657930e-09
4.197499999999999787e+00 4.003483103831445661e-09
4.198000000000000398e+00 3.986712706226654805e-09
4.198500000000000121e+00 3.970010574002735132e-09
4.198999999999999844e+00 3.953376437832382421e-09
4.199500000000000455e+00 3.936810029414993990e-09
4.200000000000000178e+00 3.920311081472835543e-09
4.200499999999999901e+00 3.903879327747217938e-09
4.201000000000000512e+00 3.887514502994841050e-09
4.201500000000000234e+00 3.871216342984066497e-09
4.201999999999999957e+00 3.854984584491123360e-09
4.202499999999999680e+00 3.838818965296514912e-09
4.203000000000000291e+00 3.822719224181198696e-09
4.203500000000000014e+00 3.806685100923097481e-09
4.203999999999999737e+00 3.790716336293268584e-09
4.204500000000000348e+00 3.774812672052300674e-09
4.205000000000000071e+00 3.758973850946779229e-09
4.205499999999999794e+00 3.743199616705487294e-09
4.206000000000000405e+00 3.727489714035914782e-09
4.206500000000000128e+00 3.711843888620688358e-09
4.206999999999999851e+00 3.696261887113879737e-09
4.207500000000000462e+00 3.680743457137474029e-09
4.208000000000000185e+00 3.665288347277888974e-09
4.208499999999999908e+00 3.649896307082310106e-09
4.209000000000000519e+00 3.634567087055194683e-09
4.209500000000000242e+00 3.619300438654828132e-09
4.209999999999999964e+00 3.604096114289698101e-09
4.210499999999999687e+00 3.588953867315060004e-09
4.211000000000000298e+00 3.573873452029404138e-09
4.211500000000000021e+00 3.558854623671120072e-09
4.211999999999999744e+00 3.543897138414832653e-09
4.212500000000000355e+00 3.529000753368084183e-09
4.213000000000000078e+00 3.514165226567932227e-09
4.213499999999999801e+00 3.499390316977389841e-09
4.214000000000000412e+00 3.484675784482075073e-09
4.214500000000000135e+00 3.470021389886922927e-09
4.214999999999999858e+00 3.455426894912600356e-09
4.215500000000000469e+00 3.440892062192253793e-09
4.216000000000000192e+00 3.426416655268180569e-09
4.216499999999999915e+00 3.412000438588331602e-09
4.217000000000000526e+00 3.397643177503081252e-09
4.217500000000000249e+00 3.383344638261919425e-09
4.217999999999999972e+00 3.369104588010055998e-09
4.218499999999999694e+00 3.354922794785122851e-09
4.219000000000000306e+00 3.340799027513907742e-09
4.219500000000000028e+00 3.326733056009155602e-09
4.219999999999999751e+00 3.312724650966131183e-09
4.220500000000000362e+00 3.298773583959443929e-09
4.221000000000000085e+00 3.284879627439861672e-09
4.221499999999999808e+00 3.271042554730965105e-09
4.222000000000000419e+00 3.257262140025953205e-09
4.222500000000000142e+00 3.243538158384541722e-09
4.222999999999999865e+00 3.229870385729592008e-09
4.223500000000000476e+00 3.216258598843987988e-09
4.224000000000000199e+00 3.202702575367561539e-09
4.224499999999999922e+00 3.189202093793754809e-09
4.224999999999999645e+00 3.175756933466553035e-09
4.225500000000000256e+00 3.162366874577330917e-09
4.225999999999999979e+00 3.149031698161773437e-09
4.226499999999999702e+00 3.135751186096618420e-09
4.227000000000000313e+00 3.122525121096646429e-09
4.227500000000000036e+00 3.109353286711602820e-09
4.227999999999999758e+00 3.096235467323017236e-09
4.228500000000000369e+00 3.083171448141160824e-09
4.229000000000000092e+00 3.070161015202043566e-09
4.229499999999999815e+00 3.057203955364268100e-09
4.230000000000000426e+00 3.044300056305965427e-09
4.230500000000000149e+00 3.031449106521942384e-09
4.230999999999999872e+00 3.018650895320405587e-09
4.231500000000000483e+00 3.005905212820096085e-09
4.232000000000000206e+00 2.993211849947340872e-09
4.232499999999999929e+00 2.980570598432875684e-09
4.232999999999999652e+00 2.967981250809008186e-09
4.233500000000000263e+00 2.955443600406596279e-09
4.233999999999999986e+00 2.942957441352150075e-09
4.234499999999999709e+00 2.930522568564765124e-09
4.235000000000000320e+00 2.918138777753237621e-09
4.235500000000000043e+00 2.905805865413228005e-09
4.235999999999999766e+00 2.893523628824174745e-09
4.236500000000000377e+00 2.881291866046493510e-09
4.237000000000000099e+00 2.869110375918703956e-09
4.237499999999999822e+00 2.856978958054435746e-09
4.238000000000000433e+00 2.844897412839599177e-09
4.238500000000000156e+00 2.832865541429598411e-09
4.238999999999999879e+00 2.820883145746366444e-09
4.239500000000000490e+00 2.808950028475513817e-09
4.240000000000000213e+00 2.797065993063618767e-09
4.240499999999999936e+00 2.785230843715263860e-09
4.240999999999999659e+00 2.773444385390283956e-09
4.241500000000000270e+00 2.761706423800930221e-09
4.241999999999999993e+00 2.750016765409139603e-09
4.242499999999999716e+00 2.738375217423661625e-09
4.243000000000000327e+00 2.726781587797303040e-09
4.243500000000000050e+00 2.715235685224266793e-09
4.243999999999999773e+00 2.703737319137200645e-09
4.244500000000000384e+00 2.692286299704615535e-09
4.245000000000000107e+00 2.680882437828100468e-09
4.245499999999999829e+00 2.669525545139556836e-09
4.246000000000000441e+00 2.658215433998490226e-09
4.246500000000000163e+00 2.646951917489396533e-09
4.246999999999999886e+00 2.635734809418923486e-09
4.247500000000000497e+00 2.624563924313237321e-09
4.248000000000000220e+00 2.613439077415428743e-09
4.248499999999999943e+00 2.602360084682694306e-09
4.248999999999999666e+00 2.591326762783796142e-09
4.249500000000000277e+00 2.580338929096301659e-09
4.250000000000000000e+00 2.569396401704118133e-09
4.250499999999999723e+00 2.558498999394648028e-09
4.251000000000000334e+00 2.547646541656296703e-09
4.251500000000000057e+00 2.536838848675868864e-09
4.251999999999999780e+00 2.526075741335900075e-09
4.252500000000000391e+00 2.515357041212045764e-09
4.253000000000000114e+00 2.504682570570649314e-09
4.253499999999999837e+00 2.494052152365960251e-09
4.254000000000000448e+00 2.483465610237684138e-09
4.254500000000000171e+00 2.472922768508477872e-09
4.254999999999999893e+00 2.462423452181243145e-09
4.255500000000000504e+00 2.451967486936693299e-09
4.256000000000000227e+00 2.441554699130867640e-09
4.256499999999999950e+00 2.431184915792486124e-09
4.256999999999999673e+00 2.420857964620519505e-09
4.257500000000000284e+00 2.410573673981641625e-09
4.258000000000000007e+00 2.400331872907828104e-09
4.258499999999999730e+00 2.390132391093738317e-09
4.259000000000000341e+00 2.379975058894322774e-09
4.259500000000000064e+00 2.369859707322381692e-09
4.259999999999999787e+00 2.359786168046012321e-09
4.260500000000000398e+00 2.349754273386204741e-09
4.261000000000000121e+00 2.339763856314466613e-09
4.261499999999999844e+00 2.329814750450298624e-09
4.262000000000000455e+00 2.319906790058772501e-09
4.262500000000000178e+00 2.310039810048215322e-09
4.262999999999999901e+00 2.300213645967705637e-09
4.263500000000000512e+00 2.290428134004667201e-09
4.264000000000000234e+00 2.280683110982619871e-09
4.264499999999999957e+00 2.270978414358612033e-09
4.264999999999999680e+00 2.261313882220978535e-09
4.265500000000000291e+00 2.251689353286914564e-09
4.266000000000000014e+00 2.242104666900184766e-09
4.266499999999999737e+00 2.232559663028703746e-09
4.267000000000000348e+00 2.223054182262217069e-09
4.267500000000000071e+00 2.213588065810050082e-09
4.267999999999999794e+00 2.204161155498668151e-09
4.268500000000000405e+00 2.194773293769411837e-09
4.269000000000000128e+00 2.185424323676263921e-09
4.269499999999999851e+00 2.176114088883436522e-09
4.270000000000000462e+00 2.166842433663128609e-09
4.270500000000000185e+00 2.157609202893317424e-09
4.270999999999999908e+00 2.148414242055372074e-09
4.271500000000000519e+00 2.139257397231835853e-09
4.272000000000000242e+00 2.130138515104241249e-09
4.272499999999999964e+00 2.121057442950739655e-09
4.272999999999999687e+00 2.112014028643961454e-09
4.273500000000000298e+00 2.103008120648697846e-09
4.274000000000000021e+00 2.094039568019818004e-09
4.274499999999999744e+00 2.085108220399882249e-09
4.275000000000000355e+00 2.076213928017042249e-09
4.275500000000000078e+00 2.067356541682848164e-09
4.275999999999999801e+00 2.058535912789998301e-09
4.276500000000000412e+00 2.049751893310180172e-09
4.277000000000000135e+00 2.041004335791938024e-09
4.277499999999999858e+00 2.032293093358440691e-09
4.278000000000000469e+00 2.023618019705344573e-09
4.278500000000000192e+00 2.014978969098684325e-09
4.278999999999999915e+00 2.006375796372664699e-09
4.279500000000000526e+00 1.997808356927540894e-09
4.280000000000000249e+00 1.989276506727565492e-09
4.280499999999999972e+00 1.980780102298727363e-09
4.280999999999999694e+00 1.972319000726773874e-09
4.281500000000000306e+00 1.963893059654999005e-09
4.282000000000000028e+00 1.955502137282257296e-09
4.282499999999999751e+00 1.947146092360756507e-09
4.283000000000000362e+00 1.938824784194043442e-09
4.283500000000000085e+00 1.930538072634949637e-09
4.283999999999999808e+00 1.922285818083441110e-09
4.284500000000000419e+00 1.914067881484621132e-09
4.285000000000000142e+00 1.905884124326696602e-09
4.285499999999999865e+00 1.897734408638852196e-09
4.286000000000000476e+00 1.889618596989271747e-09
4.286500000000000199e+00 1.881536552483131508e-09
4.286999999999999922e+00 1.873488138760491252e-09
4.287500000000000533e+00 1.865473219994344611e-09
4.288000000000000256e+00 1.857491660888619572e-09
4.288499999999999979e+00 1.849543326676131409e-09
4.288999999999999702e+00 1.841628083116590011e-09
4.289500000000000313e+00 1.833745796494659309e-09
4.290000000000000036e+00 1.825896333617955713e-09
4.290499999999999758e+00 1.818079561815051912e-09
4.291000000000000369e+00 1.810295348933516874e-09
4.291500000000000092e+00 1.802543563338023669e-09
4.291999999999999815e+00 1.794824073908298885e-09
4.292500000000000426e+00 1.787136750037221154e-09
4.293000000000000149e+00 1.779481461628938275e-09
4.293499999999999872e+00 1.771858079096843519e-09
4.294000000000000483e+00 1.764266473361690072e-09
4.294500000000000206e+00 1.756706515849732773e-09
4.294999999999999929e+00 1.749178078490716618e-09
4.295499999999999652e+00 1.741681033716051997e-09
4.296000000000000263e+00 1.734215254456875165e-09
4.296499999999999986e+00 1.726780614142213970e-09
4.296999999999999709e+00 1.719376986697028672e-09
4.297500000000000320e+00 1.712004246540385323e-09
4.298000000000000043e+00 1.704662268583631008e-09
4.298499999999999766e+00 1.697350928228421433e-09
4.299000000000000377e+00 1.690070101364948479e-09
4.299500000000000099e+00 1.682819664370096838e-09
4.299999999999999822e+00 1.675599494105554723e-09
4.300500000000000433e+00 1.668409467915999043e-09
4.301000000000000156e+00 1.661249463627302481e-09
4.301499999999999879e+00 1.654119359544659318e-09
4.302000000000000490e+00 1.647019034450784031e-09
4.302500000000000213e+00 1.639948367604161400e-09
4.302999999999999936e+00 1.632907238737157223e-09
4.303499999999999659e+00 1.625895528054278137e-09
4.304000000000000270e+00 1.618913116230352234e-09
4.304499999999999993e+00 1.611959884408813488e-09
4.304999999999999716e+00 1.605035714199832325e-09
4.305500000000000327e+00 1.598140487678606466e-09
4.306000000000000050e+00 1.591274087383613503e-09
4.306499999999999773e+00 1.584436396314790689e-09
4.307000000000000384e+00 1.577627297931831983e-09
4.307500000000000107e+00 1.570846676152465442e-09
4.307999999999999829e+00 1.564094415350648111e-09
4.308500000000000441e+00 1.557370400354886428e-09
4.309000000000000163e+00 1.550674516446527685e-09
4.309499999999999886e+00 1.544006649357976626e-09
4.310000000000000497e+00 1.537366685271035297e-09
4.310500000000000220e+00 1.530754510815206080e-09
4.310999999999999943e+00 1.524170013065955449e-09
4.311499999999999666e+00 1.517613079543027549e-09
4.312000000000000277e+00 1.511083598208767915e-09
4.312500000000000000e+00 1.504581457466479869e-09
4.312999999999999723e+00 1.498106546158675440e-09
4.313500000000000334e+00 1.491658753565440860e-09
4.314000000000000057e+00 1.485237969402819630e-09
4.314499999999999780e+00 1.478844083821078546e-09
4.315000000000000391e+00 1.472476987403089730e-09
4.315500000000000114e+00 1.466136571162732516e-09
4.315999999999999837e+00 1.459822726543177884e-09
4.316500000000000448e+00 1.453535345415287859e-09
4.317000000000000171e+00 1.447274320076034979e-09
4.317499999999999893e+00 1.441039543246800989e-09
4.318000000000000504e+00 1.434830908071818642e-09
4.318500000000000227e+00 1.428648308116553113e-09
4.318999999999999950e+00 1.422491637366093336e-09
4.319499999999999673e+00 1.416360790223542729e-09
4.320000000000000284e+00 1.410255661508446720e-09
4.320500000000000007e+00 1.404176146455223382e-09
4.320999999999999730e+00 1.398122140711544637e-09
4.321500000000000341e+00 1.392093540336777228e-09
4.322000000000000064e+00 1.386090241800445201e-09
4.322499999999999787e+00 1.380112141980624547e-09
4.323000000000000398e+00 1.374159138162399899e-09
4.323500000000000121e+00 1.368231128036344785e-09
4.323999999999999844e+00 1.362328009696933241e-09
4.324500000000000455e+00 1.356449681641014073e-09
4.325000000000000178e+00 1.350596042766307664e-09
4.325499999999999901e+00 1.344766992369833507e-09
4.326000000000000512e+00 1.338962430146398938e-09
4.326500000000000234e+00 1.333182256187129245e-09
4.326999999999999957e+00 1.327426370977885472e-09
4.327499999999999680e+00 1.321694675397801139e-09
4.328000000000000291e+00 1.315987070717759609e-09
4.328500000000000014e+00 1.310303458598950038e-09
4.328999999999999737e+00 1.304643741091303795e-09
4.329500000000000348e+00 1.299007820632058066e-09
4.330000000000000071e+00 1.293395600044290707e-09
4.330499999999999794e+00 1.287806982535392444e-09
4.331000000000000405e+00 1.282241871695641225e-09
4.331500000000000128e+00 1.276700171496748451e-09
4.331999999999999851e+00 1.271181786290371500e-09
4.332500000000000462e+00 1.265686620806653131e-09
4.333000000000000185e+00 1.260214580152851879e-09
4.333499999999999908e+00 1.254765569811798124e-09
4.334000000000000519e+00 1.249339495640522214e-09
4.334500000000000242e+00 1.243936263868828399e-09
4.334999999999999964e+00 1.238555781097837759e-09
4.335499999999999687e+00 1.233197954298571035e-09
4.336000000000000298e+00 1.227862690810562892e-09
4.336500000000000021e+00 1.222549898340441238e-09
4.336999999999999744e+00 1.217259484960504477e-09
4.337500000000000355e+00 1.211991359107328116e-09
4.338000000000000078e+00 1.206745429580413364e-09
4.338499999999999801e+00 1.201521605540730880e-09
4.339000000000000412e+00 1.196319796509383427e-09
4.339500000000000135e+00 1.191139912366223654e-09
4.339999999999999858e+00 1.185981863348455333e-09
4.340500000000000469e+00 1.180845560049286918e-09
4.341000000000000192e+00 1.175730913416584065e-09
4.341499999999999915e+00 1.170637834751465494e-09
4.342000000000000526e+00 1.165566235706972469e-09
4.342500000000000249e+00 1.160516028286755237e-09
4.342999999999999972e+00 1.155487124843665988e-09
4.343499999999999694e+00 1.150479438078468669e-09
4.344000000000000306e+00 1.145492881038477850e-09
4.344500000000000028e+00 1.140527367116261710e-09
4.344999999999999751e+00 1.135582810048283595e-09
4.345500000000000362e+00 1.130659123913594045e-09
4.346000000000000085e+00 1.125756223132542040e-09
4.346499999999999808e+00 1.120874022465429597e-09
4.347000000000000419e+00 1.116012437011220121e-09
4.347500000000000142e+00 1.111171382206262070e-09
4.347999999999999865e+00 1.106350773822960089e-09
4.348500000000000476e+00 1.101550527968491430e-09
4.349000000000000199e+00 1.096770561083562494e-09
4.349499999999999922e+00 1.092010789941067351e-09
4.350000000000000533e+00 1.087271131644842422e-09
4.350500000000000256e+00 1.082551503628412260e-09
4.350999999999999979e+00 1.077851823653686747e-09
4.351499999999999702e+00 1.073172009809733349e-09
4.352000000000000313e+00 1.068511980511482784e-09
4.352500000000000036e+00 1.063871654498533539e-09
4.352999999999999758e+00 1.059250950833839758e-09
4.353500000000000369e+00 1.054649788902506450e-09
4.354000000000000092e+00 1.050068088410559265e-09
4.354499999999999815e+00 1.045505769383683253e-09
4.355000000000000426e+00 1.040962752165987054e-09
4.355500000000000149e+00 1.036438957418842156e-09
4.355999999999999872e+00 1.031934306119575951e-09
4.356500000000000483e+00 1.027448719560309549e-09
4.357000000000000206e+00 1.022982119346752776e-09
4.357499999999999929e+00 1.018534427396954722e-09
4.357999999999999652e+00 1.014105565940141140e-09
4.358500000000000263e+00 1.009695457515487527e-09
4.358999999999999986e+00 1.005304024970969759e-09
4.359499999999999709e+00 1.000931191462121249e-09
4.360000000000000320e+00 9.965768804508697274e-10
4.360500000000000043e+00 9.922410157043899427e-10
4.360999999999999766e+00 9.879235212938736413e-10
4.361500000000000377e+00 9.836243215933810286e-10
4.362000000000000099e+00 9.793433412787038097e-10
4.362499999999999822e+00 9.750805053261479923e-10
4.363000000000000433e+00 9.708357390114093352e-10
4.363500000000000156e+00 9.666089679084310117e-10
4.363999999999999879e+00 9.624001178882137100e-10
4.364500000000000490e+00 9.582091151176902546e-10
4.365000000000000213e+00 9.540358860586124273e-10
4.365499999999999936e+00 9.498803574663616890e-10
4.365999999999999659e+00 9.457424563888550258e-10
4.366500000000000270e+00 9.416221101653949617e-10
4.366999999999999993e+00 9.375192464255704421e-10
4.367499999999999716e+00 9.334337930881097413e-10
4.368000000000000327e+00 9.293656783597596323e-10
4.368500000000000050e+00 9.253148307342242181e-10
4.368999999999999773e+00 9.212811789909961252e-10
4.369500000000000384e+00 9.172646521942782734e-10
4.370000000000000107e+00 9.132651796919007868e-10
4.370499999999999829e+00 9.092826911141966478e-10
4.371000000000000441e+00 9.053171163729196422e-10
4.371500000000000163e+00 9.013683856601764686e-10
4.371999999999999886e+00 8.974364294473144907e-10
4.372500000000000497e+00 8.935211784838489875e-10
4.373000000000000220e+00 8.896225637964196650e-10
4.373499999999999943e+00 8.857405166876714809e-10
4.373999999999999666e+00 8.818749687352135340e-10
4.374500000000000277e+00 8.780258517905521053e-10
4.375000000000000000e+00 8.741930979780462383e-10
4.375499999999999723e+00 8.703766396938162748e-10
4.376000000000000334e+00 8.665764096047193914e-10
4.376500000000000057e+00 8.627923406473120049e-10
4.376999999999999780e+00 8.590243660267681303e-10
4.377500000000000391e+00 8.552724192158683591e-10
4.378000000000000114e+00 8.515364339539725012e-10
4.378499999999999837e+00 8.478163442459508676e-10
4.379000000000000448e+00 8.441120843611842086e-10
4.379500000000000171e+00 8.404235888325444211e-10
4.379999999999999893e+00 8.367507924553505429e-10
4.380500000000000504e+00 8.330936302863606262e-10
4.381000000000000227e+00 8.294520376427771567e-10
4.381499999999999950e+00 8.258259501012136981e-10
4.381999999999999673e+00 8.222153034966895571e-10
4.382500000000000284e+00 8.186200339216490579e-10
4.383000000000000007e+00 8.150400777249544496e-10
4.383499999999999730e+00 8.114753715108772626e-10
4.384000000000000341e+00 8.079258521381226496e-10
4.384500000000000064e+00 8.043914567188535187e-10
4.384999999999999787e+00 8.008721226176761001e-10
4.385500000000000398e+00 7.973677874506751434e-10
4.386000000000000121e+00 7.938783890844634868e-10
4.386499999999999844e+00 7.904038656351673133e-10
4.387000000000000455e+00 7.869441554674747899e-10
4.387500000000000178e+00 7.834991971936962867e-10
4.387999999999999901e+00 7.800689296727585256e-10
4.388500000000000512e+00 7.766532920092745187e-10
4.389000000000000234e+00 7.732522235525984113e-10
4.389499999999999957e+00 7.698656638958405167e-10
4.389999999999999680e+00 7.664935528749523507e-10
4.390500000000000291e+00 7.631358305677622427e-10
4.391000000000000014e+00 7.597924372930587161e-10
4.391499999999999737e+00 7.564633136096286838e-10
4.392000000000000348e+00 7.531484003153330744e-10
4.392500000000000071e+00 7.498476384461935210e-10
4.392999999999999794e+00 7.465609692754423442e-10
4.393500000000000405e+00 7.432883343126054160e-10
4.394000000000000128e+00 7.400296753026125265e-10
4.394499999999999851e+00 7.367849342248281356e-10
4.395000000000000462e+00 7.335540532921854179e-10
4.395500000000000185e+00 7.303369749502635429e-10
4.395999999999999908e+00 7.271336418763712621e-10
4.396500000000000519e+00 7.239439969786496252e-10
4.397000000000000242e+00 7.207679833951968224e-10
4.397499999999999964e+00 7.176055444931366764e-10
4.397999999999999687e+00 7.144566238677454492e-10
4.398500000000000298e+00 7.113211653415621064e-10
4.399000000000000021e+00 7.081991129635155378e-10
4.399499999999999744e+00 7.050904110080118676e-10
4.400000000000000355e+00 7.019950039740790457e-10
4.400500000000000078e+00 6.989128365844996525e-10
4.400999999999999801e+00 6.958438537849078244e-10
4.401500000000000412e+00 6.927880007429440820e-10
4.402000000000000135e+00 6.897452228473941319e-10
4.402499999999999858e+00 6.867154657073072984e-10
4.403000000000000469e+00 6.836986751511451486e-10
4.403500000000000192e+00 6.806947972259401456e-10
4.403999999999999915e+00 6.777037781964236973e-10
4.404500000000000526e+00 6.747255645441724023e-10
4.405000000000000249e+00 6.717601029668026863e-10
4.405499999999999972e+00 6.688073403770724838e-10
4.405999999999999694e+00 6.658672239020779427e-10
4.406500000000000306e+00 6.629397008824069079e-10
4.407000000000000028e+00 6.600247188713099830e-10
4.407499999999999751e+00 6.571222256338567030e-10
4.408000000000000362e+00 6.542321691461199339e-10
4.408500000000000085e+00 6.513544975943603763e-10
4.408999999999999808e+00 6.484891593741812898e-10
4.409500000000000419e+00 6.456361030897211649e-10
4.410000000000000142e+00 6.427952775528601470e-10
4.410499999999999865e+00 6.399666317823714519e-10
4.411000000000000476e+00 6.371501150031356479e-10
4.411500000000000199e+00 6.343456766453414958e-10
4.411999999999999922e+00 6.315532663436568039e-10
4.412500000000000533e+00 6.287728339364482934e-10
4.413000000000000256e+00 6.260043294649926743e-10
4.413499999999999979e+00 6.232477031726554626e-10
4.413999999999999702e+00 6.205029055041254242e-10
4.414500000000000313e+00 6.177698871046112790e-10
4.415000000000000036e+00 6.150485988190744914e-10
4.415499999999999758e+00 6.123389916914283521e-10
4.416000000000000369e+00 6.096410169637652886e-10
4.416500000000000092e+00 6.069546260755944109e-10
4.416999999999999815e+00 6.042797706630490727e-10
4.417500000000000426e+00 6.016164025581213160e-10
4.418000000000000149e+00 5.989644737879161673e-10
4.418499999999999872e+00 5.963239365738552698e-10
4.419000000000000483e+00 5.936947433309290087e-10
4.419500000000000206e+00 5.910768466669586660e-10
4.419999999999999929e+00 5.884701993817987082e-10
4.420499999999999652e+00 5.858747544666245838e-10
4.421000000000000263e+00 5.832904651031509344e-10
4.421499999999999986e+00 5.807172846629162898e-10
4.421999999999999709e+00 5.781551667065133771e-10
4.422500000000000320e+00 5.756040649828464153e-10
4.423000000000000043e+00 5.730639334284267714e-10
4.423499999999999766e+00 5.705347261665906542e-10
4.424000000000000377e+00 5.680163975067946666e-10
4.424500000000000099e+00 5.655089019438889205e-10
4.424999999999999822e+00 5.630121941573660607e-10
4.425500000000000433e+00 5.605262290106526805e-10
4.426000000000000156e+00 5.580509615504004287e-10
4.426499999999999879e+00 5.555863470057320341e-10
4.427000000000000490e+00 5.531323407875498860e-10
4.427500000000000213e+00 5.506888984878243483e-10
4.427999999999999936e+00 5.482559758788669787e-10
4.428499999999999659e+00 5.458335289126315604e-10
4.429000000000000270e+00 5.434215137200013829e-10
4.429499999999999993e+00 5.410198866101065078e-10
4.429999999999999716e+00 5.386286040695950225e-10
4.430500000000000327e+00 5.362476227619465841e-10
4.431000000000000050e+00 5.338768995267948544e-10
4.431499999999999773e+00 5.315163913792037177e-10
4.432000000000000384e+00 5.291660555089973672e-10
4.432500000000000107e+00 5.268258492800783983e-10
4.432999999999999829e+00 5.244957302297219133e-10
4.433500000000000441e+00 5.221756560679038508e-10
4.434000000000000163e+00 5.198655846766373800e-10
4.434499999999999886e+00 5.175654741092667984e-10
4.435000000000000497e+00 5.152752825898118885e-10
4.435500000000000220e+00 5.129949685123011058e-10
4.435999999999999943e+00 5.107244904400804703e-10
4.436499999999999666e+00 5.084638071051677447e-10
4.437000000000000277e+00 5.062128774075745602e-10
4.437500000000000000e+00 5.039716604146599745e-10
4.437999999999999723e+00 5.017401153604546657e-10
4.438500000000000334e+00 4.995182016450082865e-10
4.439000000000000057e+00 4.973058788337549131e-10
4.439499999999999780e+00 4.951031066568273129e-10
4.440000000000000391e+00 4.929098450084293210e-10
4.440500000000000114e+00 4.907260539461983940e-10
4.440999999999999837e+00 4.885516936905355941e-10
4.441500000000000448e+00 4.863867246239757940e-10
4.442000000000000171e+00 4.842311072905626389e-10
4.442499999999999893e+00 4.820848023951863880e-10
4.443000000000000504e+00 4.799477708029600141e-10
4.443500000000000227e+00 4.778199735386016096e-10
4.443999999999999950e+00 4.757013717857800864e-10
4.444499999999999673e+00 4.735919268865008911e-10
4.445000000000000284e+00 4.714916003404795194e-10
4.445500000000000007e+00 4.694003538045276440e-10
4.445999999999999730e+00 4.673181490919126707e-10
4.446500000000000341e+00 4.652449481717549817e-10
4.447000000000000064e+00 4.631807131684174251e-10
4.447499999999999787e+00 4.611254063608724693e-10
4.448000000000000398e+00 4.590789901821047728e-10
4.448500000000000121e+00 4.570414272185137005e-10
4.448999999999999844e+00 4.550126802092784627e-10
4.449500000000000455e+00 4.529927120457749532e-10
4.450000000000000178e+00 4.509814857709760946e-10
4.450499999999999901e+00 4.489789645788398283e-10
4.451000000000000512e+00 4.469851118137165946e-10
4.451500000000000234e+00 4.449998909697647228e-10
4.451999999999999957e+00 4.430232656903433840e-10
4.452499999999999680e+00 4.410551997674305660e-10
4.453000000000000291e+00 4.390956571410288481e-10
4.453500000000000014e+00 4.371446018985970235e-10
4.453999999999999737e+00 4.352019982744415540e-10
4.454500000000000348e+00 4.332678106491528457e-10
4.455000000000000071e+00 4.313420035490228105e-10
4.455499999999999794e+00 4.294245416454667707e-10
4.456000000000000405e+00 4.275153897544412784e-10
4.456500000000000128e+00 4.256145128358929033e-10
4.456999999999999851e+00 4.237218759931625077e-10
4.457500000000000462e+00 4.218374444724323277e-10
4.458000000000000185e+00 4.199611836621644208e-10
4.458499999999999908e+00 4.180930590925191069e-10
4.459000000000000519e+00 4.162330364348074258e-10
4.459500000000000242e+00 4.143810815009352202e-10
4.459999999999999964e+00 4.125371602428290728e-10
4.460499999999999687e+00 4.107012387518968288e-10
4.461000000000000298e+00 4.088732832584647002e-10
4.461500000000000021e+00 4.070532601312379951e-10
4.461999999999999744e+00 4.052411358767391005e-10
4.462500000000000355e+00 4.034368771387639730e-10
4.463000000000000078e+00 4.016404506978519674e-10
4.463499999999999801e+00 3.998518234707213898e-10
4.464000000000000412e+00 3.980709625097384473e-10
4.464500000000000135e+00 3.962978350023924534e-10
4.464999999999999858e+00 3.945324082707314848e-10
4.465500000000000469e+00 3.927746497708520618e-10
4.466000000000000192e+00 3.910245270923603441e-10
4.466499999999999915e+00 3.892820079578343597e-10
4.467000000000000526e+00 3.875470602223044839e-10
4.467500000000000249e+00 3.858196518727277143e-10
4.467999999999999972e+00 3.840997510274548632e-10
4.468499999999999694e+00 3.823873259357195149e-10
4.469000000000000306e+00 3.806823449771032535e-10
4.469500000000000028e+00 3.789847766610433353e-10
4.469999999999999751e+00 3.772945896262849919e-10
4.470500000000000362e+00 3.756117526403868797e-10
4.471000000000000085e+00 3.739362345992099336e-10
4.471499999999999808e+00 3.722680045263977947e-10
4.472000000000000419e+00 3.706070315728660776e-10
4.472500000000000142e+00 3.689532850163186249e-10
4.472999999999999865e+00 3.673067342607126832e-10
4.473500000000000476e+00 3.656673488357739687e-10
4.474000000000000199e+00 3.640350983965034090e-10
4.474499999999999922e+00 3.624099527226558637e-10
4.475000000000000533e+00 3.607918817182587578e-10
4.475500000000000256e+00 3.591808554111236827e-10
4.475999999999999979e+00 3.575768439523356640e-10
4.476499999999999702e+00 3.559798176157739654e-10
4.477000000000000313e+00 3.543897467976165045e-10
4.477500000000000036e+00 3.528066020158667563e-10
4.477999999999999758e+00 3.512303539098491741e-10
4.478500000000000369e+00 3.496609732397338700e-10
4.479000000000000092e+00 3.480984308860646053e-10
4.479499999999999815e+00 3.465426978492655327e-10
4.480000000000000426e+00 3.449937452491635503e-10
4.480500000000000149e+00 3.434515443245278731e-10
4.480999999999999872e+00 3.419160664325753268e-10
4.481500000000000483e+00 3.403872830485099704e-10
4.482000000000000206e+00 3.388651657650551699e-10
4.482499999999999929e+00 3.373496862919762124e-10
4.482999999999999652e+00 3.358408164556145514e-10
4.483500000000000263e+00 3.343385281984253608e-10
4.483999999999999986e+00 3.328427935785233101e-10
4.484499999999999709e+00 3.313535847691998521e-10
4.485000000000000320e+00 3.298708740584776831e-10
4.485500000000000043e+00 3.283946338486583268e-10
4.485999999999999766e+00 3.269248366558498656e-10
4.486500000000000377e+00 3.254614551095190229e-10
4.487000000000000099e+00 3.240044619520491893e-10
4.487499999999999822e+00 3.225538300382719807e-10
4.488000000000000433e+00 3.211095323350247478e-10
4.488500000000000156e+00 3.196715419207146522e-10
4.488999999999999879e+00 3.182398319848500685e-10
4.489500000000000490e+00 3.168143758276145347e-10
4.490000000000000213e+00 3.153951468594234347e-10
4.490499999999999936e+00 3.139821186004717379e-10
4.490999999999999659e+00 3.125752646803032445e-10
4.491500000000000270e+00 3.111745588373720764e-10
4.491999999999999993e+00 3.097799749186125949e-10
4.492499999999999716e+00 3.083914868789920516e-10
4.493000000000000327e+00 3.070090687810887774e-10
4.493500000000000050e+00 3.056326947946631861e-10
4.493999999999999773e+00 3.042623391962207129e-10
4.494500000000000384e+00 3.028979763685873676e-10
4.495000000000000107e+00 3.015395808004909223e-10
4.495499999999999829e+00 3.001871270861282443e-10
4.496000000000000441e+00 2.988405899247408495e-10
4.496500000000000163e+00 2.974999441202124784e-10
4.496999999999999886e+00 2.961651645806252623e-10
4.497500000000000497e+00 2.948362263178565248e-10
4.498000000000000220e+00 2.935131044471679307e-10
4.498499999999999943e+00 2.921957741867764903e-10
4.498999999999999666e+00 2.908842108574516701e-10
4.499500000000000277e+00 2.895783898820990113e-10
4.500000000000000000e+00 2.882782867853621005e-10
4.500499999999999723e+00 2.869838771931991564e-10
4.501000000000000334e+00 2.856951368324831404e-10
4.501500000000000057e+00 2.844120415306052262e-10
4.501999999999999780e+00 2.831345672150602275e-10
4.502500000000000391e+00 2.818626899130453119e-10
4.503000000000000114e+00 2.805963857510729842e-10
4.503499999999999837e+00 2.793356309545556341e-10
4.504000000000000448e+00 2.780804018474185715e-10
4.504500000000000171e+00 2.768306748517074775e-10
4.504999999999999893e+00 2.755864264871829821e-10
4.505500000000000504e+00 2.743476333709370596e-10
4.506000000000000227e+00 2.731142722170041500e-10
4.506499999999999950e+00 2.718863198359651467e-10
4.506999999999999673e+00 2.706637531345603789e-10
4.507500000000000284e+00 2.694465491153056968e-10
4.508000000000000007e+00 2.682346848761139326e-10
4.508499999999999730e+00 2.670281376098986299e-10
4.509000000000000341e+00 2.658268846041976243e-10
4.509500000000000064e+00 2.646309032408025185e-10
4.509999999999999787e+00 2.634401709953608081e-10
4.510500000000000398e+00 2.622546654370144558e-10
4.511000000000000121e+00 2.610743642280193881e-10
4.511499999999999844e+00 2.598992451233673184e-10
4.512000000000000455e+00 2.587292859704136714e-10
4.512500000000000178e+00 2.575644647085153292e-10
4.512999999999999901e+00 2.564047593686457340e-10
4.513500000000000512e+00 2.552501480730354264e-10
4.514000000000000234e+00 2.541006090348075173e-10
4.514499999999999957e+00 2.529561205576019412e-10
4.514999999999999680e+00 2.518166610352174416e-10
4.515500000000000291e+00 2.506822089512477157e-10
4.516000000000000014e+00 2.495527428787241234e-10
4.516499999999999737e+00 2.484282414797451625e-10
4.517000000000000348e+00 2.473086835051246581e-10
4.517500000000000071e+00 2.461940477940404696e-10
4.517999999999999794e+00 2.450843132736629834e-10
4.518500000000000405e+00 2.439794589588117288e-10
4.519000000000000128e+00 2.428794639516031033e-10
4.519499999999999851e+00 2.417843074410915825e-10
4.520000000000000462e+00 2.406939687029209603e-10
4.520500000000000185e+00 2.396084270989848945e-10
4.520999999999999908e+00 2.385276620770627407e-10
4.521500000000000519e+00 2.374516531704833548e-10
4.522000000000000242e+00 2.363803799977854842e-10
4.522499999999999964e+00 2.353138222623575815e-10
4.522999999999999687e+00 2.342519597521117413e-10
4.523500000000000298e+00 2.331947723391300277e-10
4.524000000000000021e+00 2.321422399793383852e-10
4.524499999999999744e+00 2.310943427121535609e-10
4.525000000000000355e+00 2.300510606601549472e-10
4.525500000000000078e+00 2.290123740287510983e-10
4.525999999999999801e+00 2.279782631058361920e-10
4.526500000000000412e+00 2.269487082614603204e-10
4.527000000000000135e+00 2.259236899475082341e-10
4.527499999999999858e+00 2.249031886973516931e-10
4.528000000000000469e+00 2.238871851255277975e-10
4.528500000000000192e+00 2.228756599274202382e-10
4.528999999999999915e+00 2.218685938789154227e-10
4.529500000000000526e+00 2.208659678360880687e-10
4.530000000000000249e+00 2.198677627348785779e-10
4.530499999999999972e+00 2.188739595907609748e-10
4.530999999999999694e+00 2.178845394984297153e-10
4.531500000000000306e+00 2.168994836314732088e-10
4.532000000000000028e+00 2.159187732420640651e-10
4.532499999999999751e+00 2.149423896606294885e-10
4.533000000000000362e+00 2.139703142955395345e-10
4.533500000000000085e+00 2.130025286327985970e-10
4.533999999999999808e+00 2.120390142357196541e-10
4.534500000000000419e+00 2.110797527446160663e-10
4.535000000000000142e+00 2.101247258764967598e-10
4.535499999999999865e+00 2.091739154247443761e-10
4.536000000000000476e+00 2.082273032588105077e-10
4.536500000000000199e+00 2.072848713239145005e-10
4.536999999999999922e+00 2.063466016407253519e-10
4.537500000000000533e+00 2.054124763050605386e-10
4.538000000000000256e+00 2.044824774875882582e-10
4.538499999999999979e+00 2.035565874335125573e-10
4.538999999999999702e+00 2.026347884622804581e-10
4.539500000000000313e+00 2.017170629672727219e-10
4.540000000000000036e+00 2.008033934155176189e-10
4.540499999999999758e+00 1.998937623473759274e-10
4.541000000000000369e+00 1.989881523762531267e-10
4.541500000000000092e+00 1.980865461883070404e-10
4.541999999999999815e+00 1.971889265421404614e-10
4.542500000000000426e+00 1.962952762685154641e-10
4.543000000000000149e+00 1.954055782700651064e-10
4.543499999999999872e+00 1.945198155209891047e-10
4.544000000000000483e+00 1.936379710667718686e-10
4.544500000000000206e+00 1.927600280238966067e-10
4.544999999999999929e+00 1.918859695795475416e-10
4.545499999999999652e+00 1.910157789913291079e-10
4.546000000000000263e+00 1.901494395869764906e-10
4.546499999999999986e+00 1.892869347640785714e-10
4.546999999999999709e+00 1.884282479897831423e-10
4.547500000000000320e+00 1.875733628005213507e-10
4.548000000000000043e+00 1.867222628017280870e-10
4.548499999999999766e+00 1.858749316675544355e-10
4.549000000000000377e+00 1.850313531405909827e-10
4.549500000000000099e+00 1.841915110315984407e-10
4.549999999999999822e+00 1.833553892192165316e-10
4.550500000000000433e+00 1.825229716496941967e-10
4.551000000000000156e+00 1.816942423366223404e-10
4.551499999999999879e+00 1.808691853606458416e-10
4.552000000000000490e+00 1.800477848691999158e-10
4.552500000000000213e+00 1.792300250762397307e-10
4.552999999999999936e+00 1.784158902619620337e-10
4.553499999999999659e+00 1.776053647725427549e-10
4.554000000000000270e+00 1.767984330198635465e-10
4.554499999999999993e+00 1.759950794812518669e-10
4.554999999999999716e+00 1.751952886992050900e-10
4.555500000000000327e+00 1.743990452811291941e-10
4.556000000000000050e+00 1.736063338990806038e-10
4.556499999999999773e+00 1.728171392894905060e-10
4.557000000000000384e+00 1.720314462529133356e-10
4.557500000000000107e+00 1.712492396537624137e-10
4.557999999999999829e+00 1.704705044200468780e-10
4.558500000000000441e+00 1.696952255431154125e-10
4.559000000000000163e+00 1.689233880774009322e-10
4.559499999999999886e+00 1.681549771401565326e-10
4.560000000000000497e+00 1.673899779112027332e-10
4.560500000000000220e+00 1.666283756326776441e-10
4.560999999999999943e+00 1.658701556087739993e-10
4.561499999999999666e+00 1.651153032054910031e-10
4.562000000000000277e+00 1.643638038503810058e-10
4.562500000000000000e+00 1.636156430323037018e-10
4.562999999999999723e+00 1.628708063011656969e-10
4.563500000000000334e+00 1.621292792676788683e-10
4.564000000000000057e+00 1.613910476031129343e-10
4.564499999999999780e+00 1.606560970390437068e-10
4.565000000000000391e+00 1.599244133671086334e-10
4.565500000000000114e+00 1.591959824387652355e-10
4.565999999999999837e+00 1.584707901650415318e-10
4.566500000000000448e+00 1.577488225162946827e-10
4.567000000000000171e+00 1.570300655219721936e-10
4.567499999999999893e+00 1.563145052703651825e-10
4.568000000000000504e+00 1.556021279083695830e-10
4.568500000000000227e+00 1.548929196412519751e-10
4.568999999999999950e+00 1.541868667324029040e-10
4.569499999999999673e+00 1.534839555031043653e-10
4.570000000000000284e+00 1.527841723322904648e-10
4.570500000000000007e+00 1.520875036563176695e-10
4.570999999999999730e+00 1.513939359687215133e-10
4.571500000000000341e+00 1.507034558199881653e-10
4.572000000000000064e+00 1.500160498173231300e-10
4.572499999999999787e+00 1.493317046244129156e-10
4.573000000000000398e+00 1.486504069611988259e-10
4.573500000000000121e+00 1.479721436036484001e-10
4.573999999999999844e+00 1.472969013835197698e-10
4.574500000000000455e+00 1.466246671881383200e-10
4.575000000000000178e+00 1.459554279601701451e-10
4.575499999999999901e+00 1.452891706973918860e-10
4.576000000000000512e+00 1.446258824524642634e-10
4.576500000000000234e+00 1.439655503327159771e-10
4.576999999999999957e+00 1.433081614999081401e-10
4.577499999999999680e+00 1.426537031700195481e-10
4.578000000000000291e+00 1.420021626130199540e-10
4.578500000000000014e+00 1.413535271526550791e-10
4.578999999999999737e+00 1.407077841662186983e-10
4.579500000000000348e+00 1.400649210843362296e-10
4.580000000000000071e+00 1.394249253907506747e-10
4.580499999999999794e+00 1.387877846220974971e-10
4.581000000000000405e+00 1.381534863676907182e-10
4.581500000000000128e+00 1.375220182693114433e-10
4.581999999999999851e+00 1.368933680209852983e-10
4.582500000000000462e+00 1.362675233687712404e-10
4.583000000000000185e+00 1.356444721105524363e-10
4.583499999999999908e+00 1.350242020958159477e-10
4.584000000000000519e+00 1.344067012254458333e-10
4.584500000000000242e+00 1.337919574515137937e-10
4.584999999999999964e+00 1.331799587770637175e-10
4.585499999999999687e+00 1.325706932559059972e-10
4.586000000000000298e+00 1.319641489924080199e-10
4.586500000000000021e+00 1.313603141412909656e-10
4.586999999999999744e+00 1.307591769074146362e-10
4.587500000000000355e+00 1.301607255455775111e-10
4.588000000000000078e+00 1.295649483603122780e-10
4.588499999999999801e+00 1.289718337056777712e-10
4.589000000000000412e+00 1.283813699850564421e-10
4.589500000000000135e+00 1.277935456509566622e-10
4.589999999999999858e+00 1.272083492048023873e-10
4.590500000000000469e+00 1.266257691967373996e-10
4.591000000000000192e+00 1.260457942254274309e-10
4.591499999999999915e+00 1.254684129378543235e-10
4.592000000000000526e+00 1.248936140291200664e-10
4.592500000000000249e+00 1.243213862422534672e-10
4.592999999999999972e+00 1.237517183680045723e-10
4.593499999999999694e+00 1.231845992446545185e-10
4.594000000000000306e+00 1.226200177578178886e-10
4.594500000000000028e+00 1.220579628402505988e-10
4.594999999999999751e+00 1.214984234716506512e-10
4.595500000000000362e+00 1.209413886784688392e-10
4.596000000000000085e+00 1.203868475337176685e-10
4.596499999999999808e+00 1.198347891567745398e-10
4.597000000000000419e+00 1.192852027131947285e-10
4.597500000000000142e+00 1.187380774145219346e-10
4.597999999999999865e+00 1.181934025180961437e-10
4.598500000000000476e+00 1.176511673268641257e-10
4.599000000000000199e+00 1.171113611891985405e-10
4.599499999999999922e+00 1.165739734987014306e-10
4.600000000000000533e+00 1.160389936940234050e-10
4.600500000000000256e+00 1.155064112586787773e-10
4.600999999999999979e+00 1.149762157208569808e-10
4.601499999999999702e+00 1.144483966532407190e-10
4.602000000000000313e+00 1.139229436728208183e-10
4.602500000000000036e+00 1.133998464407180748e-10
4.602999999999999758e+00 1.128790946619950960e-10
4.603500000000000369e+00 1.123606780854776172e-10
4.604000000000000092e+00 1.118445865035774848e-10
4.604499999999999815e+00 1.113308097521069540e-10
4.605000000000000426e+00 1.108193377101019696e-10
4.605500000000000149e+00 1.103101602996473597e-10
4.605999999999999872e+00 1.098032674856932528e-10
4.606500000000000483e+00 1.092986492758805691e-10
4.607000000000000206e+00 1.087962957203677901e-10
4.607499999999999929e+00 1.082961969116513191e-10
4.608000000000000540e+00 1.077983429843904283e-10
4.608500000000000263e+00 1.073027241152383981e-10
4.608999999999999986e+00 1.068093305226623209e-10
4.609499999999999709e+00 1.063181524667751185e-10
4.610000000000000320e+00 1.058291802491607232e-10
4.610500000000000043e+00 1.053424042127057979e-10
4.610999999999999766e+00 1.048578147414256273e-10
4.611500000000000377e+00 1.043754022602952573e-10
4.612000000000000099e+00 1.038951572350824816e-10
4.612499999999999822e+00 1.034170701721757625e-10
4.613000000000000433e+00 1.029411316184170367e-10
4.613500000000000156e+00 1.024673321609385288e-10
4.613999999999999879e+00 1.019956624269890812e-10
4.614500000000000490e+00 1.015261130837726091e-10
4.615000000000000213e+00 1.010586748382847189e-10
4.615499999999999936e+00 1.005933384371427746e-10
4.615999999999999659e+00 1.001300946664250885e-10
4.616500000000000270e+00 9.966893435150707499e-11
4.616999999999999993e+00 9.920984835690038959e-11
4.617499999999999716e+00 9.875282758608706646e-11
4.618000000000000327e+00 9.829786298135952354e-11
4.618500000000000050e+00 9.784494552366452262e-11
4.618999999999999773e+00 9.739406623243520004e-11
4.619500000000000384e+00 9.694521616543670704e-11
4.620000000000000107e+00 9.649838641860802432e-11
4.620499999999999829e+00 9.605356812589967964e-11
4.621000000000000441e+00 9.561075245911933638e-11
4.621500000000000163e+00 9.516993062777557277e-11
4.621999999999999886e+00 9.473109387891925708e-11
4.622500000000000497e+00 9.429423349698722340e-11
4.623000000000000220e+00 9.385934080365299140e-11
4.623499999999999943e+00 9.342640715766469061e-11
4.623999999999999666e+00 9.299542395469660736e-11
4.624500000000000277e+00 9.256638262719309322e-11
4.625000000000000000e+00 9.213927464421995682e-11
4.625499999999999723e+00 9.171409151130760975e-11
4.626000000000000334e+00 9.129082477030169579e-11
4.626500000000000057e+00 9.086946599921541338e-11
4.626999999999999780e+00 9.045000681207444506e-11
4.627500000000000391e+00 9.003243885876947377e-11
4.628000000000000114e+00 8.961675382491014668e-11
4.628499999999999837e+00 8.920294343167163323e-11
4.629000000000000448e+00 8.879099943565023037e-11
4.629500000000000171e+00 8.838091362871697744e-11
4.629999999999999893e+00 8.797267783786793652e-11
4.630500000000000504e+00 8.756628392507964259e-11
4.631000000000000227e+00 8.716172378716636316e-11
4.631499999999999950e+00 8.675898935563187788e-11
4.631999999999999673e+00 8.635807259652588513e-11
4.632500000000000284e+00 8.595896551030146848e-11
4.633000000000000007e+00 8.556166013167287330e-11
4.633499999999999730e+00 8.516614852947068555e-11
4.634000000000000341e+00 8.477242280650051313e-11
4.634500000000000064e+00 8.438047509940511813e-11
4.634999999999999787e+00 8.399029757851783788e-11
4.635500000000000398e+00 8.360188244772619056e-11
4.636000000000000121e+00 8.321522194433358099e-11
4.636499999999999844e+00 8.283030833891622423e-11
4.637000000000000455e+00 8.244713393518677705e-11
4.637500000000000178e+00 8.206569106985774981e-11
4.637999999999999901e+00 8.168597211250164825e-11
4.638500000000000512e+00 8.130796946541466967e-11
4.639000000000000234e+00 8.093167556348342343e-11
4.639499999999999957e+00 8.055708287404477556e-11
4.639999999999999680e+00 8.018418389675309917e-11
4.640500000000000291e+00 7.981297116344532770e-11
4.641000000000000014e+00 7.944343723800833462e-11
4.641499999999999737e+00 7.907557471624191868e-11
4.642000000000000348e+00 7.870937622572847131e-11
4.642500000000000071e+00 7.834483442570127390e-11
4.642999999999999794e+00 7.798194200690926675e-11
4.643500000000000405e+00 7.762069169148813812e-11
4.644000000000000128e+00 7.726107623283004325e-11
4.644499999999999851e+00 7.690308841545132016e-11
4.645000000000000462e+00 7.654672105486216987e-11
4.645500000000000185e+00 7.619196699744197183e-11
4.645999999999999908e+00 7.583881912030431140e-11
4.646500000000000519e+00 7.548727033117225643e-11
4.647000000000000242e+00 7.513731356825222518e-11
4.647499999999999964e+00 7.478894180010199931e-11
4.647999999999999687e+00 7.444214802550799097e-11
4.648500000000000298e+00 7.409692527335671958e-11
4.649000000000000021e+00 7.375326660251229866e-11
4.649499999999999744e+00 7.341116510168727932e-11
4.650000000000000355e+00 7.307061388931964589e-11
4.650500000000000078e+00 7.273160611345100072e-11
4.650999999999999801e+00 7.239413495159868714e-11
4.651500000000000412e+00 7.205819361063530549e-11
4.652000000000000135e+00 7.172377532666683324e-11
4.652499999999999858e+00 7.139087336490757848e-11
4.653000000000000469e+00 7.105948101955988982e-11
4.653500000000000192e+00 7.072959161369521040e-11
4.653999999999999915e+00 7.040119849912939331e-11
4.654500000000000526e+00 7.007429505630500930e-11
4.655000000000000249e+00 6.974887469417238791e-11
4.655499999999999972e+00 6.942493085006744026e-11
4.655999999999999694e+00 6.910245698959563406e-11
4.656500000000000306e+00 6.878144660651201367e-11
4.657000000000000028e+00 6.846189322260539478e-11
4.657499999999999751e+00 6.814379038757887559e-11
4.658000000000000362e+00 6.782713167893347580e-11
4.658500000000000085e+00 6.751191070185448971e-11
4.658999999999999808e+00 6.719812108909097634e-11
4.659500000000000419e+00 6.688575650084331461e-11
4.660000000000000142e+00 6.657481062464936255e-11
4.660499999999999865e+00 6.626527717526672629e-11
4.661000000000000476e+00 6.595714989456014713e-11
4.661500000000000199e+00 6.565042255139007776e-11
4.661999999999999922e+00 6.534508894149606268e-11
4.662500000000000533e+00 6.504114288738554708e-11
4.663000000000000256e+00 6.473857823822399103e-11
4.663499999999999979e+00 6.443738886971856013e-11
4.663999999999999702e+00 6.413756868401125122e-11
4.664500000000000313e+00 6.383911160956434076e-11
4.665000000000000036e+00 6.354201160105469960e-11
4.665499999999999758e+00 6.324626263925855635e-11
4.666000000000000369e+00 6.295185873094526935e-11
4.666500000000000092e+00 6.265879390876869455e-11
4.666999999999999815e+00 6.236706223115598141e-11
4.667500000000000426e+00 6.207665778220142239e-11
4.668000000000000149e+00 6.178757467155916504e-11
4.668499999999999872e+00 6.149980703433424384e-11
4.669000000000000483e+00 6.121334903097633926e-11
4.669500000000000206e+00 6.092819484717481620e-11
4.669999999999999929e+00 6.064433869375091919e-11
4.670500000000000540e+00 6.036177480655182857e-11
4.671000000000000263e+00 6.008049744634912412e-11
4.671499999999999986e+00 5.980050089873007542e-11
4.671999999999999709e+00 5.952177947399460614e-11
4.672500000000000320e+00 5.924432750705249104e-11
4.673000000000000043e+00 5.896813935732019100e-11
4.673499999999999766e+00 5.869320940861571064e-11
4.674000000000000377e+00 5.841953206905715235e-11
4.674500000000000099e+00 5.814710177096247237e-11
4.674999999999999822e+00 5.787591297074432540e-11
4.675500000000000433e+00 5.760596014881095809e-11
4.676000000000000156e+00 5.733723780946584870e-11
4.676499999999999879e+00 5.706974048080498814e-11
4.677000000000000490e+00 5.680346271461781857e-11
4.677500000000000213e+00 5.653839908628922546e-11
4.677999999999999936e+00 5.627454419469797528e-11
4.678499999999999659e+00 5.601189266211835214e-11
4.679000000000000270e+00 5.575043913412204640e-11
4.679499999999999993e+00 5.549017827948170410e-11
4.679999999999999716e+00 5.523110479006971365e-11
4.680500000000000327e+00 5.497321338076333215e-11
4.681000000000000050e+00 5.471649878934877114e-11
4.681499999999999773e+00 5.446095577642203838e-11
4.682000000000000384e+00 5.420657912529419331e-11
4.682500000000000107e+00 5.395336364189667368e-11
4.682999999999999829e+00 5.370130415468424401e-11
4.683500000000000441e+00 5.345039551454050953e-11
4.684000000000000163e+00 5.320063259468527849e-11
4.684499999999999886e+00 5.295201029057761395e-11
4.685000000000000497e+00 5.270452351982324129e-11
4.685500000000000220e+00 5.245816722208284744e-11
4.685999999999999943e+00 5.221293635897628954e-11
4.686499999999999666e+00 5.196882591399174074e-11
4.687000000000000277e+00 5.172583089239228990e-11
4.687500000000000000e+00 5.148394632112692273e-11
4.687999999999999723e+00 5.124316724873495011e-11
4.688500000000000334e+00 5.100348874525753211e-11
4.689000000000000057e+00 5.076490590214731491e-11
4.689499999999999780e+00 5.052741383217587710e-11
4.690000000000000391e+00 5.029100766934539582e-11
4.690500000000000114e+00 5.005568256879938880e-11
4.690999999999999837e+00 4.982143370673204759e-11
4.691500000000000448e+00 4.958825628029989083e-11
4.692000000000000171e+00 4.935614550753428343e-11
4.692499999999999893e+00 4.912509662725190717e-11
4.693000000000000504e+00 4.889510489896659488e-11
4.693500000000000227e+00 4.866616560280471895e-11
4.693999999999999950e+00 4.843827403941491874e-11
4.694499999999999673e+00 4.821142552988233878e-11
4.695000000000000284e+00 4.798561541564306079e-11
4.695500000000000007e+00 4.776083905839828372e-11
4.695999999999999730e+00 4.753709184002695922e-11
4.696500000000000341e+00 4.731436916250132235e-11
4.697000000000000064e+00 4.709266644780347548e-11
4.697499999999999787e+00 4.687197913783806916e-11
4.698000000000000398e+00 4.665230269434971966e-11
4.698500000000000121e+00 4.643363259883959950e-11
4.698999999999999844e+00 4.621596435247999874e-11
4.699500000000000455e+00 4.599929347603198169e-11
4.700000000000000178e+00 4.578361550976378042e-11
4.700499999999999901e+00 4.556892601336642232e-11
4.701000000000000512e+00 4.535522056587154193e-11
4.701500000000000234e+00 4.514249476557148697e-11
4.701999999999999957e+00 4.493074422993576659e-11
4.702499999999999680e+00 4.471996459553022682e-11
4.703000000000000291e+00 4.451015151793647796e-11
4.703500000000000014e+00 4.430130067167265331e-11
4.703999999999999737e+00 4.409340775011029042e-11
4.704500000000000348e+00 4.388646846539644039e-11
4.705000000000000071e+00 4.368047854837480139e-11
4.705499999999999794e+00 4.347543374850436416e-11
4.706000000000000405e+00 4.327132983378143083e-11
4.706500000000000128e+00 4.306816259066263541e-11
4.706999999999999851e+00 4.286592782398349241e-11
4.707500000000000462e+00 4.266462135688320735e-11
4.708000000000000185e+00 4.246423903072623681e-11
4.708499999999999908e+00 4.226477670502421677e-11
4.709000000000000519e+00 4.206623025735997190e-11
4.709500000000000242e+00 4.186859558331077511e-11
4.709999999999999964e+00 4.167186859637117423e-11
4.710499999999999687e+00 4.147604522787809985e-11
4.711000000000000298e+00 4.128112142693358852e-11
4.711500000000000021e+00 4.108709316033210722e-11
4.711999999999999744e+00 4.089395641248213273e-11
4.712500000000000355e+00 4.070170718533339854e-11
4.713000000000000078e+00 4.051034149830257781e-11
4.713499999999999801e+00 4.031985538819807458e-11
4.714000000000000412e+00 4.013024490914587478e-11
4.714500000000000135e+00 3.994150613251845391e-11
4.714999999999999858e+00 3.975363514685820472e-11
4.715500000000000469e+00 3.956662805780635132e-11
4.716000000000000192e+00 3.938048098803111377e-11
4.716499999999999915e+00 3.919519007715284818e-11
4.717000000000000526e+00 3.901075148167365885e-11
4.717500000000000249e+00 3.882716137490646751e-11
4.717999999999999972e+00 3.864441594690105823e-11
4.718499999999999694e+00 3.846251140437483331e-11
4.719000000000000306e+00 3.828144397064126867e-11
4.719500000000000028e+00 3.810120988554010753e-11
4.719999999999999751e+00 3.792180540536562187e-11
4.720500000000000362e+00 3.774322680279725209e-11
4.721000000000000085e+00 3.756547036683111252e-11
4.721499999999999808e+00 3.738853240270841449e-11
4.722000000000000419e+00 3.721240923184766336e-11
4.722500000000000142e+00 3.703709719177620284e-11
4.722999999999999865e+00 3.686259263606018254e-11
4.723500000000000476e+00 3.668889193423681963e-11
4.724000000000000199e+00 3.651599147174804346e-11
4.724499999999999922e+00 3.634388764987008175e-11
4.725000000000000533e+00 3.617257688564716991e-11
4.725500000000000256e+00 3.600205561182591290e-11
4.725999999999999979e+00 3.583232027678558880e-11
4.726499999999999702e+00 3.566336734447356414e-11
4.727000000000000313e+00 3.549519329433794974e-11
4.727500000000000036e+00 3.532779462126256364e-11
4.727999999999999758e+00 3.516116783549995531e-11
4.728500000000000369e+00 3.499530946260618117e-11
4.729000000000000092e+00 3.483021604337680152e-11
4.729499999999999815e+00 3.466588413378001457e-11
4.730000000000000426e+00 3.450231030489269860e-11
4.730500000000000149e+00 3.433949114283708743e-11
4.730999999999999872e+00 3.417742324871473808e-11
4.731500000000000483e+00 3.401610323854335493e-11
4.732000000000000206e+00 3.385552774319425998e-11
4.732499999999999929e+00 3.369569340832716838e-11
4.733000000000000540e+00 3.353659689432778800e-11
4.733500000000000263e+00 3.337823487624607169e-11
4.733999999999999986e+00 3.322060404373178117e-11
4.734499999999999709e+00 3.306370110097314648e-11
4.735000000000000320e+00 3.290752276663462059e-11
4.735500000000000043e+00 3.275206577379555818e-11
4.735999999999999766e+00 3.259732686988780876e-11
4.736500000000000377e+00 3.244330281663417571e-11
4.737000000000000099e+00 3.228999038998933103e-11
4.737499999999999822e+00 3.213738638007634216e-11
4.738000000000000433e+00 3.198548759112763196e-11
4.738500000000000156e+00 3.183429084142533121e-11
4.738999999999999879e+00 3.168379296323919486e-11
4.739500000000000490e+00 3.153399080276817594e-11
4.740000000000000213e+00 3.138488122008148891e-11
4.740499999999999936e+00 3.123646108905734016e-11
4.740999999999999659e+00 3.108872729732538723e-11
4.741500000000000270e+00 3.094167674620738863e-11
4.741999999999999993e+00 3.079530635065926889e-11
4.742499999999999716e+00 3.064961303921159384e-11
4.743000000000000327e+00 3.050459375391204279e-11
4.743500000000000050e+00 3.036024545026848171e-11
4.743999999999999773e+00 3.021656509718969058e-11
4.744500000000000384e+00 3.007354967692903753e-11
4.745000000000000107e+00 2.993119618502766838e-11
4.745499999999999829e+00 2.978950163025642944e-11
4.746000000000000441e+00 2.964846303455967100e-11
4.746500000000000163e+00 2.950807743300016226e-11
4.746999999999999886e+00 2.936834187370071688e-11
4.747500000000000497e+00 2.922925341778917260e-11
4.748000000000000220e+00 2.909080913934390395e-11
4.748499999999999943e+00 2.895300612533608112e-11
4.748999999999999666e+00 2.881584147557604544e-11
4.749500000000000277e+00 2.867931230265744557e-11
4.750000000000000000e+00 2.854341573190328984e-11
4.750499999999999723e+00 2.840814890131040237e-11
4.751000000000000334e+00 2.827350896149534609e-11
4.751500000000000057e+00 2.813949307564125384e-11
4.751999999999999780e+00 2.800609841944244921e-11
4.752500000000000391e+00 2.787332218105138100e-11
4.753000000000000114e+00 2.774116156102616832e-11
4.753499999999999837e+00 2.760961377227538630e-11
4.754000000000000448e+00 2.747867604000674533e-11
4.754500000000000171e+00 2.734834560167381872e-11
4.754999999999999893e+00 2.721861970692297386e-11
4.755500000000000504e+00 2.708949561754154742e-11
4.756000000000000227e+00 2.696097060740608196e-11
4.756499999999999950e+00 2.683304196242935730e-11
4.756999999999999673e+00 2.670570698050936698e-11
4.757500000000000284e+00 2.657896297147776819e-11
4.758000000000000007e+00 2.645280725704907150e-11
4.758499999999999730e+00 2.632723717076846064e-11
4.759000000000000341e+00 2.620225005796171253e-11
4.759500000000000064e+00 2.607784327568523044e-11
4.759999999999999787e+00 2.595401419267394444e-11
4.760500000000000398e+00 2.583076018929231398e-11
4.761000000000000121e+00 2.570807865748444820e-11
4.761499999999999844e+00 2.558596700072354450e-11
4.762000000000000455e+00 2.546442263396262609e-11
4.762500000000000178e+00 2.534344298358569310e-11
4.762999999999999901e+00 2.522302548735775243e-11
4.763500000000000512e+00 2.510316759437602707e-11
4.764000000000000234e+00 2.498386676502220576e-11
4.764499999999999957e+00 2.486512047091217241e-11
4.764999999999999680e+00 2.474692619484892790e-11
4.765500000000000291e+00 2.462928143077396408e-11
4.766000000000000014e+00 2.451218368371989807e-11
4.766499999999999737e+00 2.439563046976169762e-11
4.767000000000000348e+00 2.427961931596962554e-11
4.767500000000000071e+00 2.416414776036264618e-11
4.767999999999999794e+00 2.404921335185990287e-11
4.768500000000000405e+00 2.393481365023461876e-11
4.769000000000000128e+00 2.382094622606759375e-11
4.769499999999999851e+00 2.370760866069963193e-11
4.770000000000000462e+00 2.359479854618593357e-11
4.770500000000000185e+00 2.348251348525017361e-11
4.770999999999999908e+00 2.337075109123750753e-11
4.771500000000000519e+00 2.325950898806955458e-11
4.772000000000000242e+00 2.314878481019895458e-11
4.772499999999999964e+00 2.303857620256338182e-11
4.772999999999999687e+00 2.292888082054042174e-11
4.773500000000000298e+00 2.281969632990269958e-11
4.774000000000000021e+00 2.271102040677362626e-11
4.774499999999999744e+00 2.260285073758159319e-11
4.775000000000000355e+00 2.249518501901601869e-11
4.775500000000000078e+00 2.238802095798376905e-11
4.775999999999999801e+00 2.228135627156388987e-11
4.776500000000000412e+00 2.217518868696416286e-11
4.777000000000000135e+00 2.206951594147809567e-11
4.777499999999999858e+00 2.196433578244021544e-11
4.778000000000000469e+00 2.185964596718316518e-11
4.778500000000000192e+00 2.175544426299523650e-11
4.778999999999999915e+00 2.165172844707621561e-11
4.779500000000000526e+00 2.154849630649502904e-11
4.780000000000000249e+00 2.144574563814779014e-11
4.780499999999999972e+00 2.134347424871414588e-11
4.780999999999999694e+00 2.124167995461595336e-11
4.781500000000000306e+00 2.114036058197429875e-11
4.782000000000000028e+00 2.103951396656900740e-11
4.782499999999999751e+00 2.093913795379513293e-11
4.783000000000000362e+00 2.083923039862240266e-11
4.783500000000000085e+00 2.073978916555422703e-11
4.783999999999999808e+00 2.064081212858516757e-11
4.784500000000000419e+00 2.054229717116083163e-11
4.785000000000000142e+00 2.044424218613706584e-11
4.785499999999999865e+00 2.034664507573867464e-11
4.786000000000000476e+00 2.024950375151901122e-11
4.786500000000000199e+00 2.015281613432042470e-11
4.786999999999999922e+00 2.005658015423268141e-11
4.787500000000000533e+00 1.996079375055380303e-11
4.788000000000000256e+00 1.986545487175056225e-11
4.788499999999999979e+00 1.977056147541779908e-11
4.788999999999999702e+00 1.967611152823952395e-11
4.789500000000000313e+00 1.958210300594921630e-11
4.790000000000000036e+00 1.948853389329138650e-11
4.790499999999999758e+00 1.939540218398144790e-11
4.791000000000000369e+00 1.930270588066753731e-11
4.791500000000000092e+00 1.921044299489200906e-11
4.791999999999999815e+00 1.911861154705209222e-11
4.792500000000000426e+00 1.902720956636212467e-11
4.793000000000000149e+00 1.893623509081551891e-11
4.793499999999999872e+00 1.884568616714592661e-11
4.794000000000000483e+00 1.875556085078993466e-11
4.794500000000000206e+00 1.866585720584945758e-11
4.794999999999999929e+00 1.857657330505371303e-11
4.795500000000000540e+00 1.848770722972164973e-11
4.796000000000000263e+00 1.839925706972583263e-11
4.796499999999999986e+00 1.831122092345380125e-11
4.796999999999999709e+00 1.822359689777219081e-11
4.797500000000000320e+00 1.813638310798935069e-11
4.798000000000000043e+00 1.804957767781947843e-11
4.798499999999999766e+00 1.796317873934516720e-11
4.799000000000000377e+00 1.787718443298147835e-11
4.799500000000000099e+00 1.779159290744032096e-11
4.799999999999999822e+00 1.770640231969349368e-11
4.800500000000000433e+00 1.762161083493717732e-11
4.801000000000000156e+00 1.753721662655679586e-11
4.801499999999999879e+00 1.745321787609049123e-11
4.802000000000000490e+00 1.736961277319409420e-11
4.802500000000000213e+00 1.728639951560640859e-11
4.802999999999999936e+00 1.720357630911314814e-11
4.803499999999999659e+00 1.712114136751247931e-11
4.804000000000000270e+00 1.703909291258006316e-11
4.804499999999999993e+00 1.695742917403492125e-11
4.804999999999999716e+00 1.687614838950381193e-11
4.805500000000000327e+00 1.679524880448763907e-11
4.806000000000000050e+00 1.671472867232725973e-11
4.806499999999999773e+00 1.663458625416891391e-11
4.807000000000000384e+00 1.655481981893045546e-11
4.807500000000000107e+00 1.647542764326789008e-11
4.807999999999999829e+00 1.639640801154117334e-11
4.808500000000000441e+00 1.631775921578088758e-11
4.809000000000000163e+00 1.623947955565518376e-11
4.809499999999999886e+00 1.616156733843602862e-11
4.810000000000000497e+00 1.608402087896621437e-11
4.810500000000000220e+00 1.600683849962703729e-11
4.810999999999999943e+00 1.593001853030438652e-11
4.811499999999999666e+00 1.585355930835685240e-11
4.812000000000000277e+00 1.577745917858291387e-11
4.812500000000000000e+00 1.570171649318884324e-11
4.812999999999999723e+00 1.562632961175584835e-11
4.813500000000000334e+00 1.555129690120814213e-11
4.814000000000000057e+00 1.547661673578168745e-11
4.814499999999999780e+00 1.540228749699113574e-11
4.815000000000000391e+00 1.532830757359864937e-11
4.815500000000000114e+00 1.525467536158291795e-11
4.815999999999999837e+00 1.518138926410657839e-11
4.816500000000000448e+00 1.510844769148538304e-11
4.817000000000000171e+00 1.503584906115762628e-11
4.817499999999999893e+00 1.496359179765192978e-11
4.818000000000000504e+00 1.489167433255705682e-11
4.818500000000000227e+00 1.482009510449113859e-11
4.818999999999999950e+00 1.474885255907068081e-11
4.819499999999999673e+00 1.467794514888004198e-11
4.820000000000000284e+00 1.460737133344114767e-11
4.820500000000000007e+00 1.453712957918356817e-11
4.820999999999999730e+00 1.446721835941364301e-11
4.821500000000000341e+00 1.439763615428476551e-11
4.822000000000000064e+00 1.432838145076795481e-11
4.822499999999999787e+00 1.425945274262131161e-11
4.823000000000000398e+00 1.419084853036068070e-11
4.823500000000000121e+00 1.412256732123059787e-11
4.823999999999999844e+00 1.405460762917412853e-11
4.824500000000000455e+00 1.398696797480391151e-11
4.825000000000000178e+00 1.391964688537346302e-11
4.825499999999999901e+00 1.385264289474735453e-11
4.826000000000000512e+00 1.378595454337282365e-11
4.826500000000000234e+00 1.371958037825113465e-11
4.826999999999999957e+00 1.365351895290839608e-11
4.827499999999999680e+00 1.358776882736736557e-11
4.828000000000000291e+00 1.352232856811895245e-11
4.828500000000000014e+00 1.345719674809436509e-11
4.828999999999999737e+00 1.339237194663605934e-11
4.829500000000000348e+00 1.332785274947033175e-11
4.830000000000000071e+00 1.326363774867943133e-11
4.830499999999999794e+00 1.319972554267336909e-11
4.831000000000000405e+00 1.313611473616232229e-11
4.831500000000000128e+00 1.307280394012957167e-11
4.831999999999999851e+00 1.300979177180315601e-11
4.832500000000000462e+00 1.294707685462910183e-11
4.833000000000000185e+00 1.288465781824446411e-11
4.833499999999999908e+00 1.282253329844938469e-11
4.834000000000000519e+00 1.276070193718066936e-11
4.834500000000000242e+00 1.269916238248511611e-11
4.834999999999999964e+00 1.263791328849212933e-11
4.835499999999999687e+00 1.257695331538741967e-11
4.836000000000000298e+00 1.251628112938643408e-11
4.836500000000000021e+00 1.245589540270815261e-11
4.836999999999999744e+00 1.239579481354827612e-11
4.837500000000000355e+00 1.233597804605322019e-11
4.838000000000000078e+00 1.227644379029459689e-11
4.838499999999999801e+00 1.221719074224226360e-11
4.839000000000000412e+00 1.215821760373907618e-11
4.839500000000000135e+00 1.209952308247521896e-11
4.839999999999999858e+00 1.204110589196203863e-11
4.840500000000000469e+00 1.198296475150690091e-11
4.841000000000000192e+00 1.192509838618783712e-11
4.841499999999999915e+00 1.186750552682793226e-11
4.842000000000000526e+00 1.181018490997003142e-11
4.842500000000000249e+00 1.175313527785235245e-11
4.842999999999999972e+00 1.169635537838251864e-11
4.843499999999999694e+00 1.163984396511333464e-11
4.844000000000000306e+00 1.158359979721764303e-11
4.844500000000000028e+00 1.152762163946412769e-11
4.844999999999999751e+00 1.147190826219211871e-11
4.845500000000000362e+00 1.141645844128739256e-11
4.846000000000000085e+00 1.136127095815814983e-11
4.846499999999999808e+00 1.130634459971016276e-11
4.847000000000000419e+00 1.125167815832285799e-11
4.847500000000000142e+00 1.119727043182561436e-11
4.847999999999999865e+00 1.114312022347318979e-11
4.848500000000000476e+00 1.108922634192225972e-11
4.849000000000000199e+00 1.103558760120779079e-11
4.849499999999999922e+00 1.098220282071896048e-11
4.850000000000000533e+00 1.092907082517581513e-11
4.850500000000000256e+00 1.087619044460617836e-11
4.850999999999999979e+00 1.082356051432167413e-11
4.851499999999999702e+00 1.077117987489495986e-11
4.852000000000000313e+00 1.071904737213631178e-11
4.852500000000000036e+00 1.066716185707088065e-11
4.852999999999999758e+00 1.061552218591540148e-11
4.853500000000000369e+00 1.056412722005546383e-11
4.854000000000000092e+00 1.051297582602298726e-11
4.854499999999999815e+00 1.046206687547322514e-11
4.855000000000000426e+00 1.041139924516228368e-11
4.855500000000000149e+00 1.036097181692508050e-11
4.855999999999999872e+00 1.031078347765225790e-11
4.856500000000000483e+00 1.026083311926837728e-11
4.857000000000000206e+00 1.021111963870991806e-11
4.857499999999999929e+00 1.016164193790268693e-11
4.858000000000000540e+00 1.011239892374006235e-11
4.858500000000000263e+00 1.006338950806145396e-11
4.858999999999999986e+00 1.001461260762979741e-11
4.859499999999999709e+00 9.966067144110529104e-12
4.860000000000000320e+00 9.917752044049439777e-12
4.860500000000000043e+00 9.869666238851694444e-12
4.860999999999999766e+00 9.821808664759976750e-12
4.861500000000000377e+00 9.774178262833164830e-12
4.862000000000000099e+00 9.726773978925504782e-12
4.862499999999999822e+00 9.679594763665037726e-12
4.863000000000000433e+00 9.632639572432519626e-12
4.863500000000000156e+00 9.585907365341024502e-12
4.863999999999999879e+00 9.539397107214279408e-12
4.864500000000000490e+00 9.493107767566354880e-12
4.865000000000000213e+00 9.447038320580999971e-12
4.865499999999999936e+00 9.401187745090781781e-12
4.865999999999999659e+00 9.355555024556580430e-12
4.866500000000000270e+00 9.310139147047373214e-12
4.866999999999999993e+00 9.264939105219790965e-12
4.867499999999999716e+00 9.219953896297729346e-12
4.868000000000000327e+00 9.175182522052199242e-12
4.868500000000000050e+00 9.130623988781577826e-12
4.868999999999999773e+00 9.086277307291079293e-12
4.869500000000000384e+00 9.042141492873169098e-12
4.870000000000000107e+00 8.998215565287824711e-12
4.870499999999999829e+00 8.954498548742442559e-12
4.871000000000000441e+00 8.910989471872344356e-12
4.871500000000000163e+00 8.867687367721478909e-12
4.871999999999999886e+00 8.824591273722458311e-12
4.872500000000000497e+00 8.781700231677314683e-12
4.873000000000000220e+00 8.739013287738581647e-12
4.873499999999999943e+00 8.696529492389388678e-12
4.873999999999999666e+00 8.654247900424694443e-12
4.874500000000000277e+00 8.612167570932132401e-12
4.875000000000000000e+00 8.570287567273158517e-12
4.875499999999999723e+00 8.528606957063869393e-12
4.876000000000000334e+00 8.487124812156261462e-12
4.876500000000000057e+00 8.445840208619790671e-12
4.876999999999999780e+00 8.404752226722148615e-12
4.877500000000000391e+00 8.363859950911025787e-12
4.878000000000000114e+00 8.323162469795782739e-12
4.878499999999999837e+00 8.282658876128487943e-12
4.879000000000000448e+00 8.242348266785923374e-12
4.879500000000000171e+00 8.202229742751465704e-12
4.879999999999999893e+00 8.162302409096474740e-12
4.880500000000000504e+00 8.122565374962363634e-12
4.881000000000000227e+00 8.083017753542820963e-12
4.881499999999999950e+00 8.043658662065420504e-12
4.881999999999999673e+00 8.004487221774001637e-12
4.882500000000000284e+00 7.965502557910721789e-12
4.883000000000000007e+00 7.926703799698614555e-12
4.883499999999999730e+00 7.888090080323627601e-12
4.884000000000000341e+00 7.849660536917022455e-12
4.884500000000000064e+00 7.811414310538351072e-12
4.884999999999999787e+00 7.773350546157421025e-12
4.885500000000000398e+00 7.735468392637196141e-12
4.886000000000000121e+00 7.697767002716855446e-12
4.886499999999999844e+00 7.660245532993994246e-12
4.887000000000000455e+00 7.622903143907873720e-12
4.887500000000000178e+00 7.585738999722410399e-12
4.887999999999999901e+00 7.548752268508997634e-12
4.888500000000000512e+00 7.511942122129559695e-12
4.889000000000000234e+00 7.475307736220168110e-12
4.889499999999999957e+00 7.438848290173674098e-12
4.889999999999999680e+00 7.402562967123447685e-12
4.890500000000000291e+00 7.366450953926531979e-12
4.891000000000000014e+00 7.330511441147403287e-12
4.891499999999999737e+00 7.294743623041099537e-12
4.892000000000000348e+00 7.259146697537066834e-12
4.892500000000000071e+00 7.223719866222919573e-12
4.892999999999999794e+00 7.188462334327891985e-12
4.893500000000000405e+00 7.153373310706783237e-12
4.894000000000000128e+00 7.118452007824072172e-12
4.894499999999999851e+00 7.083697641737478708e-12
4.895000000000000462e+00 7.049109432082148053e-12
4.895500000000000185e+00 7.014686602054940731e-12
4.895999999999999908e+00 6.980428378398309024e-12
4.896500000000000519e+00 6.946333991384532879e-12
4.897000000000000242e+00 6.912402674800337906e-12
4.897499999999999964e+00 6.878633665930834824e-12
4.897999999999999687e+00 6.845026205544252164e-12
4.898500000000000298e+00 6.811579537876260224e-12
4.899000000000000021e+00 6.778292910614736895e-12
4.899499999999999744e+00 6.745165574884174010e-12
4.900000000000000355e+00 6.712196785230438319e-12
4.900500000000000078e+00 6.679385799605786112e-12
4.900999999999999801e+00 6.646731879353252609e-12
4.901500000000000412e+00 6.614234289191831366e-12
4.902000000000000135e+00 6.581892297201555145e-12
4.902499999999999858e+00 6.549705174808193062e-12
4.903000000000000469e+00 6.517672196768487360e-12
4.903500000000000192e+00 6.485792641155540420e-12
4.903999999999999915e+00 6.454065789343599162e-12
4.904500000000000526e+00 6.422490925993614925e-12
4.905000000000000249e+00 6.391067339038711265e-12
4.905499999999999972e+00 6.359794319669272890e-12
4.905999999999999694e+00 6.328671162318608942e-12
4.906500000000000306e+00 6.297697164648466833e-12
4.907000000000000028e+00 6.266871627534748032e-12
4.907499999999999751e+00 6.236193855052898312e-12
4.908000000000000362e+00 6.205663154463848102e-12
4.908500000000000085e+00 6.175278836199831669e-12
4.908999999999999808e+00 6.145040213850088368e-12
4.909500000000000419e+00 6.114946604146734329e-12
4.910000000000000142e+00 6.084997326951102670e-12
4.910499999999999865e+00 6.055191705239272681e-12
4.911000000000000476e+00 6.025529065088457696e-12
4.911500000000000199e+00 5.996008735663277451e-12
4.911999999999999922e+00 5.966630049201591804e-12
4.912500000000000533e+00 5.937392341001054205e-12
4.913000000000000256e+00 5.908294949405465642e-12
4.913499999999999979e+00 5.879337215790998524e-12
4.913999999999999702e+00 5.850518484552755811e-12
4.914500000000000313e+00 5.821838103091200883e-12
4.915000000000000036e+00 5.793295421798950926e-12
4.915499999999999758e+00 5.764889794047100989e-12
4.916000000000000369e+00 5.736620576172035133e-12
4.916500000000000092e+00 5.708487127462345835e-12
4.916999999999999815e+00 5.680488810145324447e-12
4.917500000000000426e+00 5.652624989374011455e-12
4.918000000000000149e+00 5.624895033214181312e-12
4.918499999999999872e+00 5.597298312631092199e-12
4.919000000000000483e+00 5.569834201476595252e-12
4.919500000000000206e+00 5.542502076476484524e-12
4.919999999999999929e+00 5.515301317217220077e-12
4.920500000000000540e+00 5.488231306133326415e-12
4.921000000000000263e+00 5.461291428494783624e-12
4.921499999999999986e+00 5.434481072394122069e-12
4.921999999999999709e+00 5.407799628733828081e-12
4.922500000000000320e+00 5.381246491213803771e-12
4.923000000000000043e+00 5.354821056318993246e-12
4.923499999999999766e+00 5.328522723306569391e-12
4.924000000000000377e+00 5.302350894193751531e-12
4.924500000000000099e+00 5.276304973745528588e-12
4.924999999999999822e+00 5.250384369462093846e-12
4.925500000000000433e+00 5.224588491566703014e-12
4.926000000000000156e+00 5.198916752993638901e-12
4.926499999999999879e+00 5.173368569375786750e-12
4.927000000000000490e+00 5.147943359032649003e-12
4.927500000000000213e+00 5.122640542958491735e-12
4.927999999999999936e+00 5.097459544809979762e-12
4.928499999999999659e+00 5.072399790894596110e-12
4.929000000000000270e+00 5.047460710158479877e-12
4.929499999999999993e+00 5.022641734174861050e-12
4.929999999999999716e+00 4.997942297132069620e-12
4.930500000000000327e+00 4.973361835821782183e-12
4.931000000000000050e+00 4.948899789627646592e-12
4.931499999999999773e+00 4.924555600513247451e-12
4.932000000000000384e+00 4.900328713010777612e-12
4.932500000000000107e+00 4.876218574209540857e-12
4.932999999999999829e+00 4.852224633744271196e-12
4.933500000000000441e+00 4.828346343783843147e-12
4.934000000000000163e+00 4.804583159020015134e-12
4.934499999999999886e+00 4.780934536655795643e-12
4.935000000000000497e+00 4.757399936394372408e-12
4.935500000000000220e+00 4.733978820427981022e-12
4.935999999999999943e+00 4.710670653426425376e-12
4.936499999999999666e+00 4.687474902526199109e-12
4.937000000000000277e+00 4.664391037319255657e-12
4.937500000000000000e+00 4.641418529842171705e-12
4.937999999999999723e+00 4.618556854564915624e-12
4.938500000000000334e+00 4.595805488380008498e-12
4.939000000000000057e+00 4.573163910591783699e-12
4.939499999999999780e+00 4.550631602905286192e-12
4.940000000000000391e+00 4.528208049415637119e-12
4.940500000000000114e+00 4.505892736597338615e-12
4.940999999999999837e+00 4.483685153293396061e-12
4.941500000000000448e+00 4.461584790704730333e-12
4.942000000000000171e+00 4.439591142379776650e-12
4.942499999999999893e+00 4.417703704203594713e-12
4.943000000000000504e+00 4.395921974387509554e-12
4.943500000000000227e+00 4.374245453458757246e-12
4.943999999999999950e+00 4.352673644249889876e-12
4.944499999999999673e+00 4.331206051888428520e-12
4.945000000000000284e+00 4.309842183786567915e-12
4.945500000000000007e+00 4.288581549631011990e-12
4.945999999999999730e+00 4.267423661372455587e-12
4.946500000000000341e+00 4.246368033215575899e-12
4.947000000000000064e+00 4.225414181608955245e-12
4.947499999999999787e+00 4.204561625234763125e-12
4.948000000000000398e+00 4.183809884998787235e-12
4.948500000000000121e+00 4.163158484020561425e-12
4.948999999999999844e+00 4.142606947623110759e-12
4.949500000000000455e+00 4.122154803323200639e-12
4.950000000000000178e+00 4.101801580821520498e-12
4.950499999999999901e+00 4.081546811992636461e-12
4.951000000000000512e+00 4.061390030875280864e-12
4.951500000000000234e+00 4.041330773662723347e-12
4.951999999999999957e+00 4.021368578692839847e-12
4.952499999999999680e+00 4.001502986438557205e-12
4.953000000000000291e+00 3.981733539498209725e-12
4.953500000000000014e+00 3.962059782586007213e-12
4.953999999999999737e+00 3.942481262522392341e-12
4.954500000000000348e+00 3.922997528224510304e-12
4.955000000000000071e+00 3.903608130696983005e-12
4.955499999999999794e+00 3.884312623022173529e-12
4.956000000000000405e+00 3.865110560350995066e-12
4.956500000000000128e+00 3.846001499893593824e-12
4.956999999999999851e+00 3.826985000909940654e-12
4.957500000000000462e+00 3.808060624700615740e-12
4.958000000000000185e+00 3.789227934597678111e-12
4.958499999999999908e+00 3.770486495955379247e-12
4.959000000000000519e+00 3.751835876141006734e-12
4.959500000000000242e+00 3.733275644526005003e-12
4.959999999999999964e+00 3.714805372476662274e-12
4.960499999999999687e+00 3.696424633345236135e-12
4.961000000000000298e+00 3.678133002460910300e-12
4.961500000000000021e+00 3.659930057121006613e-12
4.961999999999999744e+00 3.641815376581888492e-12
4.962500000000000355e+00 3.623788542050189904e-12
4.963000000000000078e+00 3.605849136674106945e-12
4.963499999999999801e+00 3.587996745534420026e-12
4.964000000000000412e+00 3.570230955635876730e-12
4.964500000000000135e+00 3.552551355898533077e-12
4.964999999999999858e+00 3.534957537148934841e-12
4.965500000000000469e+00 3.517449092111608251e-12
4.966000000000000192e+00 3.500025615400508690e-12
4.966499999999999915e+00 3.482686703510324389e-12
4.967000000000000526e+00 3.465431954808074170e-12
4.967500000000000249e+00 3.448260969524672056e-12
4.967999999999999972e+00 3.431173349746342041e-12
4.968499999999999694e+00 3.414168699406353556e-12
4.969000000000000306e+00 3.397246624276574372e-12
4.969500000000000028e+00 3.380406731959241604e-12
4.969999999999999751e+00 3.363648631878562681e-12
4.970500000000000362e+00 3.346971935272489986e-12
4.971000000000000085e+00 3.330376255184621514e-12
4.971499999999999808e+00 3.313861206455843842e-12
4.972000000000000419e+00 3.297426405716258642e-12
4.972500000000000142e+00 3.281071471377195614e-12
4.972999999999999865e+00 3.264796023622901507e-12
4.973500000000000476e+00 3.248599684402694426e-12
4.974000000000000199e+00 3.232482077422960205e-12
4.974499999999999922e+00 3.216442828139013897e-12
4.975000000000000533e+00 3.200481563747343737e-12
4.975500000000000256e+00 3.184597913177701632e-12
4.975999999999999979e+00 3.168791507085129435e-12
4.976499999999999702e+00 3.153061977842225528e-12
4.977000000000000313e+00 3.137408959531282976e-12
4.977500000000000036e+00 3.121832087936702725e-12
4.977999999999999758e+00 3.106331000537025530e-12
4.978500000000000369e+00 3.090905336497396451e-12
4.979000000000000092e+00 3.075554736661925145e-12
4.979499999999999815e+00 3.060278843545972247e-12
4.980000000000000426e+00 3.045077301328600539e-12
4.980500000000000149e+00 3.029949755845083064e-12
4.980999999999999872e+00 3.014895854579285639e-12
4.981500000000000483e+00 2.999915246656213744e-12
4.982000000000000206e+00 2.985007582834622425e-12
4.982499999999999929e+00 2.970172515499498559e-12
4.983000000000000540e+00 2.955409698654706303e-12
4.983500000000000263e+00 2.940718787915693519e-12
4.983999999999999986e+00 2.926099440502075430e-12
4.984499999999999709e+00 2.911551315230395166e-12
4.985000000000000320e+00 2.897074072506826160e-12
4.985500000000000043e+00 2.882667374320058722e-12
4.985999999999999766e+00 2.868330884233939818e-12
4.986500000000000377e+00 2.854064267380415389e-12
4.987000000000000099e+00 2.839867190452429837e-12
4.987499999999999822e+00 2.825739321696704355e-12
4.988000000000000433e+00 2.811680330906762435e-12
4.988500000000000156e+00 2.797689889415922260e-12
4.988999999999999879e+00 2.783767670090179236e-12
4.989500000000000490e+00 2.769913347321278351e-12
4.990000000000000213e+00 2.756126597019893573e-12
4.990499999999999936e+00 2.742407096608500688e-12
4.991000000000000547e+00 2.728754525014635045e-12
4.991500000000000270e+00 2.715168562664056017e-12
4.991999999999999993e+00 2.701648891473812082e-12
4.992499999999999716e+00 2.688195194845557957e-12
4.993000000000000327e+00 2.674807157658712175e-12
4.993500000000000050e+00 2.661484466263847317e-12
4.993999999999999773e+00 2.648226808475841135e-12
4.994500000000000384e+00 2.635033873567276879e-12
4.995000000000000107e+00 2.621905352261844428e-12
4.995499999999999829e+00 2.608840936727647724e-12
4.996000000000000441e+00 2.595840320570639024e-12
4.996500000000000163e+00 2.582903198828158974e-12
4.996999999999999886e+00 2.570029267962273123e-12
4.997500000000000497e+00 2.557218225853332190e-12
4.998000000000000220e+00 2.544469771793588879e-12
4.998499999999999943e+00 2.531783606480611941e-12
4.998999999999999666e+00 2.519159432010998708e-12
4.999500000000000277e+00 2.506596951873882054e-12
5.000000000000000000e+00 2.494095870944751578e-12
5.000499999999999723e+00 2.481655895478922189e-12
5.001000000000000334e+00 2.469276733105363779e-12
5.001500000000000057e+00 2.456958092820441220e-12
5.001999999999999780e+00 2.444699684981612774e-12
5.002500000000000391e+00 2.432501221301200383e-12
5.003000000000000114e+00 2.420362414840352626e-12
5.003499999999999837e+00 2.408282980002688193e-12
5.004000000000000448e+00 2.396262632528277415e-12
5.004500000000000171e+00 2.384301089487592298e-12
5.004999999999999893e+00 2.372398069275275607e-12
5.005500000000000504e+00 2.360553291604195502e-12
5.006000000000000227e+00 2.348766477499466658e-12
5.006499999999999950e+00 2.337037349292335264e-12
5.006999999999999673e+00 2.325365630614288999e-12
5.007500000000000284e+00 2.313751046391070877e-12
5.008000000000000007e+00 2.302193322836859093e-12
5.008499999999999730e+00 2.290692187448249772e-12
5.009000000000000341e+00 2.279247368998439640e-12
5.009500000000000064e+00 2.267858597531493518e-12
5.009999999999999787e+00 2.256525604356362613e-12
5.010500000000000398e+00 2.245248122041181490e-12
5.011000000000000121e+00 2.234025884407574751e-12
5.011499999999999844e+00 2.222858626524793657e-12
5.012000000000000455e+00 2.211746084704089448e-12
5.012500000000000178e+00 2.200687996493046263e-12
5.012999999999999901e+00 2.189684100669868833e-12
5.013500000000000512e+00 2.178734137237735997e-12
5.014000000000000234e+00 2.167837847419326292e-12
5.014499999999999957e+00 2.156994973651064437e-12
5.014999999999999680e+00 2.146205259577659038e-12
5.015500000000000291e+00 2.135468450046546985e-12
5.016000000000000014e+00 2.124784291102447309e-12
5.016499999999999737e+00 2.114152529981770038e-12
5.017000000000000348e+00 2.103572915107207614e-12
5.017500000000000071e+00 2.093045196082364686e-12
5.017999999999999794e+00 2.082569123686236835e-12
5.018500000000000405e+00 2.072144449867872274e-12
5.019000000000000128e+00 2.061770927741074740e-12
5.019499999999999851e+00 2.051448311578955333e-12
5.020000000000000462e+00 2.041176356808663679e-12
5.020500000000000185e+00 2.030954820006163122e-12
5.020999999999999908e+00 2.020783458890855667e-12
5.021500000000000519e+00 2.010662032320383020e-12
5.022000000000000242e+00 2.000590300285469634e-12
5.022499999999999964e+00 1.990568023904622371e-12
5.022999999999999687e+00 1.980594965419012321e-12
5.023500000000000298e+00 1.970670888187317851e-12
5.024000000000000021e+00 1.960795556680628233e-12
5.024499999999999744e+00 1.950968736477281438e-12
5.025000000000000355e+00 1.941190194257803716e-12
5.025500000000000078e+00 1.931459697799895622e-12
5.025999999999999801e+00 1.921777015973338065e-12
5.026500000000000412e+00 1.912141918734966624e-12
5.027000000000000135e+00 1.902554177123791668e-12
5.027499999999999858e+00 1.893013563255902792e-12
5.028000000000000469e+00 1.883519850319548948e-12
5.028500000000000192e+00 1.874072812570311078e-12
5.028999999999999915e+00 1.864672225326073590e-12
5.029500000000000526e+00 1.855317864962198204e-12
5.030000000000000249e+00 1.846009508906698589e-12
5.030499999999999972e+00 1.836746935635344738e-12
5.030999999999999694e+00 1.827529924666879611e-12
5.031500000000000306e+00 1.818358256558194392e-12
5.032000000000000028e+00 1.809231712899654590e-12
5.032499999999999751e+00 1.800150076310210673e-12
5.033000000000000362e+00 1.791113130432737294e-12
5.033500000000000085e+00 1.782120659929367077e-12
5.033999999999999808e+00 1.773172450476734527e-12
5.034500000000000419e+00 1.764268288761310216e-12
5.035000000000000142e+00 1.755407962474831500e-12
5.035499999999999865e+00 1.746591260309602367e-12
5.036000000000000476e+00 1.737817971953884173e-12
5.036500000000000199e+00 1.729087888087418241e-12
5.036999999999999922e+00 1.720400800376727533e-12
5.037500000000000533e+00 1.711756501470629757e-12
5.038000000000000256e+00 1.703154784995790470e-12
5.038499999999999979e+00 1.694595445552086336e-12
5.038999999999999702e+00 1.686078278708222044e-12
5.039500000000000313e+00 1.677603080997215344e-12
5.040000000000000036e+00 1.669169649912027085e-12
5.040499999999999758e+00 1.660777783901050703e-12
5.041000000000000369e+00 1.652427282363748514e-12
5.041500000000000092e+00 1.644117945646327599e-12
5.041999999999999815e+00 1.635849575037259982e-12
5.042500000000000426e+00 1.627621972763037067e-12
5.043000000000000149e+00 1.619434941983837645e-12
5.043499999999999872e+00 1.611288286789168434e-12
5.044000000000000483e+00 1.603181812193609834e-12
5.044500000000000206e+00 1.595115324132601466e-12
5.044999999999999929e+00 1.587088629458110984e-12
5.045500000000000540e+00 1.579101535934442637e-12
5.046000000000000263e+00 1.571153852234080161e-12
5.046499999999999986e+00 1.563245387933408907e-12
5.046999999999999709e+00 1.555375953508617296e-12
5.047500000000000320e+00 1.547545360331480950e-12
5.048000000000000043e+00 1.539753420665334418e-12
5.048499999999999766e+00 1.531999947660831482e-12
5.049000000000000377e+00 1.524284755351920520e-12
5.049500000000000099e+00 1.516607658651800493e-12
5.049999999999999822e+00 1.508968473348764845e-12
5.050500000000000433e+00 1.501367016102226958e-12
5.051000000000000156e+00 1.493803104438729653e-12
5.051499999999999879e+00 1.486276556747843615e-12
5.052000000000000490e+00 1.478787192278248183e-12
5.052500000000000213e+00 1.471334831133787702e-12
5.052999999999999936e+00 1.463919294269448707e-12
5.053500000000000547e+00 1.456540403487458490e-12
5.054000000000000270e+00 1.449197981433422222e-12
5.054499999999999993e+00 1.441891851592328219e-12
5.054999999999999716e+00 1.434621838284741007e-12
5.055500000000000327e+00 1.427387766662912408e-12
5.056000000000000050e+00 1.420189462706969558e-12
5.056499999999999773e+00 1.413026753221023160e-12
5.057000000000000384e+00 1.405899465829407812e-12
5.057500000000000107e+00 1.398807428972899714e-12
5.057999999999999829e+00 1.391750471904883891e-12
5.058500000000000441e+00 1.384728424687638746e-12
5.059000000000000163e+00 1.377741118188610112e-12
5.059499999999999886e+00 1.370788384076625931e-12
5.060000000000000497e+00 1.363870054818233922e-12
5.060500000000000220e+00 1.356985963674017836e-12
5.060999999999999943e+00 1.350135944694891505e-12
5.061499999999999666e+00 1.343319832718442365e-12
5.062000000000000277e+00 1.336537463365302236e-12
5.062500000000000000e+00 1.329788673035553455e-12
5.062999999999999723e+00 1.323073298905054826e-12
5.063500000000000334e+00 1.316391178921876420e-12
5.064000000000000057e+00 1.309742151802765485e-12
5.064499999999999780e+00 1.303126057029518033e-12
5.065000000000000391e+00 1.296542734845459488e-12
5.065500000000000114e+00 1.289992026251960674e-12
5.065999999999999837e+00 1.283473773004855247e-12
5.066500000000000448e+00 1.276987817610971233e-12
5.067000000000000171e+00 1.270534003324691647e-12
5.067499999999999893e+00 1.264112174144421603e-12
5.068000000000000504e+00 1.257722174809161052e-12
5.068500000000000227e+00 1.251363850795130426e-12
5.068999999999999950e+00 1.245037048312257945e-12
5.069499999999999673e+00 1.238741614300830913e-12
5.070000000000000284e+00 1.232477396428099747e-12
5.070500000000000007e+00 1.226244243084923220e-12
5.070999999999999730e+00 1.220042003382380766e-12
5.071500000000000341e+00 1.213870527148423378e-12
5.072000000000000064e+00 1.207729664924615566e-12
5.072499999999999787e+00 1.201619267962746468e-12
5.073000000000000398e+00 1.195539188221546971e-12
5.073500000000000121e+00 1.189489278363472274e-12
5.073999999999999844e+00 1.183469391751353177e-12
5.074500000000000455e+00 1.177479382445180255e-12
5.075000000000000178e+00 1.171519105198885611e-12
5.075499999999999901e+00 1.165588415457084636e-12
5.076000000000000512e+00 1.159687169351874931e-12
5.076500000000000234e+00 1.153815223699689945e-12
5.076999999999999957e+00 1.147972435998040137e-12
5.077499999999999680e+00 1.142158664422407414e-12
5.078000000000000291e+00 1.136373767823074137e-12
5.078500000000000014e+00 1.130617605722010892e-12
5.078999999999999737e+00 1.124890038309707318e-12
5.079500000000000348e+00 1.119190926442100065e-12
5.080000000000000071e+00 1.113520131637491668e-12
5.080499999999999794e+00 1.107877516073423173e-12
5.081000000000000405e+00 1.102262942583644714e-12
5.081500000000000128e+00 1.096676274655075377e-12
5.081999999999999851e+00 1.091117376424718034e-12
5.082500000000000462e+00 1.085586112676671723e-12
5.083000000000000185e+00 1.080082348839127864e-12
5.083499999999999908e+00 1.074605950981347295e-12
5.084000000000000519e+00 1.069156785810669415e-12
5.084500000000000242e+00 1.063734720669607967e-12
5.084999999999999964e+00 1.058339623532806864e-12
5.085499999999999687e+00 1.052971363004158995e-12
5.086000000000000298e+00 1.047629808313842830e-12
5.086500000000000021e+00 1.042314829315450922e-12
5.086999999999999744e+00 1.037026296483031962e-12
5.087500000000000355e+00 1.031764080908223119e-12
5.088000000000000078e+00 1.026528054297407406e-12
5.088499999999999801e+00 1.021318088968794322e-12
5.089000000000000412e+00 1.016134057849592369e-12
5.089500000000000135e+00 1.010975834473203785e-12
5.089999999999999858e+00 1.005843292976345977e-12
5.090500000000000469e+00 1.000736308096261799e-12
5.091000000000000192e+00 9.956547551679518561e-13
5.091499999999999915e+00 9.905985101213332877e-13
5.092000000000000526e+00 9.855674494784993301e-13
5.092500000000000249e+00 9.805614503509703944e-13
5.092999999999999972e+00 9.755803904369069769e-13
5.093499999999999694e+00 9.706241480183982997e-13
5.094000000000000306e+00 9.656926019587317668e-13
5.094500000000000028e+00 9.607856316997129069e-13
5.094999999999999751e+00 9.559031172589051428e-13
5.095500000000000362e+00 9.510449392269838635e-13
5.096000000000000085e+00 9.462109787650836300e-13
5.096499999999999808e+00 9.414011176020742958e-13
5.097000000000000419e+00 9.366152380319516315e-13
5.097500000000000142e+00 9.318532229112166402e-13
5.097999999999999865e+00 9.271149556562029731e-13
5.098500000000000476e+00 9.224003202404857292e-13
5.099000000000000199e+00 9.177092011922971221e-13
5.099499999999999922e+00 9.130414835919049876e-13
5.100000000000000533e+00 9.083970530690424856e-13
5.100500000000000256e+00 9.037757958003738499e-13
5.100999999999999979e+00 8.991775985068901627e-13
5.101499999999999702e+00 8.946023484513957028e-13
5.102000000000000313e+00 8.900499334359566306e-13
5.102500000000000036e+00 8.855202417994296450e-13
5.102999999999999758e+00 8.810131624148849196e-13
5.103500000000000369e+00 8.765285846871390001e-13
5.104000000000000092e+00 8.720663985503057765e-13
5.104499999999999815e+00 8.676264944652532460e-13
5.105000000000000426e+00 8.632087634171843729e-13
5.105500000000000149e+00 8.588130969131906859e-13
5.105999999999999872e+00 8.544393869797743717e-13
5.106500000000000483e+00 8.500875261604473099e-13
5.107000000000000206e+00 8.457574075133169827e-13
5.107499999999999929e+00 8.414489246086561262e-13
5.108000000000000540e+00 8.371619715265139844e-13
5.108500000000000263e+00 8.328964428543495750e-13
5.108999999999999986e+00 8.286522336846327440e-13
5.109499999999999709e+00 8.244292396124828845e-13
5.110000000000000320e+00 8.202273567333223976e-13
5.110500000000000043e+00 8.160464816405544871e-13
5.110999999999999766e+00 8.118865114231902666e-13
5.111500000000000377e+00 8.077473436635433164e-13
5.112000000000000099e+00 8.036288764349582689e-13
5.112499999999999822e+00 7.995310082994372081e-13
5.113000000000000433e+00 7.954536383054077363e-13
5.113500000000000156e+00 7.913966659854368172e-13
5.113999999999999879e+00 7.873599913539359350e-13
5.114500000000000490e+00 7.833435149049160348e-13
5.115000000000000213e+00 7.793471376097646759e-13
5.115499999999999936e+00 7.753707609149644195e-13
5.116000000000000547e+00 7.714142867398933074e-13
5.116500000000000270e+00 7.674776174746157488e-13
5.116999999999999993e+00 7.635606559776427104e-13
5.117499999999999716e+00 7.596633055737673350e-13
5.118000000000000327e+00 7.557854700518462347e-13
5.118500000000000050e+00 7.519270536626709557e-13
5.118999999999999773e+00 7.480879611167489688e-13
5.119500000000000384e+00 7.442680975821702869e-13
5.120000000000000107e+00 7.404673686824716587e-13
5.120499999999999829e+00 7.366856804944764275e-13
5.121000000000000441e+00 7.329229395461726600e-13
5.121500000000000163e+00 7.291790528146232828e-13
5.121999999999999886e+00 7.254539277238092738e-13
5.122500000000000497e+00 7.217474721425619129e-13
5.123000000000000220e+00 7.180595943824874587e-13
5.123499999999999943e+00 7.143902031958517398e-13
5.123999999999999666e+00 7.107392077735302772e-13
5.124500000000000277e+00 7.071065177429466942e-13
5.125000000000000000e+00 7.034920431660341486e-13
5.125499999999999723e+00 6.998956945371656642e-13
5.126000000000000334e+00 6.963173827811328299e-13
5.126500000000000057e+00 6.927570192511559006e-13
5.126999999999999780e+00 6.892145157268145336e-13
5.127500000000000391e+00 6.856897844120793970e-13
5.128000000000000114e+00 6.821827379333210602e-13
5.128499999999999837e+00 6.786932893372956592e-13
5.129000000000000448e+00 6.752213520891875119e-13
5.129500000000000171e+00 6.717668400706578928e-13
5.129999999999999893e+00 6.683296675778432195e-13
5.130500000000000504e+00 6.649097493194367453e-13
5.131000000000000227e+00 6.615070004147502578e-13
5.131499999999999950e+00 6.581213363917654796e-13
5.131999999999999673e+00 6.547526731852134376e-13
5.132500000000000284e+00 6.514009271346650412e-13
5.133000000000000007e+00 6.480660149826426629e-13
5.133499999999999730e+00 6.447478538726904205e-13
5.134000000000000341e+00 6.414463613474977733e-13
5.134500000000000064e+00 6.381614553470531083e-13
5.134999999999999787e+00 6.348930542067132144e-13
5.135500000000000398e+00 6.316410766553871604e-13
5.136000000000000121e+00 6.284054418136779662e-13
5.136499999999999844e+00 6.251860691920153878e-13
5.137000000000000455e+00 6.219828786888310106e-13
5.137500000000000178e+00 6.187957905887498015e-13
5.137999999999999901e+00 6.156247255607352131e-13
5.138500000000000512e+00 6.124696046563001230e-13
5.139000000000000234e+00 6.093303493077108054e-13
5.139499999999999957e+00 6.062068813261651549e-13
5.139999999999999680e+00 6.030991229000338170e-13
5.140500000000000291e+00 6.000069965930548704e-13
5.141000000000000014e+00 5.969304253426033311e-13
5.141499999999999737e+00 5.938693324578903790e-13
5.142000000000000348e+00 5.908236416182166047e-13
5.142500000000000071e+00 5.877932768712575691e-13
5.142999999999999794e+00 5.847781626312863544e-13
5.143500000000000405e+00 5.817782236774587195e-13
5.144000000000000128e+00 5.787933851521124923e-13
5.144499999999999851e+00 5.758235725590139512e-13
5.145000000000000462e+00 5.728687117616773114e-13
5.145500000000000185e+00 5.699287289816765371e-13
5.145999999999999908e+00 5.670035507969268621e-13
5.146500000000000519e+00 5.640931041400145754e-13
5.147000000000000242e+00 5.611973162965410440e-13
5.147499999999999964e+00 5.583161149034242269e-13
5.147999999999999687e+00 5.554494279472595599e-13
5.148500000000000298e+00 5.525971837626545891e-13
5.149000000000000021e+00 5.497593110306158065e-13
5.149499999999999744e+00 5.469357387768704592e-13
5.150000000000000355e+00 5.441263963702555059e-13
5.150500000000000078e+00 5.413312135211195996e-13
5.150999999999999801e+00 5.385501202796663027e-13
5.151500000000000412e+00 5.357830470343755573e-13
5.152000000000000135e+00 5.330299245104057690e-13
5.152499999999999858e+00 5.302906837679887207e-13
5.153000000000000469e+00 5.275652562008423593e-13
5.153500000000000192e+00 5.248535735346251838e-13
5.153999999999999915e+00 5.221555678253236872e-13
5.154500000000000526e+00 5.194711714577141157e-13
5.155000000000000249e+00 5.168003171438181696e-13
5.155499999999999972e+00 5.141429379213220496e-13
5.155999999999999694e+00 5.114989671520627536e-13
5.156500000000000306e+00 5.088683385204782230e-13
5.157000000000000028e+00 5.062509860321021206e-13
5.157499999999999751e+00 5.036468440120170071e-13
5.158000000000000362e+00 5.010558471033529554e-13
5.158500000000000085e+00 4.984779302657972728e-13
5.158999999999999808e+00 4.959130287740679729e-13
5.159500000000000419e+00 4.933610782164393504e-13
5.160000000000000142e+00 4.908220144932625073e-13
5.160499999999999865e+00 4.882957738154680066e-13
5.161000000000000476e+00 4.857822927031033615e-13
5.161500000000000199e+00 4.832815079838825420e-13
5.161999999999999922e+00 4.807933567917097313e-13
5.162500000000000533e+00 4.783177765652276204e-13
5.163000000000000256e+00 4.758547050463963978e-13
5.163499999999999979e+00 4.734040802790265946e-13
5.163999999999999702e+00 4.709658406073689801e-13
5.164500000000000313e+00 4.685399246746770927e-13
5.165000000000000036e+00 4.661262714218104642e-13
5.165499999999999758e+00 4.637248200857927081e-13
5.166000000000000369e+00 4.613355101984268604e-13
5.166500000000000092e+00 4.589582815849066818e-13
5.166999999999999815e+00 4.565930743623960513e-13
5.167500000000000426e+00 4.542398289386632403e-13
5.168000000000000149e+00 4.518984860107103385e-13
5.168499999999999872e+00 4.495689865633782458e-13
5.169000000000000483e+00 4.472512718679904872e-13
5.169500000000000206e+00 4.449452834810077826e-13
5.169999999999999929e+00 4.426509632426509099e-13
5.170500000000000540e+00 4.403682532755633020e-13
5.171000000000000263e+00 4.380970959834838417e-13
5.171499999999999986e+00 4.358374340498896173e-13
5.171999999999999709e+00 4.335892104366789161e-13
5.172500000000000320e+00 4.313523683828482605e-13
5.173000000000000043e+00 4.291268514031835299e-13
5.173499999999999766e+00 4.269126032869316451e-13
5.174000000000000377e+00 4.247095680965100679e-13
5.174500000000000099e+00 4.225176901662124630e-13
5.174999999999999822e+00 4.203369141009053738e-13
5.175500000000000433e+00 4.181671847747403975e-13
5.176000000000000156e+00 4.160084473298986212e-13
5.176499999999999879e+00 4.138606471752828044e-13
5.177000000000000490e+00 4.117237299852687322e-13
5.177500000000000213e+00 4.095976416984515697e-13
5.177999999999999936e+00 4.074823285163630862e-13
5.178500000000000547e+00 4.053777369022389622e-13
5.179000000000000270e+00 4.032838135797822591e-13
5.179499999999999993e+00 4.012005055318989702e-13
5.179999999999999716e+00 3.991277599994859768e-13
5.180500000000000327e+00 3.970655244801911860e-13
5.181000000000000050e+00 3.950137467272083530e-13
5.181499999999999773e+00 3.929723747480386836e-13
5.182000000000000384e+00 3.909413568032942895e-13
5.182500000000000107e+00 3.889206414054976559e-13
5.182999999999999829e+00 3.869101773178671740e-13
5.183500000000000441e+00 3.849099135531301897e-13
5.184000000000000163e+00 3.829197993723476133e-13
5.184499999999999886e+00 3.809397842837091964e-13
5.185000000000000497e+00 3.789698180413702082e-13
5.185500000000000220e+00 3.770098506442838203e-13
5.185999999999999943e+00 3.750598323350188506e-13
5.186499999999999666e+00 3.731197135986136046e-13
5.187000000000000277e+00 3.711894451614116438e-13
5.187500000000000000e+00 3.692689779899217861e-13
5.187999999999999723e+00 3.673582632896623056e-13
5.188500000000000334e+00 3.654572525040237602e-13
5.189000000000000057e+00 3.635658973131497440e-13
5.189499999999999780e+00 3.616841496327830042e-13
5.190000000000000391e+00 3.598119616131582089e-13
5.190500000000000114e+00 3.579492856378895642e-13
5.190999999999999837e+00 3.560960743228402070e-13
5.191500000000000448e+00 3.542522805150216866e-13
5.192000000000000171e+00 3.524178572915033428e-13
5.192499999999999893e+00 3.505927579582949250e-13
5.193000000000000504e+00 3.487769360492626349e-13
5.193500000000000227e+00 3.469703453250523873e-13
5.193999999999999950e+00 3.451729397719890911e-13
5.194499999999999673e+00 3.433846736010107655e-13
5.195000000000000284e+00 3.416055012465885701e-13
5.195500000000000007e+00 3.398353773656782896e-13
5.195999999999999730e+00 3.380742568366310738e-13
5.196500000000000341e+00 3.363220947581534041e-13
5.197000000000000064e+00 3.345788464482566080e-13
5.197499999999999787e+00 3.328444674431957721e-13
5.198000000000000398e+00 3.311189134964360689e-13
5.198500000000000121e+00 3.294021405776237290e-13
5.198999999999999844e+00 3.276941048715318705e-13
5.199500000000000455e+00 3.259947627770476268e-13
5.200000000000000178e+00 3.243040709061500858e-13
5.200499999999999901e+00 3.226219860828827259e-13
5.201000000000000512e+00 3.209484653423428663e-13
5.201500000000000234e+00 3.192834659296799021e-13
5.201999999999999957e+00 3.176269452990802611e-13
5.202499999999999680e+00 3.159788611127742216e-13
5.203000000000000291e+00 3.143391712400357631e-13
5.203500000000000014e+00 3.127078337562050349e-13
5.203999999999999737e+00 3.110848069416859351e-13
5.204500000000000348e+00 3.094700492809715073e-13
5.205000000000000071e+00 3.078635194616778702e-13
5.205499999999999794e+00 3.062651763735541151e-13
5.206000000000000405e+00 3.046749791075263830e-13
5.206500000000000128e+00 3.030928869547382061e-13
5.206999999999999851e+00 3.015188594055798429e-13
5.207500000000000462e+00 2.999528561487394738e-13
5.208000000000000185e+00 2.983948370702670191e-13
5.208499999999999908e+00 2.968447622526072102e-13
5.209000000000000519e+00 2.953025919736684053e-13
5.209500000000000242e+00 2.937682867058992815e-13
5.209999999999999964e+00 2.922418071153346792e-13
5.210499999999999687e+00 2.907231140606812300e-13
5.211000000000000298e+00 2.892121685923907170e-13
5.211500000000000021e+00 2.877089319517499433e-13
5.211999999999999744e+00 2.862133655699514668e-13
5.212500000000000355e+00 2.847254310671899317e-13
5.213000000000000078e+00 2.832450902517663263e-13
5.213499999999999801e+00 2.817723051191667952e-13
5.214000000000000412e+00 2.803070378511773990e-13
5.214500000000000135e+00 2.788492508149960962e-13
5.214999999999999858e+00 2.773989065623293781e-13
5.215500000000000469e+00 2.759559678285134899e-13
5.216000000000000192e+00 2.745203975316426198e-13
5.216499999999999915e+00 2.730921587716772966e-13
5.217000000000000526e+00 2.716712148295779304e-13
5.217500000000000249e+00 2.702575291664452191e-13
5.217999999999999972e+00 2.688510654226408146e-13
5.218499999999999694e+00 2.674517874169351512e-13
5.219000000000000306e+00 2.660596591456502251e-13
5.219500000000000028e+00 2.646746447818106032e-13
5.219999999999999751e+00 2.632967086742891312e-13
5.220500000000000362e+00 2.619258153469603658e-13
5.221000000000000085e+00 2.605619294978763224e-13
5.221499999999999808e+00 2.592050159984084466e-13
5.222000000000000419e+00 2.578550398924275526e-13
5.222500000000000142e+00 2.565119663954803788e-13
5.222999999999999865e+00 2.551757608939486234e-13
5.223500000000000476e+00 2.538463889442399906e-13
5.224000000000000199e+00 2.525238162719720154e-13
5.224499999999999922e+00 2.512080087711516995e-13
5.225000000000000533e+00 2.498989325033682217e-13
5.225500000000000256e+00 2.485965536969970600e-13
5.225999999999999979e+00 2.473008387463811413e-13
5.226499999999999702e+00 2.460117542110467258e-13
5.227000000000000313e+00 2.447292668149007131e-13
5.227500000000000036e+00 2.434533434454510203e-13
5.227999999999999758e+00 2.421839511530056040e-13
5.228500000000000369e+00 2.409210571498981907e-13
5.229000000000000092e+00 2.396646288097113299e-13
5.229499999999999815e+00 2.384146336664914219e-13
5.230000000000000426e+00 2.371710394139798992e-13
5.230500000000000149e+00 2.359338139048557188e-13
5.230999999999999872e+00 2.347029251499528623e-13
5.231500000000000483e+00 2.334783413175066646e-13
5.232000000000000206e+00 2.322600307324062010e-13
5.232499999999999929e+00 2.310479618754223900e-13
5.233000000000000540e+00 2.298421033824653783e-13
5.233500000000000263e+00 2.286424240438468237e-13
5.233999999999999986e+00 2.274488928035187514e-13
5.234499999999999709e+00 2.262614787583463883e-13
5.235000000000000320e+00 2.250801511573644124e-13
5.235500000000000043e+00 2.239048794010541291e-13
5.235999999999999766e+00 2.227356330405988115e-13
5.236500000000000377e+00 2.215723817771671373e-13
5.237000000000000099e+00 2.204150954611939747e-13
5.237499999999999822e+00 2.192637440916504145e-13
5.238000000000000433e+00 2.181182978153321802e-13
5.238500000000000156e+00 2.169787269261541966e-13
5.238999999999999879e+00 2.158450018644295079e-13
5.239500000000000490e+00 2.147170932161681889e-13
5.240000000000000213e+00 2.135949717123814302e-13
5.240499999999999936e+00 2.124786082283710089e-13
5.241000000000000547e+00 2.113679737830377155e-13
5.241500000000000270e+00 2.102630395381953863e-13
5.241999999999999993e+00 2.091637767978702684e-13
5.242499999999999716e+00 2.080701570076208323e-13
5.243000000000000327e+00 2.069821517538532427e-13
5.243500000000000050e+00 2.058997327631482644e-13
5.243999999999999773e+00 2.048228719015714319e-13
5.244500000000000384e+00 2.037515411740092197e-13
5.245000000000000107e+00 2.026857127234998107e-13
5.245499999999999829e+00 2.016253588305606080e-13
5.246000000000000441e+00 2.005704519125232440e-13
5.246500000000000163e+00 1.995209645228841399e-13
5.246999999999999886e+00 1.984768693506341123e-13
5.247500000000000497e+00 1.974381392196059795e-13
5.248000000000000220e+00 1.964047470878337029e-13
5.248499999999999943e+00 1.953766660468906025e-13
5.248999999999999666e+00 1.943538693212511750e-13
5.249500000000000277e+00 1.933363302676453126e-13
5.250000000000000000e+00 1.923240223744266594e-13
5.250499999999999723e+00 1.913169192609261243e-13
5.251000000000000334e+00 1.903149946768221296e-13
5.251500000000000057e+00 1.893182225015192162e-13
5.251999999999999780e+00 1.883265767435064789e-13
5.252500000000000391e+00 1.873400315397403107e-13
5.253000000000000114e+00 1.863585611550282334e-13
5.253499999999999837e+00 1.853821399813998535e-13
5.254000000000000448e+00 1.844107425374980887e-13
5.254500000000000171e+00 1.834443434679687284e-13
5.254999999999999893e+00 1.824829175428425222e-13
5.255500000000000504e+00 1.815264396569347621e-13
5.256000000000000227e+00 1.805748848292422897e-13
5.256499999999999950e+00 1.796282282023381056e-13
5.256999999999999673e+00 1.786864450417737534e-13
5.257500000000000284e+00 1.777495107354853140e-13
5.258000000000000007e+00 1.768174007932051801e-13
5.258499999999999730e+00 1.758900908458634563e-13
5.259000000000000341e+00 1.749675566450048075e-13
5.259500000000000064e+00 1.740497740622105083e-13
5.259999999999999787e+00 1.731367190885052192e-13
5.260500000000000398e+00 1.722283678337856999e-13
5.261000000000000121e+00 1.713246965262479575e-13
5.261499999999999844e+00 1.704256815118055091e-13
5.262000000000000455e+00 1.695312992535224367e-13
5.262500000000000178e+00 1.686415263310512387e-13
5.262999999999999901e+00 1.677563394400584381e-13
5.263500000000000512e+00 1.668757153916653874e-13
5.264000000000000234e+00 1.659996311118966469e-13
5.264499999999999957e+00 1.651280636411076876e-13
5.264999999999999680e+00 1.642609901334436702e-13
5.265500000000000291e+00 1.633983878562779016e-13
5.266000000000000014e+00 1.625402341896742996e-13
5.266499999999999737e+00 1.616865066258270610e-13
5.267000000000000348e+00 1.608371827685245651e-13
5.267500000000000071e+00 1.599922403326110797e-13
5.267999999999999794e+00 1.591516571434376638e-13
5.268500000000000405e+00 1.583154111363332644e-13
5.269000000000000128e+00 1.574834803560714723e-13
5.269499999999999851e+00 1.566558429563347019e-13
5.270000000000000462e+00 1.558324771991872579e-13
5.270500000000000185e+00 1.550133614545523138e-13
5.270999999999999908e+00 1.541984741996832365e-13
5.271500000000000519e+00 1.533877940186434934e-13
5.272000000000000242e+00 1.525812996017938802e-13
5.272499999999999964e+00 1.517789697452657637e-13
5.272999999999999687e+00 1.509807833504554790e-13
5.273500000000000298e+00 1.501867194235074420e-13
5.274000000000000021e+00 1.493967570748138482e-13
5.274499999999999744e+00 1.486108755184965990e-13
5.275000000000000355e+00 1.478290540719088678e-13
5.275500000000000078e+00 1.470512721551371712e-13
5.275999999999999801e+00 1.462775092904937461e-13
5.276500000000000412e+00 1.455077451020247807e-13
5.277000000000000135e+00 1.447419593150171800e-13
5.277499999999999858e+00 1.439801317555002338e-13
5.278000000000000469e+00 1.432222423497600816e-13
5.278500000000000192e+00 1.424682711238532445e-13
5.278999999999999915e+00 1.417181982031176828e-13
5.279500000000000526e+00 1.409720038116887760e-13
5.280000000000000249e+00 1.402296682720271175e-13
5.280499999999999972e+00 1.394911720044286630e-13
5.280999999999999694e+00 1.387564955265564629e-13
5.281500000000000306e+00 1.380256194529623222e-13
5.282000000000000028e+00 1.372985244946216126e-13
5.282499999999999751e+00 1.365751914584545030e-13
5.283000000000000362e+00 1.358556012468646845e-13
5.283500000000000085e+00 1.351397348572768831e-13
5.283999999999999808e+00 1.344275733816673296e-13
5.284500000000000419e+00 1.337190980061060692e-13
5.285000000000000142e+00 1.330142900103031073e-13
5.285499999999999865e+00 1.323131307671449383e-13
5.286000000000000476e+00 1.316156017422434936e-13
5.286500000000000199e+00 1.309216844934886240e-13
5.286999999999999922e+00 1.302313606705907373e-13
5.287500000000000533e+00 1.295446120146382282e-13
5.288000000000000256e+00 1.288614203576531918e-13
5.288499999999999979e+00 1.281817676221432498e-13
5.288999999999999702e+00 1.275056358206636001e-13
5.289500000000000313e+00 1.268330070553774255e-13
5.290000000000000036e+00 1.261638635176208467e-13
5.290499999999999758e+00 1.254981874874647697e-13
5.291000000000000369e+00 1.248359613332812774e-13
5.291500000000000092e+00 1.241771675113199926e-13
5.291999999999999815e+00 1.235217885652713643e-13
5.292500000000000426e+00 1.228698071258414152e-13
5.293000000000000149e+00 1.222212059103336577e-13
5.293499999999999872e+00 1.215759677222187168e-13
5.294000000000000483e+00 1.209340754507149339e-13
5.294500000000000206e+00 1.202955120703764928e-13
5.294999999999999929e+00 1.196602606406684195e-13
5.295500000000000540e+00 1.190283043055552384e-13
5.296000000000000263e+00 1.183996262930924816e-13
5.296499999999999986e+00 1.177742099150081249e-13
5.296999999999999709e+00 1.171520385662996510e-13
5.297500000000000320e+00 1.165330957248254569e-13
5.298000000000000043e+00 1.159173649509023205e-13
5.298499999999999766e+00 1.153048298868978437e-13
5.299000000000000377e+00 1.146954742568330174e-13
5.299500000000000099e+00 1.140892818659846108e-13
5.299999999999999822e+00 1.134862366004830165e-13
5.300500000000000433e+00 1.128863224269208993e-13
5.301000000000000156e+00 1.122895233919609120e-13
5.301499999999999879e+00 1.116958236219395100e-13
5.302000000000000490e+00 1.111052073224810283e-13
5.302500000000000213e+00 1.105176587781106978e-13
5.302999999999999936e+00 1.099331623518660585e-13
5.303500000000000547e+00 1.093517024849121725e-13
5.304000000000000270e+00 1.087732636961660880e-13
5.304499999999999993e+00 1.081978305819075587e-13
5.304999999999999716e+00 1.076253878154067392e-13
5.305500000000000327e+00 1.070559201465439668e-13
5.306000000000000050e+00 1.064894124014398677e-13
5.306499999999999773e+00 1.059258494820745581e-13
5.307000000000000384e+00 1.053652163659224456e-13
5.307500000000000107e+00 1.048074981055826514e-13
5.307999999999999829e+00 1.042526798284055569e-13
5.308500000000000441e+00 1.037007467361324521e-13
5.309000000000000163e+00 1.031516841045308170e-13
5.309499999999999886e+00 1.026054772830281635e-13
5.310000000000000497e+00 1.020621116943529844e-13
5.310500000000000220e+00 1.015215728341790839e-13
5.310999999999999943e+00 1.009838462707627017e-13
5.311500000000000554e+00 1.004489176445887626e-13
5.312000000000000277e+00 9.991677266802151853e-14
5.312500000000000000e+00 9.938739712494481511e-14
5.312999999999999723e+00 9.886077687041593958e-14
5.313500000000000334e+00 9.833689783031589672e-14
5.314000000000000057e+00 9.781574600100368574e-14
5.314499999999999780e+00 9.729730744896791415e-14
5.315000000000000391e+00 9.678156831048407865e-14
5.315500000000000114e+00 9.626851479127429474e-14
5.315999999999999837e+00 9.575813316616361841e-14
5.316500000000000448e+00 9.525040977874192146e-14
5.317000000000000171e+00 9.474533104103007075e-14
5.317499999999999893e+00 9.424288343313800437e-14
5.318000000000000504e+00 9.374305350293449552e-14
5.318500000000000227e+00 9.324582786571652513e-14
5.318999999999999950e+00 9.275119320387347956e-14
5.319499999999999673e+00 9.225913626656100391e-14
5.320000000000000284e+00 9.176964386937154852e-14
5.320500000000000007e+00 9.128270289401179422e-14
5.320999999999999730e+00 9.079830028797289590e-14
5.321500000000000341e+00 9.031642306421064670e-14
5.322000000000000064e+00 8.983705830082493548e-14
5.322499999999999787e+00 8.936019314073598561e-14
5.323000000000000398e+00 8.888581479136887380e-14
5.323500000000000121e+00 8.841391052433746816e-14
5.323999999999999844e+00 8.794446767512541293e-14
5.324500000000000455e+00 8.747747364277506479e-14
5.325000000000000178e+00 8.701291588957576030e-14
5.325499999999999901e+00 8.655078194075082112e-14
5.326000000000000512e+00 8.609105938414765160e-14
5.326500000000000234e+00 8.563373586993501815e-14
5.326999999999999957e+00 8.517879911028975150e-14
5.327499999999999680e+00 8.472623687909656310e-14
5.328000000000000291e+00 8.427603701164210589e-14
5.328500000000000014e+00 8.382818740431668392e-14
5.328999999999999737e+00 8.338267601430789664e-14
5.329500000000000348e+00 8.293949085930626124e-14
5.330000000000000071e+00 8.249862001720759122e-14
5.330499999999999794e+00 8.206005162581234571e-14
5.331000000000000405e+00 8.162377388253531607e-14
5.331500000000000128e+00 8.118977504411187928e-14
5.331999999999999851e+00 8.075804342630317856e-14
5.332500000000000462e+00 8.032856740360705950e-14
5.333000000000000185e+00 7.990133540897145478e-14
5.333499999999999908e+00 7.947633593350234159e-14
5.334000000000000519e+00 7.905355752617886812e-14
5.334500000000000242e+00 7.863298879357193854e-14
5.334999999999999964e+00 7.821461839955471993e-14
5.335499999999999687e+00 7.779843506502376422e-14
5.336000000000000298e+00 7.738442756761759306e-14
5.336500000000000021e+00 7.697258474143816053e-14
5.336999999999999744e+00 7.656289547677081381e-14
5.337500000000000355e+00 7.615534871980684137e-14
5.338000000000000078e+00 7.574993347237239506e-14
5.338499999999999801e+00 7.534663879164903146e-14
5.339000000000000412e+00 7.494545378990308839e-14
5.339500000000000135e+00 7.454636763421544007e-14
5.339999999999999858e+00 7.414936954620882897e-14
5.340500000000000469e+00 7.375444880177948900e-14
5.341000000000000192e+00 7.336159473083239115e-14
5.341499999999999915e+00 7.297079671700990063e-14
5.342000000000000526e+00 7.258204419742982451e-14
5.342500000000000249e+00 7.219532666242292932e-14
5.342999999999999972e+00 7.181063365526681095e-14
5.343499999999999694e+00 7.142795477192695892e-14
5.344000000000000306e+00 7.104727966079519537e-14
5.344500000000000028e+00 7.066859802243480354e-14
5.344999999999999751e+00 7.029189960931769197e-14
5.345500000000000362e+00 6.991717422557040652e-14
5.346000000000000085e+00 6.954441172672214925e-14
5.346499999999999808e+00 6.917360201944579225e-14
5.347000000000000419e+00 6.880473506130746161e-14
5.347500000000000142e+00 6.843780086051830502e-14
5.347999999999999865e+00 6.807278947567883769e-14
5.348500000000000476e+00 6.770969101553354982e-14
5.349000000000000199e+00 6.734849563872338099e-14
5.349499999999999922e+00 6.698919355353752560e-14
5.350000000000000533e+00 6.663177501766769950e-14
5.350500000000000256e+00 6.627623033796797289e-14
5.350999999999999979e+00 6.592254987020639906e-14
5.351499999999999702e+00 6.557072401882699294e-14
5.352000000000000313e+00 6.522074323670707749e-14
5.352500000000000036e+00 6.487259802492052446e-14
5.352999999999999758e+00 6.452627893249603477e-14
5.353500000000000369e+00 6.418177655618146479e-14
5.354000000000000092e+00 6.383908154020974283e-14
5.354499999999999815e+00 6.349818457606072157e-14
5.355000000000000426e+00 6.315907640222854609e-14
5.355500000000000149e+00 6.282174780399224053e-14
5.355999999999999872e+00 6.248618961317841868e-14
5.356500000000000483e+00 6.215239270793543001e-14
5.357000000000000206e+00 6.182034801250365595e-14
5.357499999999999929e+00 6.149004649698518779e-14
5.358000000000000540e+00 6.116147917711774539e-14
5.358500000000000263e+00 6.083463711405158739e-14
5.358999999999999986e+00 6.050951141412007254e-14
5.359499999999999709e+00 6.018609322861861460e-14
5.360000000000000320e+00 5.986437375358135263e-14
5.360500000000000043e+00 5.954434422956150690e-14
5.360999999999999766e+00 5.922599594140707731e-14
5.361500000000000377e+00 5.890932021804393821e-14
5.362000000000000099e+00 5.859430843225874390e-14
5.362499999999999822e+00 5.828095200047787080e-14
5.363000000000000433e+00 5.796924238255366779e-14
5.363500000000000156e+00 5.765917108155026463e-14
5.363999999999999879e+00 5.735072964352657846e-14
5.364500000000000490e+00 5.704390965732435629e-14
5.365000000000000213e+00 5.673870275435821182e-14
5.365499999999999936e+00 5.643510060840061983e-14
5.366000000000000547e+00 5.613309493537439523e-14
5.366500000000000270e+00 5.583267749314460422e-14
5.366999999999999993e+00 5.553384008130783113e-14
5.367499999999999716e+00 5.523657454098691047e-14
5.368000000000000327e+00 5.494087275462382260e-14
5.368500000000000050e+00 5.464672664577760014e-14
5.368999999999999773e+00 5.435412817891604347e-14
5.369500000000000384e+00 5.406306935921546366e-14
5.370000000000000107e+00 5.377354223235901804e-14
5.370499999999999829e+00 5.348553888433339871e-14
5.371000000000000441e+00 5.319905144123044341e-14
5.371500000000000163e+00 5.291407206904850674e-14
5.371999999999999886e+00 5.263059297349292247e-14
5.372500000000000497e+00 5.234860639977851065e-14
5.373000000000000220e+00 5.206810463243658437e-14
5.373499999999999943e+00 5.178907999511534903e-14
5.374000000000000554e+00 5.151152485038807658e-14
5.374500000000000277e+00 5.123543159956081282e-14
5.375000000000000000e+00 5.096079268247665152e-14
5.375499999999999723e+00 5.068760057732703259e-14
5.376000000000000334e+00 5.041584780045953138e-14
5.376500000000000057e+00 5.014552690619040010e-14
5.376999999999999780e+00 4.987663048661314598e-14
5.377500000000000391e+00 4.960915117141169114e-14
5.378000000000000114e+00 4.934308162767596845e-14
5.378499999999999837e+00 4.907841455971132015e-14
5.379000000000000448e+00 4.881514270885700933e-14
5.379500000000000171e+00 4.855325885330171483e-14
5.379999999999999893e+00 4.829275580789844555e-14
5.380500000000000504e+00 4.803362642398298253e-14
5.381000000000000227e+00 4.777586358919453613e-14
5.381499999999999950e+00 4.751946022729158179e-14
5.381999999999999673e+00 4.726440929797420847e-14
5.382500000000000284e+00 4.701070379670489582e-14
5.383000000000000007e+00 4.675833675453124133e-14
5.383499999999999730e+00 4.650730123790746951e-14
5.384000000000000341e+00 4.625759034851856643e-14
5.384500000000000064e+00 4.600919722310669869e-14
5.384999999999999787e+00 4.576211503329350523e-14
5.385500000000000398e+00 4.551633698540845376e-14
5.386000000000000121e+00 4.527185632031693223e-14
5.386499999999999844e+00 4.502866631324532993e-14
5.387000000000000455e+00 4.478676027361185528e-14
5.387500000000000178e+00 4.454613154485698745e-14
5.387999999999999901e+00 4.430677350427172566e-14
5.388500000000000512e+00 4.406867956282992777e-14
5.389000000000000234e+00 4.383184316502185434e-14
5.389499999999999957e+00 4.359625778868477811e-14
5.389999999999999680e+00 4.336191694483821303e-14
5.390500000000000291e+00 4.312881417751752143e-14
5.391000000000000014e+00 4.289694306361172421e-14
5.391499999999999737e+00 4.266629721269638852e-14
5.392000000000000348e+00 4.243687026687206908e-14
5.392500000000000071e+00 4.220865590060392960e-14
5.392999999999999794e+00 4.198164782055697812e-14
5.393500000000000405e+00 4.175583976543758168e-14
5.394000000000000128e+00 4.153122550583395240e-14
5.394499999999999851e+00 4.130779884405523241e-14
5.395000000000000462e+00 4.108555361397447900e-14
5.395500000000000185e+00 4.086448368087216726e-14
5.395999999999999908e+00 4.064458294127675809e-14
5.396500000000000519e+00 4.042584532281072522e-14
5.397000000000000242e+00 4.020826478403542095e-14
5.397499999999999964e+00 3.999183531429547492e-14
5.397999999999999687e+00 3.977655093356584345e-14
5.398500000000000298e+00 3.956240569229827827e-14
5.399000000000000021e+00 3.934939367127068566e-14
5.399499999999999744e+00 3.913750898143355097e-14
5.400000000000000355e+00 3.892674576376009297e-14
5.400500000000000078e+00 3.871709818909751619e-14
5.400999999999999801e+00 3.850856045801567584e-14
5.401500000000000412e+00 3.830112680065943467e-14
5.402000000000000135e+00 3.809479147660206727e-14
5.402499999999999858e+00 3.788954877469602662e-14
5.403000000000000469e+00 3.768539301292795137e-14
5.403500000000000192e+00 3.748231853827345869e-14
5.403999999999999915e+00 3.728031972655070012e-14
5.404500000000000526e+00 3.707939098227675732e-14
5.405000000000000249e+00 3.687952673852579227e-14
5.405499999999999972e+00 3.668072145678352449e-14
5.405999999999999694e+00 3.648296962680666871e-14
5.406500000000000306e+00 3.628626576648117335e-14
5.407000000000000028e+00 3.609060442168263633e-14
5.407499999999999751e+00 3.589598016613398197e-14
5.408000000000000362e+00 3.570238760126763120e-14
5.408500000000000085e+00 3.550982135608751396e-14
5.408999999999999808e+00 3.531827608702930207e-14
5.409500000000000419e+00 3.512774647782384156e-14
5.410000000000000142e+00 3.493822723936180940e-14
5.410499999999999865e+00 3.474971310955534733e-14
5.411000000000000476e+00 3.456219885320430254e-14
5.411500000000000199e+00 3.437567926186215294e-14
5.411999999999999922e+00 3.419014915370036091e-14
5.412500000000000533e+00 3.400560337337576261e-14
5.413000000000000256e+00 3.382203679189903021e-14
5.413499999999999979e+00 3.363944430650079269e-14
5.413999999999999702e+00 3.345782084050129710e-14
5.414500000000000313e+00 3.327716134317952075e-14
5.415000000000000036e+00 3.309746078964370335e-14
5.415499999999999758e+00 3.291871418070047816e-14
5.416000000000000369e+00 3.274091654272713334e-14
5.416500000000000092e+00 3.256406292754366496e-14
5.416999999999999815e+00 3.238814841228441360e-14
5.417500000000000426e+00 3.221316809927090629e-14
5.418000000000000149e+00 3.203911711588753831e-14
5.418499999999999872e+00 3.186599061445324132e-14
5.419000000000000483e+00 3.169378377209789093e-14
5.419500000000000206e+00 3.152249179063858177e-14
5.419999999999999929e+00 3.135210989645371266e-14
5.420500000000000540e+00 3.118263334036125590e-14
5.421000000000000263e+00 3.101405739749620616e-14
5.421499999999999986e+00 3.084637736718771383e-14
5.421999999999999709e+00 3.067958857283819994e-14
5.422500000000000320e+00 3.051368636180205462e-14
5.423000000000000043e+00 3.034866610526666425e-14
5.423499999999999766e+00 3.018452319813110358e-14
5.424000000000000377e+00 3.002125305888774981e-14
5.424500000000000099e+00 2.985885112950475492e-14
5.424999999999999822e+00 2.969731287530649854e-14
5.425500000000000433e+00 2.953663378485727830e-14
5.426000000000000156e+00 2.937680936984494969e-14
5.426499999999999879e+00 2.921783516496359404e-14
5.427000000000000490e+00 2.905970672779835116e-14
5.427500000000000213e+00 2.890241963871176022e-14
5.427999999999999936e+00 2.874596950072712196e-14
5.428500000000000547e+00 2.859035193941556537e-14
5.429000000000000270e+00 2.843556260278391583e-14
5.429499999999999993e+00 2.828159716115980855e-14
5.429999999999999716e+00 2.812845130708068011e-14
5.430500000000000327e+00 2.797612075518180696e-14
5.431000000000000050e+00 2.782460124208598798e-14
5.431499999999999773e+00 2.767388852629158933e-14
5.432000000000000384e+00 2.752397838806311367e-14
5.432500000000000107e+00 2.737486662932269079e-14
5.432999999999999829e+00 2.722654907353930570e-14
5.433500000000000441e+00 2.707902156562153886e-14
5.434000000000000163e+00 2.693227997181018008e-14
5.434499999999999886e+00 2.678632017956954556e-14
5.435000000000000497e+00 2.664113809748124049e-14
5.435500000000000220e+00 2.649672965513872928e-14
5.435999999999999943e+00 2.635309080304016095e-14
5.436500000000000554e+00 2.621021751248367787e-14
5.437000000000000277e+00 2.606810577546355740e-14
5.437500000000000000e+00 2.592675160456458033e-14
5.437999999999999723e+00 2.578615103285910974e-14
5.438500000000000334e+00 2.564630011380380388e-14
5.439000000000000057e+00 2.550719492113740819e-14
5.439499999999999780e+00 2.536883154877748077e-14
5.440000000000000391e+00 2.523120611071947501e-14
5.440500000000000114e+00 2.509431474093620085e-14
5.440999999999999837e+00 2.495815359327553787e-14
5.441500000000000448e+00 2.482271884136145854e-14
5.442000000000000171e+00 2.468800667849440770e-14
5.442499999999999893e+00 2.455401331755153686e-14
5.443000000000000504e+00 2.442073499088783161e-14
5.443500000000000227e+00 2.428816795023928988e-14
5.443999999999999950e+00 2.415630846662366758e-14
5.444499999999999673e+00 2.402515283024364107e-14
5.445000000000000284e+00 2.389469735039051575e-14
5.445500000000000007e+00 2.376493835534801336e-14
5.445999999999999730e+00 2.363587219229562076e-14
5.446500000000000341e+00 2.350749522721368052e-14
5.447000000000000064e+00 2.337980384478929869e-14
5.447499999999999787e+00 2.325279444832070654e-14
5.448000000000000398e+00 2.312646345962372052e-14
5.448500000000000121e+00 2.300080731893939822e-14
5.448999999999999844e+00 2.287582248483928042e-14
5.449500000000000455e+00 2.275150543413369704e-14
5.450000000000000178e+00 2.262785266178030660e-14
5.450499999999999901e+00 2.250486068079120628e-14
5.451000000000000512e+00 2.238252602214255054e-14
5.451500000000000234e+00 2.226084523468406564e-14
5.451999999999999957e+00 2.213981488504781625e-14
5.452499999999999680e+00 2.201943155755926618e-14
5.453000000000000291e+00 2.189969185414726300e-14
5.453500000000000014e+00 2.178059239425609268e-14
5.453999999999999737e+00 2.166212981475552102e-14
5.454500000000000348e+00 2.154430076985365930e-14
5.455000000000000071e+00 2.142710193100970989e-14
5.455499999999999794e+00 2.131052998684570535e-14
5.456000000000000405e+00 2.119458164306021022e-14
5.456500000000000128e+00 2.107925362234272958e-14
5.456999999999999851e+00 2.096454266428640114e-14
5.457500000000000462e+00 2.085044552530337247e-14
5.458000000000000185e+00 2.073695897854016262e-14
5.458499999999999908e+00 2.062407981379195072e-14
5.459000000000000519e+00 2.051180483741881166e-14
5.459500000000000242e+00 2.040013087226260165e-14
5.459999999999999964e+00 2.028905475756244282e-14
5.460499999999999687e+00 2.017857334887235038e-14
5.461000000000000298e+00 2.006868351797860418e-14
5.461500000000000021e+00 1.995938215281788385e-14
5.461999999999999744e+00 1.985066615739500328e-14
5.462500000000000355e+00 1.974253245170145909e-14
5.463000000000000078e+00 1.963497797163568000e-14
5.463499999999999801e+00 1.952799966892087798e-14
5.464000000000000412e+00 1.942159451102582140e-14
5.464500000000000135e+00 1.931575948108551345e-14
5.464999999999999858e+00 1.921049157782061477e-14
5.465500000000000469e+00 1.910578781545936828e-14
5.466000000000000192e+00 1.900164522365912964e-14
5.466499999999999915e+00 1.889806084742764519e-14
5.467000000000000526e+00 1.879503174704547227e-14
5.467500000000000249e+00 1.869255499798899899e-14
5.467999999999999972e+00 1.859062769085282346e-14
5.468499999999999694e+00 1.848924693127345519e-14
5.469000000000000306e+00 1.838840983985282398e-14
5.469500000000000028e+00 1.828811355208310144e-14
5.469999999999999751e+00 1.818835521827025410e-14
5.470500000000000362e+00 1.808913200345924045e-14
5.471000000000000085e+00 1.799044108736010727e-14
5.471499999999999808e+00 1.789227966427226218e-14
5.472000000000000419e+00 1.779464494301111902e-14
5.472500000000000142e+00 1.769753414683495466e-14
5.472999999999999865e+00 1.760094451337064564e-14
5.473500000000000476e+00 1.750487329454137382e-14
5.474000000000000199e+00 1.740931775649427834e-14
5.474499999999999922e+00 1.731427517952751755e-14
5.475000000000000533e+00 1.721974285801900965e-14
5.475500000000000256e+00 1.712571810035507861e-14
5.475999999999999979e+00 1.703219822885892342e-14
5.476499999999999702e+00 1.693918057971990149e-14
5.477000000000000313e+00 1.684666250292326632e-14
5.477500000000000036e+00 1.675464136218051112e-14
5.477999999999999758e+00 1.666311453485888883e-14
5.478500000000000369e+00 1.657207941191216273e-14
5.479000000000000092e+00 1.648153339781249620e-14
5.479499999999999815e+00 1.639147391048063537e-14
5.480000000000000426e+00 1.630189838121799768e-14
5.480500000000000149e+00 1.621280425463920530e-14
5.480999999999999872e+00 1.612418898860355842e-14
5.481500000000000483e+00 1.603605005414806721e-14
5.482000000000000206e+00 1.594838493542098245e-14
5.482499999999999929e+00 1.586119112961428160e-14
5.483000000000000540e+00 1.577446614689772326e-14
5.483500000000000263e+00 1.568820751035332748e-14
5.483999999999999986e+00 1.560241275590890004e-14
5.484499999999999709e+00 1.551707943227314707e-14
5.485000000000000320e+00 1.543220510087055618e-14
5.485500000000000043e+00 1.534778733577719892e-14
5.485999999999999766e+00 1.526382372365539420e-14
5.486500000000000377e+00 1.518031186369038796e-14
5.487000000000000099e+00 1.509724936752666375e-14
5.487499999999999822e+00 1.501463385920418063e-14
5.488000000000000433e+00 1.493246297509517284e-14
5.488500000000000156e+00 1.485073436384228729e-14
5.488999999999999879e+00 1.476944568629490039e-14
5.489500000000000490e+00 1.468859461544765320e-14
5.490000000000000213e+00 1.460817883637889185e-14
5.490499999999999936e+00 1.452819604618844539e-14
5.491000000000000547e+00 1.444864395393649531e-14
5.491500000000000270e+00 1.436952028058347386e-14
5.491999999999999993e+00 1.429082275892842245e-14
5.492499999999999716e+00 1.421254913354923700e-14
5.493000000000000327e+00 1.413469716074237375e-14
5.493500000000000050e+00 1.405726460846370988e-14
5.493999999999999773e+00 1.398024925626831722e-14
5.494500000000000384e+00 1.390364889525185925e-14
5.495000000000000107e+00 1.382746132799190469e-14
5.495499999999999829e+00 1.375168436848885908e-14
5.496000000000000441e+00 1.367631584210793623e-14
5.496500000000000163e+00 1.360135358552184112e-14
5.496999999999999886e+00 1.352679544665209449e-14
5.497500000000000497e+00 1.345263928461210383e-14
5.498000000000000220e+00 1.337888296965065732e-14
5.498499999999999943e+00 1.330552438309407666e-14
5.499000000000000554e+00 1.323256141729037357e-14
5.499500000000000277e+00 1.315999197555311448e-14
5.500000000000000000e+00 1.308781397210490339e-14
5.500499999999999723e+00 1.301602533202223572e-14
5.501000000000000334e+00 1.294462399117972903e-14
5.501500000000000057e+00 1.287360789619557169e-14
5.501999999999999780e+00 1.280297500437598237e-14
5.502500000000000391e+00 1.273272328366093953e-14
5.503000000000000114e+00 1.266285071257032747e-14
5.503499999999999837e+00 1.259335528014906478e-14
5.504000000000000448e+00 1.252423498591385777e-14
5.504500000000000171e+00 1.245548783980015271e-14
5.504999999999999893e+00 1.238711186210781967e-14
5.505500000000000504e+00 1.231910508344908922e-14
5.506000000000000227e+00 1.225146554469578396e-14
5.506499999999999950e+00 1.218419129692646326e-14
5.506999999999999673e+00 1.211728040137460933e-14
5.507500000000000284e+00 1.205073092937648504e-14
5.508000000000000007e+00 1.198454096232013253e-14
5.508499999999999730e+00 1.191870859159306379e-14
5.509000000000000341e+00 1.185323191853168844e-14
5.509500000000000064e+00 1.178810905437071298e-14
5.509999999999999787e+00 1.172333812019176227e-14
5.510500000000000398e+00 1.165891724687358511e-14
5.511000000000000121e+00 1.159484457504198047e-14
5.511499999999999844e+00 1.153111825501965588e-14
5.512000000000000455e+00 1.146773644677655765e-14
5.512500000000000178e+00 1.140469731988115712e-14
5.512999999999999901e+00 1.134199905345057727e-14
5.513500000000000512e+00 1.127963983610201624e-14
5.514000000000000234e+00 1.121761786590453536e-14
5.514499999999999957e+00 1.115593135032992251e-14
5.514999999999999680e+00 1.109457850620517277e-14
5.515500000000000291e+00 1.103355755966422906e-14
5.516000000000000014e+00 1.097286674610082557e-14
5.516499999999999737e+00 1.091250431012043198e-14
5.517000000000000348e+00 1.085246850549348820e-14
5.517500000000000071e+00 1.079275759510858386e-14
5.517999999999999794e+00 1.073336985092529237e-14
5.518500000000000405e+00 1.067430355392805564e-14
5.519000000000000128e+00 1.061555699408006889e-14
5.519499999999999851e+00 1.055712847027686090e-14
5.520000000000000462e+00 1.049901629030068048e-14
5.520500000000000185e+00 1.044121877077544466e-14
5.520999999999999908e+00 1.038373423712060764e-14
5.521500000000000519e+00 1.032656102350659808e-14
5.522000000000000242e+00 1.026969747281004016e-14
5.522499999999999964e+00 1.021314193656867178e-14
5.522999999999999687e+00 1.015689277493735927e-14
5.523500000000000298e+00 1.010094835664360716e-14
5.524000000000000021e+00 1.004530705894403835e-14
5.524499999999999744e+00 9.989967267580105866e-15
5.525000000000000355e+00 9.934927376734800166e-15
5.525500000000000078e+00 9.880185788989690937e-15
5.525999999999999801e+00 9.825740915281176873e-15
5.526500000000000412e+00 9.771591174858003928e-15
5.527000000000000135e+00 9.717734995238960292e-15
5.527499999999999858e+00 9.664170812169607366e-15
5.528000000000000469e+00 9.610897069580569531e-15
5.528500000000000192e+00 9.557912219545838115e-15
5.528999999999999915e+00 9.505214722240108223e-15
5.529500000000000526e+00 9.452803045897873135e-15
5.530000000000000249e+00 9.400675666771974406e-15
5.530499999999999972e+00 9.348831069092088846e-15
5.530999999999999694e+00 9.297267745023999631e-15
5.531500000000000306e+00 9.245984194628810621e-15
5.532000000000000028e+00 9.194978925822503033e-15
5.532499999999999751e+00 9.144250454335376950e-15
5.533000000000000362e+00 9.093797303671824148e-15
5.533500000000000085e+00 9.043618005070911871e-15
5.533999999999999808e+00 8.993711097466043639e-15
5.534500000000000419e+00 8.944075127445527251e-15
5.535000000000000142e+00 8.894708649213699712e-15
5.535499999999999865e+00 8.845610224551206517e-15
5.536000000000000476e+00 8.796778422776153402e-15
5.536500000000000199e+00 8.748211820705818190e-15
5.536999999999999922e+00 8.699909002617502784e-15
5.537500000000000533e+00 8.651868560210379119e-15
5.538000000000000256e+00 8.604089092567642768e-15
5.538499999999999979e+00 8.556569206117929760e-15
5.538999999999999702e+00 8.509307514598006611e-15
5.539500000000000313e+00 8.462302639014857669e-15
5.540000000000000036e+00 8.415553207608768006e-15
5.540499999999999758e+00 8.369057855815470710e-15
5.541000000000000369e+00 8.322815226229384392e-15
5.541500000000000092e+00 8.276823968567128371e-15
5.541999999999999815e+00 8.231082739630244259e-15
5.542500000000000426e+00 8.185590203268980938e-15
5.543000000000000149e+00 8.140345030346365099e-15
5.543499999999999872e+00 8.095345898701476614e-15
5.544000000000000483e+00 8.050591493113788864e-15
5.544500000000000206e+00 8.006080505267767820e-15
5.544999999999999929e+00 7.961811633716685415e-15
5.545500000000000540e+00 7.917783583847628827e-15
5.546000000000000263e+00 7.873995067846328332e-15
5.546499999999999986e+00 7.830444804661929927e-15
5.546999999999999709e+00 7.787131519972179742e-15
5.547500000000000320e+00 7.744053946148799364e-15
5.548000000000000043e+00 7.701210822223184577e-15
5.548499999999999766e+00 7.658600893851692337e-15
5.549000000000000377e+00 7.616222913281658213e-15
5.549500000000000099e+00 7.574075639317658391e-15
5.549999999999999822e+00 7.532157837287301505e-15
5.550500000000000433e+00 7.490468279007743070e-15
5.551000000000000156e+00 7.449005742752477597e-15
5.551499999999999879e+00 7.407769013217627406e-15
5.552000000000000490e+00 7.366756881488976131e-15
5.552500000000000213e+00 7.325968145009249927e-15
5.552999999999999936e+00 7.285401607544925354e-15
5.553500000000000547e+00 7.245056079153729890e-15
5.554000000000000270e+00 7.204930376152514780e-15
5.554499999999999993e+00 7.165023321084419489e-15
5.554999999999999716e+00 7.125333742687034854e-15
5.555500000000000327e+00 7.085860475860361920e-15
5.556000000000000050e+00 7.046602361635216487e-15
5.556499999999999773e+00 7.007558247141134296e-15
5.557000000000000384e+00 6.968726985575203933e-15
5.557500000000000107e+00 6.930107436170752199e-15
5.557999999999999829e+00 6.891698464165986893e-15
5.558500000000000441e+00 6.853498940773014298e-15
5.559000000000000163e+00 6.815507743147264512e-15
5.559499999999999886e+00 6.777723754356318818e-15
5.560000000000000497e+00 6.740145863349654505e-15
5.560500000000000220e+00 6.702772964928399938e-15
5.560999999999999943e+00 6.665603959714661278e-15
5.561500000000000554e+00 6.628637754121730367e-15
5.562000000000000277e+00 6.591873260324263414e-15
5.562500000000000000e+00 6.555309396228169387e-15
5.562999999999999723e+00 6.518945085441200489e-15
5.563500000000000334e+00 6.482779257243323334e-15
5.564000000000000057e+00 6.446810846557739348e-15
5.564499999999999780e+00 6.411038793921215714e-15
5.565000000000000391e+00 6.375462045455266706e-15
5.565500000000000114e+00 6.340079552837526711e-15
5.565999999999999837e+00 6.304890273272547393e-15
5.566500000000000448e+00 6.269893169463396329e-15
5.567000000000000171e+00 6.235087209583480478e-15
5.567499999999999893e+00 6.200471367247748813e-15
5.568000000000000504e+00 6.166044621484843163e-15
5.568500000000000227e+00 6.131805956709099965e-15
5.568999999999999950e+00 6.097754362692517300e-15
5.569499999999999673e+00 6.063888834537046944e-15
5.570000000000000284e+00 6.030208372647036299e-15
5.570500000000000007e+00 5.996711982701931442e-15
5.570999999999999730e+00 5.963398675628655948e-15
5.571500000000000341e+00 5.930267467574564793e-15
5.572000000000000064e+00 5.897317379880599421e-15
5.572499999999999787e+00 5.864547439054060991e-15
5.573000000000000398e+00 5.831956676741980809e-15
5.573500000000000121e+00 5.799544129704676915e-15
5.573999999999999844e+00 5.767308839788941492e-15
5.574500000000000455e+00 5.735249853901815972e-15
5.575000000000000178e+00 5.703366223984544432e-15
5.575499999999999901e+00 5.671657006986179091e-15
5.576000000000000512e+00 5.640121264837716717e-15
5.576500000000000234e+00 5.608758064426539540e-15
5.576999999999999957e+00 5.577566477570291326e-15
5.577499999999999680e+00 5.546545580991556523e-15
5.578000000000000291e+00 5.515694456292383213e-15
5.578500000000000014e+00 5.485012189929052967e-15
5.578999999999999737e+00 5.454497873186767091e-15
5.579500000000000348e+00 5.424150602154560061e-15
5.580000000000000071e+00 5.393969477700685484e-15
5.580499999999999794e+00 5.363953605447469578e-15
5.581000000000000405e+00 5.334102095746707390e-15
5.581500000000000128e+00 5.304414063655395858e-15
5.581999999999999851e+00 5.274888628910958055e-15
5.582500000000000462e+00 5.245524915907085113e-15
5.583000000000000185e+00 5.216322053669739863e-15
5.583499999999999908e+00 5.187279175832768413e-15
5.584000000000000519e+00 5.158395420614184619e-15
5.584500000000000242e+00 5.129669930792467184e-15
5.584999999999999964e+00 5.101101853682613787e-15
5.585499999999999687e+00 5.072690341112742675e-15
5.586000000000000298e+00 5.044434549400545956e-15
5.586500000000000021e+00 5.016333639330235142e-15
5.586999999999999744e+00 4.988386776128954991e-15
5.587500000000000355e+00 4.960593129443882091e-15
5.588000000000000078e+00 4.932951873319379446e-15
5.588499999999999801e+00 4.905462186173945172e-15
5.589000000000000412e+00 4.878123250777467269e-15
5.589500000000000135e+00 4.850934254228896494e-15
5.589999999999999858e+00 4.823894387933359138e-15
5.590500000000000469e+00 4.797002847579929289e-15
5.591000000000000192e+00 4.770258833119551777e-15
5.591499999999999915e+00 4.743661548742508357e-15
5.592000000000000526e+00 4.717210202856592297e-15
5.592500000000000249e+00 4.690904008065267973e-15
5.592999999999999972e+00 4.664742181145563836e-15
5.593499999999999694e+00 4.638723943026542811e-15
5.594000000000000306e+00 4.612848518767634665e-15
5.594500000000000028e+00 4.587115137537354897e-15
5.594999999999999751e+00 4.561523032591529029e-15
5.595500000000000362e+00 4.536071441252267880e-15
5.596000000000000085e+00 4.510759604886943638e-15
5.596499999999999808e+00 4.485586768886730473e-15
5.597000000000000419e+00 4.460552182645977405e-15
5.597500000000000142e+00 4.435655099541333465e-15
5.597999999999999865e+00 4.410894776910851559e-15
5.598500000000000476e+00 4.386270476033439431e-15
5.599000000000000199e+00 4.361781462108470763e-15
5.599499999999999922e+00 4.337427004235137530e-15
5.600000000000000533e+00 4.313206375392207041e-15
5.600500000000000256e+00 4.289118852418012480e-15
5.600999999999999979e+00 4.265163715990018257e-15
5.601499999999999702e+00 4.241340250605003029e-15
5.602000000000000313e+00 4.217647744559103888e-15
5.602500000000000036e+00 4.194085489928153214e-15
5.602999999999999758e+00 4.170652782547707082e-15
5.603500000000000369e+00 4.147348921993625087e-15
5.604000000000000092e+00 4.124173211562653318e-15
5.604499999999999815e+00 4.101124958252765948e-15
5.605000000000000426e+00 4.078203472744035353e-15
5.605500000000000149e+00 4.055408069379503030e-15
5.605999999999999872e+00 4.032738066145886418e-15
5.606500000000000483e+00 4.010192784654601276e-15
5.607000000000000206e+00 3.987771550123068838e-15
5.607499999999999929e+00 3.965473691355626158e-15
5.608000000000000540e+00 3.943298540724916893e-15
5.608500000000000263e+00 3.921245434153391716e-15
5.608999999999999986e+00 3.899313711094570511e-15
5.609499999999999709e+00 3.877502714514745527e-15
5.610000000000000320e+00 3.855811790874551223e-15
5.610500000000000043e+00 3.834240290110938798e-15
5.610999999999999766e+00 3.812787565618728675e-15
5.611500000000000377e+00 3.791452974232684430e-15
5.612000000000000099e+00 3.770235876209707409e-15
5.612499999999999822e+00 3.749135635210685829e-15
5.613000000000000433e+00 3.728151618282829028e-15
5.613500000000000156e+00 3.707283195842142918e-15
5.613999999999999879e+00 3.686529741655538619e-15
5.614500000000000490e+00 3.665890632823491722e-15
5.615000000000000213e+00 3.645365249762708644e-15
5.615499999999999936e+00 3.624952976188556335e-15
5.616000000000000547e+00 3.604653199097991322e-15
5.616500000000000270e+00 3.584465308752423284e-15
5.616999999999999993e+00 3.564388698660554967e-15
5.617499999999999716e+00 3.544422765561424034e-15
5.618000000000000327e+00 3.524566909407521050e-15
5.618500000000000050e+00 3.504820533348140968e-15
5.618999999999999773e+00 3.485183043712346888e-15
5.619500000000000384e+00 3.465653849992594486e-15
5.620000000000000107e+00 3.446232364828155290e-15
5.620499999999999829e+00 3.426918003988535212e-15
5.621000000000000441e+00 3.407710186357156967e-15
5.621500000000000163e+00 3.388608333915179741e-15
5.621999999999999886e+00 3.369611871725101932e-15
5.622500000000000497e+00 3.350720227914704673e-15
5.623000000000000220e+00 3.331932833661153920e-15
5.623499999999999943e+00 3.313249123174794486e-15
5.624000000000000554e+00 3.294668533683378742e-15
5.624500000000000277e+00 3.276190505416407330e-15
5.625000000000000000e+00 3.257814481589166566e-15
5.625499999999999723e+00 3.239539908387234026e-15
5.626000000000000334e+00 3.221366234950887502e-15
5.626500000000000057e+00 3.203292913359734438e-15
5.626999999999999780e+00 3.185319398617104713e-15
5.627500000000000391e+00 3.167445148634876905e-15
5.628000000000000114e+00 3.149669624218302967e-15
5.628499999999999837e+00 3.131992289050645954e-15
5.629000000000000448e+00 3.114412609678235055e-15
5.629500000000000171e+00 3.096930055495512728e-15
5.629999999999999893e+00 3.079544098729954448e-15
5.630500000000000504e+00 3.062254214427284264e-15
5.631000000000000227e+00 3.045059880436796469e-15
5.631499999999999950e+00 3.027960577396495036e-15
5.631999999999999673e+00 3.010955788718568320e-15
5.632500000000000284e+00 2.994045000574787644e-15
5.633000000000000007e+00 2.977227701882140949e-15
5.633499999999999730e+00 2.960503384288314607e-15
5.634000000000000341e+00 2.943871542157364545e-15
5.634500000000000064e+00 2.927331672555637448e-15
5.634999999999999787e+00 2.910883275237366947e-15
5.635500000000000398e+00 2.894525852630662264e-15
5.636000000000000121e+00 2.878258909823599414e-15
5.636499999999999844e+00 2.862081954550036697e-15
5.637000000000000455e+00 2.845994497175868003e-15
5.637500000000000178e+00 2.829996050685217753e-15
5.637999999999999901e+00 2.814086130666625967e-15
5.638500000000000512e+00 2.798264255299350092e-15
5.639000000000000234e+00 2.782529945339935828e-15
5.639499999999999957e+00 2.766882724108449530e-15
5.639999999999999680e+00 2.751322117475175652e-15
5.640500000000000291e+00 2.735847653847131558e-15
5.641000000000000014e+00 2.720458864154859235e-15
5.641499999999999737e+00 2.705155281839023331e-15
5.642000000000000348e+00 2.689936442837276625e-15
5.642500000000000071e+00 2.674801885571231195e-15
5.642999999999999794e+00 2.659751150933255257e-15
5.643500000000000405e+00 2.644783782273539002e-15
5.644000000000000128e+00 2.629899325387298875e-15
5.644499999999999851e+00 2.615097328501721138e-15
5.645000000000000462e+00 2.600377342263278174e-15
5.645500000000000185e+00 2.585738919725074759e-15
5.645999999999999908e+00 2.571181616334050375e-15
5.646500000000000519e+00 2.556704989918478128e-15
5.647000000000000242e+00 2.542308600675471167e-15
5.647499999999999964e+00 2.527992011158418492e-15
5.647999999999999687e+00 2.513754786264656246e-15
5.648500000000000298e+00 2.499596493223115729e-15
5.649000000000000021e+00 2.485516701582128002e-15
5.649499999999999744e+00 2.471514983197103851e-15
5.650000000000000355e+00 2.457590912218406631e-15
5.650500000000000078e+00 2.443744065079409701e-15
5.650999999999999801e+00 2.429974020484310096e-15
5.651500000000000412e+00 2.416280359396236060e-15
5.652000000000000135e+00 2.402662665025439769e-15
5.652499999999999858e+00 2.389120522817303090e-15
5.653000000000000469e+00 2.375653520440669550e-15
5.653500000000000192e+00 2.362261247776177071e-15
5.653999999999999915e+00 2.348943296904489752e-15
5.654500000000000526e+00 2.335699262094760777e-15
5.655000000000000249e+00 2.322528739793177754e-15
5.655499999999999972e+00 2.309431328611367257e-15
5.655999999999999694e+00 2.296406629315060861e-15
5.656500000000000306e+00 2.283454244812694132e-15
5.657000000000000028e+00 2.270573780144236357e-15
5.657499999999999751e+00 2.257764842469776121e-15
5.658000000000000362e+00 2.245027041058460290e-15
5.658500000000000085e+00 2.232359987277391196e-15
5.658999999999999808e+00 2.219763294580476475e-15
5.659500000000000419e+00 2.207236578497459960e-15
5.660000000000000142e+00 2.194779456623066560e-15
5.660499999999999865e+00 2.182391548605972405e-15
5.661000000000000476e+00 2.170072476138034138e-15
5.661500000000000199e+00 2.157821862943555667e-15
5.661999999999999922e+00 2.145639334768459478e-15
5.662500000000000533e+00 2.133524519369713134e-15
5.663000000000000256e+00 2.121477046504731322e-15
5.663499999999999979e+00 2.109496547920683243e-15
5.663999999999999702e+00 2.097582657344142752e-15
5.664500000000000313e+00 2.085735010470536161e-15
5.665000000000000036e+00 2.073953244953882712e-15
5.665499999999999758e+00 2.062237000396259729e-15
5.666000000000000369e+00 2.050585918337669704e-15
5.666500000000000092e+00 2.038999642245787863e-15
5.666999999999999815e+00 2.027477817505712103e-15
5.667500000000000426e+00 2.016020091409865969e-15
5.668000000000000149e+00 2.004626113148021531e-15
5.668499999999999872e+00 1.993295533797095078e-15
5.669000000000000483e+00 1.982028006311316726e-15
5.669500000000000206e+00 1.970823185512298266e-15
5.669999999999999929e+00 1.959680728079095092e-15
5.670500000000000540e+00 1.948600292538419989e-15
5.671000000000000263e+00 1.937581539254959470e-15
5.671499999999999986e+00 1.926624130421547726e-15
5.671999999999999709e+00 1.915727730049520039e-15
5.672500000000000320e+00 1.904892003959135615e-15
5.673000000000000043e+00 1.894116619770071420e-15
5.673499999999999766e+00 1.883401246891754290e-15
5.674000000000000377e+00 1.872745556513982167e-15
5.674500000000000099e+00 1.862149221597569391e-15
5.674999999999999822e+00 1.851611916864863410e-15
5.675500000000000433e+00 1.841133318790464616e-15
5.676000000000000156e+00 1.830713105592046770e-15
5.676499999999999879e+00 1.820350957220980600e-15
5.677000000000000490e+00 1.810046555353235078e-15
5.677500000000000213e+00 1.799799583380317351e-15
5.677999999999999936e+00 1.789609726400075812e-15
5.678500000000000547e+00 1.779476671207707869e-15
5.679000000000000270e+00 1.769400106286863172e-15
5.679499999999999993e+00 1.759379721800539572e-15
5.679999999999999716e+00 1.749415209582331294e-15
5.680500000000000327e+00 1.739506263127506922e-15
5.681000000000000050e+00 1.729652577584271192e-15
5.681499999999999773e+00 1.719853849744936448e-15
5.682000000000000384e+00 1.710109778037239851e-15
5.682500000000000107e+00 1.700420062515751893e-15
5.682999999999999829e+00 1.690784404853148247e-15
5.683500000000000441e+00 1.681202508331685330e-15
5.684000000000000163e+00 1.671674077834707234e-15
5.684499999999999886e+00 1.662198819838087765e-15
5.685000000000000497e+00 1.652776442401815273e-15
5.685500000000000220e+00 1.643406655161666616e-15
5.685999999999999943e+00 1.634089169320746432e-15
5.686500000000000554e+00 1.624823697641225989e-15
5.687000000000000277e+00 1.615609954436099787e-15
5.687500000000000000e+00 1.606447655560938411e-15
5.687999999999999723e+00 1.597336518405672740e-15
5.688500000000000334e+00 1.588276261886515424e-15
5.689000000000000057e+00 1.579266606437863026e-15
5.689499999999999780e+00 1.570307274004185349e-15
5.690000000000000391e+00 1.561397988032049661e-15
5.690500000000000114e+00 1.552538473462171535e-15
5.690999999999999837e+00 1.543728456721453473e-15
5.691500000000000448e+00 1.534967665715097479e-15
5.692000000000000171e+00 1.526255829818803222e-15
5.692499999999999893e+00 1.517592679870896192e-15
5.693000000000000504e+00 1.508977948164585822e-15
5.693500000000000227e+00 1.500411368440317278e-15
5.693999999999999950e+00 1.491892675877946161e-15
5.694500000000000561e+00 1.483421607089202517e-15
5.695000000000000284e+00 1.474997900110076753e-15
5.695500000000000007e+00 1.466621294393190166e-15
5.695999999999999730e+00 1.458291530800354803e-15
5.696500000000000341e+00 1.450008351594994285e-15
5.697000000000000064e+00 1.441771500434809366e-15
5.697499999999999787e+00 1.433580722364268774e-15
5.698000000000000398e+00 1.425435763807279308e-15
5.698500000000000121e+00 1.417336372559876450e-15
5.698999999999999844e+00 1.409282297782910247e-15
5.699500000000000455e+00 1.401273289994751303e-15
5.700000000000000178e+00 1.393309101064173281e-15
5.700499999999999901e+00 1.385389484203075072e-15
5.701000000000000512e+00 1.377514193959367636e-15
5.701500000000000234e+00 1.369682986209939531e-15
5.701999999999999957e+00 1.361895618153461118e-15
5.702499999999999680e+00 1.354151848303471386e-15
5.703000000000000291e+00 1.346451436481278196e-15
5.703500000000000014e+00 1.338794143809144897e-15
5.703999999999999737e+00 1.331179732703215023e-15
5.704500000000000348e+00 1.323607966866695954e-15
5.705000000000000071e+00 1.316078611283065433e-15
5.705499999999999794e+00 1.308591432209136304e-15
5.706000000000000405e+00 1.301146197168364597e-15
5.706500000000000128e+00 1.293742674944132187e-15
5.706999999999999851e+00 1.286380635572940105e-15
5.707500000000000462e+00 1.279059850337792556e-15
5.708000000000000185e+00 1.271780091761604216e-15
5.708499999999999908e+00 1.264541133600515224e-15
5.709000000000000519e+00 1.257342750837361388e-15
5.709500000000000242e+00 1.250184719675166477e-15
5.709999999999999964e+00 1.243066817530580275e-15
5.710499999999999687e+00 1.235988823027484277e-15
5.711000000000000298e+00 1.228950515990481217e-15
5.711500000000000021e+00 1.221951677438592464e-15
5.711999999999999744e+00 1.214992089578806717e-15
5.712500000000000355e+00 1.208071535799774840e-15
5.713000000000000078e+00 1.201189800665563855e-15
5.713499999999999801e+00 1.194346669909321405e-15
5.714000000000000412e+00 1.187541930427045328e-15
5.714500000000000135e+00 1.180775370271459142e-15
5.714999999999999858e+00 1.174046778645751839e-15
5.715500000000000469e+00 1.167355945897509969e-15
5.716000000000000192e+00 1.160702663512581484e-15
5.716499999999999915e+00 1.154086724109011961e-15
5.717000000000000526e+00 1.147507921430998379e-15
5.717500000000000249e+00 1.140966050342913695e-15
5.717999999999999972e+00 1.134460906823280734e-15
5.718499999999999694e+00 1.127992287958853366e-15
5.719000000000000306e+00 1.121559991938709124e-15
5.719500000000000028e+00 1.115163818048383229e-15
5.719999999999999751e+00 1.108803566663944249e-15
5.720500000000000362e+00 1.102479039246236990e-15
5.721000000000000085e+00 1.096190038335114150e-15
5.721499999999999808e+00 1.089936367543582573e-15
5.722000000000000419e+00 1.083717831552150078e-15
5.722500000000000142e+00 1.077534236103125937e-15
5.722999999999999865e+00 1.071385387994880335e-15
5.723500000000000476e+00 1.065271095076265152e-15
5.724000000000000199e+00 1.059191166241026458e-15
5.724499999999999922e+00 1.053145411422129649e-15
5.725000000000000533e+00 1.047133641586284948e-15
5.725500000000000256e+00 1.041155668728414726e-15
5.725999999999999979e+00 1.035211305866122213e-15
5.726499999999999702e+00 1.029300367034255846e-15
5.727000000000000313e+00 1.023422667279450550e-15
5.727500000000000036e+00 1.017578022654769600e-15
5.727999999999999758e+00 1.011766250214259311e-15
5.728500000000000369e+00 1.005987168007627378e-15
5.729000000000000092e+00 1.000240595074938581e-15
5.729499999999999815e+00 9.945263514412779405e-16
5.730000000000000426e+00 9.888442581114965092e-16
5.730500000000000149e+00 9.831941370650127808e-16
5.730999999999999872e+00 9.775758112505367865e-16
5.731500000000000483e+00 9.719891045809135091e-16
5.732000000000000206e+00 9.664338419279777351e-16
5.732499999999999929e+00 9.609098491174081172e-16
5.733000000000000540e+00 9.554169529235980014e-16
5.733500000000000263e+00 9.499549810646441876e-16
5.733999999999999986e+00 9.445237621972286031e-16
5.734499999999999709e+00 9.391231259116287572e-16
5.735000000000000320e+00 9.337529027267063052e-16
5.735500000000000043e+00 9.284129240849543825e-16
5.735999999999999766e+00 9.231030223475404024e-16
5.736500000000000377e+00 9.178230307893527988e-16
5.737000000000000099e+00 9.125727835941996239e-16
5.737499999999999822e+00 9.073521158498359640e-16
5.738000000000000433e+00 9.021608635431678619e-16
5.738500000000000156e+00 8.969988635554728063e-16
5.738999999999999879e+00 8.918659536575263461e-16
5.739500000000000490e+00 8.867619725048993948e-16
5.740000000000000213e+00 8.816867596332098794e-16
5.740499999999999936e+00 8.766401554533752771e-16
5.741000000000000547e+00 8.716220012469341768e-16
5.741500000000000270e+00 8.666321391614163560e-16
5.741999999999999993e+00 8.616704122056451143e-16
5.742499999999999716e+00 8.567366642451561604e-16
5.743000000000000327e+00 8.518307399975614771e-16
5.743500000000000050e+00 8.469524850280654356e-16
5.743999999999999773e+00 8.421017457448159395e-16
5.744500000000000384e+00 8.372783693944500234e-16
5.745000000000000107e+00 8.324822040575900487e-16
5.745499999999999829e+00 8.277130986443399979e-16
5.746000000000000441e+00 8.229709028898528651e-16
5.746500000000000163e+00 8.182554673499161910e-16
5.746999999999999886e+00 8.135666433965359200e-16
5.747500000000000497e+00 8.089042832135334725e-16
5.748000000000000220e+00 8.042682397922461568e-16
5.748499999999999943e+00 7.996583669271347913e-16
5.749000000000000554e+00 7.950745192114907241e-16
5.749500000000000277e+00 7.905165520331852527e-16
5.750000000000000000e+00 7.859843215703310863e-16
5.750499999999999723e+00 7.814776847871000027e-16
5.751000000000000334e+00 7.769964994294685215e-16
5.751500000000000057e+00 7.725406240210460128e-16
5.751999999999999780e+00 7.681099178588593207e-16
5.752500000000000391e+00 7.637042410092315565e-16
5.753000000000000114e+00 7.593234543036532010e-16
5.753499999999999837e+00 7.549674193346233282e-16
5.754000000000000448e+00 7.506359984516082707e-16
5.754500000000000171e+00 7.463290547569626177e-16
5.754999999999999893e+00 7.420464521018778221e-16
5.755500000000000504e+00 7.377880550823358375e-16
5.756000000000000227e+00 7.335537290351582064e-16
5.756499999999999950e+00 7.293433400339701500e-16
5.757000000000000561e+00 7.251567548852603058e-16
5.757500000000000284e+00 7.209938411244556522e-16
5.758000000000000007e+00 7.168544670119646802e-16
5.758499999999999730e+00 7.127385015293150324e-16
5.759000000000000341e+00 7.086458143752480494e-16
5.759500000000000064e+00 7.045762759618867795e-16
5.759999999999999787e+00 7.005297574108676024e-16
5.760500000000000398e+00 6.965061305495326928e-16
5.761000000000000121e+00 6.925052679071673513e-16
5.761499999999999844e+00 6.885270427111584494e-16
5.762000000000000455e+00 6.845713288832860927e-16
5.762500000000000178e+00 6.806380010359812644e-16
5.762999999999999901e+00 6.767269344685835685e-16
5.763500000000000512e+00 6.728380051636529102e-16
5.764000000000000234e+00 6.689710897833198308e-16
5.764499999999999957e+00 6.651260656655828910e-16
5.764999999999999680e+00 6.613028108206929262e-16
5.765500000000000291e+00 6.575012039275229063e-16
5.766000000000000014e+00 6.537211243299858171e-16
5.766499999999999737e+00 6.499624520334182255e-16
5.767000000000000348e+00 6.462250677010466761e-16
5.767500000000000071e+00 6.425088526504410711e-16
5.767999999999999794e+00 6.388136888499672616e-16
5.768500000000000405e+00 6.351394589152930835e-16
5.769000000000000128e+00 6.314860461059087911e-16
5.769499999999999851e+00 6.278533343216475891e-16
5.770000000000000462e+00 6.242412080992166159e-16
5.770500000000000185e+00 6.206495526088072092e-16
5.770999999999999908e+00 6.170782536506357505e-16
5.771500000000000519e+00 6.135271976515590573e-16
5.772000000000000242e+00 6.099962716617265562e-16
5.772499999999999964e+00 6.064853633511612612e-16
5.772999999999999687e+00 6.029943610064645044e-16
5.773500000000000298e+00 5.995231535274640658e-16
5.774000000000000021e+00 5.960716304239270889e-16
5.774499999999999744e+00 5.926396818122394689e-16
5.775000000000000355e+00 5.892271984121627475e-16
5.775500000000000078e+00 5.858340715435604381e-16
5.775999999999999801e+00 5.824601931231636965e-16
5.776500000000000412e+00 5.791054556613464573e-16
5.777000000000000135e+00 5.757697522589320267e-16
5.777499999999999858e+00 5.724529766039978996e-16
5.778000000000000469e+00 5.691550229686890573e-16
5.778500000000000192e+00 5.658757862061046301e-16
5.778999999999999915e+00 5.626151617471198715e-16
5.779500000000000526e+00 5.593730455972825829e-16
5.780000000000000249e+00 5.561493343337205814e-16
5.780499999999999972e+00 5.529439251020264881e-16
5.780999999999999694e+00 5.497567156132187401e-16
5.781500000000000306e+00 5.465876041406470862e-16
5.782000000000000028e+00 5.434364895170123694e-16
5.782499999999999751e+00 5.403032711312824747e-16
5.783000000000000362e+00 5.371878489257126047e-16
5.783500000000000085e+00 5.340901233928780776e-16
5.783999999999999808e+00 5.310099955726493416e-16
5.784500000000000419e+00 5.279473670492724994e-16
5.785000000000000142e+00 5.249021399484211373e-16
5.785499999999999865e+00 5.218742169342503248e-16
5.786000000000000476e+00 5.188635012064931131e-16
5.786500000000000199e+00 5.158698964975849396e-16
5.786999999999999922e+00 5.128933070697538166e-16
5.787500000000000533e+00 5.099336377121506518e-16
5.788000000000000256e+00 5.069907937380463273e-16
5.788499999999999979e+00 5.040646809819376645e-16
5.788999999999999702e+00 5.011552057967566318e-16
5.789500000000000313e+00 4.982622750510644646e-16
5.790000000000000036e+00 4.953857961262682684e-16
5.790499999999999758e+00 4.925256769138137587e-16
5.791000000000000369e+00 4.896818258124524494e-16
5.791500000000000092e+00 4.868541517255060806e-16
5.791999999999999815e+00 4.840425640580927862e-16
5.792500000000000426e+00 4.812469727144448687e-16
5.793000000000000149e+00 4.784672880952028084e-16
5.793499999999999872e+00 4.757034210947097670e-16
5.794000000000000483e+00 4.729552830983442510e-16
5.794500000000000206e+00 4.702227859798841337e-16
5.794999999999999929e+00 4.675058420988176249e-16
5.795500000000000540e+00 4.648043642977445663e-16
5.796000000000000263e+00 4.621182658997558355e-16
5.796499999999999986e+00 4.594474607058134403e-16
5.796999999999999709e+00 4.567918629921735070e-16
5.797500000000000320e+00 4.541513875078006910e-16
5.798000000000000043e+00 4.515259494718289312e-16
5.798499999999999766e+00 4.489154645709827631e-16
5.799000000000000377e+00 4.463198489570563158e-16
5.799500000000000099e+00 4.437390192444006430e-16
5.799999999999999822e+00 4.411728925073932042e-16
5.800500000000000433e+00 4.386213862779627652e-16
5.801000000000000156e+00 4.360844185431101059e-16
5.801499999999999879e+00 4.335619077424123120e-16
5.802000000000000490e+00 4.310537727655921458e-16
5.802500000000000213e+00 4.285599329500853473e-16
5.802999999999999936e+00 4.260803080785779092e-16
5.803500000000000547e+00 4.236148183766080386e-16
5.804000000000000270e+00 4.211633845101783234e-16
5.804499999999999993e+00 4.187259275833381214e-16
5.804999999999999716e+00 4.163023691358207237e-16
5.805500000000000327e+00 4.138926311406695741e-16
5.806000000000000050e+00 4.114966360019064946e-16
5.806499999999999773e+00 4.091143065521682585e-16
5.807000000000000384e+00 4.067455660503763935e-16
5.807500000000000107e+00 4.043903381794599870e-16
5.807999999999999829e+00 4.020485470440067048e-16
5.808500000000000441e+00 3.997201171679925481e-16
5.809000000000000163e+00 3.974049734925210766e-16
5.809499999999999886e+00 3.951030413735202798e-16
5.810000000000000497e+00 3.928142465795170527e-16
5.810500000000000220e+00 3.905385152893925411e-16
5.810999999999999943e+00 3.882757740901354166e-16
5.811500000000000554e+00 3.860259499746406095e-16
5.812000000000000277e+00 3.837889703395058232e-16
5.812500000000000000e+00 3.815647629828124682e-16
5.812999999999999723e+00 3.793532561019702479e-16
5.813500000000000334e+00 3.771543782915276749e-16
5.814000000000000057e+00 3.749680585410359837e-16
5.814499999999999780e+00 3.727942262328696562e-16
5.815000000000000391e+00 3.706328111401033990e-16
5.815500000000000114e+00 3.684837434244134786e-16
5.815999999999999837e+00 3.663469536339137271e-16
5.816500000000000448e+00 3.642223727010878399e-16
5.817000000000000171e+00 3.621099319407005207e-16
5.817499999999999893e+00 3.600095630476990133e-16
5.818000000000000504e+00 3.579211980951451028e-16
5.818500000000000227e+00 3.558447695321796075e-16
5.818999999999999950e+00 3.537802101819506332e-16
5.819500000000000561e+00 3.517274532395850176e-16
5.820000000000000284e+00 3.496864322701788055e-16
5.820500000000000007e+00 3.476570812067625791e-16
5.820999999999999730e+00 3.456393343483010552e-16
5.821500000000000341e+00 3.436331263577077191e-16
5.822000000000000064e+00 3.416383922598726232e-16
5.822499999999999787e+00 3.396550674396640050e-16
5.823000000000000398e+00 3.376830876399822660e-16
5.823500000000000121e+00 3.357223889598216911e-16
5.823999999999999844e+00 3.337729078523083541e-16
5.824500000000000455e+00 3.318345811227810661e-16
5.825000000000000178e+00 3.299073459268785353e-16
5.825499999999999901e+00 3.279911397686141520e-16
5.826000000000000512e+00 3.260859004984914988e-16
5.826500000000000234e+00 3.241915663116154722e-16
5.826999999999999957e+00 3.223080757458024678e-16
5.827499999999999680e+00 3.204353676797212322e-16
5.828000000000000291e+00 3.185733813310273551e-16
5.828500000000000014e+00 3.167220562545335064e-16
5.828999999999999737e+00 3.148813323403409204e-16
5.829500000000000348e+00 3.130511498120336439e-16
5.830000000000000071e+00 3.112314492248572044e-16
5.830499999999999794e+00 3.094221714638983628e-16
5.831000000000000405e+00 3.076232577422901591e-16
5.831500000000000128e+00 3.058346495994353479e-16
5.831999999999999851e+00 3.040562888992083881e-16
5.832500000000000462e+00 3.022881178281830193e-16
5.833000000000000185e+00 3.005300788938987900e-16
5.833499999999999908e+00 2.987821149230753228e-16
5.834000000000000519e+00 2.970441690598843637e-16
5.834500000000000242e+00 2.953161847642281429e-16
5.834999999999999964e+00 2.935981058099980626e-16
5.835499999999999687e+00 2.918898762833626223e-16
5.836000000000000298e+00 2.901914405810686073e-16
5.836500000000000021e+00 2.885027434087529750e-16
5.836999999999999744e+00 2.868237297792309780e-16
5.837500000000000355e+00 2.851543450108391614e-16
5.838000000000000078e+00 2.834945347257638162e-16
5.838499999999999801e+00 2.818442448483710588e-16
5.839000000000000412e+00 2.802034216035620074e-16
5.839500000000000135e+00 2.785720115151340216e-16
5.839999999999999858e+00 2.769499614041437176e-16
5.840500000000000469e+00 2.753372183872723004e-16
5.841000000000000192e+00 2.737337298752371432e-16
5.841499999999999915e+00 2.721394435711529286e-16
5.842000000000000526e+00 2.705543074689491942e-16
5.842500000000000249e+00 2.689782698517816644e-16
5.842999999999999972e+00 2.674112792904472820e-16
5.843499999999999694e+00 2.658532846418050557e-16
5.844000000000000306e+00 2.643042350472195888e-16
5.844500000000000028e+00 2.627640799310121013e-16
5.844999999999999751e+00 2.612327689988920756e-16
5.845500000000000362e+00 2.597102522364290362e-16
5.846000000000000085e+00 2.581964799075306393e-16
5.846499999999999808e+00 2.566914025529029646e-16
5.847000000000000419e+00 2.551949709885431991e-16
5.847500000000000142e+00 2.537071363042366107e-16
5.847999999999999865e+00 2.522278498620542611e-16
5.848500000000000476e+00 2.507570632948555012e-16
5.849000000000000199e+00 2.492947285048233526e-16
5.849499999999999922e+00 2.478407976619719823e-16
5.850000000000000533e+00 2.463952232026877049e-16
5.850500000000000256e+00 2.449579578282732871e-16
5.850999999999999979e+00 2.435289545034939300e-16
5.851499999999999702e+00 2.421081664551289197e-16
5.852000000000000313e+00 2.406955471705451698e-16
5.852500000000000036e+00 2.392910503962694328e-16
5.852999999999999758e+00 2.378946301365600178e-16
5.853500000000000369e+00 2.365062406519981805e-16
5.854000000000000092e+00 2.351258364580932207e-16
5.854499999999999815e+00 2.337533723238723925e-16
5.855000000000000426e+00 2.323888032704895024e-16
5.855500000000000149e+00 2.310320845698645180e-16
5.855999999999999872e+00 2.296831717432824527e-16
5.856500000000000483e+00 2.283420205600378565e-16
5.857000000000000206e+00 2.270085870360829542e-16
5.857499999999999929e+00 2.256828274326621771e-16
5.858000000000000540e+00 2.243646982549655277e-16
5.858500000000000263e+00 2.230541562508111824e-16
5.858999999999999986e+00 2.217511584092893407e-16
5.859499999999999709e+00 2.204556619594513109e-16
5.860000000000000320e+00 2.191676243689930987e-16
5.860500000000000043e+00 2.178870033429475497e-16
5.860999999999999766e+00 2.166137568223741498e-16
5.861500000000000377e+00 2.153478429830686217e-16
5.862000000000000099e+00 2.140892202342775006e-16
5.862499999999999822e+00 2.128378472174138189e-16
5.863000000000000433e+00 2.115936828047750355e-16
5.863500000000000156e+00 2.103566860982966102e-16
5.863999999999999879e+00 2.091268164282672454e-16
5.864500000000000490e+00 2.079040333520868246e-16
5.865000000000000213e+00 2.066882966530209488e-16
5.865499999999999936e+00 2.054795663389571742e-16
5.866000000000000547e+00 2.042778026411643807e-16
5.866500000000000270e+00 2.030829660130857400e-16
5.866999999999999993e+00 2.018950171290952007e-16
5.867499999999999716e+00 2.007139168832964465e-16
5.868000000000000327e+00 1.995396263883101960e-16
5.868500000000000050e+00 1.983721069740829484e-16
5.868999999999999773e+00 1.972113201866801001e-16
5.869500000000000384e+00 1.960572277871036891e-16
5.870000000000000107e+00 1.949097917501138365e-16
5.870499999999999829e+00 1.937689742630506568e-16
5.871000000000000441e+00 1.926347377246600633e-16
5.871500000000000163e+00 1.915070447439453342e-16
5.871999999999999886e+00 1.903858581389970101e-16
5.872500000000000497e+00 1.892711409358484789e-16
5.873000000000000220e+00 1.881628563673351347e-16
5.873499999999999943e+00 1.870609678719541783e-16
5.874000000000000554e+00 1.859654390927277697e-16
5.874500000000000277e+00 1.848762338760911783e-16
5.875000000000000000e+00 1.837933162707604960e-16
5.875499999999999723e+00 1.827166505266258656e-16
5.876000000000000334e+00 1.816462010936407645e-16
5.876500000000000057e+00 1.805819326207298268e-16
5.876999999999999780e+00 1.795238099546833781e-16
5.877500000000000391e+00 1.784717981390669831e-16
5.878000000000000114e+00 1.774258624131546838e-16
5.878499999999999837e+00 1.763859682108311271e-16
5.879000000000000448e+00 1.753520811595290429e-16
5.879500000000000171e+00 1.743241670791705437e-16
5.879999999999999893e+00 1.733021919810911180e-16
5.880500000000000504e+00 1.722861220669964610e-16
5.881000000000000227e+00 1.712759237279172823e-16
5.881499999999999950e+00 1.702715635431530713e-16
5.882000000000000561e+00 1.692730082792421894e-16
5.882500000000000284e+00 1.682802248889359319e-16
5.883000000000000007e+00 1.672931805101618666e-16
5.883499999999999730e+00 1.663118424650090620e-16
5.884000000000000341e+00 1.653361782587108520e-16
5.884500000000000064e+00 1.643661555786388157e-16
5.884999999999999787e+00 1.634017422932961422e-16
5.885500000000000398e+00 1.624429064513147414e-16
5.886000000000000121e+00 1.614896162804733588e-16
5.886499999999999844e+00 1.605418401866981382e-16
5.887000000000000455e+00 1.595995467530839164e-16
5.887500000000000178e+00 1.586627047389236777e-16
5.887999999999999901e+00 1.577312830787275314e-16
5.888500000000000512e+00 1.568052508812552974e-16
5.889000000000000234e+00 1.558845774285706368e-16
5.889499999999999957e+00 1.549692321750614601e-16
5.889999999999999680e+00 1.540591847465102535e-16
5.890500000000000291e+00 1.531544049391327049e-16
5.891000000000000014e+00 1.522548627186502003e-16
5.891499999999999737e+00 1.513605282193433632e-16
5.892000000000000348e+00 1.504713717431259076e-16
5.892500000000000071e+00 1.495873637586224345e-16
5.892999999999999794e+00 1.487084749002405099e-16
5.893500000000000405e+00 1.478346759672616259e-16
5.894000000000000128e+00 1.469659379229317670e-16
5.894499999999999851e+00 1.461022318935464059e-16
5.895000000000000462e+00 1.452435291675584246e-16
5.895500000000000185e+00 1.443898011946852968e-16
5.895999999999999908e+00 1.435410195850059405e-16
5.896500000000000519e+00 1.426971561080849593e-16
5.897000000000000242e+00 1.418581826920904491e-16
5.897499999999999964e+00 1.410240714229123728e-16
5.897999999999999687e+00 1.401947945432951081e-16
5.898500000000000298e+00 1.393703244519673840e-16
5.899000000000000021e+00 1.385506337027881415e-16
5.899499999999999744e+00 1.377356950038759022e-16
5.900000000000000355e+00 1.369254812167660183e-16
5.900500000000000078e+00 1.361199653555612667e-16
5.900999999999999801e+00 1.353191205860824184e-16
5.901500000000000412e+00 1.345229202250359657e-16
5.902000000000000135e+00 1.337313377391757846e-16
5.902499999999999858e+00 1.329443467444741408e-16
5.903000000000000469e+00 1.321619210052952595e-16
5.903500000000000192e+00 1.313840344335782129e-16
5.903999999999999915e+00 1.306106610880137936e-16
5.904500000000000526e+00 1.298417751732381260e-16
5.905000000000000249e+00 1.290773510390258835e-16
5.905499999999999972e+00 1.283173631794787479e-16
5.905999999999999694e+00 1.275617862322358335e-16
5.906500000000000306e+00 1.268105949776725987e-16
5.907000000000000028e+00 1.260637643381189373e-16
5.907499999999999751e+00 1.253212693770614674e-16
5.908000000000000362e+00 1.245830852983708667e-16
5.908500000000000085e+00 1.238491874455236367e-16
5.908999999999999808e+00 1.231195513008245567e-16
5.909500000000000419e+00 1.223941524846394431e-16
5.910000000000000142e+00 1.216729667546365115e-16
5.910499999999999865e+00 1.209559700050145995e-16
5.911000000000000476e+00 1.202431382657551787e-16
5.911500000000000199e+00 1.195344477018693623e-16
5.911999999999999922e+00 1.188298746126452333e-16
5.912500000000000533e+00 1.181293954309055015e-16
5.913000000000000256e+00 1.174329867222732715e-16
5.913499999999999979e+00 1.167406251844250405e-16
5.913999999999999702e+00 1.160522876463677813e-16
5.914500000000000313e+00 1.153679510677052526e-16
5.915000000000000036e+00 1.146875925379210225e-16
5.915499999999999758e+00 1.140111892756486740e-16
5.916000000000000369e+00 1.133387186279604250e-16
5.916500000000000092e+00 1.126701580696588050e-16
5.916999999999999815e+00 1.120054852025610104e-16
5.917500000000000426e+00 1.113446777547974099e-16
5.918000000000000149e+00 1.106877135801126139e-16
5.918499999999999872e+00 1.100345706571666545e-16
5.919000000000000483e+00 1.093852270888390254e-16
5.919500000000000206e+00 1.087396611015469703e-16
5.919999999999999929e+00 1.080978510445521485e-16
5.920500000000000540e+00 1.074597753892811541e-16
5.921000000000000263e+00 1.068254127286528273e-16
5.921499999999999986e+00 1.061947417763936836e-16
5.921999999999999709e+00 1.055677413663765153e-16
5.922500000000000320e+00 1.049443904519449047e-16
5.923000000000000043e+00 1.043246681052610581e-16
5.923499999999999766e+00 1.037085535166339798e-16
5.924000000000000377e+00 1.030960259938685634e-16
5.924500000000000099e+00 1.024870649616172462e-16
5.924999999999999822e+00 1.018816499607215452e-16
5.925500000000000433e+00 1.012797606475729192e-16
5.926000000000000156e+00 1.006813767934731628e-16
5.926499999999999879e+00 1.000864782839876884e-16
5.927000000000000490e+00 9.949504511831507862e-17
5.927500000000000213e+00 9.890705740865900488e-17
5.927999999999999936e+00 9.832249537959369983e-17
5.928500000000000547e+00 9.774133936744218704e-17
5.929000000000000270e+00 9.716356981965712377e-17
5.929499999999999993e+00 9.658916729419805695e-17
5.929999999999999716e+00 9.601811245892248417e-17
5.930500000000000327e+00 9.545038609096857003e-17
5.931000000000000050e+00 9.488596907615484765e-17
5.931499999999999773e+00 9.432484240836902400e-17
5.932000000000000384e+00 9.376698718896877845e-17
5.932500000000000107e+00 9.321238462618869959e-17
5.932999999999999829e+00 9.266101603453686826e-17
5.933500000000000441e+00 9.211286283421034861e-17
5.934000000000000163e+00 9.156790655050622949e-17
5.934499999999999886e+00 9.102612881323354093e-17
5.935000000000000497e+00 9.048751135613294838e-17
5.935500000000000220e+00 8.995203601630194425e-17
5.935999999999999943e+00 8.941968473361450515e-17
5.936500000000000554e+00 8.889043955014819398e-17
5.937000000000000277e+00 8.836428260962339074e-17
5.937500000000000000e+00 8.784119615682717758e-17
5.937999999999999723e+00 8.732116253705620576e-17
5.938500000000000334e+00 8.680416419555441041e-17
5.939000000000000057e+00 8.629018367696061066e-17
5.939499999999999780e+00 8.577920362474939216e-17
5.940000000000000391e+00 8.527120678068220781e-17
5.940500000000000114e+00 8.476617598426409908e-17
5.940999999999999837e+00 8.426409417219176461e-17
5.941500000000000448e+00 8.376494437781506395e-17
5.942000000000000171e+00 8.326870973060417907e-17
5.942499999999999893e+00 8.277537345560272419e-17
5.943000000000000504e+00 8.228491887290264789e-17
5.943500000000000227e+00 8.179732939711547446e-17
5.943999999999999950e+00 8.131258853683836832e-17
5.944500000000000561e+00 8.083067989413596336e-17
5.945000000000000284e+00 8.035158716401853139e-17
5.945500000000000007e+00 7.987529413392074238e-17
5.945999999999999730e+00 7.940178468318848571e-17
5.946500000000000341e+00 7.893104278256458224e-17
5.947000000000000064e+00 7.846305249368275463e-17
5.947499999999999787e+00 7.799779796855613734e-17
5.948000000000000398e+00 7.753526344907245496e-17
5.948500000000000121e+00 7.707543326649972693e-17
5.948999999999999844e+00 7.661829184097862316e-17
5.949500000000000455e+00 7.616382368103036277e-17
5.950000000000000178e+00 7.571201338306609191e-17
5.950499999999999901e+00 7.526284563089136818e-17
5.951000000000000512e+00 7.481630519522050581e-17
5.951500000000000234e+00 7.437237693319291761e-17
5.951999999999999957e+00 7.393104578788679461e-17
5.952499999999999680e+00 7.349229678784345985e-17
5.953000000000000291e+00 7.305611504658534977e-17
5.953500000000000014e+00 7.262248576214714728e-17
5.953999999999999737e+00 7.219139421659843468e-17
5.954500000000000348e+00 7.176282577557589911e-17
5.955000000000000071e+00 7.133676588781944537e-17
5.955499999999999794e+00 7.091320008470384676e-17
5.956000000000000405e+00 7.049211397977692859e-17
5.956500000000000128e+00 7.007349326830496250e-17
5.956999999999999851e+00 6.965732372681036927e-17
5.957500000000000462e+00 6.924359121262156277e-17
5.958000000000000185e+00 6.883228166341920700e-17
5.958499999999999908e+00 6.842338109678804450e-17
5.959000000000000519e+00 6.801687560976715937e-17
5.959500000000000242e+00 6.761275137841259085e-17
5.959999999999999964e+00 6.721099465734759635e-17
5.960499999999999687e+00 6.681159177932765623e-17
5.961000000000000298e+00 6.641452915480158374e-17
5.961500000000000021e+00 6.601979327148016592e-17
5.961999999999999744e+00 6.562737069389977567e-17
5.962500000000000355e+00 6.523724806299386000e-17
5.963000000000000078e+00 6.484941209566885336e-17
5.963499999999999801e+00 6.446384958437333634e-17
5.964000000000000412e+00 6.408054739667774535e-17
5.964500000000000135e+00 6.369949247485838405e-17
5.964999999999999858e+00 6.332067183547062502e-17
5.965500000000000469e+00 6.294407256893901018e-17
5.966000000000000192e+00 6.256968183914459027e-17
5.966499999999999915e+00 6.219748688300828303e-17
5.967000000000000526e+00 6.182747501008626155e-17
5.967500000000000249e+00 6.145963360216282802e-17
5.967999999999999972e+00 6.109395011284365736e-17
5.968499999999999694e+00 6.073041206715526544e-17
5.969000000000000306e+00 6.036900706114365141e-17
5.969500000000000028e+00 6.000972276147939889e-17
5.969999999999999751e+00 5.965254690505862325e-17
5.970500000000000362e+00 5.929746729860898492e-17
5.971000000000000085e+00 5.894447181830393641e-17
5.971499999999999808e+00 5.859354840936675109e-17
5.972000000000000419e+00 5.824468508568642190e-17
5.972500000000000142e+00 5.789786992943494055e-17
5.972999999999999865e+00 5.755309109068062009e-17
5.973500000000000476e+00 5.721033678700925679e-17
5.974000000000000199e+00 5.686959530314669717e-17
5.974499999999999922e+00 5.653085499057945752e-17
5.975000000000000533e+00 5.619410426718291161e-17
5.975500000000000256e+00 5.585933161684917017e-17
5.975999999999999979e+00 5.552652558911330874e-17
5.976499999999999702e+00 5.519567479878904338e-17
5.977000000000000313e+00 5.486676792559980873e-17
5.977500000000000036e+00 5.453979371381804524e-17
5.977999999999999758e+00 5.421474097189793509e-17
5.978500000000000369e+00 5.389159857211914522e-17
5.979000000000000092e+00 5.357035545022821610e-17
5.979499999999999815e+00 5.325100060508041269e-17
5.980000000000000426e+00 5.293352309828622849e-17
5.980500000000000149e+00 5.261791205386140248e-17
5.980999999999999872e+00 5.230415665787350326e-17
5.981500000000000483e+00 5.199224615809313541e-17
5.982000000000000206e+00 5.168216986365231347e-17
5.982499999999999929e+00 5.137391714469393031e-17
5.983000000000000540e+00 5.106747743203167182e-17
5.983500000000000263e+00 5.076284021681136756e-17
5.983999999999999986e+00 5.045999505016744182e-17
5.984499999999999709e+00 5.015893154288978013e-17
5.985000000000000320e+00 4.985963936508645425e-17
5.985500000000000043e+00 4.956210824585181512e-17
5.985999999999999766e+00 4.926632797293425912e-17
5.986500000000000377e+00 4.897228839240523931e-17
5.987000000000000099e+00 4.867997940833489572e-17
5.987499999999999822e+00 4.838939098246259493e-17
5.988000000000000433e+00 4.810051313387371286e-17
5.988500000000000156e+00 4.781333593867967149e-17
5.988999999999999879e+00 4.752784952969313777e-17
5.989500000000000490e+00 4.724404409611096314e-17
5.990000000000000213e+00 4.696190988320001350e-17
5.990499999999999936e+00 4.668143719197682392e-17
5.991000000000000547e+00 4.640261637889670112e-17
5.991500000000000270e+00 4.612543785554214810e-17
5.991999999999999993e+00 4.584989208831205909e-17
5.992499999999999716e+00 4.557596959811233818e-17
5.993000000000000327e+00 4.530366096005080733e-17
5.993500000000000050e+00 4.503295680313183713e-17
5.993999999999999773e+00 4.476384780995267845e-17
5.994500000000000384e+00 4.449632471640057067e-17
5.995000000000000107e+00 4.423037831135622247e-17
5.995499999999999829e+00 4.396599943639107408e-17
5.996000000000000441e+00 4.370317898547342811e-17
5.996500000000000163e+00 4.344190790467442018e-17
5.996999999999999886e+00 4.318217719187109286e-17
5.997500000000000497e+00 4.292397789645657558e-17
5.998000000000000220e+00 4.266730111905146016e-17
5.998499999999999943e+00 4.241213801121240299e-17
5.999000000000000554e+00 4.215847977514650805e-17
5.999500000000000277e+00 4.190631766342651734e-17
6.000000000000000000e+00 4.165564297870638953e-17
6.000499999999999723e+00 4.140644707343828994e-17
6.001000000000000334e+00 4.115872134959333996e-17
6.001500000000000057e+00 4.091245725838259449e-17
6.001999999999999780e+00 4.066764629997798234e-17
6.002500000000000391e+00 4.042428002323694455e-17
6.003000000000000114e+00 4.018235002542991370e-17
6.003499999999999837e+00 3.994184795196368262e-17
6.004000000000000448e+00 3.970276549611281568e-17
6.004500000000000171e+00 3.946509439874941471e-17
6.004999999999999893e+00 3.922882644807325456e-17
6.005500000000000504e+00 3.899395347934547473e-17
6.006000000000000227e+00 3.876046737462468698e-17
6.006499999999999950e+00 3.852836006250056833e-17
6.007000000000000561e+00 3.829762351783237830e-17
6.007500000000000284e+00 3.806824976148873964e-17
6.008000000000000007e+00 3.784023086008638358e-17
6.008499999999999730e+00 3.761355892573275314e-17
6.009000000000000341e+00 3.738822611576956791e-17
6.009500000000000064e+00 3.716422463251771378e-17
6.009999999999999787e+00 3.694154672302205264e-17
6.010500000000000398e+00 3.672018467879967712e-17
6.011000000000000121e+00 3.650013083558965064e-17
6.011499999999999844e+00 3.628137757310144706e-17
6.012000000000000455e+00 3.606391731476819129e-17
6.012500000000000178e+00 3.584774252749974583e-17
6.012999999999999901e+00 3.563284572143585278e-17
6.013500000000000512e+00 3.541921944970244358e-17
6.014000000000000234e+00 3.520685630817058660e-17
6.014499999999999957e+00 3.499574893521167518e-17
6.015000000000000568e+00 3.478589001145984495e-17
6.015500000000000291e+00 3.457727225957286887e-17
6.016000000000000014e+00 3.436988844399341585e-17
6.016499999999999737e+00 3.416373137071391471e-17
6.017000000000000348e+00 3.395879388704092519e-17
6.017500000000000071e+00 3.375506888136331140e-17
6.017999999999999794e+00 3.355254928291779608e-17
6.018500000000000405e+00 3.335122806155896447e-17
6.019000000000000128e+00 3.315109822753032214e-17
6.019499999999999851e+00 3.295215283123420642e-17
6.020000000000000462e+00 3.275438496300612286e-17
6.020500000000000185e+00 3.255778775288904477e-17
6.020999999999999908e+00 3.236235437040675126e-17
6.021500000000000519e+00 3.216807802434233607e-17
6.022000000000000242e+00 3.197495196251674720e-17
6.022499999999999964e+00 3.178296947156539751e-17
6.022999999999999687e+00 3.159212387672011863e-17
6.023500000000000298e+00 3.140240854159073898e-17
6.024000000000000021e+00 3.121381686794806684e-17
6.024499999999999744e+00 3.102634229550679341e-17
6.025000000000000355e+00 3.083997830171113832e-17
6.025500000000000078e+00 3.065471840152256596e-17
6.025999999999999801e+00 3.047055614720559121e-17
6.026500000000000412e+00 3.028748512811636475e-17
6.027000000000000135e+00 3.010549897049543067e-17
6.027499999999999858e+00 2.992459133725537497e-17
6.028000000000000469e+00 2.974475592777460004e-17
6.028500000000000192e+00 2.956598647769208529e-17
6.028999999999999915e+00 2.938827675869915249e-17
6.029500000000000526e+00 2.921162057833736328e-17
6.030000000000000249e+00 2.903601177979513487e-17
6.030499999999999972e+00 2.886144424170452818e-17
6.030999999999999694e+00 2.868791187794199268e-17
6.031500000000000306e+00 2.851540863742681864e-17
6.032000000000000028e+00 2.834392850392467987e-17
6.032499999999999751e+00 2.817346549584811976e-17
6.033000000000000362e+00 2.800401366606090760e-17
6.033500000000000085e+00 2.783556710168311599e-17
6.033999999999999808e+00 2.766811992389647553e-17
6.034500000000000419e+00 2.750166628775040139e-17
6.035000000000000142e+00 2.733620038197191475e-17
6.035499999999999865e+00 2.717171642877263381e-17
6.036000000000000476e+00 2.700820868365944723e-17
6.036500000000000199e+00 2.684567143524695313e-17
6.036999999999999922e+00 2.668409900506713721e-17
6.037500000000000533e+00 2.652348574738451116e-17
6.038000000000000256e+00 2.636382604901015724e-17
6.038499999999999979e+00 2.620511432911609324e-17
6.038999999999999702e+00 2.604734503905234615e-17
6.039500000000000313e+00 2.589051266216375769e-17
6.040000000000000036e+00 2.573461171360963404e-17
6.040499999999999758e+00 2.557963674018147280e-17
6.041000000000000369e+00 2.542558232012411647e-17
6.041500000000000092e+00 2.527244306295765172e-17
6.041999999999999815e+00 2.512021360929858755e-17
6.042500000000000426e+00 2.496888863068428136e-17
6.043000000000000149e+00 2.481846282939734344e-17
6.043499999999999872e+00 2.466893093829025100e-17
6.044000000000000483e+00 2.452028772061135197e-17
6.044500000000000206e+00 2.437252796983444021e-17
6.044999999999999929e+00 2.422564650948405364e-17
6.045500000000000540e+00 2.407963819296661181e-17
6.046000000000000263e+00 2.393449790340060122e-17
6.046499999999999986e+00 2.379022055344614134e-17
6.046999999999999709e+00 2.364680108513879995e-17
6.047500000000000320e+00 2.350423446972140860e-17
6.048000000000000043e+00 2.336251570747933248e-17
6.048499999999999766e+00 2.322163982757404227e-17
6.049000000000000377e+00 2.308160188787873530e-17
6.049500000000000099e+00 2.294239697481718605e-17
6.049999999999999822e+00 2.280402020319878482e-17
6.050500000000000433e+00 2.266646671605819256e-17
6.051000000000000156e+00 2.252973168449576290e-17
6.051499999999999879e+00 2.239381030751581337e-17
6.052000000000000490e+00 2.225869781186942325e-17
6.052500000000000213e+00 2.212438945189644572e-17
6.052999999999999936e+00 2.199088050936751381e-17
6.053500000000000547e+00 2.185816629332891828e-17
6.054000000000000270e+00 2.172624213994751019e-17
6.054499999999999993e+00 2.159510341235491009e-17
6.054999999999999716e+00 2.146474550049558762e-17
6.055500000000000327e+00 2.133516382097310757e-17
6.056000000000000050e+00 2.120635381689974400e-17
6.056499999999999773e+00 2.107831095774367856e-17
6.057000000000000384e+00 2.095103073917986257e-17
6.057500000000000107e+00 2.082450868294146163e-17
6.057999999999999829e+00 2.069874033667013840e-17
6.058500000000000441e+00 2.057372127376888385e-17
6.059000000000000163e+00 2.044944709325631218e-17
6.059499999999999886e+00 2.032591341961879251e-17
6.060000000000000497e+00 2.020311590266682696e-17
6.060500000000000220e+00 2.008105021739054727e-17
6.060999999999999943e+00 1.995971206381555978e-17
6.061500000000000554e+00 1.983909716686050055e-17
6.062000000000000277e+00 1.971920127619614355e-17
6.062500000000000000e+00 1.960002016610248745e-17
6.062999999999999723e+00 1.948154963532997770e-17
6.063500000000000334e+00 1.936378550695916018e-17
6.064000000000000057e+00 1.924672362826265209e-17
6.064499999999999780e+00 1.913035987056619462e-17
6.065000000000000391e+00 1.901469012911231555e-17
6.065500000000000114e+00 1.889971032292404433e-17
6.065999999999999837e+00 1.878541639466804159e-17
6.066500000000000448e+00 1.867180431052081329e-17
6.067000000000000171e+00 1.855887006003494948e-17
6.067499999999999893e+00 1.844660965600431536e-17
6.068000000000000504e+00 1.833501913433207428e-17
6.068500000000000227e+00 1.822409455390011885e-17
6.068999999999999950e+00 1.811383199643543921e-17
6.069500000000000561e+00 1.800422756638143698e-17
6.070000000000000284e+00 1.789527739076846889e-17
6.070500000000000007e+00 1.778697761908339197e-17
6.070999999999999730e+00 1.767932442314286200e-17
6.071500000000000341e+00 1.757231399696445033e-17
6.072000000000000064e+00 1.746594255664173263e-17
6.072499999999999787e+00 1.736020634021622537e-17
6.073000000000000398e+00 1.725510160755289984e-17
6.073500000000000121e+00 1.715062464021624476e-17
6.073999999999999844e+00 1.704677174134473563e-17
6.074500000000000455e+00 1.694353923552878630e-17
6.075000000000000178e+00 1.684092346868804411e-17
6.075499999999999901e+00 1.673892080794893154e-17
6.076000000000000512e+00 1.663752764152367934e-17
6.076500000000000234e+00 1.653674037859053674e-17
6.076999999999999957e+00 1.643655544917285390e-17
6.077500000000000568e+00 1.633696930402041382e-17
6.078000000000000291e+00 1.623797841449128187e-17
6.078500000000000014e+00 1.613957927243316239e-17
6.078999999999999737e+00 1.604176839006717421e-17
6.079500000000000348e+00 1.594454229987031652e-17
6.080000000000000071e+00 1.584789755446085909e-17
6.080499999999999794e+00 1.575183072648203153e-17
6.081000000000000405e+00 1.565633840848781410e-17
6.081500000000000128e+00 1.556141721282981007e-17
6.081999999999999851e+00 1.546706377154254668e-17
6.082500000000000462e+00 1.537327473623195292e-17
6.083000000000000185e+00 1.528004677796326737e-17
6.083499999999999908e+00 1.518737658714912779e-17
6.084000000000000519e+00 1.509526087343906280e-17
6.084500000000000242e+00 1.500369636561013605e-17
6.084999999999999964e+00 1.491267981145606194e-17
6.085499999999999687e+00 1.482220797767951689e-17
6.086000000000000298e+00 1.473227764978323643e-17
6.086500000000000021e+00 1.464288563196289656e-17
6.086999999999999744e+00 1.455402874699944965e-17
6.087500000000000355e+00 1.446570383615289315e-17
6.088000000000000078e+00 1.437790775905704305e-17
6.088499999999999801e+00 1.429063739361337962e-17
6.089000000000000412e+00 1.420388963588670519e-17
6.089500000000000135e+00 1.411766140000178176e-17
6.089999999999999858e+00 1.403194961803866216e-17
6.090500000000000469e+00 1.394675123993039693e-17
6.091000000000000192e+00 1.386206323336123429e-17
6.091499999999999915e+00 1.377788258366397889e-17
6.092000000000000526e+00 1.369420629371914854e-17
6.092500000000000249e+00 1.361103138385506162e-17
6.092999999999999972e+00 1.352835489174664713e-17
6.093499999999999694e+00 1.344617387231667229e-17
6.094000000000000306e+00 1.336448539763685753e-17
6.094500000000000028e+00 1.328328655682961403e-17
6.094999999999999751e+00 1.320257445596979664e-17
6.095500000000000362e+00 1.312234621798767090e-17
6.096000000000000085e+00 1.304259898257278912e-17
6.096499999999999808e+00 1.296332990607710377e-17
6.097000000000000419e+00 1.288453616141929035e-17
6.097500000000000142e+00 1.280621493799088373e-17
6.097999999999999865e+00 1.272836344156030525e-17
6.098500000000000476e+00 1.265097889417951822e-17
6.099000000000000199e+00 1.257405853409101635e-17
6.099499999999999922e+00 1.249759961563418962e-17
6.100000000000000533e+00 1.242159940915283651e-17
6.100500000000000256e+00 1.234605520090444347e-17
6.100999999999999979e+00 1.227096429296739668e-17
6.101499999999999702e+00 1.219632400315086703e-17
6.102000000000000313e+00 1.212213166490446550e-17
6.102500000000000036e+00 1.204838462722851641e-17
6.102999999999999758e+00 1.197508025458430910e-17
6.103500000000000369e+00 1.190221592680556056e-17
6.104000000000000092e+00 1.182978903901027879e-17
6.104499999999999815e+00 1.175779700151277701e-17
6.105000000000000426e+00 1.168623723973595915e-17
6.105500000000000149e+00 1.161510719412575462e-17
6.105999999999999872e+00 1.154440432006312487e-17
6.106500000000000483e+00 1.147412608777931324e-17
6.107000000000000206e+00 1.140426998227057559e-17
6.107499999999999929e+00 1.133483350321272749e-17
6.108000000000000540e+00 1.126581416487669152e-17
6.108500000000000263e+00 1.119720949604563442e-17
6.108999999999999986e+00 1.112901703993023394e-17
6.109499999999999709e+00 1.106123435408645086e-17
6.110000000000000320e+00 1.099385901033271246e-17
6.110500000000000043e+00 1.092688859466843644e-17
6.110999999999999766e+00 1.086032070719183684e-17
6.111500000000000377e+00 1.079415296201875150e-17
6.112000000000000099e+00 1.072838298720301180e-17
6.112499999999999822e+00 1.066300842465493572e-17
6.113000000000000433e+00 1.059802693006244952e-17
6.113500000000000156e+00 1.053343617281180099e-17
6.113999999999999879e+00 1.046923383590805249e-17
6.114500000000000490e+00 1.040541761589730107e-17
6.115000000000000213e+00 1.034198522278895568e-17
6.115499999999999936e+00 1.027893437997734719e-17
6.116000000000000547e+00 1.021626282416541531e-17
6.116500000000000270e+00 1.015396830528800270e-17
6.116999999999999993e+00 1.009204858643530770e-17
6.117499999999999716e+00 1.003050144377741406e-17
6.118000000000000327e+00 9.969324666488752930e-18
6.118500000000000050e+00 9.908516056673763443e-18
6.118999999999999773e+00 9.848073429291505706e-18
6.119500000000000384e+00 9.787994612082299793e-18
6.120000000000000107e+00 9.728277445494036590e-18
6.120499999999999829e+00 9.668919782608594942e-18
6.121000000000000441e+00 9.609919489069195579e-18
6.121500000000000163e+00 9.551274443008417555e-18
6.121999999999999886e+00 9.492982534975601478e-18
6.122500000000000497e+00 9.435041667865560825e-18
6.123000000000000220e+00 9.377449756847610654e-18
6.123499999999999943e+00 9.320204729294345175e-18
6.124000000000000554e+00 9.263304524711683349e-18
6.124500000000000277e+00 9.206747094668962258e-18
6.125000000000000000e+00 9.150530402728793194e-18
6.125499999999999723e+00 9.094652424378546311e-18
6.126000000000000334e+00 9.039111146961120385e-18
6.126500000000000057e+00 8.983904569607143911e-18
6.126999999999999780e+00 8.929030703166131586e-18
6.127500000000000391e+00 8.874487570139529734e-18
6.128000000000000114e+00 8.820273204613413534e-18
6.128499999999999837e+00 8.766385652191332153e-18
6.129000000000000448e+00 8.712822969927973551e-18
6.129500000000000171e+00 8.659583226263505683e-18
6.129999999999999893e+00 8.606664500957062582e-18
6.130500000000000504e+00 8.554064885022025403e-18
6.131000000000000227e+00 8.501782480660987631e-18
6.131499999999999950e+00 8.449815401200858934e-18
6.132000000000000561e+00 8.398161771028748652e-18
6.132500000000000284e+00 8.346819725528525665e-18
6.133000000000000007e+00 8.295787411016538549e-18
6.133499999999999730e+00 8.245062984679119923e-18
6.134000000000000341e+00 8.194644614509457551e-18
6.134500000000000064e+00 8.144530479245460753e-18
6.134999999999999787e+00 8.094718768307273998e-18
6.135500000000000398e+00 8.045207681735915234e-18
6.136000000000000121e+00 7.995995430131900353e-18
6.136499999999999844e+00 7.947080234593943150e-18
6.137000000000000455e+00 7.898460326658453394e-18
6.137500000000000178e+00 7.850133948239384636e-18
6.137999999999999901e+00 7.802099351567849379e-18
6.138500000000000512e+00 7.754354799132823544e-18
6.139000000000000234e+00 7.706898563621832448e-18
6.139499999999999957e+00 7.659728927861718445e-18
6.140000000000000568e+00 7.612844184760172778e-18
6.140500000000000291e+00 7.566242637247550917e-18
6.141000000000000014e+00 7.519922598218798843e-18
6.141499999999999737e+00 7.473882390475656661e-18
6.142000000000000348e+00 7.428120346669626417e-18
6.142500000000000071e+00 7.382634809244984608e-18
6.142999999999999794e+00 7.337424130381817790e-18
6.143500000000000405e+00 7.292486671939999592e-18
6.144000000000000128e+00 7.247820805403235515e-18
6.144499999999999851e+00 7.203424911822896652e-18
6.145000000000000462e+00 7.159297381763119900e-18
6.145500000000000185e+00 7.115436615245692470e-18
6.145999999999999908e+00 7.071841021694993395e-18
6.146500000000000519e+00 7.028509019883874904e-18
6.147000000000000242e+00 6.985439037879576146e-18
6.147499999999999964e+00 6.942629512989468970e-18
6.147999999999999687e+00 6.900078891708043240e-18
6.148500000000000298e+00 6.857785629663354424e-18
6.149000000000000021e+00 6.815748191564568968e-18
6.149499999999999744e+00 6.773965051148726199e-18
6.150000000000000355e+00 6.732434691128930040e-18
6.150500000000000078e+00 6.691155603142297284e-18
6.150999999999999801e+00 6.650126287698014497e-18
6.151500000000000412e+00 6.609345254126026619e-18
6.152000000000000135e+00 6.568811020526247111e-18
6.152499999999999858e+00 6.528522113717127150e-18
6.153000000000000469e+00 6.488477069185586845e-18
6.153500000000000192e+00 6.448674431036724585e-18
6.153999999999999915e+00 6.409112751943618056e-18
6.154500000000000526e+00 6.369790593097760052e-18
6.155000000000000249e+00 6.330706524159967289e-18
6.155499999999999972e+00 6.291859123210696037e-18
6.155999999999999694e+00 6.253246976701700508e-18
6.156500000000000306e+00 6.214868679407222853e-18
6.157000000000000028e+00 6.176722834375935825e-18
6.157499999999999751e+00 6.138808052882638908e-18
6.158000000000000362e+00 6.101122954380802639e-18
6.158500000000000085e+00 6.063666166455112918e-18
6.158999999999999808e+00 6.026436324774075418e-18
6.159500000000000419e+00 5.989432073043240905e-18
6.160000000000000142e+00 5.952652062958684789e-18
6.160499999999999865e+00 5.916094954160339529e-18
6.161000000000000476e+00 5.879759414186135930e-18
6.161500000000000199e+00 5.843644118426154454e-18
6.161999999999999922e+00 5.807747750076831228e-18
6.162500000000000533e+00 5.772069000095766486e-18
6.163000000000000256e+00 5.736606567156730220e-18
6.163499999999999979e+00 5.701359157604779538e-18
6.163999999999999702e+00 5.666325485411583256e-18
6.164500000000000313e+00 5.631504272131328113e-18
6.165000000000000036e+00 5.596894246856673526e-18
6.165499999999999758e+00 5.562494146174724829e-18
6.166000000000000369e+00 5.528302714123763023e-18
6.166500000000000092e+00 5.494318702149799648e-18
6.166999999999999815e+00 5.460540869063570763e-18
6.167500000000000426e+00 5.426967980997699647e-18
6.168000000000000149e+00 5.393598811364297064e-18
6.168499999999999872e+00 5.360432140812382802e-18
6.169000000000000483e+00 5.327466757186050626e-18
6.169500000000000206e+00 5.294701455482670205e-18
6.169999999999999929e+00 5.262135037810968857e-18
6.170500000000000540e+00 5.229766313350015413e-18
6.171000000000000263e+00 5.197594098308036122e-18
6.171499999999999986e+00 5.165617215881491727e-18
6.171999999999999709e+00 5.133834496214332488e-18
6.172500000000000320e+00 5.102244776357766277e-18
6.173000000000000043e+00 5.070846900230082141e-18
6.173499999999999766e+00 5.039639718576510835e-18
6.174000000000000377e+00 5.008622088929626937e-18
6.174500000000000099e+00 4.977792875569916585e-18
6.174999999999999822e+00 4.947150949486441515e-18
6.175500000000000433e+00 4.916695188337621734e-18
6.176000000000000156e+00 4.886424476412914908e-18
6.176499999999999879e+00 4.856337704593646795e-18
6.177000000000000490e+00 4.826433770314897868e-18
6.177500000000000213e+00 4.796711577527544771e-18
6.177999999999999936e+00 4.767170036659877307e-18
6.178500000000000547e+00 4.737808064580233087e-18
6.179000000000000270e+00 4.708624584559445750e-18
6.179499999999999993e+00 4.679618526233401796e-18
6.179999999999999716e+00 4.650788825566061200e-18
6.180500000000000327e+00 4.622134424812634395e-18
6.181000000000000050e+00 4.593654272482994226e-18
6.181499999999999773e+00 4.565347323304942307e-18
6.182000000000000384e+00 4.537212538188246512e-18
6.182500000000000107e+00 4.509248884188707747e-18
6.182999999999999829e+00 4.481455334471959398e-18
6.183500000000000441e+00 4.453830868278181987e-18
6.184000000000000163e+00 4.426374470886694560e-18
6.184499999999999886e+00 4.399085133580463656e-18
6.185000000000000497e+00 4.371961853611362606e-18
6.185500000000000220e+00 4.345003634165460116e-18
6.185999999999999943e+00 4.318209484328046920e-18
6.186500000000000554e+00 4.291578419049547589e-18
6.187000000000000277e+00 4.265109459111282890e-18
6.187500000000000000e+00 4.238801631091309952e-18
6.187999999999999723e+00 4.212653967330732358e-18
6.188500000000000334e+00 4.186665505899996370e-18
6.189000000000000057e+00 4.160835290565667101e-18
6.189499999999999780e+00 4.135162370756964319e-18
6.190000000000000391e+00 4.109645801532686535e-18
6.190500000000000114e+00 4.084284643548749063e-18
6.190999999999999837e+00 4.059077963025041847e-18
6.191500000000000448e+00 4.034024831713166286e-18
6.192000000000000171e+00 4.009124326864289150e-18
6.192499999999999893e+00 3.984375531196776940e-18
6.193000000000000504e+00 3.959777532864394167e-18
6.193500000000000227e+00 3.935329425424655698e-18
6.193999999999999950e+00 3.911030307807068942e-18
6.194500000000000561e+00 3.886879284281941487e-18
6.195000000000000284e+00 3.862875464429205692e-18
6.195500000000000007e+00 3.839017963107167770e-18
6.195999999999999730e+00 3.815305900421944055e-18
6.196500000000000341e+00 3.791738401696617621e-18
6.197000000000000064e+00 3.768314597440998864e-18
6.197499999999999787e+00 3.745033623320972406e-18
6.198000000000000398e+00 3.721894620128636706e-18
6.198500000000000121e+00 3.698896733752318102e-18
6.198999999999999844e+00 3.676039115146655723e-18
6.199500000000000455e+00 3.653320920303041548e-18
6.200000000000000178e+00 3.630741310220334716e-18
6.200499999999999901e+00 3.608299450875378621e-18
6.201000000000000512e+00 3.585994513193876223e-18
6.201500000000000234e+00 3.563825673021780753e-18
6.201999999999999957e+00 3.541792111096117865e-18
6.202500000000000568e+00 3.519893013016565850e-18
6.203000000000000291e+00 3.498127569217156021e-18
6.203500000000000014e+00 3.476494974937681122e-18
6.203999999999999737e+00 3.454994430195848699e-18
6.204500000000000348e+00 3.433625139759186398e-18
6.205000000000000071e+00 3.412386313117345942e-18
6.205499999999999794e+00 3.391277164454428672e-18
6.206000000000000405e+00 3.370296912621411619e-18
6.206500000000000128e+00 3.349444781109083573e-18
6.206999999999999851e+00 3.328719998020642174e-18
6.207500000000000462e+00 3.308121796044772497e-18
6.208000000000000185e+00 3.287649412428968302e-18
6.208499999999999908e+00 3.267302088952558608e-18
6.209000000000000519e+00 3.247079071900295112e-18
6.209500000000000242e+00 3.226979612036197670e-18
6.209999999999999964e+00 3.207002964576890186e-18
6.210499999999999687e+00 3.187148389165841293e-18
6.211000000000000298e+00 3.167415149847348128e-18
6.211500000000000021e+00 3.147802515040822854e-18
6.211999999999999744e+00 3.128309757514961698e-18
6.212500000000000355e+00 3.108936154362466740e-18
6.213000000000000078e+00 3.089680986974685268e-18
6.213499999999999801e+00 3.070543541016291885e-18
6.214000000000000412e+00 3.051523106400376990e-18
6.214500000000000135e+00 3.032618977263567233e-18
6.214999999999999858e+00 3.013830451941078175e-18
6.215500000000000469e+00 2.995156832942273844e-18
6.216000000000000192e+00 2.976597426926262130e-18
6.216499999999999915e+00 2.958151544677328005e-18
6.217000000000000526e+00 2.939818501080877499e-18
6.217500000000000249e+00 2.921597615099492232e-18
6.217999999999999972e+00 2.903488209748830252e-18
6.218499999999999694e+00 2.885489612073959819e-18
6.219000000000000306e+00 2.867601153125683954e-18
6.219500000000000028e+00 2.849822167937103023e-18
6.219999999999999751e+00 2.832151995500213533e-18
6.220500000000000362e+00 2.814589978742578188e-18
6.221000000000000085e+00 2.797135464504517872e-18
6.221499999999999808e+00 2.779787803515826768e-18
6.222000000000000419e+00 2.762546350373090299e-18
6.222500000000000142e+00 2.745410463517106293e-18
6.222999999999999865e+00 2.728379505210065025e-18
6.223500000000000476e+00 2.711452841513314743e-18
6.224000000000000199e+00 2.694629842265035516e-18
6.224499999999999922e+00 2.677909881057968933e-18
6.225000000000000533e+00 2.661292335217412435e-18
6.225500000000000256e+00 2.644776585779412000e-18
6.225999999999999979e+00 2.628362017468818878e-18
6.226499999999999702e+00 2.612048018677643287e-18
6.227000000000000313e+00 2.595833981443570665e-18
6.227500000000000036e+00 2.579719301428618903e-18
6.227999999999999758e+00 2.563703377897640344e-18
6.228500000000000369e+00 2.547785613697269437e-18
6.229000000000000092e+00 2.531965415234960540e-18
6.229499999999999815e+00 2.516242192457903984e-18
6.230000000000000426e+00 2.500615358832275729e-18
6.230500000000000149e+00 2.485084331322679594e-18
6.230999999999999872e+00 2.469648530371351070e-18
6.231500000000000483e+00 2.454307379877891913e-18
6.232000000000000206e+00 2.439060307178925393e-18
6.232499999999999929e+00 2.423906743027800069e-18
6.233000000000000540e+00 2.408846121574550879e-18
6.233500000000000263e+00 2.393877880345960368e-18
6.233999999999999986e+00 2.379001460225662292e-18
6.234499999999999709e+00 2.364216305434347298e-18
6.235000000000000320e+00 2.349521863510203174e-18
6.235500000000000043e+00 2.334917585289461808e-18
6.235999999999999766e+00 2.320402924886815169e-18
6.236500000000000377e+00 2.305977339676222266e-18
6.237000000000000099e+00 2.291640290271831653e-18
6.237499999999999822e+00 2.277391240508699405e-18
6.238000000000000433e+00 2.263229657423977404e-18
6.238500000000000156e+00 2.249155011238116648e-18
6.238999999999999879e+00 2.235166775335950766e-18
6.239500000000000490e+00 2.221264426248162411e-18
6.240000000000000213e+00 2.207447443632844022e-18
6.240499999999999936e+00 2.193715310256936477e-18
6.241000000000000547e+00 2.180067511977990928e-18
6.241500000000000270e+00 2.166503537725993411e-18
6.241999999999999993e+00 2.153022879485242228e-18
6.242499999999999716e+00 2.139625032276324717e-18
6.243000000000000327e+00 2.126309494138231134e-18
6.243500000000000050e+00 2.113075766110727003e-18
6.243999999999999773e+00 2.099923352216442740e-18
6.244500000000000384e+00 2.086851759443405850e-18
6.245000000000000107e+00 2.073860497727655176e-18
6.245499999999999829e+00 2.060949079935672948e-18
6.246000000000000441e+00 2.048117021847263270e-18
6.246500000000000163e+00 2.035363842138362803e-18
6.246999999999999886e+00 2.022689062363896145e-18
6.247500000000000497e+00 2.010092206940832648e-18
6.248000000000000220e+00 1.997572803131397322e-18
6.248499999999999943e+00 1.985130381026178882e-18
6.249000000000000554e+00 1.972764473527438876e-18
6.249500000000000277e+00 1.960474616332710846e-18
6.250000000000000000e+00 1.948260347918089035e-18
6.250499999999999723e+00 1.936121209521966605e-18
6.251000000000000334e+00 1.924056745128669085e-18
6.251500000000000057e+00 1.912066501452420617e-18
6.251999999999999780e+00 1.900150027920975867e-18
6.252500000000000391e+00 1.888306876659786564e-18
6.253000000000000114e+00 1.876536602476107189e-18
6.253499999999999837e+00 1.864838762843008216e-18
6.254000000000000448e+00 1.853212917883774150e-18
6.254500000000000171e+00 1.841658630356245722e-18
6.254999999999999893e+00 1.830175465637202902e-18
6.255500000000000504e+00 1.818762991706942058e-18
6.256000000000000227e+00 1.807420779133927830e-18
6.256499999999999950e+00 1.796148401059488153e-18
6.257000000000000561e+00 1.784945433182552419e-18
6.257500000000000284e+00 1.773811453744739382e-18
6.258000000000000007e+00 1.762746043515072596e-18
6.258499999999999730e+00 1.751748785775290191e-18
6.259000000000000341e+00 1.740819266304825701e-18
6.259500000000000064e+00 1.729957073366212984e-18
6.259999999999999787e+00 1.719161797690241726e-18
6.260500000000000398e+00 1.708433032461483313e-18
6.261000000000000121e+00 1.697770373303824590e-18
6.261499999999999844e+00 1.687173418265919580e-18
6.262000000000000455e+00 1.676641767806929513e-18
6.262500000000000178e+00 1.666175024782332960e-18
6.262999999999999901e+00 1.655772794429651996e-18
6.263500000000000512e+00 1.645434684354417948e-18
6.264000000000000234e+00 1.635160304516202623e-18
6.264499999999999957e+00 1.624949267214618536e-18
6.265000000000000568e+00 1.614801187075548697e-18
6.265500000000000291e+00 1.604715681037388351e-18
6.266000000000000014e+00 1.594692368337310013e-18
6.266499999999999737e+00 1.584730870497709156e-18
6.267000000000000348e+00 1.574830811312653374e-18
6.267500000000000071e+00 1.564991816834530291e-18
6.267999999999999794e+00 1.555213515360539473e-18
6.268500000000000405e+00 1.545495537419521957e-18
6.269000000000000128e+00 1.535837515758739129e-18
6.269499999999999851e+00 1.526239085330691269e-18
6.270000000000000462e+00 1.516699883280083829e-18
6.270500000000000185e+00 1.507219548930926581e-18
6.270999999999999908e+00 1.497797723773493152e-18
6.271500000000000519e+00 1.488434051451590819e-18
6.272000000000000242e+00 1.479128177749839931e-18
6.272499999999999964e+00 1.469879750580881695e-18
6.272999999999999687e+00 1.460688419972858277e-18
6.273500000000000298e+00 1.451553838056843418e-18
6.274000000000000021e+00 1.442475659054456582e-18
6.274499999999999744e+00 1.433453539265386209e-18
6.275000000000000355e+00 1.424487137055111713e-18
6.275500000000000078e+00 1.415576112842731802e-18
6.275999999999999801e+00 1.406720129088676464e-18
6.276500000000000412e+00 1.397918850282660664e-18
6.277000000000000135e+00 1.389171942931756477e-18
6.277499999999999858e+00 1.380479075548248565e-18
6.278000000000000469e+00 1.371839918637876561e-18
6.278500000000000192e+00 1.363254144688026622e-18
6.278999999999999915e+00 1.354721428155916033e-18
6.279500000000000526e+00 1.346241445456912641e-18
6.280000000000000249e+00 1.337813874953012207e-18
6.280499999999999972e+00 1.329438396941196734e-18
6.280999999999999694e+00 1.321114693641998687e-18
6.281500000000000306e+00 1.312842449188100829e-18
6.282000000000000028e+00 1.304621349613011949e-18
6.282499999999999751e+00 1.296451082839707148e-18
6.283000000000000362e+00 1.288331338669502129e-18
6.283500000000000085e+00 1.280261808770889735e-18
6.283999999999999808e+00 1.272242186668450251e-18
6.284500000000000419e+00 1.264272167731801962e-18
6.285000000000000142e+00 1.256351449164740830e-18
6.285499999999999865e+00 1.248479729994271361e-18
6.286000000000000476e+00 1.240656711059779031e-18
6.286500000000000199e+00 1.232882095002383162e-18
6.286999999999999922e+00 1.225155586254091242e-18
6.287500000000000533e+00 1.217476891027262548e-18
6.288000000000000256e+00 1.209845717304035370e-18
6.288499999999999979e+00 1.202261774825739978e-18
6.288999999999999702e+00 1.194724775082535772e-18
6.289500000000000313e+00 1.187234431302966003e-18
6.290000000000000036e+00 1.179790458443696800e-18
6.290499999999999758e+00 1.172392573179185330e-18
6.291000000000000369e+00 1.165040493891465239e-18
6.291500000000000092e+00 1.157733940660109288e-18
6.291999999999999815e+00 1.150472635252009015e-18
6.292500000000000426e+00 1.143256301111405357e-18
6.293000000000000149e+00 1.136084663349969913e-18
6.293499999999999872e+00 1.128957448736786067e-18
6.294000000000000483e+00 1.121874385688579515e-18
6.294500000000000206e+00 1.114835204259914511e-18
6.294999999999999929e+00 1.107839636133416499e-18
6.295500000000000540e+00 1.100887414610107409e-18
6.296000000000000263e+00 1.093978274599830130e-18
6.296499999999999986e+00 1.087111952611608651e-18
6.296999999999999709e+00 1.080288186744178260e-18
6.297500000000000320e+00 1.073506716676512287e-18
6.298000000000000043e+00 1.066767283658446669e-18
6.298499999999999766e+00 1.060069630501318396e-18
6.299000000000000377e+00 1.053413501568645549e-18
6.299500000000000099e+00 1.046798642766966997e-18
6.299999999999999822e+00 1.040224801536584840e-18
6.300500000000000433e+00 1.033691726842459959e-18
6.301000000000000156e+00 1.027199169165189419e-18
6.301499999999999879e+00 1.020746880491888926e-18
6.302000000000000490e+00 1.014334614307298303e-18
6.302500000000000213e+00 1.007962125584858270e-18
6.302999999999999936e+00 1.001629170777811688e-18
6.303500000000000547e+00 9.953355078104062961e-19
6.304000000000000270e+00 9.890808960691841110e-19
6.304499999999999993e+00 9.828650963941822433e-19
6.304999999999999716e+00 9.766878710703596181e-19
6.305500000000000327e+00 9.705489838189143053e-19
6.306000000000000050e+00 9.644481997888313836e-19
6.306499999999999773e+00 9.583852855482663296e-19
6.307000000000000384e+00 9.523600090761387193e-19
6.307500000000000107e+00 9.463721397537596324e-19
6.307999999999999829e+00 9.404214483564130275e-19
6.308500000000000441e+00 9.345077070450765547e-19
6.309000000000000163e+00 9.286306893581756859e-19
6.309499999999999886e+00 9.227901702033588392e-19
6.310000000000000497e+00 9.169859258493108277e-19
6.310500000000000220e+00 9.112177339177024728e-19
6.310999999999999943e+00 9.054853733750600985e-19
6.311500000000000554e+00 8.997886245247719586e-19
6.312000000000000277e+00 8.941272689991285612e-19
6.312500000000000000e+00 8.885010897513855263e-19
6.312999999999999723e+00 8.829098710478649615e-19
6.313500000000000334e+00 8.773533984601562168e-19
6.314000000000000057e+00 8.718314588573280007e-19
6.314499999999999780e+00 8.663438403981571576e-19
6.315000000000000391e+00 8.608903325234468066e-19
6.315500000000000114e+00 8.554707259484188222e-19
6.315999999999999837e+00 8.500848126550297590e-19
6.316500000000000448e+00 8.447323858844654065e-19
6.317000000000000171e+00 8.394132401296439140e-19
6.317499999999999893e+00 8.341271711276769305e-19
6.318000000000000504e+00 8.288739758524793301e-19
6.318500000000000227e+00 8.236534525074207298e-19
6.318999999999999950e+00 8.184654005179073856e-19
6.319500000000000561e+00 8.133096205241395396e-19
6.320000000000000284e+00 8.081859143738731018e-19
6.320500000000000007e+00 8.030940851151452202e-19
6.320999999999999730e+00 7.980339369891509393e-19
6.321500000000000341e+00 7.930052754230881784e-19
6.322000000000000064e+00 7.880079070231400278e-19
6.322499999999999787e+00 7.830416395673247342e-19
6.323000000000000398e+00 7.781062819985673597e-19
6.323500000000000121e+00 7.732016444177491976e-19
6.323999999999999844e+00 7.683275380767225203e-19
6.324500000000000455e+00 7.634837753714868171e-19
6.325000000000000178e+00 7.586701698353441355e-19
6.325499999999999901e+00 7.538865361320748375e-19
6.326000000000000512e+00 7.491326900491901035e-19
6.326500000000000234e+00 7.444084484912507857e-19
6.326999999999999957e+00 7.397136294731197193e-19
6.327500000000000568e+00 7.350480521133760056e-19
6.328000000000000291e+00 7.304115366277086868e-19
6.328500000000000014e+00 7.258039043223296805e-19
6.328999999999999737e+00 7.212249775874669290e-19
6.329500000000000348e+00 7.166745798908855712e-19
6.330000000000000071e+00 7.121525357714510991e-19
6.330499999999999794e+00 7.076586708326771079e-19
6.331000000000000405e+00 7.031928117363947638e-19
6.331500000000000128e+00 6.987547861964354648e-19
6.331999999999999851e+00 6.943444229722802800e-19
6.332500000000000462e+00 6.899615518628318765e-19
6.333000000000000185e+00 6.856060037002184182e-19
6.333499999999999908e+00 6.812776103435639525e-19
6.334000000000000519e+00 6.769762046728559606e-19
6.334500000000000242e+00 6.727016205828663519e-19
6.334999999999999964e+00 6.684536929770188222e-19
6.335500000000000576e+00 6.642322577613772554e-19
6.336000000000000298e+00 6.600371518386659038e-19
6.336500000000000021e+00 6.558682131022567314e-19
6.336999999999999744e+00 6.517252804302607564e-19
6.337500000000000355e+00 6.476081936796147732e-19
6.338000000000000078e+00 6.435167936802497318e-19
6.338499999999999801e+00 6.394509222292253190e-19
6.339000000000000412e+00 6.354104220849306938e-19
6.339500000000000135e+00 6.313951369613828687e-19
6.339999999999999858e+00 6.274049115224273487e-19
6.340500000000000469e+00 6.234395913760784981e-19
6.341000000000000192e+00 6.194990230688852318e-19
6.341499999999999915e+00 6.155830540802496187e-19
6.342000000000000526e+00 6.116915328168728846e-19
6.342500000000000249e+00 6.078243086072098897e-19
6.342999999999999972e+00 6.039812316958939466e-19
6.343499999999999694e+00 6.001621532382787346e-19
6.344000000000000306e+00 5.963669252949545998e-19
6.344500000000000028e+00 5.925954008263710694e-19
6.344999999999999751e+00 5.888474336873584479e-19
6.345500000000000362e+00 5.851228786218188949e-19
6.346000000000000085e+00 5.814215912574000732e-19
6.346499999999999808e+00 5.777434281001439522e-19
6.347000000000000419e+00 5.740882465292578124e-19
6.347500000000000142e+00 5.704559047918701303e-19
6.347999999999999865e+00 5.668462619978024488e-19
6.348500000000000476e+00 5.632591781143995079e-19
6.349000000000000199e+00 5.596945139614107962e-19
6.349499999999999922e+00 5.561521312058214516e-19
6.350000000000000533e+00 5.526318923568067101e-19
6.350500000000000256e+00 5.491336607606708504e-19
6.350999999999999979e+00 5.456573005958019321e-19
6.351499999999999702e+00 5.422026768676869107e-19
6.352000000000000313e+00 5.387696554039483239e-19
6.352500000000000036e+00 5.353581028494149699e-19
6.352999999999999758e+00 5.319678866611785271e-19
6.353500000000000369e+00 5.285988751037454102e-19
6.354000000000000092e+00 5.252509372441971974e-19
6.354499999999999815e+00 5.219239429473277538e-19
6.355000000000000426e+00 5.186177628708730875e-19
6.355500000000000149e+00 5.153322684607645107e-19
6.355999999999999872e+00 5.120673319463589775e-19
6.356500000000000483e+00 5.088228263357461706e-19
6.357000000000000206e+00 5.055986254110739803e-19
6.357499999999999929e+00 5.023946037238894875e-19
6.358000000000000540e+00 4.992106365904986281e-19
6.358500000000000263e+00 4.960466000874044350e-19
6.358999999999999986e+00 4.929023710467009846e-19
6.359499999999999709e+00 4.897778270515468833e-19
6.360000000000000320e+00 4.866728464316391395e-19
6.360500000000000043e+00 4.835873082587471247e-19
6.360999999999999766e+00 4.805210923422212089e-19
6.361500000000000377e+00 4.774740792245534915e-19
6.362000000000000099e+00 4.744461501770114298e-19
6.362499999999999822e+00 4.714371871951987625e-19
6.363000000000000433e+00 4.684470729947214938e-19
6.363500000000000156e+00 4.654756910068750618e-19
6.363999999999999879e+00 4.625229253742942408e-19
6.364500000000000490e+00 4.595886609467024211e-19
6.365000000000000213e+00 4.566727832766647408e-19
6.365499999999999936e+00 4.537751786153216699e-19
6.366000000000000547e+00 4.508957339082036753e-19
6.366500000000000270e+00 4.480343367910695753e-19
6.366999999999999993e+00 4.451908755857088785e-19
6.367499999999999716e+00 4.423652392958462946e-19
6.368000000000000327e+00 4.395573176030127325e-19
6.368500000000000050e+00 4.367670008624917957e-19
6.368999999999999773e+00 4.339941800992203443e-19
6.369500000000000384e+00 4.312387470037866532e-19
6.370000000000000107e+00 4.285005939284168705e-19
6.370499999999999829e+00 4.257796138829738014e-19
6.371000000000000441e+00 4.230757005310006153e-19
6.371500000000000163e+00 4.203887481858028297e-19
6.371999999999999886e+00 4.177186518064940874e-19
6.372500000000000497e+00 4.150653069941336078e-19
6.373000000000000220e+00 4.124286099878542489e-19
6.373499999999999943e+00 4.098084576610013549e-19
6.374000000000000554e+00 4.072047475173154190e-19
6.374500000000000277e+00 4.046173776871521080e-19
6.375000000000000000e+00 4.020462469236665145e-19
6.375499999999999723e+00 3.994912545990891301e-19
6.376000000000000334e+00 3.969523007009758190e-19
6.376500000000000057e+00 3.944292858285076736e-19
6.376999999999999780e+00 3.919221111887970325e-19
6.377500000000000391e+00 3.894306785932085691e-19
6.378000000000000114e+00 3.869548904537423953e-19
6.378499999999999837e+00 3.844946497793826907e-19
6.379000000000000448e+00 3.820498601725067102e-19
6.379500000000000171e+00 3.796204258253121836e-19
6.379999999999999893e+00 3.772062515162394679e-19
6.380500000000000504e+00 3.748072426064492615e-19
6.381000000000000227e+00 3.724233050363057125e-19
6.381499999999999950e+00 3.700543453218667476e-19
6.382000000000000561e+00 3.677002705514169171e-19
6.382500000000000284e+00 3.653609883820178139e-19
6.383000000000000007e+00 3.630364070360688918e-19
6.383499999999999730e+00 3.607264352978859064e-19
6.384000000000000341e+00 3.584309825103204755e-19
6.384500000000000064e+00 3.561499585713870045e-19
6.384999999999999787e+00 3.538832739308968354e-19
6.385500000000000398e+00 3.516308395871300473e-19
6.386000000000000121e+00 3.493925670835375900e-19
6.386499999999999844e+00 3.471683685054251216e-19
6.387000000000000455e+00 3.449581564766887982e-19
6.387500000000000178e+00 3.427618441565686855e-19
6.387999999999999901e+00 3.405793452363986556e-19
6.388500000000000512e+00 3.384105739363932137e-19
6.389000000000000234e+00 3.362554450024776102e-19
6.389499999999999957e+00 3.341138737030642671e-19
6.390000000000000568e+00 3.319857758259279568e-19
6.390500000000000291e+00 3.298710676750587359e-19
6.391000000000000014e+00 3.277696660675382800e-19
6.391499999999999737e+00 3.256814883304330694e-19
6.392000000000000348e+00 3.236064522977102051e-19
6.392500000000000071e+00 3.215444763071949208e-19
6.392999999999999794e+00 3.194954791974885656e-19
6.393500000000000405e+00 3.174593803049582306e-19
6.394000000000000128e+00 3.154360994607272913e-19
6.394499999999999851e+00 3.134255569876782751e-19
6.395000000000000462e+00 3.114276736974658404e-19
6.395500000000000185e+00 3.094423708875909519e-19
6.395999999999999908e+00 3.074695703384250298e-19
6.396500000000000519e+00 3.055091943103053589e-19
6.397000000000000242e+00 3.035611655406325194e-19
6.397499999999999964e+00 3.016254072409760511e-19
6.398000000000000576e+00 2.997018430942040475e-19
6.398500000000000298e+00 2.977903972516384613e-19
6.399000000000000021e+00 2.958909943302062683e-19
6.399499999999999744e+00 2.940035594096284765e-19
6.400000000000000355e+00 2.921280180296093280e-19
6.400500000000000078e+00 2.902642961870756706e-19
6.400999999999999801e+00 2.884123203333680855e-19
6.401500000000000412e+00 2.865720173715155517e-19
6.402000000000000135e+00 2.847433146535031296e-19
6.402499999999999858e+00 2.829261399775298216e-19
6.403000000000000469e+00 2.811204215853152076e-19
6.403500000000000192e+00 2.793260881594319834e-19
6.403999999999999915e+00 2.775430688205968035e-19
6.404500000000000526e+00 2.757712931250404719e-19
6.405000000000000249e+00 2.740106910618727401e-19
6.405499999999999972e+00 2.722611930504344907e-19
6.405999999999999694e+00 2.705227299377134284e-19
6.406500000000000306e+00 2.687952329957301592e-19
6.407000000000000028e+00 2.670786339189900412e-19
6.407499999999999751e+00 2.653728648218908346e-19
6.408000000000000362e+00 2.636778582361900072e-19
6.408500000000000085e+00 2.619935471084848001e-19
6.408999999999999808e+00 2.603198647976717810e-19
6.409500000000000419e+00 2.586567450724631173e-19
6.410000000000000142e+00 2.570041221089058338e-19
6.410499999999999865e+00 2.553619304878904295e-19
6.411000000000000476e+00 2.537301051927059097e-19
6.411500000000000199e+00 2.521085816066071439e-19
6.411999999999999922e+00 2.504972955103730753e-19
6.412500000000000533e+00 2.488961830798930496e-19
6.413000000000000256e+00 2.473051808837913725e-19
6.413499999999999979e+00 2.457242258810155640e-19
6.413999999999999702e+00 2.441532554184809946e-19
6.414500000000000313e+00 2.425922072287157132e-19
6.415000000000000036e+00 2.410410194275205871e-19
6.415499999999999758e+00 2.394996305116340635e-19
6.416000000000000369e+00 2.379679793564220649e-19
6.416500000000000092e+00 2.364460052135907546e-19
6.416999999999999815e+00 2.349336477088785982e-19
6.417500000000000426e+00 2.334308468398015820e-19
6.418000000000000149e+00 2.319375429733932297e-19
6.418499999999999872e+00 2.304536768439512163e-19
6.419000000000000483e+00 2.289791895508095972e-19
6.419500000000000206e+00 2.275140225561322701e-19
6.419999999999999929e+00 2.260581176826869850e-19
6.420500000000000540e+00 2.246114171116701025e-19
6.421000000000000263e+00 2.231738633805268751e-19
6.421499999999999986e+00 2.217453993807775530e-19
6.421999999999999709e+00 2.203259683558705023e-19
6.422500000000000320e+00 2.189155138990439893e-19
6.423000000000000043e+00 2.175139799512027465e-19
6.423499999999999766e+00 2.161213107987900365e-19
6.424000000000000377e+00 2.147374510716990776e-19
6.424500000000000099e+00 2.133623457411889705e-19
6.424999999999999822e+00 2.119959401177900572e-19
6.425500000000000433e+00 2.106381798492558631e-19
6.426000000000000156e+00 2.092890109185100554e-19
6.426499999999999879e+00 2.079483796416016111e-19
6.427000000000000490e+00 2.066162326656752000e-19
6.427500000000000213e+00 2.052925169669758248e-19
6.427999999999999936e+00 2.039771798488212023e-19
6.428500000000000547e+00 2.026701689396275644e-19
6.429000000000000270e+00 2.013714321909297543e-19
6.429499999999999993e+00 2.000809178754069799e-19
6.429999999999999716e+00 1.987985745849341334e-19
6.430500000000000327e+00 1.975243512286342912e-19
6.431000000000000050e+00 1.962581970309570932e-19
6.431499999999999773e+00 1.950000615297475889e-19
6.432000000000000384e+00 1.937498945743367257e-19
6.432500000000000107e+00 1.925076463236623155e-19
6.432999999999999829e+00 1.912732672443615939e-19
6.433500000000000441e+00 1.900467081089066547e-19
6.434000000000000163e+00 1.888279199937483354e-19
6.434499999999999886e+00 1.876168542774535057e-19
6.435000000000000497e+00 1.864134626388635655e-19
6.435500000000000220e+00 1.852176970552818079e-19
6.435999999999999943e+00 1.840295098006337947e-19
6.436500000000000554e+00 1.828488534436678161e-19
6.437000000000000277e+00 1.816756808461709734e-19
6.437500000000000000e+00 1.805099451611586369e-19
6.437999999999999723e+00 1.793515998311185031e-19
6.438500000000000334e+00 1.782005985862359464e-19
6.439000000000000057e+00 1.770568954426512694e-19
6.439499999999999780e+00 1.759204447007000771e-19
6.440000000000000391e+00 1.747912009431927710e-19
6.440500000000000114e+00 1.736691190336907942e-19
6.440999999999999837e+00 1.725541541147883404e-19
6.441500000000000448e+00 1.714462616064128892e-19
6.442000000000000171e+00 1.703453972041421606e-19
6.442499999999999893e+00 1.692515168775068643e-19
6.443000000000000504e+00 1.681645768683314877e-19
6.443500000000000227e+00 1.670845336890716881e-19
6.443999999999999950e+00 1.660113441211571510e-19
6.444500000000000561e+00 1.649449652133525029e-19
6.445000000000000284e+00 1.638853542801330543e-19
6.445500000000000007e+00 1.628324689000523816e-19
6.445999999999999730e+00 1.617862669141375217e-19
6.446500000000000341e+00 1.607467064242787262e-19
6.447000000000000064e+00 1.597137457916529194e-19
6.447499999999999787e+00 1.586873436351212759e-19
6.448000000000000398e+00 1.576674588296683271e-19
6.448500000000000121e+00 1.566540505048368299e-19
6.448999999999999844e+00 1.556470780431686784e-19
6.449500000000000455e+00 1.546465010786575877e-19
6.450000000000000178e+00 1.536522794952276091e-19
6.450499999999999901e+00 1.526643734251875955e-19
6.451000000000000512e+00 1.516827432477260150e-19
6.451500000000000234e+00 1.507073495874013827e-19
6.451999999999999957e+00 1.497381533126377967e-19
6.452500000000000568e+00 1.487751155342367961e-19
6.453000000000000291e+00 1.478181976039036391e-19
6.453500000000000014e+00 1.468673611127613040e-19
6.453999999999999737e+00 1.459225678898996137e-19
6.454500000000000348e+00 1.449837800009093141e-19
6.455000000000000071e+00 1.440509597464516862e-19
6.455499999999999794e+00 1.431240696608049260e-19
6.456000000000000405e+00 1.422030725104430254e-19
6.456500000000000128e+00 1.412879312926209353e-19
6.456999999999999851e+00 1.403786092339551556e-19
6.457500000000000462e+00 1.394750697890200935e-19
6.458000000000000185e+00 1.385772766389667379e-19
6.458499999999999908e+00 1.376851936901207516e-19
6.459000000000000519e+00 1.367987850726120271e-19
6.459500000000000242e+00 1.359180151390102617e-19
6.459999999999999964e+00 1.350428484629553327e-19
6.460500000000000576e+00 1.341732498378072683e-19
6.461000000000000298e+00 1.333091842753086654e-19
6.461500000000000021e+00 1.324506170042364179e-19
6.461999999999999744e+00 1.315975134690803129e-19
6.462500000000000355e+00 1.307498393287224196e-19
6.463000000000000078e+00 1.299075604551256760e-19
6.463499999999999801e+00 1.290706429320247138e-19
6.464000000000000412e+00 1.282390530536311039e-19
6.464500000000000135e+00 1.274127573233510481e-19
6.464999999999999858e+00 1.265917224524924061e-19
6.465500000000000469e+00 1.257759153590005630e-19
6.466000000000000192e+00 1.249653031661919624e-19
6.466499999999999915e+00 1.241598532014915864e-19
6.467000000000000526e+00 1.233595329951845202e-19
6.467500000000000249e+00 1.225643102791783974e-19
6.467999999999999972e+00 1.217741529857611029e-19
6.468499999999999694e+00 1.209890292463737874e-19
6.469000000000000306e+00 1.202089073903932218e-19
6.469500000000000028e+00 1.194337559439220728e-19
6.469999999999999751e+00 1.186635436285737851e-19
6.470500000000000362e+00 1.178982393602786259e-19
6.471000000000000085e+00 1.171378122481006337e-19
6.471499999999999808e+00 1.163822315930380770e-19
6.472000000000000419e+00 1.156314668868572560e-19
6.472500000000000142e+00 1.148854878109245698e-19
6.472999999999999865e+00 1.141442642350339869e-19
6.473500000000000476e+00 1.134077662162596720e-19
6.474000000000000199e+00 1.126759639978065188e-19
6.474499999999999922e+00 1.119488280078645108e-19
6.475000000000000533e+00 1.112263288584764189e-19
6.475500000000000256e+00 1.105084373444114690e-19
6.475999999999999979e+00 1.097951244420426701e-19
6.476499999999999702e+00 1.090863613082302796e-19
6.477000000000000313e+00 1.083821192792181497e-19
6.477500000000000036e+00 1.076823698695320351e-19
6.477999999999999758e+00 1.069870847708847743e-19
6.478500000000000369e+00 1.062962358510856350e-19
6.479000000000000092e+00 1.056097951529676919e-19
6.479499999999999815e+00 1.049277348933029020e-19
6.480000000000000426e+00 1.042500274617408932e-19
6.480500000000000149e+00 1.035766454197498112e-19
6.480999999999999872e+00 1.029075614995530617e-19
6.481500000000000483e+00 1.022427486030851914e-19
6.482000000000000206e+00 1.015821798009532463e-19
6.482499999999999929e+00 1.009258283313941694e-19
6.483000000000000540e+00 1.002736675992481957e-19
6.483500000000000263e+00 9.962567117493733898e-20
6.483999999999999986e+00 9.898181279344328887e-20
6.484499999999999709e+00 9.834206635330195490e-20
6.485000000000000320e+00 9.770640591559143856e-20
6.485500000000000043e+00 9.707480570294438024e-20
6.485999999999999766e+00 9.644724009854051738e-20
6.486500000000000377e+00 9.582368364513240462e-20
6.487000000000000099e+00 9.520411104405825434e-20
6.487499999999999822e+00 9.458849715426925777e-20
6.488000000000000433e+00 9.397681699135650890e-20
6.488500000000000156e+00 9.336904572659734418e-20
6.488999999999999879e+00 9.276515868598729783e-20
6.489500000000000490e+00 9.216513134929353145e-20
6.490000000000000213e+00 9.156893934911287363e-20
6.490499999999999936e+00 9.097655846992355228e-20
6.491000000000000547e+00 9.038796464715731768e-20
6.491500000000000270e+00 8.980313396627039796e-20
6.491999999999999993e+00 8.922204266181651290e-20
6.492499999999999716e+00 8.864466711653478960e-20
6.493000000000000327e+00 8.807098386043227357e-20
6.493500000000000050e+00 8.750096956988455550e-20
6.493999999999999773e+00 8.693460106672881481e-20
6.494500000000000384e+00 8.637185531737106680e-20
6.495000000000000107e+00 8.581270943189750248e-20
6.495499999999999829e+00 8.525714066318887379e-20
6.496000000000000441e+00 8.470512640603895930e-20
6.496500000000000163e+00 8.415664419628698097e-20
6.496999999999999886e+00 8.361167170994303932e-20
6.497500000000000497e+00 8.307018676232683758e-20
6.498000000000000220e+00 8.253216730721395306e-20
6.498499999999999943e+00 8.199759143597539182e-20
6.499000000000000554e+00 8.146643737673601751e-20
6.499500000000000277e+00 8.093868349353155972e-20
6.500000000000000000e+00 8.041430828546849934e-20
6.500499999999999723e+00 7.989329038589414921e-20
6.501000000000000334e+00 7.937560856156795051e-20
6.501500000000000057e+00 7.886124171184325351e-20
6.501999999999999780e+00 7.835016886784523434e-20
6.502500000000000391e+00 7.784236919166094515e-20
6.503000000000000114e+00 7.733782197553389022e-20
6.503499999999999837e+00 7.683650664105839745e-20
6.504000000000000448e+00 7.633840273838272867e-20
6.504500000000000171e+00 7.584348994542266234e-20
6.504999999999999893e+00 7.535174806706329180e-20
6.505500000000000504e+00 7.486315703438326075e-20
6.506000000000000227e+00 7.437769690387755421e-20
6.506499999999999950e+00 7.389534785667819503e-20
6.507000000000000561e+00 7.341609019778877098e-20
6.507500000000000284e+00 7.293990435532294616e-20
6.508000000000000007e+00 7.246677087974030014e-20
6.508499999999999730e+00 7.199667044309422822e-20
6.509000000000000341e+00 7.152958383828013061e-20
6.509500000000000064e+00 7.106549197829390535e-20
6.509999999999999787e+00 7.060437589548420598e-20
6.510500000000000398e+00 7.014621674082096131e-20
6.511000000000000121e+00 6.969099578316272763e-20
6.511499999999999844e+00 6.923869440852653253e-20
6.512000000000000455e+00 6.878929411936575949e-20
6.512500000000000178e+00 6.834277653385415938e-20
6.512999999999999901e+00 6.789912338516757488e-20
6.513500000000000512e+00 6.745831652077335657e-20
6.514000000000000234e+00 6.702033790173090131e-20
6.514499999999999957e+00 6.658516960198242851e-20
6.515000000000000568e+00 6.615279380765928429e-20
6.515500000000000291e+00 6.572319281639172424e-20
6.516000000000000014e+00 6.529634903661404995e-20
6.516499999999999737e+00 6.487224498688535762e-20
6.517000000000000348e+00 6.445086329520588105e-20
6.517500000000000071e+00 6.403218669834486617e-20
6.517999999999999794e+00 6.361619804116259557e-20
6.518500000000000405e+00 6.320288027594698986e-20
6.519000000000000128e+00 6.279221646174914982e-20
6.519499999999999851e+00 6.238418976372172724e-20
6.520000000000000462e+00 6.197878345246224301e-20
6.520500000000000185e+00 6.157598090336650425e-20
6.520999999999999908e+00 6.117576559597540116e-20
6.521500000000000519e+00 6.077812111333153799e-20
6.522000000000000242e+00 6.038303114134306237e-20
6.522499999999999964e+00 5.999047946814329354e-20
6.523000000000000576e+00 5.960044998345977567e-20
6.523500000000000298e+00 5.921292667798895250e-20
6.524000000000000021e+00 5.882789364276606325e-20
6.524499999999999744e+00 5.844533506854917001e-20
6.525000000000000355e+00 5.806523524519962220e-20
6.525500000000000078e+00 5.768757856107103125e-20
6.525999999999999801e+00 5.731234950239694520e-20
6.526500000000000412e+00 5.693953265268764748e-20
6.527000000000000135e+00 5.656911269212853250e-20
6.527499999999999858e+00 5.620107439697810806e-20
6.528000000000000469e+00 5.583540263897665065e-20
6.528500000000000192e+00 5.547208238475623291e-20
6.528999999999999915e+00 5.511109869524902977e-20
6.529500000000000526e+00 5.475243672510575985e-20
6.530000000000000249e+00 5.439608172211743707e-20
6.530499999999999972e+00 5.404201902663509390e-20
6.530999999999999694e+00 5.369023407099848439e-20
6.531500000000000306e+00 5.334071237896529269e-20
6.532000000000000028e+00 5.299343956514789483e-20
6.532499999999999751e+00 5.264840133444564874e-20
6.533000000000000362e+00 5.230558348148941392e-20
6.533500000000000085e+00 5.196497189008519244e-20
6.533999999999999808e+00 5.162655253265973792e-20
6.534500000000000419e+00 5.129031146971225535e-20
6.535000000000000142e+00 5.095623484927073511e-20
6.535499999999999865e+00 5.062430890634657780e-20
6.536000000000000476e+00 5.029451996239518937e-20
6.536500000000000199e+00 4.996685442478476151e-20
6.536999999999999922e+00 4.964129878625801034e-20
6.537500000000000533e+00 4.931783962440536235e-20
6.538000000000000256e+00 4.899646360114067414e-20
6.538499999999999979e+00 4.867715746217554985e-20
6.538999999999999702e+00 4.835990803650006226e-20
6.539500000000000313e+00 4.804470223586736195e-20
6.540000000000000036e+00 4.773152705428165676e-20
6.540499999999999758e+00 4.742036956748401257e-20
6.541000000000000369e+00 4.711121693244869857e-20
6.541500000000000092e+00 4.680405638687886439e-20
6.541999999999999815e+00 4.649887524870404700e-20
6.542500000000000426e+00 4.619566091558335896e-20
6.543000000000000149e+00 4.589440086441142724e-20
6.543499999999999872e+00 4.559508265082595699e-20
6.544000000000000483e+00 4.529769390871779303e-20
6.544500000000000206e+00 4.500222234974842022e-20
6.544999999999999929e+00 4.470865576286395506e-20
6.545500000000000540e+00 4.441698201381641363e-20
6.546000000000000263e+00 4.412718904468868705e-20
6.546499999999999986e+00 4.383926487341812655e-20
6.546999999999999709e+00 4.355319759332583414e-20
6.547500000000000320e+00 4.326897537264975707e-20
6.548000000000000043e+00 4.298658645407945532e-20
6.548499999999999766e+00 4.270601915429177799e-20
6.549000000000000377e+00 4.242726186349317802e-20
6.549500000000000099e+00 4.215030304496318865e-20
6.549999999999999822e+00 4.187513123459774921e-20
6.550500000000000433e+00 4.160173504046046956e-20
6.551000000000000156e+00 4.133010314233503788e-20
6.551499999999999879e+00 4.106022429127629245e-20
6.552000000000000490e+00 4.079208730916910547e-20
6.552500000000000213e+00 4.052568108828957191e-20
6.552999999999999936e+00 4.026099459086486234e-20
6.553500000000000547e+00 3.999801684863928080e-20
6.554000000000000270e+00 3.973673696244406620e-20
6.554499999999999993e+00 3.947714410176446139e-20
6.554999999999999716e+00 3.921922750431481080e-20
6.555500000000000327e+00 3.896297647561428415e-20
6.556000000000000050e+00 3.870838038856545285e-20
6.556499999999999773e+00 3.845542868303386555e-20
6.557000000000000384e+00 3.820411086543210141e-20
6.557500000000000107e+00 3.795441650830739239e-20
6.557999999999999829e+00 3.770633524992807795e-20
6.558500000000000441e+00 3.745985679387443522e-20
6.559000000000000163e+00 3.721497090863581655e-20
6.559499999999999886e+00 3.697166742720242466e-20
6.560000000000000497e+00 3.672993624666585060e-20
6.560500000000000220e+00 3.648976732782164615e-20
6.560999999999999943e+00 3.625115069476947663e-20
6.561500000000000554e+00 3.601407643452136272e-20
6.562000000000000277e+00 3.577853469661085509e-20
6.562500000000000000e+00 3.554451569270095115e-20
6.562999999999999723e+00 3.531200969619930032e-20
6.563500000000000334e+00 3.508100704187250641e-20
6.564000000000000057e+00 3.485149812546700232e-20
6.564499999999999780e+00 3.462347340332455017e-20
6.565000000000000391e+00 3.439692339200807522e-20
6.565500000000000114e+00 3.417183866792703642e-20
6.565999999999999837e+00 3.394820986696167742e-20
6.566500000000000448e+00 3.372602768409498744e-20
6.567000000000000171e+00 3.350528287304421665e-20
6.567499999999999893e+00 3.328596624589367962e-20
6.568000000000000504e+00 3.306806867273156703e-20
6.568500000000000227e+00 3.285158108129010370e-20
6.568999999999999950e+00 3.263649445658320901e-20
6.569500000000000561e+00 3.242279984055183081e-20
6.570000000000000284e+00 3.221048833170882203e-20
6.570500000000000007e+00 3.199955108478514134e-20
6.570999999999999730e+00 3.178997931038026674e-20
6.571500000000000341e+00 3.158176427461294624e-20
6.572000000000000064e+00 3.137489729877768418e-20
6.572499999999999787e+00 3.116936975899642478e-20
6.573000000000000398e+00 3.096517308587949213e-20
6.573500000000000121e+00 3.076229876418619923e-20
6.573999999999999844e+00 3.056073833248462044e-20
6.574500000000000455e+00 3.036048338281728612e-20
6.575000000000000178e+00 3.016152556036862272e-20
6.575499999999999901e+00 2.996385656313142981e-20
6.576000000000000512e+00 2.976746814157825630e-20
6.576500000000000234e+00 2.957235209833433537e-20
6.576999999999999957e+00 2.937850028785163888e-20
6.577500000000000568e+00 2.918590461608462302e-20
6.578000000000000291e+00 2.899455704017083085e-20
6.578500000000000014e+00 2.880444956810925602e-20
6.578999999999999737e+00 2.861557425844394855e-20
6.579500000000000348e+00 2.842792321994772901e-20
6.580000000000000071e+00 2.824148861131024803e-20
6.580499999999999794e+00 2.805626264082362644e-20
6.581000000000000405e+00 2.787223756607471566e-20
6.581500000000000128e+00 2.768940569363699112e-20
6.581999999999999851e+00 2.750775937876343857e-20
6.582500000000000462e+00 2.732729102508359938e-20
6.583000000000000185e+00 2.714799308430159667e-20
6.583499999999999908e+00 2.696985805589400509e-20
6.584000000000000519e+00 2.679287848681312223e-20
6.584500000000000242e+00 2.661704697119010147e-20
6.584999999999999964e+00 2.644235615003896675e-20
6.585500000000000576e+00 2.626879871096477992e-20
6.586000000000000298e+00 2.609636738787258766e-20
6.586500000000000021e+00 2.592505496067633518e-20
6.586999999999999744e+00 2.575485425501312744e-20
6.587500000000000355e+00 2.558575814195607603e-20
6.588000000000000078e+00 2.541775953773185546e-20
6.588499999999999801e+00 2.525085140343600266e-20
6.589000000000000412e+00 2.508502674475415659e-20
6.589500000000000135e+00 2.492027861168299405e-20
6.589999999999999858e+00 2.475660009825222469e-20
6.590500000000000469e+00 2.459398434224966448e-20
6.591000000000000192e+00 2.443242452494789517e-20
6.591499999999999915e+00 2.427191387083185044e-20
6.592000000000000526e+00 2.411244564732759686e-20
6.592500000000000249e+00 2.395401316453606505e-20
6.592999999999999972e+00 2.379660977496326600e-20
6.593499999999999694e+00 2.364022887325643267e-20
6.594000000000000306e+00 2.348486389593964394e-20
6.594500000000000028e+00 2.333050832115284007e-20
6.594999999999999751e+00 2.317715566839000455e-20
6.595500000000000362e+00 2.302479949824011749e-20
6.596000000000000085e+00 2.287343341213201806e-20
6.596499999999999808e+00 2.272305105207589654e-20
6.597000000000000419e+00 2.257364610041099147e-20
6.597500000000000142e+00 2.242521227955303404e-20
6.597999999999999865e+00 2.227774335174180080e-20
6.598500000000000476e+00 2.213123311879298166e-20
6.599000000000000199e+00 2.198567542185074005e-20
6.599499999999999922e+00 2.184106414113961998e-20
6.600000000000000533e+00 2.169739319572049465e-20
6.600500000000000256e+00 2.155465654324879905e-20
6.600999999999999979e+00 2.141284817972975026e-20
6.601499999999999702e+00 2.127196213928035067e-20
6.602000000000000313e+00 2.113199249388932383e-20
6.602500000000000036e+00 2.099293335318095026e-20
6.602999999999999758e+00 2.085477886417797350e-20
6.603500000000000369e+00 2.071752321106701577e-20
6.604000000000000092e+00 2.058116061496751756e-20
6.604499999999999815e+00 2.044568533369784245e-20
6.605000000000000426e+00 2.031109166154618475e-20
6.605500000000000149e+00 2.017737392904261464e-20
6.605999999999999872e+00 2.004452650273062672e-20
6.606500000000000483e+00 1.991254378494115926e-20
6.607000000000000206e+00 1.978142021356996569e-20
6.607499999999999929e+00 1.965115026185225676e-20
6.608000000000000540e+00 1.952172843814200699e-20
6.608500000000000263e+00 1.939314928569232346e-20
6.608999999999999986e+00 1.926540738243535711e-20
6.609499999999999709e+00 1.913849734076484121e-20
6.610000000000000320e+00 1.901241380732026684e-20
6.610500000000000043e+00 1.888715146277246668e-20
6.610999999999999766e+00 1.876270502160843446e-20
6.611500000000000377e+00 1.863906923192038752e-20
6.612000000000000099e+00 1.851623887519468788e-20
6.612499999999999822e+00 1.839420876610152765e-20
6.613000000000000433e+00 1.827297375228686246e-20
6.613500000000000156e+00 1.815252871416625865e-20
6.613999999999999879e+00 1.803286856471742549e-20
6.614500000000000490e+00 1.791398824927703263e-20
6.615000000000000213e+00 1.779588274533734084e-20
6.615499999999999936e+00 1.767854706234358222e-20
6.616000000000000547e+00 1.756197624149351601e-20
6.616500000000000270e+00 1.744616535553882605e-20
6.616999999999999993e+00 1.733110950858525745e-20
6.617499999999999716e+00 1.721680383589697521e-20
6.618000000000000327e+00 1.710324350370005312e-20
6.618500000000000050e+00 1.699042370898848451e-20
6.618999999999999773e+00 1.687833967932999431e-20
6.619500000000000384e+00 1.676698667267457756e-20
6.620000000000000107e+00 1.665635997716353745e-20
6.620499999999999829e+00 1.654645491093920641e-20
6.621000000000000441e+00 1.643726682195610871e-20
6.621500000000000163e+00 1.632879108779504805e-20
6.621999999999999886e+00 1.622102311547483581e-20
6.622500000000000497e+00 1.611395834126844005e-20
6.623000000000000220e+00 1.600759223051891468e-20
6.623499999999999943e+00 1.590192027745596674e-20
6.624000000000000554e+00 1.579693800501463003e-20
6.624500000000000277e+00 1.569264096465490182e-20
6.625000000000000000e+00 1.558902473618207164e-20
6.625499999999999723e+00 1.548608492756805813e-20
6.626000000000000334e+00 1.538381717477473811e-20
6.626500000000000057e+00 1.528221714157781126e-20
6.626999999999999780e+00 1.518128051939121546e-20
6.627500000000000391e+00 1.508100302709342301e-20
6.628000000000000114e+00 1.498138041085519924e-20
6.628499999999999837e+00 1.488240844396694894e-20
6.629000000000000448e+00 1.478408292666791045e-20
6.629500000000000171e+00 1.468639968597785346e-20
6.629999999999999893e+00 1.458935457552677260e-20
6.630500000000000504e+00 1.449294347538808993e-20
6.631000000000000227e+00 1.439716229191261864e-20
6.631499999999999950e+00 1.430200695756217181e-20
6.632000000000000561e+00 1.420747343074550923e-20
6.632500000000000284e+00 1.411355769565520213e-20
6.633000000000000007e+00 1.402025576210451595e-20
6.633499999999999730e+00 1.392756366536679075e-20
6.634000000000000341e+00 1.383547746601415367e-20
6.634500000000000064e+00 1.374399324975919841e-20
6.634999999999999787e+00 1.365310712729556339e-20
6.635500000000000398e+00 1.356281523414082401e-20
6.636000000000000121e+00 1.347311373048069543e-20
6.636499999999999844e+00 1.338399880101230858e-20
6.637000000000000455e+00 1.329546665479066380e-20
6.637500000000000178e+00 1.320751352507496879e-20
6.637999999999999901e+00 1.312013566917557831e-20
6.638500000000000512e+00 1.303332936830253933e-20
6.639000000000000234e+00 1.294709092741553703e-20
6.639499999999999957e+00 1.286141667507292750e-20
6.640000000000000568e+00 1.277630296328382175e-20
6.640500000000000291e+00 1.269174616736009309e-20
6.641000000000000014e+00 1.260774268576884483e-20
6.641499999999999737e+00 1.252428893998706130e-20
6.642000000000000348e+00 1.244138137435564188e-20
6.642500000000000071e+00 1.235901645593612239e-20
6.642999999999999794e+00 1.227719067436651616e-20
6.643500000000000405e+00 1.219590054171877119e-20
6.644000000000000128e+00 1.211514259235831719e-20
6.644499999999999851e+00 1.203491338280188980e-20
6.645000000000000462e+00 1.195520949157867256e-20
6.645500000000000185e+00 1.187602751909125529e-20
6.645999999999999908e+00 1.179736408747711612e-20
6.646500000000000519e+00 1.171921584047166526e-20
6.647000000000000242e+00 1.164157944327203815e-20
6.647499999999999964e+00 1.156445158240140917e-20
6.648000000000000576e+00 1.148782896557398846e-20
6.648500000000000298e+00 1.141170832156201540e-20
6.649000000000000021e+00 1.133608640006192756e-20
6.649499999999999744e+00 1.126095997156261050e-20
6.650000000000000355e+00 1.118632582721380112e-20
6.650500000000000078e+00 1.111218077869611746e-20
6.650999999999999801e+00 1.103852165809071990e-20
6.651500000000000412e+00 1.096534531775031146e-20
6.652000000000000135e+00 1.089264863017207006e-20
6.652499999999999858e+00 1.082042848786908519e-20
6.653000000000000469e+00 1.074868180324440807e-20
6.653500000000000192e+00 1.067740550846570226e-20
6.653999999999999915e+00 1.060659655533970905e-20
6.654500000000000526e+00 1.053625191518801004e-20
6.655000000000000249e+00 1.046636857872462366e-20
6.655499999999999972e+00 1.039694355593220558e-20
6.656000000000000583e+00 1.032797387594064130e-20
6.656500000000000306e+00 1.025945658690670721e-20
6.657000000000000028e+00 1.019138875589233674e-20
6.657499999999999751e+00 1.012376746874614405e-20
6.658000000000000362e+00 1.005658982998401491e-20
6.658500000000000085e+00 9.989852962671658026e-21
6.658999999999999808e+00 9.923554008306322907e-21
6.659500000000000419e+00 9.857690126700900961e-21
6.660000000000000142e+00 9.792258495867954448e-21
6.660499999999999865e+00 9.727256311904195278e-21
6.661000000000000476e+00 9.662680788876190103e-21
6.661500000000000199e+00 9.598529158707097579e-21
6.661999999999999922e+00 9.534798671062760139e-21
6.662500000000000533e+00 9.471486593240069273e-21
6.663000000000000256e+00 9.408590210055282655e-21
6.663499999999999979e+00 9.346106823732764073e-21
6.663999999999999702e+00 9.284033753794972203e-21
6.664500000000000313e+00 9.222368336952983530e-21
6.665000000000000036e+00 9.161107926997773602e-21
6.665499999999999758e+00 9.100249894691456156e-21
6.666000000000000369e+00 9.039791627660321782e-21
6.666500000000000092e+00 8.979730530288194067e-21
6.666999999999999815e+00 8.920064023609573586e-21
6.667500000000000426e+00 8.860789545204476106e-21
6.668000000000000149e+00 8.801904549094226237e-21
6.668499999999999872e+00 8.743406505636084990e-21
6.669000000000000483e+00 8.685292901420548053e-21
6.669500000000000206e+00 8.627561239168588410e-21
6.669999999999999929e+00 8.570209037628683778e-21
6.670500000000000540e+00 8.513233831475840709e-21
6.671000000000000263e+00 8.456633171210572038e-21
6.671499999999999986e+00 8.400404623058267045e-21
6.671999999999999709e+00 8.344545768869745761e-21
6.672500000000000320e+00 8.289054206021992324e-21
6.673000000000000043e+00 8.233927547320188341e-21
6.673499999999999766e+00 8.179163420899099258e-21
6.674000000000000377e+00 8.124759470126383644e-21
6.674500000000000099e+00 8.070713353506152256e-21
6.674999999999999822e+00 8.017022744582308917e-21
6.675500000000000433e+00 7.963685331843499863e-21
6.676000000000000156e+00 7.910698818628639349e-21
6.676499999999999879e+00 7.858060923031944758e-21
6.677000000000000490e+00 7.805769377809832929e-21
6.677500000000000213e+00 7.753821930288027143e-21
6.677999999999999936e+00 7.702216342268494079e-21
6.678500000000000547e+00 7.650950389937900455e-21
6.679000000000000270e+00 7.600021863776573713e-21
6.679499999999999993e+00 7.549428568467280653e-21
6.679999999999999716e+00 7.499168322805339162e-21
6.680500000000000327e+00 7.449238959608909004e-21
6.681000000000000050e+00 7.399638325630113158e-21
6.681499999999999773e+00 7.350364281466455575e-21
6.682000000000000384e+00 7.301414701472627129e-21
6.682500000000000107e+00 7.252787473673874879e-21
6.682999999999999829e+00 7.204480499678334641e-21
6.683500000000000441e+00 7.156491694591164606e-21
6.684000000000000163e+00 7.108818986928867037e-21
6.684499999999999886e+00 7.061460318533965055e-21
6.685000000000000497e+00 7.014413644490099226e-21
6.685500000000000220e+00 6.967676933038582127e-21
6.685999999999999943e+00 6.921248165493997480e-21
6.686500000000000554e+00 6.875125336161455880e-21
6.687000000000000277e+00 6.829306452254332008e-21
6.687500000000000000e+00 6.783789533811579041e-21
6.687999999999999723e+00 6.738572613616735777e-21
6.688500000000000334e+00 6.693653737116615524e-21
6.689000000000000057e+00 6.649030962340989559e-21
6.689499999999999780e+00 6.604702359822479726e-21
6.690000000000000391e+00 6.560666012516873082e-21
6.690500000000000114e+00 6.516920015724586840e-21
6.690999999999999837e+00 6.473462477011685681e-21
6.691500000000000448e+00 6.430291516132018512e-21
6.692000000000000171e+00 6.387405264950002216e-21
6.692499999999999893e+00 6.344801867363041285e-21
6.693000000000000504e+00 6.302479479225200804e-21
6.693500000000000227e+00 6.260436268271578347e-21
6.693999999999999950e+00 6.218670414041861106e-21
6.694500000000000561e+00 6.177180107805778108e-21
6.695000000000000284e+00 6.135963552488548672e-21
6.695500000000000007e+00 6.095018962596161594e-21
6.695999999999999730e+00 6.054344564142149182e-21
6.696500000000000341e+00 6.013938594574078421e-21
6.697000000000000064e+00 5.973799302700964484e-21
6.697499999999999787e+00 5.933924948620692509e-21
6.698000000000000398e+00 5.894313803648216524e-21
6.698500000000000121e+00 5.854964150244388062e-21
6.698999999999999844e+00 5.815874281944601205e-21
6.699500000000000455e+00 5.777042503288425430e-21
6.700000000000000178e+00 5.738467129749643186e-21
6.700499999999999901e+00 5.700146487666314569e-21
6.701000000000000512e+00 5.662078914171813983e-21
6.701500000000000234e+00 5.624262757126092494e-21
6.701999999999999957e+00 5.586696375046974795e-21
6.702500000000000568e+00 5.549378137042570350e-21
6.703000000000000291e+00 5.512306422743907972e-21
6.703500000000000014e+00 5.475479622237433491e-21
6.703999999999999737e+00 5.438896135998654687e-21
6.704500000000000348e+00 5.402554374825923161e-21
6.705000000000000071e+00 5.366452759774660816e-21
6.705499999999999794e+00 5.330589722091790969e-21
6.706000000000000405e+00 5.294963703150829247e-21
6.706500000000000128e+00 5.259573154387586869e-21
6.706999999999999851e+00 5.224416537235516570e-21
6.707500000000000462e+00 5.189492323062332962e-21
6.708000000000000185e+00 5.154798993106617085e-21
6.708499999999999908e+00 5.120335038414672235e-21
6.709000000000000519e+00 5.086098959778042589e-21
6.709500000000000242e+00 5.052089267671562201e-21
6.709999999999999964e+00 5.018304482191288904e-21
6.710500000000000576e+00 4.984743132993084450e-21
6.711000000000000298e+00 4.951403759232082376e-21
6.711500000000000021e+00 4.918284909501495345e-21
6.711999999999999744e+00 4.885385141772711954e-21
6.712500000000000355e+00 4.852703023335261134e-21
6.713000000000000078e+00 4.820237130737750799e-21
6.713499999999999801e+00 4.787986049728115116e-21
6.714000000000000412e+00 4.755948375195328797e-21
6.714500000000000135e+00 4.724122711111117622e-21
6.714999999999999858e+00 4.692507670471556872e-21
6.715500000000000469e+00 4.661101875239789208e-21
6.716000000000000192e+00 4.629903956288719976e-21
6.716499999999999915e+00 4.598912553343957775e-21
6.717000000000000526e+00 4.568126314927366652e-21
6.717500000000000249e+00 4.537543898300945558e-21
6.717999999999999972e+00 4.507163969410934998e-21
6.718500000000000583e+00 4.476985202832204306e-21
6.719000000000000306e+00 4.447006281713444639e-21
6.719500000000000028e+00 4.417225897722067822e-21
6.719999999999999751e+00 4.387642750989930482e-21
6.720500000000000362e+00 4.358255550059112350e-21
6.721000000000000085e+00 4.329063011828541670e-21
6.721499999999999808e+00 4.300063861499993175e-21
6.722000000000000419e+00 4.271256832525441743e-21
6.722500000000000142e+00 4.242640666554265582e-21
6.722999999999999865e+00 4.214214113380651038e-21
6.723500000000000476e+00 4.185975930891702329e-21
6.724000000000000199e+00 4.157924885015720542e-21
6.724499999999999922e+00 4.130059749670514234e-21
6.725000000000000533e+00 4.102379306712540587e-21
6.725500000000000256e+00 4.074882345886220344e-21
6.725999999999999979e+00 4.047567664773160223e-21
6.726499999999999702e+00 4.020434068742226937e-21
6.727000000000000313e+00 3.993480370899725046e-21
6.727500000000000036e+00 3.966705392039922372e-21
6.727999999999999758e+00 3.940107960595718360e-21
6.728500000000000369e+00 3.913686912589820244e-21
6.729000000000000092e+00 3.887441091586370615e-21
6.729499999999999815e+00 3.861369348642316932e-21
6.730000000000000426e+00 3.835470542259731967e-21
6.730500000000000149e+00 3.809743538338131996e-21
6.730999999999999872e+00 3.784187210126978549e-21
6.731500000000000483e+00 3.758800438178686474e-21
6.732000000000000206e+00 3.733582110302021693e-21
6.732499999999999929e+00 3.708531121515422986e-21
6.733000000000000540e+00 3.683646374000812773e-21
6.733500000000000263e+00 3.658926777058059400e-21
6.733999999999999986e+00 3.634371247058970737e-21
6.734499999999999709e+00 3.609978707402231181e-21
6.735000000000000320e+00 3.585748088468261917e-21
6.735500000000000043e+00 3.561678327574799646e-21
6.735999999999999766e+00 3.537768368931965996e-21
6.736500000000000377e+00 3.514017163598439070e-21
6.737000000000000099e+00 3.490423669437615222e-21
6.737499999999999822e+00 3.466986851073704620e-21
6.738000000000000433e+00 3.443705679848649103e-21
6.738500000000000156e+00 3.420579133779043785e-21
6.738999999999999879e+00 3.397606197513224182e-21
6.739500000000000490e+00 3.374785862288836317e-21
6.740000000000000213e+00 3.352117125890634405e-21
6.740499999999999936e+00 3.329598992608456460e-21
6.741000000000000547e+00 3.307230473195423338e-21
6.741500000000000270e+00 3.285010584826725719e-21
6.741999999999999993e+00 3.262938351058203447e-21
6.742499999999999716e+00 3.241012801785542523e-21
6.743000000000000327e+00 3.219232973203518363e-21
6.743500000000000050e+00 3.197597907765861602e-21
6.743999999999999773e+00 3.176106654144676642e-21
6.744500000000000384e+00 3.154758267190862288e-21
6.745000000000000107e+00 3.133551807894421790e-21
6.745499999999999829e+00 3.112486343344939154e-21
6.746000000000000441e+00 3.091560946692568148e-21
6.746500000000000163e+00 3.070774697109158236e-21
6.746999999999999886e+00 3.050126679749410224e-21
6.747500000000000497e+00 3.029615985712648434e-21
6.748000000000000220e+00 3.009241712004724528e-21
6.748499999999999943e+00 2.989002961499861152e-21
6.749000000000000554e+00 2.968898842903106832e-21
6.749500000000000277e+00 2.948928470713000019e-21
6.750000000000000000e+00 2.929090965184176706e-21
6.750499999999999723e+00 2.909385452290513320e-21
6.751000000000000334e+00 2.889811063688332058e-21
6.751500000000000057e+00 2.870366936680066635e-21
6.751999999999999780e+00 2.851052214177728301e-21
6.752500000000000391e+00 2.831866044667076013e-21
6.753000000000000114e+00 2.812807582171785873e-21
6.753499999999999837e+00 2.793875986217768752e-21
6.754000000000000448e+00 2.775070421797858070e-21
6.754500000000000171e+00 2.756390059336796612e-21
6.754999999999999893e+00 2.737834074656168807e-21
6.755500000000000504e+00 2.719401648939697874e-21
6.756000000000000227e+00 2.701091968699031606e-21
6.756499999999999950e+00 2.682904225739183960e-21
6.757000000000000561e+00 2.664837617124641327e-21
6.757500000000000284e+00 2.646891345145662892e-21
6.758000000000000007e+00 2.629064617284432420e-21
6.758499999999999730e+00 2.611356646181883356e-21
6.759000000000000341e+00 2.593766649604390017e-21
6.759500000000000064e+00 2.576293850410974126e-21
6.759999999999999787e+00 2.558937476520326264e-21
6.760500000000000398e+00 2.541696760878355085e-21
6.761000000000000121e+00 2.524570941426027290e-21
6.761499999999999844e+00 2.507559261066890886e-21
6.762000000000000455e+00 2.490660967635380469e-21
6.762500000000000178e+00 2.473875313865124018e-21
6.762999999999999901e+00 2.457201557357205296e-21
6.763500000000000512e+00 2.440638960549016830e-21
6.764000000000000234e+00 2.424186790683112876e-21
6.764499999999999957e+00 2.407844319776198194e-21
6.765000000000000568e+00 2.391610824588429393e-21
6.765500000000000291e+00 2.375485586592999162e-21
6.766000000000000014e+00 2.359467891945571158e-21
6.766499999999999737e+00 2.343557031454320887e-21
6.767000000000000348e+00 2.327752300549872764e-21
6.767500000000000071e+00 2.312052999255620855e-21
6.767999999999999794e+00 2.296458432158048872e-21
6.768500000000000405e+00 2.280967908377358230e-21
6.769000000000000128e+00 2.265580741538445566e-21
6.769499999999999851e+00 2.250296249741576316e-21
6.770000000000000462e+00 2.235113755533763593e-21
6.770500000000000185e+00 2.220032585880150444e-21
6.770999999999999908e+00 2.205052072135367664e-21
6.771500000000000519e+00 2.190171550015344498e-21
6.772000000000000242e+00 2.175390359569281850e-21
6.772499999999999964e+00 2.160707845151583732e-21
6.773000000000000576e+00 2.146123355394171271e-21
6.773500000000000298e+00 2.131636243178942659e-21
6.774000000000000021e+00 2.117245865610342576e-21
6.774499999999999744e+00 2.102951583988097860e-21
6.775000000000000355e+00 2.088752763780242080e-21
6.775500000000000078e+00 2.074648774596239410e-21
6.775999999999999801e+00 2.060638990160203290e-21
6.776500000000000412e+00 2.046722788284393451e-21
6.777000000000000135e+00 2.032899550842948410e-21
6.777499999999999858e+00 2.019168663745499481e-21
6.778000000000000469e+00 2.005529516911284695e-21
6.778500000000000192e+00 1.991981504243266106e-21
6.778999999999999915e+00 1.978524023602344524e-21
6.779500000000000526e+00 1.965156476781907523e-21
6.780000000000000249e+00 1.951878269482467727e-21
6.780499999999999972e+00 1.938688811286324044e-21
6.781000000000000583e+00 1.925587515632636668e-21
6.781500000000000306e+00 1.912573799792517887e-21
6.782000000000000028e+00 1.899647084844216549e-21
6.782499999999999751e+00 1.886806795648652357e-21
6.783000000000000362e+00 1.874052360824873430e-21
6.783500000000000085e+00 1.861383212725939669e-21
6.783999999999999808e+00 1.848798787414681246e-21
6.784500000000000419e+00 1.836298524639781711e-21
6.785000000000000142e+00 1.823881867812069119e-21
6.785499999999999865e+00 1.811548263980705592e-21
6.786000000000000476e+00 1.799297163809756050e-21
6.786500000000000199e+00 1.787128021554951413e-21
6.786999999999999922e+00 1.775040295040295324e-21
6.787500000000000533e+00 1.763033445635112857e-21
6.788000000000000256e+00 1.751106938231160162e-21
6.788499999999999979e+00 1.739260241219834547e-21
6.788999999999999702e+00 1.727492826469525614e-21
6.789500000000000313e+00 1.715804169303194726e-21
6.790000000000000036e+00 1.704193748476095537e-21
6.790499999999999758e+00 1.692661046153455395e-21
6.791000000000000369e+00 1.681205547888506764e-21
6.791500000000000092e+00 1.669826742600645034e-21
6.791999999999999815e+00 1.658524122553568465e-21
6.792500000000000426e+00 1.647297183333646643e-21
6.793000000000000149e+00 1.636145423828585732e-21
6.793499999999999872e+00 1.625068346205894167e-21
6.794000000000000483e+00 1.614065455891740870e-21
6.794500000000000206e+00 1.603136261549994967e-21
6.794999999999999929e+00 1.592280275061064440e-21
6.795500000000000540e+00 1.581497011501239028e-21
6.796000000000000263e+00 1.570785989122036881e-21
6.796499999999999986e+00 1.560146729329537118e-21
6.796999999999999709e+00 1.549578756664048471e-21
6.797500000000000320e+00 1.539081598779827590e-21
6.798000000000000043e+00 1.528654786424938029e-21
6.798499999999999766e+00 1.518297853421173555e-21
6.799000000000000377e+00 1.508010336644185334e-21
6.799500000000000099e+00 1.497791776003778765e-21
6.799999999999999822e+00 1.487641714424186616e-21
6.800500000000000433e+00 1.477559697824544344e-21
6.801000000000000156e+00 1.467545275099634182e-21
6.801499999999999879e+00 1.457597998100452996e-21
6.802000000000000490e+00 1.447717421615140122e-21
6.802500000000000213e+00 1.437903103350009402e-21
6.802999999999999936e+00 1.428154603910566172e-21
6.803500000000000547e+00 1.418471486782719292e-21
6.804000000000000270e+00 1.408853318314254597e-21
6.804499999999999993e+00 1.399299667696134387e-21
6.804999999999999716e+00 1.389810106944167608e-21
6.805500000000000327e+00 1.380384210880657289e-21
6.806000000000000050e+00 1.371021557116334221e-21
6.806499999999999773e+00 1.361721726032099371e-21
6.807000000000000384e+00 1.352484300761200944e-21
6.807500000000000107e+00 1.343308867171412379e-21
6.807999999999999829e+00 1.334195013847193428e-21
6.808500000000000441e+00 1.325142332072175097e-21
6.809000000000000163e+00 1.316150415811652122e-21
6.809499999999999886e+00 1.307218861695150098e-21
6.810000000000000497e+00 1.298347268999168852e-21
6.810500000000000220e+00 1.289535239630084545e-21
6.810999999999999943e+00 1.280782378106973914e-21
6.811500000000000554e+00 1.272088291544763138e-21
6.812000000000000277e+00 1.263452589637380838e-21
6.812500000000000000e+00 1.254874884640984999e-21
6.812999999999999723e+00 1.246354791357377589e-21
6.813500000000000334e+00 1.237891927117463191e-21
6.814000000000000057e+00 1.229485911764901921e-21
6.814499999999999780e+00 1.221136367639726044e-21
6.815000000000000391e+00 1.212842919562176270e-21
6.815500000000000114e+00 1.204605194816631335e-21
6.815999999999999837e+00 1.196422823135556580e-21
6.816500000000000448e+00 1.188295436683664867e-21
6.817000000000000171e+00 1.180222670042128095e-21
6.817499999999999893e+00 1.172204160192857733e-21
6.818000000000000504e+00 1.164239546502901220e-21
6.818500000000000227e+00 1.156328470709064609e-21
6.818999999999999950e+00 1.148470576902384391e-21
6.819500000000000561e+00 1.140665511512930507e-21
6.820000000000000284e+00 1.132912923294607306e-21
6.820500000000000007e+00 1.125212463310020323e-21
6.820999999999999730e+00 1.117563784915513268e-21
6.821500000000000341e+00 1.109966543746244143e-21
6.822000000000000064e+00 1.102420397701444726e-21
6.822499999999999787e+00 1.094925006929608214e-21
6.823000000000000398e+00 1.087480033813954287e-21
6.823500000000000121e+00 1.080085142957899617e-21
6.823999999999999844e+00 1.072740001170590637e-21
6.824500000000000455e+00 1.065444277452586586e-21
6.825000000000000178e+00 1.058197642981659345e-21
6.825499999999999901e+00 1.050999771098582375e-21
6.826000000000000512e+00 1.043850337293062392e-21
6.826500000000000234e+00 1.036749019189867227e-21
6.826999999999999957e+00 1.029695496534823328e-21
6.827500000000000568e+00 1.022689451181079222e-21
6.828000000000000291e+00 1.015730567075437051e-21
6.828500000000000014e+00 1.008818530244679223e-21
6.828999999999999737e+00 1.001953028782049286e-21
6.829500000000000348e+00 9.951337528338322966e-22
6.830000000000000071e+00 9.883603945860288536e-22
6.830499999999999794e+00 9.816326482510012912e-22
6.831000000000000405e+00 9.749502100543619342e-22
6.831500000000000128e+00 9.683127782218664304e-22
6.831999999999999851e+00 9.617200529663648223e-22
6.832500000000000462e+00 9.551717364748857796e-22
6.833000000000000185e+00 9.486675328958357481e-22
6.833499999999999908e+00 9.422071483261456239e-22
6.834000000000000519e+00 9.357902907986564766e-22
6.834500000000000242e+00 9.294166702695099744e-22
6.834999999999999964e+00 9.230859986055957975e-22
6.835500000000000576e+00 9.167979895721243110e-22
6.836000000000000298e+00 9.105523588203143438e-22
6.836500000000000021e+00 9.043488238750249189e-22
6.836999999999999744e+00 8.981871041226282893e-22
6.837500000000000355e+00 8.920669207988468631e-22
6.838000000000000078e+00 8.859879969767409676e-22
6.838499999999999801e+00 8.799500575546956732e-22
6.839000000000000412e+00 8.739528292445704938e-22
6.839500000000000135e+00 8.679960405598833179e-22
6.839999999999999858e+00 8.620794218040488819e-22
6.840500000000000469e+00 8.562027050587035721e-22
6.841000000000000192e+00 8.503656241721989340e-22
6.841499999999999915e+00 8.445679147479838385e-22
6.842000000000000526e+00 8.388093141332335955e-22
6.842500000000000249e+00 8.330895614074788800e-22
6.842999999999999972e+00 8.274083973712896714e-22
6.843500000000000583e+00 8.217655645350448623e-22
6.844000000000000306e+00 8.161608071078619230e-22
6.844500000000000028e+00 8.105938709864219939e-22
6.844999999999999751e+00 8.050645037440366596e-22
6.845500000000000362e+00 7.995724546196799284e-22
6.846000000000000085e+00 7.941174745071550643e-22
6.846499999999999808e+00 7.886993159442667794e-22
6.847000000000000419e+00 7.833177331021116342e-22
6.847500000000000142e+00 7.779724817744563643e-22
6.847999999999999865e+00 7.726633193671085909e-22
6.848500000000000476e+00 7.673900048873946410e-22
6.849000000000000199e+00 7.621522989337814375e-22
6.849499999999999922e+00 7.569499636854076403e-22
6.850000000000000533e+00 7.517827628918066283e-22
6.850500000000000256e+00 7.466504618626854349e-22
6.850999999999999979e+00 7.415528274576982297e-22
6.851499999999999702e+00 7.364896280763370664e-22
6.852000000000000313e+00 7.314606336478946663e-22
6.852500000000000036e+00 7.264656156214994232e-22
6.852999999999999758e+00 7.215043469561308485e-22
6.853500000000000369e+00 7.165766021108120927e-22
6.854000000000000092e+00 7.116821570348116829e-22
6.854499999999999815e+00 7.068207891578849446e-22
6.855000000000000426e+00 7.019922773806167984e-22
6.855500000000000149e+00 6.971964020648499451e-22
6.855999999999999872e+00 6.924329450240758099e-22
6.856500000000000483e+00 6.877016895140011538e-22
6.857000000000000206e+00 6.830024202231222072e-22
6.857499999999999929e+00 6.783349232633385829e-22
6.858000000000000540e+00 6.736989861606635792e-22
6.858500000000000263e+00 6.690943978460172377e-22
6.858999999999999986e+00 6.645209486459828207e-22
6.859499999999999709e+00 6.599784302737391408e-22
6.860000000000000320e+00 6.554666358199684422e-22
6.860500000000000043e+00 6.509853597438767516e-22
6.860999999999999766e+00 6.465343978642147006e-22
6.861500000000000377e+00 6.421135473504179653e-22
6.862000000000000099e+00 6.377226067137806208e-22
6.862499999999999822e+00 6.333613757986406259e-22
6.863000000000000433e+00 6.290296557736991265e-22
6.863500000000000156e+00 6.247272491233737076e-22
6.863999999999999879e+00 6.204539596391437450e-22
6.864500000000000490e+00 6.162095924110244043e-22
6.865000000000000213e+00 6.119939538191164350e-22
6.865499999999999936e+00 6.078068515250832718e-22
6.866000000000000547e+00 6.036480944638247737e-22
6.866500000000000270e+00 5.995174928351546296e-22
6.866999999999999993e+00 5.954148580954721217e-22
6.867499999999999716e+00 5.913400029495912177e-22
6.868000000000000327e+00 5.872927413425238650e-22
6.868500000000000050e+00 5.832728884514264437e-22
6.868999999999999773e+00 5.792802606774677910e-22
6.869500000000000384e+00 5.753146756378469362e-22
6.870000000000000107e+00 5.713759521578564449e-22
6.870499999999999829e+00 5.674639102629210307e-22
6.871000000000000441e+00 5.635783711707797659e-22
6.871500000000000163e+00 5.597191572836713006e-22
6.871999999999999886e+00 5.558860921805733430e-22
6.872500000000000497e+00 5.520790006094803204e-22
6.873000000000000220e+00 5.482977084797905009e-22
6.873499999999999943e+00 5.445420428546438394e-22
6.874000000000000554e+00 5.408118319433998483e-22
6.874500000000000277e+00 5.371069050941404825e-22
6.875000000000000000e+00 5.334270927861665356e-22
6.875499999999999723e+00 5.297722266226176987e-22
6.876000000000000334e+00 5.261421393230890450e-22
6.876500000000000057e+00 5.225366647163564123e-22
6.876999999999999780e+00 5.189556377330508169e-22
6.877500000000000391e+00 5.153988943984671545e-22
6.878000000000000114e+00 5.118662718253923688e-22
6.878499999999999837e+00 5.083576082069697300e-22
6.879000000000000448e+00 5.048727428095980031e-22
6.879500000000000171e+00 5.014115159659495753e-22
6.879999999999999893e+00 4.979737690679067697e-22
6.880500000000000504e+00 4.945593445596638561e-22
6.881000000000000227e+00 4.911680859308285920e-22
6.881499999999999950e+00 4.877998377095423833e-22
6.882000000000000561e+00 4.844544454556651442e-22
6.882500000000000284e+00 4.811317557540527861e-22
6.883000000000000007e+00 4.778316162077784706e-22
6.883499999999999730e+00 4.745538754314837317e-22
6.884000000000000341e+00 4.712983830447279989e-22
6.884500000000000064e+00 4.680649896654188058e-22
6.884999999999999787e+00 4.648535469032301509e-22
6.885500000000000398e+00 4.616639073531079378e-22
6.886000000000000121e+00 4.584959245888099288e-22
6.886499999999999844e+00 4.553494531564751324e-22
6.887000000000000455e+00 4.522243485682277973e-22
6.887500000000000178e+00 4.491204672958692398e-22
6.887999999999999901e+00 4.460376667645442800e-22
6.888500000000000512e+00 4.429758053464928784e-22
6.889000000000000234e+00 4.399347423548526471e-22
6.889499999999999957e+00 4.369143380374433063e-22
6.890000000000000568e+00 4.339144535706470604e-22
6.890500000000000291e+00 4.309349510533256499e-22
6.891000000000000014e+00 4.279756935007337360e-22
6.891499999999999737e+00 4.250365448385147571e-22
6.892000000000000348e+00 4.221173698967112682e-22
6.892500000000000071e+00 4.192180344038446810e-22
6.892999999999999794e+00 4.163384049809877161e-22
6.893500000000000405e+00 4.134783491358970875e-22
6.894000000000000128e+00 4.106377352572251336e-22
6.894499999999999851e+00 4.078164326086837223e-22
6.895000000000000462e+00 4.050143113233139987e-22
6.895500000000000185e+00 4.022312423977865067e-22
6.895999999999999908e+00 3.994670976867011229e-22
6.896500000000000519e+00 3.967217498969449191e-22
6.897000000000000242e+00 3.939950725821254906e-22
6.897499999999999964e+00 3.912869401369585357e-22
6.898000000000000576e+00 3.885972277917545517e-22
6.898500000000000298e+00 3.859258116069514224e-22
6.899000000000000021e+00 3.832725684676027135e-22
6.899499999999999744e+00 3.806373760779957423e-22
6.900000000000000355e+00 3.780201129562409179e-22
6.900500000000000078e+00 3.754206584289428964e-22
6.900999999999999801e+00 3.728388926258468624e-22
6.901500000000000412e+00 3.702746964745816713e-22
6.902000000000000135e+00 3.677279516954069409e-22
6.902499999999999858e+00 3.651985407959847352e-22
6.903000000000000469e+00 3.626863470662031567e-22
6.903500000000000192e+00 3.601912545730467251e-22
6.903999999999999915e+00 3.577131481554476172e-22
6.904500000000000526e+00 3.552519134192313237e-22
6.905000000000000249e+00 3.528074367320650325e-22
6.905499999999999972e+00 3.503796052184297106e-22
6.906000000000000583e+00 3.479683067546431079e-22
6.906500000000000306e+00 3.455734299639238561e-22
6.907000000000000028e+00 3.431948642114535464e-22
6.907499999999999751e+00 3.408324995994934910e-22
6.908000000000000362e+00 3.384862269625376422e-22
6.908500000000000085e+00 3.361559378624995075e-22
6.908999999999999808e+00 3.338415245838942219e-22
6.909500000000000419e+00 3.315428801290931702e-22
6.910000000000000142e+00 3.292598982136064943e-22
6.910499999999999865e+00 3.269924732613634352e-22
6.911000000000000476e+00 3.247405004000517809e-22
6.911500000000000199e+00 3.225038754564965276e-22
6.911999999999999922e+00 3.202824949520251873e-22
6.912500000000000533e+00 3.180762560979021212e-22
6.913000000000000256e+00 3.158850567908037796e-22
6.913499999999999979e+00 3.137087956082578778e-22
6.913999999999999702e+00 3.115473718041868620e-22
6.914500000000000313e+00 3.094006853044396673e-22
6.915000000000000036e+00 3.072686367023681440e-22
6.915499999999999758e+00 3.051511272544064001e-22
6.916000000000000369e+00 3.030480588757176630e-22
6.916500000000000092e+00 3.009593341358484772e-22
6.916999999999999815e+00 2.988848562544016628e-22
6.917500000000000426e+00 2.968245290967534717e-22
6.918000000000000149e+00 2.947782571698064800e-22
6.918499999999999872e+00 2.927459456177386714e-22
6.919000000000000483e+00 2.907275002178077211e-22
6.919500000000000206e+00 2.887228273761800604e-22
6.919999999999999929e+00 2.867318341237670402e-22
6.920500000000000540e+00 2.847544281121144623e-22
6.921000000000000263e+00 2.827905176093088974e-22
6.921499999999999986e+00 2.808400114958905374e-22
6.921999999999999709e+00 2.789028192608307484e-22
6.922500000000000320e+00 2.769788509975020996e-22
6.923000000000000043e+00 2.750680173997062272e-22
6.923499999999999766e+00 2.731702297576840651e-22
6.924000000000000377e+00 2.712853999541979222e-22
6.924500000000000099e+00 2.694134404606168517e-22
6.924999999999999822e+00 2.675542643330200746e-22
6.925500000000000433e+00 2.657077852083398073e-22
6.926000000000000156e+00 2.638739173005378952e-22
6.926499999999999879e+00 2.620525753967702219e-22
6.927000000000000490e+00 2.602436748536192027e-22
6.927500000000000213e+00 2.584471315933301808e-22
6.927999999999999936e+00 2.566628621000651269e-22
6.928500000000000547e+00 2.548907834161937195e-22
6.929000000000000270e+00 2.531308131386157868e-22
6.929499999999999993e+00 2.513828694150824804e-22
6.929999999999999716e+00 2.496468709405576023e-22
6.930500000000000327e+00 2.479227369536065339e-22
6.931000000000000050e+00 2.462103872328101783e-22
6.931499999999999773e+00 2.445097420931758004e-22
6.932000000000000384e+00 2.428207223825999641e-22
6.932500000000000107e+00 2.411432494783625031e-22
6.932999999999999829e+00 2.394772452835937837e-22
6.933500000000000441e+00 2.378226322238199746e-22
6.934000000000000163e+00 2.361793332435116539e-22
6.934499999999999886e+00 2.345472718026334515e-22
6.935000000000000497e+00 2.329263718732432494e-22
6.935500000000000220e+00 2.313165579361213345e-22
6.935999999999999943e+00 2.297177549773738781e-22
6.936500000000000554e+00 2.281298884851116470e-22
6.937000000000000277e+00 2.265528844461300316e-22
6.937500000000000000e+00 2.249866693425984303e-22
6.937999999999999723e+00 2.234311701487839116e-22
6.938500000000000334e+00 2.218863143278012080e-22
6.939000000000000057e+00 2.203520298283775664e-22
6.939499999999999780e+00 2.188282450816305780e-22
6.940000000000000391e+00 2.173148889978786854e-22
6.940500000000000114e+00 2.158118909634781625e-22
6.940999999999999837e+00 2.143191808376579788e-22
6.941500000000000448e+00 2.128366889493950995e-22
6.942000000000000171e+00 2.113643460943089242e-22
6.942499999999999893e+00 2.099020835315607090e-22
6.943000000000000504e+00 2.084498329807928839e-22
6.943500000000000227e+00 2.070075266190810208e-22
6.943999999999999950e+00 2.055750970778907361e-22
6.944500000000000561e+00 2.041524774400798280e-22
6.945000000000000284e+00 2.027396012369124739e-22
6.945500000000000007e+00 2.013364024450725810e-22
6.945999999999999730e+00 1.999428154837230523e-22
6.946500000000000341e+00 1.985587752115739628e-22
6.947000000000000064e+00 1.971842169239713064e-22
6.947499999999999787e+00 1.958190763499963930e-22
6.948000000000000398e+00 1.944632896495944219e-22
6.948500000000000121e+00 1.931167934107281157e-22
6.948999999999999844e+00 1.917795246465230327e-22
6.949500000000000455e+00 1.904514207924627666e-22
6.950000000000000178e+00 1.891324197035876023e-22
6.950499999999999901e+00 1.878224596517060793e-22
6.951000000000000512e+00 1.865214793226344601e-22
6.951500000000000234e+00 1.852294178134593333e-22
6.951999999999999957e+00 1.839462146297995816e-22
6.952500000000000568e+00 1.826718096830959976e-22
6.953000000000000291e+00 1.814061432879362580e-22
6.953500000000000014e+00 1.801491561593603147e-22
6.953999999999999737e+00 1.789007894102154382e-22
6.954500000000000348e+00 1.776609845485121315e-22
6.955000000000000071e+00 1.764296834748111937e-22
6.955499999999999794e+00 1.752068284796076109e-22
6.956000000000000405e+00 1.739923622407471719e-22
6.956500000000000128e+00 1.727862278208643137e-22
6.956999999999999851e+00 1.715883686648136196e-22
6.957500000000000462e+00 1.703987285971394260e-22
6.958000000000000185e+00 1.692172518195672476e-22
6.958499999999999908e+00 1.680438829084772635e-22
6.959000000000000519e+00 1.668785668124325816e-22
6.959500000000000242e+00 1.657212488497107479e-22
6.959999999999999964e+00 1.645718747058343851e-22
6.960500000000000576e+00 1.634303904311446199e-22
6.961000000000000298e+00 1.622967424383771194e-22
6.961500000000000021e+00 1.611708775002493891e-22
6.961999999999999744e+00 1.600527427470746134e-22
6.962500000000000355e+00 1.589422856643828075e-22
6.963000000000000078e+00 1.578394540905691001e-22
6.963499999999999801e+00 1.567441962145404643e-22
6.964000000000000412e+00 1.556564605733858403e-22
6.964500000000000135e+00 1.545761960500771748e-22
6.964999999999999858e+00 1.535033518711530617e-22
6.965500000000000469e+00 1.524378776044436908e-22
6.966000000000000192e+00 1.513797231568077153e-22
6.966499999999999915e+00 1.503288387718691900e-22
6.967000000000000526e+00 1.492851750277835211e-22
6.967500000000000249e+00 1.482486828350155935e-22
6.967999999999999972e+00 1.472193134341285017e-22
6.968500000000000583e+00 1.461970183935846929e-22
6.969000000000000306e+00 1.451817496075760053e-22
6.969500000000000028e+00 1.441734592938474512e-22
6.969999999999999751e+00 1.431720999915505531e-22
6.970500000000000362e+00 1.421776245591038499e-22
6.971000000000000085e+00 1.411899861720723520e-22
6.971499999999999808e+00 1.402091383210558833e-22
6.972000000000000419e+00 1.392350348095884492e-22
6.972500000000000142e+00 1.382676297520703542e-22
6.972999999999999865e+00 1.373068775716838855e-22
6.973500000000000476e+00 1.363527329983458372e-22
6.974000000000000199e+00 1.354051510666720480e-22
6.974499999999999922e+00 1.344640871139372124e-22
6.975000000000000533e+00 1.335294967780701701e-22
6.975500000000000256e+00 1.326013359956517329e-22
6.975999999999999979e+00 1.316795609999221042e-22
6.976499999999999702e+00 1.307641283188087290e-22
6.977000000000000313e+00 1.298549947729655925e-22
6.977500000000000036e+00 1.289521174738249089e-22
6.977999999999999758e+00 1.280554538216573912e-22
6.978500000000000369e+00 1.271649615036470733e-22
6.979000000000000092e+00 1.262805984919924639e-22
6.979499999999999815e+00 1.254023230419928175e-22
6.980000000000000426e+00 1.245300936901725400e-22
6.980500000000000149e+00 1.236638692524070033e-22
6.980999999999999872e+00 1.228036088220570360e-22
6.981500000000000483e+00 1.219492717681222924e-22
6.982000000000000206e+00 1.211008177334107492e-22
6.982499999999999929e+00 1.202582066327036881e-22
6.983000000000000540e+00 1.194213986509480677e-22
6.983500000000000263e+00 1.185903542414642708e-22
6.983999999999999986e+00 1.177650341241414620e-22
6.984499999999999709e+00 1.169453992836726534e-22
6.985000000000000320e+00 1.161314109677862673e-22
6.985500000000000043e+00 1.153230306854951200e-22
6.985999999999999766e+00 1.145202202053469335e-22
6.986500000000000377e+00 1.137229415537008255e-22
6.987000000000000099e+00 1.129311570130103121e-22
6.987499999999999822e+00 1.121448291201069449e-22
6.988000000000000433e+00 1.113639206645085864e-22
6.988500000000000156e+00 1.105883946867390646e-22
6.988999999999999879e+00 1.098182144766434776e-22
6.989500000000000490e+00 1.090533435717324163e-22
6.990000000000000213e+00 1.082937457555319930e-22
6.990499999999999936e+00 1.075393850559340121e-22
6.991000000000000547e+00 1.067902257435695554e-22
6.991500000000000270e+00 1.060462323301968158e-22
6.991999999999999993e+00 1.053073695670775866e-22
6.992499999999999716e+00 1.045736024433903908e-22
6.993000000000000327e+00 1.038448961846365817e-22
6.993500000000000050e+00 1.031212162510694943e-22
6.993999999999999773e+00 1.024025283361180723e-22
6.994500000000000384e+00 1.016887983648374723e-22
6.995000000000000107e+00 1.009799924923620781e-22
6.995499999999999829e+00 1.002760771023655444e-22
6.996000000000000441e+00 9.957701880553643883e-23
6.996500000000000163e+00 9.888278443806643932e-23
6.996999999999999886e+00 9.819334106013876535e-23
6.997500000000000497e+00 9.750865595443144477e-23
6.998000000000000220e+00 9.682869662464042263e-23
6.998499999999999943e+00 9.615343079399189080e-23
6.999000000000000554e+00 9.548282640378080763e-23
6.999500000000000277e+00 9.481685161191796335e-23
7.000000000000000000e+00 9.415547479147394232e-23
7.000499999999999723e+00 9.349866452924886373e-23
7.001000000000000334e+00 9.284638962433951280e-23
7.001500000000000057e+00 9.219861908672644355e-23
7.001999999999999780e+00 9.155532213585673232e-23
7.002500000000000391e+00 9.091646819924784311e-23
7.003000000000000114e+00 9.028202691110006229e-23
7.003499999999999837e+00 8.965196811090894508e-23
7.004000000000000448e+00 8.902626184209477141e-23
7.004500000000000171e+00 8.840487835064359218e-23
7.004999999999999893e+00 8.778778808374450215e-23
7.005500000000000504e+00 8.717496168845050504e-23
7.006000000000000227e+00 8.656637001034127115e-23
7.006499999999999950e+00 8.596198409219224264e-23
7.007000000000000561e+00 8.536177517265696317e-23
7.007500000000000284e+00 8.476571468496104486e-23
7.008000000000000007e+00 8.417377425559329064e-23
7.008499999999999730e+00 8.358592570301696449e-23
7.009000000000000341e+00 8.300214103638475280e-23
7.009500000000000064e+00 8.242239245426577450e-23
7.009999999999999787e+00 8.184665234337155676e-23
7.010500000000000398e+00 8.127489327730051303e-23
7.011000000000000121e+00 8.070708801529000293e-23
7.011499999999999844e+00 8.014320950096919152e-23
7.012000000000000455e+00 7.958323086112425130e-23
7.012500000000000178e+00 7.902712540447958610e-23
7.012999999999999901e+00 7.847486662047019185e-23
7.013500000000000512e+00 7.792642817803792680e-23
7.014000000000000234e+00 7.738178392442950985e-23
7.014499999999999957e+00 7.684090788399764554e-23
7.015000000000000568e+00 7.630377425701924084e-23
7.015500000000000291e+00 7.577035741851889987e-23
7.016000000000000014e+00 7.524063191709239512e-23
7.016499999999999737e+00 7.471457247374788862e-23
7.017000000000000348e+00 7.419215398075091470e-23
7.017500000000000071e+00 7.367335150047754420e-23
7.017999999999999794e+00 7.315814026427200378e-23
7.018500000000000405e+00 7.264649567131555651e-23
7.019000000000000128e+00 7.213839328750498617e-23
7.019499999999999851e+00 7.163380884433110516e-23
7.020000000000000462e+00 7.113271823776850007e-23
7.020500000000000185e+00 7.063509752717966530e-23
7.020999999999999908e+00 7.014092293421163707e-23
7.021500000000000519e+00 6.965017084171171739e-23
7.022000000000000242e+00 6.916281779264965159e-23
7.022499999999999964e+00 6.867884048903770161e-23
7.023000000000000576e+00 6.819821579086859863e-23
7.023500000000000298e+00 6.772092071505764519e-23
7.024000000000000021e+00 6.724693243438505236e-23
7.024499999999999744e+00 6.677622827645439298e-23
7.025000000000000355e+00 6.630878572265181900e-23
7.025500000000000078e+00 6.584458240712019573e-23
7.025999999999999801e+00 6.538359611572536044e-23
7.026500000000000412e+00 6.492580478504440957e-23
7.027000000000000135e+00 6.447118650135534959e-23
7.027499999999999858e+00 6.401971949962719459e-23
7.028000000000000469e+00 6.357138216252668524e-23
7.028500000000000192e+00 6.312615301942666531e-23
7.028999999999999915e+00 6.268401074541924238e-23
7.029500000000000526e+00 6.224493416033862294e-23
7.030000000000000249e+00 6.180890222779262254e-23
7.030499999999999972e+00 6.137589405419176625e-23
7.031000000000000583e+00 6.094588888779503412e-23
7.031500000000000306e+00 6.051886611775695843e-23
7.032000000000000028e+00 6.009480527317948168e-23
7.032499999999999751e+00 5.967368602217388863e-23
7.033000000000000362e+00 5.925548817092599436e-23
7.033500000000000085e+00 5.884019166277184137e-23
7.033999999999999808e+00 5.842777657727260899e-23
7.034500000000000419e+00 5.801822312930137184e-23
7.035000000000000142e+00 5.761151166813526554e-23
7.035499999999999865e+00 5.720762267654973304e-23
7.036000000000000476e+00 5.680653676992399692e-23
7.036500000000000199e+00 5.640823469535045790e-23
7.036999999999999922e+00 5.601269733074602104e-23
7.037500000000000533e+00 5.561990568397614092e-23
7.038000000000000256e+00 5.522984089198260480e-23
7.038499999999999979e+00 5.484248421991166845e-23
7.039000000000000590e+00 5.445781706025424084e-23
7.039500000000000313e+00 5.407582093199376826e-23
7.040000000000000036e+00 5.369647747974835856e-23
7.040499999999999758e+00 5.331976847293205417e-23
7.041000000000000369e+00 5.294567580491251985e-23
7.041500000000000092e+00 5.257418149218060297e-23
7.041999999999999815e+00 5.220526767351933542e-23
7.042500000000000426e+00 5.183891660918109929e-23
7.043000000000000149e+00 5.147511068007543084e-23
7.043499999999999872e+00 5.111383238695154053e-23
7.044000000000000483e+00 5.075506434959469814e-23
7.044500000000000206e+00 5.039878930602763123e-23
7.044999999999999929e+00 5.004499011171028975e-23
7.045500000000000540e+00 4.969364973875291723e-23
7.046000000000000263e+00 4.934475127513216650e-23
7.046499999999999986e+00 4.899827792390743873e-23
7.046999999999999709e+00 4.865421300244923017e-23
7.047500000000000320e+00 4.831253994166831936e-23
7.048000000000000043e+00 4.797324228525395866e-23
7.048499999999999766e+00 4.763630368891154846e-23
7.049000000000000377e+00 4.730170791960961559e-23
7.049500000000000099e+00 4.696943885483300992e-23
7.049999999999999822e+00 4.663948048183444366e-23
7.050500000000000433e+00 4.631181689689869650e-23
7.051000000000000156e+00 4.598643230460798457e-23
7.051499999999999879e+00 4.566331101711102043e-23
7.052000000000000490e+00 4.534243745339910244e-23
7.052500000000000213e+00 4.502379613858877531e-23
7.052999999999999936e+00 4.470737170320302698e-23
7.053500000000000547e+00 4.439314888246281231e-23
7.054000000000000270e+00 4.408111251558453656e-23
7.054499999999999993e+00 4.377124754507452361e-23
7.054999999999999716e+00 4.346353901603593870e-23
7.055500000000000327e+00 4.315797207547610478e-23
7.056000000000000050e+00 4.285453197162186528e-23
7.056499999999999773e+00 4.255320405323495853e-23
7.057000000000000384e+00 4.225397376893400442e-23
7.057500000000000107e+00 4.195682666652537769e-23
7.057999999999999829e+00 4.166174839232964382e-23
7.058500000000000441e+00 4.136872469051924439e-23
7.059000000000000163e+00 4.107774140246159553e-23
7.059499999999999886e+00 4.078878446605820152e-23
7.060000000000000497e+00 4.050183991509739820e-23
7.060500000000000220e+00 4.021689387860828952e-23
7.060999999999999943e+00 3.993393258021520131e-23
7.061500000000000554e+00 3.965294233750136853e-23
7.062000000000000277e+00 3.937390956137650761e-23
7.062500000000000000e+00 3.909682075544468845e-23
7.062999999999999723e+00 3.882166251538037611e-23
7.063500000000000334e+00 3.854842152830633577e-23
7.064000000000000057e+00 3.827708457217881972e-23
7.064499999999999780e+00 3.800763851517100297e-23
7.065000000000000391e+00 3.774007031506659276e-23
7.065500000000000114e+00 3.747436701865608875e-23
7.065999999999999837e+00 3.721051576113172080e-23
7.066500000000000448e+00 3.694850376549498811e-23
7.067000000000000171e+00 3.668831834196277006e-23
7.067499999999999893e+00 3.642994688737644045e-23
7.068000000000000504e+00 3.617337688461933368e-23
7.068500000000000227e+00 3.591859590203546275e-23
7.068999999999999950e+00 3.566559159285117020e-23
7.069500000000000561e+00 3.541435169460209809e-23
7.070000000000000284e+00 3.516486402856657625e-23
7.070500000000000007e+00 3.491711649919519010e-23
7.070999999999999730e+00 3.467109709355269123e-23
7.071500000000000341e+00 3.442679388075796247e-23
7.072000000000000064e+00 3.418419501143181769e-23
7.072499999999999787e+00 3.394328871714339686e-23
7.073000000000000398e+00 3.370406330986445452e-23
7.073500000000000121e+00 3.346650718142840320e-23
7.073999999999999844e+00 3.323060880298604774e-23
7.074500000000000455e+00 3.299635672447263382e-23
7.075000000000000178e+00 3.276373957407578393e-23
7.075499999999999901e+00 3.253274605770369198e-23
7.076000000000000512e+00 3.230336495846212822e-23
7.076500000000000234e+00 3.207558513613220237e-23
7.076999999999999957e+00 3.184939552665086566e-23
7.077500000000000568e+00 3.162478514159640281e-23
7.078000000000000291e+00 3.140174306767827925e-23
7.078500000000000014e+00 3.118025846622723517e-23
7.078999999999999737e+00 3.096032057269085152e-23
7.079500000000000348e+00 3.074191869613288345e-23
7.080000000000000071e+00 3.052504221873618488e-23
7.080499999999999794e+00 3.030968059530565661e-23
7.081000000000000405e+00 3.009582335277824148e-23
7.081500000000000128e+00 2.988346008973596999e-23
7.081999999999999851e+00 2.967258047591944664e-23
7.082500000000000462e+00 2.946317425174613831e-23
7.083000000000000185e+00 2.925523122783481030e-23
7.083499999999999908e+00 2.904874128452683568e-23
7.084000000000000519e+00 2.884369437141656769e-23
7.084500000000000242e+00 2.864008050688237034e-23
7.084999999999999964e+00 2.843788977762015879e-23
7.085500000000000576e+00 2.823711233818048377e-23
7.086000000000000298e+00 2.803773841051153462e-23
7.086500000000000021e+00 2.783975828350039679e-23
7.086999999999999744e+00 2.764316231252032195e-23
7.087500000000000355e+00 2.744794091898036075e-23
7.088000000000000078e+00 2.725408458988000340e-23
7.088499999999999801e+00 2.706158387736205092e-23
7.089000000000000412e+00 2.687042939827271578e-23
7.089500000000000135e+00 2.668061183372422635e-23
7.089999999999999858e+00 2.649212192865796618e-23
7.090500000000000469e+00 2.630495049141180390e-23
7.091000000000000192e+00 2.611908839329299793e-23
7.091499999999999915e+00 2.593452656814848570e-23
7.092000000000000526e+00 2.575125601194237863e-23
7.092500000000000249e+00 2.556926778233591692e-23
7.092999999999999972e+00 2.538855299826779156e-23
7.093500000000000583e+00 2.520910283953865116e-23
7.094000000000000306e+00 2.503090854640083978e-23
7.094500000000000028e+00 2.485396141914571900e-23
7.094999999999999751e+00 2.467825281769803425e-23
7.095500000000000362e+00 2.450377416121158589e-23
7.096000000000000085e+00 2.433051692766775674e-23
7.096499999999999808e+00 2.415847265347571762e-23
7.097000000000000419e+00 2.398763293307652676e-23
7.097500000000000142e+00 2.381798941855072038e-23
7.097999999999999865e+00 2.364953381922529204e-23
7.098500000000000476e+00 2.348225790128623794e-23
7.099000000000000199e+00 2.331615348739429663e-23
7.099499999999999922e+00 2.315121245629933105e-23
7.100000000000000533e+00 2.298742674246088185e-23
7.100500000000000256e+00 2.282478833567115994e-23
7.100999999999999979e+00 2.266328928067757173e-23
7.101500000000000590e+00 2.250292167681060760e-23
7.102000000000000313e+00 2.234367767761477776e-23
7.102500000000000036e+00 2.218554949047826693e-23
7.102999999999999758e+00 2.202852937626884258e-23
7.103500000000000369e+00 2.187260964897018636e-23
7.104000000000000092e+00 2.171778267532235154e-23
7.104499999999999815e+00 2.156404087446218806e-23
7.105000000000000426e+00 2.141137671756799947e-23
7.105500000000000149e+00 2.125978272750722076e-23
7.105999999999999872e+00 2.110925147848354968e-23
7.106500000000000483e+00 2.095977559568921790e-23
7.107000000000000206e+00 2.081134775495936330e-23
7.107499999999999929e+00 2.066396068242672557e-23
7.108000000000000540e+00 2.051760715418037676e-23
7.108500000000000263e+00 2.037227999592734336e-23
7.108999999999999986e+00 2.022797208265376429e-23
7.109499999999999709e+00 2.008467633829102397e-23
7.110000000000000320e+00 1.994238573538317858e-23
7.110500000000000043e+00 1.980109329475670675e-23
7.110999999999999766e+00 1.966079208519166211e-23
7.111500000000000377e+00 1.952147522309601727e-23
7.112000000000000099e+00 1.938313587218274670e-23
7.112499999999999822e+00 1.924576724314712120e-23
7.113000000000000433e+00 1.910936259334720558e-23
7.113500000000000156e+00 1.897391522648832078e-23
7.113999999999999879e+00 1.883941849230576021e-23
7.114500000000000490e+00 1.870586578625272256e-23
7.115000000000000213e+00 1.857325054919006346e-23
7.115499999999999936e+00 1.844156626707641470e-23
7.116000000000000547e+00 1.831080647066131550e-23
7.116500000000000270e+00 1.818096473518223472e-23
7.116999999999999993e+00 1.805203468005985335e-23
7.117499999999999716e+00 1.792400996859851621e-23
7.118000000000000327e+00 1.779688430768765347e-23
7.118500000000000050e+00 1.767065144750535621e-23
7.118999999999999773e+00 1.754530518122315690e-23
7.119500000000000384e+00 1.742083934471371632e-23
7.120000000000000107e+00 1.729724781626107000e-23
7.120499999999999829e+00 1.717452451627048397e-23
7.121000000000000441e+00 1.705266340698235995e-23
7.121500000000000163e+00 1.693165849218853863e-23
7.121999999999999886e+00 1.681150381694761552e-23
7.122500000000000497e+00 1.669219346730481178e-23
7.123000000000000220e+00 1.657372157001363486e-23
7.123499999999999943e+00 1.645608229225711290e-23
7.124000000000000554e+00 1.633926984137367829e-23
7.124500000000000277e+00 1.622327846458355076e-23
7.125000000000000000e+00 1.610810244871653702e-23
7.125499999999999723e+00 1.599373611994268381e-23
7.126000000000000334e+00 1.588017384350395372e-23
7.126500000000000057e+00 1.576741002344884554e-23
7.126999999999999780e+00 1.565543910236697945e-23
7.127500000000000391e+00 1.554425556112683538e-23
7.128000000000000114e+00 1.543385391861569543e-23
7.128499999999999837e+00 1.532422873147923668e-23
7.129000000000000448e+00 1.521537459386486780e-23
7.129500000000000171e+00 1.510728613716665858e-23
7.129999999999999893e+00 1.499995802977051035e-23
7.130500000000000504e+00 1.489338497680230049e-23
7.131000000000000227e+00 1.478756171987817209e-23
7.131499999999999950e+00 1.468248303685447406e-23
7.132000000000000561e+00 1.457814374158121583e-23
7.132500000000000284e+00 1.447453868365766149e-23
7.133000000000000007e+00 1.437166274818656924e-23
7.133499999999999730e+00 1.426951085553363820e-23
7.134000000000000341e+00 1.416807796108616176e-23
7.134500000000000064e+00 1.406735905501497532e-23
7.134999999999999787e+00 1.396734916203637753e-23
7.135500000000000398e+00 1.386804334117636138e-23
7.136000000000000121e+00 1.376943668553784576e-23
7.136499999999999844e+00 1.367152432206657866e-23
7.137000000000000455e+00 1.357430141132091081e-23
7.137500000000000178e+00 1.347776314724291213e-23
7.137999999999999901e+00 1.338190475692976166e-23
7.138500000000000512e+00 1.328672150040738261e-23
7.139000000000000234e+00 1.319220867040692646e-23
7.139499999999999957e+00 1.309836159214000675e-23
7.140000000000000568e+00 1.300517562307762679e-23
7.140500000000000291e+00 1.291264615273042533e-23
7.141000000000000014e+00 1.282076860242907081e-23
7.141499999999999737e+00 1.272953842510746779e-23
7.142000000000000348e+00 1.263895110508666879e-23
7.142500000000000071e+00 1.254900215786126347e-23
7.142999999999999794e+00 1.245968712988537696e-23
7.143500000000000405e+00 1.237100159836168765e-23
7.144000000000000128e+00 1.228294117103215843e-23
7.144499999999999851e+00 1.219550148596812419e-23
7.145000000000000462e+00 1.210867821136369580e-23
7.145500000000000185e+00 1.202246704533046144e-23
7.145999999999999908e+00 1.193686371569205873e-23
7.146500000000000519e+00 1.185186397978155470e-23
7.147000000000000242e+00 1.176746362424055830e-23
7.147499999999999964e+00 1.168365846481765096e-23
7.148000000000000576e+00 1.160044434617003077e-23
7.148500000000000298e+00 1.151781714166641147e-23
7.149000000000000021e+00 1.143577275318968633e-23
7.149499999999999744e+00 1.135430711094289516e-23
7.150000000000000355e+00 1.127341617325511346e-23
7.150500000000000078e+00 1.119309592638946926e-23
7.150999999999999801e+00 1.111334238435196798e-23
7.151500000000000412e+00 1.103415158870146357e-23
7.152000000000000135e+00 1.095551960836201429e-23
7.152499999999999858e+00 1.087744253943492706e-23
7.153000000000000469e+00 1.079991650501319098e-23
7.153500000000000192e+00 1.072293765499698498e-23
7.153999999999999915e+00 1.064650216591013757e-23
7.154500000000000526e+00 1.057060624071768277e-23
7.155000000000000249e+00 1.049524610864570095e-23
7.155499999999999972e+00 1.042041802500086571e-23
7.156000000000000583e+00 1.034611827099221250e-23
7.156500000000000306e+00 1.027234315355437954e-23
7.157000000000000028e+00 1.019908900517065625e-23
7.157499999999999751e+00 1.012635218369863391e-23
7.158000000000000362e+00 1.005412907219643530e-23
7.158500000000000085e+00 9.982416078750554693e-24
7.158999999999999808e+00 9.911209636303730257e-24
7.159500000000000419e+00 9.840506202485190896e-24
7.160000000000000142e+00 9.770302259442028652e-24
7.160499999999999865e+00 9.700594313670410938e-24
7.161000000000000476e+00 9.631378895849459677e-24
7.161500000000000199e+00 9.562652560675819575e-24
7.161999999999999922e+00 9.494411886698417412e-24
7.162500000000000533e+00 9.426653476155472400e-24
7.163000000000000256e+00 9.359373954812568898e-24
7.163499999999999979e+00 9.292569971800923086e-24
7.164000000000000590e+00 9.226238199457243897e-24
7.164500000000000313e+00 9.160375333165579071e-24
7.165000000000000036e+00 9.094978091198276644e-24
7.165499999999999758e+00 9.030043214559980687e-24
7.166000000000000369e+00 8.965567466831183292e-24
7.166500000000000092e+00 8.901547634014205425e-24
7.166999999999999815e+00 8.837980524378869212e-24
7.167500000000000426e+00 8.774862968310034852e-24
7.168000000000000149e+00 8.712191818156377676e-24
7.168499999999999872e+00 8.649963948079300391e-24
7.169000000000000483e+00 8.588176253903314687e-24
7.169500000000000206e+00 8.526825652968350658e-24
7.169999999999999929e+00 8.465909083980993586e-24
7.170500000000000540e+00 8.405423506868749087e-24
7.171000000000000263e+00 8.345365902634538954e-24
7.171499999999999986e+00 8.285733273211733313e-24
7.171999999999999709e+00 8.226522641320638928e-24
7.172500000000000320e+00 8.167731050326066019e-24
7.173000000000000043e+00 8.109355564095926579e-24
7.173499999999999766e+00 8.051393266859926724e-24
7.174000000000000377e+00 7.993841263070132497e-24
7.174500000000000099e+00 7.936696677262774343e-24
7.174999999999999822e+00 7.879956653919331591e-24
7.175500000000000433e+00 7.823618357330379357e-24
7.176000000000000156e+00 7.767678971459733718e-24
7.176499999999999879e+00 7.712135699808740893e-24
7.177000000000000490e+00 7.656985765282708757e-24
7.177500000000000213e+00 7.602226410057636636e-24
7.177999999999999936e+00 7.547854895447687143e-24
7.178500000000000547e+00 7.493868501773667451e-24
7.179000000000000270e+00 7.440264528233159216e-24
7.179499999999999993e+00 7.387040292770244413e-24
7.179999999999999716e+00 7.334193131946856295e-24
7.180500000000000327e+00 7.281720400815122176e-24
7.181000000000000050e+00 7.229619472790346859e-24
7.181499999999999773e+00 7.177887739524611729e-24
7.182000000000000384e+00 7.126522610781594886e-24
7.182500000000000107e+00 7.075521514312433070e-24
7.182999999999999829e+00 7.024881895731677618e-24
7.183500000000000441e+00 6.974601218394749173e-24
7.184000000000000163e+00 6.924676963276160885e-24
7.184499999999999886e+00 6.875106628848147145e-24
7.185000000000000497e+00 6.825887730960434022e-24
7.185500000000000220e+00 6.777017802721340952e-24
7.185999999999999943e+00 6.728494394378218268e-24
7.186500000000000554e+00 6.680315073200241593e-24
7.187000000000000277e+00 6.632477423361491300e-24
7.187500000000000000e+00 6.584979045824185511e-24
7.187999999999999723e+00 6.537817558223627855e-24
7.188500000000000334e+00 6.490990594753313180e-24
7.189000000000000057e+00 6.444495806051562145e-24
7.189499999999999780e+00 6.398330859087726750e-24
7.190000000000000391e+00 6.352493437050183361e-24
7.190500000000000114e+00 6.306981239235038375e-24
7.190999999999999837e+00 6.261791980934767759e-24
7.191500000000000448e+00 6.216923393328403102e-24
7.192000000000000171e+00 6.172373223372616928e-24
7.192499999999999893e+00 6.128139233692496485e-24
7.193000000000000504e+00 6.084219202474035244e-24
7.193500000000000227e+00 6.040610923357300295e-24
7.193999999999999950e+00 5.997312205329512322e-24
7.194500000000000561e+00 5.954320872619840326e-24
7.195000000000000284e+00 5.911634764594440998e-24
7.195500000000000007e+00 5.869251735652043970e-24
7.195999999999999730e+00 5.827169655120587652e-24
7.196500000000000341e+00 5.785386407154474416e-24
7.197000000000000064e+00 5.743899890632518584e-24
7.197499999999999787e+00 5.702708019056355066e-24
7.198000000000000398e+00 5.661808720449853774e-24
7.198500000000000121e+00 5.621199937259229786e-24
7.198999999999999844e+00 5.580879626253426080e-24
7.199500000000000455e+00 5.540845758425696003e-24
7.200000000000000178e+00 5.501096318895615527e-24
7.200499999999999901e+00 5.461629306811568655e-24
7.201000000000000512e+00 5.422442735254175408e-24
7.201500000000000234e+00 5.383534631140563977e-24
7.201999999999999957e+00 5.344903035128561324e-24
7.202500000000000568e+00 5.306546001522204736e-24
7.203000000000000291e+00 5.268461598178067420e-24
7.203500000000000014e+00 5.230647906411133729e-24
7.203999999999999737e+00 5.193103020902565469e-24
7.204500000000000348e+00 5.155825049607408692e-24
7.205000000000000071e+00 5.118812113663197544e-24
7.205499999999999794e+00 5.082062347298743981e-24
7.206000000000000405e+00 5.045573897744199232e-24
7.206500000000000128e+00 5.009344925141371656e-24
7.206999999999999851e+00 4.973373602454471462e-24
7.207500000000000462e+00 4.937658115381897198e-24
7.208000000000000185e+00 4.902196662268445431e-24
7.208499999999999908e+00 4.866987454017763596e-24
7.209000000000000519e+00 4.832028714006006267e-24
7.209500000000000242e+00 4.797318677995888150e-24
7.209999999999999964e+00 4.762855594050856098e-24
7.210500000000000576e+00 4.728637722450426337e-24
7.211000000000000298e+00 4.694663335606062411e-24
7.211500000000000021e+00 4.660930717977151588e-24
7.211999999999999744e+00 4.627438165988030381e-24
7.212500000000000355e+00 4.594183987945312033e-24
7.213000000000000078e+00 4.561166503956130886e-24
7.213499999999999801e+00 4.528384045846268463e-24
7.214000000000000412e+00 4.495834957079579941e-24
7.214500000000000135e+00 4.463517592677616790e-24
7.214999999999999858e+00 4.431430319139671848e-24
7.215500000000000469e+00 4.399571514363591411e-24
7.216000000000000192e+00 4.367939567567288944e-24
7.216499999999999915e+00 4.336532879210161080e-24
7.217000000000000526e+00 4.305349860915737151e-24
7.217500000000000249e+00 4.274388935394656394e-24
7.217999999999999972e+00 4.243648536367755352e-24
7.218500000000000583e+00 4.213127108490192655e-24
7.219000000000000306e+00 4.182823107276090277e-24
7.219500000000000028e+00 4.152734999023124845e-24
7.219999999999999751e+00 4.122861260738345123e-24
7.220500000000000362e+00 4.093200380063996121e-24
7.221000000000000085e+00 4.063750855204143260e-24
7.221499999999999808e+00 4.034511194851620549e-24
7.222000000000000419e+00 4.005479918115426172e-24
7.222500000000000142e+00 3.976655554449011454e-24
7.222999999999999865e+00 3.948036643578489753e-24
7.223500000000000476e+00 3.919621735431710063e-24
7.224000000000000199e+00 3.891409390067922049e-24
7.224499999999999922e+00 3.863398177607391118e-24
7.225000000000000533e+00 3.835586678161973718e-24
7.225500000000000256e+00 3.807973481766273051e-24
7.225999999999999979e+00 3.780557188308629463e-24
7.226500000000000590e+00 3.753336407463059329e-24
7.227000000000000313e+00 3.726309758621866161e-24
7.227500000000000036e+00 3.699475870828095235e-24
7.227999999999999758e+00 3.672833382708827227e-24
7.228500000000000369e+00 3.646380942408983919e-24
7.229000000000000092e+00 3.620117207525446885e-24
7.229499999999999815e+00 3.594040845041632415e-24
7.230000000000000426e+00 3.568150531262438919e-24
7.230500000000000149e+00 3.542444951750020861e-24
7.230999999999999872e+00 3.516922801259362847e-24
7.231500000000000483e+00 3.491582783674889624e-24
7.232000000000000206e+00 3.466423611947339096e-24
7.232499999999999929e+00 3.441444008030735989e-24
7.233000000000000540e+00 3.416642702820209670e-24
7.233500000000000263e+00 3.392018436090217509e-24
7.233999999999999986e+00 3.367569956432843184e-24
7.234499999999999709e+00 3.343296021196861254e-24
7.235000000000000320e+00 3.319195396427031695e-24
7.235500000000000043e+00 3.295266856804062627e-24
7.235999999999999766e+00 3.271509185584491124e-24
7.236500000000000377e+00 3.247921174541522052e-24
7.237000000000000099e+00 3.224501623906006502e-24
7.237499999999999822e+00 3.201249342307738331e-24
7.238000000000000433e+00 3.178163146717313850e-24
7.238500000000000156e+00 3.155241862388497697e-24
7.238999999999999879e+00 3.132484322800539496e-24
7.239500000000000490e+00 3.109889369601398585e-24
7.240000000000000213e+00 3.087455852551110160e-24
7.240499999999999936e+00 3.065182629465435388e-24
7.241000000000000547e+00 3.043068566160153992e-24
7.241500000000000270e+00 3.021112536395636757e-24
7.241999999999999993e+00 2.999313421821574882e-24
7.242499999999999716e+00 2.977670111922526313e-24
7.243000000000000327e+00 2.956181503963359574e-24
7.243500000000000050e+00 2.934846502935624046e-24
7.243999999999999773e+00 2.913664021503616817e-24
7.244500000000000384e+00 2.892632979951401678e-24
7.245000000000000107e+00 2.871752306129946045e-24
7.245499999999999829e+00 2.851020935404534114e-24
7.246000000000000441e+00 2.830437810602689523e-24
7.246500000000000163e+00 2.810001881962549845e-24
7.246999999999999886e+00 2.789712107081219773e-24
7.247500000000000497e+00 2.769567450863811974e-24
7.248000000000000220e+00 2.749566885472943806e-24
7.248499999999999943e+00 2.729709390278002617e-24
7.249000000000000554e+00 2.709993951805389642e-24
7.249500000000000277e+00 2.690419563688873363e-24
7.250000000000000000e+00 2.670985226620121771e-24
7.250499999999999723e+00 2.651689948299738616e-24
7.251000000000000334e+00 2.632532743388684268e-24
7.251500000000000057e+00 2.613512633459959592e-24
7.251999999999999780e+00 2.594628646950524555e-24
7.252500000000000391e+00 2.575879819113660587e-24
7.253000000000000114e+00 2.557265191971845372e-24
7.253499999999999837e+00 2.538783814269398433e-24
7.254000000000000448e+00 2.520434741426040284e-24
7.254500000000000171e+00 2.502217035490562896e-24
7.254999999999999893e+00 2.484129765094595296e-24
7.255500000000000504e+00 2.466172005406982264e-24
7.256000000000000227e+00 2.448342838088462417e-24
7.256499999999999950e+00 2.430641351246410573e-24
7.257000000000000561e+00 2.413066639390118637e-24
7.257500000000000284e+00 2.395617803386365960e-24
7.258000000000000007e+00 2.378293950415123403e-24
7.258499999999999730e+00 2.361094193925817966e-24
7.259000000000000341e+00 2.344017653593593750e-24
7.259500000000000064e+00 2.327063455276293636e-24
7.259999999999999787e+00 2.310230730971216520e-24
7.260500000000000398e+00 2.293518618772559279e-24
7.261000000000000121e+00 2.276926262829129092e-24
7.261499999999999844e+00 2.260452813302039238e-24
7.262000000000000455e+00 2.244097426323069410e-24
7.262500000000000178e+00 2.227859263953130729e-24
7.262999999999999901e+00 2.211737494140959601e-24
7.263500000000000512e+00 2.195731290682202436e-24
7.264000000000000234e+00 2.179839833178843092e-24
7.264499999999999957e+00 2.164062306998696075e-24
7.265000000000000568e+00 2.148397903235282874e-24
7.265500000000000291e+00 2.132845818668202745e-24
7.266000000000000014e+00 2.117405255723328996e-24
7.266499999999999737e+00 2.102075422433662461e-24
7.267000000000000348e+00 2.086855532400244471e-24
7.267500000000000071e+00 2.071744804753588150e-24
7.267999999999999794e+00 2.056742464114917228e-24
7.268500000000000405e+00 2.041847740558146875e-24
7.269000000000000128e+00 2.027059869571961153e-24
7.269499999999999851e+00 2.012378092021947405e-24
7.270000000000000462e+00 1.997801654113314351e-24
7.270500000000000185e+00 1.983329807353703849e-24
7.270999999999999908e+00 1.968961808516203606e-24
7.271500000000000519e+00 1.954696919602715094e-24
7.272000000000000242e+00 1.940534407807642901e-24
7.272499999999999964e+00 1.926473545481553952e-24
7.273000000000000576e+00 1.912513610095407955e-24
7.273500000000000298e+00 1.898653884204882245e-24
7.274000000000000021e+00 1.884893655414887289e-24
7.274499999999999744e+00 1.871232216344448783e-24
7.275000000000000355e+00 1.857668864591738910e-24
7.275500000000000078e+00 1.844202902699481531e-24
7.275999999999999801e+00 1.830833638120392661e-24
7.276500000000000412e+00 1.817560383182962186e-24
7.277000000000000135e+00 1.804382455057640775e-24
7.277499999999999858e+00 1.791299175722894540e-24
7.278000000000000469e+00 1.778309871931771404e-24
7.278500000000000192e+00 1.765413875178752896e-24
7.278999999999999915e+00 1.752610521666459375e-24
7.279500000000000526e+00 1.739899152272999574e-24
7.280000000000000249e+00 1.727279112519395813e-24
7.280499999999999972e+00 1.714749752537080845e-24
7.281000000000000583e+00 1.702310427035812006e-24
7.281500000000000306e+00 1.689960495271869681e-24
7.282000000000000028e+00 1.677699321016121697e-24
7.282499999999999751e+00 1.665526272522718805e-24
7.283000000000000362e+00 1.653440722497732307e-24
7.283500000000000085e+00 1.641442048068193555e-24
7.283999999999999808e+00 1.629529630751163390e-24
7.284500000000000419e+00 1.617702856423095451e-24
7.285000000000000142e+00 1.605961115289572706e-24
7.285499999999999865e+00 1.594303801854918355e-24
7.286000000000000476e+00 1.582730314892281696e-24
7.286500000000000199e+00 1.571240057413916861e-24
7.286999999999999922e+00 1.559832436641454372e-24
7.287500000000000533e+00 1.548506863976634644e-24
7.288000000000000256e+00 1.537262754972120089e-24
7.288499999999999979e+00 1.526099529302467754e-24
7.289000000000000590e+00 1.515016610735364789e-24
7.289500000000000313e+00 1.504013427103173958e-24
7.290000000000000036e+00 1.493089410274349465e-24
7.290499999999999758e+00 1.482243996125417587e-24
7.291000000000000369e+00 1.471476624512902921e-24
7.291500000000000092e+00 1.460786739245631171e-24
7.291999999999999815e+00 1.450173788056999969e-24
7.292500000000000426e+00 1.439637222577622369e-24
7.293000000000000149e+00 1.429176498308206350e-24
7.293499999999999872e+00 1.418791074592326885e-24
7.294000000000000483e+00 1.408480414589714476e-24
7.294500000000000206e+00 1.398243985249611481e-24
7.294999999999999929e+00 1.388081257284174894e-24
7.295500000000000540e+00 1.377991705142285786e-24
7.296000000000000263e+00 1.367974806983424123e-24
7.296499999999999986e+00 1.358030044651689973e-24
7.296999999999999709e+00 1.348156903650089938e-24
7.297500000000000320e+00 1.338354873114926435e-24
7.298000000000000043e+00 1.328623445790513548e-24
7.298499999999999766e+00 1.318962118003775697e-24
7.299000000000000377e+00 1.309370389639333589e-24
7.299500000000000099e+00 1.299847764114602099e-24
7.299999999999999822e+00 1.290393748355079915e-24
7.300500000000000433e+00 1.281007852769780418e-24
7.301000000000000156e+00 1.271689591226965437e-24
7.301499999999999879e+00 1.262438481029867435e-24
7.302000000000000490e+00 1.253254042892658732e-24
7.302500000000000213e+00 1.244135800916708353e-24
7.302999999999999936e+00 1.235083282566736207e-24
7.303500000000000547e+00 1.226096018647382734e-24
7.304000000000000270e+00 1.217173543279831807e-24
7.304499999999999993e+00 1.208315393878571577e-24
7.304999999999999716e+00 1.199521111128351479e-24
7.305500000000000327e+00 1.190790238961321623e-24
7.306000000000000050e+00 1.182122324534334179e-24
7.306499999999999773e+00 1.173516918206312724e-24
7.307000000000000384e+00 1.164973573515833913e-24
7.307500000000000107e+00 1.156491847158977304e-24
7.307999999999999829e+00 1.148071298967089789e-24
7.308500000000000441e+00 1.139711491884894205e-24
7.309000000000000163e+00 1.131411991948738841e-24
7.309499999999999886e+00 1.123172368264846378e-24
7.310000000000000497e+00 1.114992192987889587e-24
7.310500000000000220e+00 1.106871041299666029e-24
7.310999999999999943e+00 1.098808491387811502e-24
7.311500000000000554e+00 1.090804124424795056e-24
7.312000000000000277e+00 1.082857524547057098e-24
7.312500000000000000e+00 1.074968278834147117e-24
7.312999999999999723e+00 1.067135977288190369e-24
7.313500000000000334e+00 1.059360212813358607e-24
7.314000000000000057e+00 1.051640581195604371e-24
7.314499999999999780e+00 1.043976681082378199e-24
7.315000000000000391e+00 1.036368113962614923e-24
7.315500000000000114e+00 1.028814484146892973e-24
7.315999999999999837e+00 1.021315398747519115e-24
7.316500000000000448e+00 1.013870467658986043e-24
7.317000000000000171e+00 1.006479303538477356e-24
7.317499999999999893e+00 9.991415217864505933e-25
7.318000000000000504e+00 9.918567405274039455e-25
7.318500000000000227e+00 9.846245805908427948e-25
7.318999999999999950e+00 9.774446654922411161e-25
7.319500000000000561e+00 9.703166214142295258e-25
7.320000000000000284e+00 9.632400771879311867e-25
7.320500000000000007e+00 9.562146642743324270e-25
7.320999999999999730e+00 9.492400167458454783e-25
7.321500000000000341e+00 9.423157712680106204e-25
7.322000000000000064e+00 9.354415670813322223e-25
7.322499999999999787e+00 9.286170459831425177e-25
7.323000000000000398e+00 9.218418523097015802e-25
7.323500000000000121e+00 9.151156329184174214e-25
7.323999999999999844e+00 9.084380371701022700e-25
7.324500000000000455e+00 9.018087169113994829e-25
7.325000000000000178e+00 8.952273264574207587e-25
7.325499999999999901e+00 8.886935225743141075e-25
7.326000000000000512e+00 8.822069644621288168e-25
7.326500000000000234e+00 8.757673137377254166e-25
7.326999999999999957e+00 8.693742344177833575e-25
7.327500000000000568e+00 8.630273929019422178e-25
7.328000000000000291e+00 8.567264579561506420e-25
7.328500000000000014e+00 8.504711006959458525e-25
7.328999999999999737e+00 8.442609945700358505e-25
7.329500000000000348e+00 8.380958153438465353e-25
7.330000000000000071e+00 8.319752410833419438e-25
7.330499999999999794e+00 8.258989521387708364e-25
7.331000000000000405e+00 8.198666311286627089e-25
7.331500000000000128e+00 8.138779629239292314e-25
7.331999999999999851e+00 8.079326346319657794e-25
7.332500000000000462e+00 8.020303355809899913e-25
7.333000000000000185e+00 7.961707573044614178e-25
7.333499999999999908e+00 7.903535935254938240e-25
7.334000000000000519e+00 7.845785401415598951e-25
7.334500000000000242e+00 7.788452952091868516e-25
7.334999999999999964e+00 7.731535589287380217e-25
7.335500000000000576e+00 7.675030336293888294e-25
7.336000000000000298e+00 7.618934237541783638e-25
7.336500000000000021e+00 7.563244358450900595e-25
7.336999999999999744e+00 7.507957785283388240e-25
7.337500000000000355e+00 7.453071624996901234e-25
7.338000000000000078e+00 7.398583005099723814e-25
7.338499999999999801e+00 7.344489073505245436e-25
7.339000000000000412e+00 7.290786998389165755e-25
7.339500000000000135e+00 7.237473968047081654e-25
7.339999999999999858e+00 7.184547190752357116e-25
7.340500000000000469e+00 7.132003894616120012e-25
7.341000000000000192e+00 7.079841327447658370e-25
7.341499999999999915e+00 7.028056756615590821e-25
7.342000000000000526e+00 6.976647468910366817e-25
7.342500000000000249e+00 6.925610770407951535e-25
7.342999999999999972e+00 6.874943986333485060e-25
7.343500000000000583e+00 6.824644460926977565e-25
7.344000000000000306e+00 6.774709557309674886e-25
7.344500000000000028e+00 6.725136657350451655e-25
7.344999999999999751e+00 6.675923161534481944e-25
7.345500000000000362e+00 6.627066488831998080e-25
7.346000000000000085e+00 6.578564076568315863e-25
7.346499999999999808e+00 6.530413380294179381e-25
7.347000000000000419e+00 6.482611873657819465e-25
7.347500000000000142e+00 6.435157048277672449e-25
7.347999999999999865e+00 6.388046413615318414e-25
7.348500000000000476e+00 6.341277496850069717e-25
7.349000000000000199e+00 6.294847842754636748e-25
7.349499999999999922e+00 6.248755013570354713e-25
7.350000000000000533e+00 6.202996588884728353e-25
7.350500000000000256e+00 6.157570165509326541e-25
7.350999999999999979e+00 6.112473357357910161e-25
7.351500000000000590e+00 6.067703795326385654e-25
7.352000000000000313e+00 6.023259127173104804e-25
7.352500000000000036e+00 5.979137017399873484e-25
7.352999999999999758e+00 5.935335147133921919e-25
7.353500000000000369e+00 5.891851214011040344e-25
7.354000000000000092e+00 5.848682932059138945e-25
7.354499999999999815e+00 5.805828031582374418e-25
7.355000000000000426e+00 5.763284259046800084e-25
7.355500000000000149e+00 5.721049376966387019e-25
7.355999999999999872e+00 5.679121163789683438e-25
7.356500000000000483e+00 5.637497413787554984e-25
7.357000000000000206e+00 5.596175936941857153e-25
7.357499999999999929e+00 5.555154558834292294e-25
7.358000000000000540e+00 5.514431120536559671e-25
7.358500000000000263e+00 5.474003478501224583e-25
7.358999999999999986e+00 5.433869504452972279e-25
7.359500000000000597e+00 5.394027085281108085e-25
7.360000000000000320e+00 5.354474122932631495e-25
7.360500000000000043e+00 5.315208534305657406e-25
7.360999999999999766e+00 5.276228251144326008e-25
7.361500000000000377e+00 5.237531219933779704e-25
7.362000000000000099e+00 5.199115401796493696e-25
7.362499999999999822e+00 5.160978772388494529e-25
7.363000000000000433e+00 5.123119321797171973e-25
7.363500000000000156e+00 5.085535054439382957e-25
7.363999999999999879e+00 5.048223988960133131e-25
7.364500000000000490e+00 5.011184158132215368e-25
7.365000000000000213e+00 4.974413608756730798e-25
7.365499999999999936e+00 4.937910401563587803e-25
7.366000000000000547e+00 4.901672611113515377e-25
7.366500000000000270e+00 4.865698325700371284e-25
7.366999999999999993e+00 4.829985647253994796e-25
7.367499999999999716e+00 4.794532691244047577e-25
7.368000000000000327e+00 4.759337586584292634e-25
7.368500000000000050e+00 4.724398475537876101e-25
7.368999999999999773e+00 4.689713513622731166e-25
7.369500000000000384e+00 4.655280869518047297e-25
7.370000000000000107e+00 4.621098724971532916e-25
7.370499999999999829e+00 4.587165274706679916e-25
7.371000000000000441e+00 4.553478726331293673e-25
7.371500000000000163e+00 4.520037300246608045e-25
7.371999999999999886e+00 4.486839229556590472e-25
7.372500000000000497e+00 4.453882759978271044e-25
7.373000000000000220e+00 4.421166149752822783e-25
7.373499999999999943e+00 4.388687669556654777e-25
7.374000000000000554e+00 4.356445602413712957e-25
7.374500000000000277e+00 4.324438243608341068e-25
7.375000000000000000e+00 4.292663900598331742e-25
7.375499999999999723e+00 4.261120892929007956e-25
7.376000000000000334e+00 4.229807552147672764e-25
7.376500000000000057e+00 4.198722221718947989e-25
7.376999999999999780e+00 4.167863256940258010e-25
7.377500000000000391e+00 4.137229024858121715e-25
7.378000000000000114e+00 4.106817904185439937e-25
7.378499999999999837e+00 4.076628285218499589e-25
7.379000000000000448e+00 4.046658569755248332e-25
7.379500000000000171e+00 4.016907171014098684e-25
7.379999999999999893e+00 3.987372513552760593e-25
7.380500000000000504e+00 3.958053033188268791e-25
7.381000000000000227e+00 3.928947176917397694e-25
7.381499999999999950e+00 3.900053402837243443e-25
7.382000000000000561e+00 3.871370180066835879e-25
7.382500000000000284e+00 3.842895988669272603e-25
7.383000000000000007e+00 3.814629319574035331e-25
7.383499999999999730e+00 3.786568674500105673e-25
7.384000000000000341e+00 3.758712565879665911e-25
7.384500000000000064e+00 3.731059516782341140e-25
7.384999999999999787e+00 3.703608060839692126e-25
7.385500000000000398e+00 3.676356742170441002e-25
7.386000000000000121e+00 3.649304115306445439e-25
7.386499999999999844e+00 3.622448745118697136e-25
7.387000000000000455e+00 3.595789206744181281e-25
7.387500000000000178e+00 3.569324085513344412e-25
7.387999999999999901e+00 3.543051976877563666e-25
7.388500000000000512e+00 3.516971486337683605e-25
7.389000000000000234e+00 3.491081229372927282e-25
7.389499999999999957e+00 3.465379831369825204e-25
7.390000000000000568e+00 3.439865927552324852e-25
7.390500000000000291e+00 3.414538162912108655e-25
7.391000000000000014e+00 3.389395192139205851e-25
7.391499999999999737e+00 3.364435679553291724e-25
7.392000000000000348e+00 3.339658299035513528e-25
7.392500000000000071e+00 3.315061733960814610e-25
7.392999999999999794e+00 3.290644677130383436e-25
7.393500000000000405e+00 3.266405830704949796e-25
7.394000000000000128e+00 3.242343906138667380e-25
7.394499999999999851e+00 3.218457624112785589e-25
7.395000000000000462e+00 3.194745714470526690e-25
7.395500000000000185e+00 3.171206916152169142e-25
7.395999999999999908e+00 3.147839977130281068e-25
7.396500000000000519e+00 3.124643654345786681e-25
7.397000000000000242e+00 3.101616713644579589e-25
7.397499999999999964e+00 3.078757929713937730e-25
7.398000000000000576e+00 3.056066086020101871e-25
7.398500000000000298e+00 3.033539974746035016e-25
7.399000000000000021e+00 3.011178396729328296e-25
7.399499999999999744e+00 2.988980161401052763e-25
7.400000000000000355e+00 2.966944086724551491e-25
7.400500000000000078e+00 2.945068999135215693e-25
7.400999999999999801e+00 2.923353733480022069e-25
7.401500000000000412e+00 2.901797132957986209e-25
7.402000000000000135e+00 2.880398049060988394e-25
7.402499999999999858e+00 2.859155341514743113e-25
7.403000000000000469e+00 2.838067878220334753e-25
7.403500000000000192e+00 2.817134535196443425e-25
7.403999999999999915e+00 2.796354196521389424e-25
7.404500000000000526e+00 2.775725754276052873e-25
7.405000000000000249e+00 2.755248108487148774e-25
7.405499999999999972e+00 2.734920167070625120e-25
7.406000000000000583e+00 2.714740845775717626e-25
7.406500000000000306e+00 2.694709068129372270e-25
7.407000000000000028e+00 2.674823765380869858e-25
7.407499999999999751e+00 2.655083876447128352e-25
7.408000000000000362e+00 2.635488347858041457e-25
7.408500000000000085e+00 2.616036133702697924e-25
7.408999999999999808e+00 2.596726195575301917e-25
7.409500000000000419e+00 2.577557502522089344e-25
7.410000000000000142e+00 2.558529030988394795e-25
7.410499999999999865e+00 2.539639764765941180e-25
7.411000000000000476e+00 2.520888694940616560e-25
7.411500000000000199e+00 2.502274819840864428e-25
7.411999999999999922e+00 2.483797144985919719e-25
7.412500000000000533e+00 2.465454683034819445e-25
7.413000000000000256e+00 2.447246453735752663e-25
7.413499999999999979e+00 2.429171483875432943e-25
7.414000000000000590e+00 2.411228807229232615e-25
7.414500000000000313e+00 2.393417464511468996e-25
7.415000000000000036e+00 2.375736503325980827e-25
7.415499999999999758e+00 2.358184978117200612e-25
7.416000000000000369e+00 2.340761950121438647e-25
7.416500000000000092e+00 2.323466487318774989e-25
7.416999999999999815e+00 2.306297664384778328e-25
7.417500000000000426e+00 2.289254562643090858e-25
7.418000000000000149e+00 2.272336270018167433e-25
7.418499999999999872e+00 2.255541880988135493e-25
7.419000000000000483e+00 2.238870496538246402e-25
7.419500000000000206e+00 2.222321224114734082e-25
7.419999999999999929e+00 2.205893177578536814e-25
7.420500000000000540e+00 2.189585477159850138e-25
7.421000000000000263e+00 2.173397249412830840e-25
7.421499999999999986e+00 2.157327627170396896e-25
7.422000000000000597e+00 2.141375749499689091e-25
7.422500000000000320e+00 2.125540761657678198e-25
7.423000000000000043e+00 2.109821815047020581e-25
7.423499999999999766e+00 2.094218067172366070e-25
7.424000000000000377e+00 2.078728681596863760e-25
7.424500000000000099e+00 2.063352827899126744e-25
7.424999999999999822e+00 2.048089681630276982e-25
7.425500000000000433e+00 2.032938424271394470e-25
7.426000000000000156e+00 2.017898243191475177e-25
7.426499999999999879e+00 2.002968331605257207e-25
7.427000000000000490e+00 1.988147888531684745e-25
7.427500000000000213e+00 1.973436118752630989e-25
7.427999999999999936e+00 1.958832232771710393e-25
7.428500000000000547e+00 1.944335446773573722e-25
7.429000000000000270e+00 1.929944982583466695e-25
7.429499999999999993e+00 1.915660067626941285e-25
7.429999999999999716e+00 1.901479934890055597e-25
7.430500000000000327e+00 1.887403822879608180e-25
7.431000000000000050e+00 1.873430975584006459e-25
7.431499999999999773e+00 1.859560642433924872e-25
7.432000000000000384e+00 1.845792078263685976e-25
7.432500000000000107e+00 1.832124543272748312e-25
7.432999999999999829e+00 1.818557302987365546e-25
7.433500000000000441e+00 1.805089628222594354e-25
7.434000000000000163e+00 1.791720795044762631e-25
7.434499999999999886e+00 1.778450084733766201e-25
7.435000000000000497e+00 1.765276783746042118e-25
7.435500000000000220e+00 1.752200183677723810e-25
7.435999999999999943e+00 1.739219581227769356e-25
7.436500000000000554e+00 1.726334278161676131e-25
7.437000000000000277e+00 1.713543581275434229e-25
7.437500000000000000e+00 1.700846802359458071e-25
7.437999999999999723e+00 1.688243258163059153e-25
7.438500000000000334e+00 1.675732270359006269e-25
7.439000000000000057e+00 1.663313165508536651e-25
7.439499999999999780e+00 1.650985275026243347e-25
7.440000000000000391e+00 1.638747935145594445e-25
7.440500000000000114e+00 1.626600486884561106e-25
7.440999999999999837e+00 1.614542276011341347e-25
7.441500000000000448e+00 1.602572653010507870e-25
7.442000000000000171e+00 1.590690973049455270e-25
7.442499999999999893e+00 1.578896595944750598e-25
7.443000000000000504e+00 1.567188886129087268e-25
7.443500000000000227e+00 1.555567212618346658e-25
7.443999999999999950e+00 1.544030948978736835e-25
7.444500000000000561e+00 1.532579473294409072e-25
7.445000000000000284e+00 1.521212168135177662e-25
7.445500000000000007e+00 1.509928420524430079e-25
7.445999999999999730e+00 1.498727621907357858e-25
7.446500000000000341e+00 1.487609168119337871e-25
7.447000000000000064e+00 1.476572459354654984e-25
7.447499999999999787e+00 1.465616900135222209e-25
7.448000000000000398e+00 1.454741899279754734e-25
7.448500000000000121e+00 1.443946869873098936e-25
7.448999999999999844e+00 1.433231229235633026e-25
7.449500000000000455e+00 1.422594398893059136e-25
7.450000000000000178e+00 1.412035804546399517e-25
7.450499999999999901e+00 1.401554876042071713e-25
7.451000000000000512e+00 1.391151047342248421e-25
7.451500000000000234e+00 1.380823756495563813e-25
7.451999999999999957e+00 1.370572445607742697e-25
7.452500000000000568e+00 1.360396560812651682e-25
7.453000000000000291e+00 1.350295552243595989e-25
7.453500000000000014e+00 1.340268874004535909e-25
7.453999999999999737e+00 1.330315984141837750e-25
7.454500000000000348e+00 1.320436344616003195e-25
7.455000000000000071e+00 1.310629421273758428e-25
7.455499999999999794e+00 1.300894683820136144e-25
7.456000000000000405e+00 1.291231605790969672e-25
7.456500000000000128e+00 1.281639664525479157e-25
7.456999999999999851e+00 1.272118341139015246e-25
7.457500000000000462e+00 1.262667120496061059e-25
7.458000000000000185e+00 1.253285491183459389e-25
7.458499999999999908e+00 1.243972945483705100e-25
7.459000000000000519e+00 1.234728979348489385e-25
7.459500000000000242e+00 1.225553092372554897e-25
7.459999999999999964e+00 1.216444787767479920e-25
7.460500000000000576e+00 1.207403572335852855e-25
7.461000000000000298e+00 1.198428956445616826e-25
7.461500000000000021e+00 1.189520454004434258e-25
7.461999999999999744e+00 1.180677582434439236e-25
7.462500000000000355e+00 1.171899862647023378e-25
7.463000000000000078e+00 1.163186819017884591e-25
7.463499999999999801e+00 1.154537979362202789e-25
7.464000000000000412e+00 1.145952874909976092e-25
7.464500000000000135e+00 1.137431040281644700e-25
7.464999999999999858e+00 1.128972013463727169e-25
7.465500000000000469e+00 1.120575335784732185e-25
7.466000000000000192e+00 1.112240551891275140e-25
7.466499999999999915e+00 1.103967209724211463e-25
7.467000000000000526e+00 1.095754860495074385e-25
7.467500000000000249e+00 1.087603058662719338e-25
7.467999999999999972e+00 1.079511361909905901e-25
7.468500000000000583e+00 1.071479331120297604e-25
7.469000000000000306e+00 1.063506530355528075e-25
7.469500000000000028e+00 1.055592526832371885e-25
7.469999999999999751e+00 1.047736890900137175e-25
7.470500000000000362e+00 1.039939196018240805e-25
7.471000000000000085e+00 1.032199018733914369e-25
7.471499999999999808e+00 1.024515938660028219e-25
7.472000000000000419e+00 1.016889538453120852e-25
7.472500000000000142e+00 1.009319403791654798e-25
7.472999999999999865e+00 1.001805123354208895e-25
7.473500000000000476e+00 9.943462887980591566e-26
7.474000000000000199e+00 9.869424947378286275e-26
7.474499999999999922e+00 9.795933387241996820e-26
7.475000000000000533e+00 9.722984212228962106e-26
7.475500000000000256e+00 9.650573455938086074e-26
7.475999999999999979e+00 9.578697180701680048e-26
7.476500000000000590e+00 9.507351477379610034e-26
7.477000000000000313e+00 9.436532465154810057e-26
7.477500000000000036e+00 9.366236291329585294e-26
7.477999999999999758e+00 9.296459131124363768e-26
7.478500000000000369e+00 9.227197187476689112e-26
7.479000000000000092e+00 9.158446690843280628e-26
7.479499999999999815e+00 9.090203899001461998e-26
7.480000000000000426e+00 9.022465096853526411e-26
7.480500000000000149e+00 8.955226596232396589e-26
7.480999999999999872e+00 8.888484735707466178e-26
7.481500000000000483e+00 8.822235880393274268e-26
7.482000000000000206e+00 8.756476421758854902e-26
7.482499999999999929e+00 8.691202777438177135e-26
7.483000000000000540e+00 8.626411391042389654e-26
7.483500000000000263e+00 8.562098731973626609e-26
7.483999999999999986e+00 8.498261295239285245e-26
7.484500000000000597e+00 8.434895601268056441e-26
7.485000000000000320e+00 8.371998195728107651e-26
7.485500000000000043e+00 8.309565649344804364e-26
7.485999999999999766e+00 8.247594557721244032e-26
7.486500000000000377e+00 8.186081541159221620e-26
7.487000000000000099e+00 8.125023244482457758e-26
7.487499999999999822e+00 8.064416336859294242e-26
7.488000000000000433e+00 8.004257511628508502e-26
7.488500000000000156e+00 7.944543486125708927e-26
7.488999999999999879e+00 7.885271001510182482e-26
7.489500000000000490e+00 7.826436822594236804e-26
7.490000000000000213e+00 7.768037737673101349e-26
7.490499999999999936e+00 7.710070558355846766e-26
7.491000000000000547e+00 7.652532119397886130e-26
7.491500000000000270e+00 7.595419278534934076e-26
7.491999999999999993e+00 7.538728916317124336e-26
7.492499999999999716e+00 7.482457935945334783e-26
7.493000000000000327e+00 7.426603263108241413e-26
7.493500000000000050e+00 7.371161845820853172e-26
7.493999999999999773e+00 7.316130654263356736e-26
7.494500000000000384e+00 7.261506680621995442e-26
7.495000000000000107e+00 7.207286938931037616e-26
7.495499999999999829e+00 7.153468464915177678e-26
7.496000000000000441e+00 7.100048315833451390e-26
7.496500000000000163e+00 7.047023570324946476e-26
7.496999999999999886e+00 6.994391328254157388e-26
7.497500000000000497e+00 6.942148710558602672e-26
7.498000000000000220e+00 6.890292859097419223e-26
7.498499999999999943e+00 6.838820936500344555e-26
7.499000000000000554e+00 6.787730126018369322e-26
7.499500000000000277e+00 6.737017631375639959e-26
7.500000000000000000e+00 6.686680676621504803e-26
7.500499999999999723e+00 6.636716505984577163e-26
7.501000000000000334e+00 6.587122383727218532e-26
7.501500000000000057e+00 6.537895594001801110e-26
7.501999999999999780e+00 6.489033440706792398e-26
7.502500000000000391e+00 6.440533247344887726e-26
7.503000000000000114e+00 6.392392356882100164e-26
7.503499999999999837e+00 6.344608131606989329e-26
7.504000000000000448e+00 6.297177952991940429e-26
7.504500000000000171e+00 6.250099221554936916e-26
7.504999999999999893e+00 6.203369356722135553e-26
7.505500000000000504e+00 6.156985796691736366e-26
7.506000000000000227e+00 6.110945998299000530e-26
7.506499999999999950e+00 6.065247436881612648e-26
7.507000000000000561e+00 6.019887606146319538e-26
7.507500000000000284e+00 5.974864018037111859e-26
7.508000000000000007e+00 5.930174202603104973e-26
7.508499999999999730e+00 5.885815707868440190e-26
7.509000000000000341e+00 5.841786099702508583e-26
7.509500000000000064e+00 5.798082961691817515e-26
7.509999999999999787e+00 5.754703895011481784e-26
7.510500000000000398e+00 5.711646518298955553e-26
7.511000000000000121e+00 5.668908467528214282e-26
7.511499999999999844e+00 5.626487395884263813e-26
7.512000000000000455e+00 5.584380973639434514e-26
7.512500000000000178e+00 5.542586888030119680e-26
7.512999999999999901e+00 5.501102843134226798e-26
7.513500000000000512e+00 5.459926559749796277e-26
7.514000000000000234e+00 5.419055775274665958e-26
7.514499999999999957e+00 5.378488243586264183e-26
7.515000000000000568e+00 5.338221734922919306e-26
7.515500000000000291e+00 5.298254035766169064e-26
7.516000000000000014e+00 5.258582948722991880e-26
7.516499999999999737e+00 5.219206292409793380e-26
7.517000000000000348e+00 5.180121901336734992e-26
7.517500000000000071e+00 5.141327625793286829e-26
7.517999999999999794e+00 5.102821331734058949e-26
7.518500000000000405e+00 5.064600900665699053e-26
7.519000000000000128e+00 5.026664229535102284e-26
7.519499999999999851e+00 4.989009230617381105e-26
7.520000000000000462e+00 4.951633831405425078e-26
7.520500000000000185e+00 4.914535974500380724e-26
7.520999999999999908e+00 4.877713617501902937e-26
7.521500000000000519e+00 4.841164732900309117e-26
7.522000000000000242e+00 4.804887307969118441e-26
7.522499999999999964e+00 4.768879344657910828e-26
7.523000000000000576e+00 4.733138859486541638e-26
7.523500000000000298e+00 4.697663883440069805e-26
7.524000000000000021e+00 4.662452461863968373e-26
7.524499999999999744e+00 4.627502654360557015e-26
7.525000000000000355e+00 4.592812534685905207e-26
7.525500000000000078e+00 4.558380190647836861e-26
7.525999999999999801e+00 4.524203724003973403e-26
7.526500000000000412e+00 4.490281250361265172e-26
7.527000000000000135e+00 4.456610899075873506e-26
7.527499999999999858e+00 4.423190813153647467e-26
7.528000000000000469e+00 4.390019149151537292e-26
7.528500000000000192e+00 4.357094077079833781e-26
7.528999999999999915e+00 4.324413780304672291e-26
7.529500000000000526e+00 4.291976455451456810e-26
7.530000000000000249e+00 4.259780312309395231e-26
7.530499999999999972e+00 4.227823573735840636e-26
7.531000000000000583e+00 4.196104475562015838e-26
7.531500000000000306e+00 4.164621266499344628e-26
7.532000000000000028e+00 4.133372208046071136e-26
7.532499999999999751e+00 4.102355574394816508e-26
7.533000000000000362e+00 4.071569652340851310e-26
7.533500000000000085e+00 4.041012741191057858e-26
7.533999999999999808e+00 4.010683152673075634e-26
7.534500000000000419e+00 3.980579210845741019e-26
7.535000000000000142e+00 3.950699252009839261e-26
7.535499999999999865e+00 3.921041624619399419e-26
7.536000000000000476e+00 3.891604689193803778e-26
7.536500000000000199e+00 3.862386818230686471e-26
7.536999999999999922e+00 3.833386396118909590e-26
7.537500000000000533e+00 3.804601819052645338e-26
7.538000000000000256e+00 3.776031494946179668e-26
7.538499999999999979e+00 3.747673843348666556e-26
7.539000000000000590e+00 3.719527295360100242e-26
7.539500000000000313e+00 3.691590293547852838e-26
7.540000000000000036e+00 3.663861291863335912e-26
7.540499999999999758e+00 3.636338755559760649e-26
7.541000000000000369e+00 3.609021161110276843e-26
7.541500000000000092e+00 3.581906996126856319e-26
7.541999999999999815e+00 3.554994759279339375e-26
7.542500000000000426e+00 3.528282960215512069e-26
7.543000000000000149e+00 3.501770119481712135e-26
7.543499999999999872e+00 3.475454768443664493e-26
7.544000000000000483e+00 3.449335449208204688e-26
7.544500000000000206e+00 3.423410714545516608e-26
7.544999999999999929e+00 3.397679127811825942e-26
7.545500000000000540e+00 3.372139262872605611e-26
7.546000000000000263e+00 3.346789704026662828e-26
7.546499999999999986e+00 3.321629045930297901e-26
7.547000000000000597e+00 3.296655893522337194e-26
7.547500000000000320e+00 3.271868861949657987e-26
7.548000000000000043e+00 3.247266576493151841e-26
7.548499999999999766e+00 3.222847672494222345e-26
7.549000000000000377e+00 3.198610795281858540e-26
7.549500000000000099e+00 3.174554600100452225e-26
7.549999999999999822e+00 3.150677752037573353e-26
7.550500000000000433e+00 3.126978925952757923e-26
7.551000000000000156e+00 3.103456806406785456e-26
7.551499999999999879e+00 3.080110087591036845e-26
7.552000000000000490e+00 3.056937473257855490e-26
7.552500000000000213e+00 3.033937676651266031e-26
7.552999999999999936e+00 3.011109420437890519e-26
7.553500000000000547e+00 2.988451436638732439e-26
7.554000000000000270e+00 2.965962466561442862e-26
7.554499999999999993e+00 2.943641260732674420e-26
7.554999999999999716e+00 2.921486578831425955e-26
7.555500000000000327e+00 2.899497189622489336e-26
7.556000000000000050e+00 2.877671870890706722e-26
7.556499999999999773e+00 2.856009409375265134e-26
7.557000000000000384e+00 2.834508600704818122e-26
7.557500000000000107e+00 2.813168249333167051e-26
7.557999999999999829e+00 2.791987168474824157e-26
7.558500000000000441e+00 2.770964180041678762e-26
7.559000000000000163e+00 2.750098114579881040e-26
7.559499999999999886e+00 2.729387811207017355e-26
7.560000000000000497e+00 2.708832117549880801e-26
7.560500000000000220e+00 2.688429889682862215e-26
7.560999999999999943e+00 2.668179992066412935e-26
7.561500000000000554e+00 2.648081297486203204e-26
7.562000000000000277e+00 2.628132686992777073e-26
7.562500000000000000e+00 2.608333049841372593e-26
7.562999999999999723e+00 2.588681283432344116e-26
7.563500000000000334e+00 2.569176293252073038e-26
7.564000000000000057e+00 2.549816992814225799e-26
7.564499999999999780e+00 2.530602303601324411e-26
7.565000000000000391e+00 2.511531155006958680e-26
7.565500000000000114e+00 2.492602484278321014e-26
7.565999999999999837e+00 2.473815236458976540e-26
7.566500000000000448e+00 2.455168364332349270e-26
7.567000000000000171e+00 2.436660828365522504e-26
7.567499999999999893e+00 2.418291596653202249e-26
7.568000000000000504e+00 2.400059644862361931e-26
7.568500000000000227e+00 2.381963956177369262e-26
7.568999999999999950e+00 2.364003521245011493e-26
7.569500000000000561e+00 2.346177338120466588e-26
7.570000000000000284e+00 2.328484412213468109e-26
7.570500000000000007e+00 2.310923756234648028e-26
7.570999999999999730e+00 2.293494390142560850e-26
7.571500000000000341e+00 2.276195341090960564e-26
7.572000000000000064e+00 2.259025643376565766e-26
7.572499999999999787e+00 2.241984338386866960e-26
7.573000000000000398e+00 2.225070474548726805e-26
7.573500000000000121e+00 2.208283107277267636e-26
7.573999999999999844e+00 2.191621298924746928e-26
7.574500000000000455e+00 2.175084118730310657e-26
7.575000000000000178e+00 2.158670642769852260e-26
7.575499999999999901e+00 2.142379953906187867e-26
7.576000000000000512e+00 2.126211141739700171e-26
7.576500000000000234e+00 2.110163302559397859e-26
7.576999999999999957e+00 2.094235539294115375e-26
7.577500000000000568e+00 2.078426961464169856e-26
7.578000000000000291e+00 2.062736685133576826e-26
7.578500000000000014e+00 2.047163832862176927e-26
7.578999999999999737e+00 2.031707533658465477e-26
7.579500000000000348e+00 2.016366922932644730e-26
7.580000000000000071e+00 2.001141142450022526e-26
7.580499999999999794e+00 1.986029340284670664e-26
7.581000000000000405e+00 1.971030670773509455e-26
7.581500000000000128e+00 1.956144294470799781e-26
7.581999999999999851e+00 1.941369378102689413e-26
7.582500000000000462e+00 1.926705094522334719e-26
7.583000000000000185e+00 1.912150622665390584e-26
7.583499999999999908e+00 1.897705147505497172e-26
7.584000000000000519e+00 1.883367860010390305e-26
7.584500000000000242e+00 1.869137957098306870e-26
7.584999999999999964e+00 1.855014641594472582e-26
7.585500000000000576e+00 1.840997122188122403e-26
7.586000000000000298e+00 1.827084613389890588e-26
7.586500000000000021e+00 1.813276335489185818e-26
7.586999999999999744e+00 1.799571514512193392e-26
7.587500000000000355e+00 1.785969382180010293e-26
7.588000000000000078e+00 1.772469175867222212e-26
7.588499999999999801e+00 1.759070138560575857e-26
7.589000000000000412e+00 1.745771518818116745e-26
7.589500000000000135e+00 1.732572570728605950e-26
7.589999999999999858e+00 1.719472553871109042e-26
7.590500000000000469e+00 1.706470733275033868e-26
7.591000000000000192e+00 1.693566379380385300e-26
7.591499999999999915e+00 1.680758767998257029e-26
7.592000000000000526e+00 1.668047180271637036e-26
7.592500000000000249e+00 1.655430902636670521e-26
7.592999999999999972e+00 1.642909226783846775e-26
7.593500000000000583e+00 1.630481449619801643e-26
7.594000000000000306e+00 1.618146873229249414e-26
7.594500000000000028e+00 1.605904804837146884e-26
7.594999999999999751e+00 1.593754556771232796e-26
7.595500000000000362e+00 1.581695446424761280e-26
7.596000000000000085e+00 1.569726796219623595e-26
7.596499999999999808e+00 1.557847933569504866e-26
7.597000000000000419e+00 1.546058190843563153e-26
7.597500000000000142e+00 1.534356905330247122e-26
7.597999999999999865e+00 1.522743419201332408e-26
7.598500000000000476e+00 1.511217079476285420e-26
7.599000000000000199e+00 1.499777237986990478e-26
7.599499999999999922e+00 1.488423251342408642e-26
7.600000000000000533e+00 1.477154480893848974e-26
7.600500000000000256e+00 1.465970292700316419e-26
7.600999999999999979e+00 1.454870057494070054e-26
7.601500000000000590e+00 1.443853150646558430e-26
7.602000000000000313e+00 1.432918952134543466e-26
7.602500000000000036e+00 1.422066846506372142e-26
7.602999999999999758e+00 1.411296222848683550e-26
7.603500000000000369e+00 1.400606474753186254e-26
7.604000000000000092e+00 1.389997000283833126e-26
7.604499999999999815e+00 1.379467201944019144e-26
7.605000000000000426e+00 1.369016486644241518e-26
7.605500000000000149e+00 1.358644265669884379e-26
7.605999999999999872e+00 1.348349954649201185e-26
7.606500000000000483e+00 1.338132973521595324e-26
7.607000000000000206e+00 1.327992746506176207e-26
7.607499999999999929e+00 1.317928702070354399e-26
7.608000000000000540e+00 1.307940272898881871e-26
7.608500000000000263e+00 1.298026895863012483e-26
7.608999999999999986e+00 1.288188011989847445e-26
7.609500000000000597e+00 1.278423066431970483e-26
7.610000000000000320e+00 1.268731508437344879e-26
7.610500000000000043e+00 1.259112791319248973e-26
7.610999999999999766e+00 1.249566372426646295e-26
7.611500000000000377e+00 1.240091713114616980e-26
7.612000000000000099e+00 1.230688278715100986e-26
7.612499999999999822e+00 1.221355538507748071e-26
7.613000000000000433e+00 1.212092965691092931e-26
7.613500000000000156e+00 1.202900037353886590e-26
7.613999999999999879e+00 1.193776234446599855e-26
7.614500000000000490e+00 1.184721041753153759e-26
7.615000000000000213e+00 1.175733947862978617e-26
7.615499999999999936e+00 1.166814445143024429e-26
7.616000000000000547e+00 1.157962029710208796e-26
7.616500000000000270e+00 1.149176201403963421e-26
7.616999999999999993e+00 1.140456463758948052e-26
7.617499999999999716e+00 1.131802323978034929e-26
7.618000000000000327e+00 1.123213292905433116e-26
7.618500000000000050e+00 1.114688885000095820e-26
7.618999999999999773e+00 1.106228618309151657e-26
7.619500000000000384e+00 1.097832014441713462e-26
7.620000000000000107e+00 1.089498598542787675e-26
7.620499999999999829e+00 1.081227899267344163e-26
7.621000000000000441e+00 1.073019448754618350e-26
7.621500000000000163e+00 1.064872782602679673e-26
7.621999999999999886e+00 1.056787439842950818e-26
7.622500000000000497e+00 1.048762962915167051e-26
7.623000000000000220e+00 1.040798897642393520e-26
7.623499999999999943e+00 1.032894793206195087e-26
7.624000000000000554e+00 1.025050202122075501e-26
7.624500000000000277e+00 1.017264680215056472e-26
7.625000000000000000e+00 1.009537786595363076e-26
7.625499999999999723e+00 1.001869083634422263e-26
7.626000000000000334e+00 9.942581369409134497e-27
7.626500000000000057e+00 9.867045153371063843e-27
7.626999999999999780e+00 9.792077908352231237e-27
7.627500000000000391e+00 9.717675386140914400e-27
7.628000000000000114e+00 9.643833369959942396e-27
7.628499999999999837e+00 9.570547674235205614e-27
7.629000000000000448e+00 9.497814144367388598e-27
7.629500000000000171e+00 9.425628656505264076e-27
7.629999999999999893e+00 9.353987117319411739e-27
7.630500000000000504e+00 9.282885463778759513e-27
7.631000000000000227e+00 9.212319662928961554e-27
7.631499999999999950e+00 9.142285711670842240e-27
7.632000000000000561e+00 9.072779636541873607e-27
7.632500000000000284e+00 9.003797493499179555e-27
7.633000000000000007e+00 8.935335367702884431e-27
7.633499999999999730e+00 8.867389373302644287e-27
7.634000000000000341e+00 8.799955653224271411e-27
7.634500000000000064e+00 8.733030378959534354e-27
7.634999999999999787e+00 8.666609750355491610e-27
7.635500000000000398e+00 8.600689995407099797e-27
7.636000000000000121e+00 8.535267370050582361e-27
7.636499999999999844e+00 8.470338157958114103e-27
7.637000000000000455e+00 8.405898670334137219e-27
7.637500000000000178e+00 8.341945245714040681e-27
7.637999999999999901e+00 8.278474249762515312e-27
7.638500000000000512e+00 8.215482075075054229e-27
7.639000000000000234e+00 8.152965140980157843e-27
7.639499999999999957e+00 8.090919893342771454e-27
7.640000000000000568e+00 8.029342804369602613e-27
7.640500000000000291e+00 7.968230372415805967e-27
7.641000000000000014e+00 7.907579121792831827e-27
7.641499999999999737e+00 7.847385602577626455e-27
7.642000000000000348e+00 7.787646390423674783e-27
7.642500000000000071e+00 7.728358086373123645e-27
7.642999999999999794e+00 7.669517316670004160e-27
7.643500000000000405e+00 7.611120732575206172e-27
7.644000000000000128e+00 7.553165010182996659e-27
7.644499999999999851e+00 7.495646850238132223e-27
7.645000000000000462e+00 7.438562977954673385e-27
7.645500000000000185e+00 7.381910142836866632e-27
7.645999999999999908e+00 7.325685118499788258e-27
7.646500000000000519e+00 7.269884702492457711e-27
7.647000000000000242e+00 7.214505716122446157e-27
7.647499999999999964e+00 7.159545004280249691e-27
7.648000000000000576e+00 7.104999435266608479e-27
7.648500000000000298e+00 7.050865900620493130e-27
7.649000000000000021e+00 6.997141314947712399e-27
7.649499999999999744e+00 6.943822615751704847e-27
7.650000000000000355e+00 6.890906763264928875e-27
7.650500000000000078e+00 6.838390740282307566e-27
7.650999999999999801e+00 6.786271551994373640e-27
7.651500000000000412e+00 6.734546225823196723e-27
7.652000000000000135e+00 6.683211811258901823e-27
7.652499999999999858e+00 6.632265379697015742e-27
7.653000000000000469e+00 6.581704024277281442e-27
7.653500000000000192e+00 6.531524859724352148e-27
7.653999999999999915e+00 6.481725022188046378e-27
7.654500000000000526e+00 6.432301669086267629e-27
7.655000000000000249e+00 6.383251978948785745e-27
7.655499999999999972e+00 6.334573151261097912e-27
7.656000000000000583e+00 6.286262406310627167e-27
7.656500000000000306e+00 6.238316985033975574e-27
7.657000000000000028e+00 6.190734148864274253e-27
7.657499999999999751e+00 6.143511179580710924e-27
7.658000000000000362e+00 6.096645379158535995e-27
7.658500000000000085e+00 6.050134069620903924e-27
7.658999999999999808e+00 6.003974592890454859e-27
7.659500000000000419e+00 5.958164310643349297e-27
7.660000000000000142e+00 5.912700604163909708e-27
7.660499999999999865e+00 5.867580874199750040e-27
7.661000000000000476e+00 5.822802540818664450e-27
7.661500000000000199e+00 5.778363043266738590e-27
7.661999999999999922e+00 5.734259839826315253e-27
7.662500000000000533e+00 5.690490407676306123e-27
7.663000000000000256e+00 5.647052242753071762e-27
7.663499999999999979e+00 5.603942859611748578e-27
7.664000000000000590e+00 5.561159791289478502e-27
7.664500000000000313e+00 5.518700589169192558e-27
7.665000000000000036e+00 5.476562822844231711e-27
7.665499999999999758e+00 5.434744079984310084e-27
7.666000000000000369e+00 5.393241966202183456e-27
7.666500000000000092e+00 5.352054104921716089e-27
7.666999999999999815e+00 5.311178137246106119e-27
7.667500000000000426e+00 5.270611721827908912e-27
7.668000000000000149e+00 5.230352534739783627e-27
7.668499999999999872e+00 5.190398269345658059e-27
7.669000000000000483e+00 5.150746636173469751e-27
7.669500000000000206e+00 5.111395362788798917e-27
7.669999999999999929e+00 5.072342193668937585e-27
7.670500000000000540e+00 5.033584890078154749e-27
7.671000000000000263e+00 4.995121229944357713e-27
7.671499999999999986e+00 4.956949007735622851e-27
7.672000000000000597e+00 4.919066034338415283e-27
7.672500000000000320e+00 4.881470136936833808e-27
7.673000000000000043e+00 4.844159158891718083e-27
7.673499999999999766e+00 4.807130959621838601e-27
7.674000000000000377e+00 4.770383414485138326e-27
7.674500000000000099e+00 4.733914414661444421e-27
7.674999999999999822e+00 4.697721867035275386e-27
7.675500000000000433e+00 4.661803694080289051e-27
7.676000000000000156e+00 4.626157833744204802e-27
7.676499999999999879e+00 4.590782239334428214e-27
7.677000000000000490e+00 4.555674879404758333e-27
7.677500000000000213e+00 4.520833737643066406e-27
7.677999999999999936e+00 4.486256812759161875e-27
7.678500000000000547e+00 4.451942118374216693e-27
7.679000000000000270e+00 4.417887682910637351e-27
7.679499999999999993e+00 4.384091549482628530e-27
7.679999999999999716e+00 4.350551775787802109e-27
7.680500000000000327e+00 4.317266433999514392e-27
7.681000000000000050e+00 4.284233610659997574e-27
7.681499999999999773e+00 4.251451406574111089e-27
7.682000000000000384e+00 4.218917936703941014e-27
7.682500000000000107e+00 4.186631330064618432e-27
7.682999999999999829e+00 4.154589729619995031e-27
7.683500000000000441e+00 4.122791292179930836e-27
7.684000000000000163e+00 4.091234188297962206e-27
7.684499999999999886e+00 4.059916602169641376e-27
7.685000000000000497e+00 4.028836731531673814e-27
7.685500000000000220e+00 3.997992787562205683e-27
7.685999999999999943e+00 3.967382994781137841e-27
7.686500000000000554e+00 3.937005590951556225e-27
7.687000000000000277e+00 3.906858826982099950e-27
7.687500000000000000e+00 3.876940966829514528e-27
7.687999999999999723e+00 3.847250287402335799e-27
7.688500000000000334e+00 3.817785078465061026e-27
7.689000000000000057e+00 3.788543642543290004e-27
7.689499999999999780e+00 3.759524294829155305e-27
7.690000000000000391e+00 3.730725363087637157e-27
7.690500000000000114e+00 3.702145187563940171e-27
7.690999999999999837e+00 3.673782120890766755e-27
7.691500000000000448e+00 3.645634527996894158e-27
7.692000000000000171e+00 3.617700786016353472e-27
7.692499999999999893e+00 3.589979284197943685e-27
7.693000000000000504e+00 3.562468423815590910e-27
7.693500000000000227e+00 3.535166618079717086e-27
7.693999999999999950e+00 3.508072292048524022e-27
7.694500000000000561e+00 3.481183882540487079e-27
7.695000000000000284e+00 3.454499838047582110e-27
7.695500000000000007e+00 3.428018618648432754e-27
7.695999999999999730e+00 3.401738695922933558e-27
7.696500000000000341e+00 3.375658552866935521e-27
7.697000000000000064e+00 3.349776683807966935e-27
7.697499999999999787e+00 3.324091594321043911e-27
7.698000000000000398e+00 3.298601801145653247e-27
7.698500000000000121e+00 3.273305832103073930e-27
7.698999999999999844e+00 3.248202226014215937e-27
7.699500000000000455e+00 3.223289532618229235e-27
7.700000000000000178e+00 3.198566312491792576e-27
7.700499999999999901e+00 3.174031136968678513e-27
7.701000000000000512e+00 3.149682588060072482e-27
7.701500000000000234e+00 3.125519258375782961e-27
7.701999999999999957e+00 3.101539751045384202e-27
7.702500000000000568e+00 3.077742679640455238e-27
7.703000000000000291e+00 3.054126668097354121e-27
7.703500000000000014e+00 3.030690350640156826e-27
7.703999999999999737e+00 3.007432371704694224e-27
7.704500000000000348e+00 2.984351385862657220e-27
7.705000000000000071e+00 2.961446057746814322e-27
7.705499999999999794e+00 2.938715061976091808e-27
7.706000000000000405e+00 2.916157083081807227e-27
7.706500000000000128e+00 2.893770815434180194e-27
7.706999999999999851e+00 2.871554963169306666e-27
7.707500000000000462e+00 2.849508240116833471e-27
7.708000000000000185e+00 2.827629369728146177e-27
7.708499999999999908e+00 2.805917085004992462e-27
7.709000000000000519e+00 2.784370128428604486e-27
7.709500000000000242e+00 2.762987251889611183e-27
7.709999999999999964e+00 2.741767216618069306e-27
7.710500000000000576e+00 2.720708793114272188e-27
7.711000000000000298e+00 2.699810761080133567e-27
7.711500000000000021e+00 2.679071909350698033e-27
7.711999999999999744e+00 2.658491035826629381e-27
7.712500000000000355e+00 2.638066947406758162e-27
7.713000000000000078e+00 2.617798459921619681e-27
7.713499999999999801e+00 2.597684398066888695e-27
7.714000000000000412e+00 2.577723595337747162e-27
7.714500000000000135e+00 2.557914893963683552e-27
7.714999999999999858e+00 2.538257144843520669e-27
7.715500000000000469e+00 2.518749207481160576e-27
7.716000000000000192e+00 2.499389949921774352e-27
7.716499999999999915e+00 2.480178248688294260e-27
7.717000000000000526e+00 2.461112988718594322e-27
7.717500000000000249e+00 2.442193063303046123e-27
7.717999999999999972e+00 2.423417374022364482e-27
7.718500000000000583e+00 2.404784830686198916e-27
7.719000000000000306e+00 2.386294351272095324e-27
7.719500000000000028e+00 2.367944861864660710e-27
7.719999999999999751e+00 2.349735296595490570e-27
7.720500000000000362e+00 2.331664597583413401e-27
7.721000000000000085e+00 2.313731714875189724e-27
7.721499999999999808e+00 2.295935606386555847e-27
7.722000000000000419e+00 2.278275237843808955e-27
7.722500000000000142e+00 2.260749582725909855e-27
7.722999999999999865e+00 2.243357622206680061e-27
7.723500000000000476e+00 2.226098345097788454e-27
7.724000000000000199e+00 2.208970747792066540e-27
7.724499999999999922e+00 2.191973834206947830e-27
7.725000000000000533e+00 2.175106615728731582e-27
7.725500000000000256e+00 2.158368111157174432e-27
7.725999999999999979e+00 2.141757346650120763e-27
7.726500000000000590e+00 2.125273355669036005e-27
7.727000000000000313e+00 2.108915178924689887e-27
7.727500000000000036e+00 2.092681864323200567e-27
7.727999999999999758e+00 2.076572466912592478e-27
7.728500000000000369e+00 2.060586048829721504e-27
7.729000000000000092e+00 2.044721679247585803e-27
7.729499999999999815e+00 2.028978434322954462e-27
7.730000000000000426e+00 2.013355397144414072e-27
7.730500000000000149e+00 1.997851657680995028e-27
7.730999999999999872e+00 1.982466312730833323e-27
7.731500000000000483e+00 1.967198465870398443e-27
7.732000000000000206e+00 1.952047227404206251e-27
7.732499999999999929e+00 1.937011714314635198e-27
7.733000000000000540e+00 1.922091050212296050e-27
7.733500000000000263e+00 1.907284365286819900e-27
7.733999999999999986e+00 1.892590796257735150e-27
7.734500000000000597e+00 1.878009486326021773e-27
7.735000000000000320e+00 1.863539585125872204e-27
7.735500000000000043e+00 1.849180248676752859e-27
7.735999999999999766e+00 1.834930639335942039e-27
7.736500000000000377e+00 1.820789925751324695e-27
7.737000000000000099e+00 1.806757282814663222e-27
7.737499999999999822e+00 1.792831891615021084e-27
7.738000000000000433e+00 1.779012939392619420e-27
7.738500000000000156e+00 1.765299619493212021e-27
7.738999999999999879e+00 1.751691131322430535e-27
7.739500000000000490e+00 1.738186680300741667e-27
7.740000000000000213e+00 1.724785477818787861e-27
7.740499999999999936e+00 1.711486741192695346e-27
7.741000000000000547e+00 1.698289693620111833e-27
7.741500000000000270e+00 1.685193564136427532e-27
7.741999999999999993e+00 1.672197587571162260e-27
7.742500000000000604e+00 1.659301004504885626e-27
7.743000000000000327e+00 1.646503061226434599e-27
7.743500000000000050e+00 1.633803009690286418e-27
7.743999999999999773e+00 1.621200107474407892e-27
7.744500000000000384e+00 1.608693617738326214e-27
7.745000000000000107e+00 1.596282809181630801e-27
7.745499999999999829e+00 1.583966956002545080e-27
7.746000000000000441e+00 1.571745337857066150e-27
7.746500000000000163e+00 1.559617239818278067e-27
7.746999999999999886e+00 1.547581952335923246e-27
7.747500000000000497e+00 1.535638771196351953e-27
7.748000000000000220e+00 1.523786997482807765e-27
7.748499999999999943e+00 1.512025937535855794e-27
7.749000000000000554e+00 1.500354902914178436e-27
7.749500000000000277e+00 1.488773210355812186e-27
7.750000000000000000e+00 1.477280181739358616e-27
7.750499999999999723e+00 1.465875144045750319e-27
7.751000000000000334e+00 1.454557429320150119e-27
7.751500000000000057e+00 1.443326374634308919e-27
7.751999999999999780e+00 1.432181322048880864e-27
7.752500000000000391e+00 1.421121618576346911e-27
7.753000000000000114e+00 1.410146616144099831e-27
7.753499999999999837e+00 1.399255671557658168e-27
7.754000000000000448e+00 1.388448146464377414e-27
7.754500000000000171e+00 1.377723407317315069e-27
7.754999999999999893e+00 1.367080825339325653e-27
7.755500000000000504e+00 1.356519776487492031e-27
7.756000000000000227e+00 1.346039641417862911e-27
7.756499999999999950e+00 1.335639805450271241e-27
7.757000000000000561e+00 1.325319658533577346e-27
7.757500000000000284e+00 1.315078595211211240e-27
7.758000000000000007e+00 1.304916014586701138e-27
7.758499999999999730e+00 1.294831320289763374e-27
7.759000000000000341e+00 1.284823920442476628e-27
7.759500000000000064e+00 1.274893227625770578e-27
7.759999999999999787e+00 1.265038658846052307e-27
7.760500000000000398e+00 1.255259635502235928e-27
7.761000000000000121e+00 1.245555583352968068e-27
7.761499999999999844e+00 1.235925932483973000e-27
7.762000000000000455e+00 1.226370117275789684e-27
7.762500000000000178e+00 1.216887576371737858e-27
7.762999999999999901e+00 1.207477752646009330e-27
7.763500000000000512e+00 1.198140093172053790e-27
7.764000000000000234e+00 1.188874049191321195e-27
7.764499999999999957e+00 1.179679076081978513e-27
7.765000000000000568e+00 1.170554633328095506e-27
7.765500000000000291e+00 1.161500184488956606e-27
7.766000000000000014e+00 1.152515197168576553e-27
7.766499999999999737e+00 1.143599142985474679e-27
7.767000000000000348e+00 1.134751497542696716e-27
7.767500000000000071e+00 1.125971740398059380e-27
7.767999999999999794e+00 1.117259355034532884e-27
7.768500000000000405e+00 1.108613828830894292e-27
7.769000000000000128e+00 1.100034653032705896e-27
7.769499999999999851e+00 1.091521322723281739e-27
7.770000000000000462e+00 1.083073336795049293e-27
7.770500000000000185e+00 1.074690197921114892e-27
7.770999999999999908e+00 1.066371412526892845e-27
7.771500000000000519e+00 1.058116490762122868e-27
7.772000000000000242e+00 1.049924946473008957e-27
7.772499999999999964e+00 1.041796297174535825e-27
7.773000000000000576e+00 1.033730064023035025e-27
7.773500000000000298e+00 1.025725771789028723e-27
7.774000000000000021e+00 1.017782948830053388e-27
7.774499999999999744e+00 1.009901127063934946e-27
7.775000000000000355e+00 1.002079841942099806e-27
7.775500000000000078e+00 9.943186324231658765e-28
7.775999999999999801e+00 9.866170409466842502e-28
7.776500000000000412e+00 9.789746134070620493e-28
7.777000000000000135e+00 9.713908991277781743e-28
7.777499999999999858e+00 9.638654508356489176e-28
7.778000000000000469e+00 9.563978246353762578e-28
7.778500000000000192e+00 9.489875799843104969e-28
7.778999999999999915e+00 9.416342796672650930e-28
7.779500000000000526e+00 9.343374897716742616e-28
7.780000000000000249e+00 9.270967796628592731e-28
7.780499999999999972e+00 9.199117219594525925e-28
7.781000000000000583e+00 9.127818925090514280e-28
7.781500000000000306e+00 9.057068703640838296e-28
7.782000000000000028e+00 8.986862377577226774e-28
7.782499999999999751e+00 8.917195800801426185e-28
7.783000000000000362e+00 8.848064858548028330e-28
7.783500000000000085e+00 8.779465467150736442e-28
7.783999999999999808e+00 8.711393573808381978e-28
7.784500000000000419e+00 8.643845156354159234e-28
7.785000000000000142e+00 8.576816223026402511e-28
7.785499999999999865e+00 8.510302812240231417e-28
7.786000000000000476e+00 8.444300992361624779e-28
7.786500000000000199e+00 8.378806861483397645e-28
7.786999999999999922e+00 8.313816547201712777e-28
7.787500000000000533e+00 8.249326206395325705e-28
7.788000000000000256e+00 8.185332025006404605e-28
7.788499999999999979e+00 8.121830217822150148e-28
7.789000000000000590e+00 8.058817028258756988e-28
7.789500000000000313e+00 7.996288728147187728e-28
7.790000000000000036e+00 7.934241617519460786e-28
7.790499999999999758e+00 7.872672024397664616e-28
7.791000000000000369e+00 7.811576304583807785e-28
7.791500000000000092e+00 7.750950841452116488e-28
7.791999999999999815e+00 7.690792045741431630e-28
7.792500000000000426e+00 7.631096355350371717e-28
7.793000000000000149e+00 7.571860235133961183e-28
7.793499999999999872e+00 7.513080176700727747e-28
7.794000000000000483e+00 7.454752698212507316e-28
7.794500000000000206e+00 7.396874344185406683e-28
7.794999999999999929e+00 7.339441685291500742e-28
7.795500000000000540e+00 7.282451318162914369e-28
7.796000000000000263e+00 7.225899865197342824e-28
7.796499999999999986e+00 7.169783974364042088e-28
7.797000000000000597e+00 7.114100319012402975e-28
7.797500000000000320e+00 7.058845597681613992e-28
7.798000000000000043e+00 7.004016533911057816e-28
7.798499999999999766e+00 6.949609876053067318e-28
7.799000000000000377e+00 6.895622397086420591e-28
7.799500000000000099e+00 6.842050894432059214e-28
7.799999999999999822e+00 6.788892189768667510e-28
7.800500000000000433e+00 6.736143128851181746e-28
7.801000000000000156e+00 6.683800581330106489e-28
7.801499999999999879e+00 6.631861440571509858e-28
7.802000000000000490e+00 6.580322623479417799e-28
7.802500000000000213e+00 6.529181070318988604e-28
7.802999999999999936e+00 6.478433744540822816e-28
7.803500000000000547e+00 6.428077632606926898e-28
7.804000000000000270e+00 6.378109743818170115e-28
7.804499999999999993e+00 6.328527110142128851e-28
7.805000000000000604e+00 6.279326786043262692e-28
7.805500000000000327e+00 6.230505848313842046e-28
7.806000000000000050e+00 6.182061395905963625e-28
7.806499999999999773e+00 6.133990549765223261e-28
7.807000000000000384e+00 6.086290452665268529e-28
7.807500000000000107e+00 6.038958269044274159e-28
7.807999999999999829e+00 5.991991184841301769e-28
7.808500000000000441e+00 5.945386407335263989e-28
7.809000000000000163e+00 5.899141164984590807e-28
7.809499999999999886e+00 5.853252707267562255e-28
7.810000000000000497e+00 5.807718304524546869e-28
7.810500000000000220e+00 5.762535247801352214e-28
7.810999999999999943e+00 5.717700848693183460e-28
7.811500000000000554e+00 5.673212439190253924e-28
7.812000000000000277e+00 5.629067371524696015e-28
7.812500000000000000e+00 5.585263018017857817e-28
7.812999999999999723e+00 5.541796770929541311e-28
7.813500000000000334e+00 5.498666042307838782e-28
7.814000000000000057e+00 5.455868263840721635e-28
7.814499999999999780e+00 5.413400886707718000e-28
7.815000000000000391e+00 5.371261381433556183e-28
7.815500000000000114e+00 5.329447237742851142e-28
7.815999999999999837e+00 5.287955964415155962e-28
7.816500000000000448e+00 5.246785089141926279e-28
7.817000000000000171e+00 5.205932158384319652e-28
7.817499999999999893e+00 5.165394737231540204e-28
7.818000000000000504e+00 5.125170409260870206e-28
7.818500000000000227e+00 5.085256776398736605e-28
7.818999999999999950e+00 5.045651458782129105e-28
7.819500000000000561e+00 5.006352094621846893e-28
7.820000000000000284e+00 4.967356340066547124e-28
7.820500000000000007e+00 4.928661869067304607e-28
7.820999999999999730e+00 4.890266373243870086e-28
7.821500000000000341e+00 4.852167561751453163e-28
7.822000000000000064e+00 4.814363161149098005e-28
7.822499999999999787e+00 4.776850915267968453e-28
7.823000000000000398e+00 4.739628585081718281e-28
7.823500000000000121e+00 4.702693948577448868e-28
7.823999999999999844e+00 4.666044800627158336e-28
7.824500000000000455e+00 4.629678952860891981e-28
7.825000000000000178e+00 4.593594233540463081e-28
7.825499999999999901e+00 4.557788487433999691e-28
7.826000000000000512e+00 4.522259575691646554e-28
7.826500000000000234e+00 4.487005375722356662e-28
7.826999999999999957e+00 4.452023781070966217e-28
7.827500000000000568e+00 4.417312701296917067e-28
7.828000000000000291e+00 4.382870061853535183e-28
7.828500000000000014e+00 4.348693803968090270e-28
7.828999999999999737e+00 4.314781884523024847e-28
7.829500000000000348e+00 4.281132275937864027e-28
7.830000000000000071e+00 4.247742966052302827e-28
7.830499999999999794e+00 4.214611958009685402e-28
7.831000000000000405e+00 4.181737270141718312e-28
7.831500000000000128e+00 4.149116935854165824e-28
7.831999999999999851e+00 4.116749003512824124e-28
7.832500000000000462e+00 4.084631536330899967e-28
7.833000000000000185e+00 4.052762612257174957e-28
7.833499999999999908e+00 4.021140323864649623e-28
7.834000000000000519e+00 3.989762778240212130e-28
7.834500000000000242e+00 3.958628096875503358e-28
7.834999999999999964e+00 3.927734415557918758e-28
7.835500000000000576e+00 3.897079884262789075e-28
7.836000000000000298e+00 3.866662667046596929e-28
7.836500000000000021e+00 3.836480941940454363e-28
7.836999999999999744e+00 3.806532900844796942e-28
7.837500000000000355e+00 3.776816749424649591e-28
7.838000000000000078e+00 3.747330707005965479e-28
7.838499999999999801e+00 3.718073006472179702e-28
7.839000000000000412e+00 3.689041894162149917e-28
7.839500000000000135e+00 3.660235629768573632e-28
7.839999999999999858e+00 3.631652486237048981e-28
7.840500000000000469e+00 3.603290749666061475e-28
7.841000000000000192e+00 3.575148719207965786e-28
7.841499999999999915e+00 3.547224706969942865e-28
7.842000000000000526e+00 3.519517037916540874e-28
7.842500000000000249e+00 3.492024049772538064e-28
7.842999999999999972e+00 3.464744092926456323e-28
7.843500000000000583e+00 3.437675530334952702e-28
7.844000000000000306e+00 3.410816737428162498e-28
7.844500000000000028e+00 3.384166102015026177e-28
7.844999999999999751e+00 3.357722024190145854e-28
7.845500000000000362e+00 3.331482916240787501e-28
7.846000000000000085e+00 3.305447202554982227e-28
7.846499999999999808e+00 3.279613319529819475e-28
7.847000000000000419e+00 3.253979715480831219e-28
7.847500000000000142e+00 3.228544850552137562e-28
7.847999999999999865e+00 3.203307196626721042e-28
7.848500000000000476e+00 3.178265237237869943e-28
7.849000000000000199e+00 3.153417467481267785e-28
7.849499999999999922e+00 3.128762393927328539e-28
7.850000000000000533e+00 3.104298534534576200e-28
7.850500000000000256e+00 3.080024418563759771e-28
7.850999999999999979e+00 3.055938586492074957e-28
7.851500000000000590e+00 3.032039589928525743e-28
7.852000000000000313e+00 3.008325991529881010e-28
7.852500000000000036e+00 2.984796364916865231e-28
7.852999999999999758e+00 2.961449294591502488e-28
7.853500000000000369e+00 2.938283375854600841e-28
7.854000000000000092e+00 2.915297214724392271e-28
7.854499999999999815e+00 2.892489427855140779e-28
7.855000000000000426e+00 2.869858642456820406e-28
7.855500000000000149e+00 2.847403496215467670e-28
7.855999999999999872e+00 2.825122637213545663e-28
7.856500000000000483e+00 2.803014723851557434e-28
7.857000000000000206e+00 2.781078424770013169e-28
7.857499999999999929e+00 2.759312418771736821e-28
7.858000000000000540e+00 2.737715394745064647e-28
7.858500000000000263e+00 2.716286051587719493e-28
7.858999999999999986e+00 2.695023098130688232e-28
7.859500000000000597e+00 2.673925253063297360e-28
7.860000000000000320e+00 2.652991244858628937e-28
7.860500000000000043e+00 2.632219811699236081e-28
7.860999999999999766e+00 2.611609701403866937e-28
7.861500000000000377e+00 2.591159671354308826e-28
7.862000000000000099e+00 2.570868488423264648e-28
7.862499999999999822e+00 2.550734928902192958e-28
7.863000000000000433e+00 2.530757778430122008e-28
7.863500000000000156e+00 2.510935831922949418e-28
7.863999999999999879e+00 2.491267893503046319e-28
7.864500000000000490e+00 2.471752776429512603e-28
7.865000000000000213e+00 2.452389303029203889e-28
7.865499999999999936e+00 2.433176304627763872e-28
7.866000000000000547e+00 2.414112621481581307e-28
7.866500000000000270e+00 2.395197102710218275e-28
7.866999999999999993e+00 2.376428606229122747e-28
7.867500000000000604e+00 2.357805998682970718e-28
7.868000000000000327e+00 2.339328155379738819e-28
7.868500000000000050e+00 2.320993960224789924e-28
7.868999999999999773e+00 2.302802305655852003e-28
7.869500000000000384e+00 2.284752092578353922e-28
7.870000000000000107e+00 2.266842230301262557e-28
7.870499999999999829e+00 2.249071636473303314e-28
7.871000000000000441e+00 2.231439237019776145e-28
7.871500000000000163e+00 2.213943966079921761e-28
7.871999999999999886e+00 2.196584765944444799e-28
7.872500000000000497e+00 2.179360586993867901e-28
7.873000000000000220e+00 2.162270387637173670e-28
7.873499999999999943e+00 2.145313134250850661e-28
7.874000000000000554e+00 2.128487801118503911e-28
7.874500000000000277e+00 2.111793370370991921e-28
7.875000000000000000e+00 2.095228831926715200e-28
7.875499999999999723e+00 2.078793183432712849e-28
7.876000000000000334e+00 2.062485430205934031e-28
7.876500000000000057e+00 2.046304585175184307e-28
7.876999999999999780e+00 2.030249668823206046e-28
7.877500000000000391e+00 2.014319709129451413e-28
7.878000000000000114e+00 1.998513741513275522e-28
7.878499999999999837e+00 1.982830808777364790e-28
7.879000000000000448e+00 1.967269961051697320e-28
7.879500000000000171e+00 1.951830255738116285e-28
7.879999999999999893e+00 1.936510757454903978e-28
7.880500000000000504e+00 1.921310537982158742e-28
7.881000000000000227e+00 1.906228676207422132e-28
7.881499999999999950e+00 1.891264258071653136e-28
7.882000000000000561e+00 1.876416376515712704e-28
7.882500000000000284e+00 1.861684131427310581e-28
7.883000000000000007e+00 1.847066629588101027e-28
7.883499999999999730e+00 1.832562984621429630e-28
7.884000000000000341e+00 1.818172316940380330e-28
7.884500000000000064e+00 1.803893753696222660e-28
7.884999999999999787e+00 1.789726428727176462e-28
7.885500000000000398e+00 1.775669482507645648e-28
7.886000000000000121e+00 1.761722062097891403e-28
7.886499999999999844e+00 1.747883321093898212e-28
7.887000000000000455e+00 1.734152419577717898e-28
7.887500000000000178e+00 1.720528524068348837e-28
7.887999999999999901e+00 1.707010807472634241e-28
7.888500000000000512e+00 1.693598449036801441e-28
7.889000000000000234e+00 1.680290634298407444e-28
7.889499999999999957e+00 1.667086555038302640e-28
7.890000000000000568e+00 1.653985409233348977e-28
7.890500000000000291e+00 1.640986401009306068e-28
7.891000000000000014e+00 1.628088740594022657e-28
7.891499999999999737e+00 1.615291644271144902e-28
7.892000000000000348e+00 1.602594334333967460e-28
7.892500000000000071e+00 1.589996039039926719e-28
7.892999999999999794e+00 1.577495992565029670e-28
7.893500000000000405e+00 1.565093434959000701e-28
7.894000000000000128e+00 1.552787612100637569e-28
7.894499999999999851e+00 1.540577775653353249e-28
7.895000000000000462e+00 1.528463183021293989e-28
7.895500000000000185e+00 1.516443097305667229e-28
7.895999999999999908e+00 1.504516787261355156e-28
7.896500000000000519e+00 1.492683527253932511e-28
7.897000000000000242e+00 1.480942597217049625e-28
7.897499999999999964e+00 1.469293282609986977e-28
7.898000000000000576e+00 1.457734874375608394e-28
7.898500000000000298e+00 1.446266668898771409e-28
7.899000000000000021e+00 1.434887967964754656e-28
7.899499999999999744e+00 1.423598078718255660e-28
7.900000000000000355e+00 1.412396313622563943e-28
7.900500000000000078e+00 1.401281990419154080e-28
7.900999999999999801e+00 1.390254432087421576e-28
7.901500000000000412e+00 1.379312966804855721e-28
7.902000000000000135e+00 1.368456927907488219e-28
7.902499999999999858e+00 1.357685653850605265e-28
7.903000000000000469e+00 1.346998488169733378e-28
7.903500000000000192e+00 1.336394779442058177e-28
7.903999999999999915e+00 1.325873881247938002e-28
7.904500000000000526e+00 1.315435152132837694e-28
7.905000000000000249e+00 1.305077955569581654e-28
7.905499999999999972e+00 1.294801659920716981e-28
7.906000000000000583e+00 1.284605638401318975e-28
7.906500000000000306e+00 1.274489269042121742e-28
7.907000000000000028e+00 1.264451934652663150e-28
7.907499999999999751e+00 1.254493022785015858e-28
7.908000000000000362e+00 1.244611925697587180e-28
7.908500000000000085e+00 1.234808040319331722e-28
7.908999999999999808e+00 1.225080768214094493e-28
7.909500000000000419e+00 1.215429515545285411e-28
7.910000000000000142e+00 1.205853693040943022e-28
7.910499999999999865e+00 1.196352715958807645e-28
7.911000000000000476e+00 1.186926004051852115e-28
7.911500000000000199e+00 1.177572981534103555e-28
7.911999999999999922e+00 1.168293077046479048e-28
7.912500000000000533e+00 1.159085723623157613e-28
7.913000000000000256e+00 1.149950358658072128e-28
7.913499999999999979e+00 1.140886423871619192e-28
7.914000000000000590e+00 1.131893365277724124e-28
7.914500000000000313e+00 1.122970633151100353e-28
7.915000000000000036e+00 1.114117681994728084e-28
7.915499999999999758e+00 1.105333970507609188e-28
7.916000000000000369e+00 1.096618961552789569e-28
7.916500000000000092e+00 1.087972122125631751e-28
7.916999999999999815e+00 1.079392923322201358e-28
7.917500000000000426e+00 1.070880840308065020e-28
7.918000000000000149e+00 1.062435352287236703e-28
7.918499999999999872e+00 1.054055942471330976e-28
7.919000000000000483e+00 1.045742098049001710e-28
7.919500000000000206e+00 1.037493310155642183e-28
7.919999999999999929e+00 1.029309073843207398e-28
7.920500000000000540e+00 1.021188888050321804e-28
7.921000000000000263e+00 1.013132255572710776e-28
7.921499999999999986e+00 1.005138683033646675e-28
7.922000000000000597e+00 9.972076808547855786e-29
7.922500000000000320e+00 9.893387632272154513e-29
7.923000000000000043e+00 9.815314480825897287e-29
7.923499999999999766e+00 9.737852570646555130e-29
7.924000000000000377e+00 9.660997155008356880e-29
7.924500000000000099e+00 9.584743523742072096e-29
7.924999999999999822e+00 9.509087002954703163e-29
7.925500000000000433e+00 9.434022954753226588e-29
7.926000000000000156e+00 9.359546776969588731e-29
7.926499999999999879e+00 9.285653902887541173e-29
7.927000000000000490e+00 9.212339800971991686e-29
7.927500000000000213e+00 9.139599974600749741e-29
7.927999999999999936e+00 9.067429961797027606e-29
7.928500000000000547e+00 8.995825334965122940e-29
7.929000000000000270e+00 8.924781700628378226e-29
7.929499999999999993e+00 8.854294699167283689e-29
7.930000000000000604e+00 8.784360004561618206e-29
7.930500000000000327e+00 8.714973324133812135e-29
7.931000000000000050e+00 8.646130398293399806e-29
7.931499999999999773e+00 8.577827000284909111e-29
7.932000000000000384e+00 8.510058935936214081e-29
7.932500000000000107e+00 8.442822043410414255e-29
7.932999999999999829e+00 8.376112192957677056e-29
7.933500000000000441e+00 8.309925286670391710e-29
7.934000000000000163e+00 8.244257258240020420e-29
7.934499999999999886e+00 8.179104072715036951e-29
7.935000000000000497e+00 8.114461726261109529e-29
7.935500000000000220e+00 8.050326245923923793e-29
7.935999999999999943e+00 7.986693689392112237e-29
7.936500000000000554e+00 7.923560144763258670e-29
7.937000000000000277e+00 7.860921730311898119e-29
7.937500000000000000e+00 7.798774594257619872e-29
7.937999999999999723e+00 7.737114914536873306e-29
7.938500000000000334e+00 7.675938898575195235e-29
7.939000000000000057e+00 7.615242783062099715e-29
7.939499999999999780e+00 7.555022833726492499e-29
7.940000000000000391e+00 7.495275345115023741e-29
7.940500000000000114e+00 7.435996640371529216e-29
7.940999999999999837e+00 7.377183071017928902e-29
7.941500000000000448e+00 7.318831016737178179e-29
7.942000000000000171e+00 7.260936885158095642e-29
7.942499999999999893e+00 7.203497111640805257e-29
7.943000000000000504e+00 7.146508159064993429e-29
7.943500000000000227e+00 7.089966517619196319e-29
7.943999999999999950e+00 7.033868704591491808e-29
7.944500000000000561e+00 6.978211264162134239e-29
7.945000000000000284e+00 6.922990767197958139e-29
7.945500000000000007e+00 6.868203811047646280e-29
7.945999999999999730e+00 6.813847019339003260e-29
7.946500000000000341e+00 6.759917041777856852e-29
7.947000000000000064e+00 6.706410553948543364e-29
7.947499999999999787e+00 6.653324257115167644e-29
7.948000000000000398e+00 6.600654878025165703e-29
7.948500000000000121e+00 6.548399168714569063e-29
7.948999999999999844e+00 6.496553906313390190e-29
7.949500000000000455e+00 6.445115892853997728e-29
7.950000000000000178e+00 6.394081955080407629e-29
7.950499999999999901e+00 6.343448944258401602e-29
7.951000000000000512e+00 6.293213735988084947e-29
7.951500000000000234e+00 6.243373230017365883e-29
7.951999999999999957e+00 6.193924350056676990e-29
7.952500000000000568e+00 6.144864043595419673e-29
7.953000000000000291e+00 6.096189281720009493e-29
7.953500000000000014e+00 6.047897058932489843e-29
7.953999999999999737e+00 5.999984392971336143e-29
7.954500000000000348e+00 5.952448324633288031e-29
7.955000000000000071e+00 5.905285917596779029e-29
7.955499999999999794e+00 5.858494258246035468e-29
7.956000000000000405e+00 5.812070455497234766e-29
7.956500000000000128e+00 5.766011640625977560e-29
7.956999999999999851e+00 5.720314967095282244e-29
7.957500000000000462e+00 5.674977610385795797e-29
7.958000000000000185e+00 5.629996767827055033e-29
7.958499999999999908e+00 5.585369658429450731e-29
7.959000000000000519e+00 5.541093522718164799e-29
7.959500000000000242e+00 5.497165622568328253e-29
7.959999999999999964e+00 5.453583241040873110e-29
7.960500000000000576e+00 5.410343682220145442e-29
7.961000000000000298e+00 5.367444271052721297e-29
7.961500000000000021e+00 5.324882353187052193e-29
7.961999999999999744e+00 5.282655294814912124e-29
7.962500000000000355e+00 5.240760482513363597e-29
7.963000000000000078e+00 5.199195323088907464e-29
7.963499999999999801e+00 5.157957243421465710e-29
7.964000000000000412e+00 5.117043690310757668e-29
7.964500000000000135e+00 5.076452130323599961e-29
7.964999999999999858e+00 5.036180049641538276e-29
7.965500000000000469e+00 4.996224953910593415e-29
7.966000000000000192e+00 4.956584368092095881e-29
7.966499999999999915e+00 4.917255836313842751e-29
7.967000000000000526e+00 4.878236921723171540e-29
7.967500000000000249e+00 4.839525206341108563e-29
7.967999999999999972e+00 4.801118290916974138e-29
7.968500000000000583e+00 4.763013794784847582e-29
7.969000000000000306e+00 4.725209355720957624e-29
7.969500000000000028e+00 4.687702629801476399e-29
7.969999999999999751e+00 4.650491291262548786e-29
7.970500000000000362e+00 4.613573032360312222e-29
7.971000000000000085e+00 4.576945563232845259e-29
7.971499999999999808e+00 4.540606611762439547e-29
7.972000000000000419e+00 4.504553923439362232e-29
7.972500000000000142e+00 4.468785261226761815e-29
7.972999999999999865e+00 4.433298405426010656e-29
7.973500000000000476e+00 4.398091153543611330e-29
7.974000000000000199e+00 4.363161320159267179e-29
7.974499999999999922e+00 4.328506736794059359e-29
7.975000000000000533e+00 4.294125251780618783e-29
7.975500000000000256e+00 4.260014730133946020e-29
7.975999999999999979e+00 4.226173053422791714e-29
7.976500000000000590e+00 4.192598119642682127e-29
7.977000000000000313e+00 4.159287843089584235e-29
7.977500000000000036e+00 4.126240154234406561e-29
7.977999999999999758e+00 4.093452999598738190e-29
7.978500000000000369e+00 4.060924341631317022e-29
7.979000000000000092e+00 4.028652158585728931e-29
7.979499999999999815e+00 3.996634444398620350e-29
7.980000000000000426e+00 3.964869208569027979e-29
7.980500000000000149e+00 3.933354476039031312e-29
7.980999999999999872e+00 3.902088287074492055e-29
7.981500000000000483e+00 3.871068697147333277e-29
7.982000000000000206e+00 3.840293776818806768e-29
7.982499999999999929e+00 3.809761611622870255e-29
7.983000000000000540e+00 3.779470301951319600e-29
7.983500000000000263e+00 3.749417962939498340e-29
7.983999999999999986e+00 3.719602724352533550e-29
7.984500000000000597e+00 3.690022730472895094e-29
7.985000000000000320e+00 3.660676139988779402e-29
7.985500000000000043e+00 3.631561125882982013e-29
7.985999999999999766e+00 3.602675875322981407e-29
7.986500000000000377e+00 3.574018589551659588e-29
7.987000000000000099e+00 3.545587483779131928e-29
7.987499999999999822e+00 3.517380787074870168e-29
7.988000000000000433e+00 3.489396742261232881e-29
7.988500000000000156e+00 3.461633605807531235e-29
7.988999999999999879e+00 3.434089647724803244e-29
7.989500000000000490e+00 3.406763151461566694e-29
7.990000000000000213e+00 3.379652413800461612e-29
7.990499999999999936e+00 3.352755744755344508e-29
7.991000000000000547e+00 3.326071467469341112e-29
7.991500000000000270e+00 3.299597918114006133e-29
7.991999999999999993e+00 3.273333445788564855e-29
7.992500000000000604e+00 3.247276412420474196e-29
7.993000000000000327e+00 3.221425192666711879e-29
7.993500000000000050e+00 3.195778173815380057e-29
7.993999999999999773e+00 3.170333755688617753e-29
7.994500000000000384e+00 3.145090350545841198e-29
7.995000000000000107e+00 3.120046382988082791e-29
7.995499999999999829e+00 3.095200289862592380e-29
7.996000000000000441e+00 3.070550520168551739e-29
7.996500000000000163e+00 3.046095534963606834e-29
7.996999999999999886e+00 3.021833807270492027e-29
7.997500000000000497e+00 2.997763821985057804e-29
7.998000000000000220e+00 2.973884075784762629e-29
7.998499999999999943e+00 2.950193077037567804e-29
7.999000000000000554e+00 2.926689345711997086e-29
7.999500000000000277e+00 2.903371413287646965e-29
8.000000000000000000e+00 2.880237822666303985e-29
