# r [A]  rho [e/A^3]
0.000000000000000000e+00 5.079490874739277517e-01
5.000000000000000104e-04 5.079488334994475274e-01
1.000000000000000021e-03 5.079480715767686894e-01
1.500000000000000031e-03 5.079468017081770759e-01
2.000000000000000042e-03 5.079450238974823062e-01
2.500000000000000052e-03 5.079427381500176697e-01
3.000000000000000062e-03 5.079399444726404589e-01
3.500000000000000073e-03 5.079366428737316363e-01
4.000000000000000083e-03 5.079328333631957237e-01
4.500000000000000527e-03 5.079285159524611348e-01
5.000000000000000104e-03 5.079236906544798424e-01
5.499999999999999681e-03 5.079183574837271564e-01
6.000000000000000125e-03 5.079125164562020567e-01
6.500000000000000569e-03 5.079061675894268602e-01
7.000000000000000146e-03 5.078993109024471098e-01
7.499999999999999722e-03 5.078919464158316854e-01
8.000000000000000167e-03 5.078840741516724711e-01
8.500000000000000611e-03 5.078756941335843544e-01
9.000000000000001055e-03 5.078668063867050053e-01
9.499999999999999764e-03 5.078574109376949863e-01
1.000000000000000021e-02 5.078475078147375310e-01
1.050000000000000065e-02 5.078370970475379886e-01
1.099999999999999936e-02 5.078261786673244904e-01
1.149999999999999981e-02 5.078147527068470612e-01
1.200000000000000025e-02 5.078028192003776198e-01
1.250000000000000069e-02 5.077903781837103114e-01
1.300000000000000114e-02 5.077774296941606202e-01
1.349999999999999985e-02 5.077639737705654799e-01
1.400000000000000029e-02 5.077500104532832736e-01
1.450000000000000074e-02 5.077355397841933904e-01
1.499999999999999944e-02 5.077205618066960024e-01
1.549999999999999989e-02 5.077050765657120657e-01
1.600000000000000033e-02 5.076890841076826533e-01
1.650000000000000078e-02 5.076725844805696219e-01
1.700000000000000122e-02 5.076555777338540576e-01
1.750000000000000167e-02 5.076380639185373855e-01
1.800000000000000211e-02 5.076200430871399272e-01
1.849999999999999908e-02 5.076015152937014552e-01
1.899999999999999953e-02 5.075824805937808604e-01
1.949999999999999997e-02 5.075629390444551525e-01
2.000000000000000042e-02 5.075428907043202376e-01
2.050000000000000086e-02 5.075223356334896962e-01
2.100000000000000130e-02 5.075012738935951173e-01
2.150000000000000175e-02 5.074797055477852092e-01
2.199999999999999872e-02 5.074576306607261333e-01
2.249999999999999917e-02 5.074350492986007266e-01
2.299999999999999961e-02 5.074119615291083907e-01
2.350000000000000006e-02 5.073883674214646478e-01
2.400000000000000050e-02 5.073642670464004745e-01
2.450000000000000094e-02 5.073396604761628570e-01
2.500000000000000139e-02 5.073145477845135698e-01
2.550000000000000183e-02 5.072889290467290646e-01
2.600000000000000228e-02 5.072628043396001374e-01
2.649999999999999925e-02 5.072361737414315952e-01
2.699999999999999969e-02 5.072090373320419232e-01
2.750000000000000014e-02 5.071813951927623965e-01
2.800000000000000058e-02 5.071532474064375240e-01
2.850000000000000103e-02 5.071245940574238276e-01
2.900000000000000147e-02 5.070954352315897307e-01
2.950000000000000192e-02 5.070657710163154475e-01
2.999999999999999889e-02 5.070356015004919836e-01
3.049999999999999933e-02 5.070049267745210253e-01
3.099999999999999978e-02 5.069737469303143840e-01
3.150000000000000022e-02 5.069420620612937745e-01
3.200000000000000067e-02 5.069098722623898157e-01
3.250000000000000111e-02 5.068771776300421417e-01
3.300000000000000155e-02 5.068439782621985135e-01
3.350000000000000200e-02 5.068102742583145970e-01
3.400000000000000244e-02 5.067760657193532969e-01
3.450000000000000289e-02 5.067413527477844237e-01
3.500000000000000333e-02 5.067061354475838053e-01
3.550000000000000377e-02 5.066704139242332872e-01
3.600000000000000422e-02 5.066341882847197331e-01
3.649999999999999772e-02 5.065974586375348032e-01
3.699999999999999817e-02 5.065602250926745098e-01
3.749999999999999861e-02 5.065224877616382182e-01
3.799999999999999906e-02 5.064842467574282026e-01
3.849999999999999950e-02 5.064455021945497570e-01
3.899999999999999994e-02 5.064062541890095304e-01
3.950000000000000039e-02 5.063665028583157479e-01
4.000000000000000083e-02 5.063262483214775456e-01
4.050000000000000128e-02 5.062854906990040815e-01
4.100000000000000172e-02 5.062442301129037592e-01
4.150000000000000216e-02 5.062024666866844491e-01
4.200000000000000261e-02 5.061602005453521569e-01
4.250000000000000305e-02 5.061174318154103569e-01
4.300000000000000350e-02 5.060741606248598812e-01
4.350000000000000394e-02 5.060303871031979206e-01
4.399999999999999745e-02 5.059861113814174693e-01
4.449999999999999789e-02 5.059413335920066590e-01
4.499999999999999833e-02 5.058960538689479813e-01
4.549999999999999878e-02 5.058502723477178442e-01
4.599999999999999922e-02 5.058039891652860165e-01
4.649999999999999967e-02 5.057572044601141847e-01
4.700000000000000011e-02 5.057099183721561753e-01
4.750000000000000056e-02 5.056621310428568439e-01
4.800000000000000100e-02 5.056138426151514098e-01
4.850000000000000144e-02 5.055650532334645675e-01
4.900000000000000189e-02 5.055157630437101535e-01
4.950000000000000233e-02 5.054659721932900363e-01
5.000000000000000278e-02 5.054156808310935611e-01
5.050000000000000322e-02 5.053648891074967731e-01
5.100000000000000366e-02 5.053135971743620836e-01
5.150000000000000411e-02 5.052618051850364944e-01
5.200000000000000455e-02 5.052095132943519307e-01
5.249999999999999806e-02 5.051567216586235753e-01
5.299999999999999850e-02 5.051034304356500915e-01
5.349999999999999895e-02 5.050496397847117347e-01
5.399999999999999939e-02 5.049953498665702423e-01
5.449999999999999983e-02 5.049405608434679449e-01
5.500000000000000028e-02 5.048852728791268785e-01
5.550000000000000072e-02 5.048294861387478960e-01
5.600000000000000117e-02 5.047732007890100014e-01
5.650000000000000161e-02 5.047164169980693504e-01
5.700000000000000205e-02 5.046591349355585843e-01
5.750000000000000250e-02 5.046013547725859416e-01
5.800000000000000294e-02 5.045430766817342594e-01
5.850000000000000339e-02 5.044843008370603066e-01
5.900000000000000383e-02 5.044250274140936741e-01
5.950000000000000427e-02 5.043652565898363305e-01
5.999999999999999778e-02 5.043049885427615120e-01
6.049999999999999822e-02 5.042442234528122791e-01
6.099999999999999867e-02 5.041829615014016275e-01
6.149999999999999911e-02 5.041212028714110449e-01
6.199999999999999956e-02 5.040589477471895119e-01
6.250000000000000000e-02 5.039961963145527246e-01
6.300000000000000044e-02 5.039329487607822067e-01
6.350000000000000089e-02 5.038692052746245320e-01
6.400000000000000133e-02 5.038049660462897705e-01
6.450000000000000178e-02 5.037402312674514882e-01
6.500000000000000222e-02 5.036750011312447484e-01
6.550000000000000266e-02 5.036092758322662233e-01
6.600000000000000311e-02 5.035430555665721952e-01
6.650000000000000355e-02 5.034763405316782237e-01
6.700000000000000400e-02 5.034091309265582570e-01
6.750000000000000444e-02 5.033414269516429673e-01
6.800000000000000488e-02 5.032732288088195283e-01
6.850000000000000533e-02 5.032045367014301718e-01
6.900000000000000577e-02 5.031353508342710779e-01
6.950000000000000622e-02 5.030656714135918195e-01
7.000000000000000666e-02 5.029954986470938083e-01
7.050000000000000711e-02 5.029248327439298505e-01
7.100000000000000755e-02 5.028536739147024814e-01
7.150000000000000799e-02 5.027820223714634107e-01
7.200000000000000844e-02 5.027098783277119676e-01
7.249999999999999500e-02 5.026372419983947681e-01
7.299999999999999545e-02 5.025641135999040499e-01
7.349999999999999589e-02 5.024904933500766724e-01
7.399999999999999634e-02 5.024163814681932294e-01
7.449999999999999678e-02 5.023417781749767164e-01
7.499999999999999722e-02 5.022666836925919753e-01
7.549999999999999767e-02 5.021910982446439187e-01
7.599999999999999811e-02 5.021150220561766409e-01
7.649999999999999856e-02 5.020384553536725303e-01
7.699999999999999900e-02 5.019613983650509370e-01
7.749999999999999944e-02 5.018838513196670625e-01
7.799999999999999989e-02 5.018058144483108496e-01
7.850000000000000033e-02 5.017272879832058718e-01
7.900000000000000078e-02 5.016482721580081128e-01
7.950000000000000122e-02 5.015687672078047443e-01
8.000000000000000167e-02 5.014887733691133498e-01
8.050000000000000211e-02 5.014082908798801475e-01
8.100000000000000255e-02 5.013273199794792134e-01
8.150000000000000300e-02 5.012458609087113715e-01
8.200000000000000344e-02 5.011639139098024165e-01
8.250000000000000389e-02 5.010814792264028927e-01
8.300000000000000433e-02 5.009985571035858731e-01
8.350000000000000477e-02 5.009151477878462932e-01
8.400000000000000522e-02 5.008312515270998411e-01
8.450000000000000566e-02 5.007468685706812916e-01
8.500000000000000611e-02 5.006619991693435079e-01
8.550000000000000655e-02 5.005766435752563304e-01
8.600000000000000699e-02 5.004908020420050230e-01
8.650000000000000744e-02 5.004044748245892738e-01
8.700000000000000788e-02 5.003176621794219736e-01
8.750000000000000833e-02 5.002303643643275510e-01
8.799999999999999489e-02 5.001425816385411949e-01
8.849999999999999534e-02 5.000543142627070781e-01
8.899999999999999578e-02 4.999655624988774694e-01
8.949999999999999623e-02 4.998763266105113456e-01
8.999999999999999667e-02 4.997866068624730596e-01
9.049999999999999711e-02 4.996964035210308963e-01
9.099999999999999756e-02 4.996057168538557969e-01
9.149999999999999800e-02 4.995145471300203033e-01
9.199999999999999845e-02 4.994228946199968933e-01
9.249999999999999889e-02 4.993307595956569256e-01
9.299999999999999933e-02 4.992381423302688082e-01
9.349999999999999978e-02 4.991450430984974429e-01
9.400000000000000022e-02 4.990514621764020609e-01
9.450000000000000067e-02 4.989573998414354450e-01
9.500000000000000111e-02 4.988628563724420983e-01
9.550000000000000155e-02 4.987678320496573003e-01
9.600000000000000200e-02 4.986723271547052749e-01
9.650000000000000244e-02 4.985763419705984134e-01
9.700000000000000289e-02 4.984798767817351095e-01
9.750000000000000333e-02 4.983829318738989267e-01
9.800000000000000377e-02 4.982855075342570994e-01
9.850000000000000422e-02 4.981876040513588677e-01
9.900000000000000466e-02 4.980892217151342005e-01
9.950000000000000511e-02 4.979903608168924634e-01
1.000000000000000056e-01 4.978910216493209751e-01
1.005000000000000060e-01 4.977912045064832869e-01
1.010000000000000064e-01 4.976909096838179059e-01
1.015000000000000069e-01 4.975901374781371289e-01
1.020000000000000073e-01 4.974888881876250446e-01
1.025000000000000078e-01 4.973871621118364783e-01
1.030000000000000082e-01 4.972849595516952159e-01
1.035000000000000087e-01 4.971822808094927271e-01
1.040000000000000091e-01 4.970791261888868329e-01
1.044999999999999957e-01 4.969754959948995410e-01
1.049999999999999961e-01 4.968713905339164905e-01
1.054999999999999966e-01 4.967668101136844538e-01
1.059999999999999970e-01 4.966617550433107264e-01
1.064999999999999974e-01 4.965562256332609614e-01
1.069999999999999979e-01 4.964502221953578931e-01
1.074999999999999983e-01 4.963437450427798381e-01
1.079999999999999988e-01 4.962367944900590855e-01
1.084999999999999992e-01 4.961293708530802871e-01
1.089999999999999997e-01 4.960214744490790695e-01
1.095000000000000001e-01 4.959131055966401469e-01
1.100000000000000006e-01 4.958042646156963773e-01
1.105000000000000010e-01 4.956949518275264310e-01
1.110000000000000014e-01 4.955851675547536805e-01
1.115000000000000019e-01 4.954749121213445906e-01
1.120000000000000023e-01 4.953641858526069419e-01
1.125000000000000028e-01 4.952529890751882768e-01
1.130000000000000032e-01 4.951413221170745671e-01
1.135000000000000037e-01 4.950291853075881043e-01
1.140000000000000041e-01 4.949165789773863899e-01
1.145000000000000046e-01 4.948035034584600811e-01
1.150000000000000050e-01 4.946899590841316585e-01
1.155000000000000054e-01 4.945759461890537612e-01
1.160000000000000059e-01 4.944614651092071878e-01
1.165000000000000063e-01 4.943465161818999531e-01
1.170000000000000068e-01 4.942310997457647903e-01
1.175000000000000072e-01 4.941152161407581511e-01
1.180000000000000077e-01 4.939988657081581525e-01
1.185000000000000081e-01 4.938820487905631884e-01
1.190000000000000085e-01 4.937647657318899319e-01
1.195000000000000090e-01 4.936470168773718914e-01
1.199999999999999956e-01 4.935288025735577455e-01
1.204999999999999960e-01 4.934101231683092892e-01
1.209999999999999964e-01 4.932909790108002679e-01
1.214999999999999969e-01 4.931713704515141017e-01
1.219999999999999973e-01 4.930512978422426085e-01
1.224999999999999978e-01 4.929307615360841166e-01
1.229999999999999982e-01 4.928097618874415775e-01
1.234999999999999987e-01 4.926882992520211779e-01
1.239999999999999991e-01 4.925663739868302859e-01
1.244999999999999996e-01 4.924439864501757858e-01
1.250000000000000000e-01 4.923211370016624677e-01
1.255000000000000004e-01 4.921978260021910301e-01
1.260000000000000009e-01 4.920740538139565246e-01
1.265000000000000013e-01 4.919498208004465245e-01
1.270000000000000018e-01 4.918251273264391821e-01
1.275000000000000022e-01 4.916999737580017293e-01
1.280000000000000027e-01 4.915743604624883689e-01
1.285000000000000031e-01 4.914482878085388862e-01
1.290000000000000036e-01 4.913217561660762622e-01
1.295000000000000040e-01 4.911947659063055638e-01
1.300000000000000044e-01 4.910673174017115561e-01
1.305000000000000049e-01 4.909394110260570931e-01
1.310000000000000053e-01 4.908110471543815634e-01
1.315000000000000058e-01 4.906822261629983917e-01
1.320000000000000062e-01 4.905529484294938181e-01
1.325000000000000067e-01 4.904232143327248439e-01
1.330000000000000071e-01 4.902930242528173443e-01
1.335000000000000075e-01 4.901623785711642922e-01
1.340000000000000080e-01 4.900312776704237594e-01
1.345000000000000084e-01 4.898997219345170850e-01
1.350000000000000089e-01 4.897677117486273213e-01
1.355000000000000093e-01 4.896352474991967352e-01
1.360000000000000098e-01 4.895023295739255320e-01
1.365000000000000102e-01 4.893689583617696348e-01
1.370000000000000107e-01 4.892351342529387415e-01
1.375000000000000111e-01 4.891008576388947704e-01
1.380000000000000115e-01 4.889661289123494736e-01
1.385000000000000120e-01 4.888309484672629934e-01
1.390000000000000124e-01 4.886953166988415309e-01
1.395000000000000129e-01 4.885592340035357917e-01
1.400000000000000133e-01 4.884227007790388209e-01
1.405000000000000138e-01 4.882857174242838938e-01
1.410000000000000142e-01 4.881482843394432392e-01
1.415000000000000147e-01 4.880104019259252079e-01
1.420000000000000151e-01 4.878720705863731077e-01
1.425000000000000155e-01 4.877332907246626492e-01
1.430000000000000160e-01 4.875940627459005028e-01
1.435000000000000164e-01 4.874543870564216896e-01
1.440000000000000169e-01 4.873142640637883605e-01
1.444999999999999896e-01 4.871736941767871309e-01
1.449999999999999900e-01 4.870326778054275829e-01
1.454999999999999905e-01 4.868912153609400439e-01
1.459999999999999909e-01 4.867493072557734779e-01
1.464999999999999913e-01 4.866069539035938751e-01
1.469999999999999918e-01 4.864641557192818100e-01
1.474999999999999922e-01 4.863209131189306089e-01
1.479999999999999927e-01 4.861772265198445742e-01
1.484999999999999931e-01 4.860330963405364857e-01
1.489999999999999936e-01 4.858885230007257139e-01
1.494999999999999940e-01 4.857435069213366097e-01
1.499999999999999944e-01 4.855980485244958955e-01
1.504999999999999949e-01 4.854521482335309446e-01
1.509999999999999953e-01 4.853058064729674492e-01
1.514999999999999958e-01 4.851590236685278668e-01
1.519999999999999962e-01 4.850118002471288103e-01
1.524999999999999967e-01 4.848641366368791061e-01
1.529999999999999971e-01 4.847160332670781835e-01
1.534999999999999976e-01 4.845674905682132994e-01
1.539999999999999980e-01 4.844185089719579285e-01
1.544999999999999984e-01 4.842690889111694874e-01
1.549999999999999989e-01 4.841192308198873917e-01
1.554999999999999993e-01 4.839689351333306688e-01
1.559999999999999998e-01 4.838182022878960709e-01
1.565000000000000002e-01 4.836670327211561315e-01
1.570000000000000007e-01 4.835154268718566128e-01
1.575000000000000011e-01 4.833633851799146730e-01
1.580000000000000016e-01 4.832109080864167572e-01
1.585000000000000020e-01 4.830579960336162104e-01
1.590000000000000024e-01 4.829046494649315013e-01
1.595000000000000029e-01 4.827508688249437796e-01
1.600000000000000033e-01 4.825966545593950441e-01
1.605000000000000038e-01 4.824420071151854783e-01
1.610000000000000042e-01 4.822869269403718406e-01
1.615000000000000047e-01 4.821314144841649663e-01
1.620000000000000051e-01 4.819754701969278243e-01
1.625000000000000056e-01 4.818190945301730199e-01
1.630000000000000060e-01 4.816622879365610732e-01
1.635000000000000064e-01 4.815050508698976994e-01
1.640000000000000069e-01 4.813473837851321990e-01
1.645000000000000073e-01 4.811892871383546821e-01
1.650000000000000078e-01 4.810307613867944587e-01
1.655000000000000082e-01 4.808718069888172630e-01
1.660000000000000087e-01 4.807124244039234773e-01
1.665000000000000091e-01 4.805526140927458001e-01
1.670000000000000095e-01 4.803923765170466931e-01
1.675000000000000100e-01 4.802317121397169375e-01
1.680000000000000104e-01 4.800706214247725256e-01
1.685000000000000109e-01 4.799091048373529955e-01
1.690000000000000113e-01 4.797471628437190438e-01
1.695000000000000118e-01 4.795847959112500836e-01
1.700000000000000122e-01 4.794220045084424675e-01
1.705000000000000127e-01 4.792587891049067683e-01
1.710000000000000131e-01 4.790951501713656691e-01
1.715000000000000135e-01 4.789310881796517982e-01
1.720000000000000140e-01 4.787666036027055094e-01
1.725000000000000144e-01 4.786016969145723832e-01
1.730000000000000149e-01 4.784363685904010066e-01
1.735000000000000153e-01 4.782706191064408641e-01
1.740000000000000158e-01 4.781044489400399500e-01
1.745000000000000162e-01 4.779378585696424930e-01
1.750000000000000167e-01 4.777708484747865136e-01
1.755000000000000171e-01 4.776034191361017145e-01
1.759999999999999898e-01 4.774355710353073157e-01
1.764999999999999902e-01 4.772673046552091680e-01
1.769999999999999907e-01 4.770986204796981989e-01
1.774999999999999911e-01 4.769295189937474144e-01
1.779999999999999916e-01 4.767600006834101234e-01
1.784999999999999920e-01 4.765900660358172169e-01
1.789999999999999925e-01 4.764197155391750038e-01
1.794999999999999929e-01 4.762489496827629343e-01
1.799999999999999933e-01 4.760777689569310467e-01
1.804999999999999938e-01 4.759061738530979135e-01
1.809999999999999942e-01 4.757341648637480325e-01
1.814999999999999947e-01 4.755617424824296613e-01
1.819999999999999951e-01 4.753889072037523200e-01
1.824999999999999956e-01 4.752156595233844039e-01
1.829999999999999960e-01 4.750419999380511293e-01
1.834999999999999964e-01 4.748679289455316477e-01
1.839999999999999969e-01 4.746934470446572130e-01
1.844999999999999973e-01 4.745185547353082955e-01
1.849999999999999978e-01 4.743432525184126947e-01
1.854999999999999982e-01 4.741675408959427074e-01
1.859999999999999987e-01 4.739914203709129636e-01
1.864999999999999991e-01 4.738148914473779838e-01
1.869999999999999996e-01 4.736379546304298471e-01
1.875000000000000000e-01 4.734606104261957493e-01
1.880000000000000004e-01 4.732828593418353380e-01
1.885000000000000009e-01 4.731047018855388253e-01
1.890000000000000013e-01 4.729261385665240458e-01
1.895000000000000018e-01 4.727471698950342915e-01
1.900000000000000022e-01 4.725677963823359806e-01
1.905000000000000027e-01 4.723880185407158816e-01
1.910000000000000031e-01 4.722078368834790596e-01
1.915000000000000036e-01 4.720272519249461562e-01
1.920000000000000040e-01 4.718462641804511137e-01
1.925000000000000044e-01 4.716648741663387323e-01
1.930000000000000049e-01 4.714830823999618947e-01
1.935000000000000053e-01 4.713008893996796789e-01
1.940000000000000058e-01 4.711182956848543046e-01
1.945000000000000062e-01 4.709353017758491911e-01
1.950000000000000067e-01 4.707519081940261807e-01
1.955000000000000071e-01 4.705681154617428752e-01
1.960000000000000075e-01 4.703839241023508588e-01
1.965000000000000080e-01 4.701993346401923679e-01
1.970000000000000084e-01 4.700143476005984589e-01
1.975000000000000089e-01 4.698289635098862327e-01
1.980000000000000093e-01 4.696431828953562815e-01
1.985000000000000098e-01 4.694570062852903014e-01
1.990000000000000102e-01 4.692704342089487057e-01
1.995000000000000107e-01 4.690834671965679048e-01
2.000000000000000111e-01 4.688961057793578080e-01
2.005000000000000115e-01 4.687083504894996588e-01
2.010000000000000120e-01 4.685202018601429819e-01
2.015000000000000124e-01 4.683316604254034177e-01
2.020000000000000129e-01 4.681427267203601694e-01
2.025000000000000133e-01 4.679534012810533383e-01
2.030000000000000138e-01 4.677636846444814811e-01
2.035000000000000142e-01 4.675735773485992230e-01
2.040000000000000147e-01 4.673830799323143714e-01
2.045000000000000151e-01 4.671921929354855840e-01
2.050000000000000155e-01 4.670009168989199266e-01
2.055000000000000160e-01 4.668092523643700975e-01
2.060000000000000164e-01 4.666171998745319294e-01
2.065000000000000169e-01 4.664247599730421689e-01
2.070000000000000173e-01 4.662319332044752018e-01
2.075000000000000178e-01 4.660387201143411651e-01
2.080000000000000182e-01 4.658451212490831717e-01
2.084999999999999909e-01 4.656511371560745904e-01
2.089999999999999913e-01 4.654567683836164371e-01
2.094999999999999918e-01 4.652620154809352648e-01
2.099999999999999922e-01 4.650668789981800000e-01
2.104999999999999927e-01 4.648713594864195553e-01
2.109999999999999931e-01 4.646754574976405539e-01
2.114999999999999936e-01 4.644791735847442204e-01
2.119999999999999940e-01 4.642825083015441612e-01
2.124999999999999944e-01 4.640854622027635878e-01
2.129999999999999949e-01 4.638880358440328200e-01
2.134999999999999953e-01 4.636902297818865648e-01
2.139999999999999958e-01 4.634920445737613082e-01
2.144999999999999962e-01 4.632934807779929276e-01
2.149999999999999967e-01 4.630945389538137502e-01
2.154999999999999971e-01 4.628952196613501657e-01
2.159999999999999976e-01 4.626955234616198509e-01
2.164999999999999980e-01 4.624954509165293270e-01
2.169999999999999984e-01 4.622950025888711290e-01
2.174999999999999989e-01 4.620941790423211959e-01
2.179999999999999993e-01 4.618929808414364846e-01
2.184999999999999998e-01 4.616914085516519162e-01
2.190000000000000002e-01 4.614894627392781556e-01
2.195000000000000007e-01 4.612871439714986699e-01
2.200000000000000011e-01 4.610844528163671741e-01
2.205000000000000016e-01 4.608813898428050226e-01
2.210000000000000020e-01 4.606779556205984338e-01
2.215000000000000024e-01 4.604741507203961026e-01
2.220000000000000029e-01 4.602699757137059255e-01
2.225000000000000033e-01 4.600654311728932244e-01
2.230000000000000038e-01 4.598605176711773046e-01
2.235000000000000042e-01 4.596552357826291790e-01
2.240000000000000047e-01 4.594495860821688482e-01
2.245000000000000051e-01 4.592435691455624136e-01
2.250000000000000056e-01 4.590371855494196907e-01
2.255000000000000060e-01 4.588304358711913777e-01
2.260000000000000064e-01 4.586233206891662806e-01
2.265000000000000069e-01 4.584158405824687588e-01
2.270000000000000073e-01 4.582079961310561722e-01
2.275000000000000078e-01 4.579997879157156615e-01
2.280000000000000082e-01 4.577912165180620940e-01
2.285000000000000087e-01 4.575822825205348998e-01
2.290000000000000091e-01 4.573729865063955180e-01
2.295000000000000095e-01 4.571633290597248989e-01
2.300000000000000100e-01 4.569533107654203397e-01
2.305000000000000104e-01 4.567429322091931532e-01
2.310000000000000109e-01 4.565321939775658922e-01
2.315000000000000113e-01 4.563210966578693517e-01
2.320000000000000118e-01 4.561096408382402378e-01
2.325000000000000122e-01 4.558978271076182254e-01
2.330000000000000127e-01 4.556856560557432378e-01
2.335000000000000131e-01 4.554731282731527275e-01
2.340000000000000135e-01 4.552602443511791219e-01
2.345000000000000140e-01 4.550470048819466040e-01
2.350000000000000144e-01 4.548334104583690030e-01
2.355000000000000149e-01 4.546194616741466854e-01
2.360000000000000153e-01 4.544051591237637244e-01
2.365000000000000158e-01 4.541905034024854571e-01
2.370000000000000162e-01 4.539754951063556532e-01
2.375000000000000167e-01 4.537601348321934069e-01
2.380000000000000171e-01 4.535444231775909718e-01
2.385000000000000175e-01 4.533283607409104854e-01
2.390000000000000180e-01 4.531119481212815825e-01
2.395000000000000184e-01 4.528951859185984530e-01
2.399999999999999911e-01 4.526780747335169552e-01
2.404999999999999916e-01 4.524606151674521737e-01
2.409999999999999920e-01 4.522428078225754211e-01
2.414999999999999925e-01 4.520246533018114632e-01
2.419999999999999929e-01 4.518061522088359094e-01
2.424999999999999933e-01 4.515873051480722156e-01
2.429999999999999938e-01 4.513681127246890745e-01
2.434999999999999942e-01 4.511485755445975854e-01
2.439999999999999947e-01 4.509286942144484778e-01
2.444999999999999951e-01 4.507084693416293364e-01
2.449999999999999956e-01 4.504879015342617143e-01
2.454999999999999960e-01 4.502669914011983021e-01
2.459999999999999964e-01 4.500457395520205406e-01
2.464999999999999969e-01 4.498241465970354569e-01
2.469999999999999973e-01 4.496022131472727223e-01
2.474999999999999978e-01 4.493799398144823209e-01
2.479999999999999982e-01 4.491573272111313297e-01
2.484999999999999987e-01 4.489343759504015874e-01
2.489999999999999991e-01 4.487110866461860859e-01
2.494999999999999996e-01 4.484874599130871942e-01
2.500000000000000000e-01 4.482634963664129391e-01
2.505000000000000004e-01 4.480391966221748401e-01
2.510000000000000009e-01 4.478145612970845790e-01
2.515000000000000013e-01 4.475895910085516682e-01
2.520000000000000018e-01 4.473642863746802312e-01
2.525000000000000022e-01 4.471386480142663933e-01
2.530000000000000027e-01 4.469126765467955065e-01
2.535000000000000031e-01 4.466863725924390405e-01
2.540000000000000036e-01 4.464597367720520293e-01
2.545000000000000040e-01 4.462327697071703514e-01
2.550000000000000044e-01 4.460054720200073430e-01
2.555000000000000049e-01 4.457778443334516338e-01
2.560000000000000053e-01 4.455498872710638714e-01
2.565000000000000058e-01 4.453216014570740011e-01
2.570000000000000062e-01 4.450929875163785465e-01
2.575000000000000067e-01 4.448640460745375558e-01
2.580000000000000071e-01 4.446347777577718818e-01
2.585000000000000075e-01 4.444051831929604623e-01
2.590000000000000080e-01 4.441752630076372110e-01
2.595000000000000084e-01 4.439450178299884087e-01
2.600000000000000089e-01 4.437144482888495389e-01
2.605000000000000093e-01 4.434835550137028459e-01
2.610000000000000098e-01 4.432523386346742256e-01
2.615000000000000102e-01 4.430207997825303390e-01
2.620000000000000107e-01 4.427889390886760035e-01
2.625000000000000111e-01 4.425567571851509729e-01
2.630000000000000115e-01 4.423242547046273843e-01
2.635000000000000120e-01 4.420914322804068153e-01
2.640000000000000124e-01 4.418582905464173427e-01
2.645000000000000129e-01 4.416248301372107110e-01
2.650000000000000133e-01 4.413910516879595569e-01
2.655000000000000138e-01 4.411569558344543562e-01
2.660000000000000142e-01 4.409225432131007594e-01
2.665000000000000147e-01 4.406878144609166492e-01
2.670000000000000151e-01 4.404527702155290880e-01
2.675000000000000155e-01 4.402174111151718194e-01
2.680000000000000160e-01 4.399817377986819378e-01
2.685000000000000164e-01 4.397457509054973901e-01
2.690000000000000169e-01 4.395094510756540340e-01
2.695000000000000173e-01 4.392728389497824182e-01
2.700000000000000178e-01 4.390359151691054507e-01
2.705000000000000182e-01 4.387986803754350129e-01
2.710000000000000187e-01 4.385611352111694061e-01
2.715000000000000191e-01 4.383232803192902982e-01
2.720000000000000195e-01 4.380851163433598927e-01
2.725000000000000200e-01 4.378466439275179867e-01
2.730000000000000204e-01 4.376078637164791951e-01
2.735000000000000209e-01 4.373687763555301200e-01
2.740000000000000213e-01 4.371293824905259640e-01
2.745000000000000218e-01 4.368896827678883654e-01
2.750000000000000222e-01 4.366496778346019569e-01
2.755000000000000226e-01 4.364093683382117006e-01
2.760000000000000231e-01 4.361687549268199460e-01
2.765000000000000235e-01 4.359278382490835990e-01
2.770000000000000240e-01 4.356866189542109580e-01
2.775000000000000244e-01 4.354450976919591598e-01
2.780000000000000249e-01 4.352032751126311272e-01
2.785000000000000253e-01 4.349611518670727373e-01
2.790000000000000258e-01 4.347187286066695466e-01
2.795000000000000262e-01 4.344760059833444599e-01
2.800000000000000266e-01 4.342329846495545653e-01
2.805000000000000271e-01 4.339896652582880265e-01
2.810000000000000275e-01 4.337460484630614177e-01
2.815000000000000280e-01 4.335021349179167816e-01
2.820000000000000284e-01 4.332579252774187983e-01
2.825000000000000289e-01 4.330134201966515661e-01
2.830000000000000293e-01 4.327686203312160473e-01
2.835000000000000298e-01 4.325235263372269046e-01
2.840000000000000302e-01 4.322781388713096695e-01
2.845000000000000306e-01 4.320324585905979675e-01
2.850000000000000311e-01 4.317864861527302978e-01
2.855000000000000315e-01 4.315402222158474799e-01
2.860000000000000320e-01 4.312936674385893787e-01
2.865000000000000324e-01 4.310468224800922399e-01
2.870000000000000329e-01 4.307996879999856366e-01
2.875000000000000333e-01 4.305522646583897495e-01
2.880000000000000338e-01 4.303045531159120363e-01
2.884999999999999787e-01 4.300565540336447889e-01
2.889999999999999791e-01 4.298082680731618588e-01
2.894999999999999796e-01 4.295596958965159362e-01
2.899999999999999800e-01 4.293108381662355533e-01
2.904999999999999805e-01 4.290616955453220860e-01
2.909999999999999809e-01 4.288122686972470343e-01
2.914999999999999813e-01 4.285625582859488580e-01
2.919999999999999818e-01 4.283125649758302567e-01
2.924999999999999822e-01 4.280622894317550053e-01
2.929999999999999827e-01 4.278117323190452348e-01
2.934999999999999831e-01 4.275608943034784892e-01
2.939999999999999836e-01 4.273097760512846732e-01
2.944999999999999840e-01 4.270583782291432762e-01
2.949999999999999845e-01 4.268067015041802081e-01
2.954999999999999849e-01 4.265547465439652464e-01
2.959999999999999853e-01 4.263025140165085380e-01
2.964999999999999858e-01 4.260500045902583244e-01
2.969999999999999862e-01 4.257972189340977209e-01
2.974999999999999867e-01 4.255441577173413314e-01
2.979999999999999871e-01 4.252908216097331939e-01
2.984999999999999876e-01 4.250372112814431724e-01
2.989999999999999880e-01 4.247833274030643480e-01
2.994999999999999885e-01 4.245291706456099101e-01
2.999999999999999889e-01 4.242747416805103255e-01
3.004999999999999893e-01 4.240200411796103408e-01
3.009999999999999898e-01 4.237650698151660955e-01
3.014999999999999902e-01 4.235098282598421804e-01
3.019999999999999907e-01 4.232543171867086951e-01
3.024999999999999911e-01 4.229985372692383061e-01
3.029999999999999916e-01 4.227424891813033048e-01
3.034999999999999920e-01 4.224861735971727761e-01
3.039999999999999925e-01 4.222295911915093236e-01
3.044999999999999929e-01 4.219727426393665715e-01
3.049999999999999933e-01 4.217156286161860557e-01
3.054999999999999938e-01 4.214582497977941711e-01
3.059999999999999942e-01 4.212006068603993403e-01
3.064999999999999947e-01 4.209427004805891270e-01
3.069999999999999951e-01 4.206845313353270721e-01
3.074999999999999956e-01 4.204261001019501398e-01
3.079999999999999960e-01 4.201674074581654983e-01
3.084999999999999964e-01 4.199084540820474665e-01
3.089999999999999969e-01 4.196492406520349605e-01
3.094999999999999973e-01 4.193897678469282742e-01
3.099999999999999978e-01 4.191300363458861922e-01
3.104999999999999982e-01 4.188700468284231593e-01
3.109999999999999987e-01 4.186097999744061160e-01
3.114999999999999991e-01 4.183492964640518896e-01
3.119999999999999996e-01 4.180885369779239191e-01
3.125000000000000000e-01 4.178275221969295350e-01
3.130000000000000004e-01 4.175662528023169617e-01
3.135000000000000009e-01 4.173047294756724312e-01
3.140000000000000013e-01 4.170429528989171297e-01
3.145000000000000018e-01 4.167809237543042555e-01
3.150000000000000022e-01 4.165186427244162437e-01
3.155000000000000027e-01 4.162561104921617683e-01
3.160000000000000031e-01 4.159933277407726893e-01
3.165000000000000036e-01 4.157302951538012770e-01
3.170000000000000040e-01 4.154670134151171035e-01
3.175000000000000044e-01 4.152034832089043781e-01
3.180000000000000049e-01 4.149397052196586166e-01
3.185000000000000053e-01 4.146756801321841990e-01
3.190000000000000058e-01 4.144114086315908718e-01
3.195000000000000062e-01 4.141468914032913062e-01
3.200000000000000067e-01 4.138821291329979335e-01
3.205000000000000071e-01 4.136171225067200585e-01
3.210000000000000075e-01 4.133518722107607513e-01
3.215000000000000080e-01 4.130863789317143486e-01
3.220000000000000084e-01 4.128206433564630129e-01
3.225000000000000089e-01 4.125546661721742336e-01
3.230000000000000093e-01 4.122884480662975526e-01
3.235000000000000098e-01 4.120219897265617881e-01
3.240000000000000102e-01 4.117552918409722040e-01
3.245000000000000107e-01 4.114883550978074012e-01
3.250000000000000111e-01 4.112211801856163751e-01
3.255000000000000115e-01 4.109537677932159072e-01
3.260000000000000120e-01 4.106861186096871785e-01
3.265000000000000124e-01 4.104182333243731606e-01
3.270000000000000129e-01 4.101501126268756181e-01
3.275000000000000133e-01 4.098817572070521109e-01
3.280000000000000138e-01 4.096131677550130523e-01
3.285000000000000142e-01 4.093443449611190443e-01
3.290000000000000147e-01 4.090752895159775471e-01
3.295000000000000151e-01 4.088060021104403252e-01
3.300000000000000155e-01 4.085364834356002284e-01
3.305000000000000160e-01 4.082667341827885266e-01
3.310000000000000164e-01 4.079967550435716905e-01
3.315000000000000169e-01 4.077265467097489493e-01
3.320000000000000173e-01 4.074561098733487929e-01
3.325000000000000178e-01 4.071854452266263635e-01
3.330000000000000182e-01 4.069145534620606242e-01
3.335000000000000187e-01 4.066434352723513057e-01
3.340000000000000191e-01 4.063720913504157983e-01
3.345000000000000195e-01 4.061005223893868199e-01
3.350000000000000200e-01 4.058287290826086968e-01
3.355000000000000204e-01 4.055567121236351991e-01
3.360000000000000209e-01 4.052844722062262095e-01
3.365000000000000213e-01 4.050120100243447263e-01
3.370000000000000218e-01 4.047393262721543095e-01
3.375000000000000222e-01 4.044664216440161386e-01
3.380000000000000226e-01 4.041932968344856270e-01
3.385000000000000231e-01 4.039199525383099787e-01
3.390000000000000235e-01 4.036463894504252470e-01
3.395000000000000240e-01 4.033726082659531698e-01
3.400000000000000244e-01 4.030986096801984497e-01
3.405000000000000249e-01 4.028243943886460343e-01
3.410000000000000253e-01 4.025499630869576739e-01
3.415000000000000258e-01 4.022753164709695906e-01
3.420000000000000262e-01 4.020004552366890915e-01
3.425000000000000266e-01 4.017253800802921826e-01
3.430000000000000271e-01 4.014500916981201817e-01
3.435000000000000275e-01 4.011745907866771654e-01
3.440000000000000280e-01 4.008988780426268606e-01
3.445000000000000284e-01 4.006229541627899238e-01
3.450000000000000289e-01 4.003468198441407222e-01
3.455000000000000293e-01 4.000704757838050574e-01
3.460000000000000298e-01 3.997939226790565570e-01
3.465000000000000302e-01 3.995171612273141770e-01
3.470000000000000306e-01 3.992401921261393705e-01
3.475000000000000311e-01 3.989630160732329789e-01
3.480000000000000315e-01 3.986856337664325678e-01
3.485000000000000320e-01 3.984080459037092070e-01
3.490000000000000324e-01 3.981302531831649727e-01
3.495000000000000329e-01 3.978522563030298942e-01
3.500000000000000333e-01 3.975740559616589009e-01
3.505000000000000338e-01 3.972956528575293245e-01
3.510000000000000342e-01 3.970170476892377343e-01
3.515000000000000346e-01 3.967382411554971067e-01
3.519999999999999796e-01 3.964592339551339939e-01
3.524999999999999800e-01 3.961800267870855818e-01
3.529999999999999805e-01 3.959006203503968591e-01
3.534999999999999809e-01 3.956210153442179522e-01
3.539999999999999813e-01 3.953412124678009620e-01
3.544999999999999818e-01 3.950612124204969100e-01
3.549999999999999822e-01 3.947810159017536291e-01
3.554999999999999827e-01 3.945006236111120446e-01
3.559999999999999831e-01 3.942200362482040088e-01
3.564999999999999836e-01 3.939392545127488043e-01
3.569999999999999840e-01 3.936582791045508123e-01
3.574999999999999845e-01 3.933771107234963482e-01
3.579999999999999849e-01 3.930957500695509421e-01
3.584999999999999853e-01 3.928141978427564518e-01
3.589999999999999858e-01 3.925324547432281763e-01
3.594999999999999862e-01 3.922505214711519139e-01
3.599999999999999867e-01 3.919683987267815195e-01
3.604999999999999871e-01 3.916860872104354074e-01
3.609999999999999876e-01 3.914035876224943311e-01
3.614999999999999880e-01 3.911209006633980523e-01
3.619999999999999885e-01 3.908380270336429541e-01
3.624999999999999889e-01 3.905549674337785993e-01
3.629999999999999893e-01 3.902717225644055654e-01
3.634999999999999898e-01 3.899882931261722252e-01
3.639999999999999902e-01 3.897046798197718043e-01
3.644999999999999907e-01 3.894208833459399388e-01
3.649999999999999911e-01 3.891369044054513449e-01
3.654999999999999916e-01 3.888527436991175423e-01
3.659999999999999920e-01 3.885684019277835799e-01
3.664999999999999925e-01 3.882838797923254259e-01
3.669999999999999929e-01 3.879991779936470819e-01
3.674999999999999933e-01 3.877142972326777515e-01
3.679999999999999938e-01 3.874292382103690646e-01
3.684999999999999942e-01 3.871440016276920804e-01
3.689999999999999947e-01 3.868585881856349551e-01
3.694999999999999951e-01 3.865729985851994455e-01
3.699999999999999956e-01 3.862872335273986324e-01
3.704999999999999960e-01 3.860012937132538124e-01
3.709999999999999964e-01 3.857151798437918333e-01
3.714999999999999969e-01 3.854288926200423182e-01
3.719999999999999973e-01 3.851424327430346684e-01
3.724999999999999978e-01 3.848558009137954539e-01
3.729999999999999982e-01 3.845689978333454717e-01
3.734999999999999987e-01 3.842820242026971922e-01
3.739999999999999991e-01 3.839948807228514838e-01
3.744999999999999996e-01 3.837075680947955036e-01
3.750000000000000000e-01 3.834200870194990896e-01
3.755000000000000004e-01 3.831324381979127613e-01
3.760000000000000009e-01 3.828446223309644458e-01
3.765000000000000013e-01 3.825566401195567567e-01
3.770000000000000018e-01 3.822684922645643302e-01
3.775000000000000022e-01 3.819801794668309936e-01
3.780000000000000027e-01 3.816917024271669345e-01
3.785000000000000031e-01 3.814030618463460365e-01
3.790000000000000036e-01 3.811142584251029919e-01
3.795000000000000040e-01 3.808252928641305823e-01
3.800000000000000044e-01 3.805361658640768474e-01
3.805000000000000049e-01 3.802468781255425312e-01
3.810000000000000053e-01 3.799574303490779736e-01
3.815000000000000058e-01 3.796678232351805571e-01
3.820000000000000062e-01 3.793780574842920972e-01
3.825000000000000067e-01 3.790881337967956233e-01
3.830000000000000071e-01 3.787980528730131580e-01
3.835000000000000075e-01 3.785078154132024975e-01
3.840000000000000080e-01 3.782174221175548801e-01
3.845000000000000084e-01 3.779268736861919331e-01
3.850000000000000089e-01 3.776361708191630084e-01
3.855000000000000093e-01 3.773453142164424623e-01
3.860000000000000098e-01 3.770543045779269353e-01
3.865000000000000102e-01 3.767631426034325215e-01
3.870000000000000107e-01 3.764718289926921591e-01
3.875000000000000111e-01 3.761803644453528550e-01
3.880000000000000115e-01 3.758887496609729095e-01
3.885000000000000120e-01 3.755969853390191959e-01
3.890000000000000124e-01 3.753050721788643851e-01
3.895000000000000129e-01 3.750130108797843920e-01
3.900000000000000133e-01 3.747208021409555445e-01
3.905000000000000138e-01 3.744284466614518636e-01
3.910000000000000142e-01 3.741359451402422875e-01
3.915000000000000147e-01 3.738432982761880630e-01
3.920000000000000151e-01 3.735505067680399693e-01
3.925000000000000155e-01 3.732575713144358764e-01
3.930000000000000160e-01 3.729644926138973582e-01
3.935000000000000164e-01 3.726712713648278608e-01
3.940000000000000169e-01 3.723779082655093164e-01
3.945000000000000173e-01 3.720844040140998121e-01
3.950000000000000178e-01 3.717907593086308138e-01
3.955000000000000182e-01 3.714969748470043909e-01
3.960000000000000187e-01 3.712030513269906629e-01
3.965000000000000191e-01 3.709089894462248571e-01
3.970000000000000195e-01 3.706147899022050329e-01
3.975000000000000200e-01 3.703204533922891395e-01
3.980000000000000204e-01 3.700259806136923513e-01
3.985000000000000209e-01 3.697313722634842925e-01
3.990000000000000213e-01 3.694366290385866503e-01
3.995000000000000218e-01 3.691417516357702877e-01
4.000000000000000222e-01 3.688467407516525798e-01
4.005000000000000226e-01 3.685515970826950816e-01
4.010000000000000231e-01 3.682563213252003087e-01
4.015000000000000235e-01 3.679609141753093504e-01
4.020000000000000240e-01 3.676653763289994825e-01
4.025000000000000244e-01 3.673697084820811143e-01
4.030000000000000249e-01 3.670739113301951795e-01
4.035000000000000253e-01 3.667779855688109159e-01
4.040000000000000258e-01 3.664819318932225900e-01
4.045000000000000262e-01 3.661857509985473880e-01
4.050000000000000266e-01 3.658894435797224176e-01
4.055000000000000271e-01 3.655930103315024327e-01
4.060000000000000275e-01 3.652964519484567796e-01
4.065000000000000280e-01 3.649997691249670662e-01
4.070000000000000284e-01 3.647029625552246079e-01
4.075000000000000289e-01 3.644060329332274306e-01
4.080000000000000293e-01 3.641089809527780496e-01
4.085000000000000298e-01 3.638118073074805836e-01
4.090000000000000302e-01 3.635145126907383117e-01
4.095000000000000306e-01 3.632170977957509539e-01
4.100000000000000311e-01 3.629195633155121170e-01
4.105000000000000315e-01 3.626219099428067416e-01
4.110000000000000320e-01 3.623241383702083818e-01
4.115000000000000324e-01 3.620262492900768181e-01
4.120000000000000329e-01 3.617282433945550046e-01
4.125000000000000333e-01 3.614301213755671260e-01
4.130000000000000338e-01 3.611318839248155443e-01
4.135000000000000342e-01 3.608335317337783565e-01
4.140000000000000346e-01 3.605350654937068966e-01
4.145000000000000351e-01 3.602364858956229043e-01
4.150000000000000355e-01 3.599377936303163605e-01
4.155000000000000360e-01 3.596389893883423783e-01
4.160000000000000364e-01 3.593400738600191491e-01
4.164999999999999813e-01 3.590410477354252783e-01
4.169999999999999818e-01 3.587419117043967876e-01
4.174999999999999822e-01 3.584426664565250054e-01
4.179999999999999827e-01 3.581433126811542356e-01
4.184999999999999831e-01 3.578438510673783157e-01
4.189999999999999836e-01 3.575442823040389517e-01
4.194999999999999840e-01 3.572446070797228312e-01
4.199999999999999845e-01 3.569448260827590702e-01
4.204999999999999849e-01 3.566449400012165483e-01
4.209999999999999853e-01 3.563449495229017439e-01
4.214999999999999858e-01 3.560448553353559586e-01
4.219999999999999862e-01 3.557446581258527085e-01
4.224999999999999867e-01 3.554443585813953921e-01
4.229999999999999871e-01 3.551439573887146817e-01
4.234999999999999876e-01 3.548434552342660253e-01
4.239999999999999880e-01 3.545428528042271488e-01
4.244999999999999885e-01 3.542421507844956130e-01
4.249999999999999889e-01 3.539413498606859831e-01
4.254999999999999893e-01 3.536404507181277745e-01
4.259999999999999898e-01 3.533394540418627328e-01
4.264999999999999902e-01 3.530383605166422800e-01
4.269999999999999907e-01 3.527371708269252393e-01
4.274999999999999911e-01 3.524358856568749476e-01
4.279999999999999916e-01 3.521345056903573689e-01
4.284999999999999920e-01 3.518330316109380407e-01
4.289999999999999925e-01 3.515314641018798536e-01
4.294999999999999929e-01 3.512298038461406646e-01
4.299999999999999933e-01 3.509280515263707434e-01
4.304999999999999938e-01 3.506262078249101077e-01
4.309999999999999942e-01 3.503242734237864142e-01
4.314999999999999947e-01 3.500222490047122936e-01
4.319999999999999951e-01 3.497201352490828530e-01
4.324999999999999956e-01 3.494179328379733440e-01
4.329999999999999960e-01 3.491156424521368318e-01
4.334999999999999964e-01 3.488132647720013080e-01
4.339999999999999969e-01 3.485108004776676927e-01
4.344999999999999973e-01 3.482082502489072806e-01
4.349999999999999978e-01 3.479056147651591879e-01
4.354999999999999982e-01 3.476028947055281315e-01
4.359999999999999987e-01 3.473000907487817090e-01
4.364999999999999991e-01 3.469972035733482341e-01
4.369999999999999996e-01 3.466942338573142379e-01
4.375000000000000000e-01 3.463911822784221384e-01
4.380000000000000004e-01 3.460880495140675750e-01
4.385000000000000009e-01 3.457848362412973553e-01
4.390000000000000013e-01 3.454815431368066236e-01
4.395000000000000018e-01 3.451781708769370849e-01
4.400000000000000022e-01 3.448747201376737848e-01
4.405000000000000027e-01 3.445711915946436110e-01
4.410000000000000031e-01 3.442675859231121849e-01
4.415000000000000036e-01 3.439639037979819181e-01
4.420000000000000040e-01 3.436601458937893483e-01
4.425000000000000044e-01 3.433563128847029189e-01
4.430000000000000049e-01 3.430524054445207582e-01
4.435000000000000053e-01 3.427484242466679043e-01
4.440000000000000058e-01 3.424443699641943617e-01
4.445000000000000062e-01 3.421402432697724372e-01
4.450000000000000067e-01 3.418360448356946302e-01
4.455000000000000071e-01 3.415317753338710238e-01
4.460000000000000075e-01 3.412274354358271755e-01
4.465000000000000080e-01 3.409230258127016189e-01
4.470000000000000084e-01 3.406185471352436434e-01
4.475000000000000089e-01 3.403140000738108517e-01
4.480000000000000093e-01 3.400093852983668286e-01
4.485000000000000098e-01 3.397047034784790309e-01
4.490000000000000102e-01 3.393999552833160127e-01
4.495000000000000107e-01 3.390951413816457038e-01
4.500000000000000111e-01 3.387902624418325792e-01
4.505000000000000115e-01 3.384853191318356047e-01
4.510000000000000120e-01 3.381803121192058503e-01
4.515000000000000124e-01 3.378752420710842141e-01
4.520000000000000129e-01 3.375701096541992574e-01
4.525000000000000133e-01 3.372649155348646510e-01
4.530000000000000138e-01 3.369596603789770106e-01
4.535000000000000142e-01 3.366543448520135651e-01
4.540000000000000147e-01 3.363489696190301581e-01
4.545000000000000151e-01 3.360435353446584728e-01
4.550000000000000155e-01 3.357380426931041995e-01
4.555000000000000160e-01 3.354324923281444826e-01
4.560000000000000164e-01 3.351268849131258110e-01
4.565000000000000169e-01 3.348212211109616865e-01
4.570000000000000173e-01 3.345155015841305146e-01
4.575000000000000178e-01 3.342097269946731064e-01
4.580000000000000182e-01 3.339038980041904581e-01
4.585000000000000187e-01 3.335980152738419191e-01
4.590000000000000191e-01 3.332920794643423612e-01
4.595000000000000195e-01 3.329860912359602354e-01
4.600000000000000200e-01 3.326800512485156291e-01
4.605000000000000204e-01 3.323739601613772687e-01
4.610000000000000209e-01 3.320678186334611870e-01
4.615000000000000213e-01 3.317616273232278923e-01
4.620000000000000218e-01 3.314553868886803700e-01
4.625000000000000222e-01 3.311490979873618623e-01
4.630000000000000226e-01 3.308427612763535919e-01
4.635000000000000231e-01 3.305363774122728193e-01
4.640000000000000235e-01 3.302299470512702895e-01
4.645000000000000240e-01 3.299234708490281220e-01
4.650000000000000244e-01 3.296169494607579242e-01
4.655000000000000249e-01 3.293103835411982927e-01
4.660000000000000253e-01 3.290037737446127042e-01
4.665000000000000258e-01 3.286971207247873505e-01
4.670000000000000262e-01 3.283904251350289738e-01
4.675000000000000266e-01 3.280836876281629788e-01
4.680000000000000271e-01 3.277769088565306577e-01
4.685000000000000275e-01 3.274700894719875244e-01
4.690000000000000280e-01 3.271632301259010389e-01
4.695000000000000284e-01 3.268563314691484978e-01
4.700000000000000289e-01 3.265493941521147025e-01
4.705000000000000293e-01 3.262424188246900170e-01
4.710000000000000298e-01 3.259354061362682020e-01
4.715000000000000302e-01 3.256283567357443065e-01
4.720000000000000306e-01 3.253212712715122801e-01
4.725000000000000311e-01 3.250141503914633079e-01
4.730000000000000315e-01 3.247069947429833126e-01
4.735000000000000320e-01 3.243998049729510669e-01
4.740000000000000324e-01 3.240925817277359178e-01
4.745000000000000329e-01 3.237853256531957880e-01
4.750000000000000333e-01 3.234780373946751220e-01
4.755000000000000338e-01 3.231707175970027213e-01
4.760000000000000342e-01 3.228633669044895238e-01
4.765000000000000346e-01 3.225559859609267721e-01
4.770000000000000351e-01 3.222485754095839039e-01
4.775000000000000355e-01 3.219411358932062761e-01
4.780000000000000360e-01 3.216336680540131110e-01
4.785000000000000364e-01 3.213261725336958308e-01
4.790000000000000369e-01 3.210186499734153931e-01
4.795000000000000373e-01 3.207111010138007923e-01
4.799999999999999822e-01 3.204035262949465612e-01
4.804999999999999827e-01 3.200959264564110507e-01
4.809999999999999831e-01 3.197883021372140977e-01
4.814999999999999836e-01 3.194806539758353048e-01
4.819999999999999840e-01 3.191729826102117085e-01
4.824999999999999845e-01 3.188652886777360584e-01
4.829999999999999849e-01 3.185575728152544861e-01
4.834999999999999853e-01 3.182498356590645616e-01
4.839999999999999858e-01 3.179420778449135732e-01
4.844999999999999862e-01 3.176343000079961398e-01
4.849999999999999867e-01 3.173265027829522134e-01
4.854999999999999871e-01 3.170186868038654127e-01
4.859999999999999876e-01 3.167108527042608035e-01
4.864999999999999880e-01 3.164030011171029000e-01
4.869999999999999885e-01 3.160951326747936108e-01
4.874999999999999889e-01 3.157872480091706291e-01
4.879999999999999893e-01 3.154793477515048239e-01
4.884999999999999898e-01 3.151714325324989074e-01
4.889999999999999902e-01 3.148635029822851594e-01
4.894999999999999907e-01 3.145555597304232620e-01
4.899999999999999911e-01 3.142476034058989121e-01
4.904999999999999916e-01 3.139396346371212121e-01
4.909999999999999920e-01 3.136316540519213381e-01
4.914999999999999925e-01 3.133236622775499858e-01
4.919999999999999929e-01 3.130156599406759832e-01
4.924999999999999933e-01 3.127076476673841254e-01
4.929999999999999938e-01 3.123996260831729543e-01
4.934999999999999942e-01 3.120915958129535372e-01
4.939999999999999947e-01 3.117835574810466914e-01
4.944999999999999951e-01 3.114755117111819294e-01
4.949999999999999956e-01 3.111674591264947942e-01
4.954999999999999960e-01 3.108594003495254166e-01
4.959999999999999964e-01 3.105513360022165159e-01
4.964999999999999969e-01 3.102432667059114024e-01
4.969999999999999973e-01 3.099351930813522005e-01
4.974999999999999978e-01 3.096271157486779058e-01
4.979999999999999982e-01 3.093190353274226645e-01
4.984999999999999987e-01 3.090109524365133864e-01
4.989999999999999991e-01 3.087028676942687455e-01
4.994999999999999996e-01 3.083947817183963491e-01
5.000000000000000000e-01 3.080866951259915165e-01
5.005000000000000560e-01 3.077786085335353916e-01
5.010000000000000009e-01 3.074705225568928335e-01
5.015000000000000568e-01 3.071624378113104736e-01
5.020000000000000018e-01 3.068543549114154945e-01
5.025000000000000577e-01 3.065462744712129650e-01
5.030000000000000027e-01 3.062381971040848416e-01
5.035000000000000586e-01 3.059301234227873034e-01
5.040000000000000036e-01 3.056220540394496976e-01
5.045000000000000595e-01 3.053139895655720970e-01
5.050000000000000044e-01 3.050059306120241898e-01
5.055000000000000604e-01 3.046978777890424483e-01
5.060000000000000053e-01 3.043898317062296299e-01
5.065000000000000613e-01 3.040817929725515567e-01
5.070000000000000062e-01 3.037737621963367274e-01
5.075000000000000622e-01 3.034657399852734305e-01
5.080000000000000071e-01 3.031577269464084678e-01
5.085000000000000631e-01 3.028497236861454334e-01
5.090000000000000080e-01 3.025417308102426595e-01
5.095000000000000639e-01 3.022337489238116071e-01
5.100000000000000089e-01 3.019257786313153114e-01
5.105000000000000648e-01 3.016178205365659393e-01
5.110000000000000098e-01 3.013098752427241789e-01
5.115000000000000657e-01 3.010019433522961307e-01
5.120000000000000107e-01 3.006940254671328638e-01
5.124999999999999556e-01 3.003861221884276400e-01
5.130000000000000115e-01 3.000782341167146372e-01
5.134999999999999565e-01 2.997703618518676172e-01
5.140000000000000124e-01 2.994625059930973165e-01
5.144999999999999574e-01 2.991546671389504475e-01
5.150000000000000133e-01 2.988468458873077549e-01
5.154999999999999583e-01 2.985390428353821846e-01
5.160000000000000142e-01 2.982312585797173288e-01
5.164999999999999591e-01 2.979234937161858165e-01
5.170000000000000151e-01 2.976157488399873152e-01
5.174999999999999600e-01 2.973080245456472537e-01
5.180000000000000160e-01 2.970003214270147129e-01
5.184999999999999609e-01 2.966926400772611494e-01
5.190000000000000169e-01 2.963849810888783409e-01
5.194999999999999618e-01 2.960773450536772211e-01
5.200000000000000178e-01 2.957697325627854923e-01
5.204999999999999627e-01 2.954621442066467929e-01
5.210000000000000187e-01 2.951545805750184770e-01
5.214999999999999636e-01 2.948470422569702265e-01
5.220000000000000195e-01 2.945395298408821638e-01
5.224999999999999645e-01 2.942320439144435751e-01
5.230000000000000204e-01 2.939245850646508562e-01
5.234999999999999654e-01 2.936171538778065138e-01
5.240000000000000213e-01 2.933097509395167224e-01
5.244999999999999662e-01 2.930023768346904922e-01
5.250000000000000222e-01 2.926950321475374484e-01
5.254999999999999671e-01 2.923877174615667207e-01
5.260000000000000231e-01 2.920804333595849456e-01
5.264999999999999680e-01 2.917731804236949333e-01
5.270000000000000240e-01 2.914659592352940032e-01
5.274999999999999689e-01 2.911587703750723177e-01
5.280000000000000249e-01 2.908516144230114953e-01
5.284999999999999698e-01 2.905444919583828889e-01
5.290000000000000258e-01 2.902374035597458657e-01
5.294999999999999707e-01 2.899303498049467520e-01
5.300000000000000266e-01 2.896233312711167240e-01
5.304999999999999716e-01 2.893163485346706976e-01
5.310000000000000275e-01 2.890094021713052741e-01
5.314999999999999725e-01 2.887024927559979082e-01
5.320000000000000284e-01 2.883956208630044094e-01
5.324999999999999734e-01 2.880887870658586647e-01
5.330000000000000293e-01 2.877819919373697521e-01
5.334999999999999742e-01 2.874752360496216630e-01
5.340000000000000302e-01 2.871685199739706928e-01
5.344999999999999751e-01 2.868618442810449420e-01
5.350000000000000311e-01 2.865552095407419286e-01
5.354999999999999760e-01 2.862486163222276447e-01
5.360000000000000320e-01 2.859420651939348912e-01
5.364999999999999769e-01 2.856355567235620008e-01
5.370000000000000329e-01 2.853290914780706178e-01
5.374999999999999778e-01 2.850226700236854205e-01
5.380000000000000338e-01 2.847162929258915121e-01
5.384999999999999787e-01 2.844099607494335324e-01
5.390000000000000346e-01 2.841036740583142706e-01
5.394999999999999796e-01 2.837974334157928324e-01
5.400000000000000355e-01 2.834912393843834200e-01
5.404999999999999805e-01 2.831850925258539431e-01
5.410000000000000364e-01 2.828789934012244101e-01
5.414999999999999813e-01 2.825729425707656506e-01
5.420000000000000373e-01 2.822669405939975951e-01
5.424999999999999822e-01 2.819609880296883309e-01
5.430000000000000382e-01 2.816550854358522704e-01
5.434999999999999831e-01 2.813492333697488745e-01
5.440000000000000391e-01 2.810434323878812646e-01
5.444999999999999840e-01 2.807376830459948347e-01
5.450000000000000400e-01 2.804319858990758085e-01
5.454999999999999849e-01 2.801263415013498514e-01
5.460000000000000409e-01 2.798207504062806272e-01
5.464999999999999858e-01 2.795152131665686879e-01
5.470000000000000417e-01 2.792097303341495307e-01
5.474999999999999867e-01 2.789043024601929321e-01
5.480000000000000426e-01 2.785989300951010050e-01
5.484999999999999876e-01 2.782936137885073657e-01
5.490000000000000435e-01 2.779883540892749694e-01
5.494999999999999885e-01 2.776831515454958321e-01
5.500000000000000444e-01 2.773780067044886999e-01
5.504999999999999893e-01 2.770729201127983266e-01
5.510000000000000453e-01 2.767678923161939752e-01
5.514999999999999902e-01 2.764629238596679750e-01
5.520000000000000462e-01 2.761580152874344440e-01
5.524999999999999911e-01 2.758531671429281795e-01
5.530000000000000471e-01 2.755483799688029367e-01
5.534999999999999920e-01 2.752436543069306518e-01
5.540000000000000480e-01 2.749389906983994436e-01
5.544999999999999929e-01 2.746343896835132248e-01
5.550000000000000488e-01 2.743298518017895371e-01
5.554999999999999938e-01 2.740253775919587187e-01
5.560000000000000497e-01 2.737209675919625163e-01
5.564999999999999947e-01 2.734166223389530859e-01
5.570000000000000506e-01 2.731123423692910501e-01
5.574999999999999956e-01 2.728081282185449430e-01
5.580000000000000515e-01 2.725039804214895445e-01
5.584999999999999964e-01 2.721998995121048814e-01
5.590000000000000524e-01 2.718958860235746178e-01
5.594999999999999973e-01 2.715919404882852772e-01
5.600000000000000533e-01 2.712880634378245226e-01
5.604999999999999982e-01 2.709842554029804340e-01
5.610000000000000542e-01 2.706805169137397327e-01
5.614999999999999991e-01 2.703768484992870591e-01
5.620000000000000551e-01 2.700732506880033079e-01
5.625000000000000000e-01 2.697697240074649061e-01
5.630000000000000560e-01 2.694662689844422032e-01
5.635000000000000009e-01 2.691628861448983612e-01
5.640000000000000568e-01 2.688595760139883550e-01
5.645000000000000018e-01 2.685563391160575852e-01
5.650000000000000577e-01 2.682531759746406008e-01
5.655000000000000027e-01 2.679500871124604333e-01
5.660000000000000586e-01 2.676470730514265428e-01
5.665000000000000036e-01 2.673441343126346514e-01
5.670000000000000595e-01 2.670412714163647450e-01
5.675000000000000044e-01 2.667384848820806842e-01
5.680000000000000604e-01 2.664357752284280401e-01
5.685000000000000053e-01 2.661331429732341491e-01
5.690000000000000613e-01 2.658305886335057822e-01
5.695000000000000062e-01 2.655281127254292550e-01
5.700000000000000622e-01 2.652257157643680419e-01
5.705000000000000071e-01 2.649233982648626085e-01
5.710000000000000631e-01 2.646211607406287469e-01
5.715000000000000080e-01 2.643190037045566876e-01
5.720000000000000639e-01 2.640169276687100441e-01
5.725000000000000089e-01 2.637149331443245370e-01
5.730000000000000648e-01 2.634130206418068831e-01
5.735000000000000098e-01 2.631111906707339632e-01
5.740000000000000657e-01 2.628094437398514893e-01
5.745000000000000107e-01 2.625077803570730617e-01
5.750000000000000666e-01 2.622062010294787249e-01
5.755000000000000115e-01 2.619047062633146905e-01
5.760000000000000675e-01 2.616032965639914498e-01
5.765000000000000124e-01 2.613019724360831630e-01
5.769999999999999574e-01 2.610007343833264382e-01
5.775000000000000133e-01 2.606995829086192762e-01
5.779999999999999583e-01 2.603985185140202940e-01
5.785000000000000142e-01 2.600975417007472812e-01
5.789999999999999591e-01 2.597966529691764226e-01
5.795000000000000151e-01 2.594958528188412439e-01
5.799999999999999600e-01 2.591951417484315567e-01
5.805000000000000160e-01 2.588945202557923486e-01
5.809999999999999609e-01 2.585939888379230056e-01
5.815000000000000169e-01 2.582935479909759247e-01
5.819999999999999618e-01 2.579931982102561805e-01
5.825000000000000178e-01 2.576929399902196383e-01
5.829999999999999627e-01 2.573927738244727315e-01
5.835000000000000187e-01 2.570927002057709632e-01
5.839999999999999636e-01 2.567927196260184064e-01
5.845000000000000195e-01 2.564928325762660943e-01
5.849999999999999645e-01 2.561930395467119093e-01
5.855000000000000204e-01 2.558933410266985842e-01
5.859999999999999654e-01 2.555937375047138138e-01
5.865000000000000213e-01 2.552942294683883673e-01
5.869999999999999662e-01 2.549948174044958105e-01
5.875000000000000222e-01 2.546955017989511183e-01
5.879999999999999671e-01 2.543962831368102306e-01
5.885000000000000231e-01 2.540971619022683869e-01
5.889999999999999680e-01 2.537981385786600708e-01
5.895000000000000240e-01 2.534992136484573444e-01
5.899999999999999689e-01 2.532003875932694603e-01
5.905000000000000249e-01 2.529016608938415289e-01
5.909999999999999698e-01 2.526030340300541299e-01
5.915000000000000258e-01 2.523045074809216470e-01
5.919999999999999707e-01 2.520060817245923790e-01
5.925000000000000266e-01 2.517077572383466522e-01
5.929999999999999716e-01 2.514095344985967651e-01
5.935000000000000275e-01 2.511114139808853229e-01
5.939999999999999725e-01 2.508133961598852379e-01
5.945000000000000284e-01 2.505154815093980636e-01
5.949999999999999734e-01 2.502176705023537728e-01
5.955000000000000293e-01 2.499199636108093148e-01
5.959999999999999742e-01 2.496223613059483093e-01
5.965000000000000302e-01 2.493248640580797704e-01
5.969999999999999751e-01 2.490274723366377174e-01
5.975000000000000311e-01 2.487301866101797321e-01
5.979999999999999760e-01 2.484330073463867639e-01
5.985000000000000320e-01 2.481359350120618257e-01
5.989999999999999769e-01 2.478389700731295775e-01
5.995000000000000329e-01 2.475421129946350496e-01
5.999999999999999778e-01 2.472453642407433372e-01
6.005000000000000338e-01 2.469487242747383238e-01
6.009999999999999787e-01 2.466521935590224035e-01
6.015000000000000346e-01 2.463557725551151489e-01
6.019999999999999796e-01 2.460594617236530057e-01
6.025000000000000355e-01 2.457632615243879048e-01
6.029999999999999805e-01 2.454671724161874014e-01
6.035000000000000364e-01 2.451711948570328981e-01
6.039999999999999813e-01 2.448753293040197565e-01
6.045000000000000373e-01 2.445795762133557982e-01
6.049999999999999822e-01 2.442839360403611104e-01
6.055000000000000382e-01 2.439884092394670190e-01
6.059999999999999831e-01 2.436929962642154501e-01
6.065000000000000391e-01 2.433976975672580145e-01
6.069999999999999840e-01 2.431025136003556741e-01
6.075000000000000400e-01 2.428074448143774100e-01
6.079999999999999849e-01 2.425124916593001945e-01
6.085000000000000409e-01 2.422176545842076867e-01
6.089999999999999858e-01 2.419229340372898718e-01
6.095000000000000417e-01 2.416283304658421449e-01
6.099999999999999867e-01 2.413338443162649782e-01
6.105000000000000426e-01 2.410394760340625331e-01
6.109999999999999876e-01 2.407452260638429098e-01
6.115000000000000435e-01 2.404510948493164268e-01
6.119999999999999885e-01 2.401570828332959817e-01
6.125000000000000444e-01 2.398631904576953855e-01
6.129999999999999893e-01 2.395694181635295850e-01
6.135000000000000453e-01 2.392757663909133026e-01
6.139999999999999902e-01 2.389822355790608421e-01
6.145000000000000462e-01 2.386888261662852007e-01
6.149999999999999911e-01 2.383955385899974855e-01
6.155000000000000471e-01 2.381023732867061649e-01
6.159999999999999920e-01 2.378093306920167904e-01
6.165000000000000480e-01 2.375164112406308592e-01
6.169999999999999929e-01 2.372236153663456748e-01
6.175000000000000488e-01 2.369309435020531818e-01
6.179999999999999938e-01 2.366383960797400765e-01
6.185000000000000497e-01 2.363459735304863640e-01
6.189999999999999947e-01 2.360536762844655800e-01
6.195000000000000506e-01 2.357615047709433753e-01
6.199999999999999956e-01 2.354694594182776823e-01
6.205000000000000515e-01 2.351775406539175772e-01
6.209999999999999964e-01 2.348857489044030300e-01
6.215000000000000524e-01 2.345940845953640441e-01
6.219999999999999973e-01 2.343025481515204067e-01
6.225000000000000533e-01 2.340111399966807726e-01
6.229999999999999982e-01 2.337198605537424423e-01
6.235000000000000542e-01 2.334287102446904738e-01
6.239999999999999991e-01 2.331376894905975161e-01
6.245000000000000551e-01 2.328467987116228100e-01
6.250000000000000000e-01 2.325560383270121045e-01
6.255000000000000560e-01 2.322654087550966584e-01
6.260000000000000009e-01 2.319749104132932116e-01
6.265000000000000568e-01 2.316845437181029310e-01
6.270000000000000018e-01 2.313943090851114381e-01
6.275000000000000577e-01 2.311042069289877543e-01
6.280000000000000027e-01 2.308142376634842452e-01
6.285000000000000586e-01 2.305244017014357605e-01
6.290000000000000036e-01 2.302346994547594949e-01
6.295000000000000595e-01 2.299451313344540448e-01
6.300000000000000044e-01 2.296556977505994357e-01
6.305000000000000604e-01 2.293663991123561507e-01
6.310000000000000053e-01 2.290772358279650200e-01
6.315000000000000613e-01 2.287882083047464432e-01
6.320000000000000062e-01 2.284993169491003062e-01
6.325000000000000622e-01 2.282105621665050654e-01
6.330000000000000071e-01 2.279219443615176921e-01
6.335000000000000631e-01 2.276334639377728675e-01
6.340000000000000080e-01 2.273451212979829550e-01
6.345000000000000639e-01 2.270569168439370566e-01
6.350000000000000089e-01 2.267688509765010407e-01
6.355000000000000648e-01 2.264809240956166814e-01
6.360000000000000098e-01 2.261931366003017418e-01
6.365000000000000657e-01 2.259054888886490031e-01
6.370000000000000107e-01 2.256179813578262638e-01
6.375000000000000666e-01 2.253306144040756742e-01
6.380000000000000115e-01 2.250433884227135972e-01
6.385000000000000675e-01 2.247563038081297759e-01
6.390000000000000124e-01 2.244693609537875278e-01
6.395000000000000684e-01 2.241825602522226901e-01
6.400000000000000133e-01 2.238959020950438694e-01
6.404999999999999583e-01 2.236093868729315814e-01
6.410000000000000142e-01 2.233230149756381122e-01
6.414999999999999591e-01 2.230367867919871294e-01
6.420000000000000151e-01 2.227507027098731829e-01
6.424999999999999600e-01 2.224647631162616768e-01
6.430000000000000160e-01 2.221789683971879259e-01
6.434999999999999609e-01 2.218933189377575166e-01
6.440000000000000169e-01 2.216078151221453352e-01
6.444999999999999618e-01 2.213224573335957901e-01
6.450000000000000178e-01 2.210372459544218404e-01
6.454999999999999627e-01 2.207521813660053289e-01
6.460000000000000187e-01 2.204672639487961217e-01
6.464999999999999636e-01 2.201824940823122467e-01
6.470000000000000195e-01 2.198978721451390062e-01
6.474999999999999645e-01 2.196133985149294199e-01
6.480000000000000204e-01 2.193290735684031156e-01
6.484999999999999654e-01 2.190448976813466897e-01
6.490000000000000213e-01 2.187608712286130130e-01
6.494999999999999662e-01 2.184769945841212313e-01
6.500000000000000222e-01 2.181932681208560154e-01
6.504999999999999671e-01 2.179096922108680334e-01
6.510000000000000231e-01 2.176262672252727848e-01
6.514999999999999680e-01 2.173429935342511277e-01
6.520000000000000240e-01 2.170598715070484463e-01
6.524999999999999689e-01 2.167769015119748177e-01
6.530000000000000249e-01 2.164940839164042896e-01
6.534999999999999698e-01 2.162114190867751862e-01
6.540000000000000258e-01 2.159289073885893584e-01
6.544999999999999707e-01 2.156465491864123507e-01
6.550000000000000266e-01 2.153643448438727626e-01
6.554999999999999716e-01 2.150822947236624705e-01
6.560000000000000275e-01 2.148003991875359620e-01
6.564999999999999725e-01 2.145186585963105019e-01
6.570000000000000284e-01 2.142370733098656055e-01
6.574999999999999734e-01 2.139556436871431488e-01
6.580000000000000293e-01 2.136743700861466755e-01
6.584999999999999742e-01 2.133932528639418402e-01
6.590000000000000302e-01 2.131122923766556321e-01
6.594999999999999751e-01 2.128314889794766795e-01
6.600000000000000311e-01 2.125508430266545290e-01
6.604999999999999760e-01 2.122703548715000332e-01
6.610000000000000320e-01 2.119900248663846853e-01
6.614999999999999769e-01 2.117098533627408685e-01
6.620000000000000329e-01 2.114298407110612177e-01
6.624999999999999778e-01 2.111499872608990358e-01
6.630000000000000338e-01 2.108702933608676278e-01
6.634999999999999787e-01 2.105907593586404947e-01
6.640000000000000346e-01 2.103113856009508620e-01
6.644999999999999796e-01 2.100321724335920126e-01
6.650000000000000355e-01 2.097531202014165652e-01
6.654999999999999805e-01 2.094742292483369184e-01
6.660000000000000364e-01 2.091954999173246121e-01
6.664999999999999813e-01 2.089169325504106889e-01
6.670000000000000373e-01 2.086385274886851104e-01
6.674999999999999822e-01 2.083602850722970634e-01
6.680000000000000382e-01 2.080822056404545428e-01
6.684999999999999831e-01 2.078042895314245186e-01
6.690000000000000391e-01 2.075265370825325195e-01
6.694999999999999840e-01 2.072489486301628547e-01
6.700000000000000400e-01 2.069715245097582812e-01
6.704999999999999849e-01 2.066942650558201977e-01
6.710000000000000409e-01 2.064171706019082009e-01
6.714999999999999858e-01 2.061402414806404459e-01
6.720000000000000417e-01 2.058634780236930084e-01
6.724999999999999867e-01 2.055868805618005779e-01
6.730000000000000426e-01 2.053104494247556255e-01
6.734999999999999876e-01 2.050341849414090423e-01
6.740000000000000435e-01 2.047580874396693895e-01
6.744999999999999885e-01 2.044821572465036208e-01
6.750000000000000444e-01 2.042063946879362490e-01
6.754999999999999893e-01 2.039308000890500405e-01
6.760000000000000453e-01 2.036553737739854597e-01
6.764999999999999902e-01 2.033801160659409746e-01
6.770000000000000462e-01 2.031050272871727513e-01
6.774999999999999911e-01 2.028301077589949597e-01
6.780000000000000471e-01 2.025553578017794676e-01
6.784999999999999920e-01 2.022807777349560909e-01
6.790000000000000480e-01 2.020063678770122884e-01
6.794999999999999929e-01 2.017321285454935775e-01
6.800000000000000488e-01 2.014580600570030355e-01
6.804999999999999938e-01 2.011841627272018818e-01
6.810000000000000497e-01 2.009104368708088673e-01
6.814999999999999947e-01 2.006368828016010242e-01
6.820000000000000506e-01 2.003635008324129441e-01
6.824999999999999956e-01 2.000902912751374441e-01
6.830000000000000515e-01 1.998172544407250395e-01
6.834999999999999964e-01 1.995443906391846101e-01
6.840000000000000524e-01 1.992717001795828169e-01
6.844999999999999973e-01 1.989991833700446022e-01
6.850000000000000533e-01 1.987268405177529951e-01
6.854999999999999982e-01 1.984546719289494443e-01
6.860000000000000542e-01 1.981826779089334301e-01
6.864999999999999991e-01 1.979108587620630466e-01
6.870000000000000551e-01 1.976392147917546971e-01
6.875000000000000000e-01 1.973677463004834265e-01
6.880000000000000560e-01 1.970964535897826719e-01
6.885000000000000009e-01 1.968253369602449010e-01
6.890000000000000568e-01 1.965543967115210011e-01
6.895000000000000018e-01 1.962836331423210845e-01
6.900000000000000577e-01 1.960130465504139330e-01
6.905000000000000027e-01 1.957426372326278030e-01
6.910000000000000586e-01 1.954724054848497317e-01
6.915000000000000036e-01 1.952023516020264249e-01
6.920000000000000595e-01 1.949324758781637856e-01
6.925000000000000044e-01 1.946627786063274690e-01
6.930000000000000604e-01 1.943932600786426323e-01
6.935000000000000053e-01 1.941239205862944628e-01
6.940000000000000613e-01 1.938547604195279550e-01
6.945000000000000062e-01 1.935857798676482722e-01
6.950000000000000622e-01 1.933169792190208014e-01
6.955000000000000071e-01 1.930483587610714313e-01
6.960000000000000631e-01 1.927799187802864134e-01
6.965000000000000080e-01 1.925116595622129445e-01
6.970000000000000639e-01 1.922435813914588898e-01
6.975000000000000089e-01 1.919756845516934207e-01
6.980000000000000648e-01 1.917079693256466544e-01
6.985000000000000098e-01 1.914404359951103474e-01
6.990000000000000657e-01 1.911730848409376737e-01
6.995000000000000107e-01 1.909059161430437523e-01
7.000000000000000666e-01 1.906389301804054526e-01
7.005000000000000115e-01 1.903721272310620605e-01
7.010000000000000675e-01 1.901055075721149457e-01
7.015000000000000124e-01 1.898390714797283108e-01
7.020000000000000684e-01 1.895728192291289138e-01
7.025000000000000133e-01 1.893067510946067067e-01
7.030000000000000693e-01 1.890408673495146408e-01
7.035000000000000142e-01 1.887751682662693054e-01
7.039999999999999591e-01 1.885096541163507611e-01
7.045000000000000151e-01 1.882443251703030118e-01
7.049999999999999600e-01 1.879791816977342822e-01
7.055000000000000160e-01 1.877142239673169621e-01
7.059999999999999609e-01 1.874494522467883284e-01
7.065000000000000169e-01 1.871848668029502394e-01
7.069999999999999618e-01 1.869204679016697734e-01
7.075000000000000178e-01 1.866562558078793677e-01
7.079999999999999627e-01 1.863922307855771510e-01
7.085000000000000187e-01 1.861283930978269163e-01
7.089999999999999636e-01 1.858647430067589812e-01
7.095000000000000195e-01 1.856012807735697157e-01
7.099999999999999645e-01 1.853380066585224861e-01
7.105000000000000204e-01 1.850749209209474333e-01
7.109999999999999654e-01 1.848120238192421938e-01
7.115000000000000213e-01 1.845493156108718447e-01
7.119999999999999662e-01 1.842867965523693474e-01
7.125000000000000222e-01 1.840244668993357979e-01
7.129999999999999671e-01 1.837623269064408982e-01
7.135000000000000231e-01 1.835003768274229008e-01
7.139999999999999680e-01 1.832386169150894972e-01
7.145000000000000240e-01 1.829770474213173181e-01
7.149999999999999689e-01 1.827156685970532102e-01
7.155000000000000249e-01 1.824544806923136808e-01
7.159999999999999698e-01 1.821934839561858976e-01
7.165000000000000258e-01 1.819326786368275495e-01
7.169999999999999707e-01 1.816720649814675959e-01
7.175000000000000266e-01 1.814116432364060727e-01
7.179999999999999716e-01 1.811514136470150638e-01
7.185000000000000275e-01 1.808913764577385896e-01
7.189999999999999725e-01 1.806315319120931073e-01
7.195000000000000284e-01 1.803718802526679821e-01
7.199999999999999734e-01 1.801124217211256817e-01
7.205000000000000293e-01 1.798531565582020819e-01
7.209999999999999742e-01 1.795940850037072434e-01
7.215000000000000302e-01 1.793352072965252453e-01
7.219999999999999751e-01 1.790765236746149347e-01
7.225000000000000311e-01 1.788180343750101209e-01
7.229999999999999760e-01 1.785597396338201581e-01
7.235000000000000320e-01 1.783016396862301123e-01
7.239999999999999769e-01 1.780437347665013992e-01
7.245000000000000329e-01 1.777860251079717846e-01
7.249999999999999778e-01 1.775285109430563280e-01
7.255000000000000338e-01 1.772711925032473268e-01
7.259999999999999787e-01 1.770140700191149830e-01
7.265000000000000346e-01 1.767571437203077078e-01
7.269999999999999796e-01 1.765004138355526775e-01
7.275000000000000355e-01 1.762438805926558327e-01
7.279999999999999805e-01 1.759875442185031835e-01
7.285000000000000364e-01 1.757314049390601707e-01
7.289999999999999813e-01 1.754754629793729148e-01
7.295000000000000373e-01 1.752197185635681054e-01
7.299999999999999822e-01 1.749641719148540553e-01
7.305000000000000382e-01 1.747088232555203402e-01
7.309999999999999831e-01 1.744536728069391307e-01
7.315000000000000391e-01 1.741987207895648593e-01
7.319999999999999840e-01 1.739439674229353028e-01
7.325000000000000400e-01 1.736894129256715269e-01
7.329999999999999849e-01 1.734350575154788299e-01
7.335000000000000409e-01 1.731809014091468257e-01
7.339999999999999858e-01 1.729269448225501382e-01
7.345000000000000417e-01 1.726731879706487893e-01
7.349999999999999867e-01 1.724196310674887545e-01
7.355000000000000426e-01 1.721662743262022677e-01
7.359999999999999876e-01 1.719131179590086822e-01
7.365000000000000435e-01 1.716601621772144148e-01
7.369999999999999885e-01 1.714074071912140840e-01
7.375000000000000444e-01 1.711548532104904541e-01
7.379999999999999893e-01 1.709025004436152684e-01
7.385000000000000453e-01 1.706503490982495264e-01
7.389999999999999902e-01 1.703983993811443998e-01
7.395000000000000462e-01 1.701466514981411216e-01
7.399999999999999911e-01 1.698951056541722071e-01
7.405000000000000471e-01 1.696437620532613433e-01
7.409999999999999920e-01 1.693926208985244153e-01
7.415000000000000480e-01 1.691416823921697010e-01
7.419999999999999929e-01 1.688909467354986482e-01
7.425000000000000488e-01 1.686404141289060410e-01
7.429999999999999938e-01 1.683900847718812210e-01
7.435000000000000497e-01 1.681399588630077824e-01
7.439999999999999947e-01 1.678900365999649036e-01
7.445000000000000506e-01 1.676403181795272368e-01
7.449999999999999956e-01 1.673908037975661012e-01
7.455000000000000515e-01 1.671414936490493719e-01
7.459999999999999964e-01 1.668923879280427847e-01
7.465000000000000524e-01 1.666434868277097137e-01
7.469999999999999973e-01 1.663947905403124483e-01
7.475000000000000533e-01 1.661462992572122765e-01
7.479999999999999982e-01 1.658980131688704562e-01
7.485000000000000542e-01 1.656499324648482707e-01
7.489999999999999991e-01 1.654020573338083611e-01
7.495000000000000551e-01 1.651543879635145040e-01
7.500000000000000000e-01 1.649069245408328610e-01
7.505000000000000560e-01 1.646596672517321169e-01
7.510000000000000009e-01 1.644126162812844794e-01
7.515000000000000568e-01 1.641657718136658728e-01
7.520000000000000018e-01 1.639191340321569379e-01
7.525000000000000577e-01 1.636727031191432813e-01
7.530000000000000027e-01 1.634264792561165025e-01
7.535000000000000586e-01 1.631804626236742495e-01
7.540000000000000036e-01 1.629346534015215509e-01
7.545000000000000595e-01 1.626890517684707604e-01
7.550000000000000044e-01 1.624436579024426675e-01
7.555000000000000604e-01 1.621984719804667741e-01
7.560000000000000053e-01 1.619534941786823778e-01
7.565000000000000613e-01 1.617087246723386829e-01
7.570000000000000062e-01 1.614641636357957988e-01
7.575000000000000622e-01 1.612198112425253238e-01
7.580000000000000071e-01 1.609756676651109275e-01
7.585000000000000631e-01 1.607317330752489892e-01
7.590000000000000080e-01 1.604880076437495418e-01
7.595000000000000639e-01 1.602444915405363268e-01
7.600000000000000089e-01 1.600011849346481552e-01
7.605000000000000648e-01 1.597580879942389898e-01
7.610000000000000098e-01 1.595152008865791393e-01
7.615000000000000657e-01 1.592725237780553971e-01
7.620000000000000107e-01 1.590300568341722620e-01
7.625000000000000666e-01 1.587878002195520777e-01
7.630000000000000115e-01 1.585457540979362534e-01
7.635000000000000675e-01 1.583039186321854308e-01
7.640000000000000124e-01 1.580622939842806496e-01
7.645000000000000684e-01 1.578208803153236250e-01
7.650000000000000133e-01 1.575796777855378583e-01
7.655000000000000693e-01 1.573386865542688584e-01
7.660000000000000142e-01 1.570979067799854467e-01
7.665000000000000702e-01 1.568573386202797848e-01
7.670000000000000151e-01 1.566169822318687066e-01
7.675000000000000711e-01 1.563768377705939683e-01
7.680000000000000160e-01 1.561369053914232752e-01
7.684999999999999609e-01 1.558971852484508092e-01
7.690000000000000169e-01 1.556576774948979780e-01
7.694999999999999618e-01 1.554183822831143869e-01
7.700000000000000178e-01 1.551792997645781713e-01
7.704999999999999627e-01 1.549404300898970244e-01
7.710000000000000187e-01 1.547017734088088070e-01
7.714999999999999636e-01 1.544633298701824364e-01
7.720000000000000195e-01 1.542250996220182746e-01
7.724999999999999645e-01 1.539870828114494328e-01
7.730000000000000204e-01 1.537492795847419103e-01
7.734999999999999654e-01 1.535116900872958434e-01
7.740000000000000213e-01 1.532743144636458943e-01
7.744999999999999662e-01 1.530371528574624718e-01
7.750000000000000222e-01 1.528002054115517316e-01
7.754999999999999671e-01 1.525634722678573529e-01
7.760000000000000231e-01 1.523269535674602881e-01
7.764999999999999680e-01 1.520906494505803175e-01
7.770000000000000240e-01 1.518545600565763820e-01
7.774999999999999689e-01 1.516186855239476106e-01
7.780000000000000249e-01 1.513830259903337638e-01
7.784999999999999698e-01 1.511475815925165667e-01
7.790000000000000258e-01 1.509123524664198190e-01
7.794999999999999707e-01 1.506773387471108672e-01
7.800000000000000266e-01 1.504425405688007977e-01
7.804999999999999716e-01 1.502079580648457424e-01
7.810000000000000275e-01 1.499735913677472388e-01
7.814999999999999725e-01 1.497394406091534236e-01
7.820000000000000284e-01 1.495055059198593939e-01
7.824999999999999734e-01 1.492717874298086222e-01
7.830000000000000293e-01 1.490382852680930403e-01
7.834999999999999742e-01 1.488049995629545375e-01
7.840000000000000302e-01 1.485719304417852937e-01
7.844999999999999751e-01 1.483390780311289459e-01
7.850000000000000311e-01 1.481064424566809479e-01
7.854999999999999760e-01 1.478740238432900422e-01
7.860000000000000320e-01 1.476418223149584819e-01
7.864999999999999769e-01 1.474098379948433069e-01
7.870000000000000329e-01 1.471780710052568164e-01
7.874999999999999778e-01 1.469465214676677900e-01
7.880000000000000338e-01 1.467151895027018760e-01
7.884999999999999787e-01 1.464840752301429239e-01
7.890000000000000346e-01 1.462531787689334006e-01
7.894999999999999796e-01 1.460225002371756120e-01
7.900000000000000355e-01 1.457920397521321187e-01
7.904999999999999805e-01 1.455617974302271800e-01
7.910000000000000364e-01 1.453317733870469752e-01
7.914999999999999813e-01 1.451019677373409644e-01
7.920000000000000373e-01 1.448723805950224153e-01
7.924999999999999822e-01 1.446430120731695412e-01
7.930000000000000382e-01 1.444138622840261121e-01
7.934999999999999831e-01 1.441849313390025922e-01
7.940000000000000391e-01 1.439562193486766950e-01
7.944999999999999840e-01 1.437277264227947160e-01
7.950000000000000400e-01 1.434994526702718098e-01
7.954999999999999849e-01 1.432713981991934893e-01
7.960000000000000409e-01 1.430435631168160138e-01
7.964999999999999858e-01 1.428159475295676661e-01
7.970000000000000417e-01 1.425885515430493355e-01
7.974999999999999867e-01 1.423613752620356554e-01
7.980000000000000426e-01 1.421344187904756695e-01
7.984999999999999876e-01 1.419076822314939701e-01
7.990000000000000435e-01 1.416811656873913361e-01
7.994999999999999885e-01 1.414548692596460377e-01
8.000000000000000444e-01 1.412287930489142251e-01
8.004999999999999893e-01 1.410029371550312327e-01
8.010000000000000453e-01 1.407773016770123287e-01
8.014999999999999902e-01 1.405518867130537142e-01
8.020000000000000462e-01 1.403266923605333005e-01
8.024999999999999911e-01 1.401017187160119026e-01
8.030000000000000471e-01 1.398769658752337386e-01
8.034999999999999920e-01 1.396524339331278453e-01
8.040000000000000480e-01 1.394281229838084668e-01
8.044999999999999929e-01 1.392040331205766646e-01
8.050000000000000488e-01 1.389801644359205390e-01
8.054999999999999938e-01 1.387565170215166732e-01
8.060000000000000497e-01 1.385330909682307710e-01
8.064999999999999947e-01 1.383098863661188782e-01
8.070000000000000506e-01 1.380869033044279659e-01
8.074999999999999956e-01 1.378641418715973177e-01
8.080000000000000515e-01 1.376416021552590296e-01
8.084999999999999964e-01 1.374192842422393701e-01
8.090000000000000524e-01 1.371971882185592517e-01
8.094999999999999973e-01 1.369753141694358411e-01
8.100000000000000533e-01 1.367536621792827811e-01
8.104999999999999982e-01 1.365322323317118836e-01
8.110000000000000542e-01 1.363110247095334071e-01
8.114999999999999991e-01 1.360900393947575837e-01
8.120000000000000551e-01 1.358692764685952015e-01
8.125000000000000000e-01 1.356487360114588259e-01
8.130000000000000560e-01 1.354284181029635492e-01
8.135000000000000009e-01 1.352083228219282673e-01
8.140000000000000568e-01 1.349884502463763458e-01
8.145000000000000018e-01 1.347688004535367856e-01
8.150000000000000577e-01 1.345493735198450835e-01
8.155000000000000027e-01 1.343301695209444535e-01
8.160000000000000586e-01 1.341111885316864927e-01
8.165000000000000036e-01 1.338924306261324859e-01
8.170000000000000595e-01 1.336738958775539610e-01
8.175000000000000044e-01 1.334555843584343815e-01
8.180000000000000604e-01 1.332374961404693414e-01
8.185000000000000053e-01 1.330196312945682302e-01
8.190000000000000613e-01 1.328019898908547325e-01
8.195000000000000062e-01 1.325845719986682436e-01
8.200000000000000622e-01 1.323673776865645635e-01
8.205000000000000071e-01 1.321504070223171456e-01
8.210000000000000631e-01 1.319336600729177911e-01
8.215000000000000080e-01 1.317171369045782026e-01
8.220000000000000639e-01 1.315008375827302622e-01
8.225000000000000089e-01 1.312847621720277802e-01
8.230000000000000648e-01 1.310689107363469386e-01
8.235000000000000098e-01 1.308532833387877348e-01
8.240000000000000657e-01 1.306378800416746755e-01
8.245000000000000107e-01 1.304227009065581921e-01
8.250000000000000666e-01 1.302077459942150850e-01
8.255000000000000115e-01 1.299930153646502162e-01
8.260000000000000675e-01 1.297785090770970651e-01
8.265000000000000124e-01 1.295642271900190046e-01
8.270000000000000684e-01 1.293501697611101620e-01
8.275000000000000133e-01 1.291363368472966955e-01
8.280000000000000693e-01 1.289227285047375715e-01
8.285000000000000142e-01 1.287093447888257858e-01
8.290000000000000702e-01 1.284961857541893349e-01
8.295000000000000151e-01 1.282832514546923819e-01
8.300000000000000711e-01 1.280705419434360337e-01
8.305000000000000160e-01 1.278580572727597842e-01
8.310000000000000719e-01 1.276457974942421247e-01
8.315000000000000169e-01 1.274337626587020156e-01
8.320000000000000728e-01 1.272219528161996349e-01
8.325000000000000178e-01 1.270103680160377668e-01
8.329999999999999627e-01 1.267990083067623563e-01
8.335000000000000187e-01 1.265878737361640360e-01
8.339999999999999636e-01 1.263769643512790974e-01
8.345000000000000195e-01 1.261662801983903515e-01
8.349999999999999645e-01 1.259558213230284607e-01
8.355000000000000204e-01 1.257455877699727997e-01
8.359999999999999654e-01 1.255355795832527321e-01
8.365000000000000213e-01 1.253257968061484151e-01
8.369999999999999662e-01 1.251162394811922429e-01
8.375000000000000222e-01 1.249069076501694991e-01
8.379999999999999671e-01 1.246978013541198416e-01
8.385000000000000231e-01 1.244889206333380793e-01
8.389999999999999680e-01 1.242802655273755469e-01
8.395000000000000240e-01 1.240718360750407839e-01
8.399999999999999689e-01 1.238636323144011731e-01
8.405000000000000249e-01 1.236556542827834115e-01
8.409999999999999698e-01 1.234479020167752045e-01
8.415000000000000258e-01 1.232403755522258476e-01
8.419999999999999707e-01 1.230330749242477817e-01
8.425000000000000266e-01 1.228260001672172030e-01
8.429999999999999716e-01 1.226191513147757012e-01
8.435000000000000275e-01 1.224125283998308139e-01
8.439999999999999725e-01 1.222061314545576649e-01
8.445000000000000284e-01 1.219999605103995466e-01
8.449999999999999734e-01 1.217940155980695577e-01
8.455000000000000293e-01 1.215882967475511722e-01
8.459999999999999742e-01 1.213828039880998771e-01
8.465000000000000302e-01 1.211775373482437690e-01
8.469999999999999751e-01 1.209724968557852331e-01
8.475000000000000311e-01 1.207676825378014435e-01
8.479999999999999760e-01 1.205630944206460692e-01
8.485000000000000320e-01 1.203587325299498995e-01
8.489999999999999769e-01 1.201545968906223977e-01
8.495000000000000329e-01 1.199506875268523814e-01
8.499999999999999778e-01 1.197470044621096186e-01
8.505000000000000338e-01 1.195435477191454376e-01
8.509999999999999787e-01 1.193403173199944906e-01
8.515000000000000346e-01 1.191373132859751827e-01
8.519999999999999796e-01 1.189345356376913659e-01
8.525000000000000355e-01 1.187319843950331438e-01
8.529999999999999805e-01 1.185296595771782313e-01
8.535000000000000364e-01 1.183275612025927875e-01
8.539999999999999813e-01 1.181256892890329979e-01
8.545000000000000373e-01 1.179240438535457125e-01
8.549999999999999822e-01 1.177226249124700558e-01
8.555000000000000382e-01 1.175214324814381345e-01
8.559999999999999831e-01 1.173204665753765780e-01
8.565000000000000391e-01 1.171197272085073987e-01
8.569999999999999840e-01 1.169192143943493384e-01
8.575000000000000400e-01 1.167189281457188116e-01
8.579999999999999849e-01 1.165188684747312936e-01
8.585000000000000409e-01 1.163190353928021531e-01
8.589999999999999858e-01 1.161194289106482896e-01
8.595000000000000417e-01 1.159200490382887305e-01
8.599999999999999867e-01 1.157208957850462822e-01
8.605000000000000426e-01 1.155219691595482240e-01
8.609999999999999876e-01 1.153232691697279599e-01
8.615000000000000435e-01 1.151247958228257401e-01
8.619999999999999885e-01 1.149265491253901733e-01
8.625000000000000444e-01 1.147285290832790322e-01
8.629999999999999893e-01 1.145307357016608490e-01
8.635000000000000453e-01 1.143331689850156652e-01
8.639999999999999902e-01 1.141358289371365575e-01
8.645000000000000462e-01 1.139387155611303881e-01
8.649999999999999911e-01 1.137418288594195387e-01
8.655000000000000471e-01 1.135451688337425213e-01
8.659999999999999920e-01 1.133487354851555606e-01
8.665000000000000480e-01 1.131525288140334679e-01
8.669999999999999929e-01 1.129565488200711676e-01
8.675000000000000488e-01 1.127607955022844055e-01
8.679999999999999938e-01 1.125652688590114414e-01
8.685000000000000497e-01 1.123699688879137987e-01
8.689999999999999947e-01 1.121748955859777908e-01
8.695000000000000506e-01 1.119800489495153678e-01
8.699999999999999956e-01 1.117854289741656709e-01
8.705000000000000515e-01 1.115910356548958371e-01
8.709999999999999964e-01 1.113968689860025396e-01
8.715000000000000524e-01 1.112029289611128624e-01
8.719999999999999973e-01 1.110092155731858266e-01
8.725000000000000533e-01 1.108157288145131536e-01
8.729999999999999982e-01 1.106224686767209864e-01
8.735000000000000542e-01 1.104294351507704997e-01
8.739999999999999991e-01 1.102366282269596626e-01
8.745000000000000551e-01 1.100440478949239881e-01
8.750000000000000000e-01 1.098516941436380040e-01
8.755000000000000560e-01 1.096595669614162522e-01
8.760000000000000009e-01 1.094676663359147734e-01
8.765000000000000568e-01 1.092759922541319123e-01
8.770000000000000018e-01 1.090845447024099274e-01
8.775000000000000577e-01 1.088933236664358234e-01
8.780000000000000027e-01 1.087023291312429335e-01
8.785000000000000586e-01 1.085115610812117659e-01
8.790000000000000036e-01 1.083210195000714748e-01
8.795000000000000595e-01 1.081307043709008736e-01
8.800000000000000044e-01 1.079406156761298780e-01
8.805000000000000604e-01 1.077507533975403942e-01
8.810000000000000053e-01 1.075611175162679012e-01
8.815000000000000613e-01 1.073717080128022555e-01
8.820000000000000062e-01 1.071825248669894259e-01
8.825000000000000622e-01 1.069935680580321041e-01
8.830000000000000071e-01 1.068048375644914533e-01
8.835000000000000631e-01 1.066163333642878575e-01
8.840000000000000080e-01 1.064280554347026703e-01
8.845000000000000639e-01 1.062400037523788948e-01
8.850000000000000089e-01 1.060521782933227936e-01
8.855000000000000648e-01 1.058645790329048875e-01
8.860000000000000098e-01 1.056772059458613300e-01
8.865000000000000657e-01 1.054900590062949756e-01
8.870000000000000107e-01 1.053031381876767675e-01
8.875000000000000666e-01 1.051164434628467925e-01
8.880000000000000115e-01 1.049299748040157382e-01
8.885000000000000675e-01 1.047437321827657669e-01
8.890000000000000124e-01 1.045577155700521954e-01
8.895000000000000684e-01 1.043719249362042578e-01
8.900000000000000133e-01 1.041863602509267572e-01
8.905000000000000693e-01 1.040010214833009539e-01
8.910000000000000142e-01 1.038159086017860638e-01
8.915000000000000702e-01 1.036310215742202168e-01
8.920000000000000151e-01 1.034463603678220794e-01
8.925000000000000711e-01 1.032619249491915914e-01
8.930000000000000160e-01 1.030777152843116579e-01
8.935000000000000719e-01 1.028937313385490937e-01
8.940000000000000169e-01 1.027099730766560526e-01
8.945000000000000728e-01 1.025264404627710402e-01
8.950000000000000178e-01 1.023431334604204546e-01
8.955000000000000737e-01 1.021600520325194467e-01
8.960000000000000187e-01 1.019771961413735994e-01
8.964999999999999636e-01 1.017945657486798022e-01
8.970000000000000195e-01 1.016121608155276107e-01
8.974999999999999645e-01 1.014299813024006347e-01
8.980000000000000204e-01 1.012480271691775652e-01
8.984999999999999654e-01 1.010662983751335481e-01
8.990000000000000213e-01 1.008847948789413224e-01
8.994999999999999662e-01 1.007035166386727049e-01
9.000000000000000222e-01 1.005224636117994924e-01
9.004999999999999671e-01 1.003416357551950022e-01
9.010000000000000231e-01 1.001610330251351683e-01
9.014999999999999680e-01 9.998065537729981800e-02
9.020000000000000240e-01 9.980050276677393528e-02
9.024999999999999689e-01 9.962057514804895098e-02
9.030000000000000249e-01 9.944087247502388094e-02
9.034999999999999698e-01 9.926139470100676931e-02
9.040000000000000258e-01 9.908214177871564610e-02
9.044999999999999707e-01 9.890311366028013695e-02
9.050000000000000266e-01 9.872431029724240692e-02
9.054999999999999716e-01 9.854573164055860368e-02
9.060000000000000275e-01 9.836737764060005107e-02
9.064999999999999725e-01 9.818924824715453969e-02
9.070000000000000284e-01 9.801134340942742329e-02
9.074999999999999734e-01 9.783366307604320078e-02
9.080000000000000293e-01 9.765620719504641833e-02
9.084999999999999742e-01 9.747897571390320981e-02
9.090000000000000302e-01 9.730196857950228206e-02
9.094999999999999751e-01 9.712518573815652478e-02
9.100000000000000311e-01 9.694862713560388479e-02
9.104999999999999760e-01 9.677229271700897584e-02
9.110000000000000320e-01 9.659618242696406398e-02
9.114999999999999769e-01 9.642029620949053859e-02
9.120000000000000329e-01 9.624463400803998092e-02
9.124999999999999778e-01 9.606919576549564910e-02
9.130000000000000338e-01 9.589398142417350501e-02
9.134999999999999787e-01 9.571899092582374091e-02
9.140000000000000346e-01 9.554422421163173695e-02
9.144999999999999796e-01 9.536968122221962940e-02
9.150000000000000355e-01 9.519536189764726819e-02
9.154999999999999805e-01 9.502126617741391001e-02
9.160000000000000364e-01 9.484739400045896773e-02
9.164999999999999813e-01 9.467374530516370346e-02
9.170000000000000373e-01 9.450032002935222775e-02
9.174999999999999822e-01 9.432711811029299842e-02
9.180000000000000382e-01 9.415413948469979200e-02
9.184999999999999831e-01 9.398138408873331351e-02
9.190000000000000391e-01 9.380885185800212633e-02
9.194999999999999840e-01 9.363654272756428976e-02
9.200000000000000400e-01 9.346445663192821940e-02
9.204999999999999849e-01 9.329259350505433868e-02
9.210000000000000409e-01 9.312095328035607800e-02
9.214999999999999858e-01 9.294953589070130417e-02
9.220000000000000417e-01 9.277834126841351392e-02
9.224999999999999867e-01 9.260736934527316611e-02
9.230000000000000426e-01 9.243662005251883362e-02
9.234999999999999876e-01 9.226609332084867443e-02
9.240000000000000435e-01 9.209578908042148626e-02
9.244999999999999885e-01 9.192570726085820543e-02
9.250000000000000444e-01 9.175584779124289214e-02
9.254999999999999893e-01 9.158621060012439585e-02
9.260000000000000453e-01 9.141679561551717403e-02
9.264999999999999902e-01 9.124760276490305466e-02
9.270000000000000462e-01 9.107863197523201337e-02
9.274999999999999911e-01 9.090988317292390819e-02
9.280000000000000471e-01 9.074135628386932606e-02
9.284999999999999920e-01 9.057305123343130371e-02
9.290000000000000480e-01 9.040496794644621581e-02
9.294999999999999929e-01 9.023710634722531543e-02
9.300000000000000488e-01 9.006946635955578873e-02
9.304999999999999938e-01 8.990204790670229540e-02
9.310000000000000497e-01 8.973485091140799563e-02
9.314999999999999947e-01 8.956787529589603503e-02
9.320000000000000506e-01 8.940112098187055767e-02
9.324999999999999956e-01 8.923458789051837148e-02
9.330000000000000515e-01 8.906827594250982250e-02
9.334999999999999964e-01 8.890218505800036308e-02
9.340000000000000524e-01 8.873631515663163438e-02
9.344999999999999973e-01 8.857066615753299288e-02
9.350000000000000533e-01 8.840523797932242633e-02
9.354999999999999982e-01 8.824003054010821911e-02
9.360000000000000542e-01 8.807504375748989589e-02
9.364999999999999991e-01 8.791027754855984533e-02
9.370000000000000551e-01 8.774573182990419440e-02
9.375000000000000000e-01 8.758140651760451534e-02
9.380000000000000560e-01 8.741730152723872771e-02
9.385000000000000009e-01 8.725341677388266659e-02
9.390000000000000568e-01 8.708975217211116504e-02
9.395000000000000018e-01 8.692630763599946964e-02
9.400000000000000577e-01 8.676308307912442008e-02
9.405000000000000027e-01 8.660007841456585087e-02
9.410000000000000586e-01 8.643729355490767374e-02
9.415000000000000036e-01 8.627472841223937650e-02
9.420000000000000595e-01 8.611238289815714708e-02
9.425000000000000044e-01 8.595025692376534465e-02
9.430000000000000604e-01 8.578835039967745713e-02
9.435000000000000053e-01 8.562666323601772489e-02
9.440000000000000613e-01 8.546519534242216776e-02
9.445000000000000062e-01 8.530394662804013928e-02
9.450000000000000622e-01 8.514291700153521492e-02
9.455000000000000071e-01 8.498210637108689902e-02
9.460000000000000631e-01 8.482151464439151300e-02
9.465000000000000080e-01 8.466114172866393006e-02
9.470000000000000639e-01 8.450098753063831070e-02
9.475000000000000089e-01 8.434105195656985132e-02
9.480000000000000648e-01 8.418133491223579734e-02
9.485000000000000098e-01 8.402183630293691419e-02
9.490000000000000657e-01 8.386255603349850041e-02
9.495000000000000107e-01 8.370349400827199748e-02
9.500000000000000666e-01 8.354465013113597516e-02
9.505000000000000115e-01 8.338602430549763023e-02
9.510000000000000675e-01 8.322761643429388290e-02
9.515000000000000124e-01 8.306942641999290333e-02
9.520000000000000684e-01 8.291145416459508311e-02
9.525000000000000133e-01 8.275369956963458951e-02
9.530000000000000693e-01 8.259616253618039250e-02
9.535000000000000142e-01 8.243884296483790231e-02
9.540000000000000702e-01 8.228174075574980206e-02
9.545000000000000151e-01 8.212485580859774092e-02
9.550000000000000711e-01 8.196818802260327774e-02
9.555000000000000160e-01 8.181173729652940763e-02
9.560000000000000719e-01 8.165550352868168604e-02
9.565000000000000169e-01 8.149948661690967211e-02
9.570000000000000728e-01 8.134368645860795555e-02
9.575000000000000178e-01 8.118810295071769711e-02
9.580000000000000737e-01 8.103273598972772496e-02
9.585000000000000187e-01 8.087758547167597789e-02
9.590000000000000746e-01 8.072265129215054624e-02
9.595000000000000195e-01 8.056793334629126779e-02
9.599999999999999645e-01 8.041343152879065759e-02
9.605000000000000204e-01 8.025914573389542062e-02
9.609999999999999654e-01 8.010507585540777020e-02
9.615000000000000213e-01 7.995122178668641333e-02
9.619999999999999662e-01 7.979758342064822985e-02
9.625000000000000222e-01 7.964416064976909126e-02
9.629999999999999671e-01 7.949095336608567874e-02
9.635000000000000231e-01 7.933796146119612147e-02
9.639999999999999680e-01 7.918518482626198118e-02
9.645000000000000240e-01 7.903262335200883504e-02
9.649999999999999689e-01 7.888027692872809360e-02
9.655000000000000249e-01 7.872814544627795841e-02
9.659999999999999698e-01 7.857622879408486527e-02
9.665000000000000258e-01 7.842452686114459448e-02
9.669999999999999707e-01 7.827303953602378350e-02
9.675000000000000266e-01 7.812176670686089841e-02
9.679999999999999716e-01 7.797070826136782984e-02
9.685000000000000275e-01 7.781986408683087830e-02
9.689999999999999725e-01 7.766923407011228075e-02
9.695000000000000284e-01 7.751881809765118203e-02
9.699999999999999734e-01 7.736861605546530019e-02
9.705000000000000293e-01 7.721862782915180079e-02
9.709999999999999742e-01 7.706885330388886512e-02
9.715000000000000302e-01 7.691929236443675877e-02
9.719999999999999751e-01 7.676994489513927489e-02
9.725000000000000311e-01 7.662081077992484446e-02
9.729999999999999760e-01 7.647188990230797956e-02
9.735000000000000320e-01 7.632318214539030032e-02
9.739999999999999769e-01 7.617468739186211701e-02
9.745000000000000329e-01 7.602640552400337370e-02
9.749999999999999778e-01 7.587833642368521647e-02
9.755000000000000338e-01 7.573047997237099260e-02
9.759999999999999787e-01 7.558283605111774939e-02
9.765000000000000346e-01 7.543540454057731659e-02
9.769999999999999796e-01 7.528818532099773586e-02
9.775000000000000355e-01 7.514117827222432933e-02
9.779999999999999805e-01 7.499438327370125390e-02
9.785000000000000364e-01 7.484780020447238946e-02
9.789999999999999813e-01 7.470142894318300419e-02
9.795000000000000373e-01 7.455526936808064276e-02
9.799999999999999822e-01 7.440932135701673611e-02
9.805000000000000382e-01 7.426358478744754521e-02
9.809999999999999831e-01 7.411805953643571532e-02
9.815000000000000391e-01 7.397274548065131683e-02
9.819999999999999840e-01 7.382764249637323306e-02
9.825000000000000400e-01 7.368275045949032598e-02
9.829999999999999849e-01 7.353806924550283786e-02
9.835000000000000409e-01 7.339359872952347374e-02
9.839999999999999858e-01 7.324933878627883088e-02
9.845000000000000417e-01 7.310528929011052279e-02
9.849999999999999867e-01 7.296145011497655319e-02
9.855000000000000426e-01 7.281782113445244009e-02
9.859999999999999876e-01 7.267440222173261744e-02
9.865000000000000435e-01 7.253119324963155923e-02
9.869999999999999885e-01 7.238819409058520893e-02
9.875000000000000444e-01 7.224540461665199254e-02
9.879999999999999893e-01 7.210282469951433126e-02
9.885000000000000453e-01 7.196045421047966850e-02
9.889999999999999902e-01 7.181829302048189922e-02
9.895000000000000462e-01 7.167634100008252185e-02
9.899999999999999911e-01 7.153459801947198438e-02
9.905000000000000471e-01 7.139306394847075299e-02
9.909999999999999920e-01 7.125173865653079697e-02
9.915000000000000480e-01 7.111062201273667116e-02
9.919999999999999929e-01 7.096971388580688989e-02
9.925000000000000488e-01 7.082901414409498164e-02
9.929999999999999938e-01 7.068852265559102954e-02
9.935000000000000497e-01 7.054823928792257337e-02
9.939999999999999947e-01 7.040816390835626104e-02
9.945000000000000506e-01 7.026829638379866738e-02
9.949999999999999956e-01 7.012863658079787621e-02
9.955000000000000515e-01 6.998918436554452116e-02
9.959999999999999964e-01 6.984993960387324285e-02
9.965000000000000524e-01 6.971090216126357708e-02
9.969999999999999973e-01 6.957207190284162013e-02
9.975000000000000533e-01 6.943344869338097247e-02
9.979999999999999982e-01 6.929503239730414044e-02
9.985000000000000542e-01 6.915682287868359090e-02
9.989999999999999991e-01 6.901882000124330563e-02
9.995000000000000551e-01 6.888102362835965553e-02
1.000000000000000000e+00 6.874343362306296890e-02
1.000499999999999945e+00 6.860604984803850281e-02
1.001000000000000112e+00 6.846887216562778933e-02
1.001500000000000057e+00 6.833190043783002321e-02
1.002000000000000002e+00 6.819513452630308892e-02
1.002499999999999947e+00 6.805857429236471245e-02
1.003000000000000114e+00 6.792221959699401568e-02
1.003500000000000059e+00 6.778607030083261265e-02
1.004000000000000004e+00 6.765012626418565045e-02
1.004499999999999948e+00 6.751438734702333577e-02
1.005000000000000115e+00 6.737885340898187858e-02
1.005500000000000060e+00 6.724352430936510194e-02
1.006000000000000005e+00 6.710839990714530245e-02
1.006499999999999950e+00 6.697348006096462414e-02
1.007000000000000117e+00 6.683876462913621030e-02
1.007500000000000062e+00 6.670425346964574398e-02
1.008000000000000007e+00 6.656994644015228058e-02
1.008499999999999952e+00 6.643584339798960792e-02
1.009000000000000119e+00 6.630194420016749524e-02
1.009500000000000064e+00 6.616824870337305320e-02
1.010000000000000009e+00 6.603475676397164984e-02
1.010499999999999954e+00 6.590146823800836773e-02
1.011000000000000121e+00 6.576838298120916970e-02
1.011500000000000066e+00 6.563550084898216175e-02
1.012000000000000011e+00 6.550282169641868935e-02
1.012499999999999956e+00 6.537034537829460035e-02
1.013000000000000123e+00 6.523807174907150785e-02
1.013500000000000068e+00 6.510600066289816412e-02
1.014000000000000012e+00 6.497413197361122383e-02
1.014499999999999957e+00 6.484246553473696495e-02
1.015000000000000124e+00 6.471100119949207974e-02
1.015500000000000069e+00 6.457973882078528460e-02
1.016000000000000014e+00 6.444867825121824989e-02
1.016499999999999959e+00 6.431781934308683502e-02
1.017000000000000126e+00 6.418716194838239297e-02
1.017500000000000071e+00 6.405670591879304709e-02
1.018000000000000016e+00 6.392645110570467637e-02
1.018499999999999961e+00 6.379639736020226159e-02
1.019000000000000128e+00 6.366654453307110662e-02
1.019500000000000073e+00 6.353689247479807345e-02
1.020000000000000018e+00 6.340744103557266476e-02
1.020499999999999963e+00 6.327819006528823120e-02
1.021000000000000130e+00 6.314913941354327598e-02
1.021500000000000075e+00 6.302028892964274542e-02
1.022000000000000020e+00 6.289163846259894497e-02
1.022499999999999964e+00 6.276318786113294079e-02
1.023000000000000131e+00 6.263493697367564228e-02
1.023500000000000076e+00 6.250688564836930083e-02
1.024000000000000021e+00 6.237903373306822458e-02
1.024499999999999966e+00 6.225138107534034654e-02
1.024999999999999911e+00 6.212392752246825856e-02
1.025500000000000078e+00 6.199667292145045333e-02
1.026000000000000023e+00 6.186961711900263589e-02
1.026499999999999968e+00 6.174275996155856316e-02
1.026999999999999913e+00 6.161610129527163304e-02
1.027500000000000080e+00 6.148964096601578638e-02
1.028000000000000025e+00 6.136337881938700584e-02
1.028499999999999970e+00 6.123731470070407912e-02
1.028999999999999915e+00 6.111144845501017414e-02
1.029500000000000082e+00 6.098577992707376882e-02
1.030000000000000027e+00 6.086030896139007357e-02
1.030499999999999972e+00 6.073503540218192637e-02
1.030999999999999917e+00 6.060995909340119447e-02
1.031500000000000083e+00 6.048507987872985686e-02
1.032000000000000028e+00 6.036039760158132261e-02
1.032499999999999973e+00 6.023591210510135380e-02
1.032999999999999918e+00 6.011162323216951570e-02
1.033500000000000085e+00 5.998753082540004417e-02
1.034000000000000030e+00 5.986363472714353179e-02
1.034499999999999975e+00 5.973993477948746217e-02
1.034999999999999920e+00 5.961643082425787527e-02
1.035500000000000087e+00 5.949312270302023475e-02
1.036000000000000032e+00 5.937001025708094071e-02
1.036499999999999977e+00 5.924709332748808593e-02
1.036999999999999922e+00 5.912437175503291314e-02
1.037500000000000089e+00 5.900184538025081415e-02
1.038000000000000034e+00 5.887951404342280787e-02
1.038499999999999979e+00 5.875737758457624110e-02
1.038999999999999924e+00 5.863543584348630822e-02
1.039500000000000091e+00 5.851368865967697397e-02
1.040000000000000036e+00 5.839213587242249315e-02
1.040499999999999980e+00 5.827077732074816691e-02
1.040999999999999925e+00 5.814961284343165421e-02
1.041500000000000092e+00 5.802864227900420002e-02
1.042000000000000037e+00 5.790786546575183574e-02
1.042499999999999982e+00 5.778728224171632982e-02
1.042999999999999927e+00 5.766689244469646453e-02
1.043500000000000094e+00 5.754669591224916003e-02
1.044000000000000039e+00 5.742669248169081364e-02
1.044499999999999984e+00 5.730688199009809775e-02
1.044999999999999929e+00 5.718726427430937537e-02
1.045500000000000096e+00 5.706783917092572711e-02
1.046000000000000041e+00 5.694860651631231813e-02
1.046499999999999986e+00 5.682956614659916139e-02
1.046999999999999931e+00 5.671071789768260263e-02
1.047500000000000098e+00 5.659206160522619461e-02
1.048000000000000043e+00 5.647359710466223759e-02
1.048499999999999988e+00 5.635532423119247319e-02
1.048999999999999932e+00 5.623724281978940975e-02
1.049500000000000099e+00 5.611935270519752272e-02
1.050000000000000044e+00 5.600165372193444818e-02
1.050499999999999989e+00 5.588414570429180855e-02
1.050999999999999934e+00 5.576682848633671141e-02
1.051500000000000101e+00 5.564970190191260296e-02
1.052000000000000046e+00 5.553276578464065583e-02
1.052499999999999991e+00 5.541601996792069190e-02
1.052999999999999936e+00 5.529946428493238281e-02
1.053500000000000103e+00 5.518309856863637397e-02
1.054000000000000048e+00 5.506692265177554058e-02
1.054499999999999993e+00 5.495093636687584798e-02
1.054999999999999938e+00 5.483513954624770481e-02
1.055500000000000105e+00 5.471953202198697602e-02
1.056000000000000050e+00 5.460411362597623192e-02
1.056499999999999995e+00 5.448888418988570570e-02
1.056999999999999940e+00 5.437384354517441759e-02
1.057500000000000107e+00 5.425899152309146545e-02
1.058000000000000052e+00 5.414432795467707948e-02
1.058499999999999996e+00 5.402985267076355902e-02
1.058999999999999941e+00 5.391556550197663944e-02
1.059500000000000108e+00 5.380146627873640813e-02
1.060000000000000053e+00 5.368755483125860206e-02
1.060499999999999998e+00 5.357383098955555145e-02
1.060999999999999943e+00 5.346029458343736634e-02
1.061500000000000110e+00 5.334694544251301213e-02
1.062000000000000055e+00 5.323378339619155158e-02
1.062500000000000000e+00 5.312080827368300534e-02
1.062999999999999945e+00 5.300801990399966329e-02
1.063500000000000112e+00 5.289541811595701443e-02
1.064000000000000057e+00 5.278300273817516930e-02
1.064500000000000002e+00 5.267077359907956086e-02
1.064999999999999947e+00 5.255873052690223507e-02
1.065500000000000114e+00 5.244687334968291953e-02
1.066000000000000059e+00 5.233520189527027938e-02
1.066500000000000004e+00 5.222371599132275000e-02
1.066999999999999948e+00 5.211241546530975127e-02
1.067500000000000115e+00 5.200130014451274235e-02
1.068000000000000060e+00 5.189036985602651919e-02
1.068500000000000005e+00 5.177962442675995008e-02
1.068999999999999950e+00 5.166906368343732181e-02
1.069500000000000117e+00 5.155868745259931107e-02
1.070000000000000062e+00 5.144849556060419188e-02
1.070500000000000007e+00 5.133848783362875146e-02
1.070999999999999952e+00 5.122866409766949070e-02
1.071500000000000119e+00 5.111902417854363029e-02
1.072000000000000064e+00 5.100956790189033890e-02
1.072500000000000009e+00 5.090029509317161444e-02
1.072999999999999954e+00 5.079120557767344279e-02
1.073500000000000121e+00 5.068229918050686650e-02
1.074000000000000066e+00 5.057357572660918510e-02
1.074500000000000011e+00 5.046503504074482949e-02
1.074999999999999956e+00 5.035667694750648599e-02
1.075500000000000123e+00 5.024850127131620658e-02
1.076000000000000068e+00 5.014050783642660936e-02
1.076500000000000012e+00 5.003269646692161399e-02
1.076999999999999957e+00 4.992506698671777404e-02
1.077500000000000124e+00 4.981761921956524841e-02
1.078000000000000069e+00 4.971035298904893929e-02
1.078500000000000014e+00 4.960326811858940810e-02
1.078999999999999959e+00 4.949636443144407594e-02
1.079500000000000126e+00 4.938964175070812562e-02
1.080000000000000071e+00 4.928309989931580620e-02
1.080500000000000016e+00 4.917673870004123093e-02
1.080999999999999961e+00 4.907055797549957077e-02
1.081500000000000128e+00 4.896455754814801192e-02
1.082000000000000073e+00 4.885873724028702569e-02
1.082500000000000018e+00 4.875309687406106929e-02
1.082999999999999963e+00 4.864763627145991809e-02
1.083500000000000130e+00 4.854235525431956771e-02
1.084000000000000075e+00 4.843725364432344832e-02
1.084500000000000020e+00 4.833233126300320176e-02
1.084999999999999964e+00 4.822758793173992364e-02
1.085500000000000131e+00 4.812302347176511397e-02
1.086000000000000076e+00 4.801863770416184979e-02
1.086500000000000021e+00 4.791443044986561095e-02
1.086999999999999966e+00 4.781040152966547357e-02
1.087500000000000133e+00 4.770655076420503293e-02
1.088000000000000078e+00 4.760287797398362469e-02
1.088500000000000023e+00 4.749938297935710901e-02
1.088999999999999968e+00 4.739606560053908485e-02
1.089499999999999913e+00 4.729292565760184752e-02
1.090000000000000080e+00 4.718996297047730465e-02
1.090500000000000025e+00 4.708717735895835005e-02
1.090999999999999970e+00 4.698456864269946048e-02
1.091499999999999915e+00 4.688213664121796548e-02
1.092000000000000082e+00 4.677988117389499795e-02
1.092500000000000027e+00 4.667780205997661136e-02
1.092999999999999972e+00 4.657589911857462628e-02
1.093499999999999917e+00 4.647417216866769896e-02
1.094000000000000083e+00 4.637262102910245237e-02
1.094500000000000028e+00 4.627124551859442686e-02
1.094999999999999973e+00 4.617004545572894747e-02
1.095499999999999918e+00 4.606902065896236603e-02
1.096000000000000085e+00 4.596817094662284525e-02
1.096500000000000030e+00 4.586749613691165628e-02
1.096999999999999975e+00 4.576699604790383791e-02
1.097499999999999920e+00 4.566667049754940394e-02
1.098000000000000087e+00 4.556651930367432157e-02
1.098500000000000032e+00 4.546654228398155223e-02
1.098999999999999977e+00 4.536673925605189811e-02
1.099499999999999922e+00 4.526711003734514016e-02
1.100000000000000089e+00 4.516765444520095402e-02
1.100500000000000034e+00 4.506837229684002716e-02
1.100999999999999979e+00 4.496926340936489158e-02
1.101499999999999924e+00 4.487032759976093688e-02
1.102000000000000091e+00 4.477156468489749963e-02
1.102500000000000036e+00 4.467297448152888345e-02
1.102999999999999980e+00 4.457455680629508060e-02
1.103499999999999925e+00 4.447631147572306265e-02
1.104000000000000092e+00 4.437823830622755761e-02
1.104500000000000037e+00 4.428033711411217405e-02
1.104999999999999982e+00 4.418260771557026845e-02
1.105499999999999927e+00 4.408504992668598604e-02
1.106000000000000094e+00 4.398766356343512818e-02
1.106500000000000039e+00 4.389044844168640824e-02
1.106999999999999984e+00 4.379340437720204843e-02
1.107499999999999929e+00 4.369653118563903565e-02
1.108000000000000096e+00 4.359982868254987792e-02
1.108500000000000041e+00 4.350329668338388800e-02
1.108999999999999986e+00 4.340693500348771772e-02
1.109499999999999931e+00 4.331074345810671106e-02
1.110000000000000098e+00 4.321472186238556334e-02
1.110500000000000043e+00 4.311887003136959801e-02
1.110999999999999988e+00 4.302318778000544658e-02
1.111499999999999932e+00 4.292767492314211730e-02
1.112000000000000099e+00 4.283233127553189717e-02
1.112500000000000044e+00 4.273715665183155238e-02
1.112999999999999989e+00 4.264215086660286952e-02
1.113499999999999934e+00 4.254731373431393238e-02
1.114000000000000101e+00 4.245264506933990600e-02
1.114500000000000046e+00 4.235814468596414695e-02
1.114999999999999991e+00 4.226381239837893877e-02
1.115499999999999936e+00 4.216964802068658841e-02
1.116000000000000103e+00 4.207565136690025881e-02
1.116500000000000048e+00 4.198182225094515552e-02
1.116999999999999993e+00 4.188816048665908870e-02
1.117499999999999938e+00 4.179466588779370828e-02
1.118000000000000105e+00 4.170133826801527416e-02
1.118500000000000050e+00 4.160817744090580111e-02
1.118999999999999995e+00 4.151518321996368333e-02
1.119499999999999940e+00 4.142235541860492254e-02
1.120000000000000107e+00 4.132969385016377339e-02
1.120500000000000052e+00 4.123719832789402018e-02
1.120999999999999996e+00 4.114486866496962908e-02
1.121499999999999941e+00 4.105270467448566413e-02
1.122000000000000108e+00 4.096070616945937659e-02
1.122500000000000053e+00 4.086887296283112786e-02
1.122999999999999998e+00 4.077720486746512496e-02
1.123499999999999943e+00 4.068570169615044058e-02
1.124000000000000110e+00 4.059436326160195674e-02
1.124500000000000055e+00 4.050318937646132933e-02
1.125000000000000000e+00 4.041217985329775136e-02
1.125499999999999945e+00 4.032133450460893831e-02
1.126000000000000112e+00 4.023065314282203708e-02
1.126500000000000057e+00 4.014013558029463219e-02
1.127000000000000002e+00 4.004978162931546043e-02
1.127499999999999947e+00 3.995959110210545173e-02
1.128000000000000114e+00 3.986956381081855488e-02
1.128500000000000059e+00 3.977969956754275060e-02
1.129000000000000004e+00 3.968999818430085647e-02
1.129499999999999948e+00 3.960045947305137343e-02
1.130000000000000115e+00 3.951108324568950586e-02
1.130500000000000060e+00 3.942186931404811912e-02
1.131000000000000005e+00 3.933281748989830851e-02
1.131499999999999950e+00 3.924392758495064831e-02
1.132000000000000117e+00 3.915519941085583711e-02
1.132500000000000062e+00 3.906663277920583571e-02
1.133000000000000007e+00 3.897822750153442234e-02
1.133499999999999952e+00 3.888998338931837218e-02
1.134000000000000119e+00 3.880190025397811660e-02
1.134500000000000064e+00 3.871397790687889501e-02
1.135000000000000009e+00 3.862621615933128916e-02
1.135499999999999954e+00 3.853861482259238885e-02
1.136000000000000121e+00 3.845117370786645811e-02
1.136500000000000066e+00 3.836389262630609392e-02
1.137000000000000011e+00 3.827677138901271897e-02
1.137499999999999956e+00 3.818980980703775424e-02
1.138000000000000123e+00 3.810300769138327132e-02
1.138500000000000068e+00 3.801636485300315810e-02
1.139000000000000012e+00 3.792988110280364616e-02
1.139499999999999957e+00 3.784355625164431691e-02
1.140000000000000124e+00 3.775739011033902442e-02
1.140500000000000069e+00 3.767138248965672814e-02
1.141000000000000014e+00 3.758553320032225614e-02
1.141499999999999959e+00 3.749984205301724188e-02
1.142000000000000126e+00 3.741430885838094994e-02
1.142500000000000071e+00 3.732893342701124745e-02
1.143000000000000016e+00 3.724371556946522166e-02
1.143499999999999961e+00 3.715865509626023466e-02
1.144000000000000128e+00 3.707375181787463114e-02
1.144500000000000073e+00 3.698900554474878616e-02
1.145000000000000018e+00 3.690441608728566719e-02
1.145499999999999963e+00 3.681998325585192355e-02
1.146000000000000130e+00 3.673570686077850395e-02
1.146500000000000075e+00 3.665158671236180832e-02
1.147000000000000020e+00 3.656762262086420134e-02
1.147499999999999964e+00 3.648381439651499775e-02
1.148000000000000131e+00 3.640016184951125333e-02
1.148500000000000076e+00 3.631666479001877113e-02
1.149000000000000021e+00 3.623332302817263567e-02
1.149499999999999966e+00 3.615013637407823999e-02
1.150000000000000133e+00 3.606710463781202802e-02
1.150500000000000078e+00 3.598422762942247305e-02
1.151000000000000023e+00 3.590150515893068828e-02
1.151499999999999968e+00 3.581893703633135667e-02
1.152000000000000135e+00 3.573652307159350117e-02
1.152500000000000080e+00 3.565426307466146999e-02
1.153000000000000025e+00 3.557215685545550565e-02
1.153499999999999970e+00 3.549020422387272333e-02
1.153999999999999915e+00 3.540840498978783946e-02
1.154500000000000082e+00 3.532675896305405294e-02
1.155000000000000027e+00 3.524526595350389174e-02
1.155499999999999972e+00 3.516392577094983041e-02
1.155999999999999917e+00 3.508273822518526847e-02
1.156500000000000083e+00 3.500170312598526595e-02
1.157000000000000028e+00 3.492082028310745934e-02
1.157499999999999973e+00 3.484008950629264439e-02
1.157999999999999918e+00 3.475951060526574071e-02
1.158500000000000085e+00 3.467908338973651333e-02
1.159000000000000030e+00 3.459880766940052338e-02
1.159499999999999975e+00 3.451868325393966930e-02
1.159999999999999920e+00 3.443870995302312360e-02
1.160500000000000087e+00 3.435888757630812390e-02
1.161000000000000032e+00 3.427921593344079865e-02
1.161499999999999977e+00 3.419969483405682631e-02
1.161999999999999922e+00 3.412032408778230969e-02
1.162500000000000089e+00 3.404110350423450448e-02
1.163000000000000034e+00 3.396203289302275607e-02
1.163499999999999979e+00 3.388311206374905460e-02
1.163999999999999924e+00 3.380434082600893009e-02
1.164500000000000091e+00 3.372571898939220880e-02
1.165000000000000036e+00 3.364724636348389447e-02
1.165499999999999980e+00 3.356892275786470953e-02
1.165999999999999925e+00 3.349074798211206655e-02
1.166500000000000092e+00 3.341272184580069277e-02
1.167000000000000037e+00 3.333484415850361537e-02
1.167499999999999982e+00 3.325711472979266808e-02
1.167999999999999927e+00 3.317953336923937235e-02
1.168500000000000094e+00 3.310209988641571455e-02
1.169000000000000039e+00 3.302481409089492309e-02
1.169499999999999984e+00 3.294767579225215542e-02
1.169999999999999929e+00 3.287068480006527516e-02
1.170500000000000096e+00 3.279384092391560840e-02
1.171000000000000041e+00 3.271714397338879032e-02
1.171499999999999986e+00 3.264059375807536190e-02
1.171999999999999931e+00 3.256419008757158867e-02
1.172500000000000098e+00 3.248793277148022407e-02
1.173000000000000043e+00 3.241182161941126572e-02
1.173499999999999988e+00 3.233585644098267708e-02
1.173999999999999932e+00 3.226003704582105364e-02
1.174500000000000099e+00 3.218436324356248324e-02
1.175000000000000044e+00 3.210883484385330250e-02
1.175499999999999989e+00 3.203345165635068659e-02
1.175999999999999934e+00 3.195821349072346801e-02
1.176500000000000101e+00 3.188312015665285826e-02
1.177000000000000046e+00 3.180817146383329436e-02
1.177499999999999991e+00 3.173336722197292459e-02
1.177999999999999936e+00 3.165870724079457299e-02
1.178500000000000103e+00 3.158419133003627366e-02
1.179000000000000048e+00 3.150981929945222138e-02
1.179499999999999993e+00 3.143559095881322957e-02
1.179999999999999938e+00 3.136150611790764625e-02
1.180500000000000105e+00 3.128756458654196465e-02
1.181000000000000050e+00 3.121376617454168015e-02
1.181499999999999995e+00 3.114011069175180030e-02
1.181999999999999940e+00 3.106659794803773647e-02
1.182500000000000107e+00 3.099322775328585550e-02
1.183000000000000052e+00 3.091999991740443030e-02
1.183499999999999996e+00 3.084691425032408049e-02
1.183999999999999941e+00 3.077397056199862937e-02
1.184500000000000108e+00 3.070116866240571799e-02
1.185000000000000053e+00 3.062850836154772105e-02
1.185499999999999998e+00 3.055598946945213210e-02
1.185999999999999943e+00 3.048361179617249672e-02
1.186500000000000110e+00 3.041137515178898854e-02
1.187000000000000055e+00 3.033927934640925222e-02
1.187500000000000000e+00 3.026732419016888581e-02
1.187999999999999945e+00 3.019550949323229067e-02
1.188500000000000112e+00 3.012383506579329254e-02
1.189000000000000057e+00 3.005230071807590830e-02
1.189500000000000002e+00 2.998090626033494618e-02
1.189999999999999947e+00 2.990965150285667534e-02
1.190500000000000114e+00 2.983853625595959957e-02
1.191000000000000059e+00 2.976756032999512344e-02
1.191500000000000004e+00 2.969672353534814208e-02
1.191999999999999948e+00 2.962602568243782181e-02
1.192500000000000115e+00 2.955546658171816915e-02
1.193000000000000060e+00 2.948504604367888082e-02
1.193500000000000005e+00 2.941476387884581906e-02
1.193999999999999950e+00 2.934461989778177834e-02
1.194500000000000117e+00 2.927461391108712729e-02
1.195000000000000062e+00 2.920474572940058577e-02
1.195500000000000007e+00 2.913501516339968983e-02
1.195999999999999952e+00 2.906542202380160353e-02
1.196500000000000119e+00 2.899596612136371224e-02
1.197000000000000064e+00 2.892664726688439630e-02
1.197500000000000009e+00 2.885746527120351679e-02
1.197999999999999954e+00 2.878841994520315445e-02
1.198500000000000121e+00 2.871951109980829323e-02
1.199000000000000066e+00 2.865073854598748637e-02
1.199500000000000011e+00 2.858210209475340463e-02
1.199999999999999956e+00 2.851360155716357869e-02
1.200500000000000123e+00 2.844523674432098553e-02
1.201000000000000068e+00 2.837700746737479435e-02
1.201500000000000012e+00 2.830891353752088349e-02
1.201999999999999957e+00 2.824095476600255172e-02
1.202500000000000124e+00 2.817313096411111842e-02
1.203000000000000069e+00 2.810544194318669031e-02
1.203500000000000014e+00 2.803788751461859519e-02
1.203999999999999959e+00 2.797046748984616943e-02
1.204500000000000126e+00 2.790318168035928886e-02
1.205000000000000071e+00 2.783602989769916325e-02
1.205500000000000016e+00 2.776901195345875956e-02
1.205999999999999961e+00 2.770212765928356871e-02
1.206500000000000128e+00 2.763537682687213642e-02
1.207000000000000073e+00 2.756875926797685422e-02
1.207500000000000018e+00 2.750227479440437231e-02
1.207999999999999963e+00 2.743592321801634551e-02
1.208500000000000130e+00 2.736970435072998836e-02
1.209000000000000075e+00 2.730361800451881413e-02
1.209500000000000020e+00 2.723766399141311009e-02
1.209999999999999964e+00 2.717184212350058636e-02
1.210500000000000131e+00 2.710615221292701424e-02
1.211000000000000076e+00 2.704059407189690276e-02
1.211500000000000021e+00 2.697516751267394278e-02
1.211999999999999966e+00 2.690987234758173557e-02
1.212500000000000133e+00 2.684470838900435835e-02
1.213000000000000078e+00 2.677967544938702690e-02
1.213500000000000023e+00 2.671477334123657441e-02
1.213999999999999968e+00 2.665000187712216959e-02
1.214500000000000135e+00 2.658536086967580592e-02
1.215000000000000080e+00 2.652085013159308571e-02
1.215500000000000025e+00 2.645646947563354973e-02
1.215999999999999970e+00 2.639221871462148900e-02
1.216499999999999915e+00 2.632809766144642016e-02
1.217000000000000082e+00 2.626410612906370998e-02
1.217500000000000027e+00 2.620024393049519285e-02
1.217999999999999972e+00 2.613651087882971902e-02
1.218499999999999917e+00 2.607290678722369234e-02
1.219000000000000083e+00 2.600943146890173294e-02
1.219500000000000028e+00 2.594608473715730515e-02
1.219999999999999973e+00 2.588286640535309227e-02
1.220499999999999918e+00 2.581977628692179103e-02
1.221000000000000085e+00 2.575681419536651751e-02
1.221500000000000030e+00 2.569397994426159126e-02
1.221999999999999975e+00 2.563127334725284062e-02
1.222499999999999920e+00 2.556869421805835901e-02
1.223000000000000087e+00 2.550624237046898724e-02
1.223500000000000032e+00 2.544391761834902815e-02
1.223999999999999977e+00 2.538171977563655549e-02
1.224499999999999922e+00 2.531964865634419096e-02
1.225000000000000089e+00 2.525770407455954145e-02
1.225500000000000034e+00 2.519588584444589982e-02
1.225999999999999979e+00 2.513419378024263351e-02
1.226499999999999924e+00 2.507262769626581247e-02
1.227000000000000091e+00 2.501118740690879208e-02
1.227500000000000036e+00 2.494987272664277514e-02
1.227999999999999980e+00 2.488868347001727335e-02
1.228499999999999925e+00 2.482761945166074916e-02
1.229000000000000092e+00 2.476668048628107369e-02
1.229500000000000037e+00 2.470586638866620333e-02
1.229999999999999982e+00 2.464517697368459256e-02
1.230499999999999927e+00 2.458461205628577687e-02
1.231000000000000094e+00 2.452417145150092431e-02
1.231500000000000039e+00 2.446385497444343582e-02
1.231999999999999984e+00 2.440366244030934759e-02
1.232499999999999929e+00 2.434359366437797295e-02
1.233000000000000096e+00 2.428364846201232913e-02
1.233500000000000041e+00 2.422382664865987620e-02
1.233999999999999986e+00 2.416412803985278426e-02
1.234499999999999931e+00 2.410455245120864815e-02
1.235000000000000098e+00 2.404509969843089331e-02
1.235500000000000043e+00 2.398576959730945937e-02
1.235999999999999988e+00 2.392656196372115046e-02
1.236499999999999932e+00 2.386747661363023201e-02
1.237000000000000099e+00 2.380851336308891647e-02
1.237500000000000044e+00 2.374967202823803636e-02
1.237999999999999989e+00 2.369095242530730103e-02
1.238499999999999934e+00 2.363235437061599400e-02
1.239000000000000101e+00 2.357387768057341709e-02
1.239500000000000046e+00 2.351552217167948711e-02
1.239999999999999991e+00 2.345728766052510711e-02
1.240499999999999936e+00 2.339917396379277356e-02
1.241000000000000103e+00 2.334118089825700654e-02
1.241500000000000048e+00 2.328330828078500198e-02
1.241999999999999993e+00 2.322555592833693699e-02
1.242499999999999938e+00 2.316792365796661174e-02
1.243000000000000105e+00 2.311041128682184836e-02
1.243500000000000050e+00 2.305301863214514677e-02
1.243999999999999995e+00 2.299574551127396907e-02
1.244499999999999940e+00 2.293859174164138842e-02
1.245000000000000107e+00 2.288155714077649838e-02
1.245500000000000052e+00 2.282464152630499926e-02
1.245999999999999996e+00 2.276784471594957282e-02
1.246499999999999941e+00 2.271116652753042697e-02
1.247000000000000108e+00 2.265460677896574682e-02
1.247500000000000053e+00 2.259816528827229484e-02
1.247999999999999998e+00 2.254184187356571625e-02
1.248499999999999943e+00 2.248563635306112876e-02
1.249000000000000110e+00 2.242954854507357362e-02
1.249500000000000055e+00 2.237357826801853605e-02
1.250000000000000000e+00 2.231772534041233033e-02
1.250499999999999945e+00 2.226198958087265492e-02
1.251000000000000112e+00 2.220637080811898104e-02
1.251500000000000057e+00 2.215086884097317022e-02
1.252000000000000002e+00 2.209548349835977615e-02
1.252499999999999947e+00 2.204021459930658594e-02
1.253000000000000114e+00 2.198506196294507109e-02
1.253500000000000059e+00 2.193002540851091142e-02
1.254000000000000004e+00 2.187510475534437671e-02
1.254499999999999948e+00 2.182029982289079156e-02
1.255000000000000115e+00 2.176561043070102466e-02
1.255500000000000060e+00 2.171103639843199873e-02
1.256000000000000005e+00 2.165657754584700626e-02
1.256499999999999950e+00 2.160223369281628197e-02
1.257000000000000117e+00 2.154800465931736714e-02
1.257500000000000062e+00 2.149389026543569239e-02
1.258000000000000007e+00 2.143989033136485881e-02
1.258499999999999952e+00 2.138600467740721378e-02
1.259000000000000119e+00 2.133223312397417026e-02
1.259500000000000064e+00 2.127857549158685899e-02
1.260000000000000009e+00 2.122503160087630888e-02
1.260499999999999954e+00 2.117160127258408547e-02
1.261000000000000121e+00 2.111828432756261004e-02
1.261500000000000066e+00 2.106508058677571821e-02
1.262000000000000011e+00 2.101198987129894794e-02
1.262499999999999956e+00 2.095901200232008418e-02
1.263000000000000123e+00 2.090614680113950935e-02
1.263500000000000068e+00 2.085339408917076531e-02
1.264000000000000012e+00 2.080075368794080670e-02
1.264499999999999957e+00 2.074822541909054213e-02
1.265000000000000124e+00 2.069580910437522278e-02
1.265500000000000069e+00 2.064350456566491077e-02
1.266000000000000014e+00 2.059131162494481568e-02
1.266499999999999959e+00 2.053923010431579418e-02
1.267000000000000126e+00 2.048725982599468309e-02
1.267500000000000071e+00 2.043540061231486488e-02
1.268000000000000016e+00 2.038365228572650706e-02
1.268499999999999961e+00 2.033201466879707917e-02
1.269000000000000128e+00 2.028048758421173089e-02
1.269500000000000073e+00 2.022907085477376049e-02
1.270000000000000018e+00 2.017776430340492005e-02
1.270499999999999963e+00 2.012656775314589433e-02
1.271000000000000130e+00 2.007548102715668234e-02
1.271500000000000075e+00 2.002450394871706230e-02
1.272000000000000020e+00 1.997363634122686915e-02
1.272499999999999964e+00 1.992287802820650114e-02
1.273000000000000131e+00 1.987222883329725284e-02
1.273500000000000076e+00 1.982168858026181132e-02
1.274000000000000021e+00 1.977125709298452674e-02
1.274499999999999966e+00 1.972093419547185991e-02
1.275000000000000133e+00 1.967071971185278129e-02
1.275500000000000078e+00 1.962061346637921158e-02
1.276000000000000023e+00 1.957061528342630280e-02
1.276499999999999968e+00 1.952072498749288232e-02
1.277000000000000135e+00 1.947094240320183453e-02
1.277500000000000080e+00 1.942126735530054493e-02
1.278000000000000025e+00 1.937169966866116380e-02
1.278499999999999970e+00 1.932223916828105723e-02
1.279000000000000137e+00 1.927288567928318180e-02
1.279500000000000082e+00 1.922363902691651139e-02
1.280000000000000027e+00 1.917449903655628340e-02
1.280499999999999972e+00 1.912546553370450889e-02
1.280999999999999917e+00 1.907653834399023612e-02
1.281500000000000083e+00 1.902771729317001559e-02
1.282000000000000028e+00 1.897900220712823993e-02
1.282499999999999973e+00 1.893039291187745971e-02
1.282999999999999918e+00 1.888188923355883092e-02
1.283500000000000085e+00 1.883349099844237526e-02
1.284000000000000030e+00 1.878519803292751783e-02
1.284499999999999975e+00 1.873701016354325719e-02
1.284999999999999920e+00 1.868892721694863715e-02
1.285500000000000087e+00 1.864094901993304174e-02
1.286000000000000032e+00 1.859307539941667045e-02
1.286499999999999977e+00 1.854530618245074300e-02
1.286999999999999922e+00 1.849764119621796071e-02
1.287500000000000089e+00 1.845008026803276677e-02
1.288000000000000034e+00 1.840262322534184578e-02
1.288499999999999979e+00 1.835526989572431114e-02
1.288999999999999924e+00 1.830802010689213180e-02
1.289500000000000091e+00 1.826087368669045835e-02
1.290000000000000036e+00 1.821383046309803244e-02
1.290499999999999980e+00 1.816689026422742270e-02
1.290999999999999925e+00 1.812005291832543760e-02
1.291500000000000092e+00 1.807331825377343076e-02
1.292000000000000037e+00 1.802668609908771036e-02
1.292499999999999982e+00 1.798015628291976462e-02
1.292999999999999927e+00 1.793372863405667816e-02
1.293500000000000094e+00 1.788740298142143387e-02
1.294000000000000039e+00 1.784117915407328406e-02
1.294499999999999984e+00 1.779505698120801768e-02
1.294999999999999929e+00 1.774903629215834888e-02
1.295500000000000096e+00 1.770311691639417373e-02
1.296000000000000041e+00 1.765729868352304208e-02
1.296499999999999986e+00 1.761158142329026857e-02
1.296999999999999931e+00 1.756596496557945308e-02
1.297500000000000098e+00 1.752044914041265763e-02
1.298000000000000043e+00 1.747503377795085050e-02
1.298499999999999988e+00 1.742971870849413171e-02
1.298999999999999932e+00 1.738450376248208001e-02
1.299500000000000099e+00 1.733938877049405469e-02
1.300000000000000044e+00 1.729437356324959110e-02
1.300499999999999989e+00 1.724945797160857761e-02
1.300999999999999934e+00 1.720464182657166496e-02
1.301500000000000101e+00 1.715992495928052308e-02
1.302000000000000046e+00 1.711530720101824346e-02
1.302499999999999991e+00 1.707078838320950920e-02
1.302999999999999936e+00 1.702636833742097663e-02
1.303500000000000103e+00 1.698204689536158066e-02
1.304000000000000048e+00 1.693782388888284696e-02
1.304499999999999993e+00 1.689369914997914529e-02
1.304999999999999938e+00 1.684967251078800868e-02
1.305500000000000105e+00 1.680574380359042830e-02
1.306000000000000050e+00 1.676191286081122819e-02
1.306499999999999995e+00 1.671817951501921098e-02
1.306999999999999940e+00 1.667454359892756033e-02
1.307500000000000107e+00 1.663100494539408378e-02
1.308000000000000052e+00 1.658756338742157707e-02
1.308499999999999996e+00 1.654421875815799414e-02
1.308999999999999941e+00 1.650097089089683222e-02
1.309500000000000108e+00 1.645781961907734001e-02
1.310000000000000053e+00 1.641476477628492012e-02
1.310499999999999998e+00 1.637180619625128175e-02
1.310999999999999943e+00 1.632894371285477028e-02
1.311500000000000110e+00 1.628617716012066910e-02
1.312000000000000055e+00 1.624350637222149105e-02
1.312500000000000000e+00 1.620093118347718658e-02
1.312999999999999945e+00 1.615845142835546991e-02
1.313500000000000112e+00 1.611606694147206878e-02
1.314000000000000057e+00 1.607377755759105409e-02
1.314500000000000002e+00 1.603158311162503416e-02
1.314999999999999947e+00 1.598948343863546354e-02
1.315500000000000114e+00 1.594747837383287542e-02
1.316000000000000059e+00 1.590556775257724598e-02
1.316500000000000004e+00 1.586375141037814351e-02
1.316999999999999948e+00 1.582202918289504073e-02
1.317500000000000115e+00 1.578040090593758188e-02
1.318000000000000060e+00 1.573886641546586723e-02
1.318500000000000005e+00 1.569742554759064393e-02
1.318999999999999950e+00 1.565607813857363209e-02
1.319500000000000117e+00 1.561482402482772258e-02
1.320000000000000062e+00 1.557366304291730834e-02
1.320500000000000007e+00 1.553259502955846305e-02
1.320999999999999952e+00 1.549161982161922392e-02
1.321500000000000119e+00 1.545073725611983279e-02
1.322000000000000064e+00 1.540994717023303623e-02
1.322500000000000009e+00 1.536924940128426599e-02
1.322999999999999954e+00 1.532864378675190611e-02
1.323500000000000121e+00 1.528813016426752540e-02
1.324000000000000066e+00 1.524770837161621047e-02
1.324500000000000011e+00 1.520737824673666985e-02
1.324999999999999956e+00 1.516713962772156879e-02
1.325500000000000123e+00 1.512699235281773566e-02
1.326000000000000068e+00 1.508693626042643086e-02
1.326500000000000012e+00 1.504697118910353765e-02
1.326999999999999957e+00 1.500709697755981363e-02
1.327500000000000124e+00 1.496731346466114408e-02
1.328000000000000069e+00 1.492762048942877957e-02
1.328500000000000014e+00 1.488801789103952854e-02
1.328999999999999959e+00 1.484850550882600359e-02
1.329500000000000126e+00 1.480908318227684879e-02
1.330000000000000071e+00 1.476975075103702240e-02
1.330500000000000016e+00 1.473050805490791829e-02
1.330999999999999961e+00 1.469135493384766088e-02
1.331500000000000128e+00 1.465229122797130114e-02
1.332000000000000073e+00 1.461331677755109935e-02
1.332500000000000018e+00 1.457443142301663962e-02
1.332999999999999963e+00 1.453563500495511779e-02
1.333500000000000130e+00 1.449692736411153579e-02
1.334000000000000075e+00 1.445830834138898263e-02
1.334500000000000020e+00 1.441977777784871941e-02
1.334999999999999964e+00 1.438133551471051409e-02
1.335500000000000131e+00 1.434298139335276993e-02
1.336000000000000076e+00 1.430471525531281859e-02
1.336500000000000021e+00 1.426653694228705201e-02
1.336999999999999966e+00 1.422844629613116349e-02
1.337500000000000133e+00 1.419044315886034031e-02
1.338000000000000078e+00 1.415252737264953257e-02
1.338500000000000023e+00 1.411469877983354514e-02
1.338999999999999968e+00 1.407695722290733080e-02
1.339500000000000135e+00 1.403930254452613602e-02
1.340000000000000080e+00 1.400173458750578366e-02
1.340500000000000025e+00 1.396425319482275801e-02
1.340999999999999970e+00 1.392685820961446323e-02
1.341500000000000137e+00 1.388954947517942462e-02
1.342000000000000082e+00 1.385232683497749154e-02
1.342500000000000027e+00 1.381519013262998662e-02
1.342999999999999972e+00 1.377813921191991912e-02
1.343500000000000139e+00 1.374117391679217232e-02
1.344000000000000083e+00 1.370429409135375497e-02
1.344500000000000028e+00 1.366749957987386903e-02
1.344999999999999973e+00 1.363079022678418371e-02
1.345499999999999918e+00 1.359416587667899683e-02
1.346000000000000085e+00 1.355762637431540997e-02
1.346500000000000030e+00 1.352117156461356620e-02
1.346999999999999975e+00 1.348480129265672116e-02
1.347499999999999920e+00 1.344851540369152929e-02
1.348000000000000087e+00 1.341231374312814792e-02
1.348500000000000032e+00 1.337619615654050964e-02
1.348999999999999977e+00 1.334016248966636911e-02
1.349499999999999922e+00 1.330421258840758583e-02
1.350000000000000089e+00 1.326834629883022476e-02
1.350500000000000034e+00 1.323256346716481478e-02
1.350999999999999979e+00 1.319686393980641810e-02
1.351499999999999924e+00 1.316124756331486095e-02
1.352000000000000091e+00 1.312571418441488280e-02
1.352500000000000036e+00 1.309026364999634796e-02
1.352999999999999980e+00 1.305489580711433062e-02
1.353499999999999925e+00 1.301961050298933512e-02
1.354000000000000092e+00 1.298440758500744863e-02
1.354500000000000037e+00 1.294928690072051462e-02
1.354999999999999982e+00 1.291424829784626124e-02
1.355499999999999927e+00 1.287929162426848864e-02
1.356000000000000094e+00 1.284441672803720083e-02
1.356500000000000039e+00 1.280962345736881905e-02
1.356999999999999984e+00 1.277491166064627197e-02
1.357499999999999929e+00 1.274028118641917610e-02
1.358000000000000096e+00 1.270573188340398153e-02
1.358500000000000041e+00 1.267126360048418353e-02
1.358999999999999986e+00 1.263687618671036766e-02
1.359499999999999931e+00 1.260256949130043012e-02
1.360000000000000098e+00 1.256834336363970260e-02
1.360500000000000043e+00 1.253419765328114485e-02
1.360999999999999988e+00 1.250013220994541929e-02
1.361499999999999932e+00 1.246614688352105579e-02
1.362000000000000099e+00 1.243224152406462515e-02
1.362500000000000044e+00 1.239841598180090217e-02
1.362999999999999989e+00 1.236467010712290031e-02
1.363499999999999934e+00 1.233100375059212502e-02
1.364000000000000101e+00 1.229741676293863266e-02
1.364500000000000046e+00 1.226390899506125953e-02
1.364999999999999991e+00 1.223048029802764267e-02
1.365499999999999936e+00 1.219713052307443320e-02
1.366000000000000103e+00 1.216385952160739005e-02
1.366500000000000048e+00 1.213066714520159503e-02
1.366999999999999993e+00 1.209755324560144764e-02
1.367499999999999938e+00 1.206451767472090618e-02
1.368000000000000105e+00 1.203156028464354155e-02
1.368500000000000050e+00 1.199868092762276101e-02
1.368999999999999995e+00 1.196587945608182900e-02
1.369499999999999940e+00 1.193315572261405104e-02
1.370000000000000107e+00 1.190050957998286738e-02
1.370500000000000052e+00 1.186794088112203861e-02
1.370999999999999996e+00 1.183544947913568561e-02
1.371499999999999941e+00 1.180303522729844214e-02
1.372000000000000108e+00 1.177069797905559538e-02
1.372500000000000053e+00 1.173843758802319524e-02
1.372999999999999998e+00 1.170625390798814627e-02
1.373499999999999943e+00 1.167414679290834124e-02
1.374000000000000110e+00 1.164211609691276177e-02
1.374500000000000055e+00 1.161016167430165523e-02
1.375000000000000000e+00 1.157828337954653827e-02
1.375499999999999945e+00 1.154648106729039628e-02
1.376000000000000112e+00 1.151475459234774235e-02
1.376500000000000057e+00 1.148310380970478904e-02
1.377000000000000002e+00 1.145152857451947268e-02
1.377499999999999947e+00 1.142002874212160422e-02
1.378000000000000114e+00 1.138860416801298035e-02
1.378500000000000059e+00 1.135725470786749618e-02
1.379000000000000004e+00 1.132598021753120250e-02
1.379499999999999948e+00 1.129478055302243766e-02
1.380000000000000115e+00 1.126365557053193335e-02
1.380500000000000060e+00 1.123260512642292909e-02
1.381000000000000005e+00 1.120162907723120521e-02
1.381499999999999950e+00 1.117072727966526152e-02
1.382000000000000117e+00 1.113989959060632771e-02
1.382500000000000062e+00 1.110914586710857847e-02
1.383000000000000007e+00 1.107846596639909531e-02
1.383499999999999952e+00 1.104785974587804177e-02
1.384000000000000119e+00 1.101732706311870681e-02
1.384500000000000064e+00 1.098686777586767478e-02
1.385000000000000009e+00 1.095648174204481330e-02
1.385499999999999954e+00 1.092616881974343285e-02
1.386000000000000121e+00 1.089592886723031971e-02
1.386500000000000066e+00 1.086576174294590601e-02
1.387000000000000011e+00 1.083566730550426273e-02
1.387499999999999956e+00 1.080564541369322638e-02
1.388000000000000123e+00 1.077569592647447186e-02
1.388500000000000068e+00 1.074581870298363211e-02
1.389000000000000012e+00 1.071601360253032070e-02
1.389499999999999957e+00 1.068628048459823766e-02
1.390000000000000124e+00 1.065661920884524230e-02
1.390500000000000069e+00 1.062702963510347119e-02
1.391000000000000014e+00 1.059751162337933990e-02
1.391499999999999959e+00 1.056806503385367829e-02
1.392000000000000126e+00 1.053868972688175483e-02
1.392500000000000071e+00 1.050938556299343442e-02
1.393000000000000016e+00 1.048015240289314198e-02
1.393499999999999961e+00 1.045099010746001512e-02
1.394000000000000128e+00 1.042189853774791279e-02
1.394500000000000073e+00 1.039287755498557488e-02
1.395000000000000018e+00 1.036392702057656323e-02
1.395499999999999963e+00 1.033504679609944035e-02
1.396000000000000130e+00 1.030623674330776417e-02
1.396500000000000075e+00 1.027749672413020947e-02
1.397000000000000020e+00 1.024882660067057832e-02
1.397499999999999964e+00 1.022022623520788681e-02
1.398000000000000131e+00 1.019169549019640839e-02
1.398500000000000076e+00 1.016323422826580399e-02
1.399000000000000021e+00 1.013484231222107866e-02
1.399499999999999966e+00 1.010651960504269260e-02
1.400000000000000133e+00 1.007826596988662185e-02
1.400500000000000078e+00 1.005008127008443289e-02
1.401000000000000023e+00 1.002196536914327918e-02
1.401499999999999968e+00 9.993918130745994832e-03
1.402000000000000135e+00 9.965939418751125836e-03
1.402500000000000080e+00 9.938029097193042810e-03
1.403000000000000025e+00 9.910187030281911516e-03
1.403499999999999970e+00 9.882413082403779594e-03
1.404000000000000137e+00 9.854707118120612994e-03
1.404500000000000082e+00 9.827069002170393114e-03
1.405000000000000027e+00 9.799498599467092522e-03
1.405499999999999972e+00 9.771995775100763421e-03
1.406000000000000139e+00 9.744560394337546325e-03
1.406500000000000083e+00 9.717192322619803632e-03
1.407000000000000028e+00 9.689891425566043298e-03
1.407499999999999973e+00 9.662657568971026387e-03
1.407999999999999918e+00 9.635490618805810439e-03
1.408500000000000085e+00 9.608390441217752945e-03
1.409000000000000030e+00 9.581356902530625830e-03
1.409499999999999975e+00 9.554389869244549541e-03
1.409999999999999920e+00 9.527489208036100596e-03
1.410500000000000087e+00 9.500654785758321993e-03
1.411000000000000032e+00 9.473886469440785663e-03
1.411499999999999977e+00 9.447184126289592462e-03
1.411999999999999922e+00 9.420547623687420755e-03
1.412500000000000089e+00 9.393976829193536812e-03
1.413000000000000034e+00 9.367471610543888494e-03
1.413499999999999979e+00 9.341031835651058407e-03
1.413999999999999924e+00 9.314657372604340235e-03
1.414500000000000091e+00 9.288348089669731800e-03
1.415000000000000036e+00 9.262103855290032203e-03
1.415499999999999980e+00 9.235924538084774177e-03
1.415999999999999925e+00 9.209810006850326428e-03
1.416500000000000092e+00 9.183760130559841597e-03
1.417000000000000037e+00 9.157774778363391571e-03
1.417499999999999982e+00 9.131853819587870333e-03
1.417999999999999927e+00 9.105997123737087640e-03
1.418500000000000094e+00 9.080204560491758614e-03
1.419000000000000039e+00 9.054475999709560990e-03
1.419499999999999984e+00 9.028811311425112562e-03
1.419999999999999929e+00 9.003210365849986796e-03
1.420500000000000096e+00 8.977673033372771810e-03
1.421000000000000041e+00 8.952199184559058234e-03
1.421499999999999986e+00 8.926788690151447880e-03
1.421999999999999931e+00 8.901441421069579765e-03
1.422500000000000098e+00 8.876157248410142253e-03
1.423000000000000043e+00 8.850936043446883464e-03
1.423499999999999988e+00 8.825777677630630355e-03
1.423999999999999932e+00 8.800682022589274844e-03
1.424500000000000099e+00 8.775648950127803299e-03
1.425000000000000044e+00 8.750678332228322559e-03
1.425499999999999989e+00 8.725770041050020034e-03
1.425999999999999934e+00 8.700923948929217486e-03
1.426500000000000101e+00 8.676139928379320715e-03
1.427000000000000046e+00 8.651417852090916710e-03
1.427499999999999991e+00 8.626757592931674767e-03
1.427999999999999936e+00 8.602159023946414143e-03
1.428500000000000103e+00 8.577622018357064157e-03
1.429000000000000048e+00 8.553146449562730111e-03
1.429499999999999993e+00 8.528732191139629104e-03
1.429999999999999938e+00 8.504379116841107381e-03
1.430500000000000105e+00 8.480087100597640329e-03
1.431000000000000050e+00 8.455856016516879320e-03
1.431499999999999995e+00 8.431685738883542419e-03
1.431999999999999940e+00 8.407576142159508062e-03
1.432500000000000107e+00 8.383527100983764746e-03
1.433000000000000052e+00 8.359538490172417971e-03
1.433499999999999996e+00 8.335610184718683299e-03
1.433999999999999941e+00 8.311742059792872478e-03
1.434500000000000108e+00 8.287933990742353541e-03
1.435000000000000053e+00 8.264185853091660094e-03
1.435499999999999998e+00 8.240497522542309175e-03
1.435999999999999943e+00 8.216868874972938289e-03
1.436500000000000110e+00 8.193299786439194390e-03
1.437000000000000055e+00 8.169790133173794600e-03
1.437500000000000000e+00 8.146339791586458545e-03
1.437999999999999945e+00 8.122948638263918775e-03
1.438500000000000112e+00 8.099616549969903406e-03
1.439000000000000057e+00 8.076343403645117047e-03
1.439500000000000002e+00 8.053129076407235590e-03
1.439999999999999947e+00 8.029973445550861108e-03
1.440500000000000114e+00 8.006876388547523593e-03
1.441000000000000059e+00 7.983837783045675748e-03
1.441500000000000004e+00 7.960857506870642683e-03
1.441999999999999948e+00 7.937935438024601095e-03
1.442500000000000115e+00 7.915071454686593150e-03
1.443000000000000060e+00 7.892265435212477906e-03
1.443500000000000005e+00 7.869517258134898358e-03
1.443999999999999950e+00 7.846826802163276229e-03
1.444500000000000117e+00 7.824193946183775547e-03
1.445000000000000062e+00 7.801618569259305240e-03
1.445500000000000007e+00 7.779100550629434140e-03
1.445999999999999952e+00 7.756639769710425673e-03
1.446500000000000119e+00 7.734236106095161538e-03
1.447000000000000064e+00 7.711889439553154708e-03
1.447500000000000009e+00 7.689599650030489592e-03
1.447999999999999954e+00 7.667366617649782994e-03
1.448500000000000121e+00 7.645190222710184988e-03
1.449000000000000066e+00 7.623070345687350292e-03
1.449500000000000011e+00 7.601006867233355002e-03
1.449999999999999956e+00 7.578999668176703529e-03
1.450500000000000123e+00 7.557048629522281763e-03
1.451000000000000068e+00 7.535153632451348400e-03
1.451500000000000012e+00 7.513314558321436930e-03
1.451999999999999957e+00 7.491531288666387726e-03
1.452500000000000124e+00 7.469803705196254376e-03
1.453000000000000069e+00 7.448131689797314083e-03
1.453500000000000014e+00 7.426515124531985271e-03
1.453999999999999959e+00 7.404953891638822380e-03
1.454500000000000126e+00 7.383447873532429998e-03
1.455000000000000071e+00 7.361996952803490611e-03
1.455500000000000016e+00 7.340601012218661396e-03
1.455999999999999961e+00 7.319259934720549927e-03
1.456500000000000128e+00 7.297973603427665608e-03
1.457000000000000073e+00 7.276741901634407525e-03
1.457500000000000018e+00 7.255564712810978582e-03
1.457999999999999963e+00 7.234441920603345601e-03
1.458500000000000130e+00 7.213373408833196818e-03
1.459000000000000075e+00 7.192359061497939285e-03
1.459500000000000020e+00 7.171398762770569632e-03
1.459999999999999964e+00 7.150492396999681873e-03
1.460500000000000131e+00 7.129639848709381535e-03
1.461000000000000076e+00 7.108841002599289131e-03
1.461500000000000021e+00 7.088095743544436944e-03
1.461999999999999966e+00 7.067403956595229124e-03
1.462500000000000133e+00 7.046765526977393120e-03
1.463000000000000078e+00 7.026180340091949320e-03
1.463500000000000023e+00 7.005648281515113908e-03
1.463999999999999968e+00 6.985169236998280649e-03
1.464500000000000135e+00 6.964743092467925480e-03
1.465000000000000080e+00 6.944369734025616046e-03
1.465500000000000025e+00 6.924049047947879003e-03
1.465999999999999970e+00 6.903780920686189600e-03
1.466500000000000137e+00 6.883565238866894490e-03
1.467000000000000082e+00 6.863401889291183972e-03
1.467500000000000027e+00 6.843290758934967959e-03
1.467999999999999972e+00 6.823231734948889855e-03
1.468500000000000139e+00 6.803224704658203392e-03
1.469000000000000083e+00 6.783269555562761351e-03
1.469500000000000028e+00 6.763366175336915816e-03
1.469999999999999973e+00 6.743514451829473941e-03
1.470500000000000140e+00 6.723714273063610344e-03
1.471000000000000085e+00 6.703965527236860171e-03
1.471500000000000030e+00 6.684268102720980313e-03
1.471999999999999975e+00 6.664621888061926860e-03
1.472499999999999920e+00 6.645026771979781373e-03
1.473000000000000087e+00 6.625482643368674554e-03
1.473500000000000032e+00 6.605989391296750689e-03
1.473999999999999977e+00 6.586546905006035804e-03
1.474499999999999922e+00 6.567155073912435935e-03
1.475000000000000089e+00 6.547813787605613958e-03
1.475500000000000034e+00 6.528522935848965307e-03
1.475999999999999979e+00 6.509282408579506948e-03
1.476499999999999924e+00 6.490092095907833147e-03
1.477000000000000091e+00 6.470951888118007915e-03
1.477500000000000036e+00 6.451861675667558069e-03
1.477999999999999980e+00 6.432821349187317975e-03
1.478499999999999925e+00 6.413830799481410466e-03
1.479000000000000092e+00 6.394889917527145362e-03
1.479500000000000037e+00 6.375998594474971762e-03
1.479999999999999982e+00 6.357156721648372227e-03
1.480499999999999927e+00 6.338364190543791660e-03
1.481000000000000094e+00 6.319620892830554032e-03
1.481500000000000039e+00 6.300926720350832899e-03
1.481999999999999984e+00 6.282281565119498742e-03
1.482499999999999929e+00 6.263685319324088611e-03
1.483000000000000096e+00 6.245137875324693368e-03
1.483500000000000041e+00 6.226639125653932530e-03
1.483999999999999986e+00 6.208188963016799018e-03
1.484499999999999931e+00 6.189787280290627060e-03
1.485000000000000098e+00 6.171433970524982902e-03
1.485500000000000043e+00 6.153128926941635324e-03
1.485999999999999988e+00 6.134872042934377823e-03
1.486499999999999932e+00 6.116663212069029486e-03
1.487000000000000099e+00 6.098502328083291874e-03
1.487500000000000044e+00 6.080389284886724734e-03
1.487999999999999989e+00 6.062323976560590744e-03
1.488499999999999934e+00 6.044306297357816479e-03
1.489000000000000101e+00 6.026336141702868382e-03
1.489500000000000046e+00 6.008413404191715462e-03
1.489999999999999991e+00 5.990537979591696593e-03
1.490499999999999936e+00 5.972709762841438112e-03
1.491000000000000103e+00 5.954928649050766215e-03
1.491500000000000048e+00 5.937194533500655784e-03
1.491999999999999993e+00 5.919507311643059516e-03
1.492499999999999938e+00 5.901866879100887975e-03
1.493000000000000105e+00 5.884273131667867342e-03
1.493500000000000050e+00 5.866725965308506457e-03
1.493999999999999995e+00 5.849225276157931155e-03
1.494499999999999940e+00 5.831770960521839159e-03
1.495000000000000107e+00 5.814362914876382120e-03
1.495500000000000052e+00 5.797001035868098832e-03
1.495999999999999996e+00 5.779685220313790332e-03
1.496499999999999941e+00 5.762415365200426222e-03
1.497000000000000108e+00 5.745191367685050995e-03
1.497500000000000053e+00 5.728013125094720721e-03
1.497999999999999998e+00 5.710880534926350387e-03
1.498499999999999943e+00 5.693793494846636702e-03
1.499000000000000110e+00 5.676751902691967895e-03
1.499500000000000055e+00 5.659755656468338711e-03
1.500000000000000000e+00 5.642804654351202091e-03
1.500499999999999945e+00 5.625898794685404991e-03
1.501000000000000112e+00 5.609037975985079090e-03
1.501500000000000057e+00 5.592222096933545383e-03
1.502000000000000002e+00 5.575451056383201424e-03
1.502499999999999947e+00 5.558724753355406833e-03
1.503000000000000114e+00 5.542043087040414776e-03
1.503500000000000059e+00 5.525405956797241856e-03
1.504000000000000004e+00 5.508813262153565773e-03
1.504499999999999948e+00 5.492264902805623836e-03
1.505000000000000115e+00 5.475760778618105409e-03
1.505500000000000060e+00 5.459300789624068652e-03
1.506000000000000005e+00 5.442884836024786989e-03
1.506499999999999950e+00 5.426512818189677990e-03
1.507000000000000117e+00 5.410184636656178471e-03
1.507500000000000062e+00 5.393900192129674233e-03
1.508000000000000007e+00 5.377659385483322257e-03
1.508499999999999952e+00 5.361462117758007337e-03
1.509000000000000119e+00 5.345308290162178143e-03
1.509500000000000064e+00 5.329197804071802123e-03
1.510000000000000009e+00 5.313130561030185960e-03
1.510499999999999954e+00 5.297106462747905309e-03
1.511000000000000121e+00 5.281125411102679905e-03
1.511500000000000066e+00 5.265187308139280750e-03
1.512000000000000011e+00 5.249292056069373991e-03
1.512499999999999956e+00 5.233439557271460200e-03
1.513000000000000123e+00 5.217629714290714787e-03
1.513500000000000068e+00 5.201862429838911665e-03
1.514000000000000012e+00 5.186137606794281874e-03
1.514499999999999957e+00 5.170455148201412096e-03
1.515000000000000124e+00 5.154814957271109353e-03
1.515500000000000069e+00 5.139216937380334214e-03
1.516000000000000014e+00 5.123660992072018652e-03
1.516499999999999959e+00 5.108147025054991450e-03
1.517000000000000126e+00 5.092674940203842891e-03
1.517500000000000071e+00 5.077244641558843231e-03
1.518000000000000016e+00 5.061856033325754477e-03
1.518499999999999961e+00 5.046509019875778344e-03
1.519000000000000128e+00 5.031203505745394933e-03
1.519500000000000073e+00 5.015939395636272516e-03
1.520000000000000018e+00 5.000716594415120959e-03
1.520499999999999963e+00 4.985535007113588504e-03
1.521000000000000130e+00 4.970394538928127326e-03
1.521500000000000075e+00 4.955295095219899859e-03
1.522000000000000020e+00 4.940236581514611397e-03
1.522499999999999964e+00 4.925218903502424223e-03
1.523000000000000131e+00 4.910241967037811024e-03
1.523500000000000076e+00 4.895305678139475099e-03
1.524000000000000021e+00 4.880409942990151725e-03
1.524499999999999966e+00 4.865554667936556991e-03
1.525000000000000133e+00 4.850739759489206514e-03
1.525500000000000078e+00 4.835965124322349519e-03
1.526000000000000023e+00 4.821230669273778892e-03
1.526499999999999968e+00 4.806536301344753979e-03
1.527000000000000135e+00 4.791881927699829721e-03
1.527500000000000080e+00 4.777267455666800271e-03
1.528000000000000025e+00 4.762692792736489093e-03
1.528499999999999970e+00 4.748157846562668302e-03
1.529000000000000137e+00 4.733662524961916411e-03
1.529500000000000082e+00 4.719206735913518587e-03
1.530000000000000027e+00 4.704790387559288842e-03
1.530499999999999972e+00 4.690413388203464214e-03
1.531000000000000139e+00 4.676075646312583337e-03
1.531500000000000083e+00 4.661777070515357203e-03
1.532000000000000028e+00 4.647517569602513041e-03
1.532499999999999973e+00 4.633297052526684154e-03
1.533000000000000140e+00 4.619115428402271149e-03
1.533500000000000085e+00 4.604972606505329177e-03
1.534000000000000030e+00 4.590868496273390990e-03
1.534499999999999975e+00 4.576803007305385411e-03
1.535000000000000142e+00 4.562776049361462992e-03
1.535500000000000087e+00 4.548787532362897137e-03
1.536000000000000032e+00 4.534837366391918437e-03
1.536499999999999977e+00 4.520925461691601907e-03
1.536999999999999922e+00 4.507051728665728216e-03
1.537500000000000089e+00 4.493216077878625821e-03
1.538000000000000034e+00 4.479418420055087703e-03
1.538499999999999979e+00 4.465658666080176212e-03
1.538999999999999924e+00 4.451936726999122448e-03
1.539500000000000091e+00 4.438252514017174480e-03
1.540000000000000036e+00 4.424605938499483714e-03
1.540499999999999980e+00 4.410996911970926221e-03
1.540999999999999925e+00 4.397425346116007328e-03
1.541500000000000092e+00 4.383891152778689008e-03
1.542000000000000037e+00 4.370394243962281468e-03
1.542499999999999982e+00 4.356934531829280942e-03
1.542999999999999927e+00 4.343511928701241330e-03
1.543500000000000094e+00 4.330126347058631080e-03
1.544000000000000039e+00 4.316777699540696143e-03
1.544499999999999984e+00 4.303465898945319466e-03
1.544999999999999929e+00 4.290190858228875269e-03
1.545500000000000096e+00 4.276952490506084198e-03
1.546000000000000041e+00 4.263750709049900570e-03
1.546499999999999986e+00 4.250585427291323284e-03
1.546999999999999931e+00 4.237456558819298683e-03
1.547500000000000098e+00 4.224364017380537531e-03
1.548000000000000043e+00 4.211307716879423083e-03
1.548499999999999988e+00 4.198287571377813318e-03
1.548999999999999932e+00 4.185303495094932526e-03
1.549500000000000099e+00 4.172355402407203900e-03
1.550000000000000044e+00 4.159443207848137654e-03
1.550499999999999989e+00 4.146566826108160145e-03
1.550999999999999934e+00 4.133726172034467294e-03
1.551500000000000101e+00 4.120921160630892748e-03
1.552000000000000046e+00 4.108151707057763891e-03
1.552499999999999991e+00 4.095417726631745726e-03
1.552999999999999936e+00 4.082719134825687352e-03
1.553500000000000103e+00 4.070055847268497923e-03
1.554000000000000048e+00 4.057427779744995737e-03
1.554499999999999993e+00 4.044834848195738228e-03
1.554999999999999938e+00 4.032276968716896198e-03
1.555500000000000105e+00 4.019754057560087288e-03
1.556000000000000050e+00 4.007266031132270152e-03
1.556499999999999995e+00 3.994812805995538035e-03
1.556999999999999940e+00 3.982394298867006008e-03
1.557500000000000107e+00 3.970010426618646171e-03
1.558000000000000052e+00 3.957661106277168828e-03
1.558499999999999996e+00 3.945346255023830795e-03
1.558999999999999941e+00 3.933065790194299229e-03
1.559500000000000108e+00 3.920819629278516315e-03
1.560000000000000053e+00 3.908607689920546614e-03
1.560499999999999998e+00 3.896429889918400120e-03
1.560999999999999943e+00 3.884286147223908227e-03
1.561500000000000110e+00 3.872176379942557194e-03
1.562000000000000055e+00 3.860100506333352839e-03
1.562500000000000000e+00 3.848058444808651404e-03
1.562999999999999945e+00 3.836050113934009066e-03
1.563500000000000112e+00 3.824075432428029712e-03
1.564000000000000057e+00 3.812134319162237446e-03
1.564500000000000002e+00 3.800226693160879687e-03
1.564999999999999947e+00 3.788352473600805747e-03
1.565500000000000114e+00 3.776511579811289883e-03
1.566000000000000059e+00 3.764703931273913774e-03
1.566500000000000004e+00 3.752929447622362687e-03
1.566999999999999948e+00 3.741188048642315328e-03
1.567500000000000115e+00 3.729479654271256051e-03
1.568000000000000060e+00 3.717804184598346058e-03
1.568500000000000005e+00 3.706161559864248629e-03
1.568999999999999950e+00 3.694551700460978194e-03
1.569500000000000117e+00 3.682974526931742047e-03
1.570000000000000062e+00 3.671429959970806765e-03
1.570500000000000007e+00 3.659917920423305226e-03
1.570999999999999952e+00 3.648438329285103032e-03
1.571500000000000119e+00 3.636991107702632411e-03
1.572000000000000064e+00 3.625576176972752571e-03
1.572500000000000009e+00 3.614193458542557143e-03
1.572999999999999954e+00 3.602842874009254057e-03
1.573500000000000121e+00 3.591524345119978187e-03
1.574000000000000066e+00 3.580237793771655613e-03
1.574500000000000011e+00 3.568983142010827541e-03
1.574999999999999956e+00 3.557760312033504159e-03
1.575500000000000123e+00 3.546569226184986823e-03
1.576000000000000068e+00 3.535409806959744026e-03
1.576500000000000012e+00 3.524281977001210604e-03
1.576999999999999957e+00 3.513185659101653296e-03
1.577500000000000124e+00 3.502120776202000737e-03
1.578000000000000069e+00 3.491087251391696011e-03
1.578500000000000014e+00 3.480085007908520576e-03
1.578999999999999959e+00 3.469113969138435099e-03
1.579500000000000126e+00 3.458174058615422469e-03
1.580000000000000071e+00 3.447265200021342509e-03
1.580500000000000016e+00 3.436387317185741596e-03
1.580999999999999961e+00 3.425540334085700432e-03
1.581500000000000128e+00 3.414724174845680960e-03
1.582000000000000073e+00 3.403938763737369803e-03
1.582500000000000018e+00 3.393184025179489180e-03
1.582999999999999963e+00 3.382459883737656825e-03
1.583500000000000130e+00 3.371766264124210349e-03
1.584000000000000075e+00 3.361103091198071498e-03
1.584500000000000020e+00 3.350470289964534512e-03
1.584999999999999964e+00 3.339867785575148171e-03
1.585500000000000131e+00 3.329295503327519765e-03
1.586000000000000076e+00 3.318753368665185426e-03
1.586500000000000021e+00 3.308241307177410204e-03
1.586999999999999966e+00 3.297759244599038006e-03
1.587500000000000133e+00 3.287307106810333310e-03
1.588000000000000078e+00 3.276884819836818966e-03
1.588500000000000023e+00 3.266492309849096214e-03
1.588999999999999968e+00 3.256129503162685530e-03
1.589500000000000135e+00 3.245796326237862257e-03
1.590000000000000080e+00 3.235492705679501781e-03
1.590500000000000025e+00 3.225218568236893051e-03
1.590999999999999970e+00 3.214973840803590690e-03
1.591500000000000137e+00 3.204758450417230682e-03
1.592000000000000082e+00 3.194572324259393331e-03
1.592500000000000027e+00 3.184415389655402464e-03
1.592999999999999972e+00 3.174287574074179281e-03
1.593500000000000139e+00 3.164188805128069753e-03
1.594000000000000083e+00 3.154119010572688057e-03
1.594500000000000028e+00 3.144078118306724030e-03
1.594999999999999973e+00 3.134066056371806117e-03
1.595500000000000140e+00 3.124082752952307522e-03
1.596000000000000085e+00 3.114128136375200924e-03
1.596500000000000030e+00 3.104202135109871991e-03
1.596999999999999975e+00 3.094304677767964126e-03
1.597500000000000142e+00 3.084435693103195018e-03
1.598000000000000087e+00 3.074595110011213092e-03
1.598500000000000032e+00 3.064782857529407128e-03
1.598999999999999977e+00 3.054998864836740591e-03
1.599500000000000144e+00 3.045243061253586399e-03
1.600000000000000089e+00 3.035515376241566029e-03
1.600500000000000034e+00 3.025815739403366067e-03
1.600999999999999979e+00 3.016144080482572112e-03
1.601499999999999924e+00 3.006500329363503542e-03
1.602000000000000091e+00 2.996884416071037005e-03
1.602500000000000036e+00 2.987296270770456365e-03
1.602999999999999980e+00 2.977735823767253213e-03
1.603499999999999925e+00 2.968203005506969867e-03
1.604000000000000092e+00 2.958697746575033281e-03
1.604500000000000037e+00 2.949219977696589806e-03
1.604999999999999982e+00 2.939769629736311337e-03
1.605499999999999927e+00 2.930346633698244392e-03
1.606000000000000094e+00 2.920950920725629701e-03
1.606500000000000039e+00 2.911582422100744347e-03
1.606999999999999984e+00 2.902241069244712677e-03
1.607499999999999929e+00 2.892926793717342810e-03
1.608000000000000096e+00 2.883639527216950126e-03
1.608500000000000041e+00 2.874379201580206777e-03
1.608999999999999986e+00 2.865145748781940897e-03
1.609499999999999931e+00 2.855939100934973534e-03
1.610000000000000098e+00 2.846759190289955589e-03
1.610500000000000043e+00 2.837605949235197378e-03
1.610999999999999988e+00 2.828479310296475643e-03
1.611499999999999932e+00 2.819379206136879163e-03
1.612000000000000099e+00 2.810305569556626176e-03
1.612500000000000044e+00 2.801258333492913886e-03
1.612999999999999989e+00 2.792237431019704234e-03
1.613499999999999934e+00 2.783242795347590746e-03
1.614000000000000101e+00 2.774274359823595583e-03
1.614500000000000046e+00 2.765332057931027283e-03
1.614999999999999991e+00 2.756415823289274768e-03
1.615499999999999936e+00 2.747525589653654256e-03
1.616000000000000103e+00 2.738661290915225810e-03
1.616500000000000048e+00 2.729822861100635045e-03
1.616999999999999993e+00 2.721010234371914506e-03
1.617499999999999938e+00 2.712223345026328405e-03
1.618000000000000105e+00 2.703462127496187445e-03
1.618500000000000050e+00 2.694726516348696158e-03
1.618999999999999995e+00 2.686016446285748212e-03
1.619499999999999940e+00 2.677331852143764214e-03
1.620000000000000107e+00 2.668672668893525175e-03
1.620500000000000052e+00 2.660038831639997738e-03
1.620999999999999996e+00 2.651430275622142056e-03
1.621499999999999941e+00 2.642846936212750898e-03
1.622000000000000108e+00 2.634288748918271836e-03
1.622500000000000053e+00 2.625755649378641154e-03
1.622999999999999998e+00 2.617247573367083909e-03
1.623499999999999943e+00 2.608764456789967358e-03
1.624000000000000110e+00 2.600306235686603192e-03
1.624500000000000055e+00 2.591872846229090113e-03
1.625000000000000000e+00 2.583464224722122581e-03
1.625499999999999945e+00 2.575080307602824279e-03
1.626000000000000112e+00 2.566721031440569005e-03
1.626500000000000057e+00 2.558386332936811967e-03
1.627000000000000002e+00 2.550076148924899835e-03
1.627499999999999947e+00 2.541790416369904635e-03
1.628000000000000114e+00 2.533529072368444213e-03
1.628500000000000059e+00 2.525292054148513526e-03
1.629000000000000004e+00 2.517079299069299031e-03
1.629499999999999948e+00 2.508890744620999574e-03
1.630000000000000115e+00 2.500726328424662023e-03
1.630500000000000060e+00 2.492585988232000425e-03
1.631000000000000005e+00 2.484469661925211691e-03
1.631499999999999950e+00 2.476377287516805595e-03
1.632000000000000117e+00 2.468308803149427827e-03
1.632500000000000062e+00 2.460264147095689129e-03
1.633000000000000007e+00 2.452243257757970567e-03
1.633499999999999952e+00 2.444246073668262641e-03
1.634000000000000119e+00 2.436272533487978797e-03
1.634500000000000064e+00 2.428322576007794966e-03
1.635000000000000009e+00 2.420396140147450074e-03
1.635499999999999954e+00 2.412493164955576037e-03
1.636000000000000121e+00 2.404613589609529926e-03
1.636500000000000066e+00 2.396757353415207049e-03
1.637000000000000011e+00 2.388924395806871388e-03
1.637499999999999956e+00 2.381114656346962170e-03
1.638000000000000123e+00 2.373328074725932109e-03
1.638500000000000068e+00 2.365564590762070894e-03
1.639000000000000012e+00 2.357824144401315675e-03
1.639499999999999957e+00 2.350106675717077587e-03
1.640000000000000124e+00 2.342412124910062642e-03
1.640500000000000069e+00 2.334740432308109962e-03
1.641000000000000014e+00 2.327091538365989691e-03
1.641499999999999959e+00 2.319465383665232552e-03
1.642000000000000126e+00 2.311861908913961147e-03
1.642500000000000071e+00 2.304281054946710847e-03
1.643000000000000016e+00 2.296722762724236807e-03
1.643499999999999961e+00 2.289186973333349594e-03
1.644000000000000128e+00 2.281673627986731314e-03
1.644500000000000073e+00 2.274182668022765169e-03
1.645000000000000018e+00 2.266714034905345943e-03
1.645499999999999963e+00 2.259267670223705660e-03
1.646000000000000130e+00 2.251843515692238812e-03
1.646500000000000075e+00 2.244441513150324981e-03
1.647000000000000020e+00 2.237061604562141058e-03
1.647499999999999964e+00 2.229703732016491240e-03
1.648000000000000131e+00 2.222367837726623579e-03
1.648500000000000076e+00 2.215053864030062589e-03
1.649000000000000021e+00 2.207761753388411477e-03
1.649499999999999966e+00 2.200491448387187354e-03
1.650000000000000133e+00 2.193242891735637350e-03
1.650500000000000078e+00 2.186016026266572945e-03
1.651000000000000023e+00 2.178810794936164412e-03
1.651499999999999968e+00 2.171627140823788153e-03
1.652000000000000135e+00 2.164465007131829381e-03
1.652500000000000080e+00 2.157324337185523820e-03
1.653000000000000025e+00 2.150205074432755617e-03
1.653499999999999970e+00 2.143107162443894272e-03
1.654000000000000137e+00 2.136030544911606422e-03
1.654500000000000082e+00 2.128975165650691913e-03
1.655000000000000027e+00 2.121940968597882567e-03
1.655499999999999972e+00 2.114927897811684759e-03
1.656000000000000139e+00 2.107935897472182959e-03
1.656500000000000083e+00 2.100964911880876668e-03
1.657000000000000028e+00 2.094014885460488730e-03
1.657499999999999973e+00 2.087085762754794464e-03
1.658000000000000140e+00 2.080177488428432142e-03
1.658500000000000085e+00 2.073290007266745134e-03
1.659000000000000030e+00 2.066423264175576771e-03
1.659499999999999975e+00 2.059577204181108588e-03
1.660000000000000142e+00 2.052751772429674271e-03
1.660500000000000087e+00 2.045946914187588787e-03
1.661000000000000032e+00 2.039162574840958867e-03
1.661499999999999977e+00 2.032398699895506065e-03
1.662000000000000144e+00 2.025655234976394582e-03
1.662500000000000089e+00 2.018932125828048259e-03
1.663000000000000034e+00 2.012229318313968427e-03
1.663499999999999979e+00 2.005546758416559133e-03
1.664000000000000146e+00 1.998884392236940227e-03
1.664500000000000091e+00 1.992242165994789933e-03
1.665000000000000036e+00 1.985620026028135816e-03
1.665499999999999980e+00 1.979017918793196055e-03
1.665999999999999925e+00 1.972435790864194259e-03
1.666500000000000092e+00 1.965873588933179494e-03
1.667000000000000037e+00 1.959331259809855407e-03
1.667499999999999982e+00 1.952808750421384642e-03
1.667999999999999927e+00 1.946306007812228156e-03
1.668500000000000094e+00 1.939822979143949631e-03
1.669000000000000039e+00 1.933359611695058483e-03
1.669499999999999984e+00 1.926915852860801260e-03
1.669999999999999929e+00 1.920491650153007901e-03
1.670500000000000096e+00 1.914086951199899401e-03
1.671000000000000041e+00 1.907701703745920407e-03
1.671499999999999986e+00 1.901335855651544067e-03
1.671999999999999931e+00 1.894989354893105923e-03
1.672500000000000098e+00 1.888662149562618520e-03
1.673000000000000043e+00 1.882354187867601178e-03
1.673499999999999988e+00 1.876065418130891567e-03
1.673999999999999932e+00 1.869795788790466805e-03
1.674500000000000099e+00 1.863545248399273678e-03
1.675000000000000044e+00 1.857313745625044973e-03
1.675499999999999989e+00 1.851101229250116248e-03
1.675999999999999934e+00 1.844907648171253229e-03
1.676500000000000101e+00 1.838732951399469663e-03
1.677000000000000046e+00 1.832577088059857097e-03
1.677499999999999991e+00 1.826440007391389939e-03
1.677999999999999936e+00 1.820321658746760878e-03
1.678500000000000103e+00 1.814221991592193531e-03
1.679000000000000048e+00 1.808140955507277865e-03
1.679499999999999993e+00 1.802078500184773951e-03
1.679999999999999938e+00 1.796034575430441749e-03
1.680500000000000105e+00 1.790009131162860262e-03
1.681000000000000050e+00 1.784002117413261215e-03
1.681499999999999995e+00 1.778013484325330872e-03
1.681999999999999940e+00 1.772043182155045010e-03
1.682500000000000107e+00 1.766091161270485262e-03
1.683000000000000052e+00 1.760157372151667380e-03
1.683499999999999996e+00 1.754241765390356480e-03
1.683999999999999941e+00 1.748344291689887505e-03
1.684500000000000108e+00 1.742464901864990449e-03
1.685000000000000053e+00 1.736603546841620788e-03
1.685499999999999998e+00 1.730760177656764758e-03
1.685999999999999943e+00 1.724934745458268914e-03
1.686500000000000110e+00 1.719127201504665583e-03
1.687000000000000055e+00 1.713337497164996344e-03
1.687500000000000000e+00 1.707565583918622520e-03
1.687999999999999945e+00 1.701811413355058420e-03
1.688500000000000112e+00 1.696074937173787682e-03
1.689000000000000057e+00 1.690356107184092828e-03
1.689500000000000002e+00 1.684654875304870091e-03
1.689999999999999947e+00 1.678971193564451816e-03
1.690500000000000114e+00 1.673305014100430607e-03
1.691000000000000059e+00 1.667656289159491923e-03
1.691500000000000004e+00 1.662024971097218490e-03
1.691999999999999948e+00 1.656411012377925285e-03
1.692500000000000115e+00 1.650814365574472184e-03
1.693000000000000060e+00 1.645234983368108490e-03
1.693500000000000005e+00 1.639672818548266065e-03
1.693999999999999950e+00 1.634127824012401690e-03
1.694500000000000117e+00 1.628599952765813182e-03
1.695000000000000062e+00 1.623089157921468956e-03
1.695500000000000007e+00 1.617595392699820896e-03
1.695999999999999952e+00 1.612118610428635865e-03
1.696500000000000119e+00 1.606658764542810312e-03
1.697000000000000064e+00 1.601215808584208504e-03
1.697500000000000009e+00 1.595789696201467805e-03
1.697999999999999954e+00 1.590380381149833879e-03
1.698500000000000121e+00 1.584987817290974856e-03
1.699000000000000066e+00 1.579611958592823254e-03
1.699500000000000011e+00 1.574252759129374755e-03
1.699999999999999956e+00 1.568910173080528391e-03
1.700500000000000123e+00 1.563584154731902228e-03
1.701000000000000068e+00 1.558274658474669222e-03
1.701500000000000012e+00 1.552981638805365312e-03
1.701999999999999957e+00 1.547705050325719634e-03
1.702500000000000124e+00 1.542444847742481051e-03
1.703000000000000069e+00 1.537200985867245547e-03
1.703500000000000014e+00 1.531973419616267356e-03
1.703999999999999959e+00 1.526762104010294602e-03
1.704500000000000126e+00 1.521566994174388017e-03
1.705000000000000071e+00 1.516388045337751589e-03
1.705500000000000016e+00 1.511225212833549984e-03
1.705999999999999961e+00 1.506078452098734205e-03
1.706500000000000128e+00 1.500947718673866600e-03
1.707000000000000073e+00 1.495832968202954116e-03
1.707500000000000018e+00 1.490734156433259428e-03
1.707999999999999963e+00 1.485651239215130068e-03
1.708500000000000130e+00 1.480584172501828210e-03
1.709000000000000075e+00 1.475532912349356539e-03
1.709500000000000020e+00 1.470497414916272644e-03
1.709999999999999964e+00 1.465477636463522913e-03
1.710500000000000131e+00 1.460473533354264509e-03
1.711000000000000076e+00 1.455485062053699704e-03
1.711500000000000021e+00 1.450512179128882889e-03
1.711999999999999966e+00 1.445554841248563802e-03
1.712500000000000133e+00 1.440613005183000389e-03
1.713000000000000078e+00 1.435686627803798351e-03
1.713500000000000023e+00 1.430775666083721831e-03
1.713999999999999968e+00 1.425880077096528193e-03
1.714500000000000135e+00 1.420999818016790636e-03
1.715000000000000080e+00 1.416134846119731019e-03
1.715500000000000025e+00 1.411285118781034241e-03
1.715999999999999970e+00 1.406450593476683223e-03
1.716500000000000137e+00 1.401631227782780022e-03
1.717000000000000082e+00 1.396826979375382976e-03
1.717500000000000027e+00 1.392037806030319144e-03
1.717999999999999972e+00 1.387263665623015164e-03
1.718500000000000139e+00 1.382504516128329206e-03
1.719000000000000083e+00 1.377760315620377499e-03
1.719500000000000028e+00 1.373031022272352616e-03
1.719999999999999973e+00 1.368316594356358898e-03
1.720500000000000140e+00 1.363616990243231818e-03
1.721000000000000085e+00 1.358932168402381211e-03
1.721500000000000030e+00 1.354262087401596117e-03
1.721999999999999975e+00 1.349606705906890606e-03
1.722500000000000142e+00 1.344965982682319030e-03
1.723000000000000087e+00 1.340339876589814044e-03
1.723500000000000032e+00 1.335728346589005761e-03
1.723999999999999977e+00 1.331131351737054784e-03
1.724500000000000144e+00 1.326548851188473098e-03
1.725000000000000089e+00 1.321980804194968807e-03
1.725500000000000034e+00 1.317427170105252071e-03
1.725999999999999979e+00 1.312887908364877886e-03
1.726500000000000146e+00 1.308362978516069584e-03
1.727000000000000091e+00 1.303852340197551645e-03
1.727500000000000036e+00 1.299355953144372758e-03
1.727999999999999980e+00 1.294873777187735813e-03
1.728499999999999925e+00 1.290405772254827471e-03
1.729000000000000092e+00 1.285951898368650108e-03
1.729500000000000037e+00 1.281512115647847044e-03
1.729999999999999982e+00 1.277086384306531019e-03
1.730499999999999927e+00 1.272674664654117882e-03
1.731000000000000094e+00 1.268276917095147475e-03
1.731500000000000039e+00 1.263893102129127512e-03
1.731999999999999984e+00 1.259523180350347309e-03
1.732499999999999929e+00 1.255167112447717328e-03
1.733000000000000096e+00 1.250824859204593313e-03
1.733500000000000041e+00 1.246496381498618218e-03
1.733999999999999986e+00 1.242181640301533337e-03
1.734499999999999931e+00 1.237880596679021093e-03
1.735000000000000098e+00 1.233593211790535256e-03
1.735500000000000043e+00 1.229319446889128118e-03
1.735999999999999988e+00 1.225059263321279842e-03
1.736499999999999932e+00 1.220812622526732359e-03
1.737000000000000099e+00 1.216579486038317200e-03
1.737500000000000044e+00 1.212359815481792646e-03
1.737999999999999989e+00 1.208153572575664837e-03
1.738499999999999934e+00 1.203960719131025791e-03
1.739000000000000101e+00 1.199781217051381233e-03
1.739500000000000046e+00 1.195615028332491434e-03
1.739999999999999991e+00 1.191462115062185377e-03
1.740499999999999936e+00 1.187322439420208540e-03
1.741000000000000103e+00 1.183195963678042913e-03
1.741500000000000048e+00 1.179082650198752177e-03
1.741999999999999993e+00 1.174982461436798473e-03
1.742499999999999938e+00 1.170895359937884758e-03
1.743000000000000105e+00 1.166821308338783069e-03
1.743500000000000050e+00 1.162760269367172110e-03
1.743999999999999995e+00 1.158712205841460740e-03
1.744499999999999940e+00 1.154677080670627517e-03
1.745000000000000107e+00 1.150654856854049606e-03
1.745500000000000052e+00 1.146645497481344486e-03
1.745999999999999996e+00 1.142648965732190412e-03
1.746499999999999941e+00 1.138665224876165075e-03
1.747000000000000108e+00 1.134694238272580379e-03
1.747500000000000053e+00 1.130735969370319591e-03
1.747999999999999998e+00 1.126790381707659531e-03
1.748499999999999943e+00 1.122857438912113794e-03
1.749000000000000110e+00 1.118937104700262536e-03
1.749500000000000055e+00 1.115029342877591140e-03
1.750000000000000000e+00 1.111134117338318265e-03
1.750499999999999945e+00 1.107251392065232562e-03
1.751000000000000112e+00 1.103381131129525490e-03
1.751500000000000057e+00 1.099523298690634329e-03
1.752000000000000002e+00 1.095677858996065013e-03
1.752499999999999947e+00 1.091844776381231024e-03
1.753000000000000114e+00 1.088024015269292060e-03
1.753500000000000059e+00 1.084215540170988369e-03
1.754000000000000004e+00 1.080419315684470315e-03
1.754499999999999948e+00 1.076635306495139213e-03
1.755000000000000115e+00 1.072863477375479062e-03
1.755500000000000060e+00 1.069103793184901724e-03
1.756000000000000005e+00 1.065356218869566293e-03
1.756499999999999950e+00 1.061620719462229908e-03
1.757000000000000117e+00 1.057897260082073633e-03
1.757500000000000062e+00 1.054185805934549150e-03
1.758000000000000007e+00 1.050486322311204417e-03
1.758499999999999952e+00 1.046798774589526027e-03
1.759000000000000119e+00 1.043123128232773759e-03
1.759500000000000064e+00 1.039459348789822718e-03
1.760000000000000009e+00 1.035807401894990728e-03
1.760499999999999954e+00 1.032167253267882645e-03
1.761000000000000121e+00 1.028538868713223600e-03
1.761500000000000066e+00 1.024922214120704399e-03
1.762000000000000011e+00 1.021317255464808263e-03
1.762499999999999956e+00 1.017723958804651885e-03
1.763000000000000123e+00 1.014142290283827135e-03
1.763500000000000068e+00 1.010572216130239303e-03
1.764000000000000012e+00 1.007013702655937737e-03
1.764499999999999957e+00 1.003466716256961461e-03
1.765000000000000124e+00 9.999312234131715535e-04
1.765500000000000069e+00 9.964071906881008783e-04
1.766000000000000014e+00 9.928945847287782255e-04
1.766499999999999959e+00 9.893933722655756571e-04
1.767000000000000126e+00 9.859035201120473942e-04
1.767500000000000071e+00 9.824249951647684876e-04
1.768000000000000016e+00 9.789577644031711035e-04
1.768499999999999961e+00 9.755017948893880729e-04
1.769000000000000128e+00 9.720570537680872257e-04
1.769500000000000073e+00 9.686235082663203610e-04
1.770000000000000018e+00 9.652011256933544373e-04
1.770499999999999963e+00 9.617898734405151218e-04
1.771000000000000130e+00 9.583897189810235097e-04
1.771500000000000075e+00 9.550006298698470461e-04
1.772000000000000020e+00 9.516225737435282227e-04
1.772499999999999964e+00 9.482555183200295362e-04
1.773000000000000131e+00 9.448994313985744362e-04
1.773500000000000076e+00 9.415542808594935852e-04
1.774000000000000021e+00 9.382200346640561569e-04
1.774499999999999966e+00 9.348966608543186983e-04
1.775000000000000133e+00 9.315841275529606561e-04
1.775500000000000078e+00 9.282824029631372509e-04
1.776000000000000023e+00 9.249914553683068717e-04
1.776499999999999968e+00 9.217112531320821069e-04
1.777000000000000135e+00 9.184417646980681978e-04
1.777500000000000080e+00 9.151829585897125518e-04
1.778000000000000025e+00 9.119348034101344138e-04
1.778499999999999970e+00 9.086972678419794752e-04
1.779000000000000137e+00 9.054703206472539904e-04
1.779500000000000082e+00 9.022539306671772171e-04
1.780000000000000027e+00 8.990480668220140158e-04
1.780499999999999972e+00 8.958526981109250125e-04
1.781000000000000139e+00 8.926677936118072214e-04
1.781500000000000083e+00 8.894933224811418229e-04
1.782000000000000028e+00 8.863292539538300150e-04
1.782499999999999973e+00 8.831755573430457792e-04
1.783000000000000140e+00 8.800322020400715151e-04
1.783500000000000085e+00 8.768991575141536245e-04
1.784000000000000030e+00 8.737763933123324006e-04
1.784499999999999975e+00 8.706638790592996719e-04
1.785000000000000142e+00 8.675615844572335698e-04
1.785500000000000087e+00 8.644694792856531373e-04
1.786000000000000032e+00 8.613875334012560236e-04
1.786499999999999977e+00 8.583157167377660456e-04
1.787000000000000144e+00 8.552539993057758699e-04
1.787500000000000089e+00 8.522023511926027058e-04
1.788000000000000034e+00 8.491607425621197115e-04
1.788499999999999979e+00 8.461291436546132050e-04
1.789000000000000146e+00 8.431075247866211177e-04
1.789500000000000091e+00 8.400958563507880368e-04
1.790000000000000036e+00 8.370941088157024665e-04
1.790499999999999980e+00 8.341022527257467740e-04
1.791000000000000147e+00 8.311202587009463780e-04
1.791500000000000092e+00 8.281480974368167665e-04
1.792000000000000037e+00 8.251857397042045537e-04
1.792499999999999982e+00 8.222331563491433893e-04
1.792999999999999927e+00 8.192903182926926289e-04
1.793500000000000094e+00 8.163571965307911838e-04
1.794000000000000039e+00 8.134337621341074676e-04
1.794499999999999984e+00 8.105199862478779582e-04
1.794999999999999929e+00 8.076158400917624568e-04
1.795500000000000096e+00 8.047212949596917577e-04
1.796000000000000041e+00 8.018363222197159683e-04
1.796499999999999986e+00 7.989608933138505524e-04
1.796999999999999931e+00 7.960949797579285536e-04
1.797500000000000098e+00 7.932385531414446866e-04
1.798000000000000043e+00 7.903915851274149335e-04
1.798499999999999988e+00 7.875540474522131542e-04
1.798999999999999932e+00 7.847259119254278636e-04
1.799500000000000099e+00 7.819071504297101178e-04
1.800000000000000044e+00 7.790977349206261709e-04
1.800499999999999989e+00 7.762976374265036271e-04
1.800999999999999934e+00 7.735068300482818206e-04
1.801500000000000101e+00 7.707252849593657735e-04
1.802000000000000046e+00 7.679529744054748412e-04
1.802499999999999991e+00 7.651898707044920084e-04
1.802999999999999936e+00 7.624359462463166544e-04
1.803500000000000103e+00 7.596911734927147162e-04
1.804000000000000048e+00 7.569555249771731890e-04
1.804499999999999993e+00 7.542289733047446510e-04
1.804999999999999938e+00 7.515114911519070766e-04
1.805500000000000105e+00 7.488030512664083614e-04
1.806000000000000050e+00 7.461036264671250511e-04
1.806499999999999995e+00 7.434131896439096854e-04
1.806999999999999940e+00 7.407317137574431299e-04
1.807500000000000107e+00 7.380591718390904854e-04
1.808000000000000052e+00 7.353955369907538538e-04
1.808499999999999996e+00 7.327407823847200069e-04
1.808999999999999941e+00 7.300948812635184651e-04
1.809500000000000108e+00 7.274578069397724190e-04
1.810000000000000053e+00 7.248295327960555066e-04
1.810499999999999998e+00 7.222100322847393745e-04
1.810999999999999943e+00 7.195992789278538157e-04
1.811500000000000110e+00 7.169972463169350897e-04
1.812000000000000055e+00 7.144039081128875784e-04
1.812500000000000000e+00 7.118192380458286369e-04
1.812999999999999945e+00 7.092432099149507908e-04
1.813500000000000112e+00 7.066757975883708161e-04
1.814000000000000057e+00 7.041169750029932376e-04
1.814500000000000002e+00 7.015667161643540954e-04
1.814999999999999947e+00 6.990249951464839019e-04
1.815500000000000114e+00 6.964917860917598652e-04
1.816000000000000059e+00 6.939670632107649423e-04
1.816500000000000004e+00 6.914508007821397375e-04
1.816999999999999948e+00 6.889429731524396045e-04
1.817500000000000115e+00 6.864435547359905559e-04
1.818000000000000060e+00 6.839525200147501599e-04
1.818500000000000005e+00 6.814698435381565111e-04
1.818999999999999950e+00 6.789954999229904286e-04
1.819500000000000117e+00 6.765294638532275704e-04
1.820000000000000062e+00 6.740717100799050766e-04
1.820500000000000007e+00 6.716222134209663122e-04
1.820999999999999952e+00 6.691809487611265336e-04
1.821500000000000119e+00 6.667478910517273894e-04
1.822000000000000064e+00 6.643230153105992263e-04
1.822500000000000009e+00 6.619062966219109272e-04
1.822999999999999954e+00 6.594977101360361207e-04
1.823500000000000121e+00 6.570972310694051877e-04
1.824000000000000066e+00 6.547048347043712534e-04
1.824500000000000011e+00 6.523204963890605682e-04
1.824999999999999956e+00 6.499441915372373068e-04
1.825500000000000123e+00 6.475758956281596956e-04
1.826000000000000068e+00 6.452155842064426433e-04
1.826500000000000012e+00 6.428632328819136512e-04
1.826999999999999957e+00 6.405188173294733842e-04
1.827500000000000124e+00 6.381823132889559175e-04
1.828000000000000069e+00 6.358536965649921272e-04
1.828500000000000014e+00 6.335329430268624553e-04
1.828999999999999959e+00 6.312200286083648540e-04
1.829500000000000126e+00 6.289149293076692860e-04
1.830000000000000071e+00 6.266176211871850180e-04
1.830500000000000016e+00 6.243280803734160963e-04
1.830999999999999961e+00 6.220462830568249547e-04
1.831500000000000128e+00 6.197722054916908170e-04
1.832000000000000073e+00 6.175058239959793768e-04
1.832500000000000018e+00 6.152471149511937187e-04
1.832999999999999963e+00 6.129960548022442149e-04
1.833500000000000130e+00 6.107526200573059521e-04
1.834000000000000075e+00 6.085167872876862420e-04
1.834500000000000020e+00 6.062885331276813986e-04
1.834999999999999964e+00 6.040678342744415378e-04
1.835500000000000131e+00 6.018546674878349437e-04
1.836000000000000076e+00 5.996490095903114596e-04
1.836500000000000021e+00 5.974508374667618664e-04
1.836999999999999966e+00 5.952601280643848511e-04
1.837500000000000133e+00 5.930768583925486630e-04
1.838000000000000078e+00 5.909010055226587323e-04
1.838500000000000023e+00 5.887325465880166152e-04
1.838999999999999968e+00 5.865714587836863125e-04
1.839500000000000135e+00 5.844177193663582012e-04
1.840000000000000080e+00 5.822713056542175216e-04
1.840500000000000025e+00 5.801321950268025635e-04
1.840999999999999970e+00 5.780003649248741278e-04
1.841500000000000137e+00 5.758757928502787008e-04
1.842000000000000082e+00 5.737584563658169401e-04
1.842500000000000027e+00 5.716483330951038127e-04
1.842999999999999972e+00 5.695454007224397914e-04
1.843500000000000139e+00 5.674496369926722945e-04
1.844000000000000083e+00 5.653610197110659060e-04
1.844500000000000028e+00 5.632795267431654415e-04
1.844999999999999973e+00 5.612051360146642172e-04
1.845500000000000140e+00 5.591378255112686331e-04
1.846000000000000085e+00 5.570775732785698039e-04
1.846500000000000030e+00 5.550243574219042384e-04
1.846999999999999975e+00 5.529781561062257957e-04
1.847500000000000142e+00 5.509389475559707018e-04
1.848000000000000087e+00 5.489067100549277706e-04
1.848500000000000032e+00 5.468814219461038545e-04
1.848999999999999977e+00 5.448630616315913548e-04
1.849500000000000144e+00 5.428516075724382261e-04
1.850000000000000089e+00 5.408470382885179799e-04
1.850500000000000034e+00 5.388493323583936180e-04
1.850999999999999979e+00 5.368584684191902382e-04
1.851500000000000146e+00 5.348744251664612438e-04
1.852000000000000091e+00 5.328971813540613837e-04
1.852500000000000036e+00 5.309267157940126365e-04
1.852999999999999980e+00 5.289630073563747568e-04
1.853500000000000147e+00 5.270060349691145203e-04
1.854000000000000092e+00 5.250557776179784388e-04
1.854500000000000037e+00 5.231122143463594028e-04
1.854999999999999982e+00 5.211753242551683124e-04
1.855500000000000149e+00 5.192450865027041897e-04
1.856000000000000094e+00 5.173214803045281945e-04
1.856500000000000039e+00 5.154044849333290750e-04
1.856999999999999984e+00 5.134940797187977253e-04
1.857499999999999929e+00 5.115902440474988161e-04
1.858000000000000096e+00 5.096929573627386302e-04
1.858500000000000041e+00 5.078021991644431988e-04
1.858999999999999986e+00 5.059179490090231004e-04
1.859499999999999931e+00 5.040401865092501883e-04
1.860000000000000098e+00 5.021688913341270516e-04
1.860500000000000043e+00 5.003040432087646093e-04
1.860999999999999988e+00 4.984456219142465849e-04
1.861499999999999932e+00 4.965936072875093768e-04
1.862000000000000099e+00 4.947479792212108700e-04
1.862500000000000044e+00 4.929087176636078125e-04
1.862999999999999989e+00 4.910758026184249524e-04
1.863499999999999934e+00 4.892492141447299207e-04
1.864000000000000101e+00 4.874289323568085485e-04
1.864500000000000046e+00 4.856149374240386111e-04
1.864999999999999991e+00 4.838072095707627055e-04
1.865499999999999936e+00 4.820057290761627544e-04
1.866000000000000103e+00 4.802104762741351055e-04
1.866500000000000048e+00 4.784214315531666616e-04
1.866999999999999993e+00 4.766385753562078667e-04
1.867499999999999938e+00 4.748618881805474800e-04
1.868000000000000105e+00 4.730913505776900073e-04
1.868500000000000050e+00 4.713269431532315056e-04
1.868999999999999995e+00 4.695686465667319722e-04
1.869499999999999940e+00 4.678164415315947820e-04
1.870000000000000107e+00 4.660703088149394015e-04
1.870500000000000052e+00 4.643302292374838075e-04
1.870999999999999996e+00 4.625961836734135153e-04
1.871499999999999941e+00 4.608681530502629670e-04
1.872000000000000108e+00 4.591461183487903605e-04
1.872500000000000053e+00 4.574300606028582788e-04
1.872999999999999998e+00 4.557199608993064044e-04
1.873499999999999943e+00 4.540158003778305227e-04
1.874000000000000110e+00 4.523175602308615248e-04
1.874500000000000055e+00 4.506252217034438685e-04
1.875000000000000000e+00 4.489387660931101905e-04
1.875499999999999945e+00 4.472581747497624233e-04
1.876000000000000112e+00 4.455834290755492262e-04
1.876500000000000057e+00 4.439145105247462356e-04
1.877000000000000002e+00 4.422514006036325739e-04
1.877499999999999947e+00 4.405940808703708283e-04
1.878000000000000114e+00 4.389425329348860543e-04
1.878500000000000059e+00 4.372967384587479224e-04
1.879000000000000004e+00 4.356566791550455474e-04
1.879499999999999948e+00 4.340223367882712615e-04
1.880000000000000115e+00 4.323936931741970699e-04
1.880500000000000060e+00 4.307707301797609719e-04
1.881000000000000005e+00 4.291534297229398381e-04
1.881499999999999950e+00 4.275417737726348649e-04
1.882000000000000117e+00 4.259357443485505771e-04
1.882500000000000062e+00 4.243353235210775717e-04
1.883000000000000007e+00 4.227404934111716290e-04
1.883499999999999952e+00 4.211512361902353184e-04
1.884000000000000119e+00 4.195675340800008495e-04
1.884500000000000064e+00 4.179893693524123826e-04
1.885000000000000009e+00 4.164167243295052484e-04
1.885499999999999954e+00 4.148495813832893419e-04
1.886000000000000121e+00 4.132879229356325708e-04
1.886500000000000066e+00 4.117317314581432739e-04
1.887000000000000011e+00 4.101809894720516631e-04
1.887499999999999956e+00 4.086356795480931099e-04
1.888000000000000123e+00 4.070957843063909422e-04
1.888500000000000068e+00 4.055612864163434168e-04
1.889000000000000012e+00 4.040321685965004997e-04
1.889499999999999957e+00 4.025084136144537654e-04
1.890000000000000124e+00 4.009900042867158335e-04
1.890500000000000069e+00 3.994769234786088043e-04
1.891000000000000014e+00 3.979691541041453762e-04
1.891499999999999959e+00 3.964666791259128359e-04
1.892000000000000126e+00 3.949694815549596510e-04
1.892500000000000071e+00 3.934775444506820622e-04
1.893000000000000016e+00 3.919908509207038457e-04
1.893499999999999961e+00 3.905093841207653445e-04
1.894000000000000128e+00 3.890331272546088690e-04
1.894500000000000073e+00 3.875620635738636624e-04
1.895000000000000018e+00 3.860961763779308673e-04
1.895499999999999963e+00 3.846354490138712023e-04
1.896000000000000130e+00 3.831798648762885185e-04
1.896500000000000075e+00 3.817294074072217049e-04
1.897000000000000020e+00 3.802840600960242872e-04
1.897499999999999964e+00 3.788438064792560081e-04
1.898000000000000131e+00 3.774086301405677390e-04
1.898500000000000076e+00 3.759785147105905662e-04
1.899000000000000021e+00 3.745534438668211906e-04
1.899499999999999966e+00 3.731334013335100381e-04
1.900000000000000133e+00 3.717183708815488281e-04
1.900500000000000078e+00 3.703083363283610143e-04
1.901000000000000023e+00 3.689032815377859924e-04
1.901499999999999968e+00 3.675031904199697040e-04
1.902000000000000135e+00 3.661080469312529635e-04
1.902500000000000080e+00 3.647178350740609243e-04
1.903000000000000025e+00 3.633325388967896703e-04
1.903499999999999970e+00 3.619521424936974715e-04
1.904000000000000137e+00 3.605766300047926766e-04
1.904500000000000082e+00 3.592059856157258898e-04
1.905000000000000027e+00 3.578401935576761830e-04
1.905499999999999972e+00 3.564792381072420802e-04
1.906000000000000139e+00 3.551231035863327569e-04
1.906500000000000083e+00 3.537717743620584824e-04
1.907000000000000028e+00 3.524252348466187833e-04
1.907499999999999973e+00 3.510834694971953795e-04
1.908000000000000140e+00 3.497464628158406192e-04
1.908500000000000085e+00 3.484141993493731246e-04
1.909000000000000030e+00 3.470866636892629749e-04
1.909499999999999975e+00 3.457638404715278400e-04
1.910000000000000142e+00 3.444457143766216866e-04
1.910500000000000087e+00 3.431322701293290146e-04
1.911000000000000032e+00 3.418234924986545938e-04
1.911499999999999977e+00 3.405193662977172662e-04
1.912000000000000144e+00 3.392198763836402247e-04
1.912500000000000089e+00 3.379250076574479597e-04
1.913000000000000034e+00 3.366347450639535022e-04
1.913499999999999979e+00 3.353490735916550992e-04
1.914000000000000146e+00 3.340679782726267634e-04
1.914500000000000091e+00 3.327914441824156538e-04
1.915000000000000036e+00 3.315194564399313241e-04
1.915499999999999980e+00 3.302520002073410974e-04
1.916000000000000147e+00 3.289890606899635432e-04
1.916500000000000092e+00 3.277306231361649361e-04
1.917000000000000037e+00 3.264766728372496432e-04
1.917499999999999982e+00 3.252271951273576667e-04
1.918000000000000149e+00 3.239821753833564406e-04
1.918500000000000094e+00 3.227415990247405422e-04
1.919000000000000039e+00 3.215054515135209404e-04
1.919499999999999984e+00 3.202737183541236776e-04
1.919999999999999929e+00 3.190463850932845932e-04
1.920500000000000096e+00 3.178234373199445898e-04
1.921000000000000041e+00 3.166048606651463630e-04
1.921499999999999986e+00 3.153906408019293423e-04
1.921999999999999931e+00 3.141807634452258783e-04
1.922500000000000098e+00 3.129752143517575396e-04
1.923000000000000043e+00 3.117739793199340100e-04
1.923499999999999988e+00 3.105770441897463493e-04
1.923999999999999932e+00 3.093843948426651868e-04
1.924500000000000099e+00 3.081960172015388061e-04
1.925000000000000044e+00 3.070118972304903084e-04
1.925499999999999989e+00 3.058320209348139090e-04
1.925999999999999934e+00 3.046563743608735097e-04
1.926500000000000101e+00 3.034849435959990492e-04
1.927000000000000046e+00 3.023177147683884917e-04
1.927499999999999991e+00 3.011546740470017912e-04
1.927999999999999936e+00 2.999958076414608742e-04
1.928500000000000103e+00 2.988411018019482670e-04
1.929000000000000048e+00 2.976905428191076739e-04
1.929499999999999993e+00 2.965441170239395689e-04
1.929999999999999938e+00 2.954018107877028586e-04
1.930500000000000105e+00 2.942636105218130751e-04
1.931000000000000050e+00 2.931295026777436057e-04
1.931499999999999995e+00 2.919994737469226395e-04
1.931999999999999940e+00 2.908735102606360766e-04
1.932500000000000107e+00 2.897515987899251257e-04
1.933000000000000052e+00 2.886337259454888342e-04
1.933499999999999996e+00 2.875198783775828235e-04
1.933999999999999941e+00 2.864100427759211690e-04
1.934500000000000108e+00 2.853042058695756233e-04
1.935000000000000053e+00 2.842023544268797728e-04
1.935499999999999998e+00 2.831044752553266890e-04
1.935999999999999943e+00 2.820105552014725431e-04
1.936500000000000110e+00 2.809205811508372385e-04
1.937000000000000055e+00 2.798345400278078087e-04
1.937500000000000000e+00 2.787524187955382369e-04
1.937999999999999945e+00 2.776742044558526911e-04
1.938500000000000112e+00 2.765998840491475119e-04
1.939000000000000057e+00 2.755294446542953151e-04
1.939500000000000002e+00 2.744628733885455161e-04
1.939999999999999947e+00 2.734001574074277274e-04
1.940500000000000114e+00 2.723412839046558610e-04
1.941000000000000059e+00 2.712862401120314719e-04
1.941500000000000004e+00 2.702350132993455289e-04
1.941999999999999948e+00 2.691875907742834933e-04
1.942500000000000115e+00 2.681439598823283908e-04
1.943000000000000060e+00 2.671041080066668657e-04
1.943500000000000005e+00 2.660680225680894882e-04
1.943999999999999950e+00 2.650356910248989227e-04
1.944500000000000117e+00 2.640071008728118074e-04
1.945000000000000062e+00 2.629822396448661093e-04
1.945500000000000007e+00 2.619610949113234917e-04
1.945999999999999952e+00 2.609436542795759645e-04
1.946500000000000119e+00 2.599299053940498237e-04
1.947000000000000064e+00 2.589198359361141993e-04
1.947500000000000009e+00 2.579134336239827176e-04
1.947999999999999954e+00 2.569106862126217241e-04
1.948500000000000121e+00 2.559115814936555782e-04
1.949000000000000066e+00 2.549161072952744957e-04
1.949500000000000011e+00 2.539242514821376758e-04
1.949999999999999956e+00 2.529360019552830412e-04
1.950500000000000123e+00 2.519513466520316653e-04
1.951000000000000068e+00 2.509702735458971875e-04
1.951500000000000012e+00 2.499927706464905117e-04
1.951999999999999957e+00 2.490188259994280829e-04
1.952500000000000124e+00 2.480484276862395671e-04
1.953000000000000069e+00 2.470815638242760195e-04
1.953500000000000014e+00 2.461182225666164267e-04
1.953999999999999959e+00 2.451583921019762535e-04
1.954500000000000126e+00 2.442020606546156116e-04
1.955000000000000071e+00 2.432492164842491348e-04
1.955500000000000016e+00 2.422998478859520876e-04
1.955999999999999961e+00 2.413539431900701049e-04
1.956500000000000128e+00 2.404114907621286885e-04
1.957000000000000073e+00 2.394724790027425950e-04
1.957500000000000018e+00 2.385368963475233259e-04
1.957999999999999963e+00 2.376047312669902502e-04
1.958500000000000130e+00 2.366759722664793964e-04
1.959000000000000075e+00 2.357506078860543031e-04
1.959500000000000020e+00 2.348286267004148927e-04
1.959999999999999964e+00 2.339100173188079427e-04
1.960500000000000131e+00 2.329947683849373414e-04
1.961000000000000076e+00 2.320828685768761587e-04
1.961500000000000021e+00 2.311743066069749228e-04
1.961999999999999966e+00 2.302690712217740708e-04
1.962500000000000133e+00 2.293671512019145021e-04
1.963000000000000078e+00 2.284685353620497308e-04
1.963500000000000023e+00 2.275732125507557346e-04
1.963999999999999968e+00 2.266811716504437031e-04
1.964500000000000135e+00 2.257924015772712150e-04
1.965000000000000080e+00 2.249068912810559353e-04
1.965500000000000025e+00 2.240246297451845155e-04
1.965999999999999970e+00 2.231456059865280798e-04
1.966500000000000137e+00 2.222698090553523178e-04
1.967000000000000082e+00 2.213972280352326997e-04
1.967500000000000027e+00 2.205278520429647046e-04
1.967999999999999972e+00 2.196616702284783851e-04
1.968500000000000139e+00 2.187986717747510352e-04
1.969000000000000083e+00 2.179388458977213480e-04
1.969500000000000028e+00 2.170821818462020025e-04
1.969999999999999973e+00 2.162286689017935235e-04
1.970500000000000140e+00 2.153782963787982771e-04
1.971000000000000085e+00 2.145310536241361202e-04
1.971500000000000030e+00 2.136869300172553868e-04
1.971999999999999975e+00 2.128459149700504351e-04
1.972500000000000142e+00 2.120079979267740439e-04
1.973000000000000087e+00 2.111731683639542266e-04
1.973500000000000032e+00 2.103414157903077939e-04
1.973999999999999977e+00 2.095127297466550266e-04
1.974500000000000144e+00 2.086870998058361923e-04
1.975000000000000089e+00 2.078645155726275737e-04
1.975500000000000034e+00 2.070449666836545973e-04
1.975999999999999979e+00 2.062284428073103010e-04
1.976500000000000146e+00 2.054149336436692213e-04
1.977000000000000091e+00 2.046044289244060787e-04
1.977500000000000036e+00 2.037969184127090409e-04
1.977999999999999980e+00 2.029923919031986518e-04
1.978500000000000147e+00 2.021908392218433183e-04
1.979000000000000092e+00 2.013922502258773167e-04
1.979500000000000037e+00 2.005966148037161717e-04
1.979999999999999982e+00 1.998039228748750150e-04
1.980500000000000149e+00 1.990141643898854279e-04
1.981000000000000094e+00 1.982273293302144236e-04
1.981500000000000039e+00 1.974434077081794732e-04
1.981999999999999984e+00 1.966623895668689523e-04
1.982500000000000151e+00 1.958842649800583593e-04
1.983000000000000096e+00 1.951090240521304909e-04
1.983500000000000041e+00 1.943366569179918503e-04
1.983999999999999986e+00 1.935671537429924430e-04
1.984499999999999931e+00 1.928005047228437845e-04
1.985000000000000098e+00 1.920367000835385607e-04
1.985500000000000043e+00 1.912757300812698274e-04
1.985999999999999988e+00 1.905175850023490180e-04
1.986499999999999932e+00 1.897622551631264714e-04
1.987000000000000099e+00 1.890097309099104147e-04
1.987500000000000044e+00 1.882600026188881691e-04
1.987999999999999989e+00 1.875130606960435334e-04
1.988499999999999934e+00 1.867688955770791556e-04
1.989000000000000101e+00 1.860274977273352714e-04
1.989500000000000046e+00 1.852888576417119403e-04
1.989999999999999991e+00 1.845529658445875130e-04
1.990499999999999936e+00 1.838198128897409220e-04
1.991000000000000103e+00 1.830893893602714498e-04
1.991500000000000048e+00 1.823616858685219951e-04
1.991999999999999993e+00 1.816366930559975407e-04
1.992499999999999938e+00 1.809144015932883645e-04
1.993000000000000105e+00 1.801948021799910015e-04
1.993500000000000050e+00 1.794778855446313198e-04
1.993999999999999995e+00 1.787636424445839911e-04
1.994499999999999940e+00 1.780520636659969219e-04
1.995000000000000107e+00 1.773431400237119985e-04
1.995500000000000052e+00 1.766368623611891387e-04
1.995999999999999996e+00 1.759332215504269819e-04
1.996499999999999941e+00 1.752322084918871311e-04
1.997000000000000108e+00 1.745338141144161712e-04
1.997500000000000053e+00 1.738380293751698566e-04
1.997999999999999998e+00 1.731448452595353463e-04
1.998499999999999943e+00 1.724542527810548492e-04
1.999000000000000110e+00 1.717662429813493507e-04
1.999500000000000055e+00 1.710808069300433416e-04
2.000000000000000000e+00 1.703979357246866743e-04
2.000500000000000167e+00 1.697176204906800784e-04
2.000999999999999890e+00 1.690398523812005672e-04
2.001500000000000057e+00 1.683646225771220472e-04
2.002000000000000224e+00 1.676919222869439777e-04
2.002499999999999947e+00 1.670217427467146902e-04
2.003000000000000114e+00 1.663540752199545733e-04
2.003499999999999837e+00 1.656889109975848400e-04
2.004000000000000004e+00 1.650262413978481645e-04
2.004500000000000171e+00 1.643660577662376667e-04
2.004999999999999893e+00 1.637083514754228615e-04
2.005500000000000060e+00 1.630531139251705929e-04
2.006000000000000227e+00 1.624003365422768111e-04
2.006499999999999950e+00 1.617500107804894312e-04
2.007000000000000117e+00 1.611021281204339298e-04
2.007499999999999840e+00 1.604566800695426823e-04
2.008000000000000007e+00 1.598136581619778761e-04
2.008500000000000174e+00 1.591730539585615794e-04
2.008999999999999897e+00 1.585348590467008229e-04
2.009500000000000064e+00 1.578990650403132778e-04
2.010000000000000231e+00 1.572656635797584090e-04
2.010499999999999954e+00 1.566346463317612556e-04
2.011000000000000121e+00 1.560060049893400062e-04
2.011499999999999844e+00 1.553797312717371791e-04
2.012000000000000011e+00 1.547558169243425357e-04
2.012500000000000178e+00 1.541342537186249926e-04
2.012999999999999901e+00 1.535150334520596815e-04
2.013500000000000068e+00 1.528981479480538176e-04
2.014000000000000234e+00 1.522835890558792344e-04
2.014499999999999957e+00 1.516713486505984958e-04
2.015000000000000124e+00 1.510614186329929860e-04
2.015499999999999847e+00 1.504537909294948492e-04
2.016000000000000014e+00 1.498484574921118268e-04
2.016500000000000181e+00 1.492454102983609317e-04
2.016999999999999904e+00 1.486446413511953186e-04
2.017500000000000071e+00 1.480461426789332147e-04
2.018000000000000238e+00 1.474499063351899944e-04
2.018499999999999961e+00 1.468559243988065948e-04
2.019000000000000128e+00 1.462641889737786632e-04
2.019499999999999851e+00 1.456746921891893093e-04
2.020000000000000018e+00 1.450874261991364639e-04
2.020500000000000185e+00 1.445023831826658205e-04
2.020999999999999908e+00 1.439195553437011218e-04
2.021500000000000075e+00 1.433389349109724393e-04
2.022000000000000242e+00 1.427605141379504434e-04
2.022499999999999964e+00 1.421842853027765812e-04
2.023000000000000131e+00 1.416102407081919255e-04
2.023499999999999854e+00 1.410383726814730713e-04
2.024000000000000021e+00 1.404686735743589522e-04
2.024500000000000188e+00 1.399011357629861407e-04
2.024999999999999911e+00 1.393357516478196489e-04
2.025500000000000078e+00 1.387725136535838109e-04
2.026000000000000245e+00 1.382114142291956580e-04
2.026499999999999968e+00 1.376524458476985661e-04
2.027000000000000135e+00 1.370956010061904812e-04
2.027499999999999858e+00 1.365408722257617947e-04
2.028000000000000025e+00 1.359882520514240300e-04
2.028500000000000192e+00 1.354377330520456035e-04
2.028999999999999915e+00 1.348893078202836014e-04
2.029500000000000082e+00 1.343429689725162606e-04
2.030000000000000249e+00 1.337987091487786214e-04
2.030499999999999972e+00 1.332565210126945214e-04
2.031000000000000139e+00 1.327163972514095098e-04
2.031499999999999861e+00 1.321783305755279100e-04
2.032000000000000028e+00 1.316423137190427526e-04
2.032500000000000195e+00 1.311083394392730276e-04
2.032999999999999918e+00 1.305764005167975208e-04
2.033500000000000085e+00 1.300464897553870239e-04
2.034000000000000252e+00 1.295185999819418305e-04
2.034499999999999975e+00 1.289927240464258163e-04
2.035000000000000142e+00 1.284688548217990836e-04
2.035499999999999865e+00 1.279469852039569742e-04
2.036000000000000032e+00 1.274271081116609792e-04
2.036500000000000199e+00 1.269092164864781046e-04
2.036999999999999922e+00 1.263933032927140577e-04
2.037500000000000089e+00 1.258793615173487909e-04
2.038000000000000256e+00 1.253673841699731034e-04
2.038499999999999979e+00 1.248573642827259197e-04
2.039000000000000146e+00 1.243492949102260935e-04
2.039499999999999869e+00 1.238431691295148094e-04
2.040000000000000036e+00 1.233389800399856519e-04
2.040500000000000203e+00 1.228367207633260585e-04
2.040999999999999925e+00 1.223363844434525657e-04
2.041500000000000092e+00 1.218379642464448623e-04
2.042000000000000259e+00 1.213414533604877983e-04
2.042499999999999982e+00 1.208468449958048147e-04
2.043000000000000149e+00 1.203541323845954802e-04
2.043499999999999872e+00 1.198633087809756564e-04
2.044000000000000039e+00 1.193743674609113213e-04
2.044500000000000206e+00 1.188873017221591950e-04
2.044999999999999929e+00 1.184021048842040329e-04
2.045500000000000096e+00 1.179187702881944675e-04
2.046000000000000263e+00 1.174372912968845838e-04
2.046499999999999986e+00 1.169576612945703170e-04
2.047000000000000153e+00 1.164798736870266909e-04
2.047499999999999876e+00 1.160039219014496640e-04
2.048000000000000043e+00 1.155297993863917821e-04
2.048500000000000210e+00 1.150574996117026015e-04
2.048999999999999932e+00 1.145870160684685696e-04
2.049500000000000099e+00 1.141183422689488541e-04
2.049999999999999822e+00 1.136514717465188831e-04
2.050499999999999989e+00 1.131863980556065531e-04
2.051000000000000156e+00 1.127231147716332353e-04
2.051499999999999879e+00 1.122616154909545098e-04
2.052000000000000046e+00 1.118018938307966997e-04
2.052500000000000213e+00 1.113439434292006006e-04
2.052999999999999936e+00 1.108877579449603183e-04
2.053500000000000103e+00 1.104333310575619841e-04
2.053999999999999826e+00 1.099806564671269155e-04
2.054499999999999993e+00 1.095297278943497085e-04
2.055000000000000160e+00 1.090805390804408829e-04
2.055499999999999883e+00 1.086330837870674144e-04
2.056000000000000050e+00 1.081873557962918965e-04
2.056500000000000217e+00 1.077433489105161628e-04
2.056999999999999940e+00 1.073010569524216959e-04
2.057500000000000107e+00 1.068604737649100510e-04
2.057999999999999829e+00 1.064215932110459484e-04
2.058499999999999996e+00 1.059844091739978731e-04
2.059000000000000163e+00 1.055489155569805306e-04
2.059499999999999886e+00 1.051151062831970318e-04
2.060000000000000053e+00 1.046829752957799127e-04
2.060500000000000220e+00 1.042525165577342809e-04
2.060999999999999943e+00 1.038237240518812482e-04
2.061500000000000110e+00 1.033965917807969705e-04
2.061999999999999833e+00 1.029711137667602681e-04
2.062500000000000000e+00 1.025472840516904730e-04
2.063000000000000167e+00 1.021250966970942901e-04
2.063499999999999890e+00 1.017045457840069924e-04
2.064000000000000057e+00 1.012856254129352701e-04
2.064500000000000224e+00 1.008683297038020040e-04
2.064999999999999947e+00 1.004526527958893994e-04
2.065500000000000114e+00 1.000385888477808724e-04
2.065999999999999837e+00 9.962613203730820888e-05
2.066500000000000004e+00 9.921527656149113368e-05
2.067000000000000171e+00 9.880601663648574332e-05
2.067499999999999893e+00 9.839834649752621655e-05
2.068000000000000060e+00 9.799226039886855773e-05
2.068500000000000227e+00 9.758775261373694250e-05
2.068999999999999950e+00 9.718481743426755600e-05
2.069500000000000117e+00 9.678344917145229574e-05
2.069999999999999840e+00 9.638364215508572698e-05
2.070500000000000007e+00 9.598539073370726765e-05
2.071000000000000174e+00 9.558868927454926864e-05
2.071499999999999897e+00 9.519353216348063525e-05
2.072000000000000064e+00 9.479991380495132963e-05
2.072500000000000231e+00 9.440782862194016642e-05
2.072999999999999954e+00 9.401727105589962686e-05
2.073500000000000121e+00 9.362823556669949384e-05
2.073999999999999844e+00 9.324071663257692440e-05
2.074500000000000011e+00 9.285470875007798409e-05
2.075000000000000178e+00 9.247020643400740781e-05
2.075499999999999901e+00 9.208720421737359003e-05
2.076000000000000068e+00 9.170569665133387329e-05
2.076500000000000234e+00 9.132567830514298085e-05
2.076999999999999957e+00 9.094714376609928084e-05
2.077500000000000124e+00 9.057008763949000703e-05
2.077999999999999847e+00 9.019450454854123641e-05
2.078500000000000014e+00 8.982038913436121252e-05
2.079000000000000181e+00 8.944773605589136664e-05
2.079499999999999904e+00 8.907653998985157911e-05
2.080000000000000071e+00 8.870679563068695856e-05
2.080500000000000238e+00 8.833849769051768403e-05
2.080999999999999961e+00 8.797164089908549956e-05
2.081500000000000128e+00 8.760622000370053408e-05
2.081999999999999851e+00 8.724222976919186181e-05
2.082500000000000018e+00 8.687966497785312952e-05
2.083000000000000185e+00 8.651852042939261545e-05
2.083499999999999908e+00 8.615879094088097075e-05
2.084000000000000075e+00 8.580047134669839179e-05
2.084500000000000242e+00 8.544355649848623757e-05
2.084999999999999964e+00 8.508804126509334821e-05
2.085500000000000131e+00 8.473392053252522293e-05
2.085999999999999854e+00 8.438118920389441784e-05
2.086500000000000021e+00 8.402984219936794857e-05
2.087000000000000188e+00 8.367987445611794551e-05
2.087499999999999911e+00 8.333128092827091313e-05
2.088000000000000078e+00 8.298405658685575610e-05
2.088500000000000245e+00 8.263819641975539670e-05
2.088999999999999968e+00 8.229369543165592578e-05
2.089500000000000135e+00 8.195054864399521155e-05
2.089999999999999858e+00 8.160875109491545223e-05
2.090500000000000025e+00 8.126829783921045664e-05
2.091000000000000192e+00 8.092918394827857635e-05
2.091499999999999915e+00 8.059140451007174813e-05
2.092000000000000082e+00 8.025495462904518702e-05
2.092500000000000249e+00 7.991982942611020990e-05
2.092999999999999972e+00 7.958602403858360333e-05
2.093500000000000139e+00 7.925353362013817034e-05
2.093999999999999861e+00 7.892235334075540501e-05
2.094500000000000028e+00 7.859247838667429101e-05
2.095000000000000195e+00 7.826390396034495201e-05
2.095499999999999918e+00 7.793662528037918486e-05
2.096000000000000085e+00 7.761063758150030180e-05
2.096500000000000252e+00 7.728593611449789203e-05
2.096999999999999975e+00 7.696251614617728438e-05
2.097500000000000142e+00 7.664037295931153072e-05
2.097999999999999865e+00 7.631950185259517825e-05
2.098500000000000032e+00 7.599989814059403032e-05
2.099000000000000199e+00 7.568155715369917621e-05
2.099499999999999922e+00 7.536447423807904236e-05
2.100000000000000089e+00 7.504864475563064385e-05
2.100500000000000256e+00 7.473406408393380403e-05
2.100999999999999979e+00 7.442072761620335472e-05
2.101500000000000146e+00 7.410863076124133645e-05
2.101999999999999869e+00 7.379776894339085212e-05
2.102500000000000036e+00 7.348813760248857892e-05
2.103000000000000203e+00 7.317973219381825609e-05
2.103499999999999925e+00 7.287254818806426749e-05
2.104000000000000092e+00 7.256658107126415355e-05
2.104500000000000259e+00 7.226182634476337294e-05
2.104999999999999982e+00 7.195827952516831594e-05
2.105500000000000149e+00 7.165593614429973800e-05
2.105999999999999872e+00 7.135479174914787371e-05
2.106500000000000039e+00 7.105484190182503011e-05
2.107000000000000206e+00 7.075608217952109372e-05
2.107499999999999929e+00 7.045850817445705892e-05
2.108000000000000096e+00 7.016211549383907136e-05
2.108500000000000263e+00 6.986689975981385365e-05
2.108999999999999986e+00 6.957285660942323668e-05
2.109500000000000153e+00 6.927998169455749824e-05
2.109999999999999876e+00 6.898827068191253705e-05
2.110500000000000043e+00 6.869771925294253375e-05
2.111000000000000210e+00 6.840832310381666419e-05
2.111499999999999932e+00 6.812007794537401010e-05
2.112000000000000099e+00 6.783297950307768385e-05
2.112499999999999822e+00 6.754702351697236833e-05
2.112999999999999989e+00 6.726220574163764207e-05
2.113500000000000156e+00 6.697852194614532947e-05
2.113999999999999879e+00 6.669596791401475027e-05
2.114500000000000046e+00 6.641453944316799631e-05
2.115000000000000213e+00 6.613423234588699704e-05
2.115499999999999936e+00 6.585504244876918926e-05
2.116000000000000103e+00 6.557696559268284798e-05
2.116499999999999826e+00 6.529999763272534459e-05
2.116999999999999993e+00 6.502413443817771886e-05
2.117500000000000160e+00 6.474937189246269317e-05
2.117999999999999883e+00 6.447570589310068099e-05
2.118500000000000050e+00 6.420313235166613425e-05
2.119000000000000217e+00 6.393164719374562531e-05
2.119499999999999940e+00 6.366124635889415365e-05
2.120000000000000107e+00 6.339192580059175067e-05
2.120499999999999829e+00 6.312368148620245618e-05
2.120999999999999996e+00 6.285650939692955441e-05
2.121500000000000163e+00 6.259040552777460473e-05
2.121999999999999886e+00 6.232536588749480538e-05
2.122500000000000053e+00 6.206138649855958474e-05
2.123000000000000220e+00 6.179846339710976758e-05
2.123499999999999943e+00 6.153659263291516915e-05
2.124000000000000110e+00 6.127577026933156597e-05
2.124499999999999833e+00 6.101599238326070227e-05
2.125000000000000000e+00 6.075725506510648149e-05
2.125500000000000167e+00 6.049955441873518280e-05
2.125999999999999890e+00 6.024288656143302138e-05
2.126500000000000057e+00 5.998724762386400684e-05
2.127000000000000224e+00 5.973263375003022075e-05
2.127499999999999947e+00 5.947904109723001388e-05
2.128000000000000114e+00 5.922646583601553257e-05
2.128499999999999837e+00 5.897490415015440576e-05
2.129000000000000004e+00 5.872435223658599061e-05
2.129500000000000171e+00 5.847480630538284271e-05
2.129999999999999893e+00 5.822626257970936730e-05
2.130500000000000060e+00 5.797871729577995552e-05
2.131000000000000227e+00 5.773216670282090181e-05
2.131499999999999950e+00 5.748660706302829618e-05
2.132000000000000117e+00 5.724203465152792912e-05
2.132499999999999840e+00 5.699844575633642964e-05
2.133000000000000007e+00 5.675583667831947616e-05
2.133500000000000174e+00 5.651420373115324623e-05
2.133999999999999897e+00 5.627354324128435538e-05
2.134500000000000064e+00 5.603385154788906390e-05
2.135000000000000231e+00 5.579512500283538405e-05
2.135499999999999954e+00 5.555735997064260542e-05
2.136000000000000121e+00 5.532055282844134883e-05
2.136499999999999844e+00 5.508469996593595811e-05
2.137000000000000011e+00 5.484979778536333426e-05
2.137500000000000178e+00 5.461584270145564569e-05
2.137999999999999901e+00 5.438283114140039570e-05
2.138500000000000068e+00 5.415075954480130311e-05
2.139000000000000234e+00 5.391962436364047036e-05
2.139499999999999957e+00 5.368942206223912189e-05
2.140000000000000124e+00 5.346014911721874219e-05
2.140499999999999847e+00 5.323180201746363025e-05
2.141000000000000014e+00 5.300437726408134645e-05
2.141500000000000181e+00 5.277787137036546347e-05
2.141999999999999904e+00 5.255228086175720584e-05
2.142500000000000071e+00 5.232760227580656777e-05
2.143000000000000238e+00 5.210383216213549767e-05
2.143499999999999961e+00 5.188096708239978849e-05
2.144000000000000128e+00 5.165900361025039877e-05
2.144499999999999851e+00 5.143793833129748424e-05
2.145000000000000018e+00 5.121776784307114294e-05
2.145500000000000185e+00 5.099848875498523673e-05
2.145999999999999908e+00 5.078009768829978306e-05
2.146500000000000075e+00 5.056259127608283166e-05
2.147000000000000242e+00 5.034596616317479434e-05
2.147499999999999964e+00 5.013021900615048432e-05
2.148000000000000131e+00 4.991534647328202976e-05
2.148499999999999854e+00 4.970134524450300022e-05
2.149000000000000021e+00 4.948821201137029697e-05
2.149500000000000188e+00 4.927594347702899768e-05
2.149999999999999911e+00 4.906453635617493797e-05
2.150500000000000078e+00 4.885398737501812628e-05
2.151000000000000245e+00 4.864429327124708725e-05
2.151499999999999968e+00 4.843545079399247990e-05
2.152000000000000135e+00 4.822745670379015347e-05
2.152499999999999858e+00 4.802030777254633097e-05
2.153000000000000025e+00 4.781400078350054981e-05
2.153500000000000192e+00 4.760853253119069626e-05
2.153999999999999915e+00 4.740389982141704381e-05
2.154500000000000082e+00 4.720009947120587144e-05
2.155000000000000249e+00 4.699712830877494533e-05
2.155499999999999972e+00 4.679498317349776727e-05
2.156000000000000139e+00 4.659366091586743686e-05
2.156499999999999861e+00 4.639315839746283119e-05
2.157000000000000028e+00 4.619347249091183003e-05
2.157500000000000195e+00 4.599460007985772591e-05
2.157999999999999918e+00 4.579653805892347257e-05
2.158500000000000085e+00 4.559928333367639414e-05
2.159000000000000252e+00 4.540283282059456133e-05
2.159499999999999975e+00 4.520718344703130419e-05
2.160000000000000142e+00 4.501233215118051755e-05
2.160499999999999865e+00 4.481827588204288819e-05
2.161000000000000032e+00 4.462501159939059729e-05
2.161500000000000199e+00 4.443253627373387271e-05
2.161999999999999922e+00 4.424084688628626753e-05
2.162500000000000089e+00 4.404994042893039239e-05
2.163000000000000256e+00 4.385981390418442047e-05
2.163499999999999979e+00 4.367046432516807062e-05
2.164000000000000146e+00 4.348188871556804845e-05
2.164499999999999869e+00 4.329408410960538470e-05
2.165000000000000036e+00 4.310704755200078146e-05
2.165500000000000203e+00 4.292077609794186924e-05
2.165999999999999925e+00 4.273526681304950863e-05
2.166500000000000092e+00 4.255051677334371923e-05
2.167000000000000259e+00 4.236652306521161438e-05
2.167499999999999982e+00 4.218328278537348598e-05
2.168000000000000149e+00 4.200079304084932969e-05
2.168499999999999872e+00 4.181905094892704401e-05
2.169000000000000039e+00 4.163805363712806776e-05
2.169500000000000206e+00 4.145779824317591796e-05
2.169999999999999929e+00 4.127828191496265404e-05
2.170500000000000096e+00 4.109950181051616209e-05
2.171000000000000263e+00 4.092145509796821831e-05
2.171499999999999986e+00 4.074413895552163767e-05
2.172000000000000153e+00 4.056755057141763946e-05
2.172499999999999876e+00 4.039168714390433762e-05
2.173000000000000043e+00 4.021654588120367261e-05
2.173500000000000210e+00 4.004212400148011183e-05
2.173999999999999932e+00 3.986841873280819811e-05
2.174500000000000099e+00 3.969542731314034886e-05
2.175000000000000266e+00 3.952314699027599705e-05
2.175499999999999989e+00 3.935157502182885499e-05
2.176000000000000156e+00 3.918070867519567581e-05
2.176499999999999879e+00 3.901054522752487935e-05
2.177000000000000046e+00 3.884108196568445299e-05
2.177500000000000213e+00 3.867231618623147201e-05
2.177999999999999936e+00 3.850424519538023764e-05
2.178500000000000103e+00 3.833686630897074026e-05
2.178999999999999826e+00 3.817017685243842377e-05
2.179499999999999993e+00 3.800417416078218129e-05
2.180000000000000160e+00 3.783885557853438372e-05
2.180499999999999883e+00 3.767421845972945143e-05
2.181000000000000050e+00 3.751026016787270382e-05
2.181500000000000217e+00 3.734697807591059115e-05
2.181999999999999940e+00 3.718436956619975412e-05
2.182500000000000107e+00 3.702243203047573790e-05
2.182999999999999829e+00 3.686116286982388127e-05
2.183499999999999996e+00 3.670055949464781376e-05
2.184000000000000163e+00 3.654061932464006704e-05
2.184499999999999886e+00 3.638133978875142583e-05
2.185000000000000053e+00 3.622271832516069226e-05
2.185500000000000220e+00 3.606475238124528360e-05
2.185999999999999943e+00 3.590743941355086790e-05
2.186500000000000110e+00 3.575077688776134507e-05
2.186999999999999833e+00 3.559476227866995973e-05
2.187500000000000000e+00 3.543939307014848269e-05
2.188000000000000167e+00 3.528466675511855423e-05
2.188499999999999890e+00 3.513058083552197009e-05
2.189000000000000057e+00 3.497713282229071688e-05
2.189500000000000224e+00 3.482432023531840335e-05
2.189999999999999947e+00 3.467214060343074976e-05
2.190500000000000114e+00 3.452059146435607046e-05
2.190999999999999837e+00 3.436967036469693558e-05
2.191500000000000004e+00 3.421937485990024703e-05
2.192000000000000171e+00 3.406970251422906281e-05
2.192499999999999893e+00 3.392065090073383853e-05
2.193000000000000060e+00 3.377221760122269998e-05
2.193500000000000227e+00 3.362440020623397210e-05
2.193999999999999950e+00 3.347719631500698011e-05
2.194500000000000117e+00 3.333060353545336555e-05
2.194999999999999840e+00 3.318461948412931720e-05
2.195500000000000007e+00 3.303924178620647374e-05
2.196000000000000174e+00 3.289446807544436474e-05
2.196499999999999897e+00 3.275029599416182834e-05
2.197000000000000064e+00 3.260672319320880171e-05
2.197500000000000231e+00 3.246374733193870096e-05
2.197999999999999954e+00 3.232136607818042164e-05
2.198500000000000121e+00 3.217957710820989195e-05
2.198999999999999844e+00 3.203837810672331335e-05
2.199500000000000011e+00 3.189776676680842235e-05
2.200000000000000178e+00 3.175774078991762265e-05
2.200499999999999901e+00 3.161829788584031767e-05
2.201000000000000068e+00 3.147943577267485682e-05
2.201500000000000234e+00 3.134115217680208772e-05
2.201999999999999957e+00 3.120344483285752610e-05
2.202500000000000124e+00 3.106631148370384417e-05
2.202999999999999847e+00 3.092974988040453804e-05
2.203500000000000014e+00 3.079375778219613832e-05
2.204000000000000181e+00 3.065833295646152511e-05
2.204499999999999904e+00 3.052347317870332446e-05
2.205000000000000071e+00 3.038917623251618326e-05
2.205500000000000238e+00 3.025543990956099233e-05
2.205999999999999961e+00 3.012226200953787962e-05
2.206500000000000128e+00 2.998964034015914922e-05
2.206999999999999851e+00 2.985757271712354509e-05
2.207500000000000018e+00 2.972605696408909181e-05
2.208000000000000185e+00 2.959509091264731089e-05
2.208499999999999908e+00 2.946467240229663748e-05
2.209000000000000075e+00 2.933479928041595909e-05
2.209500000000000242e+00 2.920546940223915712e-05
2.209999999999999964e+00 2.907668063082857106e-05
2.210500000000000131e+00 2.894843083704880482e-05
2.210999999999999854e+00 2.882071789954145126e-05
2.211500000000000021e+00 2.869353970469857331e-05
2.212000000000000188e+00 2.856689414663762499e-05
2.212499999999999911e+00 2.844077912717538650e-05
2.213000000000000078e+00 2.831519255580203492e-05
2.213500000000000245e+00 2.819013234965638703e-05
2.213999999999999968e+00 2.806559643349992259e-05
2.214500000000000135e+00 2.794158273969128521e-05
2.214999999999999858e+00 2.781808920816155917e-05
2.215500000000000025e+00 2.769511378638820791e-05
2.216000000000000192e+00 2.757265442937070318e-05
2.216499999999999915e+00 2.745070909960520218e-05
2.217000000000000082e+00 2.732927576705894342e-05
2.217500000000000249e+00 2.720835240914616727e-05
2.217999999999999972e+00 2.708793701070292520e-05
2.218500000000000139e+00 2.696802756396189242e-05
2.218999999999999861e+00 2.684862206852829859e-05
2.219500000000000028e+00 2.672971853135469299e-05
2.220000000000000195e+00 2.661131496671680072e-05
2.220499999999999918e+00 2.649340939618895875e-05
2.221000000000000085e+00 2.637599984861917923e-05
2.221500000000000252e+00 2.625908436010556814e-05
2.221999999999999975e+00 2.614266097397158851e-05
2.222500000000000142e+00 2.602672774074157779e-05
2.222999999999999865e+00 2.591128271811739007e-05
2.223500000000000032e+00 2.579632397095342892e-05
2.224000000000000199e+00 2.568184957123326254e-05
2.224499999999999922e+00 2.556785759804572046e-05
2.225000000000000089e+00 2.545434613756029571e-05
2.225500000000000256e+00 2.534131328300427832e-05
2.225999999999999979e+00 2.522875713463852679e-05
2.226500000000000146e+00 2.511667579973372408e-05
2.226999999999999869e+00 2.500506739254724001e-05
2.227500000000000036e+00 2.489393003429910608e-05
2.228000000000000203e+00 2.478326185314903371e-05
2.228499999999999925e+00 2.467306098417279902e-05
2.229000000000000092e+00 2.456332556933879015e-05
2.229500000000000259e+00 2.445405375748514073e-05
2.229999999999999982e+00 2.434524370429646704e-05
2.230500000000000149e+00 2.423689357228037464e-05
2.230999999999999872e+00 2.412900153074505608e-05
2.231500000000000039e+00 2.402156575577571625e-05
2.232000000000000206e+00 2.391458443021228866e-05
2.232499999999999929e+00 2.380805574362625723e-05
2.233000000000000096e+00 2.370197789229771523e-05
2.233500000000000263e+00 2.359634907919312222e-05
2.233999999999999986e+00 2.349116751394252561e-05
2.234500000000000153e+00 2.338643141281676195e-05
2.234999999999999876e+00 2.328213899870546457e-05
2.235500000000000043e+00 2.317828850109399035e-05
2.236000000000000210e+00 2.307487815604177640e-05
2.236499999999999932e+00 2.297190620615968020e-05
2.237000000000000099e+00 2.286937090058751291e-05
2.237500000000000266e+00 2.276727049497248405e-05
2.237999999999999989e+00 2.266560325144684326e-05
2.238500000000000156e+00 2.256436743860556942e-05
2.238999999999999879e+00 2.246356133148500511e-05
2.239500000000000046e+00 2.236318321154026113e-05
2.240000000000000213e+00 2.226323136662423385e-05
2.240499999999999936e+00 2.216370409096520282e-05
2.241000000000000103e+00 2.206459968514521116e-05
2.241499999999999826e+00 2.196591645607896424e-05
2.241999999999999993e+00 2.186765271699143753e-05
2.242500000000000160e+00 2.176980678739712767e-05
2.242999999999999883e+00 2.167237699307839892e-05
2.243500000000000050e+00 2.157536166606372800e-05
2.244000000000000217e+00 2.147875914460706354e-05
2.244499999999999940e+00 2.138256777316620305e-05
2.245000000000000107e+00 2.128678590238143074e-05
2.245499999999999829e+00 2.119141188905503291e-05
2.245999999999999996e+00 2.109644409612954947e-05
2.246500000000000163e+00 2.100188089266730968e-05
2.246999999999999886e+00 2.090772065382939519e-05
2.247500000000000053e+00 2.081396176085452187e-05
2.248000000000000220e+00 2.072060260103866016e-05
2.248499999999999943e+00 2.062764156771409302e-05
2.249000000000000110e+00 2.053507706022849086e-05
2.249499999999999833e+00 2.044290748392505369e-05
2.250000000000000000e+00 2.035113125012103034e-05
2.250500000000000167e+00 2.025974677608805715e-05
2.250999999999999890e+00 2.016875248503133115e-05
2.251500000000000057e+00 2.007814680606918634e-05
2.252000000000000224e+00 1.998792817421310376e-05
2.252499999999999947e+00 1.989809503034739287e-05
2.253000000000000114e+00 1.980864582120870008e-05
2.253499999999999837e+00 1.971957899936653720e-05
2.254000000000000004e+00 1.963089302320243087e-05
2.254500000000000171e+00 1.954258635689075588e-05
2.254999999999999893e+00 1.945465747037836913e-05
2.255500000000000060e+00 1.936710483936461287e-05
2.256000000000000227e+00 1.927992694528188713e-05
2.256499999999999950e+00 1.919312227527577837e-05
2.257000000000000117e+00 1.910668932218518467e-05
2.257499999999999840e+00 1.902062658452307792e-05
2.258000000000000007e+00 1.893493256645646981e-05
2.258500000000000174e+00 1.884960577778728579e-05
2.258999999999999897e+00 1.876464473393299180e-05
2.259500000000000064e+00 1.868004795590665166e-05
2.260000000000000231e+00 1.859581397029825509e-05
2.260499999999999954e+00 1.851194130925525971e-05
2.261000000000000121e+00 1.842842851046297371e-05
2.261499999999999844e+00 1.834527411712609732e-05
2.262000000000000011e+00 1.826247667794905812e-05
2.262500000000000178e+00 1.818003474711736610e-05
2.262999999999999901e+00 1.809794688427858935e-05
2.263500000000000068e+00 1.801621165452302475e-05
2.264000000000000234e+00 1.793482762836552400e-05
2.264499999999999957e+00 1.785379338172630670e-05
2.265000000000000124e+00 1.777310749591208159e-05
2.265499999999999847e+00 1.769276855759780156e-05
2.266000000000000014e+00 1.761277515880758498e-05
2.266500000000000181e+00 1.753312589689661299e-05
2.266999999999999904e+00 1.745381937453235243e-05
2.267500000000000071e+00 1.737485419967593807e-05
2.268000000000000238e+00 1.729622898556424602e-05
2.268499999999999961e+00 1.721794235069127590e-05
2.269000000000000128e+00 1.713999291878969913e-05
2.269499999999999851e+00 1.706237931881315252e-05
2.270000000000000018e+00 1.698510018491746802e-05
2.270500000000000185e+00 1.690815415644307816e-05
2.270999999999999908e+00 1.683153987789682180e-05
2.271500000000000075e+00 1.675525599893358040e-05
2.272000000000000242e+00 1.667930117433888681e-05
2.272499999999999964e+00 1.660367406401081904e-05
2.273000000000000131e+00 1.652837333294194833e-05
2.273499999999999854e+00 1.645339765120197833e-05
2.274000000000000021e+00 1.637874569391963557e-05
2.274500000000000188e+00 1.630441614126531879e-05
2.274999999999999911e+00 1.623040767843343329e-05
2.275500000000000078e+00 1.615671899562447442e-05
2.276000000000000245e+00 1.608334878802812422e-05
2.276499999999999968e+00 1.601029575580545697e-05
2.277000000000000135e+00 1.593755860407140558e-05
2.277499999999999858e+00 1.586513604287790563e-05
2.278000000000000025e+00 1.579302678719608400e-05
2.278500000000000192e+00 1.572122955689941642e-05
2.278999999999999915e+00 1.564974307674645143e-05
2.279500000000000082e+00 1.557856607636353425e-05
2.280000000000000249e+00 1.550769729022799829e-05
2.280499999999999972e+00 1.543713545765101444e-05
2.281000000000000139e+00 1.536687932276043690e-05
2.281499999999999861e+00 1.529692763448445891e-05
2.282000000000000028e+00 1.522727914653404182e-05
2.282500000000000195e+00 1.515793261738672667e-05
2.282999999999999918e+00 1.508888681026959013e-05
2.283500000000000085e+00 1.502014049314248345e-05
2.284000000000000252e+00 1.495169243868162205e-05
2.284499999999999975e+00 1.488354142426292772e-05
2.285000000000000142e+00 1.481568623194525744e-05
2.285499999999999865e+00 1.474812564845429612e-05
2.286000000000000032e+00 1.468085846516576849e-05
2.286500000000000199e+00 1.461388347808932678e-05
2.286999999999999922e+00 1.454719948785216234e-05
2.287500000000000089e+00 1.448080529968248004e-05
2.288000000000000256e+00 1.441469972339366553e-05
2.288499999999999979e+00 1.434888157336789513e-05
2.289000000000000146e+00 1.428334966853984572e-05
2.289499999999999869e+00 1.421810283238106020e-05
2.290000000000000036e+00 1.415313989288340998e-05
2.290500000000000203e+00 1.408845968254358249e-05
2.290999999999999925e+00 1.402406103834693159e-05
2.291500000000000092e+00 1.395994280175145343e-05
2.292000000000000259e+00 1.389610381867231452e-05
2.292499999999999982e+00 1.383254293946595635e-05
2.293000000000000149e+00 1.376925901891405424e-05
2.293499999999999872e+00 1.370625091620845036e-05
2.294000000000000039e+00 1.364351749493488894e-05
2.294500000000000206e+00 1.358105762305793916e-05
2.294999999999999929e+00 1.351887017290533007e-05
2.295500000000000096e+00 1.345695402115217036e-05
2.296000000000000263e+00 1.339530804880604234e-05
2.296499999999999986e+00 1.333393114119134700e-05
2.297000000000000153e+00 1.327282218793375590e-05
2.297499999999999876e+00 1.321198008294548470e-05
2.298000000000000043e+00 1.315140372440951454e-05
2.298500000000000210e+00 1.309109201476477244e-05
2.298999999999999932e+00 1.303104386069091515e-05
2.299500000000000099e+00 1.297125817309302836e-05
2.300000000000000266e+00 1.291173386708694932e-05
2.300499999999999989e+00 1.285246986198404732e-05
2.301000000000000156e+00 1.279346508127624990e-05
2.301499999999999879e+00 1.273471845262138404e-05
2.302000000000000046e+00 1.267622890782798043e-05
2.302500000000000213e+00 1.261799538284086032e-05
2.302999999999999936e+00 1.256001681772616679e-05
2.303500000000000103e+00 1.250229215665652979e-05
2.304000000000000270e+00 1.244482034789681229e-05
2.304499999999999993e+00 1.238760034378915166e-05
2.305000000000000160e+00 1.233063110073844999e-05
2.305499999999999883e+00 1.227391157919804911e-05
2.306000000000000050e+00 1.221744074365499385e-05
2.306500000000000217e+00 1.216121756261584260e-05
2.306999999999999940e+00 1.210524100859225248e-05
2.307500000000000107e+00 1.204951005808635444e-05
2.307999999999999829e+00 1.199402369157699072e-05
2.308499999999999996e+00 1.193878089350497138e-05
2.309000000000000163e+00 1.188378065225921342e-05
2.309499999999999886e+00 1.182902196016252253e-05
2.310000000000000053e+00 1.177450381345730192e-05
2.310500000000000220e+00 1.172022521229176093e-05
2.310999999999999943e+00 1.166618516070582044e-05
2.311500000000000110e+00 1.161238266661696058e-05
2.311999999999999833e+00 1.155881674180665810e-05
2.312500000000000000e+00 1.150548640190610704e-05
2.313000000000000167e+00 1.145239066638275095e-05
2.313499999999999890e+00 1.139952855852632374e-05
2.314000000000000057e+00 1.134689910543497194e-05
2.314500000000000224e+00 1.129450133800185459e-05
2.314999999999999947e+00 1.124233429090137731e-05
2.315500000000000114e+00 1.119039700257533481e-05
2.315999999999999837e+00 1.113868851521983949e-05
2.316500000000000004e+00 1.108720787477126066e-05
2.317000000000000171e+00 1.103595413089317351e-05
2.317499999999999893e+00 1.098492633696279809e-05
2.318000000000000060e+00 1.093412355005736037e-05
2.318500000000000227e+00 1.088354483094119533e-05
2.318999999999999950e+00 1.083318924405210634e-05
2.319500000000000117e+00 1.078305585748813620e-05
2.319999999999999840e+00 1.073314374299459737e-05
2.320500000000000007e+00 1.068345197595054655e-05
2.321000000000000174e+00 1.063397963535592842e-05
2.321499999999999897e+00 1.058472580381843305e-05
2.322000000000000064e+00 1.053568956754024835e-05
2.322500000000000231e+00 1.048687001630537655e-05
2.322999999999999954e+00 1.043826624346648997e-05
2.323500000000000121e+00 1.038987734593191213e-05
2.323999999999999844e+00 1.034170242415304776e-05
2.324500000000000011e+00 1.029374058211118604e-05
2.325000000000000178e+00 1.024599092730503567e-05
2.325499999999999901e+00 1.019845257073779403e-05
2.326000000000000068e+00 1.015112462690439938e-05
2.326500000000000234e+00 1.010400621377902863e-05
2.326999999999999957e+00 1.005709645280236643e-05
2.327500000000000124e+00 1.001039446886895560e-05
2.327999999999999847e+00 9.963899390314850745e-06
2.328500000000000014e+00 9.917610348904880616e-06
2.329000000000000181e+00 9.871526479820384733e-06
2.329499999999999904e+00 9.825646921646762015e-06
2.330000000000000071e+00 9.779970816360849986e-06
2.330500000000000238e+00 9.734497309318971447e-06
2.330999999999999961e+00 9.689225549244406859e-06
2.331500000000000128e+00 9.644154688215066625e-06
2.331999999999999851e+00 9.599283881651500490e-06
2.332500000000000018e+00 9.554612288304474959e-06
2.333000000000000185e+00 9.510139070243084339e-06
2.333499999999999908e+00 9.465863392842502647e-06
2.334000000000000075e+00 9.421784424771835459e-06
2.334500000000000242e+00 9.377901337982349542e-06
2.334999999999999964e+00 9.334213307695345038e-06
2.335500000000000131e+00 9.290719512390095404e-06
2.335999999999999854e+00 9.247419133792304053e-06
2.336500000000000021e+00 9.204311356861805433e-06
2.337000000000000188e+00 9.161395369781111445e-06
2.337499999999999911e+00 9.118670363943449648e-06
2.338000000000000078e+00 9.076135533940977640e-06
2.338500000000000245e+00 9.033790077553236305e-06
2.338999999999999968e+00 8.991633195735381138e-06
2.339500000000000135e+00 8.949664092606486414e-06
2.339999999999999858e+00 8.907881975438210193e-06
2.340500000000000025e+00 8.866286054642859624e-06
2.341000000000000192e+00 8.824875543762284653e-06
2.341499999999999915e+00 8.783649659456139837e-06
2.342000000000000082e+00 8.742607621490449399e-06
2.342500000000000249e+00 8.701748652726397598e-06
2.342999999999999972e+00 8.661071979108831098e-06
2.343500000000000139e+00 8.620576829654854521e-06
2.343999999999999861e+00 8.580262436442790219e-06
2.344500000000000028e+00 8.540128034600658622e-06
2.345000000000000195e+00 8.500172862295173591e-06
2.345499999999999918e+00 8.460396160720502288e-06
2.346000000000000085e+00 8.420797174087047072e-06
2.346500000000000252e+00 8.381375149610495058e-06
2.346999999999999975e+00 8.342129337500679633e-06
2.347500000000000142e+00 8.303058990950438583e-06
2.347999999999999865e+00 8.264163366124934707e-06
2.348500000000000032e+00 8.225441722150325896e-06
2.349000000000000199e+00 8.186893321103148430e-06
2.349499999999999922e+00 8.148517427999363142e-06
2.350000000000000089e+00 8.110313310783308420e-06
2.350500000000000256e+00 8.072280240317249509e-06
2.350999999999999979e+00 8.034417490370336591e-06
2.351500000000000146e+00 7.996724337607906763e-06
2.351999999999999869e+00 7.959200061580974046e-06
2.352500000000000036e+00 7.921843944715246759e-06
2.353000000000000203e+00 7.884655272300834377e-06
2.353499999999999925e+00 7.847633332481480041e-06
2.354000000000000092e+00 7.810777416243940469e-06
2.354500000000000259e+00 7.774086817407628426e-06
2.354999999999999982e+00 7.737560832614062090e-06
2.355500000000000149e+00 7.701198761316344901e-06
2.355999999999999872e+00 7.664999905768904600e-06
2.356500000000000039e+00 7.628963571016900239e-06
2.357000000000000206e+00 7.593089064886106914e-06
2.357499999999999929e+00 7.557375697972484550e-06
2.358000000000000096e+00 7.521822783631820386e-06
2.358500000000000263e+00 7.486429637969677233e-06
2.358999999999999986e+00 7.451195579831119813e-06
2.359500000000000153e+00 7.416119930790370792e-06
2.359999999999999876e+00 7.381202015141001290e-06
2.360500000000000043e+00 7.346441159885470873e-06
2.361000000000000210e+00 7.311836694725341779e-06
2.361499999999999932e+00 7.277387952051150951e-06
2.362000000000000099e+00 7.243094266932250714e-06
2.362500000000000266e+00 7.208954977107122117e-06
2.362999999999999989e+00 7.174969422973270668e-06
2.363500000000000156e+00 7.141136947577275396e-06
2.363999999999999879e+00 7.107456896605089475e-06
2.364500000000000046e+00 7.073928618372025756e-06
2.365000000000000213e+00 7.040551463813133620e-06
2.365499999999999936e+00 7.007324786473331050e-06
2.366000000000000103e+00 6.974247942497595141e-06
2.366500000000000270e+00 6.941320290621446528e-06
2.366999999999999993e+00 6.908541192161170396e-06
2.367500000000000160e+00 6.875910011004105244e-06
2.367999999999999883e+00 6.843426113599248445e-06
2.368500000000000050e+00 6.811088868947441671e-06
2.369000000000000217e+00 6.778897648592039983e-06
2.369499999999999940e+00 6.746851826609343743e-06
2.370000000000000107e+00 6.714950779598981406e-06
2.370499999999999829e+00 6.683193886674708196e-06
2.370999999999999996e+00 6.651580529454793134e-06
2.371500000000000163e+00 6.620110092052785526e-06
2.371999999999999886e+00 6.588781961068100200e-06
2.372500000000000053e+00 6.557595525576662019e-06
2.373000000000000220e+00 6.526550177121724895e-06
2.373499999999999943e+00 6.495645309704606943e-06
2.374000000000000110e+00 6.464880319775309589e-06
2.374499999999999833e+00 6.434254606223607632e-06
2.375000000000000000e+00 6.403767570369627696e-06
2.375500000000000167e+00 6.373418615954896786e-06
2.375999999999999890e+00 6.343207149133217201e-06
2.376500000000000057e+00 6.313132578461493169e-06
2.377000000000000224e+00 6.283194314890844623e-06
2.377499999999999947e+00 6.253391771757557502e-06
2.378000000000000114e+00 6.223724364774045907e-06
2.378499999999999837e+00 6.194191512020045504e-06
2.379000000000000004e+00 6.164792633933546031e-06
2.379500000000000171e+00 6.135527153302035523e-06
2.379999999999999893e+00 6.106394495253670838e-06
2.380500000000000060e+00 6.077394087248281321e-06
2.381000000000000227e+00 6.048525359068804451e-06
2.381499999999999950e+00 6.019787742812402166e-06
2.382000000000000117e+00 5.991180672881719476e-06
2.382499999999999840e+00 5.962703585976292165e-06
2.383000000000000007e+00 5.934355921083749505e-06
2.383500000000000174e+00 5.906137119471298188e-06
2.383999999999999897e+00 5.878046624677045319e-06
2.384500000000000064e+00 5.850083882501395103e-06
2.385000000000000231e+00 5.822248340998583599e-06
2.385499999999999954e+00 5.794539450468131309e-06
2.386000000000000121e+00 5.766956663446258498e-06
2.386499999999999844e+00 5.739499434697615615e-06
2.387000000000000011e+00 5.712167221206609673e-06
2.387500000000000178e+00 5.684959482169241391e-06
2.387999999999999901e+00 5.657875678984606069e-06
2.388500000000000068e+00 5.630915275246492714e-06
2.389000000000000234e+00 5.604077736735226264e-06
2.389499999999999957e+00 5.577362531409281117e-06
2.390000000000000124e+00 5.550769129396974276e-06
2.390499999999999847e+00 5.524297002988392283e-06
2.391000000000000014e+00 5.497945626627004740e-06
2.391500000000000181e+00 5.471714476901647993e-06
2.391999999999999904e+00 5.445603032538337711e-06
2.392500000000000071e+00 5.419610774392034877e-06
2.393000000000000238e+00 5.393737185438729419e-06
2.393499999999999961e+00 5.367981750767322248e-06
2.394000000000000128e+00 5.342343957571471715e-06
2.394499999999999851e+00 5.316823295141826324e-06
2.395000000000000018e+00 5.291419254857787332e-06
2.395500000000000185e+00 5.266131330179764327e-06
2.395999999999999908e+00 5.240959016641182631e-06
2.396500000000000075e+00 5.215901811840518640e-06
2.397000000000000242e+00 5.190959215433544398e-06
2.397499999999999964e+00 5.166130729125456117e-06
2.398000000000000131e+00 5.141415856662977287e-06
2.398499999999999854e+00 5.116814103826732841e-06
2.399000000000000021e+00 5.092324978423310763e-06
2.399500000000000188e+00 5.067947990277698927e-06
2.399999999999999911e+00 5.043682651225493245e-06
2.400500000000000078e+00 5.019528475105171875e-06
2.401000000000000245e+00 4.995484977750576961e-06
2.401499999999999968e+00 4.971551676983212562e-06
2.402000000000000135e+00 4.947728092604584928e-06
2.402499999999999858e+00 4.924013746388816380e-06
2.403000000000000025e+00 4.900408162074876318e-06
2.403500000000000192e+00 4.876910865359251846e-06
2.403999999999999915e+00 4.853521383888365138e-06
2.404500000000000082e+00 4.830239247251085660e-06
2.405000000000000249e+00 4.807063986971368609e-06
2.405499999999999972e+00 4.783995136500822201e-06
2.406000000000000139e+00 4.761032231211209733e-06
2.406499999999999861e+00 4.738174808387300627e-06
2.407000000000000028e+00 4.715422407219291176e-06
2.407500000000000195e+00 4.692774568795714881e-06
2.407999999999999918e+00 4.670230836096048699e-06
2.408500000000000085e+00 4.647790753983388750e-06
2.409000000000000252e+00 4.625453869197384368e-06
2.409499999999999975e+00 4.603219730346923971e-06
2.410000000000000142e+00 4.581087887902917494e-06
2.410499999999999865e+00 4.559057894191271944e-06
2.411000000000000032e+00 4.537129303385598445e-06
2.411500000000000199e+00 4.515301671500253866e-06
2.411999999999999922e+00 4.493574556383184238e-06
2.412500000000000089e+00 4.471947517708818992e-06
2.413000000000000256e+00 4.450420116971151551e-06
2.413499999999999979e+00 4.428991917476694554e-06
2.414000000000000146e+00 4.407662484337390191e-06
2.414499999999999869e+00 4.386431384463853422e-06
2.415000000000000036e+00 4.365298186558221325e-06
2.415500000000000203e+00 4.344262461107415793e-06
2.415999999999999925e+00 4.323323780376204645e-06
2.416500000000000092e+00 4.302481718400254258e-06
2.417000000000000259e+00 4.281735850979426148e-06
2.417499999999999982e+00 4.261085755670919394e-06
2.418000000000000149e+00 4.240531011782405435e-06
2.418499999999999872e+00 4.220071200365416129e-06
2.419000000000000039e+00 4.199705904208415873e-06
2.419500000000000206e+00 4.179434707830271825e-06
2.419999999999999929e+00 4.159257197473461545e-06
2.420500000000000096e+00 4.139172961097365345e-06
2.421000000000000263e+00 4.119181588371735662e-06
2.421499999999999986e+00 4.099282670670008039e-06
2.422000000000000153e+00 4.079475801062660387e-06
2.422499999999999876e+00 4.059760574310759443e-06
2.423000000000000043e+00 4.040136586859266666e-06
2.423500000000000210e+00 4.020603436830641444e-06
2.423999999999999932e+00 4.001160724018262191e-06
2.424500000000000099e+00 3.981808049879930451e-06
2.425000000000000266e+00 3.962545017531479187e-06
2.425499999999999989e+00 3.943371231740289589e-06
2.426000000000000156e+00 3.924286298918863791e-06
2.426499999999999879e+00 3.905289827118498380e-06
2.427000000000000046e+00 3.886381426022838478e-06
2.427500000000000213e+00 3.867560706941599528e-06
2.427999999999999936e+00 3.848827282804241658e-06
2.428500000000000103e+00 3.830180768153570345e-06
2.429000000000000270e+00 3.811620779139613212e-06
2.429499999999999993e+00 3.793146933513274907e-06
2.430000000000000160e+00 3.774758850620077951e-06
2.430499999999999883e+00 3.756456151394043773e-06
2.431000000000000050e+00 3.738238458351405607e-06
2.431500000000000217e+00 3.720105395584539927e-06
2.431999999999999940e+00 3.702056588755769973e-06
2.432500000000000107e+00 3.684091665091201898e-06
2.432999999999999829e+00 3.666210253374738357e-06
2.433499999999999996e+00 3.648411983941876958e-06
2.434000000000000163e+00 3.630696488673744186e-06
2.434499999999999886e+00 3.613063400991034458e-06
2.435000000000000053e+00 3.595512355847960613e-06
2.435500000000000220e+00 3.578042989726324684e-06
2.435999999999999943e+00 3.560654940629517087e-06
2.436500000000000110e+00 3.543347848076518366e-06
2.436999999999999833e+00 3.526121353096101668e-06
2.437500000000000000e+00 3.508975098220767992e-06
2.438000000000000167e+00 3.491908727480988903e-06
2.438499999999999890e+00 3.474921886399308222e-06
2.439000000000000057e+00 3.458014221984424224e-06
2.439500000000000224e+00 3.441185382725479797e-06
2.439999999999999947e+00 3.424435018586219179e-06
2.440500000000000114e+00 3.407762780999151478e-06
2.440999999999999837e+00 3.391168322859910706e-06
2.441500000000000004e+00 3.374651298521370593e-06
2.442000000000000171e+00 3.358211363788071957e-06
2.442499999999999893e+00 3.341848175910452714e-06
2.443000000000000060e+00 3.325561393579121937e-06
2.443500000000000227e+00 3.309350676919324921e-06
2.443999999999999950e+00 3.293215687485231634e-06
2.444500000000000117e+00 3.277156088254294215e-06
2.444999999999999840e+00 3.261171543621750570e-06
2.445500000000000007e+00 3.245261719394932314e-06
2.446000000000000174e+00 3.229426282787812420e-06
2.446499999999999897e+00 3.213664902415437248e-06
2.447000000000000064e+00 3.197977248288347137e-06
2.447500000000000231e+00 3.182362991807188432e-06
2.447999999999999954e+00 3.166821805757179388e-06
2.448500000000000121e+00 3.151353364302640040e-06
2.448999999999999844e+00 3.135957342981617772e-06
2.449500000000000011e+00 3.120633418700401085e-06
2.450000000000000178e+00 3.105381269728184565e-06
2.450499999999999901e+00 3.090200575691681749e-06
2.451000000000000068e+00 3.075091017569696069e-06
2.451500000000000234e+00 3.060052277687902280e-06
2.451999999999999957e+00 3.045084039713463145e-06
2.452500000000000124e+00 3.030185988649684232e-06
2.452999999999999847e+00 3.015357810830856332e-06
2.453500000000000014e+00 3.000599193916873407e-06
2.454000000000000181e+00 2.985909826888073320e-06
2.454499999999999904e+00 2.971289400039996386e-06
2.455000000000000071e+00 2.956737604978134625e-06
2.455500000000000238e+00 2.942254134612822871e-06
2.455999999999999961e+00 2.927838683154049013e-06
2.456500000000000128e+00 2.913490946106246428e-06
2.456999999999999851e+00 2.899210620263274467e-06
2.457500000000000018e+00 2.884997403703201156e-06
2.458000000000000185e+00 2.870850995783306547e-06
2.458499999999999908e+00 2.856771097134960287e-06
2.459000000000000075e+00 2.842757409658555938e-06
2.459500000000000242e+00 2.828809636518522376e-06
2.459999999999999964e+00 2.814927482138296226e-06
2.460500000000000131e+00 2.801110652195257879e-06
2.460999999999999854e+00 2.787358853615877141e-06
2.461500000000000021e+00 2.773671794570615369e-06
2.462000000000000188e+00 2.760049184469087217e-06
2.462499999999999911e+00 2.746490733955102106e-06
2.463000000000000078e+00 2.732996154901712470e-06
2.463500000000000245e+00 2.719565160406400914e-06
2.463999999999999968e+00 2.706197464786168692e-06
2.464500000000000135e+00 2.692892783572655529e-06
2.464999999999999858e+00 2.679650833507369553e-06
2.465500000000000025e+00 2.666471332536798225e-06
2.466000000000000192e+00 2.653353999807679770e-06
2.466499999999999915e+00 2.640298555662179333e-06
2.467000000000000082e+00 2.627304721633097307e-06
2.467500000000000249e+00 2.614372220439186937e-06
2.467999999999999972e+00 2.601500775980402468e-06
2.468500000000000139e+00 2.588690113333128226e-06
2.468999999999999861e+00 2.575939958745583046e-06
2.469500000000000028e+00 2.563250039633044700e-06
2.470000000000000195e+00 2.550620084573268291e-06
2.470499999999999918e+00 2.538049823301815295e-06
2.471000000000000085e+00 2.525538986707375395e-06
2.471500000000000252e+00 2.513087306827254338e-06
2.471999999999999975e+00 2.500694516842708901e-06
2.472500000000000142e+00 2.488360351074374183e-06
2.472999999999999865e+00 2.476084544977768823e-06
2.473500000000000032e+00 2.463866835138649029e-06
2.474000000000000199e+00 2.451706959268592991e-06
2.474499999999999922e+00 2.439604656200434528e-06
2.475000000000000089e+00 2.427559665883737389e-06
2.475500000000000256e+00 2.415571729380409745e-06
2.475999999999999979e+00 2.403640588860187380e-06
2.476500000000000146e+00 2.391765987596171948e-06
2.476999999999999869e+00 2.379947669960479764e-06
2.477500000000000036e+00 2.368185381419744059e-06
2.478000000000000203e+00 2.356478868530800196e-06
2.478499999999999925e+00 2.344827878936266696e-06
2.479000000000000092e+00 2.333232161360177513e-06
2.479500000000000259e+00 2.321691465603672758e-06
2.479999999999999982e+00 2.310205542540647485e-06
2.480500000000000149e+00 2.298774144113428439e-06
2.480999999999999872e+00 2.287397023328518561e-06
2.481500000000000039e+00 2.276073934252258484e-06
2.482000000000000206e+00 2.264804632006619746e-06
2.482499999999999929e+00 2.253588872764939556e-06
2.483000000000000096e+00 2.242426413747647932e-06
2.483500000000000263e+00 2.231317013218107929e-06
2.483999999999999986e+00 2.220260430478394443e-06
2.484500000000000153e+00 2.209256425865077263e-06
2.484999999999999876e+00 2.198304760745106184e-06
2.485500000000000043e+00 2.187405197511599977e-06
2.486000000000000210e+00 2.176557499579764548e-06
2.486499999999999932e+00 2.165761431382735267e-06
2.487000000000000099e+00 2.155016758367450227e-06
2.487500000000000266e+00 2.144323246990598887e-06
2.487999999999999989e+00 2.133680664714544876e-06
2.488500000000000156e+00 2.123088780003203064e-06
2.488999999999999879e+00 2.112547362318077985e-06
2.489500000000000046e+00 2.102056182114150221e-06
2.490000000000000213e+00 2.091615010835927117e-06
2.490499999999999936e+00 2.081223620913405814e-06
2.491000000000000103e+00 2.070881785758075260e-06
2.491500000000000270e+00 2.060589279758980890e-06
2.491999999999999993e+00 2.050345878278741036e-06
2.492500000000000160e+00 2.040151357649597627e-06
2.492999999999999883e+00 2.030005495169522812e-06
2.493500000000000050e+00 2.019908069098262462e-06
2.494000000000000217e+00 2.009858858653475820e-06
2.494499999999999940e+00 1.999857644006843383e-06
2.495000000000000107e+00 1.989904206280154038e-06
2.495500000000000274e+00 1.979998327541524324e-06
2.495999999999999996e+00 1.970139790801512673e-06
2.496500000000000163e+00 1.960328380009277265e-06
2.496999999999999886e+00 1.950563880048824948e-06
2.497500000000000053e+00 1.940846076735144949e-06
2.498000000000000220e+00 1.931174756810477276e-06
2.498499999999999943e+00 1.921549707940532408e-06
2.499000000000000110e+00 1.911970718710702092e-06
2.499499999999999833e+00 1.902437578622382799e-06
2.500000000000000000e+00 1.892950078089179108e-06
2.500500000000000167e+00 1.883508008433253630e-06
2.500999999999999890e+00 1.874111161881597735e-06
2.501500000000000057e+00 1.864759331562327689e-06
2.502000000000000224e+00 1.855452311501061043e-06
2.502499999999999947e+00 1.846189896617242633e-06
2.503000000000000114e+00 1.836971882720459982e-06
2.503499999999999837e+00 1.827798066506895294e-06
2.504000000000000004e+00 1.818668245555623073e-06
2.504500000000000171e+00 1.809582218325074815e-06
2.504999999999999893e+00 1.800539784149434041e-06
2.505500000000000060e+00 1.791540743235020735e-06
2.506000000000000227e+00 1.782584896656789920e-06
2.506499999999999950e+00 1.773672046354759934e-06
2.507000000000000117e+00 1.764801995130451079e-06
2.507499999999999840e+00 1.755974546643425067e-06
2.508000000000000007e+00 1.747189505407700378e-06
2.508500000000000174e+00 1.738446676788334906e-06
2.508999999999999897e+00 1.729745866997903782e-06
2.509500000000000064e+00 1.721086883093016378e-06
2.510000000000000231e+00 1.712469532970907840e-06
2.510499999999999954e+00 1.703893625365970075e-06
2.511000000000000121e+00 1.695358969846304315e-06
2.511499999999999844e+00 1.686865376810358616e-06
2.512000000000000011e+00 1.678412657483463916e-06
2.512500000000000178e+00 1.670000623914498839e-06
2.512999999999999901e+00 1.661629088972486531e-06
2.513500000000000068e+00 1.653297866343209282e-06
2.514000000000000234e+00 1.645006770525914201e-06
2.514499999999999957e+00 1.636755616829927625e-06
2.515000000000000124e+00 1.628544221371334965e-06
2.515499999999999847e+00 1.620372401069698025e-06
2.516000000000000014e+00 1.612239973644704143e-06
2.516500000000000181e+00 1.604146757612939209e-06
2.516999999999999904e+00 1.596092572284568137e-06
2.517500000000000071e+00 1.588077237760071462e-06
2.518000000000000238e+00 1.580100574927030218e-06
2.518499999999999961e+00 1.572162405456865067e-06
2.519000000000000128e+00 1.564262551801584966e-06
2.519499999999999851e+00 1.556400837190635994e-06
2.520000000000000018e+00 1.548577085627635401e-06
2.520500000000000185e+00 1.540791121887235048e-06
2.520999999999999908e+00 1.533042771511918988e-06
2.521500000000000075e+00 1.525331860808823276e-06
2.522000000000000242e+00 1.517658216846624822e-06
2.522499999999999964e+00 1.510021667452376451e-06
2.523000000000000131e+00 1.502422041208361868e-06
2.523499999999999854e+00 1.494859167449025800e-06
2.524000000000000021e+00 1.487332876257815622e-06
2.524500000000000188e+00 1.479842998464134368e-06
2.524999999999999911e+00 1.472389365640246096e-06
2.525500000000000078e+00 1.464971810098176594e-06
2.526000000000000245e+00 1.457590164886703236e-06
2.526499999999999968e+00 1.450244263788290630e-06
2.527000000000000135e+00 1.442933941316036218e-06
2.527499999999999858e+00 1.435659032710685539e-06
2.528000000000000025e+00 1.428419373937587576e-06
2.528500000000000192e+00 1.421214801683720817e-06
2.528999999999999915e+00 1.414045153354702385e-06
2.529500000000000082e+00 1.406910267071788483e-06
2.530000000000000249e+00 1.399809981668939846e-06
2.530499999999999972e+00 1.392744136689861786e-06
2.531000000000000139e+00 1.385712572385037671e-06
2.531499999999999861e+00 1.378715129708843081e-06
2.532000000000000028e+00 1.371751650316577387e-06
2.532500000000000195e+00 1.364821976561599503e-06
2.532999999999999918e+00 1.357925951492410918e-06
2.533500000000000085e+00 1.351063418849753975e-06
2.534000000000000252e+00 1.344234223063772191e-06
2.534499999999999975e+00 1.337438209251135004e-06
2.535000000000000142e+00 1.330675223212157015e-06
2.535499999999999865e+00 1.323945111428006165e-06
2.536000000000000032e+00 1.317247721057822556e-06
2.536500000000000199e+00 1.310582899935949709e-06
2.536999999999999922e+00 1.303950496569089381e-06
2.537500000000000089e+00 1.297350360133508687e-06
2.538000000000000256e+00 1.290782340472269877e-06
2.538499999999999979e+00 1.284246288092451433e-06
2.539000000000000146e+00 1.277742054162350955e-06
2.539499999999999869e+00 1.271269490508786305e-06
2.540000000000000036e+00 1.264828449614298273e-06
2.540500000000000203e+00 1.258418784614452362e-06
2.540999999999999925e+00 1.252040349295108584e-06
2.541500000000000092e+00 1.245692998089687239e-06
2.542000000000000259e+00 1.239376586076503938e-06
2.542499999999999982e+00 1.233090968976057191e-06
2.543000000000000149e+00 1.226836003148335691e-06
2.543499999999999872e+00 1.220611545590184462e-06
2.544000000000000039e+00 1.214417453932602403e-06
2.544500000000000206e+00 1.208253586438131095e-06
2.544999999999999929e+00 1.202119801998195969e-06
2.545500000000000096e+00 1.196015960130465038e-06
2.546000000000000263e+00 1.189941920976260585e-06
2.546499999999999986e+00 1.183897545297938223e-06
2.547000000000000153e+00 1.177882694476262580e-06
2.547499999999999876e+00 1.171897230507871283e-06
2.548000000000000043e+00 1.165941016002639622e-06
2.548500000000000210e+00 1.160013914181156610e-06
2.548999999999999932e+00 1.154115788872152538e-06
2.549500000000000099e+00 1.148246504509933315e-06
2.550000000000000266e+00 1.142405926131868593e-06
2.550499999999999989e+00 1.136593919375854688e-06
2.551000000000000156e+00 1.130810350477778567e-06
2.551499999999999879e+00 1.125055086269045145e-06
2.552000000000000046e+00 1.119327994174032588e-06
2.552500000000000213e+00 1.113628942207649042e-06
2.552999999999999936e+00 1.107957798972827963e-06
2.553500000000000103e+00 1.102314433658049483e-06
2.554000000000000270e+00 1.096698716034909002e-06
2.554499999999999993e+00 1.091110516455649145e-06
2.555000000000000160e+00 1.085549705850707394e-06
2.555499999999999883e+00 1.080016155726318345e-06
2.556000000000000050e+00 1.074509738162052021e-06
2.556500000000000217e+00 1.069030325808435825e-06
2.556999999999999940e+00 1.063577791884540498e-06
2.557500000000000107e+00 1.058152010175565440e-06
2.558000000000000274e+00 1.052752855030487979e-06
2.558499999999999996e+00 1.047380201359674952e-06
2.559000000000000163e+00 1.042033924632503604e-06
2.559499999999999886e+00 1.036713900875030969e-06
2.560000000000000053e+00 1.031420006667622186e-06
2.560500000000000220e+00 1.026152119142633014e-06
2.560999999999999943e+00 1.020910115982077946e-06
2.561500000000000110e+00 1.015693875415286052e-06
2.561999999999999833e+00 1.010503276216634739e-06
2.562500000000000000e+00 1.005338197703206646e-06
2.563000000000000167e+00 1.000198519732524466e-06
2.563499999999999890e+00 9.950841227002626891e-07
2.564000000000000057e+00 9.899948875379580683e-07
2.564500000000000224e+00 9.849306957107630798e-07
2.564999999999999947e+00 9.798914292151923902e-07
2.565500000000000114e+00 9.748769705768470912e-07
2.565999999999999837e+00 9.698872028482162254e-07
2.566500000000000004e+00 9.649220096064048323e-07
2.567000000000000171e+00 9.599812749509515681e-07
2.567499999999999893e+00 9.550648835016016437e-07
2.568000000000000060e+00 9.501727203960855873e-07
2.568500000000000227e+00 9.453046712879556045e-07
2.568999999999999950e+00 9.404606223443823395e-07
2.569500000000000117e+00 9.356404602439731301e-07
2.569999999999999840e+00 9.308440721746223439e-07
2.570500000000000007e+00 9.260713458313228572e-07
2.571000000000000174e+00 9.213221694140494251e-07
2.571499999999999897e+00 9.165964316255886894e-07
2.572000000000000064e+00 9.118940216694086786e-07
2.572500000000000231e+00 9.072148292475434493e-07
2.572999999999999954e+00 9.025587445584725391e-07
2.573500000000000121e+00 8.979256582949953373e-07
2.573999999999999844e+00 8.933154616421609365e-07
2.574500000000000011e+00 8.887280462751364684e-07
2.575000000000000178e+00 8.841633043571616249e-07
2.575499999999999901e+00 8.796211285374519342e-07
2.576000000000000068e+00 8.751014119491226826e-07
2.576500000000000234e+00 8.706040482071533889e-07
2.576999999999999957e+00 8.661289314063216791e-07
2.577500000000000124e+00 8.616759561191512432e-07
2.577999999999999847e+00 8.572450173939025670e-07
2.578500000000000014e+00 8.528360107525154896e-07
2.579000000000000181e+00 8.484488321886176165e-07
2.579499999999999904e+00 8.440833781654974761e-07
2.580000000000000071e+00 8.397395456140995927e-07
2.580500000000000238e+00 8.354172319310422174e-07
2.580999999999999961e+00 8.311163349766217185e-07
2.581500000000000128e+00 8.268367530728289366e-07
2.581999999999999851e+00 8.225783850013921144e-07
2.582500000000000018e+00 8.183411300017966401e-07
2.583000000000000185e+00 8.141248877693440710e-07
2.583499999999999908e+00 8.099295584532020520e-07
2.584000000000000075e+00 8.057550426544449169e-07
2.584500000000000242e+00 8.016012414241528401e-07
2.584999999999999964e+00 7.974680562614683199e-07
2.585500000000000131e+00 7.933553891116728842e-07
2.585999999999999854e+00 7.892631423643010657e-07
2.586500000000000021e+00 7.851912188512131903e-07
2.587000000000000188e+00 7.811395218447198342e-07
2.587499999999999911e+00 7.771079550556920936e-07
2.588000000000000078e+00 7.730964226316683603e-07
2.588500000000000245e+00 7.691048291550042953e-07
2.588999999999999968e+00 7.651330796410010983e-07
2.589500000000000135e+00 7.611810795360338824e-07
2.589999999999999858e+00 7.572487347157305531e-07
2.590500000000000025e+00 7.533359514831016657e-07
2.591000000000000192e+00 7.494426365667302096e-07
2.591499999999999915e+00 7.455686971189370413e-07
2.592000000000000082e+00 7.417140407139454694e-07
2.592500000000000249e+00 7.378785753460941214e-07
2.592999999999999972e+00 7.340622094280211167e-07
2.593500000000000139e+00 7.302648517888573450e-07
2.593999999999999861e+00 7.264864116724533090e-07
2.594500000000000028e+00 7.227267987355796031e-07
2.595000000000000195e+00 7.189859230461634962e-07
2.595499999999999918e+00 7.152636950815175744e-07
2.596000000000000085e+00 7.115600257265648891e-07
2.596500000000000252e+00 7.078748262721047632e-07
2.596999999999999975e+00 7.042080084130538211e-07
2.597500000000000142e+00 7.005594842466973951e-07
2.597999999999999865e+00 6.969291662709775658e-07
2.598500000000000032e+00 6.933169673827427690e-07
2.599000000000000199e+00 6.897228008760442001e-07
2.599499999999999922e+00 6.861465804404240667e-07
2.600000000000000089e+00 6.825882201591906059e-07
2.600500000000000256e+00 6.790476345077426532e-07
2.600999999999999979e+00 6.755247383518654122e-07
2.601500000000000146e+00 6.720194469460414708e-07
2.601999999999999869e+00 6.685316759317864877e-07
2.602500000000000036e+00 6.650613413359578787e-07
2.603000000000000203e+00 6.616083595691089264e-07
2.603499999999999925e+00 6.581726474238247838e-07
2.604000000000000092e+00 6.547541220730555134e-07
2.604500000000000259e+00 6.513527010684973012e-07
2.604999999999999982e+00 6.479683023389397899e-07
2.605500000000000149e+00 6.446008441886245289e-07
2.605999999999999872e+00 6.412502452956461996e-07
2.606500000000000039e+00 6.379164247103081007e-07
2.607000000000000206e+00 6.345993018535276091e-07
2.607499999999999929e+00 6.312987965152267111e-07
2.608000000000000096e+00 6.280148288527229577e-07
2.608500000000000263e+00 6.247473193891544066e-07
2.608999999999999986e+00 6.214961890118839180e-07
2.609500000000000153e+00 6.182613589709132974e-07
2.609999999999999876e+00 6.150427508773285664e-07
2.610500000000000043e+00 6.118402867017119878e-07
2.611000000000000210e+00 6.086538887726000421e-07
2.611499999999999932e+00 6.054834797749239340e-07
2.612000000000000099e+00 6.023289827484495692e-07
2.612500000000000266e+00 5.991903210862548014e-07
2.612999999999999989e+00 5.960674185331887849e-07
2.613500000000000156e+00 5.929601991843300570e-07
2.613999999999999879e+00 5.898685874834846429e-07
2.614500000000000046e+00 5.867925082216529259e-07
2.615000000000000213e+00 5.837318865355298697e-07
2.615499999999999936e+00 5.806866479060003704e-07
2.616000000000000103e+00 5.776567181566267732e-07
2.616500000000000270e+00 5.746420234521797994e-07
2.616999999999999993e+00 5.716424902971396163e-07
2.617500000000000160e+00 5.686580455342105641e-07
2.617999999999999883e+00 5.656886163428661660e-07
2.618500000000000050e+00 5.627341302378570789e-07
2.619000000000000217e+00 5.597945150677737847e-07
2.619499999999999940e+00 5.568696990135778351e-07
2.620000000000000107e+00 5.539596105871469668e-07
2.620500000000000274e+00 5.510641786298462625e-07
2.620999999999999996e+00 5.481833323110815246e-07
2.621500000000000163e+00 5.453170011268601665e-07
2.621999999999999886e+00 5.424651148983856669e-07
2.622500000000000053e+00 5.396276037706120025e-07
2.623000000000000220e+00 5.368043982108502786e-07
2.623499999999999943e+00 5.339954290073505843e-07
2.624000000000000110e+00 5.312006272678920003e-07
2.624499999999999833e+00 5.284199244184056408e-07
2.625000000000000000e+00 5.256532522015586263e-07
2.625500000000000167e+00 5.229005426753878196e-07
2.625999999999999890e+00 5.201617282119140796e-07
2.626500000000000057e+00 5.174367414957571508e-07
2.627000000000000224e+00 5.147255155227827401e-07
2.627499999999999947e+00 5.120279835987338169e-07
2.628000000000000114e+00 5.093440793378638205e-07
2.628499999999999837e+00 5.066737366616025821e-07
2.629000000000000004e+00 5.040168897971881557e-07
2.629500000000000171e+00 5.013734732763469285e-07
2.629999999999999893e+00 4.987434219339482154e-07
2.630500000000000060e+00 4.961266709066658404e-07
2.631000000000000227e+00 4.935231556316723302e-07
2.631499999999999950e+00 4.909328118453087542e-07
2.632000000000000117e+00 4.883555755817663181e-07
2.632499999999999840e+00 4.857913831717933680e-07
2.633000000000000007e+00 4.832401712413751835e-07
2.633500000000000174e+00 4.807018767104513583e-07
2.633999999999999897e+00 4.781764367916192046e-07
2.634500000000000064e+00 4.756637889888367335e-07
2.635000000000000231e+00 4.731638710961577175e-07
2.635499999999999954e+00 4.706766211964461061e-07
2.636000000000000121e+00 4.682019776601033060e-07
2.636499999999999844e+00 4.657398791438118193e-07
2.637000000000000011e+00 4.632902645892609884e-07
2.637500000000000178e+00 4.608530732219087397e-07
2.637999999999999901e+00 4.584282445497186576e-07
2.638500000000000068e+00 4.560157183619168046e-07
2.639000000000000234e+00 4.536154347277575943e-07
2.639499999999999957e+00 4.512273339952876001e-07
2.640000000000000124e+00 4.488513567901081985e-07
2.640499999999999847e+00 4.464874440141654769e-07
2.641000000000000014e+00 4.441355368445158417e-07
2.641500000000000181e+00 4.417955767321227021e-07
2.641999999999999904e+00 4.394675054006452664e-07
2.642500000000000071e+00 4.371512648452260667e-07
2.643000000000000238e+00 4.348467973313043716e-07
2.643499999999999961e+00 4.325540453934143002e-07
2.644000000000000128e+00 4.302729518339937338e-07
2.644499999999999851e+00 4.280034597222084764e-07
2.645000000000000018e+00 4.257455123927609020e-07
2.645500000000000185e+00 4.234990534447278260e-07
2.645999999999999908e+00 4.212640267403841351e-07
2.646500000000000075e+00 4.190403764040331405e-07
2.647000000000000242e+00 4.168280468208601719e-07
2.647499999999999964e+00 4.146269826357660013e-07
2.648000000000000131e+00 4.124371287522177371e-07
2.648499999999999854e+00 4.102584303311099352e-07
2.649000000000000021e+00 4.080908327896150692e-07
2.649500000000000188e+00 4.059342818000545949e-07
2.649999999999999911e+00 4.037887232887663608e-07
2.650500000000000078e+00 4.016541034349712783e-07
2.651000000000000245e+00 3.995303686696604262e-07
2.651499999999999968e+00 3.974174656744751673e-07
2.652000000000000135e+00 3.953153413805876885e-07
2.652499999999999858e+00 3.932239429676057870e-07
2.653000000000000025e+00 3.911432178624561635e-07
2.653500000000000192e+00 3.890731137382947673e-07
2.653999999999999915e+00 3.870135785134134881e-07
2.654500000000000082e+00 3.849645603501390138e-07
2.655000000000000249e+00 3.829260076537623389e-07
2.655499999999999972e+00 3.808978690714507513e-07
2.656000000000000139e+00 3.788800934911674947e-07
2.656499999999999861e+00 3.768726300406144063e-07
2.657000000000000028e+00 3.748754280861471857e-07
2.657500000000000195e+00 3.728884372317280913e-07
2.657999999999999918e+00 3.709116073178598967e-07
2.658500000000000085e+00 3.689448884205314402e-07
2.659000000000000252e+00 3.669882308501733923e-07
2.659499999999999975e+00 3.650415851506120110e-07
2.660000000000000142e+00 3.631049020980231093e-07
2.660499999999999865e+00 3.611781326999045509e-07
2.661000000000000032e+00 3.592612281940365704e-07
2.661500000000000199e+00 3.573541400474604107e-07
2.661999999999999922e+00 3.554568199554539947e-07
2.662500000000000089e+00 3.535692198405068576e-07
2.663000000000000256e+00 3.516912918513153532e-07
2.663499999999999979e+00 3.498229883617670617e-07
2.664000000000000146e+00 3.479642619699307562e-07
2.664499999999999869e+00 3.461150654970650560e-07
2.665000000000000036e+00 3.442753519866093459e-07
2.665500000000000203e+00 3.424450747031978828e-07
2.665999999999999925e+00 3.406241871316716787e-07
2.666500000000000092e+00 3.388126429760831313e-07
2.667000000000000259e+00 3.370103961587269652e-07
2.667499999999999982e+00 3.352174008191594737e-07
2.668000000000000149e+00 3.334336113132189252e-07
2.668499999999999872e+00 3.316589822120691571e-07
2.669000000000000039e+00 3.298934683012220999e-07
2.669500000000000206e+00 3.281370245795905294e-07
2.669999999999999929e+00 3.263896062585217610e-07
2.670500000000000096e+00 3.246511687608466968e-07
2.671000000000000263e+00 3.229216677199355951e-07
2.671499999999999986e+00 3.212010589787523582e-07
2.672000000000000153e+00 3.194892985889083969e-07
2.672499999999999876e+00 3.177863428097372469e-07
2.673000000000000043e+00 3.160921481073481150e-07
2.673500000000000210e+00 3.144066711537114017e-07
2.673999999999999932e+00 3.127298688257261704e-07
2.674500000000000099e+00 3.110616982042971994e-07
2.675000000000000266e+00 3.094021165734263274e-07
2.675499999999999989e+00 3.077510814192942692e-07
2.676000000000000156e+00 3.061085504293487327e-07
2.676499999999999879e+00 3.044744814914081513e-07
2.677000000000000046e+00 3.028488326927493770e-07
2.677500000000000213e+00 3.012315623192196191e-07
2.677999999999999936e+00 2.996226288543398600e-07
2.678500000000000103e+00 2.980219909784080587e-07
2.679000000000000270e+00 2.964296075676230544e-07
2.679499999999999993e+00 2.948454376931987288e-07
2.680000000000000160e+00 2.932694406204782212e-07
2.680499999999999883e+00 2.917015758080726020e-07
2.681000000000000050e+00 2.901418029069748234e-07
2.681500000000000217e+00 2.885900817597034746e-07
2.681999999999999940e+00 2.870463723994353148e-07
2.682500000000000107e+00 2.855106350491406636e-07
2.683000000000000274e+00 2.839828301207331395e-07
2.683499999999999996e+00 2.824629182142151087e-07
2.684000000000000163e+00 2.809508601168234531e-07
2.684499999999999886e+00 2.794466168021928602e-07
2.685000000000000053e+00 2.779501494295041316e-07
2.685500000000000220e+00 2.764614193426528729e-07
2.685999999999999943e+00 2.749803880694127842e-07
2.686500000000000110e+00 2.735070173205994798e-07
2.687000000000000277e+00 2.720412689892501893e-07
2.687500000000000000e+00 2.705831051497964718e-07
2.688000000000000167e+00 2.691324880572382522e-07
2.688499999999999890e+00 2.676893801463360170e-07
2.689000000000000057e+00 2.662537440307873920e-07
2.689500000000000224e+00 2.648255425024246317e-07
2.689999999999999947e+00 2.634047385304053854e-07
2.690500000000000114e+00 2.619912952604032509e-07
2.690999999999999837e+00 2.605851760138192932e-07
2.691500000000000004e+00 2.591863442869730216e-07
2.692000000000000171e+00 2.577947637503186729e-07
2.692499999999999893e+00 2.564103982476529708e-07
2.693000000000000060e+00 2.550332117953228324e-07
2.693500000000000227e+00 2.536631685814507565e-07
2.693999999999999950e+00 2.523002329651519007e-07
2.694500000000000117e+00 2.509443694757533285e-07
2.694999999999999840e+00 2.495955428120300386e-07
2.695500000000000007e+00 2.482537178414237361e-07
2.696000000000000174e+00 2.469188595992878609e-07
2.696499999999999897e+00 2.455909332881179001e-07
2.697000000000000064e+00 2.442699042767902224e-07
2.697500000000000231e+00 2.429557380998096486e-07
2.697999999999999954e+00 2.416484004565563862e-07
2.698500000000000121e+00 2.403478572105289406e-07
2.698999999999999844e+00 2.390540743886068261e-07
2.699500000000000011e+00 2.377670181802975538e-07
2.700000000000000178e+00 2.364866549370038944e-07
2.700499999999999901e+00 2.352129511712825929e-07
2.701000000000000068e+00 2.339458735561076612e-07
2.701500000000000234e+00 2.326853889241452386e-07
2.701999999999999957e+00 2.314314642670233963e-07
2.702500000000000124e+00 2.301840667346022337e-07
2.702999999999999847e+00 2.289431636342622378e-07
2.703500000000000014e+00 2.277087224301747499e-07
2.704000000000000181e+00 2.264807107425951167e-07
2.704499999999999904e+00 2.252590963471473972e-07
2.705000000000000071e+00 2.240438471741116641e-07
2.705500000000000238e+00 2.228349313077227661e-07
2.705999999999999961e+00 2.216323169854657293e-07
2.706500000000000128e+00 2.204359725973716077e-07
2.706999999999999851e+00 2.192458666853274691e-07
2.707500000000000018e+00 2.180619679423746550e-07
2.708000000000000185e+00 2.168842452120231335e-07
2.708499999999999908e+00 2.157126674875620679e-07
2.709000000000000075e+00 2.145472039113706754e-07
2.709500000000000242e+00 2.133878237742419247e-07
2.709999999999999964e+00 2.122344965147009393e-07
2.710500000000000131e+00 2.110871917183242999e-07
2.710999999999999854e+00 2.099458791170744891e-07
2.711500000000000021e+00 2.088105285886212586e-07
2.712000000000000188e+00 2.076811101556808116e-07
2.712499999999999911e+00 2.065575939853473081e-07
2.713000000000000078e+00 2.054399503884301679e-07
2.713500000000000245e+00 2.043281498187980167e-07
2.713999999999999968e+00 2.032221628727220241e-07
2.714500000000000135e+00 2.021219602882175472e-07
2.714999999999999858e+00 2.010275129444026885e-07
2.715500000000000025e+00 1.999387918608403891e-07
2.716000000000000192e+00 1.988557681969026251e-07
2.716499999999999915e+00 1.977784132511239096e-07
2.717000000000000082e+00 1.967066984605588180e-07
2.717500000000000249e+00 1.956405954001528809e-07
2.717999999999999972e+00 1.945800757821041860e-07
2.718500000000000139e+00 1.935251114552306972e-07
2.718999999999999861e+00 1.924756744043476857e-07
2.719500000000000028e+00 1.914317367496357637e-07
2.720000000000000195e+00 1.903932707460224713e-07
2.720499999999999918e+00 1.893602487825623539e-07
2.721000000000000085e+00 1.883326433818142342e-07
2.721500000000000252e+00 1.873104271992330960e-07
2.721999999999999975e+00 1.862935730225546874e-07
2.722500000000000142e+00 1.852820537711836728e-07
2.722999999999999865e+00 1.842758424955940121e-07
2.723500000000000032e+00 1.832749123767159744e-07
2.724000000000000199e+00 1.822792367253417318e-07
2.724499999999999922e+00 1.812887889815244431e-07
2.725000000000000089e+00 1.803035427139780777e-07
2.725500000000000256e+00 1.793234716194894954e-07
2.725999999999999979e+00 1.783485495223252323e-07
2.726500000000000146e+00 1.773787503736399537e-07
2.726999999999999869e+00 1.764140482508966343e-07
2.727500000000000036e+00 1.754544173572756198e-07
2.728000000000000203e+00 1.744998320211011857e-07
2.728499999999999925e+00 1.735502666952595731e-07
2.729000000000000092e+00 1.726056959566204116e-07
2.729500000000000259e+00 1.716660945054698695e-07
2.729999999999999982e+00 1.707314371649359155e-07
2.730500000000000149e+00 1.698016988804185031e-07
2.730999999999999872e+00 1.688768547190290475e-07
2.731500000000000039e+00 1.679568798690209540e-07
2.732000000000000206e+00 1.670417496392338059e-07
2.732499999999999929e+00 1.661314394585336344e-07
2.733000000000000096e+00 1.652259248752534006e-07
2.733500000000000263e+00 1.643251815566448592e-07
2.733999999999999986e+00 1.634291852883245194e-07
2.734500000000000153e+00 1.625379119737241589e-07
2.734999999999999876e+00 1.616513376335478494e-07
2.735500000000000043e+00 1.607694384052231056e-07
2.736000000000000210e+00 1.598921905423655071e-07
2.736499999999999932e+00 1.590195704142348247e-07
2.737000000000000099e+00 1.581515545051990593e-07
2.737500000000000266e+00 1.572881194142017650e-07
2.737999999999999989e+00 1.564292418542296086e-07
2.738500000000000156e+00 1.555748986517797983e-07
2.738999999999999879e+00 1.547250667463379140e-07
2.739500000000000046e+00 1.538797231898462620e-07
2.740000000000000213e+00 1.530388451461876611e-07
2.740499999999999936e+00 1.522024098906613942e-07
2.741000000000000103e+00 1.513703948094636857e-07
2.741500000000000270e+00 1.505427773991758554e-07
2.741999999999999993e+00 1.497195352662482111e-07
2.742500000000000160e+00 1.489006461264868517e-07
2.742999999999999883e+00 1.480860878045501070e-07
2.743500000000000050e+00 1.472758382334347324e-07
2.744000000000000217e+00 1.464698754539770594e-07
2.744499999999999940e+00 1.456681776143480316e-07
2.745000000000000107e+00 1.448707229695510202e-07
2.745500000000000274e+00 1.440774898809287978e-07
2.745999999999999996e+00 1.432884568156636301e-07
2.746500000000000163e+00 1.425036023462841441e-07
2.746999999999999886e+00 1.417229051501761133e-07
2.747500000000000053e+00 1.409463440090901731e-07
2.748000000000000220e+00 1.401738978086572911e-07
2.748499999999999943e+00 1.394055455379033646e-07
2.749000000000000110e+00 1.386412662887630502e-07
2.749500000000000277e+00 1.378810392556044720e-07
2.750000000000000000e+00 1.371248437347474721e-07
2.750500000000000167e+00 1.363726591239858308e-07
2.750999999999999890e+00 1.356244649221171635e-07
2.751500000000000057e+00 1.348802407284660408e-07
2.752000000000000224e+00 1.341399662424169562e-07
2.752499999999999947e+00 1.334036212629464193e-07
2.753000000000000114e+00 1.326711856881531444e-07
2.753499999999999837e+00 1.319426395147997516e-07
2.754000000000000004e+00 1.312179628378446236e-07
2.754500000000000171e+00 1.304971358499878156e-07
2.754999999999999893e+00 1.297801388412109315e-07
2.755500000000000060e+00 1.290669521983188000e-07
2.756000000000000227e+00 1.283575564044902023e-07
2.756499999999999950e+00 1.276519320388235189e-07
2.757000000000000117e+00 1.269500597758866109e-07
2.757499999999999840e+00 1.262519203852714658e-07
2.758000000000000007e+00 1.255574947311450055e-07
2.758500000000000174e+00 1.248667637718086291e-07
2.758999999999999897e+00 1.241797085592553733e-07
2.759500000000000064e+00 1.234963102387281322e-07
2.760000000000000231e+00 1.228165500482843350e-07
2.760499999999999954e+00 1.221404093183595651e-07
2.761000000000000121e+00 1.214678694713313916e-07
2.761499999999999844e+00 1.207989120210905582e-07
2.762000000000000011e+00 1.201335185726075411e-07
2.762500000000000178e+00 1.194716708215075764e-07
2.762999999999999901e+00 1.188133505536426304e-07
2.763500000000000068e+00 1.181585396446649985e-07
2.764000000000000234e+00 1.175072200596089629e-07
2.764499999999999957e+00 1.168593738524681633e-07
2.765000000000000124e+00 1.162149831657746213e-07
2.765499999999999847e+00 1.155740302301861163e-07
2.766000000000000014e+00 1.149364973640668514e-07
2.766500000000000181e+00 1.143023669730779259e-07
2.766999999999999904e+00 1.136716215497641159e-07
2.767500000000000071e+00 1.130442436731429704e-07
2.768000000000000238e+00 1.124202160083009621e-07
2.768499999999999961e+00 1.117995213059843174e-07
2.769000000000000128e+00 1.111821424021954581e-07
2.769499999999999851e+00 1.105680622177926859e-07
2.770000000000000018e+00 1.099572637580864122e-07
2.770500000000000185e+00 1.093497301124443349e-07
2.770999999999999908e+00 1.087454444538924859e-07
2.771500000000000075e+00 1.081443900387183300e-07
2.772000000000000242e+00 1.075465502060815533e-07
2.772499999999999964e+00 1.069519083776198884e-07
2.773000000000000131e+00 1.063604480570584071e-07
2.773499999999999854e+00 1.057721528298248224e-07
2.774000000000000021e+00 1.051870063626586613e-07
2.774500000000000188e+00 1.046049924032311199e-07
2.774999999999999911e+00 1.040260947797597424e-07
2.775500000000000078e+00 1.034502974006263962e-07
2.776000000000000245e+00 1.028775842540005139e-07
2.776499999999999968e+00 1.023079394074596761e-07
2.777000000000000135e+00 1.017413470076123503e-07
2.777499999999999858e+00 1.011777912797272482e-07
2.778000000000000025e+00 1.006172565273560120e-07
2.778500000000000192e+00 1.000597271319660520e-07
2.778999999999999915e+00 9.950518755256932162e-08
2.779500000000000082e+00 9.895362232535425466e-08
2.780000000000000249e+00 9.840501606332109133e-08
2.780499999999999972e+00 9.785935345591736291e-08
2.781000000000000139e+00 9.731661926867262202e-08
2.781499999999999861e+00 9.677679834284178879e-08
2.782000000000000028e+00 9.623987559504066204e-08
2.782500000000000195e+00 9.570583601689245500e-08
2.782999999999999918e+00 9.517466467466944752e-08
2.783500000000000085e+00 9.464634670893672925e-08
2.784000000000000252e+00 9.412086733420277211e-08
2.784499999999999975e+00 9.359821183856572783e-08
2.785000000000000142e+00 9.307836558336271663e-08
2.785499999999999865e+00 9.256131400282430395e-08
2.786000000000000032e+00 9.204704260372450377e-08
2.786500000000000199e+00 9.153553696503856409e-08
2.786999999999999922e+00 9.102678273759780099e-08
2.787500000000000089e+00 9.052076564374661645e-08
2.788000000000000256e+00 9.001747147700428077e-08
2.788499999999999979e+00 8.951688610172500764e-08
2.789000000000000146e+00 8.901899545275869097e-08
2.789499999999999869e+00 8.852378553511831213e-08
2.790000000000000036e+00 8.803124242364201349e-08
2.790500000000000203e+00 8.754135226266364231e-08
2.790999999999999925e+00 8.705410126567890067e-08
2.791500000000000092e+00 8.656947571501573049e-08
2.792000000000000259e+00 8.608746196150700153e-08
2.792499999999999982e+00 8.560804642416331839e-08
2.793000000000000149e+00 8.513121558984601289e-08
2.793499999999999872e+00 8.465695601294610533e-08
2.794000000000000039e+00 8.418525431505811741e-08
2.794500000000000206e+00 8.371609718466275248e-08
2.794999999999999929e+00 8.324947137680544658e-08
2.795500000000000096e+00 8.278536371277691789e-08
2.796000000000000263e+00 8.232376107979947334e-08
2.796499999999999986e+00 8.186465043071052275e-08
2.797000000000000153e+00 8.140801878364645019e-08
2.797499999999999876e+00 8.095385322173491607e-08
2.798000000000000043e+00 8.050214089277871530e-08
2.798500000000000210e+00 8.005286900895039548e-08
2.798999999999999932e+00 7.960602484648248103e-08
2.799500000000000099e+00 7.916159574535932526e-08
2.800000000000000266e+00 7.871956910901416376e-08
2.800499999999999989e+00 7.827993240402439428e-08
2.801000000000000156e+00 7.784267315980708163e-08
2.801499999999999879e+00 7.740777896832130500e-08
2.802000000000000046e+00 7.697523748376448341e-08
2.802500000000000213e+00 7.654503642227686713e-08
2.802999999999999936e+00 7.611716356164354083e-08
2.803500000000000103e+00 7.569160674099691655e-08
2.804000000000000270e+00 7.526835386052530142e-08
2.804499999999999993e+00 7.484739288117801104e-08
2.805000000000000160e+00 7.442871182437299759e-08
2.805499999999999883e+00 7.401229877170884534e-08
2.806000000000000050e+00 7.359814186467247814e-08
2.806500000000000217e+00 7.318622930435455633e-08
2.806999999999999940e+00 7.277654935116127380e-08
2.807500000000000107e+00 7.236909032452868288e-08
2.808000000000000274e+00 7.196384060264060589e-08
2.808499999999999996e+00 7.156078862214509090e-08
2.809000000000000163e+00 7.115992287787216440e-08
2.809499999999999886e+00 7.076123192255650752e-08
2.810000000000000053e+00 7.036470436655556599e-08
2.810500000000000220e+00 6.997032887757478071e-08
2.810999999999999943e+00 6.957809418039025056e-08
2.811500000000000110e+00 6.918798905657297024e-08
2.812000000000000277e+00 6.880000234421742244e-08
2.812500000000000000e+00 6.841412293766774790e-08
2.813000000000000167e+00 6.803033978724568906e-08
2.813499999999999890e+00 6.764864189898341733e-08
2.814000000000000057e+00 6.726901833435179432e-08
2.814500000000000224e+00 6.689145820999531671e-08
2.814999999999999947e+00 6.651595069746516855e-08
2.815500000000000114e+00 6.614248502295316022e-08
2.815999999999999837e+00 6.577105046703016733e-08
2.816500000000000004e+00 6.540163636438078441e-08
2.817000000000000171e+00 6.503423210354479458e-08
2.817499999999999893e+00 6.466882712665556873e-08
2.818000000000000060e+00 6.430541092918010576e-08
2.818500000000000227e+00 6.394397305966369191e-08
2.818999999999999950e+00 6.358450311947179393e-08
2.819500000000000117e+00 6.322699076253405657e-08
2.819999999999999840e+00 6.287142569509211178e-08
2.820500000000000007e+00 6.251779767544411888e-08
2.821000000000000174e+00 6.216609651369492954e-08
2.821499999999999897e+00 6.181631207150441307e-08
2.822000000000000064e+00 6.146843426183698619e-08
2.822500000000000231e+00 6.112245304871533820e-08
2.822999999999999954e+00 6.077835844697131058e-08
2.823500000000000121e+00 6.043614052200005899e-08
2.823999999999999844e+00 6.009578938951598863e-08
2.824500000000000011e+00 5.975729521530711469e-08
2.825000000000000178e+00 5.942064821499451823e-08
2.825499999999999901e+00 5.908583865378895655e-08
2.826000000000000068e+00 5.875285684625058379e-08
2.826500000000000234e+00 5.842169315605020009e-08
2.826999999999999957e+00 5.809233799573075893e-08
2.827500000000000124e+00 5.776478182646907951e-08
2.827999999999999847e+00 5.743901515784168848e-08
2.828500000000000014e+00 5.711502854758730001e-08
2.829000000000000181e+00 5.679281260137531769e-08
2.829499999999999904e+00 5.647235797257175564e-08
2.830000000000000071e+00 5.615365536200637067e-08
2.830500000000000238e+00 5.583669551774450597e-08
2.830999999999999961e+00 5.552146923485540777e-08
2.831500000000000128e+00 5.520796735518400289e-08
2.831999999999999851e+00 5.489618076712396670e-08
2.832500000000000018e+00 5.458610040539026171e-08
2.833000000000000185e+00 5.427771725079482602e-08
2.833499999999999908e+00 5.397102233002183824e-08
2.834000000000000075e+00 5.366600671540312812e-08
2.834500000000000242e+00 5.336266152469764349e-08
2.834999999999999964e+00 5.306097792086955414e-08
2.835500000000000131e+00 5.276094711186663358e-08
2.835999999999999854e+00 5.246256035040388184e-08
2.836500000000000021e+00 5.216580893374168222e-08
2.837000000000000188e+00 5.187068420347195859e-08
2.837499999999999911e+00 5.157717754529992541e-08
2.838000000000000078e+00 5.128528038882906052e-08
2.838500000000000245e+00 5.099498420734795717e-08
2.838999999999999968e+00 5.070628051761605784e-08
2.839500000000000135e+00 5.041916087965141950e-08
2.839999999999999858e+00 5.013361689652051713e-08
2.840500000000000025e+00 4.984964021412676999e-08
2.841000000000000192e+00 4.956722252100193993e-08
2.841499999999999915e+00 4.928635554809784070e-08
2.842000000000000082e+00 4.900703106857845092e-08
2.842500000000000249e+00 4.872924089761407841e-08
2.842999999999999972e+00 4.845297689217592829e-08
2.843500000000000139e+00 4.817823095083094232e-08
2.843999999999999861e+00 4.790499501353968887e-08
2.844500000000000028e+00 4.763326106145190375e-08
2.845000000000000195e+00 4.736302111670673601e-08
2.845499999999999918e+00 4.709426724223071076e-08
2.846000000000000085e+00 4.682699154153866974e-08
2.846500000000000252e+00 4.656118615853481129e-08
2.846999999999999975e+00 4.629684327731506694e-08
2.847500000000000142e+00 4.603395512196904792e-08
2.847999999999999865e+00 4.577251395638560477e-08
2.848500000000000032e+00 4.551251208405624287e-08
2.849000000000000199e+00 4.525394184788219753e-08
2.849499999999999922e+00 4.499679562998012588e-08
2.850000000000000089e+00 4.474106585148974440e-08
2.850500000000000256e+00 4.448674497238306783e-08
2.850999999999999979e+00 4.423382549127350910e-08
2.851500000000000146e+00 4.398229994522516462e-08
2.851999999999999869e+00 4.373216090956575230e-08
2.852500000000000036e+00 4.348340099769671073e-08
2.853000000000000203e+00 4.323601286090761297e-08
2.853499999999999925e+00 4.298998918819002444e-08
2.854000000000000092e+00 4.274532270605023581e-08
2.854500000000000259e+00 4.250200617832735610e-08
2.854999999999999982e+00 4.226003240600805727e-08
2.855500000000000149e+00 4.201939422704415779e-08
2.855999999999999872e+00 4.178008451617114576e-08
2.856500000000000039e+00 4.154209618472626541e-08
2.857000000000000206e+00 4.130542218046999164e-08
2.857499999999999929e+00 4.107005548740473851e-08
2.858000000000000096e+00 4.083598912559753818e-08
2.858500000000000263e+00 4.060321615100209781e-08
2.858999999999999986e+00 4.037172965528226602e-08
2.859500000000000153e+00 4.014152276563486398e-08
2.859999999999999876e+00 3.991258864461667237e-08
2.860500000000000043e+00 3.968492048996738821e-08
2.861000000000000210e+00 3.945851153443845806e-08
2.861499999999999932e+00 3.923335504561958848e-08
2.862000000000000099e+00 3.900944432576550127e-08
2.862500000000000266e+00 3.878677271162699016e-08
2.862999999999999989e+00 3.856533357427962158e-08
2.863500000000000156e+00 3.834512031895358035e-08
2.863999999999999879e+00 3.812612638486632107e-08
2.864500000000000046e+00 3.790834524505360494e-08
2.865000000000000213e+00 3.769177040620289231e-08
2.865499999999999936e+00 3.747639540848707940e-08
2.866000000000000103e+00 3.726221382539836737e-08
2.866500000000000270e+00 3.704921926358445401e-08
2.866999999999999993e+00 3.683740536268377931e-08
2.867500000000000160e+00 3.662676579516239215e-08
2.867999999999999883e+00 3.641729426615196187e-08
2.868500000000000050e+00 3.620898451328727369e-08
2.869000000000000217e+00 3.600183030654664904e-08
2.869499999999999940e+00 3.579582544809071147e-08
2.870000000000000107e+00 3.559096377210278715e-08
2.870500000000000274e+00 3.538723914463124425e-08
2.870999999999999996e+00 3.518464546343109775e-08
2.871500000000000163e+00 3.498317665780660029e-08
2.871999999999999886e+00 3.478282668845534842e-08
2.872500000000000053e+00 3.458358954731196530e-08
2.873000000000000220e+00 3.438545925739408627e-08
2.873499999999999943e+00 3.418842987264732540e-08
2.874000000000000110e+00 3.399249547779189631e-08
2.874500000000000277e+00 3.379765018817042418e-08
2.875000000000000000e+00 3.360388814959569158e-08
2.875500000000000167e+00 3.341120353819860269e-08
2.875999999999999890e+00 3.321959056027880770e-08
2.876500000000000057e+00 3.302904345215386477e-08
2.877000000000000224e+00 3.283955648001053942e-08
2.877499999999999947e+00 3.265112393975637527e-08
2.878000000000000114e+00 3.246374015687142354e-08
2.878500000000000281e+00 3.227739948626205045e-08
2.879000000000000004e+00 3.209209631211384470e-08
2.879500000000000171e+00 3.190782504774598070e-08
2.879999999999999893e+00 3.172458013546704431e-08
2.880500000000000060e+00 3.154235604642945568e-08
2.881000000000000227e+00 3.136114728048707505e-08
2.881499999999999950e+00 3.118094836605186893e-08
2.882000000000000117e+00 3.100175385995092691e-08
2.882499999999999840e+00 3.082355834728646967e-08
2.883000000000000007e+00 3.064635644129335551e-08
2.883500000000000174e+00 3.047014278319966404e-08
2.883999999999999897e+00 3.029491204208749157e-08
2.884500000000000064e+00 3.012065891475289293e-08
2.885000000000000231e+00 2.994737812556892020e-08
2.885499999999999954e+00 2.977506442634725524e-08
2.886000000000000121e+00 2.960371259620127491e-08
2.886499999999999844e+00 2.943331744141046291e-08
2.887000000000000011e+00 2.926387379528403091e-08
2.887500000000000178e+00 2.909537651802633619e-08
2.887999999999999901e+00 2.892782049660260053e-08
2.888500000000000068e+00 2.876120064460476461e-08
2.889000000000000234e+00 2.859551190211917554e-08
2.889499999999999957e+00 2.843074923559354311e-08
2.890000000000000124e+00 2.826690763770525269e-08
2.890499999999999847e+00 2.810398212723051840e-08
2.891000000000000014e+00 2.794196774891324529e-08
2.891500000000000181e+00 2.778085957333609500e-08
2.891999999999999904e+00 2.762065269679042319e-08
2.892500000000000071e+00 2.746134224114740814e-08
2.893000000000000238e+00 2.730292335373074429e-08
2.893499999999999961e+00 2.714539120718895210e-08
2.894000000000000128e+00 2.698874099936781017e-08
2.894499999999999851e+00 2.683296795318551390e-08
2.895000000000000018e+00 2.667806731650566684e-08
2.895500000000000185e+00 2.652403436201294552e-08
2.895999999999999908e+00 2.637086438708893964e-08
2.896500000000000075e+00 2.621855271368737025e-08
2.897000000000000242e+00 2.606709468821181253e-08
2.897499999999999964e+00 2.591648568139271066e-08
2.898000000000000131e+00 2.576672108816480946e-08
2.898499999999999854e+00 2.561779632754664411e-08
2.899000000000000021e+00 2.546970684251848467e-08
2.899500000000000188e+00 2.532244809990325852e-08
2.899999999999999911e+00 2.517601559024592088e-08
2.900500000000000078e+00 2.503040482769446000e-08
2.901000000000000245e+00 2.488561134988138857e-08
2.901499999999999968e+00 2.474163071780615509e-08
2.902000000000000135e+00 2.459845851571644674e-08
2.902499999999999858e+00 2.445609035099286383e-08
2.903000000000000025e+00 2.431452185403111281e-08
2.903500000000000192e+00 2.417374867812751115e-08
2.903999999999999915e+00 2.403376649936298030e-08
2.904500000000000082e+00 2.389457101648823627e-08
2.905000000000000249e+00 2.375615795081031373e-08
2.905499999999999972e+00 2.361852304607868307e-08
2.906000000000000139e+00 2.348166206837203253e-08
2.906499999999999861e+00 2.334557080598615214e-08
2.907000000000000028e+00 2.321024506932154307e-08
2.907500000000000195e+00 2.307568069077252905e-08
2.907999999999999918e+00 2.294187352461631495e-08
2.908500000000000085e+00 2.280881944690173097e-08
2.909000000000000252e+00 2.267651435534107382e-08
2.909499999999999975e+00 2.254495416919946634e-08
2.910000000000000142e+00 2.241413482918640421e-08
2.910499999999999865e+00 2.228405229734836139e-08
2.911000000000000032e+00 2.215470255695964539e-08
2.911500000000000199e+00 2.202608161241664377e-08
2.911999999999999922e+00 2.189818548913027419e-08
2.912500000000000089e+00 2.177101023342001925e-08
2.913000000000000256e+00 2.164455191240835177e-08
2.913499999999999979e+00 2.151880661391590120e-08
2.914000000000000146e+00 2.139377044635609733e-08
2.914499999999999869e+00 2.126943953863193812e-08
2.915000000000000036e+00 2.114581004003147378e-08
2.915500000000000203e+00 2.102287812012546137e-08
2.915999999999999925e+00 2.090063996866450985e-08
2.916500000000000092e+00 2.077909179547644020e-08
2.917000000000000259e+00 2.065822983036563408e-08
2.917499999999999982e+00 2.053805032301122446e-08
2.918000000000000149e+00 2.041854954286623582e-08
2.918499999999999872e+00 2.029972377905837871e-08
2.919000000000000039e+00 2.018156934028927270e-08
2.919500000000000206e+00 2.006408255473614423e-08
2.919999999999999929e+00 1.994725976995258812e-08
2.920500000000000096e+00 1.983109735277028193e-08
2.921000000000000263e+00 1.971559168920192791e-08
2.921499999999999986e+00 1.960073918434313946e-08
2.922000000000000153e+00 1.948653626227580660e-08
2.922499999999999876e+00 1.937297936597248378e-08
2.923000000000000043e+00 1.926006495719924911e-08
2.923500000000000210e+00 1.914778951642154144e-08
2.923999999999999932e+00 1.903614954270845225e-08
2.924500000000000099e+00 1.892514155363831126e-08
2.925000000000000266e+00 1.881476208520506278e-08
2.925499999999999989e+00 1.870500769172428483e-08
2.926000000000000156e+00 1.859587494574008493e-08
2.926499999999999879e+00 1.848736043793287941e-08
2.927000000000000046e+00 1.837946077702640843e-08
2.927500000000000213e+00 1.827217258969686844e-08
2.927999999999999936e+00 1.816549252048101582e-08
2.928500000000000103e+00 1.805941723168508430e-08
2.929000000000000270e+00 1.795394340329513848e-08
2.929499999999999993e+00 1.784906773288648427e-08
2.930000000000000160e+00 1.774478693553393639e-08
2.930499999999999883e+00 1.764109774372350852e-08
2.931000000000000050e+00 1.753799690726278337e-08
2.931500000000000217e+00 1.743548119319335390e-08
2.931999999999999940e+00 1.733354738570279148e-08
2.932500000000000107e+00 1.723219228603690189e-08
2.933000000000000274e+00 1.713141271241328823e-08
2.933499999999999996e+00 1.703120549993462272e-08
2.934000000000000163e+00 1.693156750050214672e-08
2.934499999999999886e+00 1.683249558273059691e-08
2.935000000000000053e+00 1.673398663186235053e-08
2.935500000000000220e+00 1.663603754968302647e-08
2.935999999999999943e+00 1.653864525443669602e-08
2.936500000000000110e+00 1.644180668074181806e-08
2.937000000000000277e+00 1.634551877950795861e-08
2.937500000000000000e+00 1.624977851785221574e-08
2.938000000000000167e+00 1.615458287901639898e-08
2.938499999999999890e+00 1.605992886228501931e-08
2.939000000000000057e+00 1.596581348290257438e-08
2.939500000000000224e+00 1.587223377199276282e-08
2.939999999999999947e+00 1.577918677647673224e-08
2.940500000000000114e+00 1.568666955899210159e-08
2.941000000000000281e+00 1.559467919781323092e-08
2.941500000000000004e+00 1.550321278677060757e-08
2.942000000000000171e+00 1.541226743517135089e-08
2.942499999999999893e+00 1.532184026772010398e-08
2.943000000000000060e+00 1.523192842443993530e-08
2.943500000000000227e+00 1.514252906059415368e-08
2.943999999999999950e+00 1.505363934660815617e-08
2.944500000000000117e+00 1.496525646799136876e-08
2.944999999999999840e+00 1.487737762526047570e-08
2.945500000000000007e+00 1.479000003386198710e-08
2.946000000000000174e+00 1.470312092409610529e-08
2.946499999999999897e+00 1.461673754104020395e-08
2.947000000000000064e+00 1.453084714447308318e-08
2.947500000000000231e+00 1.444544700879955549e-08
2.947999999999999954e+00 1.436053442297559746e-08
2.948500000000000121e+00 1.427610669043311112e-08
2.948999999999999844e+00 1.419216112900621384e-08
2.949500000000000011e+00 1.410869507085664484e-08
2.950000000000000178e+00 1.402570586240066727e-08
2.950499999999999901e+00 1.394319086423560957e-08
2.951000000000000068e+00 1.386114745106688666e-08
2.951500000000000234e+00 1.377957301163561336e-08
2.951999999999999957e+00 1.369846494864643287e-08
2.952500000000000124e+00 1.361782067869555371e-08
2.952999999999999847e+00 1.353763763219947324e-08
2.953500000000000014e+00 1.345791325332363167e-08
2.954000000000000181e+00 1.337864499991193129e-08
2.954499999999999904e+00 1.329983034341623094e-08
2.955000000000000071e+00 1.322146676882598765e-08
2.955500000000000238e+00 1.314355177459896869e-08
2.955999999999999961e+00 1.306608287259172208e-08
2.956500000000000128e+00 1.298905758799026878e-08
2.956999999999999851e+00 1.291247345924186693e-08
2.957500000000000018e+00 1.283632803798624165e-08
2.958000000000000185e+00 1.276061888898792006e-08
2.958499999999999908e+00 1.268534359006829826e-08
2.959000000000000075e+00 1.261049973203826244e-08
2.959500000000000242e+00 1.253608491863146524e-08
2.959999999999999964e+00 1.246209676643735388e-08
2.960500000000000131e+00 1.238853290483482365e-08
2.960999999999999854e+00 1.231539097592649017e-08
2.961500000000000021e+00 1.224266863447246525e-08
2.962000000000000188e+00 1.217036354782558374e-08
2.962499999999999911e+00 1.209847339586596362e-08
2.963000000000000078e+00 1.202699587093614009e-08
2.963500000000000245e+00 1.195592867777716593e-08
2.963999999999999968e+00 1.188526953346408974e-08
2.964500000000000135e+00 1.181501616734227294e-08
2.964999999999999858e+00 1.174516632096403768e-08
2.965500000000000025e+00 1.167571774802532465e-08
2.966000000000000192e+00 1.160666821430310861e-08
2.966499999999999915e+00 1.153801549759277749e-08
2.967000000000000082e+00 1.146975738764568522e-08
2.967500000000000249e+00 1.140189168610761280e-08
2.967999999999999972e+00 1.133441620645704740e-08
2.968500000000000139e+00 1.126732877394359713e-08
2.968999999999999861e+00 1.120062722552762332e-08
2.969500000000000028e+00 1.113430940981877946e-08
2.970000000000000195e+00 1.106837318701631181e-08
2.970499999999999918e+00 1.100281642884872824e-08
2.971000000000000085e+00 1.093763701851366216e-08
2.971500000000000252e+00 1.087283285061897393e-08
2.971999999999999975e+00 1.080840183112327002e-08
2.972500000000000142e+00 1.074434187727682572e-08
2.972999999999999865e+00 1.068065091756338636e-08
2.973500000000000032e+00 1.061732689164136310e-08
2.974000000000000199e+00 1.055436775028633718e-08
2.974499999999999922e+00 1.049177145533297537e-08
2.975000000000000089e+00 1.042953597961747635e-08
2.975500000000000256e+00 1.036765930692084269e-08
2.975999999999999979e+00 1.030613943191164157e-08
2.976500000000000146e+00 1.024497436008947367e-08
2.976999999999999869e+00 1.018416210772876615e-08
2.977500000000000036e+00 1.012370070182252778e-08
2.978000000000000203e+00 1.006358818002698568e-08
2.978499999999999925e+00 1.000382259060563647e-08
2.979000000000000092e+00 9.944401992374333111e-09
2.979500000000000259e+00 9.885324454646298847e-09
2.979999999999999982e+00 9.826588057177525044e-09
2.980500000000000149e+00 9.768190890112164024e-09
2.980999999999999872e+00 9.710131053928759018e-09
2.981500000000000039e+00 9.652406659386096924e-09
2.982000000000000206e+00 9.595015827469879970e-09
2.982499999999999929e+00 9.537956689339390767e-09
2.983000000000000096e+00 9.481227386274111031e-09
2.983500000000000263e+00 9.424826069621461969e-09
2.983999999999999986e+00 9.368750900744063243e-09
2.984500000000000153e+00 9.313000050967312879e-09
2.984999999999999876e+00 9.257571701527776160e-09
2.985500000000000043e+00 9.202464043521033543e-09
2.986000000000000210e+00 9.147675277850666777e-09
2.986499999999999932e+00 9.093203615176728860e-09
2.987000000000000099e+00 9.039047275864862501e-09
2.987500000000000266e+00 8.985204489935627043e-09
2.987999999999999989e+00 8.931673497014219108e-09
2.988500000000000156e+00 8.878452546279835917e-09
2.988999999999999879e+00 8.825539896416310799e-09
2.989500000000000046e+00 8.772933815561913257e-09
2.990000000000000213e+00 8.720632581260260762e-09
2.990499999999999936e+00 8.668634480411027059e-09
2.991000000000000103e+00 8.616937809220781168e-09
2.991500000000000270e+00 8.565540873154693276e-09
2.991999999999999993e+00 8.514441986887792284e-09
2.992500000000000160e+00 8.463639474256706445e-09
2.992999999999999883e+00 8.413131668211951577e-09
2.993500000000000050e+00 8.362916910769941361e-09
2.994000000000000217e+00 8.312993552965697421e-09
2.994499999999999940e+00 8.263359954805570987e-09
2.995000000000000107e+00 8.214014485219905007e-09
2.995500000000000274e+00 8.164955522016847690e-09
2.995999999999999996e+00 8.116181451835292545e-09
2.996500000000000163e+00 8.067690670098741552e-09
2.996999999999999886e+00 8.019481580969351978e-09
2.997500000000000053e+00 7.971552597301907079e-09
2.998000000000000220e+00 7.923902140598269882e-09
2.998499999999999943e+00 7.876528640962151295e-09
2.999000000000000110e+00 7.829430537053560580e-09
2.999500000000000277e+00 7.782606276044342740e-09
3.000000000000000000e+00 7.736054313573183204e-09
3.000500000000000167e+00 7.689773113701141904e-09
3.000999999999999890e+00 7.643761148867604252e-09
3.001500000000000057e+00 7.598016899845944264e-09
3.002000000000000224e+00 7.552538855699988385e-09
3.002499999999999947e+00 7.507325513740346971e-09
3.003000000000000114e+00 7.462375379480856616e-09
3.003500000000000281e+00 7.417686966595779341e-09
3.004000000000000004e+00 7.373258796876631213e-09
3.004500000000000171e+00 7.329089400189384019e-09
3.004999999999999893e+00 7.285177314432316281e-09
3.005500000000000060e+00 7.241521085493348928e-09
3.006000000000000227e+00 7.198119267208168457e-09
3.006499999999999950e+00 7.154970421318438592e-09
3.007000000000000117e+00 7.112073117429892834e-09
3.007500000000000284e+00 7.069425932971162371e-09
3.008000000000000007e+00 7.027027453152461719e-09
3.008500000000000174e+00 6.984876270924419112e-09
3.008999999999999897e+00 6.942970986937523974e-09
3.009500000000000064e+00 6.901310209501311347e-09
3.010000000000000231e+00 6.859892554544042624e-09
3.010499999999999954e+00 6.818716645572627824e-09
3.011000000000000121e+00 6.777781113632293916e-09
3.011499999999999844e+00 6.737084597267234189e-09
3.012000000000000011e+00 6.696625742480624815e-09
3.012500000000000178e+00 6.656403202695512447e-09
3.012999999999999901e+00 6.616415638715544644e-09
3.013500000000000068e+00 6.576661718685818584e-09
3.014000000000000234e+00 6.537140118054395664e-09
3.014499999999999957e+00 6.497849519533487697e-09
3.015000000000000124e+00 6.458788613061024454e-09
3.015499999999999847e+00 6.419956095762640572e-09
3.016000000000000014e+00 6.381350671913468913e-09
3.016500000000000181e+00 6.342971052900501364e-09
3.016999999999999904e+00 6.304815957184823903e-09
3.017500000000000071e+00 6.266884110264184201e-09
3.018000000000000238e+00 6.229174244635853687e-09
3.018499999999999961e+00 6.191685099759532638e-09
3.019000000000000128e+00 6.154415422020346253e-09
3.019499999999999851e+00 6.117363964692402384e-09
3.020000000000000018e+00 6.080529487902023357e-09
3.020500000000000185e+00 6.043910758591728049e-09
3.020999999999999908e+00 6.007506550483902939e-09
3.021500000000000075e+00 5.971315644044877657e-09
3.022000000000000242e+00 5.935336826449296658e-09
3.022499999999999964e+00 5.899568891544416458e-09
3.023000000000000131e+00 5.864010639814730419e-09
3.023499999999999854e+00 5.828660878346821853e-09
3.024000000000000021e+00 5.793518420794198088e-09
3.024500000000000188e+00 5.758582087342648974e-09
3.024999999999999911e+00 5.723850704675393623e-09
3.025500000000000078e+00 5.689323105938543972e-09
3.026000000000000245e+00 5.654998130706938906e-09
3.026499999999999968e+00 5.620874624949912223e-09
3.027000000000000135e+00 5.586951440997276481e-09
3.027499999999999858e+00 5.553227437505594711e-09
3.028000000000000025e+00 5.519701479424455435e-09
3.028500000000000192e+00 5.486372437963148040e-09
3.028999999999999915e+00 5.453239190557252957e-09
3.029500000000000082e+00 5.420300620835528787e-09
3.030000000000000249e+00 5.387555618587056694e-09
3.030499999999999972e+00 5.355003079728417875e-09
3.031000000000000139e+00 5.322641906270965330e-09
3.031499999999999861e+00 5.290471006288568787e-09
3.032000000000000028e+00 5.258489293885180944e-09
3.032500000000000195e+00 5.226695689162775125e-09
3.032999999999999918e+00 5.195089118189488898e-09
3.033500000000000085e+00 5.163668512967572482e-09
3.034000000000000252e+00 5.132432811402061764e-09
3.034499999999999975e+00 5.101380957269199023e-09
3.035000000000000142e+00 5.070511900184965324e-09
3.035499999999999865e+00 5.039824595574251499e-09
3.036000000000000032e+00 5.009318004639564249e-09
3.036500000000000199e+00 4.978991094330464302e-09
3.036999999999999922e+00 4.948842837312750627e-09
3.037500000000000089e+00 4.918872211937905209e-09
3.038000000000000256e+00 4.889078202212884411e-09
3.038499999999999979e+00 4.859459797769852440e-09
3.039000000000000146e+00 4.830015993836097611e-09
3.039499999999999869e+00 4.800745791204220758e-09
3.040000000000000036e+00 4.771648196202306278e-09
3.040500000000000203e+00 4.742722220664445546e-09
3.040999999999999925e+00 4.713966881901271914e-09
3.041500000000000092e+00 4.685381202670575123e-09
3.042000000000000259e+00 4.656964211148330955e-09
3.042499999999999982e+00 4.628714940899657265e-09
3.043000000000000149e+00 4.600632430849900713e-09
3.043499999999999872e+00 4.572715725256118885e-09
3.044000000000000039e+00 4.544963873678343208e-09
3.044500000000000206e+00 4.517375930951395257e-09
3.044999999999999929e+00 4.489950957156564086e-09
3.045500000000000096e+00 4.462688017593364632e-09
3.046000000000000263e+00 4.435586182751826334e-09
3.046499999999999986e+00 4.408644528284582407e-09
3.047000000000000153e+00 4.381862134979069127e-09
3.047499999999999876e+00 4.355238088730260304e-09
3.048000000000000043e+00 4.328771480513031178e-09
3.048500000000000210e+00 4.302461406355138567e-09
3.048999999999999932e+00 4.276306967309990075e-09
3.049500000000000099e+00 4.250307269429631688e-09
3.050000000000000266e+00 4.224461423738109246e-09
3.050499999999999989e+00 4.198768546204654558e-09
3.051000000000000156e+00 4.173227757717084928e-09
3.051499999999999879e+00 4.147838184055595590e-09
3.052000000000000046e+00 4.122598955866258495e-09
3.052500000000000213e+00 4.097509208635051326e-09
3.052999999999999936e+00 4.072568082661824464e-09
3.053500000000000103e+00 4.047774723034271272e-09
3.054000000000000270e+00 4.023128279602469956e-09
3.054499999999999993e+00 3.998627906953094555e-09
3.055000000000000160e+00 3.974272764383927854e-09
3.055499999999999883e+00 3.950062015878672075e-09
3.056000000000000050e+00 3.925994830081553612e-09
3.056500000000000217e+00 3.902070380272430680e-09
3.056999999999999940e+00 3.878287844341773582e-09
3.057500000000000107e+00 3.854646404765726872e-09
3.058000000000000274e+00 3.831145248581622325e-09
3.058499999999999996e+00 3.807783567363325647e-09
3.059000000000000163e+00 3.784560557196727939e-09
3.059499999999999886e+00 3.761475418655590371e-09
3.060000000000000053e+00 3.738527356777201080e-09
3.060500000000000220e+00 3.715715581038449390e-09
3.060999999999999943e+00 3.693039305331841705e-09
3.061500000000000110e+00 3.670497747941665475e-09
3.062000000000000277e+00 3.648090131520332658e-09
3.062500000000000000e+00 3.625815683064879930e-09
3.063000000000000167e+00 3.603673633893348131e-09
3.063499999999999890e+00 3.581663219621697310e-09
3.064000000000000057e+00 3.559783680140402059e-09
3.064500000000000224e+00 3.538034259591516279e-09
3.064999999999999947e+00 3.516414206345676317e-09
3.065500000000000114e+00 3.494922772979186823e-09
3.066000000000000281e+00 3.473559216251416801e-09
3.066500000000000004e+00 3.452322797082157188e-09
3.067000000000000171e+00 3.431212780529063232e-09
3.067499999999999893e+00 3.410228435765412014e-09
3.068000000000000060e+00 3.389369036057739211e-09
3.068500000000000227e+00 3.368633858743801758e-09
3.068999999999999950e+00 3.348022185210484273e-09
3.069500000000000117e+00 3.327533300871892830e-09
3.070000000000000284e+00 3.307166495147637745e-09
3.070500000000000007e+00 3.286921061441079555e-09
3.071000000000000174e+00 3.266796297117764831e-09
3.071499999999999897e+00 3.246791503484045217e-09
3.072000000000000064e+00 3.226905985765650967e-09
3.072500000000000231e+00 3.207139053086508504e-09
3.072999999999999954e+00 3.187490018447620433e-09
3.073500000000000121e+00 3.167958198706018758e-09
3.073999999999999844e+00 3.148542914553912896e-09
3.074500000000000011e+00 3.129243490497841420e-09
3.075000000000000178e+00 3.110059254838053754e-09
3.075499999999999901e+00 3.090989539647915031e-09
3.076000000000000068e+00 3.072033680753369677e-09
3.076500000000000234e+00 3.053191017712681281e-09
3.076999999999999957e+00 3.034460893796143091e-09
3.077500000000000124e+00 3.015842655965864203e-09
3.077999999999999847e+00 2.997335654855834095e-09
3.078500000000000014e+00 2.978939244751897826e-09
3.079000000000000181e+00 2.960652783571950020e-09
3.079499999999999904e+00 2.942475632846248799e-09
3.080000000000000071e+00 2.924407157697690417e-09
3.080500000000000238e+00 2.906446726822348599e-09
3.080999999999999961e+00 2.888593712470079217e-09
3.081500000000000128e+00 2.870847490425094789e-09
3.081999999999999851e+00 2.853207439986869836e-09
3.082500000000000018e+00 2.835672943950894458e-09
3.083000000000000185e+00 2.818243388589756302e-09
3.083499999999999908e+00 2.800918163634178683e-09
3.084000000000000075e+00 2.783696662254180310e-09
3.084500000000000242e+00 2.766578281040369835e-09
3.084999999999999964e+00 2.749562419985371095e-09
3.085500000000000131e+00 2.732648482465156134e-09
3.085999999999999854e+00 2.715835875220792631e-09
3.086500000000000021e+00 2.699124008339952692e-09
3.087000000000000188e+00 2.682512295238792217e-09
3.087499999999999911e+00 2.666000152643739282e-09
3.088000000000000078e+00 2.649587000573438848e-09
3.088500000000000245e+00 2.633272262320886078e-09
3.088999999999999968e+00 2.617055364435490579e-09
3.089500000000000135e+00 2.600935736705293673e-09
3.089999999999999858e+00 2.584912812139383774e-09
3.090500000000000025e+00 2.568986026950238572e-09
3.091000000000000192e+00 2.553154820536270687e-09
3.091499999999999915e+00 2.537418635464467219e-09
3.092000000000000082e+00 2.521776917453006134e-09
3.092500000000000249e+00 2.506229115354098056e-09
3.092999999999999972e+00 2.490774681136892166e-09
3.093500000000000139e+00 2.475413069870353565e-09
3.093999999999999861e+00 2.460143739706428905e-09
3.094500000000000028e+00 2.444966151863079675e-09
3.095000000000000195e+00 2.429879770607638087e-09
3.095499999999999918e+00 2.414884063240056255e-09
3.096000000000000085e+00 2.399978500076287307e-09
3.096500000000000252e+00 2.385162554431892324e-09
3.096999999999999975e+00 2.370435702605537255e-09
3.097500000000000142e+00 2.355797423862683814e-09
3.097999999999999865e+00 2.341247200419373428e-09
3.098500000000000032e+00 2.326784517426028149e-09
3.099000000000000199e+00 2.312408862951431885e-09
3.099499999999999922e+00 2.298119727966724870e-09
3.100000000000000089e+00 2.283916606329445282e-09
3.100500000000000256e+00 2.269798994767819842e-09
3.100999999999999979e+00 2.255766392864952257e-09
3.101500000000000146e+00 2.241818303043158487e-09
3.101999999999999869e+00 2.227954230548468276e-09
3.102500000000000036e+00 2.214173683435067124e-09
3.103000000000000203e+00 2.200476172549956637e-09
3.103499999999999925e+00 2.186861211517580136e-09
3.104000000000000092e+00 2.173328316724581850e-09
3.104500000000000259e+00 2.159877007304685646e-09
3.104999999999999982e+00 2.146506805123601049e-09
3.105500000000000149e+00 2.133217234763939186e-09
3.105999999999999872e+00 2.120007823510450513e-09
3.106500000000000039e+00 2.106878101335011484e-09
3.107000000000000206e+00 2.093827600881967738e-09
3.107499999999999929e+00 2.080855857453443785e-09
3.108000000000000096e+00 2.067962408994637802e-09
3.108500000000000263e+00 2.055146796079415044e-09
3.108999999999999986e+00 2.042408561895771796e-09
3.109500000000000153e+00 2.029747252231470558e-09
3.109999999999999876e+00 2.017162415459758354e-09
3.110500000000000043e+00 2.004653602525099524e-09
3.111000000000000210e+00 1.992220366929091321e-09
3.111499999999999932e+00 1.979862264716334005e-09
3.112000000000000099e+00 1.967578854460413449e-09
3.112500000000000266e+00 1.955369697250029728e-09
3.112999999999999989e+00 1.943234356675121992e-09
3.113500000000000156e+00 1.931172398813040076e-09
3.113999999999999879e+00 1.919183392214939861e-09
3.114500000000000046e+00 1.907266907892021052e-09
3.115000000000000213e+00 1.895422519302077228e-09
3.115499999999999936e+00 1.883649802335960679e-09
3.116000000000000103e+00 1.871948335304129971e-09
3.116500000000000270e+00 1.860317698923369564e-09
3.116999999999999993e+00 1.848757476303467027e-09
3.117500000000000160e+00 1.837267252933999662e-09
3.117999999999999883e+00 1.825846616671273733e-09
3.118500000000000050e+00 1.814495157725144374e-09
3.119000000000000217e+00 1.803212468646107440e-09
3.119499999999999940e+00 1.791998144312369641e-09
3.120000000000000107e+00 1.780851781916907913e-09
3.120500000000000274e+00 1.769772980954787511e-09
3.120999999999999996e+00 1.758761343210371924e-09
3.121500000000000163e+00 1.747816472744672602e-09
3.121999999999999886e+00 1.736937975882808278e-09
3.122500000000000053e+00 1.726125461201415686e-09
3.123000000000000220e+00 1.715378539516259230e-09
3.123499999999999943e+00 1.704696823869824926e-09
3.124000000000000110e+00 1.694079929518957359e-09
3.124500000000000277e+00 1.683527473922684828e-09
3.125000000000000000e+00 1.673039076729973556e-09
3.125500000000000167e+00 1.662614359767586541e-09
3.125999999999999890e+00 1.652252947028106391e-09
3.126500000000000057e+00 1.641954464657827887e-09
3.127000000000000224e+00 1.631718540944925571e-09
3.127499999999999947e+00 1.621544806307545454e-09
3.128000000000000114e+00 1.611432893281971779e-09
3.128500000000000281e+00 1.601382436510937306e-09
3.129000000000000004e+00 1.591393072731926771e-09
3.129500000000000171e+00 1.581464440765526670e-09
3.129999999999999893e+00 1.571596181503934061e-09
3.130500000000000060e+00 1.561787937899389688e-09
3.131000000000000227e+00 1.552039354952826169e-09
3.131499999999999950e+00 1.542350079702442142e-09
3.132000000000000117e+00 1.532719761212403197e-09
3.132500000000000284e+00 1.523148050561600480e-09
3.133000000000000007e+00 1.513634600832482315e-09
3.133500000000000174e+00 1.504179067099872992e-09
3.133999999999999897e+00 1.494781106419967338e-09
3.134500000000000064e+00 1.485440377819256838e-09
3.135000000000000231e+00 1.476156542283632560e-09
3.135499999999999954e+00 1.466929262747476301e-09
3.136000000000000121e+00 1.457758204082791020e-09
3.136499999999999844e+00 1.448643033088503322e-09
3.137000000000000011e+00 1.439583418479645385e-09
3.137500000000000178e+00 1.430579030876785039e-09
3.137999999999999901e+00 1.421629542795388430e-09
3.138500000000000068e+00 1.412734628635230249e-09
3.139000000000000234e+00 1.403893964669978490e-09
3.139499999999999957e+00 1.395107229036726070e-09
3.140000000000000124e+00 1.386374101725587788e-09
3.140499999999999847e+00 1.377694264569429434e-09
3.141000000000000014e+00 1.369067401233559462e-09
3.141500000000000181e+00 1.360493197205540400e-09
3.141999999999999904e+00 1.351971339785029210e-09
3.142500000000000071e+00 1.343501518073658803e-09
3.143000000000000238e+00 1.335083422965022122e-09
3.143499999999999961e+00 1.326716747134650435e-09
3.144000000000000128e+00 1.318401185030078895e-09
3.144499999999999851e+00 1.310136432860973520e-09
3.145000000000000018e+00 1.301922188589269959e-09
3.145500000000000185e+00 1.293758151919440886e-09
3.145999999999999908e+00 1.285644024288728649e-09
3.146500000000000075e+00 1.277579508857463744e-09
3.147000000000000242e+00 1.269564310499475515e-09
3.147499999999999964e+00 1.261598135792509473e-09
3.148000000000000131e+00 1.253680693008673984e-09
3.148499999999999854e+00 1.245811692105035427e-09
3.149000000000000021e+00 1.237990844714133332e-09
3.149500000000000188e+00 1.230217864134666735e-09
3.149999999999999911e+00 1.222492465322147665e-09
3.150500000000000078e+00 1.214814364879633611e-09
3.151000000000000245e+00 1.207183281048535482e-09
3.151499999999999968e+00 1.199598933699439831e-09
3.152000000000000135e+00 1.192061044322968301e-09
3.152499999999999858e+00 1.184569336020755155e-09
3.153000000000000025e+00 1.177123533496374755e-09
3.153500000000000192e+00 1.169723363046429935e-09
3.153999999999999915e+00 1.162368552551587845e-09
3.154500000000000082e+00 1.155058831467711125e-09
3.155000000000000249e+00 1.147793930817057530e-09
3.155499999999999972e+00 1.140573583179477077e-09
3.156000000000000139e+00 1.133397522683680946e-09
3.156499999999999861e+00 1.126265484998587721e-09
3.157000000000000028e+00 1.119177207324641924e-09
3.157500000000000195e+00 1.112132428385265518e-09
3.157999999999999918e+00 1.105130888418301962e-09
3.158500000000000085e+00 1.098172329167491085e-09
3.159000000000000252e+00 1.091256493874071956e-09
3.159499999999999975e+00 1.084383127268338615e-09
3.160000000000000142e+00 1.077551975561272522e-09
3.160499999999999865e+00 1.070762786436279224e-09
3.161000000000000032e+00 1.064015309040848518e-09
3.161500000000000199e+00 1.057309293978392864e-09
3.161999999999999922e+00 1.050644493300042583e-09
3.162500000000000089e+00 1.044020660496489647e-09
3.163000000000000256e+00 1.037437550489930735e-09
3.163499999999999979e+00 1.030894919626008630e-09
3.164000000000000146e+00 1.024392525665785468e-09
3.164499999999999869e+00 1.017930127777819175e-09
3.165000000000000036e+00 1.011507486530216945e-09
3.165500000000000203e+00 1.005124363882771034e-09
3.165999999999999925e+00 9.987805231791464463e-10
3.166500000000000092e+00 9.924757291390394746e-10
3.167000000000000259e+00 9.862097478504900859e-10
3.167499999999999982e+00 9.799823467621544023e-10
3.168000000000000149e+00 9.737932946756106803e-10
3.168499999999999872e+00 9.676423617377968117e-10
3.169000000000000039e+00 9.615293194333725517e-10
3.169500000000000206e+00 9.554539405772318798e-10
3.169999999999999929e+00 9.494159993069737953e-10
3.170500000000000096e+00 9.434152710754401139e-10
3.171000000000000263e+00 9.374515326433215074e-10
3.171499999999999986e+00 9.315245620717856694e-10
3.172000000000000153e+00 9.256341387150976244e-10
3.172499999999999876e+00 9.197800432133870665e-10
3.173000000000000043e+00 9.139620574853262604e-10
3.173500000000000210e+00 9.081799647209688288e-10
3.173999999999999932e+00 9.024335493745497649e-10
3.174500000000000099e+00 8.967225971573309414e-10
3.175000000000000266e+00 8.910468950305307834e-10
3.175499999999999989e+00 8.854062311982539425e-10
3.176000000000000156e+00 8.798003951004466133e-10
3.176499999999999879e+00 8.742291774059606235e-10
3.177000000000000046e+00 8.686923700055472143e-10
3.177500000000000213e+00 8.631897660050060206e-10
3.177999999999999936e+00 8.577211597182802839e-10
3.178500000000000103e+00 8.522863466606272358e-10
3.179000000000000270e+00 8.468851235418414208e-10
3.179499999999999993e+00 8.415172882594772952e-10
3.180000000000000160e+00 8.361826398921289017e-10
3.180499999999999883e+00 8.308809786927650685e-10
3.181000000000000050e+00 8.256121060820465136e-10
3.181500000000000217e+00 8.203758246417545153e-10
3.181999999999999940e+00 8.151719381081891836e-10
3.182500000000000107e+00 8.100002513656206717e-10
3.183000000000000274e+00 8.048605704398206230e-10
3.183499999999999996e+00 7.997527024915665289e-10
3.184000000000000163e+00 7.946764558102014039e-10
3.184499999999999886e+00 7.896316398072721465e-10
3.185000000000000053e+00 7.846180650101244725e-10
3.185500000000000220e+00 7.796355430556058995e-10
3.185999999999999943e+00 7.746838866837634577e-10
3.186500000000000110e+00 7.697629097315691113e-10
3.187000000000000277e+00 7.648724271267187994e-10
3.187500000000000000e+00 7.600122548814346813e-10
3.188000000000000167e+00 7.551822100862915779e-10
3.188499999999999890e+00 7.503821109041210637e-10
3.189000000000000057e+00 7.456117765638988095e-10
3.189500000000000224e+00 7.408710273547090584e-10
3.189999999999999947e+00 7.361596846197062076e-10
3.190500000000000114e+00 7.314775707501259177e-10
3.191000000000000281e+00 7.268245091793428533e-10
3.191500000000000004e+00 7.222003243769316301e-10
3.192000000000000171e+00 7.176048418427755312e-10
3.192499999999999893e+00 7.130378881012241300e-10
3.193000000000000060e+00 7.084992906952368520e-10
3.193500000000000227e+00 7.039888781806225919e-10
3.193999999999999950e+00 6.995064801202536890e-10
3.194500000000000117e+00 6.950519270783279819e-10
3.195000000000000284e+00 6.906250506146968312e-10
3.195500000000000007e+00 6.862256832791733929e-10
3.196000000000000174e+00 6.818536586058962097e-10
3.196499999999999897e+00 6.775088111077403655e-10
3.197000000000000064e+00 6.731909762707149907e-10
3.197500000000000231e+00 6.688999905484425557e-10
3.197999999999999954e+00 6.646356913566360961e-10
3.198500000000000121e+00 6.603979170676022871e-10
3.199000000000000288e+00 6.561865070048075909e-10
3.199500000000000011e+00 6.520013014374478160e-10
3.200000000000000178e+00 6.478421415750371150e-10
3.200499999999999901e+00 6.437088695620790805e-10
3.201000000000000068e+00 6.396013284726878998e-10
3.201500000000000234e+00 6.355193623053214887e-10
3.201999999999999957e+00 6.314628159774921893e-10
3.202500000000000124e+00 6.274315353204989729e-10
3.202999999999999847e+00 6.234253670742478420e-10
3.203500000000000014e+00 6.194441588820242558e-10
3.204000000000000181e+00 6.154877592853654377e-10
3.204499999999999904e+00 6.115560177189090041e-10
3.205000000000000071e+00 6.076487845052817125e-10
3.205500000000000238e+00 6.037659108500500406e-10
3.205999999999999961e+00 5.999072488366533950e-10
3.206500000000000128e+00 5.960726514213772311e-10
3.206999999999999851e+00 5.922619724283890389e-10
3.207500000000000018e+00 5.884750665447417585e-10
3.208000000000000185e+00 5.847117893154602239e-10
3.208499999999999908e+00 5.809719971386244013e-10
3.209000000000000075e+00 5.772555472604750651e-10
3.209500000000000242e+00 5.735622977705762385e-10
3.209999999999999964e+00 5.698921075969799097e-10
3.210500000000000131e+00 5.662448365014123571e-10
3.210999999999999854e+00 5.626203450745184818e-10
3.211500000000000021e+00 5.590184947310968333e-10
3.212000000000000188e+00 5.554391477053823019e-10
3.212499999999999911e+00 5.518821670463582796e-10
3.213000000000000078e+00 5.483474166130648913e-10
3.213500000000000245e+00 5.448347610699775372e-10
3.213999999999999968e+00 5.413440658823725094e-10
3.214500000000000135e+00 5.378751973117346925e-10
3.214999999999999858e+00 5.344280224112024864e-10
3.215500000000000025e+00 5.310024090210023900e-10
3.216000000000000192e+00 5.275982257639580307e-10
3.216499999999999915e+00 5.242153420409805822e-10
3.217000000000000082e+00 5.208536280265959929e-10
3.217500000000000249e+00 5.175129546645244283e-10
3.217999999999999972e+00 5.141931936632452398e-10
3.218500000000000139e+00 5.108942174915984309e-10
3.218999999999999861e+00 5.076158993744389611e-10
3.219500000000000028e+00 5.043581132882646822e-10
3.220000000000000195e+00 5.011207339569152066e-10
3.220499999999999918e+00 4.979036368472703606e-10
3.221000000000000085e+00 4.947066981649654927e-10
3.221500000000000252e+00 4.915297948501596175e-10
3.221999999999999975e+00 4.883728045733037663e-10
3.222500000000000142e+00 4.852356057309269156e-10
3.222999999999999865e+00 4.821180774414832305e-10
3.223500000000000032e+00 4.790200995411643587e-10
3.224000000000000199e+00 4.759415525797957884e-10
3.224499999999999922e+00 4.728823178167173848e-10
3.225000000000000089e+00 4.698422772166818152e-10
3.225500000000000256e+00 4.668213134458164603e-10
3.225999999999999979e+00 4.638193098675698669e-10
3.226500000000000146e+00 4.608361505386853948e-10
3.226999999999999869e+00 4.578717202052234604e-10
3.227500000000000036e+00 4.549259042985656855e-10
3.228000000000000203e+00 4.519985889314863581e-10
3.228499999999999925e+00 4.490896608942079182e-10
3.229000000000000092e+00 4.461990076504887040e-10
3.229500000000000259e+00 4.433265173337555718e-10
3.229999999999999982e+00 4.404720787432239544e-10
3.230500000000000149e+00 4.376355813400568470e-10
3.230999999999999872e+00 4.348169152435537285e-10
3.231500000000000039e+00 4.320159712273342080e-10
3.232000000000000206e+00 4.292326407155743017e-10
3.232499999999999929e+00 4.264668157792438466e-10
3.233000000000000096e+00 4.237183891323611302e-10
3.233500000000000263e+00 4.209872541282903264e-10
3.233999999999999986e+00 4.182733047560419308e-10
3.234500000000000153e+00 4.155764356365878772e-10
3.234999999999999876e+00 4.128965420192299050e-10
3.235500000000000043e+00 4.102335197779379405e-10
3.236000000000000210e+00 4.075872654077620460e-10
3.236499999999999932e+00 4.049576760212289111e-10
3.237000000000000099e+00 4.023446493447621249e-10
3.237500000000000266e+00 3.997480837151431354e-10
3.237999999999999989e+00 3.971678780759690040e-10
3.238500000000000156e+00 3.946039319741384901e-10
3.238999999999999879e+00 3.920561455563672429e-10
3.239500000000000046e+00 3.895244195657040269e-10
3.240000000000000213e+00 3.870086553380802409e-10
3.240499999999999936e+00 3.845087547988817202e-10
3.241000000000000103e+00 3.820246204595134036e-10
3.241500000000000270e+00 3.795561554140260908e-10
3.241999999999999993e+00 3.771032633357231925e-10
3.242500000000000160e+00 3.746658484738037730e-10
3.242999999999999883e+00 3.722438156500318038e-10
3.243500000000000050e+00 3.698370702553999380e-10
3.244000000000000217e+00 3.674455182468406913e-10
3.244499999999999940e+00 3.650690661439378305e-10
3.245000000000000107e+00 3.627076210256531685e-10
3.245500000000000274e+00 3.603610905270908916e-10
3.245999999999999996e+00 3.580293828362633873e-10
3.246500000000000163e+00 3.557124066908774405e-10
3.246999999999999886e+00 3.534100713751464344e-10
3.247500000000000053e+00 3.511222867166093763e-10
3.248000000000000220e+00 3.488489630829822340e-10
3.248499999999999943e+00 3.465900113790109791e-10
3.249000000000000110e+00 3.443453430433501694e-10
3.249500000000000277e+00 3.421148700454643816e-10
3.250000000000000000e+00 3.398985048825395195e-10
3.250500000000000167e+00 3.376961605764059085e-10
3.250999999999999890e+00 3.355077506704981483e-10
3.251500000000000057e+00 3.333331892268106750e-10
3.252000000000000224e+00 3.311723908228834628e-10
3.252499999999999947e+00 3.290252705488072689e-10
3.253000000000000114e+00 3.268917440042226215e-10
3.253500000000000281e+00 3.247717272953732480e-10
3.254000000000000004e+00 3.226651370321421315e-10
3.254500000000000171e+00 3.205718903251194138e-10
3.254999999999999893e+00 3.184919047826928398e-10
3.255500000000000060e+00 3.164250985081342719e-10
3.256000000000000227e+00 3.143713900967266851e-10
3.256499999999999950e+00 3.123306986328925058e-10
3.257000000000000117e+00 3.103029436873336873e-10
3.257500000000000284e+00 3.082880453142102474e-10
3.258000000000000007e+00 3.062859240483102258e-10
3.258500000000000174e+00 3.042965009022423879e-10
3.258999999999999897e+00 3.023196973636623265e-10
3.259500000000000064e+00 3.003554353924834152e-10
3.260000000000000231e+00 2.984036374181332057e-10
3.260499999999999954e+00 2.964642263368043447e-10
3.261000000000000121e+00 2.945371255087292206e-10
3.261500000000000288e+00 2.926222587554743072e-10
3.262000000000000011e+00 2.907195503572436070e-10
3.262500000000000178e+00 2.888289250501921232e-10
3.262999999999999901e+00 2.869503080237717477e-10
3.263500000000000068e+00 2.850836249180733743e-10
3.264000000000000234e+00 2.832288018211953791e-10
3.264499999999999957e+00 2.813857652666288508e-10
3.265000000000000124e+00 2.795544422306387882e-10
3.265499999999999847e+00 2.777347601296918273e-10
3.266000000000000014e+00 2.759266468178649432e-10
3.266500000000000181e+00 2.741300305842953033e-10
3.266999999999999904e+00 2.723448401506309488e-10
3.267500000000000071e+00 2.705710046684921258e-10
3.268000000000000238e+00 2.688084537169661168e-10
3.268499999999999961e+00 2.670571173000951450e-10
3.269000000000000128e+00 2.653169258443844927e-10
3.269499999999999851e+00 2.635878101963406050e-10
3.270000000000000018e+00 2.618697016199921849e-10
3.270500000000000185e+00 2.601625317944592122e-10
3.270999999999999908e+00 2.584662328115128647e-10
3.271500000000000075e+00 2.567807371731517237e-10
3.272000000000000242e+00 2.551059777892053283e-10
3.272499999999999964e+00 2.534418879749356619e-10
3.273000000000000131e+00 2.517884014486579740e-10
3.273499999999999854e+00 2.501454523293855899e-10
3.274000000000000021e+00 2.485129751344632960e-10
3.274500000000000188e+00 2.468909047772407899e-10
3.274999999999999911e+00 2.452791765647476317e-10
3.275500000000000078e+00 2.436777261953706237e-10
3.276000000000000245e+00 2.420864897565695514e-10
3.276499999999999968e+00 2.405054037225827912e-10
3.277000000000000135e+00 2.389344049521552003e-10
3.277499999999999858e+00 2.373734306862850836e-10
3.278000000000000025e+00 2.358224185459678515e-10
3.278500000000000192e+00 2.342813065299705944e-10
3.278999999999999915e+00 2.327500330126087243e-10
3.279500000000000082e+00 2.312285367415311208e-10
3.280000000000000249e+00 2.297167568355353670e-10
3.280499999999999972e+00 2.282146327823767023e-10
3.281000000000000139e+00 2.267221044365945542e-10
3.281499999999999861e+00 2.252391120173653841e-10
3.282000000000000028e+00 2.237655961063407988e-10
3.282500000000000195e+00 2.223014976455273578e-10
3.282999999999999918e+00 2.208467579351588316e-10
3.283500000000000085e+00 2.194013186315823681e-10
3.284000000000000252e+00 2.179651217451679997e-10
3.284499999999999975e+00 2.165381096382201164e-10
3.285000000000000142e+00 2.151202250228990962e-10
3.285499999999999865e+00 2.137114109591676231e-10
3.286000000000000032e+00 2.123116108527302316e-10
3.286500000000000199e+00 2.109207684530048528e-10
3.286999999999999922e+00 2.095388278510915695e-10
3.287500000000000089e+00 2.081657334777508830e-10
3.288000000000000256e+00 2.068014301014114231e-10
3.288499999999999979e+00 2.054458628261693854e-10
3.289000000000000146e+00 2.040989770898083650e-10
3.289499999999999869e+00 2.027607186618343882e-10
3.290000000000000036e+00 2.014310336415096275e-10
3.290500000000000203e+00 2.001098684559122744e-10
3.290999999999999925e+00 1.987971698579974220e-10
3.291500000000000092e+00 1.974928849246705867e-10
3.292000000000000259e+00 1.961969610548757841e-10
3.292499999999999982e+00 1.949093459676923151e-10
3.293000000000000149e+00 1.936299877004403934e-10
3.293499999999999872e+00 1.923588346068026699e-10
3.294000000000000039e+00 1.910958353549499452e-10
3.294500000000000206e+00 1.898409389256855442e-10
3.294999999999999929e+00 1.885940946105944744e-10
3.295500000000000096e+00 1.873552520102008032e-10
3.296000000000000263e+00 1.861243610321456116e-10
3.296499999999999986e+00 1.849013718893671971e-10
3.297000000000000153e+00 1.836862350982898581e-10
3.297499999999999876e+00 1.824789014770343662e-10
3.298000000000000043e+00 1.812793221436227262e-10
3.298500000000000210e+00 1.800874485142103869e-10
3.298999999999999932e+00 1.789032323013169286e-10
3.299500000000000099e+00 1.777266255120640385e-10
3.300000000000000266e+00 1.765575804464393878e-10
3.300499999999999989e+00 1.753960496955567612e-10
3.301000000000000156e+00 1.742419861399245090e-10
3.301499999999999879e+00 1.730953429477401590e-10
3.302000000000000046e+00 1.719560735731736555e-10
3.302500000000000213e+00 1.708241317546802978e-10
3.302999999999999936e+00 1.696994715133084327e-10
3.303500000000000103e+00 1.685820471510208460e-10
3.304000000000000270e+00 1.674718132490347409e-10
3.304499999999999993e+00 1.663687246661584064e-10
3.305000000000000160e+00 1.652727365371415869e-10
3.305499999999999883e+00 1.641838042710442043e-10
3.306000000000000050e+00 1.631018835495984112e-10
3.306500000000000217e+00 1.620269303255950203e-10
3.306999999999999940e+00 1.609589008212713804e-10
3.307500000000000107e+00 1.598977515267063623e-10
3.308000000000000274e+00 1.588434391982336453e-10
3.308499999999999996e+00 1.577959208568570200e-10
3.309000000000000163e+00 1.567551537866731097e-10
3.309499999999999886e+00 1.557210955333124975e-10
3.310000000000000053e+00 1.546937039023787583e-10
3.310500000000000220e+00 1.536729369579062843e-10
3.310999999999999943e+00 1.526587530208190407e-10
3.311500000000000110e+00 1.516511106674017548e-10
3.312000000000000277e+00 1.506499687277829443e-10
3.312500000000000000e+00 1.496552862844201950e-10
3.313000000000000167e+00 1.486670226705977931e-10
3.313499999999999890e+00 1.476851374689361727e-10
3.314000000000000057e+00 1.467095905099003270e-10
3.314500000000000224e+00 1.457403418703304524e-10
3.314999999999999947e+00 1.447773518719687905e-10
3.315500000000000114e+00 1.438205810799985435e-10
3.316000000000000281e+00 1.428699903015984015e-10
3.316500000000000004e+00 1.419255405844947440e-10
3.317000000000000171e+00 1.409871932155278775e-10
3.317499999999999893e+00 1.400549097192271906e-10
3.318000000000000060e+00 1.391286518563906786e-10
3.318500000000000227e+00 1.382083816226778574e-10
3.318999999999999950e+00 1.372940612472072786e-10
3.319500000000000117e+00 1.363856531911596542e-10
3.320000000000000284e+00 1.354831201463969306e-10
3.320500000000000007e+00 1.345864250340826799e-10
3.321000000000000174e+00 1.336955310033115139e-10
3.321499999999999897e+00 1.328104014297499486e-10
3.322000000000000064e+00 1.319309999142781995e-10
3.322500000000000231e+00 1.310572902816501490e-10
3.322999999999999954e+00 1.301892365791521764e-10
3.323500000000000121e+00 1.293268030752704925e-10
3.324000000000000288e+00 1.284699542583731563e-10
3.324500000000000011e+00 1.276186548353918596e-10
3.325000000000000178e+00 1.267728697305144644e-10
3.325499999999999901e+00 1.259325640838884752e-10
3.326000000000000068e+00 1.250977032503231661e-10
3.326500000000000234e+00 1.242682527980113808e-10
3.326999999999999957e+00 1.234441785072479705e-10
3.327500000000000124e+00 1.226254463691586248e-10
3.328000000000000291e+00 1.218120225844421690e-10
3.328500000000000014e+00 1.210038735621132497e-10
3.329000000000000181e+00 1.202009659182503195e-10
3.329499999999999904e+00 1.194032664747625171e-10
3.330000000000000071e+00 1.186107422581492073e-10
3.330500000000000238e+00 1.178233604982783895e-10
3.330999999999999961e+00 1.170410886271662710e-10
3.331500000000000128e+00 1.162638942777625774e-10
3.331999999999999851e+00 1.154917452827498360e-10
3.332500000000000018e+00 1.147246096733418438e-10
3.333000000000000185e+00 1.139624556780939881e-10
3.333499999999999908e+00 1.132052517217209986e-10
3.334000000000000075e+00 1.124529664239140920e-10
3.334500000000000242e+00 1.117055685981770125e-10
3.334999999999999964e+00 1.109630272506596168e-10
3.335500000000000131e+00 1.102253115789990328e-10
3.335999999999999854e+00 1.094923909711739757e-10
3.336500000000000021e+00 1.087642350043565953e-10
3.337000000000000188e+00 1.080408134437793032e-10
3.337499999999999911e+00 1.073220962416049996e-10
3.338000000000000078e+00 1.066080535357989535e-10
3.338500000000000245e+00 1.058986556490164129e-10
3.338999999999999968e+00 1.051938730874921540e-10
3.339500000000000135e+00 1.044936765399315159e-10
3.339999999999999858e+00 1.037980368764196855e-10
3.340500000000000025e+00 1.031069251473245332e-10
3.341000000000000192e+00 1.024203125822158880e-10
3.341499999999999915e+00 1.017381705887859508e-10
3.342000000000000082e+00 1.010604707517750325e-10
3.342500000000000249e+00 1.003871848319088075e-10
3.342999999999999972e+00 9.971828476483759686e-11
3.343500000000000139e+00 9.905374266008070500e-11
3.343999999999999861e+00 9.839353079998263400e-11
3.344500000000000028e+00 9.773762163866869053e-11
3.345000000000000195e+00 9.708598780101263864e-11
3.345499999999999918e+00 9.643860208160550273e-11
3.346000000000000085e+00 9.579543744373247445e-11
3.346500000000000252e+00 9.515646701835760018e-11
3.346999999999999975e+00 9.452166410311216496e-11
3.347500000000000142e+00 9.389100216128623011e-11
3.347999999999999865e+00 9.326445482083447843e-11
3.348500000000000032e+00 9.264199587337884121e-11
3.349000000000000199e+00 9.202359927322239550e-11
3.349499999999999922e+00 9.140923913636739736e-11
3.350000000000000089e+00 9.079888973953823937e-11
3.350500000000000256e+00 9.019252551921158136e-11
3.350999999999999979e+00 8.959012107065313736e-11
3.351500000000000146e+00 8.899165114695422993e-11
3.351999999999999869e+00 8.839709065808385407e-11
3.352500000000000036e+00 8.780641466993576516e-11
3.353000000000000203e+00 8.721959840338968068e-11
3.353499999999999925e+00 8.663661723337329617e-11
3.354000000000000092e+00 8.605744668792927717e-11
3.354500000000000259e+00 8.548206244729203522e-11
3.354999999999999982e+00 8.491044034296641664e-11
3.355500000000000149e+00 8.434255635681055315e-11
3.355999999999999872e+00 8.377838662013061603e-11
3.356500000000000039e+00 8.321790741277085287e-11
3.357000000000000206e+00 8.266109516221961211e-11
3.357499999999999929e+00 8.210792644271350640e-11
3.358000000000000096e+00 8.155837797434737925e-11
3.358500000000000263e+00 8.101242662219410727e-11
3.358999999999999986e+00 8.047004939542423442e-11
3.359500000000000153e+00 7.993122344643325773e-11
3.359999999999999876e+00 7.939592606997565961e-11
3.360500000000000043e+00 7.886413470229892739e-11
3.361000000000000210e+00 7.833582692028972187e-11
3.361499999999999932e+00 7.781098044061859850e-11
3.362000000000000099e+00 7.728957311889293563e-11
3.362500000000000266e+00 7.677158294881464493e-11
3.362999999999999989e+00 7.625698806134386593e-11
3.363500000000000156e+00 7.574576672386249256e-11
3.363999999999999879e+00 7.523789733935121891e-11
3.364500000000000046e+00 7.473335844556230693e-11
3.365000000000000213e+00 7.423212871420445163e-11
3.365499999999999936e+00 7.373418695012874485e-11
3.366000000000000103e+00 7.323951209051824513e-11
3.366500000000000270e+00 7.274808320408783548e-11
3.366999999999999993e+00 7.225987949028275006e-11
3.367500000000000160e+00 7.177488027848362770e-11
3.367999999999999883e+00 7.129306502722048358e-11
3.368500000000000050e+00 7.081441332338295850e-11
3.369000000000000217e+00 7.033890488144432009e-11
3.369499999999999940e+00 6.986651954268396472e-11
3.370000000000000107e+00 6.939723727441508930e-11
3.370500000000000274e+00 6.893103816922062198e-11
3.370999999999999996e+00 6.846790244418935963e-11
3.371500000000000163e+00 6.800781044015830912e-11
3.371999999999999886e+00 6.755074262096216318e-11
3.372500000000000053e+00 6.709667957268060472e-11
3.373000000000000220e+00 6.664560200289730816e-11
3.373499999999999943e+00 6.619749073995998759e-11
3.374000000000000110e+00 6.575232673224195709e-11
3.374500000000000277e+00 6.531009104741506488e-11
3.375000000000000000e+00 6.487076487172031382e-11
3.375500000000000167e+00 6.443432950924553894e-11
3.375999999999999890e+00 6.400076638120903019e-11
3.376500000000000057e+00 6.357005702524287095e-11
3.377000000000000224e+00 6.314218309468556936e-11
3.377499999999999947e+00 6.271712635787578823e-11
3.378000000000000114e+00 6.229486869744952586e-11
3.378500000000000281e+00 6.187539210964569795e-11
3.379000000000000004e+00 6.145867870361116366e-11
3.379500000000000171e+00 6.104471070071101213e-11
3.379999999999999893e+00 6.063347043384677175e-11
3.380500000000000060e+00 6.022494034677145293e-11
3.381000000000000227e+00 5.981910299341644280e-11
3.381499999999999950e+00 5.941594103721713327e-11
3.382000000000000117e+00 5.901543725044312449e-11
3.382500000000000284e+00 5.861757451353527832e-11
3.383000000000000007e+00 5.822233581444416776e-11
3.383500000000000174e+00 5.782970424797189317e-11
3.383999999999999897e+00 5.743966301512124625e-11
3.384500000000000064e+00 5.705219542244383356e-11
3.385000000000000231e+00 5.666728488139742176e-11
3.385499999999999954e+00 5.628491490770334112e-11
3.386000000000000121e+00 5.590506912070701027e-11
3.386500000000000288e+00 5.552773124274718510e-11
3.387000000000000011e+00 5.515288509852361152e-11
3.387500000000000178e+00 5.478051461447082388e-11
3.387999999999999901e+00 5.441060381813679017e-11
3.388500000000000068e+00 5.404313683756180921e-11
3.389000000000000234e+00 5.367809790066507871e-11
3.389499999999999957e+00 5.331547133463232312e-11
3.390000000000000124e+00 5.295524156530733118e-11
3.390500000000000291e+00 5.259739311658815286e-11
3.391000000000000014e+00 5.224191060982627543e-11
3.391500000000000181e+00 5.188877876322881746e-11
3.391999999999999904e+00 5.153798239126558247e-11
3.392500000000000071e+00 5.118950640407800607e-11
3.393000000000000238e+00 5.084333580689358966e-11
3.393499999999999961e+00 5.049945569944238911e-11
3.394000000000000128e+00 5.015785127537628873e-11
3.394499999999999851e+00 4.981850782169468593e-11
3.395000000000000018e+00 4.948141071816945199e-11
3.395500000000000185e+00 4.914654543677801615e-11
3.395999999999999908e+00 4.881389754113575165e-11
3.396500000000000075e+00 4.848345268593288543e-11
3.397000000000000242e+00 4.815519661637715294e-11
3.397499999999999964e+00 4.782911516763697629e-11
3.398000000000000131e+00 4.750519426428733080e-11
3.398499999999999854e+00 4.718341991976335346e-11
3.399000000000000021e+00 4.686377823581156671e-11
3.399500000000000188e+00 4.654625540194895404e-11
3.399999999999999911e+00 4.623083769492294677e-11
3.400500000000000078e+00 4.591751147817391821e-11
3.401000000000000245e+00 4.560626320130421767e-11
3.401499999999999968e+00 4.529707939954678453e-11
3.402000000000000135e+00 4.498994669323786582e-11
3.402499999999999858e+00 4.468485178729569851e-11
3.403000000000000025e+00 4.438178147069691717e-11
3.403500000000000192e+00 4.408072261596193777e-11
3.403999999999999915e+00 4.378166217863950777e-11
3.404500000000000082e+00 4.348458719679476540e-11
3.405000000000000249e+00 4.318948479050243641e-11
3.405499999999999972e+00 4.289634216134129747e-11
3.406000000000000139e+00 4.260514659189109526e-11
3.406499999999999861e+00 4.231588544523522999e-11
3.407000000000000028e+00 4.202854616446257293e-11
3.407500000000000195e+00 4.174311627217652826e-11
3.407999999999999918e+00 4.145958337000329359e-11
3.408500000000000085e+00 4.117793513810479923e-11
3.409000000000000252e+00 4.089815933469524694e-11
3.409499999999999975e+00 4.062024379555878607e-11
3.410000000000000142e+00 4.034417643357098319e-11
3.410499999999999865e+00 4.006994523822418835e-11
3.411000000000000032e+00 3.979753827515305011e-11
3.411500000000000199e+00 3.952694368566604698e-11
3.411999999999999922e+00 3.925814968627779431e-11
3.412500000000000089e+00 3.899114456824376164e-11
3.413000000000000256e+00 3.872591669710045726e-11
3.413499999999999979e+00 3.846245451220536067e-11
3.414000000000000146e+00 3.820074652628046749e-11
3.414499999999999869e+00 3.794078132496086218e-11
3.415000000000000036e+00 3.768254756634152635e-11
3.415500000000000203e+00 3.742603398053172762e-11
3.415999999999999925e+00 3.717122936920888488e-11
3.416500000000000092e+00 3.691812260517534809e-11
3.417000000000000259e+00 3.666670263191970183e-11
3.417499999999999982e+00 3.641695846317914141e-11
3.418000000000000149e+00 3.616887918250409163e-11
3.418499999999999872e+00 3.592245394282747181e-11
3.419000000000000039e+00 3.567767196603429043e-11
3.419500000000000206e+00 3.543452254253520773e-11
3.419999999999999929e+00 3.519299503084290289e-11
3.420500000000000096e+00 3.495307885714860924e-11
3.421000000000000263e+00 3.471476351490497614e-11
3.421499999999999986e+00 3.447803856440863359e-11
3.422000000000000153e+00 3.424289363238499276e-11
3.422499999999999876e+00 3.400931841157853960e-11
3.423000000000000043e+00 3.377730266034222364e-11
3.423500000000000210e+00 3.354683620223135756e-11
3.423999999999999932e+00 3.331790892559945546e-11
3.424500000000000099e+00 3.309051078319553160e-11
3.425000000000000266e+00 3.286463179176617483e-11
3.425499999999999989e+00 3.264026203165755191e-11
3.426000000000000156e+00 3.241739164642042882e-11
3.426499999999999879e+00 3.219601084241948941e-11
3.427000000000000046e+00 3.197610988844173653e-11
3.427500000000000213e+00 3.175767911531025034e-11
3.427999999999999936e+00 3.154070891549870278e-11
3.428500000000000103e+00 3.132518974274782362e-11
3.429000000000000270e+00 3.111111211168587970e-11
3.429499999999999993e+00 3.089846659745012344e-11
3.430000000000000160e+00 3.068724383531016717e-11
3.430499999999999883e+00 3.047743452029540290e-11
3.431000000000000050e+00 3.026902940682271936e-11
3.431500000000000217e+00 3.006201930832761171e-11
3.431999999999999940e+00 2.985639509689782460e-11
3.432500000000000107e+00 2.965214770290707912e-11
3.433000000000000274e+00 2.944926811465425408e-11
3.433499999999999996e+00 2.924774737800232812e-11
3.434000000000000163e+00 2.904757659601966441e-11
3.434499999999999886e+00 2.884874692862519545e-11
3.435000000000000053e+00 2.865124959223332667e-11
3.435500000000000220e+00 2.845507585940325711e-11
3.435999999999999943e+00 2.826021705848901740e-11
3.436500000000000110e+00 2.806666457329179539e-11
3.437000000000000277e+00 2.787440984271479182e-11
3.437500000000000000e+00 2.768344436042044443e-11
3.438000000000000167e+00 2.749375967448787825e-11
3.438499999999999890e+00 2.730534738707553222e-11
3.439000000000000057e+00 2.711819915408254832e-11
3.439500000000000224e+00 2.693230668481481025e-11
3.439999999999999947e+00 2.674766174165175777e-11
3.440500000000000114e+00 2.656425613971435759e-11
3.441000000000000281e+00 2.638208174653795026e-11
3.441500000000000004e+00 2.620113048174402749e-11
3.442000000000000171e+00 2.602139431671517277e-11
3.442499999999999893e+00 2.584286527427285515e-11
3.443000000000000060e+00 2.566553542835555256e-11
3.443500000000000227e+00 2.548939690370036485e-11
3.443999999999999950e+00 2.531444187552529240e-11
3.444500000000000117e+00 2.514066256921398017e-11
3.445000000000000284e+00 2.496805126000292060e-11
3.445500000000000007e+00 2.479660027266949672e-11
3.446000000000000174e+00 2.462630198122239681e-11
3.446499999999999897e+00 2.445714880859462705e-11
3.447000000000000064e+00 2.428913322633660166e-11
3.447500000000000231e+00 2.412224775431347875e-11
3.447999999999999954e+00 2.395648496040225397e-11
3.448500000000000121e+00 2.379183746019126124e-11
3.449000000000000288e+00 2.362829791668269471e-11
3.449500000000000011e+00 2.346585903999555078e-11
3.450000000000000178e+00 2.330451358707006932e-11
3.450499999999999901e+00 2.314425436137613958e-11
3.451000000000000068e+00 2.298507421262074326e-11
3.451500000000000234e+00 2.282696603645938150e-11
3.451999999999999957e+00 2.266992277420814822e-11
3.452500000000000124e+00 2.251393741255728328e-11
3.453000000000000291e+00 2.235900298328769507e-11
3.453500000000000014e+00 2.220511256298823927e-11
3.454000000000000181e+00 2.205225927277440308e-11
3.454499999999999904e+00 2.190043627801045982e-11
3.455000000000000071e+00 2.174963678803061856e-11
3.455500000000000238e+00 2.159985405586468773e-11
3.455999999999999961e+00 2.145108137796365475e-11
3.456500000000000128e+00 2.130331209392666145e-11
3.456999999999999851e+00 2.115653958623161466e-11
3.457500000000000018e+00 2.101075727996525388e-11
3.458000000000000185e+00 2.086595864255618845e-11
3.458499999999999908e+00 2.072213718350924652e-11
3.459000000000000075e+00 2.057928645414078377e-11
3.459500000000000242e+00 2.043740004731713598e-11
3.459999999999999964e+00 2.029647159719303283e-11
3.460500000000000131e+00 2.015649477895241902e-11
3.460999999999999854e+00 2.001746330855097160e-11
3.461500000000000021e+00 1.987937094245961589e-11
3.462000000000000188e+00 1.974221147741036451e-11
3.462499999999999911e+00 1.960597875014316456e-11
3.463000000000000078e+00 1.947066663715401147e-11
3.463500000000000245e+00 1.933626905444564769e-11
3.463999999999999968e+00 1.920277995727893035e-11
3.464500000000000135e+00 1.907019333992548809e-11
3.464999999999999858e+00 1.893850323542335376e-11
3.465500000000000025e+00 1.880770371533180562e-11
3.466000000000000192e+00 1.867778888949013424e-11
3.466499999999999915e+00 1.854875290577632557e-11
3.467000000000000082e+00 1.842058994986705893e-11
3.467500000000000249e+00 1.829329424500072952e-11
3.467999999999999972e+00 1.816686005174052577e-11
3.468500000000000139e+00 1.804128166773877331e-11
3.468999999999999861e+00 1.791655342750463624e-11
3.469500000000000028e+00 1.779266970217053867e-11
3.470000000000000195e+00 1.766962489926236047e-11
3.470499999999999918e+00 1.754741346246976209e-11
3.471000000000000085e+00 1.742602987141812836e-11
3.471500000000000252e+00 1.730546864144215357e-11
3.471999999999999975e+00 1.718572432336097441e-11
3.472500000000000142e+00 1.706679150325355488e-11
3.472999999999999865e+00 1.694866480223737668e-11
3.473500000000000032e+00 1.683133887624643174e-11
3.474000000000000199e+00 1.671480841581220993e-11
3.474499999999999922e+00 1.659906814584518125e-11
3.475000000000000089e+00 1.648411282541743474e-11
3.475500000000000256e+00 1.636993724754757594e-11
3.475999999999999979e+00 1.625653623898618988e-11
3.476500000000000146e+00 1.614390466000244140e-11
3.476999999999999869e+00 1.603203740417319579e-11
3.477500000000000036e+00 1.592092939817155134e-11
3.478000000000000203e+00 1.581057560155866773e-11
3.478499999999999925e+00 1.570097100657560732e-11
3.479000000000000092e+00 1.559211063793627179e-11
3.479500000000000259e+00 1.548398955262295285e-11
3.479999999999999982e+00 1.537660283968192490e-11
3.480500000000000149e+00 1.526994562002040126e-11
3.480999999999999872e+00 1.516401304620561335e-11
3.481500000000000039e+00 1.505880030226382833e-11
3.482000000000000206e+00 1.495430260348206494e-11
3.482499999999999929e+00 1.485051519620977369e-11
3.483000000000000096e+00 1.474743335766207770e-11
3.483500000000000263e+00 1.464505239572502665e-11
3.483999999999999986e+00 1.454336764876086195e-11
3.484500000000000153e+00 1.444237448541509142e-11
3.484999999999999876e+00 1.434206830442503411e-11
3.485500000000000043e+00 1.424244453442863985e-11
3.486000000000000210e+00 1.414349863377555597e-11
3.486499999999999932e+00 1.404522609033867715e-11
3.487000000000000099e+00 1.394762242132674221e-11
3.487500000000000266e+00 1.385068317309880970e-11
3.487999999999999989e+00 1.375440392097929424e-11
3.488500000000000156e+00 1.365878026907393657e-11
3.488999999999999879e+00 1.356380785008799993e-11
3.489500000000000046e+00 1.346948232514392358e-11
3.490000000000000213e+00 1.337579938360184883e-11
3.490499999999999936e+00 1.328275474288008694e-11
3.491000000000000103e+00 1.319034414827681970e-11
3.491500000000000270e+00 1.309856337279352541e-11
3.491999999999999993e+00 1.300740821695900917e-11
3.492500000000000160e+00 1.291687450865409225e-11
3.492999999999999883e+00 1.282695810293885904e-11
3.493500000000000050e+00 1.273765488187895226e-11
3.494000000000000217e+00 1.264896075437487009e-11
3.494499999999999940e+00 1.256087165599098212e-11
3.495000000000000107e+00 1.247338354878593791e-11
3.495500000000000274e+00 1.238649242114474608e-11
3.495999999999999996e+00 1.230019428761117013e-11
3.496500000000000163e+00 1.221448518872099334e-11
3.496999999999999886e+00 1.212936119083746638e-11
3.497500000000000053e+00 1.204481838598630739e-11
3.498000000000000220e+00 1.196085289169292513e-11
3.498499999999999943e+00 1.187746085082001533e-11
3.499000000000000110e+00 1.179463843140602615e-11
3.499500000000000277e+00 1.171238182650543970e-11
3.500000000000000000e+00 1.163068725402913418e-11
3.500500000000000167e+00 1.154955095658599340e-11
3.500999999999999890e+00 1.146896920132618185e-11
3.501500000000000057e+00 1.138893827978404668e-11
3.502000000000000224e+00 1.130945450772346557e-11
3.502499999999999947e+00 1.123051422498316880e-11
3.503000000000000114e+00 1.115211379532311314e-11
3.503500000000000281e+00 1.107424960627236616e-11
3.504000000000000004e+00 1.099691806897748179e-11
3.504500000000000171e+00 1.092011561805149628e-11
3.504999999999999893e+00 1.084383871142506954e-11
3.505500000000000060e+00 1.076808383019688345e-11
3.506000000000000227e+00 1.069284747848655879e-11
3.506499999999999950e+00 1.061812618328734436e-11
3.507000000000000117e+00 1.054391649432022952e-11
3.507500000000000284e+00 1.047021498388889995e-11
3.508000000000000007e+00 1.039701824673577108e-11
3.508500000000000174e+00 1.032432289989819119e-11
3.508999999999999897e+00 1.025212558256672041e-11
3.509500000000000064e+00 1.018042295594302052e-11
3.510000000000000231e+00 1.010921170309978025e-11
3.510499999999999954e+00 1.003848852884064717e-11
3.511000000000000121e+00 9.968250159561290375e-12
3.511500000000000288e+00 9.898493343111639391e-12
3.512000000000000011e+00 9.829214848658759606e-12
3.512500000000000178e+00 9.760411466550115431e-12
3.512999999999999901e+00 9.692080008178773789e-12
3.513500000000000068e+00 9.624217305848114845e-12
3.514000000000000234e+00 9.556820212638641394e-12
3.514499999999999957e+00 9.489885602274817317e-12
3.515000000000000124e+00 9.423410368992775230e-12
3.515500000000000291e+00 9.357391427409361838e-12
3.516000000000000014e+00 9.291825712391546796e-12
3.516500000000000181e+00 9.226710178926592512e-12
3.516999999999999904e+00 9.162041801993526111e-12
3.517500000000000071e+00 9.097817576434852124e-12
3.518000000000000238e+00 9.034034516829389623e-12
3.518499999999999961e+00 8.970689657366004396e-12
3.519000000000000128e+00 8.907780051717484905e-12
3.519500000000000295e+00 8.845302772916190542e-12
3.520000000000000018e+00 8.783254913229751589e-12
3.520500000000000185e+00 8.721633584037476802e-12
3.520999999999999908e+00 8.660435915708318420e-12
3.521500000000000075e+00 8.599659057478578681e-12
3.522000000000000242e+00 8.539300177331324016e-12
3.522499999999999964e+00 8.479356461875850937e-12
3.523000000000000131e+00 8.419825116228069584e-12
3.523499999999999854e+00 8.360703363892161966e-12
3.524000000000000021e+00 8.301988446641975246e-12
3.524500000000000188e+00 8.243677624404237412e-12
3.524999999999999911e+00 8.185768175141790715e-12
3.525500000000000078e+00 8.128257394737615131e-12
3.526000000000000245e+00 8.071142596879977890e-12
3.526499999999999968e+00 8.014421112948003049e-12
3.527000000000000135e+00 7.958090291897665978e-12
3.527499999999999858e+00 7.902147500149455118e-12
3.528000000000000025e+00 7.846590121475448904e-12
3.528500000000000192e+00 7.791415556888303931e-12
3.528999999999999915e+00 7.736621224530131631e-12
3.529500000000000082e+00 7.682204559562250616e-12
3.530000000000000249e+00 7.628163014056026297e-12
3.530499999999999972e+00 7.574494056883943152e-12
3.531000000000000139e+00 7.521195173611271534e-12
3.531499999999999861e+00 7.468263866389089952e-12
3.532000000000000028e+00 7.415697653847118330e-12
3.532500000000000195e+00 7.363494070987895431e-12
3.532999999999999918e+00 7.311650669081392497e-12
3.533500000000000085e+00 7.260165015559937885e-12
3.534000000000000252e+00 7.209034693914467288e-12
3.534499999999999975e+00 7.158257303590965413e-12
3.535000000000000142e+00 7.107830459887496530e-12
3.535499999999999865e+00 7.057751793852403907e-12
3.536000000000000032e+00 7.008018952182429269e-12
3.536500000000000199e+00 6.958629597122107764e-12
3.536999999999999922e+00 6.909581406363478772e-12
3.537500000000000089e+00 6.860872072946236972e-12
3.538000000000000256e+00 6.812499305159105590e-12
3.538499999999999979e+00 6.764460826441309820e-12
3.539000000000000146e+00 6.716754375284681934e-12
3.539499999999999869e+00 6.669377705136897311e-12
3.540000000000000036e+00 6.622328584304489927e-12
3.540500000000000203e+00 6.575604795857381664e-12
3.540999999999999925e+00 6.529204137533319518e-12
3.541500000000000092e+00 6.483124421643105261e-12
3.542000000000000259e+00 6.437363474976733055e-12
3.542499999999999982e+00 6.391919138709748412e-12
3.543000000000000149e+00 6.346789268310085359e-12
3.543499999999999872e+00 6.301971733446216270e-12
3.544000000000000039e+00 6.257464417894775018e-12
3.544500000000000206e+00 6.213265219449924960e-12
3.544999999999999929e+00 6.169372049832429653e-12
3.545500000000000096e+00 6.125782834599561256e-12
3.546000000000000263e+00 6.082495513055886997e-12
3.546499999999999986e+00 6.039508038164155005e-12
3.547000000000000153e+00 5.996818376456877265e-12
3.547499999999999876e+00 5.954424507948805990e-12
3.548000000000000043e+00 5.912324426049368801e-12
3.548500000000000210e+00 5.870516137476213814e-12
3.548999999999999932e+00 5.828997662169006753e-12
3.549500000000000099e+00 5.787767033203604503e-12
3.550000000000000266e+00 5.746822296707383800e-12
3.550499999999999989e+00 5.706161511774457647e-12
3.551000000000000156e+00 5.665782750381565420e-12
3.551499999999999879e+00 5.625684097305010688e-12
3.552000000000000046e+00 5.585863650037255719e-12
3.552500000000000213e+00 5.546319518704872273e-12
3.552999999999999936e+00 5.507049825986525513e-12
3.553500000000000103e+00 5.468052707031414318e-12
3.554000000000000270e+00 5.429326309378711650e-12
3.554499999999999993e+00 5.390868792877081652e-12
3.555000000000000160e+00 5.352678329604675778e-12
3.555499999999999883e+00 5.314753103790107962e-12
3.556000000000000050e+00 5.277091311733295695e-12
3.556500000000000217e+00 5.239691161727403742e-12
3.556999999999999940e+00 5.202550873980829052e-12
3.557500000000000107e+00 5.165668680539790709e-12
3.558000000000000274e+00 5.129042825211692946e-12
3.558499999999999996e+00 5.092671563488578617e-12
3.559000000000000163e+00 5.056553162471181262e-12
3.559499999999999886e+00 5.020685900793746988e-12
3.560000000000000053e+00 4.985068068548831309e-12
3.560500000000000220e+00 4.949697967213029801e-12
3.560999999999999943e+00 4.914573909572934127e-12
3.561500000000000110e+00 4.879694219651510538e-12
3.562000000000000277e+00 4.845057232635193275e-12
3.562500000000000000e+00 4.810661294801246151e-12
3.563000000000000167e+00 4.776504763445521579e-12
3.563499999999999890e+00 4.742586006810956295e-12
3.564000000000000057e+00 4.708903404016197954e-12
3.564500000000000224e+00 4.675455344984970042e-12
3.564999999999999947e+00 4.642240230375648434e-12
3.565500000000000114e+00 4.609256471511385634e-12
3.566000000000000281e+00 4.576502490310764124e-12
3.566500000000000004e+00 4.543976719218784129e-12
3.567000000000000171e+00 4.511677601138150283e-12
3.567499999999999893e+00 4.479603589361423422e-12
3.568000000000000060e+00 4.447753147503069803e-12
3.568500000000000227e+00 4.416124749432433621e-12
3.568999999999999950e+00 4.384716879206767697e-12
3.569500000000000117e+00 4.353528031004784371e-12
3.570000000000000284e+00 4.322556709060859108e-12
3.570500000000000007e+00 4.291801427599305986e-12
3.571000000000000174e+00 4.261260710769251763e-12
3.571499999999999897e+00 4.230933092580019662e-12
3.572000000000000064e+00 4.200817116836568897e-12
3.572500000000000231e+00 4.170911337075881731e-12
3.572999999999999954e+00 4.141214316503272999e-12
3.573500000000000121e+00 4.111724627929204490e-12
3.574000000000000288e+00 4.082440853706845738e-12
3.574500000000000011e+00 4.053361585669581495e-12
3.575000000000000178e+00 4.024485425069091123e-12
3.575499999999999901e+00 3.995810982513969211e-12
3.576000000000000068e+00 3.967336877908469775e-12
3.576500000000000234e+00 3.939061740391897509e-12
3.576999999999999957e+00 3.910984208278171098e-12
3.577500000000000124e+00 3.883102928995865541e-12
3.578000000000000291e+00 3.855416559028708468e-12
3.578500000000000014e+00 3.827923763856355133e-12
3.579000000000000181e+00 3.800623217895431607e-12
3.579499999999999904e+00 3.773513604441363133e-12
3.580000000000000071e+00 3.746593615610004584e-12
3.580500000000000238e+00 3.719861952280131214e-12
3.580999999999999961e+00 3.693317324036093389e-12
3.581500000000000128e+00 3.666958449110682161e-12
3.582000000000000295e+00 3.640784054328742853e-12
3.582500000000000018e+00 3.614792875050783793e-12
3.583000000000000185e+00 3.588983655117121030e-12
3.583499999999999908e+00 3.563355146792383317e-12
3.584000000000000075e+00 3.537906110710261454e-12
3.584500000000000242e+00 3.512635315818811373e-12
3.584999999999999964e+00 3.487541539325891726e-12
3.585500000000000131e+00 3.462623566644955681e-12
3.585999999999999854e+00 3.437880191341516021e-12
3.586500000000000021e+00 3.413310215079425258e-12
3.587000000000000188e+00 3.388912447568005945e-12
3.587499999999999911e+00 3.364685706509218148e-12
3.588000000000000078e+00 3.340628817545136715e-12
3.588500000000000245e+00 3.316740614206046091e-12
3.588999999999999968e+00 3.293019937858621168e-12
3.589500000000000135e+00 3.269465637654389655e-12
3.589999999999999858e+00 3.246076570478888337e-12
3.590500000000000025e+00 3.222851600900646064e-12
3.591000000000000192e+00 3.199789601120917185e-12
3.591499999999999915e+00 3.176889450923511906e-12
3.592000000000000082e+00 3.154150037624974415e-12
3.592500000000000249e+00 3.131570256025136626e-12
3.592999999999999972e+00 3.109149008358009981e-12
3.593500000000000139e+00 3.086885204242787927e-12
3.593999999999999861e+00 3.064777760635527340e-12
3.594500000000000028e+00 3.042825601780694237e-12
3.595000000000000195e+00 3.021027659163484570e-12
3.595499999999999918e+00 2.999382871462088473e-12
3.596000000000000085e+00 2.977890184500329729e-12
3.596500000000000252e+00 2.956548551200859787e-12
3.596999999999999975e+00 2.935356931538327142e-12
3.597500000000000142e+00 2.914314292492972825e-12
3.597999999999999865e+00 2.893419608004625753e-12
3.598500000000000032e+00 2.872671858926811572e-12
3.599000000000000199e+00 2.852070032981323153e-12
3.599499999999999922e+00 2.831613124712947400e-12
3.600000000000000089e+00 2.811300135444539810e-12
3.600500000000000256e+00 2.791130073232437094e-12
3.600999999999999979e+00 2.771101952822098812e-12
3.601500000000000146e+00 2.751214795603941255e-12
3.601999999999999869e+00 2.731467629569715385e-12
3.602500000000000036e+00 2.711859489268888405e-12
3.603000000000000203e+00 2.692389415765468402e-12
3.603499999999999925e+00 2.673056456595064871e-12
3.604000000000000092e+00 2.653859665722190361e-12
3.604500000000000259e+00 2.634798103497887665e-12
3.604999999999999982e+00 2.615870836617654679e-12
3.605500000000000149e+00 2.597076938079467409e-12
3.605999999999999872e+00 2.578415487142363589e-12
3.606500000000000039e+00 2.559885569284984693e-12
3.607000000000000206e+00 2.541486276164627670e-12
3.607499999999999929e+00 2.523216705576438442e-12
3.608000000000000096e+00 2.505075961412833205e-12
3.608500000000000263e+00 2.487063153623314330e-12
3.608999999999999986e+00 2.469177398174477314e-12
3.609500000000000153e+00 2.451417817010164342e-12
3.609999999999999876e+00 2.433783538012097276e-12
3.610500000000000043e+00 2.416273694960562746e-12
3.611000000000000210e+00 2.398887427495499923e-12
3.611499999999999932e+00 2.381623881077720374e-12
3.612000000000000099e+00 2.364482206950431238e-12
3.612500000000000266e+00 2.347461562101047185e-12
3.612999999999999989e+00 2.330561109223198273e-12
3.613500000000000156e+00 2.313780016678897743e-12
3.613999999999999879e+00 2.297117458461223168e-12
3.614500000000000046e+00 2.280572614156873199e-12
3.615000000000000213e+00 2.264144668909309162e-12
3.615499999999999936e+00 2.247832813381899472e-12
3.616000000000000103e+00 2.231636243721359703e-12
3.616500000000000270e+00 2.215554161521549708e-12
3.616999999999999993e+00 2.199585773787322027e-12
3.617500000000000160e+00 2.183730292898703108e-12
3.617999999999999883e+00 2.167986936575340700e-12
3.618500000000000050e+00 2.152354927841048979e-12
3.619000000000000217e+00 2.136833494988743045e-12
3.619499999999999940e+00 2.121421871545496997e-12
3.620000000000000107e+00 2.106119296237810833e-12
3.620500000000000274e+00 2.090925012957201270e-12
3.620999999999999996e+00 2.075838270725968258e-12
3.621500000000000163e+00 2.060858323663082267e-12
3.621999999999999886e+00 2.045984430950487983e-12
3.622500000000000053e+00 2.031215856799443548e-12
3.623000000000000220e+00 2.016551870417211195e-12
3.623499999999999943e+00 2.001991745973894900e-12
3.624000000000000110e+00 1.987534762569436760e-12
3.624500000000000277e+00 1.973180204200999505e-12
3.625000000000000000e+00 1.958927359730407970e-12
3.625500000000000167e+00 1.944775522851814333e-12
3.625999999999999890e+00 1.930723992059682025e-12
3.626500000000000057e+00 1.916772070616817298e-12
3.627000000000000224e+00 1.902919066522779649e-12
3.627499999999999947e+00 1.889164292482375453e-12
3.628000000000000114e+00 1.875507065874334547e-12
3.628500000000000281e+00 1.861946708720350741e-12
3.629000000000000004e+00 1.848482547654146553e-12
3.629500000000000171e+00 1.835113913890816635e-12
3.629999999999999893e+00 1.821840143196412326e-12
3.630500000000000060e+00 1.808660575857601531e-12
3.631000000000000227e+00 1.795574556651665048e-12
3.631499999999999950e+00 1.782581434816602753e-12
3.632000000000000117e+00 1.769680564021409016e-12
3.632500000000000284e+00 1.756871302336665786e-12
3.633000000000000007e+00 1.744153012205190605e-12
3.633500000000000174e+00 1.731525060412911608e-12
3.633999999999999897e+00 1.718986818060037574e-12
3.634500000000000064e+00 1.706537660532210812e-12
3.635000000000000231e+00 1.694176967472070197e-12
3.635499999999999954e+00 1.681904122750849760e-12
3.636000000000000121e+00 1.669718514440176994e-12
3.636500000000000288e+00 1.657619534784136529e-12
3.637000000000000011e+00 1.645606580171445276e-12
3.637500000000000178e+00 1.633679051107789941e-12
3.637999999999999901e+00 1.621836352188444239e-12
3.638500000000000068e+00 1.610077892070925277e-12
3.639000000000000234e+00 1.598403083447977716e-12
3.639499999999999957e+00 1.586811343020628395e-12
3.640000000000000124e+00 1.575302091471397676e-12
3.640500000000000291e+00 1.563874753437818561e-12
3.641000000000000014e+00 1.552528757486008712e-12
3.641500000000000181e+00 1.541263536084400602e-12
3.641999999999999904e+00 1.530078525577786704e-12
3.642500000000000071e+00 1.518973166161343878e-12
3.643000000000000238e+00 1.507946901855004908e-12
3.643499999999999961e+00 1.496999180477865182e-12
3.644000000000000128e+00 1.486129453622794139e-12
3.644500000000000295e+00 1.475337176631261800e-12
3.645000000000000018e+00 1.464621808568293731e-12
3.645500000000000185e+00 1.453982812197521132e-12
3.645999999999999908e+00 1.443419653956555647e-12
3.646500000000000075e+00 1.432931803932326021e-12
3.647000000000000242e+00 1.422518735836764314e-12
3.647499999999999964e+00 1.412179926982529688e-12
3.648000000000000131e+00 1.401914858258898396e-12
3.648499999999999854e+00 1.391723014107893681e-12
3.649000000000000021e+00 1.381603882500452434e-12
3.649500000000000188e+00 1.371556954912878215e-12
3.649999999999999911e+00 1.361581726303331831e-12
3.650500000000000078e+00 1.351677695088530130e-12
3.651000000000000245e+00 1.341844363120619477e-12
3.651499999999999968e+00 1.332081235664143739e-12
3.652000000000000135e+00 1.322387821373191000e-12
3.652499999999999858e+00 1.312763632268726873e-12
3.653000000000000025e+00 1.303208183715965374e-12
3.653500000000000192e+00 1.293720994402053424e-12
3.653999999999999915e+00 1.284301586313748481e-12
3.654500000000000082e+00 1.274949484715299943e-12
3.655000000000000249e+00 1.265664218126508870e-12
3.655499999999999972e+00 1.256445318300905436e-12
3.656000000000000139e+00 1.247292320204009998e-12
3.656499999999999861e+00 1.238204761991854869e-12
3.657000000000000028e+00 1.229182184989535588e-12
3.657500000000000195e+00 1.220224133669983108e-12
3.657999999999999918e+00 1.211330155632836161e-12
3.658500000000000085e+00 1.202499801583408537e-12
3.659000000000000252e+00 1.193732625311931409e-12
3.659499999999999975e+00 1.185028183672768808e-12
3.660000000000000142e+00 1.176386036563861297e-12
3.660499999999999865e+00 1.167805746906329584e-12
3.661000000000000032e+00 1.159286880624092684e-12
3.661500000000000199e+00 1.150829006623771421e-12
3.661999999999999922e+00 1.142431696774608102e-12
3.662500000000000089e+00 1.134094525888543898e-12
3.663000000000000256e+00 1.125817071700488286e-12
3.663499999999999979e+00 1.117598914848648671e-12
3.664000000000000146e+00 1.109439638854976328e-12
3.664499999999999869e+00 1.101338830105843779e-12
3.665000000000000036e+00 1.093296077832712271e-12
3.665500000000000203e+00 1.085310974093055129e-12
3.665999999999999925e+00 1.077383113751309372e-12
3.666500000000000092e+00 1.069512094459983651e-12
3.667000000000000259e+00 1.061697516640920458e-12
3.667499999999999982e+00 1.053938983466661145e-12
3.668000000000000149e+00 1.046236100841881207e-12
3.668499999999999872e+00 1.038588477385064274e-12
3.669000000000000039e+00 1.030995724410155100e-12
3.669500000000000206e+00 1.023457455908467817e-12
3.669999999999999929e+00 1.015973288530624878e-12
3.670500000000000096e+00 1.008542841568624243e-12
3.671000000000000263e+00 1.001165736938071559e-12
3.671499999999999986e+00 9.938415991604902854e-13
3.672000000000000153e+00 9.865700553457338061e-13
3.672499999999999876e+00 9.793507351745730376e-13
3.673000000000000043e+00 9.721832708813325012e-13
3.673500000000000210e+00 9.650672972366814928e-13
3.673999999999999932e+00 9.580024515305444023e-13
3.674500000000000099e+00 9.509883735550578848e-13
3.675000000000000266e+00 9.440247055877439150e-13
3.675499999999999989e+00 9.371110923747137391e-13
3.676000000000000156e+00 9.302471811139919869e-13
3.676499999999999879e+00 9.234326214390015336e-13
3.677000000000000046e+00 9.166670654020822901e-13
3.677500000000000213e+00 9.099501674581911403e-13
3.677999999999999936e+00 9.032815844486660982e-13
3.678500000000000103e+00 8.966609755850850780e-13
3.679000000000000270e+00 8.900880024332955121e-13
3.679499999999999993e+00 8.835623288974758774e-13
3.680000000000000160e+00 8.770836212043393929e-13
3.680499999999999883e+00 8.706515478874472748e-13
3.681000000000000050e+00 8.642657797715983271e-13
3.681500000000000217e+00 8.579259899573570705e-13
3.681999999999999940e+00 8.516318538056588114e-13
3.682500000000000107e+00 8.453830489225036715e-13
3.683000000000000274e+00 8.391792551437990475e-13
3.683499999999999996e+00 8.330201545202635653e-13
3.684000000000000163e+00 8.269054313024235261e-13
3.684499999999999886e+00 8.208347719257557653e-13
3.685000000000000053e+00 8.148078649958720113e-13
3.685500000000000220e+00 8.088244012738516773e-13
3.685999999999999943e+00 8.028840736616301877e-13
3.686500000000000110e+00 7.969865771875019114e-13
3.687000000000000277e+00 7.911316089917358824e-13
3.687500000000000000e+00 7.853188683122526102e-13
3.688000000000000167e+00 7.795480564704119618e-13
3.688499999999999890e+00 7.738188768569163560e-13
3.689000000000000057e+00 7.681310349177521264e-13
3.689500000000000224e+00 7.624842381402974910e-13
3.689999999999999947e+00 7.568781960394587959e-13
3.690500000000000114e+00 7.513126201439147998e-13
3.691000000000000281e+00 7.457872239824926302e-13
3.691500000000000004e+00 7.403017230705778681e-13
3.692000000000000171e+00 7.348558348966304537e-13
3.692499999999999893e+00 7.294492789088320612e-13
3.693000000000000060e+00 7.240817765017492245e-13
3.693500000000000227e+00 7.187530510031511564e-13
3.693999999999999950e+00 7.134628276608802756e-13
3.694500000000000117e+00 7.082108336298010898e-13
3.695000000000000284e+00 7.029967979588746911e-13
3.695500000000000007e+00 6.978204515782872725e-13
3.696000000000000174e+00 6.926815272866552831e-13
3.696499999999999897e+00 6.875797597383700295e-13
3.697000000000000064e+00 6.825148854309416713e-13
3.697500000000000231e+00 6.774866426925159827e-13
3.697999999999999954e+00 6.724947716694172675e-13
3.698500000000000121e+00 6.675390143137683162e-13
3.699000000000000288e+00 6.626191143712482952e-13
3.699500000000000011e+00 6.577348173688804220e-13
3.700000000000000178e+00 6.528858706029057727e-13
3.700499999999999901e+00 6.480720231267745213e-13
3.701000000000000068e+00 6.432930257391617168e-13
3.701500000000000234e+00 6.385486309721241201e-13
3.701999999999999957e+00 6.338385930792846083e-13
3.702500000000000124e+00 6.291626680241069494e-13
3.703000000000000291e+00 6.245206134682836691e-13
3.703500000000000014e+00 6.199121887601514835e-13
3.704000000000000181e+00 6.153371549232082101e-13
3.704499999999999904e+00 6.107952746447214651e-13
3.705000000000000071e+00 6.062863122643603828e-13
3.705500000000000238e+00 6.018100337629821279e-13
3.705999999999999961e+00 5.973662067514206298e-13
3.706500000000000128e+00 5.929546004593763916e-13
3.707000000000000295e+00 5.885749857243990949e-13
3.707500000000000018e+00 5.842271349809209940e-13
3.708000000000000185e+00 5.799108222493536217e-13
3.708499999999999908e+00 5.756258231253045523e-13
3.709000000000000075e+00 5.713719147687943680e-13
3.709500000000000242e+00 5.671488758936201375e-13
3.709999999999999964e+00 5.629564867567427254e-13
3.710500000000000131e+00 5.587945291477382199e-13
3.711000000000000298e+00 5.546627863783693174e-13
3.711500000000000021e+00 5.505610432721805382e-13
3.712000000000000188e+00 5.464890861541682629e-13
3.712499999999999911e+00 5.424467028405500267e-13
3.713000000000000078e+00 5.384336826285565335e-13
3.713500000000000245e+00 5.344498162863426170e-13
3.713999999999999968e+00 5.304948960429202143e-13
3.714500000000000135e+00 5.265687155781813074e-13
3.714999999999999858e+00 5.226710700129894267e-13
3.715500000000000025e+00 5.188017558993222468e-13
3.716000000000000192e+00 5.149605712104999099e-13
3.716499999999999915e+00 5.111473153314652493e-13
3.717000000000000082e+00 5.073617890491197516e-13
3.717500000000000249e+00 5.036037945427508995e-13
3.717999999999999972e+00 4.998731353745127289e-13
3.718500000000000139e+00 4.961696164799345572e-13
3.718999999999999861e+00 4.924930441585694601e-13
3.719500000000000028e+00 4.888432260646179090e-13
3.720000000000000195e+00 4.852199711976879247e-13
3.720499999999999918e+00 4.816230898935749223e-13
3.721000000000000085e+00 4.780523938150985045e-13
3.721500000000000252e+00 4.745076959430421479e-13
3.721999999999999975e+00 4.709888105671141951e-13
3.722500000000000142e+00 4.674955532769752877e-13
3.722999999999999865e+00 4.640277409533504156e-13
3.723500000000000032e+00 4.605851917591635845e-13
3.724000000000000199e+00 4.571677251307663892e-13
3.724499999999999922e+00 4.537751617692111173e-13
3.725000000000000089e+00 4.504073236315608592e-13
3.725500000000000256e+00 4.470640339223057419e-13
3.725999999999999979e+00 4.437451170847930475e-13
3.726500000000000146e+00 4.404503987927265487e-13
3.726999999999999869e+00 4.371797059417477855e-13
3.727500000000000036e+00 4.339328666410294584e-13
3.728000000000000203e+00 4.307097102049664636e-13
3.728499999999999925e+00 4.275100671449004523e-13
3.729000000000000092e+00 4.243337691608936641e-13
3.729500000000000259e+00 4.211806491335890951e-13
3.729999999999999982e+00 4.180505411160910611e-13
3.730500000000000149e+00 4.149432803259113950e-13
3.730999999999999872e+00 4.118587031369860738e-13
3.731500000000000039e+00 4.087966470717183504e-13
3.732000000000000206e+00 4.057569507931007976e-13
3.732499999999999929e+00 4.027394540968694114e-13
3.733000000000000096e+00 3.997439979037194591e-13
3.733500000000000263e+00 3.967704242515802979e-13
3.733999999999999986e+00 3.938185762879340143e-13
3.734500000000000153e+00 3.908882982621713756e-13
3.734999999999999876e+00 3.879794355180441595e-13
3.735500000000000043e+00 3.850918344861074882e-13
3.736000000000000210e+00 3.822253426762646007e-13
3.736499999999999932e+00 3.793798086703400995e-13
3.737000000000000099e+00 3.765550821146876300e-13
3.737500000000000266e+00 3.737510137128865681e-13
3.737999999999999989e+00 3.709674552184502194e-13
3.738500000000000156e+00 3.682042594276014686e-13
3.738999999999999879e+00 3.654612801720971494e-13
3.739500000000000046e+00 3.627383723120893205e-13
3.740000000000000213e+00 3.600353917290561627e-13
3.740499999999999936e+00 3.573521953187555454e-13
3.741000000000000103e+00 3.546886409842354918e-13
3.741500000000000270e+00 3.520445876289033102e-13
3.741999999999999993e+00 3.494198951496280966e-13
3.742500000000000160e+00 3.468144244298840828e-13
3.742999999999999883e+00 3.442280373329685018e-13
3.743500000000000050e+00 3.416605966952218273e-13
3.744000000000000217e+00 3.391119663193394954e-13
3.744499999999999940e+00 3.365820109676978633e-13
3.745000000000000107e+00 3.340705963557285862e-13
3.745500000000000274e+00 3.315775891453543345e-13
3.745999999999999996e+00 3.291028569384553598e-13
3.746500000000000163e+00 3.266462682703698367e-13
3.746999999999999886e+00 3.242076926034751850e-13
3.747500000000000053e+00 3.217870003207619714e-13
3.748000000000000220e+00 3.193840627194994950e-13
3.748499999999999943e+00 3.169987520049106122e-13
3.749000000000000110e+00 3.146309412838974025e-13
3.749500000000000277e+00 3.122805045588254992e-13
3.750000000000000000e+00 3.099473167213314942e-13
3.750500000000000167e+00 3.076312535461685603e-13
3.750999999999999890e+00 3.053321916851218977e-13
3.751500000000000057e+00 3.030500086609293301e-13
3.752000000000000224e+00 3.007845828612722801e-13
3.752499999999999947e+00 2.985357935327921389e-13
3.753000000000000114e+00 2.963035207751430377e-13
3.753500000000000281e+00 2.940876455351058097e-13
3.754000000000000004e+00 2.918880496007187636e-13
3.754500000000000171e+00 2.897046155954543507e-13
3.754999999999999893e+00 2.875372269724528311e-13
3.755500000000000060e+00 2.853857680087610900e-13
3.756000000000000227e+00 2.832501237996469325e-13
3.756499999999999950e+00 2.811301802529279687e-13
3.757000000000000117e+00 2.790258240833404340e-13
3.757500000000000284e+00 2.769369428069603653e-13
3.758000000000000007e+00 2.748634247356507772e-13
3.758500000000000174e+00 2.728051589715429171e-13
3.758999999999999897e+00 2.707620354015724512e-13
3.759500000000000064e+00 2.687339446920282708e-13
3.760000000000000231e+00 2.667207782831644590e-13
3.760499999999999954e+00 2.647224283838302815e-13
3.761000000000000121e+00 2.627387879661338003e-13
3.761500000000000288e+00 2.607697507601648119e-13
3.762000000000000011e+00 2.588152112487282341e-13
3.762500000000000178e+00 2.568750646621245489e-13
3.762999999999999901e+00 2.549492069729709362e-13
3.763500000000000068e+00 2.530375348910413412e-13
3.764000000000000234e+00 2.511399458581604114e-13
3.764499999999999957e+00 2.492563380431203039e-13
3.765000000000000124e+00 2.473866103366287445e-13
3.765500000000000291e+00 2.455306623463087856e-13
3.766000000000000014e+00 2.436883943917131547e-13
3.766500000000000181e+00 2.418597074993779829e-13
3.766999999999999904e+00 2.400445033979236886e-13
3.767500000000000071e+00 2.382426845131653018e-13
3.768000000000000238e+00 2.364541539632778196e-13
3.768499999999999961e+00 2.346788155539836753e-13
3.769000000000000128e+00 2.329165737737655516e-13
3.769500000000000295e+00 2.311673337891363454e-13
3.770000000000000018e+00 2.294310014399154940e-13
3.770500000000000185e+00 2.277074832345431157e-13
3.770999999999999908e+00 2.259966863454463553e-13
3.771500000000000075e+00 2.242985186044029509e-13
3.772000000000000242e+00 2.226128884979699561e-13
3.772499999999999964e+00 2.209397051629193528e-13
3.773000000000000131e+00 2.192788783817148612e-13
3.773500000000000298e+00 2.176303185780227538e-13
3.774000000000000021e+00 2.159939368122442517e-13
3.774500000000000188e+00 2.143696447770829598e-13
3.774999999999999911e+00 2.127573547931477430e-13
3.775500000000000078e+00 2.111569798045718598e-13
3.776000000000000245e+00 2.095684333746772067e-13
3.776499999999999968e+00 2.079916296816617093e-13
3.777000000000000135e+00 2.064264835143068596e-13
3.777499999999999858e+00 2.048729102677333914e-13
3.778000000000000025e+00 2.033308259391685684e-13
3.778500000000000192e+00 2.018001471237543162e-13
3.778999999999999915e+00 2.002807910103784520e-13
3.779500000000000082e+00 1.987726753775271193e-13
3.780000000000000249e+00 1.972757185891875323e-13
3.780499999999999972e+00 1.957898395907523620e-13
3.781000000000000139e+00 1.943149579049670607e-13
3.781499999999999861e+00 1.928509936279089436e-13
3.782000000000000028e+00 1.913978674249748781e-13
3.782500000000000195e+00 1.899555005269171377e-13
3.782999999999999918e+00 1.885238147258973558e-13
3.783500000000000085e+00 1.871027323715586041e-13
3.784000000000000252e+00 1.856921763671438689e-13
3.784499999999999975e+00 1.842920701656262910e-13
3.785000000000000142e+00 1.829023377658638152e-13
3.785499999999999865e+00 1.815229037087973613e-13
3.786000000000000032e+00 1.801536930736531332e-13
3.786500000000000199e+00 1.787946314741881716e-13
3.786999999999999922e+00 1.774456450549552429e-13
3.787500000000000089e+00 1.761066604875854737e-13
3.788000000000000256e+00 1.747776049671118050e-13
3.788499999999999979e+00 1.734584062083071879e-13
3.789000000000000146e+00 1.721489924420459285e-13
3.789499999999999869e+00 1.708492924117027202e-13
3.790000000000000036e+00 1.695592353695586696e-13
3.790500000000000203e+00 1.682787510732478124e-13
3.790999999999999925e+00 1.670077697822197352e-13
3.791500000000000092e+00 1.657462222542215835e-13
3.792000000000000259e+00 1.644940397418215207e-13
3.792499999999999982e+00 1.632511539889377900e-13
3.793000000000000149e+00 1.620174972273952677e-13
3.793499999999999872e+00 1.607930021735205374e-13
3.794000000000000039e+00 1.595776020247353233e-13
3.794500000000000206e+00 1.583712304561978363e-13
3.794999999999999929e+00 1.571738216174494965e-13
3.795500000000000096e+00 1.559853101290916709e-13
3.796000000000000263e+00 1.548056310794881077e-13
3.796499999999999986e+00 1.536347200214830741e-13
3.797000000000000153e+00 1.524725129691453667e-13
3.797499999999999876e+00 1.513189463945387281e-13
3.798000000000000043e+00 1.501739572245041273e-13
3.798500000000000210e+00 1.490374828374760431e-13
3.798999999999999932e+00 1.479094610603130612e-13
3.799500000000000099e+00 1.467898301651486150e-13
3.800000000000000266e+00 1.456785288662734073e-13
3.800499999999999989e+00 1.445754963170275761e-13
3.801000000000000156e+00 1.434806721067201988e-13
3.801499999999999879e+00 1.423939962575705825e-13
3.802000000000000046e+00 1.413154092216663904e-13
3.802500000000000213e+00 1.402448518779483253e-13
3.802999999999999936e+00 1.391822655292114237e-13
3.803500000000000103e+00 1.381275918991249279e-13
3.804000000000000270e+00 1.370807731292802805e-13
3.804499999999999993e+00 1.360417517762532297e-13
3.805000000000000160e+00 1.350104708086848419e-13
3.805499999999999883e+00 1.339868736043902066e-13
3.806000000000000050e+00 1.329709039474786271e-13
3.806500000000000217e+00 1.319625060254985248e-13
3.806999999999999940e+00 1.309616244266030678e-13
3.807500000000000107e+00 1.299682041367265795e-13
3.808000000000000274e+00 1.289821905367940408e-13
3.808499999999999996e+00 1.280035293999392002e-13
3.809000000000000163e+00 1.270321668887430816e-13
3.809499999999999886e+00 1.260680495524983907e-13
3.810000000000000053e+00 1.251111243244824804e-13
3.810500000000000220e+00 1.241613385192587390e-13
3.810999999999999943e+00 1.232186398299926459e-13
3.811500000000000110e+00 1.222829763257807518e-13
3.812000000000000277e+00 1.213542964490087896e-13
3.812500000000000000e+00 1.204325490127222307e-13
3.813000000000000167e+00 1.195176831980099680e-13
3.813499999999999890e+00 1.186096485514191993e-13
3.814000000000000057e+00 1.177083949823716752e-13
3.814500000000000224e+00 1.168138727606148822e-13
3.814999999999999947e+00 1.159260325136774684e-13
3.815500000000000114e+00 1.150448252243444845e-13
3.816000000000000281e+00 1.141702022281600396e-13
3.816500000000000004e+00 1.133021152109342606e-13
3.817000000000000171e+00 1.124405162062727950e-13
3.817499999999999893e+00 1.115853575931269110e-13
3.818000000000000060e+00 1.107365920933535959e-13
3.818500000000000227e+00 1.098941727692991545e-13
3.818999999999999950e+00 1.090580530213939660e-13
3.819500000000000117e+00 1.082281865857662496e-13
3.820000000000000284e+00 1.074045275318745851e-13
3.820500000000000007e+00 1.065870302601522485e-13
3.821000000000000174e+00 1.057756494996699618e-13
3.821499999999999897e+00 1.049703403058176520e-13
3.822000000000000064e+00 1.041710580579949189e-13
3.822500000000000231e+00 1.033777584573273141e-13
3.822999999999999954e+00 1.025903975243896378e-13
3.823500000000000121e+00 1.018089315969475631e-13
3.824000000000000288e+00 1.010333173277197190e-13
3.824500000000000011e+00 1.002635116821493673e-13
3.825000000000000178e+00 9.949947193619049214e-14
3.825499999999999901e+00 9.874115567411826345e-14
3.826000000000000068e+00 9.798852078634140555e-14
3.826500000000000234e+00 9.724152546724405040e-14
3.826999999999999957e+00 9.650012821303118816e-14
3.827500000000000124e+00 9.576428781959113174e-14
3.828000000000000291e+00 9.503396338038100358e-14
3.828500000000000014e+00 9.430911428431623611e-14
3.829000000000000181e+00 9.358970021367847476e-14
3.829499999999999904e+00 9.287568114204342338e-14
3.830000000000000071e+00 9.216701733221184512e-14
3.830500000000000238e+00 9.146366933416705636e-14
3.830999999999999961e+00 9.076559798303876943e-14
3.831500000000000128e+00 9.007276439708027661e-14
3.832000000000000295e+00 8.938512997566739390e-14
3.832500000000000018e+00 8.870265639730408191e-14
3.833000000000000185e+00 8.802530561764269522e-14
3.833499999999999908e+00 8.735303986752291206e-14
3.834000000000000075e+00 8.668582165101686128e-14
3.834500000000000242e+00 8.602361374349607228e-14
3.834999999999999964e+00 8.536637918970482432e-14
3.835500000000000131e+00 8.471408130184871756e-14
3.836000000000000298e+00 8.406668365770076321e-14
3.836500000000000021e+00 8.342415009871570301e-14
3.837000000000000188e+00 8.278644472815638258e-14
3.837499999999999911e+00 8.215353190924073604e-14
3.838000000000000078e+00 8.152537626329196402e-14
3.838500000000000245e+00 8.090194266790956281e-14
3.838999999999999968e+00 8.028319625514869647e-14
3.839500000000000135e+00 7.966910240971171113e-14
3.839999999999999858e+00 7.905962676715665082e-14
3.840500000000000025e+00 7.845473521211272786e-14
3.841000000000000192e+00 7.785439387651316087e-14
3.841499999999999915e+00 7.725856913783627997e-14
3.842000000000000082e+00 7.666722761736060435e-14
3.842500000000000249e+00 7.608033617843367755e-14
3.842999999999999972e+00 7.549786192474958649e-14
3.843500000000000139e+00 7.491977219864027614e-14
3.843999999999999861e+00 7.434603457938050834e-14
3.844500000000000028e+00 7.377661688149952273e-14
3.845000000000000195e+00 7.321148715311147891e-14
3.845499999999999918e+00 7.265061367425128811e-14
3.846000000000000085e+00 7.209396495522381130e-14
3.846500000000000252e+00 7.154150973496826653e-14
3.846999999999999975e+00 7.099321697942874525e-14
3.847500000000000142e+00 7.044905587993747657e-14
3.847999999999999865e+00 6.990899585161364158e-14
3.848500000000000032e+00 6.937300653176604992e-14
3.849000000000000199e+00 6.884105777831358782e-14
3.849499999999999922e+00 6.831311966821323919e-14
3.850000000000000089e+00 6.778916249589793908e-14
3.850500000000000256e+00 6.726915677173036846e-14
3.850999999999999979e+00 6.675307322046205007e-14
3.851500000000000146e+00 6.624088277970501569e-14
3.851999999999999869e+00 6.573255659841689023e-14
3.852500000000000036e+00 6.522806603539123914e-14
3.853000000000000203e+00 6.472738265776437466e-14
3.853499999999999925e+00 6.423047823952827096e-14
3.854000000000000092e+00 6.373732476005413204e-14
3.854500000000000259e+00 6.324789440262962911e-14
3.854999999999999982e+00 6.276215955300244869e-14
3.855500000000000149e+00 6.228009279793579374e-14
3.855999999999999872e+00 6.180166692377526942e-14
3.856500000000000039e+00 6.132685491502180223e-14
3.857000000000000206e+00 6.085562995292009644e-14
3.857499999999999929e+00 6.038796541405181112e-14
3.858000000000000096e+00 5.992383486894111913e-14
3.858500000000000263e+00 5.946321208066982077e-14
3.858999999999999986e+00 5.900607100350300921e-14
3.859500000000000153e+00 5.855238578152025175e-14
3.859999999999999876e+00 5.810213074726321707e-14
3.860500000000000043e+00 5.765528042038554934e-14
3.861000000000000210e+00 5.721180950631776213e-14
3.861499999999999932e+00 5.677169289493870828e-14
3.862000000000000099e+00 5.633490565925565152e-14
3.862500000000000266e+00 5.590142305409646134e-14
3.862999999999999989e+00 5.547122051480950708e-14
3.863500000000000156e+00 5.504427365597011540e-14
3.863999999999999879e+00 5.462055827010120192e-14
3.864500000000000046e+00 5.420005032639816914e-14
3.865000000000000213e+00 5.378272596946621777e-14
3.865499999999999936e+00 5.336856151806385541e-14
3.866000000000000103e+00 5.295753346385625647e-14
3.866500000000000270e+00 5.254961847017846087e-14
3.866999999999999993e+00 5.214479337080579855e-14
3.867500000000000160e+00 5.174303516873220275e-14
3.867999999999999883e+00 5.134432103496033082e-14
3.868500000000000050e+00 5.094862830729564839e-14
3.869000000000000217e+00 5.055593448915399348e-14
3.869499999999999940e+00 5.016621724837323018e-14
3.870000000000000107e+00 4.977945441603443797e-14
3.870500000000000274e+00 4.939562398529381700e-14
3.870999999999999996e+00 4.901470411021991976e-14
3.871500000000000163e+00 4.863667310463841788e-14
3.871999999999999886e+00 4.826150944098948447e-14
3.872500000000000053e+00 4.788919174918744836e-14
3.873000000000000220e+00 4.751969881549318998e-14
3.873499999999999943e+00 4.715300958139195204e-14
3.874000000000000110e+00 4.678910314247845186e-14
3.874500000000000277e+00 4.642795874735317032e-14
3.875000000000000000e+00 4.606955579652266709e-14
3.875500000000000167e+00 4.571387384130871230e-14
3.875999999999999890e+00 4.536089258276779314e-14
3.876500000000000057e+00 4.501059187061292406e-14
3.877000000000000224e+00 4.466295170214877291e-14
3.877499999999999947e+00 4.431795222121049151e-14
3.878000000000000114e+00 4.397557371711028349e-14
3.878500000000000281e+00 4.363579662359366552e-14
3.879000000000000004e+00 4.329860151780123805e-14
3.879500000000000171e+00 4.296396911923648917e-14
3.879999999999999893e+00 4.263188028874569024e-14
3.880500000000000060e+00 4.230231602749830886e-14
3.881000000000000227e+00 4.197525747598097150e-14
3.881499999999999950e+00 4.165068591299408913e-14
3.882000000000000117e+00 4.132858275465666193e-14
3.882500000000000284e+00 4.100892955342015896e-14
3.883000000000000007e+00 4.069170799708692903e-14
3.883500000000000174e+00 4.037689990783501092e-14
3.883999999999999897e+00 4.006448724125358995e-14
3.884500000000000064e+00 3.975445208538029737e-14
3.885000000000000231e+00 3.944677665974995142e-14
3.885499999999999954e+00 3.914144331444648535e-14
3.886000000000000121e+00 3.883843452916270093e-14
3.886500000000000288e+00 3.853773291226779073e-14
3.887000000000000011e+00 3.823932119988062216e-14
3.887500000000000178e+00 3.794318225494782413e-14
3.887999999999999901e+00 3.764929906633190803e-14
3.888500000000000068e+00 3.735765474790253783e-14
3.889000000000000234e+00 3.706823253763652814e-14
3.889499999999999957e+00 3.678101579672300457e-14
3.890000000000000124e+00 3.649598800867431964e-14
3.890500000000000291e+00 3.621313277844529903e-14
3.891000000000000014e+00 3.593243383155698118e-14
3.891500000000000181e+00 3.565387501322636493e-14
3.891999999999999904e+00 3.537744028750431702e-14
3.892500000000000071e+00 3.510311373641662881e-14
3.893000000000000238e+00 3.483087955911434366e-14
3.893499999999999961e+00 3.456072207102790239e-14
3.894000000000000128e+00 3.429262570302672878e-14
3.894500000000000295e+00 3.402657500058772595e-14
3.895000000000000018e+00 3.376255462296709864e-14
3.895500000000000185e+00 3.350054934237765333e-14
3.895999999999999908e+00 3.324054404317505354e-14
3.896500000000000075e+00 3.298252372104590520e-14
3.897000000000000242e+00 3.272647348220463947e-14
3.897499999999999964e+00 3.247237854259503406e-14
3.898000000000000131e+00 3.222022422709586814e-14
3.898500000000000298e+00 3.196999596873501496e-14
3.899000000000000021e+00 3.172167930790765540e-14
3.899500000000000188e+00 3.147525989159857478e-14
3.899999999999999911e+00 3.123072347261362924e-14
3.900500000000000078e+00 3.098805590881220941e-14
3.901000000000000245e+00 3.074724316234930279e-14
3.901499999999999968e+00 3.050827129892026360e-14
3.902000000000000135e+00 3.027112648701119293e-14
3.902500000000000302e+00 3.003579499715605900e-14
3.903000000000000025e+00 2.980226320119788158e-14
3.903500000000000192e+00 2.957051757155471900e-14
3.903999999999999915e+00 2.934054468049312093e-14
3.904500000000000082e+00 2.911233119940325360e-14
3.905000000000000249e+00 2.888586389808294854e-14
3.905499999999999972e+00 2.866112964402389076e-14
3.906000000000000139e+00 2.843811540170404206e-14
3.906499999999999861e+00 2.821680823188586093e-14
3.907000000000000028e+00 2.799719529091704045e-14
3.907500000000000195e+00 2.777926383003982583e-14
3.907999999999999918e+00 2.756300119470196341e-14
3.908500000000000085e+00 2.734839482387361645e-14
3.909000000000000252e+00 2.713543224937051309e-14
3.909499999999999975e+00 2.692410109517984571e-14
3.910000000000000142e+00 2.671438907679157567e-14
3.910499999999999865e+00 2.650628400053605518e-14
3.911000000000000032e+00 2.629977376292329635e-14
3.911500000000000199e+00 2.609484634999027400e-14
3.911999999999999922e+00 2.589148983665061711e-14
3.912500000000000089e+00 2.568969238604918491e-14
3.913000000000000256e+00 2.548944224892242693e-14
3.913499999999999979e+00 2.529072776296225501e-14
3.914000000000000146e+00 2.509353735218415941e-14
3.914499999999999869e+00 2.489785952630133605e-14
3.915000000000000036e+00 2.470368288010112664e-14
3.915500000000000203e+00 2.451099609282823361e-14
3.915999999999999925e+00 2.431978792757067394e-14
3.916500000000000092e+00 2.413004723064980978e-14
3.917000000000000259e+00 2.394176293101689833e-14
3.917499999999999982e+00 2.375492403965156322e-14
3.918000000000000149e+00 2.356951964896559875e-14
3.918499999999999872e+00 2.338553893221157032e-14
3.919000000000000039e+00 2.320297114289404019e-14
3.919500000000000206e+00 2.302180561418680122e-14
3.919999999999999929e+00 2.284203175835315249e-14
3.920500000000000096e+00 2.266363906616999923e-14
3.921000000000000263e+00 2.248661710635767682e-14
3.921499999999999986e+00 2.231095552501206245e-14
3.922000000000000153e+00 2.213664404504121797e-14
3.922499999999999876e+00 2.196367246560733390e-14
3.923000000000000043e+00 2.179203066157042160e-14
3.923500000000000210e+00 2.162170858293804175e-14
3.923999999999999932e+00 2.145269625431783172e-14
3.924500000000000099e+00 2.128498377437374060e-14
3.925000000000000266e+00 2.111856131528729714e-14
3.925499999999999989e+00 2.095341912222177128e-14
3.926000000000000156e+00 2.078954751278997069e-14
3.926499999999999879e+00 2.062693687652711129e-14
3.927000000000000046e+00 2.046557767436565048e-14
3.927500000000000213e+00 2.030546043811580645e-14
3.927999999999999936e+00 2.014657576994843143e-14
3.928500000000000103e+00 1.998891434188136545e-14
3.929000000000000270e+00 1.983246689527110384e-14
3.929499999999999993e+00 1.967722424030667353e-14
3.930000000000000160e+00 1.952317725550683520e-14
3.930499999999999883e+00 1.937031688722279796e-14
3.931000000000000050e+00 1.921863414914204800e-14
3.931500000000000217e+00 1.906812012179796101e-14
3.931999999999999940e+00 1.891876595208129225e-14
3.932500000000000107e+00 1.877056285275553822e-14
3.933000000000000274e+00 1.862350210197681700e-14
3.933499999999999996e+00 1.847757504281573969e-14
3.934000000000000163e+00 1.833277308278312192e-14
3.934499999999999886e+00 1.818908769336015729e-14
3.935000000000000053e+00 1.804651040953009901e-14
3.935500000000000220e+00 1.790503282931497770e-14
3.935999999999999943e+00 1.776464661331478038e-14
3.936500000000000110e+00 1.762534348424968079e-14
3.937000000000000277e+00 1.748711522650653592e-14
3.937500000000000000e+00 1.734995368568787839e-14
3.938000000000000167e+00 1.721385076816386561e-14
3.938499999999999890e+00 1.707879844062882316e-14
3.939000000000000057e+00 1.694478872965887683e-14
3.939500000000000224e+00 1.681181372127499314e-14
3.939999999999999947e+00 1.667986556050743656e-14
3.940500000000000114e+00 1.654893645096401653e-14
3.941000000000000281e+00 1.641901865440172331e-14
3.941500000000000004e+00 1.629010449030104920e-14
3.942000000000000171e+00 1.616218633544284039e-14
3.942499999999999893e+00 1.603525662348976838e-14
3.943000000000000060e+00 1.590930784456883324e-14
3.943500000000000227e+00 1.578433254485869468e-14
3.943999999999999950e+00 1.566032332617860298e-14
3.944500000000000117e+00 1.553727284558063359e-14
3.945000000000000284e+00 1.541517381494566098e-14
3.945500000000000007e+00 1.529401900058103960e-14
3.946000000000000174e+00 1.517380122282176842e-14
3.946499999999999897e+00 1.505451335563489610e-14
3.947000000000000064e+00 1.493614832622555127e-14
3.947500000000000231e+00 1.481869911464743769e-14
3.947999999999999954e+00 1.470215875341490400e-14
3.948500000000000121e+00 1.458652032711790078e-14
3.949000000000000288e+00 1.447177697204062618e-14
3.949500000000000011e+00 1.435792187578184090e-14
3.950000000000000178e+00 1.424494827687824072e-14
3.950499999999999901e+00 1.413284946443109499e-14
3.951000000000000068e+00 1.402161877773468205e-14
3.951500000000000234e+00 1.391124960590823672e-14
3.951999999999999957e+00 1.380173538752984631e-14
3.952500000000000124e+00 1.369306961027328265e-14
3.953000000000000291e+00 1.358524581054771045e-14
3.953500000000000014e+00 1.347825757313966431e-14
3.954000000000000181e+00 1.337209853085719042e-14
3.954499999999999904e+00 1.326676236417785214e-14
3.955000000000000071e+00 1.316224280089763315e-14
3.955500000000000238e+00 1.305853361578384508e-14
3.955999999999999961e+00 1.295562863022964580e-14
3.956500000000000128e+00 1.285352171191090387e-14
3.957000000000000295e+00 1.275220677444641566e-14
3.957500000000000018e+00 1.265167777706007409e-14
3.958000000000000185e+00 1.255192872424486433e-14
3.958499999999999908e+00 1.245295366543069505e-14
3.959000000000000075e+00 1.235474669465310517e-14
3.959500000000000242e+00 1.225730195022555372e-14
3.959999999999999964e+00 1.216061361441344834e-14
3.960500000000000131e+00 1.206467591311036672e-14
3.961000000000000298e+00 1.196948311551747779e-14
3.961500000000000021e+00 1.187502953382431178e-14
3.962000000000000188e+00 1.178130952289217137e-14
3.962499999999999911e+00 1.168831747994025033e-14
3.963000000000000078e+00 1.159604784423329657e-14
3.963500000000000245e+00 1.150449509677218152e-14
3.963999999999999968e+00 1.141365375998636741e-14
3.964500000000000135e+00 1.132351839742824890e-14
3.965000000000000302e+00 1.123408361347069912e-14
3.965500000000000025e+00 1.114534405300592513e-14
3.966000000000000192e+00 1.105729440114657329e-14
3.966499999999999915e+00 1.096992938292963344e-14
3.967000000000000082e+00 1.088324376302154221e-14
3.967500000000000249e+00 1.079723234542646540e-14
3.967999999999999972e+00 1.071188997319579682e-14
3.968500000000000139e+00 1.062721152814000630e-14
3.968999999999999861e+00 1.054319193054316356e-14
3.969500000000000028e+00 1.045982613887847183e-14
3.970000000000000195e+00 1.037710914952684327e-14
3.970499999999999918e+00 1.029503599649698276e-14
3.971000000000000085e+00 1.021360175114739013e-14
3.971500000000000252e+00 1.013280152191092307e-14
3.971999999999999975e+00 1.005263045402091410e-14
3.972500000000000142e+00 9.973083729239136612e-15
3.972999999999999865e+00 9.894156565586519321e-15
3.973500000000000032e+00 9.815844217074608531e-15
3.974000000000000199e+00 9.738141973440237938e-15
3.974499999999999922e+00 9.661045159881328061e-15
3.975000000000000089e+00 9.584549136794484290e-15
3.975500000000000256e+00 9.508649299515332270e-15
3.975999999999999979e+00 9.433341078059973475e-15
3.976500000000000146e+00 9.358619936868395576e-15
3.976999999999999869e+00 9.284481374550273058e-15
3.977500000000000036e+00 9.210920923631812291e-15
3.978000000000000203e+00 9.137934150305326056e-15
3.978499999999999925e+00 9.065516654179874612e-15
3.979000000000000092e+00 8.993664068033896274e-15
3.979500000000000259e+00 8.922372057570144617e-15
3.979999999999999982e+00 8.851636321171668550e-15
3.980500000000000149e+00 8.781452589659960190e-15
3.980999999999999872e+00 8.711816626054904487e-15
3.981500000000000039e+00 8.642724225336185083e-15
3.982000000000000206e+00 8.574171214206774355e-15
3.982499999999999929e+00 8.506153450858042184e-15
3.983000000000000096e+00 8.438666824735986494e-15
3.983500000000000263e+00 8.371707256310366802e-15
3.983999999999999986e+00 8.305270696844396271e-15
3.984500000000000153e+00 8.239353128166502163e-15
3.984999999999999876e+00 8.173950562444041091e-15
3.985500000000000043e+00 8.109059041958128137e-15
3.986000000000000210e+00 8.044674638880569079e-15
3.986499999999999932e+00 7.980793455052184164e-15
3.987000000000000099e+00 7.917411621762482410e-15
3.987500000000000266e+00 7.854525299531666211e-15
3.987999999999999989e+00 7.792130677893573102e-15
3.988500000000000156e+00 7.730223975180277285e-15
3.988999999999999879e+00 7.668801438308690137e-15
3.989500000000000046e+00 7.607859342568058435e-15
3.990000000000000213e+00 7.547393991409742390e-15
3.990499999999999936e+00 7.487401716237902453e-15
3.991000000000000103e+00 7.427878876201879011e-15
3.991500000000000270e+00 7.368821857990443264e-15
3.991999999999999993e+00 7.310227075627133573e-15
3.992500000000000160e+00 7.252090970266978628e-15
3.992999999999999883e+00 7.194410009995369473e-15
3.993500000000000050e+00 7.137180689627549991e-15
3.994000000000000217e+00 7.080399530510273614e-15
3.994499999999999940e+00 7.024063080324517881e-15
3.995000000000000107e+00 6.968167912889570050e-15
3.995500000000000274e+00 6.912710627969022529e-15
3.995999999999999996e+00 6.857687851077639222e-15
3.996500000000000163e+00 6.803096233289809841e-15
3.996999999999999886e+00 6.748932451049660045e-15
3.997500000000000053e+00 6.695193205982123987e-15
3.998000000000000220e+00 6.641875224705764974e-15
3.998499999999999943e+00 6.588975258646781787e-15
3.999000000000000110e+00 6.536490083854154907e-15
3.999500000000000277e+00 6.484416500816733336e-15
4.000000000000000000e+00 6.432751334281139466e-15
4.000499999999999723e+00 6.381491433071097848e-15
4.001000000000000334e+00 6.330633669908109748e-15
4.001500000000000057e+00 6.280174941233954713e-15
4.001999999999999780e+00 6.230112167033338862e-15
4.002500000000000391e+00 6.180442290658833242e-15
4.003000000000000114e+00 6.131162278656990738e-15
4.003499999999999837e+00 6.082269120595074352e-15
4.004000000000000448e+00 6.033759828889810493e-15
4.004500000000000171e+00 5.985631438637061284e-15
4.004999999999999893e+00 5.937881007442515289e-15
4.005500000000000504e+00 5.890505615254110580e-15
4.006000000000000227e+00 5.843502364195389449e-15
4.006499999999999950e+00 5.796868378400075068e-15
4.006999999999999673e+00 5.750600803847772265e-15
4.007500000000000284e+00 5.704696808201167942e-15
4.008000000000000007e+00 5.659153580644409244e-15
4.008499999999999730e+00 5.613968331722021326e-15
4.009000000000000341e+00 5.569138293179820134e-15
4.009500000000000064e+00 5.524660717806931177e-15
4.009999999999999787e+00 5.480532879277981852e-15
4.010500000000000398e+00 5.436752071997682428e-15
4.011000000000000121e+00 5.393315610946053910e-15
4.011499999999999844e+00 5.350220831524454216e-15
4.012000000000000455e+00 5.307465089403160791e-15
4.012500000000000178e+00 5.265045760370166477e-15
4.012999999999999901e+00 5.222960240180535481e-15
4.013500000000000512e+00 5.181205944407265273e-15
4.014000000000000234e+00 5.139780308293576334e-15
4.014499999999999957e+00 5.098680786605181377e-15
4.014999999999999680e+00 5.057904853484852531e-15
4.015500000000000291e+00 5.017450002307350613e-15
4.016000000000000014e+00 4.977313745535823249e-15
4.016499999999999737e+00 4.937493614578651079e-15
4.017000000000000348e+00 4.897987159647905600e-15
4.017500000000000071e+00 4.858791949618959531e-15
4.017999999999999794e+00 4.819905571890452966e-15
4.018500000000000405e+00 4.781325632245680247e-15
4.019000000000000128e+00 4.743049754715399964e-15
4.019499999999999851e+00 4.705075581440832684e-15
4.020000000000000462e+00 4.667400772538082588e-15
4.020500000000000185e+00 4.630023005963939606e-15
4.020999999999999908e+00 4.592939977381884297e-15
4.021500000000000519e+00 4.556149400029430625e-15
4.022000000000000242e+00 4.519649004587041739e-15
4.022499999999999964e+00 4.483436539046695487e-15
4.022999999999999687e+00 4.447509768582692666e-15
4.023500000000000298e+00 4.411866475422634877e-15
4.024000000000000021e+00 4.376504458719853883e-15
4.024499999999999744e+00 4.341421534426229090e-15
4.025000000000000355e+00 4.306615535166458103e-15
4.025500000000000078e+00 4.272084310113037263e-15
4.025999999999999801e+00 4.237825724862013690e-15
4.026500000000000412e+00 4.203837661309832257e-15
4.027000000000000135e+00 4.170118017531357979e-15
4.027499999999999858e+00 4.136664707658046696e-15
4.028000000000000469e+00 4.103475661757643002e-15
4.028500000000000192e+00 4.070548825714849248e-15
4.028999999999999915e+00 4.037882161112136555e-15
4.029500000000000526e+00 4.005473645112225835e-15
4.030000000000000249e+00 3.973321270341055544e-15
4.030499999999999972e+00 3.941423044771640054e-15
4.030999999999999694e+00 3.909776991608728728e-15
4.031500000000000306e+00 3.878381149174512592e-15
4.032000000000000028e+00 3.847233570795142750e-15
4.032499999999999751e+00 3.816332324687781284e-15
4.033000000000000362e+00 3.785675493848789681e-15
4.033500000000000085e+00 3.755261175942821302e-15
4.033999999999999808e+00 3.725087483192323274e-15
4.034500000000000419e+00 3.695152542268186949e-15
4.035000000000000142e+00 3.665454494181269282e-15
4.035499999999999865e+00 3.635991494174325983e-15
4.036000000000000476e+00 3.606761711615063278e-15
4.036500000000000199e+00 3.577763329890041638e-15
4.036999999999999922e+00 3.548994546298989326e-15
4.037499999999999645e+00 3.520453571950247559e-15
4.038000000000000256e+00 3.492138631656763141e-15
4.038499999999999979e+00 3.464047963833222188e-15
4.038999999999999702e+00 3.436179820393271802e-15
4.039500000000000313e+00 3.408532466648147112e-15
4.040000000000000036e+00 3.381104181205871016e-15
4.040499999999999758e+00 3.353893255870835347e-15
4.041000000000000369e+00 3.326897995544633956e-15
4.041500000000000092e+00 3.300116718127479557e-15
4.041999999999999815e+00 3.273547754419998425e-15
4.042500000000000426e+00 3.247189448026243111e-15
4.043000000000000149e+00 3.221040155257280226e-15
4.043499999999999872e+00 3.195098245035148991e-15
4.044000000000000483e+00 3.169362098798008604e-15
4.044500000000000206e+00 3.143830110405852003e-15
4.044999999999999929e+00 3.118500686046575811e-15
4.045499999999999652e+00 3.093372244143265506e-15
4.046000000000000263e+00 3.068443215261743687e-15
4.046499999999999986e+00 3.043712042019236154e-15
4.046999999999999709e+00 3.019177178993133044e-15
4.047500000000000320e+00 2.994837092630898942e-15
4.048000000000000043e+00 2.970690261160606984e-15
4.048499999999999766e+00 2.946735174501814928e-15
4.049000000000000377e+00 2.922970334177462804e-15
4.049500000000000099e+00 2.899394253226275825e-15
4.049999999999999822e+00 2.876005456115689131e-15
4.050500000000000433e+00 2.852802478655671048e-15
4.051000000000000156e+00 2.829783867913055160e-15
4.051499999999999879e+00 2.806948182126391449e-15
4.052000000000000490e+00 2.784293990621648228e-15
4.052500000000000213e+00 2.761819873728517545e-15
4.052999999999999936e+00 2.739524422697046000e-15
4.053499999999999659e+00 2.717406239615235855e-15
4.054000000000000270e+00 2.695463937327107626e-15
4.054499999999999993e+00 2.673696139351458068e-15
4.054999999999999716e+00 2.652101479800995611e-15
4.055500000000000327e+00 2.630678603302284397e-15
4.056000000000000050e+00 2.609426164916343848e-15
4.056499999999999773e+00 2.588342830059546033e-15
4.057000000000000384e+00 2.567427274425336216e-15
4.057500000000000107e+00 2.546678183906579354e-15
4.057999999999999829e+00 2.526094254518213473e-15
4.058500000000000441e+00 2.505674192320699394e-15
4.059000000000000163e+00 2.485416713344083008e-15
4.059499999999999886e+00 2.465320543512363634e-15
4.060000000000000497e+00 2.445384418568632301e-15
4.060500000000000220e+00 2.425607084000820216e-15
4.060999999999999943e+00 2.405987294967735163e-15
4.061499999999999666e+00 2.386523816225879274e-15
4.062000000000000277e+00 2.367215422056735382e-15
4.062500000000000000e+00 2.348060896194681300e-15
4.062999999999999723e+00 2.329059031755154576e-15
4.063500000000000334e+00 2.310208631163703127e-15
4.064000000000000057e+00 2.291508506085463049e-15
4.064499999999999780e+00 2.272957477354929880e-15
4.065000000000000391e+00 2.254554374906501369e-15
4.065500000000000114e+00 2.236298037705678550e-15
4.065999999999999837e+00 2.218187313680216723e-15
4.066500000000000448e+00 2.200221059652368219e-15
4.067000000000000171e+00 2.182398141271434004e-15
4.067499999999999893e+00 2.164717432946600061e-15
4.068000000000000504e+00 2.147177817780602866e-15
4.068500000000000227e+00 2.129778187503777854e-15
4.068999999999999950e+00 2.112517442408461297e-15
4.069499999999999673e+00 2.095394491283992111e-15
4.070000000000000284e+00 2.078408251352299387e-15
4.070500000000000007e+00 2.061557648203818885e-15
4.070999999999999730e+00 2.044841615733878106e-15
4.071500000000000341e+00 2.028259096079625285e-15
4.072000000000000064e+00 2.011809039557560283e-15
4.072499999999999787e+00 1.995490404601170401e-15
4.073000000000000398e+00 1.979302157699334543e-15
4.073500000000000121e+00 1.963243273335224361e-15
4.073999999999999844e+00 1.947312733925315446e-15
4.074500000000000455e+00 1.931509529759224850e-15
4.075000000000000178e+00 1.915832658939836150e-15
4.075499999999999901e+00 1.900281127323801587e-15
4.076000000000000512e+00 1.884853948462633877e-15
4.076500000000000234e+00 1.869550143544233868e-15
4.076999999999999957e+00 1.854368741334640659e-15
4.077499999999999680e+00 1.839308778120469993e-15
4.078000000000000291e+00 1.824369297651655580e-15
4.078500000000000014e+00 1.809549351084762343e-15
4.078999999999999737e+00 1.794847996926376571e-15
4.079500000000000348e+00 1.780264300977301114e-15
4.080000000000000071e+00 1.765797336277096292e-15
4.080499999999999794e+00 1.751446183048724929e-15
4.081000000000000405e+00 1.737209928643995528e-15
4.081500000000000128e+00 1.723087667489331826e-15
4.081999999999999851e+00 1.709078501031654572e-15
4.082500000000000462e+00 1.695181537685037369e-15
4.083000000000000185e+00 1.681395892777673534e-15
4.083499999999999908e+00 1.667720688499010773e-15
4.084000000000000519e+00 1.654155053847535892e-15
4.084500000000000242e+00 1.640698124578922377e-15
4.084999999999999964e+00 1.627349043154404378e-15
4.085499999999999687e+00 1.614106958689688298e-15
4.086000000000000298e+00 1.600971026904199462e-15
4.086500000000000021e+00 1.587940410070766787e-15
4.086999999999999744e+00 1.575014276965491859e-15
4.087500000000000355e+00 1.562191802818229566e-15
4.088000000000000078e+00 1.549472169263372055e-15
4.088499999999999801e+00 1.536854564290836215e-15
4.089000000000000412e+00 1.524338182197649896e-15
4.089500000000000135e+00 1.511922223539822129e-15
4.089999999999999858e+00 1.499605895084479583e-15
4.090500000000000469e+00 1.487388409762424467e-15
4.091000000000000192e+00 1.475268986621187843e-15
4.091499999999999915e+00 1.463246850778169708e-15
4.092000000000000526e+00 1.451321233374309785e-15
4.092500000000000249e+00 1.439491371528125925e-15
4.092999999999999972e+00 1.427756508289953270e-15
4.093499999999999694e+00 1.416115892596608022e-15
4.094000000000000306e+00 1.404568779226464972e-15
4.094500000000000028e+00 1.393114428754768134e-15
4.094999999999999751e+00 1.381752107509258106e-15
4.095500000000000362e+00 1.370481087526242974e-15
4.096000000000000085e+00 1.359300646506939000e-15
4.096499999999999808e+00 1.348210067774079130e-15
4.097000000000000419e+00 1.337208640228958533e-15
4.097500000000000142e+00 1.326295658308787008e-15
4.097999999999999865e+00 1.315470421944223608e-15
4.098500000000000476e+00 1.304732236517380454e-15
4.099000000000000199e+00 1.294080412820179355e-15
4.099499999999999922e+00 1.283514267012787717e-15
4.099999999999999645e+00 1.273033120582627352e-15
4.100500000000000256e+00 1.262636300303517801e-15
4.100999999999999979e+00 1.252323138195269098e-15
4.101499999999999702e+00 1.242092971483382814e-15
4.102000000000000313e+00 1.231945142559245345e-15
4.102500000000000036e+00 1.221878998940607165e-15
4.102999999999999758e+00 1.211893893232143725e-15
4.103500000000000369e+00 1.201989183086573681e-15
4.104000000000000092e+00 1.192164231166016544e-15
4.104499999999999815e+00 1.182418405103428425e-15
4.105000000000000426e+00 1.172751077464634556e-15
4.105500000000000149e+00 1.163161625710459229e-15
4.105999999999999872e+00 1.153649432159153540e-15
4.106500000000000483e+00 1.144213883949152274e-15
4.107000000000000206e+00 1.134854373002146937e-15
4.107499999999999929e+00 1.125570295986304716e-15
4.107999999999999652e+00 1.116361054279917774e-15
4.108500000000000263e+00 1.107226053935177178e-15
4.108999999999999986e+00 1.098164705642415802e-15
4.109499999999999709e+00 1.089176424694368793e-15
4.110000000000000320e+00 1.080260630950916217e-15
4.110500000000000043e+00 1.071416748804035155e-15
4.110999999999999766e+00 1.062644207142902665e-15
4.111500000000000377e+00 1.053942439319421572e-15
4.112000000000000099e+00 1.045310883113959653e-15
4.112499999999999822e+00 1.036748980701236721e-15
4.113000000000000433e+00 1.028256178616624295e-15
4.113500000000000156e+00 1.019831927722648591e-15
4.113999999999999879e+00 1.011475683175671601e-15
4.114500000000000490e+00 1.003186904392905666e-15
4.115000000000000213e+00 9.949650550197051309e-16
4.115499999999999936e+00 9.868096028969605544e-16
4.115999999999999659e+00 9.787200200289058875e-16
4.116500000000000270e+00 9.706957825510729711e-16
4.116999999999999993e+00 9.627363706985264743e-16
4.117499999999999716e+00 9.548412687742879613e-16
4.118000000000000327e+00 9.470099651180425682e-16
4.118500000000000050e+00 9.392419520751395309e-16
4.118999999999999773e+00 9.315367259656558207e-16
4.119500000000000384e+00 9.238937870538715668e-16
4.120000000000000107e+00 9.163126395178967412e-16
4.120499999999999829e+00 9.087927914194962438e-16
4.121000000000000441e+00 9.013337546742143589e-16
4.121500000000000163e+00 8.939350450217169382e-16
4.121999999999999886e+00 8.865961819962641394e-16
4.122500000000000497e+00 8.793166888975083737e-16
4.123000000000000220e+00 8.720960927615296997e-16
4.123499999999999943e+00 8.649339243319737695e-16
4.123999999999999666e+00 8.578297180314884574e-16
4.124500000000000277e+00 8.507830119333826509e-16
4.125000000000000000e+00 8.437933477334997114e-16
4.125499999999999723e+00 8.368602707222371695e-16
4.126000000000000334e+00 8.299833297568448880e-16
4.126500000000000057e+00 8.231620772339505158e-16
4.126999999999999780e+00 8.163960690622041584e-16
4.127500000000000391e+00 8.096848646351965857e-16
4.128000000000000114e+00 8.030280268046321432e-16
4.128499999999999837e+00 7.964251218535282878e-16
4.129000000000000448e+00 7.898757194698303596e-16
4.129500000000000171e+00 7.833793927200989295e-16
4.129999999999999893e+00 7.769357180234054053e-16
4.130500000000000504e+00 7.705442751254512807e-16
4.131000000000000227e+00 7.642046470729353820e-16
4.131499999999999950e+00 7.579164201879755463e-16
4.131999999999999673e+00 7.516791840428582684e-16
4.132500000000000284e+00 7.454925314349029305e-16
4.133000000000000007e+00 7.393560583615960181e-16
4.133499999999999730e+00 7.332693639958043225e-16
4.134000000000000341e+00 7.272320506612281526e-16
4.134500000000000064e+00 7.212437238081347901e-16
4.134999999999999787e+00 7.153039919890693642e-16
4.135500000000000398e+00 7.094124668349406313e-16
4.136000000000000121e+00 7.035687630312263666e-16
4.136499999999999844e+00 6.977724982942887025e-16
4.137000000000000455e+00 6.920232933479768108e-16
4.137500000000000178e+00 6.863207719003695072e-16
4.137999999999999901e+00 6.806645606206471323e-16
4.138500000000000512e+00 6.750542891161928915e-16
4.139000000000000234e+00 6.694895899098827323e-16
4.139499999999999957e+00 6.639700984174750139e-16
4.139999999999999680e+00 6.584954529252398901e-16
4.140500000000000291e+00 6.530652945677163910e-16
4.141000000000000014e+00 6.476792673057078374e-16
4.141499999999999737e+00 6.423370179043243910e-16
4.142000000000000348e+00 6.370381959112899712e-16
4.142500000000000071e+00 6.317824536354276515e-16
4.142999999999999794e+00 6.265694461251993888e-16
4.143500000000000405e+00 6.213988311475044990e-16
4.144000000000000128e+00 6.162702691666524714e-16
4.144499999999999851e+00 6.111834233233849872e-16
4.145000000000000462e+00 6.061379594141722658e-16
4.145500000000000185e+00 6.011335458706365150e-16
4.145999999999999908e+00 5.961698537390715242e-16
4.146500000000000519e+00 5.912465566601869847e-16
4.147000000000000242e+00 5.863633308490201464e-16
4.147499999999999964e+00 5.815198550749191627e-16
4.147999999999999687e+00 5.767158106417350891e-16
4.148500000000000298e+00 5.719508813681649483e-16
4.149000000000000021e+00 5.672247535682666690e-16
4.149499999999999744e+00 5.625371160320194821e-16
4.150000000000000355e+00 5.578876600061529244e-16
4.150500000000000078e+00 5.532760791750938757e-16
4.150999999999999801e+00 5.487020696419825227e-16
4.151500000000000412e+00 5.441653299099178807e-16
4.152000000000000135e+00 5.396655608633372256e-16
4.152499999999999858e+00 5.352024657494832855e-16
4.153000000000000469e+00 5.307757501600563225e-16
4.153500000000000192e+00 5.263851220130353259e-16
4.153999999999999915e+00 5.220302915345442695e-16
4.154500000000000526e+00 5.177109712409360946e-16
4.155000000000000249e+00 5.134268759210233217e-16
4.155499999999999972e+00 5.091777226183567839e-16
4.155999999999999694e+00 5.049632306137275083e-16
4.156500000000000306e+00 5.007831214077479772e-16
4.157000000000000028e+00 4.966371187036411552e-16
4.157499999999999751e+00 4.925249483900298125e-16
4.158000000000000362e+00 4.884463385239848894e-16
4.158500000000000085e+00 4.844010193141608344e-16
4.158999999999999808e+00 4.803887231040113058e-16
4.159500000000000419e+00 4.764091843552061325e-16
4.160000000000000142e+00 4.724621396311507277e-16
4.160499999999999865e+00 4.685473275805968134e-16
4.161000000000000476e+00 4.646644889214177209e-16
4.161500000000000199e+00 4.608133664245155299e-16
4.161999999999999922e+00 4.569937048978064028e-16
4.162499999999999645e+00 4.532052511703541274e-16
4.163000000000000256e+00 4.494477540766487099e-16
4.163499999999999979e+00 4.457209644409715469e-16
4.163999999999999702e+00 4.420246350618752278e-16
4.164500000000000313e+00 4.383585206968137136e-16
4.165000000000000036e+00 4.347223780468863103e-16
4.165499999999999758e+00 4.311159657416522926e-16
4.166000000000000369e+00 4.275390443241119298e-16
4.166500000000000092e+00 4.239913762358134327e-16
4.166999999999999815e+00 4.204727258020020552e-16
4.167500000000000426e+00 4.169828592169464434e-16
4.168000000000000149e+00 4.135215445293826236e-16
4.168499999999999872e+00 4.100885516280137526e-16
4.169000000000000483e+00 4.066836522271535397e-16
4.169500000000000206e+00 4.033066198525176291e-16
4.169999999999999929e+00 3.999572298270361335e-16
4.170499999999999652e+00 3.966352592568603266e-16
4.171000000000000263e+00 3.933404870174203649e-16
4.171499999999999986e+00 3.900726937396338787e-16
4.171999999999999709e+00 3.868316617961718050e-16
4.172500000000000320e+00 3.836171752878638496e-16
4.173000000000000043e+00 3.804290200302157195e-16
4.173499999999999766e+00 3.772669835399893174e-16
4.174000000000000377e+00 3.741308550219159080e-16
4.174500000000000099e+00 3.710204253555324948e-16
4.174999999999999822e+00 3.679354870820525123e-16
4.175500000000000433e+00 3.648758343913962623e-16
4.176000000000000156e+00 3.618412631093151260e-16
4.176499999999999879e+00 3.588315706845755332e-16
4.177000000000000490e+00 3.558465561762860097e-16
4.177500000000000213e+00 3.528860202413029642e-16
4.177999999999999936e+00 3.499497651217210796e-16
4.178499999999999659e+00 3.470375946324796182e-16
4.179000000000000270e+00 3.441493141490571775e-16
4.179499999999999993e+00 3.412847305952701322e-16
4.179999999999999716e+00 3.384436524311383261e-16
4.180500000000000327e+00 3.356258896408589868e-16
4.181000000000000050e+00 3.328312537209040466e-16
4.181499999999999773e+00 3.300595576681493147e-16
4.182000000000000384e+00 3.273106159681357339e-16
4.182500000000000107e+00 3.245842445834274698e-16
4.182999999999999829e+00 3.218802609420132887e-16
4.183500000000000441e+00 3.191984839258482058e-16
4.184000000000000163e+00 3.165387338594671645e-16
4.184499999999999886e+00 3.139008324986631082e-16
4.185000000000000497e+00 3.112846030192783515e-16
4.185500000000000220e+00 3.086898700060876066e-16
4.185999999999999943e+00 3.061164594417344564e-16
4.186499999999999666e+00 3.035641986957829505e-16
4.187000000000000277e+00 3.010329165138350722e-16
4.187500000000000000e+00 2.985224430067631325e-16
4.187999999999999723e+00 2.960326096399704143e-16
4.188500000000000334e+00 2.935632492227792188e-16
4.189000000000000057e+00 2.911141958979064253e-16
4.189499999999999780e+00 2.886852851309685355e-16
4.190000000000000391e+00 2.862763537001211684e-16
4.190500000000000114e+00 2.838872396857645732e-16
4.190999999999999837e+00 2.815177824602992358e-16
4.191500000000000448e+00 2.791678226779937981e-16
4.192000000000000171e+00 2.768372022649366462e-16
4.192499999999999893e+00 2.745257644090269425e-16
4.193000000000000504e+00 2.722333535500655955e-16
4.193500000000000227e+00 2.699598153699452321e-16
4.193999999999999950e+00 2.677049967828697031e-16
4.194499999999999673e+00 2.654687459256762881e-16
4.195000000000000284e+00 2.632509121482326454e-16
4.195500000000000007e+00 2.610513460039185147e-16
4.195999999999999730e+00 2.588698992401311354e-16
4.196500000000000341e+00 2.567064247889310815e-16
4.197000000000000064e+00 2.545607767577187644e-16
4.197499999999999787e+00 2.524328104199859750e-16
4.198000000000000398e+00 2.503223822061475457e-16
4.198500000000000121e+00 2.482293496944614621e-16
4.198999999999999844e+00 2.461535716019645557e-16
4.199500000000000455e+00 2.440949077755435353e-16
4.200000000000000178e+00 2.420532191830358469e-16
4.200499999999999901e+00 2.400283679044006935e-16
4.201000000000000512e+00 2.380202171229759413e-16
4.201500000000000234e+00 2.360286311167932053e-16
4.201999999999999957e+00 2.340534752499498308e-16
4.202499999999999680e+00 2.320946159640711011e-16
4.203000000000000291e+00 2.301519207698085852e-16
4.203500000000000014e+00 2.282252582384439951e-16
4.203999999999999737e+00 2.263144979935135045e-16
4.204500000000000348e+00 2.244195107025251038e-16
4.205000000000000071e+00 2.225401680687444380e-16
4.205499999999999794e+00 2.206763428230124702e-16
4.206000000000000405e+00 2.188279087156617278e-16
4.206500000000000128e+00 2.169947405084836036e-16
4.206999999999999851e+00 2.151767139667425195e-16
4.207500000000000462e+00 2.133737058512693457e-16
4.208000000000000185e+00 2.115855939106202472e-16
4.208499999999999908e+00 2.098122568732735674e-16
4.209000000000000519e+00 2.080535744399057455e-16
4.209500000000000242e+00 2.063094272757310091e-16
4.209999999999999964e+00 2.045796970028785126e-16
4.210499999999999687e+00 2.028642661928493229e-16
4.211000000000000298e+00 2.011630183590187162e-16
4.211500000000000021e+00 1.994758379492180989e-16
4.211999999999999744e+00 1.978026103383359864e-16
4.212500000000000355e+00 1.961432218210135199e-16
4.213000000000000078e+00 1.944975596043864292e-16
4.213499999999999801e+00 1.928655118008639967e-16
4.214000000000000412e+00 1.912469674209864890e-16
4.214500000000000135e+00 1.896418163663430596e-16
4.214999999999999858e+00 1.880499494225108274e-16
4.215500000000000469e+00 1.864712582520841075e-16
4.216000000000000192e+00 1.849056353877481382e-16
4.216499999999999915e+00 1.833529742253866063e-16
4.217000000000000526e+00 1.818131690172710657e-16
4.217500000000000249e+00 1.802861148652932010e-16
4.217999999999999972e+00 1.787717077142386298e-16
4.218499999999999694e+00 1.772698443451231235e-16
4.219000000000000306e+00 1.757804223685821990e-16
4.219500000000000028e+00 1.743033402183178052e-16
4.219999999999999751e+00 1.728384971445699564e-16
4.220500000000000362e+00 1.713857932076656744e-16
4.221000000000000085e+00 1.699451292716149908e-16
4.221499999999999808e+00 1.685164069977399342e-16
4.222000000000000419e+00 1.670995288383666008e-16
4.222500000000000142e+00 1.656943980305756259e-16
4.222999999999999865e+00 1.643009185899716124e-16
4.223500000000000476e+00 1.629189953045260226e-16
4.224000000000000199e+00 1.615485337284713695e-16
4.224499999999999922e+00 1.601894401762149335e-16
4.224999999999999645e+00 1.588416217163268534e-16
4.225500000000000256e+00 1.575049861655642089e-16
4.225999999999999979e+00 1.561794420829487464e-16
4.226499999999999702e+00 1.548648987638715732e-16
4.227000000000000313e+00 1.535612662342673952e-16
4.227500000000000036e+00 1.522684552448259296e-16
4.227999999999999758e+00 1.509863772652380027e-16
4.228500000000000369e+00 1.497149444784981251e-16
4.229000000000000092e+00 1.484540697752548674e-16
4.229499999999999815e+00 1.472036667481902507e-16
4.230000000000000426e+00 1.459636496864493782e-16
4.230500000000000149e+00 1.447339335701335445e-16
4.230999999999999872e+00 1.435144340647944062e-16
4.231500000000000483e+00 1.423050675160084921e-16
4.232000000000000206e+00 1.411057509439868921e-16
4.232499999999999929e+00 1.399164020382023255e-16
4.232999999999999652e+00 1.387369391520909046e-16
4.233500000000000263e+00 1.375672812977759372e-16
4.233999999999999986e+00 1.364073481408436955e-16
4.234499999999999709e+00 1.352570599951434417e-16
4.235000000000000320e+00 1.341163378176439567e-16
4.235500000000000043e+00 1.329851032033334556e-16
4.235999999999999766e+00 1.318632783801359463e-16
4.236500000000000377e+00 1.307507862038917566e-16
4.237000000000000099e+00 1.296475501533706762e-16
4.237499999999999822e+00 1.285534943253109831e-16
4.238000000000000433e+00 1.274685434295123588e-16
4.238500000000000156e+00 1.263926227839695288e-16
4.238999999999999879e+00 1.253256583100266351e-16
4.239500000000000490e+00 1.242675765275799265e-16
4.240000000000000213e+00 1.232183045503281751e-16
4.240499999999999936e+00 1.221777700810382042e-16
4.240999999999999659e+00 1.211459014068642315e-16
4.241500000000000270e+00 1.201226273946962029e-16
4.241999999999999993e+00 1.191078774865525241e-16
4.242499999999999716e+00 1.181015816949958425e-16
4.243000000000000327e+00 1.171036705985935956e-16
4.243500000000000050e+00 1.161140753374218498e-16
4.243999999999999773e+00 1.151327276085784316e-16
4.244500000000000384e+00 1.141595596617618309e-16
4.245000000000000107e+00 1.131945042948666206e-16
4.245499999999999829e+00 1.122374948496141287e-16
4.246000000000000441e+00 1.112884652072217151e-16
4.246500000000000163e+00 1.103473497841126380e-16
4.246999999999999886e+00 1.094140835276400087e-16
4.247500000000000497e+00 1.084886019118609497e-16
4.248000000000000220e+00 1.075708409333458334e-16
4.248499999999999943e+00 1.066607371070011642e-16
4.248999999999999666e+00 1.057582274619475961e-16
4.249500000000000277e+00 1.048632495374111626e-16
4.250000000000000000e+00 1.039757413786700107e-16
4.250499999999999723e+00 1.030956415330015545e-16
4.251000000000000334e+00 1.022228890456890265e-16
4.251500000000000057e+00 1.013574234560495635e-16
4.251999999999999780e+00 1.004991847934877077e-16
4.252500000000000391e+00 9.964811357358363036e-17
4.253000000000000114e+00 9.880415079422542107e-17
4.253499999999999837e+00 9.796723793174339772e-17
4.254000000000000448e+00 9.713731693710038933e-17
4.254500000000000171e+00 9.631433023210657174e-17
4.254999999999999893e+00 9.549822070564771416e-17
4.255500000000000504e+00 9.468893170996371548e-17
4.256000000000000227e+00 9.388640705695132417e-17
4.256499999999999950e+00 9.309059101448314070e-17
4.256999999999999673e+00 9.230142830277126462e-17
4.257500000000000284e+00 9.151886409074978797e-17
4.258000000000000007e+00 9.074284399249652223e-17
4.258499999999999730e+00 8.997331406366501740e-17
4.259000000000000341e+00 8.921022079796173110e-17
4.259500000000000064e+00 8.845351112364614851e-17
4.259999999999999787e+00 8.770313240004957623e-17
4.260500000000000398e+00 8.695903241413159180e-17
4.261000000000000121e+00 8.622115937706518817e-17
4.261499999999999844e+00 8.548946192083706663e-17
4.262000000000000455e+00 8.476388909488166599e-17
4.262500000000000178e+00 8.404439036274864429e-17
4.262999999999999901e+00 8.333091559878226747e-17
4.263500000000000512e+00 8.262341508483362198e-17
4.264000000000000234e+00 8.192183950700917664e-17
4.264499999999999957e+00 8.122613995242146461e-17
4.264999999999999680e+00 8.053626790598821860e-17
4.265500000000000291e+00 7.985217524724278438e-17
4.266000000000000014e+00 7.917381424717871412e-17
4.266499999999999737e+00 7.850113756510961931e-17
4.267000000000000348e+00 7.783409824556004803e-17
4.267500000000000071e+00 7.717264971518525430e-17
4.267999999999999794e+00 7.651674577970127191e-17
4.268500000000000405e+00 7.586634062085101702e-17
4.269000000000000128e+00 7.522138879339562195e-17
4.269499999999999851e+00 7.458184522211670213e-17
4.270000000000000462e+00 7.394766519885354243e-17
4.270500000000000185e+00 7.331880437956504638e-17
4.270999999999999908e+00 7.269521878140235959e-17
4.271500000000000519e+00 7.207686477981562381e-17
4.272000000000000242e+00 7.146369910568492678e-17
4.272499999999999964e+00 7.085567884246113752e-17
4.272999999999999687e+00 7.025276142334403990e-17
4.273500000000000298e+00 6.965490462847026543e-17
4.274000000000000021e+00 6.906206658213869688e-17
4.274499999999999744e+00 6.847420575003704284e-17
4.275000000000000355e+00 6.789128093650865661e-17
4.275500000000000078e+00 6.731325128183425707e-17
4.275999999999999801e+00 6.674007625953114010e-17
4.276500000000000412e+00 6.617171567367875526e-17
4.277000000000000135e+00 6.560812965626690052e-17
4.277499999999999858e+00 6.504927866455775910e-17
4.278000000000000469e+00 6.449512347847453564e-17
4.278500000000000192e+00 6.394562519801192171e-17
4.278999999999999915e+00 6.340074524066026769e-17
4.279500000000000526e+00 6.286044533885508460e-17
4.280000000000000249e+00 6.232468753745076630e-17
4.280499999999999972e+00 6.179343419120040076e-17
4.280999999999999694e+00 6.126664796227285508e-17
4.281500000000000306e+00 6.074429181777458119e-17
4.282000000000000028e+00 6.022632902730440596e-17
4.282499999999999751e+00 5.971272316051349811e-17
4.283000000000000362e+00 5.920343808469622397e-17
4.283500000000000085e+00 5.869843796239700238e-17
4.283999999999999808e+00 5.819768724902992920e-17
4.284500000000000419e+00 5.770115069052585175e-17
4.285000000000000142e+00 5.720879332099573817e-17
4.285499999999999865e+00 5.672058046040618783e-17
4.286000000000000476e+00 5.623647771228221905e-17
4.286500000000000199e+00 5.575645096142542734e-17
4.286999999999999922e+00 5.528046637164453729e-17
4.287500000000000533e+00 5.480849038351215339e-17
4.288000000000000256e+00 5.434048971213649294e-17
4.288499999999999979e+00 5.387643134494725686e-17
4.288999999999999702e+00 5.341628253950188152e-17
4.289500000000000313e+00 5.296001082131176465e-17
4.290000000000000036e+00 5.250758398168187736e-17
4.290499999999999758e+00 5.205897007556721336e-17
4.291000000000000369e+00 5.161413741944812765e-17
4.291500000000000092e+00 5.117305458922573579e-17
4.291999999999999815e+00 5.073569041812493052e-17
4.292500000000000426e+00 5.030201399462163747e-17
4.293000000000000149e+00 4.987199466038763521e-17
4.293499999999999872e+00 4.944560200824300519e-17
4.294000000000000483e+00 4.902280588013240767e-17
4.294500000000000206e+00 4.860357636511839218e-17
4.294999999999999929e+00 4.818788379738188159e-17
4.295499999999999652e+00 4.777569875424835587e-17
4.296000000000000263e+00 4.736699205422305228e-17
4.296499999999999986e+00 4.696173475504724286e-17
4.296999999999999709e+00 4.655989815176260403e-17
4.297500000000000320e+00 4.616145377479791452e-17
4.298000000000000043e+00 4.576637338807061849e-17
4.298499999999999766e+00 4.537462898709524801e-17
4.299000000000000377e+00 4.498619279711709526e-17
4.299500000000000099e+00 4.460103727125668842e-17
4.299999999999999822e+00 4.421913508866616826e-17
4.300500000000000433e+00 4.384045915270394411e-17
4.301000000000000156e+00 4.346498258912459093e-17
4.301499999999999879e+00 4.309267874427866251e-17
4.302000000000000490e+00 4.272352118333008156e-17
4.302500000000000213e+00 4.235748368849028690e-17
4.302999999999999936e+00 4.199454025725865453e-17
4.303499999999999659e+00 4.163466510068432894e-17
4.304000000000000270e+00 4.127783264163765628e-17
4.304499999999999993e+00 4.092401751310003253e-17
4.304999999999999716e+00 4.057319455645947710e-17
4.305500000000000327e+00 4.022533881982742548e-17
4.306000000000000050e+00 3.988042555636678787e-17
4.306499999999999773e+00 3.953843022262905507e-17
4.307000000000000384e+00 3.919932847691069441e-17
4.307500000000000107e+00 3.886309617762081785e-17
4.307999999999999829e+00 3.852970938165774321e-17
4.308500000000000441e+00 3.819914434280432781e-17
4.309000000000000163e+00 3.787137751013434005e-17
4.309499999999999886e+00 3.754638552642755151e-17
4.310000000000000497e+00 3.722414522660308393e-17
4.310500000000000220e+00 3.690463363616336251e-17
4.310999999999999943e+00 3.658782796964808416e-17
4.311499999999999666e+00 3.627370562910266254e-17
4.312000000000000277e+00 3.596224420255911613e-17
4.312500000000000000e+00 3.565342146253035464e-17
4.312999999999999723e+00 3.534721536451107831e-17
4.313500000000000334e+00 3.504360404549578555e-17
4.314000000000000057e+00 3.474256582250932231e-17
4.314499999999999780e+00 3.444407919114308907e-17
4.315000000000000391e+00 3.414812282410831920e-17
4.315500000000000114e+00 3.385467556980143067e-17
4.315999999999999837e+00 3.356371645087509693e-17
4.316500000000000448e+00 3.327522466282582846e-17
4.317000000000000171e+00 3.298917957259346733e-17
4.317499999999999893e+00 3.270556071716596342e-17
4.318000000000000504e+00 3.242434780220167199e-17
4.318500000000000227e+00 3.214552070065961999e-17
4.318999999999999950e+00 3.186905945144087802e-17
4.319499999999999673e+00 3.159494425804045869e-17
4.320000000000000284e+00 3.132315548721144846e-17
4.320500000000000007e+00 3.105367366763969668e-17
4.320999999999999730e+00 3.078647948862655344e-17
4.321500000000000341e+00 3.052155379878464217e-17
4.322000000000000064e+00 3.025887760474468855e-17
4.322499999999999787e+00 2.999843206986941225e-17
4.323000000000000398e+00 2.974019851298034858e-17
4.323500000000000121e+00 2.948415840709544298e-17
4.323999999999999844e+00 2.923029337817356658e-17
4.324500000000000455e+00 2.897858520387164119e-17
4.325000000000000178e+00 2.872901581231230300e-17
4.325499999999999901e+00 2.848156728085831469e-17
4.326000000000000512e+00 2.823622183489911864e-17
4.326500000000000234e+00 2.799296184664860058e-17
4.326999999999999957e+00 2.775176983394757718e-17
4.327499999999999680e+00 2.751262845908056942e-17
4.328000000000000291e+00 2.727552052759934591e-17
4.328500000000000014e+00 2.704042898715899874e-17
4.328999999999999737e+00 2.680733692635804984e-17
4.329500000000000348e+00 2.657622757359297565e-17
4.330000000000000071e+00 2.634708429592044781e-17
4.330499999999999794e+00 2.611989059792592484e-17
4.331000000000000405e+00 2.589463012060525688e-17
4.331500000000000128e+00 2.567128664025391721e-17
4.331999999999999851e+00 2.544984406736348129e-17
4.332500000000000462e+00 2.523028644552791125e-17
4.333000000000000185e+00 2.501259795036201829e-17
4.333499999999999908e+00 2.479676288842140122e-17
4.334000000000000519e+00 2.458276569613768753e-17
4.334500000000000242e+00 2.437059093875999003e-17
4.334999999999999964e+00 2.416022330930343218e-17
4.335499999999999687e+00 2.395164762750737722e-17
4.336000000000000298e+00 2.374484883880321290e-17
4.336500000000000021e+00 2.353981201328867206e-17
4.336999999999999744e+00 2.333652234471025445e-17
4.337500000000000355e+00 2.313496514945467116e-17
4.338000000000000078e+00 2.293512586554986010e-17
4.338499999999999801e+00 2.273699005166971166e-17
4.339000000000000412e+00 2.254054338615127437e-17
4.339500000000000135e+00 2.234577166601784615e-17
4.339999999999999858e+00 2.215266080600914690e-17
4.340500000000000469e+00 2.196119683762103133e-17
4.341000000000000192e+00 2.177136590815272373e-17
4.341499999999999915e+00 2.158315427975941756e-17
4.342000000000000526e+00 2.139654832851496081e-17
4.342500000000000249e+00 2.121153454348266412e-17
4.342999999999999972e+00 2.102809952578977899e-17
4.343499999999999694e+00 2.084622998771367634e-17
4.344000000000000306e+00 2.066591275177250871e-17
4.344500000000000028e+00 2.048713474982541268e-17
4.344999999999999751e+00 2.030988302217743218e-17
4.345500000000000362e+00 2.013414471669345203e-17
4.346000000000000085e+00 1.995990708791963493e-17
4.346499999999999808e+00 1.978715749620979808e-17
4.347000000000000419e+00 1.961588340686054734e-17
4.347500000000000142e+00 1.944607238925377930e-17
4.347999999999999865e+00 1.927771211600396576e-17
4.348500000000000476e+00 1.911079036211391235e-17
4.349000000000000199e+00 1.894529500413830707e-17
4.349499999999999922e+00 1.878121401935066784e-17
4.350000000000000533e+00 1.861853548491998121e-17
4.350500000000000256e+00 1.845724757709365816e-17
4.350999999999999979e+00 1.829733857038511834e-17
4.351499999999999702e+00 1.813879683677041223e-17
4.352000000000000313e+00 1.798161084488884316e-17
4.352500000000000036e+00 1.782576915925325280e-17
4.352999999999999758e+00 1.767126043946259933e-17
4.353500000000000369e+00 1.751807343942427306e-17
4.354000000000000092e+00 1.736619700658173386e-17
4.354499999999999815e+00 1.721562008114717749e-17
4.355000000000000426e+00 1.706633169534111069e-17
4.355500000000000149e+00 1.691832097264028938e-17
4.355999999999999872e+00 1.677157712702691722e-17
4.356500000000000483e+00 1.662608946224838595e-17
4.357000000000000206e+00 1.648184737108147461e-17
4.357499999999999929e+00 1.633884033460091522e-17
4.357999999999999652e+00 1.619705792145651275e-17
4.358500000000000263e+00 1.605648978715391963e-17
4.358999999999999986e+00 1.591712567334349307e-17
4.359499999999999709e+00 1.577895540711182402e-17
4.360000000000000320e+00 1.564196890028140122e-17
4.360500000000000043e+00 1.550615614871621334e-17
4.360999999999999766e+00 1.537150723163030315e-17
4.361500000000000377e+00 1.523801231090428729e-17
4.362000000000000099e+00 1.510566163040763853e-17
4.362499999999999822e+00 1.497444551532378444e-17
4.363000000000000433e+00 1.484435437148346135e-17
4.363500000000000156e+00 1.471537868470268133e-17
4.363999999999999879e+00 1.458750902012459726e-17
4.364500000000000490e+00 1.446073602156837213e-17
4.365000000000000213e+00 1.433505041088370587e-17
4.365499999999999936e+00 1.421044298730801236e-17
4.365999999999999659e+00 1.408690462683167916e-17
4.366500000000000270e+00 1.396442628156651959e-17
4.366999999999999993e+00 1.384299897912085628e-17
4.367499999999999716e+00 1.372261382197802817e-17
4.368000000000000327e+00 1.360326198688059365e-17
4.368500000000000050e+00 1.348493472422121292e-17
4.368999999999999773e+00 1.336762335743509095e-17
4.369500000000000384e+00 1.325131928239995332e-17
4.370000000000000107e+00 1.313601396684056865e-17
4.370499999999999829e+00 1.302169894973678403e-17
4.371000000000000441e+00 1.290836584073748761e-17
4.371500000000000163e+00 1.279600631957957868e-17
4.371999999999999886e+00 1.268461213551027806e-17
4.372500000000000497e+00 1.257417510671512991e-17
4.373000000000000220e+00 1.246468711975134241e-17
4.373499999999999943e+00 1.235614012898349174e-17
4.373999999999999666e+00 1.224852615602585753e-17
4.374500000000000277e+00 1.214183728918847304e-17
4.375000000000000000e+00 1.203606568292818583e-17
4.375499999999999723e+00 1.193120355730271050e-17
4.376000000000000334e+00 1.182724319743091229e-17
4.376500000000000057e+00 1.172417695295694710e-17
4.376999999999999780e+00 1.162199723751750459e-17
4.377500000000000391e+00 1.152069652821510638e-17
4.378000000000000114e+00 1.142026736509519762e-17
4.378499999999999837e+00 1.132070235062624141e-17
4.379000000000000448e+00 1.122199414918575741e-17
4.379500000000000171e+00 1.112413548654995816e-17
4.379999999999999893e+00 1.102711914938671328e-17
4.380500000000000504e+00 1.093093798475354283e-17
4.381000000000000227e+00 1.083558489959989838e-17
4.381499999999999950e+00 1.074105286027237932e-17
4.381999999999999673e+00 1.064733489202463607e-17
4.382500000000000284e+00 1.055442407853175070e-17
4.383000000000000007e+00 1.046231356140781149e-17
4.383499999999999730e+00 1.037099653972727006e-17
4.384000000000000341e+00 1.028046626955093610e-17
4.384500000000000064e+00 1.019071606345572230e-17
4.384999999999999787e+00 1.010173929006715485e-17
4.385500000000000398e+00 1.001352937359682678e-17
4.386000000000000121e+00 9.926079793383894054e-18
4.386499999999999844e+00 9.839384083438596327e-18
4.387000000000000455e+00 9.753435831990996121e-18
4.387500000000000178e+00 9.668228681043557580e-18
4.387999999999999901e+00 9.583756325925663461e-18
4.388500000000000512e+00 9.500012514853533984e-18
4.389000000000000234e+00 9.416991048493262596e-18
4.389499999999999957e+00 9.334685779526361615e-18
4.389999999999999680e+00 9.253090612220433929e-18
4.390500000000000291e+00 9.172199502002108041e-18
4.391000000000000014e+00 9.092006455034452067e-18
4.391499999999999737e+00 9.012505527796720409e-18
4.392000000000000348e+00 8.933690826668295883e-18
4.392500000000000071e+00 8.855556507516217154e-18
4.392999999999999794e+00 8.778096775285115896e-18
4.393500000000000405e+00 8.701305883591181452e-18
4.394000000000000128e+00 8.625178134320002016e-18
4.394499999999999851e+00 8.549707877225753954e-18
4.395000000000000462e+00 8.474889509535962464e-18
4.395500000000000185e+00 8.400717475558097259e-18
4.395999999999999908e+00 8.327186266289468520e-18
4.396500000000000519e+00 8.254290419030609561e-18
4.397000000000000242e+00 8.182024517002314129e-18
4.397499999999999964e+00 8.110383188964354663e-18
4.397999999999999687e+00 8.039361108838650219e-18
4.398500000000000298e+00 7.968952995334975080e-18
4.399000000000000021e+00 7.899153611580077035e-18
4.399499999999999744e+00 7.829957764748852551e-18
4.400000000000000355e+00 7.761360305699718926e-18
4.400500000000000078e+00 7.693356128612622670e-18
4.400999999999999801e+00 7.625940170629172548e-18
4.401500000000000412e+00 7.559107411496877190e-18
4.402000000000000135e+00 7.492852873215891014e-18
4.402499999999999858e+00 7.427171619688112874e-18
4.403000000000000469e+00 7.362058756369739054e-18
4.403500000000000192e+00 7.297509429926816087e-18
4.403999999999999915e+00 7.233518827892868963e-18
4.404500000000000526e+00 7.170082178329647798e-18
4.405000000000000249e+00 7.107194749491609266e-18
4.405499999999999972e+00 7.044851849491119098e-18
4.405999999999999694e+00 6.983048825968298394e-18
4.406500000000000306e+00 6.921781065762631757e-18
4.407000000000000028e+00 6.861043994587540609e-18
4.407499999999999751e+00 6.800833076707237561e-18
4.408000000000000362e+00 6.741143814616761660e-18
4.408500000000000085e+00 6.681971748724572807e-18
4.408999999999999808e+00 6.623312457037028969e-18
4.409500000000000419e+00 6.565161554846214499e-18
4.410000000000000142e+00 6.507514694420497124e-18
4.410499999999999865e+00 6.450367564696455422e-18
4.411000000000000476e+00 6.393715890974544139e-18
4.411500000000000199e+00 6.337555434616904998e-18
4.411999999999999922e+00 6.281881992746992501e-18
4.412500000000000533e+00 6.226691397952599382e-18
4.413000000000000256e+00 6.171979517991037567e-18
4.413499999999999979e+00 6.117742255496080193e-18
4.413999999999999702e+00 6.063975547688317157e-18
4.414500000000000313e+00 6.010675366087086069e-18
4.415000000000000036e+00 5.957837716225423832e-18
4.415499999999999758e+00 5.905458637366622146e-18
4.416000000000000369e+00 5.853534202223614886e-18
4.416500000000000092e+00 5.802060516680796785e-18
4.416999999999999815e+00 5.751033719517489166e-18
4.417500000000000426e+00 5.700449982134137419e-18
4.418000000000000149e+00 5.650305508281077658e-18
4.418499999999999872e+00 5.600596533788505171e-18
4.419000000000000483e+00 5.551319326299519728e-18
4.419500000000000206e+00 5.502470185005505885e-18
4.419999999999999929e+00 5.454045440382505536e-18
4.420499999999999652e+00 5.406041453931282076e-18
4.421000000000000263e+00 5.358454617918193464e-18
4.421499999999999986e+00 5.311281355119357081e-18
4.421999999999999709e+00 5.264518118565863836e-18
4.422500000000000320e+00 5.218161391291529102e-18
4.423000000000000043e+00 5.172207686083367699e-18
4.423499999999999766e+00 5.126653545232632776e-18
4.424000000000000377e+00 5.081495540289282857e-18
4.424500000000000099e+00 5.036730271818003495e-18
4.424999999999999822e+00 4.992354369155737311e-18
4.425500000000000433e+00 4.948364490171930373e-18
4.426000000000000156e+00 4.904757321030701414e-18
4.426499999999999879e+00 4.861529575954086496e-18
4.427000000000000490e+00 4.818677996988324329e-18
4.427500000000000213e+00 4.776199353771636111e-18
4.427999999999999936e+00 4.734090443303606975e-18
4.428499999999999659e+00 4.692348089716910134e-18
4.429000000000000270e+00 4.650969144050607209e-18
4.429499999999999993e+00 4.609950484025805890e-18
4.429999999999999716e+00 4.569289013822306766e-18
4.430500000000000327e+00 4.528981663857782354e-18
4.431000000000000050e+00 4.489025390568863579e-18
4.431499999999999773e+00 4.449417176193218489e-18
4.432000000000000384e+00 4.410154028554274117e-18
4.432500000000000107e+00 4.371232980847464448e-18
4.432999999999999829e+00 4.332651091427810365e-18
4.433500000000000441e+00 4.294405443599759088e-18
4.434000000000000163e+00 4.256493145408853252e-18
4.434499999999999886e+00 4.218911329434364490e-18
4.435000000000000497e+00 4.181657152584428412e-18
4.435500000000000220e+00 4.144727795892645602e-18
4.435999999999999943e+00 4.108120464315916753e-18
4.436499999999999666e+00 4.071832386534626665e-18
4.437000000000000277e+00 4.035860814753943741e-18
4.437500000000000000e+00 4.000203024507192555e-18
4.437999999999999723e+00 3.964856314460355783e-18
4.438500000000000334e+00 3.929818006218515165e-18
4.439000000000000057e+00 3.895085444134122096e-18
4.439499999999999780e+00 3.860655995116023952e-18
4.440000000000000391e+00 3.826527048440925566e-18
4.440500000000000114e+00 3.792696015566208095e-18
4.440999999999999837e+00 3.759160329943770175e-18
4.441500000000000448e+00 3.725917446835961398e-18
4.442000000000000171e+00 3.692964843133098144e-18
4.442499999999999893e+00 3.660300017171857631e-18
4.443000000000000504e+00 3.627920488555720380e-18
4.443500000000000227e+00 3.595823797976978089e-18
4.443999999999999950e+00 3.564007507039581194e-18
4.444499999999999673e+00 3.532469198084047966e-18
4.445000000000000284e+00 3.501206474013589237e-18
4.445500000000000007e+00 3.470216958121814709e-18
4.445999999999999730e+00 3.439498293921443057e-18
4.446500000000000341e+00 3.409048144974948361e-18
4.447000000000000064e+00 3.378864194726453384e-18
4.447499999999999787e+00 3.348944146334650911e-18
4.448000000000000398e+00 3.319285722507590934e-18
4.448500000000000121e+00 3.289886665338801343e-18
4.448999999999999844e+00 3.260744736144177453e-18
4.449500000000000455e+00 3.231857715300949613e-18
4.450000000000000178e+00 3.203223402087698512e-18
4.450499999999999901e+00 3.174839614525484833e-18
4.451000000000000512e+00 3.146704189220552778e-18
4.451500000000000234e+00 3.118814981208395612e-18
4.451999999999999957e+00 3.091169863798772992e-18
4.452499999999999680e+00 3.063766728422331454e-18
4.453000000000000291e+00 3.036603484478286846e-18
4.453500000000000014e+00 3.009678059183699897e-18
4.453999999999999737e+00 2.982988397423411223e-18
4.454500000000000348e+00 2.956532461601802497e-18
4.455000000000000071e+00 2.930308231495505952e-18
4.455499999999999794e+00 2.904313704107353792e-18
4.456000000000000405e+00 2.878546893521458128e-18
4.456500000000000128e+00 2.853005830759877878e-18
4.456999999999999851e+00 2.827688563639843034e-18
4.457500000000000462e+00 2.802593156632708412e-18
4.458000000000000185e+00 2.777717690723935845e-18
4.458499999999999908e+00 2.753060263273932653e-18
4.459000000000000519e+00 2.728618987880470908e-18
4.459500000000000242e+00 2.704391994242113967e-18
4.459999999999999964e+00 2.680377428022496571e-18
4.460499999999999687e+00 2.656573450716165721e-18
4.461000000000000298e+00 2.632978239515197321e-18
4.461500000000000021e+00 2.609589987177192937e-18
4.461999999999999744e+00 2.586406901894062339e-18
4.462500000000000355e+00 2.563427207162094103e-18
4.463000000000000078e+00 2.540649141653254958e-18
4.463499999999999801e+00 2.518070959087093876e-18
4.464000000000000412e+00 2.495690928104097922e-18
4.464500000000000135e+00 2.473507332140167079e-18
4.464999999999999858e+00 2.451518469301593655e-18
4.465500000000000469e+00 2.429722652241740758e-18
4.466000000000000192e+00 2.408118208038354391e-18
4.466499999999999915e+00 2.386703478071891289e-18
4.467000000000000526e+00 2.365476817905056237e-18
4.467500000000000249e+00 2.344436597163228400e-18
4.467999999999999972e+00 2.323581199415783977e-18
4.468499999999999694e+00 2.302909022058638741e-18
4.469000000000000306e+00 2.282418476197454259e-18
4.469500000000000028e+00 2.262107986532301646e-18
4.469999999999999751e+00 2.241975991242601117e-18
4.470500000000000362e+00 2.222020941873624632e-18
4.471000000000000085e+00 2.202241303223721132e-18
4.471499999999999808e+00 2.182635553232359929e-18
4.472000000000000419e+00 2.163202182869183653e-18
4.472500000000000142e+00 2.143939696024278783e-18
4.472999999999999865e+00 2.124846609398737757e-18
4.473500000000000476e+00 2.105921452396692112e-18
4.474000000000000199e+00 2.087162767018126005e-18
4.474499999999999922e+00 2.068569107752228232e-18
4.475000000000000533e+00 2.050139041472079676e-18
4.475500000000000256e+00 2.031871147330109602e-18
4.475999999999999979e+00 2.013764016654143577e-18
4.476499999999999702e+00 1.995816252844657043e-18
4.477000000000000313e+00 1.978026471272677529e-18
4.477500000000000036e+00 1.960393299178767313e-18
4.477999999999999758e+00 1.942915375572476403e-18
4.478500000000000369e+00 1.925591351132936811e-18
4.479000000000000092e+00 1.908419888110300013e-18
4.479499999999999815e+00 1.891399660227742164e-18
4.480000000000000426e+00 1.874529352584438444e-18
4.480500000000000149e+00 1.857807661559510382e-18
4.480999999999999872e+00 1.841233294716386103e-18
4.481500000000000483e+00 1.824804970708305346e-18
4.482000000000000206e+00 1.808521419184513194e-18
4.482499999999999929e+00 1.792381380697114394e-18
4.482999999999999652e+00 1.776383606608810919e-18
4.483500000000000263e+00 1.760526859001424528e-18
4.483999999999999986e+00 1.744809910585250566e-18
4.484499999999999709e+00 1.729231544608846630e-18
4.485000000000000320e+00 1.713790554769948876e-18
4.485500000000000043e+00 1.698485745127041212e-18
4.485999999999999766e+00 1.683315930011431394e-18
4.486500000000000377e+00 1.668279933940306847e-18
4.487000000000000099e+00 1.653376591530548333e-18
4.487499999999999822e+00 1.638604747412976577e-18
4.488000000000000433e+00 1.623963256147568977e-18
4.488500000000000156e+00 1.609450982139424731e-18
4.488999999999999879e+00 1.595066799555086264e-18
4.489500000000000490e+00 1.580809592239976344e-18
4.490000000000000213e+00 1.566678253636324771e-18
4.490499999999999936e+00 1.552671686701685361e-18
4.490999999999999659e+00 1.538788803828321719e-18
4.491500000000000270e+00 1.525028526763178495e-18
4.491999999999999993e+00 1.511389786528585840e-18
4.492499999999999716e+00 1.497871523343443420e-18
4.493000000000000327e+00 1.484472686545290164e-18
4.493500000000000050e+00 1.471192234512950058e-18
4.493999999999999773e+00 1.458029134589718933e-18
4.494500000000000384e+00 1.444982363007308530e-18
4.495000000000000107e+00 1.432050904810460976e-18
4.495499999999999829e+00 1.419233753782043981e-18
4.496000000000000441e+00 1.406529912368842056e-18
4.496500000000000163e+00 1.393938391608153548e-18
4.496999999999999886e+00 1.381458211054603570e-18
4.497500000000000497e+00 1.369088398707930674e-18
4.498000000000000220e+00 1.356827990941293153e-18
4.498499999999999943e+00 1.344676032429994030e-18
4.498999999999999666e+00 1.332631576081025530e-18
4.499500000000000277e+00 1.320693682963068274e-18
4.500000000000000000e+00 1.308861422237228669e-18
4.500499999999999723e+00 1.297133871088111035e-18
4.501000000000000334e+00 1.285510114655666260e-18
4.501500000000000057e+00 1.273989245967627098e-18
4.501999999999999780e+00 1.262570365872334622e-18
4.502500000000000391e+00 1.251252582972231429e-18
4.503000000000000114e+00 1.240035013558027197e-18
4.503499999999999837e+00 1.228916781543146382e-18
4.504000000000000448e+00 1.217897018398969789e-18
4.504500000000000171e+00 1.206974863090550493e-18
4.504999999999999893e+00 1.196149462012745963e-18
4.505500000000000504e+00 1.185419968927061421e-18
4.506000000000000227e+00 1.174785544898965835e-18
4.506499999999999950e+00 1.164245358235656259e-18
4.506999999999999673e+00 1.153798584424412284e-18
4.507500000000000284e+00 1.143444406071477999e-18
4.508000000000000007e+00 1.133182012841492845e-18
4.508499999999999730e+00 1.123010601397264698e-18
4.509000000000000341e+00 1.112929375340207989e-18
4.509500000000000064e+00 1.102937545151313752e-18
4.509999999999999787e+00 1.093034328132378529e-18
4.510500000000000398e+00 1.083218948348016734e-18
4.511000000000000121e+00 1.073490636567989262e-18
4.511499999999999844e+00 1.063848630210022818e-18
4.512000000000000455e+00 1.054292173283150795e-18
4.512500000000000178e+00 1.044820516331595908e-18
4.512999999999999901e+00 1.035432916378929209e-18
4.513500000000000512e+00 1.026128636872893922e-18
4.514000000000000234e+00 1.016906947630639509e-18
4.514499999999999957e+00 1.007767124784313959e-18
4.514999999999999680e+00 9.987084507272457895e-19
4.515500000000000291e+00 9.897302140605193296e-19
4.516000000000000014e+00 9.808317095400413069e-19
4.516499999999999737e+00 9.720122380239358032e-19
4.517000000000000348e+00 9.632711064205183390e-19
4.517500000000000071e+00 9.546076276367025212e-19
4.517999999999999794e+00 9.460211205266682323e-19
4.518500000000000405e+00 9.375109098411734654e-19
4.519000000000000128e+00 9.290763261772126342e-19
4.519499999999999851e+00 9.207167059280350314e-19
4.520000000000000462e+00 9.124313912336547848e-19
4.520500000000000185e+00 9.042197299318338216e-19
4.520999999999999908e+00 8.960810755092813076e-19
4.521500000000000519e+00 8.880147870534695760e-19
4.522000000000000242e+00 8.800202292048092424e-19
4.522499999999999964e+00 8.720967721090760392e-19
4.522999999999999687e+00 8.642437913704735914e-19
4.523500000000000298e+00 8.564606680048801193e-19
4.524000000000000021e+00 8.487467883936820678e-19
4.524499999999999744e+00 8.411015442377923369e-19
4.525000000000000355e+00 8.335243325122226973e-19
4.525500000000000078e+00 8.260145554209951711e-19
4.525999999999999801e+00 8.185716203523503897e-19
4.526500000000000412e+00 8.111949398344237609e-19
4.527000000000000135e+00 8.038839314913457252e-19
4.527499999999999858e+00 7.966380179995160204e-19
4.528000000000000469e+00 7.894566270444212503e-19
4.528500000000000192e+00 7.823391912778302256e-19
4.528999999999999915e+00 7.752851482751608080e-19
4.529500000000000526e+00 7.682939404934082592e-19
4.530000000000000249e+00 7.613650152293605541e-19
4.530499999999999972e+00 7.544978245780899682e-19
4.530999999999999694e+00 7.476918253919220067e-19
4.531500000000000306e+00 7.409464792396458453e-19
4.532000000000000028e+00 7.342612523661768831e-19
4.532499999999999751e+00 7.276356156524171849e-19
4.533000000000000362e+00 7.210690445755661093e-19
4.533500000000000085e+00 7.145610191697797231e-19
4.533999999999999808e+00 7.081110239870401417e-19
4.534500000000000419e+00 7.017185480584633077e-19
4.535000000000000142e+00 6.953830848559471778e-19
4.535499999999999865e+00 6.891041322540250204e-19
4.536000000000000476e+00 6.828811924921457893e-19
4.536500000000000199e+00 6.767137721372868157e-19
4.536999999999999922e+00 6.706013820467656422e-19
4.537500000000000533e+00 6.645435373314700713e-19
4.538000000000000256e+00 6.585397573194103270e-19
4.538499999999999979e+00 6.525895655194622677e-19
4.538999999999999702e+00 6.466924895855549115e-19
4.539500000000000313e+00 6.408480612810424660e-19
4.540000000000000036e+00 6.350558164435216319e-19
4.540499999999999758e+00 6.293152949497546416e-19
4.541000000000000369e+00 6.236260406810527865e-19
4.541500000000000092e+00 6.179876014889202347e-19
4.541999999999999815e+00 6.123995291608824482e-19
4.542500000000000426e+00 6.068613793867375346e-19
4.543000000000000149e+00 6.013727117250651925e-19
4.543499999999999872e+00 5.959330895699153453e-19
4.544000000000000483e+00 5.905420801179104655e-19
4.544500000000000206e+00 5.851992543355924914e-19
4.544999999999999929e+00 5.799041869269696557e-19
4.545499999999999652e+00 5.746564563014333820e-19
4.546000000000000263e+00 5.694556445418886695e-19
4.546499999999999986e+00 5.643013373732200721e-19
4.546999999999999709e+00 5.591931241309160848e-19
4.547500000000000320e+00 5.541305977300636932e-19
4.548000000000000043e+00 5.491133546345773104e-19
4.548499999999999766e+00 5.441409948266343639e-19
4.549000000000000377e+00 5.392131217764282777e-19
4.549500000000000099e+00 5.343293424122130393e-19
4.549999999999999822e+00 5.294892670904698706e-19
4.550500000000000433e+00 5.246925095664441591e-19
4.551000000000000156e+00 5.199386869649406561e-19
4.551499999999999879e+00 5.152274197512410684e-19
4.552000000000000490e+00 5.105583317024009605e-19
4.552500000000000213e+00 5.059310498787476293e-19
4.552999999999999936e+00 5.013452045955666222e-19
4.553499999999999659e+00 4.968004293951141236e-19
4.554000000000000270e+00 4.922963610187971854e-19
4.554499999999999993e+00 4.878326393796623957e-19
4.554999999999999716e+00 4.834089075350214809e-19
4.555500000000000327e+00 4.790248116593850567e-19
4.556000000000000050e+00 4.746800010176381793e-19
4.556499999999999773e+00 4.703741279383417566e-19
4.557000000000000384e+00 4.661068477873866934e-19
4.557500000000000107e+00 4.618778189417973916e-19
4.557999999999999829e+00 4.576867027637579858e-19
4.558500000000000441e+00 4.535331635748928964e-19
4.559000000000000163e+00 4.494168686307618358e-19
4.559499999999999886e+00 4.453374880955239111e-19
4.560000000000000497e+00 4.412946950168682757e-19
4.560500000000000220e+00 4.372881653011705957e-19
4.560999999999999943e+00 4.333175776887850058e-19
4.561499999999999666e+00 4.293826137296185512e-19
4.562000000000000277e+00 4.254829577588823811e-19
4.562500000000000000e+00 4.216182968730824319e-19
4.562999999999999723e+00 4.177883209061327447e-19
4.563500000000000334e+00 4.139927224057660965e-19
4.564000000000000057e+00 4.102311966101084820e-19
4.564499999999999780e+00 4.065034414244269753e-19
4.565000000000000391e+00 4.028091573981079345e-19
4.565500000000000114e+00 3.991480477018394017e-19
4.565999999999999837e+00 3.955198181049453632e-19
4.566500000000000448e+00 3.919241769529467881e-19
4.567000000000000171e+00 3.883608351453222892e-19
4.567499999999999893e+00 3.848295061134163581e-19
4.568000000000000504e+00 3.813299057985667238e-19
4.568500000000000227e+00 3.778617526304392773e-19
4.568999999999999950e+00 3.744247675054799976e-19
4.569499999999999673e+00 3.710186737656155623e-19
4.570000000000000284e+00 3.676431971770979221e-19
4.570500000000000007e+00 3.642980659095711760e-19
4.570999999999999730e+00 3.609830105152465866e-19
4.571500000000000341e+00 3.576977639083226707e-19
4.572000000000000064e+00 3.544420613445626866e-19
4.572499999999999787e+00 3.512156404010080912e-19
4.573000000000000398e+00 3.480182409559182468e-19
4.573500000000000121e+00 3.448496051688662238e-19
4.573999999999999844e+00 3.417094774609667706e-19
4.574500000000000455e+00 3.385976044953256689e-19
4.575000000000000178e+00 3.355137351576379158e-19
4.575499999999999901e+00 3.324576205369300611e-19
4.576000000000000512e+00 3.294290139064792974e-19
4.576500000000000234e+00 3.264276707049402130e-19
4.576999999999999957e+00 3.234533485175384713e-19
4.577499999999999680e+00 3.205058070575165464e-19
4.578000000000000291e+00 3.175848081476798953e-19
4.578500000000000014e+00 3.146901157021486274e-19
4.578999999999999737e+00 3.118214957082038815e-19
4.579500000000000348e+00 3.089787162083373404e-19
4.580000000000000071e+00 3.061615472824595376e-19
4.580499999999999794e+00 3.033697610302081211e-19
4.581000000000000405e+00 3.006031315534531866e-19
4.581500000000000128e+00 2.978614349389583235e-19
4.581999999999999851e+00 2.951444492411385339e-19
4.582500000000000462e+00 2.924519544650107936e-19
4.583000000000000185e+00 2.897837325492957020e-19
4.583499999999999908e+00 2.871395673496122024e-19
4.584000000000000519e+00 2.845192446218699515e-19
4.584500000000000242e+00 2.819225520057888474e-19
4.584999999999999964e+00 2.793492790085313218e-19
4.585499999999999687e+00 2.767992169885114321e-19
4.586000000000000298e+00 2.742721591393242758e-19
4.586500000000000021e+00 2.717679004738339093e-19
4.586999999999999744e+00 2.692862378083458629e-19
4.587500000000000355e+00 2.668269697469748011e-19
4.588000000000000078e+00 2.643898966661227305e-19
4.588499999999999801e+00 2.619748206990730533e-19
4.589000000000000412e+00 2.595815457207360461e-19
4.589500000000000135e+00 2.572098773325409992e-19
4.589999999999999858e+00 2.548596228474025516e-19
4.590500000000000469e+00 2.525305912748731676e-19
4.591000000000000192e+00 2.502225933064092912e-19
4.591499999999999915e+00 2.479354413007299930e-19
4.592000000000000526e+00 2.456689492693372518e-19
4.592500000000000249e+00 2.434229328621662833e-19
4.592999999999999972e+00 2.411972093533091995e-19
4.593499999999999694e+00 2.389915976269179235e-19
4.594000000000000306e+00 2.368059181631951199e-19
4.594500000000000028e+00 2.346399930245244173e-19
4.594999999999999751e+00 2.324936458416887910e-19
4.595500000000000362e+00 2.303667018002426823e-19
4.596000000000000085e+00 2.282589876269910080e-19
4.596499999999999808e+00 2.261703315765591205e-19
4.597000000000000419e+00 2.241005634181130880e-19
4.597500000000000142e+00 2.220495144221818075e-19
4.597999999999999865e+00 2.200170173475779667e-19
4.598500000000000476e+00 2.180029064284400980e-19
4.599000000000000199e+00 2.160070173614144317e-19
4.599499999999999922e+00 2.140291872928853305e-19
4.600000000000000533e+00 2.120692548063725815e-19
4.600500000000000256e+00 2.101270599100165592e-19
4.600999999999999979e+00 2.082024440241573974e-19
4.601499999999999702e+00 2.062952499690408400e-19
4.602000000000000313e+00 2.044053219526158131e-19
4.602500000000000036e+00 2.025325055584590615e-19
4.602999999999999758e+00 2.006766477337657712e-19
4.603500000000000369e+00 1.988375967774737803e-19
4.604000000000000092e+00 1.970152023284940523e-19
4.604499999999999815e+00 1.952093153540081721e-19
4.605000000000000426e+00 1.934197881378966128e-19
4.605500000000000149e+00 1.916464742692697744e-19
4.605999999999999872e+00 1.898892286310651788e-19
4.606500000000000483e+00 1.881479073887714628e-19
4.607000000000000206e+00 1.864223679792518215e-19
4.607499999999999929e+00 1.847124690996379888e-19
4.608000000000000540e+00 1.830180706963350552e-19
4.608500000000000263e+00 1.813390339541373877e-19
4.608999999999999986e+00 1.796752212853992703e-19
4.609499999999999709e+00 1.780264963193364591e-19
4.610000000000000320e+00 1.763927238913954104e-19
4.610500000000000043e+00 1.747737700327328403e-19
4.610999999999999766e+00 1.731695019597647860e-19
4.611500000000000377e+00 1.715797880638205584e-19
4.612000000000000099e+00 1.700044979008894762e-19
4.612499999999999822e+00 1.684435021814375836e-19
4.613000000000000433e+00 1.668966727603254793e-19
4.613500000000000156e+00 1.653638826268237660e-19
4.613999999999999879e+00 1.638450058946789111e-19
4.614500000000000490e+00 1.623399177923012355e-19
4.615000000000000213e+00 1.608484946530294341e-19
4.615499999999999936e+00 1.593706139054566297e-19
4.615999999999999659e+00 1.579061540638656029e-19
4.616500000000000270e+00 1.564549947187361001e-19
4.616999999999999993e+00 1.550170165273403974e-19
4.617499999999999716e+00 1.535921012044026366e-19
4.618000000000000327e+00 1.521801315128550593e-19
4.618500000000000050e+00 1.507809912546839661e-19
4.618999999999999773e+00 1.493945652618163601e-19
4.619500000000000384e+00 1.480207393871245062e-19
4.620000000000000107e+00 1.466594004954948400e-19
4.620499999999999829e+00 1.453104364549593495e-19
4.621000000000000441e+00 1.439737361279257087e-19
4.621500000000000163e+00 1.426491893624754202e-19
4.621999999999999886e+00 1.413366869837281624e-19
4.622500000000000497e+00 1.400361207852859900e-19
4.623000000000000220e+00 1.387473835207700274e-19
4.623499999999999943e+00 1.374703688953906251e-19
4.623999999999999666e+00 1.362049715576292447e-19
4.624500000000000277e+00 1.349510870909671668e-19
4.625000000000000000e+00 1.337086120057062356e-19
4.625499999999999723e+00 1.324774437308345493e-19
4.626000000000000334e+00 1.312574806059821634e-19
4.626500000000000057e+00 1.300486218734493780e-19
4.626999999999999780e+00 1.288507676702813434e-19
4.627500000000000391e+00 1.276638190204308013e-19
4.628000000000000114e+00 1.264876778269912183e-19
4.628499999999999837e+00 1.253222468644744089e-19
4.629000000000000448e+00 1.241674297711784121e-19
4.629500000000000171e+00 1.230231310416151442e-19
4.629999999999999893e+00 1.218892560189909423e-19
4.630500000000000504e+00 1.207657108877667210e-19
4.631000000000000227e+00 1.196524026662846699e-19
4.631499999999999950e+00 1.185492391994423774e-19
4.631999999999999673e+00 1.174561291514417764e-19
4.632500000000000284e+00 1.163729819986017186e-19
4.633000000000000007e+00 1.152997080222322500e-19
4.633499999999999730e+00 1.142362183015621146e-19
4.634000000000000341e+00 1.131824247067352312e-19
4.634500000000000064e+00 1.121382398918755631e-19
4.634999999999999787e+00 1.111035772881874751e-19
4.635500000000000398e+00 1.100783510971409980e-19
4.636000000000000121e+00 1.090624762837103466e-19
4.636499999999999844e+00 1.080558685696560714e-19
4.637000000000000455e+00 1.070584444268821525e-19
4.637500000000000178e+00 1.060701210708486698e-19
4.637999999999999901e+00 1.050908164540311401e-19
4.638500000000000512e+00 1.041204492594448785e-19
4.639000000000000234e+00 1.031589388942313748e-19
4.639499999999999957e+00 1.022062054832817804e-19
4.639999999999999680e+00 1.012621698629327135e-19
4.640500000000000291e+00 1.003267535747101524e-19
4.641000000000000014e+00 9.939987885913175739e-20
4.641499999999999737e+00 9.848146864955098397e-20
4.642000000000000348e+00 9.757144656606958000e-20
4.642500000000000071e+00 9.666973690949836267e-20
4.642999999999999794e+00 9.577626465536029402e-20
4.643500000000000405e+00 9.489095544796002500e-20
4.644000000000000128e+00 9.401373559449998693e-20
4.644499999999999851e+00 9.314453205924159784e-20
4.645000000000000462e+00 9.228327245772058739e-20
4.645500000000000185e+00 9.142988505102504704e-20
4.645999999999999908e+00 9.058429874009685606e-20
4.646500000000000519e+00 8.974644306010630502e-20
4.647000000000000242e+00 8.891624817487070264e-20
4.647499999999999964e+00 8.809364487130639754e-20
4.647999999999999687e+00 8.727856455394988075e-20
4.648500000000000298e+00 8.647093923951140018e-20
4.649000000000000021e+00 8.567070155148897726e-20
4.649499999999999744e+00 8.487778471481247995e-20
4.650000000000000355e+00 8.409212255054741171e-20
4.650500000000000078e+00 8.331364947064625892e-20
4.650999999999999801e+00 8.254230047273055679e-20
4.651500000000000412e+00 8.177801113493397121e-20
4.652000000000000135e+00 8.102071761078581309e-20
4.652499999999999858e+00 8.027035662413110925e-20
4.653000000000000469e+00 7.952686546410415391e-20
4.653500000000000192e+00 7.879018198014788542e-20
4.653999999999999915e+00 7.806024457706256103e-20
4.654500000000000526e+00 7.733699221011216157e-20
4.655000000000000249e+00 7.662036438016939886e-20
4.655499999999999972e+00 7.591030112889475197e-20
4.655999999999999694e+00 7.520674303397013967e-20
4.656500000000000306e+00 7.450963120436420223e-20
4.657000000000000028e+00 7.381890727564698331e-20
4.657499999999999751e+00 7.313451340533625728e-20
4.658000000000000362e+00 7.245639226829034369e-20
4.658500000000000085e+00 7.178448705214569957e-20
4.658999999999999808e+00 7.111874145277853780e-20
4.659500000000000419e+00 7.045909966982240566e-20
4.660000000000000142e+00 6.980550640222063485e-20
4.660499999999999865e+00 6.915790684380842670e-20
4.661000000000000476e+00 6.851624667894332637e-20
4.661500000000000199e+00 6.788047207817519071e-20
4.661999999999999922e+00 6.725052969394222831e-20
4.662500000000000533e+00 6.662636665631476657e-20
4.663000000000000256e+00 6.600793056877803086e-20
4.663499999999999979e+00 6.539516950403740891e-20
4.663999999999999702e+00 6.478803199987879680e-20
4.664500000000000313e+00 6.418646705504866167e-20
4.665000000000000036e+00 6.359042412518656195e-20
4.665499999999999758e+00 6.299985311877368886e-20
4.666000000000000369e+00 6.241470439313349236e-20
4.666500000000000092e+00 6.183492875046174973e-20
4.666999999999999815e+00 6.126047743388506565e-20
4.667500000000000426e+00 6.069130212356319927e-20
4.668000000000000149e+00 6.012735493282217000e-20
4.668499999999999872e+00 5.956858840431690233e-20
4.669000000000000483e+00 5.901495550623211234e-20
4.669500000000000206e+00 5.846640962851763218e-20
4.669999999999999929e+00 5.792290457915068573e-20
4.670500000000000540e+00 5.738439458043349278e-20
4.671000000000000263e+00 5.685083426533043927e-20
4.671499999999999986e+00 5.632217867382342332e-20
4.671999999999999709e+00 5.579838324930850054e-20
4.672500000000000320e+00 5.527940383502397005e-20
4.673000000000000043e+00 5.476519667050789120e-20
4.673499999999999766e+00 5.425571838808252714e-20
4.674000000000000377e+00 5.375092600937526071e-20
4.674500000000000099e+00 5.325077694187154096e-20
4.674999999999999822e+00 5.275522897548822646e-20
4.675500000000000433e+00 5.226424027918704211e-20
4.676000000000000156e+00 5.177776939761482449e-20
4.676499999999999879e+00 5.129577524776799167e-20
4.677000000000000490e+00 5.081821711569222762e-20
4.677500000000000213e+00 5.034505465321202438e-20
4.677999999999999936e+00 4.987624787468193322e-20
4.678499999999999659e+00 4.941175715377106205e-20
4.679000000000000270e+00 4.895154322027567342e-20
4.679499999999999993e+00 4.849556715696173069e-20
4.679999999999999716e+00 4.804379039642608966e-20
4.680500000000000327e+00 4.759617471799557680e-20
4.681000000000000050e+00 4.715268224465077961e-20
4.681499999999999773e+00 4.671327543997031798e-20
4.682000000000000384e+00 4.627791710510908424e-20
4.682500000000000107e+00 4.584657037580212204e-20
4.682999999999999829e+00 4.541919871939022620e-20
4.683500000000000441e+00 4.499576593187526802e-20
4.684000000000000163e+00 4.457623613500381378e-20
4.684499999999999886e+00 4.416057377336831120e-20
4.685000000000000497e+00 4.374874361154046919e-20
4.685500000000000220e+00 4.334071073123060142e-20
4.685999999999999943e+00 4.293644052846439960e-20
4.686499999999999666e+00 4.253589871079202626e-20
4.687000000000000277e+00 4.213905129451693633e-20
4.687500000000000000e+00 4.174586460195545930e-20
4.687999999999999723e+00 4.135630525870926120e-20
4.688500000000000334e+00 4.097034019097253340e-20
4.689000000000000057e+00 4.058793662285923514e-20
4.689499999999999780e+00 4.020906207374965567e-20
4.690000000000000391e+00 3.983368435566645500e-20
4.690500000000000114e+00 3.946177157067164322e-20
4.690999999999999837e+00 3.909329210828361955e-20
4.691500000000000448e+00 3.872821464291997070e-20
4.692000000000000171e+00 3.836650813136359709e-20
4.692499999999999893e+00 3.800814181024717147e-20
4.693000000000000504e+00 3.765308519356140085e-20
4.693500000000000227e+00 3.730130807019005887e-20
4.693999999999999950e+00 3.695278050145743435e-20
4.694499999999999673e+00 3.660747281870362166e-20
4.695000000000000284e+00 3.626535562088103835e-20
4.695500000000000007e+00 3.592639977217099055e-20
4.695999999999999730e+00 3.559057639961836017e-20
4.696500000000000341e+00 3.525785689079104031e-20
4.697000000000000064e+00 3.492821289146080864e-20
4.697499999999999787e+00 3.460161630329841656e-20
4.698000000000000398e+00 3.427803928159540672e-20
4.698500000000000121e+00 3.395745423300420269e-20
4.698999999999999844e+00 3.363983381329467747e-20
4.699500000000000455e+00 3.332515092513441087e-20
4.700000000000000178e+00 3.301337871588909698e-20
4.700499999999999901e+00 3.270449057543778728e-20
4.701000000000000512e+00 3.239846013401008936e-20
4.701500000000000234e+00 3.209526126004505043e-20
4.701999999999999957e+00 3.179486805806342003e-20
4.702499999999999680e+00 3.149725486656182614e-20
4.703000000000000291e+00 3.120239625592558476e-20
4.703500000000000014e+00 3.091026702636106966e-20
4.703999999999999737e+00 3.062084220584064279e-20
4.704500000000000348e+00 3.033409704807229082e-20
4.705000000000000071e+00 3.005000703048553570e-20
4.705499999999999794e+00 2.976854785223107965e-20
4.706000000000000405e+00 2.948969543220232129e-20
4.706500000000000128e+00 2.921342590707513221e-20
4.706999999999999851e+00 2.893971562935864727e-20
4.707500000000000462e+00 2.866854116547097775e-20
4.708000000000000185e+00 2.839987929382719625e-20
4.708499999999999908e+00 2.813370700294440218e-20
4.709000000000000519e+00 2.787000148956552894e-20
4.709500000000000242e+00 2.760874015679861875e-20
4.709999999999999964e+00 2.734990061227125817e-20
4.710499999999999687e+00 2.709346066630408628e-20
4.711000000000000298e+00 2.683939833009669815e-20
4.711500000000000021e+00 2.658769181393533219e-20
4.711999999999999744e+00 2.633831952540834873e-20
4.712500000000000355e+00 2.609126006764451258e-20
4.713000000000000078e+00 2.584649223756434500e-20
4.713499999999999801e+00 2.560399502414538741e-20
4.714000000000000412e+00 2.536374760670381450e-20
4.714500000000000135e+00 2.512572935319458436e-20
4.714999999999999858e+00 2.488991981851939769e-20
4.715500000000000469e+00 2.465629874285609802e-20
4.716000000000000192e+00 2.442484605000151433e-20
4.716499999999999915e+00 2.419554184572476383e-20
4.717000000000000526e+00 2.396836641614034976e-20
4.717500000000000249e+00 2.374330022609454804e-20
4.717999999999999972e+00 2.352032391756197734e-20
4.718499999999999694e+00 2.329941830806178645e-20
4.719000000000000306e+00 2.308056438908462401e-20
4.719500000000000028e+00 2.286374332453533447e-20
4.719999999999999751e+00 2.264893644918664407e-20
4.720500000000000362e+00 2.243612526714914483e-20
4.721000000000000085e+00 2.222529145035543128e-20
4.721499999999999808e+00 2.201641683705363500e-20
4.722000000000000419e+00 2.180948343031845509e-20
4.722500000000000142e+00 2.160447339657419561e-20
4.722999999999999865e+00 2.140136906412875070e-20
4.723500000000000476e+00 2.120015292172287077e-20
4.724000000000000199e+00 2.100080761709359331e-20
4.724499999999999922e+00 2.080331595554528710e-20
4.725000000000000533e+00 2.060766089853784930e-20
4.725500000000000256e+00 2.041382556228783031e-20
4.725999999999999979e+00 2.022179321637691021e-20
4.726499999999999702e+00 2.003154728237831357e-20
4.727000000000000313e+00 1.984307133249188477e-20
4.727500000000000036e+00 1.965634908819349956e-20
4.727999999999999758e+00 1.947136441889410627e-20
4.728500000000000369e+00 1.928810134061215217e-20
4.729000000000000092e+00 1.910654401465888952e-20
4.729499999999999815e+00 1.892667674633187890e-20
4.730000000000000426e+00 1.874848398362296705e-20
4.730500000000000149e+00 1.857195031593811821e-20
4.730999999999999872e+00 1.839706047282532236e-20
4.731500000000000483e+00 1.822379932271667108e-20
4.732000000000000206e+00 1.805215187168188062e-20
4.732499999999999929e+00 1.788210326218981064e-20
4.733000000000000540e+00 1.771363877188365399e-20
4.733500000000000263e+00 1.754674381236737213e-20
4.733999999999999986e+00 1.738140392799984939e-20
4.734499999999999709e+00 1.721760479470266100e-20
4.735000000000000320e+00 1.705533221877729337e-20
4.735500000000000043e+00 1.689457213573342635e-20
4.735999999999999766e+00 1.673531060912635764e-20
4.736500000000000377e+00 1.657753382940528766e-20
4.737000000000000099e+00 1.642122811277412300e-20
4.737499999999999822e+00 1.626637990005766033e-20
4.738000000000000433e+00 1.611297575558207046e-20
4.738500000000000156e+00 1.596100236606447030e-20
4.738999999999999879e+00 1.581044653950964488e-20
4.739500000000000490e+00 1.566129520411997101e-20
4.740000000000000213e+00 1.551353540721433257e-20
4.740499999999999936e+00 1.536715431415397526e-20
4.740999999999999659e+00 1.522213920728145762e-20
4.741500000000000270e+00 1.507847748486693563e-20
4.741999999999999993e+00 1.493615666006498573e-20
4.742499999999999716e+00 1.479516435987891502e-20
4.743000000000000327e+00 1.465548832413597683e-20
4.743500000000000050e+00 1.451711640447208374e-20
4.743999999999999773e+00 1.438003656332296631e-20
4.744500000000000384e+00 1.424423687292700782e-20
4.745000000000000107e+00 1.410970551433619195e-20
4.745499999999999829e+00 1.397643077643445633e-20
4.746000000000000441e+00 1.384440105496628354e-20
4.746500000000000163e+00 1.371360485157483753e-20
4.746999999999999886e+00 1.358403077284525792e-20
4.747500000000000497e+00 1.345566752935949786e-20
4.748000000000000220e+00 1.332850393475976234e-20
4.748499999999999943e+00 1.320252890481707429e-20
4.748999999999999666e+00 1.307773145651175591e-20
4.749500000000000277e+00 1.295410070711980659e-20
4.750000000000000000e+00 1.283162587330892709e-20
4.750499999999999723e+00 1.271029627024100460e-20
4.751000000000000334e+00 1.259010131068364509e-20
4.751500000000000057e+00 1.247103050413028068e-20
4.751999999999999780e+00 1.235307345592592230e-20
4.752500000000000391e+00 1.223621986640255707e-20
4.753000000000000114e+00 1.212045953002258949e-20
4.753499999999999837e+00 1.200578233452730800e-20
4.754000000000000448e+00 1.189217826009615643e-20
4.754500000000000171e+00 1.177963737851158608e-20
4.754999999999999893e+00 1.166814985233136771e-20
4.755500000000000504e+00 1.155770593406914301e-20
4.756000000000000227e+00 1.144829596538215912e-20
4.756499999999999950e+00 1.133991037626504725e-20
4.756999999999999673e+00 1.123253968425225148e-20
4.757500000000000284e+00 1.112617449362692894e-20
4.758000000000000007e+00 1.102080549463737320e-20
4.758499999999999730e+00 1.091642346271909504e-20
4.759000000000000341e+00 1.081301925772542246e-20
4.759500000000000064e+00 1.071058382316487455e-20
4.759999999999999787e+00 1.060910818544342093e-20
4.760500000000000398e+00 1.050858345311588178e-20
4.761000000000000121e+00 1.040900081614309969e-20
4.761499999999999844e+00 1.031035154515505477e-20
4.762000000000000455e+00 1.021262699072140515e-20
4.762500000000000178e+00 1.011581858262873964e-20
4.762999999999999901e+00 1.001991782916320195e-20
4.763500000000000512e+00 9.924916316400329536e-21
4.764000000000000234e+00 9.830805707501854531e-21
4.764499999999999957e+00 9.737577742016682899e-21
4.764999999999999680e+00 9.645224235190442555e-21
4.765500000000000291e+00 9.553737077279865839e-21
4.766000000000000014e+00 9.463108232874057201e-21
4.766499999999999737e+00 9.373329740220676518e-21
4.767000000000000348e+00 9.284393710559240822e-21
4.767500000000000071e+00 9.196292327460634156e-21
4.767999999999999794e+00 9.109017846170860482e-21
4.768500000000000405e+00 9.022562592962420571e-21
4.769000000000000128e+00 8.936918964490974665e-21
4.769499999999999851e+00 8.852079427156827486e-21
4.770000000000000462e+00 8.768036516473482011e-21
4.770500000000000185e+00 8.684782836441417335e-21
4.770999999999999908e+00 8.602311058926576028e-21
4.771500000000000519e+00 8.520613923045699083e-21
4.772000000000000242e+00 8.439684234556722439e-21
4.772499999999999964e+00 8.359514865254107210e-21
4.772999999999999687e+00 8.280098752370040973e-21
4.773500000000000298e+00 8.201428897981093362e-21
4.774000000000000021e+00 8.123498368420440308e-21
4.774499999999999744e+00 8.046300293694150778e-21
4.775000000000000355e+00 7.969827866903868213e-21
4.775500000000000078e+00 7.894074343674806327e-21
4.775999999999999801e+00 7.819033041587529049e-21
4.776500000000000412e+00 7.744697339616004798e-21
4.777000000000000135e+00 7.671060677570854737e-21
4.777499999999999858e+00 7.598116555546263312e-21
4.778000000000000469e+00 7.525858533373017155e-21
4.778500000000000192e+00 7.454280230076578493e-21
4.778999999999999915e+00 7.383375323338750109e-21
4.779500000000000526e+00 7.313137548965292637e-21
4.780000000000000249e+00 7.243560700358446957e-21
4.780499999999999972e+00 7.174638627992905204e-21
4.780999999999999694e+00 7.106365238897968836e-21
4.781500000000000306e+00 7.038734496143095127e-21
4.782000000000000028e+00 6.971740418329596108e-21
4.782499999999999751e+00 6.905377079084818645e-21
4.783000000000000362e+00 6.839638606562645480e-21
4.783500000000000085e+00 6.774519182948134012e-21
4.783999999999999808e+00 6.710013043965420134e-21
4.784500000000000419e+00 6.646114478391569877e-21
4.785000000000000142e+00 6.582817827574186623e-21
4.785499999999999865e+00 6.520117484952937884e-21
4.786000000000000476e+00 6.458007895585862300e-21
4.786500000000000199e+00 6.396483555680322191e-21
4.786999999999999922e+00 6.335539012126805128e-21
4.787500000000000533e+00 6.275168862038340048e-21
4.788000000000000256e+00 6.215367752293703531e-21
4.788499999999999979e+00 6.156130379083905429e-21
4.788999999999999702e+00 6.097451487463763162e-21
4.789500000000000313e+00 6.039325870906895293e-21
4.790000000000000036e+00 5.981748370865405040e-21
4.790499999999999758e+00 5.924713876332356389e-21
4.791000000000000369e+00 5.868217323409313296e-21
4.791500000000000092e+00 5.812253694877443367e-21
4.791999999999999815e+00 5.756818019771876050e-21
4.792500000000000426e+00 5.701905372960747014e-21
4.793000000000000149e+00 5.647510874727787442e-21
4.793499999999999872e+00 5.593629690358052735e-21
4.794000000000000483e+00 5.540257029728237342e-21
4.794500000000000206e+00 5.487388146900381783e-21
4.794999999999999929e+00 5.435018339718892120e-21
4.795500000000000540e+00 5.383142949411376679e-21
4.796000000000000263e+00 5.331757360193816876e-21
4.796499999999999986e+00 5.280856998877748974e-21
4.796999999999999709e+00 5.230437334482477337e-21
4.797500000000000320e+00 5.180493877849832019e-21
4.798000000000000043e+00 5.131022181263176936e-21
4.798499999999999766e+00 5.082017838068853291e-21
4.799000000000000377e+00 5.033476482301812650e-21
4.799500000000000099e+00 4.985393788314711415e-21
4.799999999999999822e+00 4.937765470409502251e-21
4.800500000000000433e+00 4.890587282473089513e-21
4.801000000000000156e+00 4.843855017616367093e-21
4.801499999999999879e+00 4.797564507815677224e-21
4.802000000000000490e+00 4.751711623558230222e-21
4.802500000000000213e+00 4.706292273490820130e-21
4.802999999999999936e+00 4.661302404070886090e-21
4.803499999999999659e+00 4.616737999221515842e-21
4.804000000000000270e+00 4.572595079989204968e-21
4.804499999999999993e+00 4.528869704205074527e-21
4.804999999999999716e+00 4.485557966148260633e-21
4.805500000000000327e+00 4.442655996213355250e-21
4.806000000000000050e+00 4.400159960580445497e-21
4.806499999999999773e+00 4.358066060887859027e-21
4.807000000000000384e+00 4.316370533908200041e-21
4.807500000000000107e+00 4.275069651227408111e-21
4.807999999999999829e+00 4.234159718926251495e-21
4.808500000000000441e+00 4.193637077265059177e-21
4.809000000000000163e+00 4.153498100371391450e-21
4.809499999999999886e+00 4.113739195930086327e-21
4.810000000000000497e+00 4.074356804876425035e-21
4.810500000000000220e+00 4.035347401092336136e-21
4.810999999999999943e+00 3.996707491104472902e-21
4.811499999999999666e+00 3.958433613785969520e-21
4.812000000000000277e+00 3.920522340060346672e-21
4.812500000000000000e+00 3.882970272608405301e-21
4.812999999999999723e+00 3.845774045577291583e-21
4.813500000000000334e+00 3.808930324292619288e-21
4.814000000000000057e+00 3.772435804973420874e-21
4.814499999999999780e+00 3.736287214448767955e-21
4.815000000000000391e+00 3.700481309877759144e-21
4.815500000000000114e+00 3.665014878472113919e-21
4.815999999999999837e+00 3.629884737220406536e-21
4.816500000000000448e+00 3.595087732615586067e-21
4.817000000000000171e+00 3.560620740385029480e-21
4.817499999999999893e+00 3.526480665222165555e-21
4.818000000000000504e+00 3.492664440521451884e-21
4.818500000000000227e+00 3.459169028115412452e-21
4.818999999999999950e+00 3.425991418013856197e-21
4.819499999999999673e+00 3.393128628145660956e-21
4.820000000000000284e+00 3.360577704102919317e-21
4.820500000000000007e+00 3.328335718887509937e-21
4.820999999999999730e+00 3.296399772659469902e-21
4.821500000000000341e+00 3.264766992488123579e-21
4.822000000000000064e+00 3.233434532105527473e-21
4.822499999999999787e+00 3.202399571661592370e-21
4.823000000000000398e+00 3.171659317481913822e-21
4.823500000000000121e+00 3.141211001827856947e-21
4.823999999999999844e+00 3.111051882658275638e-21
4.824500000000000455e+00 3.081179243393865628e-21
4.825000000000000178e+00 3.051590392683712446e-21
4.825499999999999901e+00 3.022282664173409442e-21
4.826000000000000512e+00 2.993253416275848059e-21
4.826500000000000234e+00 2.964500031943928001e-21
4.826999999999999957e+00 2.936019918445031594e-21
4.827499999999999680e+00 2.907810507137928116e-21
4.828000000000000291e+00 2.879869253251512666e-21
4.828500000000000014e+00 2.852193635665769244e-21
4.828999999999999737e+00 2.824781156694181296e-21
4.829500000000000348e+00 2.797629341868738119e-21
4.830000000000000071e+00 2.770735739726652792e-21
4.830499999999999794e+00 2.744097921598834882e-21
4.831000000000000405e+00 2.717713481400483557e-21
4.831500000000000128e+00 2.691580035423752948e-21
4.831999999999999851e+00 2.665695222131719779e-21
4.832500000000000462e+00 2.640056701954824604e-21
4.833000000000000185e+00 2.614662157089030968e-21
4.833499999999999908e+00 2.589509291295380108e-21
4.834000000000000519e+00 2.564595829701921096e-21
4.834500000000000242e+00 2.539919518607308488e-21
4.834999999999999964e+00 2.515478125285836529e-21
4.835499999999999687e+00 2.491269437794647542e-21
4.836000000000000298e+00 2.467291264782530346e-21
4.836500000000000021e+00 2.443541435300553944e-21
4.836999999999999744e+00 2.420017798614152433e-21
4.837500000000000355e+00 2.396718224017173459e-21
4.838000000000000078e+00 2.373640600647773233e-21
4.838499999999999801e+00 2.350782837305383594e-21
4.839000000000000412e+00 2.328142862269962734e-21
4.839500000000000135e+00 2.305718623122676448e-21
4.839999999999999858e+00 2.283508086567985846e-21
4.840500000000000469e+00 2.261509238257696342e-21
4.841000000000000192e+00 2.239720082616492859e-21
4.841499999999999915e+00 2.218138642668913824e-21
4.842000000000000526e+00 2.196762959867990430e-21
4.842500000000000249e+00 2.175591093925731693e-21
4.842999999999999972e+00 2.154621122644534116e-21
4.843499999999999694e+00 2.133851141750730181e-21
4.844000000000000306e+00 2.113279264729268331e-21
4.844500000000000028e+00 2.092903622660212047e-21
4.844999999999999751e+00 2.072722364056328287e-21
4.845500000000000362e+00 2.052733654702463043e-21
4.846000000000000085e+00 2.032935677496429059e-21
4.846499999999999808e+00 2.013326632290983285e-21
4.847000000000000419e+00 1.993904735737560225e-21
4.847500000000000142e+00 1.974668221131459896e-21
4.847999999999999865e+00 1.955615338258098062e-21
4.848500000000000476e+00 1.936744353241023272e-21
4.849000000000000199e+00 1.918053548391218863e-21
4.849499999999999922e+00 1.899541222057584593e-21
4.850000000000000533e+00 1.881205688479006038e-21
4.850500000000000256e+00 1.863045277637821034e-21
4.850999999999999979e+00 1.845058335114285587e-21
4.851499999999999702e+00 1.827243221942746016e-21
4.852000000000000313e+00 1.809598314468866990e-21
4.852500000000000036e+00 1.792122004208359299e-21
4.852999999999999758e+00 1.774812697706775159e-21
4.853500000000000369e+00 1.757668816400738947e-21
4.854000000000000092e+00 1.740688796480479810e-21
4.854499999999999815e+00 1.723871088753432190e-21
4.855000000000000426e+00 1.707214158509216478e-21
4.855500000000000149e+00 1.690716485385962732e-21
4.855999999999999872e+00 1.674376563237489599e-21
4.856500000000000483e+00 1.658192900002071746e-21
4.857000000000000206e+00 1.642164017572319410e-21
4.857499999999999929e+00 1.626288451666018839e-21
4.858000000000000540e+00 1.610564751698395362e-21
4.858500000000000263e+00 1.594991480655579421e-21
4.858999999999999986e+00 1.579567214968890360e-21
4.859499999999999709e+00 1.564290544390710242e-21
4.860000000000000320e+00 1.549160071871109982e-21
4.860500000000000043e+00 1.534174413435934782e-21
4.860999999999999766e+00 1.519332198065707713e-21
4.861500000000000377e+00 1.504632067575771986e-21
4.862000000000000099e+00 1.490072676497657051e-21
4.862499999999999822e+00 1.475652691961271497e-21
4.863000000000000433e+00 1.461370793578293066e-21
4.863500000000000156e+00 1.447225673326810911e-21
4.863999999999999879e+00 1.433216035436607122e-21
4.864500000000000490e+00 1.419340596275870858e-21
4.865000000000000213e+00 1.405598084238814127e-21
4.865499999999999936e+00 1.391987239634233607e-21
4.865999999999999659e+00 1.378506814575166520e-21
4.866500000000000270e+00 1.365155572869622131e-21
4.866999999999999993e+00 1.351932289912214899e-21
4.867499999999999716e+00 1.338835752576780906e-21
4.868000000000000327e+00 1.325864759110026460e-21
4.868500000000000050e+00 1.313018119026234274e-21
4.868999999999999773e+00 1.300294653002687163e-21
4.869500000000000384e+00 1.287693192776297323e-21
4.870000000000000107e+00 1.275212581041110749e-21
4.870499999999999829e+00 1.262851671346627542e-21
4.871000000000000441e+00 1.250609327997196514e-21
4.871500000000000163e+00 1.238484425952367875e-21
4.871999999999999886e+00 1.226475850727943694e-21
4.872500000000000497e+00 1.214582498298115455e-21
4.873000000000000220e+00 1.202803274998562506e-21
4.873499999999999943e+00 1.191137097430149171e-21
4.873999999999999666e+00 1.179582892363786255e-21
4.874500000000000277e+00 1.168139596646044864e-21
4.875000000000000000e+00 1.156806157105686926e-21
4.875499999999999723e+00 1.145581530460951225e-21
4.876000000000000334e+00 1.134464683227775881e-21
4.876500000000000057e+00 1.123454591628932069e-21
4.876999999999999780e+00 1.112550241503748878e-21
4.877500000000000391e+00 1.101750628218919617e-21
4.878000000000000114e+00 1.091054756580072295e-21
4.878499999999999837e+00 1.080461640743965454e-21
4.879000000000000448e+00 1.069970304131726156e-21
4.879500000000000171e+00 1.059579779342825993e-21
4.879999999999999893e+00 1.049289108069702199e-21
4.880500000000000504e+00 1.039097341013318226e-21
4.881000000000000227e+00 1.029003537799515568e-21
4.881499999999999950e+00 1.019006766895960098e-21
4.881999999999999673e+00 1.009106105530026548e-21
4.882500000000000284e+00 9.993006396073343055e-22
4.883000000000000007e+00 9.895894636311406625e-22
4.883499999999999730e+00 9.799716806223221870e-22
4.884000000000000341e+00 9.704464020401670936e-22
4.884500000000000064e+00 9.610127477040154727e-22
4.884999999999999787e+00 9.516698457153526039e-22
4.885500000000000398e+00 9.424168323808308140e-22
4.886000000000000121e+00 9.332528521360193914e-22
4.886499999999999844e+00 9.241770574696241319e-22
4.887000000000000455e+00 9.151886088486482217e-22
4.887500000000000178e+00 9.062866746441497071e-22
4.887999999999999901e+00 8.974704310576341068e-22
4.888500000000000512e+00 8.887390620481547662e-22
4.889000000000000234e+00 8.800917592602044607e-22
4.889499999999999957e+00 8.715277219520171988e-22
4.889999999999999680e+00 8.630461569247754388e-22
4.890500000000000291e+00 8.546462784523128933e-22
4.891000000000000014e+00 8.463273082115919377e-22
4.891499999999999737e+00 8.380884752136521567e-22
4.892000000000000348e+00 8.299290157353505161e-22
4.892500000000000071e+00 8.218481732516876826e-22
4.892999999999999794e+00 8.138451983686752593e-22
4.893500000000000405e+00 8.059193487569146186e-22
4.894000000000000128e+00 7.980698890858107840e-22
4.894499999999999851e+00 7.902960909582529361e-22
4.895000000000000462e+00 7.825972328460182708e-22
4.895500000000000185e+00 7.749726000257809084e-22
4.895999999999999908e+00 7.674214845156028486e-22
4.896500000000000519e+00 7.599431850120741751e-22
4.897000000000000242e+00 7.525370068281009109e-22
4.897499999999999964e+00 7.452022618311043894e-22
4.897999999999999687e+00 7.379382683819466125e-22
4.898500000000000298e+00 7.307443512743166831e-22
4.899000000000000021e+00 7.236198416747549207e-22
4.899499999999999744e+00 7.165640770631422843e-22
4.900000000000000355e+00 7.095764011737943758e-22
4.900500000000000078e+00 7.026561639371447889e-22
4.900999999999999801e+00 6.958027214218148667e-22
4.901500000000000412e+00 6.890154357773737099e-22
4.902000000000000135e+00 6.822936751775898230e-22
4.902499999999999858e+00 6.756368137641138385e-22
4.903000000000000469e+00 6.690442315907794569e-22
4.903500000000000192e+00 6.625153145684351454e-22
4.903999999999999915e+00 6.560494544101486102e-22
4.904500000000000526e+00 6.496460485770637149e-22
4.905000000000000249e+00 6.433045002247219535e-22
4.905499999999999972e+00 6.370242181497943133e-22
4.905999999999999694e+00 6.308046167374043635e-22
4.906500000000000306e+00 6.246451159088981259e-22
4.907000000000000028e+00 6.185451410701212892e-22
4.907499999999999751e+00 6.125041230601000407e-22
4.908000000000000362e+00 6.065214981002891448e-22
4.908500000000000085e+00 6.005967077442562710e-22
4.908999999999999808e+00 5.947291988277935432e-22
4.909500000000000419e+00 5.889184234195121708e-22
4.910000000000000142e+00 5.831638387719729161e-22
4.910499999999999865e+00 5.774649072731008447e-22
4.911000000000000476e+00 5.718210963981992006e-22
4.911500000000000199e+00 5.662318786623777140e-22
4.911999999999999922e+00 5.606967315733225552e-22
4.912500000000000533e+00 5.552151375846293025e-22
4.913000000000000256e+00 5.497865840495188400e-22
4.913499999999999979e+00 5.444105631749448352e-22
4.913999999999999702e+00 5.390865719761785620e-22
4.914500000000000313e+00 5.338141122317776870e-22
4.915000000000000036e+00 5.285926904390294849e-22
4.915499999999999758e+00 5.234218177697074888e-22
4.916000000000000369e+00 5.183010100263170505e-22
4.916500000000000092e+00 5.132297875987570276e-22
4.916999999999999815e+00 5.082076754212891663e-22
4.917500000000000426e+00 5.032342029300027918e-22
4.918000000000000149e+00 4.983089040206466285e-22
4.918499999999999872e+00 4.934313170068008552e-22
4.919000000000000483e+00 4.886009845784912405e-22
4.919500000000000206e+00 4.838174537612162998e-22
4.919999999999999929e+00 4.790802758752365406e-22
4.920500000000000540e+00 4.743890064953481994e-22
4.921000000000000263e+00 4.697432054110185604e-22
4.921499999999999986e+00 4.651424365868301009e-22
4.921999999999999709e+00 4.605862681233348364e-22
4.922500000000000320e+00 4.560742722182717529e-22
4.923000000000000043e+00 4.516060251281626540e-22
4.923499999999999766e+00 4.471811071301799703e-22
4.924000000000000377e+00 4.427991024844649250e-22
4.924500000000000099e+00 4.384595993967722037e-22
4.924999999999999822e+00 4.341621899814013514e-22
4.925500000000000433e+00 4.299064702245349848e-22
4.926000000000000156e+00 4.256920399479250442e-22
4.926499999999999879e+00 4.215185027728434383e-22
4.927000000000000490e+00 4.173854660844311344e-22
4.927500000000000213e+00 4.132925409963886120e-22
4.927999999999999936e+00 4.092393423159061169e-22
4.928499999999999659e+00 4.052254885090337395e-22
4.929000000000000270e+00 4.012506016662738951e-22
4.929499999999999993e+00 3.973143074685793038e-22
4.929999999999999716e+00 3.934162351535901126e-22
4.930500000000000327e+00 3.895560174822153900e-22
4.931000000000000050e+00 3.857332907055755923e-22
4.931499999999999773e+00 3.819476945321401141e-22
4.932000000000000384e+00 3.781988720952733938e-22
4.932500000000000107e+00 3.744864699210483267e-22
4.932999999999999829e+00 3.708101378963213432e-22
4.933500000000000441e+00 3.671695292371585835e-22
4.934000000000000163e+00 3.635643004575509616e-22
4.934499999999999886e+00 3.599941113383556768e-22
4.935000000000000497e+00 3.564586248966045267e-22
4.935500000000000220e+00 3.529575073550809844e-22
4.935999999999999943e+00 3.494904281121195394e-22
4.936499999999999666e+00 3.460570597117696283e-22
4.937000000000000277e+00 3.426570778141763751e-22
4.937500000000000000e+00 3.392901611662884474e-22
4.937999999999999723e+00 3.359559915727727523e-22
4.938500000000000334e+00 3.326542538672508895e-22
4.939000000000000057e+00 3.293846358838096346e-22
4.939499999999999780e+00 3.261468284287173228e-22
4.940000000000000391e+00 3.229405252524649981e-22
4.940500000000000114e+00 3.197654230220508419e-22
4.940999999999999837e+00 3.166212212934903449e-22
4.941500000000000448e+00 3.135076224846175775e-22
4.942000000000000171e+00 3.104243318481582816e-22
4.942499999999999893e+00 3.073710574449788639e-22
4.943000000000000504e+00 3.043475101176528662e-22
4.943500000000000227e+00 3.013534034642670953e-22
4.943999999999999950e+00 2.983884538124316316e-22
4.944499999999999673e+00 2.954523801935615170e-22
4.945000000000000284e+00 2.925449043173971152e-22
4.945500000000000007e+00 2.896657505467739600e-22
4.945999999999999730e+00 2.868146458725744276e-22
4.946500000000000341e+00 2.839913198889745060e-22
4.947000000000000064e+00 2.811955047689065260e-22
4.947499999999999787e+00 2.784269352397124160e-22
4.948000000000000398e+00 2.756853485590644056e-22
4.948500000000000121e+00 2.729704844911173018e-22
4.948999999999999844e+00 2.702820852828266031e-22
4.949500000000000455e+00 2.676198956405481691e-22
4.950000000000000178e+00 2.649836627068417669e-22
4.950499999999999901e+00 2.623731360374550330e-22
4.951000000000000512e+00 2.597880675785604953e-22
4.951500000000000234e+00 2.572282116442097796e-22
4.951999999999999957e+00 2.546933248939540309e-22
4.952499999999999680e+00 2.521831663107151380e-22
4.953000000000000291e+00 2.496974971788480001e-22
4.953500000000000014e+00 2.472360810624151338e-22
4.953999999999999737e+00 2.447986837836452692e-22
4.954500000000000348e+00 2.423850734016023120e-22
4.955000000000000071e+00 2.399950201910855024e-22
4.955499999999999794e+00 2.376282966216582661e-22
4.956000000000000405e+00 2.352846773369360985e-22
4.956500000000000128e+00 2.329639391340456938e-22
4.956999999999999851e+00 2.306658609432607755e-22
4.957500000000000462e+00 2.283902238078467875e-22
4.958000000000000185e+00 2.261368108640985083e-22
4.958499999999999908e+00 2.239054073215411998e-22
4.959000000000000519e+00 2.216958004433272166e-22
4.959500000000000242e+00 2.195077795268437824e-22
4.959999999999999964e+00 2.173411358844469192e-22
4.960499999999999687e+00 2.151956628244209779e-22
4.961000000000000298e+00 2.130711556320930051e-22
4.961500000000000021e+00 2.109674115511479786e-22
4.961999999999999744e+00 2.088842297650792236e-22
4.962500000000000355e+00 2.068214113788445188e-22
4.963000000000000078e+00 2.047787594006973020e-22
4.963499999999999801e+00 2.027560787241516253e-22
4.964000000000000412e+00 2.007531761101537141e-22
4.964500000000000135e+00 1.987698601694099846e-22
4.964999999999999858e+00 1.968059413448589892e-22
4.965500000000000469e+00 1.948612318943375294e-22
4.966000000000000192e+00 1.929355458734000070e-22
4.966499999999999915e+00 1.910286991182780813e-22
4.967000000000000526e+00 1.891405092290289472e-22
4.967500000000000249e+00 1.872707955528326181e-22
4.967999999999999972e+00 1.854193791674259660e-22
4.968499999999999694e+00 1.835860828647222317e-22
4.969000000000000306e+00 1.817707311345603791e-22
4.969500000000000028e+00 1.799731501486261902e-22
4.969999999999999751e+00 1.781931677445017233e-22
4.970500000000000362e+00 1.764306134098790825e-22
4.971000000000000085e+00 1.746853182669311621e-22
4.971499999999999808e+00 1.729571150567982715e-22
4.972000000000000419e+00 1.712458381242460768e-22
4.972500000000000142e+00 1.695513234024720774e-22
4.972999999999999865e+00 1.678734083980180425e-22
4.973500000000000476e+00 1.662119321758674929e-22
4.974000000000000199e+00 1.645667353446635304e-22
4.974499999999999922e+00 1.629376600420476497e-22
4.975000000000000533e+00 1.613245499201712759e-22
4.975500000000000256e+00 1.597272501313245944e-22
4.975999999999999979e+00 1.581456073136896062e-22
4.976499999999999702e+00 1.565794695772476669e-22
4.977000000000000313e+00 1.550286864898034936e-22
4.977500000000000036e+00 1.534931090631632789e-22
4.977999999999999758e+00 1.519725897394020022e-22
4.978500000000000369e+00 1.504669823772991177e-22
4.979000000000000092e+00 1.489761422388871614e-22
4.979499999999999815e+00 1.474999259761171074e-22
4.980000000000000426e+00 1.460381916176607171e-22
4.980500000000000149e+00 1.445907985558399348e-22
4.980999999999999872e+00 1.431576075336631369e-22
4.981500000000000483e+00 1.417384806319958567e-22
4.982000000000000206e+00 1.403332812568549837e-22
4.982499999999999929e+00 1.389418741268069705e-22
4.983000000000000540e+00 1.375641252604967072e-22
4.983500000000000263e+00 1.361999019642963208e-22
4.983999999999999986e+00 1.348490728200555361e-22
4.984499999999999709e+00 1.335115076729804720e-22
4.985000000000000320e+00 1.321870776196181140e-22
4.985500000000000043e+00 1.308756549959677175e-22
4.985999999999999766e+00 1.295771133656783741e-22
4.986500000000000377e+00 1.282913275083823708e-22
4.987000000000000099e+00 1.270181734081312652e-22
4.987499999999999822e+00 1.257575282419271505e-22
4.988000000000000433e+00 1.245092703683810164e-22
4.988500000000000156e+00 1.232732793164720136e-22
4.988999999999999879e+00 1.220494357744003818e-22
4.989500000000000490e+00 1.208376215785583977e-22
4.990000000000000213e+00 1.196377197026126656e-22
4.990499999999999936e+00 1.184496142466592649e-22
4.991000000000000547e+00 1.172731904265116348e-22
4.991500000000000270e+00 1.161083345630791129e-22
4.991999999999999993e+00 1.149549340718336596e-22
4.992499999999999716e+00 1.138128774523949076e-22
4.993000000000000327e+00 1.126820542781978954e-22
4.993500000000000050e+00 1.115623551862738842e-22
4.993999999999999773e+00 1.104536718671059350e-22
4.994500000000000384e+00 1.093558970545977578e-22
4.995000000000000107e+00 1.082689245161351882e-22
4.995499999999999829e+00 1.071926490427304202e-22
4.996000000000000441e+00 1.061269664392677539e-22
4.996500000000000163e+00 1.050717735148472735e-22
4.996999999999999886e+00 1.040269680732004075e-22
4.997500000000000497e+00 1.029924489032120588e-22
4.998000000000000220e+00 1.019681157695338116e-22
4.998499999999999943e+00 1.009538694032674694e-22
4.998999999999999666e+00 9.994961149275755996e-23
4.999500000000000277e+00 9.895524467445266622e-23
5.000000000000000000e+00 9.797067252387489095e-23
5.000499999999999723e+00 9.699579954664494546e-23
5.001000000000000334e+00 9.603053116961785254e-23
5.001500000000000057e+00 9.507477373209312870e-23
5.001999999999999780e+00 9.412843447710238439e-23
5.002500000000000391e+00 9.319142154278277070e-23
5.003000000000000114e+00 9.226364395384428914e-23
5.003499999999999837e+00 9.134501161309119780e-23
5.004000000000000448e+00 9.043543529304724882e-23
5.004500000000000171e+00 8.953482662765511140e-23
5.004999999999999893e+00 8.864309810403891877e-23
5.005500000000000504e+00 8.776016305436381703e-23
5.006000000000000227e+00 8.688593564776770104e-23
5.006499999999999950e+00 8.602033088235737920e-23
5.006999999999999673e+00 8.516326457729466351e-23
5.007500000000000284e+00 8.431465336494863999e-23
5.008000000000000007e+00 8.347441468313159902e-23
5.008499999999999730e+00 8.264246676739278825e-23
5.009000000000000341e+00 8.181872864339709499e-23
5.009500000000000064e+00 8.100312011938013568e-23
5.009999999999999787e+00 8.019556177865491437e-23
5.010500000000000398e+00 7.939597497220750135e-23
5.011000000000000121e+00 7.860428181136117258e-23
5.011499999999999844e+00 7.782040516049649086e-23
5.012000000000000455e+00 7.704426862985487067e-23
5.012500000000000178e+00 7.627579656840566669e-23
5.012999999999999901e+00 7.551491405677568105e-23
5.013500000000000512e+00 7.476154690024850677e-23
5.014000000000000234e+00 7.401562162184020770e-23
5.014499999999999957e+00 7.327706545541954981e-23
5.014999999999999680e+00 7.254580633891162194e-23
5.015500000000000291e+00 7.182177290755770405e-23
5.016000000000000014e+00 7.110489448724461886e-23
5.016499999999999737e+00 7.039510108788589935e-23
5.017000000000000348e+00 6.969232339687608372e-23
5.017500000000000071e+00 6.899649277260802860e-23
5.017999999999999794e+00 6.830754123803993396e-23
5.018500000000000405e+00 6.762540147433369696e-23
5.019000000000000128e+00 6.695000681455475596e-23
5.019499999999999851e+00 6.628129123742005923e-23
5.020000000000000462e+00 6.561918936111552891e-23
5.020500000000000185e+00 6.496363643717319304e-23
5.020999999999999908e+00 6.431456834439524336e-23
5.021500000000000519e+00 6.367192158284548419e-23
5.022000000000000242e+00 6.303563326789896822e-23
5.022499999999999964e+00 6.240564112433705351e-23
5.022999999999999687e+00 6.178188348050904042e-23
5.023500000000000298e+00 6.116429926254493075e-23
5.024000000000000021e+00 6.055282798862533956e-23
5.024499999999999744e+00 5.994740976330040142e-23
5.025000000000000355e+00 5.934798527186748676e-23
5.025500000000000078e+00 5.875449577480335534e-23
5.025999999999999801e+00 5.816688310224325892e-23
5.026500000000000412e+00 5.758508964851499834e-23
5.027000000000000135e+00 5.700905836673216673e-23
5.027499999999999858e+00 5.643873276342474993e-23
5.028000000000000469e+00 5.587405689322941847e-23
5.028500000000000192e+00 5.531497535363472696e-23
5.028999999999999915e+00 5.476143327976284783e-23
5.029500000000000526e+00 5.421337633921149030e-23
5.030000000000000249e+00 5.367075072694349754e-23
5.030499999999999972e+00 5.313350316021963137e-23
5.030999999999999694e+00 5.260158087358484199e-23
5.031500000000000306e+00 5.207493161389832494e-23
5.032000000000000028e+00 5.155350363541827958e-23
5.032499999999999751e+00 5.103724569491998116e-23
5.033000000000000362e+00 5.052610704687169893e-23
5.033500000000000085e+00 5.002003743865528306e-23
5.033999999999999808e+00 4.951898710582564864e-23
5.034500000000000419e+00 4.902290676741933658e-23
5.035000000000000142e+00 4.853174762131183406e-23
5.035499999999999865e+00 4.804546133961059462e-23
5.036000000000000476e+00 4.756400006409576000e-23
5.036500000000000199e+00 4.708731640171030545e-23
5.036999999999999922e+00 4.661536342007983698e-23
5.037500000000000533e+00 4.614809464308553276e-23
5.038000000000000256e+00 4.568546404648000167e-23
5.038499999999999979e+00 4.522742605353369309e-23
5.038999999999999702e+00 4.477393553073525593e-23
5.039500000000000313e+00 4.432494778352454707e-23
5.040000000000000036e+00 4.388041855207302386e-23
5.040499999999999758e+00 4.344030400709571643e-23
5.041000000000000369e+00 4.300456074570972010e-23
5.041500000000000092e+00 4.257314578733320707e-23
5.041999999999999815e+00 4.214601656961438977e-23
5.042500000000000426e+00 4.172313094441011938e-23
5.043000000000000149e+00 4.130444717379761573e-23
5.043499999999999872e+00 4.088992392612158541e-23
5.044000000000000483e+00 4.047952027208334034e-23
5.044500000000000206e+00 4.007319568086836667e-23
5.044999999999999929e+00 3.967091001630375723e-23
5.045500000000000540e+00 3.927262353305840840e-23
5.046000000000000263e+00 3.887829687288012161e-23
5.046499999999999986e+00 3.848789106086158677e-23
5.046999999999999709e+00 3.810136750175007058e-23
5.047500000000000320e+00 3.771868797628531668e-23
5.048000000000000043e+00 3.733981463758081570e-23
5.048499999999999766e+00 3.696471000752821486e-23
5.049000000000000377e+00 3.659333697324572639e-23
5.049500000000000099e+00 3.622565878355839768e-23
5.049999999999999822e+00 3.586163904550572932e-23
5.050500000000000433e+00 3.550124172089044720e-23
5.051000000000000156e+00 3.514443112285850158e-23
5.051499999999999879e+00 3.479117191250566771e-23
5.052000000000000490e+00 3.444142909552413659e-23
5.052500000000000213e+00 3.409516801887919856e-23
5.052999999999999936e+00 3.375235436751302779e-23
5.053500000000000547e+00 3.341295416108491891e-23
5.054000000000000270e+00 3.307693375074332666e-23
5.054499999999999993e+00 3.274425981592206773e-23
5.054999999999999716e+00 3.241489936117473213e-23
5.055500000000000327e+00 3.208881971303496720e-23
5.056000000000000050e+00 3.176598851690916403e-23
5.056499999999999773e+00 3.144637373399484031e-23
5.057000000000000384e+00 3.112994363823310062e-23
5.057500000000000107e+00 3.081666681328893257e-23
5.057999999999999829e+00 3.050651214955692290e-23
5.058500000000000441e+00 3.019944884120033416e-23
5.059000000000000163e+00 2.989544638321699439e-23
5.059499999999999886e+00 2.959447456853015435e-23
5.060000000000000497e+00 2.929650348511150030e-23
5.060500000000000220e+00 2.900150351313025112e-23
5.060999999999999943e+00 2.870944532212758723e-23
5.061499999999999666e+00 2.842029986821978518e-23
5.062000000000000277e+00 2.813403839132827680e-23
5.062500000000000000e+00 2.785063241243718571e-23
5.062999999999999723e+00 2.757005373087287479e-23
5.063500000000000334e+00 2.729227442161353354e-23
5.064000000000000057e+00 2.701726683262504939e-23
5.064499999999999780e+00 2.674500358221765596e-23
5.065000000000000391e+00 2.647545755643200976e-23
5.065500000000000114e+00 2.620860190645076633e-23
5.065999999999999837e+00 2.594441004603039840e-23
5.066500000000000448e+00 2.568285564896157852e-23
5.067000000000000171e+00 2.542391264655435878e-23
5.067499999999999893e+00 2.516755522514303419e-23
5.068000000000000504e+00 2.491375782361857138e-23
5.068500000000000227e+00 2.466249513098601950e-23
5.068999999999999950e+00 2.441374208393929493e-23
5.069499999999999673e+00 2.416747386446505651e-23
5.070000000000000284e+00 2.392366589746701681e-23
5.070500000000000007e+00 2.368229384841404827e-23
5.070999999999999730e+00 2.344333362100894572e-23
5.071500000000000341e+00 2.320676135488043437e-23
5.072000000000000064e+00 2.297255342330019519e-23
5.072499999999999787e+00 2.274068643091619147e-23
5.073000000000000398e+00 2.251113721151117741e-23
5.073500000000000121e+00 2.228388282578461968e-23
5.073999999999999844e+00 2.205890055915036165e-23
5.074500000000000455e+00 2.183616791955980778e-23
5.075000000000000178e+00 2.161566263534541448e-23
5.075499999999999901e+00 2.139736265308269226e-23
5.076000000000000512e+00 2.118124613547446279e-23
5.076500000000000234e+00 2.096729145925670395e-23
5.076999999999999957e+00 2.075547721311997315e-23
5.077499999999999680e+00 2.054578219565576288e-23
5.078000000000000291e+00 2.033818541331967457e-23
5.078500000000000014e+00 2.013266607841574558e-23
5.078999999999999737e+00 1.992920360709755924e-23
5.079500000000000348e+00 1.972777761739153358e-23
5.080000000000000071e+00 1.952836792723829494e-23
5.080499999999999794e+00 1.933095455255078489e-23
5.081000000000000405e+00 1.913551770529393147e-23
5.081500000000000128e+00 1.894203779158188239e-23
5.081999999999999851e+00 1.875049540979152463e-23
5.082500000000000462e+00 1.856087134869693089e-23
5.083000000000000185e+00 1.837314658562076242e-23
5.083499999999999908e+00 1.818730228460226993e-23
5.084000000000000519e+00 1.800331979458354398e-23
5.084500000000000242e+00 1.782118064761564599e-23
5.084999999999999964e+00 1.764086655707683206e-23
5.085499999999999687e+00 1.746235941591286735e-23
5.086000000000000298e+00 1.728564129489112599e-23
5.086500000000000021e+00 1.711069444087404268e-23
5.086999999999999744e+00 1.693750127510584724e-23
5.087500000000000355e+00 1.676604439151837166e-23
5.088000000000000078e+00 1.659630655505344918e-23
5.088499999999999801e+00 1.642827069999861122e-23
5.089000000000000412e+00 1.626191992834126600e-23
5.089500000000000135e+00 1.609723750813906949e-23
5.089999999999999858e+00 1.593420687190314765e-23
5.090500000000000469e+00 1.577281161499934471e-23
5.091000000000000192e+00 1.561303549406514084e-23
5.091499999999999915e+00 1.545486242543901245e-23
5.092000000000000526e+00 1.529827648360780106e-23
5.092500000000000249e+00 1.514326189966824685e-23
5.092999999999999972e+00 1.498980305980181119e-23
5.093499999999999694e+00 1.483788450376611183e-23
5.094000000000000306e+00 1.468749092339995272e-23
5.094500000000000028e+00 1.453860716114384975e-23
5.094999999999999751e+00 1.439121820857202637e-23
5.095500000000000362e+00 1.424530920494165963e-23
5.096000000000000085e+00 1.410086543575543275e-23
5.096499999999999808e+00 1.395787233133554297e-23
5.097000000000000419e+00 1.381631546541446307e-23
5.097500000000000142e+00 1.367618055373854517e-23
5.097999999999999865e+00 1.353745345268323548e-23
5.098500000000000476e+00 1.340012015788369102e-23
5.099000000000000199e+00 1.326416680287836486e-23
5.099499999999999922e+00 1.312957965776436115e-23
5.100000000000000533e+00 1.299634512786679310e-23
5.100500000000000256e+00 1.286444975242168562e-23
5.100999999999999979e+00 1.273388020326927970e-23
5.101499999999999702e+00 1.260462328356214938e-23
5.102000000000000313e+00 1.247666592648441545e-23
5.102500000000000036e+00 1.234999519398517084e-23
5.102999999999999758e+00 1.222459827552093236e-23
5.103500000000000369e+00 1.210046248681290517e-23
5.104000000000000092e+00 1.197757526861643555e-23
5.104499999999999815e+00 1.185592418549944165e-23
5.105000000000000426e+00 1.173549692463571267e-23
5.105500000000000149e+00 1.161628129460881101e-23
5.105999999999999872e+00 1.149826522422636732e-23
5.106500000000000483e+00 1.138143676134756603e-23
5.107000000000000206e+00 1.126578407172136016e-23
5.107499999999999929e+00 1.115129543783509227e-23
5.108000000000000540e+00 1.103795925777514213e-23
5.108500000000000263e+00 1.092576404409878721e-23
5.108999999999999986e+00 1.081469842271586225e-23
5.109499999999999709e+00 1.070475113178193883e-23
5.110000000000000320e+00 1.059591102060227824e-23
5.110500000000000043e+00 1.048816704854671210e-23
5.110999999999999766e+00 1.038150828397346547e-23
5.111500000000000377e+00 1.027592390316479676e-23
5.112000000000000099e+00 1.017140318927356517e-23
5.112499999999999822e+00 1.006793553127706130e-23
5.113000000000000433e+00 9.965510422944314850e-24
5.113500000000000156e+00 9.864117461811758477e-24
5.113999999999999879e+00 9.763746348168256067e-24
5.114500000000000490e+00 9.664386884051008663e-24
5.115000000000000213e+00 9.566028972251424209e-24
5.115499999999999936e+00 9.468662615328892476e-24
5.116000000000000547e+00 9.372277914635885887e-24
5.116500000000000270e+00 9.276865069351991156e-24
5.116999999999999993e+00 9.182414375526304569e-24
5.117499999999999716e+00 9.088916225130675614e-24
5.118000000000000327e+00 8.996361105120551639e-24
5.118500000000000050e+00 8.904739596506836909e-24
5.118999999999999773e+00 8.814042373434359392e-24
5.119500000000000384e+00 8.724260202271006645e-24
5.120000000000000107e+00 8.635383940705453077e-24
5.120499999999999829e+00 8.547404536852776259e-24
5.121000000000000441e+00 8.460313028369402249e-24
5.121500000000000163e+00 8.374100541577171279e-24
5.121999999999999886e+00 8.288758290594074381e-24
5.122500000000000497e+00 8.204277576475277049e-24
5.123000000000000220e+00 8.120649786362029008e-24
5.123499999999999943e+00 8.037866392637718038e-24
5.123999999999999666e+00 7.955918952093383601e-24
5.124500000000000277e+00 7.874799105100788890e-24
5.125000000000000000e+00 7.794498574793853582e-24
5.125499999999999723e+00 7.715009166257116047e-24
5.126000000000000334e+00 7.636322765722911853e-24
5.126500000000000057e+00 7.558431339776815986e-24
5.126999999999999780e+00 7.481326934568878801e-24
5.127500000000000391e+00 7.405001675034477501e-24
5.128000000000000114e+00 7.329447764122050151e-24
5.128499999999999837e+00 7.254657482027604938e-24
5.129000000000000448e+00 7.180623185437690053e-24
5.129500000000000171e+00 7.107337306779664866e-24
5.129999999999999893e+00 7.034792353477935260e-24
5.130500000000000504e+00 6.962980907219031627e-24
5.131000000000000227e+00 6.891895623223165300e-24
5.131499999999999950e+00 6.821529229522475029e-24
5.131999999999999673e+00 6.751874526246683463e-24
5.132500000000000284e+00 6.682924384915736085e-24
5.133000000000000007e+00 6.614671747739524693e-24
5.133499999999999730e+00 6.547109626923422238e-24
5.134000000000000341e+00 6.480231103981481145e-24
5.134500000000000064e+00 6.414029329056680930e-24
5.134999999999999787e+00 6.348497520245957143e-24
5.135500000000000398e+00 6.283628962933890021e-24
5.136000000000000121e+00 6.219417009131851857e-24
5.136499999999999844e+00 6.155855076823233133e-24
5.137000000000000455e+00 6.092936649315698111e-24
5.137500000000000178e+00 6.030655274599895364e-24
5.137999999999999901e+00 5.969004564713325044e-24
5.138500000000000512e+00 5.907978195111513327e-24
5.139000000000000234e+00 5.847569904044984975e-24
5.139499999999999957e+00 5.787773491941674766e-24
5.139999999999999680e+00 5.728582820796339735e-24
5.140500000000000291e+00 5.669991813564924641e-24
5.141000000000000014e+00 5.611994453566031838e-24
5.141499999999999737e+00 5.554584783886756635e-24
5.142000000000000348e+00 5.497756906795161997e-24
5.142500000000000071e+00 5.441504983158923116e-24
5.142999999999999794e+00 5.385823231868301481e-24
5.143500000000000405e+00 5.330705929265748735e-24
5.144000000000000128e+00 5.276147408581167596e-24
5.144499999999999851e+00 5.222142059371571332e-24
5.145000000000000462e+00 5.168684326967372290e-24
5.145500000000000185e+00 5.115768711923777217e-24
5.145999999999999908e+00 5.063389769476844139e-24
5.146500000000000519e+00 5.011542109005562194e-24
5.147000000000000242e+00 4.960220393499263792e-24
5.147499999999999964e+00 4.909419339029383166e-24
5.147999999999999687e+00 4.859133714227197461e-24
5.148500000000000298e+00 4.809358339766141218e-24
5.149000000000000021e+00 4.760088087849877858e-24
5.149499999999999744e+00 4.711317881704124654e-24
5.150000000000000355e+00 4.663042695074471991e-24
5.150500000000000078e+00 4.615257551729163955e-24
5.150999999999999801e+00 4.567957524965611841e-24
5.151500000000000412e+00 4.521137737122906361e-24
5.152000000000000135e+00 4.474793359098646856e-24
5.152499999999999858e+00 4.428919609870229302e-24
5.153000000000000469e+00 4.383511756020961923e-24
5.153500000000000192e+00 4.338565111271403681e-24
5.153999999999999915e+00 4.294075036014008832e-24
5.154500000000000526e+00 4.250036936853451330e-24
5.155000000000000249e+00 4.206446266151190565e-24
5.155499999999999972e+00 4.163298521573765614e-24
5.155999999999999694e+00 4.120589245646490896e-24
5.156500000000000306e+00 4.078314025310787771e-24
5.157000000000000028e+00 4.036468491486451754e-24
5.157499999999999751e+00 3.995048318637406530e-24
5.158000000000000362e+00 3.954049224342310565e-24
5.158500000000000085e+00 3.913466968869427818e-24
5.158999999999999808e+00 3.873297354754952202e-24
5.159500000000000419e+00 3.833536226386171413e-24
5.160000000000000142e+00 3.794179469588509882e-24
5.160499999999999865e+00 3.755223011216217240e-24
5.161000000000000476e+00 3.716662818747497202e-24
5.161500000000000199e+00 3.678494899883663261e-24
5.161999999999999922e+00 3.640715302151700373e-24
5.162500000000000533e+00 3.603320112511020222e-24
5.163000000000000256e+00 3.566305456964373323e-24
5.163499999999999979e+00 3.529667500171804189e-24
5.163999999999999702e+00 3.493402445069115982e-24
5.164500000000000313e+00 3.457506532489559705e-24
5.165000000000000036e+00 3.421976040789742666e-24
5.165499999999999758e+00 3.386807285478404433e-24
5.166000000000000369e+00 3.351996618849592060e-24
5.166500000000000092e+00 3.317540429619256010e-24
5.166999999999999815e+00 3.283435142564838446e-24
5.167500000000000426e+00 3.249677218169102483e-24
5.168000000000000149e+00 3.216263152267267515e-24
5.168499999999999872e+00 3.183189475697160797e-24
5.169000000000000483e+00 3.150452753953259163e-24
5.169500000000000206e+00 3.118049586844172024e-24
5.169999999999999929e+00 3.085976608152941120e-24
5.170500000000000540e+00 3.054230485301137879e-24
5.171000000000000263e+00 3.022807919016305034e-24
5.171499999999999986e+00 2.991705643002133857e-24
5.171999999999999709e+00 2.960920423612372833e-24
5.172500000000000320e+00 2.930449059527727249e-24
5.173000000000000043e+00 2.900288381436055665e-24
5.173499999999999766e+00 2.870435251715337990e-24
5.174000000000000377e+00 2.840886564120190606e-24
5.174500000000000099e+00 2.811639243471300024e-24
5.174999999999999822e+00 2.782690245347721078e-24
5.175500000000000433e+00 2.754036555782292744e-24
5.176000000000000156e+00 2.725675190960409267e-24
5.176499999999999879e+00 2.697603196920957496e-24
5.177000000000000490e+00 2.669817649260896056e-24
5.177500000000000213e+00 2.642315652842580396e-24
5.177999999999999936e+00 2.615094341503506048e-24
5.178500000000000547e+00 2.588150877769468540e-24
5.179000000000000270e+00 2.561482452570414451e-24
5.179499999999999993e+00 2.535086284958638679e-24
5.179999999999999716e+00 2.508959621830351711e-24
5.180500000000000327e+00 2.483099737649541669e-24
5.181000000000000050e+00 2.457503934174917259e-24
5.181499999999999773e+00 2.432169540189035672e-24
5.182000000000000384e+00 2.407093911230548476e-24
5.182500000000000107e+00 2.382274429328944341e-24
5.182999999999999829e+00 2.357708502741660375e-24
5.183500000000000441e+00 2.333393565694045515e-24
5.184000000000000163e+00 2.309327078121940116e-24
5.184499999999999886e+00 2.285506525416366660e-24
5.185000000000000497e+00 2.261929418171161041e-24
5.185500000000000220e+00 2.238593291932956668e-24
5.185999999999999943e+00 2.215495706953390255e-24
5.186499999999999666e+00 2.192634247944107497e-24
5.187000000000000277e+00 2.170006523833886095e-24
5.187500000000000000e+00 2.147610167528381245e-24
5.187999999999999723e+00 2.125442835671970115e-24
5.188500000000000334e+00 2.103502208412100124e-24
5.189000000000000057e+00 2.081785989166094005e-24
5.189499999999999780e+00 2.060291904389790108e-24
5.190000000000000391e+00 2.039017703348924917e-24
5.190500000000000114e+00 2.017961157892652016e-24
5.190999999999999837e+00 1.997120062229013488e-24
5.191500000000000448e+00 1.976492232702908869e-24
5.192000000000000171e+00 1.956075507576286520e-24
5.192499999999999893e+00 1.935867746810157749e-24
5.193000000000000504e+00 1.915866831849052659e-24
5.193500000000000227e+00 1.896070665407629718e-24
5.193999999999999950e+00 1.876477171259061430e-24
5.194499999999999673e+00 1.857084294025825360e-24
5.195000000000000284e+00 1.837889998972351342e-24
5.195500000000000007e+00 1.818892271799988810e-24
5.195999999999999730e+00 1.800089118443500811e-24
5.196500000000000341e+00 1.781478564870037940e-24
5.197000000000000064e+00 1.763058656879928784e-24
5.197499999999999787e+00 1.744827459909253438e-24
5.198000000000000398e+00 1.726783058834618874e-24
5.198500000000000121e+00 1.708923557779833835e-24
5.198999999999999844e+00 1.691247079924187543e-24
5.199500000000000455e+00 1.673751767312991967e-24
5.200000000000000178e+00 1.656435780669842519e-24
5.200499999999999901e+00 1.639297299210622338e-24
5.201000000000000512e+00 1.622334520459470752e-24
5.201500000000000234e+00 1.605545660066595427e-24
5.201999999999999957e+00 1.588928951627708722e-24
5.202499999999999680e+00 1.572482646505403428e-24
5.203000000000000291e+00 1.556205013652187411e-24
5.203500000000000014e+00 1.540094339435426983e-24
5.203999999999999737e+00 1.524148927463730786e-24
5.204500000000000348e+00 1.508367098415275461e-24
5.205000000000000071e+00 1.492747189867855058e-24
5.205499999999999794e+00 1.477287556130336821e-24
5.206000000000000405e+00 1.461986568076058006e-24
5.206500000000000128e+00 1.446842612977789597e-24
5.206999999999999851e+00 1.431854094344182062e-24
5.207500000000000462e+00 1.417019431757982801e-24
5.208000000000000185e+00 1.402337060715935467e-24
5.208499999999999908e+00 1.387805432469918886e-24
5.209000000000000519e+00 1.373423013869954276e-24
5.209500000000000242e+00 1.359188287208788913e-24
5.209999999999999964e+00 1.345099750067690374e-24
5.210499999999999687e+00 1.331155915164085940e-24
5.211000000000000298e+00 1.317355310200559511e-24
5.211500000000000021e+00 1.303696477715443148e-24
5.211999999999999744e+00 1.290177974934676870e-24
5.212500000000000355e+00 1.276798373625321118e-24
5.213000000000000078e+00 1.263556259950547957e-24
5.213499999999999801e+00 1.250450234325802075e-24
5.214000000000000412e+00 1.237478911276663864e-24
5.214500000000000135e+00 1.224640919298050361e-24
5.214999999999999858e+00 1.211934900714641454e-24
5.215500000000000469e+00 1.199359511542861971e-24
5.216000000000000192e+00 1.186913421354249378e-24
5.216499999999999915e+00 1.174595313139969056e-24
5.217000000000000526e+00 1.162403883176846516e-24
5.217500000000000249e+00 1.150337840894748125e-24
5.217999999999999972e+00 1.138395908745072676e-24
5.218499999999999694e+00 1.126576822070735837e-24
5.219000000000000306e+00 1.114879328977362968e-24
5.219500000000000028e+00 1.103302190205797944e-24
5.219999999999999751e+00 1.091844179005783794e-24
5.220500000000000362e+00 1.080504081010935840e-24
5.221000000000000085e+00 1.069280694115093649e-24
5.221499999999999808e+00 1.058172828349593544e-24
5.222000000000000419e+00 1.047179305762027385e-24
5.222500000000000142e+00 1.036298960296147451e-24
5.222999999999999865e+00 1.025530637672782250e-24
5.223500000000000476e+00 1.014873195272159619e-24
5.224000000000000199e+00 1.004325502017306497e-24
5.224499999999999922e+00 9.938864382585371415e-25
5.225000000000000533e+00 9.835548956591587034e-25
5.225500000000000256e+00 9.733297770823699417e-25
5.225999999999999979e+00 9.632099964790700199e-25
5.226499999999999702e+00 9.531944787770161849e-25
5.227000000000000313e+00 9.432821597709126578e-25
5.227500000000000036e+00 9.334719860137312214e-25
5.227999999999999758e+00 9.237629147089187564e-25
5.228500000000000369e+00 9.141539136038508000e-25
5.229000000000000092e+00 9.046439608842877658e-25
5.229499999999999815e+00 8.952320450697906602e-25
5.230000000000000426e+00 8.859171649102696814e-25
5.230500000000000149e+00 8.766983292836133557e-25
5.230999999999999872e+00 8.675745570941190292e-25
5.231500000000000483e+00 8.585448771721186913e-25
5.232000000000000206e+00 8.496083281746170082e-25
5.232499999999999929e+00 8.407639584867127142e-25
5.233000000000000540e+00 8.320108261241819043e-25
5.233500000000000263e+00 8.233479986370413968e-25
5.233999999999999986e+00 8.147745530138693701e-25
5.234499999999999709e+00 8.062895755872989232e-25
5.235000000000000320e+00 7.978921619403021559e-25
5.235500000000000043e+00 7.895814168135321020e-25
5.235999999999999766e+00 7.813564540133995302e-25
5.236500000000000377e+00 7.732163963212414857e-25
5.237000000000000099e+00 7.651603754033466564e-25
5.237499999999999822e+00 7.571875317217723618e-25
5.238000000000000433e+00 7.492970144461561192e-25
5.238500000000000156e+00 7.414879813664176482e-25
5.238999999999999879e+00 7.337595988061997827e-25
5.239500000000000490e+00 7.261110415372809110e-25
5.240000000000000213e+00 7.185414926948522306e-25
5.240499999999999936e+00 7.110501436935117789e-25
5.241000000000000547e+00 7.036361941442026253e-25
5.241500000000000270e+00 6.962988517719891532e-25
5.241999999999999993e+00 6.890373323345304658e-25
5.242499999999999716e+00 6.818508595414795851e-25
5.243000000000000327e+00 6.747386649746328558e-25
5.243500000000000050e+00 6.676999880089268980e-25
5.243999999999999773e+00 6.607340757340901645e-25
5.244500000000000384e+00 6.538401828772235964e-25
5.245000000000000107e+00 6.470175717260912601e-25
5.245499999999999829e+00 6.402655120531379537e-25
5.246000000000000441e+00 6.335832810402857621e-25
5.246500000000000163e+00 6.269701632045600697e-25
5.246999999999999886e+00 6.204254503243010257e-25
5.247500000000000497e+00 6.139484413662050174e-25
5.248000000000000220e+00 6.075384424131428885e-25
5.248499999999999943e+00 6.011947665925479052e-25
5.248999999999999666e+00 5.949167340056430065e-25
5.249500000000000277e+00 5.887036716573074130e-25
5.250000000000000000e+00 5.825549133867085936e-25
5.250499999999999723e+00 5.764697997985154580e-25
5.251000000000000334e+00 5.704476781948811315e-25
5.251500000000000057e+00 5.644879025081332298e-25
5.251999999999999780e+00 5.585898332339976068e-25
5.252500000000000391e+00 5.527528373656121628e-25
5.253000000000000114e+00 5.469762883281880010e-25
5.253499999999999837e+00 5.412595659142282098e-25
5.254000000000000448e+00 5.356020562194938176e-25
5.254500000000000171e+00 5.300031515795780671e-25
5.254999999999999893e+00 5.244622505070584259e-25
5.255500000000000504e+00 5.189787576293520574e-25
5.256000000000000227e+00 5.135520836271651914e-25
5.256499999999999950e+00 5.081816451735220693e-25
5.256999999999999673e+00 5.028668648734316860e-25
5.257500000000000284e+00 4.976071712041591772e-25
5.258000000000000007e+00 4.924019984561102084e-25
5.258499999999999730e+00 4.872507866742302860e-25
5.259000000000000341e+00 4.821529816000594054e-25
5.259500000000000064e+00 4.771080346143774783e-25
5.259999999999999787e+00 4.721154026803223444e-25
5.260500000000000398e+00 4.671745482871815802e-25
5.261000000000000121e+00 4.622849393947192505e-25
5.261499999999999844e+00 4.574460493779969175e-25
5.262000000000000455e+00 4.526573569728104069e-25
5.262500000000000178e+00 4.479183462216798842e-25
5.262999999999999901e+00 4.432285064203028716e-25
5.263500000000000512e+00 4.385873320646052999e-25
5.264000000000000234e+00 4.339943227983480716e-25
5.264499999999999957e+00 4.294489833611332011e-25
5.264999999999999680e+00 4.249508235370804456e-25
5.265500000000000291e+00 4.204993581038933186e-25
5.266000000000000014e+00 4.160941067825459111e-25
5.266499999999999737e+00 4.117345941873431625e-25
5.267000000000000348e+00 4.074203497765876581e-25
5.267500000000000071e+00 4.031509078037173598e-25
5.267999999999999794e+00 3.989258072688623358e-25
5.268500000000000405e+00 3.947445918709750492e-25
5.269000000000000128e+00 3.906068099604039822e-25
5.269499999999999851e+00 3.865120144919161981e-25
5.270000000000000462e+00 3.824597629782202696e-25
5.270500000000000185e+00 3.784496174439616996e-25
5.270999999999999908e+00 3.744811443801373428e-25
5.271500000000000519e+00 3.705539146989954522e-25
5.272000000000000242e+00 3.666675036894103320e-25
5.272499999999999964e+00 3.628214909726241033e-25
5.272999999999999687e+00 3.590154604585201503e-25
5.273500000000000298e+00 3.552490003022692363e-25
5.274000000000000021e+00 3.515217028614750657e-25
5.274499999999999744e+00 3.478331646536554139e-25
5.275000000000000355e+00 3.441829863142266533e-25
5.275500000000000078e+00 3.405707725549032833e-25
5.275999999999999801e+00 3.369961321224542418e-25
5.276500000000000412e+00 3.334586777579366695e-25
5.277000000000000135e+00 3.299580261563191479e-25
5.277499999999999858e+00 3.264937979264743006e-25
5.278000000000000469e+00 3.230656175516218006e-25
5.278500000000000192e+00 3.196731133501497413e-25
5.278999999999999915e+00 3.163159174368085368e-25
5.279500000000000526e+00 3.129936656843049504e-25
5.280000000000000249e+00 3.097059976853228819e-25
5.280499999999999972e+00 3.064525567148355042e-25
5.280999999999999694e+00 3.032329896928817644e-25
5.281500000000000306e+00 3.000469471476600404e-25
5.282000000000000028e+00 2.968940831790397856e-25
5.282499999999999751e+00 2.937740554223701704e-25
5.283000000000000362e+00 2.906865250127171817e-25
5.283500000000000085e+00 2.876311565494444627e-25
5.283999999999999808e+00 2.846076180611087816e-25
5.284500000000000419e+00 2.816155809707505298e-25
5.285000000000000142e+00 2.786547200615362266e-25
5.285499999999999865e+00 2.757247134426980649e-25
5.286000000000000476e+00 2.728252425158573299e-25
5.286500000000000199e+00 2.699559919416902721e-25
5.286999999999999922e+00 2.671166496068805528e-25
5.287500000000000533e+00 2.643069065914528993e-25
5.288000000000000256e+00 2.615264571364209743e-25
5.288499999999999979e+00 2.587749986117336202e-25
5.288999999999999702e+00 2.560522314845763676e-25
5.289500000000000313e+00 2.533578592879762773e-25
5.290000000000000036e+00 2.506915885897303186e-25
5.290499999999999758e+00 2.480531289616267944e-25
5.291000000000000369e+00 2.454421929489836452e-25
5.291500000000000092e+00 2.428584960405253958e-25
5.291999999999999815e+00 2.403017566385016759e-25
5.292500000000000426e+00 2.377716960291437868e-25
5.293000000000000149e+00 2.352680383534371364e-25
5.293499999999999872e+00 2.327905105781316659e-25
5.294000000000000483e+00 2.303388424670792567e-25
5.294500000000000206e+00 2.279127665528780518e-25
5.294999999999999929e+00 2.255120181087462737e-25
5.295500000000000540e+00 2.231363351207211400e-25
5.296000000000000263e+00 2.207854582601410921e-25
5.296499999999999986e+00 2.184591308563594027e-25
5.296999999999999709e+00 2.161570988697833864e-25
5.297500000000000320e+00 2.138791108651551834e-25
5.298000000000000043e+00 2.116249179851178306e-25
5.298499999999999766e+00 2.093942739240198748e-25
5.299000000000000377e+00 2.071869349020152833e-25
5.299500000000000099e+00 2.050026596394141801e-25
5.299999999999999822e+00 2.028412093312698061e-25
5.300500000000000433e+00 2.007023476222519599e-25
5.301000000000000156e+00 1.985858405817638947e-25
5.301499999999999879e+00 1.964914566792883904e-25
5.302000000000000490e+00 1.944189667600118810e-25
5.302500000000000213e+00 1.923681440206834510e-25
5.302999999999999936e+00 1.903387639857044999e-25
5.303500000000000547e+00 1.883306044834663391e-25
5.304000000000000270e+00 1.863434456229509666e-25
5.304499999999999993e+00 1.843770697705140669e-25
5.304999999999999716e+00 1.824312615269536411e-25
5.305500000000000327e+00 1.805058077047766350e-25
5.306000000000000050e+00 1.786004973057225462e-25
5.306499999999999773e+00 1.767151214984715509e-25
5.307000000000000384e+00 1.748494735966228340e-25
5.307500000000000107e+00 1.730033490368742001e-25
5.307999999999999829e+00 1.711765453574030790e-25
5.308500000000000441e+00 1.693688621765024670e-25
5.309000000000000163e+00 1.675801011714122250e-25
5.309499999999999886e+00 1.658100660573528057e-25
5.310000000000000497e+00 1.640585625667887747e-25
5.310500000000000220e+00 1.623253984289052999e-25
5.310999999999999943e+00 1.606103833492637875e-25
5.311500000000000554e+00 1.589133289896857990e-25
5.312000000000000277e+00 1.572340489483488554e-25
5.312500000000000000e+00 1.555723587400440093e-25
5.312999999999999723e+00 1.539280757766703531e-25
5.313500000000000334e+00 1.523010193479099147e-25
5.314000000000000057e+00 1.506910106021043851e-25
5.314499999999999780e+00 1.490978725273114753e-25
5.315000000000000391e+00 1.475214299325645523e-25
5.315500000000000114e+00 1.459615094293242334e-25
5.315999999999999837e+00 1.444179394131013226e-25
5.316500000000000448e+00 1.428905500452769187e-25
5.317000000000000171e+00 1.413791732351149631e-25
5.317499999999999893e+00 1.398836426219258587e-25
5.318000000000000504e+00 1.384037935574415386e-25
5.318500000000000227e+00 1.369394630883611662e-25
5.318999999999999950e+00 1.354904899390544706e-25
5.319499999999999673e+00 1.340567144944622293e-25
5.320000000000000284e+00 1.326379787831559025e-25
5.320500000000000007e+00 1.312341264605835097e-25
5.320999999999999730e+00 1.298450027924590449e-25
5.321500000000000341e+00 1.284704546383447007e-25
5.322000000000000064e+00 1.271103304353914624e-25
5.322499999999999787e+00 1.257644801822309784e-25
5.323000000000000398e+00 1.244327554230490810e-25
5.323500000000000121e+00 1.231150092318145556e-25
5.323999999999999844e+00 1.218110961966543635e-25
5.324500000000000455e+00 1.205208724044050297e-25
5.325000000000000178e+00 1.192441954253142029e-25
5.325499999999999901e+00 1.179809242978887866e-25
5.326000000000000512e+00 1.167309195139013015e-25
5.326500000000000234e+00 1.154940430035629304e-25
5.326999999999999957e+00 1.142701581208136979e-25
5.327499999999999680e+00 1.130591296287936597e-25
5.328000000000000291e+00 1.118608236854403410e-25
5.328500000000000014e+00 1.106751078292496200e-25
5.328999999999999737e+00 1.095018509651545283e-25
5.329500000000000348e+00 1.083409233505754617e-25
5.330000000000000071e+00 1.071921965815984562e-25
5.330499999999999794e+00 1.060555435792824233e-25
5.331000000000000405e+00 1.049308385761276032e-25
5.331500000000000128e+00 1.038179571026686613e-25
5.331999999999999851e+00 1.027167759741972270e-25
5.332500000000000462e+00 1.016271732776296588e-25
5.333000000000000185e+00 1.005490283585107489e-25
5.333499999999999908e+00 9.948222180813157950e-26
5.334000000000000519e+00 9.842663545079240977e-26
5.334500000000000242e+00 9.738215233119998775e-26
5.334999999999999964e+00 9.634865670196861289e-26
5.335499999999999687e+00 9.532603401127108579e-26
5.336000000000000298e+00 9.431417089060485405e-26
5.336500000000000021e+00 9.331295514268622274e-26
5.336999999999999744e+00 9.232227572945977247e-26
5.337500000000000355e+00 9.134202276023297223e-26
5.338000000000000078e+00 9.037208747994244990e-26
5.338499999999999801e+00 8.941236225751663258e-26
5.339000000000000412e+00 8.846274057437380989e-26
5.339500000000000135e+00 8.752311701303476203e-26
5.339999999999999858e+00 8.659338724584200887e-26
5.340500000000000469e+00 8.567344802380056887e-26
5.341000000000000192e+00 8.476319716553702503e-26
5.341499999999999915e+00 8.386253354635257310e-26
5.342000000000000526e+00 8.297135708740590211e-26
5.342500000000000249e+00 8.208956874500121514e-26
5.342999999999999972e+00 8.121707049997410077e-26
5.343499999999999694e+00 8.035376534719837485e-26
5.344000000000000306e+00 7.949955728519083038e-26
5.344500000000000028e+00 7.865435130583338765e-26
5.344999999999999751e+00 7.781805338417907859e-26
5.345500000000000362e+00 7.699057046837874900e-26
5.346000000000000085e+00 7.617181046971121340e-26
5.346499999999999808e+00 7.536168225269668172e-26
5.347000000000000419e+00 7.456009562532708114e-26
5.347500000000000142e+00 7.376696132939689181e-26
5.347999999999999865e+00 7.298219103091415504e-26
5.348500000000000476e+00 7.220569731062808953e-26
5.349000000000000199e+00 7.143739365464584551e-26
5.349499999999999922e+00 7.067719444514054328e-26
5.350000000000000533e+00 6.992501495115645081e-26
5.350500000000000256e+00 6.918077131951689078e-26
5.350999999999999979e+00 6.844438056580478956e-26
5.351499999999999702e+00 6.771576056545410597e-26
5.352000000000000313e+00 6.699483004491953842e-26
5.352500000000000036e+00 6.628150857294622939e-26
5.352999999999999758e+00 6.557571655191516526e-26
5.353500000000000369e+00 6.487737520928674840e-26
5.354000000000000092e+00 6.418640658913254273e-26
5.354499999999999815e+00 6.350273354374211778e-26
5.355000000000000426e+00 6.282627972532454070e-26
5.355500000000000149e+00 6.215696957779808778e-26
5.355999999999999872e+00 6.149472832864572161e-26
5.356500000000000483e+00 6.083948198087396357e-26
5.357000000000000206e+00 6.019115730504354723e-26
5.357499999999999929e+00 5.954968183137801711e-26
5.358000000000000540e+00 5.891498384195857248e-26
5.358500000000000263e+00 5.828699236300213706e-26
5.358999999999999986e+00 5.766563715720363321e-26
5.359499999999999709e+00 5.705084871617020640e-26
5.360000000000000320e+00 5.644255825292610567e-26
5.360500000000000043e+00 5.584069769449876953e-26
5.360999999999999766e+00 5.524519967456955268e-26
5.361500000000000377e+00 5.465599752621136346e-26
5.362000000000000099e+00 5.407302527469771494e-26
5.362499999999999822e+00 5.349621763037579678e-26
5.363000000000000433e+00 5.292550998162374877e-26
5.363500000000000156e+00 5.236083838787684549e-26
5.363999999999999879e+00 5.180213957271772466e-26
5.364500000000000490e+00 5.124935091704450353e-26
5.365000000000000213e+00 5.070241045230983817e-26
5.365499999999999936e+00 5.016125685381845904e-26
5.366000000000000547e+00 4.962582943410421878e-26
5.366500000000000270e+00 4.909606813637204493e-26
5.366999999999999993e+00 4.857191352800007911e-26
5.367499999999999716e+00 4.805330679411620312e-26
5.368000000000000327e+00 4.754018973123483204e-26
5.368500000000000050e+00 4.703250474096570630e-26
5.368999999999999773e+00 4.653019482377438147e-26
5.369500000000000384e+00 4.603320357281853972e-26
5.370000000000000107e+00 4.554147516784298983e-26
5.370499999999999829e+00 4.505495436913250645e-26
5.371000000000000441e+00 4.457358651153319578e-26
5.371500000000000163e+00 4.409731749853253845e-26
5.371999999999999886e+00 4.362609379639702465e-26
5.372500000000000497e+00 4.315986242837127322e-26
5.373000000000000220e+00 4.269857096894214728e-26
5.373499999999999943e+00 4.224216753814918936e-26
5.374000000000000554e+00 4.179060079596413979e-26
5.374500000000000277e+00 4.134381993672568270e-26
5.375000000000000000e+00 4.090177468362382335e-26
5.375499999999999723e+00 4.046441528325049602e-26
5.376000000000000334e+00 4.003169250019867832e-26
5.376500000000000057e+00 3.960355761172278275e-26
5.376999999999999780e+00 3.917996240244586706e-26
5.377500000000000391e+00 3.876085915912665831e-26
5.378000000000000114e+00 3.834620066548247024e-26
5.378499999999999837e+00 3.793594019705398619e-26
5.379000000000000448e+00 3.753003151613515910e-26
5.379500000000000171e+00 3.712842886674894318e-26
5.379999999999999893e+00 3.673108696967218625e-26
5.380500000000000504e+00 3.633796101751527330e-26
5.381000000000000227e+00 3.594900666985420229e-26
5.381499999999999950e+00 3.556418004840377366e-26
5.381999999999999673e+00 3.518343773224860742e-26
5.382500000000000284e+00 3.480673675311933188e-26
5.383000000000000007e+00 3.443403459071858162e-26
5.383499999999999730e+00 3.406528916809188581e-26
5.384000000000000341e+00 3.370045884704834287e-26
5.384500000000000064e+00 3.333950242363032377e-26
5.384999999999999787e+00 3.298237912362233746e-26
5.385500000000000398e+00 3.262904859811328713e-26
5.386000000000000121e+00 3.227947091910260091e-26
5.386499999999999844e+00 3.193360657514584609e-26
5.387000000000000455e+00 3.159141646705186875e-26
5.387500000000000178e+00 3.125286190362226963e-26
5.387999999999999901e+00 3.091790459743029455e-26
5.388500000000000512e+00 3.058650666064741626e-26
5.389000000000000234e+00 3.025863060091330847e-26
5.389499999999999957e+00 2.993423931724282965e-26
5.389999999999999680e+00 2.961329609598020446e-26
5.390500000000000291e+00 2.929576460679141460e-26
5.391000000000000014e+00 2.898160889870203662e-26
5.391499999999999737e+00 2.867079339616818654e-26
5.392000000000000348e+00 2.836328289519396758e-26
5.392500000000000071e+00 2.805904255948929688e-26
5.392999999999999794e+00 2.775803791666014437e-26
5.393500000000000405e+00 2.746023485444520597e-26
5.394000000000000128e+00 2.716559961698863370e-26
5.394499999999999851e+00 2.687409880114827745e-26
5.395000000000000462e+00 2.658569935284571187e-26
5.395500000000000185e+00 2.630036856345340500e-26
5.395999999999999908e+00 2.601807406621426462e-26
5.396500000000000519e+00 2.573878383270371886e-26
5.397000000000000242e+00 2.546246616932584471e-26
5.397499999999999964e+00 2.518908971384376848e-26
5.397999999999999687e+00 2.491862343194807466e-26
5.398500000000000298e+00 2.465103661385879781e-26
5.399000000000000021e+00 2.438629887096490064e-26
5.399499999999999744e+00 2.412438013249371047e-26
5.400000000000000355e+00 2.386525064221821785e-26
5.400500000000000078e+00 2.360888095519864400e-26
5.400999999999999801e+00 2.335524193455334990e-26
5.401500000000000412e+00 2.310430474826656262e-26
5.402000000000000135e+00 2.285604086602922280e-26
5.402499999999999858e+00 2.261042205610824086e-26
5.403000000000000469e+00 2.236742038225214581e-26
5.403500000000000192e+00 2.212700820062735849e-26
5.403999999999999915e+00 2.188915815678369701e-26
5.404500000000000526e+00 2.165384318265348837e-26
5.405000000000000249e+00 2.142103649358283970e-26
5.405499999999999972e+00 2.119071158538816995e-26
5.405999999999999694e+00 2.096284223144810404e-26
5.406500000000000306e+00 2.073740247982293198e-26
5.407000000000000028e+00 2.051436665040545280e-26
5.407499999999999751e+00 2.029370933209713059e-26
5.408000000000000362e+00 2.007540538001772748e-26
5.408500000000000085e+00 1.985942991274252175e-26
5.408999999999999808e+00 1.964575830956524837e-26
5.409500000000000419e+00 1.943436620779206571e-26
5.410000000000000142e+00 1.922522950006383909e-26
5.410499999999999865e+00 1.901832433170198589e-26
5.411000000000000476e+00 1.881362709808589483e-26
5.411500000000000199e+00 1.861111444205633473e-26
5.411999999999999922e+00 1.841076325134303034e-26
5.412500000000000533e+00 1.821255065602140454e-26
5.413000000000000256e+00 1.801645402599586101e-26
5.413499999999999979e+00 1.782245096850581051e-26
5.413999999999999702e+00 1.763051932566042453e-26
5.414500000000000313e+00 1.744063717199753005e-26
5.415000000000000036e+00 1.725278281206841356e-26
5.415499999999999758e+00 1.706693477804540016e-26
5.416000000000000369e+00 1.688307182735663896e-26
5.416500000000000092e+00 1.670117294034438979e-26
5.416999999999999815e+00 1.652121731794632326e-26
5.417500000000000426e+00 1.634318437940136964e-26
5.418000000000000149e+00 1.616705375998135339e-26
5.418499999999999872e+00 1.599280530874138224e-26
5.419000000000000483e+00 1.582041908629757456e-26
5.419500000000000206e+00 1.564987536262685019e-26
5.419999999999999929e+00 1.548115461488670120e-26
5.420500000000000540e+00 1.531423752526093210e-26
5.421000000000000263e+00 1.514910497882621502e-26
5.421499999999999986e+00 1.498573806143970403e-26
5.421999999999999709e+00 1.482411805764979764e-26
5.422500000000000320e+00 1.466422644862753568e-26
5.423000000000000043e+00 1.450604491012082873e-26
5.423499999999999766e+00 1.434955531042713212e-26
5.424000000000000377e+00 1.419473970838918217e-26
5.424500000000000099e+00 1.404158035141172257e-26
5.424999999999999822e+00 1.389005967349611852e-26
5.425500000000000433e+00 1.374016029329792125e-26
5.426000000000000156e+00 1.359186501220370644e-26
5.426499999999999879e+00 1.344515681242642036e-26
5.427000000000000490e+00 1.330001885512187117e-26
5.427500000000000213e+00 1.315643447852545844e-26
5.427999999999999936e+00 1.301438719610493085e-26
5.428500000000000547e+00 1.287386069473506961e-26
5.429000000000000270e+00 1.273483883289143492e-26
5.429499999999999993e+00 1.259730563885975745e-26
5.429999999999999716e+00 1.246124530896683656e-26
5.430500000000000327e+00 1.232664220582834491e-26
5.431000000000000050e+00 1.219348085661568308e-26
5.431499999999999773e+00 1.206174595133883806e-26
5.432000000000000384e+00 1.193142234114870654e-26
5.432500000000000107e+00 1.180249503665730458e-26
5.432999999999999829e+00 1.167494920627285030e-26
5.433500000000000441e+00 1.154877017455469173e-26
5.434000000000000163e+00 1.142394342058462432e-26
5.434499999999999886e+00 1.130045457635346762e-26
5.435000000000000497e+00 1.117828942516600458e-26
5.435500000000000220e+00 1.105743390006258632e-26
5.435999999999999943e+00 1.093787408225517070e-26
5.436500000000000554e+00 1.081959619958120145e-26
5.437000000000000277e+00 1.070258662497368909e-26
5.437500000000000000e+00 1.058683187494525509e-26
5.437999999999999723e+00 1.047231860808963633e-26
5.438500000000000334e+00 1.035903362359800516e-26
5.439000000000000057e+00 1.024696385979105216e-26
5.439499999999999780e+00 1.013609639266504231e-26
5.440000000000000391e+00 1.002641843445436268e-26
5.440500000000000114e+00 9.917917332208858662e-27
5.440999999999999837e+00 9.810580566384114557e-27
5.441500000000000448e+00 9.704395749448534417e-27
5.442000000000000171e+00 9.599350624503975753e-27
5.442499999999999893e+00 9.495433063920114096e-27
5.443000000000000504e+00 9.392631067983306079e-27
5.443500000000000227e+00 9.290932763560645570e-27
5.443999999999999950e+00 9.190326402775563793e-27
5.444499999999999673e+00 9.090800361698707166e-27
5.445000000000000284e+00 8.992343139052349377e-27
5.445500000000000007e+00 8.894943354927948862e-27
5.445999999999999730e+00 8.798589749516312135e-27
5.446500000000000341e+00 8.703271181851869653e-27
5.447000000000000064e+00 8.608976628570183163e-27
5.447499999999999787e+00 8.515695182676857876e-27
5.448000000000000398e+00 8.423416052330450940e-27
5.448500000000000121e+00 8.332128559638460731e-27
5.448999999999999844e+00 8.241822139463749522e-27
5.449500000000000455e+00 8.152486338245214997e-27
5.450000000000000178e+00 8.064110812830533834e-27
5.450499999999999901e+00 7.976685329319634253e-27
5.451000000000000512e+00 7.890199761921654032e-27
5.451500000000000234e+00 7.804644091823342092e-27
5.451999999999999957e+00 7.720008406068364106e-27
5.452499999999999680e+00 7.636282896449516735e-27
5.453000000000000291e+00 7.553457858411382422e-27
5.453500000000000014e+00 7.471523689965499629e-27
5.453999999999999737e+00 7.390470890615085405e-27
5.454500000000000348e+00 7.310290060292567579e-27
5.455000000000000071e+00 7.230971898307754073e-27
5.455499999999999794e+00 7.152507202305940546e-27
5.456000000000000405e+00 7.074886867237879165e-27
5.456500000000000128e+00 6.998101884340621270e-27
5.456999999999999851e+00 6.922143340127474719e-27
5.457500000000000462e+00 6.847002415390034720e-27
5.458000000000000185e+00 6.772670384210185996e-27
5.458499999999999908e+00 6.699138612981453519e-27
5.459000000000000519e+00 6.626398559441504076e-27
5.459500000000000242e+00 6.554441771714811443e-27
5.459999999999999964e+00 6.483259887364143511e-27
5.460499999999999687e+00 6.412844632452987871e-27
5.461000000000000298e+00 6.343187820617295847e-27
5.461500000000000021e+00 6.274281352147096673e-27
5.461999999999999744e+00 6.206117213077156050e-27
5.462500000000000355e+00 6.138687474287331946e-27
5.463000000000000078e+00 6.071984290613095440e-27
5.463499999999999801e+00 6.005999899963556252e-27
5.464000000000000412e+00 5.940726622450233736e-27
5.464500000000000135e+00 5.876156859524555839e-27
5.464999999999999858e+00 5.812283093123329093e-27
5.465500000000000469e+00 5.749097884824404495e-27
5.466000000000000192e+00 5.686593875010602132e-27
5.466499999999999915e+00 5.624763782041976325e-27
5.467000000000000526e+00 5.563600401437145952e-27
5.467500000000000249e+00 5.503096605063249402e-27
5.467999999999999972e+00 5.443245340333733544e-27
5.468499999999999694e+00 5.384039629415049289e-27
5.469000000000000306e+00 5.325472568441252185e-27
5.469500000000000028e+00 5.267537326737338152e-27
5.469999999999999751e+00 5.210227146049695021e-27
5.470500000000000362e+00 5.153535339785308590e-27
5.471000000000000085e+00 5.097455292259185081e-27
5.471499999999999808e+00 5.041980457948358488e-27
5.472000000000000419e+00 4.987104360754803823e-27
5.472500000000000142e+00 4.932820593275941130e-27
5.472999999999999865e+00 4.879122816081891566e-27
5.473500000000000476e+00 4.826004757001175894e-27
5.474000000000000199e+00 4.773460210413607702e-27
5.474499999999999922e+00 4.721483036550036270e-27
5.475000000000000533e+00 4.670067160800110689e-27
5.475500000000000256e+00 4.619206573027004821e-27
5.475999999999999979e+00 4.568895326888998358e-27
5.476499999999999702e+00 4.519127539168386060e-27
5.477000000000000313e+00 4.469897389107419593e-27
5.477500000000000036e+00 4.421199117751324277e-27
5.477999999999999758e+00 4.373027027297529803e-27
5.478500000000000369e+00 4.325375480452173887e-27
5.479000000000000092e+00 4.278238899793698070e-27
5.479499999999999815e+00 4.231611767142047630e-27
5.480000000000000426e+00 4.185488622935242726e-27
5.480500000000000149e+00 4.139864065612505023e-27
5.480999999999999872e+00 4.094732751003106100e-27
5.481500000000000483e+00 4.050089391722221176e-27
5.482000000000000206e+00 4.005928756573159672e-27
5.482499999999999929e+00 3.962245669955146077e-27
5.483000000000000540e+00 3.919035011277888748e-27
5.483500000000000263e+00 3.876291714382329669e-27
5.483999999999999986e+00 3.834010766966779509e-27
5.484499999999999709e+00 3.792187210019675581e-27
5.485000000000000320e+00 3.750816137257994160e-27
5.485500000000000043e+00 3.709892694571812178e-27
5.485999999999999766e+00 3.669412079473951444e-27
5.486500000000000377e+00 3.629369540556204176e-27
5.487000000000000099e+00 3.589760376950902198e-27
5.487499999999999822e+00 3.550579937797912331e-27
5.488000000000000433e+00 3.511823621717337067e-27
5.488500000000000156e+00 3.473486876288188846e-27
5.488999999999999879e+00 3.435565197531519081e-27
5.489500000000000490e+00 3.398054129399842213e-27
5.490000000000000213e+00 3.360949263271691076e-27
5.490499999999999936e+00 3.324246237451020897e-27
5.491000000000000547e+00 3.287940736672213807e-27
5.491500000000000270e+00 3.252028491610559068e-27
5.491999999999999993e+00 3.216505278397047755e-27
5.492499999999999716e+00 3.181366918138925103e-27
5.493000000000000327e+00 3.146609276444908884e-27
5.493500000000000050e+00 3.112228262955730295e-27
5.493999999999999773e+00 3.078219830878980716e-27
5.494500000000000384e+00 3.044579976529409042e-27
5.495000000000000107e+00 3.011304738873862094e-27
5.495499999999999829e+00 2.978390199080688731e-27
5.496000000000000441e+00 2.945832480074184161e-27
5.496500000000000163e+00 2.913627746093878207e-27
5.496999999999999886e+00 2.881772202257724078e-27
5.497500000000000497e+00 2.850262094130492696e-27
5.498000000000000220e+00 2.819093707296731190e-27
5.498499999999999943e+00 2.788263366937506002e-27
5.499000000000000554e+00 2.757767437412308520e-27
5.499500000000000277e+00 2.727602321845086851e-27
5.500000000000000000e+00 2.697764461714346329e-27
5.500499999999999723e+00 2.668250336447987097e-27
5.501000000000000334e+00 2.639056463022019215e-27
5.501500000000000057e+00 2.610179395563860225e-27
5.501999999999999780e+00 2.581615724959280661e-27
5.502500000000000391e+00 2.553362078463863492e-27
5.503000000000000114e+00 2.525415119318598310e-27
5.503499999999999837e+00 2.497771546368983567e-27
5.504000000000000448e+00 2.470428093688658883e-27
5.504500000000000171e+00 2.443381530206961886e-27
5.504999999999999893e+00 2.416628659339769966e-27
5.505500000000000504e+00 2.390166318625005907e-27
5.506000000000000227e+00 2.363991379361574797e-27
5.506499999999999950e+00 2.338100746251951757e-27
5.506999999999999673e+00 2.312491357048829439e-27
5.507500000000000284e+00 2.287160182205228381e-27
5.508000000000000007e+00 2.262104224528627303e-27
5.508499999999999730e+00 2.237320518838113221e-27
5.509000000000000341e+00 2.212806131625701464e-27
5.509500000000000064e+00 2.188558160721086967e-27
5.509999999999999787e+00 2.164573734959540570e-27
5.510500000000000398e+00 2.140850013853774333e-27
5.511000000000000121e+00 2.117384187269059840e-27
5.511499999999999844e+00 2.094173475101635709e-27
5.512000000000000455e+00 2.071215126960574375e-27
5.512500000000000178e+00 2.048506421853242641e-27
5.512999999999999901e+00 2.026044667873556402e-27
5.513500000000000512e+00 2.003827201893890852e-27
5.514000000000000234e+00 1.981851389260259095e-27
5.514499999999999957e+00 1.960114623490284938e-27
5.514999999999999680e+00 1.938614325974828995e-27
5.515500000000000291e+00 1.917347945682407900e-27
5.516000000000000014e+00 1.896312958867011062e-27
5.516499999999999737e+00 1.875506868778604331e-27
5.517000000000000348e+00 1.854927205377027630e-27
5.517500000000000071e+00 1.834571525048804062e-27
5.517999999999999794e+00 1.814437410326723806e-27
5.518500000000000405e+00 1.794522469612657688e-27
5.519000000000000128e+00 1.774824336903197199e-27
5.519499999999999851e+00 1.755340671518004383e-27
5.520000000000000462e+00 1.736069157831208073e-27
5.520500000000000185e+00 1.717007505005733848e-27
5.520999999999999908e+00 1.698153446729993730e-27
5.521500000000000519e+00 1.679504740957790478e-27
5.522000000000000242e+00 1.661059169650805835e-27
5.522499999999999964e+00 1.642814538523633267e-27
5.522999999999999687e+00 1.624768676791764138e-27
5.523500000000000298e+00 1.606919436922003227e-27
5.524000000000000021e+00 1.589264694385739574e-27
5.524499999999999744e+00 1.571802347414504606e-27
5.525000000000000355e+00 1.554530316758343971e-27
5.525500000000000078e+00 1.537446545446772262e-27
5.525999999999999801e+00 1.520548998551923884e-27
5.526500000000000412e+00 1.503835662954529310e-27
5.527000000000000135e+00 1.487304547112338241e-27
5.527499999999999858e+00 1.470953680830617862e-27
5.528000000000000469e+00 1.454781115035487231e-27
5.528500000000000192e+00 1.438784921549566392e-27
5.528999999999999915e+00 1.422963192869640481e-27
5.529500000000000526e+00 1.407314041947128237e-27
5.530000000000000249e+00 1.391835601970635807e-27
5.530499999999999972e+00 1.376526026150723407e-27
5.530999999999999694e+00 1.361383487507108659e-27
5.531500000000000306e+00 1.346406178658032741e-27
5.532000000000000028e+00 1.331592311611893711e-27
5.532499999999999751e+00 1.316940117560969816e-27
5.533000000000000362e+00 1.302447846677368195e-27
5.533500000000000085e+00 1.288113767911288837e-27
5.533999999999999808e+00 1.273936168791099785e-27
5.534500000000000419e+00 1.259913355225717189e-27
5.535000000000000142e+00 1.246043651309173817e-27
5.535499999999999865e+00 1.232325399126951256e-27
5.536000000000000476e+00 1.218756958564545963e-27
5.536500000000000199e+00 1.205336707118155220e-27
5.536999999999999922e+00 1.192063039707065118e-27
5.537500000000000533e+00 1.178934368488243293e-27
5.538000000000000256e+00 1.165949122672910798e-27
5.538499999999999979e+00 1.153105748344806114e-27
5.538999999999999702e+00 1.140402708280651417e-27
5.539500000000000313e+00 1.127838481772305069e-27
5.540000000000000036e+00 1.115411564451004083e-27
5.540499999999999758e+00 1.103120468113162769e-27
5.541000000000000369e+00 1.090963720548251134e-27
5.541500000000000092e+00 1.078939865368512496e-27
5.541999999999999815e+00 1.067047461840221503e-27
5.542500000000000426e+00 1.055285084716956969e-27
5.543000000000000149e+00 1.043651324074655994e-27
5.543499999999999872e+00 1.032144785148162567e-27
5.544000000000000483e+00 1.020764088169726594e-27
5.544500000000000206e+00 1.009507868209230223e-27
5.544999999999999929e+00 9.983747750158535864e-28
5.545500000000000540e+00 9.873634728616746421e-28
5.546000000000000263e+00 9.764726403868282527e-28
5.546499999999999986e+00 9.657009704462436824e-28
5.546999999999999709e+00 9.550471699580598863e-28
5.547500000000000320e+00 9.445099597536488188e-28
5.548000000000000043e+00 9.340880744292577003e-28
5.548499999999999766e+00 9.237802621990779635e-28
5.549000000000000377e+00 9.135852847500025728e-28
5.549500000000000099e+00 9.035019170979371940e-28
5.549999999999999822e+00 8.935289474454743673e-28
5.550500000000000433e+00 8.836651770412104956e-28
5.551000000000000156e+00 8.739094200405662802e-28
5.551499999999999879e+00 8.642605033679306996e-28
5.552000000000000490e+00 8.547172665803947113e-28
5.552500000000000213e+00 8.452785617329423035e-28
5.552999999999999936e+00 8.359432532449234778e-28
5.553500000000000547e+00 8.267102177680620674e-28
5.554000000000000270e+00 8.175783440559045847e-28
5.554499999999999993e+00 8.085465328344534229e-28
5.554999999999999716e+00 7.996136966743603645e-28
5.555500000000000327e+00 7.907787598643879403e-28
5.556000000000000050e+00 7.820406582862765701e-28
5.556499999999999773e+00 7.733983392907856560e-28
5.557000000000000384e+00 7.648507615752213522e-28
5.557500000000000107e+00 7.563968950621929931e-28
5.557999999999999829e+00 7.480357207796054446e-28
5.558500000000000441e+00 7.397662307419774197e-28
5.559000000000000163e+00 7.315874278330633380e-28
5.559499999999999886e+00 7.234983256895611586e-28
5.560000000000000497e+00 7.154979485862156807e-28
5.560500000000000220e+00 7.075853313221053936e-28
5.560999999999999943e+00 6.997595191080138633e-28
5.561500000000000554e+00 6.920195674551463661e-28
5.562000000000000277e+00 6.843645420649900713e-28
5.562500000000000000e+00 6.767935187202479106e-28
5.562999999999999723e+00 6.693055831770425383e-28
5.563500000000000334e+00 6.618998310581894050e-28
5.564000000000000057e+00 6.545753677477021664e-28
5.564499999999999780e+00 6.473313082862457728e-28
5.565000000000000391e+00 6.401667772678411773e-28
5.565500000000000114e+00 6.330809087376769112e-28
5.565999999999999837e+00 6.260728460908540828e-28
5.566500000000000448e+00 6.191417419723434420e-28
5.567000000000000171e+00 6.122867581780145173e-28
5.567499999999999893e+00 6.055070655565656196e-28
5.568000000000000504e+00 5.988018439126526396e-28
5.568500000000000227e+00 5.921702819109892932e-28
5.568999999999999950e+00 5.856115769814296654e-28
5.569499999999999673e+00 5.791249352250947550e-28
5.570000000000000284e+00 5.727095713214979108e-28
5.570500000000000007e+00 5.663647084366771383e-28
5.570999999999999730e+00 5.600895781322168851e-28
5.571500000000000341e+00 5.538834202753182203e-28
5.572000000000000064e+00 5.477454829498341848e-28
5.572499999999999787e+00 5.416750223681560535e-28
5.573000000000000398e+00 5.356713027841183987e-28
5.573500000000000121e+00 5.297335964068388301e-28
5.573999999999999844e+00 5.238611833153838958e-28
5.574500000000000455e+00 5.180533513744191654e-28
5.575000000000000178e+00 5.123093961507683416e-28
5.575499999999999901e+00 5.066286208307683086e-28
5.576000000000000512e+00 5.010103361385785886e-28
5.576500000000000234e+00 4.954538602553852073e-28
5.576999999999999957e+00 4.899585187393434597e-28
5.577499999999999680e+00 4.845236444464884443e-28
5.578000000000000291e+00 4.791485774524373218e-28
5.578500000000000014e+00 4.738326649749443688e-28
5.578999999999999737e+00 4.685752612972425534e-28
5.579500000000000348e+00 4.633757276922179969e-28
5.580000000000000071e+00 4.582334323474495194e-28
5.580499999999999794e+00 4.531477502909340813e-28
5.581000000000000405e+00 4.481180633176719275e-28
5.581500000000000128e+00 4.431437599170700890e-28
5.581999999999999851e+00 4.382242352010100788e-28
5.582500000000000462e+00 4.333588908327643475e-28
5.583000000000000185e+00 4.285471349566771088e-28
5.583499999999999908e+00 4.237883821285047838e-28
5.584000000000000519e+00 4.190820532465933681e-28
5.584500000000000242e+00 4.144275754837658200e-28
5.584999999999999964e+00 4.098243822198785744e-28
5.585499999999999687e+00 4.052719129751648465e-28
5.586000000000000298e+00 4.007696133442429805e-28
5.586500000000000021e+00 3.963169349308887190e-28
5.586999999999999744e+00 3.919133352833984842e-28
5.587500000000000355e+00 3.875582778307309284e-28
5.588000000000000078e+00 3.832512318193179702e-28
5.588499999999999801e+00 3.789916722505004717e-28
5.589000000000000412e+00 3.747790798186581544e-28
5.589500000000000135e+00 3.706129408500467544e-28
5.589999999999999858e+00 3.664927472421828739e-28
5.590500000000000469e+00 3.624179964039576855e-28
5.591000000000000192e+00 3.583881911963958188e-28
5.591499999999999915e+00 3.544028398739576349e-28
5.592000000000000526e+00 3.504614560265587875e-28
5.592500000000000249e+00 3.465635585221875219e-28
5.592999999999999972e+00 3.427086714500781432e-28
5.593499999999999694e+00 3.388963240645598882e-28
5.594000000000000306e+00 3.351260507294671240e-28
5.594500000000000028e+00 3.313973908631836956e-28
5.594999999999999751e+00 3.277098888841852391e-28
5.595500000000000362e+00 3.240630941572553733e-28
5.596000000000000085e+00 3.204565609402606176e-28
5.596499999999999808e+00 3.168898483314148448e-28
5.597000000000000419e+00 3.133625202172104830e-28
5.597500000000000142e+00 3.098741452208542295e-28
5.597999999999999865e+00 3.064242966512359314e-28
5.598500000000000476e+00 3.030125524524760111e-28
5.599000000000000199e+00 2.996384951540189281e-28
5.599499999999999922e+00 2.963017118212084625e-28
5.600000000000000533e+00 2.930017940064338323e-28
5.600500000000000256e+00 2.897383377008132808e-28
5.600999999999999979e+00 2.865109432863233893e-28
5.601499999999999702e+00 2.833192154885081463e-28
5.602000000000000313e+00 2.801627633296621712e-28
5.602500000000000036e+00 2.770412000825379113e-28
5.602999999999999758e+00 2.739541432244939904e-28
5.603500000000000369e+00 2.709012143921931800e-28
5.604000000000000092e+00 2.678820393367717447e-28
5.604499999999999815e+00 2.648962478794420922e-28
5.605000000000000426e+00 2.619434738676275122e-28
5.605500000000000149e+00 2.590233551315521924e-28
5.605999999999999872e+00 2.561355334412614887e-28
5.606500000000000483e+00 2.532796544641300714e-28
5.607000000000000206e+00 2.504553677228476796e-28
5.607499999999999929e+00 2.476623265537927087e-28
5.608000000000000540e+00 2.449001880658977561e-28
5.608500000000000263e+00 2.421686130999583348e-28
5.608999999999999986e+00 2.394672661883349378e-28
5.609499999999999709e+00 2.367958155151277766e-28
5.610000000000000320e+00 2.341539328767523594e-28
5.610500000000000043e+00 2.315412936429714205e-28
5.610999999999999766e+00 2.289575767182842376e-28
5.611500000000000377e+00 2.264024645037790281e-28
5.612000000000000099e+00 2.238756428593981106e-28
5.612499999999999822e+00 2.213768010665533701e-28
5.613000000000000433e+00 2.189056317911907657e-28
5.613500000000000156e+00 2.164618310472541072e-28
5.613999999999999879e+00 2.140450981604872071e-28
5.614500000000000490e+00 2.116551357326780344e-28
5.615000000000000213e+00 2.092916496062747404e-28
5.615499999999999936e+00 2.069543488293438701e-28
5.616000000000000547e+00 2.046429456209516984e-28
5.616500000000000270e+00 2.023571553368972137e-28
5.616999999999999993e+00 2.000966964358009864e-28
5.617499999999999716e+00 1.978612904455692719e-28
5.618000000000000327e+00 1.956506619302173837e-28
5.618500000000000050e+00 1.934645384570633683e-28
5.618999999999999773e+00 1.913026505642223870e-28
5.619500000000000384e+00 1.891647317285117799e-28
5.620000000000000107e+00 1.870505183336691459e-28
5.620499999999999829e+00 1.849597496389013528e-28
5.621000000000000441e+00 1.828921677477903079e-28
5.621500000000000163e+00 1.808475175775373936e-28
5.621999999999999886e+00 1.788255468285063685e-28
5.622500000000000497e+00 1.768260059541191270e-28
5.623000000000000220e+00 1.748486481310838464e-28
5.623499999999999943e+00 1.728932292299000309e-28
5.624000000000000554e+00 1.709595077857175125e-28
5.624500000000000277e+00 1.690472449695114946e-28
5.625000000000000000e+00 1.671562045595264888e-28
5.625499999999999723e+00 1.652861529130670776e-28
5.626000000000000334e+00 1.634368589385730410e-28
5.626500000000000057e+00 1.616080940680083728e-28
5.626999999999999780e+00 1.597996322295151097e-28
5.627500000000000391e+00 1.580112498203959155e-28
5.628000000000000114e+00 1.562427256803789653e-28
5.628499999999999837e+00 1.544938410651434049e-28
5.629000000000000448e+00 1.527643796201626905e-28
5.629500000000000171e+00 1.510541273548204093e-28
5.629999999999999893e+00 1.493628726167838933e-28
5.630500000000000504e+00 1.476904060666747524e-28
5.631000000000000227e+00 1.460365206530143299e-28
5.631499999999999950e+00 1.444010115874129850e-28
5.631999999999999673e+00 1.427836763200514945e-28
5.632500000000000284e+00 1.411843145154109901e-28
5.633000000000000007e+00 1.396027280282790962e-28
5.633499999999999730e+00 1.380387208799926965e-28
5.634000000000000341e+00 1.364920992349464103e-28
5.634500000000000064e+00 1.349626713773707672e-28
5.634999999999999787e+00 1.334502476883223035e-28
5.635500000000000398e+00 1.319546406229510705e-28
5.636000000000000121e+00 1.304756646880151531e-28
5.636499999999999844e+00 1.290131364196048667e-28
5.637000000000000455e+00 1.275668743611405781e-28
5.637500000000000178e+00 1.261366990415945987e-28
5.637999999999999901e+00 1.247224329539402233e-28
5.638500000000000512e+00 1.233239005338375099e-28
5.639000000000000234e+00 1.219409281385646332e-28
5.639499999999999957e+00 1.205733440261410942e-28
5.639999999999999680e+00 1.192209783347095974e-28
5.640500000000000291e+00 1.178836630621180106e-28
5.641000000000000014e+00 1.165612320457391880e-28
5.641499999999999737e+00 1.152535209424850456e-28
5.642000000000000348e+00 1.139603672090535892e-28
5.642500000000000071e+00 1.126816100823906885e-28
5.642999999999999794e+00 1.114170905603429878e-28
5.643500000000000405e+00 1.101666513825350701e-28
5.644000000000000128e+00 1.089301370114590127e-28
5.644499999999999851e+00 1.077073936137406185e-28
5.645000000000000462e+00 1.064982690416319851e-28
5.645500000000000185e+00 1.053026128147015115e-28
5.645999999999999908e+00 1.041202761017029567e-28
5.646500000000000519e+00 1.029511117026596260e-28
5.647000000000000242e+00 1.017949740311361290e-28
5.647499999999999964e+00 1.006517190966909508e-28
5.647999999999999687e+00 9.952120448753136979e-29
5.648500000000000298e+00 9.840328935334873994e-29
5.649000000000000021e+00 9.729783438834581798e-29
5.649499999999999744e+00 9.620470181443231379e-29
5.650000000000000355e+00 9.512375536461235138e-29
5.650500000000000078e+00 9.405486026655951323e-29
5.650999999999999801e+00 9.299788322634620692e-29
5.651500000000000412e+00 9.195269241236589521e-29
5.652000000000000135e+00 9.091915743943066781e-29
5.652499999999999858e+00 8.989714935302133047e-29
5.653000000000000469e+00 8.888654061372763345e-29
5.653500000000000192e+00 8.788720508185161119e-29
5.653999999999999915e+00 8.689901800216525527e-29
5.654500000000000526e+00 8.592185598884504258e-29
5.655000000000000249e+00 8.495559701057098703e-29
5.655499999999999972e+00 8.400012037577167300e-29
5.655999999999999694e+00 8.305530671804328519e-29
5.656500000000000306e+00 8.212103798171694069e-29
5.657000000000000028e+00 8.119719740759427774e-29
5.657499999999999751e+00 8.028366951881519260e-29
5.658000000000000362e+00 7.938034010689950553e-29
5.658500000000000085e+00 7.848709621793195157e-29
5.658999999999999808e+00 7.760382613888929668e-29
5.659500000000000419e+00 7.673041938412363693e-29
5.660000000000000142e+00 7.586676668199576000e-29
5.660499999999999865e+00 7.501275996163678708e-29
5.661000000000000476e+00 7.416829233986681631e-29
5.661500000000000199e+00 7.333325810825385299e-29
5.661999999999999922e+00 7.250755272030196193e-29
5.662500000000000533e+00 7.169107277879156717e-29
5.663000000000000256e+00 7.088371602325122714e-29
5.663499999999999979e+00 7.008538131755478680e-29
5.663999999999999702e+00 6.929596863767180940e-29
5.664500000000000313e+00 6.851537905953334073e-29
5.665000000000000036e+00 6.774351474704466391e-29
5.665499999999999758e+00 6.698027894020623454e-29
5.666000000000000369e+00 6.622557594338544026e-29
5.666500000000000092e+00 6.547931111370446645e-29
5.666999999999999815e+00 6.474139084954996264e-29
5.667500000000000426e+00 6.401172257921393783e-29
5.668000000000000149e+00 6.329021474966162462e-29
5.668499999999999872e+00 6.257677681540293854e-29
5.669000000000000483e+00 6.187131922750509856e-29
5.669500000000000206e+00 6.117375342271417897e-29
5.669999999999999929e+00 6.048399181269096236e-29
5.670500000000000540e+00 5.980194777336950149e-29
5.671000000000000263e+00 5.912753563443407409e-29
5.671499999999999986e+00 5.846067066889824187e-29
5.671999999999999709e+00 5.780126908280446598e-29
5.672500000000000320e+00 5.714924800503675691e-29
5.673000000000000043e+00 5.650452547724439684e-29
5.673499999999999766e+00 5.586702044386267671e-29
5.674000000000000377e+00 5.523665274225549016e-29
5.674500000000000099e+00 5.461334309296373121e-29
5.674999999999999822e+00 5.399701309004834114e-29
5.675500000000000433e+00 5.338758519154745476e-29
5.676000000000000156e+00 5.278498271003986594e-29
5.676499999999999879e+00 5.218912980329628176e-29
5.677000000000000490e+00 5.159995146504562882e-29
5.677500000000000213e+00 5.101737351584048178e-29
5.677999999999999936e+00 5.044132259401123901e-29
5.678500000000000547e+00 4.987172614672721162e-29
5.679000000000000270e+00 4.930851242115731685e-29
5.679499999999999993e+00 4.875161045571246710e-29
5.679999999999999716e+00 4.820095007139990038e-29
5.680500000000000327e+00 4.765646186325926240e-29
5.681000000000000050e+00 4.711807719189922350e-29
5.681499999999999773e+00 4.658572817511836963e-29
5.682000000000000384e+00 4.605934767962249148e-29
5.682500000000000107e+00 4.553886931283419111e-29
5.682999999999999829e+00 4.502422741478158913e-29
5.683500000000000441e+00 4.451535705008351405e-29
5.684000000000000163e+00 4.401219400002099479e-29
5.684499999999999886e+00 4.351467475468901398e-29
5.685000000000000497e+00 4.302273650523863384e-29
5.685500000000000220e+00 4.253631713620563249e-29
5.685999999999999943e+00 4.205535521791325793e-29
5.686500000000000554e+00 4.157978999896543283e-29
5.687000000000000277e+00 4.110956139882019786e-29
5.687500000000000000e+00 4.064461000044136975e-29
5.687999999999999723e+00 4.018487704302954093e-29
5.688500000000000334e+00 3.973030441483661900e-29
5.689000000000000057e+00 3.928083464605544210e-29
5.689499999999999780e+00 3.883641090178391543e-29
5.690000000000000391e+00 3.839697697507006422e-29
5.690500000000000114e+00 3.796247728003205070e-29
5.690999999999999837e+00 3.753285684505017287e-29
5.691500000000000448e+00 3.710806130603459505e-29
5.692000000000000171e+00 3.668803689976823296e-29
5.692499999999999893e+00 3.627273045731681136e-29
5.693000000000000504e+00 3.586208939751472069e-29
5.693500000000000227e+00 3.545606172052426264e-29
5.693999999999999950e+00 3.505459600145459656e-29
5.694500000000000561e+00 3.465764138406193311e-29
5.695000000000000284e+00 3.426514757451247817e-29
5.695500000000000007e+00 3.387706483521086215e-29
5.695999999999999730e+00 3.349334397870254666e-29
5.696500000000000341e+00 3.311393636163428417e-29
5.697000000000000064e+00 3.273879387878987228e-29
5.697499999999999787e+00 3.236786895718080522e-29
5.698000000000000398e+00 3.200111455020789270e-29
5.698500000000000121e+00 3.163848413188534868e-29
5.698999999999999844e+00 3.127993169112597111e-29
5.699500000000000455e+00 3.092541172608761452e-29
5.700000000000000178e+00 3.057487923858745178e-29
5.700499999999999901e+00 3.022828972856814553e-29
5.701000000000000512e+00 2.988559918863008815e-29
5.701500000000000234e+00 2.954676409862468212e-29
5.701999999999999957e+00 2.921174142029814016e-29
5.702499999999999680e+00 2.888048859200408902e-29
5.703000000000000291e+00 2.855296352346418737e-29
5.703500000000000014e+00 2.822912459059646009e-29
5.703999999999999737e+00 2.790893063038738104e-29
5.704500000000000348e+00 2.759234093582911625e-29
5.705000000000000071e+00 2.727931525091148499e-29
5.705499999999999794e+00 2.696981376566097644e-29
5.706000000000000405e+00 2.666379711124247729e-29
5.706500000000000128e+00 2.636122635511197294e-29
5.706999999999999851e+00 2.606206299621676957e-29
5.707500000000000462e+00 2.576626896025455393e-29
5.708000000000000185e+00 2.547380659498357803e-29
5.708499999999999908e+00 2.518463866557891024e-29
5.709000000000000519e+00 2.489872835004406838e-29
5.709500000000000242e+00 2.461603923467228691e-29
5.709999999999999964e+00 2.433653530955372141e-29
5.710499999999999687e+00 2.406018096413693938e-29
5.711000000000000298e+00 2.378694098283292370e-29
5.711500000000000021e+00 2.351678054067387793e-29
5.711999999999999744e+00 2.324966519901222942e-29
5.712500000000000355e+00 2.298556090127102911e-29
5.713000000000000078e+00 2.272443396874157797e-29
5.713499999999999801e+00 2.246625109642238892e-29
5.714000000000000412e+00 2.221097934890617126e-29
5.714500000000000135e+00 2.195858615631457131e-29
5.714999999999999858e+00 2.170903931027090790e-29
5.715500000000000469e+00 2.146230695992288936e-29
5.716000000000000192e+00 2.121835760800497885e-29
5.716499999999999915e+00 2.097716010694532659e-29
5.717000000000000526e+00 2.073868365501458688e-29
5.717500000000000249e+00 2.050289779251826789e-29
5.717999999999999972e+00 2.026977239802774604e-29
5.718499999999999694e+00 2.003927768465507101e-29
5.719000000000000306e+00 1.981138419636787584e-29
5.719500000000000028e+00 1.958606280434479864e-29
5.719999999999999751e+00 1.936328470336766313e-29
5.720500000000000362e+00 1.914302140825785892e-29
5.721000000000000085e+00 1.892524475035016730e-29
5.721499999999999808e+00 1.870992687400113186e-29
5.722000000000000419e+00 1.849704023314149992e-29
5.722500000000000142e+00 1.828655758786366283e-29
5.722999999999999865e+00 1.807845200104403334e-29
5.723500000000000476e+00 1.787269683500683991e-29
5.724000000000000199e+00 1.766926574822300659e-29
5.724499999999999922e+00 1.746813269204135530e-29
5.725000000000000533e+00 1.726927190746116047e-29
5.725500000000000256e+00 1.707265792193714365e-29
5.725999999999999979e+00 1.687826554621852257e-29
5.726499999999999702e+00 1.668606987122478535e-29
5.727000000000000313e+00 1.649604626495399731e-29
5.727500000000000036e+00 1.630817036942725845e-29
5.727999999999999758e+00 1.612241809766285447e-29
5.728500000000000369e+00 1.593876563068657245e-29
5.729000000000000092e+00 1.575718941457447068e-29
5.729499999999999815e+00 1.557766615752596687e-29
5.730000000000000426e+00 1.540017282697081553e-29
5.730500000000000149e+00 1.522468664670858128e-29
5.730999999999999872e+00 1.505118509407614103e-29
5.731500000000000483e+00 1.487964589714907800e-29
5.732000000000000206e+00 1.471004703197324277e-29
5.732499999999999929e+00 1.454236671982577536e-29
5.733000000000000540e+00 1.437658342450577028e-29
5.733500000000000263e+00 1.421267584965743497e-29
5.733999999999999986e+00 1.405062293611854158e-29
5.734499999999999709e+00 1.389040385930092935e-29
5.735000000000000320e+00 1.373199802659832384e-29
5.735500000000000043e+00 1.357538507482354981e-29
5.735999999999999766e+00 1.342054486767280878e-29
5.736500000000000377e+00 1.326745749321724549e-29
5.737000000000000099e+00 1.311610326142556992e-29
5.737499999999999822e+00 1.296646270170818362e-29
5.738000000000000433e+00 1.281851656049256906e-29
5.738500000000000156e+00 1.267224579882500091e-29
5.738999999999999879e+00 1.252763158999515600e-29
5.739500000000000490e+00 1.238465531719088757e-29
5.740000000000000213e+00 1.224329857117675297e-29
5.740499999999999936e+00 1.210354314799730369e-29
5.741000000000000547e+00 1.196537104670681232e-29
5.741500000000000270e+00 1.182876446712455489e-29
5.741999999999999993e+00 1.169370580761216802e-29
5.742499999999999716e+00 1.156017766287795150e-29
5.743000000000000327e+00 1.142816282180308583e-29
5.743500000000000050e+00 1.129764426529514430e-29
5.743999999999999773e+00 1.116860516416012171e-29
5.744500000000000384e+00 1.104102887700235466e-29
5.745000000000000107e+00 1.091489894814554392e-29
5.745499999999999829e+00 1.079019910557599299e-29
5.746000000000000441e+00 1.066691325890968558e-29
5.746500000000000163e+00 1.054502549738150360e-29
5.746999999999999886e+00 1.042452008785592840e-29
5.747500000000000497e+00 1.030538147285929548e-29
5.748000000000000220e+00 1.018759426863574088e-29
5.748499999999999943e+00 1.007114326322153961e-29
5.749000000000000554e+00 9.956013414542533346e-30
5.749500000000000277e+00 9.842189848532983878e-30
5.750000000000000000e+00 9.729657857272281997e-30
5.750499999999999723e+00 9.618402897145514834e-30
5.751000000000000334e+00 9.508410587021850719e-30
5.751500000000000057e+00 9.399666706454484433e-30
5.751999999999999780e+00 9.292157193898719447e-30
5.752500000000000391e+00 9.185868144951410170e-30
5.753000000000000114e+00 9.080785810609047059e-30
5.753499999999999837e+00 8.976896595543732116e-30
5.754000000000000448e+00 8.874187056400434495e-30
5.754500000000000171e+00 8.772643900111526932e-30
5.754999999999999893e+00 8.672253982230018285e-30
5.755500000000000504e+00 8.573004305280739526e-30
5.756000000000000227e+00 8.474882017131388922e-30
5.756499999999999950e+00 8.377874409379044754e-30
5.757000000000000561e+00 8.281968915756149080e-30
5.757500000000000284e+00 8.187153110553881606e-30
5.758000000000000007e+00 8.093414707061714356e-30
5.758499999999999730e+00 8.000741556025775968e-30
5.759000000000000341e+00 7.909121644122798431e-30
5.759500000000000064e+00 7.818543092451982223e-30
5.759999999999999787e+00 7.728994155042246308e-30
5.760500000000000398e+00 7.640463217376807988e-30
5.761000000000000121e+00 7.552938794934526492e-30
5.761499999999999844e+00 7.466409531745151643e-30
5.762000000000000455e+00 7.380864198962972986e-30
5.762500000000000178e+00 7.296291693454968140e-30
5.762999999999999901e+00 7.212681036404110404e-30
5.763500000000000512e+00 7.130021371928785687e-30
5.764000000000000234e+00 7.048301965717822708e-30
5.764499999999999957e+00 6.967512203679027504e-30
5.764999999999999680e+00 6.887641590604036067e-30
5.765500000000000291e+00 6.808679748847179957e-30
5.766000000000000014e+00 6.730616417019484544e-30
5.766499999999999737e+00 6.653441448696013212e-30
5.767000000000000348e+00 6.577144811138690306e-30
5.767500000000000071e+00 6.501716584032650819e-30
5.767999999999999794e+00 6.427146958236029922e-30
5.768500000000000405e+00 6.353426234544299387e-30
5.769000000000000128e+00 6.280544822468134931e-30
5.769499999999999851e+00 6.208493239024380816e-30
5.770000000000000462e+00 6.137262107540190839e-30
5.770500000000000185e+00 6.066842156471589399e-30
5.770999999999999908e+00 5.997224218233301795e-30
5.771500000000000519e+00 5.928399228042647965e-30
5.772000000000000242e+00 5.860358222776504028e-30
5.772499999999999964e+00 5.793092339839193953e-30
5.772999999999999687e+00 5.726592816044894481e-30
5.773500000000000298e+00 5.660850986510950554e-30
5.774000000000000021e+00 5.595858283564304795e-30
5.774499999999999744e+00 5.531606235659042789e-30
5.775000000000000355e+00 5.468086466306988660e-30
5.775500000000000078e+00 5.405290693019249686e-30
5.775999999999999801e+00 5.343210726259833105e-30
5.776500000000000412e+00 5.281838468410663889e-30
5.777000000000000135e+00 5.221165912748335580e-30
5.777499999999999858e+00 5.161185142431782857e-30
5.778000000000000469e+00 5.101888329500993526e-30
5.778500000000000192e+00 5.043267733887807408e-30
5.778999999999999915e+00 4.985315702436183810e-30
5.779500000000000526e+00 4.928024667934305051e-30
5.780000000000000249e+00 4.871387148157306747e-30
5.780499999999999972e+00 4.815395744919871128e-30
5.780999999999999694e+00 4.760043143140349537e-30
5.781500000000000306e+00 4.705322109913975859e-30
5.782000000000000028e+00 4.651225493598033721e-30
5.782499999999999751e+00 4.597746222905039123e-30
5.783000000000000362e+00 4.544877306007501295e-30
5.783500000000000085e+00 4.492611829652493344e-30
5.783999999999999808e+00 4.440942958284782735e-30
5.784500000000000419e+00 4.389863933181152539e-30
5.785000000000000142e+00 4.339368071593574686e-30
5.785499999999999865e+00 4.289448765901624075e-30
5.786000000000000476e+00 4.240099482774701781e-30
5.786500000000000199e+00 4.191313762343766071e-30
5.786999999999999922e+00 4.143085217381375210e-30
5.787500000000000533e+00 4.095407532491238098e-30
5.788000000000000256e+00 4.048274463307546649e-30
5.788499999999999979e+00 4.001679835701473728e-30
5.788999999999999702e+00 3.955617544997848704e-30
5.789500000000000313e+00 3.910081555200046728e-30
5.790000000000000036e+00 3.865065898223556236e-30
5.790499999999999758e+00 3.820564673137430176e-30
5.791000000000000369e+00 3.776572045415082478e-30
5.791500000000000092e+00 3.733082246193081741e-30
5.791999999999999815e+00 3.690089571537366203e-30
5.792500000000000426e+00 3.647588381718750707e-30
5.793000000000000149e+00 3.605573100495879480e-30
5.793499999999999872e+00 3.564038214405903559e-30
5.794000000000000483e+00 3.522978272063399965e-30
5.794500000000000206e+00 3.482387883467287375e-30
5.794999999999999929e+00 3.442261719314425997e-30
5.795500000000000540e+00 3.402594510321974151e-30
5.796000000000000263e+00 3.363381046556698805e-30
5.796499999999999986e+00 3.324616176771534313e-30
5.796999999999999709e+00 3.286294807749931683e-30
5.797500000000000320e+00 3.248411903657130958e-30
5.798000000000000043e+00 3.210962485399108500e-30
5.798499999999999766e+00 3.173941629987870069e-30
5.799000000000000377e+00 3.137344469914405839e-30
5.799500000000000099e+00 3.101166192528526144e-30
5.799999999999999822e+00 3.065402039425144252e-30
5.800500000000000433e+00 3.030047305837938720e-30
5.801000000000000156e+00 2.995097340039513575e-30
5.801499999999999879e+00 2.960547542747791467e-30
5.802000000000000490e+00 2.926393366539718452e-30
5.802500000000000213e+00 2.892630315271252894e-30
5.802999999999999936e+00 2.859253943503212494e-30
5.803500000000000547e+00 2.826259855934201383e-30
5.804000000000000270e+00 2.793643706839777900e-30
5.804499999999999993e+00 2.761401199517286056e-30
5.804999999999999716e+00 2.729528085737414650e-30
5.805500000000000327e+00 2.698020165201524814e-30
5.806000000000000050e+00 2.666873285005389207e-30
5.806499999999999773e+00 2.636083339108311845e-30
5.807000000000000384e+00 2.605646267808411892e-30
5.807500000000000107e+00 2.575558057224257778e-30
5.807999999999999829e+00 2.545814738781176764e-30
5.808500000000000441e+00 2.516412388704128876e-30
5.809000000000000163e+00 2.487347127516163619e-30
5.809499999999999886e+00 2.458615119541772125e-30
5.810000000000000497e+00 2.430212572416580528e-30
5.810500000000000220e+00 2.402135736602093269e-30
5.810999999999999943e+00 2.374380904905663592e-30
5.811500000000000554e+00 2.346944412006212515e-30
5.812000000000000277e+00 2.319822633985039430e-30
5.812500000000000000e+00 2.293011987861524270e-30
5.812999999999999723e+00 2.266508931134617399e-30
5.813500000000000334e+00 2.240309961328870060e-30
5.814000000000000057e+00 2.214411615546025868e-30
5.814499999999999780e+00 2.188810470020932513e-30
5.815000000000000391e+00 2.163503139682934293e-30
5.815500000000000114e+00 2.138486277722285840e-30
5.815999999999999837e+00 2.113756575160500704e-30
5.816500000000000448e+00 2.089310760426464872e-30
5.817000000000000171e+00 2.065145598936886954e-30
5.817499999999999893e+00 2.041257892681185937e-30
5.818000000000000504e+00 2.017644479811210963e-30
5.818500000000000227e+00 1.994302234235779820e-30
5.818999999999999950e+00 1.971228065219184512e-30
5.819500000000000561e+00 1.948418916984539719e-30
5.820000000000000284e+00 1.925871768321628013e-30
5.820500000000000007e+00 1.903583632198718122e-30
5.820999999999999730e+00 1.881551555378961221e-30
5.821500000000000341e+00 1.859772618041107783e-30
5.822000000000000064e+00 1.838243933404470716e-30
5.822499999999999787e+00 1.816962647357672004e-30
5.823000000000000398e+00 1.795925938091973344e-30
5.823500000000000121e+00 1.775131015738658290e-30
5.823999999999999844e+00 1.754575122010096658e-30
5.824500000000000455e+00 1.734255529845141044e-30
5.825000000000000178e+00 1.714169543058444528e-30
5.825499999999999901e+00 1.694314495993441368e-30
5.826000000000000512e+00 1.674687753179513730e-30
5.826500000000000234e+00 1.655286708992828409e-30
5.826999999999999957e+00 1.636108787320840057e-30
5.827499999999999680e+00 1.617151441230746415e-30
5.828000000000000291e+00 1.598412152641474124e-30
5.828500000000000014e+00 1.579888431999575551e-30
5.828999999999999737e+00 1.561577817958260506e-30
5.829500000000000348e+00 1.543477877060527971e-30
5.830000000000000071e+00 1.525586203425582660e-30
5.830499999999999794e+00 1.507900418438662853e-30
5.831000000000000405e+00 1.490418170444482187e-30
5.831500000000000128e+00 1.473137134444173817e-30
5.831999999999999851e+00 1.456055011795317779e-30
5.832500000000000462e+00 1.439169529915467574e-30
5.833000000000000185e+00 1.422478441989270029e-30
5.833499999999999908e+00 1.405979526678257792e-30
5.834000000000000519e+00 1.389670587834354555e-30
5.834500000000000242e+00 1.373549454216529706e-30
5.834999999999999964e+00 1.357613979210359968e-30
5.835499999999999687e+00 1.341862040550902838e-30
5.836000000000000298e+00 1.326291540048698767e-30
5.836500000000000021e+00 1.310900403318850248e-30
5.836999999999999744e+00 1.295686579512825554e-30
5.837500000000000355e+00 1.280648041053670950e-30
5.838000000000000078e+00 1.265782783373973490e-30
5.838499999999999801e+00 1.251088824656677555e-30
5.839000000000000412e+00 1.236564205578945529e-30
5.839500000000000135e+00 1.222206989058857521e-30
5.839999999999999858e+00 1.208015260004870227e-30
5.840500000000000469e+00 1.193987125068028830e-30
5.841000000000000192e+00 1.180120712397268583e-30
5.841499999999999915e+00 1.166414171396940777e-30
5.842000000000000526e+00 1.152865672487459932e-30
5.842500000000000249e+00 1.139473406868501518e-30
5.842999999999999972e+00 1.126235586284800494e-30
5.843499999999999694e+00 1.113150442794554679e-30
5.844000000000000306e+00 1.100216228540526855e-30
5.844500000000000028e+00 1.087431215523705635e-30
5.844999999999999751e+00 1.074793695379264113e-30
5.845500000000000362e+00 1.062301979155289236e-30
5.846000000000000085e+00 1.049954397093967638e-30
5.846499999999999808e+00 1.037749298415007266e-30
5.847000000000000419e+00 1.025685051101679416e-30
5.847500000000000142e+00 1.013760041689222841e-30
5.847999999999999865e+00 1.001972675055555276e-30
5.848500000000000476e+00 9.903213742143026989e-31
5.849000000000000199e+00 9.788045801103404307e-31
5.849499999999999922e+00 9.674207514173417640e-31
5.850000000000000533e+00 9.561683643377893760e-31
5.850500000000000256e+00 9.450459124051960633e-31
5.850999999999999979e+00 9.340519062884845270e-31
5.851499999999999702e+00 9.231848735985467030e-31
5.852000000000000313e+00 9.124433586970747717e-31
5.852500000000000036e+00 9.018259225074639876e-31
5.852999999999999758e+00 8.913311423277719147e-31
5.853500000000000369e+00 8.809576116458628116e-31
5.854000000000000092e+00 8.707039399566697286e-31
5.854499999999999815e+00 8.605687525813308415e-31
5.855000000000000426e+00 8.505506904884396448e-31
5.855500000000000149e+00 8.406484101174683829e-31
5.855999999999999872e+00 8.308605832038154114e-31
5.856500000000000483e+00 8.211858966060965626e-31
5.857000000000000206e+00 8.116230521353412261e-31
5.857499999999999929e+00 8.021707663859530145e-31
5.858000000000000540e+00 7.928277705686488869e-31
5.858500000000000263e+00 7.835928103454270906e-31
5.858999999999999986e+00 7.744646456660595398e-31
5.859499999999999709e+00 7.654420506066871930e-31
5.860000000000000320e+00 7.565238132101351745e-31
5.860500000000000043e+00 7.477087353280291766e-31
5.860999999999999766e+00 7.389956324646185563e-31
5.861500000000000377e+00 7.303833336224382864e-31
5.862000000000000099e+00 7.218706811496900356e-31
5.862499999999999822e+00 7.134565305892921966e-31
5.863000000000000433e+00 7.051397505295970208e-31
5.863500000000000156e+00 6.969192224569721803e-31
5.863999999999999879e+00 6.887938406097359849e-31
5.864500000000000490e+00 6.807625118339720027e-31
5.865000000000000213e+00 6.728241554408923782e-31
5.865499999999999936e+00 6.649777030657715681e-31
5.866000000000000547e+00 6.572220985284380586e-31
5.866500000000000270e+00 6.495562976955095600e-31
5.866999999999999993e+00 6.419792683438945383e-31
5.867499999999999716e+00 6.344899900260598194e-31
5.868000000000000327e+00 6.270874539366916984e-31
5.868500000000000050e+00 6.197706627809519005e-31
5.868999999999999773e+00 6.125386306440725715e-31
5.869500000000000384e+00 6.053903828625303549e-31
5.870000000000000107e+00 5.983249558966509335e-31
5.870499999999999829e+00 5.913413972046081246e-31
5.871000000000000441e+00 5.844387651178252379e-31
5.871500000000000163e+00 5.776161287178915869e-31
5.871999999999999886e+00 5.708725677146967283e-31
5.872500000000000497e+00 5.642071723260504293e-31
5.873000000000000220e+00 5.576190431586383337e-31
5.873499999999999943e+00 5.511072910902842520e-31
5.874000000000000554e+00 5.446710371535199508e-31
5.874500000000000277e+00 5.383094124205749819e-31
5.875000000000000000e+00 5.320215578895026157e-31
5.875499999999999723e+00 5.258066243717031304e-31
5.876000000000000334e+00 5.196637723806517811e-31
5.876500000000000057e+00 5.135921720219508201e-31
5.876999999999999780e+00 5.075910028845090373e-31
5.877500000000000391e+00 5.016594539329974454e-31
5.878000000000000114e+00 4.957967234016146541e-31
5.878499999999999837e+00 4.900020186888397211e-31
5.879000000000000448e+00 4.842745562535349799e-31
5.879500000000000171e+00 4.786135615122076526e-31
5.879999999999999893e+00 4.730182687372980031e-31
5.880500000000000504e+00 4.674879209567639525e-31
5.881000000000000227e+00 4.620217698547524898e-31
5.881499999999999950e+00 4.566190756732979721e-31
5.882000000000000561e+00 4.512791071152399910e-31
5.882500000000000284e+00 4.460011412482260209e-31
5.883000000000000007e+00 4.407844634097053090e-31
5.883499999999999730e+00 4.356283671130833048e-31
5.884000000000000341e+00 4.305321539548874757e-31
5.884500000000000064e+00 4.254951335230105463e-31
5.884999999999999787e+00 4.205166233059566297e-31
5.885500000000000398e+00 4.155959486030973442e-31
5.886000000000000121e+00 4.107324424360242712e-31
5.886499999999999844e+00 4.059254454607794145e-31
5.887000000000000455e+00 4.011743058811539733e-31
5.887500000000000178e+00 3.964783793629789737e-31
5.887999999999999901e+00 3.918370289493028763e-31
5.888500000000000512e+00 3.872496249765656835e-31
5.889000000000000234e+00 3.827155449918008551e-31
5.889499999999999957e+00 3.782341736705771094e-31
5.889999999999999680e+00 3.738049027360855230e-31
5.890500000000000291e+00 3.694271308789592470e-31
5.891000000000000014e+00 3.651002636781370155e-31
5.891499999999999737e+00 3.608237135225024481e-31
5.892000000000000348e+00 3.565968995334815772e-31
5.892500000000000071e+00 3.524192474885069038e-31
5.892999999999999794e+00 3.482901897452948196e-31
5.893500000000000405e+00 3.442091651670428493e-31
5.894000000000000128e+00 3.401756190484451650e-31
5.894499999999999851e+00 3.361890030424949718e-31
5.895000000000000462e+00 3.322487750881954618e-31
5.895500000000000185e+00 3.283543993390614499e-31
5.895999999999999908e+00 3.245053460923581367e-31
5.896500000000000519e+00 3.207010917192418696e-31
5.897000000000000242e+00 3.169411185956375490e-31
5.897499999999999964e+00 3.132249150338791290e-31
5.897999999999999687e+00 3.095519752151626526e-31
5.898500000000000298e+00 3.059217991227305891e-31
5.899000000000000021e+00 3.023338924758592910e-31
5.899499999999999744e+00 2.987877666645002438e-31
5.900000000000000355e+00 2.952829386847598186e-31
5.900500000000000078e+00 2.918189310750596170e-31
5.900999999999999801e+00 2.883952718529980346e-31
5.901500000000000412e+00 2.850114944529789485e-31
5.902000000000000135e+00 2.816671376645000215e-31
5.902499999999999858e+00 2.783617455711587342e-31
5.903000000000000469e+00 2.750948674903398425e-31
5.903500000000000192e+00 2.718660579136042282e-31
5.903999999999999915e+00 2.686748764477087721e-31
5.904500000000000526e+00 2.655208877563431230e-31
5.905000000000000249e+00 2.624036615025058085e-31
5.905499999999999972e+00 2.593227722914948154e-31
5.905999999999999694e+00 2.562777996146134459e-31
5.906500000000000306e+00 2.532683277934500044e-31
5.907000000000000028e+00 2.502939459248462675e-31
5.907499999999999751e+00 2.473542478264085185e-31
5.908000000000000362e+00 2.444488319827180927e-31
5.908500000000000085e+00 2.415773014921107187e-31
5.908999999999999808e+00 2.387392640140443174e-31
5.909500000000000419e+00 2.359343317170870067e-31
5.910000000000000142e+00 2.331621212275100296e-31
5.910499999999999865e+00 2.304222535783952652e-31
5.911000000000000476e+00 2.277143541593961825e-31
5.911500000000000199e+00 2.250380526670298431e-31
5.911999999999999922e+00 2.223929830555196134e-31
5.912500000000000533e+00 2.197787834882172268e-31
5.913000000000000256e+00 2.171950962895895250e-31
5.913499999999999979e+00 2.146415678976870710e-31
5.913999999999999702e+00 2.121178488172255676e-31
5.914500000000000313e+00 2.096235935731428409e-31
5.915000000000000036e+00 2.071584606647307948e-31
5.915499999999999758e+00 2.047221125202234444e-31
5.916000000000000369e+00 2.023142154519543571e-31
5.916500000000000092e+00 1.999344396120171178e-31
5.916999999999999815e+00 1.975824589483887467e-31
5.917500000000000426e+00 1.952579511615880634e-31
5.918000000000000149e+00 1.929605976618183091e-31
5.918499999999999872e+00 1.906900835265851590e-31
5.919000000000000483e+00 1.884460974587896000e-31
5.919500000000000206e+00 1.862283317453339463e-31
5.919999999999999929e+00 1.840364822161427268e-31
5.920500000000000540e+00 1.818702482036840114e-31
5.921000000000000263e+00 1.797293325029589463e-31
5.921499999999999986e+00 1.776134413318937678e-31
5.921999999999999709e+00 1.755222842922451957e-31
5.922500000000000320e+00 1.734555743308909426e-31
5.923000000000000043e+00 1.714130277016239243e-31
5.923499999999999766e+00 1.693943639273035605e-31
5.924000000000000377e+00 1.673993057624930414e-31
5.924500000000000099e+00 1.654275791565175314e-31
5.924999999999999822e+00 1.634789132168963000e-31
5.925500000000000433e+00 1.615530401732423838e-31
5.926000000000000156e+00 1.596496953415570850e-31
5.926499999999999879e+00 1.577686170888976323e-31
5.927000000000000490e+00 1.559095467984856154e-31
5.927500000000000213e+00 1.540722288352080894e-31
5.927999999999999936e+00 1.522564105114795143e-31
5.928500000000000547e+00 1.504618420535205363e-31
5.929000000000000270e+00 1.486882765680166524e-31
5.929499999999999993e+00 1.469354700091346228e-31
5.929999999999999716e+00 1.452031811459451493e-31
5.930500000000000327e+00 1.434911715301798739e-31
5.931000000000000050e+00 1.417992054643963297e-31
5.931499999999999773e+00 1.401270499704610965e-31
5.932000000000000384e+00 1.384744747584180066e-31
5.932500000000000107e+00 1.368412521957174478e-31
5.932999999999999829e+00 1.352271572767561197e-31
5.933500000000000441e+00 1.336319675928081030e-31
5.934000000000000163e+00 1.320554633022760807e-31
5.934499999999999886e+00 1.304974271012730919e-31
5.935000000000000497e+00 1.289576441945522660e-31
5.935500000000000220e+00 1.274359022667742931e-31
5.935999999999999943e+00 1.259319914540754062e-31
5.936500000000000554e+00 1.244457043159723326e-31
5.937000000000000277e+00 1.229768358076111099e-31
5.937500000000000000e+00 1.215251832522800481e-31
5.937999999999999723e+00 1.200905463142797806e-31
5.938500000000000334e+00 1.186727269720790496e-31
5.939000000000000057e+00 1.172715294917944541e-31
5.939499999999999780e+00 1.158867604009450704e-31
5.940000000000000391e+00 1.145182284625260451e-31
5.940500000000000114e+00 1.131657446493834210e-31
5.940999999999999837e+00 1.118291221188494318e-31
5.941500000000000448e+00 1.105081761876947292e-31
5.942000000000000171e+00 1.092027243073727600e-31
5.942499999999999893e+00 1.079125860395005020e-31
5.943000000000000504e+00 1.066375830316687689e-31
5.943500000000000227e+00 1.053775389935100462e-31
5.943999999999999950e+00 1.041322796730181458e-31
5.944500000000000561e+00 1.029016328331706723e-31
5.945000000000000284e+00 1.016854282288008105e-31
5.945500000000000007e+00 1.004834975837271056e-31
5.945999999999999730e+00 9.929567456815691238e-32
5.946500000000000341e+00 9.812179477633683401e-32
5.947000000000000064e+00 9.696169570447218865e-32
5.947499999999999787e+00 9.581521672887677044e-32
5.948000000000000398e+00 9.468219908438191645e-32
5.948500000000000121e+00 9.356248584300999206e-32
5.948999999999999844e+00 9.245592189285210472e-32
5.949500000000000455e+00 9.136235391721747245e-32
5.950000000000000178e+00 9.028163037401746615e-32
5.950499999999999901e+00 8.921360147536645895e-32
5.951000000000000512e+00 8.815811916743230381e-32
5.951500000000000234e+00 8.711503711051490529e-32
5.951999999999999957e+00 8.608421065933956219e-32
5.952499999999999680e+00 8.506549684359372008e-32
5.953000000000000291e+00 8.405875434866474452e-32
5.953500000000000014e+00 8.306384349662165160e-32
5.953999999999999737e+00 8.208062622738858640e-32
5.954500000000000348e+00 8.110896608014867275e-32
5.955000000000000071e+00 8.014872817496326893e-32
5.955499999999999794e+00 7.919977919458479946e-32
5.956000000000000405e+00 7.826198736648650363e-32
5.956500000000000128e+00 7.733522244510722858e-32
5.956999999999999851e+00 7.641935569427651910e-32
5.957500000000000462e+00 7.551425986986136441e-32
5.958000000000000185e+00 7.461980920259789444e-32
5.958499999999999908e+00 7.373587938112551997e-32
5.959000000000000519e+00 7.286234753520644916e-32
5.959500000000000242e+00 7.199909221915757750e-32
5.959999999999999964e+00 7.114599339544039605e-32
5.960499999999999687e+00 7.030293241846432397e-32
5.961000000000000298e+00 6.946979201856157968e-32
5.961500000000000021e+00 6.864645628615601153e-32
5.961999999999999744e+00 6.783281065609715017e-32
5.962500000000000355e+00 6.702874189218492521e-32
5.963000000000000078e+00 6.623413807187498513e-32
5.963499999999999801e+00 6.544888857114065605e-32
5.964000000000000412e+00 6.467288404952408681e-32
5.964500000000000135e+00 6.390601643536269859e-32
5.964999999999999858e+00 6.314817891115770219e-32
5.965500000000000469e+00 6.239926589913946488e-32
5.966000000000000192e+00 6.165917304698738131e-32
5.966499999999999915e+00 6.092779721370088763e-32
5.967000000000000526e+00 6.020503645565147304e-32
5.967500000000000249e+00 5.949079001278423609e-32
5.967999999999999972e+00 5.878495829497417508e-32
5.968499999999999694e+00 5.808744286854593762e-32
5.969000000000000306e+00 5.739814644294205320e-32
5.969500000000000028e+00 5.671697285755175666e-32
5.969999999999999751e+00 5.604382706867828850e-32
5.970500000000000362e+00 5.537861513666101672e-32
5.971000000000000085e+00 5.472124421315613525e-32
5.971499999999999808e+00 5.407162252853971337e-32
5.972000000000000419e+00 5.342965937947330660e-32
5.972500000000000142e+00 5.279526511660996019e-32
5.972999999999999865e+00 5.216835113243034730e-32
5.973500000000000476e+00 5.154882984922812356e-32
5.974000000000000199e+00 5.093661470723184250e-32
5.974499999999999922e+00 5.033162015285563721e-32
5.975000000000000533e+00 4.973376162709389640e-32
5.975500000000000256e+00 4.914295555404509519e-32
5.975999999999999979e+00 4.855911932956011715e-32
5.976499999999999702e+00 4.798217131003389734e-32
5.977000000000000313e+00 4.741203080131363045e-32
5.977500000000000036e+00 4.684861804774488636e-32
5.977999999999999758e+00 4.629185422132849404e-32
5.978500000000000369e+00 4.574166141101701876e-32
5.979000000000000092e+00 4.519796261212650717e-32
5.979499999999999815e+00 4.466068171586701965e-32
5.980000000000000426e+00 4.412974349899775795e-32
5.980500000000000149e+00 4.360507361360310395e-32
5.980999999999999872e+00 4.308659857697714422e-32
5.981500000000000483e+00 4.257424576162861858e-32
5.982000000000000206e+00 4.206794338540886545e-32
5.982499999999999929e+00 4.156762050173537306e-32
5.983000000000000540e+00 4.107320698994143648e-32
5.983500000000000263e+00 4.058463354573561954e-32
5.983999999999999986e+00 4.010183167175965803e-32
5.984499999999999709e+00 3.962473366826852209e-32
5.985000000000000320e+00 3.915327262390768286e-32
5.985500000000000043e+00 3.868738240660176029e-32
5.985999999999999766e+00 3.822699765454437115e-32
5.986500000000000377e+00 3.777205376729034289e-32
5.987000000000000099e+00 3.732248689695766668e-32
5.987499999999999822e+00 3.687823393951967552e-32
5.988000000000000433e+00 3.643923252620412605e-32
5.988500000000000156e+00 3.600542101499302058e-32
5.988999999999999879e+00 3.557673848221015261e-32
5.989500000000000490e+00 3.515312471421406725e-32
5.990000000000000213e+00 3.473452019918825852e-32
5.990499999999999936e+00 3.432086611901362191e-32
5.991000000000000547e+00 3.391210434124577427e-32
5.991500000000000270e+00 3.350817741118094027e-32
5.991999999999999993e+00 3.310902854401152192e-32
5.992499999999999716e+00 3.271460161707135663e-32
5.993000000000000327e+00 3.232484116217382227e-32
5.993500000000000050e+00 3.193969235803506568e-32
5.993999999999999773e+00 3.155910102278440170e-32
5.994500000000000384e+00 3.118301360655932115e-32
5.995000000000000107e+00 3.081137718419239880e-32
5.995499999999999829e+00 3.044413944797107430e-32
5.996000000000000441e+00 3.008124870049086029e-32
5.996500000000000163e+00 2.972265384758790462e-32
5.996999999999999886e+00 2.936830439134691600e-32
5.997500000000000497e+00 2.901815042319670925e-32
5.998000000000000220e+00 2.867214261708467203e-32
5.998499999999999943e+00 2.833023222272380355e-32
5.999000000000000554e+00 2.799237105892294990e-32
5.999500000000000277e+00 2.765851150699275325e-32
6.000000000000000000e+00 2.732860650422592469e-32
6.000499999999999723e+00 2.700260953745208135e-32
6.001000000000000334e+00 2.668047463666992327e-32
6.001500000000000057e+00 2.636215636875059725e-32
6.001999999999999780e+00 2.604760983121171687e-32
6.002500000000000391e+00 2.573679064606567859e-32
6.003000000000000114e+00 2.542965495374050612e-32
6.003499999999999837e+00 2.512615940706336447e-32
6.004000000000000448e+00 2.482626116532178043e-32
6.004500000000000171e+00 2.452991788838908470e-32
6.004999999999999893e+00 2.423708773091619393e-32
6.005500000000000504e+00 2.394772933659269140e-32
6.006000000000000227e+00 2.366180183247533148e-32
6.006499999999999950e+00 2.337926482337672609e-32
6.007000000000000561e+00 2.310007838632309425e-32
6.007500000000000284e+00 2.282420306507544788e-32
6.008000000000000007e+00 2.255159986471092389e-32
6.008499999999999730e+00 2.228223024626952299e-32
6.009000000000000341e+00 2.201605612146180222e-32
6.009500000000000064e+00 2.175303984743754319e-32
6.009999999999999787e+00 2.149314422161284234e-32
6.010500000000000398e+00 2.123633247655930173e-32
6.011000000000000121e+00 2.098256827495208815e-32
6.011499999999999844e+00 2.073181570457316818e-32
6.012000000000000455e+00 2.048403927337610750e-32
6.012500000000000178e+00 2.023920390460587378e-32
6.012999999999999901e+00 1.999727493197350649e-32
6.013500000000000512e+00 1.975821809488845614e-32
6.014000000000000234e+00 1.952199953374726284e-32
6.014499999999999957e+00 1.928858578527094368e-32
6.015000000000000568e+00 1.905794377790261400e-32
6.015500000000000291e+00 1.883004082725506830e-32
6.016000000000000014e+00 1.860484463160982598e-32
6.016499999999999737e+00 1.838232326747054584e-32
6.017000000000000348e+00 1.816244518516584452e-32
6.017500000000000071e+00 1.794517920450546018e-32
6.017999999999999794e+00 1.773049451048239614e-32
6.018500000000000405e+00 1.751836064902801018e-32
6.019000000000000128e+00 1.730874752281583174e-32
6.019499999999999851e+00 1.710162538711127989e-32
6.020000000000000462e+00 1.689696484567255331e-32
6.020500000000000185e+00 1.669473684669753323e-32
6.020999999999999908e+00 1.649491267881515021e-32
6.021500000000000519e+00 1.629746396712705811e-32
6.022000000000000242e+00 1.610236266929379923e-32
6.022499999999999964e+00 1.590958107166293731e-32
6.022999999999999687e+00 1.571909178544604713e-32
6.023500000000000298e+00 1.553086774293829035e-32
6.024000000000000021e+00 1.534488219378180669e-32
6.024499999999999744e+00 1.516110870127099617e-32
6.025000000000000355e+00 1.497952113870203537e-32
6.025500000000000078e+00 1.480009368576538502e-32
6.025999999999999801e+00 1.462280082497699764e-32
6.026500000000000412e+00 1.444761733815230018e-32
6.027000000000000135e+00 1.427451830292377308e-32
6.027499999999999858e+00 1.410347908929282548e-32
6.028000000000000469e+00 1.393447535622624653e-32
6.028500000000000192e+00 1.376748304829175890e-32
6.028999999999999915e+00 1.360247839232867873e-32
6.029500000000000526e+00 1.343943789416165997e-32
6.030000000000000249e+00 1.327833833535021015e-32
6.030499999999999972e+00 1.311915676997489996e-32
6.030999999999999694e+00 1.296187052146336749e-32
6.031500000000000306e+00 1.280645717944985781e-32
6.032000000000000028e+00 1.265289459667478994e-32
6.032499999999999751e+00 1.250116088591632100e-32
6.033000000000000362e+00 1.235123441696000816e-32
6.033500000000000085e+00 1.220309381360309667e-32
6.033999999999999808e+00 1.205671795069280435e-32
6.034500000000000419e+00 1.191208595119853978e-32
6.035000000000000142e+00 1.176917718332040084e-32
6.035499999999999865e+00 1.162797125762771648e-32
6.036000000000000476e+00 1.148844802423295611e-32
6.036500000000000199e+00 1.135058756999894722e-32
6.036999999999999922e+00 1.121437021577518368e-32
6.037500000000000533e+00 1.107977651366988214e-32
6.038000000000000256e+00 1.094678724435180236e-32
6.038499999999999979e+00 1.081538341438273330e-32
6.038999999999999702e+00 1.068554625358226100e-32
6.039500000000000313e+00 1.055725721242199114e-32
6.040000000000000036e+00 1.043049795945145410e-32
6.040499999999999758e+00 1.030525037875142289e-32
6.041000000000000369e+00 1.018149656741871106e-32
6.041500000000000092e+00 1.005921883307991200e-32
6.041999999999999815e+00 9.938399691432527995e-33
6.042500000000000426e+00 9.819021863816462500e-33
6.043000000000000149e+00 9.701068274812776141e-33
6.043499999999999872e+00 9.584522049869732499e-33
6.044000000000000483e+00 9.469366512956668681e-33
6.044500000000000206e+00 9.355585184247064624e-33
6.044999999999999929e+00 9.243161777824443719e-33
6.045500000000000540e+00 9.132080199418614823e-33
6.046000000000000263e+00 9.022324544166706588e-33
6.046499999999999986e+00 8.913879094398988617e-33
6.046999999999999709e+00 8.806728317452844495e-33
6.047500000000000320e+00 8.700856863509905924e-33
6.048000000000000043e+00 8.596249563460178275e-33
6.048499999999999766e+00 8.492891426788934512e-33
6.049000000000000377e+00 8.390767639489029530e-33
6.049500000000000099e+00 8.289863561999097477e-33
6.049999999999999822e+00 8.190164727162191055e-33
6.050500000000000433e+00 8.091656838210889489e-33
6.051000000000000156e+00 7.994325766775607296e-33
6.051499999999999879e+00 7.898157550913866419e-33
6.052000000000000490e+00 7.803138393165062691e-33
6.052500000000000213e+00 7.709254658626567885e-33
6.052999999999999936e+00 7.616492873051606635e-33
6.053500000000000547e+00 7.524839720970564043e-33
6.054000000000000270e+00 7.434282043833527623e-33
6.054499999999999993e+00 7.344806838173356068e-33
6.054999999999999716e+00 7.256401253792100713e-33
6.055500000000000327e+00 7.169052591966692116e-33
6.056000000000000050e+00 7.082748303677125418e-33
6.056499999999999773e+00 6.997475987853088375e-33
6.057000000000000384e+00 6.913223389642800794e-33
6.057500000000000107e+00 6.829978398701830682e-33
6.057999999999999829e+00 6.747729047500435175e-33
6.058500000000000441e+00 6.666463509651745789e-33
6.059000000000000163e+00 6.586170098259755213e-33
6.059499999999999886e+00 6.506837264284606861e-33
6.060000000000000497e+00 6.428453594929070850e-33
6.060500000000000220e+00 6.351007812042722318e-33
6.060999999999999943e+00 6.274488770544322938e-33
6.061500000000000554e+00 6.198885456863187019e-33
6.062000000000000277e+00 6.124186987399117538e-33
6.062500000000000000e+00 6.050382606998461227e-33
6.062999999999999723e+00 5.977461687450022667e-33
6.063500000000000334e+00 5.905413725996978384e-33
6.064000000000000057e+00 5.834228343867045436e-33
6.064499999999999780e+00 5.763895284818741691e-33
6.065000000000000391e+00 5.694404413705646751e-33
6.065500000000000114e+00 5.625745715056941346e-33
6.065999999999999837e+00 5.557909291673664815e-33
6.066500000000000448e+00 5.490885363242683121e-33
6.067000000000000171e+00 5.424664264966369493e-33
6.067499999999999893e+00 5.359236446207140321e-33
6.068000000000000504e+00 5.294592469149041330e-33
6.068500000000000227e+00 5.230723007475255050e-33
6.068999999999999950e+00 5.167618845058830984e-33
6.069500000000000561e+00 5.105270874671073645e-33
6.070000000000000284e+00 5.043670096704115321e-33
6.070500000000000007e+00 4.982807617907375918e-33
6.070999999999999730e+00 4.922674650140463437e-33
6.071500000000000341e+00 4.863262509138963930e-33
6.072000000000000064e+00 4.804562613296425757e-33
6.072499999999999787e+00 4.746566482458386257e-33
6.073000000000000398e+00 4.689265736732041911e-33
6.073500000000000121e+00 4.632652095309697489e-33
6.073999999999999844e+00 4.576717375304666775e-33
6.074500000000000455e+00 4.521453490602265296e-33
6.075000000000000178e+00 4.466852450723463328e-33
6.075499999999999901e+00 4.412906359701530329e-33
6.076000000000000512e+00 4.359607414972233920e-33
6.076500000000000234e+00 4.306947906277210259e-33
6.076999999999999957e+00 4.254920214579193444e-33
6.077500000000000568e+00 4.203516810990700943e-33
6.078000000000000291e+00 4.152730255715143232e-33
6.078500000000000014e+00 4.102553196999680251e-33
6.078999999999999737e+00 4.052978370101191087e-33
6.079500000000000348e+00 4.003998596263297364e-33
6.080000000000000071e+00 3.955606781706488894e-33
6.080499999999999794e+00 3.907795916628813826e-33
6.081000000000000405e+00 3.860559074218986822e-33
6.081500000000000128e+00 3.813889409681208496e-33
6.081999999999999851e+00 3.767780159270283835e-33
6.082500000000000462e+00 3.722224639339246258e-33
6.083000000000000185e+00 3.677216245397503043e-33
6.083499999999999908e+00 3.632748451179759395e-33
6.084000000000000519e+00 3.588814807726197372e-33
6.084500000000000242e+00 3.545408942473626415e-33
6.084999999999999964e+00 3.502524558356239051e-33
6.085499999999999687e+00 3.460155432918075801e-33
6.086000000000000298e+00 3.418295417435007000e-33
6.086500000000000021e+00 3.376938436047504897e-33
6.086999999999999744e+00 3.336078484903016153e-33
6.087500000000000355e+00 3.295709631308735965e-33
6.088000000000000078e+00 3.255826012894467029e-33
6.088499999999999801e+00 3.216421836784552044e-33
6.089000000000000412e+00 3.177491378780047053e-33
6.089500000000000135e+00 3.139028982550625189e-33
6.089999999999999858e+00 3.101029058835061322e-33
6.090500000000000469e+00 3.063486084651883982e-33
6.091000000000000192e+00 3.026394602519188074e-33
6.091499999999999915e+00 2.989749219682963830e-33
6.092000000000000526e+00 2.953544607354968683e-33
6.092500000000000249e+00 2.917775499959672349e-33
6.092999999999999972e+00 2.882436694389207712e-33
6.093499999999999694e+00 2.847523049267833159e-33
6.094000000000000306e+00 2.813029484224699732e-33
6.094500000000000028e+00 2.778950979175162916e-33
6.094999999999999751e+00 2.745282573610262391e-33
6.095500000000000362e+00 2.712019365894796721e-33
6.096000000000000085e+00 2.679156512573755531e-33
6.096499999999999808e+00 2.646689227686326095e-33
6.097000000000000419e+00 2.614612782088202684e-33
6.097500000000000142e+00 2.582922502782346118e-33
6.097999999999999865e+00 2.551613772256490847e-33
6.098500000000000476e+00 2.520682027829264047e-33
6.099000000000000199e+00 2.490122761003876393e-33
6.099499999999999922e+00 2.459931516828907242e-33
6.100000000000000533e+00 2.430103893266836300e-33
6.100500000000000256e+00 2.400635540570445282e-33
6.100999999999999979e+00 2.371522160665516515e-33
6.101499999999999702e+00 2.342759506541593455e-33
6.102000000000000313e+00 2.314343381649594431e-33
6.102500000000000036e+00 2.286269639306516360e-33
6.102999999999999758e+00 2.258534182106911625e-33
6.103500000000000369e+00 2.231132961341528140e-33
6.104000000000000092e+00 2.204061976422718478e-33
6.104499999999999815e+00 2.177317274316453852e-33
6.105000000000000426e+00 2.150894948980906673e-33
6.105500000000000149e+00 2.124791140812222991e-33
6.105999999999999872e+00 2.099002036095718448e-33
6.106500000000000483e+00 2.073523866464517618e-33
6.107000000000000206e+00 2.048352908364160488e-33
6.107499999999999929e+00 2.023485482523257857e-33
6.108000000000000540e+00 1.998917953430532638e-33
6.108500000000000263e+00 1.974646728818386288e-33
6.108999999999999986e+00 1.950668259151696852e-33
6.109499999999999709e+00 1.926979037123319701e-33
6.110000000000000320e+00 1.903575597155139060e-33
6.110500000000000043e+00 1.880454514905273495e-33
6.110999999999999766e+00 1.857612406780649835e-33
6.111500000000000377e+00 1.835045929455497043e-33
6.112000000000000099e+00 1.812751779395840421e-33
6.112499999999999822e+00 1.790726692388801828e-33
6.113000000000000433e+00 1.768967443078145188e-33
6.113500000000000156e+00 1.747470844504984498e-33
6.113999999999999879e+00 1.726233747653662201e-33
6.114500000000000490e+00 1.705253041003379521e-33
6.115000000000000213e+00 1.684525650084960901e-33
6.115499999999999936e+00 1.664048537042460037e-33
6.116000000000000547e+00 1.643818700200445000e-33
6.116500000000000270e+00 1.623833173636094165e-33
6.116999999999999993e+00 1.604089026756227821e-33
6.117499999999999716e+00 1.584583363879514246e-33
6.118000000000000327e+00 1.565313323823422617e-33
6.118500000000000050e+00 1.546276079496272390e-33
6.118999999999999773e+00 1.527468837493606142e-33
6.119500000000000384e+00 1.508888837699815919e-33
6.120000000000000107e+00 1.490533352894201489e-33
6.120499999999999829e+00 1.472399688361576838e-33
6.121000000000000441e+00 1.454485181507599713e-33
6.121500000000000163e+00 1.436787201478703799e-33
6.121999999999999886e+00 1.419303148786183635e-33
6.122500000000000497e+00 1.402030454934971469e-33
6.123000000000000220e+00 1.384966582056748847e-33
6.123499999999999943e+00 1.368109022547176067e-33
6.124000000000000554e+00 1.351455298707642500e-33
6.124500000000000277e+00 1.335002962391126199e-33
6.125000000000000000e+00 1.318749594652031451e-33
6.125499999999999723e+00 1.302692805400502709e-33
6.126000000000000334e+00 1.286830233060482963e-33
6.126500000000000057e+00 1.271159544232091474e-33
6.126999999999999780e+00 1.255678433357567353e-33
6.127500000000000391e+00 1.240384622391564833e-33
6.128000000000000114e+00 1.225275860475123876e-33
6.128499999999999837e+00 1.210349923613406927e-33
6.129000000000000448e+00 1.195604614357355280e-33
6.129500000000000171e+00 1.181037761489169415e-33
6.129999999999999893e+00 1.166647219711154200e-33
6.130500000000000504e+00 1.152430869338615056e-33
6.131000000000000227e+00 1.138386615996181089e-33
6.131499999999999950e+00 1.124512390317638295e-33
6.132000000000000561e+00 1.110806147649415533e-33
6.132500000000000284e+00 1.097265867757632058e-33
6.133000000000000007e+00 1.083889554538284471e-33
6.133499999999999730e+00 1.070675235731220012e-33
6.134000000000000341e+00 1.057620962637215566e-33
6.134500000000000064e+00 1.044724809838553921e-33
6.134999999999999787e+00 1.031984874922714126e-33
6.135500000000000398e+00 1.019399278209508638e-33
6.136000000000000121e+00 1.006966162481344322e-33
6.136499999999999844e+00 9.946836927165918825e-34
6.137000000000000455e+00 9.825500558262105246e-34
6.137500000000000178e+00 9.705634603934757472e-34
6.137999999999999901e+00 9.587221364166337552e-34
6.138500000000000512e+00 9.470243350547705435e-34
6.139000000000000234e+00 9.354683283765911719e-34
6.139499999999999957e+00 9.240524091120943515e-34
6.140000000000000568e+00 9.127748904072836321e-34
6.140500000000000291e+00 9.016341055817523476e-34
6.141000000000000014e+00 8.906284078890774864e-34
6.141499999999999737e+00 8.797561702800264232e-34
6.142000000000000348e+00 8.690157851686570781e-34
6.142500000000000071e+00 8.584056642011122227e-34
6.142999999999999794e+00 8.479242380270684194e-34
6.143500000000000405e+00 8.375699560740277552e-34
6.144000000000000128e+00 8.273412863242094706e-34
6.144499999999999851e+00 8.172367150939564675e-34
6.145000000000000462e+00 8.072547468159572431e-34
6.145500000000000185e+00 7.973939038239188987e-34
6.145999999999999908e+00 7.876527261397245800e-34
6.146500000000000519e+00 7.780297712632404176e-34
6.147000000000000242e+00 7.685236139645442925e-34
6.147499999999999964e+00 7.591328460784986797e-34
6.147999999999999687e+00 7.498560763019571706e-34
6.148500000000000298e+00 7.406919299931789976e-34
6.149000000000000021e+00 7.316390489737830712e-34
6.149499999999999744e+00 7.226960913328090952e-34
6.150000000000000355e+00 7.138617312333337605e-34
6.150500000000000078e+00 7.051346587212538023e-34
6.150999999999999801e+00 6.965135795362895471e-34
6.151500000000000412e+00 6.879972149252918277e-34
6.152000000000000135e+00 6.795843014578007766e-34
6.152499999999999858e+00 6.712735908435899924e-34
6.153000000000000469e+00 6.630638497525895088e-34
6.153500000000000192e+00 6.549538596368292891e-34
6.153999999999999915e+00 6.469424165544496010e-34
6.154500000000000526e+00 6.390283309958589259e-34
6.155000000000000249e+00 6.312104277119892836e-34
6.155499999999999972e+00 6.234875455444006812e-34
6.155999999999999694e+00 6.158585372576113562e-34
6.156500000000000306e+00 6.083222693732574730e-34
6.157000000000000028e+00 6.008776220063096080e-34
6.157499999999999751e+00 5.935234887031238204e-34
6.158000000000000362e+00 5.862587762815178668e-34
6.158500000000000085e+00 5.790824046726875595e-34
6.158999999999999808e+00 5.719933067649516397e-34
6.159500000000000419e+00 5.649904282494116314e-34
6.160000000000000142e+00 5.580727274674361900e-34
6.160499999999999865e+00 5.512391752598697043e-34
6.161000000000000476e+00 5.444887548181289393e-34
6.161500000000000199e+00 5.378204615370132424e-34
6.161999999999999922e+00 5.312333028692179630e-34
6.162500000000000533e+00 5.247262981816324245e-34
6.163000000000000256e+00 5.182984786133294772e-34
6.163499999999999979e+00 5.119488869352061795e-34
6.163999999999999702e+00 5.056765774112795399e-34
6.164500000000000313e+00 4.994806156616822227e-34
6.165000000000000036e+00 4.933600785272433535e-34
6.165499999999999758e+00 4.873140539356318439e-34
6.166000000000000369e+00 4.813416407691742780e-34
6.166500000000000092e+00 4.754419487341637317e-34
6.166999999999999815e+00 4.696140982317487301e-34
6.167500000000000426e+00 4.638572202303399077e-34
6.168000000000000149e+00 4.581704561395601153e-34
6.168499999999999872e+00 4.525529576856153262e-34
6.169000000000000483e+00 4.470038867882284893e-34
6.169500000000000206e+00 4.415224154389958916e-34
6.169999999999999929e+00 4.361077255811253196e-34
6.170500000000000540e+00 4.307590089907105673e-34
6.171000000000000263e+00 4.254754671593444656e-34
6.171499999999999986e+00 4.202563111781296180e-34
6.171999999999999709e+00 4.151007616230527162e-34
6.172500000000000320e+00 4.100080484417657141e-34
6.173000000000000043e+00 4.049774108416776395e-34
6.173499999999999766e+00 4.000080971793468667e-34
6.174000000000000377e+00 3.950993648512290152e-34
6.174500000000000099e+00 3.902504801857166700e-34
6.174999999999999822e+00 3.854607183364347463e-34
6.175500000000000433e+00 3.807293631767869208e-34
6.176000000000000156e+00 3.760557071958562364e-34
6.176499999999999879e+00 3.714390513953769926e-34
6.177000000000000490e+00 3.668787051880548652e-34
6.177500000000000213e+00 3.623739862970855779e-34
6.177999999999999936e+00 3.579242206567676126e-34
6.178500000000000547e+00 3.535287423144138822e-34
6.179000000000000270e+00 3.491868933333696724e-34
6.179499999999999993e+00 3.448980236971628089e-34
6.179999999999999716e+00 3.406614912148315086e-34
6.180500000000000327e+00 3.364766614273656837e-34
6.181000000000000050e+00 3.323429075152634944e-34
6.181499999999999773e+00 3.282596102071337003e-34
6.182000000000000384e+00 3.242261576894638937e-34
6.182500000000000107e+00 3.202419455174357723e-34
6.182999999999999829e+00 3.163063765267305321e-34
6.183500000000000441e+00 3.124188607464840200e-34
6.184000000000000163e+00 3.085788153132276440e-34
6.184499999999999886e+00 3.047856643858141872e-34
6.185000000000000497e+00 3.010388390614284647e-34
6.185500000000000220e+00 2.973377772925730047e-34
6.185999999999999943e+00 2.936819238049767965e-34
6.186500000000000554e+00 2.900707300165733574e-34
6.187000000000000277e+00 2.865036539573940397e-34
6.187500000000000000e+00 2.829801601903983031e-34
6.187999999999999723e+00 2.794997197332814480e-34
6.188500000000000334e+00 2.760618099811833919e-34
6.189000000000000057e+00 2.726659146303563912e-34
6.189499999999999780e+00 2.693115236026806489e-34
6.190000000000000391e+00 2.659981329711061959e-34
6.190500000000000114e+00 2.627252448860337043e-34
6.190999999999999837e+00 2.594923675024609506e-34
6.191500000000000448e+00 2.562990149080832645e-34
6.192000000000000171e+00 2.531447070522404521e-34
6.192499999999999893e+00 2.500289696756578089e-34
6.193000000000000504e+00 2.469513342410711548e-34
6.193500000000000227e+00 2.439113378646722576e-34
6.193999999999999950e+00 2.409085232483357315e-34
6.194500000000000561e+00 2.379424386126974127e-34
6.195000000000000284e+00 2.350126376310115586e-34
6.195500000000000007e+00 2.321186793637617658e-34
6.195999999999999730e+00 2.292601281941141299e-34
6.196500000000000341e+00 2.264365537640821736e-34
6.197000000000000064e+00 2.236475309115036108e-34
6.197499999999999787e+00 2.208926396076969334e-34
6.198000000000000398e+00 2.181714648959342822e-34
6.198500000000000121e+00 2.154835968306107764e-34
6.198999999999999844e+00 2.128286304171272356e-34
6.199500000000000455e+00 2.102061655525099859e-34
6.200000000000000178e+00 2.076158069667498762e-34
6.200499999999999901e+00 2.050571641647978520e-34
6.201000000000000512e+00 2.025298513692734534e-34
6.201500000000000234e+00 2.000334874638956000e-34
6.201999999999999957e+00 1.975676959375039074e-34
6.202500000000000568e+00 1.951321048288135390e-34
6.203000000000000291e+00 1.927263466718243074e-34
6.203500000000000014e+00 1.903500584418283679e-34
6.203999999999999737e+00 1.880028815021275642e-34
6.204500000000000348e+00 1.856844615513390380e-34
6.205000000000000071e+00 1.833944485713565424e-34
6.205499999999999794e+00 1.811324967759156730e-34
6.206000000000000405e+00 1.788982645597677611e-34
6.206500000000000128e+00 1.766914144484957445e-34
6.206999999999999851e+00 1.745116130488771207e-34
6.207500000000000462e+00 1.723585309998724340e-34
6.208000000000000185e+00 1.702318429242076724e-34
6.208499999999999908e+00 1.681312273804873473e-34
6.209000000000000519e+00 1.660563668159212400e-34
6.209500000000000242e+00 1.640069475196258136e-34
6.209999999999999964e+00 1.619826595764145492e-34
6.210499999999999687e+00 1.599831968212177066e-34
6.211000000000000298e+00 1.580082567940031970e-34
6.211500000000000021e+00 1.560575406952520647e-34
6.211999999999999744e+00 1.541307533419381804e-34
6.212500000000000355e+00 1.522276031240740269e-34
6.213000000000000078e+00 1.503478019617523347e-34
6.213499999999999801e+00 1.484910652626901989e-34
6.214000000000000412e+00 1.466571118803061440e-34
6.214500000000000135e+00 1.448456640722864553e-34
6.214999999999999858e+00 1.430564474596259366e-34
6.215500000000000469e+00 1.412891909861931705e-34
6.216000000000000192e+00 1.395436268787677257e-34
6.216499999999999915e+00 1.378194906075269228e-34
6.217000000000000526e+00 1.361165208470389929e-34
6.217500000000000249e+00 1.344344594377193734e-34
6.217999999999999972e+00 1.327730513477208030e-34
6.218499999999999694e+00 1.311320446353056061e-34
6.219000000000000306e+00 1.295111904116544708e-34
6.219500000000000028e+00 1.279102428041289135e-34
6.219999999999999751e+00 1.263289589199633737e-34
6.220500000000000362e+00 1.247670988103864482e-34
6.221000000000000085e+00 1.232244254352045993e-34
6.221499999999999808e+00 1.217007046277561365e-34
6.222000000000000419e+00 1.201957050603249789e-34
6.222500000000000142e+00 1.187091982099656587e-34
6.222999999999999865e+00 1.172409583247046722e-34
6.223500000000000476e+00 1.157907623901852744e-34
6.224000000000000199e+00 1.143583900966922762e-34
6.224499999999999922e+00 1.129436238065648847e-34
6.225000000000000533e+00 1.115462485220112489e-34
6.225500000000000256e+00 1.101660518533135079e-34
6.225999999999999979e+00 1.088028239873918222e-34
6.226499999999999702e+00 1.074563576567583090e-34
6.227000000000000313e+00 1.061264481088458908e-34
6.227500000000000036e+00 1.048128930757052808e-34
6.227999999999999758e+00 1.035154927440420711e-34
6.228500000000000369e+00 1.022340497256383365e-34
6.229000000000000092e+00 1.009683690281262944e-34
6.229499999999999815e+00 9.971825802609150613e-35
6.230000000000000426e+00 9.848352643253963814e-35
6.230500000000000149e+00 9.726398627071023380e-35
6.230999999999999872e+00 9.605945184619996995e-35
6.231500000000000483e+00 9.486973971945194315e-35
6.232000000000000206e+00 9.369466867855895239e-35
6.232499999999999929e+00 9.253405971238732111e-35
6.233000000000000540e+00 9.138773598403347844e-35
6.233500000000000263e+00 9.025552280459701710e-35
6.233999999999999986e+00 8.913724760726271232e-35
6.234499999999999709e+00 8.803273992169201473e-35
6.235000000000000320e+00 8.694183134873022891e-35
6.235500000000000043e+00 8.586435553541661235e-35
6.235999999999999766e+00 8.480014815027540345e-35
6.236500000000000377e+00 8.374904685892427758e-35
6.237000000000000099e+00 8.271089129997458374e-35
6.237499999999999822e+00 8.168552306119800222e-35
6.238000000000000433e+00 8.067278565600522087e-35
6.238500000000000156e+00 7.967252450019905093e-35
6.238999999999999879e+00 7.868458688899045727e-35
6.239500000000000490e+00 7.770882197430989709e-35
6.240000000000000213e+00 7.674508074238901414e-35
6.240499999999999936e+00 7.579321599159598899e-35
6.241000000000000547e+00 7.485308231055111264e-35
6.241500000000000270e+00 7.392453605650256982e-35
6.241999999999999993e+00 7.300743533395726816e-35
6.242499999999999716e+00 7.210163997356829555e-35
6.243000000000000327e+00 7.120701151127781903e-35
6.243500000000000050e+00 7.032341316772020394e-35
6.243999999999999773e+00 6.945070982784718646e-35
6.244500000000000384e+00 6.858876802081973455e-35
6.245000000000000107e+00 6.773745590014006219e-35
6.245499999999999829e+00 6.689664322400365487e-35
6.246000000000000441e+00 6.606620133590949490e-35
6.246500000000000163e+00 6.524600314549241480e-35
6.246999999999999886e+00 6.443592310958186597e-35
6.247500000000000497e+00 6.363583721349484290e-35
6.248000000000000220e+00 6.284562295255690113e-35
6.248499999999999943e+00 6.206515931383242066e-35
6.249000000000000554e+00 6.129432675808088893e-35
6.249500000000000277e+00 6.053300720194194052e-35
6.250000000000000000e+00 5.978108400030924356e-35
6.250499999999999723e+00 5.903844192893777214e-35
6.251000000000000334e+00 5.830496716724815750e-35
6.251500000000000057e+00 5.758054728135178835e-35
6.251999999999999780e+00 5.686507120725416317e-35
6.252500000000000391e+00 5.615842923428673177e-35
6.253000000000000114e+00 5.546051298872851393e-35
6.253499999999999837e+00 5.477121541761356062e-35
6.254000000000000448e+00 5.409043077275060075e-35
6.254500000000000171e+00 5.341805459492603948e-35
6.254999999999999893e+00 5.275398369829383638e-35
6.255500000000000504e+00 5.209811615495930853e-35
6.256000000000000227e+00 5.145035127974746146e-35
6.256499999999999950e+00 5.081058961515151778e-35
6.257000000000000561e+00 5.017873291646037143e-35
6.257500000000000284e+00 4.955468413707938967e-35
6.258000000000000007e+00 4.893834741400191631e-35
6.258499999999999730e+00 4.832962805348416156e-35
6.259000000000000341e+00 4.772843251686902376e-35
6.259500000000000064e+00 4.713466840659939938e-35
6.259999999999999787e+00 4.654824445238118390e-35
6.260500000000000398e+00 4.596907049752859800e-35
6.261000000000000121e+00 4.539705748546945731e-35
6.261499999999999844e+00 4.483211744640397656e-35
6.262000000000000455e+00 4.427416348413518111e-35
6.262500000000000178e+00 4.372310976305714536e-35
6.262999999999999901e+00 4.317887149529094945e-35
6.263500000000000512e+00 4.264136492798391519e-35
6.264000000000000234e+00 4.211050733076092762e-35
6.264499999999999957e+00 4.158621698332087705e-35
6.265000000000000568e+00 4.106841316319038789e-35
6.265500000000000291e+00 4.055701613362130488e-35
6.266000000000000014e+00 4.005194713163119352e-35
6.266499999999999737e+00 3.955312835619307711e-35
6.267000000000000348e+00 3.906048295656353199e-35
6.267500000000000071e+00 3.857393502075747493e-35
6.267999999999999794e+00 3.809340956415021145e-35
6.268500000000000405e+00 3.761883251822960268e-35
6.269000000000000128e+00 3.715013071947764214e-35
6.269499999999999851e+00 3.668723189838398153e-35
6.270000000000000462e+00 3.623006466859564998e-35
6.270500000000000185e+00 3.577855851620009079e-35
6.270999999999999908e+00 3.533264378912710940e-35
6.271500000000000519e+00 3.489225168668993353e-35
6.272000000000000242e+00 3.445731424924919369e-35
6.272499999999999964e+00 3.402776434799460691e-35
6.272999999999999687e+00 3.360353567485945949e-35
6.273500000000000298e+00 3.318456273255066010e-35
6.274000000000000021e+00 3.277078082470442342e-35
6.274499999999999744e+00 3.236212604615309284e-35
6.275000000000000355e+00 3.195853527331511333e-35
6.275500000000000078e+00 3.155994615470263807e-35
6.275999999999999801e+00 3.116629710153514232e-35
6.276500000000000412e+00 3.077752727847394777e-35
6.277000000000000135e+00 3.039357659447071359e-35
6.277499999999999858e+00 3.001438569371367581e-35
6.278000000000000469e+00 2.963989594669717606e-35
6.278500000000000192e+00 2.927004944139366937e-35
6.278999999999999915e+00 2.890478897452895954e-35
6.279500000000000526e+00 2.854405804296585785e-35
6.280000000000000249e+00 2.818780083519544200e-35
6.280499999999999972e+00 2.783596222292332104e-35
6.280999999999999694e+00 2.748848775276325464e-35
6.281500000000000306e+00 2.714532363802981970e-35
6.282000000000000028e+00 2.680641675063056782e-35
6.282499999999999751e+00 2.647171461305197563e-35
6.283000000000000362e+00 2.614116539044903403e-35
6.283500000000000085e+00 2.581471788282625151e-35
6.283999999999999808e+00 2.549232151731348705e-35
6.284500000000000419e+00 2.517392634053407363e-35
6.285000000000000142e+00 2.485948301107026242e-35
6.285499999999999865e+00 2.454894279201277894e-35
6.286000000000000476e+00 2.424225754360350358e-35
6.286500000000000199e+00 2.393937971597177384e-35
6.286999999999999922e+00 2.364026234194819667e-35
6.287500000000000533e+00 2.334485902997496901e-35
6.288000000000000256e+00 2.305312395709810789e-35
6.288499999999999979e+00 2.276501186204146180e-35
6.288999999999999702e+00 2.248047803837080756e-35
6.289500000000000313e+00 2.219947832773496826e-35
6.290000000000000036e+00 2.192196911319356891e-35
6.290499999999999758e+00 2.164790731262037244e-35
6.291000000000000369e+00 2.137725037218873382e-35
6.291500000000000092e+00 2.110995625994005416e-35
6.291999999999999815e+00 2.084598345942124295e-35
6.292500000000000426e+00 2.058529096340617723e-35
6.293000000000000149e+00 2.032783826769273591e-35
6.293499999999999872e+00 2.007358536496936605e-35
6.294000000000000483e+00 1.982249273876259377e-35
6.294500000000000206e+00 1.957452135745457773e-35
6.294999999999999929e+00 1.932963266837196653e-35
6.295500000000000540e+00 1.908778859194834537e-35
6.296000000000000263e+00 1.884895151595837966e-35
6.296499999999999986e+00 1.861308428981768992e-35
6.296999999999999709e+00 1.838015021895557014e-35
6.297500000000000320e+00 1.815011305925399081e-35
6.298000000000000043e+00 1.792293701155523045e-35
6.298499999999999766e+00 1.769858671623473602e-35
6.299000000000000377e+00 1.747702724783924951e-35
6.299500000000000099e+00 1.725822410979342686e-35
6.299999999999999822e+00 1.704214322916554366e-35
6.300500000000000433e+00 1.682875095149991035e-35
6.301000000000000156e+00 1.661801403571280575e-35
6.301499999999999879e+00 1.640989964904547675e-35
6.302000000000000490e+00 1.620437536208383146e-35
6.302500000000000213e+00 1.600140914383581068e-35
6.302999999999999936e+00 1.580096935686756019e-35
6.303500000000000547e+00 1.560302475250021595e-35
6.304000000000000270e+00 1.540754446606593919e-35
6.304499999999999993e+00 1.521449801221709140e-35
6.304999999999999716e+00 1.502385528029778096e-35
6.305500000000000327e+00 1.483558652976655578e-35
6.306000000000000050e+00 1.464966238568011515e-35
6.306499999999999773e+00 1.446605383422529713e-35
6.307000000000000384e+00 1.428473221831008317e-35
6.307500000000000107e+00 1.410566923320762776e-35
6.307999999999999829e+00 1.392883692225028750e-35
6.308500000000000441e+00 1.375420767257855405e-35
6.309000000000000163e+00 1.358175421094112784e-35
6.309499999999999886e+00 1.341144959954518619e-35
6.310000000000000497e+00 1.324326723195662956e-35
6.310500000000000220e+00 1.307718082905277813e-35
6.310999999999999943e+00 1.291316443502036894e-35
6.311500000000000554e+00 1.275119241340481150e-35
6.312000000000000277e+00 1.259123944320699175e-35
6.312500000000000000e+00 1.243328051502672915e-35
6.312999999999999723e+00 1.227729092725293239e-35
6.313500000000000334e+00 1.212324628230140236e-35
6.314000000000000057e+00 1.197112248289743476e-35
6.314499999999999780e+00 1.182089572840273443e-35
6.315000000000000391e+00 1.167254251118814089e-35
6.315500000000000114e+00 1.152603961305123226e-35
6.315999999999999837e+00 1.138136410167413021e-35
6.316500000000000448e+00 1.123849332712799284e-35
6.317000000000000171e+00 1.109740491841893530e-35
6.317499999999999893e+00 1.095807678007372393e-35
6.318000000000000504e+00 1.082048708876967120e-35
6.318500000000000227e+00 1.068461429000543595e-35
6.318999999999999950e+00 1.055043709480938937e-35
6.319500000000000561e+00 1.041793447649135864e-35
6.320000000000000284e+00 1.028708566743290511e-35
6.320500000000000007e+00 1.015787015591458286e-35
6.320999999999999730e+00 1.003026768298455428e-35
6.321500000000000341e+00 9.904258239363424343e-36
6.322000000000000064e+00 9.779822062389072725e-36
6.322499999999999787e+00 9.656939632994319536e-36
6.323000000000000398e+00 9.535591672725830480e-36
6.323500000000000121e+00 9.415759140797707809e-36
6.323999999999999844e+00 9.297423231179057466e-36
6.324500000000000455e+00 9.180565369719946485e-36
6.325000000000000178e+00 9.065167211310852797e-36
6.325499999999999901e+00 8.951210637076148698e-36
6.326000000000000512e+00 8.838677751602676375e-36
6.326500000000000234e+00 8.727550880202644398e-36
6.326999999999999957e+00 8.617812566207339866e-36
6.327500000000000568e+00 8.509445568296656923e-36
6.328000000000000291e+00 8.402432857859742948e-36
6.328500000000000014e+00 8.296757616387318334e-36
6.328999999999999737e+00 8.192403232896704233e-36
6.329500000000000348e+00 8.089353301387954594e-36
6.330000000000000071e+00 7.987591618331073797e-36
6.330499999999999794e+00 7.887102180182583908e-36
6.331000000000000405e+00 7.787869180934281389e-36
6.331500000000000128e+00 7.689877009691255218e-36
6.331999999999999851e+00 7.593110248277860810e-36
6.332500000000000462e+00 7.497553668874764812e-36
6.333000000000000185e+00 7.403192231684613886e-36
6.333499999999999908e+00 7.310011082624660982e-36
6.334000000000000519e+00 7.217995551048813420e-36
6.334500000000000242e+00 7.127131147497802453e-36
6.334999999999999964e+00 7.037403561474841659e-36
6.335500000000000576e+00 6.948798659250242061e-36
6.336000000000000298e+00 6.861302481692661351e-36
6.336500000000000021e+00 6.774901242125400927e-36
6.336999999999999744e+00 6.689581324210229733e-36
6.337500000000000355e+00 6.605329279856225176e-36
6.338000000000000078e+00 6.522131827155055706e-36
6.338499999999999801e+00 6.439975848340032296e-36
6.339000000000000412e+00 6.358848387770727579e-36
6.339500000000000135e+00 6.278736649943419248e-36
6.339999999999999858e+00 6.199627997523190865e-36
6.340500000000000469e+00 6.121509949402110831e-36
6.341000000000000192e+00 6.044370178780989156e-36
6.341499999999999915e+00 5.968196511272881178e-36
6.342000000000000526e+00 5.892976923031653792e-36
6.342500000000000249e+00 5.818699538902837198e-36
6.342999999999999972e+00 5.745352630595889495e-36
6.343499999999999694e+00 5.672924614880349789e-36
6.344000000000000306e+00 5.601404051802937079e-36
6.344500000000000028e+00 5.530779642927772572e-36
6.344999999999999751e+00 5.461040229595618721e-36
6.345500000000000362e+00 5.392174791206914551e-36
6.346000000000000085e+00 5.324172443524882779e-36
6.346499999999999808e+00 5.257022436998297130e-36
6.347000000000000419e+00 5.190714155106411545e-36
6.347500000000000142e+00 5.125237112723261584e-36
6.347999999999999865e+00 5.060580954501646071e-36
6.348500000000000476e+00 4.996735453277384329e-36
6.349000000000000199e+00 4.933690508493393967e-36
6.349499999999999922e+00 4.871436144641615392e-36
6.350000000000000533e+00 4.809962509725597451e-36
6.350500000000000256e+00 4.749259873741081482e-36
6.350999999999999979e+00 4.689318627174892455e-36
6.351499999999999702e+00 4.630129279522721892e-36
6.352000000000000313e+00 4.571682457824884455e-36
6.352500000000000036e+00 4.513968905220027497e-36
6.352999999999999758e+00 4.456979479515822695e-36
6.353500000000000369e+00 4.400705151778220692e-36
6.354000000000000092e+00 4.345137004937621015e-36
6.354499999999999815e+00 4.290266232411216209e-36
6.355000000000000426e+00 4.236084136743246185e-36
6.355500000000000149e+00 4.182582128261797638e-36
6.355999999999999872e+00 4.129751723751196380e-36
6.356500000000000483e+00 4.077584545141418503e-36
6.357000000000000206e+00 4.026072318213403816e-36
6.357499999999999929e+00 3.975206871319978907e-36
6.358000000000000540e+00 3.924980134122318315e-36
6.358500000000000263e+00 3.875384136342653441e-36
6.358999999999999986e+00 3.826411006531121722e-36
6.359499999999999709e+00 3.778052970848543475e-36
6.360000000000000320e+00 3.730302351863655728e-36
6.360500000000000043e+00 3.683151567365600188e-36
6.360999999999999766e+00 3.636593129190147881e-36
6.361500000000000377e+00 3.590619642060674777e-36
6.362000000000000099e+00 3.545223802444038090e-36
6.362499999999999822e+00 3.500398397418973132e-36
6.363000000000000433e+00 3.456136303559525808e-36
6.363500000000000156e+00 3.412430485832089491e-36
6.363999999999999879e+00 3.369273996505021921e-36
6.364500000000000490e+00 3.326659974072691031e-36
6.365000000000000213e+00 3.284581642192398821e-36
6.365499999999999936e+00 3.243032308633666769e-36
6.366000000000000547e+00 3.202005364241203118e-36
6.366500000000000270e+00 3.161494281910557123e-36
6.366999999999999993e+00 3.121492615575462617e-36
6.367499999999999716e+00 3.081993999208679724e-36
6.368000000000000327e+00 3.042992145834269307e-36
6.368500000000000050e+00 3.004480846552678326e-36
6.368999999999999773e+00 2.966453969576818265e-36
6.369500000000000384e+00 2.928905459280955467e-36
6.370000000000000107e+00 2.891829335260778627e-36
6.370499999999999829e+00 2.855219691404831224e-36
6.371000000000000441e+00 2.819070694977622258e-36
6.371500000000000163e+00 2.783376585714171745e-36
6.371999999999999886e+00 2.748131674924861055e-36
6.372500000000000497e+00 2.713330344612180061e-36
6.373000000000000220e+00 2.678967046597864329e-36
6.373499999999999943e+00 2.645036301660590057e-36
6.374000000000000554e+00 2.611532698684516767e-36
6.374500000000000277e+00 2.578450893818459585e-36
6.375000000000000000e+00 2.545785609644629009e-36
6.375499999999999723e+00 2.513531634358467337e-36
6.376000000000000334e+00 2.481683820957914267e-36
6.376500000000000057e+00 2.450237086442991044e-36
6.376999999999999780e+00 2.419186411024989852e-36
6.377500000000000391e+00 2.388526837345305876e-36
6.378000000000000114e+00 2.358253469704337000e-36
6.378499999999999837e+00 2.328361473299165202e-36
6.379000000000000448e+00 2.298846073471076071e-36
6.379500000000000171e+00 2.269702554962275968e-36
6.379999999999999893e+00 2.240926261181413280e-36
6.380500000000000504e+00 2.212512593478539536e-36
6.381000000000000227e+00 2.184457010428776732e-36
6.381499999999999950e+00 2.156755027124631707e-36
6.382000000000000561e+00 2.129402214477251928e-36
6.382500000000000284e+00 2.102394198526232109e-36
6.383000000000000007e+00 2.075726659757775230e-36
6.383499999999999730e+00 2.049395332431207284e-36
6.384000000000000341e+00 2.023396003914001431e-36
6.384500000000000064e+00 1.997724514024824462e-36
6.384999999999999787e+00 1.972376754384513354e-36
6.385500000000000398e+00 1.947348667775234826e-36
6.386000000000000121e+00 1.922636247507624103e-36
6.386499999999999844e+00 1.898235536795289820e-36
6.387000000000000455e+00 1.874142628137369621e-36
6.387500000000000178e+00 1.850353662708642341e-36
6.387999999999999901e+00 1.826864829756903756e-36
6.388500000000000512e+00 1.803672366007937324e-36
6.389000000000000234e+00 1.780772555078056544e-36
6.389499999999999957e+00 1.758161726893104034e-36
6.390000000000000568e+00 1.735836257115440185e-36
6.390500000000000291e+00 1.713792566577545892e-36
6.391000000000000014e+00 1.692027120722643972e-36
6.391499999999999737e+00 1.670536429052178565e-36
6.392000000000000348e+00 1.649317044580147163e-36
6.392500000000000071e+00 1.628365563294373809e-36
6.392999999999999794e+00 1.607678623623826095e-36
6.393500000000000405e+00 1.587252905913031343e-36
6.394000000000000128e+00 1.567085131902791503e-36
6.394499999999999851e+00 1.547172064217220800e-36
6.395000000000000462e+00 1.527510505857040999e-36
6.395500000000000185e+00 1.508097299699522492e-36
6.395999999999999908e+00 1.488929328003931123e-36
6.396500000000000519e+00 1.470003511923587088e-36
6.397000000000000242e+00 1.451316811023776865e-36
6.397499999999999964e+00 1.432866222805518992e-36
6.398000000000000576e+00 1.414648782235258711e-36
6.398500000000000298e+00 1.396661561280436344e-36
6.399000000000000021e+00 1.378901668450572927e-36
6.399499999999999744e+00 1.361366248344212362e-36
6.400000000000000355e+00 1.344052481201286291e-36
6.400500000000000078e+00 1.326957582461300739e-36
6.400999999999999801e+00 1.310078802326375001e-36
6.401500000000000412e+00 1.293413425330277039e-36
6.402000000000000135e+00 1.276958769912553677e-36
6.402499999999999858e+00 1.260712187997675730e-36
6.403000000000000469e+00 1.244671064579664142e-36
6.403500000000000192e+00 1.228832817311921001e-36
6.403999999999999915e+00 1.213194896101603245e-36
6.404500000000000526e+00 1.197754782709564416e-36
6.405000000000000249e+00 1.182509990355029532e-36
6.405499999999999972e+00 1.167458063324911063e-36
6.405999999999999694e+00 1.152596576588347141e-36
6.406500000000000306e+00 1.137923135415611759e-36
6.407000000000000028e+00 1.123435375002147977e-36
6.407499999999999751e+00 1.109130960096739416e-36
6.408000000000000362e+00 1.095007584634638551e-36
6.408500000000000085e+00 1.081062971375201461e-36
6.408999999999999808e+00 1.067294871543698769e-36
6.409500000000000419e+00 1.053701064477887441e-36
6.410000000000000142e+00 1.040279357278847827e-36
6.410499999999999865e+00 1.027027584465921879e-36
6.411000000000000476e+00 1.013943607636166014e-36
6.411500000000000199e+00 1.001025315127987516e-36
6.411999999999999922e+00 9.882706216887451481e-37
6.412500000000000533e+00 9.756774681465590425e-37
6.413000000000000256e+00 9.632438210863640957e-37
6.413499999999999979e+00 9.509676725295595756e-37
6.413999999999999702e+00 9.388470396179498498e-37
6.414500000000000313e+00 9.268799643014749275e-37
6.415000000000000036e+00 9.150645130298113321e-37
6.415499999999999758e+00 9.033987764477031501e-37
6.416000000000000369e+00 8.918808690941520525e-37
6.416500000000000092e+00 8.805089291053795880e-37
6.416999999999999815e+00 8.692811179212124540e-37
6.417500000000000426e+00 8.581956199953803600e-37
6.418000000000000149e+00 8.472506425092585838e-37
6.418499999999999872e+00 8.364444150890973166e-37
6.419000000000000483e+00 8.257751895268330137e-37
6.419500000000000206e+00 8.152412395044082502e-37
6.419999999999999929e+00 8.048408603212623107e-37
6.420500000000000540e+00 7.945723686254627526e-37
6.421000000000000263e+00 7.844341021480274160e-37
6.421499999999999986e+00 7.744244194404920040e-37
6.421999999999999709e+00 7.645416996158095994e-37
6.422500000000000320e+00 7.547843420924326081e-37
6.423000000000000043e+00 7.451507663415684444e-37
6.423499999999999766e+00 7.356394116374451659e-37
6.424000000000000377e+00 7.262487368108475711e-37
6.424500000000000099e+00 7.169772200056454569e-37
6.424999999999999822e+00 7.078233584381809817e-37
6.425500000000000433e+00 6.987856681598595057e-37
6.426000000000000156e+00 6.898626838225630362e-37
6.426499999999999879e+00 6.810529584469384827e-37
6.427000000000000490e+00 6.723550631935747532e-37
6.427500000000000213e+00 6.637675871371542196e-37
6.427999999999999936e+00 6.552891370431125726e-37
6.428500000000000547e+00 6.469183371473307620e-37
6.429000000000000270e+00 6.386538289384381433e-37
6.429499999999999993e+00 6.304942709427765301e-37
6.429999999999999716e+00 6.224383385121077544e-37
6.430500000000000327e+00 6.144847236138878343e-37
6.431000000000000050e+00 6.066321346242245126e-37
6.431499999999999773e+00 5.988792961232691000e-37
6.432000000000000384e+00 5.912249486932039072e-37
6.432500000000000107e+00 5.836678487188493200e-37
6.432999999999999829e+00 5.762067681904965357e-37
6.433500000000000441e+00 5.688404945093766482e-37
6.434000000000000163e+00 5.615678302955206881e-37
6.434499999999999886e+00 5.543875931978948531e-37
6.435000000000000497e+00 5.472986157069474085e-37
6.435500000000000220e+00 5.402997449695859648e-37
6.435999999999999943e+00 5.333898426062221402e-37
6.436500000000000554e+00 5.265677845302557045e-37
6.437000000000000277e+00 5.198324607698234737e-37
6.437500000000000000e+00 5.131827752915408345e-37
6.437999999999999723e+00 5.066176458266831687e-37
6.438500000000000334e+00 5.001360036993508032e-37
6.439000000000000057e+00 4.937367936568885202e-37
6.439499999999999780e+00 4.874189737022505066e-37
6.440000000000000391e+00 4.811815149286082538e-37
6.440500000000000114e+00 4.750234013559302060e-37
6.440999999999999837e+00 4.689436297695629756e-37
6.441500000000000448e+00 4.629412095608624013e-37
6.442000000000000171e+00 4.570151625698334408e-37
6.442499999999999893e+00 4.511645229295913007e-37
6.443000000000000504e+00 4.453883369129036483e-37
6.443500000000000227e+00 4.396856627805632501e-37
6.443999999999999950e+00 4.340555706316192669e-37
6.444500000000000561e+00 4.284971422555107225e-37
6.445000000000000284e+00 4.230094709860593813e-37
6.445500000000000007e+00 4.175916615571825500e-37
6.445999999999999730e+00 4.122428299604897608e-37
6.446500000000000341e+00 4.069621033045686417e-37
6.447000000000000064e+00 4.017486196761408874e-37
6.447499999999999787e+00 3.966015280027621690e-37
6.448000000000000398e+00 3.915199879173893874e-37
6.448500000000000121e+00 3.865031696245593535e-37
6.448999999999999844e+00 3.815502537682139749e-37
6.449500000000000455e+00 3.766604313011789654e-37
6.450000000000000178e+00 3.718329033563443949e-37
6.450499999999999901e+00 3.670668811192838143e-37
6.451000000000000512e+00 3.623615857026065839e-37
6.451500000000000234e+00 3.577162480218061570e-37
6.451999999999999957e+00 3.531301086726315467e-37
6.452500000000000568e+00 3.486024178100188940e-37
6.453000000000000291e+00 3.441324350285517743e-37
6.453500000000000014e+00 3.397194292443079575e-37
6.453999999999999737e+00 3.353626785782985111e-37
6.454500000000000348e+00 3.310614702412435350e-37
6.455000000000000071e+00 3.268151004199047821e-37
6.455499999999999794e+00 3.226228741646848354e-37
6.456000000000000405e+00 3.184841052787324717e-37
6.456500000000000128e+00 3.143981162084163130e-37
6.456999999999999851e+00 3.103642379351014518e-37
6.457500000000000462e+00 3.063818098683054310e-37
6.458000000000000185e+00 3.024501797402426419e-37
6.458499999999999908e+00 2.985687035015548444e-37
6.459000000000000519e+00 2.947367452184387931e-37
6.459500000000000242e+00 2.909536769710440507e-37
6.459999999999999964e+00 2.872188787530760115e-37
6.460500000000000576e+00 2.835317383726995582e-37
6.461000000000000298e+00 2.798916513546900642e-37
6.461500000000000021e+00 2.762980208437268784e-37
6.461999999999999744e+00 2.727502575089661448e-37
6.462500000000000355e+00 2.692477794497734771e-37
6.463000000000000078e+00 2.657900121026337772e-37
6.463499999999999801e+00 2.623763881491970625e-37
6.464000000000000412e+00 2.590063474254965920e-37
6.464500000000000135e+00 2.556793368323144868e-37
6.464999999999999858e+00 2.523948102465907300e-37
6.465500000000000469e+00 2.491522284340194591e-37
6.466000000000000192e+00 2.459510589626929827e-37
6.466499999999999915e+00 2.427907761178084290e-37
6.467000000000000526e+00 2.396708608174610831e-37
6.467500000000000249e+00 2.365908005295002306e-37
6.467999999999999972e+00 2.335500891893727977e-37
6.468499999999999694e+00 2.305482271190220226e-37
6.469000000000000306e+00 2.275847209468029889e-37
6.469500000000000028e+00 2.246590835283980654e-37
6.469999999999999751e+00 2.217708338686710291e-37
6.470500000000000362e+00 2.189194970445459845e-37
6.471000000000000085e+00 2.161046041288626361e-37
6.471499999999999808e+00 2.133256921150906449e-37
6.472000000000000419e+00 2.105823038430819794e-37
6.472500000000000142e+00 2.078739879257141315e-37
6.472999999999999865e+00 2.052002986764063663e-37
6.473500000000000476e+00 2.025607960376061020e-37
6.474000000000000199e+00 1.999550455101332471e-37
6.474499999999999922e+00 1.973826180833952745e-37
6.475000000000000533e+00 1.948430901664952911e-37
6.475500000000000256e+00 1.923360435201969376e-37
6.475999999999999979e+00 1.898610651897256960e-37
6.476499999999999702e+00 1.874177474384073370e-37
6.477000000000000313e+00 1.850056876821554289e-37
6.477500000000000036e+00 1.826244884247596950e-37
6.477999999999999758e+00 1.802737571939825484e-37
6.478500000000000369e+00 1.779531064784451978e-37
6.479000000000000092e+00 1.756621536653400781e-37
6.479499999999999815e+00 1.734005209788568239e-37
6.480000000000000426e+00 1.711678354194356940e-37
6.480500000000000149e+00 1.689637287037627932e-37
6.480999999999999872e+00 1.667878372054814894e-37
6.481500000000000483e+00 1.646398018966850304e-37
6.482000000000000206e+00 1.625192682901369464e-37
6.482499999999999929e+00 1.604258863821800228e-37
6.483000000000000540e+00 1.583593105963890540e-37
6.483500000000000263e+00 1.563191997279245084e-37
6.483999999999999986e+00 1.543052168885589578e-37
6.484499999999999709e+00 1.523170294524235870e-37
6.485000000000000320e+00 1.503543090023931182e-37
6.485500000000000043e+00 1.484167312771966632e-37
6.485999999999999766e+00 1.465039761191102555e-37
6.486500000000000377e+00 1.446157274223860860e-37
6.487000000000000099e+00 1.427516730822689512e-37
6.487499999999999822e+00 1.409115049446751524e-37
6.488000000000000433e+00 1.390949187564822666e-37
6.488500000000000156e+00 1.373016141164799880e-37
6.488999999999999879e+00 1.355312944268746924e-37
6.489500000000000490e+00 1.337836668454459042e-37
6.490000000000000213e+00 1.320584422382984359e-37
6.490499999999999936e+00 1.303553351331692095e-37
6.491000000000000547e+00 1.286740636733615720e-37
6.491500000000000270e+00 1.270143495722350030e-37
6.491999999999999993e+00 1.253759180682549128e-37
6.492499999999999716e+00 1.237584978806301358e-37
6.493000000000000327e+00 1.221618211654749534e-37
6.493500000000000050e+00 1.205856234725548657e-37
6.493999999999999773e+00 1.190296437025367224e-37
6.494500000000000384e+00 1.174936240647983171e-37
6.495000000000000107e+00 1.159773100357620535e-37
6.495499999999999829e+00 1.144804503177435554e-37
6.496000000000000441e+00 1.130027967983120507e-37
6.496500000000000163e+00 1.115441045101823205e-37
6.496999999999999886e+00 1.101041315915760115e-37
6.497500000000000497e+00 1.086826392471006719e-37
6.498000000000000220e+00 1.072793917091240827e-37
6.498499999999999943e+00 1.058941561996014775e-37
6.499000000000000554e+00 1.045267028924162250e-37
6.499500000000000277e+00 1.031768048761750277e-37
6.500000000000000000e+00 1.018442381174633584e-37
6.500499999999999723e+00 1.005287814245742681e-37
6.501000000000000334e+00 9.923021641168164522e-38
6.501500000000000057e+00 9.794832746347607286e-38
6.501999999999999780e+00 9.668290170022135309e-38
6.502500000000000391e+00 9.543372894326721851e-38
6.503000000000000114e+00 9.420060168099229610e-38
6.503499999999999837e+00 9.298331503516195518e-38
6.504000000000000448e+00 9.178166672771726395e-38
6.504500000000000171e+00 9.059545704799289342e-38
6.504999999999999893e+00 8.942448882030700557e-38
6.505500000000000504e+00 8.826856737199900691e-38
6.506000000000000227e+00 8.712750050185334964e-38
6.506499999999999950e+00 8.600109844890315769e-38
6.507000000000000561e+00 8.488917386164630414e-38
6.507500000000000284e+00 8.379154176764593883e-38
6.508000000000000007e+00 8.270801954349527398e-38
6.508499999999999730e+00 8.163842688517601803e-38
6.509000000000000341e+00 8.058258577877911527e-38
6.509500000000000064e+00 7.954032047160520592e-38
6.509999999999999787e+00 7.851145744360376523e-38
6.510500000000000398e+00 7.749582537919674483e-38
6.511000000000000121e+00 7.649325513944303331e-38
6.511499999999999844e+00 7.550357973454795408e-38
6.512000000000000455e+00 7.452663429672551589e-38
6.512500000000000178e+00 7.356225605340523085e-38
6.512999999999999901e+00 7.261028430076032184e-38
6.513500000000000512e+00 7.167056037757593493e-38
6.514000000000000234e+00 7.074292763945935082e-38
6.514499999999999957e+00 6.982723143334451355e-38
6.515000000000000568e+00 6.892331907234001995e-38
6.515500000000000291e+00 6.803103981089155575e-38
6.516000000000000014e+00 6.715024482023776146e-38
6.516499999999999737e+00 6.628078716419756293e-38
6.517000000000000348e+00 6.542252177524431250e-38
6.517500000000000071e+00 6.457530543089547295e-38
6.517999999999999794e+00 6.373899673037834804e-38
6.518500000000000405e+00 6.291345607161031173e-38
6.519000000000000128e+00 6.209854562845793419e-38
6.519499999999999851e+00 6.129412932827921204e-38
6.520000000000000462e+00 6.050007282974994694e-38
6.520500000000000185e+00 5.971624350098074549e-38
6.520999999999999908e+00 5.894251039788820329e-38
6.521500000000000519e+00 5.817874424284937075e-38
6.522000000000000242e+00 5.742481740363089763e-38
6.522499999999999964e+00 5.668060387256735026e-38
6.523000000000000576e+00 5.594597924601203596e-38
6.523500000000000298e+00 5.522082070404917368e-38
6.524000000000000021e+00 5.450500699044535015e-38
6.524499999999999744e+00 5.379841839287191721e-38
6.525000000000000355e+00 5.310093672336290553e-38
6.525500000000000078e+00 5.241244529902700766e-38
6.525999999999999801e+00 5.173282892299313564e-38
6.526500000000000412e+00 5.106197386560548538e-38
6.527000000000000135e+00 5.039976784585113152e-38
6.527499999999999858e+00 4.974610001301425403e-38
6.528000000000000469e+00 4.910086092857344015e-38
6.528500000000000192e+00 4.846394254832286175e-38
6.528999999999999915e+00 4.783523820470885038e-38
6.529500000000000526e+00 4.721464258940058973e-38
6.530000000000000249e+00 4.660205173607925451e-38
6.530499999999999972e+00 4.599736300343440338e-38
6.530999999999999694e+00 4.540047505838375652e-38
6.531500000000000306e+00 4.481128785949897976e-38
6.532000000000000028e+00 4.422970264064705942e-38
6.532499999999999751e+00 4.365562189482437215e-38
6.533000000000000362e+00 4.308894935820883031e-38
6.533500000000000085e+00 4.252958999440585509e-38
6.533999999999999808e+00 4.197744997889035407e-38
6.534500000000000419e+00 4.143243668364894210e-38
6.535000000000000142e+00 4.089445866201790569e-38
6.535499999999999865e+00 4.036342563370382367e-38
6.536000000000000476e+00 3.983924846999716986e-38
6.536500000000000199e+00 3.932183917918006702e-38
6.536999999999999922e+00 3.881111089210139137e-38
6.537500000000000533e+00 3.830697784794678012e-38
6.538000000000000256e+00 3.780935538018658667e-38
6.538499999999999979e+00 3.731815990269383826e-38
6.538999999999999702e+00 3.683330889604220330e-38
6.539500000000000313e+00 3.635472089397760481e-38
6.540000000000000036e+00 3.588231547006076561e-38
6.540499999999999758e+00 3.541601322447002537e-38
6.541000000000000369e+00 3.495573577098175559e-38
6.541500000000000092e+00 3.450140572410933423e-38
6.541999999999999815e+00 3.405294668640223571e-38
6.542500000000000426e+00 3.361028323590942798e-38
6.543000000000000149e+00 3.317334091380014960e-38
6.543499999999999872e+00 3.274204621213903369e-38
6.544000000000000483e+00 3.231632656181446172e-38
6.544500000000000206e+00 3.189611032062571709e-38
6.544999999999999929e+00 3.148132676151117406e-38
6.545500000000000540e+00 3.107190606093103196e-38
6.546000000000000263e+00 3.066777928739781364e-38
6.546499999999999986e+00 3.026887839014549788e-38
6.546999999999999709e+00 2.987513618794554432e-38
6.547500000000000320e+00 2.948648635806544663e-38
6.548000000000000043e+00 2.910286342536475037e-38
6.548499999999999766e+00 2.872420275152633258e-38
6.549000000000000377e+00 2.835044052442861231e-38
6.549500000000000099e+00 2.798151374764975499e-38
6.549999999999999822e+00 2.761736023010045137e-38
6.550500000000000433e+00 2.725791857579443266e-38
6.551000000000000156e+00 2.690312817374603587e-38
6.551499999999999879e+00 2.655292918798995425e-38
6.552000000000000490e+00 2.620726254773374372e-38
6.552500000000000213e+00 2.586606993763403333e-38
6.552999999999999936e+00 2.552929378819053069e-38
6.553500000000000547e+00 2.519687726626576199e-38
6.554000000000000270e+00 2.486876426572600016e-38
6.554499999999999993e+00 2.454489939819363460e-38
6.554999999999999716e+00 2.422522798392315647e-38
6.555500000000000327e+00 2.390969604279001594e-38
6.556000000000000050e+00 2.359825028539357837e-38
6.556499999999999773e+00 2.329083810427058521e-38
6.557000000000000384e+00 2.298740756522207165e-38
6.557500000000000107e+00 2.268790739875113357e-38
6.557999999999999829e+00 2.239228699160437634e-38
6.558500000000000441e+00 2.210049637842267810e-38
6.559000000000000163e+00 2.181248623350185228e-38
6.559499999999999886e+00 2.152820786264838374e-38
6.560000000000000497e+00 2.124761319514541391e-38
6.560500000000000220e+00 2.097065477581989157e-38
6.560999999999999943e+00 2.069728575720436411e-38
6.561500000000000554e+00 2.042745989180453085e-38
6.562000000000000277e+00 2.016113152446274972e-38
6.562500000000000000e+00 1.989825558481410144e-38
6.562999999999999723e+00 1.963878757984344453e-38
6.563500000000000334e+00 1.938268358653290060e-38
6.564000000000000057e+00 1.912990024460708611e-38
6.564499999999999780e+00 1.888039474936162786e-38
6.565000000000000391e+00 1.863412484459125728e-38
6.565500000000000114e+00 1.839104881560429712e-38
6.565999999999999837e+00 1.815112548232194573e-38
6.566500000000000448e+00 1.791431419247071149e-38
6.567000000000000171e+00 1.768057481485809431e-38
6.567499999999999893e+00 1.744986773273244890e-38
6.568000000000000504e+00 1.722215383722870794e-38
6.568500000000000227e+00 1.699739452089827907e-38
6.568999999999999950e+00 1.677555167131600834e-38
6.569500000000000561e+00 1.655658766477371883e-38
6.570000000000000284e+00 1.634046536005093307e-38
6.570500000000000007e+00 1.612714809226359912e-38
6.570999999999999730e+00 1.591659966679283235e-38
6.571500000000000341e+00 1.570878435328877411e-38
6.572000000000000064e+00 1.550366687975395190e-38
6.572499999999999787e+00 1.530121242669475347e-38
6.573000000000000398e+00 1.510138662135411734e-38
6.573500000000000121e+00 1.490415553201480363e-38
6.573999999999999844e+00 1.470948566237214906e-38
6.574500000000000455e+00 1.451734394598178186e-38
6.575000000000000178e+00 1.432769774077743689e-38
6.575499999999999901e+00 1.414051482365540703e-38
6.576000000000000512e+00 1.395576338513033974e-38
6.576500000000000234e+00 1.377341202405836430e-38
6.576999999999999957e+00 1.359342974242629942e-38
6.577500000000000568e+00 1.341578594020664910e-38
6.578000000000000291e+00 1.324045041028046679e-38
6.578500000000000014e+00 1.306739333342082921e-38
6.578999999999999737e+00 1.289658527334277430e-38
6.579500000000000348e+00 1.272799717181456662e-38
6.580000000000000071e+00 1.256160034383296034e-38
6.580499999999999794e+00 1.239736647285586391e-38
6.581000000000000405e+00 1.223526760609969938e-38
6.581500000000000128e+00 1.207527614989437745e-38
6.581999999999999851e+00 1.191736486509643124e-38
6.582500000000000462e+00 1.176150686256240997e-38
6.583000000000000185e+00 1.160767559867884446e-38
6.583499999999999908e+00 1.145584487094731614e-38
6.584000000000000519e+00 1.130598881362856968e-38
6.584500000000000242e+00 1.115808189344022705e-38
6.584999999999999964e+00 1.101209890530837450e-38
6.585500000000000576e+00 1.086801496817499706e-38
6.586000000000000298e+00 1.072580552085784243e-38
6.586500000000000021e+00 1.058544631796133252e-38
6.586999999999999744e+00 1.044691342584234083e-38
6.587500000000000355e+00 1.031018321862460704e-38
6.588000000000000078e+00 1.017523237426616958e-38
6.588499999999999801e+00 1.004203787067353507e-38
6.589000000000000412e+00 9.910576981868561791e-39
6.589500000000000135e+00 9.780827274202449319e-39
6.589999999999999858e+00 9.652766602617283275e-39
6.590500000000000469e+00 9.526373106956207955e-39
6.591000000000000192e+00 9.401625208320359276e-39
6.591499999999999915e+00 9.278501605471525769e-39
6.592000000000000526e+00 9.156981271280190441e-39
6.592500000000000249e+00 9.037043449221182572e-39
6.592999999999999972e+00 8.918667649909983458e-39
6.593499999999999694e+00 8.801833647686313209e-39
6.594000000000000306e+00 8.686521477239491239e-39
6.594500000000000028e+00 8.572711430278067032e-39
6.594999999999999751e+00 8.460384052239965222e-39
6.595500000000000362e+00 8.349520139045345306e-39
6.596000000000000085e+00 8.240100733892420061e-39
6.596499999999999808e+00 8.132107124090464267e-39
6.597000000000000419e+00 8.025520837936430747e-39
6.597500000000000142e+00 7.920323641629986084e-39
6.597999999999999865e+00 7.816497536226797679e-39
6.598500000000000476e+00 7.714024754632511304e-39
6.599000000000000199e+00 7.612887758634390094e-39
6.599499999999999922e+00 7.513069235969208143e-39
6.600000000000000533e+00 7.414552097430233271e-39
6.600500000000000256e+00 7.317319474011504526e-39
6.600999999999999979e+00 7.221354714085435714e-39
6.601499999999999702e+00 7.126641380619902248e-39
6.602000000000000313e+00 7.033163248428370829e-39
6.602500000000000036e+00 6.940904301456673928e-39
6.602999999999999758e+00 6.849848730102708360e-39
6.603500000000000369e+00 6.759980928571015503e-39
6.604000000000000092e+00 6.671285492262363270e-39
6.604499999999999815e+00 6.583747215193784277e-39
6.605000000000000426e+00 6.497351087453716234e-39
6.605500000000000149e+00 6.412082292689314700e-39
6.605999999999999872e+00 6.327926205624586158e-39
6.606500000000000483e+00 6.244868389610813510e-39
6.607000000000000206e+00 6.162894594209414949e-39
6.607499999999999929e+00 6.081990752803031303e-39
6.608000000000000540e+00 6.002142980239111996e-39
6.608500000000000263e+00 5.923337570503311216e-39
6.608999999999999986e+00 5.845560994421441425e-39
6.609499999999999709e+00 5.768799897391503954e-39
6.610000000000000320e+00 5.693041097144776124e-39
6.610500000000000043e+00 5.618271581535511832e-39
6.610999999999999766e+00 5.544478506357546617e-39
6.611500000000000377e+00 5.471649193190502158e-39
6.612000000000000099e+00 5.399771127272576169e-39
6.612499999999999822e+00 5.328831955400144774e-39
6.613000000000000433e+00 5.258819483854718951e-39
6.613500000000000156e+00 5.189721676356689314e-39
6.613999999999999879e+00 5.121526652043685644e-39
6.614500000000000490e+00 5.054222683476440584e-39
6.615000000000000213e+00 4.987798194669273305e-39
6.615499999999999936e+00 4.922241759145415002e-39
6.616000000000000547e+00 4.857542098017664324e-39
6.616500000000000270e+00 4.793688078093863100e-39
6.616999999999999993e+00 4.730668710005178006e-39
6.617499999999999716e+00 4.668473146359912484e-39
6.618000000000000327e+00 4.607090679919728517e-39
6.618500000000000050e+00 4.546510741799888699e-39
6.618999999999999773e+00 4.486722899691676513e-39
6.619500000000000384e+00 4.427716856108369690e-39
6.620000000000000107e+00 4.369482446653207769e-39
6.620499999999999829e+00 4.312009638309225942e-39
6.621000000000000441e+00 4.255288527751074613e-39
6.621500000000000163e+00 4.199309339679294486e-39
6.621999999999999886e+00 4.144062425174050110e-39
6.622500000000000497e+00 4.089538260071587800e-39
6.623000000000000220e+00 4.035727443360700790e-39
6.623499999999999943e+00 3.982620695599453498e-39
6.624000000000000554e+00 3.930208857352605372e-39
6.624500000000000277e+00 3.878482887648934287e-39
6.625000000000000000e+00 3.827433862458038646e-39
6.625499999999999723e+00 3.777052973186570522e-39
6.626000000000000334e+00 3.727331525194113231e-39
6.626500000000000057e+00 3.678260936327751947e-39
6.626999999999999780e+00 3.629832735475118757e-39
6.627500000000000391e+00 3.582038561136305636e-39
6.628000000000000114e+00 3.534870160014232285e-39
6.628499999999999837e+00 3.488319385622319077e-39
6.629000000000000448e+00 3.442378196910332981e-39
6.629500000000000171e+00 3.397038656908486060e-39
6.629999999999999893e+00 3.352292931387445931e-39
6.630500000000000504e+00 3.308133287536623594e-39
6.631000000000000227e+00 3.264552092659243704e-39
6.631499999999999950e+00 3.221541812883454680e-39
6.632000000000000561e+00 3.179095011890541652e-39
6.632500000000000284e+00 3.137204349659352814e-39
6.633000000000000007e+00 3.095862581226340850e-39
6.633499999999999730e+00 3.055062555462142729e-39
6.634000000000000341e+00 3.014797213863063955e-39
6.634500000000000064e+00 2.975059589358898264e-39
6.634999999999999787e+00 2.935842805135101029e-39
6.635500000000000398e+00 2.897140073470598609e-39
6.636000000000000121e+00 2.858944694590632637e-39
6.636499999999999844e+00 2.821250055533464071e-39
6.637000000000000455e+00 2.784049629032534375e-39
6.637500000000000178e+00 2.747336972412484819e-39
6.637999999999999901e+00 2.711105726499154939e-39
6.638500000000000512e+00 2.675349614543822801e-39
6.639000000000000234e+00 2.640062441161404520e-39
6.639499999999999957e+00 2.605238091281492319e-39
6.640000000000000568e+00 2.570870529113702904e-39
6.640500000000000291e+00 2.536953797125859481e-39
6.641000000000000014e+00 2.503482015035086377e-39
6.641499999999999737e+00 2.470449378812335341e-39
6.642000000000000348e+00 2.437850159699061316e-39
6.642500000000000071e+00 2.405678703237201992e-39
6.642999999999999794e+00 2.373929428310884649e-39
6.643500000000000405e+00 2.342596826200708883e-39
6.644000000000000128e+00 2.311675459650602947e-39
6.644499999999999851e+00 2.281159961945647819e-39
6.645000000000000462e+00 2.251045036002652369e-39
6.645500000000000185e+00 2.221325453471982071e-39
6.645999999999999908e+00 2.191996053850787089e-39
6.646500000000000519e+00 2.163051743607849975e-39
6.647000000000000242e+00 2.134487495319623612e-39
6.647499999999999964e+00 2.106298346817223513e-39
6.648000000000000576e+00 2.078479400344303674e-39
6.648500000000000298e+00 2.051025821726151707e-39
6.649000000000000021e+00 2.023932839548845998e-39
6.649499999999999744e+00 1.997195744349386463e-39
6.650000000000000355e+00 1.970809887815985537e-39
6.650500000000000078e+00 1.944770681998896215e-39
6.650999999999999801e+00 1.919073598530950408e-39
6.651500000000000412e+00 1.893714167858294714e-39
6.652000000000000135e+00 1.868687978481379724e-39
6.652499999999999858e+00 1.843990676204901072e-39
6.653000000000000469e+00 1.819617963397996303e-39
6.653500000000000192e+00 1.795565598263869175e-39
6.653999999999999915e+00 1.771829394118458686e-39
6.654500000000000526e+00 1.748405218678552175e-39
6.655000000000000249e+00 1.725288993359388167e-39
6.655499999999999972e+00 1.702476692580550936e-39
6.656000000000000583e+00 1.679964343081330986e-39
6.656500000000000306e+00 1.657748023244964522e-39
6.657000000000000028e+00 1.635823862430856956e-39
6.657499999999999751e+00 1.614188040316199589e-39
6.658000000000000362e+00 1.592836786245495288e-39
6.658500000000000085e+00 1.571766378588831981e-39
6.658999999999999808e+00 1.550973144107906268e-39
6.659500000000000419e+00 1.530453457330708710e-39
6.660000000000000142e+00 1.510203739933993157e-39
6.660499999999999865e+00 1.490220460133601894e-39
6.661000000000000476e+00 1.470500132082774492e-39
6.661500000000000199e+00 1.451039315278294692e-39
6.661999999999999922e+00 1.431834613973850691e-39
6.662500000000000533e+00 1.412882676601417797e-39
6.663000000000000256e+00 1.394180195199846489e-39
6.663499999999999979e+00 1.375723904850721946e-39
6.663999999999999702e+00 1.357510583121636009e-39
6.664500000000000313e+00 1.339537049516577741e-39
6.665000000000000036e+00 1.321800164933406895e-39
6.665499999999999758e+00 1.304296831128101297e-39
6.666000000000000369e+00 1.287023990186214354e-39
6.666500000000000092e+00 1.269978624001032433e-39
6.666999999999999815e+00 1.253157753758191142e-39
6.667500000000000426e+00 1.236558439427217566e-39
6.668000000000000149e+00 1.220177779259693249e-39
6.668499999999999872e+00 1.204012909293367429e-39
6.669000000000000483e+00 1.188061002863214019e-39
6.669500000000000206e+00 1.172319270118579794e-39
6.669999999999999929e+00 1.156784957546318891e-39
6.670500000000000540e+00 1.141455347500429941e-39
6.671000000000000263e+00 1.126327757737565646e-39
6.671499999999999986e+00 1.111399540958455266e-39
6.671999999999999709e+00 1.096668084355379641e-39
6.672500000000000320e+00 1.082130809165358477e-39
6.673000000000000043e+00 1.067785170229261136e-39
6.673499999999999766e+00 1.053628655556273878e-39
6.674000000000000377e+00 1.039658785894310688e-39
6.674500000000000099e+00 1.025873114305864081e-39
6.674999999999999822e+00 1.012269225749110895e-39
6.675500000000000433e+00 9.988447366646691652e-40
6.676000000000000156e+00 9.855972945676703462e-40
6.676499999999999879e+00 9.725245776448196409e-40
6.677000000000000490e+00 9.596242943569594436e-40
6.677500000000000213e+00 9.468941830466657520e-40
6.677999999999999936e+00 9.343320115507106606e-40
6.678500000000000547e+00 9.219355768177535811e-40
6.679000000000000270e+00 9.097027045309406341e-40
6.679499999999999993e+00 8.976312487351848037e-40
6.679999999999999716e+00 8.857190914694356677e-40
6.680500000000000327e+00 8.739641424035982424e-40
6.681000000000000050e+00 8.623643384801944203e-40
6.681499999999999773e+00 8.509176435605824948e-40
6.682000000000000384e+00 8.396220480757052470e-40
6.682500000000000107e+00 8.284755686815669204e-40
6.682999999999999829e+00 8.174762479187963411e-40
6.683500000000000441e+00 8.066221538768863980e-40
6.684000000000000163e+00 7.959113798626795377e-40
6.684499999999999886e+00 7.853420440730961762e-40
6.685000000000000497e+00 7.749122892720512143e-40
6.685500000000000220e+00 7.646202824717522940e-40
6.685999999999999943e+00 7.544642146177742498e-40
6.686500000000000554e+00 7.444423002784555944e-40
6.687000000000000277e+00 7.345527773382849024e-40
6.687500000000000000e+00 7.247939066950465850e-40
6.687999999999999723e+00 7.151639719611263011e-40
6.688500000000000334e+00 7.056612791684954173e-40
6.689000000000000057e+00 6.962841564776051855e-40
6.689499999999999780e+00 6.870309538899789729e-40
6.690000000000000391e+00 6.779000429644961843e-40
6.690500000000000114e+00 6.688898165374758679e-40
6.690999999999999837e+00 6.599986884461795818e-40
6.691500000000000448e+00 6.512250932560126390e-40
6.692000000000000171e+00 6.425674859912828674e-40
6.692499999999999893e+00 6.340243418692599500e-40
6.693000000000000504e+00 6.255941560378304530e-40
6.693500000000000227e+00 6.172754433165805142e-40
6.693999999999999950e+00 6.090667379409676113e-40
6.694500000000000561e+00 6.009665933100819808e-40
6.695000000000000284e+00 5.929735817375657956e-40
6.695500000000000007e+00 5.850862942056347986e-40
6.695999999999999730e+00 5.773033401224730285e-40
6.696500000000000341e+00 5.696233470826195620e-40
6.697000000000000064e+00 5.620449606305434375e-40
6.697499999999999787e+00 5.545668440271850635e-40
6.698000000000000398e+00 5.471876780195801817e-40
6.698500000000000121e+00 5.399061606134934631e-40
6.698999999999999844e+00 5.327210068488728297e-40
6.699500000000000455e+00 5.256309485783104746e-40
6.700000000000000178e+00 5.186347342483585382e-40
6.700499999999999901e+00 5.117311286835983824e-40
6.701000000000000512e+00 5.049189128735994324e-40
6.701500000000000234e+00 4.981968837625951551e-40
6.701999999999999957e+00 4.915638540418090454e-40
6.702500000000000568e+00 4.850186519445888588e-40
6.703000000000000291e+00 4.785601210441527602e-40
6.703500000000000014e+00 4.721871200538576665e-40
6.703999999999999737e+00 4.658985226301754262e-40
6.704500000000000348e+00 4.596932171781702314e-40
6.705000000000000071e+00 4.535701066594989556e-40
6.705499999999999794e+00 4.475281084028585637e-40
6.706000000000000405e+00 4.415661539169326307e-40
6.706500000000000128e+00 4.356831887057890923e-40
6.706999999999999851e+00 4.298781720865427643e-40
6.707500000000000462e+00 4.241500770095223566e-40
6.708000000000000185e+00 4.184978898806960573e-40
6.708499999999999908e+00 4.129206103863736328e-40
6.709000000000000519e+00 4.074172513202210960e-40
6.709500000000000242e+00 4.019868384125368811e-40
6.709999999999999964e+00 3.966284101616588579e-40
6.710500000000000576e+00 3.913410176675960656e-40
6.711000000000000298e+00 3.861237244678933252e-40
6.711500000000000021e+00 3.809756063754597238e-40
6.711999999999999744e+00 3.758957513186379694e-40
6.712500000000000355e+00 3.708832591832682874e-40
6.713000000000000078e+00 3.659372416568894759e-40
6.713499999999999801e+00 3.610568220747946976e-40
6.714000000000000412e+00 3.562411352682519602e-40
6.714500000000000135e+00 3.514893274146316978e-40
6.714999999999999858e+00 3.468005558894069523e-40
6.715500000000000469e+00 3.421739891201836582e-40
6.716000000000000192e+00 3.376088064425663735e-40
6.716499999999999915e+00 3.331041979578747494e-40
6.717000000000000526e+00 3.286593643927431222e-40
6.717500000000000249e+00 3.242735169605352405e-40
6.717999999999999972e+00 3.199458772245373009e-40
6.718500000000000583e+00 3.156756769629169351e-40
6.719000000000000306e+00 3.114621580354963546e-40
6.719500000000000028e+00 3.073045722521635902e-40
6.719999999999999751e+00 3.032021812430580855e-40
6.720500000000000362e+00 2.991542563304005032e-40
6.721000000000000085e+00 2.951600784020534909e-40
6.721499999999999808e+00 2.912189377865917502e-40
6.722000000000000419e+00 2.873301341301325912e-40
6.722500000000000142e+00 2.834929762746968356e-40
6.722999999999999865e+00 2.797067821381328139e-40
6.723500000000000476e+00 2.759708785956474242e-40
6.724000000000000199e+00 2.722846013628541603e-40
6.724499999999999922e+00 2.686472948803002637e-40
6.725000000000000533e+00 2.650583121995602337e-40
6.725500000000000256e+00 2.615170148707861529e-40
6.725999999999999979e+00 2.580227728316673964e-40
6.726499999999999702e+00 2.545749642978987070e-40
6.727000000000000313e+00 2.511729756550450508e-40
6.727500000000000036e+00 2.478162013518133305e-40
6.727999999999999758e+00 2.445040437946898023e-40
6.728500000000000369e+00 2.412359132439710138e-40
6.729000000000000092e+00 2.380112277111617514e-40
6.729499999999999815e+00 2.348294128576372661e-40
6.730000000000000426e+00 2.316899018947011391e-40
6.730500000000000149e+00 2.285921354849033879e-40
6.730999999999999872e+00 2.255355616446284372e-40
6.731500000000000483e+00 2.225196356479720011e-40
6.732000000000000206e+00 2.195438199318791426e-40
6.732499999999999929e+00 2.166075840024713670e-40
6.733000000000000540e+00 2.137104043426134813e-40
6.733500000000000263e+00 2.108517643207247076e-40
6.733999999999999986e+00 2.080311541006865778e-40
6.734499999999999709e+00 2.052480705529983435e-40
6.735000000000000320e+00 2.025020171670453178e-40
6.735500000000000043e+00 1.997925039645575963e-40
6.735999999999999766e+00 1.971190474141045057e-40
6.736500000000000377e+00 1.944811703467935844e-40
6.737000000000000099e+00 1.918784018730330642e-40
6.737499999999999822e+00 1.893102773003394614e-40
6.738000000000000433e+00 1.867763380522746170e-40
6.738500000000000156e+00 1.842761315884068418e-40
6.738999999999999879e+00 1.818092113253029995e-40
6.739500000000000490e+00 1.793751365585700410e-40
6.740000000000000213e+00 1.769734723859078805e-40
6.740499999999999936e+00 1.746037896311533019e-40
6.741000000000000547e+00 1.722656647693076558e-40
6.741500000000000270e+00 1.699586798525751445e-40
6.741999999999999993e+00 1.676824224373141585e-40
6.742499999999999716e+00 1.654364855119765449e-40
6.743000000000000327e+00 1.632204674259634572e-40
6.743500000000000050e+00 1.610339718194442979e-40
6.743999999999999773e+00 1.588766075540178958e-40
6.744500000000000384e+00 1.567479886443530086e-40
6.745000000000000107e+00 1.546477341906814375e-40
6.745499999999999829e+00 1.525754683121622507e-40
6.746000000000000441e+00 1.505308200811402174e-40
6.746500000000000163e+00 1.485134234582492488e-40
6.746999999999999886e+00 1.465229172283402296e-40
6.747500000000000497e+00 1.445589449372796308e-40
6.748000000000000220e+00 1.426211548295604215e-40
6.748499999999999943e+00 1.407091997866973624e-40
6.749000000000000554e+00 1.388227372664601081e-40
6.749500000000000277e+00 1.369614292428954430e-40
6.750000000000000000e+00 1.351249421471035974e-40
6.750499999999999723e+00 1.333129468088140763e-40
6.751000000000000334e+00 1.315251183987077397e-40
6.751500000000000057e+00 1.297611363715109060e-40
6.751999999999999780e+00 1.280206844097925381e-40
6.752500000000000391e+00 1.263034503685367982e-40
6.753000000000000114e+00 1.246091262204177457e-40
6.753499999999999837e+00 1.229374080017807258e-40
6.754000000000000448e+00 1.212879957593407055e-40
6.754500000000000171e+00 1.196605934975825282e-40
6.754999999999999893e+00 1.180549091268229569e-40
6.755500000000000504e+00 1.164706544119625231e-40
6.756000000000000227e+00 1.149075449219291404e-40
6.756499999999999950e+00 1.133652999797327509e-40
6.757000000000000561e+00 1.118436426132103081e-40
6.757500000000000284e+00 1.103422995064106482e-40
6.758000000000000007e+00 1.088610009515840522e-40
6.758499999999999730e+00 1.073994808018362275e-40
6.759000000000000341e+00 1.059574764243717688e-40
6.759500000000000064e+00 1.045347286543726128e-40
6.759999999999999787e+00 1.031309817494466212e-40
6.760500000000000398e+00 1.017459833446967196e-40
6.761000000000000121e+00 1.003794844083831055e-40
6.761499999999999844e+00 9.903123919812259101e-41
6.762000000000000455e+00 9.770100521770609485e-41
6.762500000000000178e+00 9.638854317446366966e-41
6.762999999999999901e+00 9.509361693716733612e-41
6.763500000000000512e+00 9.381599349451387408e-41
6.764000000000000234e+00 9.255544291413465432e-41
6.764499999999999957e+00 9.131173830213585526e-41
6.765000000000000568e+00 9.008465576317641576e-41
6.765500000000000291e+00 8.887397436107375241e-41
6.766000000000000014e+00 8.767947607989868101e-41
6.766499999999999737e+00 8.650094578560919568e-41
6.767000000000000348e+00 8.533817118816410242e-41
6.767500000000000071e+00 8.419094280414537171e-41
6.767999999999999794e+00 8.305905391985559425e-41
6.768500000000000405e+00 8.194230055490638446e-41
6.769000000000000128e+00 8.084048142629416295e-41
6.769499999999999851e+00 7.975339791291062629e-41
6.770000000000000462e+00 7.868085402055443144e-41
6.770500000000000185e+00 7.762265634738726374e-41
6.770999999999999908e+00 7.657861404982717156e-41
6.771500000000000519e+00 7.554853880890699206e-41
6.772000000000000242e+00 7.453224479707126726e-41
6.772499999999999964e+00 7.352954864539227831e-41
6.773000000000000576e+00 7.254026941122907660e-41
6.773500000000000298e+00 7.156422854630705033e-41
6.774000000000000021e+00 7.060124986521101187e-41
6.774499999999999744e+00 6.965115951428960366e-41
6.775000000000000355e+00 6.871378594097446865e-41
6.775500000000000078e+00 6.778895986349580253e-41
6.775999999999999801e+00 6.687651424098938336e-41
6.776500000000000412e+00 6.597628424400166521e-41
6.777000000000000135e+00 6.508810722538540105e-41
6.777499999999999858e+00 6.421182269155750163e-41
6.778000000000000469e+00 6.334727227415460144e-41
6.778500000000000192e+00 6.249429970204933128e-41
6.778999999999999915e+00 6.165275077372848016e-41
6.779500000000000526e+00 6.082247333004374184e-41
6.780000000000000249e+00 6.000331722731443024e-41
6.780499999999999972e+00 5.919513431077398656e-41
6.781000000000000583e+00 5.839777838837975221e-41
6.781500000000000306e+00 5.761110520495689845e-41
6.782000000000000028e+00 5.683497241667718573e-41
6.782499999999999751e+00 5.606923956588331950e-41
6.783000000000000362e+00 5.531376805622944678e-41
6.783500000000000085e+00 5.456842112816325244e-41
6.783999999999999808e+00 5.383306383471257309e-41
6.784500000000000419e+00 5.310756301759975457e-41
6.785000000000000142e+00 5.239178728367159970e-41
6.785499999999999865e+00 5.168560698162415780e-41
6.786000000000000476e+00 5.098889417904515378e-41
6.786500000000000199e+00 5.030152263976021106e-41
6.786999999999999922e+00 4.962336780145841849e-41
6.787500000000000533e+00 4.895430675362812473e-41
6.788000000000000256e+00 4.829421821577659340e-41
6.788499999999999979e+00 4.764298251593328479e-41
6.788999999999999702e+00 4.700048156943438832e-41
6.789500000000000313e+00 4.636659885799024733e-41
6.790000000000000036e+00 4.574121940902711693e-41
6.790499999999999758e+00 4.512422977529015313e-41
6.791000000000000369e+00 4.451551801472498669e-41
6.791500000000000092e+00 4.391497367062245016e-41
6.791999999999999815e+00 4.332248775201546727e-41
6.792500000000000426e+00 4.273795271433772418e-41
6.793000000000000149e+00 4.216126244034450508e-41
6.793499999999999872e+00 4.159231222126622629e-41
6.794000000000000483e+00 4.103099873822270208e-41
6.794500000000000206e+00 4.047722004388339416e-41
6.794999999999999929e+00 3.993087554435146885e-41
6.795500000000000540e+00 3.939186598130433952e-41
6.796000000000000263e+00 3.886009341436198810e-41
6.796499999999999986e+00 3.833546120367959379e-41
6.796999999999999709e+00 3.781787399277880456e-41
6.797500000000000320e+00 3.730723769160041514e-41
6.798000000000000043e+00 3.680345945978006778e-41
6.798499999999999766e+00 3.630644769014047071e-41
6.799000000000000377e+00 3.581611199240410566e-41
6.799500000000000099e+00 3.533236317712180059e-41
6.799999999999999822e+00 3.485511323980518761e-41
6.800500000000000433e+00 3.438427534527136577e-41
6.801000000000000156e+00 3.391976381219987600e-41
6.801499999999999879e+00 3.346149409787845089e-41
6.802000000000000490e+00 3.300938278316040877e-41
6.802500000000000213e+00 3.256334755761856135e-41
6.802999999999999936e+00 3.212330720488811052e-41
6.803500000000000547e+00 3.168918158820558467e-41
6.804000000000000270e+00 3.126089163614400310e-41
6.804499999999999993e+00 3.083835932852250572e-41
6.804999999999999716e+00 3.042150768251241481e-41
6.805500000000000327e+00 3.001026073891972462e-41
6.806000000000000050e+00 2.960454354865521396e-41
6.806499999999999773e+00 2.920428215936924111e-41
6.807000000000000384e+00 2.880940360227586941e-41
6.807500000000000107e+00 2.841983587914549359e-41
6.807999999999999829e+00 2.803550794946283667e-41
6.808500000000000441e+00 2.765634971776284291e-41
6.809000000000000163e+00 2.728229202112857176e-41
6.809499999999999886e+00 2.691326661685202550e-41
6.810000000000000497e+00 2.654920617026012319e-41
6.810500000000000220e+00 2.619004424270254299e-41
6.810999999999999943e+00 2.583571527969018171e-41
6.811500000000000554e+00 2.548615459919823560e-41
6.812000000000000277e+00 2.514129838011908780e-41
6.812500000000000000e+00 2.480108365086573159e-41
6.812999999999999723e+00 2.446544827812847194e-41
6.813500000000000334e+00 2.413433095577699355e-41
6.814000000000000057e+00 2.380767119391211835e-41
6.814499999999999780e+00 2.348540930805603711e-41
6.815000000000000391e+00 2.316748640848942154e-41
6.815500000000000114e+00 2.285384438972845834e-41
6.815999999999999837e+00 2.254442592013717110e-41
6.816500000000000448e+00 2.223917443168080357e-41
6.817000000000000171e+00 2.193803410981209981e-41
6.817499999999999893e+00 2.164094988348958677e-41
6.818000000000000504e+00 2.134786741532798151e-41
6.818500000000000227e+00 2.105873309188287435e-41
6.818999999999999950e+00 2.077349401405426185e-41
6.819500000000000561e+00 2.049209798762502356e-41
6.820000000000000284e+00 2.021449351392032078e-41
6.820500000000000007e+00 1.994062978058903390e-41
6.820999999999999730e+00 1.967045665250919576e-41
6.821500000000000341e+00 1.940392466281133925e-41
6.822000000000000064e+00 1.914098500402313924e-41
6.822499999999999787e+00 1.888158951932501259e-41
6.823000000000000398e+00 1.862569069392728007e-41
6.823500000000000121e+00 1.837324164655797042e-41
6.823999999999999844e+00 1.812419612106177629e-41
6.824500000000000455e+00 1.787850847811168902e-41
6.825000000000000178e+00 1.763613368703084217e-41
6.825499999999999901e+00 1.739702731771864013e-41
6.826000000000000512e+00 1.716114553268520175e-41
6.826500000000000234e+00 1.692844507919422592e-41
6.826999999999999957e+00 1.669888328150239341e-41
6.827500000000000568e+00 1.647241803320677784e-41
6.828000000000000291e+00 1.624900778969261636e-41
6.828500000000000014e+00 1.602861156067767766e-41
6.828999999999999737e+00 1.581118890285713258e-41
6.829500000000000348e+00 1.559669991264589631e-41
6.830000000000000071e+00 1.538510521901690793e-41
6.830499999999999794e+00 1.517636597643040737e-41
6.831000000000000405e+00 1.497044385786137738e-41
6.831500000000000128e+00 1.476730104791655806e-41
6.831999999999999851e+00 1.456690023604149278e-41
6.832500000000000462e+00 1.436920460981874479e-41
6.833000000000000185e+00 1.417417784835556661e-41
6.833499999999999908e+00 1.398178411575477979e-41
6.834000000000000519e+00 1.379198805467655775e-41
6.834500000000000242e+00 1.360475477998296025e-41
6.834999999999999964e+00 1.342004987246562714e-41
6.835500000000000576e+00 1.323783937265770222e-41
6.836000000000000298e+00 1.305808977472837341e-41
6.836500000000000021e+00 1.288076802045432243e-41
6.836999999999999744e+00 1.270584149327527181e-41
6.837500000000000355e+00 1.253327801242493491e-41
6.838000000000000078e+00 1.236304582714146499e-41
6.838499999999999801e+00 1.219511361095229790e-41
6.839000000000000412e+00 1.202945045603679114e-41
6.839500000000000135e+00 1.186602586766227520e-41
6.839999999999999858e+00 1.170480975869297668e-41
6.840500000000000469e+00 1.154577244417188467e-41
6.841000000000000192e+00 1.138888463597667298e-41
6.841499999999999915e+00 1.123411743754133290e-41
6.842000000000000526e+00 1.108144233865218299e-41
6.842500000000000249e+00 1.093083121031068805e-41
6.842999999999999972e+00 1.078225629966374106e-41
6.843500000000000583e+00 1.063569022500134438e-41
6.844000000000000306e+00 1.049110597082267030e-41
6.844500000000000028e+00 1.034847688296284895e-41
6.844999999999999751e+00 1.020777666378856119e-41
6.845500000000000362e+00 1.006897936745450046e-41
6.846000000000000085e+00 9.932059395224182660e-42
6.846499999999999808e+00 9.796991490851064221e-42
6.847000000000000419e+00 9.663750736021948748e-42
6.847500000000000142e+00 9.532312545861168220e-42
6.847999999999999865e+00 9.402652664492355099e-42
6.848500000000000476e+00 9.274747160659909503e-42
6.849000000000000199e+00 9.148572423410265953e-42
6.849499999999999922e+00 9.024105157826467524e-42
6.850000000000000533e+00 8.901322380822238794e-42
6.850500000000000256e+00 8.780201416991439762e-42
6.850999999999999979e+00 8.660719894510800408e-42
6.851499999999999702e+00 8.542855741098066816e-42
6.852000000000000313e+00 8.426587180023893118e-42
6.852500000000000036e+00 8.311892726176622812e-42
6.852999999999999758e+00 8.198751182177289441e-42
6.853500000000000369e+00 8.087141634548690630e-42
6.854000000000000092e+00 7.977043449933860718e-42
6.854499999999999815e+00 7.868436271364199429e-42
6.855000000000000426e+00 7.761300014577842840e-42
6.855500000000000149e+00 7.655614864387316959e-42
6.855999999999999872e+00 7.551361271093133534e-42
6.856500000000000483e+00 7.448519946947424235e-42
6.857000000000000206e+00 7.347071862663190792e-42
6.857499999999999929e+00 7.246998243969441286e-42
6.858000000000000540e+00 7.148280568212693053e-42
6.858500000000000263e+00 7.050900561004011254e-42
6.858999999999999986e+00 6.954840192908472127e-42
6.859499999999999709e+00 6.860081676180915105e-42
6.860000000000000320e+00 6.766607461543273372e-42
6.860500000000000043e+00 6.674400235005704240e-42
6.860999999999999766e+00 6.583442914728705327e-42
6.861500000000000377e+00 6.493718647928086180e-42
6.862000000000000099e+00 6.405210807820483444e-42
6.862499999999999822e+00 6.317902990608473935e-42
6.863000000000000433e+00 6.231779012507236818e-42
6.863500000000000156e+00 6.146822906810168789e-42
6.863999999999999879e+00 6.063018920992181627e-42
6.864500000000000490e+00 5.980351513852867817e-42
6.865000000000000213e+00 5.898805352697934796e-42
6.865499999999999936e+00 5.818365310555604378e-42
6.866000000000000547e+00 5.739016463432631099e-42
6.866500000000000270e+00 5.660744087605796810e-42
6.866999999999999993e+00 5.583533656948214324e-42
6.867499999999999716e+00 5.507370840293060446e-42
6.868000000000000327e+00 5.432241498830456777e-42
6.868500000000000050e+00 5.358131683540939384e-42
6.868999999999999773e+00 5.285027632660590848e-42
6.869500000000000384e+00 5.212915769181610970e-42
6.870000000000000107e+00 5.141782698385956228e-42
6.870499999999999829e+00 5.071615205410333207e-42
6.871000000000000441e+00 5.002400252845214727e-42
6.871500000000000163e+00 4.934124978364861373e-42
6.871999999999999886e+00 4.866776692388876675e-42
6.872500000000000497e+00 4.800342875774643431e-42
6.873000000000000220e+00 4.734811177541412207e-42
6.873499999999999943e+00 4.670169412622934862e-42
6.874000000000000554e+00 4.606405559651504291e-42
6.874500000000000277e+00 4.543507758771013921e-42
6.875000000000000000e+00 4.481464309478168424e-42
6.875499999999999723e+00 4.420263668493616516e-42
6.876000000000000334e+00 4.359894447660537190e-42
6.876500000000000057e+00 4.300345411872149488e-42
6.876999999999999780e+00 4.241605477025150167e-42
6.877500000000000391e+00 4.183663708001788141e-42
6.878000000000000114e+00 4.126509316678314156e-42
6.878499999999999837e+00 4.070131659959727956e-42
6.879000000000000448e+00 4.014520237840487740e-42
6.879500000000000171e+00 3.959664691492156903e-42
6.879999999999999893e+00 3.905554801374461567e-42
6.880500000000000504e+00 3.852180485373366329e-42
6.881000000000000227e+00 3.799531796963198676e-42
6.881499999999999950e+00 3.747598923392799780e-42
6.882000000000000561e+00 3.696372183896127976e-42
6.882500000000000284e+00 3.645842027927404783e-42
6.883000000000000007e+00 3.595999033418200979e-42
6.883499999999999730e+00 3.546833905059027621e-42
6.884000000000000341e+00 3.498337472603118833e-42
6.884500000000000064e+00 3.450500689193325263e-42
6.884999999999999787e+00 3.403314629710483050e-42
6.885500000000000398e+00 3.356770489144406614e-42
6.886000000000000121e+00 3.310859580986455095e-42
6.886499999999999844e+00 3.265573335643304116e-42
6.887000000000000455e+00 3.220903298871739993e-42
6.887500000000000178e+00 3.176841130234939652e-42
6.887999999999999901e+00 3.133378601578378078e-42
6.888500000000000512e+00 3.090507595526623110e-42
6.889000000000000234e+00 3.048220104000321085e-42
6.889499999999999957e+00 3.006508226752084193e-42
6.890000000000000568e+00 2.965364169922677017e-42
6.890500000000000291e+00 2.924780244616371148e-42
6.891000000000000014e+00 2.884748865494680262e-42
6.891499999999999737e+00 2.845262549389428002e-42
6.892000000000000348e+00 2.806313913933947478e-42
6.892500000000000071e+00 2.767895676212923126e-42
6.892999999999999794e+00 2.730000651429618937e-42
6.893500000000000405e+00 2.692621751591150683e-42
6.894000000000000128e+00 2.655751984211811694e-42
6.894499999999999851e+00 2.619384451032560558e-42
6.895000000000000462e+00 2.583512346758462004e-42
6.895500000000000185e+00 2.548128957812863224e-42
6.895999999999999908e+00 2.513227661107701835e-42
6.896500000000000519e+00 2.478801922830466118e-42
6.897000000000000242e+00 2.444845297247821228e-42
6.897499999999999964e+00 2.411351425524155980e-42
6.898000000000000576e+00 2.378314034556665619e-42
6.898500000000000298e+00 2.345726935826085431e-42
6.899000000000000021e+00 2.313584024261773346e-42
6.899499999999999744e+00 2.281879277123075524e-42
6.900000000000000355e+00 2.250606752894838602e-42
6.900500000000000078e+00 2.219760590198209569e-42
6.900999999999999801e+00 2.189335006715260489e-42
6.901500000000000412e+00 2.159324298128691526e-42
6.902000000000000135e+00 2.129722837075325042e-42
6.902499999999999858e+00 2.100525072113447172e-42
6.903000000000000469e+00 2.071725526704141205e-42
6.903500000000000192e+00 2.043318798206357878e-42
6.903999999999999915e+00 2.015299556884808786e-42
6.904500000000000526e+00 1.987662544931775131e-42
6.905000000000000249e+00 1.960402575501648459e-42
6.905499999999999972e+00 1.933514531758248319e-42
6.906000000000000583e+00 1.906993365935058299e-42
6.906500000000000306e+00 1.880834098408110576e-42
6.907000000000000028e+00 1.855031816780867401e-42
6.907499999999999751e+00 1.829581674981571405e-42
6.908000000000000362e+00 1.804478892372698293e-42
6.908500000000000085e+00 1.779718752872322053e-42
6.908999999999999808e+00 1.755296604086831893e-42
6.909500000000000419e+00 1.731207856455673205e-42
6.910000000000000142e+00 1.707447982407474986e-42
6.910499999999999865e+00 1.684012515527107154e-42
6.911000000000000476e+00 1.660897049734164785e-42
6.911500000000000199e+00 1.638097238472515423e-42
6.911999999999999922e+00 1.615608793910225697e-42
6.912500000000000533e+00 1.593427486150587337e-42
6.913000000000000256e+00 1.571549142453786306e-42
6.913499999999999979e+00 1.549969646468320073e-42
6.913999999999999702e+00 1.528684937473435253e-42
6.914500000000000313e+00 1.507691009631282786e-42
6.915000000000000036e+00 1.486983911249223353e-42
6.915499999999999758e+00 1.466559744051741031e-42
6.916000000000000369e+00 1.446414662462475013e-42
6.916500000000000092e+00 1.426544872895631273e-42
6.916999999999999815e+00 1.406946633056795885e-42
6.917500000000000426e+00 1.387616251253239165e-42
6.918000000000000149e+00 1.368550085713520303e-42
6.918499999999999872e+00 1.349744543915895566e-42
6.919000000000000483e+00 1.331196081925966918e-42
6.919500000000000206e+00 1.312901203743168321e-42
6.919999999999999929e+00 1.294856460655803903e-42
6.920500000000000540e+00 1.277058450604962365e-42
6.921000000000000263e+00 1.259503817556842752e-42
6.921499999999999986e+00 1.242189250883302326e-42
6.921999999999999709e+00 1.225111484751034700e-42
6.922500000000000320e+00 1.208267297518619758e-42
6.923000000000000043e+00 1.191653511141920103e-42
6.923499999999999766e+00 1.175266990587061094e-42
6.924000000000000377e+00 1.159104643251659124e-42
6.924500000000000099e+00 1.143163418393610709e-42
6.924999999999999822e+00 1.127440306567463578e-42
6.925500000000000433e+00 1.111932339068451016e-42
6.926000000000000156e+00 1.096636587384046712e-42
6.926499999999999879e+00 1.081550162652547061e-42
6.927000000000000490e+00 1.066670215129268276e-42
6.927500000000000213e+00 1.051993933659716953e-42
6.927999999999999936e+00 1.037518545159758118e-42
6.928500000000000547e+00 1.023241314102854550e-42
6.929000000000000270e+00 1.009159542014229027e-42
6.929499999999999993e+00 9.952705669716004717e-43
6.929999999999999716e+00 9.815717631127410875e-43
6.930500000000000327e+00 9.680605401496599467e-43
6.931000000000000050e+00 9.547343428893052018e-43
6.931499999999999773e+00 9.415906507604858834e-43
6.932000000000000384e+00 9.286269773473558034e-43
6.932500000000000107e+00 9.158408699292094479e-43
6.932999999999999829e+00 9.032299090260644579e-43
6.933500000000000441e+00 8.907917079507608111e-43
6.934000000000000163e+00 8.785239123669114314e-43
6.934499999999999886e+00 8.664241998526217018e-43
6.935000000000000497e+00 8.544902794702582666e-43
6.935500000000000220e+00 8.427198913420458413e-43
6.935999999999999943e+00 8.311108062310024737e-43
6.936500000000000554e+00 8.196608251278844258e-43
6.937000000000000277e+00 8.083677788435206443e-43
6.937500000000000000e+00 7.972295276065264660e-43
6.937999999999999723e+00 7.862439606665060025e-43
6.938500000000000334e+00 7.754089959026120926e-43
6.939000000000000057e+00 7.647225794373094526e-43
6.939499999999999780e+00 7.541826852552669458e-43
6.940000000000000391e+00 7.437873148274425336e-43
6.940500000000000114e+00 7.335344967402511472e-43
6.940999999999999837e+00 7.234222863295507059e-43
6.941500000000000448e+00 7.134487653196810242e-43
6.942000000000000171e+00 7.036120414673313811e-43
6.942499999999999893e+00 6.939102482100905053e-43
6.943000000000000504e+00 6.843415443198445770e-43
6.943500000000000227e+00 6.749041135607759210e-43
6.943999999999999950e+00 6.655961643518594759e-43
6.944500000000000561e+00 6.564159294340548213e-43
6.945000000000000284e+00 6.473616655419156906e-43
6.945500000000000007e+00 6.384316530794812362e-43
6.945999999999999730e+00 6.296241958006876935e-43
6.946500000000000341e+00 6.209376204940068359e-43
6.947000000000000064e+00 6.123702766713286659e-43
6.947499999999999787e+00 6.039205362609717279e-43
6.948000000000000398e+00 5.955867933048794284e-43
6.948500000000000121e+00 5.873674636599257381e-43
6.948999999999999844e+00 5.792609847030648644e-43
6.949500000000000455e+00 5.712658150406380180e-43
6.950000000000000178e+00 5.633804342214918910e-43
6.950499999999999901e+00 5.556033424539222280e-43
6.951000000000000512e+00 5.479330603264789727e-43
6.951500000000000234e+00 5.403681285325533344e-43
6.951999999999999957e+00 5.329071075985591100e-43
6.952500000000000568e+00 5.255485776158227225e-43
6.953000000000000291e+00 5.182911379761834921e-43
6.953500000000000014e+00 5.111334071109301598e-43
6.953999999999999737e+00 5.040740222334355350e-43
6.954500000000000348e+00 4.971116390851555143e-43
6.955000000000000071e+00 4.902449316851232642e-43
6.955499999999999794e+00 4.834725920826982500e-43
6.956000000000000405e+00 4.767933301137272695e-43
6.956500000000000128e+00 4.702058731600107536e-43
6.956999999999999851e+00 4.637089659118755167e-43
6.957500000000000462e+00 4.573013701340597847e-43
6.958000000000000185e+00 4.509818644347750862e-43
6.958499999999999908e+00 4.447492440376904330e-43
6.959000000000000519e+00 4.386023205571907016e-43
6.959500000000000242e+00 4.325399217765880503e-43
6.959999999999999964e+00 4.265608914292303737e-43
6.960500000000000576e+00 4.206640889826945411e-43
6.961000000000000298e+00 4.148483894258148594e-43
6.961500000000000021e+00 4.091126830585548085e-43
6.961999999999999744e+00 4.034558752847625105e-43
6.962500000000000355e+00 3.978768864076749206e-43
6.963000000000000078e+00 3.923746514282319132e-43
6.963499999999999801e+00 3.869481198460218369e-43
6.964000000000000412e+00 3.815962554629477530e-43
6.964500000000000135e+00 3.763180361896141953e-43
6.964999999999999858e+00 3.711124538541629918e-43
6.965500000000000469e+00 3.659785140138098540e-43
6.966000000000000192e+00 3.609152357689072122e-43
6.966499999999999915e+00 3.559216515794385869e-43
6.967000000000000526e+00 3.509968070840542202e-43
6.967500000000000249e+00 3.461397609215332262e-43
6.967999999999999972e+00 3.413495845546313154e-43
6.968500000000000583e+00 3.366253620962940627e-43
6.969000000000000306e+00 3.319661901382788501e-43
6.969500000000000028e+00 3.273711775819909287e-43
6.969999999999999751e+00 3.228394454716714412e-43
6.970500000000000362e+00 3.183701268298007195e-43
6.971000000000000085e+00 3.139623664947435000e-43
6.971499999999999808e+00 3.096153209605601463e-43
6.972000000000000419e+00 3.053281582189652411e-43
6.972500000000000142e+00 3.011000576034998977e-43
6.972999999999999865e+00 2.969302096356747673e-43
6.973500000000000476e+00 2.928178158732884522e-43
6.974000000000000199e+00 2.887620887607851962e-43
6.974499999999999922e+00 2.847622514815529217e-43
6.975000000000000533e+00 2.808175378123081766e-43
6.975500000000000256e+00 2.769271919794006385e-43
6.975999999999999979e+00 2.730904685170394437e-43
6.976499999999999702e+00 2.693066321274657588e-43
6.977000000000000313e+00 2.655749575430027697e-43
6.977500000000000036e+00 2.618947293899671989e-43
6.977999999999999758e+00 2.582652420543988601e-43
6.978500000000000369e+00 2.546857995496104382e-43
6.979000000000000092e+00 2.511557153855791245e-43
6.979499999999999815e+00 2.476743124399922375e-43
6.980000000000000426e+00 2.442409228311352968e-43
6.980500000000000149e+00 2.408548877924519648e-43
6.980999999999999872e+00 2.375155575487847821e-43
6.981500000000000483e+00 2.342222911943108718e-43
6.982000000000000206e+00 2.309744565721424253e-43
6.982499999999999929e+00 2.277714301554896528e-43
6.983000000000000540e+00 2.246125969304855276e-43
6.983500000000000263e+00 2.214973502806081229e-43
6.983999999999999986e+00 2.184250918725716206e-43
6.984499999999999709e+00 2.153952315438636996e-43
6.985000000000000320e+00 2.124071871917455830e-43
6.985500000000000043e+00 2.094603846637724916e-43
6.985999999999999766e+00 2.065542576497581558e-43
6.986500000000000377e+00 2.036882475752497777e-43
6.987000000000000099e+00 2.008618034964270185e-43
6.987499999999999822e+00 1.980743819963808818e-43
6.988000000000000433e+00 1.953254470828442224e-43
6.988500000000000156e+00 1.926144700873031078e-43
6.988999999999999879e+00 1.899409295654196923e-43
6.989500000000000490e+00 1.873043111988619101e-43
6.990000000000000213e+00 1.847041076984434480e-43
6.990499999999999936e+00 1.821398187085360798e-43
6.991000000000000547e+00 1.796109507128176887e-43
6.991500000000000270e+00 1.771170169413060153e-43
6.991999999999999993e+00 1.746575372785764504e-43
6.992499999999999716e+00 1.722320381733072324e-43
6.993000000000000327e+00 1.698400525489902696e-43
6.993500000000000050e+00 1.674811197158913655e-43
6.993999999999999773e+00 1.651547852841484290e-43
6.994500000000000384e+00 1.628606010781005668e-43
6.995000000000000107e+00 1.605981250517496662e-43
6.995499999999999829e+00 1.583669212053568753e-43
6.996000000000000441e+00 1.561665595031841388e-43
6.996500000000000163e+00 1.539966157923572105e-43
6.996999999999999886e+00 1.518566717227955795e-43
6.997500000000000497e+00 1.497463146682425055e-43
6.998000000000000220e+00 1.476651376483930735e-43
6.998499999999999943e+00 1.456127392520147644e-43
6.999000000000000554e+00 1.435887235611580585e-43
6.999500000000000277e+00 1.415927000763897849e-43
7.000000000000000000e+00 1.396242836430006858e-43
7.000499999999999723e+00 1.376830943782606179e-43
7.001000000000000334e+00 1.357687575996227394e-43
7.001500000000000057e+00 1.338809037539313842e-43
7.001999999999999780e+00 1.320191683475481941e-43
7.002500000000000391e+00 1.301831918774593971e-43
7.003000000000000114e+00 1.283726197633138293e-43
7.003499999999999837e+00 1.265871022803557170e-43
7.004000000000000448e+00 1.248262944932886209e-43
7.004500000000000171e+00 1.230898561910418671e-43
7.004999999999999893e+00 1.213774518223856976e-43
7.005500000000000504e+00 1.196887504324595414e-43
7.006000000000000227e+00 1.180234256001407410e-43
7.006499999999999950e+00 1.163811553762557062e-43
7.007000000000000561e+00 1.147616222226404840e-43
7.007500000000000284e+00 1.131645129520351736e-43
7.008000000000000007e+00 1.115895186687622611e-43
7.008499999999999730e+00 1.100363347102401139e-43
7.009000000000000341e+00 1.085046605892764314e-43
7.009500000000000064e+00 1.069941999371533845e-43
7.009999999999999787e+00 1.055046604474598144e-43
7.010500000000000398e+00 1.040357538207116537e-43
7.011000000000000121e+00 1.025871957097211807e-43
7.011499999999999844e+00 1.011587056656880637e-43
7.012000000000000455e+00 9.975000708503230768e-44
7.012500000000000178e+00 9.836082715696820871e-44
7.012999999999999901e+00 9.699089681174678873e-44
7.013500000000000512e+00 9.563995066964019356e-44
7.014000000000000234e+00 9.430772699060233824e-44
7.014499999999999957e+00 9.299396762460102084e-44
7.015000000000000568e+00 9.169841796264669521e-44
7.015500000000000291e+00 9.042082688847881252e-44
7.016000000000000014e+00 8.916094673088998684e-44
7.016499999999999737e+00 8.791853321672052395e-44
7.017000000000000348e+00 8.669334542448196253e-44
7.017500000000000071e+00 8.548514573861128062e-44
7.017999999999999794e+00 8.429369980433891044e-44
7.018500000000000405e+00 8.311877648317823831e-44
7.019000000000000128e+00 8.196014780902394438e-44
7.019499999999999851e+00 8.081758894482991926e-44
7.020000000000000462e+00 7.969087813988409220e-44
7.020500000000000185e+00 7.857979668767926488e-44
7.020999999999999908e+00 7.748412888432308726e-44
7.021500000000000519e+00 7.640366198753931955e-44
7.022000000000000242e+00 7.533818617622435629e-44
7.022499999999999964e+00 7.428749451053262719e-44
7.023000000000000576e+00 7.325138289252827234e-44
7.023500000000000298e+00 7.222965002736454912e-44
7.024000000000000021e+00 7.122209738497639388e-44
7.024499999999999744e+00 7.022852916231330066e-44
7.025000000000000355e+00 6.924875224607208228e-44
7.025500000000000078e+00 6.828257617595308160e-44
7.025999999999999801e+00 6.732981310838519992e-44
7.026500000000000412e+00 6.639027778077560012e-44
7.027000000000000135e+00 6.546378747623430069e-44
7.027499999999999858e+00 6.455016198876532651e-44
7.028000000000000469e+00 6.364922358895190737e-44
7.028500000000000192e+00 6.276079699009768910e-44
7.028999999999999915e+00 6.188470931482507242e-44
7.029500000000000526e+00 6.102079006213404502e-44
7.030000000000000249e+00 6.016887107491328241e-44
7.030499999999999972e+00 5.932878650787575805e-44
7.031000000000000583e+00 5.850037279595051540e-44
7.031500000000000306e+00 5.768346862309474737e-44
7.032000000000000028e+00 5.687791489152701966e-44
7.032499999999999751e+00 5.608355469138655648e-44
7.033000000000000362e+00 5.530023327079961108e-44
7.033500000000000085e+00 5.452779800636111554e-44
7.033999999999999808e+00 5.376609837400540339e-44
7.034500000000000419e+00 5.301498592028361872e-44
7.035000000000000142e+00 5.227431423403115407e-44
7.035499999999999865e+00 5.154393891841326837e-44
7.036000000000000476e+00 5.082371756336091286e-44
7.036500000000000199e+00 5.011350971837798639e-44
7.036999999999999922e+00 4.941317686571177582e-44
7.037500000000000533e+00 4.872258239390085967e-44
7.038000000000000256e+00 4.804159157167942622e-44
7.038499999999999979e+00 4.737007152222734240e-44
7.039000000000000590e+00 4.670789119778214324e-44
7.039500000000000313e+00 4.605492135459970928e-44
7.040000000000000036e+00 4.541103452823693784e-44
7.040499999999999758e+00 4.477610500919354687e-44
7.041000000000000369e+00 4.415000881887059552e-44
7.041500000000000092e+00 4.353262368586684466e-44
7.041999999999999815e+00 4.292382902258790115e-44
7.042500000000000426e+00 4.232350590217867015e-44
7.043000000000000149e+00 4.173153703577852795e-44
7.043499999999999872e+00 4.114780675006885716e-44
7.044000000000000483e+00 4.057220096514060905e-44
7.044500000000000206e+00 4.000460717266260688e-44
7.044999999999999929e+00 3.944491441433657087e-44
7.045500000000000540e+00 3.889301326065850973e-44
7.046000000000000263e+00 3.834879578996604726e-44
7.046499999999999986e+00 3.781215556776375842e-44
7.046999999999999709e+00 3.728298762634088260e-44
7.047500000000000320e+00 3.676118844466043501e-44
7.048000000000000043e+00 3.624665592852836870e-44
7.048499999999999766e+00 3.573928939102476535e-44
7.049000000000000377e+00 3.523898953320833096e-44
7.049500000000000099e+00 3.474565842508588735e-44
7.049999999999999822e+00 3.425919948683151127e-44
7.050500000000000433e+00 3.377951747027338253e-44
7.051000000000000156e+00 3.330651844062761116e-44
7.051499999999999879e+00 3.284010975847950671e-44
7.052000000000000490e+00 3.238020006201408165e-44
7.052500000000000213e+00 3.192669924949123388e-44
7.052999999999999936e+00 3.147951846195137492e-44
7.053500000000000547e+00 3.103857006616498538e-44
7.054000000000000270e+00 3.060376763781643954e-44
7.054499999999999993e+00 3.017502594490686519e-44
7.054999999999999716e+00 2.975226093139410031e-44
7.055500000000000327e+00 2.933538970105037562e-44
7.056000000000000050e+00 2.892433050154501145e-44
7.056499999999999773e+00 2.851900270873813454e-44
7.057000000000000384e+00 2.811932681119194151e-44
7.057500000000000107e+00 2.772522439489901609e-44
7.057999999999999829e+00 2.733661812820753763e-44
7.058500000000000441e+00 2.695343174696133791e-44
7.059000000000000163e+00 2.657559003984418743e-44
7.059499999999999886e+00 2.620301883391330110e-44
7.060000000000000497e+00 2.583564498034264922e-44
7.060500000000000220e+00 2.547339634035679727e-44
7.060999999999999943e+00 2.511620177135217292e-44
7.061500000000000554e+00 2.476399111321430829e-44
7.062000000000000277e+00 2.441669517482152373e-44
7.062500000000000000e+00 2.407424572072812813e-44
7.062999999999999723e+00 2.373657545803461840e-44
7.063500000000000334e+00 2.340361802343450804e-44
7.064000000000000057e+00 2.307530797044194669e-44
7.064499999999999780e+00 2.275158075678689815e-44
7.065000000000000391e+00 2.243237273199004404e-44
7.065500000000000114e+00 2.211762112510570645e-44
7.065999999999999837e+00 2.180726403262614316e-44
7.066500000000000448e+00 2.150124040656133462e-44
7.067000000000000171e+00 2.119949004267544632e-44
7.067499999999999893e+00 2.090195356888303360e-44
7.068000000000000504e+00 2.060857243380914078e-44
7.068500000000000227e+00 2.031928889550277756e-44
7.068999999999999950e+00 2.003404601030369588e-44
7.069500000000000561e+00 1.975278762186324098e-44
7.070000000000000284e+00 1.947545835031817423e-44
7.070500000000000007e+00 1.920200358160420017e-44
7.070999999999999730e+00 1.893236945692528792e-44
7.071500000000000341e+00 1.866650286236064574e-44
7.072000000000000064e+00 1.840435141861858114e-44
7.072499999999999787e+00 1.814586347092499468e-44
7.073000000000000398e+00 1.789098807905480397e-44
7.073500000000000121e+00 1.763967500750101085e-44
7.073999999999999844e+00 1.739187471577098437e-44
7.074500000000000455e+00 1.714753834882374489e-44
7.075000000000000178e+00 1.690661772763528798e-44
7.075499999999999901e+00 1.666906533988976004e-44
7.076000000000000512e+00 1.643483433080343807e-44
7.076500000000000234e+00 1.620387849407168622e-44
7.076999999999999957e+00 1.597615226293898106e-44
7.077500000000000568e+00 1.575161070139292440e-44
7.078000000000000291e+00 1.553020949547970672e-44
7.078500000000000014e+00 1.531190494473542349e-44
7.078999999999999737e+00 1.509665395373680096e-44
7.079500000000000348e+00 1.488441402376812824e-44
7.080000000000000071e+00 1.467514324460249110e-44
7.080499999999999794e+00 1.446880028639251597e-44
7.081000000000000405e+00 1.426534439167583895e-44
7.081500000000000128e+00 1.406473536748983106e-44
7.081999999999999851e+00 1.386693357759180357e-44
7.082500000000000462e+00 1.367189993478727974e-44
7.083000000000000185e+00 1.347959589336616623e-44
7.083499999999999908e+00 1.328998344163673029e-44
7.084000000000000519e+00 1.310302509456742684e-44
7.084500000000000242e+00 1.291868388652720360e-44
7.084999999999999964e+00 1.273692336412488141e-44
7.085500000000000576e+00 1.255770757914709489e-44
7.086000000000000298e+00 1.238100108159558460e-44
7.086500000000000021e+00 1.220676891281567141e-44
7.086999999999999744e+00 1.203497659872167548e-44
7.087500000000000355e+00 1.186559014311459262e-44
7.088000000000000078e+00 1.169857602109322553e-44
7.088499999999999801e+00 1.153390117255152605e-44
7.089000000000000412e+00 1.137153299576888699e-44
7.089500000000000135e+00 1.121143934108795189e-44
7.089999999999999858e+00 1.105358850467711751e-44
7.090500000000000469e+00 1.089794922237977529e-44
7.091000000000000192e+00 1.074449066365013597e-44
7.091499999999999915e+00 1.059318242556776431e-44
7.092000000000000526e+00 1.044399452693787053e-44
7.092500000000000249e+00 1.029689740247219992e-44
7.092999999999999972e+00 1.015186189704790292e-44
7.093500000000000583e+00 1.000885926004628887e-44
7.094000000000000306e+00 9.867861139771290351e-45
7.094500000000000028e+00 9.728839577940420681e-45
7.094999999999999751e+00 9.591767004254820929e-45
7.095500000000000362e+00 9.456616231042717386e-45
7.096000000000000085e+00 9.323360447976583165e-45
7.096499999999999808e+00 9.191973216862066105e-45
7.097000000000000419e+00 9.062428466499444676e-45
7.097500000000000142e+00 8.934700487616288870e-45
7.097999999999999865e+00 8.808763927867297293e-45
7.098500000000000476e+00 8.684593786905040542e-45
7.099000000000000199e+00 8.562165411518862778e-45
7.099499999999999922e+00 8.441454490837650101e-45
7.100000000000000533e+00 8.322437051601217635e-45
7.100500000000000256e+00 8.205089453496547887e-45
7.100999999999999979e+00 8.089388384555975497e-45
7.101500000000000590e+00 7.975310856620672579e-45
7.102000000000000313e+00 7.862834200866888185e-45
7.102500000000000036e+00 7.751936063390985311e-45
7.102999999999999758e+00 7.642594400857886697e-45
7.103500000000000369e+00 7.534787476207911172e-45
7.104000000000000092e+00 7.428493854423805234e-45
7.104499999999999815e+00 7.323692398354297030e-45
7.105000000000000426e+00 7.220362264596358257e-45
7.105500000000000149e+00 7.118482899434500010e-45
7.105999999999999872e+00 7.018034034833963662e-45
7.106500000000000483e+00 6.918995684490892171e-45
7.107000000000000206e+00 6.821348139936691402e-45
7.107499999999999929e+00 6.725071966694611257e-45
7.108000000000000540e+00 6.630148000490407297e-45
7.108500000000000263e+00 6.536557343515483546e-45
7.108999999999999986e+00 6.444281360739675035e-45
7.109499999999999709e+00 6.353301676276566297e-45
7.110000000000000320e+00 6.263600169798160847e-45
7.110500000000000043e+00 6.175158972998985066e-45
7.110999999999999766e+00 6.087960466108343279e-45
7.111500000000000377e+00 6.001987274451198233e-45
7.112000000000000099e+00 5.917222265056741027e-45
7.112499999999999822e+00 5.833648543312431376e-45
7.113000000000000433e+00 5.751249449664749066e-45
7.113500000000000156e+00 5.670008556366491079e-45
7.113999999999999879e+00 5.589909664266496609e-45
7.114500000000000490e+00 5.510936799645461602e-45
7.115000000000000213e+00 5.433074211095149486e-45
7.115499999999999936e+00 5.356306366439562457e-45
7.116000000000000547e+00 5.280617949699093254e-45
7.116500000000000270e+00 5.205993858097542942e-45
7.116999999999999993e+00 5.132419199108182504e-45
7.117499999999999716e+00 5.059879287542322614e-45
7.118000000000000327e+00 4.988359642677395820e-45
7.118500000000000050e+00 4.917845985424678086e-45
7.118999999999999773e+00 4.848324235535623532e-45
7.119500000000000384e+00 4.779780508847201908e-45
7.120000000000000107e+00 4.712201114565529407e-45
7.120499999999999829e+00 4.645572552585650206e-45
7.121000000000000441e+00 4.579881510849428384e-45
7.121500000000000163e+00 4.515114862740098372e-45
7.121999999999999886e+00 4.451259664511174541e-45
7.122500000000000497e+00 4.388303152752252692e-45
7.123000000000000220e+00 4.326232741889659182e-45
7.123499999999999943e+00 4.265036021720391322e-45
7.124000000000000554e+00 4.204700754981497216e-45
7.124500000000000277e+00 4.145214874952281394e-45
7.125000000000000000e+00 4.086566483089364845e-45
7.125499999999999723e+00 4.028743846694894431e-45
7.126000000000000334e+00 3.971735396616513334e-45
7.126500000000000057e+00 3.915529724979626456e-45
7.126999999999999780e+00 3.860115582950052181e-45
7.127500000000000391e+00 3.805481878528224203e-45
7.128000000000000114e+00 3.751617674374039218e-45
7.128499999999999837e+00 3.698512185660690170e-45
7.129000000000000448e+00 3.646154777959101184e-45
7.129500000000000171e+00 3.594534965151483711e-45
7.129999999999999893e+00 3.543642407372972792e-45
7.130500000000000504e+00 3.493466908982301774e-45
7.131000000000000227e+00 3.443998416560679113e-45
7.131499999999999950e+00 3.395227016937353199e-45
7.132000000000000561e+00 3.347142935243280312e-45
7.132500000000000284e+00 3.299736532991895689e-45
7.133000000000000007e+00 3.252998306185008756e-45
7.133499999999999730e+00 3.206918883446462977e-45
7.134000000000000341e+00 3.161489024180499199e-45
7.134500000000000064e+00 3.116699616756283049e-45
7.134999999999999787e+00 3.072541676716790448e-45
7.135500000000000398e+00 3.029006345012757575e-45
7.136000000000000121e+00 2.986084886261631785e-45
7.136499999999999844e+00 2.943768687029316195e-45
7.137000000000000455e+00 2.902049254136663195e-45
7.137500000000000178e+00 2.860918212989255735e-45
7.137999999999999901e+00 2.820367305929745163e-45
7.138500000000000512e+00 2.780388390613247840e-45
7.139000000000000234e+00 2.740973438405754450e-45
7.139499999999999957e+00 2.702114532803521150e-45
7.140000000000000568e+00 2.663803867875225439e-45
7.140500000000000291e+00 2.626033746725565293e-45
7.141000000000000014e+00 2.588796579979570986e-45
7.141499999999999737e+00 2.552084884288404359e-45
7.142000000000000348e+00 2.515891280855518860e-45
7.142500000000000071e+00 2.480208493983597303e-45
7.142999999999999794e+00 2.445029349640868715e-45
7.143500000000000405e+00 2.410346774047865298e-45
7.144000000000000128e+00 2.376153792283850039e-45
7.144499999999999851e+00 2.342443526911697104e-45
7.145000000000000462e+00 2.309209196622558943e-45
7.145500000000000185e+00 2.276444114899226701e-45
7.145999999999999908e+00 2.244141688697401719e-45
7.146500000000000519e+00 2.212295417145772050e-45
7.147000000000000242e+00 2.180898890264191726e-45
7.147499999999999964e+00 2.149945787698840770e-45
7.148000000000000576e+00 2.119429877475592190e-45
7.148500000000000298e+00 2.089345014770581260e-45
7.149000000000000021e+00 2.059685140697226581e-45
7.149499999999999744e+00 2.030444281110761776e-45
7.150000000000000355e+00 2.001616545428809189e-45
7.150500000000000078e+00 1.973196125468573069e-45
7.150999999999999801e+00 1.945177294299964309e-45
7.151500000000000412e+00 1.917554405114546256e-45
7.152000000000000135e+00 1.890321890110534350e-45
7.152499999999999858e+00 1.863474259392685888e-45
7.153000000000000469e+00 1.837006099887806430e-45
7.153500000000000192e+00 1.810912074275223509e-45
7.153999999999999915e+00 1.785186919931965621e-45
7.154500000000000526e+00 1.759825447892510548e-45
7.155000000000000249e+00 1.734822541823292804e-45
7.155499999999999972e+00 1.710173157010920692e-45
7.156000000000000583e+00 1.685872319364734303e-45
7.156500000000000306e+00 1.661915124433280667e-45
7.157000000000000028e+00 1.638296736433959290e-45
7.157499999999999751e+00 1.615012387296574265e-45
7.158000000000000362e+00 1.592057375719948803e-45
7.158500000000000085e+00 1.569427066241749985e-45
7.158999999999999808e+00 1.547116888320851635e-45
7.159500000000000419e+00 1.525122335432798830e-45
7.160000000000000142e+00 1.503438964177805867e-45
7.160499999999999865e+00 1.482062393400712686e-45
7.161000000000000476e+00 1.460988303323619449e-45
7.161500000000000199e+00 1.440212434690411739e-45
7.161999999999999922e+00 1.419730587922863057e-45
7.162500000000000533e+00 1.399538622288796597e-45
7.163000000000000256e+00 1.379632455081752430e-45
7.163499999999999979e+00 1.360008060811779740e-45
7.164000000000000590e+00 1.340661470407595077e-45
7.164500000000000313e+00 1.321588770430075374e-45
7.165000000000000036e+00 1.302786102296088161e-45
7.165499999999999758e+00 1.284249661513663078e-45
7.166000000000000369e+00 1.265975696927342835e-45
7.166500000000000092e+00 1.247960509974394423e-45
7.166999999999999815e+00 1.230200453950958949e-45
7.167500000000000426e+00 1.212691933288624401e-45
7.168000000000000149e+00 1.195431402841086536e-45
7.168499999999999872e+00 1.178415367180469610e-45
7.169000000000000483e+00 1.161640379903540287e-45
7.169500000000000206e+00 1.145103042947799982e-45
7.169999999999999929e+00 1.128800005916509234e-45
7.170500000000000540e+00 1.112727965413630177e-45
7.171000000000000263e+00 1.096883664387800627e-45
7.171499999999999986e+00 1.081263891485296067e-45
7.171999999999999709e+00 1.065865480412105705e-45
7.172500000000000320e+00 1.050685309304897334e-45
7.173000000000000043e+00 1.035720300110730818e-45
7.173499999999999766e+00 1.020967417975167820e-45
7.174000000000000377e+00 1.006423670639119119e-45
7.174500000000000099e+00 9.920861078441401289e-46
7.174999999999999822e+00 9.779518207455734917e-46
7.175500000000000433e+00 9.640179413343057162e-46
7.176000000000000156e+00 9.502816418663962478e-46
7.176499999999999879e+00 9.367401343004448555e-46
7.177000000000000490e+00 9.233906697430794326e-46
7.177500000000000213e+00 9.102305379019985367e-46
7.177999999999999936e+00 8.972570665465803392e-46
7.178500000000000547e+00 8.844676209760173785e-46
7.179000000000000270e+00 8.718596034950216108e-46
7.179499999999999993e+00 8.594304528965138622e-46
7.179999999999999716e+00 8.471776439516867761e-46
7.180500000000000327e+00 8.350986869071791115e-46
7.181000000000000050e+00 8.231911269891930589e-46
7.181499999999999773e+00 8.114525439144494062e-46
7.182000000000000384e+00 7.998805514080289368e-46
7.182500000000000107e+00 7.884727967279634666e-46
7.182999999999999829e+00 7.772269601962687899e-46
7.183500000000000441e+00 7.661407547366507211e-46
7.184000000000000163e+00 7.552119254186286197e-46
7.184499999999999886e+00 7.444382490079044907e-46
7.185000000000000497e+00 7.338175335230650901e-46
7.185500000000000220e+00 7.233476177985558982e-46
7.185999999999999943e+00 7.130263710534233600e-46
7.186500000000000554e+00 7.028516924663941782e-46
7.187000000000000277e+00 6.928215107567494780e-46
7.187500000000000000e+00 6.829337837709066437e-46
7.187999999999999723e+00 6.731864980749446793e-46
7.188500000000000334e+00 6.635776685526747426e-46
7.189000000000000057e+00 6.541053380094580226e-46
7.189499999999999780e+00 6.447675767812945112e-46
7.190000000000000391e+00 6.355624823495636728e-46
7.190500000000000114e+00 6.264881789611162843e-46
7.190999999999999837e+00 6.175428172534955962e-46
7.191500000000000448e+00 6.087245738855319116e-46
7.192000000000000171e+00 6.000316511731152575e-46
7.192499999999999893e+00 5.914622767298321223e-46
7.193000000000000504e+00 5.830147031128009758e-46
7.193500000000000227e+00 5.746872074734293407e-46
7.193999999999999950e+00 5.664780912128796629e-46
7.194500000000000561e+00 5.583856796425265067e-46
7.195000000000000284e+00 5.504083216490527759e-46
7.195500000000000007e+00 5.425443893641830905e-46
7.195999999999999730e+00 5.347922778390829489e-46
7.196500000000000341e+00 5.271504047232803093e-46
7.197000000000000064e+00 5.196172099480612089e-46
7.197499999999999787e+00 5.121911554142345618e-46
7.198000000000000398e+00 5.048707246843101637e-46
7.198500000000000121e+00 4.976544226789662987e-46
7.198999999999999844e+00 4.905407753776781324e-46
7.199500000000000455e+00 4.835283295236135375e-46
7.200000000000000178e+00 4.766156523326000930e-46
7.200499999999999901e+00 4.698013312061179092e-46
7.201000000000000512e+00 4.630839734483426227e-46
7.201500000000000234e+00 4.564622059871680887e-46
7.201999999999999957e+00 4.499346750989935300e-46
7.202500000000000568e+00 4.435000461374651796e-46
7.203000000000000291e+00 4.371570032660281190e-46
7.203500000000000014e+00 4.309042491940296702e-46
7.203999999999999737e+00 4.247405049167110824e-46
7.204500000000000348e+00 4.186645094587148335e-46
7.205000000000000071e+00 4.126750196212136496e-46
7.205499999999999794e+00 4.067708097324977303e-46
7.206000000000000405e+00 4.009506714021499326e-46
7.206500000000000128e+00 3.952134132785915729e-46
7.206999999999999851e+00 3.895578608099858561e-46
7.207500000000000462e+00 3.839828560085461511e-46
7.208000000000000185e+00 3.784872572181066030e-46
7.208499999999999908e+00 3.730699388848832860e-46
7.209000000000000519e+00 3.677297913315294314e-46
7.209500000000000242e+00 3.624657205343162429e-46
7.209999999999999964e+00 3.572766479033534989e-46
7.210500000000000576e+00 3.521615100659686469e-46
7.211000000000000298e+00 3.471192586531044100e-46
7.211500000000000021e+00 3.421488600886295806e-46
7.211999999999999744e+00 3.372492953816638556e-46
7.212500000000000355e+00 3.324195599217639729e-46
7.213000000000000078e+00 3.276586632770235820e-46
7.213499999999999801e+00 3.229656289948952165e-46
7.214000000000000412e+00 3.183394944059029737e-46
7.214500000000000135e+00 3.137793104300470373e-46
7.214999999999999858e+00 3.092841413858949873e-46
7.215500000000000469e+00 3.048530648023745981e-46
7.216000000000000192e+00 3.004851712332165528e-46
7.216499999999999915e+00 2.961795640739056540e-46
7.217000000000000526e+00 2.919353593812856069e-46
7.217500000000000249e+00 2.877516856956582588e-46
7.217999999999999972e+00 2.836276838653132373e-46
7.218500000000000583e+00 2.795625068735815659e-46
7.219000000000000306e+00 2.755553196683059483e-46
7.219500000000000028e+00 2.716052989936202194e-46
7.219999999999999751e+00 2.677116332241774751e-46
7.220500000000000362e+00 2.638735222016282890e-46
7.221000000000000085e+00 2.600901770734263361e-46
7.221499999999999808e+00 2.563608201338648518e-46
7.222000000000000419e+00 2.526846846673304670e-46
7.222500000000000142e+00 2.490610147938004800e-46
7.222999999999999865e+00 2.454890653164299714e-46
7.223500000000000476e+00 2.419681015713177534e-46
7.224000000000000199e+00 2.384973992793884158e-46
7.224499999999999922e+00 2.350762444002811388e-46
7.225000000000000533e+00 2.317039329883427413e-46
7.225500000000000256e+00 2.283797710506479537e-46
7.225999999999999979e+00 2.251030744069311674e-46
7.226500000000000590e+00 2.218731685515358422e-46
7.227000000000000313e+00 2.186893885173208567e-46
7.227500000000000036e+00 2.155510787413988761e-46
7.227999999999999758e+00 2.124575929327998874e-46
7.228500000000000369e+00 2.094082939419930824e-46
7.229000000000000092e+00 2.064025536322201827e-46
7.229499999999999815e+00 2.034397527526313002e-46
7.230000000000000426e+00 2.005192808131885225e-46
7.230500000000000149e+00 1.976405359613654997e-46
7.230999999999999872e+00 1.948029248605018087e-46
7.231500000000000483e+00 1.920058625699275707e-46
7.232000000000000206e+00 1.892487724267491475e-46
7.232499999999999929e+00 1.865310859292536764e-46
7.233000000000000540e+00 1.838522426219933153e-46
7.233500000000000263e+00 1.812116899824768132e-46
7.233999999999999986e+00 1.786088833094113902e-46
7.234499999999999709e+00 1.760432856125485607e-46
7.235000000000000320e+00 1.735143675040524563e-46
7.235500000000000043e+00 1.710216070914183986e-46
7.235999999999999766e+00 1.685644898718406377e-46
7.236500000000000377e+00 1.661425086281174476e-46
7.237000000000000099e+00 1.637551633259883316e-46
7.237499999999999822e+00 1.614019610129015686e-46
7.238000000000000433e+00 1.590824157182178177e-46
7.238500000000000156e+00 1.567960483548238960e-46
7.238999999999999879e+00 1.545423866220814529e-46
7.239500000000000490e+00 1.523209649101881507e-46
7.240000000000000213e+00 1.501313242058557140e-46
7.240499999999999936e+00 1.479730119993001991e-46
7.241000000000000547e+00 1.458455821925629962e-46
7.241500000000000270e+00 1.437485950091067726e-46
7.241999999999999993e+00 1.416816169046593437e-46
7.242499999999999716e+00 1.396442204793497151e-46
7.243000000000000327e+00 1.376359843910321363e-46
7.243500000000000050e+00 1.356564932698782691e-46
7.243999999999999773e+00 1.337053376341049207e-46
7.244500000000000384e+00 1.317821138069394558e-46
7.245000000000000107e+00 1.298864238347267633e-46
7.245499999999999829e+00 1.280178754061788654e-46
7.246000000000000441e+00 1.261760817727710396e-46
7.246500000000000163e+00 1.243606616702642095e-46
7.246999999999999886e+00 1.225712392412950099e-46
7.247500000000000497e+00 1.208074439590835840e-46
7.248000000000000220e+00 1.190689105522203732e-46
7.248499999999999943e+00 1.173552789304596155e-46
7.249000000000000554e+00 1.156661941116096900e-46
7.249500000000000277e+00 1.140013061494295477e-46
7.250000000000000000e+00 1.123602700625247520e-46
7.250499999999999723e+00 1.107427457642558500e-46
7.251000000000000334e+00 1.091483979936358129e-46
7.251500000000000057e+00 1.075768962471918301e-46
7.251999999999999780e+00 1.060279147117767752e-46
7.252500000000000391e+00 1.045011321983342505e-46
7.253000000000000114e+00 1.029962320766089084e-46
7.253499999999999837e+00 1.015129022107296677e-46
7.254000000000000448e+00 1.000508348957459832e-46
7.254500000000000171e+00 9.860972679503911209e-47
7.254999999999999893e+00 9.718927887859501345e-47
7.255500000000000504e+00 9.578919636216924032e-47
7.256000000000000227e+00 9.440918864730508441e-47
7.256499999999999950e+00 9.304896926217588157e-47
7.257000000000000561e+00 9.170825580327712828e-47
7.257500000000000284e+00 9.038676987793645799e-47
7.258000000000000007e+00 8.908423704761946326e-47
7.258499999999999730e+00 8.780038677205184140e-47
7.259000000000000341e+00 8.653495235410475405e-47
7.259500000000000064e+00 8.528767088548647562e-47
7.259999999999999787e+00 8.405828319315955777e-47
7.260500000000000398e+00 8.284653378654033395e-47
7.261000000000000121e+00 8.165217080543931267e-47
7.261499999999999844e+00 8.047494596871185031e-47
7.262000000000000455e+00 7.931461452365829856e-47
7.262500000000000178e+00 7.817093519612310335e-47
7.262999999999999901e+00 7.704367014129176650e-47
7.263500000000000512e+00 7.593258489518825619e-47
7.264000000000000234e+00 7.483744832685913699e-47
7.264499999999999957e+00 7.375803259121550174e-47
7.265000000000000568e+00 7.269411308254662928e-47
7.265500000000000291e+00 7.164546838870232473e-47
7.266000000000000014e+00 7.061188024589020048e-47
7.266499999999999737e+00 6.959313349413530979e-47
7.267000000000000348e+00 6.858901603335260142e-47
7.267500000000000071e+00 6.759931878005454005e-47
7.267999999999999794e+00 6.662383562463832268e-47
7.268500000000000405e+00 6.566236338930569375e-47
7.269000000000000128e+00 6.471470178656441774e-47
7.269499999999999851e+00 6.378065337830150097e-47
7.270000000000000462e+00 6.286002353545336589e-47
7.270500000000000185e+00 6.195262039823367563e-47
7.270999999999999908e+00 6.105825483691830312e-47
7.271500000000000519e+00 6.017674041318892281e-47
7.272000000000000242e+00 5.930789334202545287e-47
7.272499999999999964e+00 5.845153245411844982e-47
7.273000000000000576e+00 5.760747915883065502e-47
7.273500000000000298e+00 5.677555740767138569e-47
7.274000000000000021e+00 5.595559365828222451e-47
7.274499999999999744e+00 5.514741683893796503e-47
7.275000000000000355e+00 5.435085831354216050e-47
7.275500000000000078e+00 5.356575184712408235e-47
7.275999999999999801e+00 5.279193357181024201e-47
7.276500000000000412e+00 5.202924195328154118e-47
7.277000000000000135e+00 5.127751775771351296e-47
7.277499999999999858e+00 5.053660401916118755e-47
7.278000000000000469e+00 4.980634600742049524e-47
7.278500000000000192e+00 4.908659119634520363e-47
7.278999999999999915e+00 4.837718923259041361e-47
7.279500000000000526e+00 4.767799190481956284e-47
7.280000000000000249e+00 4.698885311333772530e-47
7.280499999999999972e+00 4.630962884014477962e-47
7.281000000000000583e+00 4.564017711942187429e-47
7.281500000000000306e+00 4.498035800843736298e-47
7.282000000000000028e+00 4.433003355884446899e-47
7.282499999999999751e+00 4.368906778840595058e-47
7.283000000000000362e+00 4.305732665310315912e-47
7.283500000000000085e+00 4.243467801964858674e-47
7.283999999999999808e+00 4.182099163837663732e-47
7.284500000000000419e+00 4.121613911652145433e-47
7.285000000000000142e+00 4.061999389188010892e-47
7.285499999999999865e+00 4.003243120683055344e-47
7.286000000000000476e+00 3.945332808272994205e-47
7.286500000000000199e+00 3.888256329467362863e-47
7.286999999999999922e+00 3.832001734659996016e-47
7.287500000000000533e+00 3.776557244675951994e-47
7.288000000000000256e+00 3.721911248352457050e-47
7.288499999999999979e+00 3.668052300153811265e-47
7.289000000000000590e+00 3.614969117820311498e-47
7.289500000000000313e+00 3.562650580050886062e-47
7.290000000000000036e+00 3.511085724216928104e-47
7.290499999999999758e+00 3.460263744110168865e-47
7.291000000000000369e+00 3.410173987721199796e-47
7.291500000000000092e+00 3.360805955050229873e-47
7.291999999999999815e+00 3.312149295947747918e-47
7.292500000000000426e+00 3.264193807986539673e-47
7.293000000000000149e+00 3.216929434363984705e-47
7.293499999999999872e+00 3.170346261832663661e-47
7.294000000000000483e+00 3.124434518661699431e-47
7.294500000000000206e+00 3.079184572626391159e-47
7.294999999999999929e+00 3.034586929025659297e-47
7.295500000000000540e+00 2.990632228728489907e-47
7.296000000000000263e+00 2.947311246247513260e-47
7.296499999999999986e+00 2.904614887839652545e-47
7.296999999999999709e+00 2.862534189634016749e-47
7.297500000000000320e+00 2.821060315785935062e-47
7.298000000000000043e+00 2.780184556657740524e-47
7.298499999999999766e+00 2.739898327024043181e-47
7.299000000000000377e+00 2.700193164303711157e-47
7.299500000000000099e+00 2.661060726816176429e-47
7.299999999999999822e+00 2.622492792062496044e-47
7.300500000000000433e+00 2.584481255030618919e-47
7.301000000000000156e+00 2.547018126525153335e-47
7.301499999999999879e+00 2.510095531520060901e-47
7.302000000000000490e+00 2.473705707534970248e-47
7.302500000000000213e+00 2.437841003034949565e-47
7.302999999999999936e+00 2.402493875851873956e-47
7.303500000000000547e+00 2.367656891629124732e-47
7.304000000000000270e+00 2.333322722287868962e-47
7.304499999999999993e+00 2.299484144514964962e-47
7.304999999999999716e+00 2.266134038272405741e-47
7.305500000000000327e+00 2.233265385327963977e-47
7.306000000000000050e+00 2.200871267806633033e-47
7.306499999999999773e+00 2.168944866762266283e-47
7.307000000000000384e+00 2.137479460769638867e-47
7.307500000000000107e+00 2.106468424536872075e-47
7.307999999999999829e+00 2.075905227536624013e-47
7.308500000000000441e+00 2.045783432657373796e-47
7.309000000000000163e+00 2.016096694873763975e-47
7.309499999999999886e+00 1.986838759935230848e-47
7.310000000000000497e+00 1.958003463073853193e-47
7.310500000000000220e+00 1.929584727730323585e-47
7.310999999999999943e+00 1.901576564297587732e-47
7.311500000000000554e+00 1.873973068882761488e-47
7.312000000000000277e+00 1.846768422086580478e-47
7.312500000000000000e+00 1.819956887799644332e-47
7.312999999999999723e+00 1.793532812016358350e-47
7.313500000000000334e+00 1.767490621665214953e-47
7.314000000000000057e+00 1.741824823456062749e-47
7.314499999999999780e+00 1.716530002743189359e-47
7.315000000000000391e+00 1.691600822404953811e-47
7.315500000000000114e+00 1.667032021739409405e-47
7.315999999999999837e+00 1.642818415374896831e-47
7.316500000000000448e+00 1.618954892196848961e-47
7.317000000000000171e+00 1.595436414289523346e-47
7.317499999999999893e+00 1.572258015892562263e-47
7.318000000000000504e+00 1.549414802372517893e-47
7.318500000000000227e+00 1.526901949209159600e-47
7.318999999999999950e+00 1.504714700995741907e-47
7.319500000000000561e+00 1.482848370453743899e-47
7.320000000000000284e+00 1.461298337461642256e-47
7.320500000000000007e+00 1.440060048097172429e-47
7.320999999999999730e+00 1.419129013693369666e-47
7.321500000000000341e+00 1.398500809908044448e-47
7.322000000000000064e+00 1.378171075806479656e-47
7.322499999999999787e+00 1.358135512956848449e-47
7.323000000000000398e+00 1.338389884538811813e-47
7.323500000000000121e+00 1.318930014464742750e-47
7.323999999999999844e+00 1.299751786513174799e-47
7.324500000000000455e+00 1.280851143474693442e-47
7.325000000000000178e+00 1.262224086310205458e-47
7.325499999999999901e+00 1.243866673320610262e-47
7.326000000000000512e+00 1.225775019328774097e-47
7.326500000000000234e+00 1.207945294872897683e-47
7.326999999999999957e+00 1.190373725411291685e-47
7.327500000000000568e+00 1.173056590538481709e-47
7.328000000000000291e+00 1.155990223212700684e-47
7.328500000000000014e+00 1.139171008993848316e-47
7.328999999999999737e+00 1.122595385292777393e-47
7.329500000000000348e+00 1.106259840630850501e-47
7.330000000000000071e+00 1.090160913910433690e-47
7.330499999999999794e+00 1.074295193695263582e-47
7.331000000000000405e+00 1.058659317501405151e-47
7.331500000000000128e+00 1.043249971098261994e-47
7.331999999999999851e+00 1.028063887819236144e-47
7.332500000000000462e+00 1.013097847882516469e-47
7.333000000000000185e+00 9.983486777214393169e-48
7.333499999999999908e+00 9.838132493240854878e-48
7.334000000000000519e+00 9.694884795827211085e-48
7.334500000000000242e+00 9.553713296522002621e-48
7.334999999999999964e+00 9.414588043174399690e-48
7.335500000000000576e+00 9.277479513701068118e-48
7.336000000000000298e+00 9.142358609940945411e-48
7.336500000000000021e+00 9.009196651595597860e-48
7.336999999999999744e+00 8.877965370258220367e-48
7.337500000000000355e+00 8.748636903525910421e-48
7.338000000000000078e+00 8.621183789197786875e-48
7.338499999999999801e+00 8.495578959551792178e-48
7.339000000000000412e+00 8.371795735706899429e-48
7.339500000000000135e+00 8.249807822064102543e-48
7.339999999999999858e+00 8.129589300824884192e-48
7.340500000000000469e+00 8.011114626590262051e-48
7.341000000000000192e+00 7.894358621035397298e-48
7.341499999999999915e+00 7.779296467659522240e-48
7.342000000000000526e+00 7.665903706611424116e-48
7.342500000000000249e+00 7.554156229589055690e-48
7.342999999999999972e+00 7.444030274809614215e-48
7.343500000000000583e+00 7.335502422053575814e-48
7.344000000000000306e+00 7.228549587778731503e-48
7.344500000000000028e+00 7.123149020301804910e-48
7.344999999999999751e+00 7.019278295051590915e-48
7.345500000000000362e+00 6.916915309887911182e-48
7.346000000000000085e+00 6.816038280487943566e-48
7.346499999999999808e+00 6.716625735797065453e-48
7.347000000000000419e+00 6.618656513546173994e-48
7.347500000000000142e+00 6.522109755832310915e-48
7.347999999999999865e+00 6.426964904760947459e-48
7.348500000000000476e+00 6.333201698151859538e-48
7.349000000000000199e+00 6.240800165306581572e-48
7.349499999999999922e+00 6.149740622833556914e-48
7.350000000000000533e+00 6.060003670535666712e-48
7.350500000000000256e+00 5.971570187355313155e-48
7.350999999999999979e+00 5.884421327376124863e-48
7.351500000000000590e+00 5.798538515883519606e-48
7.352000000000000313e+00 5.713903445480453743e-48
7.352500000000000036e+00 5.630498072258303687e-48
7.352999999999999758e+00 5.548304612022590123e-48
7.353500000000000369e+00 5.467305536573119577e-48
7.354000000000000092e+00 5.387483570036444284e-48
7.354499999999999815e+00 5.308821685250149932e-48
7.355000000000000426e+00 5.231303100200019583e-48
7.355500000000000149e+00 5.154911274507207185e-48
7.355999999999999872e+00 5.079629905965226800e-48
7.356500000000000483e+00 5.005442927126849329e-48
7.357000000000000206e+00 4.932334501939945923e-48
7.357499999999999929e+00 4.860289022430248912e-48
7.358000000000000540e+00 4.789291105432361169e-48
7.358500000000000263e+00 4.719325589367308027e-48
7.358999999999999986e+00 4.650377531065382907e-48
7.359500000000000597e+00 4.582432202635210380e-48
7.360000000000000320e+00 4.515475088377122688e-48
7.360500000000000043e+00 4.449491881739945448e-48
7.360999999999999766e+00 4.384468482322438948e-48
7.361500000000000377e+00 4.320390992916437915e-48
7.362000000000000099e+00 4.257245716593193216e-48
7.362499999999999822e+00 4.195019153829950470e-48
7.363000000000000433e+00 4.133697999678945420e-48
7.363500000000000156e+00 4.073269140976143976e-48
7.363999999999999879e+00 4.013719653589594402e-48
7.364500000000000490e+00 3.955036799707487703e-48
7.365000000000000213e+00 3.897208025165201797e-48
7.365499999999999936e+00 3.840220956809401182e-48
7.366000000000000547e+00 3.784063399901056592e-48
7.366500000000000270e+00 3.728723335554938567e-48
7.366999999999999993e+00 3.674188918215471292e-48
7.367499999999999716e+00 3.620448473169121752e-48
7.368000000000000327e+00 3.567490494091953765e-48
7.368500000000000050e+00 3.515303640632724319e-48
7.368999999999999773e+00 3.463876736029697828e-48
7.369500000000000384e+00 3.413198764762120275e-48
7.370000000000000107e+00 3.363258870235433161e-48
7.370499999999999829e+00 3.314046352498642936e-48
7.371000000000000441e+00 3.265550665995187150e-48
7.371500000000000163e+00 3.217761417345877694e-48
7.371999999999999886e+00 3.170668363162881331e-48
7.372500000000000497e+00 3.124261407895508708e-48
7.373000000000000220e+00 3.078530601706965902e-48
7.373499999999999943e+00 3.033466138380608172e-48
7.374000000000000554e+00 2.989058353256935646e-48
7.374500000000000277e+00 2.945297721200024350e-48
7.375000000000000000e+00 2.902174854592434837e-48
7.375499999999999723e+00 2.859680501359393284e-48
7.376000000000000334e+00 2.817805543020894128e-48
7.376500000000000057e+00 2.776540992772055421e-48
7.376999999999999780e+00 2.735877993590336169e-48
7.377500000000000391e+00 2.695807816370108807e-48
7.378000000000000114e+00 2.656321858084454621e-48
7.378499999999999837e+00 2.617411639972132612e-48
7.379000000000000448e+00 2.579068805751381165e-48
7.379500000000000171e+00 2.541285119859214018e-48
7.379999999999999893e+00 2.504052465715219358e-48
7.380500000000000504e+00 2.467362844011010324e-48
7.381000000000000227e+00 2.431208371023920344e-48
7.381499999999999950e+00 2.395581276954349583e-48
7.382000000000000561e+00 2.360473904287505124e-48
7.382500000000000284e+00 2.325878706178542784e-48
7.383000000000000007e+00 2.291788244860388903e-48
7.383499999999999730e+00 2.258195190074663865e-48
7.384000000000000341e+00 2.225092317525128497e-48
7.384500000000000064e+00 2.192472507353265618e-48
7.384999999999999787e+00 2.160328742635380228e-48
7.385500000000000398e+00 2.128654107901439825e-48
7.386000000000000121e+00 2.097441787675402059e-48
7.386499999999999844e+00 2.066685065035863204e-48
7.387000000000000455e+00 2.036377320197722978e-48
7.387500000000000178e+00 2.006512029114271977e-48
7.387999999999999901e+00 1.977082762098726033e-48
7.388500000000000512e+00 1.948083182466144888e-48
7.389000000000000234e+00 1.919507045194651952e-48
7.389499999999999957e+00 1.891348195605316413e-48
7.390000000000000568e+00 1.863600568061698317e-48
7.390500000000000291e+00 1.836258184687714162e-48
7.391000000000000014e+00 1.809315154103671401e-48
7.391499999999999737e+00 1.782765670180631955e-48
7.392000000000000348e+00 1.756604010812679067e-48
7.392500000000000071e+00 1.730824536706799409e-48
7.392999999999999794e+00 1.705421690189739626e-48
7.393500000000000405e+00 1.680389994032373610e-48
7.394000000000000128e+00 1.655724050291029021e-48
7.394499999999999851e+00 1.631418539164738094e-48
7.395000000000000462e+00 1.607468217869638204e-48
7.395500000000000185e+00 1.583867919529243549e-48
7.395999999999999908e+00 1.560612552080337884e-48
7.396500000000000519e+00 1.537697097194927672e-48
7.397000000000000242e+00 1.515116609217757937e-48
7.397499999999999964e+00 1.492866214118434588e-48
7.398000000000000576e+00 1.470941108459277472e-48
7.398500000000000298e+00 1.449336558377735833e-48
7.399000000000000021e+00 1.428047898583113366e-48
7.399499999999999744e+00 1.407070531368185961e-48
7.400000000000000355e+00 1.386399925634533182e-48
7.400500000000000078e+00 1.366031615932373192e-48
7.400999999999999801e+00 1.345961201513564468e-48
7.401500000000000412e+00 1.326184345398654721e-48
7.402000000000000135e+00 1.306696773457273143e-48
7.402499999999999858e+00 1.287494273501476885e-48
7.403000000000000469e+00 1.268572694392250951e-48
7.403500000000000192e+00 1.249927945159084170e-48
7.403999999999999915e+00 1.231555994131660295e-48
7.404500000000000526e+00 1.213452868084434364e-48
7.405000000000000249e+00 1.195614651393449225e-48
7.405499999999999972e+00 1.178037485205017267e-48
7.406000000000000583e+00 1.160717566616569543e-48
7.406500000000000306e+00 1.143651147869245671e-48
7.407000000000000028e+00 1.126834535551917003e-48
7.407499999999999751e+00 1.110264089816890714e-48
7.408000000000000362e+00 1.093936223606587116e-48
7.408500000000000085e+00 1.077847401891738974e-48
7.408999999999999808e+00 1.061994140919973499e-48
7.409500000000000419e+00 1.046373007475703191e-48
7.410000000000000142e+00 1.030980618150461795e-48
7.410499999999999865e+00 1.015813638623608668e-48
7.411000000000000476e+00 1.000868782953462917e-48
7.411500000000000199e+00 9.861428128788226565e-49
7.411999999999999922e+00 9.716325371301094235e-49
7.412500000000000533e+00 9.573348107507436544e-49
7.413000000000000256e+00 9.432465344282554691e-49
7.413499999999999979e+00 9.293646538347532257e-49
7.414000000000000590e+00 9.156861589771875503e-49
7.414500000000000313e+00 9.022080835568055569e-49
7.415000000000000036e+00 8.889275043377665435e-49
7.415499999999999758e+00 8.758415405249542589e-49
7.416000000000000369e+00 8.629473531506334176e-49
7.416500000000000092e+00 8.502421444701254850e-49
7.416999999999999815e+00 8.377231573657978695e-49
7.417500000000000426e+00 8.253876747600148042e-49
7.418000000000000149e+00 8.132330190363989011e-49
7.418499999999999872e+00 8.012565514692652743e-49
7.419000000000000483e+00 7.894556716614553674e-49
7.419500000000000206e+00 7.778278169903091647e-49
7.419999999999999929e+00 7.663704620612859701e-49
7.420500000000000540e+00 7.550811181698063705e-49
7.421000000000000263e+00 7.439573327707125333e-49
7.421499999999999986e+00 7.329966889552157191e-49
7.422000000000000597e+00 7.221968049356082838e-49
7.422500000000000320e+00 7.115553335372729858e-49
7.423000000000000043e+00 7.010699616979680247e-49
7.423499999999999766e+00 6.907384099744086270e-49
7.424000000000000377e+00 6.805584320558865943e-49
7.424500000000000099e+00 6.705278142849856991e-49
7.424999999999999822e+00 6.606443751850564823e-49
7.425500000000000433e+00 6.509059649945632579e-49
7.426000000000000156e+00 6.413104652082667120e-49
7.426499999999999879e+00 6.318557881247449065e-49
7.427000000000000490e+00 6.225398764006455773e-49
7.427500000000000213e+00 6.133607026113369258e-49
7.427999999999999936e+00 6.043162688177644853e-49
7.428500000000000547e+00 5.954046061396633331e-49
7.429000000000000270e+00 5.866237743349077819e-49
7.429499999999999993e+00 5.779718613848391767e-49
7.429999999999999716e+00 5.694469830856933405e-49
7.430500000000000327e+00 5.610472826457679770e-49
7.431000000000000050e+00 5.527709302886054768e-49
7.431499999999999773e+00 5.446161228616067337e-49
7.432000000000000384e+00 5.365810834505494559e-49
7.432500000000000107e+00 5.286640609995651378e-49
7.432999999999999829e+00 5.208633299365351142e-49
7.433500000000000441e+00 5.131771898039335001e-49
7.434000000000000163e+00 5.056039648951020508e-49
7.434499999999999886e+00 4.981420038955199949e-49
7.435000000000000497e+00 4.907896795294814790e-49
7.435500000000000220e+00 4.835453882118194885e-49
7.435999999999999943e+00 4.764075497044942347e-49
7.436500000000000554e+00 4.693746067783164397e-49
7.437000000000000277e+00 4.624450248795382028e-49
7.437500000000000000e+00 4.556172918011007204e-49
7.437999999999999723e+00 4.488899173587848328e-49
7.438500000000000334e+00 4.422614330719408670e-49
7.439000000000000057e+00 4.357303918489325341e-49
7.439499999999999780e+00 4.292953676769250108e-49
7.440000000000000391e+00 4.229549553163499308e-49
7.440500000000000114e+00 4.167077699997084824e-49
7.440999999999999837e+00 4.105524471346443214e-49
7.441500000000000448e+00 4.044876420113991823e-49
7.442000000000000171e+00 3.985120295145168068e-49
7.442499999999999893e+00 3.926243038385420748e-49
7.443000000000000504e+00 3.868231782080081064e-49
7.443500000000000227e+00 3.811073846014011709e-49
7.443999999999999950e+00 3.754756734790350356e-49
7.444500000000000561e+00 3.699268135149749830e-49
7.445000000000000284e+00 3.644595913327721353e-49
7.445500000000000007e+00 3.590728112449927378e-49
7.445999999999999730e+00 3.537652949965583564e-49
7.446500000000000341e+00 3.485358815117544028e-49
7.447000000000000064e+00 3.433834266449491477e-49
7.447499999999999787e+00 3.383068029348090394e-49
7.448000000000000398e+00 3.333048993621735773e-49
7.448500000000000121e+00 3.283766211113965607e-49
7.448999999999999844e+00 3.235208893350705322e-49
7.449500000000000455e+00 3.187366409222311577e-49
7.450000000000000178e+00 3.140228282699041973e-49
7.450499999999999901e+00 3.093784190578956689e-49
7.451000000000000512e+00 3.048023960268686930e-49
7.451500000000000234e+00 3.002937567596889028e-49
7.451999999999999957e+00 2.958515134658030037e-49
7.452500000000000568e+00 2.914746927688312033e-49
7.453000000000000291e+00 2.871623354972440288e-49
7.453500000000000014e+00 2.829134964779458147e-49
7.453999999999999737e+00 2.787272443329831052e-49
7.454500000000000348e+00 2.746026612790977011e-49
7.455000000000000071e+00 2.705388429302463877e-49
7.455499999999999794e+00 2.665348981028900641e-49
7.456000000000000405e+00 2.625899486241883266e-49
7.456500000000000128e+00 2.587031291429252431e-49
7.456999999999999851e+00 2.548735869431549614e-49
7.457500000000000462e+00 2.511004817605698497e-49
7.458000000000000185e+00 2.473829856015382963e-49
7.458499999999999908e+00 2.437202825647102250e-49
7.459000000000000519e+00 2.401115686652300932e-49
7.459500000000000242e+00 2.365560516615399014e-49
7.459999999999999964e+00 2.330529508845898225e-49
7.460500000000000576e+00 2.296014970695986194e-49
7.461000000000000298e+00 2.262009321902442816e-49
7.461500000000000021e+00 2.228505092951927373e-49
7.461999999999999744e+00 2.195494923470704958e-49
7.462500000000000355e+00 2.162971560637133405e-49
7.463000000000000078e+00 2.130927857617450051e-49
7.463499999999999801e+00 2.099356772024009834e-49
7.464000000000000412e+00 2.068251364395796939e-49
7.464500000000000135e+00 2.037604796701347134e-49
7.464999999999999858e+00 2.007410330862757858e-49
7.465500000000000469e+00 1.977661327301457213e-49
7.466000000000000192e+00 1.948351243505136299e-49
7.466499999999999915e+00 1.919473632614909766e-49
7.467000000000000526e+00 1.891022142033411815e-49
7.467500000000000249e+00 1.862990512053186882e-49
7.467999999999999972e+00 1.835372574504164144e-49
7.468500000000000583e+00 1.808162251421591162e-49
7.469000000000000306e+00 1.781353553732935120e-49
7.469500000000000028e+00 1.754940579963609595e-49
7.469999999999999751e+00 1.728917514961664353e-49
7.470500000000000362e+00 1.703278628641025309e-49
7.471000000000000085e+00 1.678018274742848230e-49
7.471499999999999808e+00 1.653130889614702648e-49
7.472000000000000419e+00 1.628610991007602309e-49
7.472500000000000142e+00 1.604453176890695103e-49
7.472999999999999865e+00 1.580652124282444512e-49
7.473500000000000476e+00 1.557202588099497509e-49
7.474000000000000199e+00 1.534099400021976362e-49
7.474499999999999922e+00 1.511337467374942918e-49
7.475000000000000533e+00 1.488911772026459803e-49
7.475500000000000256e+00 1.466817369301597913e-49
7.475999999999999979e+00 1.445049386911899839e-49
7.476500000000000590e+00 1.423603023900647146e-49
7.477000000000000313e+00 1.402473549603396523e-49
7.477500000000000036e+00 1.381656302623395681e-49
7.477999999999999758e+00 1.361146689822161578e-49
7.478500000000000369e+00 1.340940185324347014e-49
7.479000000000000092e+00 1.321032329537530451e-49
7.479499999999999815e+00 1.301418728185630834e-49
7.480000000000000426e+00 1.282095051356791007e-49
7.480500000000000149e+00 1.263057032565050585e-49
7.480999999999999872e+00 1.244300467825288501e-49
7.481500000000000483e+00 1.225821214742014085e-49
7.482000000000000206e+00 1.207615191611177131e-49
7.482499999999999929e+00 1.189678376534951571e-49
7.483000000000000540e+00 1.172006806549492942e-49
7.483500000000000263e+00 1.154596576765418396e-49
7.483999999999999986e+00 1.137443839520535420e-49
7.484500000000000597e+00 1.120544803544990381e-49
7.485000000000000320e+00 1.103895733138763207e-49
7.485500000000000043e+00 1.087492947360639363e-49
7.485999999999999766e+00 1.071332819229361788e-49
7.486500000000000377e+00 1.055411774936161753e-49
7.487000000000000099e+00 1.039726293068987499e-49
7.487499999999999822e+00 1.024272903847532944e-49
7.488000000000000433e+00 1.009048188369861424e-49
7.488500000000000156e+00 9.940487778698023541e-50
7.488999999999999879e+00 9.792713529849403735e-50
7.489500000000000490e+00 9.647126430355559296e-50
7.490000000000000213e+00 9.503694253138818401e-50
7.490499999999999936e+00 9.362385243836369115e-50
7.491000000000000547e+00 9.223168113898367982e-50
7.491500000000000270e+00 9.086012033786954235e-50
7.491999999999999993e+00 8.950886626271666796e-50
7.492499999999999716e+00 8.817761959824769847e-50
7.493000000000000327e+00 8.686608542111568261e-50
7.493500000000000050e+00 8.557397313576071824e-50
7.493999999999999773e+00 8.430099641117965996e-50
7.494500000000000384e+00 8.304687311863614423e-50
7.495000000000000107e+00 8.181132527027472546e-50
7.495499999999999829e+00 8.059407895861214630e-50
7.496000000000000441e+00 7.939486429691744041e-50
7.496500000000000163e+00 7.821341536047443944e-50
7.496999999999999886e+00 7.704947012866599791e-50
7.497500000000000497e+00 7.590277042792663527e-50
7.498000000000000220e+00 7.477306187552232732e-50
7.498499999999999943e+00 7.366009382413318595e-50
7.499000000000000554e+00 7.256361930725539737e-50
7.499500000000000277e+00 7.148339498540137687e-50
7.500000000000000000e+00 7.041918109306320569e-50
7.500499999999999723e+00 6.937074138646848258e-50
7.501000000000000334e+00 6.833784309208318217e-50
7.501500000000000057e+00 6.732025685587968520e-50
7.501999999999999780e+00 6.631775669331794479e-50
7.502500000000000391e+00 6.533011994007608102e-50
7.503000000000000114e+00 6.435712720349690325e-50
7.503499999999999837e+00 6.339856231472362080e-50
7.504000000000000448e+00 6.245421228155375083e-50
7.504500000000000171e+00 6.152386724196912972e-50
7.504999999999999893e+00 6.060732041833920760e-50
7.505500000000000504e+00 5.970436807229747426e-50
7.506000000000000227e+00 5.881480946027819726e-50
7.506499999999999950e+00 5.793844678968885040e-50
7.507000000000000561e+00 5.707508517572703479e-50
7.507500000000000284e+00 5.622453259883757217e-50
7.508000000000000007e+00 5.538659986276585337e-50
7.508499999999999730e+00 5.456110055324238565e-50
7.509000000000000341e+00 5.374785099725822075e-50
7.509500000000000064e+00 5.294667022294671294e-50
7.509999999999999787e+00 5.215737992002615170e-50
7.510500000000000398e+00 5.137980440084330248e-50
7.511000000000000121e+00 5.061377056197599903e-50
7.511499999999999844e+00 4.985910784638532009e-50
7.512000000000000455e+00 4.911564820613531627e-50
7.512500000000000178e+00 4.838322606564811602e-50
7.512999999999999901e+00 4.766167828549198927e-50
7.513500000000000512e+00 4.695084412670217893e-50
7.514000000000000234e+00 4.625056521562511859e-50
7.514499999999999957e+00 4.556068550926254441e-50
7.515000000000000568e+00 4.488105126113235570e-50
7.515500000000000291e+00 4.421151098762960721e-50
7.516000000000000014e+00 4.355191543486265000e-50
7.516499999999999737e+00 4.290211754598837841e-50
7.517000000000000348e+00 4.226197242901566075e-50
7.517500000000000071e+00 4.163133732508497740e-50
7.517999999999999794e+00 4.101007157720181417e-50
7.518500000000000405e+00 4.039803659943046727e-50
7.519000000000000128e+00 3.979509584654529239e-50
7.519499999999999851e+00 3.920111478410797259e-50
7.520000000000000462e+00 3.861596085899418755e-50
7.520500000000000185e+00 3.803950347035221726e-50
7.520999999999999908e+00 3.747161394096954649e-50
7.521500000000000519e+00 3.691216548907483634e-50
7.522000000000000242e+00 3.636103320054528999e-50
7.522499999999999964e+00 3.581809400151298429e-50
7.523000000000000576e+00 3.528322663137997127e-50
7.523500000000000298e+00 3.475631161622661486e-50
7.524000000000000021e+00 3.423723124260113665e-50
7.524499999999999744e+00 3.372586953169889303e-50
7.525000000000000355e+00 3.322211221391464290e-50
7.525500000000000078e+00 3.272584670377169931e-50
7.525999999999999801e+00 3.223696207520723129e-50
7.526500000000000412e+00 3.175534903722938840e-50
7.527000000000000135e+00 3.128089990992463604e-50
7.527499999999999858e+00 3.081350860081392473e-50
7.528000000000000469e+00 3.035307058155728494e-50
7.528500000000000192e+00 2.989948286500047133e-50
7.528999999999999915e+00 2.945264398255081354e-50
7.529500000000000526e+00 2.901245396188675071e-50
7.530000000000000249e+00 2.857881430499880882e-50
7.530499999999999972e+00 2.815162796653939763e-50
7.531000000000000583e+00 2.773079933249858094e-50
7.531500000000000306e+00 2.731623419919043270e-50
7.532000000000000028e+00 2.690783975254147548e-50
7.532499999999999751e+00 2.650552454768537014e-50
7.533000000000000362e+00 2.610919848885666357e-50
7.533500000000000085e+00 2.571877280957870440e-50
7.533999999999999808e+00 2.533416005313530049e-50
7.534500000000000419e+00 2.495527405333605539e-50
7.535000000000000142e+00 2.458202991555879015e-50
7.535499999999999865e+00 2.421434399806784945e-50
7.536000000000000476e+00 2.385213389360806392e-50
7.536500000000000199e+00 2.349531841126953095e-50
7.536999999999999922e+00 2.314381755861117335e-50
7.537500000000000533e+00 2.279755252405161731e-50
7.538000000000000256e+00 2.245644565951872481e-50
7.538499999999999979e+00 2.212042046334522745e-50
7.539000000000000590e+00 2.178940156342175189e-50
7.539500000000000313e+00 2.146331470059579946e-50
7.540000000000000036e+00 2.114208671230814822e-50
7.540499999999999758e+00 2.082564551647451362e-50
7.541000000000000369e+00 2.051392009560064354e-50
7.541500000000000092e+00 2.020684048113158345e-50
7.541999999999999815e+00 1.990433773802537644e-50
7.542500000000000426e+00 1.960634394955752219e-50
7.543000000000000149e+00 1.931279220234743994e-50
7.543499999999999872e+00 1.902361657160025532e-50
7.544000000000000483e+00 1.873875210656826238e-50
7.544500000000000206e+00 1.845813481622462107e-50
7.544999999999999929e+00 1.818170165514578391e-50
7.545500000000000540e+00 1.790939050960010941e-50
7.546000000000000263e+00 1.764114018384380887e-50
7.546499999999999986e+00 1.737689038661243776e-50
7.547000000000000597e+00 1.711658171781382128e-50
7.547500000000000320e+00 1.686015565541532581e-50
7.548000000000000043e+00 1.660755454252220956e-50
7.548499999999999766e+00 1.635872157464530779e-50
7.549000000000000377e+00 1.611360078715571899e-50
7.549500000000000099e+00 1.587213704292553527e-50
7.549999999999999822e+00 1.563427602014394177e-50
7.550500000000000433e+00 1.539996420031690801e-50
7.551000000000000156e+00 1.516914885644237638e-50
7.551499999999999879e+00 1.494177804135461651e-50
7.552000000000000490e+00 1.471780057624421211e-50
7.552500000000000213e+00 1.449716603934491091e-50
7.552999999999999936e+00 1.427982475478342348e-50
7.553500000000000547e+00 1.406572778159622988e-50
7.554000000000000270e+00 1.385482690290730076e-50
7.554499999999999993e+00 1.364707461526070294e-50
7.554999999999999716e+00 1.344242411811438277e-50
7.555500000000000327e+00 1.324082930348445426e-50
7.556000000000000050e+00 1.304224474574439554e-50
7.556499999999999773e+00 1.284662569156988351e-50
7.557000000000000384e+00 1.265392805003430903e-50
7.557500000000000107e+00 1.246410838285038842e-50
7.557999999999999829e+00 1.227712389474967445e-50
7.558500000000000441e+00 1.209293242400899454e-50
7.559000000000000163e+00 1.191149243311360617e-50
7.559499999999999886e+00 1.173276299955601789e-50
7.560000000000000497e+00 1.155670380677103839e-50
7.560500000000000220e+00 1.138327513520526156e-50
7.560999999999999943e+00 1.121243785351449949e-50
7.561500000000000554e+00 1.104415340989251071e-50
7.562000000000000277e+00 1.087838382352743912e-50
7.562500000000000000e+00 1.071509167618142932e-50
7.562999999999999723e+00 1.055424010389528088e-50
7.563500000000000334e+00 1.039579278881529621e-50
7.564000000000000057e+00 1.023971395113947595e-50
7.564499999999999780e+00 1.008596834118109496e-50
7.565000000000000391e+00 9.934521231550563355e-51
7.565500000000000114e+00 9.785338409451304521e-51
7.565999999999999837e+00 9.638386169087386329e-51
7.566500000000000448e+00 9.493631304185037516e-51
7.567000000000000171e+00 9.351041100623228955e-51
7.567499999999999893e+00 9.210583329170632577e-51
7.568000000000000504e+00 9.072226238331435112e-51
7.568500000000000227e+00 8.935938547296817323e-51
7.568999999999999950e+00 8.801689438996244707e-51
7.569500000000000561e+00 8.669448553254976810e-51
7.570000000000000284e+00 8.539185980050637864e-51
7.570500000000000007e+00 8.410872252867297407e-51
7.570999999999999730e+00 8.284478342149421726e-51
7.571500000000000341e+00 8.159975648851032608e-51
7.572000000000000064e+00 8.037335998080467470e-51
7.572499999999999787e+00 7.916531632836131949e-51
7.573000000000000398e+00 7.797535207837332807e-51
7.573500000000000121e+00 7.680319783445140678e-51
7.573999999999999844e+00 7.564858819670007889e-51
7.574500000000000455e+00 7.451126170270985272e-51
7.575000000000000178e+00 7.339096076939938558e-51
7.575499999999999901e+00 7.228743163570958989e-51
7.576000000000000512e+00 7.120042430614792517e-51
7.576500000000000234e+00 7.012969249516667367e-51
7.576999999999999957e+00 6.907499357234506347e-51
7.577500000000000568e+00 6.803608850838481733e-51
7.578000000000000291e+00 6.701274182191344223e-51
7.578500000000000014e+00 6.600472152704191781e-51
7.578999999999999737e+00 6.501179908171705716e-51
7.579500000000000348e+00 6.403374933682578598e-51
7.580000000000000071e+00 6.307035048604912047e-51
7.580499999999999794e+00 6.212138401644858593e-51
7.581000000000000405e+00 6.118663465978613236e-51
7.581500000000000128e+00 6.026589034456443121e-51
7.581999999999999851e+00 5.935894214875659795e-51
7.582500000000000462e+00 5.846558425324639669e-51
7.583000000000000185e+00 5.758561389595665979e-51
7.583499999999999908e+00 5.671883132663305602e-51
7.584000000000000519e+00 5.586503976231171755e-51
7.584500000000000242e+00 5.502404534344133720e-51
7.584999999999999964e+00 5.419565709063695817e-51
7.585500000000000576e+00 5.337968686208401448e-51
7.586000000000000298e+00 5.257594931157240222e-51
7.586500000000000021e+00 5.178426184713019594e-51
7.586999999999999744e+00 5.100444459028478467e-51
7.587500000000000355e+00 5.023632033591427620e-51
7.588000000000000078e+00 4.947971451269804791e-51
7.588499999999999801e+00 4.873445514413843227e-51
7.589000000000000412e+00 4.800037281016590498e-51
7.589500000000000135e+00 4.727730060930893299e-51
7.589999999999999858e+00 4.656507412141443487e-51
7.590500000000000469e+00 4.586353137092625418e-51
7.591000000000000192e+00 4.517251279070057153e-51
7.591499999999999915e+00 4.449186118635195871e-51
7.592000000000000526e+00 4.382142170112628250e-51
7.592500000000000249e+00 4.316104178130055310e-51
7.592999999999999972e+00 4.251057114207399616e-51
7.593500000000000583e+00 4.186986173397929788e-51
7.594000000000000306e+00 4.123876770978145350e-51
7.594500000000000028e+00 4.061714539186222499e-51
7.594999999999999751e+00 4.000485324009084313e-51
7.595500000000000362e+00 3.940175182016422971e-51
7.596000000000000085e+00 3.880770377242028301e-51
7.596499999999999808e+00 3.822257378109918793e-51
7.597000000000000419e+00 3.764622854407095255e-51
7.597500000000000142e+00 3.707853674300304048e-51
7.597999999999999865e+00 3.651936901396609316e-51
7.598500000000000476e+00 3.596859791847632359e-51
7.599000000000000199e+00 3.542609791497011272e-51
7.599499999999999922e+00 3.489174533068406662e-51
7.600000000000000533e+00 3.436541833396677173e-51
7.600500000000000256e+00 3.384699690699074094e-51
7.600999999999999979e+00 3.333636281886526839e-51
7.601500000000000590e+00 3.283339959915173016e-51
7.602000000000000313e+00 3.233799251176720629e-51
7.602500000000000036e+00 3.185002852926872662e-51
7.602999999999999758e+00 3.136939630752571327e-51
7.603500000000000369e+00 3.089598616075848912e-51
7.604000000000000092e+00 3.042969003695238348e-51
7.604499999999999815e+00 2.997040149362506099e-51
7.605000000000000426e+00 2.951801567396169108e-51
7.605500000000000149e+00 2.907242928329751860e-51
7.605999999999999872e+00 2.863354056594611472e-51
7.606500000000000483e+00 2.820124928237269682e-51
7.607000000000000206e+00 2.777545668670642815e-51
7.607499999999999929e+00 2.735606550457681319e-51
7.608000000000000540e+00 2.694297991128662180e-51
7.608500000000000263e+00 2.653610551030273099e-51
7.608999999999999986e+00 2.613534931206318682e-51
7.609500000000000597e+00 2.574061971310007111e-51
7.610000000000000320e+00 2.535182647547246374e-51
7.610500000000000043e+00 2.496888070649599304e-51
7.610999999999999766e+00 2.459169483878059157e-51
7.611500000000000377e+00 2.422018261055707736e-51
7.612000000000000099e+00 2.385425904629828470e-51
7.612499999999999822e+00 2.349384043762248637e-51
7.613000000000000433e+00 2.313884432448343052e-51
7.613500000000000156e+00 2.278918947663631301e-51
7.613999999999999879e+00 2.244479587537641180e-51
7.614500000000000490e+00 2.210558469554837489e-51
7.615000000000000213e+00 2.177147828782614071e-51
7.615499999999999936e+00 2.144240016124537244e-51
7.616000000000000547e+00 2.111827496600294322e-51
7.616500000000000270e+00 2.079902847650694125e-51
7.616999999999999993e+00 2.048458757467615898e-51
7.617499999999999716e+00 2.017488023348923564e-51
7.618000000000000327e+00 1.986983550077502281e-51
7.618500000000000050e+00 1.956938348324578724e-51
7.618999999999999773e+00 1.927345533076067827e-51
7.619500000000000384e+00 1.898198322082841225e-51
7.620000000000000107e+00 1.869490034333609107e-51
7.620499999999999829e+00 1.841214088550288744e-51
7.621000000000000441e+00 1.813364001705801862e-51
7.621500000000000163e+00 1.785933387564048602e-51
7.621999999999999886e+00 1.758915955240717437e-51
7.622500000000000497e+00 1.732305507786239934e-51
7.623000000000000220e+00 1.706095940789299561e-51
7.623499999999999943e+00 1.680281241000916806e-51
7.624000000000000554e+00 1.654855484979194559e-51
7.624500000000000277e+00 1.629812837753991441e-51
7.625000000000000000e+00 1.605147551511137301e-51
7.625499999999999723e+00 1.580853964296565071e-51
7.626000000000000334e+00 1.556926498739236727e-51
7.626500000000000057e+00 1.533359660793337244e-51
7.626999999999999780e+00 1.510148038498624661e-51
7.627500000000000391e+00 1.487286300759519655e-51
7.628000000000000114e+00 1.464769196142345598e-51
7.628499999999999837e+00 1.442591551689877841e-51
7.629000000000000448e+00 1.420748271753916477e-51
7.629500000000000171e+00 1.399234336845120867e-51
7.629999999999999893e+00 1.378044802499519856e-51
7.630500000000000504e+00 1.357174798162157042e-51
7.631000000000000227e+00 1.336619526087344389e-51
7.631499999999999950e+00 1.316374260254749103e-51
7.632000000000000561e+00 1.296434345301962737e-51
7.632500000000000284e+00 1.276795195472864540e-51
7.633000000000000007e+00 1.257452293581215698e-51
7.633499999999999730e+00 1.238401189990075565e-51
7.634000000000000341e+00 1.219637501605924303e-51
7.634500000000000064e+00 1.201156910888155874e-51
7.634999999999999787e+00 1.182955164872694215e-51
7.635500000000000398e+00 1.165028074210569372e-51
7.636000000000000121e+00 1.147371512220534920e-51
7.636499999999999844e+00 1.129981413955687178e-51
7.637000000000000455e+00 1.112853775283957165e-51
7.637500000000000178e+00 1.095984651982474825e-51
7.637999999999999901e+00 1.079370158844885815e-51
7.638500000000000512e+00 1.063006468802350058e-51
7.639000000000000234e+00 1.046889812057385430e-51
7.639499999999999957e+00 1.031016475230500495e-51
7.640000000000000568e+00 1.015382800519606196e-51
7.640500000000000291e+00 9.999851848718787540e-52
7.641000000000000014e+00 9.848200791678504883e-52
7.641499999999999737e+00 9.698839874175927974e-52
7.642000000000000348e+00 9.551734659689381820e-52
7.642500000000000071e+00 9.406851227273763281e-52
7.642999999999999794e+00 9.264156163874635658e-52
7.643500000000000405e+00 9.123616556757302738e-52
7.644000000000000128e+00 8.985199986048759913e-52
7.644499999999999851e+00 8.848874517388509022e-52
7.645000000000000462e+00 8.714608694689386758e-52
7.645500000000000185e+00 8.582371533007598042e-52
7.645999999999999908e+00 8.452132511514955828e-52
7.646500000000000519e+00 8.323861566578223498e-52
7.647000000000000242e+00 8.197529084941614729e-52
7.647499999999999964e+00 8.073105897007099186e-52
7.648000000000000576e+00 7.950563270218282616e-52
7.648500000000000298e+00 7.829872902541178812e-52
7.649000000000000021e+00 7.711006916040374951e-52
7.649499999999999744e+00 7.593937850552743112e-52
7.650000000000000355e+00 7.478638657453656431e-52
7.650500000000000078e+00 7.365082693517638681e-52
7.650999999999999801e+00 7.253243714866911641e-52
7.651500000000000412e+00 7.143095871013237917e-52
7.652000000000000135e+00 7.034613698986998342e-52
7.652499999999999858e+00 6.927772117552683504e-52
7.653000000000000469e+00 6.822546421510992265e-52
7.653500000000000192e+00 6.718912276087029858e-52
7.653999999999999915e+00 6.616845711398595910e-52
7.654500000000000526e+00 6.516323117009816836e-52
7.655000000000000249e+00 6.417321236565071431e-52
7.655499999999999972e+00 6.319817162500576843e-52
7.656000000000000583e+00 6.223788330837013291e-52
7.656500000000000306e+00 6.129212516049401897e-52
7.657000000000000028e+00 6.036067826011233406e-52
7.657499999999999751e+00 5.944332697015889351e-52
7.658000000000000362e+00 5.853985888870871214e-52
7.658500000000000085e+00 5.765006480066399184e-52
7.658999999999999808e+00 5.677373863013285521e-52
7.659500000000000419e+00 5.591067739354295463e-52
7.660000000000000142e+00 5.506068115344288675e-52
7.660499999999999865e+00 5.422355297298076718e-52
7.661000000000000476e+00 5.339909887107271000e-52
7.661500000000000199e+00 5.258712777824162770e-52
7.661999999999999922e+00 5.178745149309110645e-52
7.662500000000000533e+00 5.099988463945122640e-52
7.663000000000000256e+00 5.022424462415330750e-52
7.663499999999999979e+00 4.946035159542310614e-52
7.664000000000000590e+00 4.870802840190905755e-52
7.664500000000000313e+00 4.796710055231218851e-52
7.665000000000000036e+00 4.723739617561424341e-52
7.665499999999999758e+00 4.651874598190403110e-52
7.666000000000000369e+00 4.581098322378205181e-52
7.666500000000000092e+00 4.511394365834692045e-52
7.666999999999999815e+00 4.442746550973404623e-52
7.667500000000000426e+00 4.375138943222630151e-52
7.668000000000000149e+00 4.308555847390992171e-52
7.668499999999999872e+00 4.242981804086292115e-52
7.669000000000000483e+00 4.178401586188744905e-52
7.669500000000000206e+00 4.114800195376644932e-52
7.669999999999999929e+00 4.052162858703009133e-52
7.670500000000000540e+00 3.990475025223643024e-52
7.671000000000000263e+00 3.929722362676206085e-52
7.671499999999999986e+00 3.869890754207114042e-52
7.672000000000000597e+00 3.810966295148446438e-52
7.672500000000000320e+00 3.752935289843070912e-52
7.673000000000000043e+00 3.695784248515493839e-52
7.673499999999999766e+00 3.639499884191191768e-52
7.674000000000000377e+00 3.584069109660592066e-52
7.674500000000000099e+00 3.529479034489206469e-52
7.674999999999999822e+00 3.475716962071186085e-52
7.675500000000000433e+00 3.422770386727959567e-52
7.676000000000000156e+00 3.370626990849567968e-52
7.676499999999999879e+00 3.319274642078404715e-52
7.677000000000000490e+00 3.268701390535299515e-52
7.677500000000000213e+00 3.218895466087170589e-52
7.677999999999999936e+00 3.169845275654490417e-52
7.678500000000000547e+00 3.121539400559961870e-52
7.679000000000000270e+00 3.073966593916218903e-52
7.679499999999999993e+00 3.027115778052309227e-52
7.679999999999999716e+00 2.980976041978915921e-52
7.680500000000000327e+00 2.935536638891287216e-52
7.681000000000000050e+00 2.890786983709411150e-52
7.681499999999999773e+00 2.846716650654675837e-52
7.682000000000000384e+00 2.803315370862768671e-52
7.682500000000000107e+00 2.760573030032787410e-52
7.682999999999999829e+00 2.718479666110221863e-52
7.683500000000000441e+00 2.677025467005625565e-52
7.684000000000000163e+00 2.636200768346843898e-52
7.684499999999999886e+00 2.595996051264680704e-52
7.685000000000000497e+00 2.556401940211688110e-52
7.685500000000000220e+00 2.517409200814023554e-52
7.685999999999999943e+00 2.479008737754484543e-52
7.686500000000000554e+00 2.441191592687626937e-52
7.687000000000000277e+00 2.403948942186281278e-52
7.687500000000000000e+00 2.367272095718052135e-52
7.687999999999999723e+00 2.331152493652558221e-52
7.688500000000000334e+00 2.295581705298148839e-52
7.689000000000000057e+00 2.260551426968262444e-52
7.689499999999999780e+00 2.226053480076170277e-52
7.690000000000000391e+00 2.192079809258408484e-52
7.690500000000000114e+00 2.158622480526666895e-52
7.690999999999999837e+00 2.125673679446374810e-52
7.691500000000000448e+00 2.093225709343213402e-52
7.692000000000000171e+00 2.061270989536345901e-52
7.692499999999999893e+00 2.029802053597648574e-52
7.693000000000000504e+00 1.998811547637172091e-52
7.693500000000000227e+00 1.968292228614609257e-52
7.693999999999999950e+00 1.938236962675162639e-52
7.694500000000000561e+00 1.908638723510916694e-52
7.695000000000000284e+00 1.879490590746782278e-52
7.695500000000000007e+00 1.850785748349786526e-52
7.695999999999999730e+00 1.822517483063051578e-52
7.696500000000000341e+00 1.794679182862566747e-52
7.697000000000000064e+00 1.767264335437468900e-52
7.697499999999999787e+00 1.740266526692476806e-52
7.698000000000000398e+00 1.713679439273305135e-52
7.698500000000000121e+00 1.687496851113835915e-52
7.698999999999999844e+00 1.661712634004920784e-52
7.699500000000000455e+00 1.636320752184758577e-52
7.700000000000000178e+00 1.611315260950434869e-52
7.700499999999999901e+00 1.586690305289903684e-52
7.701000000000000512e+00 1.562440118534595925e-52
7.701500000000000234e+00 1.538559021032488150e-52
7.701999999999999957e+00 1.515041418840374276e-52
7.702500000000000568e+00 1.491881802436211890e-52
7.703000000000000291e+00 1.469074745450699666e-52
7.703500000000000014e+00 1.446614903417431424e-52
7.703999999999999737e+00 1.424497012542276297e-52
7.704500000000000348e+00 1.402715888490696070e-52
7.705000000000000071e+00 1.381266425193734094e-52
7.705499999999999794e+00 1.360143593671232734e-52
7.706000000000000405e+00 1.339342440873220728e-52
7.706500000000000128e+00 1.318858088538397942e-52
7.706999999999999851e+00 1.298685732069637044e-52
7.707500000000000462e+00 1.278820639426467035e-52
7.708000000000000185e+00 1.259258150034115222e-52
7.708499999999999908e+00 1.239993673708809255e-52
7.709000000000000519e+00 1.221022689599135378e-52
7.709500000000000242e+00 1.202340745143494079e-52
7.709999999999999964e+00 1.183943455042815608e-52
7.710500000000000576e+00 1.165826500248887534e-52
7.711000000000000298e+00 1.147985626967894872e-52
7.711500000000000021e+00 1.130416645678553347e-52
7.711999999999999744e+00 1.113115430165360442e-52
7.712500000000000355e+00 1.096077916565955351e-52
7.713000000000000078e+00 1.079300102433159589e-52
7.713499999999999801e+00 1.062778045810584405e-52
7.714000000000000412e+00 1.046507864322448523e-52
7.714500000000000135e+00 1.030485734276993288e-52
7.714999999999999858e+00 1.014707889783127426e-52
7.715500000000000469e+00 9.991706218805015540e-53
7.716000000000000192e+00 9.838702776826018038e-53
7.716499999999999915e+00 9.688032595325443370e-53
7.717000000000000526e+00 9.539660241717070439e-53
7.717500000000000249e+00 9.393550819207492516e-53
7.717999999999999972e+00 9.249669958727742598e-53
7.718500000000000583e+00 9.107983810988192382e-53
7.719000000000000306e+00 8.968459038651810148e-53
7.719500000000000028e+00 8.831062808623003071e-53
7.719999999999999751e+00 8.695762784454410437e-53
7.720500000000000362e+00 8.562527118866612507e-53
7.721000000000000085e+00 8.431324446380172693e-53
7.721499999999999808e+00 8.302123876057429582e-53
7.722000000000000419e+00 8.174894984354014690e-53
7.722500000000000142e+00 8.049607808078147699e-53
7.722999999999999865e+00 7.926232837453225660e-53
7.723500000000000476e+00 7.804741009287029626e-53
7.724000000000000199e+00 7.685103700242792567e-53
7.724499999999999922e+00 7.567292720209131546e-53
7.725000000000000533e+00 7.451280305772352130e-53
7.725500000000000256e+00 7.337039113786070307e-53
7.725999999999999979e+00 7.224542215034833119e-53
7.726500000000000590e+00 7.113763087996196450e-53
7.727000000000000313e+00 7.004675612694730859e-53
7.727500000000000036e+00 6.897254064647977705e-53
7.727999999999999758e+00 6.791473108904105195e-53
7.728500000000000369e+00 6.687307794168838529e-53
7.729000000000000092e+00 6.584733547020558803e-53
7.729499999999999815e+00 6.483726166211779132e-53
7.730000000000000426e+00 6.384261817056387803e-53
7.730500000000000149e+00 6.286317025902437795e-53
7.730999999999999872e+00 6.189868674685730210e-53
7.731500000000000483e+00 6.094893995566406972e-53
7.732000000000000206e+00 6.001370565646752871e-53
7.732499999999999929e+00 5.909276301766688797e-53
7.733000000000000540e+00 5.818589455378574280e-53
7.733500000000000263e+00 5.729288607499295063e-53
7.733999999999999986e+00 5.641352663736544987e-53
7.734500000000000597e+00 5.554760849391716898e-53
7.735000000000000320e+00 5.469492704635457829e-53
7.735500000000000043e+00 5.385528079755407187e-53
7.735999999999999766e+00 5.302847130476051182e-53
7.736500000000000377e+00 5.221430313348372464e-53
7.737000000000000099e+00 5.141258381209521214e-53
7.737499999999999822e+00 5.062312378709609904e-53
7.738000000000000433e+00 4.984573637906283580e-53
7.738500000000000156e+00 4.908023773926487987e-53
7.738999999999999879e+00 4.832644680691394351e-53
7.739500000000000490e+00 4.758418526707152362e-53
7.740000000000000213e+00 4.685327750919177224e-53
7.740499999999999936e+00 4.613355058626802184e-53
7.741000000000000547e+00 4.542483417461533743e-53
7.741500000000000270e+00 4.472696053425001903e-53
7.741999999999999993e+00 4.403976446985689280e-53
7.742500000000000604e+00 4.336308329235446125e-53
7.743000000000000327e+00 4.269675678103734504e-53
7.743500000000000050e+00 4.204062714627948261e-53
7.743999999999999773e+00 4.139453899280702665e-53
7.744500000000000384e+00 4.075833928351893287e-53
7.745000000000000107e+00 4.013187730385815241e-53
7.745499999999999829e+00 3.951500462670678687e-53
7.746000000000000441e+00 3.890757507782271315e-53
7.746500000000000163e+00 3.830944470178988237e-53
7.746999999999999886e+00 3.772047172847888041e-53
7.747500000000000497e+00 3.714051654001615964e-53
7.748000000000000220e+00 3.656944163825239075e-53
7.748499999999999943e+00 3.600711161271305775e-53
7.749000000000000554e+00 3.545339310903527420e-53
7.749500000000000277e+00 3.490815479788678240e-53
7.750000000000000000e+00 3.437126734433814799e-53
7.750499999999999723e+00 3.384260337770868047e-53
7.751000000000000334e+00 3.332203746185945209e-53
7.751500000000000057e+00 3.280944606594170537e-53
7.751999999999999780e+00 3.230470753557105416e-53
7.752500000000000391e+00 3.180770206445098563e-53
7.753000000000000114e+00 3.131831166641829362e-53
7.753499999999999837e+00 3.083642014790341918e-53
7.754000000000000448e+00 3.036191308081545352e-53
7.754500000000000171e+00 2.989467777583058662e-53
7.754999999999999893e+00 2.943460325608133101e-53
7.755500000000000504e+00 2.898158023124515741e-53
7.756000000000000227e+00 2.853550107202547635e-53
7.756499999999999950e+00 2.809625978500933602e-53
7.757000000000000561e+00 2.766375198791102130e-53
7.757500000000000284e+00 2.723787488519052370e-53
7.758000000000000007e+00 2.681852724402803944e-53
7.758499999999999730e+00 2.640560937067359813e-53
7.759000000000000341e+00 2.599902308714602445e-53
7.759500000000000064e+00 2.559867170828582305e-53
7.759999999999999787e+00 2.520446001914962098e-53
7.760500000000000398e+00 2.481629425275157865e-53
7.761000000000000121e+00 2.443408206813850871e-53
7.761499999999999844e+00 2.405773252879061224e-53
7.762000000000000455e+00 2.368715608135400811e-53
7.762500000000000178e+00 2.332226453469338994e-53
7.762999999999999901e+00 2.296297103925627502e-53
7.763500000000000512e+00 2.260919006675086652e-53
7.764000000000000234e+00 2.226083739013495123e-53
7.764499999999999957e+00 2.191783006389688336e-53
7.765000000000000568e+00 2.158008640464309251e-53
7.765500000000000291e+00 2.124752597197452023e-53
7.766000000000000014e+00 2.092006954965071018e-53
7.766499999999999737e+00 2.059763912703931939e-53
7.767000000000000348e+00 2.028015788084645114e-53
7.767500000000000071e+00 1.996755015712253328e-53
7.767999999999999794e+00 1.965974145353694462e-53
7.768500000000000405e+00 1.935665840192188814e-53
7.769000000000000128e+00 1.905822875108358879e-53
7.769499999999999851e+00 1.876438134986488992e-53
7.770000000000000462e+00 1.847504613046988174e-53
7.770500000000000185e+00 1.819015409203989585e-53
7.770999999999999908e+00 1.790963728447242493e-53
7.771500000000000519e+00 1.763342879249042540e-53
7.772000000000000242e+00 1.736146271994918781e-53
7.772499999999999964e+00 1.709367417437925416e-53
7.773000000000000576e+00 1.682999925176425776e-53
7.773500000000000298e+00 1.657037502155098030e-53
7.774000000000000021e+00 1.631473951187864616e-53
7.774499999999999744e+00 1.606303169503940689e-53
7.775000000000000355e+00 1.581519147315323175e-53
7.775500000000000078e+00 1.557115966406175036e-53
7.775999999999999801e+00 1.533087798743380753e-53
7.776500000000000412e+00 1.509428905108052339e-53
7.777000000000000135e+00 1.486133633748018558e-53
7.777499999999999858e+00 1.463196419050237448e-53
7.778000000000000469e+00 1.440611780233552689e-53
7.778500000000000192e+00 1.418374320061284707e-53
7.778999999999999915e+00 1.396478723572863234e-53
7.779500000000000526e+00 1.374919756835105894e-53
7.780000000000000249e+00 1.353692265712139737e-53
7.780499999999999972e+00 1.332791174653843061e-53
7.781000000000000583e+00 1.312211485502740543e-53
7.781500000000000306e+00 1.291948276319024790e-53
7.782000000000000028e+00 1.271996700222968274e-53
7.782499999999999751e+00 1.252351984255304052e-53
7.783000000000000362e+00 1.233009428254416378e-53
7.783500000000000085e+00 1.213964403750974319e-53
7.783999999999999808e+00 1.195212352878735424e-53
7.784500000000000419e+00 1.176748787302228134e-53
7.785000000000000142e+00 1.158569287160610274e-53
7.785499999999999865e+00 1.140669500027267331e-53
7.786000000000000476e+00 1.123045139885355674e-53
7.786500000000000199e+00 1.105691986118899878e-53
7.786999999999999922e+00 1.088605882518850659e-53
7.787500000000000533e+00 1.071782736304471335e-53
7.788000000000000256e+00 1.055218517159508263e-53
7.788499999999999979e+00 1.038909256282734324e-53
7.789000000000000590e+00 1.022851045453043169e-53
7.789500000000000313e+00 1.007040036108748442e-53
7.790000000000000036e+00 9.914724384405403058e-54
7.790499999999999758e+00 9.761445204984626496e-54
7.791000000000000369e+00 9.610526073122210642e-54
7.791500000000000092e+00 9.461930800250281489e-54
7.791999999999999815e+00 9.315623750402053562e-54
7.792500000000000426e+00 9.171569831810081566e-54
7.793000000000000149e+00 9.029734488631516407e-54
7.793499999999999872e+00 8.890083692796196217e-54
7.794000000000000483e+00 8.752583935981047440e-54
7.794500000000000206e+00 8.617202221705206663e-54
7.794999999999999929e+00 8.483906057543132301e-54
7.795500000000000540e+00 8.352663447457798350e-54
7.796000000000000263e+00 8.223442884249930655e-54
7.796499999999999986e+00 8.096213342119413050e-54
7.797000000000000597e+00 7.970944269341973309e-54
7.797500000000000320e+00 7.847605581056056853e-54
7.798000000000000043e+00 7.726167652157451751e-54
7.798499999999999766e+00 7.606601310303696933e-54
7.799000000000000377e+00 7.488877829023051781e-54
7.799500000000000099e+00 7.372968920929722874e-54
7.799999999999999822e+00 7.258846731038599464e-54
7.800500000000000433e+00 7.146483830184739258e-54
7.801000000000000156e+00 7.035853208541362589e-54
7.801499999999999879e+00 6.926928269234734544e-54
7.802000000000000490e+00 6.819682822058043470e-54
7.802500000000000213e+00 6.714091077279462036e-54
7.802999999999999936e+00 6.610127639543713891e-54
7.803500000000000547e+00 6.507767501866786612e-54
7.804000000000000270e+00 6.406986039722151917e-54
7.804499999999999993e+00 6.307759005214803667e-54
7.805000000000000604e+00 6.210062521345787728e-54
7.805500000000000327e+00 6.113873076362677636e-54
7.806000000000000050e+00 6.019167518195404878e-54
7.806499999999999773e+00 5.925923048977280370e-54
7.807000000000000384e+00 5.834117219648435656e-54
7.807500000000000107e+00 5.743727924642463917e-54
7.807999999999999829e+00 5.654733396651098042e-54
7.808500000000000441e+00 5.567112201470979225e-54
7.809000000000000163e+00 5.480843232927665148e-54
7.809499999999999886e+00 5.395905707875667610e-54
7.810000000000000497e+00 5.312279161275705403e-54
7.810500000000000220e+00 5.229943441346559754e-54
7.810999999999999943e+00 5.148878704789448799e-54
7.811500000000000554e+00 5.069065412085820004e-54
7.812000000000000277e+00 4.990484322866764454e-54
7.812500000000000000e+00 4.913116491351373118e-54
7.812999999999999723e+00 4.836943261855778989e-54
7.813500000000000334e+00 4.761946264369461619e-54
7.814000000000000057e+00 4.688107410199803372e-54
7.814499999999999780e+00 4.615408887681023575e-54
7.815000000000000391e+00 4.543833157949768855e-54
7.815500000000000114e+00 4.473362950784753347e-54
7.815999999999999837e+00 4.403981260508371615e-54
7.816500000000000448e+00 4.335671341951970839e-54
7.817000000000000171e+00 4.268416706482002073e-54
7.817499999999999893e+00 4.202201118085685146e-54
7.818000000000000504e+00 4.137008589517190990e-54
7.818500000000000227e+00 4.072823378502335549e-54
7.818999999999999950e+00 4.009629983999837906e-54
7.819500000000000561e+00 3.947413142520669814e-54
7.820000000000000284e+00 3.886157824502963898e-54
7.820500000000000007e+00 3.825849230741239145e-54
7.820999999999999730e+00 3.766472788870952083e-54
7.821500000000000341e+00 3.708014149905760430e-54
7.822000000000000064e+00 3.650459184828317532e-54
7.822499999999999787e+00 3.593793981231262222e-54
7.823000000000000398e+00 3.538004840010941992e-54
7.823500000000000121e+00 3.483078272110820407e-54
7.823999999999999844e+00 3.429000995313690131e-54
7.824500000000000455e+00 3.375759931083767830e-54
7.825000000000000178e+00 3.323342201456247202e-54
7.825499999999999901e+00 3.271735125973965878e-54
7.826000000000000512e+00 3.220926218670999007e-54
7.826500000000000234e+00 3.170903185102342613e-54
7.826999999999999957e+00 3.121653919417862862e-54
7.827500000000000568e+00 3.073166501481802480e-54
7.828000000000000291e+00 3.025429194035593327e-54
7.828500000000000014e+00 2.978430439903665036e-54
7.828999999999999737e+00 2.932158859242152941e-54
7.829500000000000348e+00 2.886603246829168243e-54
7.830000000000000071e+00 2.841752569396702271e-54
7.830499999999999794e+00 2.797595963002488173e-54
7.831000000000000405e+00 2.754122730442330618e-54
7.831500000000000128e+00 2.711322338701983752e-54
7.831999999999999851e+00 2.669184416447047945e-54
7.832500000000000462e+00 2.627698751551795225e-54
7.833000000000000185e+00 2.586855288665545502e-54
7.833499999999999908e+00 2.546644126815604268e-54
7.834000000000000519e+00 2.507055517046969245e-54
7.834500000000000242e+00 2.468079860098423478e-54
7.834999999999999964e+00 2.429707704113152737e-54
7.835500000000000576e+00 2.391929742384696582e-54
7.836000000000000298e+00 2.354736811137484876e-54
7.836500000000000021e+00 2.318119887340526490e-54
7.836999999999999744e+00 2.282070086554905973e-54
7.837500000000000355e+00 2.246578660813795179e-54
7.838000000000000078e+00 2.211636996535107649e-54
7.838499999999999801e+00 2.177236612465281345e-54
7.839000000000000412e+00 2.143369157655115012e-54
7.839500000000000135e+00 2.110026409466087546e-54
7.839999999999999858e+00 2.077200271606937826e-54
7.840500000000000469e+00 2.044882772200343877e-54
7.841000000000000192e+00 2.013066061879349002e-54
7.841499999999999915e+00 1.981742411911918476e-54
7.842000000000000526e+00 1.950904212355042377e-54
7.842500000000000249e+00 1.920543970236497806e-54
7.842999999999999972e+00 1.890654307764250479e-54
7.843500000000000583e+00 1.861227960563315170e-54
7.844000000000000306e+00 1.832257775939755951e-54
7.844500000000000028e+00 1.803736711170355879e-54
7.844999999999999751e+00 1.775657831819258404e-54
7.845500000000000362e+00 1.748014310079673448e-54
7.846000000000000085e+00 1.720799423141299591e-54
7.846499999999999808e+00 1.694006551582118339e-54
7.847000000000000419e+00 1.667629177785136580e-54
7.847500000000000142e+00 1.641660884379361448e-54
7.847999999999999865e+00 1.616095352703981790e-54
7.848500000000000476e+00 1.590926361296503555e-54
7.849000000000000199e+00 1.566147784403905457e-54
7.849499999999999922e+00 1.541753590516108406e-54
7.850000000000000533e+00 1.517737840922200624e-54
7.850500000000000256e+00 1.494094688288767320e-54
7.850999999999999979e+00 1.470818375259394422e-54
7.851500000000000590e+00 1.447903233076022139e-54
7.852000000000000313e+00 1.425343680221299878e-54
7.852500000000000036e+00 1.403134221081275434e-54
7.852999999999999758e+00 1.381269444629001785e-54
7.853500000000000369e+00 1.359744023127774568e-54
7.854000000000000092e+00 1.338552710854673403e-54
7.854499999999999815e+00 1.317690342842983661e-54
7.855000000000000426e+00 1.297151833644248324e-54
7.855500000000000149e+00 1.276932176109279410e-54
7.855999999999999872e+00 1.257026440187249880e-54
7.856500000000000483e+00 1.237429771743712505e-54
7.857000000000000206e+00 1.218137391396455660e-54
7.857499999999999929e+00 1.199144593368914823e-54
7.858000000000000540e+00 1.180446744361376238e-54
7.858500000000000263e+00 1.162039282439496484e-54
7.858999999999999986e+00 1.143917715939314539e-54
7.859500000000000597e+00 1.126077622389524834e-54
7.860000000000000320e+00 1.108514647450025029e-54
7.860500000000000043e+00 1.091224503866457717e-54
7.860999999999999766e+00 1.074202970441107983e-54
7.861500000000000377e+00 1.057445891019161279e-54
7.862000000000000099e+00 1.040949173490851916e-54
7.862499999999999822e+00 1.024708788808386952e-54
7.863000000000000433e+00 1.008720770018244581e-54
7.863500000000000156e+00 9.929812113082231511e-55
7.863999999999999879e+00 9.774862670688694352e-55
7.864500000000000490e+00 9.622321509693583147e-55
7.865000000000000213e+00 9.472151350476853667e-55
7.865499999999999936e+00 9.324315488143722608e-55
7.866000000000000547e+00 9.178777783701891885e-55
7.866500000000000270e+00 9.035502655373335970e-55
7.866999999999999993e+00 8.894455070037251687e-55
7.867500000000000604e+00 8.755600534804774652e-55
7.868000000000000327e+00 8.618905088724291658e-55
7.868500000000000050e+00 8.484335294609947949e-55
7.868999999999999773e+00 8.351858230998152554e-55
7.869500000000000384e+00 8.221441484226081710e-55
7.870000000000000107e+00 8.093053140631470442e-55
7.870499999999999829e+00 7.966661778871037880e-55
7.871000000000000441e+00 7.842236462357231904e-55
7.871500000000000163e+00 7.719746731811237124e-55
7.871999999999999886e+00 7.599162597927682119e-55
7.872500000000000497e+00 7.480454534154145156e-55
7.873000000000000220e+00 7.363593469579909081e-55
7.873499999999999943e+00 7.248550781933143829e-55
7.874000000000000554e+00 7.135298290685992064e-55
7.874500000000000277e+00 7.023808250265680156e-55
7.875000000000000000e+00 6.914053343367516422e-55
7.875499999999999723e+00 6.806006674372649798e-55
7.876000000000000334e+00 6.699641762864823754e-55
7.876500000000000057e+00 6.594932537247900353e-55
7.876999999999999780e+00 6.491853328459115881e-55
7.877500000000000391e+00 6.390378863780312404e-55
7.878000000000000114e+00 6.290484260743787401e-55
7.878499999999999837e+00 6.192145021130293996e-55
7.879000000000000448e+00 6.095337025059613409e-55
7.879500000000000171e+00 6.000036525172831004e-55
7.879999999999999893e+00 5.906220140901109297e-55
7.880500000000000504e+00 5.813864852824672178e-55
7.881000000000000227e+00 5.722947997117152320e-55
7.881499999999999950e+00 5.633447260074726542e-55
7.882000000000000561e+00 5.545340672729654454e-55
7.882500000000000284e+00 5.458606605546712059e-55
7.883000000000000007e+00 5.373223763199395023e-55
7.883499999999999730e+00 5.289171179427666524e-55
7.884000000000000341e+00 5.206428211973946890e-55
7.884500000000000064e+00 5.124974537596778512e-55
7.884999999999999787e+00 5.044790147160475143e-55
7.885500000000000398e+00 4.965855340800561434e-55
7.886000000000000121e+00 4.888150723163571919e-55
7.886499999999999844e+00 4.811657198718835394e-55
7.887000000000000455e+00 4.736355967142650404e-55
7.887500000000000178e+00 4.662228518774142582e-55
7.887999999999999901e+00 4.589256630138846151e-55
7.888500000000000512e+00 4.517422359542414784e-55
7.889000000000000234e+00 4.446708042732118925e-55
7.889499999999999957e+00 4.377096288623020945e-55
7.890000000000000568e+00 4.308569975091805642e-55
7.890500000000000291e+00 4.241112244834094667e-55
7.891000000000000014e+00 4.174706501285068847e-55
7.891499999999999737e+00 4.109336404603507063e-55
7.892000000000000348e+00 4.044985867716372121e-55
7.892500000000000071e+00 3.981639052425572922e-55
7.892999999999999794e+00 3.919280365572398982e-55
7.893500000000000405e+00 3.857894455262692488e-55
7.894000000000000128e+00 3.797466207149290637e-55
7.894499999999999851e+00 3.737980740770764598e-55
7.895000000000000462e+00 3.679423405947547568e-55
7.895500000000000185e+00 3.621779779232758413e-55
7.895999999999999908e+00 3.565035660417307939e-55
7.896500000000000519e+00 3.509177069089005272e-55
7.897000000000000242e+00 3.454190241244684144e-55
7.897499999999999964e+00 3.400061625953628520e-55
7.898000000000000576e+00 3.346777882072588792e-55
7.898500000000000298e+00 3.294325875011890108e-55
7.899000000000000021e+00 3.242692673549811461e-55
7.899499999999999744e+00 3.191865546697070934e-55
7.900000000000000355e+00 3.141831960608848914e-55
7.900500000000000078e+00 3.092579575544729615e-55
7.900999999999999801e+00 3.044096242874619366e-55
7.901500000000000412e+00 2.996370002131231017e-55
7.902000000000000135e+00 2.949389078107748572e-55
7.902499999999999858e+00 2.903141877999903774e-55
7.903000000000000469e+00 2.857616988591877467e-55
7.903500000000000192e+00 2.812803173486014502e-55
7.903999999999999915e+00 2.768689370374275190e-55
7.904500000000000526e+00 2.725264688352151362e-55
7.905000000000000249e+00 2.682518405273997676e-55
7.905499999999999972e+00 2.640439965148272747e-55
7.906000000000000583e+00 2.599018975573472157e-55
7.906500000000000306e+00 2.558245205213635141e-55
7.907000000000000028e+00 2.518108581311590996e-55
7.907499999999999751e+00 2.478599187241677027e-55
7.908000000000000362e+00 2.439707260099238844e-55
7.908500000000000085e+00 2.401423188327757009e-55
7.908999999999999808e+00 2.363737509381894665e-55
7.909500000000000419e+00 2.326640907426727669e-55
7.910000000000000142e+00 2.290124211072813850e-55
7.910499999999999865e+00 2.254178391145123619e-55
7.911000000000000476e+00 2.218794558487018594e-55
7.911500000000000199e+00 2.183963961798110057e-55
7.911999999999999922e+00 2.149677985504463935e-55
7.912500000000000533e+00 2.115928147662598310e-55
7.913000000000000256e+00 2.082706097895221457e-55
7.913499999999999979e+00 2.050003615358607150e-55
7.914000000000000590e+00 2.017812606741602921e-55
7.914500000000000313e+00 1.986125104295239252e-55
7.915000000000000036e+00 1.954933263892543821e-55
7.915499999999999758e+00 1.924229363118329305e-55
7.916000000000000369e+00 1.894005799388458154e-55
7.916500000000000092e+00 1.864255088098067425e-55
7.916999999999999815e+00 1.834969860797869473e-55
7.917500000000000426e+00 1.806142863399111344e-55
7.918000000000000149e+00 1.777766954405866008e-55
7.918499999999999872e+00 1.749835103174434489e-55
7.919000000000000483e+00 1.722340388199727756e-55
7.919500000000000206e+00 1.695275995428121271e-55
7.919999999999999929e+00 1.668635216595942531e-55
7.920500000000000540e+00 1.642411447593718041e-55
7.921000000000000263e+00 1.616598186855935565e-55
7.921499999999999986e+00 1.591189033774918569e-55
7.922000000000000597e+00 1.566177687139672973e-55
7.922500000000000320e+00 1.541557943598740142e-55
7.923000000000000043e+00 1.517323696146307574e-55
7.923499999999999766e+00 1.493468932632189283e-55
7.924000000000000377e+00 1.469987734294260628e-55
7.924500000000000099e+00 1.446874274314052695e-55
7.924999999999999822e+00 1.424122816393929246e-55
7.925500000000000433e+00 1.401727713356768854e-55
7.926000000000000156e+00 1.379683405766972244e-55
7.926499999999999879e+00 1.357984420572643455e-55
7.927000000000000490e+00 1.336625369768835769e-55
7.927500000000000213e+00 1.315600949081489510e-55
7.927999999999999936e+00 1.294905936671293600e-55
7.928500000000000547e+00 1.274535191857850861e-55
7.929000000000000270e+00 1.254483653863589759e-55
7.929499999999999993e+00 1.234746340576519756e-55
7.930000000000000604e+00 1.215318347332635669e-55
7.930500000000000327e+00 1.196194845716892516e-55
7.931000000000000050e+00 1.177371082382428816e-55
7.931499999999999773e+00 1.158842377888409640e-55
7.932000000000000384e+00 1.140604125555399458e-55
7.932500000000000107e+00 1.122651790338818459e-55
7.932999999999999829e+00 1.104980907719266514e-55
7.933500000000000441e+00 1.087587082610336566e-55
7.934000000000000163e+00 1.070465988283236069e-55
7.934499999999999886e+00 1.053613365307796684e-55
7.935000000000000497e+00 1.037025020509931976e-55
7.935500000000000220e+00 1.020696825945384295e-55
7.935999999999999943e+00 1.004624717888874813e-55
7.936500000000000554e+00 9.888046958391797966e-56
7.937000000000000277e+00 9.732328215396049596e-56
7.937500000000000000e+00 9.579052180131722307e-56
7.937999999999999723e+00 9.428180686131712811e-56
7.938500000000000334e+00 9.279676160880438429e-56
7.939000000000000057e+00 9.133501616609322485e-56
7.939499999999999780e+00 8.989620641231434711e-56
7.940000000000000391e+00 8.847997389419106330e-56
7.940500000000000114e+00 8.708596573817811372e-56
7.940999999999999837e+00 8.571383456395236614e-56
7.941500000000000448e+00 8.436323839924774001e-56
7.942000000000000171e+00 8.303384059601119141e-56
7.942499999999999893e+00 8.172530974782919161e-56
7.943000000000000504e+00 8.043731960865700989e-56
7.943500000000000227e+00 7.916954901278985608e-56
7.943999999999999950e+00 7.792168179606553199e-56
7.944500000000000561e+00 7.669340671829238868e-56
7.945000000000000284e+00 7.548441738687949756e-56
7.945500000000000007e+00 7.429441218163138187e-56
7.945999999999999730e+00 7.312309418071448054e-56
7.946500000000000341e+00 7.197017108776944524e-56
7.947000000000000064e+00 7.083535516015027182e-56
7.947499999999999787e+00 6.971836313825719477e-56
7.948000000000000398e+00 6.861891617597791528e-56
7.948500000000000121e+00 6.753673977220827535e-56
7.948999999999999844e+00 6.647156370340300628e-56
7.949500000000000455e+00 6.542312195720021814e-56
7.950000000000000178e+00 6.439115266706080442e-56
7.950499999999999901e+00 6.337539804790524828e-56
7.951000000000000512e+00 6.237560433276603223e-56
7.951500000000000234e+00 6.139152171040879718e-56
7.951999999999999957e+00 6.042290426391479810e-56
7.952500000000000568e+00 5.946950991021905074e-56
7.953000000000000291e+00 5.853110034058752507e-56
7.953500000000000014e+00 5.760744096199868416e-56
7.953999999999999737e+00 5.669830083944767905e-56
7.954500000000000348e+00 5.580345263913605311e-56
7.955000000000000071e+00 5.492267257254481893e-56
7.955499999999999794e+00 5.405574034136000058e-56
7.956000000000000405e+00 5.320243908326377201e-56
7.956500000000000128e+00 5.236255531856355366e-56
7.956999999999999851e+00 5.153587889763278768e-56
7.957500000000000462e+00 5.072220294918139449e-56
7.958000000000000185e+00 4.992132382932183417e-56
7.958499999999999908e+00 4.913304107141339471e-56
7.959000000000000519e+00 4.835715733669495828e-56
7.959500000000000242e+00 4.759347836568068138e-56
7.959999999999999964e+00 4.684181293029836726e-56
7.960500000000000576e+00 4.610197278677762164e-56
7.961000000000000298e+00 4.537377262926637459e-56
7.961500000000000021e+00 4.465703004415890724e-56
7.961999999999999744e+00 4.395156546514068983e-56
7.962500000000000355e+00 4.325720212891763886e-56
7.963000000000000078e+00 4.257376603164709884e-56
7.963499999999999801e+00 4.190108588602124952e-56
7.964000000000000412e+00 4.123899307903472398e-56
7.964500000000000135e+00 4.058732163040220263e-56
7.964999999999999858e+00 3.994590815160669450e-56
7.965500000000000469e+00 3.931459180559733710e-56
7.966000000000000192e+00 3.869321426711048057e-56
7.966499999999999915e+00 3.808161968359260776e-56
7.967000000000000526e+00 3.747965463674092856e-56
7.967500000000000249e+00 3.688716810463900479e-56
7.967999999999999972e+00 3.630401142446887775e-56
7.968500000000000583e+00 3.573003825581271596e-56
7.969000000000000306e+00 3.516510454452015756e-56
7.969500000000000028e+00 3.460906848712563128e-56
7.969999999999999751e+00 3.406179049583411145e-56
7.970500000000000362e+00 3.352313316403365541e-56
7.971000000000000085e+00 3.299296123235511231e-56
7.971499999999999808e+00 3.247114155524733987e-56
7.972000000000000419e+00 3.195754306807679947e-56
7.972500000000000142e+00 3.145203675473883316e-56
7.972999999999999865e+00 3.095449561576246629e-56
7.973500000000000476e+00 3.046479463691749681e-56
7.974000000000000199e+00 2.998281075831026536e-56
7.974499999999999922e+00 2.950842284394613232e-56
7.975000000000000533e+00 2.904151165177778308e-56
7.975500000000000256e+00 2.858195980421315876e-56
7.975999999999999979e+00 2.812965175907504345e-56
7.976500000000000590e+00 2.768447378102018197e-56
7.977000000000000313e+00 2.724631391339709989e-56
7.977500000000000036e+00 2.681506195053894941e-56
7.977999999999999758e+00 2.639060941048976449e-56
7.978500000000000369e+00 2.597284950815107161e-56
7.979000000000000092e+00 2.556167712884888326e-56
7.979499999999999815e+00 2.515698880230525382e-56
7.980000000000000426e+00 2.475868267701641741e-56
7.980500000000000149e+00 2.436665849503335104e-56
7.980999999999999872e+00 2.398081756712356367e-56
7.981500000000000483e+00 2.360106274832610560e-56
7.982000000000000206e+00 2.322729841388717892e-56
7.982499999999999929e+00 2.285943043555960516e-56
7.983000000000000540e+00 2.249736615828087469e-56
7.983500000000000263e+00 2.214101437720953383e-56
7.983999999999999986e+00 2.179028531511389226e-56
7.984500000000000597e+00 2.144509060011734300e-56
7.985000000000000320e+00 2.110534324378874002e-56
7.985500000000000043e+00 2.077095761956874615e-56
7.985999999999999766e+00 2.044184944153547447e-56
7.986500000000000377e+00 2.011793574349749270e-56
7.987000000000000099e+00 1.979913485841471545e-56
7.987499999999999822e+00 1.948536639813290152e-56
7.988000000000000433e+00 1.917655123343954179e-56
7.988500000000000156e+00 1.887261147442633833e-56
7.988999999999999879e+00 1.857347045115575756e-56
7.989500000000000490e+00 1.827905269462985044e-56
7.990000000000000213e+00 1.798928391805575726e-56
7.990499999999999936e+00 1.770409099839864182e-56
7.991000000000000547e+00 1.742340195822320757e-56
7.991500000000000270e+00 1.714714594782078224e-56
7.991999999999999993e+00 1.687525322760699979e-56
7.992500000000000604e+00 1.660765515079876403e-56
7.993000000000000327e+00 1.634428414636012058e-56
7.993500000000000050e+00 1.608507370220875364e-56
7.993999999999999773e+00 1.582995834868918144e-56
7.994500000000000384e+00 1.557887364229869354e-56
7.995000000000000107e+00 1.533175614966991012e-56
7.995499999999999829e+00 1.508854343179772023e-56
7.996000000000000441e+00 1.484917402851528503e-56
7.996500000000000163e+00 1.461358744321237559e-56
7.996999999999999886e+00 1.438172412778527350e-56
7.997500000000000497e+00 1.415352546782748457e-56
7.998000000000000220e+00 1.392893376804837491e-56
7.998499999999999943e+00 1.370789223791588534e-56
7.999000000000000554e+00 1.349034497752693488e-56
7.999500000000000277e+00 1.327623696369543459e-56
8.000000000000000000e+00 1.306551403625598724e-56
