id,formula,chem_class,crystal_system_relaxed,n_elements,pauling_ionicity,grid_ionicity,ionicity_residual,grid_ionicity_all_targets
Ac2CuGe_225,Ac2CuGe,intermetallic,cubic,3,0.187000675249612,0.992810513440549,0.8058098381909371,0.9907875968892496
Ac2CuIr_225,Ac2CuIr,intermetallic,cubic,3,0.2610315117410557,0.9773811206584707,0.7163496089174151,0.9755431611184588
Ac2GePd_225,Ac2GePd,intermetallic,triclinic,3,0.2610315117410557,0.9046739792021168,0.643642467461061,0.9166872102628209
Ac2HgGe_225,Ac2HgGe,intermetallic,cubic,3,0.187000675249612,0.9395336448099163,0.7525329695603042,0.9437516083784582
Ac2IrAu_225,Ac2IrAu,intermetallic,cubic,3,0.4045274577607302,0.6912739943251381,0.28674653656440796,0.7624390297915753
Ac2IrPd_225,Ac2IrPd,intermetallic,cubic,3,0.2610315117410557,0.7236413332534176,0.4626098215123619,0.7856262690335876
Ac2MgSn_225,Ac2MgSn,intermetallic,cubic,3,0.1688126015638291,0.8155409535163938,0.6467283519525646,0.8518640877079633
Ac2NiIr_225,Ac2NiIr,intermetallic,cubic,3,0.2610315117410557,0.9342386457989225,0.6732071340578667,0.9392076448294407
Ac2O3_164,Ac2O3,oxide,trigonal,2,0.7456133690005962,0.4793818989998163,-0.26623147000077985,0.5972486656055396
Ac2SiPd_225,Ac2SiPd,intermetallic,cubic,3,0.2610315117410557,0.8832110976640041,0.6221795859229484,0.900451430662848
Ac2ZnGe_225,Ac2ZnGe,intermetallic,cubic,3,0.187000675249612,0.9966608245233576,0.8096601492737456,0.9952034287142635
AcAg_221,AcAg,intermetallic,cubic,2,0.1582102508344635,0.9437911244895818,0.7855808736551183,0.9472827541576825
AcAl3_194,AcAl3,intermetallic,hexagonal,2,0.0629559630163498,0.5097441551258522,0.44678819210950244,0.6236352864183204
AcAu3_194,AcAu3,intermetallic,hexagonal,2,0.4045274577607302,0.7066043914320836,0.30207693367135346,0.7724295786879756
AcBr3_176,AcBr3,halide,hexagonal,2,0.5789063401120882,0.5473584967975318,-0.0315478433145564,0.6558700502953689
AcCdRh2_225,AcCdRh2,intermetallic,cubic,3,0.2939717301428602,0.7814119753650329,0.4874402452221727,0.8259150767764194
AcCl3_176,AcCl3,halide,hexagonal,2,0.6538558596267213,0.2653654584305505,-0.38849040119617084,0.40331271202501046
AcClO_129,AcClO,halide,tetragonal,3,0.7456133690005962,0.7510804099290951,0.005467040928498923,0.8035562532640437
AcCuO3_221,AcCuO3,oxide,cubic,3,0.7456133690005962,0.8169864810371207,0.07137311203652452,0.849848232502094
AcF3_139,AcF3,halide,tetragonal,2,0.8742676704055721,0.6249761202388734,-0.24929155016669868,0.7096529153721286
AcH2_225,AcH2,hydride,cubic,2,0.2610315117410557,0.3209739961379673,0.05994248439691158,0.45792025176764567
AcH3_225,AcH3,hydride,cubic,2,0.2610315117410557,0.15480772833026815,-0.10622378341078756,0.2716163394649339
AcHg3_194,AcHg3,intermetallic,orthorhombic,2,0.1833135174018891,0.843461594526147,0.6601480771242579,0.8713968944257146
AcI3_194,AcI3,halide,hexagonal,2,0.4557790736747926,0.9483748836130884,0.4925958099382958,0.9518244294799528
AcMgCd2_225,AcMgCd2,intermetallic,cubic,3,0.0833458210077793,0.9866947009662919,0.9033488799585125,0.9844056974191046
AcMgHg2_225,AcMgHg2,intermetallic,cubic,3,0.1833135174018891,0.9496299666854074,0.7663164492835184,0.9515365191058996
AcMgTl2_225,AcMgTl2,intermetallic,cubic,3,0.0653657474825513,0.7248387016019755,0.6594729541194242,0.7865299732123372
AcMg_221,AcMg,intermetallic,monoclinic,2,0.0109644474225218,0.8101440586978134,0.7991796112752916,0.8477226283318773
AcN_186,AcN,pnictide,hexagonal,2,0.6097235715364788,0.3516898957580274,-0.25803367577845143,0.48799457638580573
AcOF_216,AcOF,halide,cubic,3,0.8742676704055721,0.625053606336188,-0.24921406406938407,0.7104195392021194
AcPbAu2_225,AcPbAu2,intermetallic,cubic,3,0.4045274577607302,0.869502760441836,0.4649753026811059,0.8898074732819998
AcTiO3_221,AcTiO3,oxide,cubic,3,0.7456133690005962,0.49289039727866113,-0.25272297172193503,0.6074447764649741
AcTlAu2_225,AcTlAu2,intermetallic,cubic,3,0.4045274577607302,0.8791558768566001,0.47462841909586995,0.896894065339151
AcTlHg2_225,AcTlHg2,intermetallic,cubic,3,0.1833135174018891,0.9399819062997465,0.7566683888978575,0.9436662421752149
AcTlTe2_225,AcTlTe2,chalcogenide,cubic,3,0.2211992169285951,0.7356862714740976,0.5144870545455025,0.7949632620702218
Ac_194,Ac,elemental,hexagonal,1,0.0,0.7973713238238417,0.7973713238238417,0.8420646221995052
Ag2BiO3_34,Ag2BiO3,oxide,orthorhombic,3,0.4344886992597051,0.71996693389906,0.28547823463935484,0.780213047614999
Ag2CO3_11,Ag2CO3,oxide,monoclinic,3,0.4344886992597051,0.25922099639703206,-0.17526770286267307,0.3936742947356257
Ag2F_164,Ag2F,halide,trigonal,2,0.6502808936490593,0.14429864892259917,-0.5059822447264601,0.25869676577480333
Ag2HgI4_82,Ag2HgI4,halide,tetragonal,3,0.1247318653784052,0.9750144554117897,0.8502825900333845,0.973464428342419
Ag2HgO2_96,Ag2HgO2,oxide,tetragonal,3,0.4344886992597051,0.17785892136736312,-0.256629777892342,0.3019473035587618
Ag2SO4_70,Ag2SO4,oxide,orthorhombic,3,0.4344886992597051,0.2620888531505381,-0.17239984610916703,0.39657183685117675
Ag2SeO3_14,Ag2SeO3,oxide,monoclinic,3,0.4344886992597051,0.5730177901302956,0.1385290908705905,0.671359931942381
Ag2Te_14,Ag2Te,chalcogenide,monoclinic,2,0.0071989624323788,0.9444065391391604,0.9372075767067816,0.9469769807834596
Ag3Ge5P6_217,Ag3Ge5P6,pnictide,cubic,3,0.0167579960807445,0.93891260117069,0.9221546050899455,0.9423073855888361
Ag3P11_8,Ag3P11,pnictide,monoclinic,2,0.0167579960807445,0.8152342319668284,0.798476235886084,0.8495618436951642
Ag3Pd_139,Ag3Pd,intermetallic,tetragonal,2,0.0180599290148932,0.1774787362484429,0.1594188072335497,0.3013534943967608
Ag3Te2Au_214,Ag3Te2Au,chalcogenide,cubic,3,0.0888292792566213,0.9459564495087326,0.8571271702521113,0.9482661634304651
Ag5(PbO3)2_162,Ag5(PbO3)2,oxide,trigonal,3,0.4344886992597051,0.7803595945436943,0.3458708952839892,0.8239122527911548
Ag5P(S2Cl)2_38,Ag5P(S2Cl)2,halide,orthorhombic,4,0.3149236588531834,0.8489306994712726,0.5340070406180892,0.8742146917726771
AgAsF6_225,AgAsF6,halide,cubic,3,0.6502808936490593,0.4188474428575313,-0.231433450791528,0.5455228345928487
AgAu3_221,AgAu3,intermetallic,cubic,2,0.0888292792566213,0.2165974383878517,0.1277681591312304,0.34757194500541017
AgAuO2_14,AgAuO2,oxide,monoclinic,3,0.4344886992597051,0.12332120111620362,-0.31116749814350153,0.23026308911497873
AgBiSCl2_63,AgBiSCl2,halide,orthorhombic,4,0.3149236588531834,0.8571394834893211,0.5422158246361377,0.8803921820089823
AgBr_225,AgBr,halide,cubic,2,0.2329666519444446,0.8977983726298935,0.6648317206854488,0.9107713749122893
AgClO4_121,AgClO4,halide,tetragonal,3,0.4344886992597051,0.17362923746090458,-0.26085946179880054,0.2958431206365839
AgCl_225,AgCl,halide,cubic,2,0.3149236588531834,0.749403387354194,0.4344797285010106,0.8022778627216167
AgF2_61,AgF2,halide,orthorhombic,2,0.6502808936490593,0.10198619532560407,-0.5482946983234552,0.1991546359178752
AgI_225,AgI,halide,cubic,2,0.1247318653784052,0.9623733977474288,0.8376415323690236,0.9622386982501716
AgNO3_161,AgNO3,oxide,trigonal,3,0.4344886992597051,0.1339137252147687,-0.30057497404493644,0.2445414947576361
AgO_131,AgO,oxide,orthorhombic,2,0.4344886992597051,0.16979184921869966,-0.26469685004100546,0.29168273972847497
AgPF6_225,AgPF6,halide,cubic,3,0.6502808936490593,0.33654131398669307,-0.3137395796623662,0.47082258810661
Ag_194,Ag,elemental,hexagonal,1,0.0,0.12357944500612693,0.12357944500612693,0.23141542015936636
Al(CoSi)2_164,Al(CoSi)2,intermetallic,trigonal,3,0.0208055155986512,0.857692535445804,0.8368870198471529,0.8796009268613184
Al(CrB)2_65,Al(CrB)2,boride/carbide,orthorhombic,3,0.0451728980780915,0.30393724170196185,0.25876434362387035,0.438527480178313
Al(FeB)2_65,Al(FeB)2,boride/carbide,orthorhombic,3,0.0451728980780915,0.6818307178828191,0.6366578198047276,0.7515820860159038
Al12Mo_204,Al12Mo,intermetallic,cubic,2,0.0728361721882469,0.1836548342023897,0.11081866201414281,0.3086494932735802
Al12Re_204,Al12Re,intermetallic,cubic,2,0.0208055155986512,0.20114642054341592,0.1803409049447647,0.3293939894044222
Al12Tc_204,Al12Tc,intermetallic,cubic,2,0.0208055155986512,0.2408851506208287,0.22007963502217748,0.3742374841566707
Al12W_204,Al12W,intermetallic,cubic,2,0.1311849437371567,0.16612520689179702,0.03494026315464033,0.2870364753677151
Al13Os4_12,Al13Os4,intermetallic,monoclinic,2,0.0833458210077793,0.33513289451790707,0.25178707351012775,0.4698676037389211
Al21Pt8_88,Al21Pt8,intermetallic,tetragonal,2,0.1061568798287821,0.6024897332553124,0.49633285342653033,0.6935613706011775
Al2Au_225,Al2Au,intermetallic,cubic,2,0.1944459681757966,0.7913375891708277,0.5968916209950311,0.8320643757271754
Al2CdS4_82,Al2CdS4,chalcogenide,monoclinic,3,0.209607008802607,0.8985795321683263,0.6889725233657193,0.9112486303218104
Al2CdSe4_82,Al2CdSe4,chalcogenide,tetragonal,3,0.1982031440330586,0.9219903154592377,0.7237871714261791,0.929291303385781
Al2CdTe4_82,Al2CdTe4,chalcogenide,tetragonal,3,0.0582590102347919,0.9622364151500233,0.9039774049152315,0.9621578753305546
Al2CoIr_225,Al2CoIr,intermetallic,cubic,3,0.0833458210077793,0.744393070692279,0.6610472496844997,0.7972184472104957
Al2CoOs_225,Al2CoOs,intermetallic,cubic,3,0.0833458210077793,0.7381928463497521,0.6548470253419728,0.792740913167367
Al2CoRu_225,Al2CoRu,intermetallic,cubic,3,0.0833458210077793,0.7384252056602659,0.6550793846524866,0.7928518809396689
Al2Cu_123,Al2Cu,intermetallic,tetragonal,2,0.0208055155986512,0.9890169663849251,0.9682114507862739,0.9865289291516564
Al2Cu_140,Al2Cu,intermetallic,tetragonal,2,0.0208055155986512,0.9913684237317931,0.9705629081331419,0.9890155231293853
Al2Cu_225,Al2Cu,intermetallic,tetragonal,2,0.0208055155986512,0.9850748912100993,0.9642693756114481,0.9825127825160149
Al2FeCo_225,Al2FeCo,intermetallic,cubic,3,0.0180599290148931,0.79880146435057,0.7807415353356769,0.8364070852705184
Al2FeIr_225,Al2FeIr,intermetallic,orthorhombic,3,0.0833458210077793,0.6355557636415263,0.552209942633747,0.7175694315718146
Al2HgS4_82,Al2HgS4,chalcogenide,tetragonal,3,0.209607008802607,0.782899630397106,0.573292621594499,0.8268309962865968
Al2HgSe4_82,Al2HgSe4,chalcogenide,tetragonal,3,0.1982031440330586,0.8277933865568121,0.6295902425237535,0.8593283971999528
Al2HgTe4_82,Al2HgTe4,chalcogenide,tetragonal,3,0.0582590102347919,0.9107683163040647,0.8525093060692729,0.9210449706226594
Al2IrOs_225,Al2IrOs,intermetallic,cubic,3,0.0833458210077793,0.367822730384058,0.2844769093762787,0.4998828900299257
Al2IrRh_225,Al2IrRh,intermetallic,cubic,3,0.1061568798287821,0.5180495173977011,0.41189263756891903,0.6275458259138645
Al2IrRu_225,Al2IrRu,intermetallic,cubic,3,0.0833458210077793,0.4066446087614813,0.32329878775370197,0.5345480607677563
Al2NiRu_225,Al2NiRu,intermetallic,cubic,3,0.0833458210077793,0.8905011004318015,0.8071552794240222,0.9040689004868925
Al2O3_167,Al2O3,oxide,trigonal,2,0.5670898161093587,0.6544451521247882,0.08735533601542944,0.7317545370150319
Al2Os_139,Al2Os,intermetallic,tetragonal,2,0.0833458210077793,0.3236747648309351,0.24032894382315578,0.45851968532003523
Al2PdRu_225,Al2PdRu,intermetallic,cubic,3,0.0833458210077793,0.6518024997586951,0.5684566787509158,0.7298865183877883
Al2Pd_225,Al2Pd,intermetallic,cubic,2,0.0833458210077793,0.8141626613399763,0.730816840332197,0.848378985981798
Al2Pt_225,Al2Pt,intermetallic,cubic,2,0.1061568798287821,0.6571431913280275,0.5509863114992454,0.734686020393721
Al2RuPt_225,Al2RuPt,intermetallic,cubic,3,0.1061568798287821,0.5089411608223411,0.402784280993559,0.6203560739122085
Al2RuRh_225,Al2RuRh,intermetallic,cubic,3,0.1061568798287821,0.5071591414458133,0.40100226161703123,0.6187535451239259
Al2Ru_70,Al2Ru,intermetallic,orthorhombic,2,0.0833458210077793,0.4203330213978945,0.3369872003901152,0.5466409945792037
Al2SiO5_2,Al2SiO5,oxide,triclinic,3,0.5670898161093587,0.6154042293655674,0.048314413256208666,0.7027272630025341
Al2Te5_12,Al2Te5,chalcogenide,monoclinic,2,0.0582590102347919,0.4091831656973754,0.3509241554625835,0.5425632237313253
Al2ZnS4_227,Al2ZnS4,chalcogenide,cubic,3,0.209607008802607,0.9683882040235867,0.7587811952209798,0.9670613263600233
Al2ZnSe4_82,Al2ZnSe4,chalcogenide,tetragonal,3,0.1982031440330586,0.9831880563155543,0.7849849122824957,0.9808343548569577
Al2ZnTe4_82,Al2ZnTe4,chalcogenide,tetragonal,3,0.0582590102347919,0.9918504652826726,0.9335914550478808,0.9896947268419313
Al3Cr_139,Al3Cr,intermetallic,tetragonal,2,0.0006248047281837,0.33422077783211346,0.33359597310392974,0.46853293398231677
Al3Cu2_164,Al3Cu2,intermetallic,trigonal,2,0.0208055155986512,0.9897727903444413,0.9689672747457901,0.9873049175889982
Al3Ir_194,Al3Ir,intermetallic,hexagonal,2,0.0833458210077793,0.44170093346994543,0.3583551124621661,0.5653845843424401
Al3Mo_12,Al3Mo,intermetallic,monoclinic,2,0.0728361721882469,0.20717110454377233,0.13433493235552543,0.33619598486400015
Al3Ni2_164,Al3Ni2,intermetallic,trigonal,2,0.0222487628066636,0.9687997837045439,0.9465510208978803,0.9672386089339586
Al3Ni5_65,Al3Ni5,intermetallic,orthorhombic,2,0.0222487628066636,0.9552098400438611,0.9329610772371976,0.9553680425663686
Al3Ni_62,Al3Ni,intermetallic,orthorhombic,2,0.0222487628066636,0.9450591623874838,0.9228103995808202,0.94702664973893
Al3Os2_139,Al3Os2,intermetallic,tetragonal,2,0.0833458210077793,0.34666704428471806,0.26332122327693874,0.4804673548622884
Al3Pd2_164,Al3Pd2,intermetallic,trigonal,2,0.0833458210077793,0.8385134546078403,0.755167633600061,0.8658951259826011
Al3Pd5_55,Al3Pd5,intermetallic,orthorhombic,2,0.0833458210077793,0.793248076852659,0.7099022558448796,0.8329099166154503
Al3Pt2_164,Al3Pt2,intermetallic,trigonal,2,0.1061568798287821,0.6826435999531252,0.5764867201243431,0.7531445810441756
Al3Pt5_55,Al3Pt5,intermetallic,orthorhombic,2,0.1061568798287821,0.6297001094203858,0.5235432295916037,0.7138223059462363
Al3V_139,Al3V,intermetallic,tetragonal,2,9.999500016666384e-05,0.21430317298690738,0.2142031779867407,0.34416345865952597
Al4Bi2O9_55,Al4Bi2O9,oxide,orthorhombic,3,0.5670898161093587,0.7338627787260704,0.1667729626167117,0.7901526326327282
Al4C3_166,Al4C3,boride/carbide,trigonal,2,0.1982031440330586,0.2738655089715395,0.07566236493848089,0.4091733331669296
Al4Cu9_215,Al4Cu9,intermetallic,cubic,2,0.0208055155986512,0.9872882981229224,0.9664827825242712,0.9847069139257143
Al4Mo_8,Al4Mo,intermetallic,monoclinic,2,0.0728361721882469,0.224009983269315,0.15117381108106812,0.35564400124056805
Al5BO9_36,Al5BO9,oxide,orthorhombic,3,0.5670898161093587,0.7001306629778951,0.13304084686853634,0.766004147249121
Al5Co2_194,Al5Co2,intermetallic,hexagonal,2,0.0180599290148931,0.8660792000237091,0.848019271008816,0.8858651923092328
Al5Mo_167,Al5Mo,intermetallic,trigonal,2,0.0728361721882469,0.18412554843100948,0.11128937624276258,0.3089514965346514
Al5Mo_182,Al5Mo,intermetallic,hexagonal,2,0.0728361721882469,0.18264187021197392,0.10980569802372703,0.3071418715173276
Al5Rh2_194,Al5Rh2,intermetallic,hexagonal,2,0.1061568798287821,0.6596660483907456,0.5535091685619635,0.7361115474998564
Al5W_182,Al5W,intermetallic,hexagonal,2,0.1311849437371567,0.1506108487679316,0.019425905030774904,0.2667965008547501
Al6Fe_63,Al6Fe,intermetallic,orthorhombic,2,0.0120270893691617,0.6521054787660309,0.6400783893968691,0.7304290351009881
Al6Re_63,Al6Re,intermetallic,orthorhombic,2,0.0208055155986512,0.2431600053229391,0.2223544897242879,0.37686041677866317
Al6Ru_63,Al6Ru,intermetallic,orthorhombic,2,0.0833458210077793,0.384436206789157,0.3010903857813777,0.515535516524372
Al6Tc_63,Al6Tc,intermetallic,orthorhombic,2,0.0208055155986512,0.3012474573209336,0.28044194172228243,0.4371505175530747
Al8Mo3_12,Al8Mo3,intermetallic,monoclinic,2,0.0728361721882469,0.20200781666049025,0.12917164447224336,0.33020924650119604
Al9Co2_14,Al9Co2,intermetallic,monoclinic,2,0.0180599290148931,0.8071973068885812,0.7891373778736881,0.8430259894078743
AlAgO2_194,AlAgO2,oxide,hexagonal,3,0.5670898161093587,0.7156595215213445,0.14856970541198578,0.777041914865562
AlAgS2_122,AlAgS2,chalcogenide,tetragonal,3,0.209607008802607,0.8906055838323536,0.6809985750297466,0.9050683096752081
AlAgSe2_122,AlAgSe2,chalcogenide,tetragonal,3,0.1982031440330586,0.9192233000753061,0.7210201560422475,0.9270005706317614
AlAgTe2_122,AlAgTe2,chalcogenide,tetragonal,3,0.0582590102347919,0.9589074123904378,0.9006484021556459,0.9592010360503204
AlAsPt5_123,AlAsPt5,pnictide,tetragonal,3,0.1061568798287821,0.5338356718475232,0.42767879201874115,0.6405135756831473
AlAs_186,AlAs,pnictide,hexagonal,2,0.0780137787946898,0.24151764681086188,0.16350386801617206,0.37689746590403733
AlAs_216,AlAs,pnictide,cubic,2,0.0780137787946898,0.24162349187491622,0.16360971308022643,0.3770122395987393
AlAu2_62,AlAu2,intermetallic,orthorhombic,2,0.1944459681757966,0.7942604198145504,0.5998144516387538,0.8340240454872411
AlAu4_198,AlAu4,intermetallic,cubic,2,0.1944459681757966,0.6983336416868712,0.5038876735110746,0.7648368509844878
AlAu_11,AlAu,intermetallic,monoclinic,2,0.1944459681757966,0.827407242661064,0.6329612744852674,0.8580610068424898
AlBMo_63,AlBMo,boride/carbide,orthorhombic,3,0.0728361721882469,0.3079949970475366,0.23515882485928968,0.44287312375224586
AlBPbO4_60,AlBPbO4,oxide,orthorhombic,4,0.5670898161093587,0.744925489761095,0.17783567365173625,0.7980256551746928
AlBr3_14,AlBr3,halide,monoclinic,2,0.3659484381419323,0.5211520923945445,0.15520365425261223,0.6356254649623244
AlCl3_12,AlCl3,halide,monoclinic,2,0.4515312640110874,0.34312504432442503,-0.10840621968666236,0.47960621483118715
AlClO_59,AlClO,halide,orthorhombic,3,0.5670898161093587,0.83248237550275,0.26539255939339124,0.8619905208224126
AlCo3C_221,AlCo3C,boride/carbide,cubic,3,0.1982031440330586,0.785474109770691,0.5872709657376324,0.8268680100454344
AlCo_221,AlCo,intermetallic,cubic,2,0.0180599290148931,0.8484147294624197,0.8303548004475266,0.8726214071310268
AlCr2C_194,AlCr2C,boride/carbide,trigonal,3,0.1982031440330586,0.6085283770736708,0.4103252330406122,0.6974568499877674
AlCr2_139,AlCr2,intermetallic,tetragonal,2,0.0006248047281837,0.38146344558906714,0.3808386408608834,0.5119867980324222
AlCr3B4_47,AlCr3B4,boride/carbide,orthorhombic,3,0.0451728980780915,0.3370856795561948,0.2919127814781033,0.4706002761778782
AlCrCo2_225,AlCrCo2,intermetallic,cubic,3,0.0180599290148931,0.7366373997112823,0.7185774706963892,0.7914611917614366
AlCrRu2_225,AlCrRu2,intermetallic,cubic,3,0.0833458210077793,0.32686974711282324,0.24352392610504392,0.4613343437221788
AlCu3_225,AlCu3,intermetallic,cubic,2,0.0208055155986512,0.971163177515272,0.9503576619166209,0.9693241269275712
AlCu3_59,AlCu3,intermetallic,orthorhombic,2,0.0208055155986512,0.9723182696216113,0.9515127540229601,0.9703725161764936
AlCuAu2_225,AlCuAu2,intermetallic,cubic,3,0.1944459681757966,0.9450306313171223,0.7505846631413257,0.9470376958237305
AlCuCl4_112,AlCuCl4,halide,tetragonal,3,0.4515312640110874,0.9685225402415323,0.5169912762304449,0.9673857493315847
AlCuO2_194,AlCuO2,oxide,hexagonal,3,0.5670898161093587,0.9264761250581331,0.35938630894877444,0.9320790207351451
AlCuPt2_123,AlCuPt2,intermetallic,tetragonal,3,0.1061568798287821,0.9402127036564695,0.8340558238276874,0.943026365364516
AlCuS2_122,AlCuS2,chalcogenide,tetragonal,3,0.209607008802607,0.982510462101134,0.772903453298527,0.9800941971649614
AlCuSe2_122,AlCuSe2,chalcogenide,tetragonal,3,0.1982031440330586,0.9874719504506557,0.7892688064175971,0.9850274702782869
AlCuTe2_122,AlCuTe2,chalcogenide,tetragonal,3,0.0582590102347919,0.9936389128392598,0.9353799026044679,0.9916154374963642
AlCu_12,AlCu,intermetallic,monoclinic,2,0.0208055155986512,0.9925556537549044,0.9717501381562532,0.9903020417234756
AlF3_167,AlF3,halide,triclinic,2,0.7544427103724891,0.7556548149707276,0.001212104598238506,0.8056009826494259
AlFe2Mo_225,AlFe2Mo,intermetallic,cubic,3,0.0728361721882469,0.6890076950334627,0.6161715228452158,0.7570417915676315
AlFe2Si_225,AlFe2Si,intermetallic,cubic,3,0.0208055155986512,0.70668219628247,0.6858766806838188,0.7696339951302893
AlFe3C_221,AlFe3C,boride/carbide,cubic,3,0.1982031440330586,0.6747754929694305,0.4765723489363719,0.7465670959544807
AlFe3_225,AlFe3,intermetallic,cubic,2,0.0120270893691617,0.6572805837711716,0.6452534944020099,0.7335552002668971
AlFeCo2_225,AlFeCo2,intermetallic,cubic,3,0.0180599290148931,0.7410977912749762,0.7230378622600832,0.7946888907974045
AlFeRh2_225,AlFeRh2,intermetallic,cubic,3,0.1061568798287821,0.613275354137507,0.5071184743087249,0.7011634304474702
AlFe_221,AlFe,intermetallic,cubic,2,0.0120270893691617,0.7464043833188813,0.7343772939497195,0.7985711150383097
AlGeRu2_225,AlGeRu2,intermetallic,cubic,3,0.0833458210077793,0.378483305100617,0.2951374840928377,0.5093873863694389
AlHO2_62,AlHO2,oxide,orthorhombic,3,0.5670898161093587,0.5525959075467635,-0.014493908562595248,0.6542889227713563
AlIr_221,AlIr,intermetallic,cubic,2,0.0833458210077793,0.4354382702745068,0.3520924492667275,0.5596992748443113
AlMo3_223,AlMo3,intermetallic,cubic,2,0.0728361721882469,0.21702483947249257,0.14418866728424568,0.3479821539368303
AlN_186,AlN,pnictide,hexagonal,2,0.4002395778963621,0.5114261833797384,0.11118660548337633,0.6233615140413449
AlNi3_221,AlNi3,intermetallic,cubic,2,0.0222487628066636,0.9223735505058707,0.9001247876992071,0.9286168125368804
AlNi_221,AlNi,intermetallic,cubic,2,0.0222487628066636,0.9558917979443944,0.9336430351377308,0.9559442448239297
AlOs_221,AlOs,intermetallic,cubic,2,0.0833458210077793,0.3137762437548799,0.23043042274710057,0.4489491865450434
AlPPt5_123,AlPPt5,pnictide,tetragonal,3,0.1061568798287821,0.5035023443919592,0.3973454645631771,0.6162110342398915
AlP_186,AlP,pnictide,hexagonal,2,0.0806606824334817,0.22868911036722242,0.1480284279337407,0.3622220113384095
AlP_216,AlP,pnictide,cubic,2,0.0806606824334817,0.22886993605359582,0.1482092536201141,0.3624239033778864
AlPd2_62,AlPd2,intermetallic,orthorhombic,2,0.0833458210077793,0.7726577489431563,0.689311927935377,0.8180718618527826
AlPd5I2_139,AlPd5I2,halide,tetragonal,3,0.240902461029019,0.9824144571427306,0.7415119961137115,0.9800098251282671
AlPd5_62,AlPd5,intermetallic,orthorhombic,2,0.0833458210077793,0.6856758393534321,0.6023300183456528,0.7551569951613324
AlPd_148,AlPd,intermetallic,trigonal,2,0.0833458210077793,0.8109250202825764,0.7275791992747971,0.8457013317882505
AlPd_198,AlPd,intermetallic,cubic,2,0.0833458210077793,0.8106143105746502,0.7272684895668708,0.8454883433082399
AlPd_221,AlPd,intermetallic,cubic,2,0.0833458210077793,0.7995336916094841,0.7161878706017047,0.8374397355409604
AlPt2_51,AlPt2,intermetallic,orthorhombic,2,0.1061568798287821,0.6303018344767229,0.5241449546479409,0.7142550704455546
AlPt2_62,AlPt2,intermetallic,orthorhombic,2,0.1061568798287821,0.6001775709640546,0.49402069113527247,0.6916949924616468
AlPt3_127,AlPt3,intermetallic,tetragonal,2,0.1061568798287821,0.5679547735486454,0.46179789371986335,0.6670526929235879
AlPt3_221,AlPt3,intermetallic,cubic,2,0.1061568798287821,0.5777230263388166,0.4715661465100345,0.674477041461077
AlPt_198,AlPt,intermetallic,cubic,2,0.1061568798287821,0.6407977338241119,0.5346408539953298,0.7221243377303734
AlRe2_139,AlRe2,intermetallic,tetragonal,2,0.0208055155986512,0.2704791646766033,0.24967364907795211,0.4055813781668948
AlRh_221,AlRh,intermetallic,cubic,2,0.1061568798287821,0.6049419896213395,0.4987851097925574,0.694916617966612
AlRu_221,AlRu,intermetallic,cubic,2,0.0833458210077793,0.4106244721319873,0.32727865112420795,0.5381158311161801
AlSbO4_65,AlSbO4,oxide,orthorhombic,3,0.5670898161093587,0.6100492567301842,0.04295944062082546,0.698578149632273
AlSb_216,AlSb,intermetallic,cubic,2,0.047247390196789,0.27297936244581633,0.22573197224902733,0.4117267027319006
AlSiRu2_225,AlSiRu2,intermetallic,trigonal,3,0.0833458210077793,0.350135791717335,0.2667899707095557,0.4830905608677904
AlSiTe3_162,AlSiTe3,chalcogenide,trigonal,3,0.0582590102347919,0.3122645249722315,0.2540055147374396,0.451666936989743
AlTc2_139,AlTc2,intermetallic,tetragonal,2,0.0208055155986512,0.3381160786654482,0.317310563066797,0.47241845400323007
AlTlF4_15,AlTlF4,halide,monoclinic,3,0.7544427103724891,0.9355341277171965,0.18109141734470735,0.9392297775472233
AlV2C_194,AlV2C,boride/carbide,hexagonal,3,0.1982031440330586,0.4905116224852644,0.2923084784522058,0.6055294636912979
AlV3_223,AlV3,intermetallic,cubic,2,9.999500016666384e-05,0.2121323416539923,0.21203234665382564,0.3418242324242929
AlVCo2_225,AlVCo2,intermetallic,cubic,3,0.0180599290148931,0.7782550510608389,0.7601951220459459,0.8216282284250362
AlVFe2_225,AlVFe2,intermetallic,cubic,3,0.0120270893691617,0.6367511605160973,0.6247240711469355,0.7182825219267465
AlVOs2_225,AlVOs2,intermetallic,cubic,3,0.0833458210077793,0.2517713040743587,0.1684254830665794,0.38554075090456147
AlVRu2_225,AlVRu2,intermetallic,cubic,3,0.0833458210077793,0.31792207725004185,0.23457625624226253,0.452756289422222
AlZnIr2_225,AlZnIr2,intermetallic,cubic,3,0.0833458210077793,0.9677942334584028,0.8844484124506234,0.966350801235808
AlZnRh2_225,AlZnRh2,intermetallic,cubic,3,0.1061568798287821,0.9608158733558364,0.8546589935270543,0.9602267312805969
Al_225,Al,elemental,cubic,1,0.0,0.09218618423431084,0.09218618423431084,0.18486267177926977
Ar_225,Ar,elemental,cubic,1,,0.3321308812338151,,0.47198685529584444
As2Ir_14,As2Ir,pnictide,monoclinic,2,9.999500016666384e-05,0.44816804007377775,0.4480680450736111,0.5715734226124881
As2Os_58,As2Os,pnictide,orthorhombic,2,9.999500016666384e-05,0.3312440084017491,0.33114401340158245,0.4669055422830962
As2Pb3O8_14,As2Pb3O8,oxide,monoclinic,3,0.3275987376029972,0.7322882916458899,0.40468955404289275,0.788919916916505
As2Pd_205,As2Pd,pnictide,cubic,2,9.999500016666384e-05,0.777288934453407,0.7771889394532403,0.8220905278295714
As2Pt_205,As2Pt,pnictide,cubic,2,0.0024968776025398,0.5836071136630218,0.581110236060482,0.679885570978097
As2Rh_14,As2Rh,pnictide,monoclinic,2,0.0024968776025398,0.6247662839624122,0.6222694063598724,0.7109034217017512
As2Ru_58,As2Ru,pnictide,orthorhombic,2,9.999500016666384e-05,0.4327996224198643,0.43269962741969764,0.5584714281455105
As2Se3_14,As2Se3,chalcogenide,monoclinic,2,0.0336459494865304,0.2696134712818582,0.2359675217953278,0.40797502237781336
As3Ir_204,As3Ir,pnictide,cubic,2,9.999500016666384e-05,0.4460896007333446,0.4459896057331779,0.5701121123540662
As3Rh_204,As3Rh,pnictide,cubic,2,0.0024968776025398,0.6062854839798784,0.6037886063773386,0.6972848711576805
As3W2_12,As3W2,pnictide,monoclinic,2,0.0080672833944288,0.18579789324294052,0.17773060984851172,0.3119025022369413
AsCl3_19,AsCl3,halide,orthorhombic,2,0.213450797786545,0.37445296959665625,0.16100217181011126,0.5096102426331417
AsI3_148,AsI3,halide,trigonal,2,0.0559725170821643,0.5690324325029195,0.5130599154207551,0.674373375871735
AsPd2_36,AsPd2,pnictide,orthorhombic,2,9.999500016666384e-05,0.7195697717655999,0.7194697767654332,0.7799508663188599
AsPd3Pb2_36,AsPd3Pb2,pnictide,orthorhombic,3,0.005609209308919,0.8961523798952183,0.8905431705862994,0.9090111395223043
AsPd5_12,AsPd5,pnictide,monoclinic,2,9.999500016666384e-05,0.5630342855610214,0.5629342905608548,0.6633599157161665
AsPdS_198,AsPdS,chalcogenide,cubic,3,0.0392105608476768,0.7209754484674025,0.6817648876197256,0.7814383895345024
AsPdSe_198,AsPdSe,chalcogenide,cubic,3,0.0336459494865304,0.7703958244663655,0.736749874979835,0.8172547954572
AsRh2_225,AsRh2,pnictide,cubic,2,0.0024968776025398,0.4752464601396158,0.472749582537076,0.5934374873661412
AsSe_14,AsSe,chalcogenide,monoclinic,2,0.0336459494865304,0.28336104964731323,0.24971510016078283,0.42237708885058145
As_166,As,elemental,trigonal,1,0.0,0.17576157427340142,0.17576157427340142,0.3008556300155288
Au2O3_43,Au2O3,oxide,orthorhombic,2,0.1833135174018891,0.09284977734209424,-0.09046374005979485,0.1855701355788506
Au2S_224,Au2S,chalcogenide,cubic,2,0.0003999200106655,0.5854786176298259,0.5850786976191604,0.6824396667111293
AuCl_141,AuCl,halide,tetragonal,2,0.0916268257907321,0.6886017107792785,0.5969748849885463,0.7589966219909517
AuSe_12,AuSe,chalcogenide,monoclinic,2,2.499968750258041e-05,0.7758747941010683,0.7758497944135657,0.8217593346267886
B(HO)3_2,B(HO)3,oxide,triclinic,3,0.3873736058155839,0.5115897797110508,0.12421617389546691,0.6225393564422774
B13C2_166,B13C2,boride/carbide,trigonal,2,0.0629559630163497,0.10163882713534418,0.03868286411899448,0.19828130649607045
B2Mo_166,B2Mo,boride/carbide,trigonal,2,0.0035935277690066,0.10439238140468626,0.10079885363567967,0.20239016596947948
B2O3_152,B2O3,oxide,trigonal,2,0.3873736058155839,0.42325810826217203,0.03588450244658814,0.5489288525408438
B2Os_59,B2Os,boride/carbide,orthorhombic,2,0.006379563620851,0.13606323750901655,0.12968367388816554,0.24692164463726943
B2Ru_59,B2Ru,boride/carbide,orthorhombic,2,0.006379563620851,0.1949467107953959,0.18856714717454492,0.32103852117243875
B2S2O9_5,B2S2O9,oxide,monoclinic,3,0.3873736058155839,0.3466865620535934,-0.040687043761990505,0.4801240722418626
B2W_194,B2W,boride/carbide,hexagonal,2,0.025275098398206,0.09811598857241573,0.07284089017420972,0.1930834703296597
B3Os2_194,B3Os2,boride/carbide,hexagonal,2,0.006379563620851,0.13978481006995977,0.13340524644910878,0.25190108524349547
B3Ru2_194,B3Ru2,boride/carbide,hexagonal,2,0.006379563620851,0.20417947549819665,0.19779991187734564,0.33184972682065483
B4C_8,B4C,boride/carbide,monoclinic,2,0.0629559630163497,0.1067113225584297,0.04375535954208,0.20572454590404182
B4OsW_187,B4OsW,boride/carbide,hexagonal,3,0.025275098398206,0.1655307489458736,0.14025565054766762,0.2852494969145365
B6H10N_202,B6H10N,pnictide,cubic,3,0.2211992169285951,0.1969812951724606,-0.02421792175613449,0.323591637422248
B6O_166,B6O,oxide,trigonal,2,0.3873736058155839,0.34425187472289936,-0.04312173109268452,0.4774468529659932
B6P_166,B6P,pnictide,trigonal,2,0.005609209308919,0.09210892513179286,0.08649971582287386,0.18407698789000512
BAsO4_82,BAsO4,oxide,tetragonal,3,0.3873736058155839,0.4501372652591311,0.06276365944354723,0.5720780751297543
BI3_176,BI3,halide,hexagonal,2,0.0916268257907321,0.6090837553473086,0.5174569295565765,0.7045997904425645
BIrPd_43,BIrPd,boride/carbide,orthorhombic,3,0.006379563620851,0.44880575124283073,0.4424261876219797,0.5709015517472659
BMo_141,BMo,boride/carbide,monoclinic,2,0.0035935277690066,0.07512510421541228,0.07153157644640569,0.15730043548980271
BNF8_113,BNF8,halide,tetragonal,3,0.6097235715364788,0.35061057579188326,-0.25911299574459556,0.48385396506336426
BN_187,BN,pnictide,hexagonal,2,0.2211992169285951,0.26042915742362777,0.03922994049503267,0.3946048368004346
BN_194,BN,pnictide,hexagonal,2,0.2211992169285951,0.2751255647968502,0.05392634786825509,0.4101562172734512
BOs_187,BOs,boride/carbide,hexagonal,2,0.006379563620851,0.1389684680587598,0.13258890443790877,0.2508146103884148
BPO4_82,BPO4,oxide,tetragonal,3,0.3873736058155839,0.39851938831105943,0.011145782495475542,0.5274147032424351
BP_216,BP,pnictide,cubic,2,0.005609209308919,0.08322587924665076,0.07761666993773175,0.17049805532298484
BPd2_58,BPd2,boride/carbide,orthorhombic,2,0.006379563620851,0.5272967245034033,0.5209171608825522,0.635321445236313
BRh_194,BRh,boride/carbide,hexagonal,2,0.014296815877557,0.35958083115792727,0.3452840152803703,0.4919150984945162
BW2_140,BW2,boride/carbide,tetragonal,2,0.025275098398206,0.07735311454907981,0.05207801615087381,0.16119472866044565
BW_141,BW,boride/carbide,monoclinic,2,0.025275098398206,0.06894242211443484,0.04366732371622884,0.1471587959592628
B_166,B,elemental,trigonal,1,0.0,0.06408887987602463,0.06408887987602463,0.1388690493054906
Ba(AgGe)2_139,Ba(AgGe)2,intermetallic,tetragonal,3,0.269188705779996,0.9385120324681793,0.6693233266881833,0.9422292134019571
Ba(AgSn)2_139,Ba(AgSn)2,intermetallic,tetragonal,3,0.2489063991267931,0.9610212826302005,0.7121148835034073,0.960921573349835
Ba(AsPd)2_139,Ba(AsPd)2,pnictide,monoclinic,3,0.3488563496137112,0.8209092711594257,0.4720529215457145,0.8540502755386843
Ba(AsRh)2_139,Ba(AsRh)2,pnictide,tetragonal,3,0.3830855996792478,0.7718863781940618,0.388800778514814,0.818857040513611
Ba(AsRu)2_139,Ba(AsRu)2,pnictide,tetragonal,3,0.3488563496137112,0.5672444767340671,0.21838812712035588,0.6684613131877808
Ba(BIr)2_139,Ba(BIr)2,boride/carbide,tetragonal,3,0.3488563496137112,0.43446971567170056,0.08561336605798936,0.5603825074590713
Ba(BRh)2_139,Ba(BRh)2,boride/carbide,tetragonal,3,0.3830855996792478,0.6222355221475756,0.23914992246832778,0.7094243515523874
Ba(BeN)2_140,Ba(BeN)2,pnictide,tetragonal,3,0.6851393125352938,0.42501034626868744,-0.26012896626660637,0.5520334270574393
Ba(BiPd)2_11,Ba(BiPd)2,intermetallic,monoclinic,3,0.3488563496137112,0.9098450545615309,0.5609887049478197,0.9199993540685656
Ba(CdAs)2_164,Ba(CdAs)2,pnictide,trigonal,3,0.3403362213162247,0.9818420190780868,0.6415057977618621,0.9796534784370001
Ba(CdP)2_164,Ba(CdP)2,pnictide,trigonal,3,0.3445937456731593,0.973378281840321,0.6287845361671618,0.971748376200531
Ba(CoAs)2_139,Ba(CoAs)2,pnictide,tetragonal,3,0.3403362213162247,0.9313086323568459,0.5909724110406211,0.9363636051043395
Ba(CoN)2_140,Ba(CoN)2,pnictide,tetragonal,3,0.6851393125352938,0.7662418530353068,0.08110254050001298,0.8143493420877143
Ba(CuAs)2_139,Ba(CuAs)2,pnictide,tetragonal,3,0.3403362213162247,0.9934709202724152,0.6531346989561906,0.9914069273221432
Ba(CuO)2_141,Ba(CuO)2,oxide,tetragonal,3,0.8032113561415081,0.9419190604910689,0.1387077043495608,0.9447146595590676
Ba(FeP)2_139,Ba(FeP)2,pnictide,tetragonal,3,0.3445937456731593,0.8436746413479408,0.4990808956747815,0.8702066575487072
Ba(GeRh)2_139,Ba(GeRh)2,intermetallic,monoclinic,3,0.3830855996792478,0.7671737483942773,0.3840881487150295,0.815425210078181
Ba(MgBi)2_164,Ba(MgBi)2,intermetallic,trigonal,3,0.2732879792945981,0.8346000047325773,0.5613120254379793,0.8658253188836196
Ba(MgGe)2_139,Ba(MgGe)2,intermetallic,tetragonal,3,0.269188705779996,0.5962786379697432,0.32708993218974725,0.6916209675154624
Ba(MgP)2_164,Ba(MgP)2,pnictide,trigonal,3,0.3445937456731593,0.7335588769207516,0.3889651312475923,0.7930522279803736
Ba(MgPb)2_129,Ba(MgPb)2,intermetallic,tetragonal,3,0.4045274577607302,0.6892786492986184,0.2847511915378882,0.7609598821876975
Ba(MgSi)2_139,Ba(MgSi)2,intermetallic,tetragonal,3,0.2251028747092086,0.5527188639822744,0.32761598927306584,0.6579093586603358
Ba(MnP)2_139,Ba(MnP)2,pnictide,tetragonal,3,0.3445937456731593,0.7040096103069935,0.3594158646338342,0.7697457216592148
Ba(NO3)2_205,Ba(NO3)2,oxide,cubic,3,0.8032113561415081,0.3245405143528713,-0.4786708417886368,0.4598023098890675
Ba(NiAs)2_139,Ba(NiAs)2,pnictide,tetragonal,3,0.3403362213162247,0.9799654477582301,0.6396292264420054,0.9777159273795432
Ba(NiP)2_139,Ba(NiP)2,pnictide,tetragonal,3,0.3445937456731593,0.9759936221924556,0.6313998765192963,0.9739617095968884
Ba(NiP2)2_71,Ba(NiP2)2,pnictide,orthorhombic,3,0.3445937456731593,0.9468166838267243,0.6022229381535651,0.9487076387621728
Ba(P2Pd)2_139,Ba(P2Pd)2,pnictide,tetragonal,3,0.3488563496137112,0.7581189342888005,0.4092625846750893,0.8086121993436919
Ba(PIr)2_139,Ba(PIr)2,pnictide,tetragonal,3,0.3488563496137112,0.5452601510317999,0.19640380141808872,0.6508438230904265
Ba(PO3)2_14,Ba(PO3)2,oxide,monoclinic,3,0.8032113561415081,0.48056677460077885,-0.3226445815407292,0.597714526710936
Ba(PPd)2_123,Ba(PPd)2,pnictide,tetragonal,3,0.3488563496137112,0.8315547081933115,0.48269835857960025,0.8616444006991242
Ba(PRh)2_139,Ba(PRh)2,pnictide,tetragonal,3,0.3830855996792478,0.7233235440795988,0.34023794440035093,0.7836434892079034
Ba(PRu)2_139,Ba(PRu)2,pnictide,tetragonal,3,0.3488563496137112,0.5034743798906052,0.15461803027689397,0.6178996278007332
Ba(PdO2)2_88,Ba(PdO2)2,oxide,monoclinic,3,0.8032113561415081,0.46423721708251314,-0.3389741390589949,0.5843283088992877
Ba(SbO3)2_162,Ba(SbO3)2,oxide,trigonal,3,0.8032113561415081,0.5729856744404417,-0.2302256817010664,0.6710665618227126
Ba(Si3N4)2_44,Ba(Si3N4)2,pnictide,orthorhombic,3,0.6851393125352938,0.38204537540467604,-0.3030939371306178,0.5132931728174843
Ba(SiNi)2_63,Ba(SiNi)2,intermetallic,orthorhombic,3,0.2290255154998847,0.975397307034133,0.7463717915342483,0.9734095781260668
Ba(ZnAs)2_62,Ba(ZnAs)2,pnictide,orthorhombic,3,0.3403362213162247,0.996064620874069,0.6557283995578442,0.9944196207132304
Ba(ZnP)2_139,Ba(ZnP)2,pnictide,tetragonal,3,0.3445937456731593,0.997792527651127,0.6531987819779677,0.9965775108075837
Ba(ZnSn)2_129,Ba(ZnSn)2,intermetallic,tetragonal,3,0.2489063991267931,0.997947884150769,0.7490414850239758,0.996793240289981
Ba2AsAu_225,Ba2AsAu,pnictide,cubic,3,0.4936995443266185,0.8755616064646816,0.3818620621380631,0.8950943812064073
Ba2BrN_166,Ba2BrN,halide,trigonal,3,0.6851393125352938,0.6363625437468234,-0.04877676878847037,0.7219014074767519
Ba2CaIrO6_225,Ba2CaIrO6,oxide,cubic,4,0.8032113561415081,0.4293530098527746,-0.3738583462887335,0.5548499321418433
Ba2Cd_139,Ba2Cd,intermetallic,tetragonal,2,0.1478562110337886,0.9959887142171289,0.8481325031833402,0.9945118732775347
Ba2CePtO6_225,Ba2CePtO6,oxide,cubic,4,0.8032113561415081,0.45626523567512944,-0.3469461204663786,0.5776943369610005
Ba2Cu3(ClO2)2_139,Ba2Cu3(ClO2)2,halide,tetragonal,4,0.8032113561415081,0.9924650509577063,0.18925369481619825,0.990277318298171
Ba2CuBrO2_166,Ba2CuBrO2,halide,trigonal,4,0.8032113561415081,0.9858019071204873,0.18259055097897925,0.9834441036859319
Ba2CuO3_71,Ba2CuO3,oxide,monoclinic,3,0.8032113561415081,0.9072455174541734,0.1040341613126653,0.9172661518559976
Ba2H6Os_225,Ba2H6Os,hydride,cubic,3,0.3488563496137112,0.24860652157713956,-0.10024982803657165,0.3829295404882146
Ba2H6Ru_225,Ba2H6Ru,hydride,cubic,3,0.3488563496137112,0.29076003654114846,-0.058096313072562744,0.42682849188000654
Ba2HfO4_139,Ba2HfO4,oxide,tetragonal,3,0.8032113561415081,0.6195449752590038,-0.1836663808825043,0.7067614314776957
Ba2HfS4_139,Ba2HfS4,chalcogenide,tetragonal,3,0.5103306932999543,0.4385390195453969,-0.07179167375455736,0.5667147890959541
Ba2Hg_139,Ba2Hg,intermetallic,tetragonal,2,0.2651030546442223,0.9781637172444599,0.7130606626002376,0.976692782039274
Ba2Ho(CuO2)4_65,Ba2Ho(CuO2)4,oxide,orthorhombic,4,0.8032113561415081,0.9980505682288832,0.1948392120873751,0.9968995211106758
Ba2LiOsO6_225,Ba2LiOsO6,oxide,cubic,4,0.8032113561415081,0.6136112816602614,-0.18960007448124672,0.7016941521058467
Ba2LiReO6_225,Ba2LiReO6,oxide,cubic,4,0.8032113561415081,0.6188979415578886,-0.1843134145836195,0.7057018349984144
Ba2MgH6_164,Ba2MgH6,hydride,trigonal,3,0.3488563496137112,0.2944422587300774,-0.0544140908836338,0.43063492030608846
Ba2MgReO6_225,Ba2MgReO6,oxide,cubic,4,0.8032113561415081,0.5888862779377788,-0.21432507820372926,0.6830025015668002
Ba2MgUO6_225,Ba2MgUO6,oxide,cubic,4,0.8032113561415081,0.6808075843774085,-0.12240377176409956,0.7517984182736788
Ba2MnSe3_62,Ba2MnSe3,chalcogenide,orthorhombic,3,0.497871893693153,0.7417240180623567,0.24385212436920367,0.7989875188723148
Ba2Nb5O9_123,Ba2Nb5O9,oxide,tetragonal,3,0.8032113561415081,0.7718342321326513,-0.03137712400885673,0.8175015178738976
Ba2NdNbO6_12,Ba2NdNbO6,oxide,monoclinic,4,0.8032113561415081,0.5343189024473721,-0.26889245369413595,0.6412031779262287
Ba2NdSbO6_148,Ba2NdSbO6,oxide,trigonal,4,0.8032113561415081,0.6332619616690454,-0.1699493944724627,0.716809739520317
Ba2PbO4_139,Ba2PbO4,oxide,tetragonal,3,0.8032113561415081,0.6259961353954194,-0.17721522074608864,0.7116767508218802
Ba2PdO3_71,Ba2PdO3,oxide,orthorhombic,3,0.8032113561415081,0.6204330101191204,-0.18277834602238763,0.7074462187208095
Ba2Pr(CuO2)4_65,Ba2Pr(CuO2)4,oxide,orthorhombic,4,0.8032113561415081,0.9127838702567708,0.1095725141152627,0.9213854971930509
Ba2Si5N8_31,Ba2Si5N8,pnictide,orthorhombic,3,0.6851393125352938,0.35400079873847284,-0.33113851379682097,0.48770136564200106
Ba2SiO4_62,Ba2SiO4,oxide,orthorhombic,3,0.8032113561415081,0.5642885978984928,-0.23892275824301523,0.6647795254577957
Ba2SnO4_139,Ba2SnO4,oxide,tetragonal,3,0.8032113561415081,0.6114968545157238,-0.1917145016257843,0.7005502918235933
Ba2TaInO6_225,Ba2TaInO6,oxide,cubic,4,0.8032113561415081,0.6431972450224369,-0.16001411111907116,0.7241902517983132
Ba2Ti(SiO4)2_100,Ba2Ti(SiO4)2,oxide,tetragonal,4,0.8032113561415081,0.5830222107344998,-0.2201891454070083,0.6790786884597355
Ba2TiO4_14,Ba2TiO4,oxide,monoclinic,3,0.8032113561415081,0.5642551718708679,-0.23895618427064014,0.6651006913544555
Ba2YNbO6_225,Ba2YNbO6,oxide,cubic,4,0.8032113561415081,0.5007761517249775,-0.3024352044165306,0.6143894382604398
Ba2YSbO6_225,Ba2YSbO6,oxide,cubic,4,0.8032113561415081,0.5726975129396839,-0.23051384320182422,0.670930833141582
Ba2YTaO6_87,Ba2YTaO6,oxide,tetragonal,4,0.8032113561415081,0.5616177119749414,-0.2415936441665667,0.6624904097238244
Ba2ZnN2_139,Ba2ZnN2,pnictide,tetragonal,3,0.6851393125352938,0.972265203817248,0.2871258912819542,0.9706857599878196
Ba2ZrF8_62,Ba2ZrF8,halide,orthorhombic,3,0.908097311920564,0.668633116589025,-0.23946419533153895,0.7423447568465974
Ba2ZrO4_139,Ba2ZrO4,oxide,tetragonal,3,0.8032113561415081,0.7295475548317021,-0.07366380130980599,0.7872925948973492
Ba3(AlGe)2_71,Ba3(AlGe)2,intermetallic,monoclinic,3,0.269188705779996,0.6879952093872008,0.41880650360720484,0.7600732580843373
Ba3(AlSi)2_71,Ba3(AlSi)2,intermetallic,monoclinic,3,0.2251028747092086,0.6559993790668281,0.43089650435761956,0.7365036332256701
Ba3(PO4)2_166,Ba3(PO4)2,oxide,trigonal,3,0.8032113561415081,0.5021474015612123,-0.3010639545802958,0.6153640370177968
Ba3BiN_194,Ba3BiN,pnictide,hexagonal,3,0.6851393125352938,0.8714018597131766,0.18626254717788282,0.8920868677365252
Ba3FeN3_176,Ba3FeN3,pnictide,monoclinic,3,0.6851393125352938,0.6787137078356055,-0.0064256046996883365,0.7517813358578451
Ba3GaN3_176,Ba3GaN3,pnictide,hexagonal,3,0.6851393125352938,0.4461074497924441,-0.2390318627428497,0.5712523650743732
Ba3Hf2O7_139,Ba3Hf2O7,oxide,tetragonal,3,0.8032113561415081,0.6449340674578121,-0.15827728868369595,0.7255453866758764
Ba3In2O6_139,Ba3In2O6,oxide,tetragonal,3,0.8032113561415081,0.6933064282588005,-0.10990492788270756,0.761406778253445
Ba3MgNb2O9_164,Ba3MgNb2O9,oxide,trigonal,4,0.8032113561415081,0.6454364054355303,-0.1577749507059778,0.7255294382569181
Ba3MnN3_176,Ba3MnN3,pnictide,monoclinic,3,0.6851393125352938,0.5577485265546414,-0.12739078598065245,0.6613516001989888
Ba3N_193,Ba3N,pnictide,hexagonal,2,0.6851393125352938,0.8695916051088595,0.18445229257356566,0.8919825603497553
Ba3OsN3_176,Ba3OsN3,pnictide,monoclinic,3,0.6851393125352938,0.4178373033697955,-0.2673020091654983,0.5472770232371427
Ba3RuN3_176,Ba3RuN3,pnictide,monoclinic,3,0.6851393125352938,0.45104240531980816,-0.23409690721548565,0.5755897808564931
Ba3SbN_194,Ba3SbN,pnictide,hexagonal,3,0.6851393125352938,0.8442168478472086,0.15907753531191482,0.8721152483880333
Ba3SnO_221,Ba3SnO,oxide,cubic,3,0.8032113561415081,0.9207508738723671,0.11753951773085902,0.9288946424488147
Ba3TbRu2O9_194,Ba3TbRu2O9,oxide,hexagonal,4,0.8032113561415081,0.8220607239575265,0.018849367816018425,0.8536801386149633
Ba3Zr2O7_139,Ba3Zr2O7,oxide,tetragonal,3,0.8032113561415081,0.770906019073592,-0.03230533706791605,0.8170324939985744
Ba4As2O_139,Ba4As2O,oxide,tetragonal,3,0.8032113561415081,0.9217614013865102,0.11855004524500212,0.929811655888872
Ba4Bi3_220,Ba4Bi3,intermetallic,cubic,2,0.2732879792945981,0.861493807379991,0.588205828085393,0.8857978986519449
Ba4Y(CuO3)3_223,Ba4Y(CuO3)3,oxide,cubic,4,0.8032113561415081,0.842264934652645,0.03905357851113689,0.86867717112609
Ba5Al5Pb_187,Ba5Al5Pb,intermetallic,hexagonal,3,0.4045274577607302,0.7042876644812662,0.29976020672053605,0.7716294942908377
Ba5Al5Sn_187,Ba5Al5Sn,intermetallic,hexagonal,3,0.2489063991267931,0.7085161451557713,0.4596097460289782,0.7746862291799058
BaAg2SnS4_23,BaAg2SnS4,chalcogenide,orthorhombic,4,0.5103306932999543,0.8951959235568557,0.38486523025690145,0.9087640566683399
BaAg2SnSe4_23,BaAg2SnSe4,chalcogenide,orthorhombic,4,0.497871893693153,0.9332002389070765,0.4353283452139235,0.9382525902449594
BaAg5_191,BaAg5,intermetallic,hexagonal,2,0.2369257963986639,0.818462032628381,0.5815362362297172,0.8526369941760833
BaAgAs_194,BaAgAs,pnictide,hexagonal,3,0.3403362213162247,0.9321765217568438,0.5918403004406192,0.9375528703321532
BaAgO2_123,BaAgO2,oxide,tetragonal,3,0.8032113561415081,0.5960526314409713,-0.20715872470053676,0.6889643403328353
BaAl2B2O7_155,BaAl2B2O7,oxide,trigonal,4,0.8032113561415081,0.6788660403332764,-0.12434531580823172,0.7508094421768629
BaAl2O4_173,BaAl2O4,oxide,hexagonal,3,0.8032113561415081,0.7200955872857306,-0.08311576885577743,0.781103424072783
BaAl4_139,BaAl4,intermetallic,tetragonal,2,0.1215532606500686,0.464743319994263,0.3431900593441944,0.5866812415860602
BaAl9Fe2_191,BaAl9Fe2,intermetallic,hexagonal,3,0.1982031440330587,0.7367418041004943,0.5385386600674356,0.792601724272184
BaAlGe_187,BaAlGe,intermetallic,hexagonal,3,0.269188705779996,0.6017680275213517,0.33257932174135574,0.6959250638581962
BaAlSi_187,BaAlSi,intermetallic,hexagonal,3,0.2251028747092086,0.5708180015011666,0.345715126791958,0.6721602863725388
BaAsPd_187,BaAsPd,pnictide,hexagonal,3,0.3488563496137112,0.8555042551038744,0.5066479054901631,0.8798060741387198
BaAsPt_198,BaAsPt,pnictide,cubic,3,0.3830855996792478,0.6937595354864265,0.3106739358071787,0.7634243338168998
BaAu2_191,BaAu2,intermetallic,hexagonal,2,0.4936995443266185,0.7561655220190716,0.2624659776924531,0.8085701500818129
BaAu5_191,BaAu5,intermetallic,hexagonal,2,0.4936995443266185,0.6130093183425492,0.11930977401593074,0.7029772453447308
BaAu_62,BaAu,intermetallic,orthorhombic,2,0.4936995443266185,0.8586110610163533,0.3649115166897348,0.8828597798827806
BaB6_221,BaB6,boride/carbide,cubic,2,0.2815254535159256,0.10556575299109144,-0.17595970052483417,0.2045887104920924
BaBiO3_14,BaBiO3,oxide,monoclinic,3,0.8032113561415081,0.6232221481456409,-0.17998920799586715,0.7092428640787114
BaBr2_62,BaBr2,halide,orthorhombic,2,0.6574114107566109,0.4908718985242877,-0.16653951223232322,0.6112127939654249
BaBrCl_62,BaBrCl,halide,orthorhombic,3,0.7242401773760752,0.44541133238235037,-0.2788288449937248,0.5727049216130287
BaBrF_129,BaBrF,halide,tetragonal,3,0.908097311920564,0.9560898619588677,0.047992550038303716,0.9567168217675445
BaCN2_166,BaCN2,pnictide,trigonal,3,0.6851393125352938,0.29267246501087724,-0.3924668475244166,0.4297982359716502
BaCO3_62,BaCO3,oxide,orthorhombic,3,0.8032113561415081,0.45254009418756924,-0.35067126195393883,0.5747135822354865
BaCaSi_62,BaCaSi,intermetallic,orthorhombic,3,0.2251028747092086,0.8554394870774351,0.6303366123682266,0.880555729615728
BaCd2_74,BaCd2,intermetallic,orthorhombic,2,0.1478562110337886,0.9822204025851382,0.8343641915513496,0.980246115594773
BaCdBi2_139,BaCdBi2,intermetallic,monoclinic,3,0.2732879792945981,0.9982711284000181,0.7249831491054199,0.9972563706365248
BaCdGe_194,BaCdGe,intermetallic,hexagonal,3,0.269188705779996,0.9778540064283242,0.7086653006483282,0.9759994918294576
BaCdO2_62,BaCdO2,oxide,orthorhombic,3,0.8032113561415081,0.7444884277124311,-0.058722928429077004,0.7981375126407155
BaCd_221,BaCd,intermetallic,cubic,2,0.1478562110337886,0.9886915051621661,0.8408352941283774,0.9866441538187647
BaCeN2_194,BaCeN2,pnictide,hexagonal,3,0.6851393125352938,0.34686367183906525,-0.33827564069622856,0.4818700452560876
BaCl2_225,BaCl2,halide,cubic,2,0.7242401773760752,0.2657633773415433,-0.45847680003453184,0.4045264599450162
BaClF_129,BaClF,halide,tetragonal,3,0.908097311920564,0.9122292297344633,0.004131917813899322,0.9214879074851288
BaCuAs_194,BaCuAs,pnictide,hexagonal,3,0.3403362213162247,0.9903347048347847,0.6499984835185599,0.9880644788863692
BaCuO2_63,BaCuO2,oxide,orthorhombic,3,0.8032113561415081,0.9535947199036533,0.15038336376214523,0.9542540192896084
BaCuP_194,BaCuP,pnictide,hexagonal,3,0.3445937456731593,0.9867166461905843,0.6421229005174249,0.9843241708899932
BaCuSb_194,BaCuSb,intermetallic,hexagonal,3,0.2856626862640423,0.9930762645009313,0.7074135782368891,0.991018534715447
BaCuSeF_129,BaCuSeF,halide,tetragonal,4,0.908097311920564,0.9768639103587883,0.0687665984382243,0.9747891882257621
BaCu_194,BaCu,intermetallic,hexagonal,2,0.2251028747092086,0.999428239230755,0.7743253645215464,0.9989365857773691
BaDyCuTe3_63,BaDyCuTe3,chalcogenide,orthorhombic,4,0.3065145361435566,0.9994042755955038,0.6928897394519472,0.9988858837120312
BaEr2F8_12,BaEr2F8,halide,monoclinic,3,0.908097311920564,0.988637562269796,0.08054025034923207,0.9861038164535006
BaF2_225,BaF2,halide,cubic,2,0.908097311920564,0.7355747069950751,-0.17252260492548888,0.7916261814869232
BaGa2_191,BaGa2,intermetallic,hexagonal,2,0.1907116518286679,0.6383089727330021,0.44759732090433424,0.7232324320818359
BaGa4_139,BaGa4,intermetallic,tetragonal,2,0.1907116518286679,0.44546052613764153,0.25474887430897364,0.5705389576588827
BaGaSiH_156,BaGaSiH,hydride,trigonal,4,0.3488563496137112,0.4262554285475582,0.07739907893384701,0.554204726486938
BaGe3Pt_107,BaGe3Pt,intermetallic,monoclinic,3,0.3830855996792478,0.6701685963153836,0.2870829966361358,0.7453214757955242
BaGeF6_166,BaGeF6,halide,trigonal,3,0.908097311920564,0.6911599754080812,-0.21693733651248281,0.7588719607459036
BaGePt_198,BaGePt,intermetallic,cubic,3,0.3830855996792478,0.7319010185242967,0.34881541884504885,0.7909066217630438
BaGe_63,BaGe,intermetallic,orthorhombic,2,0.269188705779996,0.7006032243379307,0.43141451855793467,0.7697535051331965
BaH2_62,BaH2,hydride,orthorhombic,2,0.3488563496137112,0.3632488988321734,0.01439254921846217,0.4978999623055971
BaHfN2_129,BaHfN2,pnictide,tetragonal,3,0.6851393125352938,0.47750127531145226,-0.20763803722384155,0.5968431517229527
BaHfO3_221,BaHfO3,oxide,monoclinic,3,0.8032113561415081,0.624577350823058,-0.17863400531845008,0.710238146878833
BaHg2Pb_225,BaHg2Pb,intermetallic,cubic,3,0.4045274577607302,0.9391553889767931,0.5346279312160629,0.9430521369511339
BaHg2_191,BaHg2,intermetallic,orthorhombic,2,0.2651030546442223,0.8887452354171403,0.623642180772918,0.9047812394847137
BaI2_62,BaI2,halide,orthorhombic,2,0.543069966787304,0.7933689599889963,0.25029899320169224,0.8372947239778624
BaIn4_139,BaIn4,intermetallic,tetragonal,2,0.179650655852134,0.6443140467904903,0.4646633909383563,0.727770415322739
BaIrF6_148,BaIrF6,halide,trigonal,3,0.908097311920564,0.5533338288837923,-0.35476348303677163,0.6553674885765252
BaLi2Si_59,BaLi2Si,intermetallic,orthorhombic,3,0.2251028747092086,0.8327201908534165,0.607617316144208,0.8645156363127902
BaLiAs_187,BaLiAs,pnictide,hexagonal,3,0.3403362213162247,0.81004237697162,0.46970615565539525,0.8484292604676144
BaLiH3_221,BaLiH3,hydride,cubic,3,0.3488563496137112,0.3049709948934931,-0.043885354720218095,0.4411928620137024
BaLiP_194,BaLiP,pnictide,hexagonal,3,0.3445937456731593,0.7548019103380711,0.4102081646649118,0.8086616926864159
BaLiSb_194,BaLiSb,intermetallic,hexagonal,3,0.2856626862640423,0.848719113053207,0.5630564267891647,0.8762000587048255
BaMg2FeH8_164,BaMg2FeH8,hydride,trigonal,4,0.3488563496137112,0.4870496584280439,0.13819330881433267,0.6029679761704698
BaMg2_194,BaMg2,intermetallic,hexagonal,2,0.0431417331380903,0.7256726554874741,0.6825309223493837,0.7863175760177024
BaMgGe_129,BaMgGe,intermetallic,orthorhombic,3,0.269188705779996,0.7390184323667909,0.4698297265867949,0.7966991847410996
BaMgSi_129,BaMgSi,intermetallic,tetragonal,3,0.2251028747092086,0.705544186690836,0.4804413119816274,0.7723832470460514
BaNaBi_189,BaNaBi,intermetallic,hexagonal,3,0.2732879792945981,0.9649910100862236,0.6917030307916254,0.9653475029705262
BaNaCe2C4O12F_194,BaNaCe2C4O12F,halide,hexagonal,6,0.908097311920564,0.522305223726781,-0.38579208819378297,0.631196554799067
BaNaHg2_225,BaNaHg2,intermetallic,cubic,3,0.2651030546442223,0.9888119481515144,0.7237088935072922,0.986729506489809
BaNb2O6_14,BaNb2O6,oxide,monoclinic,3,0.8032113561415081,0.395743947687576,-0.4074674084539321,0.5253370792207214
BaNb4O6_123,BaNb4O6,oxide,tetragonal,3,0.8032113561415081,0.5091516141796206,-0.29405974196188744,0.6208817411839174
BaNbO3_221,BaNbO3,oxide,cubic,3,0.8032113561415081,0.45683312010314364,-0.34637823603836443,0.5778368964158468
BaNd2O4_62,BaNd2O4,oxide,orthorhombic,3,0.8032113561415081,0.5324516254396175,-0.2707597307018905,0.6398538085013759
BaNiSn3_107,BaNiSn3,intermetallic,tetragonal,3,0.2489063991267931,0.9721746801580059,0.7232682810312128,0.9706555785504969
BaO2_139,BaO2,oxide,tetragonal,2,0.8032113561415081,0.5185136450187877,-0.28469771112272035,0.6288041828006036
BaO_225,BaO,oxide,cubic,2,0.8032113561415081,0.5628329559168519,-0.24037840022465617,0.6644030372450076
BaPPt_198,BaPPt,pnictide,cubic,3,0.3830855996792478,0.6144620569875713,0.23137645730832346,0.7046598756725924
BaPaO3_221,BaPaO3,oxide,cubic,3,0.8032113561415081,0.5257964455195391,-0.277414910621969,0.6349561507659434
BaPbF6_166,BaPbF6,halide,trigonal,3,0.908097311920564,0.7656440769720196,-0.14245323494854434,0.8130689474289079
BaPb_63,BaPb,intermetallic,orthorhombic,2,0.4045274577607302,0.8234975076774739,0.4189700499167437,0.8579852712487238
BaPd2_227,BaPd2,intermetallic,cubic,2,0.3488563496137112,0.743171972063973,0.3943156224502618,0.7984965807499805
BaPd5_191,BaPd5,intermetallic,hexagonal,2,0.3488563496137112,0.6121560190995516,0.26329966948584044,0.7020888443326937
BaPdF4_140,BaPdF4,halide,tetragonal,3,0.908097311920564,0.6130550590290932,-0.2950422528914708,0.701550001637938
BaPdS2_63,BaPdS2,chalcogenide,orthorhombic,3,0.5103306932999543,0.8176065272581733,0.307275833958219,0.8520893632206555
BaPt2_227,BaPt2,intermetallic,cubic,2,0.3830855996792478,0.5016894680185012,0.1186038683392534,0.6168138999749944
BaPt5_191,BaPt5,intermetallic,hexagonal,2,0.3830855996792478,0.4020922240921562,0.0190066244129084,0.5322329016507925
BaPt_194,BaPt,intermetallic,hexagonal,2,0.3830855996792478,0.710780257981029,0.3276946583017811,0.7765486694098693
BaRh2_227,BaRh2,intermetallic,monoclinic,2,0.3830855996792478,0.5147932592647899,0.1317076595855421,0.6275436882604201
BaS3_113,BaS3,chalcogenide,tetragonal,2,0.5103306932999543,0.26528985241059305,-0.24504084088936123,0.4030543316811887
BaSO4_62,BaSO4,oxide,orthorhombic,3,0.8032113561415081,0.4391507255156643,-0.36406063062584376,0.5631321260100465
BaS_225,BaS,chalcogenide,cubic,2,0.5103306932999543,0.4547164974817832,-0.055614195818171064,0.5811889504422092
BaSb2Pd_63,BaSb2Pd,intermetallic,orthorhombic,3,0.3488563496137112,0.9281758550091651,0.5793195053954538,0.9343233444879213
BaSb2_11,BaSb2,intermetallic,monoclinic,2,0.2856626862640423,0.7464505376784614,0.4607878514144191,0.8026857484926561
BaSbAu_194,BaSbAu,intermetallic,hexagonal,3,0.4936995443266185,0.8791011163753276,0.3854015720487091,0.8972529366927042
BaSbPt_187,BaSbPt,intermetallic,hexagonal,3,0.3830855996792478,0.793331595978244,0.41024599629899616,0.8351738189548686
BaSe2_15,BaSe2,chalcogenide,monoclinic,2,0.497871893693153,0.5208002135345566,0.022928319841403644,0.6348614768959586
BaSe_225,BaSe,chalcogenide,cubic,2,0.497871893693153,0.6148388664755214,0.11696697278236845,0.7076921957160311
BaSi2O5_62,BaSi2O5,oxide,orthorhombic,3,0.8032113561415081,0.6028838033135779,-0.20032755282793013,0.6942921126296508
BaSi2_62,BaSi2,intermetallic,orthorhombic,2,0.2251028747092086,0.5161954632345209,0.29109258852531233,0.6298083030406558
BaSi_63,BaSi,intermetallic,orthorhombic,2,0.2251028747092086,0.6128682459737268,0.3877653712645182,0.7047893605908432
BaSn2_164,BaSn2,intermetallic,trigonal,2,0.2489063991267931,0.7652514941224783,0.5163450949956851,0.8159790791845043
BaSn3Pd_107,BaSn3Pd,intermetallic,tetragonal,3,0.3488563496137112,0.8925502673247799,0.5436939177110687,0.9070014958260558
BaSn3Pt_107,BaSn3Pt,intermetallic,monoclinic,3,0.3830855996792478,0.8074966366678846,0.4244110369886368,0.8449679494711955
BaSnF6_148,BaSnF6,halide,trigonal,3,0.908097311920564,0.7541337860428847,-0.15396352587767925,0.8046844849204547
BaSnHg_194,BaSnHg,intermetallic,hexagonal,3,0.2651030546442223,0.944500886633174,0.6793978319889518,0.94752144964155
BaSnO3_221,BaSnO3,oxide,cubic,3,0.8032113561415081,0.6188776541040252,-0.1843337020374829,0.7057728666819513
BaSn_63,BaSn,intermetallic,orthorhombic,2,0.2489063991267931,0.830065648164275,0.5811592490374818,0.8627138143830746
BaTaS3_194,BaTaS3,chalcogenide,hexagonal,3,0.5103306932999543,0.26918754707373677,-0.24114314622621752,0.40700338508450057
BaTe2_140,BaTe2,chalcogenide,tetragonal,2,0.3065145361435566,0.7645834274049756,0.45806889126141903,0.8162479707470577
BaTeO3_11,BaTeO3,oxide,monoclinic,3,0.8032113561415081,0.6508165216988127,-0.15239483444269541,0.730279329545461
BaTe_225,BaTe,chalcogenide,cubic,2,0.3065145361435566,0.8167172426885158,0.5102027065449591,0.853689621868226
BaTi(SiO3)3_188,BaTi(SiO3)3,oxide,hexagonal,4,0.8032113561415081,0.5737833987020107,-0.2294279574394974,0.6717936656857637
BaTiF6_166,BaTiF6,halide,trigonal,3,0.908097311920564,0.671771729386668,-0.23632558253389602,0.7447326271484325
BaTiO3_221,BaTiO3,oxide,cubic,3,0.8032113561415081,0.5023064910839756,-0.30090486505753244,0.6150945786206277
BaTiO3_38,BaTiO3,oxide,orthorhombic,3,0.8032113561415081,0.4982662915841859,-0.3049450645573222,0.6118290627457338
BaTl2_194,BaTl2,intermetallic,hexagonal,2,0.1247318653784052,0.7578153642471536,0.6330834988687484,0.8103385702681919
BaTlHg2_225,BaTlHg2,intermetallic,cubic,3,0.2651030546442223,0.9439347503114083,0.678831695667186,0.9468728906766946
BaUO4_57,BaUO4,oxide,orthorhombic,3,0.8032113561415081,0.47784843187136505,-0.325362924270143,0.5955591850501286
BaY2F8_12,BaY2F8,halide,monoclinic,3,0.908097311920564,0.4694724248072763,-0.4386248871132877,0.588012955986259
BaY2O4_62,BaY2O4,oxide,orthorhombic,3,0.8032113561415081,0.4080654034774648,-0.3951459526640433,0.5364362926466962
BaZn2_74,BaZn2,intermetallic,monoclinic,2,0.134458537778234,0.9964708980732472,0.8620123602950132,0.9949544769201144
BaZn5_63,BaZn5,intermetallic,orthorhombic,2,0.134458537778234,0.9896342614260176,0.8551757236477836,0.9873006751881617
BaZnF4_36,BaZnF4,halide,orthorhombic,3,0.908097311920564,0.8897853680918933,-0.01831194382867063,0.9037244379344163
BaZnGe_194,BaZnGe,intermetallic,hexagonal,3,0.269188705779996,0.9964917820618946,0.7273030762818986,0.9949633443573342
BaZnO2_152,BaZnO2,oxide,trigonal,3,0.8032113561415081,0.9509467076554894,0.14773535151398132,0.9520474238513331
BaZnSO_63,BaZnSO,oxide,orthorhombic,4,0.8032113561415081,0.9861266424962736,0.1829152863547655,0.9836765366268456
BaZnSi_194,BaZnSi,intermetallic,hexagonal,3,0.2251028747092086,0.9955201427561648,0.7704172680469563,0.9937836396953849
BaZnSn_194,BaZnSn,intermetallic,hexagonal,3,0.2489063991267931,0.997505116312574,0.7485987171857809,0.9962363653397877
BaZrN2_129,BaZrN2,pnictide,tetragonal,3,0.6851393125352938,0.869374736254066,0.18423542371877222,0.8890489378401399
BaZrO3_140,BaZrO3,oxide,tetragonal,3,0.8032113561415081,0.5483698659172648,-0.2548414902242433,0.6519454675942339
BaZrS3_62,BaZrS3,chalcogenide,orthorhombic,3,0.5103306932999543,0.8166040287565924,0.30627333545663815,0.8514112785178333
Ba_194,Ba,elemental,hexagonal,1,0.0,0.9329680136503888,0.9329680136503888,0.9407162076893192
Ba_229,Ba,elemental,cubic,1,0.0,0.9328128262155797,0.9328128262155797,0.9405967456352717
Be12Mo_139,Be12Mo,intermetallic,tetragonal,2,0.0833458210077793,0.09441719559186784,0.011071374584088536,0.1873232650411161
Be12Nb_139,Be12Nb,intermetallic,tetragonal,2,0.0002249746893983,0.3336359101538459,0.3334109354644476,0.46717428109882025
Be12Pd_139,Be12Pd,intermetallic,tetragonal,2,0.0944610611608639,0.34757123386588806,0.2531101727050242,0.48034816533853264
Be12Pt_139,Be12Pt,intermetallic,tetragonal,2,0.1184071933122511,0.2457187446281704,0.1273115513159193,0.37814548757030786
Be12V_139,Be12V,intermetallic,tetragonal,2,0.0008995951214726,0.10333434753385135,0.10243475241237875,0.20065061410856014
Be12W_139,Be12W,intermetallic,tetragonal,2,0.1444621983413807,0.08412251777394461,-0.06033968056743608,0.1714450239120632
Be17Nb2_166,Be17Nb2,intermetallic,trigonal,2,0.0002249746893983,0.3948866432118303,0.394661668522432,0.5235491563511142
Be17Ru3_204,Be17Ru3,intermetallic,cubic,2,0.0944610611608639,0.23413597458201085,0.13967491342114696,0.3655756874573597
Be22Re_227,Be22Re,intermetallic,cubic,2,0.0268577401186475,0.09469727434066491,0.06783953422201741,0.18775168270578452
Be2C_225,Be2C,boride/carbide,cubic,2,0.2134507977865449,0.1580376516157314,-0.0554131461708135,0.2755975565794825
Be2CoIr_225,Be2CoIr,intermetallic,cubic,3,0.0944610611608639,0.6667956034851484,0.5723345423242845,0.7404249101411812
Be2CoNi_225,Be2CoNi,intermetallic,cubic,3,0.0284863890297042,0.885244045451779,0.8567576564220748,0.8999849388326319
Be2CoPt_225,Be2CoPt,intermetallic,cubic,3,0.1184071933122511,0.6917480673346041,0.573340874022353,0.7587310243811166
Be2Cr_194,Be2Cr,intermetallic,hexagonal,2,0.0020229510707605,0.25463085901478627,0.25260790794402577,0.3876939944560907
Be2CuIr_225,Be2CuIr,intermetallic,trigonal,3,0.0944610611608639,0.9352169899402146,0.8407559287793507,0.9388126519754453
Be2CuPt_225,Be2CuPt,intermetallic,cubic,3,0.1184071933122511,0.9369620763461023,0.8185548830338512,0.9402251315463436
Be2CuRh_225,Be2CuRh,intermetallic,cubic,3,0.1184071933122511,0.9344846359670216,0.8160774426547704,0.9382204059945057
Be2Cu_227,Be2Cu,intermetallic,cubic,2,0.0268577401186475,0.9783209288181558,0.9514631886995083,0.9758986738674078
Be2Fe_194,Be2Fe,intermetallic,hexagonal,2,0.0167579960807445,0.6811042611314883,0.6643462650507438,0.750937952680738
Be2IrPd_225,Be2IrPd,intermetallic,cubic,3,0.0944610611608639,0.5439854494647446,0.4495243883038807,0.6474492074088564
Be2IrPt_225,Be2IrPt,intermetallic,cubic,3,0.1184071933122511,0.39228357970210975,0.2738763863898587,0.5212323946932981
Be2Mo_194,Be2Mo,intermetallic,hexagonal,2,0.0833458210077793,0.12893454243298816,0.04558872142520885,0.23706209183136476
Be2Nb3_127,Be2Nb3,intermetallic,tetragonal,2,0.0002249746893983,0.7395947990811045,0.7393698243917062,0.7943471179398613
Be2Nb_227,Be2Nb,intermetallic,cubic,2,0.0002249746893983,0.6976647784057282,0.6974398037163299,0.7632195581957691
Be2NiIr_225,Be2NiIr,intermetallic,cubic,3,0.0944610611608639,0.8497103008071348,0.7552492396462709,0.8735255616220382
Be2NiPt_225,Be2NiPt,intermetallic,cubic,3,0.1184071933122511,0.8572785505907325,0.7388713572784814,0.8791142965471707
Be2NiRh_225,Be2NiRh,intermetallic,cubic,3,0.1184071933122511,0.8545758711624376,0.7361686778501865,0.8771133123648402
Be2PdPt_225,Be2PdPt,intermetallic,cubic,3,0.1184071933122511,0.5958732318196593,0.47746603850740826,0.6874784591777321
Be2PdRh_225,Be2PdRh,intermetallic,cubic,3,0.1184071933122511,0.5939457235823986,0.47553853027014753,0.6859780455746097
Be2PtRh_225,Be2PtRh,intermetallic,cubic,3,0.1184071933122511,0.46966771569451954,0.35126052238226846,0.5876305789201888
Be2Re_194,Be2Re,intermetallic,hexagonal,2,0.0268577401186475,0.14952256803289443,0.12266482791424693,0.26453377935997024
Be2RhAu_225,Be2RhAu,intermetallic,cubic,3,0.209607008802607,0.5689294934061548,0.3593224846035479,0.6668893848670399
Be2RuAu_225,Be2RuAu,intermetallic,cubic,3,0.209607008802607,0.5006844690190085,0.2910774602164016,0.6130404225653526
Be2RuPt_225,Be2RuPt,intermetallic,cubic,3,0.1184071933122511,0.3893418897750975,0.2709346964628464,0.5186002441171322
Be2V_194,Be2V,intermetallic,hexagonal,2,0.0008995951214726,0.1500370854367703,0.1491374903152977,0.2651939246283917
Be2W_194,Be2W,intermetallic,hexagonal,2,0.1444621983413807,0.10646658186873997,-0.037995616472640714,0.20529908964092117
Be3Fe_221,Be3Fe,intermetallic,cubic,2,0.0167579960807445,0.6066125769638762,0.5898545808831317,0.6955703876048431
Be3N2_206,Be3N2,pnictide,cubic,2,0.4173828512330856,0.31856867091039315,-0.09881418032269246,0.45287724802548374
Be3Nb_166,Be3Nb,intermetallic,trigonal,2,0.0002249746893983,0.6451461130464564,0.6449211383570581,0.7245313833246659
Be3P2_206,Be3P2,pnictide,cubic,2,0.091626825790732,0.12110677958299543,0.029479953792263425,0.22696574161647193
Be3Ru_139,Be3Ru,intermetallic,tetragonal,2,0.0944610611608639,0.2764547622925178,0.18199370113165392,0.41058672403841284
Be4B_129,Be4B,boride/carbide,tetragonal,2,0.053727787248697,0.0900870616472925,0.036359274398595494,0.18077590224234702
Be4TeO7_216,Be4TeO7,oxide,cubic,3,0.5828147870350187,0.5722370915036863,-0.010577695531332365,0.6697725033269135
Be5Au_216,Be5Au,intermetallic,cubic,2,0.209607008802607,0.45663170217749416,0.24702469337488717,0.5767517156277302
Be5Pd_216,Be5Pd,intermetallic,cubic,2,0.0944610611608639,0.4955988452989363,0.4011377841380724,0.6088572901354398
BeAl2O4_62,BeAl2O4,oxide,orthorhombic,3,0.5828147870350187,0.625627928614742,0.04281314157972338,0.71021908111767
BeAlB_216,BeAlB,boride/carbide,cubic,3,0.053727787248697,0.10888805494900414,0.05516026770030714,0.20903105306128816
BeAlIr2_225,BeAlIr2,intermetallic,cubic,3,0.0944610611608639,0.36058567474397385,0.26612461358310996,0.49274466104225695
BeAlRh2_225,BeAlRh2,intermetallic,cubic,3,0.1184071933122511,0.5312596199215552,0.41285242660930416,0.6375909907063534
BeAu2_139,BeAu2,intermetallic,tetragonal,2,0.209607008802607,0.7129196838148241,0.5033126750122171,0.775013546124183
BeAu_198,BeAu,intermetallic,cubic,2,0.209607008802607,0.703603890763794,0.4939968819611871,0.767796918724017
BeBr2_72,BeBr2,halide,orthorhombic,2,0.3830855996792479,0.3671759867619277,-0.01590961291732018,0.5035264981489921
BeCN2_33,BeCN2,pnictide,orthorhombic,3,0.4173828512330856,0.2815266925353342,-0.13585615869775142,0.4157820152980154
BeCo2Ge_225,BeCo2Ge,intermetallic,cubic,3,0.047247390196789,0.8135138154184923,0.7662664252217033,0.8470558505745126
BeCo2Si_225,BeCo2Si,intermetallic,cubic,3,0.0268577401186475,0.8006023411721803,0.7737446010535328,0.837680029662408
BeCo_221,BeCo,intermetallic,cubic,2,0.0237386970797478,0.7935304920517441,0.7697917949719962,0.8325540945317238
BeCrRu2_225,BeCrRu2,intermetallic,cubic,3,0.0944610611608639,0.27521743734244947,0.18075637618158558,0.4094497973009651
BeCu_221,BeCu,intermetallic,cubic,2,0.0268577401186475,0.9782480581397772,0.9513903180211297,0.9758299968587955
BeF2_217,BeF2,halide,cubic,2,0.7659042361216704,0.7394349523859082,-0.026469283735762184,0.7939057349496743
BeFe2Si_225,BeFe2Si,intermetallic,cubic,3,0.0268577401186475,0.6791346862112554,0.6522769460926079,0.7494934772589837
BeFeRh2_225,BeFeRh2,intermetallic,cubic,3,0.1184071933122511,0.5573014303288861,0.43889423701663505,0.6580157254549898
BeGaIr2_225,BeGaIr2,intermetallic,cubic,3,0.0944610611608639,0.36645949192431326,0.2719984307634494,0.4981858108386618
BeGaRh2_225,BeGaRh2,intermetallic,cubic,3,0.1184071933122511,0.5359823056501062,0.4175751123378551,0.6413424329681736
BeGeAs2_122,BeGeAs2,pnictide,tetragonal,3,0.0888292792566213,0.16495634466548165,0.07612706540886034,0.2864506246696339
BeGeN2_33,BeGeN2,pnictide,orthorhombic,3,0.4173828512330856,0.353610957655064,-0.0637718935780216,0.48648098521724004
BeGeP2_122,BeGeP2,pnictide,tetragonal,3,0.091626825790732,0.15341648747360517,0.06178966168287317,0.27122760591080036
BeGeRu2_225,BeGeRu2,intermetallic,cubic,3,0.0944610611608639,0.330981203137191,0.2365201419763271,0.4648685851138316
BeH8SO8_120,BeH8SO8,oxide,tetragonal,4,0.5828147870350187,0.5442071564197096,-0.03860763061530903,0.6483510489330407
BeNbRu2_225,BeNbRu2,intermetallic,cubic,3,0.0944610611608639,0.5540628622712133,0.4596018011103494,0.6560642141657309
BeO_186,BeO,oxide,hexagonal,2,0.5828147870350187,0.584219166703503,0.0014043796684843901,0.6787431799335844
BeP2_15,BeP2,pnictide,monoclinic,2,0.091626825790732,0.1513479733830549,0.05972114759232289,0.2682795997525868
BePd2_139,BePd2,intermetallic,tetragonal,2,0.0944610611608639,0.7118913669894072,0.6174303058285433,0.773868873772112
BePd3_63,BePd3,intermetallic,orthorhombic,2,0.0944610611608639,0.642726163134009,0.548265101973145,0.7233618258589793
BeRh_221,BeRh,intermetallic,cubic,2,0.1184071933122511,0.48606537877413647,0.3676581854618854,0.6011335601061241
BeRu2W_225,BeRu2W,intermetallic,cubic,3,0.1444621983413807,0.3354777536961818,0.19101555535480114,0.46968097772501916
BeSO4_82,BeSO4,oxide,tetragonal,3,0.5828147870350187,0.4818587449962716,-0.10095604203874703,0.5985731955974329
BeS_216,BeS,chalcogenide,cubic,2,0.2251028747092087,0.20121622661170457,-0.023886648097504126,0.32969342863220186
BeSe_216,BeSe,chalcogenide,cubic,2,0.2134507977865449,0.19617534181561982,-0.017275455970925085,0.324268822688295
BeSiAs2_122,BeSiAs2,pnictide,tetragonal,3,0.0888292792566213,0.15824293645471252,0.06941365719809121,0.27774129197754865
BeSiIr2_225,BeSiIr2,intermetallic,cubic,3,0.0944610611608639,0.3236219111270973,0.22916084996623343,0.45771559465248113
BeSiN2_33,BeSiN2,pnictide,orthorhombic,3,0.4173828512330856,0.3448682493092978,-0.07251460192378778,0.47818916463941574
BeSiNi2_225,BeSiNi2,intermetallic,cubic,3,0.0284863890297042,0.9373601071771841,0.9088737181474799,0.9405451035115685
BeSiOs2_225,BeSiOs2,intermetallic,cubic,3,0.0944610611608639,0.21941066442769297,0.12494960326682907,0.34923383668008656
BeSiRu2_225,BeSiRu2,intermetallic,cubic,3,0.0944610611608639,0.30887385270425466,0.21441279154339077,0.4432845993227123
BeTe_216,BeTe,chalcogenide,cubic,2,0.067815945104082,0.2020433653164199,0.1342274202123379,0.3322995869311351
BeTl2F4_62,BeTl2F4,halide,orthorhombic,3,0.7659042361216704,0.9372711262886187,0.1713668901669484,0.9406917336692266
BeVCo2_225,BeVCo2,intermetallic,cubic,3,0.0237386970797478,0.7388556688801765,0.7151169718004287,0.7929944387116722
BeVFe2_225,BeVFe2,intermetallic,orthorhombic,3,0.0167579960807445,0.595948552807724,0.5791905567269795,0.6874933109660047
BeVOs2_225,BeVOs2,intermetallic,cubic,3,0.0944610611608639,0.2091992058150906,0.1147381446542267,0.33786030173411763
BeVRu2_225,BeVRu2,intermetallic,cubic,3,0.0944610611608639,0.2709325959735088,0.17647153481264494,0.4051305940952291
Be_194,Be,elemental,hexagonal,1,0.0,0.05688532445099755,0.05688532445099755,0.12636584755767
Bi2AuO5_130,Bi2AuO5,oxide,tetragonal,3,0.3959510250619746,0.7040705158775683,0.3081194908155937,0.7681572380188777
Bi2O3_14,Bi2O3,oxide,monoclinic,2,0.3959510250619746,0.7501743071392813,0.35422328207730674,0.8020418252565027
Bi2Pd3Se2_12,Bi2Pd3Se2,chalcogenide,monoclinic,3,0.0678159451040819,0.895276932876218,0.8274609877721362,0.9085785375416807
Bi2PdO4_130,Bi2PdO4,oxide,tetragonal,3,0.3959510250619746,0.8191760572682325,0.4232250322062579,0.8517694060734116
Bi2Pt2O7_227,Bi2Pt2O7,oxide,cubic,3,0.3959510250619746,0.6646472697005054,0.26869624463853076,0.7392394527835062
Bi2Rh_14,Bi2Rh,intermetallic,monoclinic,2,0.0167579960807445,0.8282389774068731,0.8114809813261287,0.8595897038253005
Bi2Ru2O7_227,Bi2Ru2O7,oxide,cubic,3,0.3959510250619746,0.6261138468530176,0.23016282179104303,0.7106137592434536
Bi2SO2_58,Bi2SO2,oxide,orthorhombic,3,0.3959510250619746,0.8347938801198892,0.4388428550579146,0.8635470241309294
Bi2Se3_166,Bi2Se3,chalcogenide,trigonal,2,0.0678159451040819,0.39540240823105294,0.32758646312697104,0.5292674240955063
Bi2SeO2_139,Bi2SeO2,oxide,tetragonal,3,0.3959510250619746,0.8658190837916911,0.46986805872971654,0.8864100700545983
Bi2Te2Se_166,Bi2Te2Se,chalcogenide,trigonal,3,0.0678159451040819,0.582673652543603,0.5148577074395211,0.6831079119847567
Bi2Te3_166,Bi2Te3,chalcogenide,trigonal,2,0.0015987206823936,0.5045754969136503,0.5029767762312567,0.623209942169448
Bi3BrO4_123,Bi3BrO4,halide,triclinic,3,0.3959510250619746,0.8780191364673627,0.48206811140538813,0.8952373399573114
BiBr3_14,BiBr3,halide,monoclinic,2,0.1982031440330587,0.5340310132590289,0.3358278692259702,0.6462851474769606
BiBrO_129,BiBrO,halide,tetragonal,3,0.3959510250619746,0.894166930199442,0.49821590513746744,0.9077028492086522
BiCl3_62,BiCl3,halide,orthorhombic,2,0.2774003900098064,0.4245859679651844,0.147185577955378,0.5531485310508932
BiClO_129,BiClO,halide,tetragonal,3,0.3959510250619746,0.789936824786839,0.3939857997248644,0.8310504137039211
BiF3_62,BiF3,halide,orthorhombic,2,0.617260240551931,0.8119691844218003,0.19470894386986937,0.846088994535512
BiF5_87,BiF5,halide,tetragonal,2,0.617260240551931,0.6658944727566255,0.04863423220469454,0.7402851024517895
BiI3_148,BiI3,halide,trigonal,2,0.0973315879190579,0.5957288228590328,0.49839723493997495,0.6951548362161255
BiIO_129,BiIO,halide,tetragonal,3,0.3959510250619746,0.9657806929210052,0.5698296678590307,0.9650502755083877
BiO2_15,BiO2,oxide,monoclinic,2,0.3959510250619746,0.683783879085911,0.2878328540239364,0.753603802516691
BiPbClO2_63,BiPbClO2,halide,orthorhombic,4,0.3959510250619746,0.8255864022242977,0.4296353771623231,0.8569383302157627
BiPd_194,BiPd,intermetallic,orthorhombic,2,0.0080672833944288,0.8999429141529038,0.8918756307584751,0.912078060702324
BiRh_194,BiRh,intermetallic,hexagonal,2,0.0167579960807445,0.7726937607654956,0.7559357646847511,0.8190302924440496
BiTeBr_156,BiTeBr,halide,trigonal,3,0.1982031440330587,0.5806200113438861,0.38241686731082736,0.6816339763497833
BiTeI_156,BiTeI,halide,trigonal,3,0.0973315879190579,0.5356827414701392,0.4383511535510813,0.648257816185155
BiTePd_198,BiTePd,chalcogenide,cubic,3,0.0080672833944288,0.902679725497584,0.8946124421031553,0.9144578178050828
BiTePt_198,BiTePt,chalcogenide,triclinic,3,0.0167579960807445,0.7941351345221179,0.7773771384413735,0.8350908981345242
Bi_166,Bi,elemental,trigonal,1,0.0,0.43229354919196283,0.43229354919196283,0.5635719574845751
BrF3_36,BrF3,halide,orthorhombic,2,0.2290255154998847,0.6623546842440681,0.43332916874418337,0.7380126153690973
Br_64,Br,elemental,orthorhombic,1,0.0,0.3927514968218909,0.3927514968218909,0.5286485666122778
CF4_15,CF4,halide,monoclinic,2,0.4002395778963622,0.2851558814371146,-0.1150836964592476,0.420166787555032
CO2_205,CO2,oxide,cubic,2,0.179650655852134,0.2774016995256035,0.09775104367346951,0.41290558901432906
C_166,C,elemental,trigonal,1,0.0,0.07297351267644821,0.07297351267644821,0.1539955532924825
C_194,C,elemental,hexagonal,1,0.0,0.05795249271164603,0.05795249271164603,0.12823027660070177
C_69,C,elemental,orthorhombic,1,0.0,0.07286630329749992,0.07286630329749992,0.15381723483959828
Ca(Al2Cu)4_139,Ca(Al2Cu)4,intermetallic,tetragonal,3,0.1833135174018891,0.9880253407477959,0.8047118233459069,0.9854954979111531
Ca(AlGa)2_139,Ca(AlGa)2,intermetallic,tetragonal,3,0.1512791964051106,0.637161896465548,0.48588270006043743,0.7204747469803555
Ca(AlGe)2_164,Ca(AlGe)2,intermetallic,trigonal,3,0.2251028747092086,0.6856749476830204,0.4605720729738118,0.756466789621086
Ca(AlSi)2_164,Ca(AlSi)2,intermetallic,trigonal,3,0.1833135174018891,0.6644949601889536,0.48118144278706454,0.7408118012731674
Ca(AlZn)2_139,Ca(AlZn)2,intermetallic,tetragonal,3,0.1002380044323459,0.9954870340816103,0.8952490296492644,0.9936964954884775
Ca(BC)2_140,Ca(BC)2,boride/carbide,tetragonal,3,0.4515312640110873,0.21934629317438872,-0.23218497083669856,0.3496345958637146
Ca(BH4)2_70,Ca(BH4)2,hydride,orthorhombic,3,0.302323673928969,0.24518201931641995,-0.057141654612549025,0.37805199768317294
Ca(BRh)2_70,Ca(BRh)2,boride/carbide,orthorhombic,3,0.3360842366645263,0.4444614819902539,0.10837724532572762,0.5680690694676471
Ca(BeN)2_140,Ca(BeN)2,pnictide,tetragonal,3,0.6466866716413986,0.3995137265420119,-0.2471729450993867,0.5286185656983525
Ca(CdAs)2_164,Ca(CdAs)2,pnictide,trigonal,3,0.2939717301428604,0.9702114559917373,0.6762397258488769,0.9689354753810999
Ca(CdP)2_164,Ca(CdP)2,pnictide,trigonal,3,0.2981425792994557,0.9530087701644098,0.654866190864954,0.9540611505363672
Ca(CdSb)2_164,Ca(CdSb)2,intermetallic,trigonal,3,0.240902461029019,0.9829682677369794,0.7420658067079604,0.9807221283717804
Ca(ClO3)2_14,Ca(ClO3)2,halide,monoclinic,3,0.7742664595807831,0.24543416450715613,-0.528832295073627,0.37878908999604505
Ca(CoAs)2_139,Ca(CoAs)2,pnictide,tetragonal,3,0.2939717301428604,0.859768607508041,0.5657968773651806,0.8817809709984377
Ca(CoGe)2_139,Ca(CoGe)2,intermetallic,tetragonal,3,0.2251028747092086,0.8717944343243653,0.6466915596151568,0.8905586601316624
Ca(CoP)2_139,Ca(CoP)2,pnictide,tetragonal,3,0.2981425792994557,0.7945536694202714,0.4964110901208157,0.8339486933832465
Ca(CuGe)2_139,Ca(CuGe)2,intermetallic,tetragonal,3,0.2251028747092086,0.9867829016808841,0.7616800269716755,0.984284079487426
Ca(CuSn)2_12,Ca(CuSn)2,intermetallic,monoclinic,3,0.2057841473834533,0.9943841402240733,0.78859999284062,0.9924321640640654
Ca(FeAs)2_139,Ca(FeAs)2,pnictide,monoclinic,3,0.2939717301428604,0.8294805856805972,0.5355088555377369,0.8600090451209967
Ca(FeP)2_139,Ca(FeP)2,pnictide,tetragonal,3,0.2981425792994557,0.6992812038757229,0.4011386245762672,0.765273887029581
Ca(GeIr)2_139,Ca(GeIr)2,intermetallic,tetragonal,3,0.302323673928969,0.5568122462189904,0.2544885722900214,0.6594119694779703
Ca(GePd)2_139,Ca(GePd)2,intermetallic,tetragonal,3,0.302323673928969,0.8237821247451363,0.5214584508161674,0.8557775701660766
Ca(GeRu)2_139,Ca(GeRu)2,intermetallic,tetragonal,3,0.302323673928969,0.5595371203310806,0.25721344640211163,0.6617033639508783
Ca(HO)2_164,Ca(HO)2,oxide,monoclinic,3,0.7742664595807831,0.5173871298661898,-0.25687932971459326,0.62724481208269
Ca(MgAs)2_164,Ca(MgAs)2,pnictide,trigonal,3,0.2939717301428604,0.8677713154124782,0.5737995852696178,0.8891381504044621
Ca(NiAs)2_139,Ca(NiAs)2,pnictide,tetragonal,3,0.2939717301428604,0.9545599361894347,0.6605882060465743,0.9551171862011307
Ca(NiP)2_139,Ca(NiP)2,pnictide,tetragonal,3,0.2981425792994557,0.9271570250203175,0.6290144457208617,0.9326251561836763
Ca(PPd)2_139,Ca(PPd)2,pnictide,tetragonal,3,0.302323673928969,0.717517372904717,0.415193698975748,0.7788288161726984
Ca(PRu)2_139,Ca(PRu)2,pnictide,tetragonal,3,0.302323673928969,0.4150119843298213,0.11268831040085231,0.5431071308875958
Ca(SbO3)2_162,Ca(SbO3)2,oxide,trigonal,3,0.7742664595807831,0.4923795187513782,-0.2818869408294049,0.6070519912768098
Ca(SiAu)2_139,Ca(SiAu)2,intermetallic,tetragonal,3,0.4472779356966061,0.7839788449460685,0.3367009092494624,0.8270252160732914
Ca(SiCu)2_139,Ca(SiCu)2,intermetallic,tetragonal,3,0.1833135174018891,0.9839504328521165,0.8006369154502274,0.9814366618724903
Ca(SiNi)2_139,Ca(SiNi)2,intermetallic,tetragonal,3,0.1870006752496121,0.9470703205367319,0.7600696452871198,0.9487432036585538
Ca(SiPd)2_139,Ca(SiPd)2,intermetallic,tetragonal,3,0.302323673928969,0.7911959280803171,0.48887225415134816,0.8320158281630133
Ca(ZnN)2_164,Ca(ZnN)2,pnictide,trigonal,3,0.6466866716413986,0.9566585202640502,0.3099718486226516,0.9567044003239372
Ca(ZnSb)2_164,Ca(ZnSb)2,intermetallic,trigonal,3,0.240902461029019,0.9973103748402642,0.7564079138112452,0.9959637599514299
Ca(ZnSi)2_139,Ca(ZnSi)2,intermetallic,tetragonal,3,0.1833135174018891,0.9938595740646229,0.8105460566627338,0.9918053431669166
Ca2AgPb_225,Ca2AgPb,intermetallic,cubic,3,0.3573949669440663,0.9360286754823706,0.5786337085383042,0.9406507146552536
Ca2AuN_63,Ca2AuN,pnictide,orthorhombic,3,0.6466866716413986,0.31941290186654864,-0.32727376977484995,0.4570144521917425
Ca2Bi_139,Ca2Bi,intermetallic,tetragonal,2,0.2290255154998847,0.9162674401645968,0.6872419246647121,0.9256532503545951
Ca2CdPb_225,Ca2CdPb,intermetallic,cubic,3,0.3573949669440663,0.9705951976952387,0.6132002307511724,0.9694893276168294
Ca2CdSb2_62,Ca2CdSb2,intermetallic,orthorhombic,3,0.240902461029019,0.9686889294130943,0.7277864683840752,0.9677153058476743
Ca2CdSn_225,Ca2CdSn,intermetallic,cubic,3,0.2057841473834533,0.9726662300758985,0.7668820826924452,0.9713447739328969
Ca2CoN2_139,Ca2CoN2,pnictide,tetragonal,3,0.6466866716413986,0.3932677542030643,-0.2534189174383343,0.5242765643175734
Ca2Cu(BrO)2_139,Ca2Cu(BrO)2,halide,tetragonal,4,0.7742664595807831,0.9951776429362283,0.22091118335544524,0.9933515705153577
Ca2Cu_62,Ca2Cu,intermetallic,orthorhombic,2,0.1833135174018891,0.9945607010679672,0.8112471836660782,0.992782843630007
Ca2GaCu2_71,Ca2GaCu2,intermetallic,orthorhombic,3,0.1833135174018891,0.9837313872726292,0.8004178698707402,0.9813618246183909
Ca2GeN2_135,Ca2GeN2,pnictide,tetragonal,3,0.6466866716413986,0.4995304548565687,-0.14715621678482987,0.6136592183272904
Ca2Ge_225,Ca2Ge,intermetallic,cubic,2,0.2251028747092086,0.8934355980400145,0.6683327233308058,0.9085087358767423
Ca2H6Ru_225,Ca2H6Ru,hydride,cubic,3,0.302323673928969,0.32591471561633456,0.023591041687365588,0.4599953661948998
Ca2IN_194,Ca2IN,halide,hexagonal,3,0.6466866716413986,0.8294292564876328,0.18274258484623418,0.8607959354802938
Ca2InN_63,Ca2InN,pnictide,orthorhombic,3,0.6466866716413986,0.9772229395832044,0.3305362679418058,0.9751711256544823
Ca2MgIn_225,Ca2MgIn,intermetallic,cubic,3,0.1410976137921523,0.8946762931596931,0.7535786793675407,0.9086768345382644
Ca2MgTl_225,Ca2MgTl,intermetallic,cubic,3,0.0916268257907321,0.8909722329282058,0.7993454071374737,0.9058810922769539
Ca2NCl_166,Ca2NCl,halide,trigonal,3,0.6885137241525929,0.39956393244008653,-0.2889497917125064,0.5302601659213867
Ca2N_166,Ca2N,pnictide,trigonal,2,0.6466866716413986,0.13431521353646456,-0.512371458104934,0.2461481947587957
Ca2Os2O7_74,Ca2Os2O7,oxide,monoclinic,3,0.7742664595807831,0.22941930477771194,-0.5448471548030711,0.3608632509108768
Ca2Sb_139,Ca2Sb,intermetallic,tetragonal,2,0.240902461029019,0.8835302283468576,0.6426277673178385,0.9007582408419658
Ca2SiIr2_15,Ca2SiIr2,intermetallic,monoclinic,3,0.302323673928969,0.5282202325627067,0.2258965586337377,0.6379913216446089
Ca2SiO4_62,Ca2SiO4,oxide,orthorhombic,3,0.7742664595807831,0.3664732179698189,-0.4077932416109642,0.499077343980494
Ca2Si_225,Ca2Si,intermetallic,cubic,2,0.1833135174018891,0.862634106443047,0.679320589041158,0.8855706620043847
Ca2Si_62,Ca2Si,intermetallic,orthorhombic,2,0.1833135174018891,0.8491699635820773,0.6658564461801882,0.8755928277281938
Ca2SnHg_225,Ca2SnHg,intermetallic,cubic,3,0.2211992169285951,0.9328315915373537,0.7116323746087586,0.9382326405456394
Ca2Sn_62,Ca2Sn,intermetallic,orthorhombic,2,0.2057841473834533,0.9360575639828655,0.7302734165994123,0.9411842846507363
Ca2TlCd_225,Ca2TlCd,intermetallic,cubic,3,0.1122143941556313,0.9712013785333911,0.8589869843777598,0.9699865195142174
Ca2VN3_15,Ca2VN3,pnictide,monoclinic,3,0.6466866716413986,0.17650915295036138,-0.4701775186910372,0.2998965892191794
Ca2ZnN2_139,Ca2ZnN2,pnictide,tetragonal,3,0.6466866716413986,0.9012779258524247,0.25459125421102613,0.9128486888647749
Ca3(AlGe)2_71,Ca3(AlGe)2,intermetallic,monoclinic,3,0.2251028747092086,0.8259517872146447,0.6008489125054362,0.8581447567099401
Ca3(AlSi)2_71,Ca3(AlSi)2,intermetallic,orthorhombic,3,0.1833135174018891,0.8075914396436358,0.6242779222417467,0.8447652070242624
Ca3(GaNi)4_217,Ca3(GaNi)4,intermetallic,cubic,3,0.1870006752496121,0.9678823198124159,0.7808816445628037,0.9666099366405057
Ca3(SiIr)4_217,Ca3(SiIr)4,intermetallic,cubic,3,0.302323673928969,0.5368179243910874,0.23449425046211847,0.6440206161791958
Ca3Al3N5_2,Ca3Al3N5,pnictide,triclinic,3,0.6466866716413986,0.4881160096573184,-0.1585706619840802,0.6046333567643578
Ca3Al7Ag2_166,Ca3Al7Ag2,intermetallic,trigonal,3,0.1944459681757966,0.9228327541992181,0.7283867860234214,0.9295207286213425
Ca3AlN3_14,Ca3AlN3,pnictide,monoclinic,3,0.6466866716413986,0.3884405613216432,-0.2582461103197554,0.519607662423021
Ca3AlSb3_62,Ca3AlSb3,intermetallic,orthorhombic,3,0.240902461029019,0.8755696444007098,0.6346671833716908,0.8946807017543658
Ca3AsBr3_221,Ca3AsBr3,halide,cubic,3,0.617260240551931,0.7893696382297135,0.17210939767778255,0.8328016008458325
Ca3AsCl3_221,Ca3AsCl3,halide,cubic,3,0.6885137241525929,0.6376897269151498,-0.05082399723744313,0.7225664573655192
Ca3AsN_62,Ca3AsN,pnictide,orthorhombic,3,0.6466866716413986,0.738116430232904,0.09142975859150537,0.7953297290051451
Ca3Au4_148,Ca3Au4,intermetallic,trigonal,2,0.4472779356966061,0.43143394628702847,-0.015843989409577652,0.5603637435220402
Ca3BN3_123,Ca3BN3,pnictide,tetragonal,3,0.6466866716413986,0.2899459301862799,-0.3567407414551187,0.4259142451317985
Ca3Cd2_136,Ca3Cd2,intermetallic,tetragonal,2,0.1122143941556313,0.9879942556454573,0.875779861489826,0.9860994438488986
Ca3CdO4_65,Ca3CdO4,oxide,orthorhombic,3,0.7742664595807831,0.3278720208790951,-0.446394438701688,0.4626083309547892
Ca3CrN3_63,Ca3CrN3,pnictide,orthorhombic,3,0.6466866716413986,0.17391399883290506,-0.47277267280849355,0.2972864905435449
Ca3FeN3_176,Ca3FeN3,pnictide,hexagonal,3,0.6466866716413986,0.31432739134940935,-0.33235928029198925,0.4507376269186962
Ca3GaN3_176,Ca3GaN3,pnictide,hexagonal,3,0.6466866716413986,0.38901522230033664,-0.25767144934106195,0.5200732483162972
Ca3GeN_221,Ca3GeN,pnictide,cubic,3,0.6466866716413986,0.816106932888228,0.1694202612468294,0.8513768543445348
Ca3Hg2_127,Ca3Hg2,intermetallic,tetragonal,2,0.2211992169285951,0.8748126006892545,0.6536133837606594,0.8957270799157323
Ca3MnN3_63,Ca3MnN3,pnictide,orthorhombic,3,0.6466866716413986,0.16941548992421818,-0.4772711817171804,0.291609614000225
Ca3MoN3_176,Ca3MoN3,pnictide,monoclinic,3,0.6466866716413986,0.31754297249386404,-0.32914369914753455,0.4547812227934947
Ca3N2_206,Ca3N2,pnictide,cubic,2,0.6466866716413986,0.18325814087675266,-0.46342853076464596,0.30918771879028806
Ca3Ni7B2_166,Ca3Ni7B2,boride/carbide,trigonal,3,0.2369257963986639,0.8247988524981407,0.5878730560994767,0.8558874273764766
Ca3PCl3_221,Ca3PCl3,halide,cubic,3,0.6885137241525929,0.59089684335291,-0.09761688079968289,0.6872717861320637
Ca3PN_221,Ca3PN,pnictide,cubic,3,0.6466866716413986,0.7115226338335248,0.06483596219212617,0.7760271751926121
Ca3SbN_221,Ca3SbN,pnictide,cubic,3,0.6466866716413986,0.7905864240492796,0.143899752407881,0.8327782307246646
Ca3SbP_221,Ca3SbP,pnictide,cubic,3,0.2981425792994557,0.8964276773651311,0.5982850980656753,0.9105939214046006
Ca3SnO_221,Ca3SnO,oxide,cubic,3,0.7742664595807831,0.8825488980370264,0.1082824384562433,0.8995567337256485
Ca3Tl_194,Ca3Tl,intermetallic,hexagonal,2,0.0916268257907321,0.9116169012219227,0.8199900754311906,0.922064701313361
Ca3VN3_63,Ca3VN3,pnictide,orthorhombic,3,0.6466866716413986,0.25896596444027475,-0.38772070720112384,0.39444674931021373
Ca3Zn_63,Ca3Zn,intermetallic,orthorhombic,2,0.1002380044323459,0.9971272273240845,0.8968892228917387,0.9958573881556297
Ca4(H4Rh)3_229,Ca4(H4Rh)3,hydride,cubic,3,0.3360842366645263,0.38143139588145086,0.04534715921692456,0.5116833792187043
Ca4As2O_139,Ca4As2O,oxide,tetragonal,3,0.7742664595807831,0.89105041575573,0.11678395617494686,0.9059383177237289
Ca4Bi2O_139,Ca4Bi2O,oxide,tetragonal,3,0.7742664595807831,0.9447317550705339,0.17046529548975076,0.9476741573497487
Ca4CN4_62,Ca4CN4,pnictide,orthorhombic,3,0.6466866716413986,0.19503842234242455,-0.45164824929897407,0.3225774228666932
Ca4HfN4_2,Ca4HfN4,pnictide,triclinic,3,0.6466866716413986,0.4543012058922568,-0.19238546574914178,0.5772192260756166
Ca4Mg4Fe3H22_215,Ca4Mg4Fe3H22,hydride,cubic,4,0.302323673928969,0.48130170275443507,0.1789780288254661,0.597446122250592
Ca4P2O_139,Ca4P2O,oxide,tetragonal,3,0.7742664595807831,0.8516469259123692,0.07738046633158613,0.8766675103790188
Ca4Sb2O_139,Ca4Sb2O,oxide,tetragonal,3,0.7742664595807831,0.9233841773488815,0.14911771776809835,0.930554369707197
Ca4TiN4_2,Ca4TiN4,pnictide,triclinic,3,0.6466866716413986,0.310837211459392,-0.33584946018200657,0.4471472532403413
Ca4ZrN4_2,Ca4ZrN4,pnictide,triclinic,3,0.6466866716413986,0.3521600950765812,-0.2945265765648174,0.4869448523741925
Ca5(AlSb3)2_55,Ca5(AlSb3)2,intermetallic,orthorhombic,3,0.240902461029019,0.8726218017278917,0.6317193406988727,0.892471664823724
Ca5(CoN2)2_130,Ca5(CoN2)2,pnictide,tetragonal,3,0.6466866716413986,0.46244895634621,-0.18423771529518856,0.5844083993634597
Ca5(InSb3)2_55,Ca5(InSb3)2,intermetallic,orthorhombic,3,0.240902461029019,0.8912845947313157,0.6503821337022967,0.9064004997437232
Ca5Ag3_140,Ca5Ag3,intermetallic,tetragonal,2,0.1944459681757966,0.9285184996660549,0.7340725314902583,0.9358066914275963
Ca5Al2(SiN4)2_60,Ca5Al2(SiN4)2,pnictide,orthorhombic,4,0.6466866716413986,0.41214634156647345,-0.23454033007492514,0.5401101867343778
Ca5Au4_14,Ca5Au4,intermetallic,monoclinic,2,0.4472779356966061,0.5810673845671664,0.13378944887056032,0.6818297411776454
Ca5Bi3_62,Ca5Bi3,intermetallic,orthorhombic,2,0.2290255154998847,0.9256992525446548,0.6966737370447701,0.9330331890484432
Ca5P3O12F_176,Ca5P3O12F,halide,hexagonal,4,0.891401751542897,0.2913485579708513,-0.6000531935720457,0.4264028056823967
Ca5Sb3_193,Ca5Sb3,intermetallic,hexagonal,2,0.240902461029019,0.887950918125767,0.647048457096748,0.9041762167915834
Ca5Si3_140,Ca5Si3,intermetallic,triclinic,2,0.1833135174018891,0.8299250915224151,0.6466115741205261,0.8614898626925959
Ca5Zn3_140,Ca5Zn3,intermetallic,monoclinic,2,0.1002380044323459,0.9974978695628245,0.8972598651304786,0.9963041923856973
Ca6Ag16N_229,Ca6Ag16N,pnictide,cubic,3,0.6466866716413986,0.7707049906191711,0.12401831897777249,0.8183410455995974
Ca6FeN5_193,Ca6FeN5,pnictide,hexagonal,3,0.6466866716413986,0.2588080579771074,-0.3878786136642912,0.3942863316125825
Ca6GaN5_193,Ca6GaN5,pnictide,trigonal,3,0.6466866716413986,0.3748152174782703,-0.2718714541631283,0.5076230659381413
Ca6MnN5_193,Ca6MnN5,pnictide,hexagonal,3,0.6466866716413986,0.18155874880214257,-0.465127922839256,0.30676774747846
Ca6Sn2NF_225,Ca6Sn2NF,halide,cubic,4,0.891401751542897,0.9162564839911881,0.02485473244829106,0.9251296121110849
Ca7SiN6_60,Ca7SiN6,pnictide,orthorhombic,3,0.6466866716413986,0.23741133499649816,-0.40927533664490046,0.3707559223052286
CaAcIn2_225,CaAcIn2,intermetallic,cubic,3,0.1410976137921523,0.8878860052168848,0.7467883914247324,0.9041107160336412
CaAcZn2_225,CaAcZn2,intermetallic,trigonal,3,0.1002380044323459,0.9963202546786456,0.8960822502462997,0.9948160172933109
CaAg2_74,CaAg2,intermetallic,orthorhombic,2,0.1944459681757966,0.7423521305153423,0.5479061623395457,0.7990171171481665
CaAgAs_189,CaAgAs,pnictide,hexagonal,3,0.2939717301428604,0.8856304977290896,0.5916587675862293,0.9015646138726149
CaAgP_189,CaAgP,pnictide,hexagonal,3,0.2981425792994557,0.8378025654068995,0.5396599861074438,0.8661193705723436
CaAg_63,CaAg,intermetallic,orthorhombic,2,0.1944459681757966,0.8753287609727187,0.6808827927969221,0.8954989900394921
CaAl2_227,CaAl2,intermetallic,cubic,2,0.0888292792566213,0.7683031797296902,0.6794739004730689,0.8159550051495903
CaAl4O7_15,CaAl4O7,oxide,monoclinic,3,0.7742664595807831,0.7179338474603321,-0.05633261212045104,0.7793772319260406
CaAl4_139,CaAl4,intermetallic,tetragonal,2,0.0888292792566213,0.6668729438465516,0.5780436645899303,0.7426070974559457
CaAl9Co2_191,CaAl9Co2,intermetallic,hexagonal,3,0.1760125666682968,0.8300989267768886,0.6540863601085918,0.8598759358461319
CaAlAu_62,CaAlAu,intermetallic,orthorhombic,3,0.4472779356966061,0.8221937412551013,0.37491580555849513,0.8550378604106464
CaAlPd_57,CaAlPd,intermetallic,orthorhombic,3,0.302323673928969,0.8424391503764648,0.5401154764474958,0.869645801294763
CaAlSi_187,CaAlSi,intermetallic,hexagonal,3,0.1833135174018891,0.7444798368578928,0.5611663194560037,0.7991417101929293
CaAsAu_194,CaAsAu,pnictide,hexagonal,3,0.4472779356966061,0.7755751593189014,0.3282972236222953,0.8218745208253094
CaAs_189,CaAs,pnictide,hexagonal,2,0.2939717301428604,0.8081469439323613,0.5141752137895009,0.8458760496926729
CaAu2_74,CaAu2,intermetallic,orthorhombic,2,0.4472779356966061,0.4169794902415711,-0.030298445455035017,0.5472426044851212
CaAu5_216,CaAu5,intermetallic,cubic,2,0.4472779356966061,0.30764944103218667,-0.13962849466441946,0.44499418634339355
CaAu_63,CaAu,intermetallic,orthorhombic,2,0.4472779356966061,0.5559141599408889,0.10863622424428276,0.6621828373038653
CaB6_221,CaB6,boride/carbide,cubic,2,0.2369257963986639,0.2022435798937139,-0.034682216504950014,0.3299792498786324
CaBe2(PO4)2_14,CaBe2(PO4)2,oxide,monoclinic,4,0.7742664595807831,0.49158015124539806,-0.28268630833538505,0.606433003182472
CaBiAu_216,CaBiAu,intermetallic,cubic,3,0.4472779356966061,0.8897561617094666,0.44247822601286046,0.9049962216909943
CaBr2_58,CaBr2,halide,orthorhombic,2,0.617260240551931,0.7860364409011639,0.1687762003492329,0.8307287274081278
CaC2_15,CaC2,boride/carbide,monoclinic,2,0.4515312640110873,0.2870958752078008,-0.1644353888032865,0.4234995642129616
CaCN2_166,CaCN2,pnictide,trigonal,3,0.6466866716413986,0.17723125853610444,-0.46945541310529415,0.3008189897226486
CaCO3_167,CaCO3,oxide,trigonal,3,0.7742664595807831,0.2177953687132342,-0.5564710908675489,0.3481057926850586
CaCd2_194,CaCd2,intermetallic,hexagonal,2,0.1122143941556313,0.9549263015294491,0.8427119073738178,0.9564875015324784
CaCd2_74,CaCd2,intermetallic,orthorhombic,2,0.1122143941556313,0.9464535025936041,0.8342391084379728,0.9496634277556171
CaCd3O4_65,CaCd3O4,oxide,orthorhombic,3,0.7742664595807831,0.38576003461519975,-0.38850642496558335,0.5163156387676247
CaCdAu_62,CaCdAu,intermetallic,orthorhombic,3,0.4472779356966061,0.8406581157253807,0.3933801800287746,0.8694807869801283
CaCdHg2_225,CaCdHg2,intermetallic,cubic,3,0.2211992169285951,0.7179033094826844,0.4967040925540893,0.7814379860245629
CaCdSn_189,CaCdSn,intermetallic,hexagonal,3,0.2057841473834533,0.9753206616413953,0.769536514257942,0.9736041373867147
CaCd_221,CaCd,intermetallic,cubic,2,0.1122143941556313,0.966134263571215,0.8539198694155837,0.9661686617657496
CaClF_129,CaClF,halide,tetragonal,3,0.891401751542897,0.8634935613935759,-0.02790819014932111,0.8844791736344446
CaCu5_191,CaCu5,intermetallic,hexagonal,2,0.1833135174018891,0.8456042222452775,0.6622907048433885,0.87137086097837
CaCuAs_194,CaCuAs,pnictide,hexagonal,3,0.2939717301428604,0.9778655830488304,0.68389385290597,0.975768628900571
CaCuF4_140,CaCuF4,halide,tetragonal,3,0.891401751542897,0.5196593252448476,-0.37174242629804943,0.6286229647197547
CaCuP_194,CaCuP,pnictide,hexagonal,3,0.2981425792994557,0.9674980688895986,0.6693554895901428,0.9663186573355388
CaCuSb_194,CaCuSb,intermetallic,hexagonal,3,0.240902461029019,0.9864532207147422,0.7455507596857232,0.9840597907370661
CaDyHg2_225,CaDyHg2,intermetallic,cubic,3,0.2211992169285951,0.9893718929226483,0.7681726759940531,0.9871199464801593
CaF2_225,CaF2,halide,cubic,2,0.891401751542897,0.34395281296808794,-0.5474489385748091,0.47749087315572064
CaGa2_194,CaGa2,intermetallic,hexagonal,2,0.1512791964051106,0.7446286774022889,0.5933494809971783,0.7989761348769311
CaGa3Ni2_63,CaGa3Ni2,intermetallic,orthorhombic,3,0.1870006752496121,0.961573606863169,0.7745729316135568,0.9610163963198909
CaGa4_139,CaGa4,intermetallic,tetragonal,2,0.1512791964051106,0.63993071459542,0.4886515181903094,0.7226519078204405
CaGaN_129,CaGaN,pnictide,tetragonal,3,0.6466866716413986,0.8186254844564198,0.1719388128150212,0.8515940932990498
CaGaPt_62,CaGaPt,intermetallic,orthorhombic,3,0.3360842366645263,0.7127568050877919,0.37667256842326563,0.77601182512019
CaGa_63,CaGa,intermetallic,orthorhombic,2,0.1512791964051106,0.863296478949462,0.7120172825443515,0.8855265747064326
CaGe2_166,CaGe2,intermetallic,trigonal,2,0.2251028747092086,0.7602104533438894,0.5351075786346808,0.8107553288101375
CaGeN2_122,CaGeN2,pnictide,tetragonal,3,0.6466866716413986,0.3733074554672181,-0.2733792161741805,0.5052443116054549
CaGePt_62,CaGePt,intermetallic,orthorhombic,3,0.3360842366645263,0.6701501344173879,0.3340658977528616,0.7450914042080166
CaGe_63,CaGe,intermetallic,orthorhombic,2,0.2251028747092086,0.8208490628497741,0.5957461881405655,0.8546851854772551
CaH2_62,CaH2,hydride,orthorhombic,2,0.302323673928969,0.4173324376335456,0.11500876370457663,0.543739435528083
CaHBr_129,CaHBr,halide,tetragonal,3,0.617260240551931,0.6707541745106302,0.05349393395869928,0.7464095601288915
CaHfN2_166,CaHfN2,pnictide,trigonal,3,0.6466866716413986,0.48206347247702913,-0.16462319916436946,0.5990320196787556
CaHg2_191,CaHg2,intermetallic,hexagonal,2,0.2211992169285951,0.6595418999920639,0.4383426830634688,0.739613872712841
CaHgO2_166,CaHgO2,oxide,trigonal,3,0.7742664595807831,0.21562417218680954,-0.5586422873939736,0.34672566060410454
CaHg_221,CaHg,intermetallic,cubic,2,0.2211992169285951,0.7418743043191535,0.5206750873905583,0.7999540334411812
CaI2_164,CaI2,halide,trigonal,2,0.4978718936931532,0.954378321616059,0.45650642792290574,0.9562013183875423
CaIn2Pt_63,CaIn2Pt,intermetallic,orthorhombic,3,0.3360842366645263,0.8323077396479164,0.4962235029833901,0.8622789412056157
CaInPd_62,CaInPd,intermetallic,monoclinic,3,0.302323673928969,0.8784309683263087,0.5761072943973398,0.896129931300797
CaInPt_62,CaInPt,intermetallic,orthorhombic,3,0.3360842366645263,0.8072627893763669,0.47117855271184056,0.8443099299028199
CaIr2_227,CaIr2,intermetallic,cubic,2,0.302323673928969,0.15227167368299152,-0.15005200024597745,0.270060022440596
CaIrO3_63,CaIrO3,oxide,orthorhombic,3,0.7742664595807831,0.17358759046779362,-0.6006788691129895,0.29533437581734673
CaLaAg2_225,CaLaAg2,intermetallic,cubic,3,0.1944459681757966,0.8759323202196164,0.6814863520438198,0.8955948020880731
CaLaCd2_225,CaLaCd2,intermetallic,cubic,3,0.1122143941556313,0.9698738972829465,0.8576595031273152,0.9692094793940937
CaLaHg2_225,CaLaHg2,intermetallic,cubic,3,0.2211992169285951,0.8154127355464079,0.5942135186178128,0.8518968062999575
CaLaMg2_225,CaLaMg2,intermetallic,cubic,3,0.0237386970797479,0.8403032424029762,0.8165645453232283,0.8685684524303228
CaLaZn2_225,CaLaZn2,intermetallic,trigonal,3,0.1002380044323459,0.9947188635968965,0.8944808591645507,0.9929381143816348
CaMg(CO3)2_148,CaMg(CO3)2,oxide,trigonal,4,0.7742664595807831,0.4799569745745061,-0.294309485006277,0.596822640891396
CaMg(SiO3)2_15,CaMg(SiO3)2,oxide,monoclinic,4,0.7742664595807831,0.6155184232366586,-0.1587480363441245,0.7032031058508885
CaMg2N2_164,CaMg2N2,pnictide,trigonal,3,0.6466866716413986,0.7318239759098679,0.08513730426846933,0.7896667145914233
CaMg2_194,CaMg2,intermetallic,hexagonal,2,0.0237386970797479,0.8576035288533531,0.8338648317736053,0.8808249176593366
CaMgGe_62,CaMgGe,intermetallic,orthorhombic,3,0.2251028747092086,0.841486984040286,0.6163841093310773,0.8693957133584124
CaMgHg2_225,CaMgHg2,intermetallic,cubic,3,0.2211992169285951,0.929496941845674,0.7082977249170789,0.9352847956207877
CaMgPb_62,CaMgPb,intermetallic,orthorhombic,3,0.3573949669440663,0.890173836166733,0.5327788692226667,0.9054541153148279
CaMgSiO4_62,CaMgSiO4,oxide,orthorhombic,4,0.7742664595807831,0.6419793452907591,-0.13228711429002404,0.7231860363988495
CaMgSi_62,CaMgSi,intermetallic,orthorhombic,3,0.1833135174018891,0.8252307456960408,0.6419172282941518,0.8574886663292496
CaMgSn_62,CaMgSn,intermetallic,orthorhombic,3,0.2057841473834533,0.897738275457925,0.6919541280744717,0.911181519625729
CaMgTl2_225,CaMgTl2,intermetallic,cubic,3,0.0916268257907321,0.8485390814233847,0.7569122556326526,0.8746846513463173
CaMnSi_129,CaMnSi,intermetallic,tetragonal,3,0.1833135174018891,0.7037475398874791,0.52043402248559,0.7696039972008861
CaMoN3_12,CaMoN3,pnictide,monoclinic,3,0.6466866716413986,0.22068033628540576,-0.42600633535599286,0.35174109861571545
CaN2_139,CaN2,pnictide,tetragonal,2,0.6466866716413986,0.09151383834458064,-0.555172833296818,0.18351550180777457
CaNdCd2_225,CaNdCd2,intermetallic,cubic,3,0.1122143941556313,0.9271696131383178,0.8149552189826865,0.9346453714465669
CaNdZn2_225,CaNdZn2,intermetallic,trigonal,3,0.1002380044323459,0.9837391292927622,0.8835011248604163,0.9816546524735471
CaNi4B_191,CaNi4B,boride/carbide,hexagonal,3,0.2369257963986639,0.8088797367837818,0.5719539403851179,0.8441304402764396
CaNiGe2_63,CaNiGe2,intermetallic,orthorhombic,3,0.2251028747092086,0.9646900353092139,0.7395871606000053,0.9638372942662453
CaNiN_131,CaNiN,pnictide,tetragonal,3,0.6466866716413986,0.718855935338447,0.07216926369704846,0.779969470837741
CaO_225,CaO,oxide,cubic,2,0.7742664595807831,0.1613749061432139,-0.6128915534375692,0.28059428906176376
CaPAu_194,CaPAu,pnictide,hexagonal,3,0.4472779356966061,0.6956036457801006,0.24832571008349447,0.7639043623434407
CaPHO4_1,CaPHO4,oxide,triclinic,4,0.7742664595807831,0.3870312602751817,-0.3872351993056014,0.5171536323906087
CaPPt_26,CaPPt,pnictide,orthorhombic,3,0.3360842366645263,0.5689711847066083,0.23288694804208204,0.6694359800248629
CaP_189,CaP,pnictide,hexagonal,2,0.2981425792994557,0.7061339828570768,0.40799140355762115,0.77211612107387
CaPb3_221,CaPb3,intermetallic,cubic,2,0.3573949669440663,0.8636876655077028,0.5062926985636365,0.8860971457236237
CaPbF6_225,CaPbF6,halide,cubic,3,0.891401751542897,0.668709495216808,-0.22269225632608902,0.7429537103843182
CaPb_123,CaPb,intermetallic,tetragonal,2,0.3573949669440663,0.9067858813521109,0.5493909144080447,0.9181174697837043
CaPd2_227,CaPd2,intermetallic,cubic,2,0.302323673928969,0.456345957542068,0.15402228361309905,0.5800703886447501
CaPd3O4_223,CaPd3O4,oxide,cubic,3,0.7742664595807831,0.1470734601140348,-0.6271929994667483,0.261936434223473
CaPd5_191,CaPd5,intermetallic,hexagonal,2,0.302323673928969,0.36074160600507577,0.05841793207610679,0.49537234038931677
CaPdF6_148,CaPdF6,halide,trigonal,3,0.891401751542897,0.2610003239899841,-0.630401427552913,0.3951391555291243
CaPdPb_189,CaPdPb,intermetallic,hexagonal,3,0.3573949669440663,0.8779547644412712,0.5205597974972049,0.8958376670670698
CaPd_221,CaPd,intermetallic,cubic,2,0.302323673928969,0.5206526321117456,0.21832895818277664,0.6341701060356373
CaPmAu2_225,CaPmAu2,intermetallic,cubic,3,0.4472779356966061,0.7276139251187589,0.28033598942215276,0.788275620249837
CaPmCd2_225,CaPmCd2,intermetallic,cubic,3,0.1122143941556313,0.9341130870864224,0.8218986929307911,0.9399778757313421
CaPmHg2_225,CaPmHg2,intermetallic,cubic,3,0.2211992169285951,0.7976430017082784,0.5764437847796833,0.839009110222146
CaPmPt2_225,CaPmPt2,intermetallic,cubic,3,0.3360842366645263,0.7035945808523694,0.36751034418784306,0.7703016679704779
CaPmZn2_225,CaPmZn2,intermetallic,cubic,3,0.1002380044323459,0.979291169129539,0.8790531646971931,0.9774536773158737
CaPrCd2_225,CaPrCd2,intermetallic,cubic,3,0.1122143941556313,0.9378079898785792,0.8255935957229479,0.9429320922248996
CaPrHg2_225,CaPrHg2,intermetallic,cubic,3,0.2211992169285951,0.6647773853083374,0.4435781683797423,0.7441906338000781
CaPrZn2_225,CaPrZn2,intermetallic,trigonal,3,0.1002380044323459,0.9889498051329662,0.8887118007006203,0.9867944226126316
CaPt2_227,CaPt2,intermetallic,cubic,2,0.3360842366645263,0.2099821562202013,-0.126102080444325,0.3409403191302048
CaPt5_191,CaPt5,intermetallic,hexagonal,2,0.3360842366645263,0.19170519975051378,-0.14437903691401252,0.31893746418352864
CaPtF6_148,CaPtF6,halide,trigonal,3,0.891401751542897,0.2805047971171179,-0.6108969544257792,0.41544284718055813
CaRh2_227,CaRh2,intermetallic,cubic,2,0.3360842366645263,0.21782001420805566,-0.11826422245647064,0.350131748407662
CaSO4_63,CaSO4,oxide,orthorhombic,3,0.7742664595807831,0.2249879541565045,-0.5492785054242786,0.35601471096580606
CaS_225,CaS,chalcogenide,cubic,2,0.4642566193494153,0.6056216743939018,0.1413650550444865,0.6982622188814465
CaSb2_11,CaSb2,intermetallic,monoclinic,2,0.240902461029019,0.874800458141113,0.6338979971120939,0.8942685301066395
CaSbAu_194,CaSbAu,intermetallic,hexagonal,3,0.4472779356966061,0.8626472432282484,0.41536930753164225,0.884938661025317
CaSbPt_62,CaSbPt,intermetallic,orthorhombic,3,0.3360842366645263,0.7626568207537803,0.42657258408925397,0.8125249618898461
CaSc2O4_62,CaSc2O4,oxide,orthorhombic,3,0.7742664595807831,0.6191664721042971,-0.155099987476486,0.7056234992974636
CaSe_225,CaSe,chalcogenide,cubic,2,0.4515312640110873,0.7540336004124263,0.302502336401339,0.8072066800067121
CaSi2_141,CaSi2,intermetallic,tetragonal,2,0.1833135174018891,0.6796621938840236,0.49634867648213454,0.7520239704930584
CaSi2_164,CaSi2,intermetallic,trigonal,2,0.1833135174018891,0.6945361362155132,0.5112226188136242,0.7629417540595699
CaSi2_166,CaSi2,intermetallic,trigonal,2,0.1833135174018891,0.7073826292767339,0.5240691118748448,0.7723334106557168
CaSi3Pt_107,CaSi3Pt,intermetallic,tetragonal,3,0.3360842366645263,0.6394386231412762,0.3033543864767499,0.7217166384743823
CaSiNi2_194,CaSiNi2,intermetallic,hexagonal,3,0.1870006752496121,0.9415703100652473,0.7545696348156352,0.9443750063221495
CaSiO3_2,CaSiO3,oxide,triclinic,3,0.7742664595807831,0.45463521658898765,-0.31963124299179546,0.5763167504023032
CaSiPd_14,CaSiPd,intermetallic,monoclinic,3,0.302323673928969,0.7874308065816128,0.4851071326526438,0.8297271327527321
CaSiPt_14,CaSiPt,intermetallic,monoclinic,3,0.3360842366645263,0.6723364374928053,0.33625220082827895,0.7466949789695778
CaSiPt_198,CaSiPt,intermetallic,cubic,3,0.3360842366645263,0.6842350874765918,0.3481508508120655,0.7559010126829275
CaSiPt_62,CaSiPt,intermetallic,orthorhombic,3,0.3360842366645263,0.6285157527912383,0.292431516126712,0.7140579951466745
CaSi_63,CaSi,intermetallic,orthorhombic,2,0.1833135174018891,0.7680480477567735,0.5847345303548844,0.8163834319340498
CaSmCd2_225,CaSmCd2,intermetallic,cubic,3,0.1122143941556313,0.9487551061792702,0.8365407120236389,0.9515281711233672
CaSmHg2_225,CaSmHg2,intermetallic,cubic,3,0.2211992169285951,0.8754277769545992,0.654228560026004,0.8949503894332679
CaSmZn2_225,CaSmZn2,intermetallic,trigonal,3,0.1002380044323459,0.9774037903357646,0.8771657859034188,0.9756989012226942
CaSn(BO3)2_148,CaSn(BO3)2,oxide,trigonal,4,0.7742664595807831,0.500674586751037,-0.27359187282974606,0.6137412983670927
CaSn2Ir_63,CaSn2Ir,intermetallic,orthorhombic,3,0.302323673928969,0.7738941954703958,0.47157052154142687,0.8204360763484886
CaSn2Pd_63,CaSn2Pd,intermetallic,orthorhombic,3,0.302323673928969,0.8999218977468485,0.5975982238178795,0.9123436083485315
CaSn2Rh_63,CaSn2Rh,intermetallic,orthorhombic,3,0.3360842366645263,0.8332777477418088,0.49719351107728255,0.8631570201567512
CaSn3_221,CaSn3,intermetallic,cubic,2,0.2057841473834533,0.865101483130972,0.6593173357475187,0.8870965382451423
CaSnN2_33,CaSnN2,pnictide,orthorhombic,3,0.6466866716413986,0.5413366361691547,-0.10535003547224386,0.6470624223941561
CaSnO3_62,CaSnO3,oxide,orthorhombic,3,0.7742664595807831,0.5363673112951688,-0.23789914828561431,0.642079208396716
CaSnPd_62,CaSnPd,intermetallic,orthorhombic,3,0.302323673928969,0.8705237494952606,0.5682000755662916,0.89043337540439
CaSnRh2_225,CaSnRh2,intermetallic,cubic,3,0.3360842366645263,0.672423790569548,0.33633955390502174,0.7461589735159437
CaSn_63,CaSn,intermetallic,orthorhombic,2,0.2057841473834533,0.9132852130953327,0.7075010657118794,0.9231833653164844
CaTe_225,CaTe,chalcogenide,cubic,2,0.2610315117410557,0.8992131339937824,0.6381816222527268,0.9127657202520673
CaTiF6_225,CaTiF6,halide,trigonal,3,0.891401751542897,0.5117113748627676,-0.3796903766801294,0.6228478968177963
CaTiO3_62,CaTiO3,oxide,orthorhombic,3,0.7742664595807831,0.3781067793606024,-0.3961596802201807,0.5088971701491253
CaTiSiO5_14,CaTiSiO5,oxide,monoclinic,4,0.7742664595807831,0.4673562480620197,-0.3069102115187634,0.5865631698338934
CaUO4_166,CaUO4,oxide,trigonal,3,0.7742664595807831,0.21695171868879654,-0.5573147408919865,0.3467606984818612
CaYHg2_225,CaYHg2,intermetallic,cubic,3,0.2211992169285951,0.6223199453459043,0.40112072841730917,0.7127196847971855
CaZn2_194,CaZn2,intermetallic,hexagonal,2,0.1002380044323459,0.9872625756692319,0.887024571236886,0.984971884445216
CaZn2_74,CaZn2,intermetallic,orthorhombic,2,0.1002380044323459,0.9870426474243368,0.8868046429919909,0.9847758355559345
CaZn5_191,CaZn5,intermetallic,hexagonal,2,0.1002380044323459,0.9428110477386787,0.8425730433063329,0.9456535906690982
CaZnGe_194,CaZnGe,intermetallic,hexagonal,3,0.2251028747092086,0.9916785790870108,0.7665757043778023,0.9894589812974256
CaZnSi_194,CaZnSi,intermetallic,hexagonal,3,0.1833135174018891,0.9897090323587586,0.8063955149568696,0.9873458023568247
CaZnSn_186,CaZnSn,intermetallic,hexagonal,3,0.2057841473834533,0.9943846751681045,0.7886005277846512,0.9924591958459289
CaZn_63,CaZn,intermetallic,orthorhombic,2,0.1002380044323459,0.9969068119948994,0.8966688075625535,0.9955501625732778
CaZrN2_166,CaZrN2,pnictide,trigonal,3,0.6466866716413986,0.34877128219606474,-0.29791538944533386,0.48252169306676435
CaZrO3_62,CaZrO3,oxide,orthorhombic,3,0.7742664595807831,0.22375609289502435,-0.5505103666857587,0.3546696643718223
Ca_194,Ca,elemental,hexagonal,1,0.0,0.8625674003681042,0.8625674003681042,0.8886194060491489
Ca_225,Ca,elemental,cubic,1,0.0,0.9133831708366056,0.9133831708366056,0.9258547906834503
Cd(AgI2)2_121,Cd(AgI2)2,halide,tetragonal,3,0.209607008802607,0.9846471638734664,0.7750401550708594,0.9824675765348118
Cd(CuO2)2_88,Cd(CuO2)2,oxide,monoclinic,3,0.5349568118659437,0.5694675336207531,0.034510721754809404,0.6676385149779325
Cd(GaS2)2_82,Cd(GaS2)2,chalcogenide,tetragonal,3,0.179650655852134,0.8823499547006006,0.7026992988484666,0.8988924931210113
Cd(GaSe2)2_82,Cd(GaSe2)2,chalcogenide,tetragonal,3,0.1688126015638291,0.915803685354561,0.7469910837907319,0.9244331142238826
Cd(GaTe2)2_82,Cd(GaTe2)2,chalcogenide,tetragonal,3,0.0411541908723854,0.9605517140660779,0.9193975231936925,0.9607110510261934
Cd(HO)2_8,Cd(HO)2,oxide,triclinic,3,0.5349568118659437,0.7732356220280313,0.23827881016208763,0.8183046326546338
Cd(InS2)2_227,Cd(InS2)2,chalcogenide,cubic,3,0.179650655852134,0.9037868168547442,0.7241361610026101,0.9150657560668216
Cd(InTe2)2_82,Cd(InTe2)2,chalcogenide,tetragonal,3,0.0411541908723854,0.9724477387702565,0.9312935478978711,0.9711243628697093
Cd(NO3)2_29,Cd(NO3)2,oxide,orthorhombic,3,0.5349568118659437,0.21591757750813093,-0.3190392343578128,0.34584184921033484
Cd(PtO2)3_65,Cd(PtO2)3,oxide,orthorhombic,3,0.5349568118659437,0.24815404897614288,-0.2868027628898008,0.3813980480620102
Cd(SbO3)2_162,Cd(SbO3)2,oxide,trigonal,3,0.5349568118659437,0.6428491336346203,0.10789232176867658,0.723330917114473
Cd2AgAu_225,Cd2AgAu,intermetallic,cubic,3,0.1652516693661287,0.43732615138677283,0.2720744820206441,0.5634743806586366
Cd2GeO4_62,Cd2GeO4,oxide,orthorhombic,3,0.5349568118659437,0.6680989528890106,0.13314214102306687,0.7422617711975763
Cd2Hg_139,Cd2Hg,intermetallic,tetragonal,2,0.0237386970797479,0.5606943659592399,0.5369556688794921,0.6653039210796774
Cd2PdRh_225,Cd2PdRh,intermetallic,cubic,3,0.0833458210077793,0.4949315370590284,0.4115857160512491,0.6104432097005003
Cd2PtRh_225,Cd2PtRh,intermetallic,cubic,3,0.0833458210077793,0.5763880115746576,0.49304219056687826,0.6743910827714776
Cd5Au3_140,Cd5Au3,intermetallic,tetragonal,2,0.1652516693661287,0.5180526726900115,0.35280100332388287,0.6301004654556938
CdAg_221,CdAg,intermetallic,cubic,2,0.014296815877557,0.29527653590927044,0.28097972003171345,0.43298460342390177
CdAs2_98,CdAs2,pnictide,tetragonal,2,0.0582590102347919,0.9651237128060476,0.9068647025712557,0.9644099710796816
CdAsPt5_123,CdAsPt5,pnictide,tetragonal,3,0.0833458210077793,0.7082039323692992,0.6248581113615199,0.7717551535572134
CdAu3_221,CdAu3,intermetallic,cubic,2,0.1652516693661287,0.410130355273907,0.2448786859077783,0.5393930137721523
CdAu_157,CdAu,intermetallic,trigonal,2,0.1652516693661287,0.4970182811938669,0.33176661182773814,0.612704041199704
CdAu_51,CdAu,intermetallic,orthorhombic,2,0.1652516693661287,0.5218323656401214,0.3565806962739927,0.6328389263535411
CdBiO3_146,CdBiO3,oxide,triclinic,3,0.5349568118659437,0.7884232600806572,0.25346644821471354,0.8293678522656475
CdCN2_166,CdCN2,pnictide,trigonal,3,0.3659484381419324,0.6315634908823902,0.26561505274045777,0.7153492904347859
CdCO3_167,CdCO3,oxide,trigonal,3,0.5349568118659437,0.34756633088585703,-0.18739048098008665,0.48115926698763184
CdCl2_166,CdCl2,halide,trigonal,2,0.4173828512330857,0.9305457337175917,0.513162882484506,0.9358808759216374
CdCu2GeS4_31,CdCu2GeS4,chalcogenide,orthorhombic,4,0.179650655852134,0.9776939694702842,0.7980433136181502,0.9755248124238942
CdCu2GeSe4_121,CdCu2GeSe4,chalcogenide,tetragonal,4,0.1688126015638291,0.987327638962971,0.8185150373991419,0.9849050128754172
CdCu2_194,CdCu2,intermetallic,hexagonal,2,0.0109644474225218,0.4652094792596648,0.45424503183714304,0.5858748082028177
CdCuF4_140,CdCuF4,halide,tetragonal,3,0.7304563674816744,0.2428205344264868,-0.48763583305518765,0.3754313525998791
CdF2_225,CdF2,halide,cubic,2,0.7304563674816744,0.09115836614592193,-0.6392980013357525,0.18266688869456127
CdGaRh2_225,CdGaRh2,intermetallic,cubic,3,0.0833458210077793,0.8379665698062346,0.7546207487984553,0.8654174713826109
CdGeAs2_122,CdGeAs2,pnictide,tetragonal,3,0.0582590102347919,0.9607525967494186,0.9024935865146267,0.9606007452136622
CdGeP2_122,CdGeP2,pnictide,tetragonal,3,0.0605869371865241,0.9446130604433646,0.8840261232568405,0.9470203643848337
CdHg2_139,CdHg2,intermetallic,tetragonal,2,0.0237386970797479,0.5169473999191156,0.49320870283936774,0.6306424052030809
CdHgO2_166,CdHgO2,oxide,monoclinic,3,0.5349568118659437,0.4027197613139481,-0.13223705055199558,0.5325599693040186
CdI2_156,CdI2,halide,trigonal,2,0.209607008802607,0.993510480955691,0.7839034721530841,0.9915792466336747
CdInRh2_225,CdInRh2,intermetallic,cubic,3,0.0833458210077793,0.8775029118760974,0.7941570908683181,0.8947687922690836
CdNi3N_221,CdNi3N,pnictide,cubic,3,0.3659484381419324,0.3831349294757114,0.01718649133377903,0.5136665959320621
CdO2_205,CdO2,oxide,cubic,2,0.5349568118659437,0.2616066977699803,-0.2733501140959634,0.3960737909920209
CdO_225,CdO,oxide,cubic,2,0.5349568118659437,0.28059239250783796,-0.2543644193581057,0.41573975089505316
CdP4_14,CdP4,pnictide,monoclinic,2,0.0605869371865241,0.8955237144711214,0.8349367772845974,0.9086423854876412
CdPPt5_123,CdPPt5,pnictide,tetragonal,3,0.0833458210077793,0.6134541890638181,0.5301083680560388,0.7018213294249257
CdPd3_139,CdPd3,intermetallic,tetragonal,2,0.0629559630163498,0.2931034261790327,0.23014746316268286,0.429097732139051
CdPd_123,CdPd,intermetallic,tetragonal,2,0.0629559630163498,0.4144817124367595,0.3515257494204097,0.5434102415550526
CdPt_123,CdPt,intermetallic,tetragonal,2,0.0833458210077793,0.6120534023851216,0.5287075813773423,0.7015567120228631
CdSO4_63,CdSO4,oxide,orthorhombic,3,0.5349568118659437,0.37196940063621325,-0.16298741122973043,0.5037410041717805
CdS_186,CdS,chalcogenide,hexagonal,2,0.179650655852134,0.9466276274828855,0.7669769716307515,0.948903104840073
CdSbAu_216,CdSbAu,intermetallic,cubic,3,0.1652516693661287,0.9611524194827724,0.7959007501166437,0.9609834920822408
CdSb_61,CdSb,intermetallic,orthorhombic,2,0.0318807430834372,0.9877119599843669,0.9558312169009296,0.9853787042960386
CdSeO4_63,CdSeO4,oxide,orthorhombic,3,0.5349568118659437,0.5285778762126955,-0.006378935653248208,0.63627090233665
CdSe_186,CdSe,chalcogenide,hexagonal,2,0.1688126015638291,0.9674350462101965,0.7986224446463674,0.9665158924871102
CdSe_216,CdSe,chalcogenide,cubic,2,0.1688126015638291,0.9708920455373541,0.802079443973525,0.9695974728972907
CdSiAs2_122,CdSiAs2,pnictide,tetragonal,3,0.0582590102347919,0.9549410759180469,0.896682065683255,0.9556406860690612
CdSiP2_122,CdSiP2,pnictide,tetragonal,3,0.0605869371865241,0.9373085985598721,0.8767216613733481,0.9410677436627154
CdSnAs2_122,CdSnAs2,pnictide,tetragonal,3,0.0582590102347919,0.9727601327459736,0.9145011225111818,0.9711784437456603
CdSnF6_148,CdSnF6,halide,trigonal,3,0.7304563674816744,0.7042390377839871,-0.026217329697687308,0.7687906017177911
CdSnP2_122,CdSnP2,pnictide,tetragonal,3,0.0605869371865241,0.9617700276132946,0.9011830904267705,0.9614431463456935
CdSnSb2_122,CdSnSb2,intermetallic,tetragonal,3,0.0318807430834372,0.9866418821844615,0.9547611391010242,0.9843514227701088
CdTe_216,CdTe,chalcogenide,cubic,2,0.0411541908723854,0.9889413487381994,0.947787157865814,0.9867008640674035
Cd_194,Cd,elemental,hexagonal,1,0.0,0.3297055149932557,0.3297055149932557,0.4696306023067294
Ce(CoGe)2_139,Ce(CoGe)2,intermetallic,tetragonal,3,0.1796506558521339,0.873842400051785,0.6941917441996511,0.8922027821797561
Ce(CoP)2_139,Ce(CoP)2,pnictide,tetragonal,3,0.2489063991267931,0.8019378847157211,0.553031485588928,0.8393905510931629
Ce(CoSi)2_139,Ce(CoSi)2,intermetallic,tetragonal,3,0.1410976137921523,0.8447344011211406,0.7036367873289884,0.8705237173249036
Ce(CuSi)2_139,Ce(CuSi)2,intermetallic,tetragonal,3,0.1410976137921523,0.984282732507173,0.8431851187150208,0.9817706631345167
Ce(FeP)2_139,Ce(FeP)2,pnictide,tetragonal,3,0.2489063991267931,0.7190742337151809,0.47016783458838773,0.7798615107377296
Ce(FeP3)4_204,Ce(FeP3)4,pnictide,cubic,3,0.2489063991267931,0.6357491545112384,0.38684275538444524,0.7182682991465608
Ce(FeSi)2_139,Ce(FeSi)2,intermetallic,tetragonal,3,0.1410976137921523,0.7403325330162931,0.5992349192241408,0.7950254431485139
Ce(GePt)2_129,Ce(GePt)2,intermetallic,tetragonal,3,0.2856626862640423,0.6604038063884228,0.3747411201243805,0.7377801219328598
Ce(NiP)2_139,Ce(NiP)2,pnictide,tetragonal,3,0.2489063991267931,0.9343890480840193,0.6854826489572262,0.9384478206819367
Ce(Re2Si)2_65,Ce(Re2Si)2,intermetallic,orthorhombic,3,0.1410976137921523,0.3345221112120666,0.1934244974199143,0.4699849475444856
Ce(SiAu)2_139,Ce(SiAu)2,intermetallic,tetragonal,3,0.3959510250619746,0.7706345591319702,0.3746835340699956,0.8174028953790461
Ce(SiOs)2_139,Ce(SiOs)2,intermetallic,tetragonal,3,0.2529326968628044,0.41623824993259273,0.16330555306978833,0.5444253981122352
Ce(SiPd)2_139,Ce(SiPd)2,intermetallic,tetragonal,3,0.2529326968628044,0.7872129460430539,0.5342802491802495,0.8291926184950261
Ce(SiRh)2_139,Ce(SiRh)2,intermetallic,tetragonal,3,0.2856626862640423,0.624344005288858,0.33868131902481574,0.7105427840031877
Ce2C3_220,Ce2C3,boride/carbide,cubic,2,0.4002395778963621,0.17391353724669734,-0.22632604064966477,0.2968962764417824
Ce2CdPt2_127,Ce2CdPt2,intermetallic,orthorhombic,3,0.2856626862640423,0.7187345628718039,0.43307187660776164,0.7816675053026029
Ce2Fe12P7_174,Ce2Fe12P7,pnictide,hexagonal,3,0.2489063991267931,0.618969230323738,0.37006283119694483,0.7055170203452901
Ce2InGe2_127,Ce2InGe2,intermetallic,orthorhombic,3,0.1796506558521339,0.7822147470834788,0.6025640912313449,0.8268277124895853
Ce2MgGe2_127,Ce2MgGe2,intermetallic,tetragonal,3,0.1796506558521339,0.7932698781654316,0.6136192223132977,0.8347300343022522
Ce2MgSi2_127,Ce2MgSi2,intermetallic,tetragonal,3,0.1410976137921523,0.75137575539815,0.6102781416059977,0.8043691152972198
Ce2Mo2C3_12,Ce2Mo2C3,boride/carbide,monoclinic,3,0.4002395778963621,0.2635296291812143,-0.1367099487151478,0.3991766953743037
Ce2Pd2Pb_127,Ce2Pd2Pb,intermetallic,orthorhombic,3,0.3065145361435566,0.8991776789240519,0.5926631427804953,0.9119089886522572
Ce2Re2Si2C_12,Ce2Re2Si2C,boride/carbide,monoclinic,4,0.4002395778963621,0.46756240234837787,0.06732282445201576,0.5883713103439805
Ce2SbO2_139,Ce2SbO2,oxide,monoclinic,3,0.7396165690769709,0.9313845616807387,0.19176799260376776,0.9364577423744144
Ce2Zn17_166,Ce2Zn17,intermetallic,trigonal,2,0.0678159451040819,0.908873901565574,0.8410579564614922,0.9188002861754078
Ce3(TaN3)2_139,Ce3(TaN3)2,pnictide,tetragonal,3,0.6021180795487953,0.31855417716200635,-0.2835639023867889,0.4543143619175419
Ce3AlC_221,Ce3AlC,boride/carbide,cubic,3,0.4002395778963621,0.776341119551028,0.3761015416546659,0.8225973117491568
Ce3Al_221,Ce3Al,intermetallic,cubic,2,0.0582590102347919,0.8233017444051183,0.7650427341703264,0.8567152505458611
Ce3Ga_221,Ce3Ga,intermetallic,cubic,2,0.1122143941556313,0.8312081602335455,0.7189937660779142,0.8625629826191525
Ce3Pb_221,Ce3Pb,intermetallic,orthorhombic,2,0.3065145361435566,0.8663301972140012,0.5598156610704446,0.8883029692125223
Ce3Sn_221,Ce3Sn,intermetallic,cubic,2,0.1617173967757664,0.8665963705326178,0.7048789737568515,0.8884776941922786
Ce3Te4_220,Ce3Te4,chalcogenide,cubic,2,0.213450797786545,0.8494467509934923,0.6359959532069474,0.8761149179954028
CeAl2_227,CeAl2,intermetallic,cubic,2,0.0582590102347919,0.7006460659038445,0.6423870556690526,0.7671046538333403
CeAl3Ni2_191,CeAl3Ni2,intermetallic,hexagonal,3,0.1444621983413807,0.9600283700068046,0.8155661716654239,0.9596668981362964
CeAl3Pd2_191,CeAl3Pd2,intermetallic,hexagonal,3,0.2529326968628044,0.837511249055664,0.5845785521928596,0.8654678353675929
CeAl3_194,CeAl3,intermetallic,orthorhombic,2,0.0582590102347919,0.6307358767828546,0.5724768665480627,0.7158246854861795
CeAl4Co_51,CeAl4Co,intermetallic,orthorhombic,3,0.1344585377782339,0.833197332632513,0.6987387948542791,0.8622304087457253
CeAl4Ni_63,CeAl4Ni,intermetallic,orthorhombic,3,0.1444621983413807,0.9518509975205761,0.8073887991791955,0.9528209789721368
CeAl5Ni2_71,CeAl5Ni2,intermetallic,orthorhombic,3,0.1444621983413807,0.9511444134252102,0.8066822150838295,0.9521787574942326
CeAlNi_189,CeAlNi,intermetallic,hexagonal,3,0.1444621983413807,0.9542176138671324,0.8097554155257518,0.954850607082122
CeAs_225,CeAs,pnictide,cubic,2,0.2448961579109765,0.7664836558067074,0.5215874978957309,0.8163903929958618
CeB2Ir3_191,CeB2Ir3,boride/carbide,hexagonal,3,0.2529326968628044,0.25320173877321206,0.00026904191040766356,0.3874452951502945
CeB2Rh3_191,CeB2Rh3,boride/carbide,hexagonal,3,0.2856626862640423,0.38807419054951997,0.10241150428547768,0.5188077571539066
CeB6_221,CeB6,boride/carbide,tetragonal,2,0.1907116518286679,0.17162490940770073,-0.019086742420967168,0.2932693781615701
CeBPt3_99,CeBPt3,boride/carbide,tetragonal,3,0.2856626862640423,0.3641655901949716,0.07850290393092929,0.4977198282141409
CeBRh3_221,CeBRh3,boride/carbide,cubic,3,0.2856626862640423,0.3357495130003691,0.050086826736326806,0.4710952285677155
CeBi_225,CeBi,intermetallic,cubic,2,0.1833135174018891,0.8940178175926381,0.710704300190749,0.9089549000743186
CeCd2_191,CeCd2,intermetallic,trigonal,2,0.0780137787946897,0.9154196456103009,0.8374058668156111,0.9249879512680511
CeCd3_225,CeCd3,intermetallic,cubic,2,0.0780137787946897,0.8917622834095997,0.81374850461491,0.9072002141870471
CeCdNi4_216,CeCdNi4,intermetallic,cubic,3,0.1444621983413807,0.6403925372443207,0.49593033890293997,0.7220368029908393
CeCoC2_9,CeCoC2,boride/carbide,monoclinic,3,0.4002395778963621,0.5133147495264949,0.11307517163013281,0.6243351773317974
CeCuGe_194,CeCuGe,intermetallic,hexagonal,3,0.1796506558521339,0.9846001499900997,0.8049494941379658,0.9822189172839028
CeCuS2_14,CeCuS2,chalcogenide,monoclinic,3,0.413099512040662,0.9734528488245718,0.5603533367839099,0.9716893864641211
CeCuSi_194,CeCuSi,intermetallic,trigonal,3,0.1410976137921523,0.9802296256532952,0.839132011861143,0.9779620876753086
CeFe2_227,CeFe2,intermetallic,cubic,2,0.1184071933122512,0.4572447641444865,0.3388375708322353,0.580402522345166
CeFeSi_129,CeFeSi,intermetallic,tetragonal,3,0.1410976137921523,0.786453548876412,0.6453559350842597,0.8287281515054715
CeGa3Pd2_191,CeGa3Pd2,intermetallic,hexagonal,3,0.2529326968628044,0.8391602561145194,0.586227559251715,0.8666787656207443
CeGaCo_12,CeGaCo,intermetallic,monoclinic,3,0.1344585377782339,0.9099720088584655,0.7755134710802316,0.9195397661689821
CeGe3Rh_107,CeGe3Rh,intermetallic,tetragonal,3,0.2856626862640423,0.6989204214759158,0.41325773521187353,0.7660050899023699
CeGeRh_62,CeGeRh,intermetallic,monoclinic,3,0.2856626862640423,0.6728067842182855,0.38714409795424326,0.7471773897862226
CeHg2_191,CeHg2,intermetallic,hexagonal,2,0.1760125666682968,0.6575682901468182,0.4815557234785214,0.737602003298582
CeIr2_227,CeIr2,intermetallic,cubic,2,0.2529326968628044,0.1303700469815397,-0.1225626498812647,0.2407681814310327
CeMg3_225,CeMg3,intermetallic,cubic,2,0.0089843969268881,0.738515287500837,0.7295308905739488,0.7948834009594522
CeMgPt_189,CeMgPt,intermetallic,monoclinic,3,0.2856626862640423,0.8835306285596478,0.5978679422956055,0.9003912567797324
CeMgZn2_225,CeMgZn2,intermetallic,cubic,3,0.0678159451040819,0.9962444846523387,0.9284285395482568,0.994635718841342
CeN_225,CeN,pnictide,cubic,2,0.6021180795487953,0.12502444519357872,-0.47709363435521657,0.23308702619949856
CeNi5_191,CeNi5,intermetallic,hexagonal,2,0.1444621983413807,0.6947813698558553,0.5503191715144746,0.7619088538896502
CeNi_63,CeNi,intermetallic,orthorhombic,2,0.1444621983413807,0.9182915746034481,0.7738293762620674,0.9264885509069308
CeO2_225,CeO2,oxide,cubic,2,0.7396165690769709,0.2155392166615633,-0.5240773524154076,0.3452554742363628
CeO_225,CeO,oxide,cubic,2,0.7396165690769709,0.3246982294414711,-0.41491833963549984,0.46035349024372135
CePPd_194,CePPd,pnictide,hexagonal,3,0.2529326968628044,0.7331251914927602,0.48019249462995583,0.7910508370533601
CePRuO_129,CePRuO,oxide,tetragonal,4,0.7396165690769709,0.6677248701165293,-0.07189169896044167,0.7425664911062105
CeP_225,CeP,pnictide,cubic,2,0.2489063991267931,0.6507287924775641,0.40182239335077097,0.732139204501962
CePb3_221,CePb3,intermetallic,cubic,2,0.3065145361435566,0.8077300145494414,0.5012154784058848,0.8454663413757695
CePd7_225,CePd7,intermetallic,cubic,2,0.2529326968628044,0.2138759284001298,-0.039056768462674585,0.3443292526633324
CeRh2_227,CeRh2,intermetallic,cubic,2,0.2856626862640423,0.26387942671074155,-0.021783259553300738,0.4002765723324057
CeRh3_221,CeRh3,intermetallic,cubic,2,0.2856626862640423,0.1540637248249835,-0.13159896143905878,0.27184938597808184
CeSF_129,CeSF,halide,tetragonal,3,0.8706068713567087,0.9119991979286495,0.04139232657194081,0.9211001614653037
CeS_225,CeS,chalcogenide,cubic,2,0.413099512040662,0.46497520079654336,0.05187568875588139,0.5875547270176813
CeSe_225,CeSe,chalcogenide,cubic,2,0.4002395778963621,0.6842998654737706,0.28406028757740853,0.7573007455771376
CeSi2Ir3_74,CeSi2Ir3,intermetallic,orthorhombic,3,0.2529326968628044,0.40289421515283746,0.14996151829003307,0.5323309769321894
CeSi2_141,CeSi2,intermetallic,orthorhombic,2,0.1410976137921523,0.570697572613262,0.42959995882110974,0.6705868267747945
CeSiHRu_129,CeSiHRu,hydride,tetragonal,4,0.2529326968628044,0.5188249702139218,0.2658922733511174,0.6293955966363187
CeSiOs_129,CeSiOs,intermetallic,tetragonal,3,0.2529326968628044,0.47530018387228995,0.22236748700948555,0.5952015404992501
CeSi_62,CeSi,intermetallic,monoclinic,2,0.1410976137921523,0.7035352723043193,0.5624376585121671,0.7701809671930723
CeSn3_221,CeSn3,intermetallic,cubic,2,0.1617173967757664,0.7916320036766522,0.6299146069008859,0.8337935259810617
CeSnPd_62,CeSnPd,intermetallic,orthorhombic,3,0.2529326968628044,0.8650768993197573,0.6121442024569529,0.8864578344914501
CeTlAu2_225,CeTlAu2,intermetallic,cubic,3,0.3959510250619746,0.8502583510804207,0.4543073260184461,0.8754515315850988
CeZn2_74,CeZn2,intermetallic,triclinic,2,0.0678159451040819,0.9883346525307811,0.9205187074266992,0.9860409607132984
CeZn3Cu2_191,CeZn3Cu2,intermetallic,hexagonal,3,0.1410976137921523,0.9360283147445595,0.7949307009524071,0.9400891370145452
CeZn3Pd2_191,CeZn3Pd2,intermetallic,hexagonal,3,0.2529326968628044,0.9616618270262431,0.7087291301634387,0.9613117698322213
Ce_225,Ce,elemental,cubic,1,0.0,0.3585012327665172,0.3585012327665172,0.4971431299173095
Co(BW)2_71,Co(BW)2,boride/carbide,orthorhombic,3,0.0559725170821643,0.6174730092596502,0.5615004921774859,0.703969732070317
Co2CuGe2_51,Co2CuGe2,intermetallic,orthorhombic,3,0.0042160872440494,0.9632128924263678,0.9589968051823183,0.9622981842542898
Co2P_62,Co2P,pnictide,orthorhombic,2,0.0237386970797479,0.6987295548879308,0.6749908578081829,0.7639702035224076
Co2Si_62,Co2Si,intermetallic,orthorhombic,2,9.999500016666384e-05,0.7731577513878806,0.7730577563877139,0.8178614317455433
Co3(SnS)2_166,Co3(SnS)2,chalcogenide,trigonal,3,0.1152940950565165,0.9043185543318479,0.7890244592753315,0.9148965820357806
Co3Mo_194,Co3Mo,intermetallic,hexagonal,2,0.0194091687975717,0.6354890769169687,0.616079908119397,0.7174686202999137
Co3Pt_194,Co3Pt,intermetallic,orthorhombic,2,0.0392105608476768,0.2519100325669461,0.2126994717192693,0.38515293862656236
Co3S4_227,Co3S4,chalcogenide,cubic,2,0.1152940950565165,0.7629263770296031,0.6476322819730866,0.8112531499129131
Co3Se4_227,Co3Se4,chalcogenide,monoclinic,2,0.1061568798287821,0.8473177388280877,0.7411608589993056,0.8726208638753109
Co3SnC_221,Co3SnC,boride/carbide,cubic,3,0.1061568798287821,0.8058946678489829,0.6997377880202008,0.841757505445775
Co3W_194,Co3W,intermetallic,hexagonal,2,0.0559725170821643,0.6836131596491055,0.6276406425669412,0.7530012468391862
CoAs2_14,CoAs2,pnictide,monoclinic,2,0.0222487628066636,0.8598071759081479,0.8375584131014844,0.8815845748217866
CoAs3_204,CoAs3,pnictide,cubic,2,0.0222487628066636,0.8417141627145365,0.8194653999078729,0.8684694851194422
CoAsS_31,CoAsS,chalcogenide,orthorhombic,3,0.1152940950565165,0.8026906828937495,0.687396587837233,0.8398564487467407
CoBW_62,CoBW,boride/carbide,orthorhombic,3,0.0559725170821643,0.7443801481581369,0.6884076310759726,0.7971258483456533
CoB_62,CoB,boride/carbide,orthorhombic,2,0.006379563620851,0.6765023235522217,0.6701227599313707,0.7475798097168611
CoGe_12,CoGe,intermetallic,monoclinic,2,0.0042160872440494,0.8828725396917629,0.8786564524477135,0.8984396088001229
CoMoP2_194,CoMoP2,pnictide,hexagonal,3,0.0237386970797479,0.7758028082516549,0.7520641111719071,0.8202485378706923
CoMoP_62,CoMoP,pnictide,orthorhombic,3,0.0237386970797479,0.7490279234616222,0.7252892263818743,0.8006491614533192
CoO_216,CoO,oxide,cubic,2,0.4557790736747926,0.16124938399597144,-0.29452968967882115,0.2806873253996184
CoP2_14,CoP2,pnictide,monoclinic,2,0.0237386970797479,0.7991516454290835,0.7754129483493356,0.8370841859554919
CoP3_204,CoP3,pnictide,cubic,2,0.0237386970797479,0.7636953594830841,0.7399566624033362,0.8115887572690105
CoPt3_221,CoPt3,intermetallic,cubic,2,0.0392105608476768,0.2577496213783255,0.21853906053064873,0.39191308427501287
CoPt_123,CoPt,intermetallic,tetragonal,2,0.0392105608476768,0.28589491168576336,0.24668435083808657,0.42085614546911065
CoRe3_194,CoRe3,intermetallic,hexagonal,2,9.999500016666384e-05,0.6162008803245071,0.6161008853243405,0.70341735332069
CoS2_205,CoS2,chalcogenide,cubic,2,0.1152940950565165,0.7200198542859257,0.6047257592294093,0.7801004114718946
CoSb2_14,CoSb2,intermetallic,monoclinic,2,0.0071989624323787,0.93602888465082,0.9288299222184413,0.9400766209799511
CoSb2_58,CoSb2,intermetallic,orthorhombic,2,0.0071989624323787,0.9355846814420359,0.9283857190096572,0.9397251591038923
CoSb3_204,CoSb3,intermetallic,cubic,2,0.0071989624323787,0.9341038131820084,0.9269048507496297,0.9387052171119039
CoSbS_61,CoSbS,chalcogenide,orthorhombic,3,0.1152940950565165,0.8743320647458244,0.7590379696893079,0.8924680775093295
CoSb_194,CoSb,intermetallic,hexagonal,2,0.0071989624323787,0.918040613347047,0.9108416509146683,0.9256051750348097
CoSe2_58,CoSe2,chalcogenide,orthorhombic,2,0.1061568798287821,0.8357020057356157,0.7295451259068336,0.8641320279792954
CoSi2_225,CoSi2,intermetallic,cubic,2,9.999500016666384e-05,0.819706289581684,0.8196062945815173,0.8518525865694091
CoSi_198,CoSi,intermetallic,cubic,2,9.999500016666384e-05,0.8230925927348719,0.8229925977347052,0.8540846362145054
CoSn2_140,CoSn2,intermetallic,tetragonal,2,0.0015987206823936,0.9401769576593746,0.938578236976981,0.9432782016073449
CoSn_191,CoSn,intermetallic,hexagonal,2,0.0015987206823936,0.9415723168299055,0.9399735961475119,0.9442720857942283
CoTc3_194,CoTc3,intermetallic,hexagonal,2,9.999500016666384e-05,0.5169203624657442,0.5168203674655776,0.6266673700143363
CoTe2_58,CoTe2,chalcogenide,orthorhombic,2,0.0120270893691617,0.933219662686743,0.9211925733175812,0.9379566623608588
Co_194,Co,elemental,hexagonal,1,0.0,0.060657557035217156,0.060657557035217156,0.1330118120799263
Co_225,Co,elemental,cubic,1,0.0,0.06119394151191277,0.06119394151191277,0.13394798806860833
Cr2CuS4_227,Cr2CuS4,chalcogenide,cubic,3,0.190711651828668,0.8855923938958511,0.6948807420671831,0.9009573243471458
Cr2GaC_194,Cr2GaC,boride/carbide,hexagonal,3,0.1796506558521339,0.5813801876855439,0.40172953183341,0.6768397193680561
Cr2HgSe4_227,Cr2HgSe4,chalcogenide,cubic,3,0.1796506558521339,0.6715888304539378,0.4919381746018039,0.7464199141579714
Cr2Ir2C_166,Cr2Ir2C,boride/carbide,trigonal,3,0.1796506558521339,0.08140267077831398,-0.09824798507381993,0.16749614499947432
Cr2O3_167,Cr2O3,oxide,trigonal,2,0.5471072787601055,0.24433241283906418,-0.3027748659210413,0.3770809906384886
Cr2Se3_148,Cr2Se3,chalcogenide,trigonal,2,0.1796506558521339,0.41641549455700205,0.23676483870486814,0.545454568202995
Cr2Te3_163,Cr2Te3,chalcogenide,trigonal,2,0.047247390196789,0.6675139972402423,0.6202666070434533,0.7445162492122896
Cr3C2_62,Cr3C2,boride/carbide,orthorhombic,2,0.1796506558521339,0.08863535606228827,-0.09101529978984564,0.17853398382947477
Cr3C2_63,Cr3C2,boride/carbide,orthorhombic,2,0.1796506558521339,0.08965935641536127,-0.08999129943677264,0.18018924012801293
Cr3Ir_223,Cr3Ir,intermetallic,cubic,2,0.0703062052430456,0.08436837168332338,0.014062166440277787,0.17214246458243948
Cr3Os_223,Cr3Os,intermetallic,cubic,2,0.0703062052430456,0.08522184048648354,0.014915635243437947,0.17350465194924067
Cr3Ru_223,Cr3Ru,intermetallic,cubic,2,0.0703062052430456,0.08095078582433882,0.010644580581293223,0.16675027684466145
Cr3Si_223,Cr3Si,intermetallic,cubic,2,0.014296815877557,0.22504965638985294,0.21075284051229595,0.3555525972856373
Cr5O12_60,Cr5O12,oxide,orthorhombic,2,0.5471072787601055,0.21391178799479768,-0.33319549076530774,0.3438024664157325
Cr5Si3_140,Cr5Si3,intermetallic,tetragonal,2,0.014296815877557,0.2642729244667304,0.2499761085891734,0.3981820175064638
CrAgSe2_160,CrAgSe2,chalcogenide,trigonal,3,0.1796506558521339,0.8229600194573707,0.6433093636052368,0.8554370599723424
CrB4_58,CrB4,boride/carbide,orthorhombic,2,0.0354561657231845,0.15244855876994082,0.11699239304675632,0.26837202664915166
CrB_141,CrB,boride/carbide,orthorhombic,2,0.0354561657231845,0.15373340972807686,0.11827724400489237,0.2700235373717407
CrBr3_148,CrBr3,halide,trigonal,2,0.3445937456731595,0.538471721281106,0.1938779756079465,0.6475130861423399
CrCl3_148,CrCl3,halide,triclinic,2,0.4302171752690771,0.2896648368913332,-0.1405523383777439,0.4270663201723355
CrFeP_62,CrFeP,pnictide,orthorhombic,3,0.067815945104082,0.5116500348492036,0.44383408974512156,0.6221351429736217
CrGeTe3_148,CrGeTe3,chalcogenide,trigonal,3,0.047247390196789,0.6835188940073085,0.6362715038105194,0.7566533792795539
CrIr3_221,CrIr3,intermetallic,cubic,2,0.0703062052430456,0.09628387492404601,0.025977669681000418,0.19063220709633233
CrNiAs_189,CrNiAs,pnictide,orthorhombic,3,0.0653657474825513,0.9104231600331121,0.8450574125505608,0.9195040073204954
CrP4_15,CrP4,pnictide,triclinic,2,0.067815945104082,0.2595369091803133,0.1917209640762313,0.39429209637172913
CrP_62,CrP,pnictide,orthorhombic,2,0.067815945104082,0.23242753009777756,0.16461158499369555,0.36415308049599066
CrPd3_221,CrPd3,intermetallic,cubic,2,0.0703062052430456,0.3404860341817329,0.2701798289386873,0.4749321801134007
CrPt3_221,CrPt3,intermetallic,cubic,2,0.091626825790732,0.18309654484944562,0.09146971905871362,0.3076482612213525
CrRh3_221,CrRh3,intermetallic,cubic,2,0.091626825790732,0.1762207677935662,0.08459394200283421,0.2990292509102891
CrS2_164,CrS2,chalcogenide,trigonal,2,0.190711651828668,0.3195865019097692,0.12887485008110122,0.45599183561749473
CrSb2_58,CrSb2,intermetallic,orthorhombic,2,0.0373111266314774,0.6301341355594796,0.5928230089280022,0.7165181544275468
CrSbSe3_62,CrSbSe3,chalcogenide,orthorhombic,3,0.1796506558521339,0.5892323031254336,0.4095816472732997,0.6857961508160156
CrSb_194,CrSb,intermetallic,hexagonal,2,0.0373111266314774,0.5532400904005691,0.5159289637690917,0.657370123014035
CrSi2_139,CrSi2,intermetallic,tetragonal,2,0.014296815877557,0.262125624180636,0.24782880830307902,0.39583826901482105
CrSi2_180,CrSi2,intermetallic,hexagonal,2,0.014296815877557,0.26542113879224394,0.25112432291468695,0.3993417957210205
CrSi2_181,CrSi2,intermetallic,hexagonal,2,0.014296815877557,0.2654188088734667,0.2511219929959097,0.3993393535490138
CrSiRu2_225,CrSiRu2,intermetallic,cubic,3,0.0703062052430456,0.2696174682258904,0.1993112629828448,0.40386826693421113
CrSiTe3_148,CrSiTe3,chalcogenide,trigonal,3,0.047247390196789,0.668464311923018,0.621216921726229,0.7455952761419616
CrSi_198,CrSi,intermetallic,cubic,2,0.014296815877557,0.27864985007122417,0.2643530341936672,0.4131180442923004
CrSnRh2_139,CrSnRh2,intermetallic,tetragonal,3,0.091626825790732,0.5576389006092413,0.46601207481850926,0.6592285967871466
CrTe2_164,CrTe2,chalcogenide,monoclinic,2,0.047247390196789,0.7037336666851972,0.6564862764884082,0.7709897919392898
CrTe4Au_10,CrTe4Au,chalcogenide,monoclinic,3,0.1760125666682969,0.8603846977992667,0.6843721311309698,0.8834296507273364
Cr_229,Cr,elemental,cubic,1,0.0,0.061617866732698735,0.061617866732698735,0.1346863661249651
Cs(AsRu)2_139,Cs(AsRu)2,pnictide,tetragonal,3,0.3916622248233103,0.7377947184716063,0.34613249364829596,0.7946699424808171
Cs(CoS)2_139,Cs(CoS)2,chalcogenide,tetragonal,3,0.5511313621135028,0.9647134239307124,0.4135820618172096,0.9639627735678525
Cs2AlInH6_225,Cs2AlInH6,hydride,cubic,4,0.3916622248233103,0.28740967199577705,-0.10425255282753326,0.4248818695984853
Cs2AlTlH6_225,Cs2AlTlH6,hydride,cubic,4,0.3916622248233103,0.2971230429477122,-0.09453918187559812,0.4348417539817185
Cs2CN2_2,Cs2CN2,pnictide,triclinic,3,0.7179370483061845,0.7295982105434075,0.01166116223722291,0.7900120971923196
Cs2CO3_14,Cs2CO3,oxide,monoclinic,3,0.8272007909708047,0.8203857457561847,-0.0068150452146199525,0.8537475880889839
Cs2CaBr4_139,Cs2CaBr4,halide,tetragonal,3,0.6918673786849375,0.8775566525694593,0.18568927388452172,0.8972415045526977
Cs2CaF4_139,Cs2CaF4,halide,orthorhombic,3,0.9214503994822504,0.9213198463258208,-0.00013055315642962473,0.9284601707889084
Cs2CaH4_139,Cs2CaH4,hydride,tetragonal,3,0.3916622248233103,0.7614721163935952,0.36980989157028493,0.8130536856492597
Cs2CrCl4_139,Cs2CrCl4,halide,tetragonal,3,0.7544427103724891,0.6477447031260802,-0.10669800724640888,0.7305981497679569
Cs2CuF4_139,Cs2CuF4,halide,tetragonal,3,0.9214503994822504,0.9793875897891375,0.057937190306887154,0.9770987496607281
Cs2GeCl6_225,Cs2GeCl6,halide,cubic,3,0.7544427103724891,0.3965738146563312,-0.35786889571615793,0.5297187315370618
Cs2H6Pt_225,Cs2H6Pt,hydride,cubic,3,0.4259420904306977,0.6191178150333242,0.1931757246026265,0.7088946917415125
Cs2HfF6_164,Cs2HfF6,halide,trigonal,3,0.9214503994822504,0.907436791845367,-0.014013607636883418,0.9177170741100458
Cs2HgF4_139,Cs2HgF4,halide,tetragonal,3,0.9214503994822504,0.9393691703869167,0.017918770904666315,0.9427498168949965
Cs2HgO2_139,Cs2HgO2,oxide,tetragonal,3,0.8272007909708047,0.9007082532596449,0.0735074622888402,0.913188287439907
Cs2KCuF6_225,Cs2KCuF6,halide,cubic,4,0.9214503994822504,0.9536646202550253,0.032214220772774915,0.9544040842854872
Cs2KPbF6_225,Cs2KPbF6,halide,cubic,4,0.9214503994822504,0.9005176928566824,-0.02093270662556801,0.9124413642271256
Cs2KZrOF5_107,Cs2KZrOF5,halide,tetragonal,5,0.9214503994822504,0.9025149162290799,-0.018935483253170515,0.9139551912317259
Cs2LiGaF6_164,Cs2LiGaF6,halide,trigonal,4,0.9214503994822504,0.9348113113364246,0.013360911854174207,0.9391627782856307
Cs2LiInBr6_225,Cs2LiInBr6,halide,cubic,4,0.6918673786849375,0.6414101536352015,-0.05045722504973604,0.7271785873530242
Cs2LiLuCl6_225,Cs2LiLuCl6,halide,cubic,4,0.7544427103724891,0.9996388633201975,0.24519615294770836,0.9992716800545977
Cs2LiYCl6_225,Cs2LiYCl6,halide,cubic,4,0.7544427103724891,0.8161896791141667,0.06174696874167762,0.8517571008037605
Cs2Mn3S4_72,Cs2Mn3S4,chalcogenide,orthorhombic,3,0.5511313621135028,0.8168058938795758,0.26567453176607303,0.8522606761593865
Cs2NaAlH6_225,Cs2NaAlH6,hydride,cubic,4,0.3916622248233103,0.3740404346870872,-0.017621790136223114,0.5087322854353628
Cs2NaErF6_225,Cs2NaErF6,halide,cubic,4,0.9214503994822504,0.9979021762323798,0.07645177675012937,0.9967181526007085
Cs2NaMgF6_225,Cs2NaMgF6,halide,cubic,4,0.9214503994822504,0.9407612017623903,0.019310802280139927,0.943895196469913
Cs2NaScF6_225,Cs2NaScF6,halide,cubic,4,0.9214503994822504,0.9407235113567234,0.019273111874473003,0.943857370479582
Cs2NaYF6_225,Cs2NaYF6,halide,cubic,4,0.9214503994822504,0.9395555084516851,0.018105108969434736,0.9429047860534105
Cs2NbF6_164,Cs2NbF6,halide,trigonal,3,0.9214503994822504,0.8902955483861593,-0.031154851096091063,0.9045727332554908
Cs2NpO4_139,Cs2NpO4,oxide,monoclinic,3,0.8272007909708047,0.9267271024365564,0.09952631146575175,0.9326356400788179
Cs2PbCl6_225,Cs2PbCl6,halide,cubic,3,0.7544427103724891,0.46066238499913187,-0.29378032537335724,0.5851270729140554
Cs2Pd(IBr2)2_139,Cs2Pd(IBr2)2,halide,tetragonal,4,0.6918673786849375,0.905769875502428,0.21390249681749052,0.9178207602923699
Cs2Pd3S4_69,Cs2Pd3S4,chalcogenide,triclinic,3,0.5511313621135028,0.9184981655293131,0.3673668034158103,0.9266650209899909
Cs2Pd3Se4_69,Cs2Pd3Se4,chalcogenide,monoclinic,3,0.5390197137891664,0.9352647364518519,0.3962450226626856,0.9399216277949778
Cs2PtBr6_225,Cs2PtBr6,halide,cubic,3,0.6918673786849375,0.7796133925867896,0.0877460139018521,0.826057811474159
Cs2PtC2_164,Cs2PtC2,boride/carbide,trigonal,3,0.5390197137891664,0.776750661691219,0.23773094790205263,0.8238946710120825
Cs2PtF6_164,Cs2PtF6,halide,trigonal,3,0.9214503994822504,0.8767730547920767,-0.044677344690173704,0.894382692537672
Cs2PtI6_225,Cs2PtI6,halide,cubic,3,0.5828147870350189,0.8959436662796915,0.3131288792446726,0.9107855789323979
Cs2Pt_194,Cs2Pt,intermetallic,hexagonal,2,0.4259420904306977,0.8768278712951757,0.450885780864478,0.8965923313127215
Cs2PuO4_139,Cs2PuO4,oxide,tetragonal,3,0.8272007909708047,0.9486622818213569,0.12146149085055225,0.950287623981594
Cs2RbInF6_225,Cs2RbInF6,halide,cubic,4,0.9214503994822504,0.9254551972451371,0.004004797762886758,0.931815279565252
Cs2RuO4_62,Cs2RuO4,oxide,orthorhombic,3,0.8272007909708047,0.781665714724796,-0.04553507624600872,0.8259617679066584
Cs2SO4_62,Cs2SO4,oxide,orthorhombic,3,0.8272007909708047,0.7966654778181423,-0.030535313152662336,0.8364000849607309
Cs2Se_225,Cs2Se,chalcogenide,trigonal,2,0.5390197137891664,0.7022472474458619,0.1632275336566955,0.7737805724472481
Cs2SiF6_225,Cs2SiF6,halide,cubic,3,0.9214503994822504,0.9045208510979946,-0.016929548384255755,0.9154320792171593
Cs2SiP2_72,Cs2SiP2,pnictide,orthorhombic,3,0.3873736058155839,0.3223006005373062,-0.0650730052782777,0.4621277685585037
Cs2SnBr6_225,Cs2SnBr6,halide,cubic,3,0.6918673786849375,0.45726311345700815,-0.23460426522792938,0.5836548614978904
Cs2SnF6_164,Cs2SnF6,halide,trigonal,3,0.9214503994822504,0.9097184358473757,-0.01173196363487472,0.9194777095695474
Cs2SnI6_225,Cs2SnI6,halide,cubic,3,0.5828147870350189,0.6508099766534381,0.06799518961841922,0.7355326807207594
Cs2TeI6_225,Cs2TeI6,halide,cubic,3,0.5828147870350189,0.6774463018134599,0.094631514778441,0.7553061555779287
Cs2TiCl6_225,Cs2TiCl6,halide,cubic,3,0.7544427103724891,0.4194255862225892,-0.3350171241498999,0.550213946099807
Cs2TlInBr6_225,Cs2TlInBr6,halide,cubic,4,0.6918673786849375,0.6429063775744559,-0.04896100111048163,0.7284442160650393
Cs2TlInF6_225,Cs2TlInF6,halide,cubic,4,0.9214503994822504,0.944138909296929,0.022688509814678626,0.9466381976892478
Cs2UO4_139,Cs2UO4,oxide,tetragonal,3,0.8272007909708047,0.8953769713902621,0.06817618041945739,0.9084999755798124
Cs2ZrCl6_225,Cs2ZrCl6,halide,cubic,3,0.7544427103724891,0.845941135976645,0.09149842560415589,0.8730943481457932
Cs2ZrF6_164,Cs2ZrF6,halide,trigonal,3,0.9214503994822504,0.9060168327418694,-0.015433566740380988,0.9165216643909385
Cs3AuO_194,Cs3AuO,oxide,hexagonal,3,0.8272007909708047,0.9204196487831859,0.09321885781238126,0.9288401582789554
Cs3BAs2_15,Cs3BAs2,pnictide,monoclinic,3,0.383085599679248,0.6307643845419477,0.24767878486269973,0.7206529562606434
CsAgCl2_129,CsAgCl2,halide,tetragonal,3,0.7544427103724891,0.9651574205580615,0.21071471018557242,0.9646077333662639
CsAgO_139,CsAgO,oxide,tetragonal,3,0.8272007909708047,0.941796622441018,0.11459583147021335,0.945092709786043
CsAgSe4_19,CsAgSe4,chalcogenide,orthorhombic,3,0.5390197137891664,0.9238818731281108,0.3848621593389444,0.9311113272958566
CsAlO2_227,CsAlO2,oxide,cubic,3,0.8272007909708047,0.8333241622714215,0.006123371300616798,0.8632320800620884
CsAu3Se2_164,CsAu3Se2,chalcogenide,trigonal,3,0.5390197137891664,0.8929207853634659,0.3539010715742995,0.9074286183162097
CsAuBr3_139,CsAuBr3,halide,tetragonal,3,0.6918673786849375,0.8696380094904479,0.17777063080551037,0.8906224277372684
CsAuCl3_139,CsAuCl3,halide,tetragonal,3,0.7544427103724891,0.7776738243671601,0.023231113994671038,0.8237470446849388
CsAuO2_63,CsAuO2,oxide,orthorhombic,3,0.8272007909708047,0.8697761045339213,0.04257531356311661,0.8897021541018133
CsAuO_139,CsAuO,oxide,monoclinic,3,0.8272007909708047,0.896000008336057,0.0687992173652523,0.9095526721667102
CsAu_221,CsAu,intermetallic,cubic,2,0.5349568118659437,0.9322158930058141,0.3972590811398704,0.9381609185806515
CsBH4_216,CsBH4,hydride,cubic,3,0.3916622248233103,0.26917777108916874,-0.12248445373414157,0.40724454937806637
CsBr_221,CsBr,halide,cubic,2,0.6918673786849375,0.4936074170568074,-0.19825996162813014,0.6148182223582804
CsCSN_62,CsCSN,chalcogenide,orthorhombic,4,0.7179370483061845,0.6451414948518149,-0.07279555345436961,0.7287184560271411
CsCaF3_221,CsCaF3,halide,cubic,3,0.9214503994822504,0.8303141138633819,-0.09113628561886844,0.860322804105655
CsCdBr3_194,CsCdBr3,halide,hexagonal,3,0.6918673786849375,0.9799702448889948,0.28810286620405723,0.9780014335656423
CsCdF3_221,CsCdF3,halide,cubic,3,0.9214503994822504,0.8874357725895649,-0.03401462689268553,0.902347694852727
CsCu3S2_164,CsCu3S2,chalcogenide,trigonal,3,0.5511313621135028,0.9973658744872774,0.44623451237377465,0.9960451677013727
CsCuO2_63,CsCuO2,oxide,orthorhombic,3,0.8272007909708047,0.9855449297423742,0.1583441387715695,0.9831244762132226
CsCuO_63,CsCuO,oxide,orthorhombic,3,0.8272007909708047,0.993970788630032,0.1667699976592273,0.9920127113413564
CsDyO2_194,CsDyO2,oxide,hexagonal,3,0.8272007909708047,0.9981254307508456,0.1709246397800409,0.9970118712092785
CsErS2_166,CsErS2,chalcogenide,trigonal,3,0.5511313621135028,0.9999640584039765,0.44883269629047373,0.9998975745535864
CsF_225,CsF,halide,cubic,2,0.9214503994822504,0.939722913152425,0.018272513670174573,0.943283627877395
CsGdO2_194,CsGdO2,oxide,orthorhombic,3,0.8272007909708047,0.9924508905824164,0.16525009961161174,0.9902448354939223
CsHF2_140,CsHF2,halide,tetragonal,3,0.9214503994822504,0.9014002463379358,-0.020050153144314575,0.9132406757945356
CsHSeO4_14,CsHSeO4,oxide,monoclinic,4,0.8272007909708047,0.7013656734622121,-0.12583511750859255,0.7677504488010325
CsH_225,CsH,hydride,cubic,2,0.3916622248233103,0.703974517357907,0.31231229253459664,0.7736405499752796
CsHoO2_194,CsHoO2,oxide,hexagonal,3,0.8272007909708047,0.9990540491843751,0.17185325821357045,0.9983294284460562
CsI_225,CsI,halide,cubic,2,0.5828147870350189,0.8747665723412793,0.2919517853062604,0.8968490432304136
CsK2Bi_225,CsK2Bi,intermetallic,cubic,3,0.3149236588531833,0.9129522777754411,0.5980286189222578,0.9238770205494267
CsK2Sb_225,CsK2Sb,intermetallic,cubic,3,0.3275987376029972,0.8732269020281791,0.5456281644251819,0.8940981631931834
CsLiSO4_14,CsLiSO4,oxide,monoclinic,4,0.8272007909708047,0.8255158523080978,-0.001684938662706914,0.8570913574026418
CsMgBr3_194,CsMgBr3,halide,hexagonal,3,0.6918673786849375,0.6550397124271291,-0.03682766625780842,0.7377418000337138
CsMgI3_194,CsMgI3,halide,hexagonal,3,0.5828147870350189,0.8022017015509741,0.21938691451595527,0.8443688598539477
CsN3_140,CsN3,pnictide,tetragonal,2,0.7179370483061845,0.6478675490631438,-0.07006949924304073,0.7296073134925413
CsNa2BO3_59,CsNa2BO3,oxide,orthorhombic,4,0.8272007909708047,0.88383788628868,0.05663709531787531,0.9000200967894232
CsNaS_129,CsNaS,chalcogenide,tetragonal,3,0.5511313621135028,0.8599019160485223,0.3087705539350195,0.8847534770243358
CsNaTe_129,CsNaTe,chalcogenide,tetragonal,3,0.3488563496137112,0.9456736350700508,0.5968172854563396,0.9497311477972047
CsNb2BiO7_26,CsNb2BiO7,oxide,orthorhombic,4,0.8272007909708047,0.8705595862770893,0.043358795306284614,0.8895249371374377
CsNdO2_194,CsNdO2,oxide,hexagonal,3,0.8272007909708047,0.911312780695481,0.08411198972467637,0.920673277747849
CsNiCl3_194,CsNiCl3,halide,hexagonal,3,0.7544427103724891,0.9658940448117296,0.21145133443924047,0.9651064353030474
CsPbBr3_62,CsPbBr3,halide,orthorhombic,3,0.6918673786849375,0.5756033814162637,-0.11626399726867387,0.6777005839000447
CsPbI3_62,CsPbI3,halide,orthorhombic,3,0.5828147870350189,0.7247427478476476,0.1419279608126287,0.7888243745783358
CsSbF6_148,CsSbF6,halide,trigonal,3,0.9214503994822504,0.8372791729981764,-0.08417122648407394,0.8653257501868358
CsScO2_227,CsScO2,oxide,cubic,3,0.8272007909708047,0.8836332372837732,0.05643244631296851,0.9005727579105516
CsSmO2_194,CsSmO2,oxide,hexagonal,3,0.8272007909708047,0.9723451113169365,0.14514432034613178,0.9706284789464011
CsSnI3_221,CsSnI3,halide,cubic,3,0.5828147870350189,0.7511820327592486,0.16836724572422967,0.8081375028060983
CsTaN2_122,CsTaN2,pnictide,tetragonal,3,0.7179370483061845,0.6216664635246747,-0.09627058478150985,0.7104866556334736
CsTi6O12_87,CsTi6O12,oxide,tetragonal,3,0.8272007909708047,0.5940095909604503,-0.23319120001035443,0.6869904318204975
CsTiBr3_194,CsTiBr3,halide,trigonal,3,0.6918673786849375,0.42551090739229125,-0.2663564712926463,0.5568702342564934
CsTiCl3_194,CsTiCl3,halide,hexagonal,3,0.7544427103724891,0.4095878606542208,-0.3448548497182683,0.5412623521566786
CsVI3_194,CsVI3,halide,orthorhombic,3,0.5828147870350189,0.7518406919628503,0.16902590492783143,0.807823793841589
CsVN2_227,CsVN2,pnictide,tetragonal,3,0.7179370483061845,0.5043526743486807,-0.21358437395750385,0.6191799728827763
Cu(BiO2)2_130,Cu(BiO2)2,oxide,tetragonal,3,0.4472779356966061,0.9556033448782099,0.5083254091816037,0.9558449635764379
Cu2GeS3_9,Cu2GeS3,chalcogenide,monoclinic,3,0.1091685153656912,0.9838047298741326,0.8746362145084414,0.9813255347661218
Cu2GeSe3_44,Cu2GeSe3,chalcogenide,orthorhombic,3,0.1002380044323459,0.9897795063137641,0.8895415018814182,0.9873983566546677
Cu2Hg2SF6_2,Cu2Hg2SF6,halide,triclinic,4,0.6609473927455578,0.8108958641765406,0.14994847143098278,0.8457943045520573
Cu2HgGeS4_121,Cu2HgGeS4,chalcogenide,tetragonal,4,0.1091685153656912,0.972724053186432,0.8635555378207408,0.9709594394174598
Cu2HgGeSe4_121,Cu2HgGeSe4,chalcogenide,tetragonal,4,0.1002380044323459,0.9842138305423636,0.8839758261100177,0.9818069544070002
Cu2HgI4_121,Cu2HgI4,halide,tetragonal,3,0.1344585377782341,0.9945293443473482,0.860070806569114,0.9926679730403595
Cu2O3_43,Cu2O3,oxide,triclinic,2,0.4472779356966061,0.5842378819727567,0.1369599462761506,0.678816753912095
Cu2O_224,Cu2O,oxide,cubic,2,0.4472779356966061,0.6003057225497657,0.15302778685315954,0.6926610444547269
Cu2P2O7_15,Cu2P2O7,oxide,monoclinic,3,0.4472779356966061,0.7503978584746746,0.30311992277806843,0.8017823836716403
Cu2PbO2_15,Cu2PbO2,oxide,monoclinic,3,0.4472779356966061,0.9770478298268318,0.5297698941302257,0.974839760782663
Cu2Sb_129,Cu2Sb,intermetallic,tetragonal,2,0.005609209308919,0.9936132540835805,0.9880040447746615,0.9915099369559441
Cu2SnHgSe4_121,Cu2SnHgSe4,chalcogenide,tetragonal,4,0.1002380044323459,0.9872274934424731,0.8869894890101272,0.9848153334574338
Cu3AsSe4_121,Cu3AsSe4,chalcogenide,tetragonal,3,0.1002380044323459,0.989096001949437,0.8888579975170912,0.9866892359945378
Cu3Au_221,Cu3Au,intermetallic,cubic,2,0.0973315879190579,0.6245050932498349,0.527173505330777,0.7096326219944282
Cu3PS4_31,Cu3PS4,chalcogenide,orthorhombic,3,0.1091685153656912,0.977705639034336,0.8685371236686449,0.9754880763208675
Cu3PSe4_31,Cu3PSe4,chalcogenide,orthorhombic,3,0.1002380044323459,0.9868790721052921,0.8866410676729463,0.9844104247386001
Cu3Pd_221,Cu3Pd,intermetallic,cubic,2,0.0222487628066636,0.5561319233405766,0.533883160533913,0.6574772083522957
Cu3Pt_221,Cu3Pt,intermetallic,cubic,2,0.0354561657231845,0.7289642208107092,0.6935080550875247,0.7861886355725201
Cu3SbS4_121,Cu3SbS4,chalcogenide,tetragonal,3,0.1091685153656912,0.9861802137321724,0.8770116983664812,0.9836980455166687
Cu3Se2_113,Cu3Se2,chalcogenide,tetragonal,2,0.1002380044323459,0.981495691437526,0.8812576870051801,0.9790634853048452
Cu3Sn_194,Cu3Sn,intermetallic,hexagonal,2,0.0008995951214726,0.9838991362848466,0.982999541163374,0.9813374030790661
Cu4Pd_84,Cu4Pd,intermetallic,tetragonal,2,0.0222487628066636,0.5201085637861117,0.4978598009794481,0.6291041638443786
CuAgO2_47,CuAgO2,oxide,orthorhombic,3,0.4472779356966061,0.5823543619157802,0.13507642621917404,0.6781426465869222
CuAsS_62,CuAsS,chalcogenide,orthorhombic,3,0.1091685153656912,0.9869341200265397,0.8777656046608485,0.9844536152572084
CuAu3_221,CuAu3,intermetallic,cubic,2,0.0973315879190579,0.687788016497541,0.590456428578483,0.7570010310077349
CuAuF5_2,CuAuF5,halide,triclinic,3,0.6609473927455578,0.42780777876196496,-0.23313961398359284,0.5530741726987748
CuAuSe4_11,CuAuSe4,chalcogenide,monoclinic,3,0.1002380044323459,0.9629128659769679,0.862674861544622,0.9623937226622071
CuAu_123,CuAu,intermetallic,tetragonal,2,0.0973315879190579,0.7545650859268425,0.6572334980077845,0.8050980914310776
CuBIr_43,CuBIr,boride/carbide,orthorhombic,3,0.0222487628066636,0.9355811852242327,0.9133324224175692,0.9392334281285045
CuBS2_122,CuBS2,chalcogenide,tetragonal,3,0.1091685153656912,0.9585961730237276,0.8494276576580364,0.9584198039164146
CuBiS2_62,CuBiS2,chalcogenide,orthorhombic,3,0.1091685153656912,0.9876126478388053,0.8784441324731141,0.9851765130016521
CuBiSeO_129,CuBiSeO,oxide,tetragonal,4,0.4472779356966061,0.989815282676184,0.5425373469795779,0.9874026214527267
CuBr2_12,CuBr2,halide,monoclinic,2,0.2448961579109765,0.993986042434389,0.7490898845234125,0.9920377516024369
CuBr_216,CuBr,halide,tetragonal,2,0.2448961579109765,0.985888913807731,0.7409927558967545,0.9834600607017084
CuCl2_12,CuCl2,halide,monoclinic,2,0.3275987376029974,0.9802562344709769,0.6526574968679795,0.9779742877486589
CuF2_14,CuF2,halide,monoclinic,2,0.6609473927455578,0.3263869879720034,-0.3345604047735544,0.46074386551144675
CuGeRh2_225,CuGeRh2,intermetallic,cubic,3,0.0354561657231845,0.9186158819689154,0.8831597162457309,0.9257453141616804
CuI_164,CuI,halide,monoclinic,2,0.1344585377782341,0.99843049910777,0.8639719613295359,0.9974497302918355
CuO_131,CuO,oxide,monoclinic,2,0.4472779356966061,0.5965944108780717,0.14931647518146562,0.6886716241582485
CuP2_14,CuP2,pnictide,monoclinic,2,0.0208055155986512,0.9833844560192447,0.9625789404205936,0.9808805835634311
CuPdO2_53,CuPdO2,oxide,orthorhombic,3,0.4472779356966061,0.5775951492070821,0.13031721351047598,0.674350154368123
CuPd_221,CuPd,intermetallic,cubic,2,0.0222487628066636,0.6538432401424797,0.6315944773358162,0.7314070339959724
CuPt7_225,CuPt7,intermetallic,cubic,2,0.0354561657231845,0.5936383307175853,0.5581821649944008,0.6866642202784538
CuPt_166,CuPt,intermetallic,trigonal,2,0.0354561657231845,0.8461143632279201,0.8106581975047356,0.8712253847434243
CuRhO2_166,CuRhO2,oxide,trigonal,3,0.4472779356966061,0.5187005604610785,0.07142262476447236,0.6283176722721581
CuSO4_62,CuSO4,oxide,orthorhombic,3,0.4472779356966061,0.6363231519308895,0.1890452162342834,0.7182956336411664
CuS_63,CuS,chalcogenide,orthorhombic,2,0.1091685153656912,0.9779767841078926,0.8688082687422014,0.9757401424996449
CuSbS2_62,CuSbS2,chalcogenide,orthorhombic,3,0.1091685153656912,0.9875340108931726,0.8783654955274814,0.9850959466905752
CuSe2Cl_14,CuSe2Cl,halide,monoclinic,3,0.3275987376029974,0.9849446698137514,0.657345932210754,0.9825371824342336
CuSe2_58,CuSe2,chalcogenide,orthorhombic,2,0.1002380044323459,0.9836424106681056,0.8834044062357598,0.9811940773464172
CuSnRh2_225,CuSnRh2,intermetallic,cubic,3,0.0354561657231845,0.9451964310271321,0.9097402653039476,0.9471740703375167
CuSn_194,CuSn,intermetallic,hexagonal,2,0.0008995951214726,0.9948258252493442,0.9939262301278715,0.9929136297241155
CuTeO4_65,CuTeO4,oxide,monoclinic,3,0.4472779356966061,0.8280801019957732,0.3808021662991671,0.858009485415339
CuTe_59,CuTe,chalcogenide,orthorhombic,2,0.009950166250832,0.999156391224942,0.98920622497411,0.998491403891006
Cu_225,Cu,elemental,cubic,1,0.0,0.06597853639888705,0.06597853639888705,0.1422059018941891
Dy(AlSi)2_164,Dy(AlSi)2,intermetallic,trigonal,3,0.1091685153656911,0.998298938223492,0.889130422857801,0.9972467528978367
Dy(BC)2_127,Dy(BC)2,boride/carbide,tetragonal,3,0.3573949669440662,0.9786779167615564,0.6212829498174901,0.9762838805802666
Dy(CuSi)2_139,Dy(CuSi)2,intermetallic,tetragonal,3,0.1091685153656911,0.9944666268248062,0.8852981114591152,0.9924756997220554
Dy(FeB)2_139,Dy(FeB)2,boride/carbide,tetragonal,3,0.1547306964721815,0.9738462812388609,0.8191155847666793,0.9718154909429784
Dy(FeSi)2_139,Dy(FeSi)2,intermetallic,tetragonal,3,0.1091685153656911,0.9867339629277198,0.8775654475620287,0.984185772952105
Dy(MnGe)2_139,Dy(MnGe)2,intermetallic,tetragonal,3,0.1444621983413807,0.9932916347109583,0.8488294363695776,0.9911801411936586
Dy(MnSi)2_139,Dy(MnSi)2,intermetallic,tetragonal,3,0.1091685153656911,0.9893915787850139,0.8802230634193229,0.9869340879265603
Dy(PRu)2_139,Dy(PRu)2,pnictide,tetragonal,3,0.213450797786545,0.9870209833777613,0.7735701855912164,0.9844959807807343
Dy(SiRu)2_139,Dy(SiRu)2,intermetallic,tetragonal,3,0.213450797786545,0.9903983662614407,0.7769475684748958,0.9880029622461088
Dy2B4C_71,Dy2B4C,boride/carbide,orthorhombic,3,0.3573949669440662,0.9937643561288947,0.6363693891848285,0.9916556550157882
Dy2C_166,Dy2C,boride/carbide,trigonal,2,0.3573949669440662,0.9906176445870573,0.633222677642991,0.9883035837344909
Dy2CdS4_227,Dy2CdS4,chalcogenide,cubic,3,0.3702296185989969,0.9977867229123502,0.6275571043133532,0.996574756603255
Dy2Cr2C3_12,Dy2Cr2C3,boride/carbide,monoclinic,3,0.3573949669440662,0.9896541910332343,0.632259224089168,0.9872091637001177
Dy2MgAl_225,Dy2MgAl,intermetallic,cubic,3,0.0373111266314775,0.999671307752947,0.9623601811214695,0.9993215121606271
Dy2MgGe2_127,Dy2MgGe2,intermetallic,tetragonal,3,0.1444621983413807,0.9995518313205286,0.855089632979148,0.9991170989711553
Dy2MgIn_225,Dy2MgIn,intermetallic,cubic,3,0.0754054852397893,0.9997211814654491,0.9243156962256598,0.9994103247161398
Dy2O3_206,Dy2O3,oxide,cubic,2,0.7083205926780534,0.9321954618273125,0.22387486914925914,0.9365908601815018
Dy2SO2_164,Dy2SO2,oxide,trigonal,3,0.7083205926780534,0.9911816559119331,0.2828610632338797,0.9888354768529458
Dy2Se3_62,Dy2Se3,chalcogenide,orthorhombic,2,0.3573949669440662,0.9990678276848596,0.6416728607407933,0.9983579177603309
Dy2TlAg_225,Dy2TlAg,intermetallic,cubic,3,0.1184071933122512,0.9987602200925632,0.8803530267803119,0.9979079395704538
Dy2TlCd_225,Dy2TlCd,intermetallic,cubic,3,0.053727787248697,0.9988369291714762,0.9451091419227792,0.99802084596431
DyAg2_139,DyAg2,intermetallic,tetragonal,2,0.1184071933122512,0.9638300182492,0.8454228249369488,0.9633173164411115
DyAgGe_189,DyAgGe,intermetallic,hexagonal,3,0.1444621983413807,0.9967029607235889,0.8522407623822081,0.9951788523211161
DyAgSb2_129,DyAgSb2,intermetallic,tetragonal,3,0.1582102508344635,0.9991307473112169,0.8409204964767534,0.998452208840263
DyAgSn_186,DyAgSn,intermetallic,hexagonal,3,0.1279425724852808,0.998135572889556,0.8701930004042753,0.9970356263956605
DyAg_221,DyAg,intermetallic,cubic,2,0.1184071933122512,0.9796678404280736,0.8612606471158224,0.9776222811225957
DyAl3_194,DyAl3,intermetallic,hexagonal,2,0.0373111266314775,0.9985851863127485,0.961274059681271,0.9976437225858603
DyAl_57,DyAl,intermetallic,orthorhombic,2,0.0373111266314775,0.9997322250709039,0.9624210984394264,0.9994294593845467
DyAsO4_141,DyAsO4,oxide,tetragonal,3,0.7083205926780534,0.9525617562381479,0.2442411635600945,0.9532250107613495
DyAs_225,DyAs,pnictide,cubic,2,0.2057841473834534,0.9993001103456953,0.7935159629622419,0.9987132828432925
DyAu_63,DyAu,intermetallic,monoclinic,2,0.3531235752378702,0.9868736656421366,0.6337500904042664,0.9844851857064855
DyB2Ir3_191,DyB2Ir3,boride/carbide,hexagonal,3,0.213450797786545,0.9752148926470948,0.7617640948605499,0.9731011788580141
DyB2Ru3_191,DyB2Ru3,boride/carbide,hexagonal,3,0.213450797786545,0.9785606314917128,0.7651098337051678,0.9762247120318954
DyB2_191,DyB2,boride/carbide,hexagonal,2,0.1547306964721815,0.996327726893385,0.8415970304212035,0.9946771771534103
DyBi2BrO4_123,DyBi2BrO4,halide,tetragonal,4,0.7083205926780534,0.998989740783065,0.29066914810501165,0.9982316917276273
DyBi2ClO4_123,DyBi2ClO4,halide,tetragonal,4,0.7083205926780534,0.9983728476011136,0.2900522549230602,0.9973452942625742
DyBiPt_216,DyBiPt,intermetallic,cubic,3,0.2448961579109764,0.99842148412578,0.7535253262148036,0.9974287387974797
DyBiRh_189,DyBiRh,intermetallic,hexagonal,3,0.2448961579109764,0.998521518963748,0.7536253610527716,0.9975657616887871
DyBi_225,DyBi,intermetallic,cubic,2,0.1478562110337886,0.999733551987961,0.8518773409541724,0.9994363604116362
DyBr3_194,DyBr3,halide,orthorhombic,2,0.5308815576053358,0.9996409878466581,0.4687594302413223,0.9992788488509426
DyCl3_63,DyCl3,halide,orthorhombic,2,0.6097235715364789,0.9962092159006353,0.38648564436415633,0.9945709272605057
DyCo3B2_191,DyCo3B2,boride/carbide,hexagonal,3,0.1547306964721815,0.9564027038944776,0.801672007422296,0.956410126140755
DyCoC_131,DyCoC,boride/carbide,tetragonal,3,0.3573949669440662,0.9796061299407445,0.6222111629966782,0.9772832672437788
DyCoSi2_63,DyCoSi2,intermetallic,orthorhombic,3,0.1091685153656911,0.9948298509517073,0.8856613355860162,0.9928995245806284
DyCuGe_186,DyCuGe,intermetallic,hexagonal,3,0.1444621983413807,0.9968504507242766,0.8523882523828958,0.9953547910949039
DyCu_221,DyCu,intermetallic,cubic,2,0.1091685153656911,0.4664431866647494,0.35727467129905827,0.5856011836124239
DyFe2_227,DyFe2,intermetallic,cubic,2,0.0888292792566213,0.9732877301600856,0.8844584509034643,0.9715381191756712
DyFeSi_129,DyFeSi,intermetallic,tetragonal,3,0.1091685153656911,0.9936096797514236,0.8844411643857325,0.9915090534553238
DyGa2_191,DyGa2,intermetallic,hexagonal,2,0.0833458210077793,0.9991986217174832,0.9158528007097039,0.9985499238339419
DyGa_63,DyGa,intermetallic,orthorhombic,2,0.0833458210077793,0.9996032479997818,0.9162574269920025,0.9992045014293626
DyGeAu_186,DyGeAu,intermetallic,hexagonal,3,0.3531235752378702,0.9971491238714721,0.644025548633602,0.9957398942361646
DyGe_63,DyGe,intermetallic,orthorhombic,2,0.1444621983413807,0.9994724117598652,0.8550102134184845,0.9989864379052337
DyH2_225,DyH2,hydride,cubic,2,0.213450797786545,0.9946183619762768,0.7811675641897319,0.9926439838972073
DyHoIn2_225,DyHoIn2,intermetallic,cubic,3,0.0754054852397893,0.9998260317322817,0.9244205464924924,0.9996056018106758
DyInPt_189,DyInPt,intermetallic,hexagonal,3,0.2448961579109764,0.998743762737632,0.7538476048266556,0.9978774168926785
DyIr2_227,DyIr2,intermetallic,cubic,2,0.213450797786545,0.9916410018826411,0.7781902040960962,0.9893505319947329
DyMg3_225,DyMg3,intermetallic,cubic,2,0.0020229510707605,0.9989891150429029,0.9969661639721424,0.998231273289226
DyMgHg2_225,DyMgHg2,intermetallic,cubic,3,0.1410976137921523,0.9973591643813242,0.856261550589172,0.9960261166009162
DyMgSn_139,DyMgSn,intermetallic,triclinic,3,0.1279425724852808,0.9998197758953646,0.8718772034100839,0.9995939501415753
DyMg_221,DyMg,intermetallic,cubic,2,0.0020229510707605,0.9997389063853291,0.9977159553145687,0.9994424017464835
DyN_225,DyN,pnictide,cubic,2,0.5631214324667778,0.9817671060910781,0.4186456736243003,0.9792838584477749
DyNi3_166,DyNi3,intermetallic,trigonal,2,0.1122143941556313,0.6551009466958788,0.5428865525402475,0.733027952728575
DyNi5_191,DyNi5,intermetallic,hexagonal,2,0.1122143941556313,0.472776467168501,0.36056207301286974,0.5913477012559857
DyNiBi_216,DyNiBi,intermetallic,cubic,3,0.1478562110337886,0.9978549768451243,0.8499987658113357,0.9966548271768019
DyNiSb_216,DyNiSb,intermetallic,cubic,3,0.1582102508344635,0.9974369844747328,0.8392267336402693,0.9961025886223764
DyNiSn_62,DyNiSn,intermetallic,orthorhombic,3,0.1279425724852808,0.9972813962215766,0.8693388237362958,0.9958999865420809
DyPO4_141,DyPO4,oxide,tetragonal,3,0.7083205926780534,0.9244805200713607,0.21615992739330736,0.9303712395820803
DyPPt_187,DyPPt,pnictide,hexagonal,3,0.2448961579109764,0.9954762317214193,0.7505800738104429,0.9936846217019172
DyP_225,DyP,pnictide,cubic,2,0.209607008802607,0.9989147148909691,0.7893077060883621,0.9981267302067052
DyRh_221,DyRh,intermetallic,cubic,2,0.2448961579109764,0.99135944344501,0.7464632855340336,0.9891016931479004
DySI_59,DySI,halide,orthorhombic,3,0.4045274577607303,0.9998862688154715,0.5953588110547412,0.9997271654258788
DyS_225,DyS,chalcogenide,cubic,2,0.3702296185989969,0.9979794002274559,0.627749781628459,0.9968209619392435
DySbPt_216,DySbPt,intermetallic,cubic,3,0.2448961579109764,0.9982092979340804,0.753313140023104,0.99713402009972
DySb_225,DySb,intermetallic,cubic,2,0.1582102508344635,0.9996410121872014,0.8414307613527379,0.9992716953699362
DySe_225,DySe,chalcogenide,cubic,2,0.3573949669440662,0.9989517177863035,0.6415567508422373,0.9981849717538537
DySi2Ni_63,DySi2Ni,intermetallic,orthorhombic,3,0.1122143941556313,0.9959664399213932,0.8837520457657619,0.9942507611374056
DySiIr_62,DySiIr,intermetallic,orthorhombic,3,0.213450797786545,0.9969990262160601,0.7835482284295151,0.9955359574878437
DyTe_225,DyTe,chalcogenide,cubic,2,0.1760125666682969,0.9996121715649737,0.8235996048966768,0.9992236012052559
DyTl_221,DyTl,intermetallic,cubic,2,0.0392105608476768,0.9997386476848228,0.960528086837146,0.999442894847211
DyYHg2_225,DyYHg2,intermetallic,cubic,3,0.1410976137921523,0.9839374130069748,0.8428397992148224,0.9817104572273824
DyZn_221,DyZn,intermetallic,cubic,2,0.0451728980780915,0.6606988270338238,0.6155259289557322,0.7401018511532739
DyZrSb_139,DyZrSb,intermetallic,tetragonal,3,0.1582102508344635,0.998038762457958,0.8398285116234945,0.9969116939632897
Dy_194,Dy,elemental,hexagonal,1,0.0,0.5139380015646783,0.5139380015646783,0.6315983092216647
Er(CoB)2_139,Er(CoB)2,boride/carbide,tetragonal,3,0.1478562110337886,0.9961233804538501,0.8482671694200614,0.9944261018202432
Er(CoGe)2_139,Er(CoGe)2,intermetallic,tetragonal,3,0.137762910230166,0.9985318128294179,0.860768902599252,0.9975662159854042
Er(CoSi)2_139,Er(CoSi)2,intermetallic,tetragonal,3,0.1031799049762132,0.9981465866228282,0.894966681646615,0.9970278717075608
Er(CuSi)2_139,Er(CuSi)2,intermetallic,tetragonal,3,0.1031799049762132,0.9988399949101484,0.8956600899339352,0.9980062925840898
Er(CuTe)3_58,Er(CuTe)3,chalcogenide,orthorhombic,3,0.1688126015638292,0.9994403260800383,0.830627724516209,0.998935277500047
Er(FeB)2_139,Er(FeB)2,boride/carbide,tetragonal,3,0.1478562110337886,0.9969167497629133,0.8490605387291248,0.9954099304102128
Er(FeGe)2_139,Er(FeGe)2,intermetallic,tetragonal,3,0.137762910230166,0.9988739286777488,0.8611110184475828,0.9980600963810852
Er(FeSi)2_139,Er(FeSi)2,intermetallic,tetragonal,3,0.1031799049762132,0.9984136559127813,0.8952337509365681,0.9973981668025342
Er(NiP)2_139,Er(NiP)2,pnictide,tetragonal,3,0.2019826979496352,0.9976716129875223,0.7956889150378871,0.9963917584924574
Er(PRu)2_139,Er(PRu)2,pnictide,tetragonal,3,0.2057841473834534,0.9986890405232556,0.7929048931398022,0.9977902778012651
Er(SiNi)2_139,Er(SiNi)2,intermetallic,tetragonal,3,0.1061568798287821,0.9984111808829215,0.8922543010541394,0.9973933599174981
Er(SiOs)2_139,Er(SiOs)2,intermetallic,tetragonal,3,0.2057841473834534,0.9991580157296094,0.793373868346156,0.9984845001427594
Er(SiPd)2_139,Er(SiPd)2,intermetallic,tetragonal,3,0.2057841473834534,0.9987439088296518,0.7929597614461984,0.9978705610953262
Er(SiRh)2_139,Er(SiRh)2,intermetallic,monoclinic,3,0.2369257963986638,0.998785200855745,0.7618594044570812,0.997929359056245
Er(SiRu)2_139,Er(SiRu)2,intermetallic,tetragonal,3,0.2057841473834534,0.9990372172227684,0.793253069839315,0.9983014072805314
Er(VGa2)2_139,Er(VGa2)2,intermetallic,tetragonal,3,0.0780137787946898,0.9985396708475738,0.9205258920528839,0.9975767345442572
Er2(NiB2)3_65,Er2(NiB2)3,boride/carbide,orthorhombic,3,0.1478562110337886,0.9973387525509411,0.8494825415171525,0.9959484083691803
Er2Al3Si2_12,Er2Al3Si2,intermetallic,triclinic,3,0.1031799049762132,0.9999290696741788,0.8967491646979656,0.9998154194497599
Er2B4C_71,Er2B4C,boride/carbide,orthorhombic,3,0.3488563496137111,0.999511419397891,0.65065506978418,0.9990428719546505
Er2CdIn_225,Er2CdIn,intermetallic,cubic,3,0.0703062052430456,0.9999062358927697,0.9296000306497241,0.9997676388743287
Er2InAg_225,Er2InAg,intermetallic,cubic,3,0.1122143941556313,0.9999083766443967,0.8876939824887654,0.999771896535418
Er2In_194,Er2In,intermetallic,hexagonal,2,0.0703062052430456,0.9999709629831619,0.9296647577401163,0.9999139764705056
Er2MgGe2_127,Er2MgGe2,intermetallic,tetragonal,3,0.137762910230166,0.9999663739058692,0.8622034636757032,0.9999022882521558
Er2MgIn_225,Er2MgIn,intermetallic,cubic,3,0.0703062052430456,0.9999845792062702,0.9296783739632246,0.9999498423073354
Er2Pt_62,Er2Pt,intermetallic,orthorhombic,2,0.2369257963986638,0.9991416961104974,0.7622158997118336,0.998468686278321
Er2S3_11,Er2S3,chalcogenide,monoclinic,2,0.361670071504925,0.9998897218172087,0.6382196503122837,0.9997320397347053
Er2Si2O7_12,Er2Si2O7,oxide,monoclinic,3,0.7018027205701127,0.995877909190359,0.2940751886202463,0.9941392392190938
Er2TlCd_225,Er2TlCd,intermetallic,cubic,3,0.0493649081413015,0.9998731348532975,0.9505082267119961,0.999698305762489
Er2ZnRu_225,Er2ZnRu,intermetallic,monoclinic,3,0.2057841473834534,0.998480039275519,0.7926958918920656,0.9975052822959449
Er3Al3NiGe2_189,Er3Al3NiGe2,intermetallic,hexagonal,4,0.137762910230166,0.9999225904819055,0.8621596802517395,0.9998013146984113
Er3Al5O12_230,Er3Al5O12,oxide,cubic,3,0.7018027205701127,0.9955470711352535,0.2937443505651408,0.9937358197259268
Er3Ge4_63,Er3Ge4,intermetallic,orthorhombic,2,0.137762910230166,0.9999648655113302,0.8622019552811642,0.9998987396128083
Er5Ge3_193,Er5Ge3,intermetallic,hexagonal,2,0.137762910230166,0.9999535507656787,0.8621906405355126,0.9998717213762116
Er6MnBi2_189,Er6MnBi2,intermetallic,hexagonal,3,0.1410976137921523,0.9999316430999826,0.8588340293078303,0.9998221019681541
ErAgPb_189,ErAgPb,intermetallic,hexagonal,3,0.2569745635061699,0.9998310778471614,0.7428565143409915,0.9996153235755961
ErAgSn_186,ErAgSn,intermetallic,hexagonal,3,0.1215532606500686,0.9998319736170058,0.8782787129669372,0.9996169790778628
ErAg_221,ErAg,intermetallic,cubic,2,0.1122143941556313,0.9984067680692568,0.8861923739136255,0.9974181757359578
ErAl2Ni_63,ErAl2Ni,intermetallic,orthorhombic,3,0.1061568798287821,0.9997089986356272,0.8935521188068452,0.9993856345436641
ErAl2_227,ErAl2,intermetallic,cubic,2,0.0336459494865304,0.9999671430877717,0.9663211936012412,0.9999041646679165
ErAs_225,ErAs,pnictide,cubic,2,0.1982031440330587,0.9999573843970684,0.8017542403640097,0.9998810649647663
ErAu_63,ErAu,intermetallic,orthorhombic,2,0.3445937456731595,0.9992032297959805,0.654609484122821,0.9985651521123574
ErB2Ir3_191,ErB2Ir3,boride/carbide,orthorhombic,3,0.2057841473834534,0.9972339630631243,0.7914498156796709,0.9958243291003703
ErB2Ru3_191,ErB2Ru3,boride/carbide,hexagonal,3,0.2057841473834534,0.9976079745043251,0.7918238271208717,0.996310826473966
ErB2_191,ErB2,boride/carbide,hexagonal,2,0.1478562110337886,0.9997409621751671,0.8518847511413785,0.9994420558863386
ErB4_127,ErB4,boride/carbide,tetragonal,2,0.1478562110337886,0.9985012084178619,0.8506449973840733,0.9975146583645158
ErBi2BrO4_123,ErBi2BrO4,halide,tetragonal,4,0.7018027205701127,0.9998316100111446,0.2980288894410319,0.9996151026146699
ErBi2ClO4_123,ErBi2ClO4,halide,tetragonal,4,0.7018027205701127,0.9997280567445302,0.2979253361744175,0.9994205140631712
ErBi2IO4_123,ErBi2IO4,halide,tetragonal,4,0.7018027205701127,0.9999142022320224,0.2981114816619097,0.9997835370587911
ErBiPt_216,ErBiPt,intermetallic,cubic,3,0.2369257963986638,0.9998858142163011,0.7629600178176372,0.9997247208324299
ErBi_225,ErBi,intermetallic,cubic,2,0.1410976137921523,0.9999846576380782,0.858887043845926,0.9999503195205122
ErCd3_63,ErCd3,intermetallic,orthorhombic,2,0.0493649081413015,0.9950327466998898,0.9456678385585884,0.9932401068500135
ErCdCu4_216,ErCdCu4,intermetallic,cubic,3,0.1031799049762132,0.9074975041625726,0.8043175991863594,0.9175567287536844
ErCdPd2_225,ErCdPd2,intermetallic,cubic,3,0.2057841473834534,0.9955189796745889,0.7897348322911355,0.9937596750115129
ErCdRh2_225,ErCdRh2,intermetallic,cubic,3,0.2369257963986638,0.9968692804645939,0.75994348406593,0.9953875260331809
ErCl3_194,ErCl3,halide,hexagonal,2,0.6021180795487955,0.9999199384660824,0.3978018589172869,0.9997976472449035
ErClO_59,ErClO,halide,orthorhombic,3,0.7018027205701127,0.9999734763991744,0.2981707558290617,0.9999203761792623
ErCo3B2_191,ErCo3B2,boride/carbide,hexagonal,3,0.1478562110337886,0.9933007030228387,0.84544449198905,0.9911213713571773
ErCoC2_38,ErCoC2,boride/carbide,orthorhombic,3,0.3488563496137111,0.9970587171879627,0.6482023675742516,0.995596397344103
ErCoSi2_63,ErCoSi2,intermetallic,orthorhombic,3,0.1031799049762132,0.9994601799168829,0.8962802749406696,0.9989601621822148
ErCu2_74,ErCu2,intermetallic,orthorhombic,2,0.1031799049762132,0.9507421413054221,0.8475622363292089,0.9520563755285095
ErCuPb_186,ErCuPb,intermetallic,hexagonal,3,0.2569745635061699,0.9997791907869679,0.742804627280798,0.9995161814207558
ErCuSi_194,ErCuSi,intermetallic,hexagonal,3,0.1031799049762132,0.9994845246088848,0.8963046196326716,0.9990015501549998
ErCu_221,ErCu,intermetallic,cubic,2,0.1031799049762132,0.9838267471788378,0.8806468422026246,0.9815511934670041
ErFe2_227,ErFe2,intermetallic,cubic,2,0.0833458210077793,0.9983664478461877,0.9150206268384083,0.9973530475538943
ErGa2_191,ErGa2,intermetallic,hexagonal,2,0.0780137787946898,0.9999474032263125,0.9219336244316226,0.9998571561834304
ErGa5Co_123,ErGa5Co,intermetallic,tetragonal,3,0.0973315879190579,0.9990468867255907,0.9017152988065328,0.9983141323408543
ErGaRh2_225,ErGaRh2,intermetallic,cubic,3,0.2369257963986638,0.9993293391192505,0.7624035427205866,0.9987505214154291
ErH2_225,ErH2,hydride,cubic,2,0.2057841473834534,0.9995777217064276,0.7937935743229741,0.9991554951435211
ErI3_194,ErI3,halide,monoclinic,2,0.3959510250619747,0.9999894413168146,0.6040384162548398,0.9999642285570793
ErIn3_221,ErIn3,intermetallic,cubic,2,0.0703062052430456,0.9999413748722937,0.9296351696292482,0.9998437847528403
ErInAg2_225,ErInAg2,intermetallic,cubic,3,0.1122143941556313,0.9994733329983853,0.887258938842754,0.9989868044235203
ErInCu_189,ErInCu,intermetallic,hexagonal,3,0.1031799049762132,0.9998549741140349,0.8966750691378217,0.9996612271266482
ErInPd_189,ErInPd,intermetallic,hexagonal,3,0.2057841473834534,0.9998950008154209,0.7941108534319675,0.999743105025042
ErIr2_227,ErIr2,intermetallic,cubic,2,0.2057841473834534,0.9994914217013628,0.7937072743179094,0.9990146839213049
ErIr_221,ErIr,intermetallic,cubic,2,0.2057841473834534,0.9996996098693323,0.7939154624858789,0.9993719789878642
ErMgCd2_225,ErMgCd2,intermetallic,cubic,3,0.0493649081413015,0.9997112518828055,0.9503463437415041,0.9993961899340129
ErMgHg2_225,ErMgHg2,intermetallic,cubic,3,0.134458537778234,0.9997287831545203,0.8652702453762863,0.9994269478435998
ErMgSn_139,ErMgSn,intermetallic,tetragonal,3,0.1215532606500686,0.9999897014924483,0.8784364408423797,0.9999644688542011
ErMg_221,ErMg,intermetallic,cubic,2,0.0012242499937837,0.9999850966206575,0.9987608466268738,0.9999512112202185
ErN_225,ErN,pnictide,cubic,2,0.5551419337770589,0.9987968140859189,0.44365488030886,0.9979437928441741
ErNbO4_15,ErNbO4,oxide,triclinic,3,0.7018027205701127,0.9787296184972951,0.2769268979271824,0.9763302273638571
ErNbRu2_225,ErNbRu2,intermetallic,cubic,3,0.2057841473834534,0.9986574145634459,0.7928732671799925,0.9977542537437714
ErNi2B2C_139,ErNi2B2C,boride/carbide,tetragonal,4,0.3488563496137111,0.9950676443528856,0.6462112947391745,0.9931623861580064
ErNi2_227,ErNi2,intermetallic,cubic,2,0.1061568798287821,0.9772499858857153,0.8710931060569332,0.9750463647251212
ErNi4B_191,ErNi4B,boride/carbide,hexagonal,3,0.1478562110337886,0.9774015196250124,0.8295453085912239,0.9751076761506836
ErNi5_191,ErNi5,intermetallic,hexagonal,2,0.1061568798287821,0.8898212042525401,0.783664324423758,0.9038484926931365
ErNiSb_216,ErNiSb,intermetallic,cubic,3,0.1512791964051105,0.9997222252821139,0.8484430288770033,0.9994112237797588
ErNi_62,ErNi,intermetallic,orthorhombic,2,0.1061568798287821,0.9886413183747805,0.8824844385459985,0.9862622381764558
ErPO4_141,ErPO4,oxide,tetragonal,3,0.7018027205701127,0.9900529767515018,0.2882502561813891,0.9875883944282549
ErPd3_221,ErPd3,intermetallic,cubic,2,0.2057841473834534,0.9950808398046954,0.789296692421242,0.9932047949477143
ErPd_221,ErPd,intermetallic,cubic,2,0.2057841473834534,0.9991163381537962,0.7933321907703428,0.9984349909343851
ErPt3_221,ErPt3,intermetallic,cubic,2,0.2369257963986638,0.9977805037990091,0.7608547074003453,0.9965452150303552
ErRh_221,ErRh,intermetallic,cubic,2,0.2369257963986638,0.9994941305635292,0.7625683341648655,0.9990242348381646
ErSF_129,ErSF,halide,tetragonal,3,0.8469361309615888,0.9994086664601296,0.15247253549854078,0.9988770837898181
ErS_225,ErS,chalcogenide,cubic,2,0.361670071504925,0.9998768918092762,0.6382068203043512,0.9997058803662994
ErSbPd_216,ErSbPd,intermetallic,cubic,3,0.2057841473834534,0.9998387169981836,0.7940545696147302,0.9996303053571141
ErSbPt_216,ErSbPt,intermetallic,cubic,3,0.2369257963986638,0.9998680623728773,0.7629422659742136,0.999688445016181
ErSb_225,ErSb,intermetallic,cubic,2,0.1512791964051105,0.9999785348818229,0.8486993384767123,0.9999336852155251
ErSe_225,ErSe,chalcogenide,cubic,2,0.3488563496137111,0.9999354799713653,0.6510791303576542,0.9998306166639768
ErSi2Ni_63,ErSi2Ni,intermetallic,orthorhombic,3,0.1061568798287821,0.999515557375396,0.8933586775466139,0.999051732845441
ErSnPt2_194,ErSnPt2,intermetallic,hexagonal,3,0.2369257963986638,0.9995359553511695,0.7626101589525056,0.9990894685895293
ErSnRu2_225,ErSnRu2,intermetallic,cubic,3,0.2057841473834534,0.9995902226756753,0.7938060752922219,0.9991796546847638
ErTaO4_13,ErTaO4,oxide,monoclinic,3,0.7018027205701127,0.9943118880504574,0.2925091674803447,0.99228173747295
ErTaRu2_225,ErTaRu2,intermetallic,cubic,3,0.2057841473834534,0.9995918438584547,0.7938076964750013,0.9991842626919892
ErTiGe_129,ErTiGe,intermetallic,tetragonal,3,0.137762910230166,0.9999785528685189,0.8622156426383529,0.9999335852490738
ErTl3_221,ErTl3,intermetallic,cubic,2,0.0354561657231845,0.999944639387202,0.9644884736640175,0.9998512114361134
ErTlTe2_166,ErTlTe2,chalcogenide,trigonal,3,0.1688126015638292,0.9999885357042209,0.8311759341403917,0.9999612915283501
ErZn2_74,ErZn2,intermetallic,orthorhombic,2,0.0411541908723854,0.8953461953592902,0.8541920044869048,0.9084477388524967
ErZnGa_186,ErZnGa,intermetallic,hexagonal,3,0.0780137787946898,0.9997021754889907,0.9216883966943008,0.999374464341022
ErZrSb_139,ErZrSb,intermetallic,tetragonal,3,0.1512791964051105,0.9998618915584037,0.8485826951532931,0.9996770755499091
Eu(AlGe)2_164,Eu(AlGe)2,intermetallic,trigonal,3,0.1512791964051105,0.9918519704485724,0.8405727740434619,0.9896039280203114
Eu(CdP)2_164,Eu(CdP)2,pnictide,trigonal,3,0.2173150291269947,0.9779424533398693,0.7606274242128745,0.9758498442042871
Eu(CdSb)2_164,Eu(CdSb)2,intermetallic,trigonal,3,0.1652516693661287,0.9916500657268389,0.8263983963607102,0.989457547473308
Eu(CoSi)2_139,Eu(CoSi)2,intermetallic,tetragonal,3,0.1152940950565164,0.9515197403571443,0.8362256453006278,0.9524579332188439
Eu(MgBi)2_164,Eu(MgBi)2,intermetallic,trigonal,3,0.1547306964721815,0.9978512466916284,0.8431205502194469,0.9966888006342511
Eu(MgSb)2_164,Eu(MgSb)2,intermetallic,trigonal,3,0.1652516693661287,0.9972365654055553,0.8319848960394266,0.9958888460270404
Eu(NiP)2_139,Eu(NiP)2,pnictide,tetragonal,3,0.2173150291269947,0.9634026505206336,0.7460876213936388,0.9625690336862961
Eu(PPd)2_139,Eu(PPd)2,pnictide,tetragonal,3,0.2211992169285952,0.9416283748531423,0.7204291579245471,0.9444198599284038
Eu(PRh)2_139,Eu(PRh)2,pnictide,tetragonal,3,0.2529326968628043,0.9262795272876224,0.6733468304248181,0.9320633279651864
Eu(SiNi)2_139,Eu(SiNi)2,intermetallic,tetragonal,3,0.1184071933122512,0.9745931360547708,0.8561859427425196,0.9725599720447703
Eu(SiPd)2_139,Eu(SiPd)2,intermetallic,tetragonal,3,0.2211992169285952,0.9578286266542958,0.7366294097257006,0.9578685257275289
Eu(ZnGe)2_129,Eu(ZnGe)2,intermetallic,tetragonal,3,0.1512791964051105,0.9959588602471454,0.8446796638420349,0.9942676175983848
Eu2TiO4_139,Eu2TiO4,oxide,tetragonal,3,0.7147530549426948,0.8044325730545262,0.08967951811183139,0.8409310409385956
EuAg5_191,EuAg5,intermetallic,hexagonal,2,0.124731865378405,0.5199598253083928,0.3952279599299878,0.6318714314114274
EuAgSb_194,EuAgSb,intermetallic,trigonal,3,0.1652516693661287,0.9902854780864944,0.8250338087203657,0.9879928313429501
EuAl3Cu2_191,EuAl3Cu2,intermetallic,orthorhombic,3,0.1152940950565164,0.9936733540598586,0.8783792590033421,0.9915758806453154
EuAsAu_194,EuAsAu,pnictide,trigonal,3,0.361670071504925,0.9830305376661846,0.6213604661612597,0.9807023375719146
EuCdHg2_225,EuCdHg2,intermetallic,cubic,3,0.1478562110337886,0.8268423127897654,0.6789861017559768,0.8592901601188762
EuCd_221,EuCd,intermetallic,cubic,2,0.0582590102347919,0.8951964175559981,0.8369374073212063,0.9105044819638688
EuCl2_62,EuCl2,halide,orthorhombic,2,0.617260240551931,0.9791046609105075,0.36184442035857656,0.976949686589239
EuClF_129,EuClF,halide,tetragonal,3,0.8551562929053329,0.9748115086816665,0.11965521577633365,0.9728504397290074
EuF2_225,EuF2,halide,cubic,2,0.8551562929053329,0.3554672860131093,-0.4996890068922236,0.4886370285665759
EuGa2_191,EuGa2,intermetallic,hexagonal,2,0.0888292792566213,0.9955846285307635,0.9067553492741421,0.9938312296673373
EuH3Pd_221,EuH3Pd,hydride,tetragonal,3,0.2211992169285952,0.9109141878018496,0.6897149708732544,0.9197277936872033
EuHfO3_221,EuHfO3,oxide,cubic,3,0.7147530549426948,0.8838627080073065,0.16910965306461168,0.8994172836218234
EuHg_221,EuHg,intermetallic,cubic,2,0.1478562110337886,0.9279474520215081,0.7800912409877194,0.9345640007590745
EuIr2_227,EuIr2,intermetallic,cubic,2,0.2211992169285952,0.9332873559121342,0.712088138983539,0.9377856247329645
EuN_225,EuN,pnictide,cubic,2,0.571043601320927,0.8974178455628493,0.3263742442419223,0.9097554128860451
EuPd2_227,EuPd2,intermetallic,cubic,2,0.2211992169285952,0.801368673208587,0.5801694562799917,0.8400025199402762
EuTe_225,EuTe,chalcogenide,cubic,2,0.1833135174018892,0.9981571523799291,0.8148436349780399,0.9970951234729558
EuZnGe_194,EuZnGe,intermetallic,trigonal,3,0.1512791964051105,0.9949066570085278,0.8436274606034173,0.9930496855927705
EuZn_221,EuZn,intermetallic,cubic,2,0.0493649081413015,0.568363371012072,0.5189984628707706,0.672981978134034
Fe(SiP)4_1,Fe(SiP)4,pnictide,triclinic,3,0.0318807430834372,0.5621361854004648,0.5302554423170276,0.6629660876801334
Fe11Co5_123,Fe11Co5,intermetallic,tetragonal,2,0.0006248047281837,0.11267407091455128,0.11204926618636758,0.21436617140363232
Fe11Si5_221,Fe11Si5,intermetallic,cubic,2,0.0012242499937837,0.656767790142519,0.6555435401487353,0.733046124573999
Fe13Co3_123,Fe13Co3,intermetallic,tetragonal,2,0.0006248047281837,0.10477777392601989,0.10415296919783619,0.20291942291342052
Fe15Co_221,Fe15Co,intermetallic,cubic,2,0.0006248047281837,0.08709238110411968,0.08646757637593598,0.17620829982652575
Fe2B_140,Fe2B,boride/carbide,tetragonal,2,0.0109644474225218,0.5063321357329981,0.4953676883104763,0.617569651774952
Fe2C_58,Fe2C,boride/carbide,orthorhombic,2,0.1215532606500686,0.308453176647096,0.18689991599702738,0.4431963917887813
Fe2P_189,Fe2P,pnictide,hexagonal,2,0.0318807430834372,0.567458255357153,0.5355775122737158,0.66592546519654
Fe2Re3_213,Fe2Re3,intermetallic,cubic,2,0.0012242499937837,0.5923779096035278,0.5911536596097441,0.6854290010613224
Fe2Si_164,Fe2Si,intermetallic,trigonal,2,0.0012242499937837,0.6673645257504621,0.6661402757566784,0.7408594571421752
Fe2W_194,Fe2W,intermetallic,hexagonal,2,0.0678159451040819,0.688418992448237,0.6206030473441551,0.7567507357403582
Fe3C_62,Fe3C,boride/carbide,orthorhombic,2,0.1215532606500686,0.273251459477312,0.1516981988272434,0.4073860487152767
Fe3Co_123,Fe3Co,intermetallic,tetragonal,2,0.0006248047281837,0.10814755313607412,0.10752274840789042,0.20783901943837904
Fe3Ge_221,Fe3Ge,intermetallic,cubic,2,0.0080672833944288,0.6463902893702091,0.6383230059757804,0.7256527601110887
Fe3Mo3N_227,Fe3Mo3N,pnictide,cubic,3,0.3065145361435566,0.6986938945108724,0.39217935836731577,0.7644346384615521
Fe3PtN_221,Fe3PtN,pnictide,cubic,3,0.3065145361435566,0.1893341204733266,-0.11718041567023002,0.3148259442396889
Fe3Pt_221,Fe3Pt,intermetallic,cubic,2,0.0493649081413014,0.15163968767628563,0.10227477953498423,0.26787731874681164
Fe3RhN_221,Fe3RhN,pnictide,cubic,3,0.3065145361435566,0.18621916843641112,-0.1202953677071455,0.3111201601549046
Fe3Si_225,Fe3Si,intermetallic,cubic,2,0.0012242499937837,0.5998167238019075,0.5985924738081239,0.6904629714028305
Fe3Sn2_166,Fe3Sn2,intermetallic,trigonal,2,0.0042160872440494,0.920875983718413,0.9166598964743635,0.9277602577431534
Fe3SnC_221,Fe3SnC,boride/carbide,cubic,3,0.1215532606500686,0.7073065952476308,0.5857533345975623,0.7705311154636213
Fe3Sn_194,Fe3Sn,intermetallic,hexagonal,2,0.0042160872440494,0.7857258357842211,0.7815097485401716,0.8274215034946761
Fe3Sn_221,Fe3Sn,intermetallic,cubic,2,0.0042160872440494,0.7296787631893211,0.7254626759452717,0.7868623215289112
Fe5C2_15,Fe5C2,boride/carbide,monoclinic,2,0.1215532606500686,0.28923139672766945,0.16767813607760085,0.42369927896619014
Fe7C3_186,Fe7C3,boride/carbide,hexagonal,2,0.1215532606500686,0.3009702805941405,0.1794170199440719,0.43543463721861
Fe7W6_166,Fe7W6,intermetallic,trigonal,2,0.0678159451040819,0.8041038851280494,0.7362879400239675,0.840743094068456
FeAs2_58,FeAs2,pnictide,orthorhombic,2,0.0301608054092977,0.7608711852548853,0.7307103798455876,0.8097880409801896
FeAsS_14,FeAsS,chalcogenide,monoclinic,3,0.1311849437371568,0.7080874195972917,0.5769024758601349,0.771505089807644
FeAs_62,FeAs,pnictide,monoclinic,2,0.0301608054092977,0.7535477788519046,0.7233869734426069,0.8043403029953716
FeB_63,FeB,boride/carbide,orthorhombic,2,0.0109644474225218,0.5311765096378022,0.5202120622152804,0.637375633893356
FeBr2_164,FeBr2,halide,triclinic,2,0.2732879792945981,0.8756986473930823,0.6024106680984842,0.8945080403120355
FeCl2_164,FeCl2,halide,triclinic,2,0.3573949669440663,0.7067043488875427,0.34930938194347644,0.7717092176439148
FeCo2Ge_225,FeCo2Ge,intermetallic,cubic,3,0.0080672833944288,0.7076040382401227,0.699536754845694,0.7703721099652198
FeCo2Si_225,FeCo2Si,intermetallic,cubic,3,0.0012242499937837,0.6943458763418509,0.6931216263480672,0.7606609191654206
FeCo_221,FeCo,intermetallic,cubic,2,0.0006248047281837,0.11265134834330154,0.11202654361511784,0.21432346433631108
FeCuPt2_123,FeCuPt2,intermetallic,tetragonal,3,0.0493649081413014,0.7221309795320306,0.6727660713907293,0.781455450402399
FeGeRu2_225,FeGeRu2,intermetallic,cubic,3,0.0336459494865304,0.522221337600135,0.4885753881136046,0.6308008551817242
FeGe_191,FeGe,intermetallic,hexagonal,2,0.0080672833944288,0.8424481149984914,0.8343808316040626,0.8687233651892395
FeH_225,FeH,hydride,cubic,2,0.0336459494865304,0.5062907641601944,0.472644814673664,0.6175407131978995
FeI2_164,FeI2,halide,trigonal,2,0.1582102508344636,0.9585721736590371,0.8003619228245735,0.9592065353458818
FeN_216,FeN,pnictide,cubic,2,0.3065145361435566,0.2052210561772455,-0.1012934799663111,0.33343532287098454
FeNi3_221,FeNi3,intermetallic,cubic,2,0.0015987206823936,0.2826803719525194,0.2810816512701258,0.4171889078589904
FeNiPt2_123,FeNiPt2,intermetallic,tetragonal,3,0.0493649081413014,0.4769185440828519,0.4275536359415505,0.5942344241164186
FeNi_123,FeNi,intermetallic,tetragonal,2,0.0015987206823936,0.34022292317304587,0.3386242024906523,0.47373040557575247
FeP2_58,FeP2,pnictide,orthorhombic,2,0.0318807430834372,0.6755863719429588,0.6437056288595215,0.7474682944560361
FeP4_15,FeP4,pnictide,monoclinic,2,0.0318807430834372,0.6244932385174801,0.5926124954340428,0.7100326751579484
FeP_62,FeP,pnictide,orthorhombic,2,0.0318807430834372,0.6509875088284913,0.6191067657450541,0.7290879950990243
FePd3_221,FePd3,intermetallic,cubic,2,0.0336459494865304,0.09030846121385494,0.05666251172732454,0.18184077128430656
FePd_123,FePd,intermetallic,tetragonal,2,0.0336459494865304,0.08059114084288063,0.04694519135635023,0.16646956265049853
FePt3_221,FePt3,intermetallic,cubic,2,0.0493649081413014,0.15443091731014247,0.10506600916884107,0.27166920408059264
FePt_123,FePt,intermetallic,tetragonal,2,0.0493649081413014,0.17409845769618387,0.12473354955488247,0.29644369223663614
FeRh_221,FeRh,intermetallic,cubic,2,0.0493649081413014,0.1729052994119134,0.123540391270612,0.29510846124311435
FeS2_58,FeS2,chalcogenide,orthorhombic,2,0.1311849437371568,0.5779421334163757,0.44675718967921885,0.674627779787487
FeS_129,FeS,chalcogenide,tetragonal,2,0.1311849437371568,0.7861544872040371,0.6549695434668803,0.8283077611639508
FeSb2_58,FeSb2,intermetallic,orthorhombic,2,0.0120270893691617,0.8890884025836598,0.8770613132144981,0.903918426887878
FeSb3_204,FeSb3,intermetallic,triclinic,2,0.0120270893691617,0.8881621830694636,0.8761350937003018,0.9034739761887778
FeSbS_14,FeSbS,chalcogenide,monoclinic,3,0.1311849437371568,0.8118988806813004,0.6807139369441436,0.846819268886068
FeSb_194,FeSb,intermetallic,hexagonal,2,0.0120270893691617,0.8658469061991957,0.8538198168300339,0.88624017921386
FeSe2_58,FeSe2,chalcogenide,orthorhombic,2,0.1215532606500686,0.7142314502134596,0.592678189563391,0.7763273117586063
FeSe_129,FeSe,chalcogenide,tetragonal,2,0.1215532606500686,0.8958195946961001,0.7742663340460314,0.9091004957413279
FeSi2_123,FeSi2,intermetallic,tetragonal,2,0.0012242499937837,0.7962708454801315,0.7950465954863478,0.8348451162040802
FeSi2_64,FeSi2,intermetallic,orthorhombic,2,0.0012242499937837,0.7074663588897764,0.7062421088959927,0.7705833601690585
FeSiRu2_225,FeSiRu2,intermetallic,cubic,3,0.0336459494865304,0.4933403935473296,0.45969444406079923,0.6073599237943997
FeSiTc2_225,FeSiTc2,intermetallic,cubic,3,0.0012242499937837,0.5121530666643255,0.5109288166705418,0.6226701048578025
FeSi_198,FeSi,intermetallic,cubic,2,0.0012242499937837,0.7043636579843225,0.7031394079905389,0.7680365716306344
FeSn2_140,FeSn2,intermetallic,tetragonal,2,0.0042160872440494,0.8999251028856312,0.8957090156415818,0.9119208812480515
FeSnRh2_139,FeSnRh2,intermetallic,tetragonal,3,0.0493649081413014,0.6611643048650871,0.6117993967237858,0.7371120709445836
FeSn_191,FeSn,intermetallic,hexagonal,2,0.0042160872440494,0.9053350714435158,0.9011189841994663,0.91587559570512
FeTe2_58,FeTe2,chalcogenide,orthorhombic,2,0.0180599290148932,0.8681798469490729,0.8501199179341797,0.8884070241039239
Fe_229,Fe,elemental,cubic,1,0.0,0.06056515233779599,0.06056515233779599,0.13285031636436287
Ga2Au_225,Ga2Au,intermetallic,cubic,2,0.124731865378405,0.78344356170908,0.6587116963306751,0.8263139606114491
Ga2Cu_123,Ga2Cu,intermetallic,tetragonal,2,0.0020229510707605,0.9937300689082269,0.9917071178374665,0.991623817512071
Ga2HgS4_82,Ga2HgS4,chalcogenide,tetragonal,3,0.137762910230166,0.7554455165268494,0.6176826062966834,0.8068387403794431
Ga2HgSe4_82,Ga2HgSe4,chalcogenide,tetragonal,3,0.1279425724852808,0.8154335743157275,0.6874910018304468,0.8502952644103905
Ga2HgTe4_82,Ga2HgTe4,chalcogenide,tetragonal,3,0.0208055155986512,0.906891043776115,0.8860855281774638,0.918069283994437
Ga2IrRh_225,Ga2IrRh,intermetallic,cubic,3,0.053727787248697,0.5219114281005873,0.46818364085189035,0.6306425721496715
Ga2O3_12,Ga2O3,oxide,monoclinic,2,0.4853277558267211,0.6919592974764236,0.2066315416497025,0.7595984030991607
Ga2Pt_225,Ga2Pt,intermetallic,cubic,2,0.053727787248697,0.6339756546969145,0.5802478674482175,0.7173546993093326
Ga2RuRh_225,Ga2RuRh,intermetallic,cubic,3,0.053727787248697,0.5103288810116775,0.4566010937629805,0.6213281940289042
Ga2S3_9,Ga2S3,chalcogenide,monoclinic,2,0.137762910230166,0.28636061486550773,0.14859770463534172,0.423603936211837
Ga2Se3_9,Ga2Se3,chalcogenide,monoclinic,2,0.1279425724852808,0.2906914653539883,0.16274889286870753,0.42872983511686347
Ga2Te3_9,Ga2Te3,chalcogenide,triclinic,2,0.0208055155986512,0.3378788684981511,0.3170733528994999,0.47682423990008466
Ga2Te5_87,Ga2Te5,chalcogenide,triclinic,2,0.0208055155986512,0.36277243301660667,0.3419669174179555,0.5005661608819819
Ga2TeS2_109,Ga2TeS2,chalcogenide,tetragonal,3,0.137762910230166,0.40215986095147954,0.26439695072131353,0.5339778778672989
Ga3Ni2_164,Ga3Ni2,intermetallic,trigonal,2,0.0024968776025399,0.9677486159392589,0.965251738336719,0.966292533187807
GaAg2_189,GaAg2,intermetallic,hexagonal,2,0.0035935277690065,0.9068895570270901,0.9032960292580836,0.9169247314508615
GaAgS2_122,GaAgS2,chalcogenide,monoclinic,3,0.137762910230166,0.8788370702805572,0.7410741600503912,0.8961297324615622
GaAgSe2_122,GaAgSe2,chalcogenide,tetragonal,3,0.1279425724852808,0.9148811546208444,0.7869385821355637,0.9235914312884043
GaAgTe2_122,GaAgTe2,chalcogenide,tetragonal,3,0.0208055155986512,0.9573353540408183,0.9365298384421671,0.9578643759814234
GaAsPd5_123,GaAsPd5,pnictide,tetragonal,3,0.0373111266314775,0.7114225478263448,0.6741114211948673,0.773864858641831
GaAs_216,GaAs,pnictide,cubic,2,0.0336459494865304,0.22373395925214956,0.19008800976561915,0.3570618319125788
GaBi_216,GaBi,intermetallic,cubic,2,0.0109644474225218,0.30200377586066257,0.2910393284381408,0.4418122981217866
GaCl2_52,GaCl2,halide,orthorhombic,2,0.3659484381419324,0.5179988365608603,0.15205039841892792,0.6304837115285125
GaCl3_12,GaCl3,halide,triclinic,2,0.3659484381419324,0.4386272850527,0.07267884691076759,0.5659233191574823
GaCo_221,GaCo,intermetallic,cubic,2,0.0012242499937837,0.8456968499857812,0.8444725999919975,0.8706103828852826
GaCuCl4_112,GaCuCl4,halide,tetragonal,3,0.3659484381419324,0.9637139434847387,0.5977655053428064,0.9631194452601366
GaCuI4_82,GaCuI4,halide,tetragonal,3,0.1652516693661287,0.9933031752643574,0.8280515058982287,0.9913319932668063
GaCuO2_194,GaCuO2,oxide,hexagonal,3,0.4853277558267211,0.9395016395750904,0.45417388374836926,0.9425514598979128
GaCuPt2_123,GaCuPt2,intermetallic,orthorhombic,3,0.053727787248697,0.9358279563826198,0.8821001691339229,0.9394480181957381
GaCuS2_122,GaCuS2,chalcogenide,tetragonal,3,0.137762910230166,0.980786310878784,0.8430234006486179,0.9784113297325221
GaCuSe2_122,GaCuSe2,chalcogenide,tetragonal,3,0.1279425724852808,0.9868600554904923,0.8589174830052115,0.9843995534052902
GaCuTe2_122,GaCuTe2,chalcogenide,tetragonal,3,0.0208055155986512,0.9933676117975406,0.9725620961988894,0.9913101866519305
GaFe3_221,GaFe3,intermetallic,cubic,2,9.999500016666384e-05,0.6765373579439218,0.6764373629437551,0.7478492277867701
GaFeCo2_225,GaFeCo2,intermetallic,cubic,3,0.0012242499937837,0.7333352059712137,0.73211095597743,0.7890392765443605
GaGeRu2_225,GaGeRu2,intermetallic,cubic,3,0.0373111266314775,0.38029182409480333,0.3429806974633258,0.5110685065066134
GaGeTe_166,GaGeTe,chalcogenide,trigonal,3,0.0208055155986512,0.2896361431606836,0.2688306275620324,0.42850384106058487
GaIr_221,GaIr,intermetallic,cubic,2,0.0373111266314775,0.4216518237198885,0.384340697088411,0.5477179949628129
GaN_186,GaN,pnictide,hexagonal,2,0.3149236588531833,0.43988911925030766,0.12496546039712436,0.5636485966078368
GaN_225,GaN,pnictide,cubic,2,0.3149236588531833,0.38701658411006884,0.07209292525688554,0.5167774666630325
GaNiRh2_225,GaNiRh2,intermetallic,trigonal,3,0.053727787248697,0.8421734937672049,0.7884457065185079,0.8681948859269839
GaPPd5_123,GaPPd5,pnictide,tetragonal,3,0.0373111266314775,0.6876947520512561,0.6503836254197786,0.7564856944640032
GaPPt5_123,GaPPt5,pnictide,tetragonal,3,0.053727787248697,0.5030416421680979,0.4493138549194009,0.6158382126563976
GaP_186,GaP,pnictide,hexagonal,2,0.0354561657231845,0.19993817367574068,0.1644820079525562,0.32900426281420103
GaP_216,GaP,pnictide,cubic,2,0.0354561657231845,0.20064347162179028,0.16518730589860578,0.3298416749413236
GaPd2_62,GaPd2,intermetallic,orthorhombic,2,0.0373111266314775,0.7556959735885497,0.7183848469570722,0.805760953684271
GaPd_198,GaPd,intermetallic,cubic,2,0.0373111266314775,0.8007899150379852,0.7634787884065077,0.8383161562779196
GaPt_198,GaPt,intermetallic,cubic,2,0.053727787248697,0.6255300736294407,0.5718022863807437,0.710621684074883
GaRh_221,GaRh,intermetallic,cubic,2,0.053727787248697,0.5930512144855827,0.5393234272368858,0.6858228509805376
GaS_194,GaS,chalcogenide,hexagonal,2,0.137762910230166,0.3014441585067754,0.1636812482766094,0.43865939877635335
GaSb_216,GaSb,intermetallic,cubic,2,0.014296815877557,0.2525852389709475,0.2382884230933905,0.39007308847163913
GaSiRu2_225,GaSiRu2,intermetallic,cubic,3,0.0373111266314775,0.35381380752266595,0.31650268089118844,0.4865761508789934
GaTeI7_7,GaTeI7,halide,monoclinic,3,0.1652516693661287,0.6460614079458571,0.4808097385797284,0.7325543836429839
GaTe_12,GaTe,chalcogenide,monoclinic,2,0.0208055155986512,0.3101354705391931,0.2893299549405419,0.4497522082990369
Ga_139,Ga,elemental,tetragonal,1,0.0,0.1381195489652214,0.1381195489652214,0.2516454311056494
Ga_220,Ga,elemental,cubic,1,0.0,0.13127932246866686,0.13127932246866686,0.24222267056960775
Ga_63,Ga,elemental,orthorhombic,1,0.0,0.1300817130826425,0.1300817130826425,0.24055600023830634
Ga_64,Ga,elemental,orthorhombic,1,0.0,0.12965689386579712,0.12965689386579712,0.23996355807359718
Gd(SiRh)2_139,Gd(SiRh)2,intermetallic,tetragonal,3,0.2529326968628043,0.9639017296270358,0.7109690327642315,0.9630542097871293
Gd2MgIn_225,Gd2MgIn,intermetallic,cubic,3,0.0806606824334817,0.9988783173418088,0.9182176349083271,0.9980786505372508
Gd2O3_206,Gd2O3,oxide,cubic,2,0.7147530549426948,0.7851390244526063,0.0703859695099115,0.8271584464118483
Gd2ReO5_85,Gd2ReO5,oxide,tetragonal,3,0.7147530549426948,0.8693434826321237,0.15459042768942888,0.8883482661576461
Gd2SO2_164,Gd2SO2,oxide,trigonal,3,0.7147530549426948,0.9695988969322034,0.25484584198950855,0.9680907893889916
Gd2TeO2_139,Gd2TeO2,oxide,tetragonal,3,0.7147530549426948,0.9937835292088169,0.27903047426612204,0.9917423193719762
GdAlPd_189,GdAlPd,intermetallic,hexagonal,3,0.2211992169285952,0.9935740641089279,0.7723748471803327,0.9914980473518942
GdAs_225,GdAs,pnictide,cubic,2,0.213450797786545,0.9971957068693307,0.7837449090827857,0.9958188288066858
GdB6_221,GdB6,boride/carbide,cubic,2,0.1617173967757665,0.9029129537006048,0.7411955569248383,0.9136215440055313
GdBi2BrO4_123,GdBi2BrO4,halide,tetragonal,4,0.7147530549426948,0.9969540347718265,0.2822009798291317,0.995481742897128
GdC2_139,GdC2,boride/carbide,tetragonal,2,0.3659484381419323,0.9649431948932405,0.5989947567513083,0.9639289516152236
GdCd_221,GdCd,intermetallic,cubic,2,0.0582590102347919,0.9075170122259975,0.8492580019912056,0.9192777605649011
GdCl3_176,GdCl3,halide,hexagonal,2,0.617260240551931,0.9853517156922975,0.36809147514036655,0.9829203505857541
GdClO_129,GdClO,halide,tetragonal,3,0.7147530549426948,0.9849057134831194,0.2701526585404246,0.9823981178977064
GdGa2_191,GdGa2,intermetallic,hexagonal,2,0.0888292792566213,0.9966725834275392,0.9078433041709179,0.9951398651361291
GdGe_63,GdGe,intermetallic,orthorhombic,2,0.1512791964051105,0.9978158472620062,0.8465366508568957,0.9966132970331163
GdH2_225,GdH2,hydride,cubic,2,0.2211992169285952,0.9821977551051705,0.7609985381765753,0.9797062696043917
GdMg_221,GdMg,intermetallic,cubic,2,0.0030204292974532,0.9988777023434198,0.9958572730459666,0.9980755455856093
GdOF_166,GdOF,halide,trigonal,3,0.8551562929053329,0.6171237650684446,-0.23803252783688833,0.703984517792705
GdP_225,GdP,pnictide,cubic,2,0.2173150291269947,0.9955918661933125,0.7782768370663178,0.9938417931466483
GdSF_129,GdSF,halide,tetragonal,3,0.8551562929053329,0.983705415278206,0.12854912237287308,0.9812043512093414
GdS_225,GdS,chalcogenide,cubic,2,0.3787986409945493,0.9921430142910824,0.6133443732965331,0.9899379372740954
GdSb_225,GdSb,intermetallic,cubic,2,0.1652516693661287,0.9984872484836553,0.8332355791175267,0.9975285334230428
GdSe_225,GdSe,chalcogenide,cubic,2,0.3659484381419323,0.9957960226949948,0.6298475845530624,0.9940992872322945
GdSi2_141,GdSi2,intermetallic,monoclinic,2,0.1152940950565164,0.9945261024794311,0.8792320074229146,0.9925675581396218
GdTaO4_13,GdTaO4,oxide,monoclinic,3,0.7147530549426948,0.8840398186027504,0.16928676366005557,0.8993343584322091
GdTl_221,GdTl,intermetallic,cubic,2,0.0431417331380903,0.9988713181788819,0.9557295850407915,0.9980700288061015
Ge2Te5As2_164,Ge2Te5As2,chalcogenide,triclinic,3,0.0071989624323788,0.3852260679495629,0.3780271055171841,0.5203078799875284
Ge3(BiO3)4_220,Ge3(BiO3)4,oxide,cubic,3,0.4002395778963622,0.6950755046006543,0.29483592670429204,0.7620206530797513
Ge3N4_159,Ge3N4,pnictide,trigonal,2,0.2329666519444447,0.3774464401288037,0.14447978818435897,0.5088862952410323
GeAs2_55,GeAs2,pnictide,orthorhombic,2,0.0071989624323788,0.2048700495078917,0.1976710870755129,0.3359154023804088
GeAs_12,GeAs,pnictide,triclinic,2,0.0071989624323788,0.1858496343760312,0.1786506719436524,0.31313890367802544
GeH3Cl_36,GeH3Cl,halide,orthorhombic,3,0.2815254535159257,0.33750894051097813,0.0559834869950524,0.4737960862722613
GeO2_136,GeO2,oxide,tetragonal,2,0.4002395778963622,0.5492334688698769,0.14899389097351468,0.6517300915578896
GeO2_152,GeO2,oxide,trigonal,2,0.4002395778963622,0.616040071068176,0.21580049317181382,0.703918265350992
GePd2_189,GePd2,intermetallic,hexagonal,2,0.0089843969268881,0.7242369810069458,0.7152525840800577,0.7831622411964115
GePdS3_12,GePdS3,chalcogenide,monoclinic,3,0.0780137787946898,0.8632246791018051,0.7852109003071153,0.8846982453265823
GePd_62,GePd,intermetallic,orthorhombic,2,0.0089843969268881,0.7987981906624039,0.7898137937355157,0.8371415141912779
GePt_62,GePt,intermetallic,orthorhombic,2,0.0180599290148932,0.6176767921187107,0.5996168631038176,0.7051034796470592
GeRh2_62,GeRh2,intermetallic,orthorhombic,2,0.0180599290148932,0.51960330595417,0.5015433769392769,0.6288953975156752
GeS_62,GeS,chalcogenide,orthorhombic,2,0.0780137787946898,0.31799343447485945,0.23997965568016966,0.455324462452248
GeSe_225,GeSe,chalcogenide,cubic,2,0.0703062052430456,0.2701165656643049,0.19981036042125933,0.4074345360755205
GeSe_62,GeSe,chalcogenide,orthorhombic,2,0.0703062052430456,0.31531009399544613,0.24500388875240053,0.4535436364779411
GeTe_160,GeTe,chalcogenide,trigonal,2,0.0020229510707605,0.3062311445827254,0.3042081935119649,0.4460278557649649
Ge_227,Ge,elemental,cubic,1,0.0,0.15586676169612956,0.15586676169612956,0.2753732080247535
Ge_96,Ge,elemental,tetragonal,1,0.0,0.14922290043185565,0.14922290043185565,0.26656501738077937
H2O_36,H2O,oxide,orthorhombic,2,0.3191409709080751,0.48891193959363644,0.16977096868556135,0.6043783620776337
H2SO4_15,H2SO4,oxide,monoclinic,3,0.3191409709080751,0.4688421379629034,0.14970116705482833,0.587712603021077
H2SeO4_19,H2SeO4,oxide,orthorhombic,3,0.3191409709080751,0.46932218028978134,0.15018120938170626,0.5881715519603916
H3ClO_160,H3ClO,halide,trigonal,3,0.3191409709080751,0.5618536751931105,0.24271270428503539,0.6638531760250416
H4C_217,H4C,hydride,cubic,2,0.0301608054092976,0.1854814872281518,0.1553206818188542,0.3109455802187908
H4IN_129,H4IN,halide,tetragonal,3,0.1617173967757664,0.5937968810476859,0.4320794842719195,0.6901295275731673
H4NF_186,H4NF,halide,hexagonal,3,0.5471072787601052,0.6103428504324228,0.06323557167231753,0.6990954208738348
H5NF2_53,H5NF2,halide,orthorhombic,3,0.5471072787601052,0.6487929014647787,0.10168562270467352,0.7273322207825472
HI3_2,HI3,halide,triclinic,2,0.0515251447743955,0.7054650592972915,0.653939914522896,0.7762328790506348
HPbBrO_62,HPbBrO,halide,orthorhombic,4,0.3191409709080751,0.7829077876453944,0.4637668167373193,0.8266670785805419
He_229,He,elemental,cubic,1,,0.1633985856774832,,0.28515164224892536
Hf(CoSi)2_139,Hf(CoSi)2,intermetallic,tetragonal,3,0.0860688147287718,0.9173986613955307,0.8313298466667589,0.9249369013043062
Hf(CuP)2_164,Hf(CuP)2,pnictide,trigonal,3,0.1796506558521339,0.9926618965248472,0.8130112406727132,0.9904482874674622
Hf(FeSi)2_57,Hf(FeSi)2,intermetallic,orthorhombic,3,0.0860688147287718,0.7848141126800106,0.6987452979512387,0.8267055586680281
Hf(MnSn)6_191,Hf(MnSn)6,intermetallic,hexagonal,3,0.1031799049762132,0.7986429233729799,0.6954630183967667,0.8374828016162906
Hf(SiNi)2_139,Hf(SiNi)2,intermetallic,tetragonal,3,0.0888292792566212,0.9764447129664336,0.8876154337098124,0.9742307337814539
Hf(VGa2)2_139,Hf(VGa2)2,intermetallic,tetragonal,3,0.0629559630163498,0.2774982725063838,0.214542309490034,0.41323303076242535
Hf2Ag_139,Hf2Ag,intermetallic,tetragonal,2,0.0944610611608638,0.9683081788620997,0.8738471177012359,0.9671734792403217
Hf2Al3_43,Hf2Al3,intermetallic,orthorhombic,2,0.0237386970797479,0.1427248655401262,0.1189861684603783,0.2578010702146513
Hf2Al4C5_166,Hf2Al4C5,boride/carbide,trigonal,3,0.3233661538382709,0.27368406894253666,-0.049682084895734224,0.40912726690169465
Hf2Al_140,Hf2Al,intermetallic,tetragonal,2,0.0237386970797479,0.20354159540376573,0.17980289832401783,0.33466233827713304
Hf2Au_139,Hf2Au,intermetallic,tetragonal,2,0.3191409709080752,0.9200895232961591,0.600948552388084,0.9277463044771267
Hf2CS_194,Hf2CS,chalcogenide,hexagonal,3,0.3360842366645264,0.2953459822440711,-0.04073825442045531,0.43198423181473444
Hf2CoTc_225,Hf2CoTc,intermetallic,cubic,3,0.0860688147287718,0.9007739738580048,0.814705159129233,0.9129455953198018
Hf2CuSb3_115,Hf2CuSb3,intermetallic,tetragonal,3,0.1311849437371567,0.9900434803098342,0.8588585365726775,0.9877291966519804
Hf2Cu_139,Hf2Cu,intermetallic,tetragonal,2,0.0860688147287718,0.9958218758227435,0.9097530610939717,0.9941182768775665
Hf2FeIr_225,Hf2FeIr,intermetallic,cubic,3,0.1833135174018892,0.8420222719105008,0.6587087545086117,0.869466373971666
Hf2FeOs_225,Hf2FeOs,intermetallic,cubic,3,0.1833135174018892,0.8346891999755974,0.6513756825737083,0.8642054301998384
Hf2Ga3_43,Hf2Ga3,intermetallic,orthorhombic,2,0.0629559630163498,0.13588234365154356,0.07292638063519376,0.24857383553335058
Hf2GaSb3_115,Hf2GaSb3,intermetallic,tetragonal,3,0.1311849437371567,0.2074267867339246,0.0762418429967679,0.3391012704212369
Hf2Ga_140,Hf2Ga,intermetallic,tetragonal,2,0.0629559630163498,0.2053069617894348,0.142350998773085,0.33666030013438386
Hf2Ge_140,Hf2Ge,intermetallic,tetragonal,2,0.1184071933122511,0.24008599917069695,0.12167880585844586,0.3758317118388979
Hf2Hg_139,Hf2Hg,intermetallic,tetragonal,2,0.1152940950565164,0.9553213941639671,0.8400272991074507,0.9560774165613779
Hf2In5_127,Hf2In5,intermetallic,tetragonal,2,0.0559725170821643,0.28715622698164645,0.23118370989948214,0.4260532373035508
Hf2MnIr_225,Hf2MnIr,intermetallic,trigonal,3,0.1833135174018892,0.739848618761266,0.5565351013593768,0.7960114038849614
Hf2MnRh_225,Hf2MnRh,intermetallic,cubic,3,0.2134507977865449,0.8015411616687433,0.5880903638821984,0.8403059907899877
Hf2MoIr_225,Hf2MoIr,intermetallic,cubic,3,0.1833135174018892,0.6214538218486945,0.4381403044468053,0.7101866127830078
Hf2NiP_11,Hf2NiP,pnictide,monoclinic,3,0.1796506558521339,0.9660716958800984,0.7864210400279645,0.9650929785591432
Hf2OsRh_225,Hf2OsRh,intermetallic,cubic,3,0.2134507977865449,0.7383349151128185,0.5248841173262735,0.7950979068730663
Hf2P_58,Hf2P,pnictide,orthorhombic,2,0.1796506558521339,0.28209724915830364,0.10244659330616973,0.41986598240649264
Hf2Pd_139,Hf2Pd,intermetallic,tetragonal,2,0.1833135174018892,0.9218955546160137,0.7385820372141245,0.9291303320186551
Hf2ReIr_225,Hf2ReIr,intermetallic,cubic,3,0.1833135174018892,0.607137960894971,0.4238244434930818,0.6993018307944209
Hf2ReRh_225,Hf2ReRh,intermetallic,cubic,3,0.2134507977865449,0.7440999556485242,0.5306491578619792,0.7994296511985985
Hf2S_194,Hf2S,chalcogenide,hexagonal,2,0.3360842366645264,0.40135641831849567,0.06527218165396925,0.5325299045199449
Hf2SbP_194,Hf2SbP,pnictide,hexagonal,3,0.1796506558521339,0.3150408609157292,0.13539020506359528,0.45324929645142237
Hf2SeN2_164,Hf2SeN2,chalcogenide,trigonal,3,0.5308815576053358,0.5926394305467237,0.061757872941387904,0.6870784187510853
Hf2Si_140,Hf2Si,intermetallic,tetragonal,2,0.0860688147287718,0.22469395162789127,0.13862513689911948,0.35842916507400174
Hf2SnC_194,Hf2SnC,boride/carbide,hexagonal,3,0.3233661538382709,0.5848678268562926,0.2615016730180217,0.6824788007665277
Hf2TcOs_225,Hf2TcOs,intermetallic,cubic,3,0.1833135174018892,0.5734659279351887,0.3901524105332995,0.674026010063592
Hf2TcRh_225,Hf2TcRh,intermetallic,triclinic,3,0.2134507977865449,0.7551239550866194,0.5416731573000746,0.8073485450675605
Hf2TcRu_225,Hf2TcRu,intermetallic,cubic,3,0.1833135174018892,0.6309186263309996,0.44760510892911043,0.7171298696109724
Hf2ZnRe_225,Hf2ZnRe,intermetallic,trigonal,3,0.0860688147287718,0.9941352962750585,0.9080664815462867,0.9921795687365558
Hf2Zn_139,Hf2Zn,intermetallic,orthorhombic,2,0.0301608054092976,0.9982161635426635,0.968055358133366,0.9971491747129103
Hf3(Cu2Ge)2_189,Hf3(Cu2Ge)2,intermetallic,hexagonal,3,0.1184071933122511,0.9970974116880956,0.8786902183758445,0.9956609312480652
Hf3(SiCu)4_71,Hf3(SiCu)4,intermetallic,orthorhombic,3,0.0860688147287718,0.9930502045160188,0.906981389787247,0.9908741349532454
Hf3(SiCu2)2_189,Hf3(SiCu2)2,intermetallic,hexagonal,3,0.0860688147287718,0.9965106214428249,0.9104418067140531,0.994923059529652
Hf3Al2_136,Hf3Al2,intermetallic,tetragonal,2,0.0237386970797479,0.2003266497740186,0.1765879526942707,0.33072970138155583
Hf3Ge2_127,Hf3Ge2,intermetallic,tetragonal,2,0.1184071933122511,0.2516607735765085,0.13325358026425743,0.3886781531275102
Hf3Rh5_55,Hf3Rh5,intermetallic,orthorhombic,2,0.2134507977865449,0.7577088529911281,0.5442580552045833,0.8083675802963184
Hf3Sb_82,Hf3Sb,intermetallic,triclinic,2,0.1311849437371567,0.27258060804059125,0.14139566430343456,0.4112674138173654
Hf3Si2_127,Hf3Si2,intermetallic,tetragonal,2,0.0860688147287718,0.2178985809115629,0.13182976618279107,0.3507356200740787
Hf3Te2_139,Hf3Te2,chalcogenide,monoclinic,2,0.1478562110337886,0.29556128686220284,0.14770507582841425,0.4353942901998876
Hf3Tl_139,Hf3Tl,intermetallic,tetragonal,2,0.025275098398206,0.25357916673901953,0.22830406834081354,0.3909412450990976
Hf3Zn3N_227,Hf3Zn3N,pnictide,cubic,3,0.5308815576053358,0.9992581720652216,0.46837661445988577,0.9986436570582614
Hf3ZnN_63,Hf3ZnN,pnictide,orthorhombic,3,0.5308815576053358,0.9893260390366214,0.4584444814312856,0.9869600339165183
Hf4Al3_191,Hf4Al3,intermetallic,hexagonal,2,0.0237386970797479,0.16700974968204918,0.14327105260230127,0.2895659786939306
Hf5Al3_193,Hf5Al3,intermetallic,hexagonal,2,0.0237386970797479,0.22540539457490044,0.20166669749515254,0.3597156126641985
Hf5CuSn3_193,Hf5CuSn3,intermetallic,hexagonal,3,0.1031799049762132,0.984849271589616,0.8816693666134028,0.9825338679977101
Hf5Si3_193,Hf5Si3,intermetallic,hexagonal,2,0.0860688147287718,0.2430686505815707,0.15699983585279892,0.3789711689688047
Hf5Sn3_193,Hf5Sn3,intermetallic,hexagonal,2,0.1031799049762132,0.3896479630329351,0.2864680580567219,0.5251945497027909
Hf5Sn4_193,Hf5Sn4,intermetallic,hexagonal,2,0.1031799049762132,0.2976271967018256,0.19444729172561237,0.4374788210821806
Hf6CoBi2_189,Hf6CoBi2,intermetallic,hexagonal,3,0.1215532606500686,0.9254978110245486,0.80394455037448,0.932429783513402
Hf6NiSb2_189,Hf6NiSb2,intermetallic,hexagonal,3,0.1311849437371567,0.9574326990924419,0.8262477553552852,0.9580050859049061
HfAg_129,HfAg,intermetallic,tetragonal,2,0.0944610611608638,0.9825754852024761,0.8881144240416122,0.980206948154652
HfAl2_194,HfAl2,intermetallic,hexagonal,2,0.0237386970797479,0.12789767130640137,0.10415897422665346,0.23746238587868115
HfAl3_139,HfAl3,intermetallic,tetragonal,2,0.0237386970797479,0.1229275896763972,0.09918889259664931,0.23018774758164276
HfAlCo2_225,HfAlCo2,intermetallic,cubic,3,0.0806606824334817,0.8845627182520015,0.8039020358185198,0.8997816648089543
HfAlCu2_225,HfAlCu2,intermetallic,cubic,3,0.0860688147287718,0.9905216354148959,0.9044528206861241,0.9881213005582237
HfAlNi2_225,HfAlNi2,intermetallic,cubic,3,0.0888292792566212,0.9653494094826003,0.8765201302259791,0.9642093698302722
HfAlPd2_225,HfAlPd2,intermetallic,cubic,3,0.1833135174018892,0.8594184522124175,0.6761049348105284,0.8815869095019223
HfAlPt_190,HfAlPt,intermetallic,hexagonal,3,0.2134507977865449,0.7317610524379061,0.5183102546513612,0.7896600969081233
HfAlRu2_225,HfAlRu2,intermetallic,cubic,3,0.1833135174018892,0.49126577184561887,0.30795225444372964,0.6069182653708307
HfAl_63,HfAl,intermetallic,orthorhombic,2,0.0237386970797479,0.16145045087580562,0.1377117537960577,0.2825320955473487
HfAs_194,HfAs,pnictide,hexagonal,2,0.1760125666682969,0.2565045041443561,0.0804919374760592,0.3935021666150528
HfB2_191,HfB2,boride/carbide,hexagonal,2,0.1279425724852808,0.12179441888770523,-0.006148153597575562,0.22744628344801457
HfBRh3_221,HfBRh3,boride/carbide,cubic,3,0.2134507977865449,0.6221462004576352,0.40869540267109034,0.7086384662989218
HfBe2_191,HfBe2,intermetallic,hexagonal,2,0.0180599290148932,0.08107909765674161,0.06301916864184841,0.16717165647984641
HfBe5_191,HfBe5,intermetallic,hexagonal,2,0.0180599290148932,0.06739695537352915,0.049337026358635946,0.1444723509246113
HfBeRh2_225,HfBeRh2,intermetallic,cubic,3,0.2134507977865449,0.6381214721666678,0.4246706743801229,0.7202237286354595
HfBeSi_194,HfBeSi,intermetallic,hexagonal,3,0.0860688147287718,0.11144892362346379,0.025380108894691986,0.21349387526984526
HfBrN_59,HfBrN,halide,orthorhombic,3,0.5308815576053358,0.7816126422921834,0.25073108468684757,0.8263339301075541
HfC_225,HfC,boride/carbide,cubic,2,0.3233661538382709,0.283120756469928,-0.04024539736834287,0.41910801858858027
HfCdRh2_225,HfCdRh2,intermetallic,cubic,3,0.2134507977865449,0.8916955231056363,0.6782447253190913,0.9057207339776616
HfCo2Sn_225,HfCo2Sn,intermetallic,cubic,3,0.1031799049762132,0.9125449289554168,0.8093650239792036,0.9213047438171631
HfCo2_227,HfCo2,intermetallic,cubic,2,0.0806606824334817,0.9240625703702845,0.8434018879368028,0.9302069827776834
HfCoAs_62,HfCoAs,pnictide,orthorhombic,3,0.1760125666682969,0.9011182211140691,0.7251056544457722,0.9125536936125858
HfCoSn_190,HfCoSn,intermetallic,hexagonal,3,0.1031799049762132,0.9286211461275653,0.8254412411513521,0.934129335276306
HfCo_221,HfCo,intermetallic,cubic,2,0.0806606824334817,0.9421225109614986,0.8614618285280169,0.9450485944820216
HfCr2_194,HfCr2,intermetallic,hexagonal,2,0.0318807430834372,0.5884637960683508,0.5565830529849135,0.6843716344563633
HfCr2_227,HfCr2,intermetallic,cubic,2,0.0318807430834372,0.5847126064493124,0.5528318633658752,0.6814862270733649
HfCu2Te3_12,HfCu2Te3,chalcogenide,monoclinic,3,0.1478562110337886,0.9970123303906423,0.8491561193568538,0.9955887663487406
HfFe2_227,HfFe2,intermetallic,cubic,2,0.067815945104082,0.8834929599103765,0.8156770148062945,0.8993915722449062
HfGa3_139,HfGa3,intermetallic,tetragonal,2,0.0629559630163498,0.12020792575655104,0.05725196274020124,0.22646250876657079
HfGa5Co_123,HfGa5Co,intermetallic,tetragonal,3,0.0806606824334817,0.7964568223584081,0.7157961399249264,0.8354555136749008
HfGaAu_187,HfGaAu,intermetallic,hexagonal,3,0.3191409709080752,0.8438776644472059,0.5247366935391307,0.8704003590601382
HfGaCo2_225,HfGaCo2,intermetallic,cubic,3,0.0806606824334817,0.875908024036041,0.7952473416025593,0.8932344189813082
HfGaCu_194,HfGaCu,intermetallic,orthorhombic,3,0.0860688147287718,0.9886511436810811,0.9025823289523093,0.9861834384846866
HfGaRu2_225,HfGaRu2,intermetallic,cubic,3,0.1833135174018892,0.4879386334857396,0.30462511608385046,0.6042034340576162
HfGe2_63,HfGe2,intermetallic,orthorhombic,2,0.1184071933122511,0.151828829289952,0.03342163597770091,0.2696495461484326
HfGePt_62,HfGePt,intermetallic,orthorhombic,3,0.2134507977865449,0.7191137589670795,0.5056629611805346,0.7802156517938306
HfGeS_129,HfGeS,chalcogenide,tetragonal,3,0.3360842366645264,0.2768733841947608,-0.059210852469765596,0.413097145955399
HfGeSe_129,HfGeSe,chalcogenide,tetragonal,3,0.3233661538382709,0.24491514993680005,-0.07845100390147083,0.37989762828639323
HfGeTe4_36,HfGeTe4,chalcogenide,monoclinic,3,0.1478562110337886,0.3564427227955116,0.208586511761723,0.4947282544058779
HfGeTe_129,HfGeTe,chalcogenide,tetragonal,3,0.1478562110337886,0.31739753434532497,0.16954132331153637,0.4557834871773103
HfH2_139,HfH2,hydride,tetragonal,2,0.1833135174018892,0.11392667873164637,-0.06938683867024283,0.2166691806617783
HfI3_193,HfI3,halide,hexagonal,2,0.3702296185989969,0.5493234434740675,0.17909382487507058,0.6595773512472951
HfIN_166,HfIN,halide,trigonal,3,0.5308815576053358,0.9016013420450176,0.3707197844396818,0.913879647594238
HfInCo2_225,HfInCo2,intermetallic,triclinic,3,0.0806606824334817,0.9101950740686856,0.8295343916352039,0.9194396475335505
HfInCu2_225,HfInCu2,intermetallic,cubic,3,0.0860688147287718,0.9922322510004017,0.9061634362716299,0.9899793224891152
HfInPd2_225,HfInPd2,intermetallic,triclinic,3,0.1833135174018892,0.881082954035497,0.6977694366336078,0.8977368483372226
HfIr3_221,HfIr3,intermetallic,cubic,2,0.1833135174018892,0.4469512081105932,0.263637690708704,0.5701209518602787
HfMgAu2_225,HfMgAu2,intermetallic,cubic,3,0.3191409709080752,0.9242419319175454,0.6051009610094702,0.9312245017432519
HfMgIr2_225,HfMgIr2,intermetallic,cubic,3,0.1833135174018892,0.6434621406544468,0.4601486232525577,0.7255939884131449
HfMgPd2_225,HfMgPd2,intermetallic,cubic,3,0.1833135174018892,0.9339716937748744,0.7506581763729853,0.9388145443532562
HfMgRh2_225,HfMgRh2,intermetallic,cubic,3,0.2134507977865449,0.8159906545724723,0.6025398567859275,0.8506404671436874
HfMn2_194,HfMn2,intermetallic,hexagonal,2,0.0155035629945915,0.7536326513860891,0.7381290883914976,0.8050590097500655
HfMnRh2_225,HfMnRh2,intermetallic,monoclinic,3,0.2134507977865449,0.6683332231439547,0.4548824253574098,0.7434790285051851
HfMnSi_62,HfMnSi,intermetallic,orthorhombic,3,0.0860688147287718,0.6761766304375759,0.5901078157088041,0.7486865963985512
HfMo2_227,HfMo2,intermetallic,cubic,2,0.1688126015638292,0.5195645677661829,0.35075196620235366,0.6326307469324963
HfMoP_189,HfMoP,pnictide,hexagonal,3,0.1796506558521339,0.27205335461678903,0.09240269876465512,0.40825550058435905
HfNCl_166,HfNCl,halide,trigonal,3,0.5789063401120882,0.5877565674311154,0.008850227319027182,0.6833133273933852
HfN_225,HfN,pnictide,cubic,2,0.5308815576053358,0.4558795454150244,-0.07500201219031144,0.5771802189454222
HfNbB4_71,HfNbB4,boride/carbide,orthorhombic,3,0.1279425724852808,0.4475474611034832,0.3196048886182024,0.5693941311001793
HfNbTc2_225,HfNbTc2,intermetallic,cubic,3,0.0860688147287718,0.7466289568797364,0.6605601421509646,0.8008273128880221
HfNiSn_216,HfNiSn,intermetallic,cubic,3,0.1031799049762132,0.9762238052283951,0.8730439002521819,0.9741667615378826
HfO2_14,HfO2,oxide,monoclinic,2,0.6817442582266291,0.6615828696932143,-0.02016138853341476,0.7371615323401053
HfOs2_194,HfOs2,intermetallic,hexagonal,2,0.1833135174018892,0.5636378268199937,0.3803243094181046,0.6652668952274229
HfOs_221,HfOs,intermetallic,cubic,2,0.1833135174018892,0.5924528372520507,0.4091393198501615,0.6885486714371207
HfPRu_189,HfPRu,pnictide,hexagonal,3,0.1833135174018892,0.48963337158738984,0.3063198541855007,0.6056026059473124
HfP_194,HfP,pnictide,hexagonal,2,0.1796506558521339,0.22634663483715406,0.04669597898502015,0.3597358034813618
HfPaTc2_225,HfPaTc2,intermetallic,cubic,3,0.0860688147287718,0.6747954827819334,0.5887266680531615,0.7496109327564934
HfPd3_194,HfPd3,intermetallic,hexagonal,2,0.1833135174018892,0.8092171091109517,0.6259035917090625,0.8450135063096722
HfPd5_65,HfPd5,intermetallic,orthorhombic,2,0.1833135174018892,0.7093830086591594,0.5260694912572702,0.7727095199726501
HfPt3_194,HfPt3,intermetallic,hexagonal,2,0.2134507977865449,0.6420242632554031,0.42857346546885816,0.7235894455642394
HfPt_221,HfPt,intermetallic,cubic,2,0.2134507977865449,0.8220951071753744,0.6086443093888294,0.8552774254033915
HfPt_63,HfPt,intermetallic,orthorhombic,2,0.2134507977865449,0.827821879870536,0.6143710820839912,0.8593558974356402
HfRe2_194,HfRe2,intermetallic,hexagonal,2,0.0860688147287718,0.49093949389411956,0.40487067916534775,0.6086130604124383
HfRh3_221,HfRh3,intermetallic,cubic,2,0.2134507977865449,0.6268147131977507,0.4133639154112058,0.7121996080653938
HfRu_221,HfRu,intermetallic,cubic,2,0.1833135174018892,0.6755946591882238,0.49228114178633464,0.7498318467238767
HfS2_164,HfS2,chalcogenide,trigonal,2,0.3360842366645264,0.35123686068504495,0.015152624020518535,0.48820945458182663
HfS3_11,HfS3,chalcogenide,monoclinic,2,0.3360842366645264,0.26542315608226735,-0.07066108058225906,0.40215593540260086
HfSbRu_216,HfSbRu,intermetallic,cubic,3,0.1833135174018892,0.6499524073034045,0.46663888990151536,0.730805152659479
HfSb_63,HfSb,intermetallic,orthorhombic,2,0.1311849437371567,0.26986027390192946,0.13867533016477276,0.40864065253794063
HfScCo2_225,HfScCo2,intermetallic,cubic,3,0.0806606824334817,0.9418310791388174,0.8611703967053357,0.944827701226806
HfScOs2_225,HfScOs2,intermetallic,cubic,3,0.1833135174018892,0.543817989242365,0.36050447184047585,0.6507940253687808
HfScRu2_225,HfScRu2,intermetallic,cubic,3,0.1833135174018892,0.6355615083495948,0.4522479909477056,0.7201023081205359
HfSe2_164,HfSe2,chalcogenide,trigonal,2,0.3233661538382709,0.3542677913406709,0.030901637502399992,0.49182708964538124
HfSi2Cu_129,HfSi2Cu,intermetallic,tetragonal,3,0.0860688147287718,0.9983787818845021,0.9123099671557303,0.9973521474232319
HfSi2_63,HfSi2,intermetallic,orthorhombic,2,0.0860688147287718,0.11989587395266278,0.03382705922389098,0.22580125208747812
HfSiCu_62,HfSiCu,intermetallic,orthorhombic,3,0.0860688147287718,0.9879991356759277,0.9019303209471559,0.9854965494177947
HfSiMo_62,HfSiMo,intermetallic,orthorhombic,3,0.1688126015638292,0.3030303404098575,0.13421773884602828,0.44010191481437017
HfSiPd_62,HfSiPd,intermetallic,orthorhombic,3,0.1833135174018892,0.8430402748471438,0.6597267574452547,0.8695018382806935
HfSiPt_62,HfSiPt,intermetallic,orthorhombic,3,0.2134507977865449,0.6912507354185821,0.47779993763203715,0.7598038520856909
HfSiRh_62,HfSiRh,intermetallic,orthorhombic,3,0.2134507977865449,0.6960376770991478,0.48258687931260286,0.7632710513044442
HfSiRu2_225,HfSiRu2,intermetallic,cubic,3,0.1833135174018892,0.4280303903765139,0.24471687297462472,0.5537388356567784
HfSiS_129,HfSiS,chalcogenide,tetragonal,3,0.3360842366645264,0.2444119138012328,-0.0916723228632936,0.3784325400277125
HfSiSe_129,HfSiSe,chalcogenide,tetragonal,3,0.3233661538382709,0.19911871711639414,-0.12424743672187674,0.3279404162583753
HfSiTe_129,HfSiTe,chalcogenide,tetragonal,3,0.1478562110337886,0.2971843232738573,0.1493281122400687,0.4353200398171119
HfSi_62,HfSi,intermetallic,orthorhombic,2,0.0860688147287718,0.16693026303931388,0.08086144831054208,0.2890178429900945
HfSnPd_216,HfSnPd,intermetallic,cubic,3,0.1833135174018892,0.899096710905026,0.7157831935031368,0.9116407777045765
HfSnRh_190,HfSnRh,intermetallic,hexagonal,3,0.2134507977865449,0.7810322245289366,0.5675814267423918,0.8252705120521446
HfSnRu2_225,HfSnRu2,intermetallic,cubic,3,0.1833135174018892,0.5508510357776164,0.36753751837572723,0.6547399958833438
HfTaB4_191,HfTaB4,boride/carbide,hexagonal,3,0.1279425724852808,0.11568534289877913,-0.012257229586501661,0.21874731444206422
HfTaRe2_225,HfTaRe2,intermetallic,cubic,3,0.0860688147287718,0.38600215412812844,0.2999333393993566,0.5194199610625717
HfTaTc2_225,HfTaTc2,intermetallic,cubic,3,0.0860688147287718,0.4921108304408114,0.4060420157120396,0.6096588289402788
HfTc2Sb_225,HfTc2Sb,intermetallic,cubic,3,0.1311849437371567,0.43497840043177893,0.3037934566946222,0.5610910015197664
HfTc2W_225,HfTc2W,intermetallic,cubic,3,0.2448961579109764,0.4124737414423796,0.16757758353140317,0.542204479540476
HfTc_221,HfTc,intermetallic,cubic,2,0.0860688147287718,0.6224884881015763,0.5364196733728045,0.7115882826069726
HfTe2_164,HfTe2,chalcogenide,trigonal,2,0.1478562110337886,0.39573369140772635,0.24787748037393775,0.5312682004840987
HfVGe_129,HfVGe,intermetallic,tetragonal,3,0.1184071933122511,0.47265214628088476,0.3542449529686337,0.5929718680372965
HfW2_227,HfW2,intermetallic,cubic,2,0.2448961579109764,0.5005419974137201,0.25564583950274367,0.6178767324778746
HfZn2_227,HfZn2,intermetallic,cubic,2,0.0301608054092976,0.9982721384984132,0.9681113330891157,0.9972191560599265
HfZn3_194,HfZn3,intermetallic,hexagonal,2,0.0301608054092976,0.9937059441803168,0.9635451387710192,0.9916334081682416
HfZnAu2_225,HfZnAu2,intermetallic,cubic,3,0.3191409709080752,0.9801825066295814,0.6610415357215063,0.9778914531029907
HfZnCu2_225,HfZnCu2,intermetallic,cubic,3,0.0860688147287718,0.9848326165643567,0.8987638018355849,0.9823048311372895
HfZnIr2_225,HfZnIr2,intermetallic,cubic,3,0.1833135174018892,0.9768422112831024,0.7935286938812133,0.9746723818725969
HfZnN2_156,HfZnN2,pnictide,trigonal,3,0.5308815576053358,0.977730642287756,0.44684908468242013,0.9754468605034072
HfZnNi2_225,HfZnNi2,intermetallic,cubic,3,0.0888292792566212,0.9720546926813863,0.8832254134247651,0.9702119806930075
HfZrTc2_225,HfZrTc2,intermetallic,cubic,3,0.0860688147287718,0.8695612524339896,0.7834924377052178,0.8898177173293013
Hf_194,Hf,elemental,hexagonal,1,0.0,0.2628685858733593,0.2628685858733593,0.40148635150943346
Hg(SbO3)2_162,Hg(SbO3)2,oxide,trigonal,3,0.4045274577607302,0.5505566242448934,0.1460291664841632,0.6533036241697664
Hg2Pt_123,Hg2Pt,intermetallic,tetragonal,2,0.0194091687975715,0.2572748487884229,0.2378656799908514,0.39349090110556334
Hg2Rh_123,Hg2Rh,intermetallic,tetragonal,2,0.0194091687975715,0.2488262909145191,0.2294171221169476,0.38440632921648366
Hg4Pt_229,Hg4Pt,intermetallic,cubic,2,0.0194091687975715,0.27179332830661473,0.25238415950904325,0.40951300627752996
HgBr_139,HgBr,halide,monoclinic,2,0.2057841473834533,0.9139738189037738,0.7081896715203205,0.9234344215639082
HgCl_139,HgCl,halide,tetragonal,2,0.2856626862640425,0.7893279679243415,0.5036652816602989,0.8317970157823816
HgF2_225,HgF2,halide,cubic,2,0.6247264303819926,0.142020808625203,-0.4827056217567896,0.25506343543656124
HgF_139,HgF,halide,tetragonal,2,0.6247264303819926,0.27414427862997004,-0.35058215175202256,0.40996011091988266
HgI2_137,HgI2,halide,tetragonal,2,0.1031799049762132,0.9765242579005131,0.8733443529242999,0.9749281653851959
HgI_139,HgI,halide,monoclinic,2,0.1031799049762132,0.9711675776283695,0.8679876726521563,0.9700389485857749
HgO_62,HgO,oxide,orthorhombic,2,0.4045274577607302,0.14342275599792603,-0.26110470176280415,0.25814056966327553
HgPPd5_123,HgPPd5,pnictide,tetragonal,3,0.009950166250832,0.5101682892607265,0.5002181230098945,0.6219642325620202
HgPd_123,HgPd,intermetallic,tetragonal,2,0.009950166250832,0.14756784832152564,0.13761768207069364,0.26378137729257906
HgRhF6_148,HgRhF6,halide,trigonal,3,0.6247264303819926,0.17109534700312745,-0.45363108337886515,0.29249828411322
HgS_216,HgS,chalcogenide,cubic,2,0.0806606824334817,0.8064025813764473,0.7257418989429656,0.8436976758740138
HgTe_216,HgTe,chalcogenide,cubic,2,0.0024968776025399,0.9547193270058002,0.9522224494032603,0.9558364731723773
Hg_229,Hg,elemental,tetragonal,1,0.0,0.2739875336938826,0.2739875336938826,0.4132886756444185
Ho(CoB)2_139,Ho(CoB)2,boride/carbide,orthorhombic,3,0.1512791964051106,0.9825029412355484,0.8312237448304378,0.9799501124236157
Ho(CoSi)2_139,Ho(CoSi)2,intermetallic,tetragonal,3,0.1061568798287821,0.9916849957828111,0.885528115954029,0.9893568926432706
Ho(CuSi)2_139,Ho(CuSi)2,intermetallic,tetragonal,3,0.1061568798287821,0.9961319054818548,0.8899750256530727,0.9944485679930619
Ho(FeB)2_139,Ho(FeB)2,boride/carbide,tetragonal,3,0.1512791964051106,0.9849900785411695,0.8337108821360589,0.9823927752524393
Ho(Mo3S4)2_148,Ho(Mo3S4)2,chalcogenide,trigonal,3,0.3659484381419324,0.9409853495325539,0.5750369113906215,0.943923748302826
Ho(NiGe)2_139,Ho(NiGe)2,intermetallic,tetragonal,3,0.1410976137921523,0.9951274241073477,0.8540298103151953,0.9932524821747826
Ho(NiP)2_139,Ho(NiP)2,pnictide,tetragonal,3,0.2057841473834533,0.9908646791314638,0.7850805317480105,0.9884705356466704
Ho(PRu)2_139,Ho(PRu)2,pnictide,tetragonal,3,0.209607008802607,0.9928380683852202,0.7832310595826132,0.9906409725152051
Ho(SiOs)2_139,Ho(SiOs)2,intermetallic,tetragonal,3,0.209607008802607,0.9954542171425415,0.7858472083399345,0.9936439162352787
Ho(SiRh)2_139,Ho(SiRh)2,intermetallic,tetragonal,3,0.240902461029019,0.9936614690688254,0.7527590080398063,0.9915643921562157
Ho(SiRu)2_139,Ho(SiRu)2,intermetallic,tetragonal,3,0.209607008802607,0.99471821297389,0.785111204171283,0.9927778040225527
Ho2AlSi2_71,Ho2AlSi2,intermetallic,orthorhombic,3,0.1061568798287821,0.9996964809167734,0.8935396010879914,0.9993643264314959
Ho2B4C_71,Ho2B4C,boride/carbide,orthorhombic,3,0.3531235752378701,0.9967353005014232,0.6436117252635531,0.995184408070621
Ho2CF2_164,Ho2CF2,halide,trigonal,3,0.8490225815440854,0.9790968448826095,0.13007426333852412,0.9767142750228562
Ho2C_166,Ho2C,boride/carbide,trigonal,2,0.3531235752378701,0.9943548187227258,0.6412312434848557,0.9923925197015292
Ho2Cr2C3_12,Ho2Cr2C3,boride/carbide,monoclinic,3,0.3531235752378701,0.9947866877254252,0.6416631124875551,0.9928507488489525
Ho2InAg_225,Ho2InAg,intermetallic,cubic,3,0.1152940950565164,0.9993242991414444,0.8840302040849279,0.998750521205115
Ho2In_194,Ho2In,intermetallic,hexagonal,2,0.0728361721882469,0.9998337184680064,0.9269975462797595,0.9996213209369053
Ho2MgAl_225,Ho2MgAl,intermetallic,cubic,3,0.0354561657231845,0.9998381268275633,0.9643819611043788,0.999628556843387
Ho2MgIn_225,Ho2MgIn,intermetallic,cubic,3,0.0728361721882469,0.9998713635967571,0.9270351914085102,0.9996948836897844
Ho2Ni2Pb_65,Ho2Ni2Pb,intermetallic,orthorhombic,3,0.2610315117410557,0.999108663382987,0.7380771516419313,0.9984135485368103
Ho2TlAg_225,Ho2TlAg,intermetallic,cubic,3,0.1152940950565164,0.9993307918924119,0.8840366968358955,0.9987610947693351
Ho2TlCd_225,Ho2TlCd,intermetallic,cubic,3,0.0515251447743955,0.9993631802150211,0.9478380354406256,0.9988135894908271
Ho5Si3_193,Ho5Si3,intermetallic,hexagonal,2,0.1061568798287821,0.9995568534646381,0.893399973635856,0.9991235435215391
Ho6MnBi2_189,Ho6MnBi2,intermetallic,hexagonal,3,0.1444621983413808,0.9995362580044269,0.8550740596630462,0.9990930243672183
Ho6MnTe2_189,Ho6MnTe2,chalcogenide,orthorhombic,3,0.1723997243174981,0.9995415427673819,0.8271418184498839,0.9991045265985348
HoAg_221,HoAg,intermetallic,cubic,2,0.1152940950565164,0.98965131490674,0.8743572198502235,0.987377122732612
HoAu_63,HoAu,intermetallic,monoclinic,2,0.3488563496137112,0.9936084063062282,0.6447520566925169,0.9915798812703008
HoB2_191,HoB2,boride/carbide,hexagonal,2,0.1512791964051106,0.9981294086179582,0.8468502122128476,0.9969997603975443
HoBRh3_221,HoBRh3,boride/carbide,cubic,3,0.240902461029019,0.9850005427677899,0.7440980817387709,0.9824748706317525
HoBi2IO4_123,HoBi2IO4,halide,tetragonal,4,0.7050722889619607,0.9996922850500853,0.2946199960881246,0.9993579331002521
HoBiPt_216,HoBiPt,intermetallic,cubic,3,0.240902461029019,0.9991819275504165,0.7582794665213974,0.9985291403177821
HoBi_225,HoBi,intermetallic,cubic,2,0.1444621983413808,0.999866540055282,0.8554043417139012,0.9996867811905489
HoCd2_191,HoCd2,intermetallic,triclinic,2,0.0515251447743955,0.9800796413182837,0.9285544965438882,0.9780755492313761
HoCd3_63,HoCd3,intermetallic,orthorhombic,2,0.0515251447743955,0.9724316885955215,0.920906543821126,0.9710759597944604
HoCdAu2_225,HoCdAu2,intermetallic,cubic,3,0.3488563496137112,0.9788713508326863,0.6300150012189751,0.9767059390120897
HoCdCu4_216,HoCdCu4,intermetallic,cubic,3,0.1061568798287821,0.6839115149032899,0.5777546350745079,0.7543735701884985
HoClO_129,HoClO,halide,tetragonal,3,0.7050722889619607,0.9981062237619327,0.293033934799972,0.9969797173528175
HoCo3B2_191,HoCo3B2,boride/carbide,hexagonal,3,0.1512791964051106,0.9723293306567857,0.8210501342516752,0.9703843859085471
HoCoC_131,HoCoC,boride/carbide,tetragonal,3,0.3531235752378701,0.9890462990468152,0.6359227238089451,0.9865952775689308
HoCu4Au_216,HoCu4Au,intermetallic,cubic,3,0.3488563496137112,0.8402355767464936,0.4913792271327824,0.867168678145997
HoCu4Pd_216,HoCu4Pd,intermetallic,cubic,3,0.209607008802607,0.8107175005656747,0.6011104917630677,0.8456781305805349
HoCu5_191,HoCu5,intermetallic,hexagonal,2,0.1061568798287821,0.44431656587546614,0.33815968604668406,0.5680992631513172
HoCuGe_186,HoCuGe,intermetallic,hexagonal,3,0.1410976137921523,0.998031796208165,0.8569341824160126,0.9968841352385375
HoCuPb_186,HoCuPb,intermetallic,hexagonal,3,0.2610315117410557,0.9989114559141277,0.7378799441730719,0.9981193913999821
HoCuSn_186,HoCuSn,intermetallic,hexagonal,3,0.124731865378405,0.9988805175922724,0.8741486522138674,0.9980740349947026
HoCu_221,HoCu,intermetallic,cubic,2,0.1061568798287821,0.8501404773721495,0.7439835975433674,0.8756040848597039
HoErTl2_225,HoErTl2,intermetallic,cubic,3,0.0373111266314775,0.9999609731383288,0.9626498465068513,0.9998895485158629
HoFe2_227,HoFe2,intermetallic,cubic,2,0.0860688147287718,0.9852199466232157,0.8991511318944438,0.9827538709992288
HoFeSi_129,HoFeSi,intermetallic,tetragonal,3,0.1061568798287821,0.9966079820265205,0.8904511021977384,0.9950411248664865
HoGa2Pd_63,HoGa2Pd,intermetallic,orthorhombic,3,0.209607008802607,0.9983882976295456,0.7887812888269387,0.9973681656384455
HoGa2_191,HoGa2,intermetallic,hexagonal,2,0.0806606824334817,0.9996012202661736,0.9189405378326919,0.9991989522238182
HoGeAu_186,HoGeAu,intermetallic,hexagonal,3,0.3488563496137112,0.9984885138739674,0.6496321642602563,0.9975146019536093
HoH2_225,HoH2,hydride,cubic,2,0.209607008802607,0.9970167218367576,0.7874097130341506,0.9955428332522074
HoI3_194,HoI3,halide,hexagonal,2,0.4002395778963622,0.9999535408796084,0.5997139629832462,0.9998744497054316
HoIn3_221,HoIn3,intermetallic,cubic,2,0.0728361721882469,0.9996099119238288,0.9267737397355819,0.9992160827187779
HoInCu2_225,HoInCu2,intermetallic,cubic,3,0.1061568798287821,0.9968666017858252,0.8907097219570431,0.9953655147183376
HoInCu_189,HoInCu,intermetallic,hexagonal,3,0.1061568798287821,0.9993125173520083,0.8931556375232262,0.9987269313446145
HoInIr_189,HoInIr,intermetallic,hexagonal,3,0.209607008802607,0.9994280804789405,0.7898210716763335,0.9989125055560768
HoInPt_189,HoInPt,intermetallic,hexagonal,3,0.240902461029019,0.9993647486468891,0.75846228761787,0.9988111798296807
HoIr_221,HoIr,intermetallic,cubic,2,0.209607008802607,0.9974448608334406,0.7878378520308337,0.9961177445223963
HoMg_221,HoMg,intermetallic,cubic,2,0.0015987206823936,0.9998756771586653,0.9982769564762717,0.9997033130776857
HoN_225,HoN,pnictide,cubic,2,0.5591387152201337,0.9903384366082589,0.43119972138812523,0.987913359794205
HoNbO4_15,HoNbO4,oxide,monoclinic,3,0.7050722889619607,0.900635721412816,0.19556343245085528,0.9118377934481334
HoNbRu2_225,HoNbRu2,intermetallic,cubic,3,0.209607008802607,0.9916447215441175,0.7820377127415106,0.9893725323795552
HoNi2B2C_139,HoNi2B2C,boride/carbide,tetragonal,4,0.3531235752378701,0.9816362756332182,0.6285127003953481,0.9791139102451702
HoNi2_227,HoNi2,intermetallic,cubic,2,0.1091685153656911,0.8446865985611826,0.7355180831954915,0.870493321730029
HoNi5_191,HoNi5,intermetallic,hexagonal,2,0.1091685153656911,0.6113787376005673,0.5022102222348762,0.7001489844580845
HoNiBi_216,HoNiBi,intermetallic,cubic,3,0.1444621983413808,0.998768472142264,0.8543062738008833,0.9979122360453961
HoNiC2_38,HoNiC2,boride/carbide,orthorhombic,3,0.3531235752378701,0.9839726874673478,0.6308491122294777,0.9814016538006892
HoP_225,HoP,pnictide,cubic,2,0.2057841473834533,0.9994596719268359,0.7936755245433826,0.9989642701694657
HoRh2_227,HoRh2,intermetallic,cubic,2,0.240902461029019,0.9927321991875672,0.7518297381585481,0.9905556565139475
HoSF_129,HoSF,halide,tetragonal,3,0.8490225815440854,0.9967379811790668,0.14771539963498137,0.9951999848441968
HoS_225,HoS,chalcogenide,cubic,2,0.3659484381419324,0.9989469695058697,0.6329985313639372,0.9981721023880462
HoSbPt_216,HoSbPt,intermetallic,cubic,3,0.240902461029019,0.9990601644636937,0.7581577034346747,0.9983431489956214
HoSe_225,HoSe,chalcogenide,cubic,2,0.3531235752378701,0.9994528913845494,0.6463293161466793,0.9989551158080994
HoSi2Ni_63,HoSi2Ni,intermetallic,orthorhombic,3,0.1091685153656911,0.9976063594649086,0.8884378440992176,0.996309523094155
HoSiRu2C_63,HoSiRu2C,boride/carbide,orthorhombic,4,0.3531235752378701,0.9934493749253883,0.6403257996875182,0.9913220007110082
HoSnPd2_225,HoSnPd2,intermetallic,cubic,3,0.209607008802607,0.9967500776958288,0.7871430688932218,0.9952305662416614
HoTaRu2_225,HoTaRu2,intermetallic,cubic,3,0.209607008802607,0.9975222549674628,0.7879152461648559,0.9962165498278519
HoTe_225,HoTe,chalcogenide,cubic,2,0.1723997243174981,0.999801513647155,0.8274017893296569,0.9995605028781385
HoTl_221,HoTl,intermetallic,cubic,2,0.0373111266314775,0.9998713203011139,0.9625601936696364,0.9996950488222401
HoZnRh2_225,HoZnRh2,intermetallic,cubic,3,0.240902461029019,0.9824400351487743,0.7415375741197553,0.9799909038633
HoZrSb_139,HoZrSb,intermetallic,monoclinic,3,0.1547306964721814,0.9990365555531994,0.844305859081018,0.9983131416583259
Ho_194,Ho,elemental,hexagonal,1,0.0,0.4690372084287524,0.4690372084287524,0.5948061602868496
I2O5_14,I2O5,halide,monoclinic,2,0.1410976137921523,0.5386753569530349,0.3975777431608826,0.6442597802441927
IBr_63,IBr,halide,orthorhombic,2,0.0222487628066636,0.5796964972376932,0.5574477344310297,0.6816774017821644
I_64,I,elemental,orthorhombic,1,0.0,0.675853165566325,0.675853165566325,0.7549713778633819
In(TeMo)3_176,In(TeMo)3,chalcogenide,monoclinic,3,0.0354561657231845,0.8195767314203096,0.7841205656971251,0.8537040332541375
In2Ag_140,In2Ag,intermetallic,tetragonal,2,0.005609209308919,0.9652095506731265,0.9596003413642076,0.9643482164248413
In2Au_225,In2Au,intermetallic,cubic,2,0.134458537778234,0.8745689505088291,0.7401104127305951,0.8930808744526062
In2HgSe4_82,In2HgSe4,chalcogenide,tetragonal,3,0.137762910230166,0.8706215301843089,0.7328586199541429,0.890680955764806
In2HgTe4_82,In2HgTe4,chalcogenide,tetragonal,3,0.025275098398206,0.9341377516593632,0.9088626532611572,0.9392903001098344
In2Ni3S2_166,In2Ni3S2,chalcogenide,trigonal,3,0.1478562110337886,0.9757721624968253,0.8279159514630368,0.9736417575899808
In2O3_206,In2O3,oxide,monoclinic,2,0.4978718936931531,0.784064320542328,0.2861924268491749,0.8266527031280005
In2Pt_225,In2Pt,intermetallic,cubic,2,0.0605869371865241,0.7736424539493935,0.7130555167628694,0.8197526831735483
In2TeO6_150,In2TeO6,oxide,trigonal,3,0.4978718936931531,0.6947163859646921,0.196844492271539,0.7615961713914373
In3Ni2_164,In3Ni2,intermetallic,trigonal,2,0.0042160872440494,0.9818904034663523,0.9776743162223028,0.9794212384918877
In3Pd2_164,In3Pd2,intermetallic,trigonal,2,0.0431417331380903,0.9023753429672895,0.8592336098291992,0.9136884228682987
In5S5Br_31,In5S5Br,halide,orthorhombic,3,0.2939717301428602,0.45142750219518996,0.15745577205232975,0.5759578485049515
InAgO2_194,InAgO2,oxide,hexagonal,3,0.4978718936931531,0.8631429858296255,0.36527109213647235,0.8844980789285299
InAgS2_122,InAgS2,chalcogenide,tetragonal,3,0.1478562110337886,0.91770930433938,0.7698530933055914,0.92576689075518
InAgSe2_122,InAgSe2,chalcogenide,tetragonal,3,0.137762910230166,0.941101922871108,0.8033390126409421,0.9443802505813428
InAgTe2_122,InAgTe2,chalcogenide,tetragonal,3,0.025275098398206,0.969901720608874,0.9446266222106681,0.9687606710052133
InAsPd5_123,InAsPd5,pnictide,tetragonal,3,0.0431417331380903,0.7507827824487275,0.7076410493106372,0.8024992953325425
InAsPt5_123,InAsPt5,pnictide,tetragonal,3,0.0605869371865241,0.5774357182932777,0.5168487811067536,0.6746039315981153
InAs_216,InAs,pnictide,cubic,2,0.0392105608476768,0.3552857774975087,0.3160752166498319,0.4922854311413706
InBO3_167,InBO3,oxide,trigonal,3,0.4978718936931531,0.676093212672676,0.17822131897952287,0.7480865234138084
InBi_216,InBi,intermetallic,cubic,2,0.014296815877557,0.4665679124909677,0.4522710966134107,0.5918619388010102
InBr3_12,InBr3,halide,monoclinic,2,0.2939717301428602,0.4710300298274751,0.1770582996846149,0.5940444023844632
InBr_63,InBr,halide,orthorhombic,2,0.2939717301428602,0.5944672057178846,0.3004954755750244,0.6907421566680133
InCl3_194,InCl3,halide,orthorhombic,2,0.3787986409945493,0.48706314344223484,0.10826450244768554,0.606538421807912
InCuS2_122,InCuS2,chalcogenide,tetragonal,3,0.1478562110337886,0.9868956788491475,0.839039467815359,0.9844314901923061
InCuSe2_122,InCuSe2,chalcogenide,tetragonal,3,0.137762910230166,0.9907580008877946,0.8529950906576287,0.9884521002110682
InI_63,InI,halide,orthorhombic,2,0.1760125666682969,0.6218638980874208,0.4458513314191239,0.7129679394772547
InN_186,InN,pnictide,hexagonal,2,0.3275987376029973,0.6101218002909913,0.282523062687994,0.7002963810513243
InNi_191,InNi,intermetallic,hexagonal,2,0.0042160872440494,0.9853693928811924,0.981153305637143,0.9828207127303217
InOF_70,InOF,halide,orthorhombic,3,0.7018027205701127,0.8546884218932015,0.15288570132308876,0.8776479685010253
InPPd5_123,InPPd5,pnictide,tetragonal,3,0.0431417331380903,0.737572595057751,0.6944308619196606,0.7928688020269647
InPPt5_123,InPPt5,pnictide,tetragonal,3,0.0605869371865241,0.5653057008357357,0.5047187636492116,0.6651401111070363
InPS4_82,InPS4,chalcogenide,tetragonal,3,0.1478562110337886,0.35887095444417993,0.21101474341039134,0.49441799734437897
InP_216,InP,pnictide,cubic,2,0.0411541908723854,0.3050875782427576,0.2639333873703722,0.44311659757393057
InPd2_62,InPd2,intermetallic,orthorhombic,2,0.0431417331380903,0.8406737261061779,0.7975319929680875,0.8675622989316318
InS_58,InS,chalcogenide,orthorhombic,2,0.1478562110337886,0.44248027195256623,0.29462406091877763,0.5683914129228381
InSb_216,InSb,intermetallic,cubic,2,0.0180599290148931,0.39970740252216985,0.38164747350727674,0.5340227362254226
InSe_194,InSe,chalcogenide,hexagonal,2,0.137762910230166,0.47183035513418786,0.33406744490402185,0.5940405363884431
InSiPt5_123,InSiPt5,intermetallic,tetragonal,3,0.0605869371865241,0.5818797010034187,0.5212927638168946,0.6778961525742797
In_225,In,elemental,tetragonal,1,0.0,0.29895611196774835,0.29895611196774835,0.43908510073815443
Ir3Rh_139,Ir3Rh,intermetallic,tetragonal,2,0.0015987206823936,0.1279227140173049,0.1263239933349113,0.23614771595851558
Ir3Ru_139,Ir3Ru,intermetallic,tetragonal,2,0.0,0.07529619016716868,0.07529619016716868,0.1577397002915458
Ir3Se8_148,Ir3Se8,chalcogenide,trigonal,2,0.0301608054092976,0.42937954824969154,0.39921874284039394,0.5560858256158688
Ir3W_194,Ir3W,intermetallic,hexagonal,2,0.006379563620851,0.2612620590135453,0.2548824953926943,0.3956851601140769
IrO2_136,IrO2,oxide,tetragonal,2,0.3191409709080751,0.1943022922976864,-0.12483867861038869,0.32038012457158177
IrRu3_194,IrRu3,intermetallic,hexagonal,2,0.0,0.07394855637493708,0.07394855637493708,0.1555166491432729
IrSe2_62,IrSe2,chalcogenide,orthorhombic,2,0.0301608054092976,0.44980005943402984,0.41963925402473223,0.573325992251481
IrW_51,IrW,intermetallic,orthorhombic,2,0.006379563620851,0.3224678245154377,0.3160882608945867,0.4578146970158455
Ir_225,Ir,elemental,cubic,1,0.0,0.07365027429571819,0.07365027429571819,0.15511935433525992
K(CoAs)2_139,K(CoAs)2,pnictide,tetragonal,3,0.3702296185989969,0.9381118721179172,0.5678822535189203,0.941678071421309
K(CoS)2_139,K(CoS)2,chalcogenide,tetragonal,3,0.5390197137891665,0.912771015429157,0.3737513016399905,0.9216839146948617
K(Cu2As)2_166,K(Cu2As)2,pnictide,trigonal,3,0.3702296185989969,0.9987864085320766,0.6285567899330797,0.9979320511955512
K(CuSe)2_139,K(CuSe)2,chalcogenide,triclinic,3,0.5267942520624656,0.994782973167886,0.46798872110542045,0.9928875567776336
K(FeAs)2_139,K(FeAs)2,pnictide,monoclinic,3,0.3702296185989969,0.9097957536986184,0.5395661350996215,0.919540299698989
K(PRh)2_139,K(PRh)2,pnictide,tetragonal,3,0.413099512040662,0.7046530063855055,0.29155349434484357,0.7699327513191131
K(USe3)2_71,K(USe3)2,chalcogenide,orthorhombic,3,0.5267942520624656,0.8927429331619663,0.36594868109950074,0.907202577043774
K2AgP_63,K2AgP,pnictide,orthorhombic,3,0.3745131672148889,0.9059224639161481,0.5314092967012591,0.9172600008696982
K2AgSb_63,K2AgSb,intermetallic,orthorhombic,3,0.3149236588531833,0.9515157270679916,0.6365920682148083,0.9532910102119831
K2AlF5_123,K2AlF5,halide,tetragonal,3,0.9176189628313964,0.7148685402719234,-0.20275042255947306,0.7762376853419612
K2Au3_71,K2Au3,intermetallic,triclinic,2,0.5226952007385544,0.676305382558718,0.15361018182016362,0.7507380968843914
K2CN2_12,K2CN2,pnictide,monoclinic,3,0.7083205926780536,0.17143572460804607,-0.5368848680700076,0.29397837309985336
K2CO3_14,K2CO3,oxide,monoclinic,3,0.8202341305415322,0.3660906080277277,-0.45414352251380447,0.49870899323563167
K2Ca(CO3)2_166,K2Ca(CO3)2,oxide,trigonal,4,0.8202341305415322,0.3196104280176538,-0.5006237025238783,0.45467991060511903
K2Cu(ClF)2_64,K2Cu(ClF)2,halide,orthorhombic,4,0.9176189628313964,0.9784052519682059,0.0607862891368095,0.9762048751733061
K2Cu(PO3)4_9,K2Cu(PO3)4,oxide,monoclinic,4,0.8202341305415322,0.7109463014541982,-0.10928782908733392,0.7735244352666174
K2CuAs_63,K2CuAs,pnictide,orthorhombic,3,0.3702296185989969,0.9890452495975589,0.618815630998562,0.98676860978872
K2CuP_63,K2CuP,pnictide,orthorhombic,3,0.3745131672148889,0.9851779144494404,0.6106647472345514,0.982848722389761
K2H4Pd_139,K2H4Pd,hydride,tetragonal,3,0.3787986409945493,0.6397771611968531,0.26097852020230383,0.7226618246007154
K2H6Pt_225,K2H6Pt,hydride,cubic,3,0.413099512040662,0.37968430527568736,-0.033415206764974614,0.5112966573907272
K2MgCl4_139,K2MgCl4,halide,tetragonal,3,0.7456133690005964,0.5164729715726972,-0.22914039742789916,0.6301464365365981
K2MgF4_139,K2MgF4,halide,tetragonal,3,0.9176189628313964,0.7604735967114378,-0.15714536611995866,0.8091543398899597
K2MgH4_139,K2MgH4,hydride,tetragonal,3,0.3787986409945493,0.45773898083553316,0.07894033984098386,0.5796769851488187
K2MnCl6_225,K2MnCl6,halide,cubic,3,0.7456133690005964,0.4456467767687942,-0.29996659223180216,0.5710787652936815
K2NaAlAs2_72,K2NaAlAs2,pnictide,orthorhombic,4,0.3702296185989969,0.7872226600627072,0.41699304146371036,0.8311648609238224
K2NaAlF6_225,K2NaAlF6,halide,cubic,4,0.9176189628313964,0.8399049893750313,-0.0777139734563651,0.8667776321858769
K2NaAlP2_72,K2NaAlP2,pnictide,orthorhombic,4,0.3745131672148889,0.7192956600463374,0.34478249283144846,0.7820445190270098
K2NaRhF6_225,K2NaRhF6,halide,cubic,4,0.9176189628313964,0.8119705758815082,-0.1056483869498882,0.8464847931941031
K2NiP2_63,K2NiP2,pnictide,orthorhombic,3,0.3745131672148889,0.9578374728732739,0.583324305658385,0.9581640578364368
K2O2_64,K2O2,oxide,orthorhombic,2,0.8202341305415322,0.41180958601092804,-0.4084245445306041,0.5401097648239428
K2O_225,K2O,oxide,cubic,2,0.8202341305415322,0.36607646436522084,-0.4541576661763113,0.49990370208034135
K2OsBr6_225,K2OsBr6,halide,cubic,3,0.6817442582266293,0.5275168374008139,-0.15422742082581542,0.6394235216403411
K2P3_70,K2P3,pnictide,orthorhombic,2,0.3745131672148889,0.5457832519066772,0.17127008469178828,0.6531260933930999
K2PAu_63,K2PAu,pnictide,orthorhombic,3,0.5226952007385544,0.7888907913971838,0.2661955906586294,0.8318912868769678
K2PdBr4_123,K2PdBr4,halide,tetragonal,3,0.6817442582266293,0.8498299682299159,0.16808571000328654,0.8762041519636908
K2PdCl4_123,K2PdCl4,halide,tetragonal,3,0.7456133690005964,0.6790441053020045,-0.06656926369859184,0.7525428430099514
K2PdCl6_225,K2PdCl6,halide,cubic,3,0.7456133690005964,0.5936422493446356,-0.15197111965596077,0.6887831834434258
K2PdF4_12,K2PdF4,halide,monoclinic,3,0.9176189628313964,0.5957674024026811,-0.3218515604287153,0.6883591378911309
K2PdF6_164,K2PdF6,halide,trigonal,3,0.9176189628313964,0.5573536214245415,-0.36026534140685496,0.6583662036498609
K2PdO2_71,K2PdO2,oxide,orthorhombic,3,0.8202341305415322,0.4728193455925893,-0.34741478494894285,0.591544418737733
K2PtBr6_225,K2PtBr6,halide,cubic,3,0.6817442582266293,0.6907593862889314,0.009015128062302091,0.7618610695142969
K2PtCl4_123,K2PtCl4,halide,tetragonal,3,0.7456133690005964,0.5264969314053931,-0.21911643759520327,0.6374585601945617
K2PtCl6_225,K2PtCl6,halide,cubic,3,0.7456133690005964,0.45697092807680595,-0.28864244092379043,0.5804946754097341
K2PtF6_164,K2PtF6,halide,trigonal,3,0.9176189628313964,0.5463037620825594,-0.37131520074883706,0.6497772190826768
K2PtS2_71,K2PtS2,chalcogenide,orthorhombic,3,0.5390197137891665,0.5182952916176015,-0.020724422171565005,0.6304730672035221
K2PtSe2_71,K2PtSe2,chalcogenide,orthorhombic,3,0.5267942520624656,0.6457038060676277,0.11890955400516212,0.7282973722985023
K2PuO4_139,K2PuO4,oxide,tetragonal,3,0.8202341305415322,0.725993984511505,-0.09424014603002717,0.7844360798443725
K2ReBr6_225,K2ReBr6,halide,cubic,3,0.6817442582266293,0.4961274649124338,-0.1856167933141955,0.6146910824131927
K2ReCl6_225,K2ReCl6,halide,cubic,3,0.7456133690005964,0.23203242413308314,-0.5135809448675133,0.36675552039992126
K2ReF6_164,K2ReF6,halide,trigonal,3,0.9176189628313964,0.6012386623411167,-0.31638030049027976,0.6920822517758726
K2Rh2O5_123,K2Rh2O5,oxide,tetragonal,3,0.8202341305415322,0.31204855362995443,-0.5081855769115777,0.4471558965837811
K2SO4_62,K2SO4,oxide,orthorhombic,3,0.8202341305415322,0.3734449857829525,-0.44678914475857967,0.505290683921459
K2S_225,K2S,chalcogenide,cubic,2,0.5390197137891665,0.6007287809058589,0.06170906711669244,0.6965693581747722
K2SbAu_63,K2SbAu,intermetallic,orthorhombic,3,0.5226952007385544,0.8909320977827292,0.36823689704417484,0.9062822823329192
K2SeBr6_225,K2SeBr6,halide,cubic,3,0.6817442582266293,0.4773340611745836,-0.20441019705204572,0.5993598727481286
K2Se_225,K2Se,chalcogenide,cubic,2,0.5267942520624656,0.7549690224496746,0.228174770387209,0.8094124917794597
K2TcCl6_225,K2TcCl6,halide,cubic,3,0.7456133690005964,0.2681181996455689,-0.4774951693550275,0.4056250280668118
K2Te2Pt_71,K2Te2Pt,chalcogenide,orthorhombic,3,0.413099512040662,0.8269736499249375,0.4138741378842755,0.8596872023096511
K2TeCl6_225,K2TeCl6,halide,tetragonal,3,0.7456133690005964,0.33469499047703405,-0.41091837852356233,0.4724311945750906
K2TeO3_147,K2TeO3,oxide,trigonal,3,0.8202341305415322,0.5858656081113802,-0.23436852243015194,0.6817270229357435
K2Te_225,K2Te,chalcogenide,cubic,2,0.3360842366645266,0.9038470200903289,0.5677627834258023,0.9170730869099926
K2TiCl6_225,K2TiCl6,halide,cubic,3,0.7456133690005964,0.2832347505012459,-0.46237861849935047,0.4214446579187097
K2TiF6_164,K2TiF6,halide,trigonal,3,0.9176189628313964,0.6338390326151564,-0.28377993021624004,0.7165493232072958
K2UO4_139,K2UO4,oxide,tetragonal,3,0.8202341305415322,0.5499632878638328,-0.2702708426776994,0.6532384381659188
K2WCl6_225,K2WCl6,halide,cubic,3,0.7456133690005964,0.24416093771933037,-0.501452431281266,0.3801463740645876
K2ZnF4_139,K2ZnF4,halide,tetragonal,3,0.9176189628313964,0.9268034332230556,0.00918447039165915,0.9322560627796549
K2ZnH4_62,K2ZnH4,hydride,orthorhombic,3,0.3787986409945493,0.9510465243076225,0.5722478833130732,0.9522194505551337
K2ZnO2_72,K2ZnO2,oxide,orthorhombic,3,0.8202341305415322,0.9545276447474295,0.1342935142058973,0.954987223509458
K3As_194,K3As,pnictide,hexagonal,2,0.3702296185989969,0.8511021028102795,0.48087248421128265,0.878314368976768
K3AuO_221,K3AuO,oxide,cubic,3,0.8202341305415322,0.5769803620113917,-0.24325376853014047,0.6771587883703987
K3BN2_14,K3BN2,pnictide,monoclinic,3,0.7083205926780536,0.25037765913775584,-0.45794293354029775,0.3856126056885904
K3BiSe3_198,K3BiSe3,chalcogenide,cubic,3,0.5267942520624656,0.7390136595506362,0.2122194074881707,0.7971242667542334
K3BiTe3_198,K3BiTe3,chalcogenide,cubic,3,0.3360842366645266,0.878556934608899,0.5424726979443725,0.8978973671568332
K3BrO_221,K3BrO,halide,cubic,3,0.8202341305415322,0.6896889342627177,-0.13054519627881445,0.7603666020331821
K3Cu3As2_166,K3Cu3As2,pnictide,trigonal,3,0.3702296185989969,0.993998152146715,0.6237685335477181,0.9920243501687567
K3Cu3P2_166,K3Cu3P2,pnictide,trigonal,3,0.3745131672148889,0.9920959340384619,0.6175827668235729,0.9899037733888487
K3IO_221,K3IO,halide,cubic,3,0.8202341305415322,0.8159843471922896,-0.004249783349242531,0.8515015393417694
K3PO4_62,K3PO4,oxide,orthorhombic,3,0.8202341305415322,0.41002074623014545,-0.4102133843113867,0.5381026493350083
K3P_194,K3P,pnictide,hexagonal,2,0.3745131672148889,0.7690294145796452,0.3945162473647563,0.8192933696267634
K4BeAs2_166,K4BeAs2,pnictide,trigonal,3,0.3702296185989969,0.8180926280630131,0.4478630094640162,0.8539863466548638
K4BeP2_166,K4BeP2,pnictide,trigonal,3,0.3745131672148889,0.7454646152640177,0.37095144804912883,0.8017814676335454
K4Br2O_139,K4Br2O,halide,tetragonal,3,0.8202341305415322,0.8072186788770801,-0.01301545166445206,0.8452217473851231
K4CdAs2_166,K4CdAs2,pnictide,trigonal,3,0.3702296185989969,0.9701394367694788,0.5999098181704818,0.9693404018022971
K4CdP2_166,K4CdP2,pnictide,trigonal,3,0.3745131672148889,0.9527556900254653,0.5782425228105764,0.9544890533852395
K4HgAs2_166,K4HgAs2,pnictide,trigonal,3,0.3702296185989969,0.9293786736799959,0.559149055080999,0.935996645305501
K4HgP2_166,K4HgP2,pnictide,trigonal,3,0.3745131672148889,0.8921318799670723,0.5176187127521834,0.9074810668794284
K4I2O_139,K4I2O,halide,tetragonal,3,0.8202341305415322,0.9202558211934972,0.10002169065196509,0.9286731789870922
K4ZnAs2_166,K4ZnAs2,pnictide,trigonal,3,0.3702296185989969,0.992517603631192,0.6222879850321952,0.9905105508971714
K4ZnP2_166,K4ZnP2,pnictide,trigonal,3,0.3745131672148889,0.9887637934860397,0.6142506262711508,0.9865428192202288
KAg2AsO4_121,KAg2AsO4,oxide,tetragonal,4,0.8202341305415322,0.5522894859247512,-0.2679446446167809,0.6553997735914373
KAg2PS4_121,KAg2PS4,chalcogenide,tetragonal,4,0.5390197137891665,0.8126804093888583,0.27366069559969186,0.848126920699424
KAgF4_140,KAgF4,halide,tetragonal,3,0.9176189628313964,0.5248962620325923,-0.3927227007988041,0.6332749984532892
KAgSe_129,KAgSe,chalcogenide,tetragonal,3,0.5267942520624656,0.9435464526030768,0.41675220054061124,0.9464443584894138
KAlO2_61,KAlO2,oxide,orthorhombic,3,0.8202341305415322,0.6161651302399492,-0.20406900030158293,0.7043559307275907
KAlSi3O8_2,KAlSi3O8,oxide,triclinic,4,0.8202341305415322,0.6357267731558948,-0.1845073573856374,0.7190464213074895
KAuF4_140,KAuF4,halide,tetragonal,3,0.9176189628313964,0.5045430179219623,-0.4130759449094341,0.6171791252337404
KAuS_63,KAuS,chalcogenide,orthorhombic,3,0.5390197137891665,0.7230732799517252,0.18405356616255875,0.7845084625796992
KAuSe2_127,KAuSe2,chalcogenide,tetragonal,3,0.5267942520624656,0.782755970787628,0.2559617187251625,0.8272169013362021
KAuSe_63,KAuSe,chalcogenide,orthorhombic,3,0.5267942520624656,0.8021649834542683,0.2753707313918028,0.8414405858544604
KB6_221,KB6,boride/carbide,cubic,2,0.3107146894533737,0.1469709427995537,-0.16374374665382002,0.2617152629483373
KBaPO4_62,KBaPO4,oxide,orthorhombic,4,0.8202341305415322,0.4665653523329689,-0.35366877820856324,0.586325182111475
KBe2BO3F2_155,KBe2BO3F2,halide,trigonal,5,0.9176189628313964,0.6291767700798159,-0.28844219275158056,0.7133001771868539
KBrO3_160,KBrO3,halide,trigonal,3,0.8202341305415322,0.40620955997377506,-0.4140245705677571,0.5348860752086754
KBr_225,KBr,halide,cubic,2,0.6817442582266293,0.7031471875609169,0.021402929334287557,0.7722869643471969
KCaBi_129,KCaBi,intermetallic,tetragonal,3,0.302323673928969,0.9527588243963155,0.6504351504673466,0.9548921083427804
KCaCO3F_187,KCaCO3F,halide,hexagonal,5,0.9176189628313964,0.3738550268724803,-0.5437639359589161,0.5056440513337018
KCd13_226,KCd13,intermetallic,cubic,2,0.1723997243174981,0.8826880312925278,0.7102883069750298,0.9001925580001912
KCdSb_129,KCdSb,intermetallic,tetragonal,3,0.3149236588531833,0.9886290625366789,0.6737054036834956,0.9863540224145372
KClO4_62,KClO4,halide,orthorhombic,3,0.8202341305415322,0.3188569595349269,-0.5013771710066053,0.4539457541826706
KCl_225,KCl,halide,cubic,2,0.7456133690005964,0.38190416949060674,-0.36370919950998964,0.5170761244118007
KCoN_62,KCoN,pnictide,orthorhombic,3,0.7083205926780536,0.8185197301213846,0.11019913744333099,0.8521132263829163
KCrS2_166,KCrS2,chalcogenide,trigonal,3,0.5390197137891665,0.3084971989328625,-0.23052251485630398,0.445722876757586
KCu4S3_123,KCu4S3,chalcogenide,tetragonal,3,0.5390197137891665,0.9959212907435354,0.45690157695436895,0.9942079842406872
KCuF3_140,KCuF3,halide,orthorhombic,3,0.9176189628313964,0.7853942688381332,-0.1322246939932632,0.826976072516538
KCuO2_63,KCuO2,oxide,orthorhombic,3,0.8202341305415322,0.9159721617316209,0.09573803119008872,0.9239540933776023
KCuO_139,KCuO,oxide,tetragonal,3,0.8202341305415322,0.9514026042774296,0.13116847373589746,0.9525767529093297
KCuS_62,KCuS,chalcogenide,orthorhombic,3,0.5390197137891665,0.9910911918197653,0.4520714780305989,0.9888797778055434
KCuSe_194,KCuSe,chalcogenide,hexagonal,3,0.5267942520624656,0.982303666695375,0.4555094146329095,0.9799973872803212
KCuTe_194,KCuTe,chalcogenide,hexagonal,3,0.3360842366645266,0.9909093651307653,0.6548251284662387,0.9886832546823338
KErO2_166,KErO2,oxide,trigonal,3,0.8202341305415322,0.9992606043189504,0.1790264737774182,0.9986405599282773
KF_225,KF,halide,cubic,2,0.9176189628313964,0.6308197995741839,-0.28679916325721255,0.7148726001725543
KGaSb4_62,KGaSb4,intermetallic,orthorhombic,3,0.3149236588531833,0.6943073828760266,0.37938372402284326,0.7647963052984154
KGe2N3_36,KGe2N3,pnictide,orthorhombic,3,0.7083205926780536,0.3407808016138357,-0.36753979106421786,0.4749949496420677
KH2N_11,KH2N,pnictide,monoclinic,3,0.7083205926780536,0.3161222544238621,-0.3921983382541915,0.4521482215267797
KHCO3_14,KHCO3,oxide,monoclinic,4,0.8202341305415322,0.42380795170032176,-0.3964261788412104,0.5498663828616538
KHF2_140,KHF2,halide,tetragonal,3,0.9176189628313964,0.662949681867971,-0.25466928096342545,0.7382194609751433
KHO_36,KHO,oxide,orthorhombic,3,0.8202341305415322,0.38988916679789254,-0.4303449637436396,0.520255494844525
KHS_11,KHS,chalcogenide,monoclinic,3,0.5390197137891665,0.5411388171939572,0.002119103404790712,0.6496662598510583
KH_225,KH,hydride,cubic,2,0.3787986409945493,0.6083322490778968,0.22953360808334755,0.6999642127851718
KHg2_74,KHg2,intermetallic,orthorhombic,2,0.2939717301428604,0.8392156571662819,0.5452439270234215,0.868653488655665
KHgAs_194,KHgAs,pnictide,hexagonal,3,0.3702296185989969,0.892584111077318,0.5223544924783212,0.9072963132350922
KHgF3_221,KHgF3,halide,orthorhombic,3,0.9176189628313964,0.6296373596657335,-0.2879816031656629,0.7139738503793869
KHoO2_166,KHoO2,oxide,trigonal,3,0.8202341305415322,0.9954416721842184,0.17520754164268626,0.9936150610926943
KIO3_1,KIO3,halide,triclinic,3,0.8202341305415322,0.5017918459577183,-0.31844228458381385,0.6152872042093589
KIO4_88,KIO4,halide,triclinic,3,0.8202341305415322,0.4233395426456631,-0.39689458789586907,0.5497914254143251
KI_225,KI,halide,cubic,2,0.5710436013209271,0.9127303551684317,0.3416867538475046,0.9238692351769643
KIn9Co2_191,KIn9Co2,intermetallic,hexagonal,3,0.2448961579109765,0.905041874060307,0.6601457161493305,0.9160060541908713
KInO2_166,KInO2,oxide,monoclinic,3,0.8202341305415322,0.6453863753210476,-0.17484775522048457,0.72562961802373
KInTe2_140,KInTe2,chalcogenide,tetragonal,3,0.3360842366645266,0.803855713988034,0.46777147732350743,0.8434452566031683
KLaS2_166,KLaS2,chalcogenide,trigonal,3,0.5390197137891665,0.4699028047456637,-0.06911690904350276,0.5927045788100892
KLiSe_129,KLiSe,chalcogenide,tetragonal,3,0.5267942520624656,0.8084870422898413,0.2816927902273757,0.8466019799810659
KLiTe_129,KLiTe,chalcogenide,tetragonal,3,0.3360842366645266,0.907494611877922,0.5714103752133954,0.9193726527286202
KLiZnO2_12,KLiZnO2,oxide,monoclinic,4,0.8202341305415322,0.9716444857473194,0.15141035520578727,0.9698771180287039
KMgAs_129,KMgAs,pnictide,tetragonal,3,0.3702296185989969,0.8233248616522354,0.4530952430532385,0.8572407649085425
KMgBi_129,KMgBi,intermetallic,tetragonal,3,0.302323673928969,0.8795912965785809,0.577267622649612,0.8982723614279562
KMgF3_221,KMgF3,halide,cubic,3,0.9176189628313964,0.793187656594341,-0.12443130623705545,0.8326618242964041
KMgH3_221,KMgH3,hydride,cubic,3,0.3787986409945493,0.3643703330889151,-0.014428307905634208,0.4972130063979593
KMgSb_129,KMgSb,intermetallic,tetragonal,3,0.3149236588531833,0.8471794098416883,0.532255750988505,0.8743857085328752
KMnP_129,KMnP,pnictide,tetragonal,3,0.3745131672148889,0.8776321895358377,0.5031190223209487,0.8953748785617216
KN3_140,KN3,pnictide,tetragonal,2,0.7083205926780536,0.21383747395335226,-0.4944831187247013,0.34435992452785813
KNO3_62,KNO3,oxide,orthorhombic,3,0.8202341305415322,0.3486995681641304,-0.47153456237740177,0.48260036274570567
KNa2Bi_225,KNa2Bi,intermetallic,cubic,3,0.302323673928969,0.9877848597832944,0.6854611858543255,0.9859956452635178
KNa2Sb_225,KNa2Sb,intermetallic,cubic,3,0.3149236588531833,0.9700180887704714,0.6550944299172881,0.9696359856102518
KNaS2O7_2,KNaS2O7,oxide,triclinic,4,0.8202341305415322,0.6322046380797227,-0.18802949246180944,0.7156148105266934
KNaTiO3_15,KNaTiO3,oxide,monoclinic,4,0.8202341305415322,0.7414541264058276,-0.07878000413570452,0.7960365635084761
KNb4O5F_123,KNb4O5F,halide,tetragonal,4,0.9176189628313964,0.4957816529615962,-0.4218373098698002,0.6100442611635539
KNbO3_160,KNbO3,oxide,trigonal,3,0.8202341305415322,0.299027905816222,-0.5212062247253102,0.4340374383865282
KNdO2_166,KNdO2,oxide,trigonal,3,0.8202341305415322,0.6300231573423647,-0.19021097319916747,0.7144310211219534
KP(HO2)2_43,KP(HO2)2,oxide,orthorhombic,4,0.8202341305415322,0.468543926922911,-0.35169020361862113,0.5875733854733936
KPF6_148,KPF6,halide,trigonal,3,0.9176189628313964,0.5665677609979258,-0.3510512018334706,0.6654463605965464
KPS3_71,KPS3,chalcogenide,orthorhombic,3,0.5390197137891665,0.33474878343699555,-0.20427093035217092,0.47229002771352413
KPrO2_166,KPrO2,oxide,trigonal,3,0.8202341305415322,0.49639939681586603,-0.3238347337256661,0.611097483573844
KPrTe4_125,KPrTe4,chalcogenide,tetragonal,3,0.3360842366645266,0.9246229407281165,0.5885387040635899,0.9321008924336251
KPt2S3_166,KPt2S3,chalcogenide,trigonal,3,0.5390197137891665,0.5947085954215519,0.05568888163238539,0.689085793583241
KPt2Se3_166,KPt2Se3,chalcogenide,trigonal,3,0.5267942520624656,0.6947541929861132,0.16795994092364763,0.7635223542183153
KPtN_131,KPtN,pnictide,triclinic,3,0.7083205926780536,0.33646807628426384,-0.37185251639378974,0.47305835276821134
KRb2GaF6_225,KRb2GaF6,halide,cubic,4,0.9176189628313964,0.7990003846576185,-0.11861857817377797,0.8372317226216932
KRb2TiF6_225,KRb2TiF6,halide,cubic,4,0.9176189628313964,0.794223860547542,-0.12339510228385442,0.8339087101574364
KReO4_88,KReO4,oxide,tetragonal,3,0.8202341305415322,0.3610114560856252,-0.459222674455907,0.4943870345715989
KRuF6_166,KRuF6,halide,trigonal,3,0.9176189628313964,0.46720259275047143,-0.450416370080925,0.58624145575986
KSb(PS3)2_4,KSb(PS3)2,chalcogenide,monoclinic,4,0.5390197137891665,0.3455858888948536,-0.19343382489431288,0.4825267696164598
KSbO2_15,KSbO2,oxide,monoclinic,3,0.8202341305415322,0.6807306920781802,-0.139503438463352,0.7521491489241947
KScO2_166,KScO2,oxide,trigonal,3,0.8202341305415322,0.5719075426421011,-0.24832658789943107,0.6699960293611628
KSmS2_166,KSmS2,chalcogenide,trigonal,3,0.5390197137891665,0.9750870418845844,0.4360673280954179,0.9733134715429899
KSnSb_186,KSnSb,intermetallic,hexagonal,3,0.3149236588531833,0.8302849005446318,0.5153612416914485,0.8623515628302747
KTaO3_221,KTaO3,oxide,cubic,3,0.8202341305415322,0.4624740592391413,-0.35776007130239085,0.5822539748826954
KTcO3_221,KTcO3,oxide,cubic,3,0.8202341305415322,0.2788737048305048,-0.5413604257110274,0.413339452692788
KTcO4_88,KTcO4,oxide,tetragonal,3,0.8202341305415322,0.33138324856496637,-0.4888508819765658,0.4666362519236779
KTeAu_194,KTeAu,chalcogenide,hexagonal,3,0.5226952007385544,0.8633727420702312,0.3406775413316768,0.8857977770715704
KTl2Bi_225,KTl2Bi,intermetallic,cubic,3,0.302323673928969,0.8214842585499326,0.5191605846209636,0.8559416406074107
KTlO2_166,KTlO2,oxide,trigonal,3,0.8202341305415322,0.6312735612674378,-0.18896056927409433,0.7149255758570617
KTmO2_166,KTmO2,oxide,trigonal,3,0.8202341305415322,0.9994127063167401,0.1791785757752079,0.9988821352337202
KUO3_221,KUO3,oxide,cubic,3,0.8202341305415322,0.36310685243602053,-0.4571272781055116,0.495974741467449
KYO2_166,KYO2,oxide,trigonal,3,0.8202341305415322,0.48426884089902367,-0.3359652896425085,0.6007667387476252
KZnAs_194,KZnAs,pnictide,hexagonal,3,0.3702296185989969,0.9940966020862638,0.623866983487267,0.9921451762050727
KZnF3_221,KZnF3,halide,cubic,3,0.9176189628313964,0.8579049851624677,-0.05971397766892872,0.879796550444567
KZnP_194,KZnP,pnictide,hexagonal,3,0.3745131672148889,0.991806799768351,0.617293632553462,0.9895959556018179
KZnSb_194,KZnSb,intermetallic,hexagonal,3,0.3149236588531833,0.9961278097744125,0.6812041509212292,0.9945201661449822
KZrCuSe3_63,KZrCuSe3,chalcogenide,orthorhombic,4,0.5267942520624656,0.9855644312141576,0.45877017915169205,0.9831870990880742
La(CoB)2_139,La(CoB)2,boride/carbide,orthorhombic,3,0.1982031440330587,0.8181577087587986,0.6199545647257398,0.8511619318454177
La(CoSi)2_139,La(CoSi)2,intermetallic,tetragonal,3,0.1478562110337886,0.8698916856704637,0.7220354746366751,0.8891536847049297
La(FeSi)2_139,La(FeSi)2,intermetallic,tetragonal,3,0.1478562110337886,0.7768713970573015,0.6290151860235129,0.821576478701308
La(MnGe)2_139,La(MnGe)2,intermetallic,tetragonal,3,0.187000675249612,0.735546287881585,0.548545612631973,0.7929513135888063
La(NiP)2_139,La(NiP)2,pnictide,tetragonal,3,0.2569745635061699,0.9496247967354375,0.6926502332292677,0.9509347883058235
La(SiIr)2_139,La(SiIr)2,intermetallic,monoclinic,3,0.2610315117410557,0.4728604089557406,0.2118288972146849,0.5922524094720205
La(SiOs)2_139,La(SiOs)2,intermetallic,monoclinic,3,0.2610315117410557,0.378298167004015,0.11726665526295926,0.5109347958142709
La(SiPd)2_139,La(SiPd)2,intermetallic,monoclinic,3,0.2610315117410557,0.7987735201268742,0.5377420083858184,0.8375624806340007
La2CuO4_139,La2CuO4,oxide,tetragonal,3,0.7456133690005962,0.7543517534322736,0.008738384431677404,0.8047998878877733
La2Hf2O7_227,La2Hf2O7,oxide,cubic,3,0.7456133690005962,0.594991785161983,-0.15062158383861313,0.6877636731459496
La2In_194,La2In,intermetallic,trigonal,2,0.1091685153656911,0.8296283220927715,0.7204598067270804,0.8618266968603127
La2Ni5B4_12,La2Ni5B4,boride/carbide,monoclinic,3,0.1982031440330587,0.9218258353622771,0.7236226913292184,0.9284536071688467
La2O3_164,La2O3,oxide,trigonal,2,0.7456133690005962,0.37988047337846315,-0.365732895622133,0.5112988436101533
La2Pd2O5_84,La2Pd2O5,oxide,tetragonal,3,0.7456133690005962,0.3823404644367089,-0.3632729045638873,0.5132681457950398
La2S3_62,La2S3,chalcogenide,orthorhombic,2,0.4216638471290559,0.3652532308926789,-0.056410616236377,0.5009048441353989
La2Sb_139,La2Sb,intermetallic,orthorhombic,2,0.2019826979496352,0.8124900033329575,0.6105073053833223,0.8496038370360626
La2Si4CN6_62,La2Si4CN6,pnictide,orthorhombic,4,0.6097235715364788,0.3379607728802484,-0.27176279865623043,0.47239422760567096
La3(TaN3)2_139,La3(TaN3)2,pnictide,tetragonal,3,0.6097235715364788,0.30805612126260895,-0.3016674502738699,0.44402844463952157
La3AlN_221,La3AlN,pnictide,cubic,3,0.6097235715364788,0.7884937635594569,0.17877019202297806,0.8314043291378954
La3Co_62,La3Co,intermetallic,monoclinic,2,0.1410976137921523,0.9247135913569928,0.7836159775648406,0.9322952364333242
La3GaBr3_221,La3GaBr3,halide,cubic,3,0.5789063401120882,0.6626868574746457,0.08378051736255754,0.7421655183495109
La3InN_221,La3InN,pnictide,cubic,3,0.6097235715364788,0.8167358832497772,0.20701231171329837,0.8518157345686013
La3PbC_221,La3PbC,boride/carbide,cubic,3,0.4088142422218236,0.7419356899635107,0.33312144774168706,0.7985988876956843
La3Te4_220,La3Te4,chalcogenide,cubic,2,0.2211992169285951,0.7410962459646059,0.5198970290360108,0.7987140556749363
La3TlC_221,La3TlC,boride/carbide,cubic,3,0.4088142422218236,0.7694465633736001,0.36063232115177646,0.8182271648874163
LaAgO2_166,LaAgO2,oxide,trigonal,3,0.7456133690005962,0.42584502142798647,-0.3197683475726097,0.5528108497160298
LaAg_221,LaAg,intermetallic,tetragonal,2,0.1582102508344635,0.9088150086329055,0.750604757798442,0.9199702665236819
LaAl2_227,LaAl2,intermetallic,cubic,2,0.0629559630163498,0.6012130895532497,0.5382571265368999,0.6940749998579328
LaAl3Pd2_191,LaAl3Pd2,intermetallic,hexagonal,3,0.2610315117410557,0.8364950206624363,0.5754635089213807,0.8647894796543903
LaAl3_194,LaAl3,intermetallic,hexagonal,2,0.0629559630163498,0.522855739741505,0.4598997767251552,0.6334877730912788
LaAlGe_109,LaAlGe,intermetallic,monoclinic,3,0.187000675249612,0.5723433536189865,0.38534267836937447,0.6727435880166798
LaAl_63,LaAl,intermetallic,orthorhombic,2,0.0629559630163498,0.7121823745396019,0.6492264115232521,0.776531329771449
LaAs_225,LaAs,pnictide,cubic,2,0.2529326968628044,0.6632343996092444,0.41030170274643996,0.7423217962406456
LaAu_63,LaAu,intermetallic,orthorhombic,2,0.4045274577607302,0.7435575255603093,0.3390300677995791,0.8000466544536643
LaB2Rh2C_139,LaB2Rh2C,boride/carbide,tetragonal,4,0.4088142422218236,0.38780215517844746,-0.02101208704337615,0.518547885073295
LaB4_127,LaB4,boride/carbide,tetragonal,2,0.1982031440330587,0.15191079146604974,-0.04629235256700895,0.268295116114095
LaB6_221,LaB6,boride/carbide,cubic,2,0.1982031440330587,0.11900004506769242,-0.07920309896536627,0.2238070312994992
LaBRh3_221,LaBRh3,boride/carbide,cubic,3,0.2939717301428602,0.3788436689820271,0.08487193883916688,0.5111737353200769
LaBiPt_216,LaBiPt,intermetallic,cubic,3,0.2939717301428602,0.8061366801286283,0.5121649499857681,0.8440869364278845
LaBr3_176,LaBr3,halide,hexagonal,2,0.5789063401120882,0.5615463149743348,-0.017360025137753365,0.6662494289405363
LaC2_139,LaC2,boride/carbide,tetragonal,2,0.4088142422218236,0.13520921205135314,-0.27360503017047044,0.247304251477905
LaCd2_191,LaCd2,intermetallic,hexagonal,2,0.0833458210077793,0.9590389752380799,0.8756931542303006,0.9596943976161025
LaCdHg2_225,LaCdHg2,intermetallic,cubic,3,0.1833135174018891,0.8413217397501846,0.6580082223482956,0.8697513591936848
LaCd_221,LaCd,intermetallic,cubic,2,0.0833458210077793,0.9757961848298803,0.892450363822101,0.9743737957049441
LaCl3_176,LaCl3,halide,hexagonal,2,0.6538558596267213,0.2759248884358746,-0.37793097119084673,0.4137073891654231
LaClO_129,LaClO,halide,tetragonal,3,0.7456133690005962,0.7285806869834487,-0.01703268201714747,0.7870845357272926
LaCoGe3_107,LaCoGe3,intermetallic,tetragonal,3,0.187000675249612,0.8475261354041203,0.6605254601545083,0.8730365106133008
LaCu2_191,LaCu2,intermetallic,hexagonal,2,0.1478562110337886,0.9807861527027337,0.8329299416689451,0.9786058310689132
LaCuSO_129,LaCuSO,oxide,tetragonal,4,0.7456133690005962,0.9480969675737866,0.20248359857319043,0.9497148304572967
LaCuSe2_14,LaCuSe2,chalcogenide,monoclinic,3,0.4088142422218236,0.9860583128415095,0.5772440706196859,0.9836646456064434
LaCuSi_194,LaCuSi,intermetallic,hexagonal,3,0.1478562110337886,0.9841853086923453,0.8363290976585567,0.9817774461901164
LaF3_165,LaF3,halide,trigonal,2,0.8742676704055721,0.5318336975709649,-0.3424339728346072,0.6381804522799972
LaFeSi_129,LaFeSi,intermetallic,tetragonal,3,0.1478562110337886,0.8555764789136218,0.7077202678798331,0.8791612487630879
LaGa3Pd2_191,LaGa3Pd2,intermetallic,hexagonal,3,0.2610315117410557,0.8374447049939168,0.5764131932528611,0.8654828679759835
LaGa6_125,LaGa6,intermetallic,monoclinic,2,0.1184071933122512,0.49707169833334475,0.37866450502109356,0.6127453667856727
LaH3_225,LaH3,hydride,cubic,2,0.2610315117410557,0.16488478496556927,-0.09614672677548644,0.28419883103100907
LaHgAu2_225,LaHgAu2,intermetallic,cubic,3,0.4045274577607302,0.5955775141159101,0.1910500563551799,0.690659347198005
LaI2_139,LaI2,halide,tetragonal,2,0.4557790736747926,0.850850983909591,0.39507191023479843,0.8777480289825436
LaI3_63,LaI3,halide,orthorhombic,2,0.4557790736747926,0.8526609882188458,0.39688191454405325,0.8793051820412745
LaIn3_221,LaIn3,intermetallic,cubic,2,0.1091685153656911,0.7081724649604305,0.5990039495947395,0.7739604278868928
LaIn5Rh_123,LaIn5Rh,intermetallic,tetragonal,3,0.2939717301428602,0.7714673339432867,0.4774956038004265,0.8187397498671714
LaInAg2_225,LaInAg2,intermetallic,cubic,3,0.1582102508344635,0.9362509371008904,0.7780406862664269,0.9404357338604012
LaInHg2_225,LaInHg2,intermetallic,cubic,3,0.1833135174018891,0.9216207831761356,0.7383072657742465,0.9290282136417041
LaIn_221,LaIn,intermetallic,cubic,2,0.1091685153656911,0.7925774287771964,0.6834089134115053,0.8348777546472859
LaIr2_227,LaIr2,intermetallic,cubic,2,0.2610315117410557,0.22546744859097173,-0.03556406315008398,0.3583458052302182
LaMg3_225,LaMg3,intermetallic,tetragonal,2,0.0109644474225218,0.6460407311187837,0.6350762836962619,0.7279528681059776
LaMgGa_189,LaMgGa,intermetallic,hexagonal,3,0.1184071933122512,0.7265224491745,0.6081152558622488,0.7868791183976762
LaMgZn2_225,LaMgZn2,intermetallic,cubic,3,0.0728361721882467,0.9970884470788008,0.9242522748905542,0.995682015004819
LaN_225,LaN,pnictide,cubic,2,0.6097235715364788,0.19492826066409052,-0.4147953108723883,0.3227567242596295
LaNi2B2C_139,LaNi2B2C,boride/carbide,tetragonal,4,0.4088142422218236,0.8932051646273872,0.4843909224055636,0.9063152506568771
LaNi4B_191,LaNi4B,boride/carbide,hexagonal,3,0.1982031440330587,0.8778695066733888,0.6796663626403301,0.8948415885161247
LaNi5H7_186,LaNi5H7,hydride,trigonal,3,0.2610315117410557,0.883291376243898,0.6222598645028423,0.8986135444118662
LaNi5_191,LaNi5,intermetallic,hexagonal,2,0.1512791964051105,0.7902071152078973,0.6389279188027868,0.8309618174125705
LaNiC2_38,LaNiC2,boride/carbide,orthorhombic,3,0.4088142422218236,0.8153363906023824,0.4065221483805588,0.8491983813506737
LaNiSn_62,LaNiSn,intermetallic,orthorhombic,3,0.1688126015638291,0.9698365685036684,0.8010239669398393,0.9684950412238092
LaNi_63,LaNi,intermetallic,orthorhombic,2,0.1512791964051105,0.9596850466630412,0.8084058502579308,0.9598614515605599
LaPO4_14,LaPO4,oxide,monoclinic,3,0.7456133690005962,0.3784333411778487,-0.36718002782274745,0.5094605957423401
LaP_225,LaP,pnictide,cubic,2,0.2569745635061699,0.5449228850613316,0.2879483215551617,0.6526159436012229
LaPb3_221,LaPb3,intermetallic,cubic,2,0.3149236588531833,0.7251732714743405,0.4102496126211572,0.7866606779412171
LaPbAu2_225,LaPbAu2,intermetallic,cubic,3,0.4045274577607302,0.8433759582947801,0.4388485005340499,0.8705310348380467
LaPd3_221,LaPd3,intermetallic,cubic,2,0.2610315117410557,0.4665338834477688,0.2055023717067131,0.5876236612591478
LaPd5_191,LaPd5,intermetallic,hexagonal,2,0.2610315117410557,0.5212947275324386,0.26026321579138284,0.6319540983146235
LaPrHg2_225,LaPrHg2,intermetallic,cubic,3,0.1833135174018891,0.8047307058104854,0.6214171884085964,0.8441877780971022
LaPt5_191,LaPt5,intermetallic,hexagonal,2,0.2939717301428602,0.3281386012275606,0.0341668710847004,0.4641447437383256
LaRh2_227,LaRh2,intermetallic,cubic,2,0.2939717301428602,0.39895321926006266,0.10498148911720245,0.5300857645649765
LaRhO3_62,LaRhO3,oxide,orthorhombic,3,0.7456133690005962,0.2829272671397481,-0.4626861018608481,0.41774942327818687
LaSF_129,LaSF,halide,tetragonal,3,0.8742676704055721,0.9177732901049427,0.04350561969937061,0.9255849588060189
LaS_225,LaS,chalcogenide,cubic,2,0.4216638471290559,0.3722040091799058,-0.0494598379491501,0.5075912035371841
LaSbPd_194,LaSbPd,intermetallic,hexagonal,3,0.2610315117410557,0.8604492537938363,0.5994177420527806,0.8831959359219003
LaSb_225,LaSb,intermetallic,cubic,2,0.2019826979496352,0.7668330698325505,0.5648503718829153,0.81693578360304
LaScO3_62,LaScO3,oxide,orthorhombic,3,0.7456133690005962,0.5765662795665963,-0.16904708943399982,0.6735734839433072
LaSi2Ag_63,LaSi2Ag,intermetallic,orthorhombic,3,0.1582102508344635,0.9459782244866811,0.7877679736522176,0.9481222526901624
LaSi2Pt_63,LaSi2Pt,intermetallic,orthorhombic,3,0.2939717301428602,0.698364037042629,0.40439230689976874,0.7654296232400195
LaSi2Ru_11,LaSi2Ru,intermetallic,monoclinic,3,0.2610315117410557,0.5618531462416005,0.30082163450054483,0.6635773788848609
LaSi2_141,LaSi2,intermetallic,tetragonal,2,0.1478562110337886,0.46749412679366015,0.31963791575987155,0.5888376087592527
LaSi3Ir_107,LaSi3Ir,intermetallic,tetragonal,3,0.2610315117410557,0.4682450156949427,0.207213503953887,0.5884826526449235
LaSi_63,LaSi,intermetallic,orthorhombic,2,0.1478562110337886,0.5819482817598408,0.4340920707260522,0.6804993762716398
LaSn3_221,LaSn3,intermetallic,cubic,2,0.1688126015638291,0.7218107657739449,0.5529981642101158,0.7841689279547159
LaSnAu2_225,LaSnAu2,intermetallic,cubic,3,0.4045274577607302,0.844671705821612,0.4401442480608818,0.8714485256041807
LaTe_225,LaTe,chalcogenide,cubic,2,0.2211992169285951,0.7564552102997028,0.5352559933711076,0.809869169912634
LaTl3_221,LaTl3,intermetallic,cubic,2,0.0653657474825513,0.7249963803745364,0.6596306328919851,0.7862568630433054
LaTl_221,LaTl,intermetallic,cubic,2,0.0653657474825513,0.7946425836786379,0.7292768361960866,0.8364113592320431
LaWN3_161,LaWN3,pnictide,trigonal,3,0.6097235715364788,0.21829635344231543,-0.39142721809416336,0.34866481923179277
LaYbS3_63,LaYbS3,chalcogenide,orthorhombic,3,0.4216638471290559,0.9998525253452116,0.5781886782161557,0.9996581010079121
LaZn_221,LaZn,intermetallic,cubic,2,0.0728361721882467,0.9960384342056696,0.923202262017423,0.9944562590812512
La_194,La,elemental,hexagonal,1,0.0,0.655284404793621,0.655284404793621,0.7399108456120126
Li(Co3P2)2_187,Li(Co3P2)2,pnictide,hexagonal,3,0.3065145361435566,0.8808809742331143,0.5743664380895577,0.8968172769235497
Li(CuP)2_139,Li(CuP)2,pnictide,tetragonal,3,0.3065145361435566,0.9926217904165401,0.6861072542729835,0.9903940101025498
Li(NiP)2_139,Li(NiP)2,pnictide,tetragonal,3,0.3065145361435566,0.9731167469920495,0.6666022108484929,0.9711531230099956
Li(SiRh)2_127,Li(SiRh)2,intermetallic,tetragonal,3,0.3445937456731593,0.6689737415263293,0.32437999585316996,0.7426008360702969
Li(Sn3Pd)2_127,Li(Sn3Pd)2,intermetallic,tetragonal,3,0.3107146894533737,0.9157051169038197,0.6049904274504461,0.9243365756843326
Li(TiSe2)3_164,Li(TiSe2)3,chalcogenide,trigonal,3,0.4600209843034051,0.8110254467811355,0.35100446247773043,0.8477386839249444
Li(YSi)2_127,Li(YSi)2,intermetallic,tetragonal,3,0.1907116518286679,0.9062205031307123,0.7155088513020444,0.9170926454534121
Li12Si7_62,Li12Si7,intermetallic,orthorhombic,2,0.1907116518286679,0.2700453808707271,0.07933372904205921,0.40694462120823427
Li13In3_227,Li13In3,intermetallic,cubic,2,0.1478562110337886,0.2982205812642561,0.1503643702304675,0.437802588612593
Li13Si4_55,Li13Si4,intermetallic,orthorhombic,2,0.1907116518286679,0.3128134973518972,0.12210184552322928,0.4514044104025539
Li13Sn5_164,Li13Sn5,intermetallic,trigonal,2,0.213450797786545,0.5734521651885921,0.36000136740204713,0.6774704337726676
Li14P2(N2O)3_147,Li14P2(N2O)3,oxide,trigonal,4,0.7797297329475583,0.6174862480438577,-0.16224348490370066,0.7044295375029465
Li15Au4_220,Li15Au4,intermetallic,cubic,2,0.4557790736747926,0.9613399066551758,0.5055608329803831,0.9617406950271118
Li15Ge4_220,Li15Ge4,intermetallic,cubic,2,0.2329666519444445,0.3944301083025383,0.16146345635809378,0.5288124084854453
Li15Si4_220,Li15Si4,intermetallic,cubic,2,0.1907116518286679,0.3325165482572097,0.14180489642854183,0.4709752423185693
Li2AcIn_225,Li2AcIn,intermetallic,cubic,3,0.1478562110337886,0.7683959268178957,0.620539715784107,0.8181595552388786
Li2AcTl_225,Li2AcTl,intermetallic,cubic,3,0.0973315879190579,0.7683116329402411,0.6709800450211831,0.8181189787417188
Li2AgAu_225,Li2AgAu,intermetallic,cubic,3,0.4557790736747926,0.9171731647035815,0.46139409102878887,0.9251998066383973
Li2AgHg_225,Li2AgHg,intermetallic,cubic,3,0.2290255154998847,0.9589318361678425,0.7299063206679578,0.9591356494478241
Li2AgPb_216,Li2AgPb,intermetallic,cubic,3,0.3659484381419324,0.9540967800477108,0.5881483419057785,0.9550830425735524
Li2AgSb_216,Li2AgSb,intermetallic,cubic,3,0.2489063991267931,0.9512899542027498,0.7023835550759566,0.9527353315341347
Li2AgSn_216,Li2AgSn,intermetallic,cubic,3,0.213450797786545,0.9447866654134081,0.7313358676268631,0.9473309690541674
Li2AlAg_216,Li2AlAg,intermetallic,cubic,3,0.2019826979496352,0.9010388516104113,0.6990561536607761,0.9126458451034036
Li2AlPd_216,Li2AlPd,intermetallic,cubic,3,0.3107146894533737,0.7927572228758099,0.48204253342243614,0.8328478200794753
Li2AlPt_216,Li2AlPt,intermetallic,cubic,3,0.3445937456731593,0.6178023475737613,0.273208601900602,0.7051550031839046
Li2AlRh_216,Li2AlRh,intermetallic,cubic,3,0.3445937456731593,0.6172519158591402,0.2726581701859809,0.7045484796936281
Li2CN2_139,Li2CN2,pnictide,tetragonal,3,0.6538558596267213,0.6004777267804059,-0.05337813284631543,0.6924634909908587
Li2CO3_15,Li2CO3,oxide,monoclinic,3,0.7797297329475583,0.7613514855380561,-0.018378247409502224,0.8098739398980308
Li2CaSi_225,Li2CaSi,intermetallic,cubic,3,0.1907116518286679,0.786431337993394,0.5957196861647261,0.8296674209860554
Li2CaSn_225,Li2CaSn,intermetallic,cubic,3,0.213450797786545,0.9111069546064776,0.6976561568199326,0.9216920613775378
Li2Ca_194,Li2Ca,intermetallic,hexagonal,2,9.999500016666384e-05,0.8302231811779829,0.8301231861778162,0.8604250247084962
Li2Ca_227,Li2Ca,intermetallic,cubic,2,9.999500016666384e-05,0.8255371511063221,0.8254371561061554,0.8569971390223563
Li2CdAu_225,Li2CdAu,intermetallic,cubic,3,0.4557790736747926,0.9637779743026977,0.5079989006279051,0.9632256530335215
Li2CdPd_225,Li2CdPd,intermetallic,cubic,3,0.3107146894533737,0.9640261135186656,0.653311424065292,0.9634214552620094
Li2CdSb_225,Li2CdSb,intermetallic,cubic,3,0.2489063991267931,0.9830649758644651,0.7341585767376719,0.980850169940948
Li2CdSn_225,Li2CdSn,intermetallic,cubic,3,0.213450797786545,0.9800016231068864,0.7665508253203415,0.9778935136711172
Li2CeN2_164,Li2CeN2,pnictide,trigonal,3,0.6538558596267213,0.7025967263802191,0.04874086675349776,0.7675883812293821
Li2CeO3_65,Li2CeO3,oxide,orthorhombic,3,0.7797297329475583,0.7947878010576427,0.015058068110084366,0.8341030913270673
Li2CuAs_194,Li2CuAs,pnictide,hexagonal,3,0.302323673928969,0.9865198680552764,0.6841961941263074,0.9840245609620327
Li2CuGe_216,Li2CuGe,intermetallic,cubic,3,0.2329666519444445,0.976725150437825,0.7437584984933805,0.9744687527272466
Li2CuP_194,Li2CuP,pnictide,hexagonal,3,0.3065145361435566,0.981111953835412,0.6745974176918554,0.9786641361239885
Li2CuSb_216,Li2CuSb,intermetallic,cubic,3,0.2489063991267931,0.9896109550621909,0.7407045559353977,0.9872203925160917
Li2CuSn_216,Li2CuSn,intermetallic,cubic,3,0.213450797786545,0.9873928011042508,0.7739420033177058,0.9849081957939425
Li2GaAu_216,Li2GaAu,intermetallic,cubic,3,0.4557790736747926,0.7692181383826141,0.3134390647078215,0.8160508269683613
Li2GaIr_216,Li2GaIr,intermetallic,cubic,3,0.3107146894533737,0.43231115574100976,0.12159646628763604,0.557051315582094
Li2GaPd_216,Li2GaPd,intermetallic,cubic,3,0.3107146894533737,0.7751949487637579,0.4644802593103842,0.820054105945803
Li2GaPt_216,Li2GaPt,intermetallic,cubic,3,0.3445937456731593,0.5945483254241101,0.24995457975095076,0.6874121500126289
Li2GaRh_216,Li2GaRh,intermetallic,cubic,3,0.3445937456731593,0.5965745359049086,0.2519807902317493,0.68879083878641
Li2Ga_63,Li2Ga,intermetallic,orthorhombic,2,0.1582102508344636,0.22035984126825564,0.062149590433792035,0.3534380413759753
Li2GeAu_216,Li2GeAu,intermetallic,cubic,3,0.4557790736747926,0.7773863880726042,0.3216073143978116,0.8220510957110945
Li2GeN2_14,Li2GeN2,pnictide,monoclinic,3,0.6538558596267213,0.4829694567111681,-0.17088640291555324,0.5993452486447257
Li2GePbS4_121,Li2GePbS4,chalcogenide,tetragonal,4,0.4727075759569514,0.4541620890639034,-0.018545486893048024,0.578475182924993
Li2H2Pd_139,Li2H2Pd,hydride,tetragonal,3,0.3107146894533737,0.7541987472256046,0.44348405777223093,0.8050302728860519
Li2HgAu_225,Li2HgAu,intermetallic,cubic,3,0.4557790736747926,0.9139269083546945,0.4581478346799019,0.922845027590729
Li2HgPd_225,Li2HgPd,intermetallic,cubic,3,0.3107146894533737,0.9024538050225597,0.591739115569186,0.9138852391227844
Li2InAg_216,Li2InAg,intermetallic,cubic,3,0.2019826979496352,0.9405870411865455,0.7386043432369103,0.9438637639060363
Li2InAu_216,Li2InAu,intermetallic,cubic,3,0.4557790736747926,0.8543070880048412,0.39852801433004864,0.8782167339348798
Li2InPd_216,Li2InPd,intermetallic,cubic,3,0.3107146894533737,0.8560434627015975,0.5453287732482237,0.8792522142074592
Li2InPt_216,Li2InPt,intermetallic,cubic,3,0.3445937456731593,0.7309846303901012,0.3863908847169419,0.7889744602474702
Li2InRh_216,Li2InRh,intermetallic,cubic,3,0.3445937456731593,0.7210182797005483,0.376424534027389,0.7815652385200976
Li2InSn_225,Li2InSn,intermetallic,cubic,3,0.213450797786545,0.33031006731326773,0.11685926952672274,0.46955104521191976
Li2In_63,Li2In,intermetallic,orthorhombic,2,0.1478562110337886,0.3809533070731426,0.23309709603935402,0.5173490242810214
Li2LaIn_225,Li2LaIn,intermetallic,cubic,3,0.1478562110337886,0.7225767074957571,0.5747204964619685,0.7845890169253656
Li2MgIn_225,Li2MgIn,intermetallic,cubic,3,0.1478562110337886,0.22209601396123438,0.07423980292744578,0.35602631211579694
Li2NdIn_225,Li2NdIn,intermetallic,cubic,3,0.1478562110337886,0.9480933878002528,0.8002371767664642,0.9500912500590634
Li2NdTl_225,Li2NdTl,intermetallic,cubic,3,0.0973315879190579,0.9523032967299292,0.8549717088108713,0.9536170353779176
Li2O2_194,Li2O2,oxide,hexagonal,2,0.7797297329475583,0.7401416270576051,-0.03958810588995321,0.7941225599157667
Li2O_225,Li2O,oxide,cubic,2,0.7797297329475583,0.719898913382439,-0.059830819565119264,0.7799894512080408
Li2PNO2_36,Li2PNO2,oxide,orthorhombic,4,0.7797297329475583,0.6927905837107976,-0.08693914923676072,0.7600513224542244
Li2PdAu_225,Li2PdAu,intermetallic,cubic,3,0.4557790736747926,0.8200793006064937,0.3643002269317011,0.8525823976137472
Li2PdO2_71,Li2PdO2,oxide,orthorhombic,3,0.7797297329475583,0.8433306280061204,0.06360089505856203,0.8695006353588383
Li2PdO3_12,Li2PdO3,oxide,monoclinic,3,0.7797297329475583,0.7966952767488505,0.016965543801292227,0.8349782905523253
Li2Pd_191,Li2Pd,intermetallic,hexagonal,2,0.3107146894533737,0.9389173552406647,0.628202665787291,0.9427085279228686
Li2PmIn_225,Li2PmIn,intermetallic,cubic,3,0.1478562110337886,0.9736358944013658,0.8257796833675772,0.9719199340431264
Li2PmPb_225,Li2PmPb,intermetallic,cubic,3,0.3659484381419324,0.9815240939287787,0.6155756557868464,0.9793413506352857
Li2PmTl_225,Li2PmTl,intermetallic,cubic,3,0.0973315879190579,0.9751035820080853,0.8777719940890274,0.9732769452025178
Li2PrIn_225,Li2PrIn,intermetallic,monoclinic,3,0.1478562110337886,0.9007500143555267,0.752893803321738,0.913153680220356
Li2Pt_191,Li2Pt,intermetallic,hexagonal,2,0.3445937456731593,0.7728346244288812,0.42824087875572187,0.8189621728566595
Li2SO4_14,Li2SO4,oxide,monoclinic,3,0.7797297329475583,0.7583345520255028,-0.0213951809220555,0.8077942567678429
Li2S_225,Li2S,chalcogenide,cubic,2,0.4727075759569514,0.4134053983795484,-0.05930217757740297,0.5434267942369534
Li2SbAu_216,Li2SbAu,intermetallic,cubic,3,0.4557790736747926,0.893939594829071,0.43816052115427845,0.9079360702427781
Li2SbPd_216,Li2SbPd,intermetallic,cubic,3,0.3107146894533737,0.8714643535988038,0.5607496641454301,0.8907998402171783
Li2SbPt_216,Li2SbPt,intermetallic,cubic,3,0.3445937456731593,0.7487105208937155,0.40411677522055617,0.8019653547682597
Li2Sb_189,Li2Sb,intermetallic,hexagonal,2,0.2489063991267931,0.5096925032281239,0.26078610410133074,0.6268535461417047
Li2Sb_190,Li2Sb,intermetallic,hexagonal,2,0.2489063991267931,0.5380787671792637,0.2891723680524706,0.6495296350017695
Li2Se_225,Li2Se,chalcogenide,cubic,2,0.4600209843034051,0.49773303377553463,0.03771204947212953,0.6156447330519917
Li2Si2O5_37,Li2Si2O5,oxide,monoclinic,3,0.7797297329475583,0.7567156950287227,-0.023014037918835606,0.8068549353379926
Li2SiO3_36,Li2SiO3,oxide,orthorhombic,3,0.7797297329475583,0.760486097871045,-0.019243635076513277,0.8092953473474769
Li2Sn2Au_141,Li2Sn2Au,intermetallic,tetragonal,3,0.4557790736747926,0.8903442469074797,0.4345651732326871,0.9053622209609307
Li2SnAu_216,Li2SnAu,intermetallic,cubic,3,0.4557790736747926,0.87693872919519,0.4211596555203974,0.8950982620751262
Li2SnN2_164,Li2SnN2,pnictide,trigonal,3,0.6538558596267213,0.4515409430446976,-0.20231491658202372,0.5729775517641901
Li2Te_225,Li2Te,chalcogenide,cubic,2,0.2691887057799962,0.709513713478725,0.44032500769872884,0.7780279661244424
Li2TiF6_136,Li2TiF6,halide,tetragonal,3,0.8946007754381357,0.8479601486556534,-0.046640626782482264,0.8724795108612406
Li2TiO3_15,Li2TiO3,oxide,monoclinic,3,0.7797297329475583,0.6872021433801969,-0.0925275895673614,0.75559583670029
Li2TlPd_225,Li2TlPd,intermetallic,cubic,3,0.3107146894533737,0.8229486321267214,0.5122339426733478,0.8548873695407514
Li2US3_12,Li2US3,chalcogenide,monoclinic,3,0.4727075759569514,0.8823124651582174,0.409604889201266,0.8993240848976106
Li2YTl_225,Li2YTl,intermetallic,cubic,3,0.0973315879190579,0.9077395577383249,0.810407969819267,0.9184730408175282
Li2ZnCl4_227,Li2ZnCl4,halide,cubic,3,0.6952001660642468,0.9840476094750871,0.28884744341084023,0.981655745001451
Li2ZnSn_225,Li2ZnSn,intermetallic,cubic,3,0.213450797786545,0.9957380051543484,0.7822872073678034,0.9940214147311557
Li2ZrN2_164,Li2ZrN2,pnictide,trigonal,3,0.6538558596267213,0.8594942109075828,0.2056383512808615,0.8810526832601132
Li2ZrO3_15,Li2ZrO3,oxide,monoclinic,3,0.7797297329475583,0.8380219252329811,0.05829219228542282,0.865175169392075
Li3Al2_166,Li3Al2,intermetallic,trigonal,2,0.0944610611608639,0.1939882897995947,0.0995272286387308,0.32246412903441823
Li3AlF6_15,Li3AlF6,halide,monoclinic,3,0.8946007754381357,0.8918523529936283,-0.002748422444507348,0.9052114203000476
Li3AlH6_148,Li3AlH6,hydride,trigonal,3,0.3107146894533737,0.13562999124778533,-0.1750846982055884,0.24683780536940833
Li3AlN2_206,Li3AlN2,pnictide,cubic,3,0.6538558596267213,0.4671728621243453,-0.18668299750237605,0.5865870167154688
Li3As_194,Li3As,pnictide,hexagonal,2,0.302323673928969,0.3822847520448877,0.07996107811591874,0.517149859074318
Li3AuS2_72,Li3AuS2,chalcogenide,orthorhombic,3,0.4727075759569514,0.8505223703180803,0.3778147943611289,0.8757217018263205
Li3Au_225,Li3Au,intermetallic,cubic,2,0.4557790736747926,0.9389027799051535,0.4831237062303609,0.9431175618139783
Li3B7O12_2,Li3B7O12,oxide,triclinic,3,0.7797297329475583,0.6450871784230479,-0.13464255452451046,0.7249269989995015
Li3BO3_14,Li3BO3,oxide,monoclinic,3,0.7797297329475583,0.7295731580693698,-0.050156574878188476,0.786760528882457
Li3Bi_225,Li3Bi,intermetallic,cubic,2,0.2369257963986639,0.7171882245967038,0.48026242819803994,0.7840072515316264
Li3Cd_139,Li3Cd,intermetallic,tetragonal,2,0.1184071933122512,0.9969597711745876,0.8785525778623363,0.9956336837297185
Li3CuO3_136,Li3CuO3,oxide,tetragonal,3,0.7797297329475583,0.9652123149082981,0.18548258196073975,0.9641237720243344
Li3Ga2_166,Li3Ga2,intermetallic,trigonal,2,0.1582102508344636,0.16547016654695632,0.007259915712492709,0.2869749652023132
Li3Hg_139,Li3Hg,intermetallic,tetragonal,2,0.2290255154998847,0.9833508019912095,0.7543252864913248,0.9813593344643362
Li3Hg_225,Li3Hg,intermetallic,cubic,2,0.2290255154998847,0.9943353213084661,0.7653098058085814,0.9926353896259007
Li3HoSb2_164,Li3HoSb2,intermetallic,monoclinic,3,0.2489063991267931,0.9994772178085699,0.7505708186817768,0.9989979549809824
Li3LaP2_164,Li3LaP2,pnictide,trigonal,3,0.3065145361435566,0.6946426432878816,0.388128107144325,0.7639874932050675
Li3N_191,Li3N,pnictide,hexagonal,2,0.6538558596267213,0.7180206994674585,0.06416483984073718,0.7810403996279436
Li3P7_19,Li3P7,pnictide,orthorhombic,2,0.3065145361435566,0.42028332548479747,0.11376878934124085,0.5493430009678028
Li3PO4_31,Li3PO4,oxide,orthorhombic,3,0.7797297329475583,0.7529584724809001,-0.02677126046665823,0.8036794111422559
Li3PS4_62,Li3PS4,chalcogenide,orthorhombic,3,0.4727075759569514,0.5190747364384505,0.04636716048149908,0.6315728403285248
Li3P_194,Li3P,pnictide,hexagonal,2,0.3065145361435566,0.2768000687978215,-0.02971446734573513,0.4140092699046757
Li3Pd_225,Li3Pd,intermetallic,cubic,2,0.3107146894533737,0.9772104296086884,0.6664957401553147,0.9756625130183533
Li3PrBi2_164,Li3PrBi2,intermetallic,monoclinic,3,0.2369257963986639,0.9672262755817737,0.7303004791831098,0.9667499237384413
Li3Sb_194,Li3Sb,intermetallic,hexagonal,2,0.2489063991267931,0.5941775425572503,0.3452711434304572,0.6931443568833122
Li3Tl_225,Li3Tl,intermetallic,cubic,2,0.0973315879190579,0.5262015017617399,0.42886991384268197,0.6409259491057254
Li3UO4_139,Li3UO4,oxide,monoclinic,3,0.7797297329475583,0.7914292200203411,0.011699487072782788,0.8313878594670494
Li3VS4_215,Li3VS4,chalcogenide,cubic,3,0.4727075759569514,0.7079758508939409,0.23526827493698949,0.774940931283514
Li3YN2_206,Li3YN2,pnictide,cubic,3,0.6538558596267213,0.8018169541472482,0.14796109452052686,0.839670783835279
Li4NCl_166,Li4NCl,halide,trigonal,3,0.6952001660642468,0.5643536420317362,-0.13084652403251062,0.6659260005283988
Li4SiO4_2,Li4SiO4,oxide,triclinic,3,0.7797297329475583,0.7438451839601068,-0.035884548987451526,0.7970949814932572
Li4TiO4_63,Li4TiO4,oxide,orthorhombic,3,0.7797297329475583,0.7649740686829867,-0.014755664264571644,0.812789891990498
Li4UO5_87,Li4UO5,oxide,tetragonal,3,0.7797297329475583,0.7955119225675783,0.015782189620019982,0.8342397673885621
Li5(NiN)3_189,Li5(NiN)3,pnictide,hexagonal,3,0.6538558596267213,0.9658834539355056,0.31202759430878424,0.9649042605688545
Li5AlO4_61,Li5AlO4,oxide,orthorhombic,3,0.7797297329475583,0.7765799040446566,-0.003149828902901719,0.8212342137568137
Li5Br2N_71,Li5Br2N,halide,orthorhombic,3,0.6538558596267213,0.724965001336596,0.0711091417098747,0.7868290391986754
Li5OsN4_59,Li5OsN4,pnictide,orthorhombic,3,0.6538558596267213,0.6141982130085698,-0.03965764661815152,0.7026777824743401
Li5ReN4_59,Li5ReN4,pnictide,orthorhombic,3,0.6538558596267213,0.5790591895037415,-0.07479667012297986,0.6760093914903184
Li5SbO5_12,Li5SbO5,oxide,monoclinic,3,0.7797297329475583,0.7509205805105988,-0.028809152436959473,0.8020798559043785
Li5SiP3_9,Li5SiP3,pnictide,monoclinic,3,0.3065145361435566,0.34666498896799425,0.04015045282443763,0.4831156450203905
Li5Sn2_166,Li5Sn2,intermetallic,trigonal,2,0.213450797786545,0.5519303618965212,0.33847956410997626,0.6608757927177603
Li5TaO5_12,Li5TaO5,oxide,monoclinic,3,0.7797297329475583,0.7573342608210802,-0.022395472126478078,0.8068064325635567
Li5Tl2_166,Li5Tl2,intermetallic,trigonal,2,0.0973315879190579,0.5020341143303056,0.40470252641124776,0.62141282348764
Li6CrN4_137,Li6CrN4,pnictide,tetragonal,3,0.6538558596267213,0.5731129380572965,-0.08074292156942486,0.6710486848000314
Li6FeN4_137,Li6FeN4,pnictide,tetragonal,3,0.6538558596267213,0.7205530445090462,0.0666971848823249,0.7804774717605018
Li6IrN4_137,Li6IrN4,pnictide,tetragonal,3,0.6538558596267213,0.6095864901427123,-0.04426936948400906,0.6989812841210583
Li6MnS4_137,Li6MnS4,chalcogenide,tetragonal,3,0.4727075759569514,0.7105881740045636,0.23788059804761225,0.7753956390462416
Li6MoN4_137,Li6MoN4,pnictide,tetragonal,3,0.6538558596267213,0.5275913639912935,-0.12626449563542785,0.635737526262702
Li6OsN4_137,Li6OsN4,pnictide,tetragonal,3,0.6538558596267213,0.5663442480133051,-0.08751161161341625,0.6659715863362348
Li6WN4_137,Li6WN4,pnictide,tetragonal,3,0.6538558596267213,0.5285374144149343,-0.12531844521178703,0.6365541353285383
Li7NbN4_205,Li7NbN4,pnictide,cubic,3,0.6538558596267213,0.7035337965992376,0.04967793697251632,0.7682158639664244
Li7SbN4_218,Li7SbN4,pnictide,cubic,3,0.6538558596267213,0.4914751883411926,-0.16238067128552874,0.6067001382999536
Li7Si2_55,Li7Si2,intermetallic,orthorhombic,2,0.1907116518286679,0.3045461186726416,0.11383446684397369,0.4432117993993747
Li7Sn2_65,Li7Sn2,intermetallic,orthorhombic,2,0.213450797786545,0.6461296705622009,0.432678872775656,0.7324716685420948
Li7Sn3_11,Li7Sn3,intermetallic,monoclinic,2,0.213450797786545,0.5490802207253555,0.3356294229388105,0.6586123534044522
Li7TaN4_205,Li7TaN4,pnictide,cubic,3,0.6538558596267213,0.5084054856079194,-0.1454503740188019,0.6205183995277191
Li7VN4_205,Li7VN4,pnictide,cubic,3,0.6538558596267213,0.5013911152104875,-0.1524647444162338,0.6145155875476199
Li8SiO6_185,Li8SiO6,oxide,hexagonal,3,0.7797297329475583,0.7536900495871357,-0.026039683360422616,0.8043885660647963
Li9Al4_12,Li9Al4,intermetallic,triclinic,2,0.0944610611608639,0.2247674377920721,0.1303063766312082,0.35848798366405527
Li9Ge4_194,Li9Ge4,intermetallic,orthorhombic,2,0.2329666519444445,0.3594131492449813,0.1264464973005368,0.49641699020467567
LiAc2Ge_225,LiAc2Ge,intermetallic,cubic,3,0.2329666519444445,0.8156656199794425,0.5826989680349981,0.8521160281619022
LiAc2Si_225,LiAc2Si,intermetallic,cubic,3,0.1907116518286679,0.7817595757610282,0.5910479239323603,0.8276482308189839
LiAcTl2_225,LiAcTl2,intermetallic,cubic,3,0.0973315879190579,0.8254849058540108,0.7281533179349529,0.8592346645105418
LiAg2Ge_225,LiAg2Ge,intermetallic,cubic,3,0.2329666519444445,0.9267094798457248,0.6937428279012803,0.9324989440537599
LiAg2Sn_225,LiAg2Sn,intermetallic,cubic,3,0.213450797786545,0.9507036871136878,0.7372528893271428,0.9520131881092817
LiAg3O2_72,LiAg3O2,oxide,orthorhombic,3,0.7797297329475583,0.8293700794849754,0.04964034653741711,0.8596085005458406
LiAg3_139,LiAg3,intermetallic,tetragonal,2,0.2019826979496352,0.9304082347934809,0.7284255368438457,0.9355932812288886
LiAg_221,LiAg,intermetallic,cubic,2,0.2019826979496352,0.9597635113728027,0.7577808134231675,0.9597678991103328
LiAl2Ir_225,LiAl2Ir,intermetallic,cubic,3,0.3107146894533737,0.43154579444128305,0.12083110498790933,0.5564604509872961
LiAl2Ni_225,LiAl2Ni,intermetallic,cubic,3,0.1944459681757966,0.930792160891814,0.7363461927160174,0.9353214848956838
LiAl2Pd_225,LiAl2Pd,intermetallic,cubic,3,0.3107146894533737,0.7515781528990735,0.44086346344569977,0.8028592334193022
LiAl2Pt_225,LiAl2Pt,intermetallic,cubic,3,0.3445937456731593,0.5784428164614328,0.2338490707882735,0.6750640205978954
LiAl2Rh_225,LiAl2Rh,intermetallic,cubic,3,0.3445937456731593,0.5852512859997588,0.24065754032659953,0.6801363612634836
LiAl3_221,LiAl3,intermetallic,cubic,2,0.0944610611608639,0.11974001798522918,0.025278956824365276,0.2254870954627341
LiAl5O8_212,LiAl5O8,oxide,cubic,3,0.7797297329475583,0.6910520607272396,-0.08867767222031875,0.7588029225795685
LiAlAg2_225,LiAlAg2,intermetallic,cubic,3,0.2019826979496352,0.9204631636226155,0.7184804656729803,0.9274851287188404
LiAlAu2_225,LiAlAu2,intermetallic,cubic,3,0.4557790736747926,0.798345521201433,0.3425664475266404,0.836866234840805
LiAlCu2_225,LiAlCu2,intermetallic,cubic,3,0.1907116518286679,0.9862905593496847,0.7955789075210168,0.9836864928867926
LiAlGe_216,LiAlGe,intermetallic,cubic,3,0.2329666519444445,0.17688307622543623,-0.056083575719008266,0.3012121698124464
LiAlO2_166,LiAlO2,oxide,trigonal,3,0.7797297329475583,0.7012820365995941,-0.07844769634796422,0.7658445001389543
LiAlRh2_225,LiAlRh2,intermetallic,cubic,3,0.3445937456731593,0.5895576713143459,0.24496392564118658,0.683028724946349
LiAlSi_216,LiAlSi,intermetallic,cubic,3,0.1907116518286679,0.16801617882671566,-0.022695473001952238,0.2900076754730439
LiAlTe2_122,LiAlTe2,chalcogenide,tetragonal,3,0.2691887057799962,0.515531773499868,0.2463430677198718,0.6311054235596341
LiAl_227,LiAl,intermetallic,tetragonal,2,0.0944610611608639,0.16283789266519452,0.06837683150433062,0.28375162269383514
LiAsRh2_225,LiAsRh2,pnictide,cubic,3,0.3445937456731593,0.5582741541110013,0.21368040843784203,0.6589981430192923
LiAu3_221,LiAu3,intermetallic,cubic,2,0.4557790736747926,0.8321166867273113,0.3763376130525187,0.8616817923413171
LiAuI4_14,LiAuI4,halide,monoclinic,3,0.5061878019666539,0.9544127976812891,0.44822499571463514,0.9559414402564872
LiB6C_38,LiB6C,boride/carbide,orthorhombic,3,0.4600209843034051,0.17071785364816916,-0.28930313065523594,0.2916167992946983
LiBC_194,LiBC,boride/carbide,hexagonal,3,0.4600209843034051,0.22943600676011222,-0.23058497754329288,0.360320781034258
LiBF4_152,LiBF4,halide,trigonal,3,0.8946007754381357,0.8355472405323677,-0.059053534905767924,0.8636751454839877
LiBIr_70,LiBIr,boride/carbide,orthorhombic,3,0.3107146894533737,0.5497305408745008,0.23901585142112708,0.6528199331492087
LiB_194,LiB,boride/carbide,hexagonal,2,0.2448961579109765,0.203651260689749,-0.04124489722122748,0.3318171458806613
LiBe2Ir_225,LiBe2Ir,intermetallic,cubic,3,0.3107146894533737,0.30586637148269563,-0.004848317970678084,0.440228236296056
LiBeAs_129,LiBeAs,pnictide,tetragonal,3,0.302323673928969,0.19346455049289865,-0.10885912343607032,0.3204931057526204
LiBeN_14,LiBeN,pnictide,monoclinic,3,0.6538558596267213,0.4214484155143022,-0.23240744411241915,0.5474781754467919
LiBePd2_225,LiBePd2,intermetallic,trigonal,3,0.3107146894533737,0.7246683024535827,0.413953613000209,0.7828162085688943
LiBePt2_225,LiBePt2,intermetallic,cubic,3,0.3445937456731593,0.505219294608395,0.16062554893523567,0.6167771111219633
LiBeSb_186,LiBeSb,intermetallic,hexagonal,3,0.2489063991267931,0.18026967006404268,-0.06863672906275042,0.30550249848586575
LiBiF4_88,LiBiF4,halide,triclinic,3,0.8946007754381357,0.8684736663096669,-0.026127109128468717,0.887596219477685
LiBiPd2_225,LiBiPd2,intermetallic,cubic,3,0.3107146894533737,0.8851671958063546,0.5744525063529808,0.9007735220020632
LiBr_186,LiBr,halide,hexagonal,2,0.6247264303819926,0.7590031275343495,0.1342766971523569,0.8123412638615871
LiC12_191,LiC12,boride/carbide,hexagonal,2,0.4600209843034051,0.22657344978539068,-0.23344753451801442,0.3576321479575506
LiC_71,LiC,boride/carbide,orthorhombic,2,0.4600209843034051,0.4179605332367852,-0.042060451066619875,0.5456215302180351
LiCa2Al_225,LiCa2Al,intermetallic,cubic,3,0.0944610611608639,0.8983918776651476,0.8039308165042837,0.9115313559986766
LiCa2Cd_225,LiCa2Cd,intermetallic,cubic,3,0.1184071933122512,0.978429107343151,0.8600219140308998,0.976538917671192
LiCa2In_225,LiCa2In,intermetallic,cubic,3,0.1478562110337886,0.925350510241975,0.7774942992081864,0.9323584357401344
LiCa2Tl_225,LiCa2Tl,intermetallic,cubic,3,0.0973315879190579,0.9184526026116862,0.8211210146926282,0.9269630949685566
LiCaAlF6_163,LiCaAlF6,halide,trigonal,4,0.8946007754381357,0.7880828179720956,-0.10651795746604009,0.8291327854219022
LiCaN_62,LiCaN,pnictide,orthorhombic,3,0.6538558596267213,0.7280108052475827,0.07415494562086133,0.7869222846324587
LiCaPb_187,LiCaPb,intermetallic,hexagonal,3,0.3659484381419324,0.9317346192069641,0.5657861810650318,0.9375779878927339
LiCaSi2_62,LiCaSi2,intermetallic,orthorhombic,3,0.1907116518286679,0.7718445155002078,0.5811328636715399,0.8189218154007901
LiCaSn_187,LiCaSn,intermetallic,trigonal,3,0.213450797786545,0.9389375210798211,0.7254867232932761,0.9433276045457037
LiCd2Au_225,LiCd2Au,intermetallic,cubic,3,0.4557790736747926,0.9688750132973288,0.5130959396225363,0.9677324986611922
LiCd2Pd_225,LiCd2Pd,intermetallic,cubic,3,0.3107146894533737,0.9659048524790155,0.6551901630256418,0.9651106452867355
LiCd2Pt_225,LiCd2Pt,intermetallic,cubic,3,0.3445937456731593,0.9595676424960519,0.6149738968228926,0.9595862970784322
LiCdAs_216,LiCdAs,pnictide,cubic,3,0.302323673928969,0.9808601094003282,0.6785364354713592,0.9786705936350798
LiCdPd2_225,LiCdPd2,intermetallic,cubic,3,0.3107146894533737,0.9214004637315734,0.6106857742781997,0.928431203316558
LiCd_227,LiCd,intermetallic,cubic,2,0.1184071933122512,0.9991410850329724,0.8807338917207211,0.9985149606807698
LiClO4_62,LiClO4,halide,orthorhombic,3,0.7797297329475583,0.6444054569083255,-0.1353242760392328,0.7244799848957022
LiCo2Ge_225,LiCo2Ge,intermetallic,cubic,3,0.2329666519444445,0.8327337657846461,0.5997671138402016,0.8610744713109164
LiCo2Si_225,LiCo2Si,intermetallic,cubic,3,0.1907116518286679,0.8205534839152652,0.6298418320865973,0.8521790580555219
LiCoAs_129,LiCoAs,pnictide,tetragonal,3,0.302323673928969,0.9625790172546359,0.6602553433256669,0.9618550697332019
LiCrS2_164,LiCrS2,chalcogenide,trigonal,3,0.4727075759569514,0.5717809154625354,0.099073339505584,0.6710196359976008
LiCu2Ge_225,LiCu2Ge,intermetallic,cubic,3,0.2329666519444445,0.9855772969004839,0.7526106449560395,0.9829724754822668
LiCu3_139,LiCu3,intermetallic,tetragonal,2,0.1907116518286679,0.976248659429346,0.7855370076006781,0.9740100680747503
LiCuO2_12,LiCuO2,oxide,monoclinic,3,0.7797297329475583,0.963200629395735,0.1834708964481767,0.96228470794727
LiCuO_139,LiCuO,oxide,tetragonal,3,0.7797297329475583,0.98243619163467,0.20270645868711168,0.9800074209293493
LiCuPd2_225,LiCuPd2,intermetallic,cubic,3,0.3107146894533737,0.9451451784873596,0.6344304890339858,0.9470919116195536
LiDyS2_166,LiDyS2,chalcogenide,trigonal,3,0.4727075759569514,0.9993318640631655,0.5266242881062142,0.9987633186919891
LiDySe2_166,LiDySe2,chalcogenide,trigonal,3,0.4600209843034051,0.9995998160332434,0.5395788317298383,0.9992030204636115
LiErGe_189,LiErGe,intermetallic,hexagonal,3,0.2329666519444445,0.9999741471135414,0.7670074951690968,0.999922100705761
LiErS2_166,LiErS2,chalcogenide,trigonal,3,0.4727075759569514,0.9999489523900714,0.5272413764331201,0.9998613949149124
LiErTl2_225,LiErTl2,intermetallic,cubic,3,0.0973315879190579,0.9999488821497834,0.9026172942307255,0.9998612552214333
LiEuH3_221,LiEuH3,hydride,cubic,3,0.3107146894533737,0.9559539233227851,0.6452392338694113,0.9560494276746698
LiF_225,LiF,halide,cubic,2,0.8946007754381357,0.8956479099036365,0.0010471344655008652,0.9079691943273102
LiFeAs_129,LiFeAs,pnictide,tetragonal,3,0.302323673928969,0.9446412399447108,0.6423175660157419,0.9468592245465558
LiFeP_129,LiFeP,pnictide,tetragonal,3,0.3065145361435566,0.914583416076922,0.6080688799333653,0.9227360097177408
LiFeRh2_225,LiFeRh2,intermetallic,orthorhombic,3,0.3445937456731593,0.6440092895021622,0.2994155438290029,0.7241197267087353
LiGa2Ir_225,LiGa2Ir,intermetallic,cubic,3,0.3107146894533737,0.4212303842462438,0.1105156947928701,0.5474811307022559
LiGa2Pd_225,LiGa2Pd,intermetallic,cubic,3,0.3107146894533737,0.7544433345208934,0.4437286450675197,0.8049530987341601
LiGa2Pt_225,LiGa2Pt,intermetallic,cubic,3,0.3445937456731593,0.5766129085878903,0.23201916291473096,0.673628317675014
LiGa2Rh_225,LiGa2Rh,intermetallic,cubic,3,0.3445937456731593,0.5735702660148395,0.2289765203416802,0.6711004711054579
LiGaAg2_225,LiGaAg2,intermetallic,cubic,3,0.2019826979496352,0.9212659155730979,0.7192832176234627,0.9281236216928398
LiGaAu2_225,LiGaAu2,intermetallic,cubic,3,0.4557790736747926,0.7996301472575797,0.34385107358278716,0.8377883624053867
LiGaCu2_225,LiGaCu2,intermetallic,cubic,3,0.1907116518286679,0.9861982612632183,0.7954866094345504,0.9835931109975792
LiGaRh2_225,LiGaRh2,intermetallic,cubic,3,0.3445937456731593,0.5935511609277477,0.24895741525458842,0.6861041238478528
LiGaSe2_33,LiGaSe2,chalcogenide,orthorhombic,3,0.4600209843034051,0.4110544008201887,-0.04896658348321642,0.5421001723666647
LiGaTe2_122,LiGaTe2,chalcogenide,tetragonal,3,0.2691887057799962,0.49500870808407693,0.22582000230408072,0.6144901680094356
LiGa_227,LiGa,intermetallic,cubic,2,0.1582102508344636,0.13872236084465658,-0.019487889989807022,0.2517579498853476
LiGe2N3_36,LiGe2N3,pnictide,orthorhombic,3,0.6538558596267213,0.45247568553617296,-0.20138017409054837,0.5741560179145433
LiGeAu2_225,LiGeAu2,intermetallic,cubic,3,0.4557790736747926,0.8155381711651111,0.3597590974903185,0.8495045770883762
LiGeIr2_225,LiGeIr2,intermetallic,cubic,3,0.3107146894533737,0.38920089265933144,0.07848620320595773,0.5189022303196366
LiGePd2_225,LiGePd2,intermetallic,cubic,3,0.3107146894533737,0.7863462972908496,0.4756316078374759,0.8278646431654335
LiGeRh2_225,LiGeRh2,intermetallic,cubic,3,0.3445937456731593,0.5672983130201115,0.22270456734695215,0.6659310741256912
LiGe_88,LiGe,intermetallic,tetragonal,2,0.2329666519444445,0.27587756309115263,0.04291091114670814,0.4134510520458326
LiH2N_82,LiH2N,pnictide,tetragonal,3,0.6538558596267213,0.32460763784986824,-0.3292482217768531,0.4591180673076032
LiHO_129,LiHO,oxide,orthorhombic,3,0.7797297329475583,0.6158455959677713,-0.163884136979787,0.7031641539160415
LiHPd_123,LiHPd,hydride,tetragonal,3,0.3107146894533737,0.7768308143290011,0.4661161248756274,0.8211322942490135
LiHS_26,LiHS,chalcogenide,orthorhombic,3,0.4727075759569514,0.4077210783069111,-0.06498649765004028,0.5386145296629101
LiH_225,LiH,hydride,cubic,2,0.3107146894533737,0.1270704775497304,-0.18364421190364333,0.23508058335501833
LiHf2Os_225,LiHf2Os,intermetallic,cubic,3,0.3107146894533737,0.6882897860145825,0.37757509656120875,0.7602434140372056
LiHf2Re_225,LiHf2Re,intermetallic,cubic,3,0.1907116518286679,0.60425175642574,0.41354010459707213,0.6986464181138533
LiHfIr2_225,LiHfIr2,intermetallic,cubic,3,0.3107146894533737,0.5641113971017493,0.2533967076483756,0.6649708822425088
LiHfPt2_225,LiHfPt2,intermetallic,cubic,3,0.3445937456731593,0.7584112420075544,0.4138174963343951,0.8088147055819618
LiHfRh2_225,LiHfRh2,intermetallic,cubic,3,0.3445937456731593,0.7468853400105553,0.402291594337396,0.8003066847635526
LiHg2Pd_225,LiHg2Pd,intermetallic,cubic,3,0.3107146894533737,0.9006869332733086,0.5899722438199348,0.9126752672246314
LiHgPd2_225,LiHgPd2,intermetallic,cubic,3,0.3107146894533737,0.8647960069041113,0.5540813174507375,0.88559318272185
LiHg_221,LiHg,intermetallic,cubic,2,0.2290255154998847,0.97382173423015,0.7447962187302652,0.9723215929866167
LiHoGe_189,LiHoGe,intermetallic,hexagonal,3,0.2329666519444445,0.9998441680056867,0.7668775160612422,0.9996415895564877
LiHoSe2_166,LiHoSe2,chalcogenide,trigonal,3,0.4600209843034051,0.9997936518474634,0.5397726675440583,0.9995460403144684
LiHoTl2_225,LiHoTl2,intermetallic,cubic,3,0.0973315879190579,0.9996701625298052,0.9023385746107473,0.9993219338692999
LiI_186,LiI,halide,hexagonal,2,0.5061878019666539,0.8704327289900751,0.36424492702342115,0.8932934556691684
LiIn(IO3)4_2,LiIn(IO3)4,halide,triclinic,4,0.7797297329475583,0.6692899982766425,-0.11043973467091583,0.7434094700402625
LiIn2Ir_225,LiIn2Ir,intermetallic,cubic,3,0.3107146894533737,0.5916562723848342,0.2809415829314605,0.6862218397999197
LiIn2Pd_225,LiIn2Pd,intermetallic,cubic,3,0.3107146894533737,0.8520843292497509,0.5413696397963772,0.8762711795716724
LiIn2Pt_225,LiIn2Pt,intermetallic,cubic,3,0.3445937456731593,0.7297969406964314,0.3852031950232721,0.7880437696719393
LiIn2Rh_225,LiIn2Rh,intermetallic,cubic,3,0.3445937456731593,0.7233642582659439,0.37877051259278455,0.7832269064630114
LiInAg2_225,LiInAg2,intermetallic,cubic,3,0.2019826979496352,0.947796977619083,0.7458142796694478,0.9495616960275529
LiInAu2_225,LiInAu2,intermetallic,cubic,3,0.4557790736747926,0.8646521200356874,0.4088730463608948,0.8855271011443778
LiInGe_216,LiInGe,intermetallic,cubic,3,0.2329666519444445,0.275112131406204,0.042145479461759505,0.41310444820328884
LiInTe2_122,LiInTe2,chalcogenide,tetragonal,3,0.2691887057799962,0.5685070741026774,0.2993183683226812,0.6730038307389614
LiIn_227,LiIn,intermetallic,cubic,2,0.1478562110337886,0.3275600393890888,0.1797038283553002,0.4668831994039969
LiIr3_44,LiIr3,intermetallic,triclinic,2,0.3107146894533737,0.4991124396389165,0.18839775018554278,0.6124273814762011
LiIr_187,LiIr,intermetallic,hexagonal,2,0.3107146894533737,0.6814807823368358,0.37076609288346213,0.7521455609036397
LiLaHg2_225,LiLaHg2,intermetallic,cubic,3,0.2290255154998847,0.9727842432949811,0.7437587277950964,0.971529895317392
LiLuHg2_225,LiLuHg2,intermetallic,cubic,3,0.2290255154998847,0.9999490052334798,0.7709234897335951,0.99986226850109
LiLuO2_141,LiLuO2,oxide,tetragonal,3,0.7797297329475583,0.9998101359338697,0.22008040298631137,0.9995720268687903
LiMg2Ag_225,LiMg2Ag,intermetallic,cubic,3,0.2019826979496352,0.9359200765690698,0.7339373786194346,0.9400474906048827
LiMg2Hg_225,LiMg2Hg,intermetallic,cubic,3,0.2290255154998847,0.9296045026837246,0.7005789871838399,0.9352234382692381
LiMg2Pd_225,LiMg2Pd,intermetallic,cubic,3,0.3107146894533737,0.8699698034328778,0.5592551139795041,0.8896201792586859
LiMg2Pt_225,LiMg2Pt,intermetallic,monoclinic,3,0.3445937456731593,0.819298805452292,0.47470505977913263,0.8532968576980682
LiMg2Rh_225,LiMg2Rh,intermetallic,cubic,3,0.3445937456731593,0.751833967524343,0.40724022185118364,0.8040394764454455
LiMg2Zn_225,LiMg2Zn,intermetallic,cubic,3,0.1061568798287821,0.9947538822265327,0.8885970023977506,0.9928392506273758
LiMg2_139,LiMg2,intermetallic,monoclinic,2,0.0268577401186475,0.16797127414079913,0.14111353402215163,0.2908701915967181
LiMgAs_216,LiMgAs,pnictide,cubic,3,0.302323673928969,0.45751872706300395,0.15519505313403498,0.5830920027892335
LiMgAu2_225,LiMgAu2,intermetallic,cubic,3,0.4557790736747926,0.9049762480764795,0.4491971744016869,0.9161572935747847
LiMgBi_216,LiMgBi,intermetallic,cubic,3,0.2369257963986639,0.5872042032945181,0.35027840689585416,0.6877850270196882
LiMgN_216,LiMgN,pnictide,cubic,3,0.6538558596267213,0.6196985316593857,-0.034157327967335616,0.7078588826686578
LiMgP_216,LiMgP,pnictide,cubic,3,0.3065145361435566,0.386592092348542,0.08007755620498541,0.5206576931379064
LiMgPd2_225,LiMgPd2,intermetallic,cubic,3,0.3107146894533737,0.9017899761725557,0.591075286719182,0.913519358283508
LiMgSnPd_216,LiMgSnPd,intermetallic,cubic,4,0.3107146894533737,0.8849537089164969,0.5742390194631233,0.9009142787232925
LiMgSnPt_216,LiMgSnPt,intermetallic,cubic,4,0.3445937456731593,0.777927086339074,0.4333333406659147,0.8231941595536413
LiMgTl2_225,LiMgTl2,intermetallic,cubic,3,0.0973315879190579,0.3382976461352662,0.2409660582162083,0.4773496408227674
LiMnPd2_225,LiMnPd2,intermetallic,cubic,3,0.3107146894533737,0.7667627429393256,0.45604805348595184,0.8142591202124478
LiMnPt2_225,LiMnPt2,intermetallic,monoclinic,3,0.3445937456731593,0.6038241662817916,0.2592304206086323,0.6945361984427275
LiN3_12,LiN3,pnictide,monoclinic,2,0.6538558596267213,0.611757377371054,-0.04209848225566737,0.7003806568755325
LiNO3_167,LiNO3,oxide,trigonal,3,0.7797297329475583,0.6635874244131291,-0.1161423085344292,0.7383996312668754
LiNbIr2_225,LiNbIr2,intermetallic,cubic,3,0.3107146894533737,0.6543354612430656,0.3436207717896919,0.7323970798006637
LiNbN2_62,LiNbN2,pnictide,orthorhombic,3,0.6538558596267213,0.7312718892035439,0.07741602957682259,0.7883449723066048
LiNbO2_194,LiNbO2,oxide,hexagonal,3,0.7797297329475583,0.8048786052258664,0.025148872278308088,0.8410259797815176
LiNbO3_161,LiNbO3,oxide,triclinic,3,0.7797297329475583,0.6825723951628178,-0.09715733778474056,0.7524493415842588
LiNbRh2_225,LiNbRh2,intermetallic,cubic,3,0.3445937456731593,0.7159990790950731,0.3714053334219138,0.7775781880476595
LiNbS2_194,LiNbS2,chalcogenide,hexagonal,3,0.4727075759569514,0.8835232234077488,0.4108156474507974,0.8995008158926154
LiNdGe_189,LiNdGe,intermetallic,hexagonal,3,0.2329666519444445,0.9796440878708425,0.7466774359263979,0.9776263320487673
LiNdHg2_225,LiNdHg2,intermetallic,cubic,3,0.2290255154998847,0.9790151973197826,0.7499896818198979,0.9771449066643484
LiNi2Ge_225,LiNi2Ge,intermetallic,cubic,3,0.2329666519444445,0.949704855588375,0.7167382036439305,0.9507081819557344
LiNi2Sn_225,LiNi2Sn,intermetallic,cubic,3,0.213450797786545,0.9669620357781106,0.7535112379915656,0.9655978423648738
LiPN2_122,LiPN2,pnictide,tetragonal,3,0.6538558596267213,0.46442637788034646,-0.18942948174637486,0.5836992220487086
LiP_14,LiP,pnictide,monoclinic,2,0.3065145361435566,0.31382752838613676,0.007312992242580141,0.4508375887035505
LiPd3_221,LiPd3,intermetallic,tetragonal,2,0.3107146894533737,0.7957771532332275,0.4850624637798538,0.834895890927629
LiPd_187,LiPd,intermetallic,hexagonal,2,0.3107146894533737,0.9253132019420981,0.6145985124887243,0.9314799828047515
LiPd_221,LiPd,intermetallic,cubic,2,0.3107146894533737,0.851871582470398,0.5411568930170243,0.8758574005712123
LiPm2Ga_225,LiPm2Ga,intermetallic,cubic,3,0.1582102508344636,0.9893435054206844,0.8311332545862208,0.9870335337169738
LiPm2Ge_225,LiPm2Ge,intermetallic,cubic,3,0.2329666519444445,0.9878697129179236,0.754903060973479,0.9855277371776552
LiPm2Ir_225,LiPm2Ir,intermetallic,cubic,3,0.3107146894533737,0.9838246817301906,0.6731099922768169,0.9816079387580887
LiPm2Os_225,LiPm2Os,intermetallic,cubic,3,0.3107146894533737,0.9869067924452479,0.6761921029918743,0.9846554912483367
LiPm2Pt_225,LiPm2Pt,intermetallic,cubic,3,0.3445937456731593,0.9846976434371574,0.6401038977639981,0.9824692780162608
LiPm2Ru_225,LiPm2Ru,intermetallic,cubic,3,0.3107146894533737,0.9850784329104205,0.6743637434570469,0.9828452159136147
LiPm2Si_225,LiPm2Si,intermetallic,cubic,3,0.1907116518286679,0.9852483649819811,0.7945367131533132,0.982876914908194
LiPmHg2_225,LiPmHg2,intermetallic,cubic,3,0.2290255154998847,0.984336266152947,0.7553107506530623,0.9821484783771796
LiPrGe_189,LiPrGe,intermetallic,hexagonal,3,0.2329666519444445,0.9577527586294148,0.7247861066849703,0.9584567000584537
LiPt2_227,LiPt2,intermetallic,cubic,2,0.3445937456731593,0.8890471287939051,0.5444533831207459,0.9038683678394809
LiPt3_221,LiPt3,intermetallic,cubic,2,0.3445937456731593,0.6086446937092779,0.26405094803611856,0.6979388165309687
LiPt7_225,LiPt7,intermetallic,cubic,2,0.3445937456731593,0.5154101684782397,0.17081642280508041,0.625960403463597
LiPt_187,LiPt,intermetallic,hexagonal,2,0.3445937456731593,0.8024828873030029,0.45788914162984357,0.8398810026959079
LiRh2Pb_225,LiRh2Pb,intermetallic,cubic,3,0.3659484381419324,0.7176231518163535,0.3516747136744211,0.7787227342605759
LiRhO2_166,LiRhO2,oxide,trigonal,3,0.7797297329475583,0.7264535507377272,-0.0532761822098311,0.7841757347132133
LiRh_187,LiRh,intermetallic,hexagonal,2,0.3445937456731593,0.8348649797767427,0.49027123410358336,0.8634072391154088
LiRu2W_225,LiRu2W,intermetallic,cubic,3,0.3787986409945492,0.4091856278327164,0.030386986838167207,0.5373502791231304
LiRuN_62,LiRuN,pnictide,orthorhombic,3,0.6538558596267213,0.6923103968770844,0.038454537250363074,0.7601820699936789
LiSbAu_216,LiSbAu,intermetallic,cubic,3,0.4557790736747926,0.9127346129818288,0.4569555393070362,0.9222055597448384
LiSbPd2_225,LiSbPd2,intermetallic,cubic,3,0.3107146894533737,0.8598664023759991,0.5491517129226253,0.88181507425906
LiSc2Ir_225,LiSc2Ir,intermetallic,cubic,3,0.3107146894533737,0.8598928875662504,0.5491781981128767,0.8839709869569207
LiSc2Os_225,LiSc2Os,intermetallic,cubic,3,0.3107146894533737,0.8394592284022095,0.5287445389488359,0.869671343672939
LiSc2Pt_225,LiSc2Pt,intermetallic,cubic,3,0.3445937456731593,0.9312522733898994,0.58665852771674,0.937448916070025
LiSc2Rh_225,LiSc2Rh,intermetallic,cubic,3,0.3445937456731593,0.9247183500710681,0.5801246043979087,0.9322611667615825
LiSc2Ru_225,LiSc2Ru,intermetallic,cubic,3,0.3107146894533737,0.854473913646169,0.5437592241927953,0.880071903328626
LiSc2Tc_225,LiSc2Tc,intermetallic,cubic,3,0.1907116518286679,0.8922064228049585,0.7014947709762906,0.9084972785725008
LiScAs2O7_5,LiScAs2O7,oxide,monoclinic,4,0.7797297329475583,0.6894759925980986,-0.09025374034945977,0.7579327908458525
LiScAu2_225,LiScAu2,intermetallic,cubic,3,0.4557790736747926,0.9020342698264395,0.44625519615164694,0.9139670213371883
LiScHg2_225,LiScHg2,intermetallic,cubic,3,0.2290255154998847,0.9682289290922599,0.7392034135923752,0.9673511753422989
LiScO2_141,LiScO2,oxide,tetragonal,3,0.7797297329475583,0.7205234594352706,-0.05920627351228769,0.7801243073980052
LiScS2_166,LiScS2,chalcogenide,trigonal,3,0.4727075759569514,0.45615851140246333,-0.01654906455448807,0.5803367782967653
LiScSiO4_62,LiScSiO4,oxide,orthorhombic,4,0.7797297329475583,0.7297697858256057,-0.04995994712195262,0.7871351135885357
LiScTl2_225,LiScTl2,intermetallic,cubic,3,0.0973315879190579,0.40169877837981754,0.30436719046075966,0.5357189534352321
LiSi2N3_36,LiSi2N3,pnictide,orthorhombic,3,0.6538558596267213,0.4539922867606049,-0.19986357286611645,0.5752326581788499
LiSiCu2_225,LiSiCu2,intermetallic,cubic,3,0.1907116518286679,0.9842613688367655,0.7935497170080976,0.9816529518811256
LiSiIr2_225,LiSiIr2,intermetallic,cubic,3,0.3107146894533737,0.3550740047229264,0.04435931526955267,0.4875651476744548
LiSiNi2_225,LiSiNi2,intermetallic,cubic,3,0.1944459681757966,0.9446690144040968,0.7502230462283002,0.9465218476232091
LiSiPd2_225,LiSiPd2,intermetallic,cubic,3,0.3107146894533737,0.7501937266089518,0.43947903715557807,0.8015179213125555
LiSiRh2_225,LiSiRh2,intermetallic,cubic,3,0.3445937456731593,0.5304404582037109,0.18584671253055157,0.6369320794452629
LiSi_88,LiSi,intermetallic,tetragonal,2,0.1907116518286679,0.20301269711103265,0.012301045282364753,0.3323283432986624
LiSm2Os_225,LiSm2Os,intermetallic,cubic,3,0.3107146894533737,0.9930794122531825,0.6823647227998089,0.9910578875442752
LiSmSe2_141,LiSmSe2,chalcogenide,triclinic,3,0.4600209843034051,0.9919851903587616,0.5319642060553565,0.9898466144004302
LiSmTl2_225,LiSmTl2,intermetallic,cubic,3,0.0973315879190579,0.9911916282353462,0.8938600403162883,0.9889634693442713
LiSn2N3_36,LiSn2N3,pnictide,orthorhombic,3,0.6538558596267213,0.5543626726928159,-0.09949318693390541,0.6571621237415027
LiSn4Au3_186,LiSn4Au3,intermetallic,hexagonal,3,0.4557790736747926,0.9123535228653422,0.4565744491905496,0.9217380448342372
LiSn4Ir_140,LiSn4Ir,intermetallic,tetragonal,3,0.3107146894533737,0.6549641321818146,0.3442494427284409,0.7345360983105865
LiSn4Rh_140,LiSn4Rh,intermetallic,tetragonal,3,0.3445937456731593,0.7546434896650156,0.4100497439918563,0.8065738699487197
LiSn4Ru_140,LiSn4Ru,intermetallic,tetragonal,3,0.3107146894533737,0.6363133887107845,0.32559869925741075,0.7208024249405095
LiSnAu_194,LiSnAu,intermetallic,hexagonal,3,0.4557790736747926,0.9087751094396689,0.4529960357648763,0.9190748732956739
LiSnPd2_225,LiSnPd2,intermetallic,cubic,3,0.3107146894533737,0.8554400119393754,0.5447253224860016,0.8784593855079506
LiSnRh2_225,LiSnRh2,intermetallic,cubic,3,0.3445937456731593,0.6832732371688355,0.33867949149567617,0.7534678377656698
LiSn_10,LiSn,intermetallic,monoclinic,2,0.213450797786545,0.4616818065002063,0.2482310087136613,0.5876832994746731
LiTaIr2_225,LiTaIr2,intermetallic,cubic,3,0.3107146894533737,0.48741210521007006,0.17669741575669634,0.6037772565953446
LiTaO3_161,LiTaO3,oxide,trigonal,3,0.7797297329475583,0.6928084964511381,-0.08692123649642025,0.760033077748903
LiTaRh2_225,LiTaRh2,intermetallic,cubic,3,0.3445937456731593,0.6680121390488356,0.3234183933756763,0.742629823729888
LiTb2Ir_225,LiTb2Ir,intermetallic,trigonal,3,0.3107146894533737,0.9989829722177863,0.6882682827644127,0.9982424404198308
LiTbHg2_225,LiTbHg2,intermetallic,cubic,3,0.2290255154998847,0.9973794275330018,0.7683539120331171,0.9960791940193832
LiTbSe2_166,LiTbSe2,chalcogenide,trigonal,3,0.4600209843034051,0.9992455040653947,0.5392245197619896,0.9986342146696742
LiTbTl2_225,LiTbTl2,intermetallic,cubic,3,0.0973315879190579,0.9988683149371113,0.9015367270180533,0.9980665785149191
LiTi2N3_63,LiTi2N3,pnictide,orthorhombic,3,0.6538558596267213,0.4583751420455083,-0.19548071758121305,0.5795399300834425
LiTiIr2_225,LiTiIr2,intermetallic,cubic,3,0.3107146894533737,0.4126319450058492,0.1019172555524755,0.5402496642822734
LiTiO2_141,LiTiO2,oxide,monoclinic,3,0.7797297329475583,0.6275535724837848,-0.15217616046377347,0.711501886210404
LiTiPO5_62,LiTiPO5,oxide,orthorhombic,4,0.7797297329475583,0.6316515410643752,-0.14807819188318316,0.7149925608992856
LiTiRh2_225,LiTiRh2,intermetallic,cubic,3,0.3445937456731593,0.6009185894840696,0.2563248438109103,0.6923050997441165
LiTiS2_164,LiTiS2,chalcogenide,trigonal,3,0.4727075759569514,0.3728743300049127,-0.09983324595203869,0.5064609191535374
LiTl2InCl6_225,LiTl2InCl6,halide,cubic,4,0.6952001660642468,0.6155693261339615,-0.0796308399302853,0.7054961278974219
LiTl2InF6_225,LiTl2InF6,halide,cubic,4,0.8946007754381357,0.9353656928303649,0.040764917392229205,0.9391694568095564
LiTlPd2_139,LiTlPd2,intermetallic,tetragonal,3,0.3107146894533737,0.878834481683525,0.5681197922301513,0.8957884695904053
LiTm2Al_225,LiTm2Al,intermetallic,cubic,3,0.0944610611608639,0.9999841783357665,0.9055231171749025,0.9999487090338977
LiTmHg2_225,LiTmHg2,intermetallic,cubic,3,0.2290255154998847,0.999835892558666,0.7708103770587813,0.9996277978799186
LiV2N3_63,LiV2N3,pnictide,orthorhombic,3,0.6538558596267213,0.4090529616315381,-0.24480289799518323,0.5369623934871649
LiVIr2_225,LiVIr2,intermetallic,cubic,3,0.3107146894533737,0.3398823369196233,0.029167647466249558,0.4737200315691885
LiVN2_33,LiVN2,pnictide,orthorhombic,3,0.6538558596267213,0.5174259893966481,-0.13642987023007325,0.6279233283068193
LiVRh2_225,LiVRh2,intermetallic,cubic,3,0.3445937456731593,0.5032663848285306,0.15867263915537128,0.6156947318671715
LiY2Al_225,LiY2Al,intermetallic,cubic,3,0.0944610611608639,0.9386331003328237,0.8441720391719597,0.9425034701313442
LiY2Ir_225,LiY2Ir,intermetallic,cubic,3,0.3107146894533737,0.9372447729221105,0.6265300834687368,0.9417537530120546
LiY2Os_225,LiY2Os,intermetallic,cubic,3,0.3107146894533737,0.9461348918321247,0.635420202378751,0.9489722311408866
LiY2Ru_225,LiY2Ru,intermetallic,cubic,3,0.3107146894533737,0.938833192488341,0.6281185030349672,0.9430423830919125
LiYF4_88,LiYF4,halide,triclinic,3,0.8946007754381357,0.78491513638129,-0.1096856390568457,0.8265810171364812
LiYGe_189,LiYGe,intermetallic,hexagonal,3,0.2329666519444445,0.9365831442425224,0.7036164922980779,0.9409339111872814
LiYHg2_225,LiYHg2,intermetallic,cubic,3,0.2290255154998847,0.963768459354724,0.7347429438548393,0.9635528979234709
LiYS2_166,LiYS2,chalcogenide,trigonal,3,0.4727075759569514,0.8990321531096473,0.42632457715269595,0.9117381969900603
LiYSi_189,LiYSi,intermetallic,hexagonal,3,0.1907116518286679,0.9189848039523408,0.7282731521236729,0.9269290565063021
LiYTl2_225,LiYTl2,intermetallic,cubic,3,0.0973315879190579,0.9305363270544419,0.833204739135384,0.9362281739796496
LiYb2Rh_225,LiYb2Rh,intermetallic,cubic,3,0.3445937456731593,0.9999802149390349,0.6553864692658755,0.9999382681454355
LiZn2Au_225,LiZn2Au,intermetallic,cubic,3,0.4557790736747926,0.9903615041063253,0.5345824304315328,0.9879802113178752
LiZn2Ir_225,LiZn2Ir,intermetallic,cubic,3,0.3107146894533737,0.9888957217778205,0.6781810323244468,0.9863946846038909
LiZn2Ni_225,LiZn2Ni,intermetallic,cubic,3,0.1944459681757966,0.9812964309408646,0.786850462765068,0.9787840420896903
LiZn2Pd_225,LiZn2Pd,intermetallic,cubic,3,0.3107146894533737,0.9879803882991912,0.6772656988458174,0.985481555344219
LiZn2Pt_225,LiZn2Pt,intermetallic,cubic,3,0.3445937456731593,0.9887834189228624,0.644189673249703,0.9862950669758269
LiZn2Rh_225,LiZn2Rh,intermetallic,cubic,3,0.3445937456731593,0.9870715446248514,0.6424777989516921,0.9845259955431872
LiZnAg2_225,LiZnAg2,intermetallic,cubic,3,0.2019826979496352,0.9825298276572567,0.7805471297076215,0.9801178539851069
LiZnAs_216,LiZnAs,pnictide,cubic,3,0.302323673928969,0.9956152515181725,0.6932915775892036,0.993853848487604
LiZnGe_187,LiZnGe,intermetallic,hexagonal,3,0.2329666519444445,0.9961153617840727,0.7631487098396281,0.9944480969227599
LiZnN_216,LiZnN,pnictide,cubic,3,0.6538558596267213,0.9789735975194847,0.3251177378927633,0.9765761899766512
LiZnPS4_82,LiZnPS4,chalcogenide,tetragonal,4,0.4727075759569514,0.9795530597904687,0.5068454838335172,0.9773599918024023
LiZnP_216,LiZnP,pnictide,cubic,3,0.3065145361435566,0.9934364676231956,0.686921931479639,0.9913141754772414
LiZnPd2_225,LiZnPd2,intermetallic,cubic,3,0.3107146894533737,0.9694781400476514,0.6587634505942777,0.9678994868214743
LiZnSb_186,LiZnSb,intermetallic,hexagonal,3,0.2489063991267931,0.9978893256392004,0.7489829265124073,0.9967150689708999
LiZn_227,LiZn,intermetallic,trigonal,2,0.1061568798287821,0.9993027103788157,0.8931458305500336,0.9987264459044536
LiZr2Os_225,LiZr2Os,intermetallic,cubic,3,0.3107146894533737,0.9462714383448959,0.6355567488915221,0.9488251324569417
LiZr2Tc_225,LiZr2Tc,intermetallic,cubic,3,0.1907116518286679,0.959072057174376,0.7683604053457082,0.9595498991182759
LiZrIr2_225,LiZrIr2,intermetallic,trigonal,3,0.3107146894533737,0.7925338828904769,0.48181919343710317,0.8329061655786282
LiZrRh2_225,LiZrRh2,intermetallic,cubic,3,0.3445937456731593,0.8276394875026091,0.48304574182944976,0.8584457240906035
Li_166,Li,elemental,trigonal,1,0.0,0.11493093982114704,0.11493093982114704,0.21899733121156972
Li_194,Li,elemental,hexagonal,1,0.0,0.11331495590024909,0.11331495590024909,0.2166578044923701
Li_229,Li,elemental,cubic,1,0.0,0.11170617012011357,0.11170617012011357,0.21430630282273522
Lu(CoGe)2_139,Lu(CoGe)2,intermetallic,tetragonal,3,0.1279425724852808,0.9995660702993712,0.8716234978140904,0.9991368738341746
Lu(CuSi)2_139,Lu(CuSi)2,intermetallic,tetragonal,3,0.0944610611608638,0.9995802828277444,0.9051192216668805,0.9991602898885508
Lu(NiGe)2_139,Lu(NiGe)2,intermetallic,tetragonal,3,0.1279425724852808,0.9995925360356311,0.8716499635503503,0.9991821066337025
Lu(SiNi)2_139,Lu(SiNi)2,intermetallic,tetragonal,3,0.0973315879190579,0.9994865188076265,0.9021549308885686,0.9990026936108496
Lu(SiOs)2_139,Lu(SiOs)2,intermetallic,tetragonal,3,0.1944459681757966,0.9997918989880048,0.8053459308122082,0.9995386745077499
Lu(SiPd)2_139,Lu(SiPd)2,intermetallic,tetragonal,3,0.1944459681757966,0.99964885697558,0.8052028887997834,0.999279785728855
Lu(SiRh)2_139,Lu(SiRh)2,intermetallic,tetragonal,3,0.2251028747092086,0.9996775767956656,0.7745747020864571,0.9993299861510846
Lu(SiRu)2_139,Lu(SiRu)2,intermetallic,tetragonal,3,0.1944459681757966,0.9997533486697493,0.8053073804939527,0.9994667330883169
Lu(TiGa2)2_139,Lu(TiGa2)2,intermetallic,tetragonal,3,0.0703062052430456,0.9997042670831224,0.9293980618400768,0.9993781669110742
Lu2(NiB2)3_65,Lu2(NiB2)3,boride/carbide,orthorhombic,3,0.137762910230166,0.9991118165499971,0.8613489063198312,0.9984065552273758
Lu2AgHg_225,Lu2AgHg,intermetallic,cubic,3,0.124731865378405,0.9997926662338962,0.8750608008554912,0.9995452287602233
Lu2AgRu_225,Lu2AgRu,intermetallic,cubic,3,0.1944459681757966,0.9998831958753307,0.8054372276995341,0.9997195856196758
Lu2CdAg_225,Lu2CdAg,intermetallic,cubic,3,0.1031799049762132,0.9997131284422617,0.8965332234660485,0.999402563435902
Lu2CdIn_225,Lu2CdIn,intermetallic,cubic,3,0.0629559630163498,0.9999774785599465,0.9370215155435967,0.9999308933293019
Lu2CoRu_225,Lu2CoRu,intermetallic,cubic,3,0.1944459681757966,0.9998254053736592,0.8053794371978625,0.9996040144587226
Lu2CuPt_225,Lu2CuPt,intermetallic,cubic,3,0.2251028747092086,0.9995467062271262,0.7744438315179176,0.9991101955473186
Lu2Fe14B_136,Lu2Fe14B,boride/carbide,tetragonal,3,0.137762910230166,0.9906878089471585,0.8529248987169924,0.98830650285319
Lu2InAg_225,Lu2InAg,intermetallic,cubic,3,0.1031799049762132,0.9999787016841865,0.8967987967079732,0.9999340282161564
Lu2In_194,Lu2In,intermetallic,hexagonal,2,0.0629559630163498,0.9999951259696818,0.937039162953332,0.9999812088754775
Lu2IrRu_225,Lu2IrRu,intermetallic,cubic,3,0.1944459681757966,0.9999380162167647,0.8054920480409681,0.9998359168335984
Lu2MgIn_225,Lu2MgIn,intermetallic,cubic,3,0.0629559630163498,0.9999969304271655,0.9370409674108158,0.9999872984987485
Lu2Mo2C3_12,Lu2Mo2C3,boride/carbide,monoclinic,3,0.3360842366645263,0.9999190206170963,0.66383478395257,0.9997933171061818
Lu2O3_206,Lu2O3,oxide,cubic,2,0.6918673786849375,0.9987512154722032,0.3068838367872657,0.9978745784594504
Lu2PdRu_225,Lu2PdRu,intermetallic,cubic,3,0.1944459681757966,0.9998961394259469,0.8054501712501503,0.9997458827117587
Lu2S3_167,Lu2S3,chalcogenide,trigonal,2,0.3488563496137112,0.9999801863802418,0.6511238367665306,0.9999379259567447
Lu2TlAg_225,Lu2TlAg,intermetallic,cubic,3,0.1031799049762132,0.9999787441207221,0.8967988391445089,0.999934153156484
Lu2TlCd_225,Lu2TlCd,intermetallic,cubic,3,0.0431417331380903,0.9999786442554784,0.9568369111173881,0.9999339932323329
Lu2ZnAg_225,Lu2ZnAg,intermetallic,cubic,3,0.1031799049762132,0.9990494875134485,0.8958695825372353,0.9983395713134505
Lu3AlN_221,Lu3AlN,pnictide,cubic,3,0.543069966787304,0.9999770134535094,0.4569070466662054,0.9999293640433877
Lu3InN_221,Lu3InN,pnictide,cubic,3,0.543069966787304,0.9999807151036239,0.45691074831631984,0.9999392161032671
Lu4C7_14,Lu4C7,boride/carbide,monoclinic,2,0.3360842366645263,0.999899095210157,0.6638148585456307,0.9997504093752075
Lu5(Si5Ir2)2_127,Lu5(Si5Ir2)2,intermetallic,orthorhombic,3,0.1944459681757966,0.9999447517532215,0.8054987835774249,0.9998507513700339
Lu6Sb2Mo_189,Lu6Sb2Mo,intermetallic,hexagonal,3,0.179650655852134,0.9999912983985402,0.8203406425464062,0.999969274378468
Lu7(NiTe)2_44,Lu7(NiTe)2,chalcogenide,orthorhombic,3,0.1582102508344636,0.9999761735524514,0.8417659227179878,0.9999277242912216
Lu8Te_189,Lu8Te,chalcogenide,hexagonal,2,0.1582102508344636,0.9998763179480246,0.841666067113561,0.9997081398569583
LuAgO2_166,LuAgO2,oxide,trigonal,3,0.6918673786849375,0.9994257094707948,0.30755833078585726,0.9989056230186526
LuAgSn_186,LuAgSn,intermetallic,hexagonal,3,0.1122143941556313,0.9999634685821505,0.8877490744265192,0.9998955152973672
LuAlB4_55,LuAlB4,boride/carbide,orthorhombic,3,0.137762910230166,0.9995456440088799,0.8617827337787138,0.9990991375390718
LuAlGe_63,LuAlGe,intermetallic,orthorhombic,3,0.1279425724852808,0.9999907646610094,0.8720481921757286,0.9999674704032642
LuAlSi_63,LuAlSi,intermetallic,orthorhombic,3,0.0944610611608638,0.99998983292136,0.9055287717604962,0.9999646657015386
LuAsO4_141,LuAsO4,oxide,tetragonal,3,0.6918673786849375,0.998203298209549,0.3063359195246115,0.9971022445371716
LuAu3_59,LuAu3,intermetallic,orthorhombic,2,0.3318382539834061,0.9993265046874351,0.667488250704029,0.9987503827140234
LuAu_221,LuAu,intermetallic,cubic,2,0.3318382539834061,0.9998621682770146,0.6680239142936084,0.9996774809343361
LuB12_225,LuB12,boride/carbide,cubic,2,0.137762910230166,0.9895113796074706,0.8517484693773045,0.9869971431352765
LuB2Ir3_191,LuB2Ir3,boride/carbide,monoclinic,3,0.1944459681757966,0.9992751073696915,0.8048291391938949,0.9986631064437523
LuB2Ru3_191,LuB2Ru3,boride/carbide,hexagonal,3,0.1944459681757966,0.9993922452546732,0.8049462770788766,0.998849523560284
LuB4_127,LuB4,boride/carbide,tetragonal,2,0.137762910230166,0.9995936050847759,0.86183069485461,0.9991811805428532
LuBRh3_221,LuBRh3,boride/carbide,cubic,3,0.2251028747092086,0.9992759936127101,0.7741731189035015,0.9986666381729775
LuBr3_194,LuBr3,halide,hexagonal,2,0.5103306932999543,0.9999945061804997,0.4896638128805454,0.9999794063399882
LuCdRh2_225,LuCdRh2,intermetallic,cubic,3,0.2251028747092086,0.9992065616022374,0.7741036868930289,0.9985633495049225
LuCl3_194,LuCl3,halide,orthorhombic,2,0.5905846039144355,0.9999805160350432,0.4093959121206078,0.9999390887752275
LuCo2_227,LuCo2,intermetallic,cubic,2,0.0888292792566212,0.9988377394563738,0.9100084601997526,0.99800584436449
LuCoB4_55,LuCoB4,boride/carbide,monoclinic,3,0.137762910230166,0.9989562088542936,0.8611932986241275,0.9981712126428263
LuCuPb_186,LuCuPb,intermetallic,hexagonal,3,0.2448961579109765,0.9999397298058572,0.7550435718948807,0.9998396567207778
LuCuSi_194,LuCuSi,intermetallic,hexagonal,3,0.0944610611608638,0.9998594835638526,0.9053984224029887,0.9996696486041774
LuCuSn_186,LuCuSn,intermetallic,hexagonal,3,0.1122143941556313,0.9999373384425779,0.8877229442869466,0.9998342278940272
LuGa2Ni_63,LuGa2Ni,intermetallic,orthorhombic,3,0.0973315879190579,0.9999216337960001,0.9025900458769421,0.9997989143390729
LuGa3_221,LuGa3,intermetallic,cubic,2,0.0703062052430456,0.9999696891634349,0.9296634839203892,0.9999104833837598
LuGa5Co_123,LuGa5Co,intermetallic,tetragonal,3,0.0888292792566212,0.9997341249096773,0.9109048456530561,0.9994313146525691
LuGaRh2_225,LuGaRh2,intermetallic,cubic,3,0.2251028747092086,0.9998312108575123,0.7747283361483037,0.9996135479455405
LuGeAu_186,LuGeAu,intermetallic,hexagonal,3,0.3318382539834061,0.9999501952262453,0.6681119412428391,0.9998637348477359
LuHfRu2_225,LuHfRu2,intermetallic,cubic,3,0.1944459681757966,0.9999277049974165,0.8054817368216198,0.9998132175740784
LuI3_194,LuI3,halide,hexagonal,2,0.383085599679248,0.9999987146551715,0.6169131149759235,0.9999940724747854
LuIn3_221,LuIn3,intermetallic,cubic,2,0.0629559630163498,0.9999865772034506,0.9370306141871009,0.9999554294176407
LuInCu2_225,LuInCu2,intermetallic,cubic,3,0.0944610611608638,0.9997182835348465,0.9052572223739827,0.9994026567325374
LuInPt_189,LuInPt,intermetallic,hexagonal,3,0.2251028747092086,0.9999811928583631,0.7748783181491545,0.9999405301988892
LuInRh2_225,LuInRh2,intermetallic,cubic,3,0.2251028747092086,0.9998753506907141,0.7747724759815056,0.9997019191917518
LuIr_221,LuIr,intermetallic,cubic,2,0.1944459681757966,0.9999348100921644,0.8054888419163678,0.9998286641094939
LuN_225,LuN,pnictide,cubic,2,0.543069966787304,0.9996784114085733,0.45660844462126926,0.9993300785399886
LuNbRu2_225,LuNbRu2,intermetallic,cubic,3,0.1944459681757966,0.9996703497127634,0.8052243815369667,0.9993192686130736
LuNi2_227,LuNi2,intermetallic,cubic,2,0.0973315879190579,0.9952392034326243,0.8979076155135663,0.9933829786928898
LuNiBi_216,LuNiBi,intermetallic,cubic,3,0.1311849437371568,0.9999403886991475,0.8687554449619906,0.9998411948691062
LuNiPb_189,LuNiPb,intermetallic,hexagonal,3,0.2448961579109765,0.9999555063170547,0.7550593484060781,0.9998760804245991
LuNiSb_216,LuNiSb,intermetallic,cubic,3,0.1410976137921523,0.9999273176519292,0.858829703859777,0.9998117482960375
LuP_225,LuP,pnictide,cubic,2,0.1907116518286679,0.9999841926198316,0.8092725407911637,0.9999486744736403
LuPd3_221,LuPd3,intermetallic,cubic,2,0.1944459681757966,0.9989463216331377,0.804500353457341,0.9981673411138499
LuPd_221,LuPd,intermetallic,cubic,2,0.1944459681757966,0.9998021967105564,0.8053562285347597,0.9995612845358852
LuPt3_221,LuPt3,intermetallic,cubic,2,0.2251028747092086,0.9994824439380439,0.7743795692288353,0.9989979006834984
LuRh3C_221,LuRh3C,boride/carbide,cubic,3,0.3360842366645263,0.9990016839016982,0.6629174472371719,0.9982471297120717
LuRh_221,LuRh,intermetallic,cubic,2,0.2251028747092086,0.9998816473676869,0.7747787726584783,0.9997158353191834
LuRu2_194,LuRu2,intermetallic,hexagonal,2,0.1944459681757966,0.999921085732508,0.8054751175567114,0.9997982680177406
LuSBr_59,LuSBr,halide,orthorhombic,3,0.5103306932999543,0.9999948541705141,0.48966416087055986,0.9999803668996557
LuS_225,LuS,chalcogenide,cubic,2,0.3488563496137112,0.9999695889871775,0.6511132393734662,0.9999104302599955
LuSbPt_216,LuSbPt,intermetallic,cubic,3,0.2251028747092086,0.9999701124079755,0.7748672376987669,0.9999118785614437
LuSb_225,LuSb,intermetallic,cubic,2,0.1410976137921523,0.9999953615429406,0.8588977477507882,0.9999819829013104
LuSi2Ni_63,LuSi2Ni,intermetallic,orthorhombic,3,0.0973315879190579,0.9998706002596927,0.9025390123406347,0.9996915852256817
LuSiIr_62,LuSiIr,intermetallic,orthorhombic,3,0.1944459681757966,0.9999556455684966,0.8055096773927,0.9998762026740492
LuSiRh_62,LuSiRh,intermetallic,orthorhombic,3,0.2251028747092086,0.9999422771149885,0.7748394024057799,0.9998451030891483
LuSi_63,LuSi,intermetallic,orthorhombic,2,0.0944610611608638,0.9999917357126545,0.9055306745517907,0.9999704142974061
LuSnRu2_225,LuSnRu2,intermetallic,cubic,3,0.1944459681757966,0.9999000070411114,0.8054540388653147,0.9997528597192227
LuTaO4_13,LuTaO4,oxide,monoclinic,3,0.6918673786849375,0.9983990894954882,0.30653171081055064,0.9973723419548078
LuTaOs2_225,LuTaOs2,intermetallic,trigonal,3,0.1944459681757966,0.9999261851732705,0.8054802169974739,0.9998097018207117
LuTaRu2_225,LuTaRu2,intermetallic,cubic,3,0.1944459681757966,0.9999012545198699,0.8054552863440733,0.9997560440892093
LuTlTe2_166,LuTlTe2,chalcogenide,trigonal,3,0.1582102508344636,0.9999980194376736,0.84178776860321,0.9999913177700438
LuZnPd2_225,LuZnPd2,intermetallic,cubic,3,0.1944459681757966,0.9981967261755557,0.803750757999759,0.9971108425570551
LuZnRh2_225,LuZnRh2,intermetallic,cubic,3,0.2251028747092086,0.9988766927138888,0.7737738180046803,0.9980642414877015
LuZn_221,LuZn,intermetallic,cubic,2,0.0354561657231845,0.9928563776639301,0.9574002119407455,0.99077367402646
LuZrRu2_225,LuZrRu2,intermetallic,cubic,3,0.1944459681757966,0.9996798218310586,0.805233853655262,0.9993371744194856
Lu_166,Lu,elemental,trigonal,1,0.0,0.1486047762486062,0.1486047762486062,0.26559267760261857
Mg(AlB14)2_1,Mg(AlB14)2,boride/carbide,triclinic,3,0.124731865378405,0.13147601332800443,0.006744147949599433,0.24065035564950685
Mg(AlSi)2_164,Mg(AlSi)2,intermetallic,trigonal,3,0.0833458210077793,0.20491235388937168,0.12156653288159237,0.33504775219010086
Mg(B6C)2_74,Mg(B6C)2,boride/carbide,orthorhombic,3,0.3191409709080751,0.158019174278868,-0.1611217966292071,0.2755976120655011
Mg(BC)2_64,Mg(BC)2,boride/carbide,orthorhombic,3,0.3191409709080751,0.2494508866355364,-0.06969008427253867,0.3828815255251202
Mg(BeAs)2_164,Mg(BeAs)2,pnictide,trigonal,3,0.1723997243174981,0.20576094648217072,0.03336122216467263,0.33563806134986696
Mg(BeN)2_164,Mg(BeN)2,pnictide,trigonal,3,0.5267942520624656,0.37478898015265,-0.15200527190981555,0.5057100154104786
Mg(Co3P2)2_187,Mg(Co3P2)2,pnictide,hexagonal,3,0.1760125666682968,0.8769385741256436,0.7009260074573468,0.8938845521399091
Mg(HO)2_164,Mg(HO)2,oxide,monoclinic,3,0.6783286799695527,0.5863227646705433,-0.09200591529900937,0.6807208673177588
Mg(PtO2)3_65,Mg(PtO2)3,oxide,orthorhombic,3,0.6783286799695527,0.5444301279946084,-0.13389855197494427,0.6484745737840126
Mg(ReO4)2_164,Mg(ReO4)2,oxide,trigonal,3,0.6783286799695527,0.5566025897889921,-0.12172609018056058,0.6591493708470023
Mg(SbO2)2_135,Mg(SbO2)2,oxide,tetragonal,3,0.6783286799695527,0.8224445963236365,0.14411591635408383,0.8545626881957494
Mg(ScGa)2_127,Mg(ScGa)2,intermetallic,tetragonal,3,0.0605869371865241,0.27854734838477185,0.21796041119824774,0.4170929236798588
Mg13Ir3_167,Mg13Ir3,intermetallic,trigonal,2,0.179650655852134,0.654510225216245,0.474859569364111,0.7339299930959641
Mg17Al12_217,Mg17Al12,intermetallic,cubic,2,0.0222487628066636,0.20752168944745816,0.18527292664079456,0.3385467520758355
Mg2AgAu_225,Mg2AgAu,intermetallic,cubic,3,0.3149236588531833,0.9779010661170829,0.6629774072638996,0.9761051813711852
Mg2AgPt_225,Mg2AgPt,intermetallic,cubic,3,0.2096070088026069,0.956867967951911,0.747260959149304,0.9575811623811756
Mg2AgRh_225,Mg2AgRh,intermetallic,cubic,3,0.2096070088026069,0.9611714674495138,0.7515644586469068,0.9612586743595539
Mg2Al2Se5_164,Mg2Al2Se5,chalcogenide,trigonal,3,0.3191409709080751,0.47591049129717394,0.15676952038909886,0.597479541381066
Mg2Al4Si5O18_66,Mg2Al4Si5O18,oxide,orthorhombic,4,0.6783286799695527,0.7500153522732846,0.07168667230373194,0.8026552248126736
Mg2As2O7_12,Mg2As2O7,oxide,monoclinic,3,0.6783286799695527,0.6794914936116059,0.0011628136420531732,0.7505587285433305
Mg2Au_62,Mg2Au,intermetallic,orthorhombic,2,0.3149236588531833,0.9263274925528977,0.6114038336997144,0.9328365508937522
Mg2B24C_118,Mg2B24C,boride/carbide,tetragonal,3,0.3191409709080751,0.12522011773046945,-0.19392085317760563,0.23204734364956073
Mg2CrN3_36,Mg2CrN3,pnictide,orthorhombic,3,0.5267942520624656,0.6634244877150264,0.13663023565256083,0.739770443947868
Mg2Cu_70,Mg2Cu,intermetallic,orthorhombic,2,0.0833458210077793,0.9949945130700705,0.9116486920622912,0.9931103478002729
Mg2FeH6_225,Mg2FeH6,hydride,cubic,3,0.179650655852134,0.4288255560585389,0.2491749002064049,0.5531939198679758
Mg2Ga5_139,Mg2Ga5,intermetallic,monoclinic,2,0.0605869371865241,0.16705669842385176,0.10646976123732765,0.28920659980480823
Mg2Ga_190,Mg2Ga,intermetallic,hexagonal,2,0.0605869371865241,0.21304521107088295,0.15245827388435884,0.3451270531263924
Mg2Ge_225,Mg2Ge,intermetallic,cubic,2,0.1152940950565163,0.3110578720060633,0.19576377694954697,0.44983319229545277
Mg2H6Os_225,Mg2H6Os,hydride,cubic,3,0.179650655852134,0.1811707485060383,0.0015200926539042925,0.304370791001835
Mg2H6Ru_225,Mg2H6Ru,hydride,cubic,3,0.179650655852134,0.22221315814194445,0.042562502289810455,0.35230732489092265
Mg2Hg_62,Mg2Hg,intermetallic,orthorhombic,2,0.1122143941556313,0.9486629536084169,0.8364485594527856,0.9505460768793271
Mg2Ni3P_166,Mg2Ni3P,pnictide,trigonal,3,0.1760125666682968,0.9769800893287792,0.8009675226604824,0.9747132705182762
Mg2NiH4_15,Mg2NiH4,hydride,monoclinic,3,0.179650655852134,0.8855736201945256,0.7059229643423915,0.9009518460584264
Mg2Ni_180,Mg2Ni,intermetallic,hexagonal,2,0.0860688147287718,0.9837047244583905,0.8976359097296187,0.9812170702459733
Mg2PN3_36,Mg2PN3,pnictide,orthorhombic,3,0.5267942520624656,0.5670245936438668,0.04023034158140126,0.6665263296982927
Mg2Pb_225,Mg2Pb,intermetallic,cubic,2,0.2290255154998847,0.36386616438705816,0.13484064888717345,0.5012037589610802
Mg2PdRh_225,Mg2PdRh,intermetallic,trigonal,3,0.2096070088026069,0.9038605754898132,0.6942535666872063,0.9154266239631146
Mg2Pd_227,Mg2Pd,intermetallic,cubic,2,0.179650655852134,0.9429338403488544,0.7632831844967204,0.9457432582485201
Mg2PtRh_225,Mg2PtRh,intermetallic,cubic,3,0.2096070088026069,0.8086930194118243,0.5990860106092173,0.8452572043438767
Mg2Pt_140,Mg2Pt,intermetallic,tetragonal,2,0.2096070088026069,0.9125414705684155,0.7029344617658086,0.9223442066656476
Mg2Rh_139,Mg2Rh,intermetallic,tetragonal,2,0.2096070088026069,0.8453825613836172,0.6357755525810103,0.8717338648765612
Mg2SbN3_36,Mg2SbN3,pnictide,orthorhombic,3,0.5267942520624656,0.6168678349742969,0.09007358291183132,0.7054534921967117
Mg2SiCu3_194,Mg2SiCu3,intermetallic,hexagonal,3,0.0833458210077793,0.9954053962615165,0.9120595752537372,0.9935824824689541
Mg2SiNi3_166,Mg2SiNi3,intermetallic,trigonal,3,0.0860688147287718,0.979639749261215,0.8935709345324432,0.9772259215892221
Mg2SiO4_62,Mg2SiO4,oxide,orthorhombic,3,0.6783286799695527,0.7413410356457991,0.06301235567624641,0.795621026345142
Mg2SiPt_194,Mg2SiPt,intermetallic,hexagonal,3,0.2096070088026069,0.7346537735367968,0.5250467647341899,0.791776649086724
Mg2Si_225,Mg2Si,intermetallic,cubic,2,0.0833458210077793,0.3016727160202897,0.2183268950125104,0.4403682540960225
Mg2Sn_225,Mg2Sn,intermetallic,cubic,2,0.1002380044323459,0.3772932236004567,0.2770552191681108,0.5137491201053745
Mg2TaN3_36,Mg2TaN3,pnictide,orthorhombic,3,0.5267942520624656,0.6828550977482863,0.1560608456858208,0.7548019875960232
Mg2TiO4_91,Mg2TiO4,oxide,tetragonal,3,0.6783286799695527,0.7430873882228602,0.06475870825330754,0.796899791423038
Mg2TlPb_225,Mg2TlPb,intermetallic,cubic,3,0.2290255154998847,0.3486076712535774,0.11958215575369269,0.48694850794207667
Mg2VN3_36,Mg2VN3,pnictide,orthorhombic,3,0.5267942520624656,0.6380044894447049,0.11121023738223934,0.7212893404426266
Mg2Zn11_200,Mg2Zn11,intermetallic,cubic,2,0.0284863890297042,0.9923750877139931,0.9638886986842888,0.990167924508332
Mg3(TiAl9)2_227,Mg3(TiAl9)2,intermetallic,cubic,3,0.0222487628066636,0.22949896875221756,0.20725020594555396,0.36211301166884774
Mg3As2_206,Mg3As2,pnictide,cubic,2,0.1723997243174981,0.5616091817512279,0.3892094574337298,0.6673609384325762
Mg3Au_165,Mg3Au,intermetallic,trigonal,2,0.3149236588531833,0.8833281213152796,0.5684044624620963,0.8998512501590146
Mg3Au_185,Mg3Au,intermetallic,hexagonal,2,0.3149236588531833,0.8832991511914331,0.5683754923382498,0.8998292274476543
Mg3B7ClO13_29,Mg3B7ClO13,halide,orthorhombic,4,0.6783286799695527,0.7390999687810822,0.06077128881152949,0.7936716534935707
Mg3Bi2_164,Mg3Bi2,intermetallic,trigonal,2,0.1184071933122512,0.4968069266239962,0.37839973331174503,0.6164594835887791
Mg3Cd_194,Mg3Cd,intermetallic,hexagonal,2,0.0354561657231845,0.9714197509817495,0.9359635852585649,0.9698377978475237
Mg3Hg_155,Mg3Hg,intermetallic,trigonal,2,0.1122143941556313,0.9257451509406658,0.8135307567850345,0.9320895005755419
Mg3Hg_194,Mg3Hg,intermetallic,hexagonal,2,0.1122143941556313,0.9295526324908061,0.8173382383351748,0.9351437753662604
Mg3Ir_185,Mg3Ir,intermetallic,hexagonal,2,0.179650655852134,0.7074328273421808,0.5277821714900468,0.7728246316513862
Mg3Ir_194,Mg3Ir,intermetallic,hexagonal,2,0.179650655852134,0.6983217032353836,0.5186710473832495,0.7661438244332808
Mg3NF3_221,Mg3NF3,halide,cubic,3,0.8317366554863865,0.8991848319676327,0.06744817648124612,0.9109615147907307
Mg3Pd_185,Mg3Pd,intermetallic,orthorhombic,2,0.179650655852134,0.876406003813989,0.696755347961855,0.8944160186106486
Mg3Pt_185,Mg3Pt,intermetallic,hexagonal,2,0.2096070088026069,0.815053865728684,0.6054468569260771,0.8501176691615486
Mg3Pt_194,Mg3Pt,intermetallic,hexagonal,2,0.2096070088026069,0.8073801186419484,0.5977731098393415,0.8445227485483344
Mg3Rh_185,Mg3Rh,intermetallic,hexagonal,2,0.2096070088026069,0.7830552180140274,0.5734482092114206,0.8266930882371604
Mg3Ru2_213,Mg3Ru2,intermetallic,cubic,2,0.179650655852134,0.7135548161979272,0.5339041603457931,0.7761860157864734
Mg3Sb2_164,Mg3Sb2,intermetallic,trigonal,2,0.1279425724852808,0.45754670099149514,0.32960412850621434,0.5838793205478187
Mg3Si4(HO6)2_2,Mg3Si4(HO6)2,oxide,triclinic,4,0.6783286799695527,0.6588781519590999,-0.019450528010452772,0.7356214314771468
Mg3Tl_194,Mg3Tl,intermetallic,monoclinic,2,0.0237386970797479,0.22318636929933647,0.19944767221958856,0.35716487490325344
Mg5Hg3_193,Mg5Hg3,intermetallic,hexagonal,2,0.1122143941556313,0.962829223692865,0.8506148295372338,0.9625009566593833
Mg5Pd2_194,Mg5Pd2,intermetallic,hexagonal,2,0.179650655852134,0.9176920971933737,0.7380414413412397,0.925712354164239
Mg5Rh2_194,Mg5Rh2,intermetallic,hexagonal,2,0.2096070088026069,0.8434058667033384,0.6337988579007314,0.8703110517062193
Mg9Si5_176,Mg9Si5,intermetallic,hexagonal,2,0.0833458210077793,0.29011829693475977,0.20677247592698045,0.42855165742856705
MgAg3_194,MgAg3,intermetallic,hexagonal,2,0.091626825790732,0.949285352447409,0.857658526656677,0.9510072013208369
MgAgSb_216,MgAgSb,intermetallic,cubic,3,0.1279425724852808,0.9628752581021719,0.834932685616891,0.962527113463313
MgAg_221,MgAg,intermetallic,cubic,2,0.091626825790732,0.9681963992163217,0.8765695734255897,0.9671144215853135
MgAl2Cu_63,MgAl2Cu,intermetallic,orthorhombic,3,0.0833458210077793,0.9857622456338567,0.9024164246260774,0.9832436798967328
MgAl2O4_227,MgAl2O4,oxide,cubic,3,0.6783286799695527,0.7526182647684765,0.07428958479892378,0.8038195595523748
MgAlAg2_225,MgAlAg2,intermetallic,cubic,3,0.091626825790732,0.9419247548151349,0.8502979290244029,0.9447677384553129
MgAlIr2_225,MgAlIr2,intermetallic,cubic,3,0.179650655852134,0.48370143643276103,0.30405078058062707,0.6003424710145675
MgAlPd2_225,MgAlPd2,intermetallic,cubic,3,0.179650655852134,0.8410473047975426,0.6613966489454086,0.8678801033764902
MgAlRh2_225,MgAlRh2,intermetallic,cubic,3,0.2096070088026069,0.6598819915752496,0.4502749827726427,0.7362394552740664
MgAlSi_62,MgAlSi,intermetallic,orthorhombic,3,0.0833458210077793,0.20194001435281508,0.11859419334503578,0.3315604677344667
MgAs4_92,MgAs4,pnictide,tetragonal,2,0.1723997243174981,0.3617403256623357,0.18934060134483763,0.4979267474097568
MgAsPt5_123,MgAsPt5,pnictide,tetragonal,3,0.2096070088026069,0.5857091992972685,0.3761021904946616,0.6809995638933374
MgAu_221,MgAu,intermetallic,cubic,2,0.3149236588531833,0.958364697752343,0.6434410388991597,0.9589914889380998
MgB2_191,MgB2,boride/carbide,hexagonal,2,0.124731865378405,0.1526107469026028,0.02787888152419779,0.2688567254725686
MgB4_62,MgB4,boride/carbide,orthorhombic,2,0.124731865378405,0.18128421625650878,0.056552350878103785,0.30481320993310207
MgB7_74,MgB7,boride/carbide,monoclinic,2,0.124731865378405,0.15548592304046802,0.030754057662063017,0.2723942348973173
MgB9N_166,MgB9N,pnictide,trigonal,3,0.5267942520624656,0.28781374991506836,-0.2389805021473972,0.42242369948110386
MgBr2_164,MgBr2,halide,trigonal,2,0.4936995443266185,0.6773484288025748,0.18364888447595634,0.7536761943793705
MgCN2_166,MgCN2,pnictide,trigonal,3,0.5267942520624656,0.5054371053676168,-0.021357146694848783,0.6181980891182773
MgCO3_167,MgCO3,oxide,trigonal,3,0.6783286799695527,0.6257837685677533,-0.0525449114017994,0.7103898278019591
MgCd3_194,MgCd3,intermetallic,hexagonal,2,0.0354561657231845,0.9833183587708895,0.9478621930477049,0.9810304094109578
MgCdAg2_225,MgCdAg2,intermetallic,cubic,3,0.091626825790732,0.9654607250570296,0.8738338992662976,0.9647345898726613
MgCd_51,MgCd,intermetallic,orthorhombic,2,0.0354561657231845,0.9887584560053895,0.9533022902822049,0.9863879017728274
MgCl2_166,MgCl2,halide,trigonal,2,0.5749825278663312,0.5914290613402845,0.016446533473953306,0.6882960229603687
MgCo3C_221,MgCo3C,boride/carbide,cubic,3,0.3191409709080751,0.8285748445642014,0.5094338736561264,0.8583697086515633
MgCo_227,MgCo,intermetallic,cubic,2,0.0780137787946897,0.9900563720113952,0.9120425932167054,0.987622998647606
MgCu2_227,MgCu2,intermetallic,cubic,2,0.0833458210077793,0.9956117162278844,0.912265895220105,0.993828382627271
MgCu4Sn_216,MgCu4Sn,intermetallic,cubic,3,0.1002380044323459,0.9950501117668066,0.8948121073344607,0.9931616056625749
MgCuP_62,MgCuP,pnictide,orthorhombic,3,0.1760125666682968,0.9916867683635827,0.8156742016952859,0.989390017369855
MgCuSb_216,MgCuSb,intermetallic,cubic,3,0.1279425724852808,0.9943165422630146,0.8663739697777337,0.9923625098096935
MgCuSn_216,MgCuSn,intermetallic,cubic,3,0.1002380044323459,0.9939257332118395,0.8936877287794937,0.9919080898568874
MgF2_136,MgF2,halide,tetragonal,2,0.8317366554863865,0.8864059390215389,0.054669283535152324,0.9012477601898836
MgFeRh2_225,MgFeRh2,intermetallic,cubic,3,0.2096070088026069,0.7203244068825276,0.5107173980799207,0.7806897221004271
MgGaAg2_225,MgGaAg2,intermetallic,cubic,3,0.091626825790732,0.9440065024131454,0.8523796766224134,0.9464874487796059
MgGaIr2_225,MgGaIr2,intermetallic,cubic,3,0.179650655852134,0.4810088255480328,0.3013581696958988,0.5980928237679118
MgGaNi2_225,MgGaNi2,intermetallic,cubic,3,0.0860688147287718,0.9623177960991812,0.8762489813704094,0.9615045853658679
MgGaPd2_225,MgGaPd2,intermetallic,cubic,3,0.179650655852134,0.8405568898392871,0.6609062339871531,0.8675172704567089
MgGaRh2_225,MgGaRh2,intermetallic,cubic,3,0.2096070088026069,0.656241285464575,0.44663427666196814,0.7335218152863898
MgGeN2_33,MgGeN2,pnictide,orthorhombic,3,0.5267942520624656,0.5054974485987396,-0.021296803463725977,0.6182318299482793
MgGeRh2_225,MgGeRh2,intermetallic,cubic,3,0.2096070088026069,0.6412278192420787,0.4316208104394718,0.7224190843208783
MgH2_136,MgH2,hydride,tetragonal,2,0.179650655852134,0.1579833631347335,-0.021667292717400505,0.2768095706615825
MgHg2_139,MgHg2,intermetallic,tetragonal,2,0.1122143941556313,0.9576798465731684,0.8454654524175371,0.9580935112013887
MgHg_221,MgHg,intermetallic,cubic,2,0.1122143941556313,0.9663480984966865,0.8541337043410552,0.9656178987412067
MgI2_164,MgI2,halide,trigonal,2,0.3659484381419324,0.7759342844246824,0.40998584628275,0.8257430512802958
MgInAg2_225,MgInAg2,intermetallic,cubic,3,0.091626825790732,0.955878758957543,0.864251933166811,0.9563744316332935
MgInCu4_216,MgInCu4,intermetallic,cubic,3,0.0833458210077793,0.9946202587177618,0.9112744377099825,0.992649883899514
MgInNi2_225,MgInNi2,intermetallic,cubic,3,0.0860688147287718,0.9753502059902969,0.8892813912615251,0.9732393307598677
MgInPd2_225,MgInPd2,intermetallic,cubic,3,0.179650655852134,0.8896350992289795,0.7099844433768455,0.9041182439000891
MgInRh2_225,MgInRh2,intermetallic,cubic,3,0.2096070088026069,0.7507434789996119,0.541136470197005,0.802867410712283
MgIn_123,MgIn,intermetallic,tetragonal,2,0.053727787248697,0.2548672652689179,0.2011394780202209,0.3924587307530471
MgIr2_194,MgIr2,intermetallic,hexagonal,2,0.179650655852134,0.7558076692195013,0.5761570133673672,0.8068902741947945
MgMnGe_129,MgMnGe,intermetallic,tetragonal,3,0.1152940950565163,0.8745867671566958,0.7592926721001795,0.8930970793124932
MgMnRh2_225,MgMnRh2,intermetallic,cubic,3,0.2096070088026069,0.6725351830458328,0.4629281742432259,0.7462038585681261
MgMoN2_194,MgMoN2,pnictide,hexagonal,3,0.5267942520624656,0.4159280211146159,-0.11086623094784964,0.5424731353903591
MgNbRu2_225,MgNbRu2,intermetallic,cubic,3,0.179650655852134,0.7235740869818409,0.5439234311297069,0.7835914793391974
MgNi2Sn_225,MgNi2Sn,intermetallic,cubic,3,0.1002380044323459,0.9741342702902144,0.8738962658578685,0.9721175313866751
MgNi3B2_181,MgNi3B2,boride/carbide,hexagonal,3,0.124731865378405,0.9532810077738976,0.8285491423954926,0.953752307627018
MgNi3C_221,MgNi3C,boride/carbide,cubic,3,0.3191409709080751,0.9412789907599588,0.6221380198518838,0.9438966721845419
MgNiBi_216,MgNiBi,intermetallic,cubic,3,0.1184071933122512,0.9830908917767965,0.8646836984645453,0.9807067709963969
MgNiSb_216,MgNiSb,intermetallic,cubic,3,0.1279425724852808,0.9797745772543266,0.8518320047690457,0.977505397611714
MgO_225,MgO,oxide,cubic,2,0.6783286799695527,0.7609623579942226,0.08263367802466992,0.8096605590238737
MgP4_14,MgP4,pnictide,monoclinic,2,0.1760125666682968,0.31359028293210117,0.13757771626380438,0.45097686594963715
MgPPd5_123,MgPPd5,pnictide,tetragonal,3,0.179650655852134,0.7644960824437942,0.5848454265916602,0.8125037703026845
MgPPt5_123,MgPPt5,pnictide,tetragonal,3,0.2096070088026069,0.5691214537001923,0.3595144448975854,0.6681460456917098
MgPSe3_148,MgPSe3,chalcogenide,trigonal,3,0.3191409709080751,0.45063747590506575,0.13149650499699067,0.5765738990823064
MgPbF6_148,MgPbF6,halide,trigonal,3,0.8317366554863865,0.8385868559257424,0.0068502004393559135,0.8659477412744843
MgPd2_62,MgPd2,intermetallic,orthorhombic,2,0.179650655852134,0.9058081502084656,0.7261574943563316,0.9166100400317218
MgPd3_139,MgPd3,intermetallic,tetragonal,2,0.179650655852134,0.8519401666399518,0.6722895107878177,0.8762045837995323
MgPd3_221,MgPd3,intermetallic,cubic,2,0.179650655852134,0.8551498987708636,0.6754992429187295,0.87857115958296
MgPd5_155,MgPd5,intermetallic,monoclinic,2,0.179650655852134,0.7460394716002007,0.5663888157480667,0.79925311446691
MgPdF6_148,MgPdF6,halide,trigonal,3,0.8317366554863865,0.6802094887385768,-0.15152716674780975,0.75070343031249
MgPt3_221,MgPt3,intermetallic,cubic,2,0.2096070088026069,0.671569559184733,0.46196255038212614,0.7452531930992158
MgRh3_44,MgRh3,intermetallic,orthorhombic,2,0.2096070088026069,0.6863471221363381,0.4767401133337312,0.7557801519475139
MgRhF6_148,MgRhF6,halide,trigonal,3,0.8317366554863865,0.6772188851110647,-0.15451777037532188,0.7485514645708923
MgRh_221,MgRh,intermetallic,cubic,2,0.2096070088026069,0.871461533319387,0.6618545245167802,0.8913693814347056
MgSO4_63,MgSO4,oxide,orthorhombic,3,0.6783286799695527,0.6193492394004259,-0.05897944056912685,0.705785437348011
MgS_225,MgS,chalcogenide,cubic,2,0.3318382539834061,0.5749616686306261,0.24312341464722004,0.6762189554066468
MgSbPd_216,MgSbPd,intermetallic,cubic,3,0.179650655852134,0.9239956141232749,0.7443449582711409,0.9309116803904702
MgSbPt_216,MgSbPt,intermetallic,cubic,3,0.2096070088026069,0.846782744046518,0.6371757352439111,0.8733044626777409
MgSc2Al_225,MgSc2Al,intermetallic,cubic,3,0.0222487628066636,0.2597596350451306,0.237510872238467,0.3973694725862616
MgSc2Cd_225,MgSc2Cd,intermetallic,tetragonal,3,0.0354561657231845,0.9803276950372881,0.9448715293141036,0.9782041536427754
MgSc2Tl_225,MgSc2Tl,intermetallic,cubic,3,0.0237386970797479,0.36772338029771856,0.34398468321797065,0.5048906721429192
MgSc2_63,MgSc2,intermetallic,monoclinic,2,0.0006248047281837,0.26219669819679436,0.26157189346861065,0.3995965435551573
MgScAg2_225,MgScAg2,intermetallic,cubic,3,0.091626825790732,0.9680422269750314,0.8764154011842994,0.9670223240495094
MgScPd2_225,MgScPd2,intermetallic,cubic,3,0.179650655852134,0.9390544575862205,0.7594038017340865,0.9429247616764586
MgScRh2_225,MgScRh2,intermetallic,cubic,3,0.2096070088026069,0.8224451248957505,0.6128381160931435,0.8553746903169727
MgSc_221,MgSc,intermetallic,cubic,2,0.0006248047281837,0.23240737875912176,0.23178257403093808,0.36720959620325444
MgSeO4_63,MgSeO4,oxide,orthorhombic,3,0.6783286799695527,0.624025706851914,-0.05430297311763865,0.709463995016935
MgSe_186,MgSe,chalcogenide,hexagonal,2,0.3191409709080751,0.7222064427029726,0.40306547179489755,0.7864314606159294
MgSiAs2_122,MgSiAs2,pnictide,tetragonal,3,0.1723997243174981,0.3467781898538705,0.1743784655363724,0.4837883779011562
MgSiIr2_225,MgSiIr2,intermetallic,cubic,3,0.179650655852134,0.4186973618047686,0.23904670595263458,0.5451899923399134
MgSiN2_33,MgSiN2,pnictide,orthorhombic,3,0.5267942520624656,0.5113373699642236,-0.01545688209824192,0.6228129649911305
MgSiP2_122,MgSiP2,pnictide,tetragonal,3,0.1760125666682968,0.3202648840691337,0.14425231740083694,0.45780910187840057
MgSiRh2_225,MgSiRh2,intermetallic,cubic,3,0.2096070088026069,0.5981879910471087,0.3885809822445018,0.6898300488654081
MgSn4Ru_140,MgSn4Ru,intermetallic,tetragonal,3,0.179650655852134,0.6306539411919373,0.4510032853398033,0.7166002713509799
MgSnAu_216,MgSnAu,intermetallic,cubic,3,0.3149236588531833,0.9161773618335525,0.6012537029803692,0.924906673393824
MgSnN2_33,MgSnN2,pnictide,orthorhombic,3,0.5267942520624656,0.578014259498999,0.05122000743653343,0.6756865291909616
MgSnRh2_225,MgSnRh2,intermetallic,cubic,3,0.2096070088026069,0.7357274839546457,0.5261204751520387,0.7919765819125831
MgTaOs2_225,MgTaOs2,intermetallic,cubic,3,0.179650655852134,0.4683256947789726,0.28867503892683866,0.5893182079438493
MgTaRu2_225,MgTaRu2,intermetallic,cubic,3,0.179650655852134,0.5658175038701687,0.3861668480180347,0.6667452271285568
MgTe2_205,MgTe2,chalcogenide,cubic,2,0.1444621983413808,0.5608628712280312,0.41640067288665045,0.6670385063327345
MgTe_216,MgTe,chalcogenide,cubic,2,0.1444621983413808,0.6766601016273043,0.5321979032859234,0.7542005662091167
MgTi2O5_63,MgTi2O5,oxide,orthorhombic,3,0.6783286799695527,0.6327079317163912,-0.045620748253161536,0.7159877804610101
MgTiIr2_225,MgTiIr2,intermetallic,cubic,3,0.179650655852134,0.49685599646502826,0.3172053406128943,0.6118093653144744
MgTiO3_148,MgTiO3,oxide,trigonal,3,0.6783286799695527,0.6651170746659972,-0.013211605303555474,0.7397805829948304
MgTiRh2_225,MgTiRh2,intermetallic,trigonal,3,0.2096070088026069,0.6997539064896232,0.4901468976870163,0.7663108837803656
MgTlRh2_225,MgTlRh2,intermetallic,cubic,3,0.2096070088026069,0.7686169598711105,0.5590099510685036,0.8158790025263642
MgTl_221,MgTl,intermetallic,cubic,2,0.0237386970797479,0.29619643534146795,0.27245773826172004,0.4357695971945238
MgZn2_194,MgZn2,intermetallic,hexagonal,2,0.0284863890297042,0.9984398539977962,0.969953464968092,0.997443818345996
MgZnAg2_225,MgZnAg2,intermetallic,cubic,3,0.091626825790732,0.9892572955143017,0.8976304697235697,0.986917376459015
MgZnAu2_225,MgZnAu2,intermetallic,cubic,3,0.3149236588531833,0.9841991065350023,0.669275447681819,0.9817713802318339
MgZnRh2_225,MgZnRh2,intermetallic,cubic,3,0.2096070088026069,0.9750727521083858,0.765465743305779,0.9730256989325725
MgZrAu2_225,MgZrAu2,intermetallic,cubic,3,0.3149236588531833,0.9269177168923602,0.611994058039177,0.9332681793600294
MgZrIr2_225,MgZrIr2,intermetallic,trigonal,3,0.179650655852134,0.8358643531182615,0.6562136972661274,0.8646835362175627
MgZrPd2_225,MgZrPd2,intermetallic,cubic,3,0.179650655852134,0.9321649156823284,0.7525142598301944,0.9373963166879419
MgZrRh2_225,MgZrRh2,intermetallic,cubic,3,0.2096070088026069,0.8753206713731144,0.6657136625705076,0.893832202032774
Mg_194,Mg,elemental,hexagonal,1,0.0,0.1658739348175786,0.1658739348175786,0.288329702026426
Mn(AlTe2)2_121,Mn(AlTe2)2,chalcogenide,monoclinic,3,0.0728361721882469,0.7931888982924058,0.7203527261041589,0.8354394634743203
Mn(BW)2_127,Mn(BW)2,boride/carbide,tetragonal,3,0.1512791964051105,0.29860267505131366,0.14732347864620315,0.4333432497106765
Mn(CrSe2)2_12,Mn(CrSe2)2,chalcogenide,monoclinic,3,0.221199216928595,0.5213229531568986,0.3001237362283036,0.6325022067996338
Mn(GaS2)2_82,Mn(GaS2)2,chalcogenide,triclinic,3,0.2329666519444446,0.5572000893680982,0.32423343742365357,0.6605261982233213
Mn(GaSe2)2_82,Mn(GaSe2)2,chalcogenide,triclinic,3,0.221199216928595,0.632436384177239,0.411237167248644,0.7180902610941184
Mn11Pd21_123,Mn11Pd21,intermetallic,tetragonal,2,0.1002380044323461,0.21875862735221405,0.11852062291986795,0.34990093471082134
Mn2AlB2_65,Mn2AlB2,boride/carbide,orthorhombic,3,0.0582590102347919,0.4900402947476289,0.431781284512837,0.6044690937688182
Mn2AlCr_225,Mn2AlCr,intermetallic,cubic,3,0.0030204292974532,0.545696917562789,0.5426764882653359,0.6500765837358401
Mn2AlRe_225,Mn2AlRe,intermetallic,cubic,3,0.0301608054092976,0.46042412438667213,0.4302633189773745,0.5802118444341883
Mn2AlV_225,Mn2AlV,intermetallic,cubic,3,0.0015987206823936,0.44837149145951205,0.44677277077711847,0.5701205522145076
Mn2AlW_225,Mn2AlW,intermetallic,cubic,3,0.1512791964051105,0.5004070201403328,0.3491278237352223,0.6131756579725028
Mn2CoSi_216,Mn2CoSi,intermetallic,cubic,3,0.0301608054092976,0.5850684343212056,0.554907628911908,0.6792381849566368
Mn2CrCo_225,Mn2CrCo,intermetallic,cubic,3,0.0268577401186475,0.3569187773361207,0.3300610372174732,0.48987910269093976
Mn2N_60,Mn2N,pnictide,monoclinic,2,0.4259420904306977,0.08942403133015153,-0.33651805910054616,0.1801734999740111
Mn2NbAl_225,Mn2NbAl,intermetallic,cubic,3,0.0008995951214726,0.6017117038725773,0.6008121087511047,0.6924881439256441
Mn2Nb_194,Mn2Nb,intermetallic,hexagonal,2,0.0006248047281837,0.13052715006076346,0.12990234533257977,0.24015223228340654
Mn2P_189,Mn2P,pnictide,hexagonal,2,0.0973315879190579,0.388562353242491,0.2912307653234331,0.5183251104863082
Mn2PtRh_225,Mn2PtRh,intermetallic,cubic,3,0.1247318653784049,0.09727915196625522,-0.02745271341214968,0.19258805326940942
Mn2Sb_129,Mn2Sb,intermetallic,tetragonal,2,0.0605869371865241,0.7610808421347651,0.700493904948241,0.810729091061432
Mn2SiS4_62,Mn2SiS4,chalcogenide,orthorhombic,3,0.2329666519444446,0.5439039074297368,0.3109372554852922,0.6499726373032721
Mn2VGa_225,Mn2VGa,intermetallic,cubic,3,0.0167579960807445,0.5237826329904699,0.5070246369097254,0.6325376929454117
Mn2VGe_225,Mn2VGe,intermetallic,tetragonal,3,0.0515251447743954,0.404232752930247,0.3527076081558516,0.5319390875842864
Mn2VSi_225,Mn2VSi,intermetallic,cubic,3,0.0301608054092976,0.3848796305746056,0.354718825165308,0.5146158663027061
Mn3Al9Si_194,Mn3Al9Si,intermetallic,hexagonal,3,0.0301608054092976,0.6691189883248192,0.6389581829155216,0.7427198528232659
Mn3AlC_221,Mn3AlC,boride/carbide,cubic,3,0.221199216928595,0.508896870083439,0.28769765315484397,0.6200957014059011
Mn3GaN_221,Mn3GaN,pnictide,tetragonal,3,0.4259420904306977,0.6044354667108263,0.17849337628012857,0.6949299001040327
Mn3Ge_225,Mn3Ge,intermetallic,cubic,2,0.0515251447743954,0.43091106317737815,0.37938591840298275,0.5551890597400797
Mn3Ir_194,Mn3Ir,intermetallic,hexagonal,2,0.1002380044323461,0.1377758495251143,0.037537845092768196,0.24993101997088055
Mn3PtN_221,Mn3PtN,pnictide,cubic,3,0.4259420904306977,0.11494637821329812,-0.3109957122173996,0.2185012872293245
Mn3SnC_221,Mn3SnC,boride/carbide,cubic,3,0.221199216928595,0.533313047126369,0.31211383019777394,0.6396953116346056
Mn3ZnC_221,Mn3ZnC,boride/carbide,cubic,3,0.221199216928595,0.8365408941146628,0.6153416771860678,0.8643523931677277
Mn4Al11_2,Mn4Al11,intermetallic,triclinic,2,0.0008995951214726,0.5867546781899514,0.5858550830684788,0.6811954494151112
Mn5C2_15,Mn5C2,boride/carbide,monoclinic,2,0.221199216928595,0.16274801856193974,-0.05845119836665527,0.2815820410424477
Mn5Si3_193,Mn5Si3,intermetallic,hexagonal,2,0.0301608054092976,0.47278081525128046,0.44262000984198285,0.5906141259433083
MnAl6_63,MnAl6,intermetallic,orthorhombic,2,0.0008995951214726,0.4979843317114914,0.49708473659001884,0.6119181190767369
MnAlAu2_225,MnAlAu2,intermetallic,cubic,3,0.2173150291269947,0.7037298105481288,0.48641478142113403,0.768665731179518
MnAlCo2_225,MnAlCo2,intermetallic,cubic,3,0.0268577401186475,0.7215894497097088,0.6947317095910613,0.7805499790033827
MnAlCu2_225,MnAlCu2,intermetallic,cubic,3,0.0301608054092976,0.963571169568069,0.9334103641587714,0.9626091914587812
MnAlFe2_225,MnAlFe2,intermetallic,cubic,3,0.0194091687975715,0.6013658781057091,0.5819567093081376,0.6916950352784714
MnAlGe_129,MnAlGe,intermetallic,tetragonal,3,0.0515251447743954,0.723624065255028,0.6720989204806326,0.7826525869974985
MnAlIr2_225,MnAlIr2,intermetallic,cubic,3,0.1002380044323461,0.45707612773108436,0.35683812329873826,0.5779674767332962
MnAlNi2_225,MnAlNi2,intermetallic,cubic,3,0.0318807430834372,0.8921668997761845,0.8602861566927472,0.9052887518812721
MnAlPd2_225,MnAlPd2,intermetallic,cubic,3,0.1002380044323461,0.7062083002484143,0.6059702958160682,0.7701810945414027
MnAlPt_194,MnAlPt,intermetallic,hexagonal,3,0.1247318653784049,0.5965717033366116,0.47183983795820666,0.6889907362235533
MnAlRh2_225,MnAlRh2,intermetallic,cubic,3,0.1247318653784049,0.534536845862546,0.4098049804841411,0.6407393143148443
MnAlRu2_225,MnAlRu2,intermetallic,cubic,3,0.1002380044323461,0.42513960811882096,0.32490160368647486,0.5506245641937191
MnAl_123,MnAl,intermetallic,tetragonal,2,0.0008995951214726,0.6013430263985688,0.6004434312770962,0.69202731735172
MnAsRh_189,MnAsRh,pnictide,monoclinic,3,0.1247318653784049,0.5238879984334833,0.3991561330550784,0.6329813977607316
MnAsRu_189,MnAsRu,pnictide,hexagonal,3,0.1002380044323461,0.4372542855534378,0.3370162811210917,0.5617955758757579
MnAs_62,MnAs,pnictide,orthorhombic,2,0.0944610611608639,0.5594536294346231,0.4649925682737592,0.660599136272428
MnAu2_139,MnAu2,intermetallic,tetragonal,2,0.2173150291269947,0.1927540543498906,-0.024560974777104116,0.3201642833469905
MnAu4_87,MnAu4,intermetallic,tetragonal,2,0.2173150291269947,0.18248579504072202,-0.0348292340862727,0.30767464702502456
MnAu_221,MnAu,intermetallic,tetragonal,2,0.2173150291269947,0.2067826243527514,-0.010532404774243304,0.3369621401137982
MnB4_58,MnB4,boride/carbide,orthorhombic,2,0.0582590102347919,0.28273396903667436,0.22447495880188245,0.4170587395772812
MnBe2Ir_225,MnBe2Ir,intermetallic,cubic,3,0.1002380044323461,0.40510267151897283,0.30486466708662674,0.5325515309427583
MnBe2Rh_225,MnBe2Rh,intermetallic,cubic,3,0.1247318653784049,0.4822560304210258,0.3575241650426209,0.5979908471674998
MnBe2_194,MnBe2,intermetallic,hexagonal,2,9.999500016666384e-05,0.46874392791727015,0.4686439329171035,0.5868372518508467
MnBr2_164,MnBr2,halide,trigonal,2,0.3916622248233102,0.778073220809472,0.38641099598616185,0.8244228172276917
MnCl2_166,MnCl2,halide,trigonal,2,0.4769221640068622,0.5353605878621754,0.058438423855313226,0.6439263013142122
MnCo2Ge_225,MnCo2Ge,intermetallic,cubic,3,0.0515251447743954,0.6880112551382194,0.636486110363824,0.7560664858048294
MnCo2Sb_225,MnCo2Sb,intermetallic,cubic,3,0.0605869371865241,0.764522869610823,0.703935932424299,0.8120310502566348
MnCo2Si_225,MnCo2Si,intermetallic,cubic,3,0.0301608054092976,0.6716663783735591,0.6415055729642616,0.7440269575564036
MnCo2Sn_225,MnCo2Sn,intermetallic,cubic,3,0.0411541908723854,0.7784123562226891,0.7372581653503038,0.8219970219881174
MnCoP_62,MnCoP,pnictide,orthorhombic,3,0.0973315879190579,0.6361995463175026,0.5388679583984447,0.7180473149149995
MnCoSb_216,MnCoSb,intermetallic,cubic,3,0.0605869371865241,0.8339021676155122,0.7733152304289881,0.8626801736059103
MnCoSi_62,MnCoSi,intermetallic,orthorhombic,3,0.0301608054092976,0.6985921007340392,0.6684312953247417,0.7640314921565954
MnCo_221,MnCo,intermetallic,cubic,2,0.0268577401186475,0.2368729728815215,0.210015232762874,0.36874141081619294
MnCu2GeS4_31,MnCu2GeS4,chalcogenide,orthorhombic,4,0.2329666519444446,0.9723941879463012,0.7394275360018565,0.970672408465443
MnCu2SnS4_121,MnCu2SnS4,chalcogenide,tetragonal,4,0.2329666519444446,0.9779393897790528,0.7449727378346083,0.9757783374834298
MnCu2SnSe4_121,MnCu2SnSe4,chalcogenide,tetragonal,4,0.221199216928595,0.9860977343662191,0.764898517437624,0.9836814276407919
MnCuPd2_225,MnCuPd2,intermetallic,cubic,3,0.1002380044323461,0.6971725683637408,0.5969345639313947,0.7635801299686202
MnFe2Si_225,MnFe2Si,intermetallic,cubic,3,0.0301608054092976,0.5479531412501581,0.5177923358408606,0.6505482127869378
MnFeAs_189,MnFeAs,pnictide,orthorhombic,3,0.0944610611608639,0.6038289573638201,0.5093678962029562,0.6942110136636089
MnGaCo2_225,MnGaCo2,intermetallic,cubic,3,0.0268577401186475,0.714642595797808,0.6877848556791605,0.7754781280630292
MnGaNi2_139,MnGaNi2,intermetallic,tetragonal,3,0.0318807430834372,0.8949121434897114,0.8630314004062741,0.907396102344446
MnGaPt_194,MnGaPt,intermetallic,hexagonal,3,0.1247318653784049,0.593584885677798,0.4688530202993931,0.6867581911222698
MnGaRh2_225,MnGaRh2,intermetallic,cubic,3,0.1247318653784049,0.5286665090069973,0.4039346436285924,0.6360937837968618
MnGeRu2_225,MnGeRu2,intermetallic,cubic,3,0.1002380044323461,0.3895190555438177,0.2892810511114716,0.5193898827858757
MnGe_198,MnGe,intermetallic,cubic,2,0.0515251447743954,0.5564621973953463,0.5049370526209509,0.6577284690221089
MnI2_164,MnI2,halide,trigonal,2,0.2651030546442224,0.9318260852859935,0.6667230306417711,0.9378834378852754
MnInRh2_225,MnInRh2,intermetallic,orthorhombic,3,0.1247318653784049,0.6274965812643613,0.5027647158859564,0.7124608266232898
MnIr3_194,MnIr3,intermetallic,monoclinic,2,0.1002380044323461,0.12579060863129243,0.025552604198946338,0.23324119253352066
MnIr_123,MnIr,intermetallic,tetragonal,2,0.1002380044323461,0.130012783710158,0.029774779277811914,0.23890840881388808
MnNbGe_189,MnNbGe,intermetallic,hexagonal,3,0.0515251447743954,0.669306671129141,0.6177815263547456,0.7436524206797203
MnNbRu2_225,MnNbRu2,intermetallic,orthorhombic,3,0.1002380044323461,0.2580877522553151,0.157849747822969,0.3929625233494784
MnNbSi_189,MnNbSi,intermetallic,hexagonal,3,0.0301608054092976,0.6116295196889832,0.5814687142796856,0.7003961364841214
MnNiGe_62,MnNiGe,intermetallic,monoclinic,3,0.0515251447743954,0.895097808903986,0.8435726641295906,0.9077070382473841
MnNiSb_216,MnNiSb,intermetallic,cubic,3,0.0605869371865241,0.9370050466606386,0.8764181094741145,0.9406432725255712
MnP4_2,MnP4,pnictide,triclinic,2,0.0973315879190579,0.44851044166194354,0.35117885374288565,0.5711917813470409
MnP_62,MnP,pnictide,monoclinic,2,0.0973315879190579,0.45486198122980526,0.3575303933107474,0.5758616580862442
MnPd3_139,MnPd3,intermetallic,tetragonal,2,0.1002380044323461,0.1915989941419235,0.0913609897095774,0.31821955863644436
MnPd_123,MnPd,intermetallic,tetragonal,2,0.1002380044323461,0.22626948062489788,0.12603147619255178,0.358764951774703
MnPt3_221,MnPt3,intermetallic,cubic,2,0.1247318653784049,0.08607940743773392,-0.03865245794067099,0.1752362136166781
MnPt_123,MnPt,intermetallic,tetragonal,2,0.1247318653784049,0.100098603878652,-0.024633261499752895,0.1968977471716914
MnRh_221,MnRh,intermetallic,cubic,2,0.1247318653784049,0.08850989365809024,-0.03622197172031466,0.1790913105188642
MnS2_166,MnS2,chalcogenide,trigonal,2,0.2329666519444446,0.6383795288745373,0.4054128769300927,0.7215069014375805
MnS_225,MnS,chalcogenide,trigonal,2,0.2329666519444446,0.498015572631254,0.2650489206868094,0.6133473900735384
MnSbIr_216,MnSbIr,intermetallic,cubic,3,0.1002380044323461,0.6481688204252384,0.5479308159928923,0.7285939720604446
MnSbPt_216,MnSbPt,intermetallic,cubic,3,0.1247318653784049,0.7382423008771708,0.6135104354987659,0.7944306069676063
MnSbRh2_123,MnSbRh2,intermetallic,tetragonal,3,0.1247318653784049,0.5927089020958566,0.46797703671745167,0.6863822666398455
MnSbRh_216,MnSbRh,intermetallic,cubic,3,0.1247318653784049,0.7210184104842271,0.5962865451058222,0.7817913991540063
MnSbRu2_225,MnSbRu2,intermetallic,cubic,3,0.1002380044323461,0.4752296633419786,0.3749916589096325,0.5935289179959373
MnSb_194,MnSb,intermetallic,hexagonal,2,0.0605869371865241,0.7696064875977404,0.7090195504112163,0.8169685058632559
MnSe_186,MnSe,chalcogenide,hexagonal,2,0.221199216928595,0.7672763475587722,0.5460771306301772,0.8166783600115252
MnSiIr_62,MnSiIr,intermetallic,orthorhombic,3,0.1002380044323461,0.4281271430101762,0.3278891385778301,0.5535221621957627
MnSiNi_62,MnSiNi,intermetallic,orthorhombic,3,0.0318807430834372,0.873973836133051,0.8420930930496138,0.8916807674816362
MnSiRh_62,MnSiRh,intermetallic,orthorhombic,3,0.1247318653784049,0.5006714272417417,0.3759395618633368,0.6138609206141643
MnSiRu2_225,MnSiRu2,intermetallic,cubic,3,0.1002380044323461,0.3604655737456454,0.2602275693132993,0.4927357057371208
MnSiTc2_225,MnSiTc2,intermetallic,cubic,3,0.0301608054092976,0.35592068946023203,0.3257598840509344,0.4887207033660194
MnSi_198,MnSi,intermetallic,cubic,2,0.0301608054092976,0.5014218419749736,0.47126103656567603,0.6137715019221015
MnSn2_140,MnSn2,intermetallic,tetragonal,2,0.0411541908723854,0.8070491315323864,0.7658949406600011,0.8438908589473403
MnSnAu_216,MnSnAu,intermetallic,cubic,3,0.2173150291269947,0.8344136363758304,0.6170986072488357,0.8637488087903024
MnSnPd2_225,MnSnPd2,intermetallic,cubic,3,0.1002380044323461,0.7483605567597629,0.6481225523274168,0.8009662505228944
MnSnPt_216,MnSnPt,intermetallic,cubic,3,0.1247318653784049,0.7493532706897089,0.6246214053113041,0.80226343240752
MnSnRh2_225,MnSnRh2,intermetallic,cubic,3,0.1247318653784049,0.6015179371853497,0.4767860718069448,0.6928879610803746
MnSnRu2_225,MnSnRu2,intermetallic,cubic,3,0.1002380044323461,0.49946137083282066,0.39922336640047457,0.6132187955766183
MnTe2_205,MnTe2,chalcogenide,trigonal,2,0.0728361721882469,0.8591282721023273,0.7862920999140804,0.8828393475034014
MnTe_216,MnTe,chalcogenide,cubic,2,0.0728361721882469,0.8881189587517843,0.8152827865635374,0.9043898565232843
MnV2Cr_225,MnV2Cr,intermetallic,cubic,3,0.0030204292974532,0.2548816683373702,0.251861239039917,0.388845815556805
MnVRu2_225,MnVRu2,intermetallic,cubic,3,0.1002380044323461,0.2399225848713247,0.1396845804389786,0.3728266575208064
MnV_221,MnV,intermetallic,cubic,2,0.0015987206823936,0.2800529911292613,0.2784542704468677,0.414676951347757
MnZn3_221,MnZn3,intermetallic,cubic,2,0.0024968776025399,0.8768294619197438,0.8743325843172038,0.8942101213611073
MnZnIr2_225,MnZnIr2,intermetallic,cubic,3,0.1002380044323461,0.8996598705967925,0.7994218661644464,0.9111868916556076
Mo2CN_25,Mo2CN,pnictide,orthorhombic,3,0.1760125666682968,0.18858029876764568,0.012567732099348888,0.31354185368295634
Mo2C_60,Mo2C,boride/carbide,orthorhombic,2,0.0373111266314774,0.16144690455534907,0.12413577792387168,0.2811131794122209
Mo3Ir_223,Mo3Ir,intermetallic,cubic,2,0.0003999200106655,0.27238251615112513,0.2719825961404596,0.40824320927934615
Mo3Os_223,Mo3Os,intermetallic,cubic,2,0.0003999200106655,0.19173174361512477,0.19133182360445927,0.3188351378810553
Mo3Pt_223,Mo3Pt,intermetallic,cubic,2,0.0035935277690065,0.40697713581502265,0.40338360804601614,0.5362040429048747
Mo5As4_87,Mo5As4,pnictide,tetragonal,2,9.999500016666384e-05,0.2482477697618618,0.24814777476169514,0.382992721724793
MoBr3_59,MoBr3,halide,orthorhombic,2,0.1478562110337886,0.38954375139998243,0.24168754036619383,0.5240124382651191
MoC_187,MoC,boride/carbide,hexagonal,2,0.0373111266314774,0.09772328544378922,0.06041215881231182,0.19254086230712258
MoIr3_194,MoIr3,intermetallic,hexagonal,2,0.0003999200106655,0.2193517039073507,0.2189517838966852,0.34989371766865135
MoIr_51,MoIr,intermetallic,orthorhombic,2,0.0003999200106655,0.2542018488049134,0.2538019287942479,0.38830684162073836
MoN_186,MoN,pnictide,hexagonal,2,0.1760125666682968,0.21378963707377757,0.037777070405480784,0.34296099203159397
MoP4_15,MoP4,pnictide,monoclinic,2,0.0002249746893983,0.14532268282917984,0.14509770813978154,0.26046491915824094
MoP_187,MoP,pnictide,hexagonal,2,0.0002249746893983,0.12627388500469577,0.12604891031529747,0.23433557437891334
MoPt2_71,MoPt2,intermetallic,orthorhombic,2,0.0035935277690065,0.40337771650791154,0.39978418873890503,0.5323043009082397
MoPt_51,MoPt,intermetallic,orthorhombic,2,0.0035935277690065,0.4379932860683514,0.4343997582993449,0.5623588632329404
MoRh3_194,MoRh3,intermetallic,hexagonal,2,0.0035935277690065,0.3542244574155495,0.35063092964654297,0.4875973133216362
MoRh_51,MoRh,intermetallic,orthorhombic,2,0.0035935277690065,0.43606026945446313,0.4324667416854566,0.5606516246852922
MoRu3_194,MoRu3,intermetallic,hexagonal,2,0.0003999200106655,0.19809829936674025,0.19769837935607476,0.3253010499142085
MoS2_160,MoS2,chalcogenide,trigonal,2,0.0431417331380903,0.18202272369347636,0.13888099055538605,0.30721938369166035
MoSe2_194,MoSe2,chalcogenide,hexagonal,2,0.0373111266314774,0.2765024867797775,0.23919136014830011,0.4135430818766859
Mo_229,Mo,elemental,cubic,1,0.0,0.13530499884301453,0.13530499884301453,0.247787879406353
NO2_204,NO2,oxide,cubic,2,0.0392105608476768,0.10637474905370652,0.0671641882060297,0.20580872088613744
Na(BH)6_14,Na(BH)6,hydride,monoclinic,3,0.3318382539834061,0.2434936413370298,-0.0883446126463763,0.3761952634724514
Na(CoO2)2_59,Na(CoO2)2,oxide,orthorhombic,3,0.792997622442975,0.9049087292703524,0.11191110682737737,0.9151813224892974
Na(CuS)4_164,Na(CuS)4,chalcogenide,trigonal,3,0.4936995443266185,0.9953736423135259,0.5016740979869074,0.9935601902128327
Na2(ReS2)3_15,Na2(ReS2)3,chalcogenide,monoclinic,3,0.4936995443266185,0.7502624444300269,0.2565629001034084,0.8032150831050553
Na2Al2B2O7_163,Na2Al2B2O7,oxide,trigonal,4,0.792997622442975,0.8373209248022754,0.044323302359300376,0.8654893229300695
Na2BHO3_62,Na2BHO3,oxide,orthorhombic,4,0.792997622442975,0.8077527575804744,0.014755135137499376,0.8436281573917536
Na2CN2_12,Na2CN2,pnictide,monoclinic,3,0.6714364484660806,0.7184826152075919,0.0470461667415113,0.7796639473504258
Na2CdPb_216,Na2CdPb,intermetallic,cubic,3,0.3873736058155839,0.995007694298462,0.6076340884828781,0.9932897424547178
Na2CdSnS4_82,Na2CdSnS4,chalcogenide,monoclinic,4,0.4936995443266185,0.9651426618163711,0.4714431174897526,0.9646807256324914
Na2CuAs_63,Na2CuAs,pnictide,orthorhombic,3,0.323366153838271,0.9990128094819425,0.6756466556436715,0.9983027854741451
Na2CuP_63,Na2CuP,pnictide,orthorhombic,3,0.3275987376029972,0.9984488616035564,0.6708501240005592,0.9974948849823613
Na2GeO3_36,Na2GeO3,oxide,orthorhombic,3,0.792997622442975,0.858637741992679,0.06564011954970395,0.880921449439417
Na2H2Pd_139,Na2H2Pd,hydride,tetragonal,3,0.3318382539834061,0.943889033031973,0.612050779048567,0.9470863265495107
Na2H4Pd_139,Na2H4Pd,hydride,tetragonal,3,0.3318382539834061,0.7901463389647371,0.45830808498133097,0.8320715076628487
Na2H4Pt_139,Na2H4Pt,hydride,tetragonal,3,0.3659484381419323,0.653201374096113,0.2872529359541807,0.7328962828440581
Na2H6Pt_225,Na2H6Pt,hydride,cubic,3,0.3659484381419323,0.3797187138868464,0.013770275744914129,0.5104593480604689
Na2Hf2O5_123,Na2Hf2O5,oxide,tetragonal,3,0.792997622442975,0.8535201836881708,0.06052256124519584,0.8772532180260688
Na2HgO2_139,Na2HgO2,oxide,tetragonal,3,0.792997622442975,0.9519599315054932,0.15896230906251818,0.953160167165961
Na2LiAlP2_64,Na2LiAlP2,pnictide,orthorhombic,4,0.3275987376029972,0.5131613956142377,0.1855626580112405,0.6277899650388759
Na2MgAlF7_74,Na2MgAlF7,halide,orthorhombic,4,0.9022776515068311,0.9381270456056803,0.03584939409884913,0.9414528834099615
Na2MgSn_194,Na2MgSn,intermetallic,orthorhombic,3,0.2329666519444445,0.8276763187745363,0.5947096668300917,0.8630188545149173
Na2O2_189,Na2O2,oxide,hexagonal,2,0.792997622442975,0.8871553972053947,0.09415777476241971,0.9021114877370969
Na2O_225,Na2O,oxide,cubic,2,0.792997622442975,0.923914565585813,0.13091694314283797,0.9309819705031143
Na2Pd3O4_71,Na2Pd3O4,oxide,orthorhombic,3,0.792997622442975,0.8916611510859758,0.09866352864300076,0.9052455071195471
Na2PtO2_71,Na2PtO2,oxide,orthorhombic,3,0.792997622442975,0.9133988392128993,0.12040121676992432,0.9222015441220243
Na2SO4_70,Na2SO4,oxide,orthorhombic,3,0.792997622442975,0.8373045329035999,0.04430691046062485,0.8649329225707674
Na2S_225,Na2S,chalcogenide,cubic,2,0.4936995443266185,0.9402640582502166,0.44656451392359814,0.945468654781251
Na2SeO4_70,Na2SeO4,oxide,orthorhombic,3,0.792997622442975,0.8245164735643404,0.03151885112136543,0.8557985293018667
Na2Se_225,Na2Se,chalcogenide,cubic,2,0.4811290095345474,0.9674624809863017,0.4863334714517543,0.9678608947774032
Na2SiO3_36,Na2SiO3,oxide,orthorhombic,3,0.792997622442975,0.8762154624930341,0.08321784005005906,0.8939511562055283
Na2Te_225,Na2Te,chalcogenide,cubic,2,0.2898116056575418,0.9863065797023157,0.6964949740447739,0.9848375225306396
Na2ThF6_150,Na2ThF6,halide,trigonal,3,0.9022776515068311,0.9004323898320992,-0.0018452616747319794,0.9116817185802566
Na2Ti2As2O_139,Na2Ti2As2O,oxide,tetragonal,4,0.792997622442975,0.9349201406500751,0.1419225182071001,0.939629745273963
Na2Ti3O7_11,Na2Ti3O7,oxide,monoclinic,3,0.792997622442975,0.8631145415467396,0.07011691910376461,0.8838387541813468
Na2TiGeO5_129,Na2TiGeO5,oxide,tetragonal,4,0.792997622442975,0.8140920216911828,0.021094399248207774,0.8483440811151338
Na2TlBi_225,Na2TlBi,intermetallic,cubic,3,0.2569745635061699,0.824344609248946,0.5673700457427762,0.8605288154409206
Na2TlSb_225,Na2TlSb,intermetallic,cubic,3,0.269188705779996,0.754188025789482,0.484999320009486,0.8104461092306354
Na2UI6_148,Na2UI6,halide,trigonal,3,0.5267942520624656,0.9800273475753113,0.45323309551284574,0.9784608062022532
Na2ZnGe_63,Na2ZnGe,intermetallic,orthorhombic,3,0.2529326968628042,0.9996911535928609,0.7467584567300567,0.9993712321671473
Na2ZnSiO4_7,Na2ZnSiO4,oxide,monoclinic,4,0.792997622442975,0.9720450795636814,0.17904745712070635,0.9702776965844974
Na2Zr(CuS2)2_12,Na2Zr(CuS2)2,chalcogenide,monoclinic,4,0.4936995443266185,0.9962053030279725,0.5025057587013539,0.994582430976432
Na2ZrO3_15,Na2ZrO3,oxide,monoclinic,3,0.792997622442975,0.9296864947746104,0.1366888723316354,0.9346317260945661
Na2ZrSe3_12,Na2ZrSe3,chalcogenide,monoclinic,3,0.4811290095345474,0.9695841528314884,0.48845514329694095,0.9685984439181742
Na3(CuS)4_55,Na3(CuS)4,chalcogenide,orthorhombic,3,0.4936995443266185,0.9988326395090912,0.5051330951824726,0.9980089341779337
Na3AgO2_72,Na3AgO2,oxide,orthorhombic,3,0.792997622442975,0.9585287742340594,0.16553115179108435,0.9586786552534213
Na3AlAs2_72,Na3AlAs2,pnictide,orthorhombic,3,0.323366153838271,0.7785281623000798,0.4551620084618088,0.8267648727581689
Na3AlF6_14,Na3AlF6,halide,monoclinic,3,0.9022776515068311,0.9305752226577738,0.02829757115094267,0.9352908000512993
Na3AlP2_72,Na3AlP2,pnictide,monoclinic,3,0.3275987376029972,0.7001035473165458,0.3725048097135486,0.7699352627348922
Na3BN2_14,Na3BN2,pnictide,monoclinic,3,0.6714364484660806,0.7240372196083246,0.05260077114224393,0.7843050824675013
Na3Bi_194,Na3Bi,intermetallic,hexagonal,2,0.2569745635061699,0.9989332199807093,0.7419586564745394,0.9983258943631586
Na3BrO_221,Na3BrO,halide,cubic,3,0.792997622442975,0.9602555999330186,0.16725797749004356,0.9609378474858852
Na3ClO_221,Na3ClO,halide,cubic,3,0.792997622442975,0.9414133893504115,0.14841576690743652,0.9453155314955096
Na3H(SO4)2_14,Na3H(SO4)2,oxide,triclinic,4,0.792997622442975,0.7884928426963007,-0.004504779746674292,0.8295585792055672
Na3OsN2_14,Na3OsN2,pnictide,monoclinic,3,0.6714364484660806,0.9395042241733204,0.2680677757072397,0.9438360852683584
Na3P(SO)2_61,Na3P(SO)2,oxide,orthorhombic,4,0.792997622442975,0.9262526189509803,0.13325499650800532,0.9327506281516998
Na3P11_60,Na3P11,pnictide,orthorhombic,2,0.3275987376029972,0.5488752963233311,0.22127655872033392,0.6552029855709494
Na3PS3O_36,Na3PS3O,oxide,orthorhombic,4,0.792997622442975,0.8864492427671414,0.09345162032416643,0.902787076743958
Na3PS4_114,Na3PS4,chalcogenide,tetragonal,3,0.4936995443266185,0.6965337801512171,0.20283423582459864,0.766068159557225
Na3PSO3_161,Na3PSO3,oxide,trigonal,4,0.792997622442975,0.9019821591289438,0.10898453668596875,0.9136524651675529
Na3P_194,Na3P,pnictide,hexagonal,2,0.3275987376029972,0.987881828096874,0.6602830904938768,0.9863311973120871
Na3PaF8_139,Na3PaF8,halide,monoclinic,3,0.9022776515068311,0.9106059276070398,0.008328276100208698,0.919554178281385
Na3SbS4_217,Na3SbS4,chalcogenide,cubic,3,0.4936995443266185,0.7207559224655565,0.22705637813893803,0.7841631718959328
Na3SbSe4_217,Na3SbSe4,chalcogenide,cubic,3,0.4811290095345474,0.7764847922871019,0.2953557827525545,0.8248422830540979
Na3Sb_194,Na3Sb,intermetallic,hexagonal,2,0.269188705779996,0.9930611660626338,0.7238724602826379,0.9915843720949905
Na3ScBr6_163,Na3ScBr6,halide,triclinic,3,0.6430733569609196,0.8257184605782114,0.1826451036172918,0.8601029410522806
Na4Al3Si3ClO12_218,Na4Al3Si3ClO12,halide,cubic,5,0.792997622442975,0.9087583636584098,0.11576074121543478,0.9189182553706289
Na4CdP2_166,Na4CdP2,pnictide,trigonal,3,0.3275987376029972,0.9968074601944631,0.6692087225914659,0.995466332548525
Na4HgP2_166,Na4HgP2,pnictide,trigonal,3,0.3275987376029972,0.990495902262687,0.6628971646596898,0.9885103011175297
Na4I2O_139,Na4I2O,halide,tetragonal,3,0.792997622442975,0.9818464618681482,0.18884883942517317,0.9801931821545403
Na4IrO4_87,Na4IrO4,oxide,monoclinic,3,0.792997622442975,0.8867648324774584,0.0937672100344834,0.9018942997569434
Na4P2O7_19,Na4P2O7,oxide,orthorhombic,3,0.792997622442975,0.8502357987440082,0.05723817630103323,0.8745036521571368
Na4Ti5O12_147,Na4Ti5O12,oxide,trigonal,3,0.792997622442975,0.7306069292567418,-0.06239069318623325,0.7875313622249602
Na4UO5_87,Na4UO5,oxide,tetragonal,3,0.792997622442975,0.8951184413113177,0.10212081886834268,0.9078666610167373
Na4Zr2(SiO4)3_167,Na4Zr2(SiO4)3,oxide,trigonal,4,0.792997622442975,0.8807316091110933,0.08773398666811827,0.8971679537817712
Na5BiO5_12,Na5BiO5,oxide,triclinic,3,0.792997622442975,0.8497971249992284,0.056799502556253434,0.8742665281570982
Na5CuSO2_123,Na5CuSO2,oxide,tetragonal,4,0.792997622442975,0.9975408099981619,0.20454318755518686,0.9963284047041047
Na5OsN4_59,Na5OsN4,pnictide,orthorhombic,3,0.6714364484660806,0.8761656189630259,0.20472917049694528,0.8948282707228482
Na5OsO6_12,Na5OsO6,oxide,monoclinic,3,0.792997622442975,0.8412352254259026,0.04823760298292756,0.8676905912082584
Na5ReO6_12,Na5ReO6,oxide,monoclinic,3,0.792997622442975,0.836084044907247,0.04308642246427197,0.863944773548492
Na6MnS4_186,Na6MnS4,chalcogenide,orthorhombic,3,0.4936995443266185,0.9487263059908059,0.4550267616641874,0.951555889823219
Na6WN4_137,Na6WN4,pnictide,tetragonal,3,0.6714364484660806,0.8357688581993299,0.16433240973324925,0.8653641249859022
Na6ZnS4_186,Na6ZnS4,chalcogenide,hexagonal,3,0.4936995443266185,0.9945937900515665,0.5008942457249479,0.992803593919623
Na6ZnSn2_12,Na6ZnSn2,intermetallic,monoclinic,3,0.2329666519444445,0.9997832431044114,0.7668165911599669,0.9995481847667949
Na8SnSb4_227,Na8SnSb4,intermetallic,trigonal,3,0.269188705779996,0.9546957115903776,0.6855070058103816,0.9574184735917465
Na8Ti5O14_2,Na8Ti5O14,oxide,triclinic,3,0.792997622442975,0.8585345993545855,0.06553697691161053,0.8804290550766782
NaAcTl2_225,NaAcTl2,intermetallic,cubic,3,0.1122143941556313,0.8601993676762197,0.7479849735205885,0.8844649830430209
NaAg2_227,NaAg2,intermetallic,cubic,2,0.2211992169285951,0.9928883929035726,0.7716891759749774,0.9908631775636328
NaAgO2_12,NaAgO2,oxide,monoclinic,3,0.792997622442975,0.9192393176908917,0.12624169524791673,0.9264883820514296
NaAl11O17_194,NaAl11O17,oxide,trigonal,3,0.792997622442975,0.9081651309214718,0.11516750847849677,0.9178878541085713
NaAlGe_129,NaAlGe,intermetallic,tetragonal,3,0.2529326968628042,0.43628813287567275,0.18335543601286858,0.564090032585945
NaAlH4_88,NaAlH4,hydride,tetragonal,3,0.3318382539834061,0.15589949618838395,-0.17593875779502216,0.27384524518914083
NaAlSi_129,NaAlSi,intermetallic,tetragonal,3,0.2096070088026069,0.4065171653294017,0.19691015652679478,0.5378699061783572
NaAu2_227,NaAu2,intermetallic,cubic,2,0.4769221640068621,0.9654415947852071,0.488519430778345,0.9647365822321271
NaBF4_63,NaBF4,halide,orthorhombic,3,0.9022776515068311,0.8699597954466948,-0.032317856060136374,0.8888492972361138
NaBH4_137,NaBH4,hydride,tetragonal,3,0.3318382539834061,0.15317486084021067,-0.17866339314319543,0.2697886256507689
NaBO2_167,NaBO2,oxide,trigonal,3,0.792997622442975,0.8132840445207913,0.02028642207781628,0.8474339277106039
NaBPt3_191,NaBPt3,boride/carbide,hexagonal,3,0.3659484381419323,0.7688641739381021,0.40291573579616985,0.8157937442405151
NaBeAs_194,NaBeAs,pnictide,hexagonal,3,0.323366153838271,0.43239527328830263,0.10902911945003163,0.5610359947975723
NaBiO3_148,NaBiO3,oxide,trigonal,3,0.792997622442975,0.7798617771586642,-0.013135845284310776,0.8233275227343706
NaBi_123,NaBi,intermetallic,tetragonal,2,0.2569745635061699,0.8784936313642822,0.6215190678581123,0.8993837322626499
NaBrO3_198,NaBrO3,halide,cubic,3,0.792997622442975,0.7716848867014033,-0.021312735741571665,0.8176515727740769
NaBr_225,NaBr,halide,cubic,2,0.6430733569609196,0.926872379802384,0.2837990228414644,0.9348925712501587
NaCNO_160,NaCNO,oxide,trigonal,4,0.792997622442975,0.7625301996286283,-0.030467422814346667,0.8114228467522453
NaCa2Tl_225,NaCa2Tl,intermetallic,cubic,3,0.1122143941556313,0.9423422867609669,0.8301278926053356,0.9459249511695003
NaCaAs_216,NaCaAs,pnictide,cubic,3,0.323366153838271,0.9640723738763788,0.6407062200381077,0.9642423086981403
NaCd2Pt_225,NaCd2Pt,intermetallic,cubic,3,0.3659484381419323,0.9728978991633761,0.6069494610214439,0.9713452538815717
NaCdSb_62,NaCdSb,intermetallic,orthorhombic,3,0.269188705779996,0.9949758421746401,0.7257871363946441,0.993208720941017
NaCl_225,NaCl,halide,cubic,2,0.7115475428918885,0.8476289006980323,0.13608135780614383,0.8751579658062434
NaCrS2_166,NaCrS2,chalcogenide,trigonal,3,0.4936995443266185,0.7367764130106459,0.2430768686840274,0.7936140827571877
NaCuO2_12,NaCuO2,oxide,monoclinic,3,0.792997622442975,0.9827800150509898,0.18978239260801477,0.9802667997240648
NaCuO_139,NaCuO,oxide,monoclinic,3,0.792997622442975,0.9950841115562061,0.20208648911323113,0.9932611273218974
NaDyS2_166,NaDyS2,chalcogenide,trigonal,3,0.4936995443266185,0.9996305904565814,0.5059310461299629,0.9992551503554359
NaErS2_166,NaErS2,chalcogenide,trigonal,3,0.4936995443266185,0.999971621510084,0.5062720771834655,0.9999161124649911
NaErTl2_225,NaErTl2,intermetallic,cubic,3,0.1122143941556313,0.9999559170969757,0.8877415229413445,0.9998777246172461
NaF_225,NaF,halide,cubic,2,0.9022776515068311,0.9510466742248574,0.0487690227180263,0.9521214674943995
NaFeAs_129,NaFeAs,pnictide,tetragonal,3,0.323366153838271,0.9825657570474509,0.6591996032091798,0.9802786434985
NaGa4_139,NaGa4,intermetallic,tetragonal,2,0.1760125666682968,0.24116591000654397,0.06515334333824718,0.376358358361552
NaGaH4_63,NaGaH4,hydride,orthorhombic,3,0.3318382539834061,0.19404192274074153,-0.13779633124266458,0.32172120102016155
NaGe2N3_36,NaGe2N3,pnictide,orthorhombic,3,0.6714364484660806,0.5272264278390849,-0.14421002062699573,0.6352921244517052
NaH2N_70,NaH2N,pnictide,orthorhombic,3,0.6714364484660806,0.5271748942662519,-0.14426155419982878,0.6364200680126283
NaH2Pd3_65,NaH2Pd3,hydride,orthorhombic,3,0.3318382539834061,0.815242935872544,0.48340468188913793,0.8490242435843647
NaHF2_166,NaHF2,halide,trigonal,3,0.9022776515068311,0.9016354181775892,-0.0006422333292419591,0.9128894794914387
NaHS_11,NaHS,chalcogenide,monoclinic,3,0.4936995443266185,0.6437777478143365,0.150078203487718,0.7281791364331257
NaH_225,NaH,hydride,cubic,2,0.3318382539834061,0.6483289638388324,0.3164907098554263,0.7332416043514492
NaHg2_191,NaHg2,intermetallic,hexagonal,2,0.2489063991267931,0.989187904285944,0.7402815051591509,0.9870095064633854
NaHgPd2_225,NaHgPd2,intermetallic,cubic,3,0.3318382539834061,0.9039234239403532,0.5720851699569471,0.9151599671099443
NaHg_63,NaHg,intermetallic,orthorhombic,2,0.2489063991267931,0.9971604470622539,0.7482540479354608,0.9958894019530062
NaHoF4_141,NaHoF4,halide,tetragonal,3,0.9022776515068311,0.9891274573815186,0.08684980587468749,0.9866126669493742
NaHoSe2_166,NaHoSe2,chalcogenide,trigonal,3,0.4811290095345474,0.9998865969869284,0.518757587452381,0.9997280991919518
NaHoTl2_225,NaHoTl2,intermetallic,cubic,3,0.1122143941556313,0.9997514105112543,0.887537016355623,0.9994680517242621
NaI_225,NaI,halide,cubic,2,0.5267942520624656,0.9665613433122937,0.43976709124982816,0.9671418481578367
NaIn(SiO3)2_15,NaIn(SiO3)2,oxide,monoclinic,4,0.792997622442975,0.7754727571163985,-0.01752486532657649,0.820409403779108
NaInHg2_225,NaInHg2,intermetallic,cubic,3,0.2489063991267931,0.9675666379295099,0.7186602388027168,0.9666369920750925
NaInO2_166,NaInO2,oxide,trigonal,3,0.792997622442975,0.8329597945022479,0.03996217205927288,0.8620142885680125
NaInTe2_140,NaInTe2,chalcogenide,tetragonal,3,0.2898116056575418,0.7067152582456885,0.41690365258814666,0.7754995062181875
NaLaAu2_225,NaLaAu2,intermetallic,cubic,3,0.4769221640068621,0.9451936372254384,0.46827147321857626,0.9481688734672276
NaLaO2_141,NaLaO2,oxide,tetragonal,3,0.792997622442975,0.8307048830330395,0.03770726059006446,0.8605107400592922
NaLi2Sb_225,NaLi2Sb,intermetallic,cubic,3,0.269188705779996,0.7170767809210425,0.44788807514104656,0.7838380737520005
NaLiS_129,NaLiS,chalcogenide,tetragonal,3,0.4936995443266185,0.6866479540275504,0.1929484097009319,0.7597676644641705
NaLiTe_62,NaLiTe,chalcogenide,orthorhombic,3,0.2898116056575418,0.8789005376840934,0.5890889320265515,0.8996360863773664
NaLuS2_166,NaLuS2,chalcogenide,trigonal,3,0.4936995443266185,0.9999940540504634,0.5062945097238449,0.9999777851337057
NaMgAs_129,NaMgAs,pnictide,tetragonal,3,0.323366153838271,0.8019840767548144,0.4786179229165434,0.8438404534571944
NaMgF3_62,NaMgF3,halide,orthorhombic,3,0.9022776515068311,0.9193093235244035,0.017031672017572386,0.9263722351767028
NaMgPb2_225,NaMgPb2,intermetallic,cubic,3,0.3873736058155839,0.5109949803826902,0.12362137456710631,0.6281073338223331
NaMgSb_129,NaMgSb,intermetallic,tetragonal,3,0.269188705779996,0.742809147857122,0.47362044207712606,0.8019324852088605
NaMgTl2_225,NaMgTl2,intermetallic,cubic,3,0.1122143941556313,0.4399707477148625,0.3277563535592312,0.5694717138668248
NaN3_12,NaN3,pnictide,monoclinic,2,0.6714364484660806,0.7584361567879009,0.08699970832182025,0.808573546587036
NaNO3_167,NaNO3,oxide,triclinic,3,0.792997622442975,0.7872230404405612,-0.005774582002413764,0.8286933521818932
NaNbO2_194,NaNbO2,oxide,hexagonal,3,0.792997622442975,0.905821235882123,0.11282361343914804,0.9158770796336592
NaNbO3_161,NaNbO3,oxide,trigonal,3,0.792997622442975,0.78532831309538,-0.007669309347595021,0.8270507292313616
NaNbS2_194,NaNbS2,chalcogenide,hexagonal,3,0.4936995443266185,0.9485502854647558,0.45485074113813734,0.9503021841167175
NaNbSe2_194,NaNbSe2,chalcogenide,hexagonal,3,0.4811290095345474,0.9626451903862312,0.4815161808516838,0.9622993654968828
NaNdHg2_225,NaNdHg2,intermetallic,cubic,3,0.2489063991267931,0.9853449550924276,0.7364385559656345,0.9832065213948095
NaNdS2_166,NaNdS2,chalcogenide,trigonal,3,0.4936995443266185,0.9767096642166541,0.48301011989003556,0.9749135125717995
NaNiN_62,NaNiN,pnictide,orthorhombic,3,0.6714364484660806,0.9911664398284808,0.3197299913624002,0.9888964729698476
NaPF6_225,NaPF6,halide,cubic,3,0.9022776515068311,0.8353248467559108,-0.06695280475092036,0.8633481536400305
NaP_19,NaP,pnictide,orthorhombic,2,0.3275987376029972,0.6919921325671008,0.3643933949641036,0.7637739135389374
NaPaO3_221,NaPaO3,oxide,cubic,3,0.792997622442975,0.8606767527897624,0.06767913034678741,0.8823270185209018
NaPb3_221,NaPb3,intermetallic,cubic,2,0.3873736058155839,0.5680688857757916,0.18069527996020773,0.6729860557206553
NaPmAu2_225,NaPmAu2,intermetallic,cubic,3,0.4769221640068621,0.9772559902746517,0.5003338262677897,0.9754255149213981
NaPmHg2_225,NaPmHg2,intermetallic,cubic,3,0.2489063991267931,0.9893778050803801,0.740471405953587,0.9872098291721977
NaPmTe2_225,NaPmTe2,chalcogenide,cubic,3,0.2898116056575418,0.991756858363874,0.7019452527063321,0.9896843011498403
NaPmTl2_225,NaPmTl2,intermetallic,cubic,3,0.1122143941556313,0.9873825751093442,0.875168180953713,0.9850761872309025
NaPrHg2_225,NaPrHg2,intermetallic,cubic,3,0.2489063991267931,0.9821790836845312,0.7332726845577381,0.9801934528970356
NaPrO2_141,NaPrO2,oxide,tetragonal,3,0.792997622442975,0.8771316857897044,0.08413406334672935,0.8946695792990088
NaReO4_88,NaReO4,oxide,triclinic,3,0.792997622442975,0.7332705376252444,-0.05972708481773059,0.7897397524014443
NaRhO2_166,NaRhO2,oxide,trigonal,3,0.792997622442975,0.83412174203907,0.041124119596094966,0.8623120732744879
NaRuN_186,NaRuN,pnictide,hexagonal,3,0.6714364484660806,0.8998135213005478,0.22837707283446718,0.9122259113040236
NaS_194,NaS,chalcogenide,hexagonal,2,0.4936995443266185,0.7685046796543382,0.2748051353277197,0.8186025563343654
NaSbS2_15,NaSbS2,chalcogenide,monoclinic,3,0.4936995443266185,0.6048096369876357,0.11111009266101718,0.6986746696406189
NaScO2_166,NaScO2,oxide,trigonal,3,0.792997622442975,0.7967253609579416,0.00372773851496655,0.8354312483765366
NaScS2_166,NaScS2,chalcogenide,trigonal,3,0.4936995443266185,0.60966899285359,0.1159694485269715,0.7022503759431341
NaSe_194,NaSe,chalcogenide,hexagonal,2,0.4811290095345474,0.8395800943560223,0.3584510848214749,0.8703021384721225
NaSi2N3_36,NaSi2N3,pnictide,orthorhombic,3,0.6714364484660806,0.5214563663466658,-0.14998008211941483,0.6304785218676023
NaSi2Pd3_44,NaSi2Pd3,intermetallic,orthorhombic,3,0.3318382539834061,0.8888174388751897,0.5569791848917836,0.9032889617168328
NaSi_15,NaSi,intermetallic,monoclinic,2,0.2096070088026069,0.6972521338108891,0.4876451250082822,0.7682779291999938
NaSmAu2_225,NaSmAu2,intermetallic,cubic,3,0.4769221640068621,0.9851130898170946,0.5081909258102324,0.9828401253018149
NaSmO2_141,NaSmO2,oxide,monoclinic,3,0.792997622442975,0.9598708974893079,0.16687327504633287,0.959567967363106
NaSmS2_166,NaSmS2,chalcogenide,trigonal,3,0.4936995443266185,0.994158843584314,0.5004592992576955,0.9922319284926064
NaSmSe2_166,NaSmSe2,chalcogenide,trigonal,3,0.4811290095345474,0.9964573223923637,0.5153283128578163,0.9949419032267746
NaSnP_186,NaSnP,pnictide,hexagonal,3,0.3275987376029972,0.6385702337965353,0.31097149619353814,0.7247183791636346
NaSnSb_186,NaSnSb,intermetallic,hexagonal,3,0.269188705779996,0.7305693832572547,0.46138067747725875,0.7929813661575443
NaTaN2_166,NaTaN2,pnictide,trigonal,3,0.6714364484660806,0.6158663348591003,-0.05557011360698039,0.7035107169280956
NaTbS2_166,NaTbS2,chalcogenide,trigonal,3,0.4936995443266185,0.99929981282558,0.5056002684989616,0.998717722007011
NaTbSe2_166,NaTbSe2,chalcogenide,trigonal,3,0.4811290095345474,0.9995768293414856,0.5184478198069382,0.9991675724067463
NaTcO3_221,NaTcO3,oxide,cubic,3,0.792997622442975,0.7194230224486031,-0.07357459999437188,0.7791613525529363
NaTeAu_194,NaTeAu,chalcogenide,hexagonal,3,0.4769221640068621,0.9677262703467562,0.4908041063398941,0.9670608728708476
NaTh2F9_121,NaTh2F9,halide,tetragonal,3,0.9022776515068311,0.7443534229383062,-0.15792422856852495,0.7972536376110111
NaTi2O4_62,NaTi2O4,oxide,orthorhombic,3,0.792997622442975,0.685175244580088,-0.10782237786288695,0.7542863764185846
NaTiS2_166,NaTiS2,chalcogenide,trigonal,3,0.4936995443266185,0.5723602971748516,0.0786607528482331,0.6730157765412752
NaTl2Cd_225,NaTl2Cd,intermetallic,cubic,3,0.134458537778234,0.986556048214128,0.852097510435894,0.9842491618420801
NaTl2GaF6_225,NaTl2GaF6,halide,cubic,4,0.9022776515068311,0.9408368444121525,0.03855919290532139,0.943583952389884
NaTl2InF6_225,NaTl2InF6,halide,cubic,4,0.9022776515068311,0.9450899517254145,0.0428123002185834,0.947128914758957
NaTmS2_166,NaTmS2,chalcogenide,trigonal,3,0.4936995443266185,0.999976037343443,0.5062764930168244,0.9999272928861743
NaTmTl2_225,NaTmTl2,intermetallic,cubic,3,0.1122143941556313,0.9999655440233626,0.8877511498677313,0.9999009539374798
NaUO3_62,NaUO3,oxide,orthorhombic,3,0.792997622442975,0.8144575182537234,0.021459895810748364,0.8483768219413399
NaYbS2_166,NaYbS2,chalcogenide,trigonal,3,0.4936995443266185,0.9999878992928244,0.5062883549662058,0.9999592905845119
NaZn13_226,NaZn13,intermetallic,cubic,2,0.1215532606500686,0.9798760812348533,0.8583228205847846,0.9775854907331237
NaZnAs_129,NaZnAs,pnictide,tetragonal,3,0.323366153838271,0.9996310314680696,0.6762648776297986,0.9992566462996959
NaZnF3_62,NaZnF3,halide,orthorhombic,3,0.9022776515068311,0.9685398624070565,0.06626221090022533,0.9669963238046311
NaZnN_186,NaZnN,pnictide,hexagonal,3,0.6714364484660806,0.996241094173685,0.32480464570760437,0.9946203477259966
NaZnP_129,NaZnP,pnictide,tetragonal,3,0.3275987376029972,0.9994658346068043,0.6718670970038071,0.9989772940667522
Na_194,Na,elemental,hexagonal,1,0.0,0.2300870507494562,0.2300870507494562,0.36543847843845334
Na_229,Na,elemental,cubic,1,0.0,0.23126092330418724,0.23126092330418724,0.36676379553903443
Nb10C7_12,Nb10C7,boride/carbide,monoclinic,2,0.2019826979496352,0.35534579627629703,0.15336309832666184,0.4892044526689283
Nb2AlC_194,Nb2AlC,boride/carbide,hexagonal,3,0.2019826979496352,0.9145830086510386,0.7126003107014034,0.9228734964934442
Nb2Al_136,Nb2Al,intermetallic,tetragonal,2,2.499968750258041e-05,0.8563789845165167,0.8563539848290141,0.8793104432582332
Nb2AsC_194,Nb2AsC,pnictide,hexagonal,3,0.2019826979496352,0.7152400725062905,0.5132573745566553,0.7768690892565921
Nb2C_164,Nb2C,boride/carbide,trigonal,2,0.2019826979496352,0.3596461351057928,0.1576634371561576,0.4938759292972401
Nb2C_62,Nb2C,boride/carbide,orthorhombic,2,0.2019826979496352,0.3696623616801614,0.16767966373052623,0.5030233407382294
Nb2Co3Si_194,Nb2Co3Si,intermetallic,hexagonal,3,0.0222487628066636,0.6306908127316673,0.6084420499250037,0.7140737892495881
Nb2InC_194,Nb2InC,boride/carbide,hexagonal,3,0.2019826979496352,0.9532310343337007,0.7512483363840655,0.9539802453009771
Nb2PC_194,Nb2PC,pnictide,hexagonal,3,0.2019826979496352,0.626902323267475,0.4249196253178398,0.7118013350489241
Nb2Se_12,Nb2Se,chalcogenide,triclinic,2,0.2019826979496352,0.9161931156827215,0.7142104177330864,0.9245216940017741
Nb2SnC_194,Nb2SnC,boride/carbide,hexagonal,3,0.2019826979496352,0.9295458587935369,0.7275631608439017,0.9347412213450415
Nb2ZnO6_60,Nb2ZnO6,oxide,orthorhombic,3,0.5710436013209269,0.53679599442348,-0.03424760689744688,0.6422605430658521
Nb3AlC2_194,Nb3AlC2,boride/carbide,hexagonal,3,0.2019826979496352,0.9504560023067241,0.7484733043570889,0.9515522356331751
Nb3Au2_139,Nb3Au2,intermetallic,tetragonal,2,0.1982031440330587,0.1502434960687175,-0.047959647964341184,0.2677111429075518
Nb3Au_223,Nb3Au,intermetallic,cubic,2,0.1982031440330587,0.1616435701289145,-0.03655957390414419,0.28270122002098025
Nb3B2_127,Nb3B2,boride/carbide,tetragonal,2,0.047247390196789,0.5751221061236851,0.527874715926896,0.6723398022410124
Nb3B4_71,Nb3B4,boride/carbide,triclinic,2,0.047247390196789,0.5153894503920458,0.4681420601952567,0.6252127937083171
Nb3Bi_223,Nb3Bi,intermetallic,cubic,2,0.0431417331380903,0.8277990706123481,0.7846573374742578,0.8589866307897545
Nb3Cl8_164,Nb3Cl8,halide,monoclinic,2,0.4557790736747926,0.7175403602448627,0.2617612865700701,0.7794786329782204
Nb3Ga2_127,Nb3Ga2,intermetallic,tetragonal,2,0.0109644474225218,0.8023781619119829,0.7914137144894611,0.8400274483382277
Nb3Ir_223,Nb3Ir,intermetallic,cubic,2,0.0860688147287718,0.351584125955863,0.2655153112270912,0.48692341120369487
Nb3Os_223,Nb3Os,intermetallic,cubic,2,0.0860688147287718,0.48068355080254055,0.39461473607376873,0.59949495562172
Nb3Pt_223,Nb3Pt,intermetallic,cubic,2,0.1091685153656911,0.23914362281573806,0.12997510745004698,0.37375940455988604
Nb3Rh_223,Nb3Rh,intermetallic,cubic,2,0.1091685153656911,0.2395028671402676,0.13033435177457653,0.3743255821566842
Nb3Ru_225,Nb3Ru,intermetallic,cubic,2,0.0860688147287718,0.35797122919533536,0.27190241446656355,0.4927169483310683
Nb3SBr7_156,Nb3SBr7,halide,trigonal,3,0.3702296185989968,0.8679044162558334,0.4976747976568366,0.8886201629131518
Nb3Sb_223,Nb3Sb,intermetallic,cubic,2,0.0493649081413014,0.8058954904350524,0.7565305822937509,0.8430080384207702
Nb3TeCl7_164,Nb3TeCl7,halide,triclinic,3,0.4557790736747926,0.8306430096535344,0.37486393597874185,0.8611312987686086
Nb4CoSi_124,Nb4CoSi,intermetallic,tetragonal,3,0.0222487628066636,0.8078627949341103,0.7856140321274467,0.8440329883894351
Nb4FeSi_124,Nb4FeSi,intermetallic,tetragonal,3,0.0222487628066636,0.7483730531004875,0.726124290293824,0.8012525153994573
Nb5Sb4_87,Nb5Sb4,intermetallic,tetragonal,2,0.0493649081413014,0.9463884772430143,0.897023569101713,0.9485546862301234
Nb5Si3_193,Nb5Si3,intermetallic,hexagonal,2,0.0222487628066636,0.7268930660228159,0.7046443032161523,0.7854540518537663
Nb5SiSn2_140,Nb5SiSn2,intermetallic,tetragonal,3,0.0318807430834372,0.8279438178442472,0.79606307476081,0.8587216339678708
Nb5Te4_87,Nb5Te4,chalcogenide,tetragonal,2,0.0605869371865241,0.9391413377721174,0.8785544005855933,0.9427461734572633
Nb6C5_12,Nb6C5,boride/carbide,monoclinic,2,0.2019826979496352,0.3424394653140745,0.1404567673644393,0.47666194011113183
Nb6Co7_166,Nb6Co7,intermetallic,trigonal,2,0.0194091687975715,0.28834734355908814,0.26893817476151666,0.42401504244711025
NbAl3_139,NbAl3,intermetallic,tetragonal,2,2.499968750258041e-05,0.7372000886586071,0.7371750889711045,0.7925973832574801
NbAlCo2_225,NbAlCo2,intermetallic,cubic,3,0.0194091687975715,0.7838228219149411,0.7644136531173696,0.8258654812986582
NbAlFe2_225,NbAlFe2,intermetallic,cubic,3,0.0131379339263986,0.6785685394846432,0.6654306055582446,0.749387836952957
NbAlO4_12,NbAlO4,oxide,monoclinic,3,0.5710436013209269,0.526691030820001,-0.04435257050092589,0.6346405506631071
NbAlOs2_225,NbAlOs2,intermetallic,cubic,3,0.0860688147287718,0.6096131553946087,0.5235443406658369,0.699071661889851
NbAlRu2_225,NbAlRu2,intermetallic,cubic,3,0.0860688147287718,0.6041839201353143,0.5181151054065425,0.6948503332063332
NbAs2_12,NbAs2,pnictide,monoclinic,2,0.0806606824334817,0.7856591945819185,0.7049985121484368,0.8280634616551364
NbAs_109,NbAs,pnictide,tetragonal,2,0.0806606824334817,0.7566941429902115,0.6760334605567299,0.8073141083760902
NbAu2_191,NbAu2,intermetallic,hexagonal,2,0.1982031440330587,0.11816443910408844,-0.08003870492897025,0.22366351774902715
NbB2_191,NbB2,boride/carbide,hexagonal,2,0.047247390196789,0.45910147325735207,0.41185408306056304,0.5790187628568051
NbBO4_141,NbBO4,oxide,tetragonal,3,0.5710436013209269,0.2946049890190299,-0.27643861230189704,0.4292328935748685
NbB_63,NbB,boride/carbide,orthorhombic,2,0.047247390196789,0.5386636068034988,0.49141621660670975,0.6438308773878622
NbBr2O_5,NbBr2O,halide,triclinic,3,0.5710436013209269,0.9316579905877115,0.3606143892667846,0.93679041098055
NbC_225,NbC,boride/carbide,cubic,2,0.2019826979496352,0.3343113598608058,0.1323286619111706,0.46847119848230084
NbCo2_227,NbCo2,intermetallic,cubic,2,0.0194091687975715,0.21295243172278266,0.19354326292521118,0.3423833781985086
NbCo3_186,NbCo3,intermetallic,hexagonal,2,0.0194091687975715,0.19551402932945908,0.17610486053188756,0.3220592016210279
NbCoSb_216,NbCoSb,intermetallic,cubic,3,0.0493649081413014,0.8733914934931691,0.8240265853518678,0.8918072217746762
NbCr2_227,NbCr2,intermetallic,cubic,2,0.0008995951214726,0.3395281619486756,0.338628566827203,0.47462615831134825
NbCrSi_189,NbCrSi,intermetallic,hexagonal,3,0.0222487628066636,0.5599735799855129,0.5377248171788493,0.6608133932867376
NbCu3S4_215,NbCu3S4,chalcogenide,cubic,3,0.213450797786545,0.9787077212605335,0.7652569234739885,0.9764754924750937
NbCu3Se4_215,NbCu3Se4,chalcogenide,cubic,3,0.2019826979496352,0.9868411195140464,0.7848584215644112,0.9843898887986064
NbCu3Te4_215,NbCu3Te4,chalcogenide,cubic,3,0.0605869371865241,0.9944608232734692,0.9338738860869451,0.99254196553394
NbFe2_194,NbFe2,intermetallic,hexagonal,2,0.0131379339263986,0.1256385052376275,0.11250057131122891,0.23327768099105275
NbFeSb_216,NbFeSb,intermetallic,cubic,3,0.0493649081413014,0.814748251514444,0.7653833433731425,0.8488773055222575
NbGa3_139,NbGa3,intermetallic,tetragonal,2,0.0109644474225218,0.7282717315249145,0.7173072841023928,0.7861205479171224
NbGaCo2_225,NbGaCo2,intermetallic,cubic,3,0.0194091687975715,0.7743251098573398,0.7549159410597683,0.8189554831224862
NbGaO4_12,NbGaO4,oxide,monoclinic,3,0.5710436013209269,0.5735748601051288,0.0025312587842019063,0.6712100260134028
NbGe2_180,NbGe2,intermetallic,hexagonal,2,0.0411541908723853,0.7566640551371356,0.7155098642647504,0.8068455259124787
NbH2_225,NbH2,hydride,cubic,2,0.0860688147287718,0.4313015444880478,0.345232729759276,0.5556440386204388
NbI2O_5,NbI2O,halide,triclinic,3,0.5710436013209269,0.9808271917077893,0.4097835903868624,0.9786944524703334
NbInO4_13,NbInO4,oxide,monoclinic,3,0.5710436013209269,0.6910317835774394,0.11998818225651253,0.7588535457224486
NbInRu2_225,NbInRu2,intermetallic,cubic,3,0.0860688147287718,0.6658752212531339,0.5798064065243621,0.7410789158167989
NbIr3_221,NbIr3,intermetallic,cubic,2,0.0860688147287718,0.2280855333882961,0.1420167186595243,0.359882777835422
NbIr_123,NbIr,intermetallic,tetragonal,2,0.0860688147287718,0.30274636902531077,0.21667755429653895,0.43883418014046766
NbN_187,NbN,pnictide,hexagonal,2,0.4045274577607302,0.15555315075296225,-0.24897430700776793,0.27271775207395677
NbNi3_59,NbNi3,intermetallic,orthorhombic,2,0.0237386970797478,0.3570589915446155,0.3333202944648677,0.48961371235628964
NbNiP_62,NbNiP,pnictide,orthorhombic,3,0.0833458210077793,0.8467949105084817,0.7634490895007023,0.8716990322257165
NbO2F_9,NbO2F,halide,monoclinic,3,0.7573414578099291,0.17986910576940854,-0.5774723520405206,0.3034905254984992
NbO_221,NbO,oxide,cubic,2,0.5710436013209269,0.10648148798446529,-0.46456211333646164,0.20620133638066818
NbP_109,NbP,pnictide,orthorhombic,2,0.0833458210077793,0.6773378651087912,0.5939920441010119,0.7494569695662288
NbPd2_71,NbPd2,intermetallic,orthorhombic,2,0.0860688147287718,0.11390304581007997,0.02783423108130817,0.21710298989800417
NbPd3_139,NbPd3,intermetallic,tetragonal,2,0.0860688147287718,0.11563126301824535,0.029562448289473547,0.21957247484900827
NbPd3_59,NbPd3,intermetallic,orthorhombic,2,0.0860688147287718,0.11495027882565786,0.028881464096886064,0.21859915044655404
NbPt2_71,NbPt2,intermetallic,orthorhombic,2,0.1091685153656911,0.16852163661822972,0.059353121252538624,0.290039518065317
NbPt3_11,NbPt3,intermetallic,monoclinic,2,0.1091685153656911,0.15128060775175942,0.04211209238606832,0.26795097969370046
NbPt_51,NbPt,intermetallic,orthorhombic,2,0.1091685153656911,0.1873431875706426,0.07817467220495151,0.3133327575843537
NbRh3_221,NbRh3,intermetallic,cubic,2,0.1091685153656911,0.13973615404645817,0.030567638680767076,0.25262954838741614
NbRh_123,NbRh,intermetallic,tetragonal,2,0.1091685153656911,0.18377316221503034,0.07460464684933925,0.30917466905779156
NbRu3_221,NbRu3,intermetallic,cubic,2,0.0860688147287718,0.24992181340415262,0.16385299867538083,0.38386666845230544
NbRu_123,NbRu,intermetallic,tetragonal,2,0.0860688147287718,0.3340987078007126,0.2480298930719408,0.4697407282362106
NbS2_194,NbS2,chalcogenide,hexagonal,2,0.213450797786545,0.7917480346977288,0.5782972369111838,0.8327526788686941
NbSb2_12,NbSb2,intermetallic,monoclinic,2,0.0493649081413014,0.9003621486250326,0.8509972404837312,0.9125659144950522
NbSbRh_216,NbSbRh,intermetallic,cubic,3,0.1091685153656911,0.8014872236271022,0.6923187082614112,0.8397404307638643
NbSbRu_216,NbSbRu,intermetallic,cubic,3,0.0860688147287718,0.756617559728685,0.6705487449999132,0.8074185938364686
NbSe2_194,NbSe2,chalcogenide,hexagonal,2,0.2019826979496352,0.8759669975018819,0.6739842995522467,0.894315367929118
NbSi2_180,NbSi2,intermetallic,hexagonal,2,0.0222487628066636,0.7010215394942374,0.6787727766875739,0.7661549143038922
NbSi2_181,NbSi2,intermetallic,hexagonal,2,0.0222487628066636,0.70105185289864,0.6788030900919765,0.7661772619418014
NbSiAs_129,NbSiAs,pnictide,tetragonal,3,0.0806606824334817,0.7163551023359556,0.6356944199024739,0.7776632891253884
NbSiIr_62,NbSiIr,intermetallic,orthorhombic,3,0.0860688147287718,0.5637095984977352,0.47764078376896335,0.6638836475880102
NbSiPd_62,NbSiPd,intermetallic,orthorhombic,3,0.0860688147287718,0.695777269033256,0.6097084543044842,0.7626524520598223
NbSiPt_62,NbSiPt,intermetallic,orthorhombic,3,0.1091685153656911,0.6101954410320655,0.5010269256663744,0.6994199760588743
NbSiRh_62,NbSiRh,intermetallic,orthorhombic,3,0.1091685153656911,0.6033490043792432,0.4941804890135521,0.6941590956739121
NbSiTc2_225,NbSiTc2,intermetallic,cubic,3,0.0222487628066636,0.5477433264046787,0.5254945635980152,0.6514886062354135
NbSn2_70,NbSn2,intermetallic,orthorhombic,2,0.0318807430834372,0.9201118308420394,0.8882310877586022,0.9276995025597466
NbSnS2_194,NbSnS2,chalcogenide,hexagonal,3,0.213450797786545,0.9771160644069262,0.7636652666203813,0.9750321737896611
NbTe2_12,NbTe2,chalcogenide,monoclinic,2,0.0605869371865241,0.949018728231917,0.8884317910453929,0.951002251261446
NbTl3Se4_217,NbTl3Se4,chalcogenide,cubic,3,0.2019826979496352,0.8850071352379275,0.6830244372882923,0.9015271007196752
NbZn16_63,NbZn16,intermetallic,orthorhombic,2,0.0006248047281837,0.5067608622558476,0.5061360575276639,0.6199063303587922
NbZn2N3_36,NbZn2N3,pnictide,orthorhombic,3,0.4045274577607302,0.9045110600872687,0.4999836023265385,0.915053456830579
NbZn2_194,NbZn2,intermetallic,hexagonal,2,0.0006248047281837,0.9214479196108498,0.9208231148826661,0.9284395414005172
NbZn3_221,NbZn3,intermetallic,cubic,2,0.0006248047281837,0.8205173273134828,0.8198925225852991,0.8530973192651141
NbZnCo2_225,NbZnCo2,intermetallic,cubic,3,0.0194091687975715,0.6458962818639217,0.6264871130663502,0.7254515386878393
NbZnRu2_225,NbZnRu2,intermetallic,cubic,3,0.0860688147287718,0.9062739313297565,0.8202051166009847,0.9164273797456389
Nb_229,Nb,elemental,cubic,1,0.0,0.1786606317092844,0.1786606317092844,0.304478672845833
Nd(AgGe)2_139,Nd(AgGe)2,intermetallic,monoclinic,3,0.172399724317498,0.9305179759785012,0.7581182516610032,0.9357074066131789
Nd(CoGe)2_139,Nd(CoGe)2,intermetallic,tetragonal,3,0.172399724317498,0.8901317258647399,0.7177320015472419,0.9043224030465575
Nd(CoP)2_139,Nd(CoP)2,pnictide,tetragonal,3,0.240902461029019,0.8254597964360852,0.5845573354070662,0.8564837214025482
Nd(CoSi)2_139,Nd(CoSi)2,intermetallic,tetragonal,3,0.134458537778234,0.8650072984691329,0.7305487606908989,0.8854031477881494
Nd(CuSi)2_139,Nd(CuSi)2,intermetallic,tetragonal,3,0.134458537778234,0.9812870587967412,0.8468285210185071,0.9788536543951943
Nd(FeB)4_86,Nd(FeB)4,boride/carbide,tetragonal,3,0.1833135174018892,0.6184673423654142,0.43515382496352506,0.7049687911357725
Nd(FeSi)2_139,Nd(FeSi)2,intermetallic,tetragonal,3,0.134458537778234,0.812884631333402,0.678426093555168,0.8474230351445019
Nd(GePd)2_139,Nd(GePd)2,intermetallic,tetragonal,3,0.2448961579109765,0.8721100734802976,0.627213915569321,0.8911093477916382
Nd(GeRh)2_139,Nd(GeRh)2,intermetallic,tetragonal,3,0.2774003900098064,0.7983610412346497,0.5209606512248433,0.8373306993371563
Nd(MnSi)2_139,Nd(MnSi)2,intermetallic,tetragonal,3,0.134458537778234,0.7663430326694017,0.6318844948911677,0.8140572240416788
Nd(NiGe)2_139,Nd(NiGe)2,intermetallic,tetragonal,3,0.172399724317498,0.9586578460475327,0.7862581217300346,0.9585781125650321
Nd(NiP)2_139,Nd(NiP)2,pnictide,tetragonal,3,0.240902461029019,0.9301834274857637,0.6892809664567446,0.9351046874585005
Nd(PRu)2_139,Nd(PRu)2,pnictide,tetragonal,3,0.2448961579109765,0.64779298812536,0.4028968302143835,0.7280368525911433
Nd(Sb3Os)4_204,Nd(Sb3Os)4,intermetallic,cubic,3,0.2448961579109765,0.7576596679255013,0.5127635100145248,0.8088484184533802
Nd(SiNi)2_139,Nd(SiNi)2,intermetallic,tetragonal,3,0.137762910230166,0.9487959727370437,0.8110330625068778,0.9502072844185185
Nd(SiOs)2_139,Nd(SiOs)2,intermetallic,tetragonal,3,0.2448961579109765,0.7152571904874199,0.47036103257644335,0.7772955383596262
Nd(SiPd)2_139,Nd(SiPd)2,intermetallic,tetragonal,3,0.2448961579109765,0.8429026870327476,0.5980065291217711,0.8694304553604997
Nd(SiRu)2_139,Nd(SiRu)2,intermetallic,tetragonal,3,0.2448961579109765,0.7227430352989203,0.47784687738794374,0.7826615509064273
Nd2BC_12,Nd2BC,boride/carbide,monoclinic,3,0.3916622248233102,0.7820542405803295,0.39039201575701926,0.8266491266668897
Nd2CdIn_225,Nd2CdIn,intermetallic,cubic,3,0.0973315879190579,0.9773699141421388,0.8800383262230809,0.9754869048348115
Nd2MgAl_225,Nd2MgAl,intermetallic,cubic,3,0.0537277872486972,0.9691500283688693,0.9154222411201721,0.9679404554483392
Nd2MgIn_225,Nd2MgIn,intermetallic,cubic,3,0.0973315879190579,0.9750132025911619,0.8776816146721039,0.9732366057407632
Nd2O3_206,Nd2O3,oxide,cubic,2,0.7335317021864758,0.15726940248307134,-0.5762622997034045,0.2758097690450184
Nd2SO2_164,Nd2SO2,oxide,trigonal,3,0.7335317021864758,0.7838808696629198,0.05034916747644402,0.826922357759802
Nd2TeO2_139,Nd2TeO2,oxide,tetragonal,3,0.7335317021864758,0.9528812663351738,0.219349564148698,0.9539391500813946
Nd2Zr2O7_227,Nd2Zr2O7,oxide,cubic,3,0.7335317021864758,0.12638825536378107,-0.6071434468226947,0.2342247101191424
Nd3InC_221,Nd3InC,boride/carbide,cubic,3,0.3916622248233102,0.9583719320510228,0.5667097072277125,0.9587382415436405
Nd3InN_221,Nd3InN,pnictide,cubic,3,0.5944454949366795,0.9504411786349355,0.35599568369825596,0.9520530556885902
Nd3In_221,Nd3In,intermetallic,cubic,2,0.0973315879190579,0.9773024289311276,0.8799708410120697,0.9754882521243795
Nd5Si3_140,Nd5Si3,intermetallic,tetragonal,2,0.134458537778234,0.9486481041365697,0.8141895663583357,0.9506318247486225
Nd5Si4_92,Nd5Si4,intermetallic,tetragonal,2,0.134458537778234,0.9473034228547667,0.8128448850765326,0.9494624745594347
Nd5Sn3_193,Nd5Sn3,intermetallic,hexagonal,2,0.1547306964721815,0.9755778958229353,0.8208471993507538,0.9738801894153085
NdAgHg2_225,NdAgHg2,intermetallic,cubic,3,0.1688126015638292,0.2904328281151111,0.12162022655128191,0.4292125818580313
NdAg_221,NdAg,intermetallic,cubic,2,0.1444621983413808,0.3957119579577524,0.2512497596163716,0.5309242520114699
NdAl2_227,NdAl2,intermetallic,cubic,2,0.0537277872486972,0.9438489714516041,0.8901211842029069,0.9463352115396101
NdAl3Ni2_191,NdAl3Ni2,intermetallic,hexagonal,3,0.137762910230166,0.9674693087138546,0.8297063984836885,0.9661484683919013
NdAl3Pd2_191,NdAl3Pd2,intermetallic,hexagonal,3,0.2448961579109765,0.8991315491005601,0.6542353911895836,0.9111346251529633
NdAs_225,NdAs,pnictide,cubic,2,0.236925796398664,0.951258765285139,0.714332968886475,0.9528952602532939
NdB2Rh3_191,NdB2Rh3,boride/carbide,hexagonal,3,0.2774003900098064,0.5408420797950021,0.2634416897851957,0.6461596773205519
NdB6_221,NdB6,boride/carbide,cubic,2,0.1833135174018892,0.46050868575977916,0.27719516835788993,0.5806930733436192
NdBPt3_99,NdBPt3,boride/carbide,tetragonal,3,0.2774003900098064,0.5080470675290724,0.23064667751926599,0.6207068127202232
NdBRh3_221,NdBRh3,boride/carbide,cubic,3,0.2774003900098064,0.4887791470449772,0.21137875703517084,0.6052218207789848
NdBi2ClO4_123,NdBi2ClO4,halide,tetragonal,4,0.7335317021864758,0.9639193772038684,0.23038767501739266,0.9630768702790881
NdBi_225,NdBi,intermetallic,cubic,2,0.1760125666682969,0.9786674633563189,0.802654896688022,0.976768887869633
NdBr3_63,NdBr3,halide,orthorhombic,2,0.5631214324667778,0.9330307028978221,0.36990927043104427,0.9383386602125272
NdBrO_129,NdBrO,halide,tetragonal,3,0.7335317021864758,0.9735673106005578,0.240035608414082,0.9718250693489018
NdC2_139,NdC2,boride/carbide,tetragonal,2,0.3916622248233102,0.6072567075018792,0.215594482678569,0.6977187563109122
NdCd_221,NdCd,intermetallic,cubic,2,0.0728361721882469,0.7440957131467106,0.6712595409584637,0.8023333836706569
NdCl3_176,NdCl3,halide,hexagonal,2,0.6394411175180246,0.7864041018896066,0.14696298437158206,0.8293884374733363
NdClO_129,NdClO,halide,tetragonal,3,0.7335317021864758,0.8485615205726273,0.11502981838615156,0.8736521969667178
NdCoC2_9,NdCoC2,boride/carbide,monoclinic,3,0.3916622248233102,0.5677894371412497,0.17612721231793954,0.6670529409563497
NdCoGe3_107,NdCoGe3,intermetallic,tetragonal,3,0.172399724317498,0.9167812560287467,0.7443815317112488,0.9248049634366791
NdCoGe_129,NdCoGe,intermetallic,tetragonal,3,0.172399724317498,0.9129165613127643,0.7405168369952664,0.9219740221704272
NdCoSi2_63,NdCoSi2,intermetallic,orthorhombic,3,0.134458537778234,0.9099246819706478,0.7754661441924138,0.9193606683948493
NdCoSi_129,NdCoSi,intermetallic,tetragonal,3,0.134458537778234,0.8771953341991909,0.7427367964209569,0.8947880814591688
NdCu5_191,NdCu5,intermetallic,hexagonal,2,0.134458537778234,0.5869896185379032,0.4525310807596692,0.6822612805987492
NdCuSe2_14,NdCuSe2,chalcogenide,monoclinic,3,0.3916622248233102,0.9827718941515304,0.5911096693282203,0.9804289038335577
NdDyMg2_225,NdDyMg2,intermetallic,cubic,3,0.0071989624323788,0.9988296566918711,0.9916306942594922,0.9980042951837237
NdFeSi2_63,NdFeSi2,intermetallic,orthorhombic,3,0.134458537778234,0.9168503179279379,0.7823917801497039,0.9247518757005966
NdFeSi_129,NdFeSi,intermetallic,tetragonal,3,0.134458537778234,0.8265829890454398,0.6921244512672058,0.8577301543263837
NdGa2_191,NdGa2,intermetallic,hexagonal,2,0.1061568798287823,0.93639318241897,0.8302363025901877,0.9404424836571745
NdGa6_125,NdGa6,intermetallic,tetragonal,2,0.1061568798287823,0.8696279458476751,0.7634710660188928,0.8892430051649567
NdGa_63,NdGa,intermetallic,orthorhombic,2,0.1061568798287823,0.9646419686817952,0.8584850888530129,0.9640499056675551
NdGeRu_129,NdGeRu,intermetallic,tetragonal,3,0.2448961579109765,0.8227868548647632,0.5778906969537867,0.8553481599378167
NdGe_63,NdGe,intermetallic,monoclinic,2,0.172399724317498,0.9556692047293615,0.7832694804118634,0.9564318419960945
NdH2_225,NdH2,hydride,cubic,2,0.2448961579109765,0.7781199410654257,0.5332237831544492,0.8223139357952869
NdHg2_191,NdHg2,intermetallic,hexagonal,2,0.1688126015638292,0.2932698135302729,0.12445721196644371,0.4326173423999146
NdHg_221,NdHg,intermetallic,cubic,2,0.1688126015638292,0.4309773220709235,0.2621647205070943,0.5614428481527192
NdHoIn2_225,NdHoIn2,intermetallic,cubic,3,0.0973315879190579,0.9993867856080247,0.9020551976889668,0.9988511328096095
NdI3_194,NdI3,halide,monoclinic,2,0.4387562635567652,0.9950167183624393,0.5562604548056741,0.9933673944809616
NdIn3_221,NdIn3,intermetallic,cubic,2,0.0973315879190579,0.9524957418791159,0.855164153960058,0.9537125740287168
NdInAu2_225,NdInAu2,intermetallic,cubic,3,0.387373605815584,0.9010153380812271,0.5136417322656431,0.9129442389732665
NdInPd_189,NdInPd,intermetallic,hexagonal,3,0.2448961579109765,0.949230619160254,0.7043344612492775,0.950912709166215
NdInRh_189,NdInRh,intermetallic,hexagonal,3,0.2774003900098064,0.9309664984228175,0.6535661084130111,0.9361455782132794
NdIr2_227,NdIr2,intermetallic,cubic,2,0.2448961579109765,0.49494510772642175,0.25004894981544523,0.6107694732669267
NdMg3_225,NdMg3,intermetallic,cubic,2,0.0071989624323788,0.9388200292360347,0.9316210668036559,0.9423537913233622
NdMgGa_189,NdMgGa,intermetallic,hexagonal,3,0.1061568798287823,0.9638501816155978,0.8576933017868155,0.9632558185961457
NdMgPt_189,NdMgPt,intermetallic,hexagonal,3,0.2774003900098064,0.9580831248318458,0.6806827348220394,0.9584808343109208
NdMgZn2_225,NdMgZn2,intermetallic,cubic,3,0.0629559630163498,0.9947765099794249,0.9318205469630751,0.992895857544887
NdMg_221,NdMg,intermetallic,cubic,2,0.0071989624323788,0.9729085123129325,0.9657095498805537,0.9712798918501269
NdMnSi2_63,NdMnSi2,intermetallic,orthorhombic,3,0.134458537778234,0.8475622282951727,0.7131036905169387,0.8728685132994609
NdNbO4_15,NdNbO4,oxide,monoclinic,3,0.7335317021864758,0.10258957394943474,-0.6309421282370411,0.2000553257104229
NdNi2B2C_139,NdNi2B2C,boride/carbide,tetragonal,4,0.3916622248233102,0.8683224059697865,0.4766601811464763,0.8876182321233137
NdNiC2_38,NdNiC2,boride/carbide,orthorhombic,3,0.3916622248233102,0.7606149257049952,0.368952700881685,0.8096021208676212
NdNiGe2_63,NdNiGe2,intermetallic,orthorhombic,3,0.172399724317498,0.9692264869555997,0.7968267626381016,0.9678356987019922
NdNiSn_62,NdNiSn,intermetallic,orthorhombic,3,0.1547306964721815,0.9680569857372423,0.8133262892650608,0.9668834223582162
NdPO4_14,NdPO4,oxide,monoclinic,3,0.7335317021864758,0.3390137486496775,-0.3945179535367983,0.4729184310722239
NdP_225,NdP,pnictide,cubic,2,0.240902461029019,0.9227037557659941,0.681801294736975,0.9298938881028324
NdPb3_221,NdPb3,intermetallic,cubic,2,0.2981425792994558,0.9598412883659486,0.6616987090664928,0.9600142947127961
NdPbAu2_225,NdPbAu2,intermetallic,cubic,3,0.387373605815584,0.8984929597448454,0.5111193539292614,0.9111486246126019
NdPd3_221,NdPd3,intermetallic,cubic,2,0.2448961579109765,0.2047230533790286,-0.04017310453194789,0.3346650688333624
NdPd_63,NdPd,intermetallic,monoclinic,2,0.2448961579109765,0.38891855584752333,0.14402239793654684,0.5238398170310888
NdPt2_227,NdPt2,intermetallic,cubic,2,0.2774003900098064,0.35232411177468365,0.07492372176487727,0.48768915913021643
NdSF_129,NdSF,halide,tetragonal,3,0.8668661146057182,0.9265087888768385,0.059642674271120355,0.9323646173849963
NdS_225,NdS,chalcogenide,cubic,2,0.4045274577607303,0.8696785901731117,0.4651511324123814,0.8898782852313818
NdSbTe_129,NdSbTe,chalcogenide,tetragonal,3,0.2057841473834534,0.9690458363901311,0.7632616890066777,0.968019325194875
NdSb_225,NdSb,intermetallic,cubic,2,0.1870006752496121,0.9701336043496924,0.7831329291000804,0.9689689704679425
NdScGe_139,NdScGe,intermetallic,tetragonal,3,0.172399724317498,0.978920812189501,0.806521087872003,0.9768850195206364
NdSeF_129,NdSeF,halide,tetragonal,3,0.8668661146057182,0.9614149368274937,0.09454882222177552,0.9610498516554997
NdSe_225,NdSe,chalcogenide,cubic,2,0.3916622248233102,0.9254894486030971,0.533827223779787,0.932214410514525
NdSi2Ru_11,NdSi2Ru,intermetallic,monoclinic,3,0.2448961579109765,0.8109930113072713,0.5660968533962948,0.8463698846187293
NdSi2_141,NdSi2,intermetallic,tetragonal,2,0.134458537778234,0.9023651134417652,0.7679065756635312,0.9138276048028945
NdSiNi4_65,NdSiNi4,intermetallic,orthorhombic,3,0.137762910230166,0.8580328769482077,0.7202699667180417,0.8801143233822206
NdSiRu_129,NdSiRu,intermetallic,tetragonal,3,0.2448961579109765,0.7798368827756261,0.5349407248646496,0.8242507254084761
NdSi_62,NdSi,intermetallic,orthorhombic,2,0.134458537778234,0.941063923064234,0.806605385286,0.9442867937028516
NdSn2_65,NdSn2,intermetallic,orthorhombic,2,0.1547306964721815,0.969952594717974,0.8152218982457925,0.9687434793207182
NdSn3_221,NdSn3,intermetallic,cubic,2,0.1547306964721815,0.9580835239621064,0.8033528274899249,0.9585093221179649
NdSnAu2_225,NdSnAu2,intermetallic,cubic,3,0.387373605815584,0.8962690172852293,0.5088954114696453,0.9094181605880854
NdSnRh_189,NdSnRh,intermetallic,hexagonal,3,0.2774003900098064,0.9220126495480513,0.6446122595382449,0.9291366591388718
NdTaO4_13,NdTaO4,oxide,monoclinic,3,0.7335317021864758,0.5378179359177343,-0.19571376626874148,0.6434059548106109
NdTe_225,NdTe,chalcogenide,cubic,2,0.2057841473834534,0.9701839793820063,0.7643998319985529,0.9690872505192163
NdTlPd_189,NdTlPd,intermetallic,hexagonal,3,0.2448961579109765,0.9481847996657262,0.7032886417547497,0.9500607754385729
NdTl_221,NdTl,intermetallic,cubic,2,0.0559725170821644,0.975226131184439,0.9192536141022746,0.9734586604260442
NdZn2_74,NdZn2,intermetallic,orthorhombic,2,0.0629559630163498,0.9252176662880114,0.8622617032716616,0.9321252642757122
NdZnSbO_129,NdZnSbO,oxide,tetragonal,4,0.7335317021864758,0.9806174372899855,0.24708573510350973,0.9783019760213761
NdZnSn_194,NdZnSn,intermetallic,hexagonal,3,0.1547306964721815,0.9956693540988538,0.8409386576266723,0.9939499967939395
NdZn_221,NdZn,intermetallic,cubic,2,0.0629559630163498,0.9520199641984365,0.8890640011820867,0.9538890356554581
Nd_194,Nd,elemental,hexagonal,1,0.0,0.7297425284573147,0.7297425284573147,0.7938813907904291
Ne_225,Ne,elemental,cubic,1,,0.08606005478384507,,0.17524259877540263
Ni(BMo)2_71,Ni(BMo)2,boride/carbide,orthorhombic,3,0.0155035629945916,0.804663450205811,0.7891598872112194,0.8407577592800015
Ni2B_140,Ni2B,boride/carbide,tetragonal,2,0.0042160872440494,0.85601069461388,0.8517946073698306,0.8781770437060143
Ni2SbTe2_194,Ni2SbTe2,chalcogenide,hexagonal,3,0.0089843969268881,0.9886483837968615,0.9796639868699734,0.9862348765090299
Ni3(SnS)2_166,Ni3(SnS)2,chalcogenide,trigonal,3,0.1061568798287823,0.9734779429388688,0.8673210631100865,0.9715479503432309
Ni3B_62,Ni3B,boride/carbide,orthorhombic,2,0.0042160872440494,0.7843533757813431,0.7801372885372937,0.8259481352688325
Ni3Ge_221,Ni3Ge,intermetallic,cubic,2,0.0024968776025399,0.9057762277252994,0.9032793501227595,0.9156750123141087
Ni3Mo_59,Ni3Mo,intermetallic,orthorhombic,2,0.0155035629945916,0.835414034159454,0.8199104711648625,0.8631529838074083
Ni3O4_65,Ni3O4,oxide,orthorhombic,2,0.4430194729060492,0.3922759482938863,-0.050743524612162916,0.5216108478545664
Ni3Pt_221,Ni3Pt,intermetallic,cubic,2,0.0336459494865304,0.4804495769760496,0.44680362748951924,0.5967974702887768
Ni3S2_155,Ni3S2,chalcogenide,trigonal,2,0.1061568798287823,0.9038159008055578,0.7976590209767755,0.9144262151653748
Ni3Se2_155,Ni3Se2,chalcogenide,trigonal,2,0.0973315879190579,0.9406978905853131,0.8433663026662551,0.9435235492415884
Ni3Sn4_12,Ni3Sn4,intermetallic,monoclinic,2,0.0006248047281837,0.9836868277526694,0.9830620230244856,0.9811860629483107
Ni3Sn_221,Ni3Sn,intermetallic,cubic,2,0.0006248047281837,0.9312663356125496,0.9306415308843659,0.9357056719991742
Ni4W_87,Ni4W,intermetallic,tetragonal,2,0.0493649081413015,0.8220517148479799,0.7726868067066784,0.8533926945818568
NiAs2_58,NiAs2,pnictide,orthorhombic,2,0.0180599290148932,0.954694666357998,0.9366347373431049,0.9551792081399398
NiBr2_166,NiBr2,halide,trigonal,2,0.240902461029019,0.9758612123859344,0.7349587513569154,0.9739429895165802
NiCl2_166,NiCl2,halide,trigonal,2,0.3233661538382711,0.9340350132499194,0.6106688594116483,0.9383720431115922
NiGePd_129,NiGePd,intermetallic,tetragonal,3,0.0208055155986512,0.921452930345405,0.9006474147467538,0.9280425320873157
NiGePt2_69,NiGePt2,intermetallic,orthorhombic,3,0.0336459494865304,0.8304203078546321,0.7967743583681016,0.8596991078714566
NiGe_62,NiGe,intermetallic,orthorhombic,2,0.0024968776025399,0.9579812467616139,0.955484369159074,0.9578100648186754
NiH_225,NiH,hydride,cubic,2,0.0208055155986512,0.8485753043963126,0.8277697887976614,0.8726927680216329
NiI2_166,NiI2,halide,trigonal,2,0.1311849437371569,0.9920189032833316,0.8608339595461747,0.9898874657080996
NiMoP2_194,NiMoP2,pnictide,hexagonal,3,0.0194091687975715,0.9171593673405367,0.8977501985429652,0.9247303954232255
NiMoP_189,NiMoP,pnictide,hexagonal,3,0.0194091687975715,0.9199003609509617,0.9004911921533902,0.9267546260989071
NiO_225,NiO,oxide,cubic,2,0.4430194729060492,0.3212750977250359,-0.12174437518101333,0.4555711794135088
NiP2_205,NiP2,pnictide,cubic,2,0.0194091687975715,0.9254032233831928,0.9059940545856213,0.9312001215814729
NiPt_123,NiPt,intermetallic,tetragonal,2,0.0336459494865304,0.5975293951083054,0.563883445621775,0.6891254929304956
NiSb2_58,NiSb2,intermetallic,orthorhombic,2,0.0048880145841702,0.980017928365073,0.9751299137809027,0.9777501942386124
NiSbS_198,NiSbS,chalcogenide,cubic,3,0.1061568798287823,0.9582782513876482,0.8521213715588659,0.9582567014607093
NiSbSe_198,NiSbSe,chalcogenide,cubic,3,0.0973315879190579,0.9670216747282913,0.8696900868092333,0.9658745196763899
NiSb_194,NiSb,intermetallic,hexagonal,2,0.0048880145841702,0.9774603918338188,0.9725723772496486,0.9752422732778274
NiSe2_205,NiSe2,chalcogenide,orthorhombic,2,0.0973315879190579,0.9488187926312167,0.8514872047121588,0.9503558475932493
NiSe_160,NiSe,chalcogenide,trigonal,2,0.0973315879190579,0.9549448701965609,0.857613282277503,0.9553552265732377
NiTe2_164,NiTe2,chalcogenide,trigonal,2,0.0089843969268881,0.9842137388838149,0.9752293419569268,0.98183236399806
NiTe_166,NiTe,chalcogenide,trigonal,2,0.0089843969268881,0.9915651642281212,0.9825807673012331,0.9893028999422969
Ni_225,Ni,elemental,cubic,1,0.0,0.061567392739219205,0.061567392739219205,0.13459852223765556
Np3S5_62,Np3S5,chalcogenide,orthorhombic,2,0.3107146894533736,0.8111396241776833,0.5004249347243097,0.8470102628060762
NpH3_139,NpH3,hydride,tetragonal,2,0.1617173967757665,0.5448014905050057,0.38308409372923924,0.6480943731281704
NpN_225,NpN,pnictide,cubic,2,0.5061878019666538,0.3053050896480572,-0.2008827123185966,0.4412709684477467
NpO2_225,NpO2,oxide,cubic,2,0.6609473927455578,0.0884731019963865,-0.5724742907491713,0.17856368089845162
NpRh3_221,NpRh3,intermetallic,cubic,2,0.1907116518286677,0.24946872202204498,0.05875707019337728,0.3837779967271738
NpSe_225,NpSe,chalcogenide,cubic,2,0.2981425792994556,0.8874873403922877,0.5893447610928322,0.9031237436823376
NpSn3_221,NpSn3,intermetallic,cubic,2,0.0860688147287718,0.946244336322976,0.8601755215942042,0.9486554380062154
Np_62,Np,elemental,orthorhombic,1,0.0,0.12606587536205946,0.12606587536205946,0.23486298847100115
O2_12,O2,elemental,monoclinic,1,0.0,0.08748488764568156,0.08748488764568156,0.17733453505122793
OsCl2O_71,OsCl2O,halide,monoclinic,3,0.3191409709080751,0.5642729635682461,0.245131992660171,0.6650730502676807
OsCl4_65,OsCl4,halide,orthorhombic,2,0.2057841473834533,0.2925018268047486,0.08671767942129532,0.43010053238143736
OsF6_62,OsF6,halide,triclinic,2,0.5471072787601052,0.28233835518751466,-0.2647689235725906,0.4171533373345545
OsO2_136,OsO2,oxide,tetragonal,2,0.3191409709080751,0.28208860693167875,-0.03705236397639633,0.41676033234237825
OsRu3_194,OsRu3,intermetallic,hexagonal,2,0.0,0.10426775636623575,0.10426775636623575,0.20246497183196313
OsRu_187,OsRu,intermetallic,hexagonal,2,0.0,0.11319370430437266,0.11319370430437266,0.215466431830726
OsS2_205,OsS2,chalcogenide,cubic,2,0.0354561657231845,0.16276532029950297,0.12730915457631847,0.2826562299105972
Os_194,Os,elemental,hexagonal,1,0.0,0.07607857601831793,0.07607857601831793,0.15912829167841108
P2Ir_14,P2Ir,pnictide,monoclinic,2,2.499968750258041e-05,0.3448737824189937,0.3448487827314911,0.47917610236460995
P2O5_62,P2O5,oxide,orthorhombic,2,0.323366153838271,0.38265590909428865,0.05928975525601765,0.5132661416484063
P2Pt_205,P2Pt,pnictide,cubic,2,0.0020229510707605,0.47428319657586293,0.4722602455051024,0.5928424395520665
P3Ir_204,P3Ir,pnictide,cubic,2,2.499968750258041e-05,0.3277213510882604,0.3276963514007578,0.4630039500707157
Pa3Ge_221,Pa3Ge,intermetallic,cubic,2,0.0629559630163497,0.7332658833189121,0.6703099203025624,0.7917256462390041
Pa3Sb_221,Pa3Sb,intermetallic,cubic,2,0.0728361721882467,0.7675139560224105,0.6946777838341638,0.8164346004978428
Pa3Si_221,Pa3Si,intermetallic,tetragonal,2,0.0392105608476768,0.6949980126591001,0.6557874518114233,0.7638030305414978
Pa3Te_221,Pa3Te,chalcogenide,cubic,2,0.0860688147287718,0.741772116782616,0.6557033020538442,0.7981493995375699
PaAgO3_221,PaAgO3,oxide,cubic,3,0.6097235715364788,0.1894900597707187,-0.4202335117657601,0.31556186863219543
PaAlRu2_225,PaAlRu2,intermetallic,cubic,3,0.1152940950565165,0.5501889628240338,0.43489486776751735,0.6541279998776892
PaAlTc2_225,PaAlTc2,intermetallic,cubic,3,0.0392105608476768,0.5176862959812805,0.47847573513360364,0.6287255125418417
PaAs_225,PaAs,pnictide,cubic,2,0.1091685153656912,0.6715583896472606,0.5623898742815694,0.7472114200085522
PaC_225,PaC,boride/carbide,cubic,2,0.240902461029019,0.22035731045981916,-0.020545150569199838,0.3519877043324332
PaCdPt2_225,PaCdPt2,intermetallic,cubic,3,0.1410976137921523,0.6407788336549375,0.4996812198627852,0.7236714015619423
PaIr3_221,PaIr3,intermetallic,cubic,2,0.1152940950565165,0.1214299527623154,0.0061358577057989,0.22781039160257216
PaN_225,PaN,pnictide,cubic,2,0.4472779356966061,0.11713662586741654,-0.3301413098291896,0.2217709417592803
PaO2_225,PaO2,oxide,cubic,2,0.6097235715364788,0.20767962151454017,-0.40204395002193866,0.3363192486173779
PaO3_139,PaO3,oxide,tetragonal,2,0.6097235715364788,0.17860275144739107,-0.43112082008908775,0.3012167524170018
PaPd3_194,PaPd3,intermetallic,hexagonal,2,0.1152940950565165,0.3051615157632169,0.18986742070670037,0.4419339988676203
PaRh3_221,PaRh3,intermetallic,cubic,2,0.1410976137921523,0.1390519855737496,-0.0020456282184027064,0.25203762546930303
PaTiTc2_225,PaTiTc2,intermetallic,cubic,3,0.0392105608476768,0.5061766899973839,0.46696612914970703,0.6208447947008734
PaTlO3_221,PaTlO3,oxide,cubic,3,0.6097235715364788,0.7899631532603595,0.18023958172388066,0.8305756326475371
PaZnRu2_225,PaZnRu2,intermetallic,cubic,3,0.1152940950565165,0.9367999118771935,0.821505816820677,0.9405577637402078
PbBr2_64,PbBr2,halide,orthorhombic,2,0.0944610611608638,0.5839945630336467,0.48953350187278294,0.6842625952652464
PbCO3_62,PbCO3,oxide,orthorhombic,3,0.2651030546442223,0.6842042033535986,0.41910114870937626,0.7537391518658906
PbClF_129,PbClF,halide,tetragonal,3,0.4936995443266185,0.9304717064977338,0.4367721621711153,0.9354453730234547
PbF2_225,PbF2,halide,cubic,2,0.4936995443266185,0.8937577824250356,0.40005823809841706,0.9066492148052179
PbF4_139,PbF4,halide,tetragonal,2,0.4936995443266185,0.7727606971464897,0.27906115281987115,0.8180821742526933
PbI2_186,PbI2,halide,hexagonal,2,0.0268577401186475,0.6244380326593688,0.5975802925407213,0.7160614766202561
PbO2_136,PbO2,oxide,tetragonal,2,0.2651030546442223,0.6864235183493694,0.42132046370514714,0.7556372074071245
PbO_129,PbO,oxide,tetragonal,2,0.2651030546442223,0.8760961368778316,0.6109930822336094,0.8939979443534023
PbSO4_62,PbSO4,oxide,orthorhombic,3,0.2651030546442223,0.6678028385807476,0.40269978393652534,0.7416456732613708
PbS_225,PbS,chalcogenide,orthorhombic,2,0.0155035629945915,0.4078709812703673,0.3923674182757758,0.5388497533449488
PbSe_225,PbSe,chalcogenide,cubic,2,0.0120270893691617,0.42284178521167626,0.41081469584251457,0.5529032920981037
Pb_194,Pb,elemental,hexagonal,1,0.0,0.34499627853462117,0.34499627853462117,0.4843636978853865
Pb_225,Pb,elemental,cubic,1,0.0,0.3458397255373297,0.3458397255373297,0.48516809853669696
Pd3Au_221,Pd3Au,intermetallic,cubic,2,0.0284863890297042,0.10365883630209784,0.07517244727239364,0.20196408657152243
Pd3Pb_221,Pd3Pb,intermetallic,cubic,2,0.0042160872440494,0.7849871620762074,0.780771074832158,0.8272335122465339
Pd3S_63,Pd3S,chalcogenide,orthorhombic,2,0.0354561657231845,0.5010425332058177,0.4655863674826332,0.6147755541097142
PdF4_43,PdF4,halide,orthorhombic,2,0.5471072787601052,0.106939325937056,-0.4401679528230492,0.2062016762145084
PdO_131,PdO,oxide,tetragonal,2,0.3191409709080751,0.09227634734538401,-0.22686462356269108,0.18477558973786054
PdPb2_140,PdPb2,intermetallic,monoclinic,2,0.0042160872440494,0.9238394579239412,0.9196233706798917,0.9305459817098589
PdS2_61,PdS2,chalcogenide,orthorhombic,2,0.0354561657231845,0.6721025318483919,0.6366463661252073,0.7461923617019564
PdSO4_15,PdSO4,oxide,monoclinic,3,0.3191409709080751,0.2310285646242054,-0.08811240628386968,0.36323596489821514
PdSeO3_11,PdSeO3,oxide,monoclinic,3,0.3191409709080751,0.5784759550645211,0.259334984156446,0.6753653266057295
Pd_225,Pd,elemental,cubic,1,0.0,0.08696329392711355,0.08696329392711355,0.1766733740774526
Pm2AgGe_225,Pm2AgGe,intermetallic,cubic,3,0.1760125666682968,0.9685177208051411,0.7925051541368443,0.9674939308549582
Pm2AgIr_225,Pm2AgIr,intermetallic,cubic,3,0.2489063991267933,0.8016028665559972,0.5526964674292039,0.8409347952407419
Pm2AgPt_225,Pm2AgPt,intermetallic,cubic,3,0.2815254535159256,0.7268161006862368,0.4452906471703112,0.7877185882839592
Pm2AgSn_225,Pm2AgSn,intermetallic,cubic,3,0.1582102508344636,0.9758943554554352,0.8176841046209716,0.9740938448108384
Pm2CdGe_225,Pm2CdGe,intermetallic,cubic,3,0.1760125666682968,0.9795611359155544,0.8035485692472576,0.9775340513396209
Pm2CdIn_225,Pm2CdIn,intermetallic,cubic,3,0.1002380044323461,0.9839708283962305,0.8837328239638844,0.9816885954228959
Pm2CdSi_225,Pm2CdSi,intermetallic,cubic,3,0.137762910230166,0.9730261556534373,0.8352632454232713,0.9714738006524887
Pm2CdSn_225,Pm2CdSn,intermetallic,cubic,3,0.1582102508344636,0.9831235841748798,0.8249133333404162,0.980891535357976
Pm2CuGe_225,Pm2CuGe,intermetallic,cubic,3,0.1760125666682968,0.9845359416115779,0.8085233749432811,0.9822076714347131
Pm2CuOs_225,Pm2CuOs,intermetallic,cubic,3,0.2489063991267933,0.9408776186005954,0.6919712194738021,0.944378722896095
Pm2CuPt_225,Pm2CuPt,intermetallic,cubic,3,0.2815254535159256,0.8627338925644272,0.5812084390485016,0.8851440724215378
Pm2CuRu_225,Pm2CuRu,intermetallic,tetragonal,3,0.2489063991267933,0.9160358547252455,0.6671294555984522,0.9248952127518424
Pm2CuSi_225,Pm2CuSi,intermetallic,orthorhombic,3,0.137762910230166,0.9805813866747597,0.8428184764445936,0.978357191132277
Pm2CuSn_225,Pm2CuSn,intermetallic,triclinic,3,0.1582102508344636,0.9886004700544365,0.8303902192199729,0.9862739743755733
Pm2GeAu_225,Pm2GeAu,intermetallic,cubic,3,0.3916622248233103,0.9617949781432445,0.5701327533199343,0.9616354323423227
Pm2GePd_225,Pm2GePd,intermetallic,cubic,3,0.2489063991267933,0.9612139309916344,0.7123075318648411,0.9611448151202322
Pm2HgGe_225,Pm2HgGe,intermetallic,cubic,3,0.1760125666682968,0.9688024877804661,0.7927899211121693,0.9677587936685076
Pm2InHg_225,Pm2InHg,intermetallic,cubic,3,0.1723997243174981,0.9761718824337143,0.8037721581162163,0.9743213087577886
Pm2IrAu_225,Pm2IrAu,intermetallic,cubic,3,0.3916622248233103,0.7901215905836565,0.3984593657603462,0.832510503283952
Pm2IrPd_225,Pm2IrPd,intermetallic,cubic,3,0.2489063991267933,0.7770248871594349,0.5281184880326415,0.8231213169581785
Pm2IrRu_225,Pm2IrRu,intermetallic,cubic,3,0.2489063991267933,0.8430884011764573,0.594182002049664,0.8704377834313105
Pm2MgAl_225,Pm2MgAl,intermetallic,cubic,3,0.0559725170821644,0.9862305584269175,0.9302580413447531,0.9838219335921738
Pm2MgGa_225,Pm2MgGa,intermetallic,cubic,3,0.1091685153656912,0.9866560697576224,0.8774875543919313,0.9842627551143323
Pm2MgSi_225,Pm2MgSi,intermetallic,cubic,3,0.137762910230166,0.9834607328161966,0.8456978225860305,0.9810988102480191
Pm2MgSn_225,Pm2MgSn,intermetallic,trigonal,3,0.1582102508344636,0.9889677415666909,0.8307574907322273,0.9866288956867426
Pm2MgTl_225,Pm2MgTl,intermetallic,cubic,3,0.0582590102347919,0.9890503913798172,0.9307913811450254,0.986703382388301
Pm2NiIr_225,Pm2NiIr,intermetallic,cubic,3,0.2489063991267933,0.8140367407537811,0.5651303416269877,0.8494911583696206
Pm2PdPt_225,Pm2PdPt,intermetallic,cubic,3,0.2815254535159256,0.7082661459550824,0.4267406924391568,0.7740663624567754
Pm2PdRu_225,Pm2PdRu,intermetallic,cubic,3,0.2489063991267933,0.8035357515868884,0.5546293524600951,0.8422543366294032
Pm2PtAu_225,Pm2PtAu,intermetallic,cubic,3,0.3916622248233103,0.7269980356694956,0.3353358108461853,0.7875257315042619
Pm2PtRh_225,Pm2PtRh,intermetallic,cubic,3,0.2815254535159256,0.7459746539157397,0.4644492003998141,0.8009277816839862
Pm2RuAu_225,Pm2RuAu,intermetallic,cubic,3,0.3916622248233103,0.8140894141951599,0.4224271893718496,0.849826278412492
Pm2SiAg_225,Pm2SiAg,intermetallic,cubic,3,0.1478562110337886,0.9602217463439738,0.8123655353101853,0.9602336730782691
Pm2SiAu_225,Pm2SiAu,intermetallic,cubic,3,0.3916622248233103,0.9534938993675813,0.5618316745442711,0.9545439590608253
Pm2SiHg_225,Pm2SiHg,intermetallic,cubic,3,0.1723997243174981,0.9610812615058264,0.7886815371883283,0.9609889701790992
Pm2SiPd_225,Pm2SiPd,intermetallic,cubic,3,0.2489063991267933,0.9523522493294269,0.7034458502026335,0.9535960447359771
Pm2SnAu_225,Pm2SnAu,intermetallic,cubic,3,0.3916622248233103,0.9705430777589373,0.5788808529356271,0.9692513064991092
Pm2SnHg_225,Pm2SnHg,intermetallic,cubic,3,0.1723997243174981,0.9752837027989565,0.8028839784814584,0.9735417181123471
Pm2TlCd_225,Pm2TlCd,intermetallic,cubic,3,0.0754054852397893,0.9840978281658425,0.9086923429260532,0.9818177602850056
Pm2ZnAg_225,Pm2ZnAg,intermetallic,cubic,3,0.1478562110337886,0.8676752550995355,0.7198190440657468,0.8894243174349027
Pm2ZnGa_225,Pm2ZnGa,intermetallic,cubic,3,0.1091685153656912,0.9919215690281837,0.8827530536624926,0.9897488890512725
Pm2ZnGe_225,Pm2ZnGe,intermetallic,cubic,3,0.1760125666682968,0.991013325873152,0.8150007592048553,0.9887921171747875
Pm2ZnHg_225,Pm2ZnHg,intermetallic,cubic,3,0.1723997243174981,0.8864633658586092,0.7140636415411111,0.903155223600124
Pm2ZnOs_225,Pm2ZnOs,intermetallic,cubic,3,0.2489063991267933,0.967701935894993,0.7187955367681997,0.9668264078769191
Pm2ZnPb_225,Pm2ZnPb,intermetallic,cubic,3,0.302323673928969,0.9923619557793234,0.6900382818503544,0.9902298740512013
Pm2ZnRh_225,Pm2ZnRh,intermetallic,cubic,3,0.2815254535159256,0.9264927504912718,0.6449672969753462,0.9331838101920482
Pm2ZnRu_225,Pm2ZnRu,intermetallic,cubic,3,0.2489063991267933,0.9543110967170494,0.7054046975902561,0.9554382507840359
Pm2ZnSi_225,Pm2ZnSi,intermetallic,cubic,3,0.137762910230166,0.9883674143974694,0.8506045041673034,0.9860055650576712
Pm2ZnSn_225,Pm2ZnSn,intermetallic,cubic,3,0.1582102508344636,0.9929310212451503,0.8347207704106867,0.9908581175345493
Pm3Pb_221,Pm3Pb,intermetallic,cubic,2,0.302323673928969,0.9859924107129043,0.6836687367839354,0.9836990352639255
PmAgAu2_225,PmAgAu2,intermetallic,cubic,3,0.3916622248233103,0.4824126256255796,0.09075040080226932,0.6015135770514011
PmAgHg2_225,PmAgHg2,intermetallic,cubic,3,0.1723997243174981,0.4279350865424854,0.2555353622249873,0.5566521094563515
PmAl3_194,PmAl3,intermetallic,hexagonal,2,0.0559725170821644,0.9560897850904655,0.900117268008301,0.9564378931081661
PmB3_194,PmB3,boride/carbide,hexagonal,2,0.1870006752496122,0.8094641368518881,0.622463461602276,0.8445745528385572
PmBiPd2_225,PmBiPd2,intermetallic,cubic,3,0.2489063991267933,0.9257899027139087,0.6768835035871155,0.9320575045967328
PmBr3_194,PmBr3,halide,hexagonal,2,0.5670898161093587,0.9882277718810316,0.4211379557716729,0.9860432214791305
PmCdHg2_225,PmCdHg2,intermetallic,cubic,3,0.1723997243174981,0.5347135107493693,0.3623137864318713,0.6446768997331028
PmCdPd2_225,PmCdPd2,intermetallic,cubic,3,0.2489063991267933,0.5057603609807985,0.25685396185400516,0.6207185835329158
PmCdPt2_225,PmCdPt2,intermetallic,cubic,3,0.2815254535159256,0.6792936849886411,0.39776823147271545,0.7520718700589786
PmCu3_194,PmCu3,intermetallic,hexagonal,2,0.137762910230166,0.6622256459670037,0.5244627357368377,0.739804478844269
PmDyIn2_225,PmDyIn2,intermetallic,trigonal,3,0.1002380044323461,0.9987187281029611,0.898480723670615,0.9978427323706478
PmDyMg2_225,PmDyMg2,intermetallic,cubic,3,0.0080672833944288,0.9989865959754745,0.9909193125810457,0.9982346059221415
PmF3_139,PmF3,halide,tetragonal,2,0.868746537906099,0.06206186137832015,-0.8066846765277789,0.13537141248887233
PmHoMg2_225,PmHoMg2,intermetallic,cubic,3,0.0080672833944288,0.9994131753936453,0.9913458919992165,0.9988904098434519
PmI3_194,PmI3,halide,hexagonal,2,0.4430194729060493,0.9976553872963067,0.5546359143902573,0.9964997203835445
PmMgAg2_225,PmMgAg2,intermetallic,cubic,3,0.1478562110337886,0.9674818809677809,0.8196256699339923,0.9664651256615984
PmMg_221,PmMg,intermetallic,cubic,2,0.0080672833944288,0.9880031051286751,0.9799358217342463,0.9856007994690101
PmPd3_221,PmPd3,intermetallic,cubic,2,0.2489063991267933,0.3599270218248568,0.11102062269806351,0.4943495374822447
PmYMg2_225,PmYMg2,intermetallic,cubic,3,0.0080672833944288,0.9764264697930242,0.9683591863985954,0.9744621778916587
PmZn3_194,PmZn3,intermetallic,hexagonal,2,0.0653657474825513,0.7983423154274657,0.7329765679449144,0.8383811199422181
Pm_194,Pm,elemental,hexagonal,1,0.0,0.711812554603632,0.711812554603632,0.7810099515168776
Pr(AgGe)2_139,Pr(AgGe)2,intermetallic,tetragonal,3,0.1760125666682968,0.9221369736131116,0.7461244069448149,0.9291514119763378
Pr(BC)2_127,Pr(BC)2,boride/carbide,tetragonal,3,0.3959510250619746,0.31820320635814875,-0.07774781870382586,0.4532627368177849
Pr(CoB)2_139,Pr(CoB)2,boride/carbide,tetragonal,3,0.1870006752496122,0.7583493689476406,0.5713486936980284,0.807939328602054
Pr(CuGe)2_139,Pr(CuGe)2,intermetallic,tetragonal,3,0.1760125666682968,0.9859973133603277,0.8099847466920309,0.9835082035247912
Pr(CuSi)2_139,Pr(CuSi)2,intermetallic,tetragonal,3,0.137762910230166,0.9823538921053725,0.8445909818752064,0.9798898177723881
Pr(FeSi)2_139,Pr(FeSi)2,intermetallic,tetragonal,3,0.137762910230166,0.7748928283611849,0.6371299181310188,0.8200773695066642
Pr(MnGe)2_139,Pr(MnGe)2,intermetallic,tetragonal,3,0.1760125666682968,0.7827618176091781,0.6067492509408813,0.8266551980905023
Pr(MnSi)2_139,Pr(MnSi)2,intermetallic,tetragonal,3,0.137762910230166,0.7277320476577618,0.5899691374275957,0.7866467537049402
Pr(NiGe)2_139,Pr(NiGe)2,intermetallic,tetragonal,3,0.1760125666682968,0.95828286926208,0.7822703025937832,0.9582792381495402
Pr(NiP)2_139,Pr(NiP)2,pnictide,tetragonal,3,0.2448961579109765,0.9321853792088786,0.687289221297902,0.9367285022379619
Pr(Re2Si)2_65,Pr(Re2Si)2,intermetallic,orthorhombic,3,0.137762910230166,0.4645859294069665,0.3268230191768005,0.5854212102892327
Pr(Sb3Os)4_204,Pr(Sb3Os)4,intermetallic,cubic,3,0.2489063991267933,0.6997117003664802,0.45080530123968693,0.7673137580615235
Pr(SiNi)2_139,Pr(SiNi)2,intermetallic,tetragonal,3,0.1410976137921523,0.9481672112911917,0.8070695974990394,0.9497063625683818
Pr(SiOs)2_139,Pr(SiOs)2,intermetallic,tetragonal,3,0.2489063991267933,0.568602772475269,0.3196963733484757,0.6685072394504723
Pr(SiRh)2_139,Pr(SiRh)2,intermetallic,tetragonal,3,0.2815254535159256,0.6828517204816039,0.4013262669656783,0.7537075343843483
Pr(SiRu)2_139,Pr(SiRu)2,intermetallic,tetragonal,3,0.2489063991267933,0.599029127244941,0.35012272811814765,0.6916414009725288
Pr2(ReB2)3_15,Pr2(ReB2)3,boride/carbide,monoclinic,3,0.1870006752496122,0.38442757526615795,0.19742690001654575,0.5152803044316776
Pr2AgHg_225,Pr2AgHg,intermetallic,cubic,3,0.1723997243174981,0.6116283278450505,0.43922860352755244,0.7050856839030479
Pr2CBr_194,Pr2CBr,halide,hexagonal,3,0.5670898161093587,0.8109632715052396,0.2438734553958809,0.8474584751348989
Pr2CuO4_139,Pr2CuO4,oxide,tetragonal,3,0.7365851201998697,0.5510633238822987,-0.18552179631757093,0.653871928163735
Pr2SO2_164,Pr2SO2,oxide,trigonal,3,0.7365851201998697,0.7225923371667444,-0.013992783033125233,0.7829224030633727
Pr2TeO2_139,Pr2TeO2,oxide,tetragonal,3,0.7365851201998697,0.9349136101981099,0.19832848999824026,0.9393550666139567
Pr2TlAg_225,Pr2TlAg,intermetallic,cubic,3,0.1478562110337886,0.951085829729153,0.8032296186953645,0.9527766777217832
Pr2TlCd_225,Pr2TlCd,intermetallic,cubic,3,0.0754054852397893,0.9733397469561849,0.8979342617163956,0.9718773507876511
Pr3(CuSn)4_71,Pr3(CuSn)4,intermetallic,orthorhombic,3,0.1582102508344636,0.991160774439536,0.8329505236050724,0.9888776599507862
Pr3InN_221,Pr3InN,pnictide,cubic,3,0.59829006277638,0.9113549390880428,0.3130648763116628,0.9212271637378803
Pr3InO_221,Pr3InO,oxide,cubic,3,0.7365851201998697,0.9345887077655355,0.19800358756566583,0.9392753576358688
Pr3In_221,Pr3In,intermetallic,cubic,2,0.1002380044323461,0.9538058090209182,0.8535678045885721,0.9552101442146532
PrAg_221,PrAg,intermetallic,cubic,2,0.1478562110337886,0.6603820299572113,0.5125258189234227,0.7410677493614629
PrAl2_227,PrAl2,intermetallic,cubic,2,0.0559725170821644,0.8746304518749625,0.818657934792798,0.8930455520627809
PrAl3_194,PrAl3,intermetallic,hexagonal,2,0.0559725170821644,0.812568350582227,0.7565958335000625,0.847685079605395
PrAlO3_167,PrAlO3,oxide,trigonal,3,0.7365851201998697,0.4849735895763114,-0.25161153062355823,0.6006104750804117
PrAlSi2_164,PrAlSi2,intermetallic,trigonal,3,0.137762910230166,0.9163145663808622,0.7785516561506962,0.9245543243184792
PrAs_225,PrAs,pnictide,cubic,2,0.2409024610290191,0.8958879765312655,0.6549855155022464,0.9098380207637199
PrB2Ir3_191,PrB2Ir3,boride/carbide,hexagonal,3,0.2489063991267933,0.34355912712393577,0.09465272799714247,0.4779323899073601
PrB6_221,PrB6,boride/carbide,cubic,2,0.1870006752496122,0.30295564307068384,0.11595496782107165,0.43813497070182983
PrBPt3_99,PrBPt3,boride/carbide,tetragonal,3,0.2815254535159256,0.4016516281625694,0.12012617464664377,0.5314940198059692
PrBRh3_221,PrBRh3,boride/carbide,cubic,3,0.2815254535159256,0.3794958326954999,0.0979703791795743,0.5117732564557375
PrBS3_33,PrBS3,chalcogenide,orthorhombic,3,0.4088142422218238,0.6042044869135298,0.19539024469170602,0.6964787260846221
PrBi2BrO4_123,PrBi2BrO4,halide,tetragonal,4,0.7365851201998697,0.9659785146273642,0.2293933944274945,0.964922319863135
PrBi_225,PrBi,intermetallic,cubic,2,0.179650655852134,0.9519724322258626,0.7723217763737286,0.9537348757721648
PrC2_139,PrC2,boride/carbide,tetragonal,2,0.3959510250619746,0.40309583563950496,0.007144810577530358,0.532960082944749
PrCdHg2_225,PrCdHg2,intermetallic,cubic,3,0.1723997243174981,0.6039487040513359,0.4315489797338379,0.6980589843582051
PrCd_221,PrCd,intermetallic,cubic,2,0.0754054852397893,0.8913605192153141,0.8159550339755248,0.9075772340990215
PrClO_129,PrClO,halide,tetragonal,3,0.7365851201998697,0.7836678218851616,0.04708270168529194,0.826774509562686
PrCoGe_129,PrCoGe,intermetallic,tetragonal,3,0.1760125666682968,0.9033363290455517,0.7273237623772549,0.9147193109399034
PrCu5_191,PrCu5,intermetallic,hexagonal,2,0.137762910230166,0.7787881560082202,0.6410252457780541,0.8232016524872136
PrFeSi_129,PrFeSi,intermetallic,tetragonal,3,0.137762910230166,0.7988664768781348,0.6611035666479688,0.8378391709772759
PrGa2_191,PrGa2,intermetallic,hexagonal,2,0.1091685153656912,0.8648057687980245,0.7556372534323333,0.8860508653226465
PrGa3_194,PrGa3,intermetallic,hexagonal,2,0.1091685153656912,0.8164533387335312,0.70728482336784,0.8506085527398651
PrGe_62,PrGe,intermetallic,orthorhombic,2,0.1760125666682968,0.904318012090778,0.7283054454224812,0.9159559675261112
PrH2_225,PrH2,hydride,cubic,2,0.2489063991267933,0.621650433304705,0.37274403417791174,0.7083917500392772
PrH3_139,PrH3,hydride,tetragonal,2,0.2489063991267933,0.4279049221633086,0.1789985230365153,0.5524141708296697
PrHg_221,PrHg,intermetallic,cubic,2,0.1723997243174981,0.5355208103862696,0.3631210860687716,0.6469664381548336
PrI3_194,PrI3,halide,hexagonal,2,0.4430194729060493,0.9898363307202093,0.5468168578141599,0.9878741088255355
PrIn3_221,PrIn3,intermetallic,cubic,2,0.1002380044323461,0.9009464983680183,0.8007084939356722,0.9132152981590533
PrInAg2_225,PrInAg2,intermetallic,cubic,3,0.1478562110337886,0.9299254823904175,0.7820692713566288,0.9353646463518428
PrInAu2_225,PrInAu2,intermetallic,cubic,3,0.3916622248233103,0.8684435176959672,0.47678129287265686,0.888685085172885
PrIn_221,PrIn,intermetallic,cubic,2,0.1002380044323461,0.9428566538067679,0.8426186493744218,0.9459951663097209
PrIr2_227,PrIr2,intermetallic,cubic,2,0.2489063991267933,0.278367942009543,0.029461542882749714,0.41513547747375257
PrMg3_225,PrMg3,intermetallic,cubic,2,0.0080672833944288,0.873731924734559,0.8656646413401302,0.892534332748352
PrMgCd2_225,PrMgCd2,intermetallic,cubic,3,0.0754054852397893,0.9793887005586224,0.9039832153188331,0.9773366935118601
PrMgGa_189,PrMgGa,intermetallic,hexagonal,3,0.1091685153656912,0.9195778081151896,0.8104092927494985,0.9273641190712593
PrMgNi4_216,PrMgNi4,intermetallic,cubic,3,0.1410976137921523,0.9477479883920582,0.8066503745999059,0.9493500163787871
PrMgRh_62,PrMgRh,intermetallic,orthorhombic,3,0.2815254535159256,0.9142452169980292,0.6327197634821036,0.9233531089406785
PrMgZn2_225,PrMgZn2,intermetallic,cubic,3,0.0653657474825513,0.995548108138138,0.9301823606555867,0.993802737490299
PrMg_221,PrMg,intermetallic,cubic,2,0.0080672833944288,0.9382640914193885,0.9301968080249597,0.9421631824827382
PrN_225,PrN,pnictide,cubic,2,0.59829006277638,0.24476999598239524,-0.35352006679398473,0.3793262059799327
PrNdHg2_225,PrNdHg2,intermetallic,cubic,3,0.1723997243174981,0.5413978472885385,0.3689981229710404,0.6513977503521665
PrNdTl2_225,PrNdTl2,intermetallic,cubic,3,0.0582590102347919,0.9493424821450086,0.8910834719102168,0.9510726341911079
PrNdZn2_225,PrNdZn2,intermetallic,cubic,3,0.0653657474825513,0.9708081547890555,0.9054424073065042,0.9697791601963571
PrNi5_191,PrNi5,intermetallic,hexagonal,2,0.1410976137921523,0.5284211146110529,0.3873235008189006,0.636591215523285
PrNiC2_38,PrNiC2,boride/carbide,orthorhombic,3,0.3959510250619746,0.75564371393578,0.3596926888738054,0.8061117656370318
PrNiSb_194,PrNiSb,intermetallic,hexagonal,3,0.1907116518286679,0.9625691321080106,0.7718574802793428,0.9621746285533033
PrP_225,PrP,pnictide,cubic,2,0.2448961579109765,0.8416307687636881,0.5967346108527116,0.8696493008630717
PrPb3_221,PrPb3,intermetallic,cubic,2,0.302323673928969,0.9151822574689161,0.6128585835399472,0.924310579407547
PrPd3_221,PrPd3,intermetallic,cubic,2,0.2489063991267933,0.17771176154347798,-0.07119463758331532,0.3024753742841842
PrPt5_191,PrPt5,intermetallic,hexagonal,2,0.2815254535159256,0.11890585032987397,-0.16261960318605165,0.2246373223964592
PrRh2_227,PrRh2,intermetallic,cubic,2,0.2815254535159256,0.17709460340654382,-0.1044308501093818,0.30194321086185305
PrRhO3_62,PrRhO3,oxide,orthorhombic,3,0.7365851201998697,0.11289308652530342,-0.6236920336745663,0.2149326768687182
PrSF_129,PrSF,halide,tetragonal,3,0.868746537906099,0.9147637641515759,0.04601722624547688,0.923236045055052
PrS_225,PrS,chalcogenide,cubic,2,0.4088142422218238,0.7402635870487032,0.33144934482687943,0.7967936571585374
PrSbPt_186,PrSbPt,intermetallic,orthorhombic,3,0.2815254535159256,0.8337967235275465,0.5522712700116209,0.863747157308649
PrSbTe_129,PrSbTe,chalcogenide,tetragonal,3,0.209607008802607,0.930726265036656,0.721119256234049,0.9365039847949065
PrSb_225,PrSb,intermetallic,cubic,2,0.1907116518286679,0.9338051033488951,0.7430934515202272,0.9389396875141828
PrScGe_139,PrScGe,intermetallic,tetragonal,3,0.1760125666682968,0.9500371349130189,0.7740245682447221,0.9519042078814667
PrSe_225,PrSe,chalcogenide,cubic,2,0.3959510250619746,0.8433806187212297,0.4474295936592551,0.8711475843168986
PrSi2Ag_63,PrSi2Ag,intermetallic,orthorhombic,3,0.1478562110337886,0.9421272382124769,0.7942710271786884,0.9449410735723238
PrSi2Ni_63,PrSi2Ni,intermetallic,orthorhombic,3,0.1410976137921523,0.9541935658944197,0.8130959521022674,0.954797077655447
PrSi2_141,PrSi2,intermetallic,tetragonal,2,0.137762910230166,0.7947736667686347,0.6570107565384686,0.8350052700950197
PrSiRu_129,PrSiRu,intermetallic,tetragonal,3,0.2489063991267933,0.6513499755340277,0.40244357640723444,0.7313993389569357
PrSi_62,PrSi,intermetallic,orthorhombic,2,0.137762910230166,0.8698637167707758,0.7321008065406098,0.8899493216116742
PrSn2_65,PrSn2,intermetallic,orthorhombic,2,0.1582102508344636,0.9326935466138166,0.774483295779353,0.9379161035356733
PrSn3_221,PrSn3,intermetallic,cubic,2,0.1582102508344636,0.9110959212113031,0.7528856703768395,0.9211408527369723
PrSnAu2_225,PrSnAu2,intermetallic,cubic,3,0.3916622248233103,0.8628862582203598,0.4712240333970495,0.8846826751034231
PrSnRh_189,PrSnRh,intermetallic,hexagonal,3,0.2815254535159256,0.8681842131081868,0.5866587595922612,0.8885783911435605
PrTe2_129,PrTe2,chalcogenide,tetragonal,2,0.209607008802607,0.9285990145971056,0.7189920057944986,0.9349767400769652
PrTeCl_129,PrTeCl,halide,tetragonal,3,0.6430733569609197,0.8862171015679327,0.24314374460701293,0.9024265360064674
PrTe_225,PrTe,chalcogenide,cubic,2,0.209607008802607,0.9336106462998524,0.7240036374972454,0.9389224286220449
PrYMg2_225,PrYMg2,intermetallic,cubic,3,0.0080672833944288,0.935176856603851,0.9271095732094222,0.9396397822594659
PrZnNi_189,PrZnNi,intermetallic,hexagonal,3,0.1410976137921523,0.9305351151831813,0.7894375013910291,0.9359911479238483
PrZnPd_189,PrZnPd,intermetallic,hexagonal,3,0.2489063991267933,0.9523293335708185,0.7034229344440253,0.9537114727567496
PrZnSbO_129,PrZnSbO,oxide,tetragonal,4,0.7365851201998697,0.9805302889567659,0.2439451687568962,0.9782276076713713
PrZn_221,PrZn,intermetallic,cubic,2,0.0653657474825513,0.9821327414685154,0.9167669939859641,0.9801051062091911
Pt3O4_223,Pt3O4,oxide,cubic,2,0.2856626862640425,0.15204328431463263,-0.13361940194940988,0.2684779035656153
Pt3Rh_139,Pt3Rh,intermetallic,tetragonal,2,0.0,0.08159255745362944,0.08159255745362944,0.16800989178117
PtF4_43,PtF4,halide,orthorhombic,2,0.5144631048459206,0.19174422196604274,-0.3227188828798779,0.3173565275062388
PtF6_62,PtF6,halide,orthorhombic,2,0.5144631048459206,0.14547938898930865,-0.36898371585661194,0.2595729336914705
PtN2_58,PtN2,pnictide,orthorhombic,2,0.1344585377782341,0.07312088053167419,-0.061337657246559915,0.15398829882214882
PtO2_58,PtO2,oxide,orthorhombic,2,0.2856626862640425,0.1209499215589515,-0.164712764705091,0.22621969963449426
PtPb4_125,PtPb4,intermetallic,tetragonal,2,0.0006248047281837,0.8193128398256208,0.818688035097437,0.8534092869706256
PtPbF6_166,PtPbF6,halide,trigonal,3,0.5144631048459206,0.7528459251576077,0.23838282031168712,0.8033535664554768
PtS2_164,PtS2,chalcogenide,trigonal,2,0.0222487628066636,0.548773998991893,0.5265252361852295,0.6531606725481737
PtS_131,PtS,chalcogenide,tetragonal,2,0.0222487628066636,0.4098756189538493,0.38762685614718567,0.5388417820556586
Pt_225,Pt,elemental,cubic,1,0.0,0.08290940809903112,0.08290940809903112,0.17021711764474637
PuAs_225,PuAs,pnictide,cubic,2,0.1833135174018892,0.9599594229193089,0.7766459055174197,0.960019499954117
PuBi_225,PuBi,intermetallic,cubic,2,0.1279425724852808,0.9855660211251122,0.8576234486398313,0.9832888529962016
PuF3_194,PuF3,halide,hexagonal,2,0.8383788075346608,0.07270100262860524,-0.7656778049060555,0.1532928352343374
PuGa2_191,PuGa2,intermetallic,hexagonal,2,0.067815945104082,0.9561051494841207,0.8882892043800388,0.9564934204603046
PuGe3_221,PuGe3,intermetallic,cubic,2,0.1247318653784049,0.9287028937475408,0.8039710283691359,0.9341918041655562
PuN_225,PuN,pnictide,cubic,2,0.5390197137891664,0.47044197934176346,-0.0685777344474029,0.5896771574963715
PuO2_225,PuO2,oxide,cubic,2,0.6885137241525929,0.1571923207028683,-0.5313214034497247,0.27482505555119013
PuSi2_191,PuSi2,intermetallic,hexagonal,2,0.091626825790732,0.9240621808367994,0.8324353550460674,0.9304184099449343
Rb(CoS)2_139,Rb(CoS)2,chalcogenide,tetragonal,3,0.5390197137891665,0.9423624421823688,0.4033427283932023,0.9451052351314291
Rb(FeAs)2_139,Rb(FeAs)2,pnictide,tetragonal,3,0.3702296185989969,0.9367992168350422,0.5665695982360452,0.940718629208225
Rb(ThSe3)2_71,Rb(ThSe3)2,chalcogenide,orthorhombic,3,0.5267942520624656,0.744325122559149,0.2175308704966834,0.8002573509762975
Rb2As3_69,Rb2As3,pnictide,orthorhombic,2,0.3702296185989969,0.5762223019682277,0.20599268336923077,0.6780752069023224
Rb2BrCl6F_225,Rb2BrCl6F,halide,cubic,4,0.9176189628313964,0.6646961326198608,-0.2529228302115356,0.7413969249002113
Rb2CN2_12,Rb2CN2,pnictide,triclinic,3,0.7083205926780536,0.33806845122409046,-0.3702521414539631,0.4738789439582423
Rb2CO3_14,Rb2CO3,oxide,monoclinic,3,0.8202341305415322,0.5757834496720864,-0.24445068086944577,0.6735106355768362
Rb2CdO2_60,Rb2CdO2,oxide,orthorhombic,3,0.8202341305415322,0.8732945265230256,0.05306039598149348,0.8918436385799978
Rb2Cu(BrCl)2_64,Rb2Cu(BrCl)2,halide,orthorhombic,4,0.7456133690005964,0.980943470459985,0.2353301014593886,0.9787938256651674
Rb2CuF4_139,Rb2CuF4,halide,monoclinic,3,0.9176189628313964,0.9426442876461297,0.025025324814733296,0.9450490514313724
Rb2GeF6_164,Rb2GeF6,halide,trigonal,3,0.9176189628313964,0.7778791597457186,-0.1397398030856778,0.8217835627241767
Rb2Hf2O5_123,Rb2Hf2O5,oxide,tetragonal,3,0.8202341305415322,0.6735546271036875,-0.14667950343784464,0.7466493379617725
Rb2HfF6_164,Rb2HfF6,halide,trigonal,3,0.9176189628313964,0.8018742430204129,-0.11574471981098355,0.8392918053546113
Rb2HgF4_139,Rb2HgF4,halide,tetragonal,3,0.9176189628313964,0.8485090206467811,-0.0691099421846153,0.8733106062970745
Rb2HgO2_139,Rb2HgO2,oxide,tetragonal,3,0.8202341305415322,0.7292891595624003,-0.0909449709791319,0.7879103869150416
Rb2InGaF6_225,Rb2InGaF6,halide,cubic,4,0.9176189628313964,0.8962332941611464,-0.021385668670250046,0.9088043073795964
Rb2LiInCl6_225,Rb2LiInCl6,halide,cubic,4,0.7456133690005964,0.5164964907032384,-0.22911687829735794,0.6297816471070812
Rb2MgF4_139,Rb2MgF4,halide,tetragonal,3,0.9176189628313964,0.8480197289827301,-0.06959923384866629,0.8727679772258263
Rb2MnCl4_139,Rb2MnCl4,halide,tetragonal,3,0.7456133690005964,0.6182229814671926,-0.12739038753340381,0.7079042747638605
Rb2MnCl6_225,Rb2MnCl6,halide,cubic,3,0.7456133690005964,0.49842857484987596,-0.24718479415072042,0.6146880013601274
Rb2NaAsF6_225,Rb2NaAsF6,halide,cubic,4,0.9176189628313964,0.8596227880328378,-0.057996174798558675,0.8813041431665494
Rb2NaBiF6_225,Rb2NaBiF6,halide,cubic,4,0.9176189628313964,0.8881672710938547,-0.029451691737541696,0.9027738072479419
Rb2NaErF6_225,Rb2NaErF6,halide,cubic,4,0.9176189628313964,0.9960022180606245,0.07838325522922807,0.9943002826544726
Rb2NaHoF6_87,Rb2NaHoF6,halide,tetragonal,4,0.9176189628313964,0.9884323570935598,0.07081339426216338,0.9859405121552104
Rb2NaInF6_225,Rb2NaInF6,halide,cubic,4,0.9176189628313964,0.8996089976513565,-0.018009965180039944,0.9114991512422724
Rb2NaRhF6_225,Rb2NaRhF6,halide,cubic,4,0.9176189628313964,0.8695644194435364,-0.04805454338786008,0.888708519299928
Rb2NaSbCl6_225,Rb2NaSbCl6,halide,cubic,4,0.7456133690005964,0.5888060731096348,-0.15680729589096154,0.6865809824115195
Rb2NaSbF6_225,Rb2NaSbF6,halide,cubic,4,0.9176189628313964,0.8896478258732897,-0.027971136958106713,0.9038822389867984
Rb2NaTlF6_225,Rb2NaTlF6,halide,cubic,4,0.9176189628313964,0.8941660690871188,-0.023452893744277614,0.9073338482929657
Rb2NbF6_164,Rb2NbF6,halide,trigonal,3,0.9176189628313964,0.7473914849480404,-0.17022747788335602,0.7998386074063714
Rb2O_166,Rb2O,oxide,trigonal,2,0.8202341305415322,0.6908857390568399,-0.12934839148469224,0.7608591902848888
Rb2P3_69,Rb2P3,pnictide,orthorhombic,2,0.3745131672148889,0.39836999763984604,0.02385683042495712,0.5317773138396625
Rb2Pd3S4_69,Rb2Pd3S4,chalcogenide,orthorhombic,3,0.5390197137891665,0.8582004239082264,0.3191807101190599,0.8812022552134912
Rb2PdBr6_225,Rb2PdBr6,halide,cubic,3,0.6817442582266293,0.7958544470605884,0.11411018883395907,0.8371178245946997
Rb2PdCl4_123,Rb2PdCl4,halide,tetragonal,3,0.7456133690005964,0.7496073277784867,0.003993958777890327,0.803615454221269
Rb2PdCl6_225,Rb2PdCl6,halide,cubic,3,0.7456133690005964,0.6453151509983627,-0.10029821800223371,0.7274189377762157
Rb2PdF6_225,Rb2PdF6,halide,cubic,3,0.9176189628313964,0.7325023181789773,-0.18511664465241917,0.7890743474173493
Rb2Pt3S4_69,Rb2Pt3S4,chalcogenide,orthorhombic,3,0.5390197137891665,0.7014749208255971,0.16245520703643068,0.7682184695132083
Rb2PtC2_164,Rb2PtC2,boride/carbide,trigonal,3,0.5267942520624656,0.5266547656232573,-0.00013948643920824733,0.6375421891935632
Rb2PtI6_225,Rb2PtI6,halide,cubic,3,0.5710436013209271,0.8737228614961448,0.3026792601752176,0.8942231693763665
Rb2PtSe2_71,Rb2PtSe2,chalcogenide,orthorhombic,3,0.5267942520624656,0.6869016128011419,0.16010736073867637,0.7585313907592189
Rb2SO4_62,Rb2SO4,oxide,orthorhombic,3,0.8202341305415322,0.5684976732086036,-0.2517364573329286,0.667733192040873
Rb2Se_225,Rb2Se,chalcogenide,cubic,2,0.5267942520624656,0.6354670256723032,0.10867277360983763,0.7236521700294252
Rb2SiAs2_72,Rb2SiAs2,pnictide,orthorhombic,3,0.3702296185989969,0.45351610758937844,0.08328648899038155,0.57934665502604
Rb2SiF6_225,Rb2SiF6,halide,cubic,3,0.9176189628313964,0.7715533241850913,-0.14606563864630517,0.8172691645639433
Rb2SnBr6_225,Rb2SnBr6,halide,cubic,3,0.6817442582266293,0.4275780825737554,-0.2541661756528739,0.5578122866649368
Rb2SnO3_36,Rb2SnO3,oxide,orthorhombic,3,0.8202341305415322,0.654413833730881,-0.16582029681065114,0.7328083193781252
Rb2TeCl6_225,Rb2TeCl6,halide,cubic,3,0.7456133690005964,0.3000847105573292,-0.44552865844326717,0.4386625936467911
Rb2Te_225,Rb2Te,chalcogenide,cubic,2,0.3360842366645266,0.846040604467096,0.5099563678025694,0.8752191275417792
Rb2TiCl6_225,Rb2TiCl6,halide,cubic,3,0.7456133690005964,0.25433838305763157,-0.4912749859429648,0.3912942240842124
Rb2WBr6_225,Rb2WBr6,halide,cubic,3,0.6817442582266293,0.35467631354208856,-0.32706794468454076,0.4927106840355939
Rb2WCl6_225,Rb2WCl6,halide,monoclinic,3,0.7456133690005964,0.24356812934216832,-0.5020452396584281,0.3796320325747687
Rb2ZnF4_139,Rb2ZnF4,halide,tetragonal,3,0.9176189628313964,0.9652565590842318,0.04763759625283537,0.9641449174755465
Rb2ZrCl6_225,Rb2ZrCl6,halide,cubic,3,0.7456133690005964,0.749690472367817,0.004077103367220669,0.803483601481756
Rb2ZrF6_164,Rb2ZrF6,halide,trigonal,3,0.9176189628313964,0.7773814374500436,-0.1402375253813528,0.8215189307097346
Rb3As_194,Rb3As,pnictide,hexagonal,2,0.3702296185989969,0.7595884050293514,0.38935878643035454,0.8133822168395769
Rb3Au7_65,Rb3Au7,intermetallic,orthorhombic,2,0.5226952007385544,0.8397972291843987,0.31710202844584434,0.8680215309181433
Rb3AuO_221,Rb3AuO,oxide,cubic,3,0.8202341305415322,0.7467881893128534,-0.07344594122867876,0.8018387797042402
Rb3BAs2_15,Rb3BAs2,pnictide,monoclinic,3,0.3702296185989969,0.5921306107726431,0.22190099217364617,0.6902851286994265
Rb3H(SeO4)2_9,Rb3H(SeO4)2,oxide,monoclinic,4,0.8202341305415322,0.5593873375136493,-0.26084679302788283,0.6610551671541247
Rb3NbO8_121,Rb3NbO8,oxide,tetragonal,3,0.8202341305415322,0.6553995520921423,-0.16483457844938987,0.7330394196759192
Rb3Sb2Au3_166,Rb3Sb2Au3,intermetallic,trigonal,3,0.5226952007385544,0.9350196129517482,0.4123244122131938,0.9398184064089176
Rb4CdCl6_167,Rb4CdCl6,halide,trigonal,3,0.7456133690005964,0.8443611096406395,0.0987477406400431,0.8715957959384172
Rb4I2O_139,Rb4I2O,halide,tetragonal,3,0.8202341305415322,0.9146546222134152,0.09442049167188304,0.9244757223802967
Rb7Au5O2_71,Rb7Au5O2,oxide,triclinic,3,0.8202341305415322,0.8089416648223646,-0.011292465719167533,0.8462628135420591
RbAcTe2_225,RbAcTe2,chalcogenide,cubic,3,0.3360842366645266,0.7290670918133025,0.39298285514877596,0.7906298163784145
RbAgO_139,RbAgO,oxide,orthorhombic,3,0.8202341305415322,0.8345902484631771,0.014356117921644929,0.8638469361952235
RbAlO2_227,RbAlO2,oxide,cubic,3,0.8202341305415322,0.7184190009837543,-0.10181512955777783,0.7798642796155852
RbAsF6_148,RbAsF6,halide,trigonal,3,0.9176189628313964,0.6939698100866152,-0.22364915274478125,0.7609509059021473
RbAu3Se2_164,RbAu3Se2,chalcogenide,trigonal,3,0.5267942520624656,0.8560251009524649,0.3292308488899993,0.8799764396353443
RbAu5_191,RbAu5,intermetallic,hexagonal,2,0.5226952007385544,0.6101561577892471,0.08746095705069279,0.7005111109622547
RbAuO2_63,RbAuO2,oxide,orthorhombic,3,0.8202341305415322,0.691721495727159,-0.12851263481437314,0.7601857819967525
RbAuS_63,RbAuS,chalcogenide,orthorhombic,3,0.5390197137891665,0.7927201064570255,0.25370039266785904,0.8344604863842899
RbAuSe_63,RbAuSe,chalcogenide,orthorhombic,3,0.5267942520624656,0.8467842801640435,0.31999002810157795,0.8736173775173329
RbBF4_62,RbBF4,halide,orthorhombic,3,0.9176189628313964,0.729001502170808,-0.1886174606605885,0.7865638537821149
RbBH4_216,RbBH4,hydride,cubic,3,0.3787986409945493,0.17979858966901208,-0.19900005132553722,0.30411526398891753
RbBiF6_148,RbBiF6,halide,trigonal,3,0.9176189628313964,0.7438257312644369,-0.17379323156695958,0.7972421086554174
RbBrO3_160,RbBrO3,halide,trigonal,3,0.8202341305415322,0.5262643156514584,-0.2939698148900738,0.6349300531727979
RbBr_225,RbBr,halide,cubic,2,0.6817442582266293,0.5465790919293426,-0.1351651662972867,0.656306520874425
RbCaAs_129,RbCaAs,pnictide,tetragonal,3,0.3702296185989969,0.88987005791171,0.5196404393127132,0.9059806106742087
RbCaF3_221,RbCaF3,halide,cubic,3,0.9176189628313964,0.7118404585041469,-0.20577850432724953,0.7743156709488873
RbCdF3_221,RbCdF3,halide,cubic,3,0.9176189628313964,0.7998406011538126,-0.11777836167758382,0.8378098442211784
RbCeSe2_166,RbCeSe2,chalcogenide,trigonal,3,0.5267942520624656,0.774138000751175,0.24734374868870945,0.8221306112972354
RbCl_225,RbCl,halide,cubic,2,0.7456133690005964,0.31191571969082044,-0.43369764930977595,0.45164776415891883
RbCoN_62,RbCoN,pnictide,orthorhombic,3,0.7083205926780536,0.9090412863273138,0.20072069364926026,0.9190207597314761
RbCuO_139,RbCuO,oxide,monoclinic,3,0.8202341305415322,0.978731884281173,0.1584977537396408,0.9765258768625917
RbDyO2_166,RbDyO2,oxide,trigonal,3,0.8202341305415322,0.9959861859330754,0.17575205539154326,0.994273696297665
RbErO2_166,RbErO2,oxide,trigonal,3,0.8202341305415322,0.9996664776351852,0.17943234709365308,0.9993098976629663
RbErSe2_166,RbErSe2,chalcogenide,trigonal,3,0.5267942520624656,0.9999580206312368,0.4731637685687713,0.9998830574983826
RbF_225,RbF,halide,cubic,2,0.9176189628313964,0.7970764860038183,-0.12054247682757813,0.8360310361565624
RbFeS2_15,RbFeS2,chalcogenide,monoclinic,3,0.5390197137891665,0.8524937662273401,0.3134740524381736,0.8773228929559355
RbFeSe2_15,RbFeSe2,chalcogenide,monoclinic,3,0.5267942520624656,0.8919617913800444,0.36516753931757884,0.9067062829190292
RbGaO2_227,RbGaO2,oxide,cubic,3,0.8202341305415322,0.7384555775671735,-0.08177855297435865,0.7944808902030397
RbGdO2_166,RbGdO2,oxide,trigonal,3,0.8202341305415322,0.9832739832551664,0.1630398527136342,0.9807639945670096
RbGe2N3_36,RbGe2N3,pnictide,orthorhombic,3,0.7083205926780536,0.35345717035872526,-0.3548634223193283,0.48705242400008064
RbGeI3_221,RbGeI3,halide,cubic,3,0.5710436013209271,0.6887248570336795,0.11768125571275234,0.7627336548952169
RbH3O2_36,RbH3O2,oxide,orthorhombic,3,0.8202341305415322,0.4828499249097137,-0.3373842056318185,0.599626755112652
RbHF2_140,RbHF2,halide,orthorhombic,3,0.9176189628313964,0.7707328791513125,-0.14688608368008393,0.8168078377647767
RbHO_36,RbHO,oxide,orthorhombic,3,0.8202341305415322,0.4979592641317663,-0.3222748664097659,0.6123409896543691
RbH_225,RbH,hydride,cubic,2,0.3787986409945493,0.536824855503361,0.1580262145088117,0.6461472020036635
RbHg2_74,RbHg2,intermetallic,orthorhombic,2,0.2939717301428604,0.9195633961694588,0.6255916660265984,0.9280214441072829
RbHgF3_221,RbHgF3,halide,cubic,3,0.9176189628313964,0.7525720719513913,-0.16504689088000513,0.8037931345096718
RbI_225,RbI,halide,cubic,2,0.5710436013209271,0.8479191118914593,0.27687551057053217,0.876725961980815
RbIn4_139,RbIn4,intermetallic,tetragonal,2,0.2057841473834533,0.6221957003779511,0.41641155299449784,0.7115041363808609
RbInTe2_140,RbInTe2,chalcogenide,tetragonal,3,0.3360842366645266,0.707403464857441,0.3713192281929144,0.7748747258180128
RbLuO2_166,RbLuO2,oxide,trigonal,3,0.8202341305415322,0.9999374780831238,0.17970334754159167,0.9998339303487026
RbLuSe2_166,RbLuSe2,chalcogenide,trigonal,3,0.5267942520624656,0.9999919279633667,0.4731976759009011,0.9999712242003647
RbMgF3_221,RbMgF3,halide,cubic,3,0.9176189628313964,0.8411478654067129,-0.0764710974246835,0.8675850096663479
RbN3_140,RbN3,pnictide,orthorhombic,2,0.7083205926780536,0.3782565007643316,-0.330064091913722,0.5108436587136371
RbNaS_129,RbNaS,chalcogenide,tetragonal,3,0.5390197137891665,0.8119799376232752,0.2729602238341088,0.8496119457422017
RbNbO3_2,RbNbO3,oxide,triclinic,3,0.8202341305415322,0.8498344988386232,0.029600368297091006,0.8742262711257585
RbNdO2_166,RbNdO2,oxide,trigonal,3,0.8202341305415322,0.8089127594102544,-0.011321371131277735,0.8445995730430582
RbNdTe4_125,RbNdTe4,chalcogenide,tetragonal,3,0.3360842366645266,0.9660176441888059,0.6299334075242793,0.9656065721211319
RbNiBr3_194,RbNiBr3,halide,hexagonal,3,0.6817442582266293,0.9722953276065491,0.2905510693799198,0.9708281611290599
RbO2_139,RbO2,oxide,tetragonal,2,0.8202341305415322,0.5487626185373397,-0.2714715120041925,0.6526945123124529
RbPS3_71,RbPS3,chalcogenide,orthorhombic,3,0.5390197137891665,0.24979208991256344,-0.28922762387660306,0.3865512389167734
RbPrSe2_166,RbPrSe2,chalcogenide,trigonal,3,0.5267942520624656,0.8948589432991912,0.3680646912367257,0.9092530951842192
RbPt2Se3_166,RbPt2Se3,chalcogenide,trigonal,3,0.5267942520624656,0.7508253403592554,0.22403108829678986,0.804009351259759
RbRuF6_166,RbRuF6,halide,trigonal,3,0.9176189628313964,0.605436188969121,-0.31218277386227544,0.6954622396594771
RbSb2_12,RbSb2,intermetallic,monoclinic,2,0.3149236588531833,0.7379747065307373,0.42305104767755397,0.797180860863221
RbScO2_194,RbScO2,oxide,hexagonal,3,0.8202341305415322,0.6388118600592761,-0.181422270482256,0.7207288805155599
RbSe_189,RbSe,chalcogenide,hexagonal,2,0.5267942520624656,0.5349611555677173,0.008166903505251732,0.6466207168516287
RbSmO2_166,RbSmO2,oxide,trigonal,3,0.8202341305415322,0.9381584388552073,0.11792430831367517,0.941515980264618
RbTiCl3_194,RbTiCl3,halide,triclinic,3,0.7456133690005964,0.25862815467575484,-0.48698521432484154,0.39557988093055113
RbTiS2_160,RbTiS2,chalcogenide,trigonal,3,0.5390197137891665,0.21770742089143516,-0.32131229289773133,0.35052012920900416
RbTlO2_166,RbTlO2,oxide,trigonal,3,0.8202341305415322,0.6692198520440316,-0.1510142784975006,0.7431748309820351
RbTmO2_166,RbTmO2,oxide,trigonal,3,0.8202341305415322,0.999736092554373,0.17950196201284085,0.9994343795215831
RbUO3_221,RbUO3,oxide,cubic,3,0.8202341305415322,0.5029467320288006,-0.3172873985127316,0.6159434521314776
RbVN2_122,RbVN2,pnictide,tetragonal,3,0.7083205926780536,0.3147108859521609,-0.3936097067258927,0.4512358922458692
RbYTe2_194,RbYTe2,chalcogenide,hexagonal,3,0.3360842366645266,0.9440268606522634,0.6079426239877368,0.947380421048181
Re2C_194,Re2C,boride/carbide,orthorhombic,2,0.1002380044323459,0.10756581249378831,0.007327808061442412,0.20730368164298987
Re2P_62,Re2P,pnictide,orthorhombic,2,0.0208055155986512,0.12464184165713178,0.10383632605848059,0.23174646957182157
Re3Ir_221,Re3Ir,intermetallic,cubic,2,0.0222487628066636,0.18873639058735844,0.16648762778069484,0.31439179011379653
Re3Ni_194,Re3Ni,intermetallic,orthorhombic,2,2.499968750258041e-05,0.8373736720052181,0.8373486723177155,0.8648300736634846
Re3Os_194,Re3Os,intermetallic,monoclinic,2,0.0222487628066636,0.12164705316677783,0.09939829036011423,0.22769841339965485
Re3P4_12,Re3P4,pnictide,monoclinic,2,0.0208055155986512,0.170501659968489,0.1496961443698378,0.2922056590310838
Re3Pd_194,Re3Pd,intermetallic,hexagonal,2,0.0222487628066636,0.47393375509419833,0.4516849922875347,0.592300710973597
Re3Pt_194,Re3Pt,intermetallic,hexagonal,2,0.0354561657231845,0.28813589094803094,0.25267972522484644,0.42367139428495104
Re3Rh_194,Re3Rh,intermetallic,hexagonal,2,0.0354561657231845,0.2971359680045483,0.2616798022813638,0.43261743495673843
Re3Ru_44,Re3Ru,intermetallic,orthorhombic,2,0.0222487628066636,0.17997291699531848,0.15772415418865487,0.30374074353870334
ReB2_194,ReB2,boride/carbide,hexagonal,2,0.0048880145841702,0.08901677723311206,0.08412876264894187,0.17923115734374476
ReBiO4_63,ReBiO4,oxide,orthorhombic,3,0.4472779356966061,0.6093971496013895,0.16211921390478334,0.6982598419711717
ReIr3_194,ReIr3,intermetallic,hexagonal,2,0.0222487628066636,0.1752482508418442,0.1529994880351806,0.297743053534261
ReO3F_13,ReO3F,halide,monoclinic,3,0.6609473927455578,0.4239455104687667,-0.2370018822767911,0.5498476272699154
ReOs3_194,ReOs3,intermetallic,hexagonal,2,0.0222487628066636,0.11599399541415345,0.09374523260748985,0.21958418943824495
ReOs_187,ReOs,intermetallic,hexagonal,2,0.0222487628066636,0.13161606901994125,0.10936730621327764,0.2414039663870846
ReSi_198,ReSi,intermetallic,cubic,2,0.0,0.1767325531618666,0.1767325531618666,0.29957392671447
ReTeS_216,ReTeS,chalcogenide,cubic,3,0.1091685153656912,0.4616217650773447,0.3524532497116535,0.58398526487274
Re_194,Re,elemental,hexagonal,1,0.0,0.08678066733498013,0.08678066733498013,0.17638443675297955
Rh3Se8_148,Rh3Se8,chalcogenide,trigonal,2,0.0180599290148932,0.593936557394254,0.5758766283793608,0.6881439110527336
Rh3W_194,Rh3W,intermetallic,hexagonal,2,0.0015987206823936,0.4069155418953906,0.405316821212997,0.5351966447927202
RhF3_167,RhF3,halide,trigonal,2,0.5144631048459206,0.2261762420738439,-0.2882868627720767,0.35696297826705436
RhO2_136,RhO2,oxide,tetragonal,2,0.2856626862640425,0.11038168090079294,-0.1752810053632496,0.21115396071149428
Rh_225,Rh,elemental,cubic,1,0.0,0.07583292122337723,0.07583292122337723,0.15872437849341506
Ru3W_194,Ru3W,intermetallic,hexagonal,2,0.006379563620851,0.23732696829322955,0.23094740467237856,0.3698793265370096
RuO2_136,RuO2,oxide,orthorhombic,2,0.3191409709080751,0.19718167445244678,-0.12195929645562831,0.3237654338636101
RuS2_205,RuS2,chalcogenide,cubic,2,0.0354561657231845,0.2285256340977262,0.1930694683745417,0.36053950417150715
RuSe2_205,RuSe2,chalcogenide,cubic,2,0.0301608054092976,0.3503228033911185,0.3201619979818209,0.4849790925408781
Ru_194,Ru,elemental,hexagonal,1,0.0,0.07280654205404741,0.07280654205404741,0.1537178456312147
S(OF)2_92,S(OF)2,halide,tetragonal,3,0.3873736058155839,0.39413344429883396,0.006759838483250069,0.5238860309460934
SCl_43,SCl,halide,orthorhombic,2,0.0806606824334817,0.2650480131356979,0.18438733070221622,0.4028200845286484
SF6_12,SF6,halide,monoclinic,2,0.3873736058155839,0.2613312115923217,-0.1260423942232622,0.39527615439622477
SO2_41,SO2,oxide,orthorhombic,2,0.1688126015638291,0.4771571601377297,0.3083445585739006,0.5956400343760516
Sb2Au_205,Sb2Au,intermetallic,cubic,2,0.0582590102347919,0.8936627557176868,0.835403745482895,0.9077075166581328
Sb2Ir_14,Sb2Ir,intermetallic,monoclinic,2,0.0056092093089191,0.6532539318236823,0.6476447225147632,0.7329366452572312
Sb2O3_56,Sb2O3,oxide,orthorhombic,2,0.383085599679248,0.8059994595505804,0.4229138598713324,0.8426159296156129
Sb2O5_15,Sb2O5,oxide,monoclinic,2,0.383085599679248,0.5718202128967476,0.18873461321749957,0.6695075473726051
Sb2Os_58,Sb2Os,intermetallic,orthorhombic,2,0.0056092093089191,0.5474654577843678,0.5418562484754488,0.65325535525657
Sb2Pd_205,Sb2Pd,intermetallic,cubic,2,0.0056092093089191,0.897113450870903,0.8915042415619839,0.9101461359866839
Sb2Pt3_72,Sb2Pt3,intermetallic,orthorhombic,2,0.0131379339263986,0.7597434651430908,0.7466055312166922,0.8096257658731312
Sb2Pt_205,Sb2Pt,intermetallic,cubic,2,0.0131379339263986,0.7805075140720645,0.7673695801456659,0.8251281078660505
Sb2Rh_14,Sb2Rh,intermetallic,monoclinic,2,0.0131379339263986,0.8025698536867952,0.7894319197603966,0.8409114002994766
Sb2Ru_58,Sb2Ru,intermetallic,orthorhombic,2,0.0056092093089191,0.6476120300121428,0.6420028207032238,0.728848251429152
Sb2S3_62,Sb2S3,chalcogenide,orthorhombic,2,0.067815945104082,0.3859399333234598,0.3181239882193778,0.5196743566897997
Sb2Te3_166,Sb2Te3,chalcogenide,trigonal,2,0.0006248047281837,0.4984080027482749,0.4977831980200912,0.6179425927803974
Sb3Ir_204,Sb3Ir,intermetallic,cubic,2,0.0056092093089191,0.6753570968398321,0.6697478875309131,0.7496076070258181
Sb3Rh_204,Sb3Rh,intermetallic,cubic,2,0.0131379339263986,0.8083778980256224,0.7952399640992238,0.8454294320967299
Sb7Pd20_148,Sb7Pd20,intermetallic,trigonal,2,0.0056092093089191,0.7691633038744083,0.7635540945654893,0.8159996436758145
SbCl3_62,SbCl3,halide,orthorhombic,2,0.2651030546442224,0.49897381165199595,0.23387075700777354,0.6160432118897016
SbF3_40,SbF3,halide,orthorhombic,2,0.6059293220058688,0.8387574522496752,0.23282813024380644,0.8659472755198615
SbI3_148,SbI3,halide,trigonal,2,0.0888292792566213,0.6007620875545862,0.5119328082979648,0.6989498920361388
SbIrS_198,SbIrS,chalcogenide,cubic,3,0.067815945104082,0.48173144489228287,0.41391549978820086,0.5996847765171217
SbIr_194,SbIr,intermetallic,hexagonal,2,0.0056092093089191,0.5929994189542956,0.5873902096453766,0.6873107358050617
SbO2_15,SbO2,oxide,monoclinic,2,0.383085599679248,0.681617011320878,0.29853141164163005,0.7519379385902234
SbO2_33,SbO2,oxide,orthorhombic,2,0.383085599679248,0.6861229634646899,0.30303736378544194,0.7553056488630765
SbPbClO2_63,SbPbClO2,halide,orthorhombic,4,0.383085599679248,0.8255007367961634,0.44241513711691544,0.8568038560500292
SbPd2_36,SbPd2,intermetallic,orthorhombic,2,0.0056092093089191,0.8284962563802576,0.8228870470713385,0.858963971029583
SbPdSe_198,SbPdSe,chalcogenide,cubic,3,0.0605869371865241,0.8441455470418862,0.7835586098553621,0.8707856232819136
SbPd_194,SbPd,intermetallic,hexagonal,2,0.0056092093089191,0.8908541505056335,0.8852449411967145,0.9051739355018679
SbPt7_225,SbPt7,intermetallic,cubic,2,0.0131379339263986,0.4548693330186304,0.4417313990922318,0.5766624690731565
SbPt_194,SbPt,intermetallic,hexagonal,2,0.0131379339263986,0.7729478526052519,0.7598099186788533,0.819302674805781
SbRh2_62,SbRh2,intermetallic,orthorhombic,2,0.0131379339263986,0.6409378564325735,0.6277999225061749,0.7226778251191641
SbRh_62,SbRh,intermetallic,orthorhombic,2,0.0131379339263986,0.7465663328146016,0.733428398888203,0.8001012747203271
SbRu_62,SbRu,intermetallic,orthorhombic,2,0.0056092093089191,0.5586674785390278,0.5530582692301087,0.6609808963748746
SbSBr_62,SbSBr,halide,orthorhombic,3,0.1870006752496122,0.4054745253517638,0.21847385010215162,0.5375761846269856
SbTePd_198,SbTePd,chalcogenide,cubic,3,0.0056092093089191,0.894818876708157,0.8892096673992379,0.9084683946821843
Sb_166,Sb,elemental,trigonal,1,0.0,0.32780720078784265,0.32780720078784265,0.46778118136250196
Sc(Al2Fe)4_139,Sc(Al2Fe)4,intermetallic,monoclinic,3,0.053727787248697,0.8153071058405686,0.7615793185918717,0.8488264680319276
Sc(AlC)3_194,Sc(AlC)3,boride/carbide,hexagonal,3,0.2981425792994556,0.25479338828764597,-0.04334919101180962,0.3890502241348432
Sc(CoSi)2_139,Sc(CoSi)2,intermetallic,tetragonal,3,0.0703062052430455,0.9196530351715918,0.8493468299285463,0.9267249190836332
Sc(FeSi)2_57,Sc(FeSi)2,intermetallic,orthorhombic,3,0.0703062052430455,0.7835743230174179,0.7132681177743724,0.8257696338094215
Sc(MnAl2)4_139,Sc(MnAl2)4,intermetallic,tetragonal,3,0.0155035629945915,0.6622601348566934,0.6467565718621019,0.7379968614746887
Sc(MnSn)6_191,Sc(MnSn)6,intermetallic,hexagonal,3,0.0860688147287718,0.7998644371622494,0.7137956224334776,0.8383744585960261
Sc(SiCu)2_139,Sc(SiCu)2,intermetallic,tetragonal,3,0.0703062052430455,0.9939414167074048,0.9236352114643592,0.9918786136000144
Sc(SiNi)2_139,Sc(SiNi)2,intermetallic,tetragonal,3,0.0728361721882467,0.9759972297432281,0.9031610575549814,0.9738269197851522
Sc(VGa2)2_139,Sc(VGa2)2,intermetallic,tetragonal,3,0.0493649081413015,0.28552164187531337,0.23615673373401186,0.42150494246965003
Sc2AgHg_225,Sc2AgHg,intermetallic,cubic,3,0.0973315879190579,0.9766630075210643,0.8793314196020063,0.9749411436421812
Sc2AgOs_225,Sc2AgOs,intermetallic,cubic,3,0.1617173967757665,0.9290966579456205,0.767379261169854,0.9350512059880248
Sc2AgRu_225,Sc2AgRu,intermetallic,cubic,3,0.1617173967757665,0.9320510756490344,0.770333678873268,0.9373813086558281
Sc2Al3Ru_194,Sc2Al3Ru,intermetallic,hexagonal,3,0.1617173967757665,0.5007200615144303,0.3390026647386638,0.6155269286109053
Sc2AlAg_225,Sc2AlAg,intermetallic,cubic,3,0.0780137787946897,0.9372630423262108,0.8592492635315211,0.9412871417339954
Sc2AlOs_225,Sc2AlOs,intermetallic,cubic,3,0.1617173967757665,0.5069260334783335,0.3452086367025671,0.6214064534990059
Sc2AlSi2_127,Sc2AlSi2,intermetallic,tetragonal,3,0.0703062052430455,0.17376767323263412,0.10346146798958862,0.2975906685981821
Sc2AlTc_225,Sc2AlTc,intermetallic,cubic,3,0.0703062052430455,0.5188194240005104,0.4485132187574649,0.6312435729710576
Sc2AlZn_225,Sc2AlZn,intermetallic,cubic,3,0.0208055155986512,0.9953771420471456,0.9745716264484944,0.9935968663061562
Sc2Al_194,Sc2Al,intermetallic,hexagonal,2,0.0155035629945915,0.22104778821072857,0.20554422521613708,0.3548707244670215
Sc2BC2_139,Sc2BC2,boride/carbide,tetragonal,3,0.2981425792994556,0.26608017512648935,-0.03206240417296624,0.40131246986778074
Sc2CCl2_164,Sc2CCl2,halide,trigonal,3,0.5551419337770589,0.3542429260200041,-0.20089900775705477,0.49006229901818465
Sc2CdS4_227,Sc2CdS4,chalcogenide,cubic,3,0.3107146894533736,0.9182038461607126,0.607489156707339,0.9263900515488229
Sc2Co3Si_194,Sc2Co3Si,intermetallic,hexagonal,3,0.0703062052430455,0.9146204575351767,0.8443142522921312,0.9227910507868691
Sc2CoIr_225,Sc2CoIr,intermetallic,orthorhombic,3,0.1617173967757665,0.893250562677921,0.7315331659021546,0.9072017579972412
Sc2CoOs_225,Sc2CoOs,intermetallic,cubic,3,0.1617173967757665,0.8883316770033792,0.7266142802276128,0.9035208763955844
Sc2CoRu_225,Sc2CoRu,intermetallic,cubic,3,0.1617173967757665,0.8861561708114807,0.7244387740357142,0.9018338310979215
Sc2CoSi2_12,Sc2CoSi2,intermetallic,monoclinic,3,0.0703062052430455,0.9238810183928647,0.8535748131498192,0.9303038179748367
Sc2Co_140,Sc2Co,intermetallic,tetragonal,2,0.0653657474825512,0.9814754399535005,0.9161096924709493,0.9794179524646567
Sc2CuIr_225,Sc2CuIr,intermetallic,monoclinic,3,0.1617173967757665,0.984883705760737,0.8231663089849706,0.9825016224170029
Sc2CuOs_225,Sc2CuOs,intermetallic,cubic,3,0.1617173967757665,0.9870655635965252,0.8253481668207587,0.9846948418869756
Sc2CuPt_225,Sc2CuPt,intermetallic,cubic,3,0.1907116518286677,0.9873031599193233,0.7965915080906556,0.9849372019370431
Sc2CuRu_225,Sc2CuRu,intermetallic,cubic,3,0.1617173967757665,0.9862181382287071,0.8245007414529406,0.9838410698693099
Sc2FeSi2_12,Sc2FeSi2,intermetallic,monoclinic,3,0.0703062052430455,0.8680063613243074,0.7977001560812619,0.8879766167603432
Sc2GaCu_225,Sc2GaCu,intermetallic,cubic,3,0.0703062052430455,0.9906767009571432,0.9203704957140977,0.9883839620740841
Sc2NCl2_164,Sc2NCl2,halide,trigonal,3,0.5551419337770589,0.47632814233462256,-0.07881379144243633,0.5959574870379619
Sc2Ni2Sn_127,Sc2Ni2Sn,intermetallic,tetragonal,3,0.0860688147287718,0.985732861358441,0.8996640466296691,0.983279289865356
Sc2NiOs_225,Sc2NiOs,intermetallic,cubic,3,0.1617173967757665,0.9620986479548327,0.8003812511790662,0.9617811125949989
Sc2NiPt_225,Sc2NiPt,intermetallic,cubic,3,0.1907116518286677,0.9646890027603149,0.7739773509316472,0.9640157576428249
Sc2O3_206,Sc2O3,oxide,cubic,2,0.6609473927455578,0.7062050265292897,0.04525763378373193,0.7700794117559645
Sc2Pt_62,Sc2Pt,intermetallic,orthorhombic,2,0.1907116518286677,0.9394943583530414,0.7487827065243737,0.9439750882413656
Sc2ReB6_55,Sc2ReB6,boride/carbide,orthorhombic,3,0.1091685153656911,0.1608230179355993,0.05165450256990821,0.2793877149835133
Sc2RuAu_225,Sc2RuAu,intermetallic,triclinic,3,0.2939717301428602,0.8418767366286043,0.547905006485744,0.8696848095373554
Sc2RuRh_225,Sc2RuRh,intermetallic,cubic,3,0.1907116518286677,0.7431352619530835,0.5524236101244159,0.7984503288671604
Sc2S3_70,Sc2S3,chalcogenide,orthorhombic,2,0.3107146894533736,0.3843089700440494,0.0735942805906758,0.5184469451455392
Sc2SO2_194,Sc2SO2,oxide,hexagonal,3,0.6609473927455578,0.7750015388866595,0.11405414614110165,0.8201995532265143
Sc2Sb_129,Sc2Sb,intermetallic,tetragonal,2,0.1122143941556312,0.33737863006213487,0.22516423590650367,0.4767291944117602
Sc2Si2O7_12,Sc2Si2O7,oxide,monoclinic,3,0.6609473927455578,0.6597369334371684,-0.0012104593083893667,0.7360658482944054
Sc2Si2Ru_12,Sc2Si2Ru,intermetallic,monoclinic,3,0.1617173967757665,0.6701537037125236,0.5084363069367571,0.7450264422979794
Sc2Ti2O7_12,Sc2Ti2O7,oxide,monoclinic,3,0.6609473927455578,0.6516635978878437,-0.009283794857714134,0.7303897669519095
Sc2ZnGa_225,Sc2ZnGa,intermetallic,cubic,3,0.0493649081413015,0.9961777512288701,0.9468128430875686,0.9945671603424016
Sc2ZnIr_225,Sc2ZnIr,intermetallic,cubic,3,0.1617173967757665,0.9933224393678987,0.8316050425921322,0.9912739383260888
Sc2ZnOs_225,Sc2ZnOs,intermetallic,monoclinic,3,0.1617173967757665,0.9945374953778665,0.8328200986021,0.9926563548218921
Sc3AlC_221,Sc3AlC,boride/carbide,cubic,3,0.2981425792994556,0.4783327462782567,0.18019016697880114,0.5988536427178917
Sc3Al_194,Sc3Al,intermetallic,orthorhombic,2,0.0155035629945915,0.21534919838455327,0.19984563538996178,0.3483293004806367
Sc3BPb_221,Sc3BPb,boride/carbide,cubic,3,0.209607008802607,0.49282072770179053,0.28321371889918356,0.6127760148437151
Sc3CoC4_71,Sc3CoC4,boride/carbide,orthorhombic,3,0.2981425792994556,0.6707827519257736,0.37264017262631804,0.7440934029922173
Sc3FeC4_71,Sc3FeC4,boride/carbide,orthorhombic,3,0.2981425792994556,0.5711350675530839,0.27299248825362826,0.6694320995880756
Sc3InN_221,Sc3InN,pnictide,cubic,3,0.5061878019666538,0.6833850016529243,0.17719719968627046,0.7557192398953634
Sc3PbC_221,Sc3PbC,boride/carbide,cubic,3,0.2981425792994556,0.607379559660896,0.3092369803614404,0.7011732945938375
Sc3RhC4_12,Sc3RhC4,boride/carbide,monoclinic,3,0.2981425792994556,0.4575521005720076,0.15940952127255203,0.5786476758836424
Sc3RuC4_71,Sc3RuC4,boride/carbide,orthorhombic,3,0.2981425792994556,0.3556892208154886,0.057546641516033004,0.48907056446095404
Sc3SnB_221,Sc3SnB,boride/carbide,cubic,3,0.1091685153656911,0.5219330333960271,0.41276451803033604,0.6362989526143767
Sc3SnC_221,Sc3SnC,boride/carbide,cubic,3,0.2981425792994556,0.6348665171345047,0.3367239378350491,0.7218330435636716
Sc3TlC_221,Sc3TlC,boride/carbide,cubic,3,0.2981425792994556,0.5902491890001645,0.29210660970070895,0.6878958137661442
Sc4C3_220,Sc4C3,boride/carbide,cubic,2,0.2981425792994556,0.29625063253526396,-0.001891946764191632,0.4327915143207367
Sc5Ge3_193,Sc5Ge3,intermetallic,hexagonal,2,0.1002380044323459,0.3077924050206615,0.20755440058831562,0.44721584523900404
Sc5Si3_193,Sc5Si3,intermetallic,hexagonal,2,0.0703062052430455,0.266340685536109,0.19603448029306353,0.40436979884078833
Sc5Sn3_193,Sc5Sn3,intermetallic,hexagonal,2,0.0860688147287718,0.45584716720285695,0.36977835247408514,0.5832303189607606
Sc6FeSb2_189,Sc6FeSb2,intermetallic,hexagonal,3,0.1122143941556312,0.8977994703202486,0.7855850761646175,0.911584714088605
Sc6NiTe2_189,Sc6NiTe2,chalcogenide,hexagonal,3,0.1279425724852808,0.9684859862472538,0.840543413761973,0.9676556686074873
Sc6Si7Ni16_225,Sc6Si7Ni16,intermetallic,cubic,3,0.0728361721882467,0.9786195980152087,0.905783425826962,0.9762305081560677
ScAg2_139,ScAg2,intermetallic,monoclinic,2,0.0780137787946897,0.9578749450892119,0.8798611662945222,0.9582537912962723
ScAg4_87,ScAg4,intermetallic,tetragonal,2,0.0780137787946897,0.900168656530447,0.8221548777357572,0.9122882252150734
ScAgO2_194,ScAgO2,oxide,hexagonal,3,0.6609473927455578,0.7955511246074917,0.13460373186193386,0.8350796861898404
ScAg_221,ScAg,intermetallic,cubic,2,0.0780137787946897,0.9802175614039225,0.9022037826092327,0.9782157090105946
ScAl2Ni_63,ScAl2Ni,intermetallic,orthorhombic,3,0.0728361721882467,0.9571353324602424,0.8842991602719957,0.9572341475520841
ScAl2_227,ScAl2,intermetallic,cubic,2,0.0155035629945915,0.1455125913607779,0.1300090283661864,0.2616243146336816
ScAl3_221,ScAl3,intermetallic,cubic,2,0.0155035629945915,0.12426019265245772,0.10875662965786621,0.23205811908604287
ScAlAg2_225,ScAlAg2,intermetallic,cubic,3,0.0780137787946897,0.9350672727605875,0.8570534939658978,0.9392445305970972
ScAlAu2_225,ScAlAu2,intermetallic,cubic,3,0.2939717301428602,0.8462673971630436,0.5522956670201833,0.8721318592535375
ScAlCo2_225,ScAlCo2,intermetallic,cubic,3,0.0653657474825512,0.8648774178726218,0.7995116703900707,0.884964413881655
ScAlCu2_225,ScAlCu2,intermetallic,cubic,3,0.0703062052430455,0.9903416834604312,0.9200354782173856,0.9879309358582338
ScAlNi2_225,ScAlNi2,intermetallic,cubic,3,0.0728361721882467,0.963318143207664,0.8904819710194173,0.9624245534468189
ScAlPd2_225,ScAlPd2,intermetallic,cubic,3,0.1617173967757665,0.8502968166531024,0.688579419877336,0.8748382381549986
ScAlRh2_225,ScAlRh2,intermetallic,cubic,3,0.1907116518286677,0.6621483786309162,0.4714367268022486,0.738172423328127
ScAl_221,ScAl,intermetallic,cubic,2,0.0155035629945915,0.2165648562272358,0.20106129323264432,0.34958690049024477
ScAsO4_141,ScAsO4,oxide,tetragonal,3,0.6609473927455578,0.6008910211077338,-0.06005637163782396,0.6918722607842681
ScAs_225,ScAs,pnictide,cubic,2,0.1547306964721815,0.3044907351451237,0.14976003867294221,0.44360520399503056
ScAu2_139,ScAu2,intermetallic,monoclinic,2,0.2939717301428602,0.8568761211852559,0.5629043910423956,0.8801179517432719
ScAu_221,ScAu,intermetallic,cubic,2,0.2939717301428602,0.9272896800100249,0.6333179498671646,0.9337097506234673
ScB12_225,ScB12,boride/carbide,cubic,2,0.1091685153656911,0.10468977188742133,-0.004478743478269764,0.20275854361758194
ScB2_191,ScB2,boride/carbide,hexagonal,2,0.1091685153656911,0.11734525879865675,0.00817674343296565,0.22119650864441823
ScBIr3_221,ScBIr3,boride/carbide,cubic,3,0.1617173967757665,0.454779055389495,0.29306165861372846,0.5767851762421063
ScBO3_167,ScBO3,oxide,trigonal,3,0.6609473927455578,0.6034146421916531,-0.05753275055390472,0.6936700760753174
ScBRh3_221,ScBRh3,boride/carbide,cubic,3,0.1907116518286677,0.6240045016427822,0.43329284981411453,0.7101285614542343
ScBe5_191,ScBe5,intermetallic,hexagonal,2,0.0109644474225218,0.06498209448020173,0.05401764705767993,0.14040010816739557
ScBi_225,ScBi,intermetallic,cubic,2,0.1031799049762132,0.43653640959712275,0.33335650462090954,0.5670848724219268
ScBrO_59,ScBrO,halide,orthorhombic,3,0.6609473927455578,0.9248166867694775,0.2638692940239197,0.9315464011374682
ScCd3_194,ScCd3,intermetallic,hexagonal,2,0.0268577401186475,0.9905702185295495,0.963712478410902,0.9884385435489744
ScCd7_63,ScCd7,intermetallic,orthorhombic,2,0.0268577401186475,0.9706735411682524,0.9438158010496049,0.9696165400612776
ScCdAg2_225,ScCdAg2,intermetallic,cubic,3,0.0780137787946897,0.9598880874932377,0.881874308698548,0.9599983217094286
ScCdHg2_225,ScCdHg2,intermetallic,cubic,3,0.0973315879190579,0.9590806559621763,0.8617490680431183,0.9593668183384976
ScCdPd2_225,ScCdPd2,intermetallic,cubic,3,0.1617173967757665,0.9244620721559108,0.7627446753801443,0.9310312200599284
ScCdRh2_225,ScCdRh2,intermetallic,cubic,3,0.1907116518286677,0.8940768324349332,0.7033651806062655,0.9075554181348545
ScCd_221,ScCd,intermetallic,cubic,2,0.0268577401186475,0.9973087987788747,0.9704510586602272,0.9960531955807388
ScCl3_148,ScCl3,halide,trigonal,2,0.5551419337770589,0.4520482340856458,-0.10309369969141308,0.5773761703962
ScCo2Sn_225,ScCo2Sn,intermetallic,cubic,3,0.0860688147287718,0.9049634985879369,0.8188946838591651,0.9154227105907581
ScCo2_227,ScCo2,intermetallic,cubic,2,0.0653657474825512,0.9322083163721903,0.8668425688896391,0.9367630145925288
ScCo3C_221,ScCo3C,boride/carbide,cubic,3,0.2981425792994556,0.801623579433008,0.5034810001335523,0.838825836636651
ScCoB4_55,ScCoB4,boride/carbide,orthorhombic,3,0.1091685153656911,0.6749644546828719,0.5657959393171809,0.7465489088145166
ScCoC2_129,ScCoC2,boride/carbide,tetragonal,3,0.2981425792994556,0.946370032180506,0.6482274528810503,0.9480491224637313
ScCo_221,ScCo,intermetallic,cubic,2,0.0653657474825512,0.9395321730470351,0.8741664255644839,0.9429685875420001
ScCrC2_194,ScCrC2,boride/carbide,hexagonal,3,0.2981425792994556,0.3537067018644001,0.05556412256494453,0.48691773847450437
ScCu2_139,ScCu2,intermetallic,monoclinic,2,0.0703062052430455,0.9917493047605277,0.9214430995174822,0.9894833159542104
ScCuO2_194,ScCuO2,oxide,hexagonal,3,0.6609473927455578,0.9511447469773346,0.29019735423177684,0.9522205532608986
ScCuS2_156,ScCuS2,chalcogenide,trigonal,3,0.3107146894533736,0.9870037465259591,0.6762890570725855,0.9845494338836916
ScCuSn_186,ScCuSn,intermetallic,hexagonal,3,0.0860688147287718,0.9937456621361371,0.9076768474073653,0.9917149297797048
ScCu_221,ScCu,intermetallic,cubic,2,0.0703062052430455,0.9970639472489045,0.9267577420058589,0.9956710777518227
ScFe2_227,ScFe2,intermetallic,cubic,2,0.053727787248697,0.8943441115905034,0.8406163243418064,0.9076762506083597
ScFeGe_189,ScFeGe,intermetallic,hexagonal,3,0.1002380044323459,0.8920268254170853,0.7917888209847395,0.9060207088790475
ScFeSi_62,ScFeSi,intermetallic,orthorhombic,3,0.0703062052430455,0.8128263562473719,0.7425201510043263,0.8473508499164805
ScGa2Ni_63,ScGa2Ni,intermetallic,orthorhombic,3,0.0728361721882467,0.9549422595420687,0.882106087353822,0.9553622012348767
ScGa2_74,ScGa2,intermetallic,orthorhombic,2,0.0493649081413015,0.15307355978579162,0.10370865164449013,0.2715712584854523
ScGa3_221,ScGa3,intermetallic,cubic,2,0.0493649081413015,0.12837236648518496,0.07900745834388347,0.23794566189820932
ScGa5Co_123,ScGa5Co,intermetallic,tetragonal,3,0.0653657474825512,0.8035451076342178,0.7381793601516666,0.8405932026784113
ScGa5Ni_123,ScGa5Ni,intermetallic,tetragonal,3,0.0728361721882467,0.9135358753542683,0.8406997031660216,0.9220620016484253
ScGaCu2_225,ScGaCu2,intermetallic,cubic,3,0.0703062052430455,0.9890890377715943,0.9187828325285488,0.9866027626297588
ScGaIr2_225,ScGaIr2,intermetallic,monoclinic,3,0.1617173967757665,0.4784266513804238,0.31670925460465726,0.5962736930450174
ScGaNi2_225,ScGaNi2,intermetallic,cubic,3,0.0728361721882467,0.9617054440151548,0.8888692718269081,0.9610113044453359
ScGaPd2_225,ScGaPd2,intermetallic,cubic,3,0.1617173967757665,0.8374507559155024,0.675733359139736,0.8653667418852113
ScGaRh2_225,ScGaRh2,intermetallic,monoclinic,3,0.1907116518286677,0.6547748259561208,0.4640631741274531,0.7326883601609928
ScGaRu2_225,ScGaRu2,intermetallic,cubic,3,0.1617173967757665,0.46620204421401407,0.30448464743824755,0.5861867450904078
ScGa_63,ScGa,intermetallic,monoclinic,2,0.0493649081413015,0.21961424062900184,0.17024933248770036,0.353429164707296
ScGeAu_186,ScGeAu,intermetallic,hexagonal,3,0.2939717301428602,0.835695518485457,0.5417237883425967,0.8646948894741883
ScGeRu_189,ScGeRu,intermetallic,hexagonal,3,0.1617173967757665,0.5780425455158079,0.41632514874004145,0.6759285532098248
ScGe_63,ScGe,intermetallic,orthorhombic,2,0.1002380044323459,0.25182191620432887,0.15158391177198297,0.3890006585882065
ScH2_225,ScH2,hydride,cubic,2,0.1617173967757665,0.11843819529860353,-0.043279201477162965,0.22338906778258955
ScHCl_166,ScHCl,halide,trigonal,3,0.5551419337770589,0.4029447180928837,-0.1521972156841752,0.5337824666676234
ScHg3_194,ScHg3,intermetallic,hexagonal,2,0.0973315879190579,0.9421017236745814,0.8447701357555235,0.9454177529979464
ScHg_221,ScHg,intermetallic,cubic,2,0.0973315879190579,0.9771006258319346,0.8797690379128766,0.975404878086054
ScInAg2_225,ScInAg2,intermetallic,cubic,3,0.0780137787946897,0.9508354949695341,0.8728217161748444,0.9521798575762069
ScInCu4_216,ScInCu4,intermetallic,cubic,3,0.0703062052430455,0.9937700699080373,0.9234638646649918,0.9916749239938775
ScInIr2_225,ScInIr2,intermetallic,cubic,3,0.1617173967757665,0.5791738895117718,0.4174564927360054,0.6766591632669263
ScInNi2_225,ScInNi2,intermetallic,cubic,3,0.0728361721882467,0.9733078227885071,0.9004716506002605,0.9713797659799144
ScInPd2_225,ScInPd2,intermetallic,cubic,3,0.1617173967757665,0.8793271278460685,0.717609731070302,0.8964266904534064
ScInPt2_225,ScInPt2,intermetallic,cubic,3,0.1907116518286677,0.7502177531168133,0.5595061012881456,0.8027830886199867
ScInRh2_225,ScInRh2,intermetallic,cubic,3,0.1907116518286677,0.7344749384349953,0.5437632866063277,0.7912182349298869
ScIr2_227,ScIr2,intermetallic,cubic,2,0.1617173967757665,0.7034699555752368,0.5417525587994704,0.7691917267714719
ScIr3_221,ScIr3,intermetallic,cubic,2,0.1617173967757665,0.4331191345893737,0.2714017378136072,0.5583114004694361
ScIr_221,ScIr,intermetallic,cubic,2,0.1617173967757665,0.6458163297462267,0.48409893297046025,0.7276714658331571
ScMn2_194,ScMn2,intermetallic,hexagonal,2,0.0089843969268881,0.7634008614465636,0.7544164645196755,0.8122209667660398
ScMnRh2_225,ScMnRh2,intermetallic,trigonal,3,0.1907116518286677,0.6531759050985336,0.46246425326986595,0.7322720991005583
ScMnSi_189,ScMnSi,intermetallic,hexagonal,3,0.0703062052430455,0.7217737518491957,0.6514675466061501,0.7819974107333729
ScN_225,ScN,pnictide,cubic,2,0.5061878019666538,0.43402195826875756,-0.07216584369789625,0.558660992283078
ScNbO4_13,ScNbO4,oxide,monoclinic,3,0.6609473927455578,0.6220712859538495,-0.038876106791708276,0.7077720469711881
ScNbOs2_225,ScNbOs2,intermetallic,cubic,3,0.1617173967757665,0.7047618309507294,0.543044434174963,0.7702970659281382
ScNbRu2_225,ScNbRu2,intermetallic,cubic,3,0.1617173967757665,0.6907016690001831,0.5289842722244167,0.7599021785193382
ScNbTc2_225,ScNbTc2,intermetallic,cubic,3,0.0703062052430455,0.7423864447816859,0.6720802395386404,0.7977802623442528
ScNi2Sn_225,ScNi2Sn,intermetallic,cubic,3,0.0860688147287718,0.9719267959589206,0.8858579812301488,0.9701231218563915
ScNi2_227,ScNi2,intermetallic,cubic,2,0.0728361721882467,0.9796769818669091,0.9068408096786624,0.9773015134370736
ScNi4Sn_216,ScNi4Sn,intermetallic,cubic,3,0.0860688147287718,0.9764779554260544,0.8904091406972826,0.974238311782321
ScNiBi_216,ScNiBi,intermetallic,cubic,3,0.1031799049762132,0.9815952309465442,0.878415325970331,0.9792854308575433
ScNiGe_62,ScNiGe,intermetallic,orthorhombic,3,0.1002380044323459,0.9681566970092432,0.8679186925768974,0.9668191226073012
ScNiP_62,ScNiP,pnictide,orthorhombic,3,0.1582102508344635,0.9620367029070682,0.8038264520726047,0.9613703834998026
ScNiSb_216,ScNiSb,intermetallic,cubic,3,0.1122143941556312,0.9763961302398662,0.864181736084235,0.974349439029305
ScNi_221,ScNi,intermetallic,cubic,2,0.0728361721882467,0.9839420463963605,0.9111058742081138,0.981548997638394
ScOF_14,ScOF,halide,monoclinic,3,0.8202341305415322,0.7978278751115782,-0.022406255429954003,0.8360058969928639
ScOs2_194,ScOs2,intermetallic,hexagonal,2,0.1617173967757665,0.5784333874407396,0.4167159906649731,0.6767859037824165
ScPO4_141,ScPO4,oxide,tetragonal,3,0.6609473927455578,0.5767163600717837,-0.08423103267377408,0.6732573465889875
ScPPt_62,ScPPt,pnictide,orthorhombic,3,0.1907116518286677,0.6613220845396582,0.47061043271099057,0.7379227852492561
ScPRu_189,ScPRu,pnictide,hexagonal,3,0.1617173967757665,0.5004262037711283,0.3387088069953619,0.6143801574189993
ScP_225,ScP,pnictide,cubic,2,0.1582102508344635,0.2622784041231531,0.10406815328868962,0.3994386399355062
ScPd3_221,ScPd3,intermetallic,cubic,2,0.1617173967757665,0.8134441251717103,0.6517267283959438,0.8481685103694537
ScPd_221,ScPd,intermetallic,cubic,2,0.1617173967757665,0.9353657488835724,0.7736483521078059,0.940006688808826
ScPt3_221,ScPt3,intermetallic,cubic,2,0.1907116518286677,0.6253541053025617,0.4346424534738941,0.7111939399489647
ScPt_221,ScPt,intermetallic,cubic,2,0.1907116518286677,0.8175171897377854,0.6268055379091177,0.8519951060822702
ScRe2_194,ScRe2,intermetallic,hexagonal,2,0.0703062052430455,0.5081787369917953,0.4378725317487498,0.6227075581493013
ScRh3C_221,ScRh3C,boride/carbide,cubic,3,0.2981425792994556,0.6333321113501272,0.33518953205067165,0.7171612188436964
ScRh3_221,ScRh3,intermetallic,cubic,2,0.1907116518286677,0.6228509799379905,0.4321393281093229,0.7092706762336206
ScRh_221,ScRh,intermetallic,cubic,2,0.1907116518286677,0.8242749463922783,0.6335632945636106,0.8568691820638269
ScRu2_194,ScRu2,intermetallic,hexagonal,2,0.1617173967757665,0.6856408173278262,0.5239234205520598,0.7564584948155375
ScRu3C_221,ScRu3C,boride/carbide,cubic,3,0.2981425792994556,0.4656727763244245,0.1675301970249689,0.5860345406828978
ScRu_221,ScRu,intermetallic,cubic,2,0.1617173967757665,0.654570594849288,0.49285319807352157,0.7343522535197738
ScS_225,ScS,chalcogenide,cubic,2,0.3107146894533736,0.3662484304743544,0.0555337410209808,0.501572141006306
ScSbPd_216,ScSbPd,intermetallic,cubic,3,0.1617173967757665,0.9043963879934115,0.742678991217645,0.9157715437056132
ScSbPt_216,ScSbPt,intermetallic,cubic,3,0.1907116518286677,0.7898192956257758,0.5991076437971081,0.8319663149227351
ScSbRu2_225,ScSbRu2,intermetallic,orthorhombic,3,0.1617173967757665,0.5146268735262967,0.3529094767505302,0.6261141219859213
ScSb_225,ScSb,intermetallic,cubic,2,0.1122143941556312,0.31733537363958325,0.20512097948395205,0.45734277507855214
ScSe_225,ScSe,chalcogenide,cubic,2,0.2981425792994556,0.41017851633380137,0.11203593703434578,0.5422349787713315
ScSi2Rh_62,ScSi2Rh,intermetallic,orthorhombic,3,0.1907116518286677,0.6234825508588322,0.4327708990301645,0.7094416763304957
ScSiAu_187,ScSiAu,intermetallic,hexagonal,3,0.2939717301428602,0.8244562065399228,0.5304844763970626,0.8563329251036641
ScSiCu_189,ScSiCu,intermetallic,hexagonal,3,0.0703062052430455,0.9913818280349138,0.9210756227918683,0.9890559069516748
ScSiCu_62,ScSiCu,intermetallic,orthorhombic,3,0.0703062052430455,0.9892703449401027,0.9189641396970571,0.9868195716830279
ScSiNi_62,ScSiNi,intermetallic,orthorhombic,3,0.0728361721882467,0.9615677458329462,0.8887315736446996,0.9609899133065501
ScSiPt2_63,ScSiPt2,intermetallic,orthorhombic,3,0.1907116518286677,0.6870532393373812,0.4963415875087135,0.7566934217020377
ScSiPt_62,ScSiPt,intermetallic,orthorhombic,3,0.1907116518286677,0.6810993040655744,0.4903876522369067,0.7526792258091883
ScSiRh_62,ScSiRh,intermetallic,orthorhombic,3,0.1907116518286677,0.7041285462020577,0.51341689437339,0.7692742567317818
ScSi_63,ScSi,intermetallic,orthorhombic,2,0.0703062052430455,0.19981621441478173,0.12951000917173622,0.32961062671935737
ScSnAu_186,ScSnAu,intermetallic,hexagonal,3,0.2939717301428602,0.8984329308451819,0.6044612007023218,0.9113391426033212
ScSnAu_216,ScSnAu,intermetallic,cubic,3,0.2939717301428602,0.8922846610244874,0.5983129308816273,0.9066881838491115
ScSnPd2_225,ScSnPd2,intermetallic,cubic,3,0.1617173967757665,0.882349438940128,0.7206320421643615,0.8987460414311377
ScSnPd_190,ScSnPd,intermetallic,hexagonal,3,0.1617173967757665,0.9004515739435344,0.7387341771677679,0.9126456284273681
ScSnPt_190,ScSnPt,intermetallic,hexagonal,3,0.1907116518286677,0.7996038911914211,0.6088922393627534,0.8388850136118244
ScSnRu2_225,ScSnRu2,intermetallic,cubic,3,0.1617173967757665,0.542536742349169,0.3808193455734026,0.6482419046711755
ScTaO4_13,ScTaO4,oxide,monoclinic,3,0.6609473927455578,0.6338662899738875,-0.027081102771670307,0.7166968315044756
ScTaRu2_225,ScTaRu2,intermetallic,cubic,3,0.1617173967757665,0.5517103181609058,0.3899929213851393,0.656099181736892
ScTc2W_225,ScTc2W,intermetallic,cubic,3,0.221199216928595,0.39070209605633427,0.16950287912773926,0.5228767393297015
ScTe_194,ScTe,chalcogenide,hexagonal,2,0.1279425724852808,0.4510930985529573,0.3231505260676765,0.5790513950313217
ScTiRu2_225,ScTiRu2,intermetallic,cubic,3,0.1617173967757665,0.4966786142333887,0.3349612174576222,0.6122356680735547
ScTlRh2_225,ScTlRh2,intermetallic,cubic,3,0.1907116518286677,0.744649859017623,0.5539382071889554,0.7986373346521799
ScTlS2_194,ScTlS2,chalcogenide,hexagonal,3,0.3107146894533736,0.5094822490361122,0.19876755958273856,0.6237594115575222
ScTlSe2_166,ScTlSe2,chalcogenide,trigonal,3,0.2981425792994556,0.5200811061678338,0.22193852686837817,0.6331997468951696
ScTlTe2_166,ScTlTe2,chalcogenide,trigonal,3,0.1279425724852808,0.5664727548676886,0.43853018238240776,0.6711038344396378
ScUS3_63,ScUS3,chalcogenide,orthorhombic,3,0.3107146894533736,0.7859905319412143,0.47527584248784066,0.8292586625197746
ScVRu2_225,ScVRu2,intermetallic,cubic,3,0.1617173967757665,0.4100630061077733,0.2483456093320068,0.538976958415701
ScZn12_139,ScZn12,intermetallic,tetragonal,2,0.0208055155986512,0.9607886113364306,0.9399830957377794,0.9605047341291556
ScZn2_194,ScZn2,intermetallic,hexagonal,2,0.0208055155986512,0.9989799372325446,0.9781744216338935,0.9982347859803373
ScZn3_194,ScZn3,intermetallic,hexagonal,2,0.0208055155986512,0.9957753467655597,0.9749698311669085,0.9940623423156345
ScZnCu2_225,ScZnCu2,intermetallic,cubic,3,0.0703062052430455,0.9865394393806894,0.9162332341376439,0.9840381654098299
ScZnRh2_225,ScZnRh2,intermetallic,cubic,3,0.1907116518286677,0.9729567703252778,0.7822451184966102,0.9711165512718735
ScZn_221,ScZn,intermetallic,cubic,2,0.0208055155986512,0.999278860054115,0.9784733444554639,0.9986972809459695
Sc_194,Sc,elemental,hexagonal,1,0.0,0.19283818977789216,0.19283818977789216,0.3218900160609836
SeO2_135,SeO2,oxide,tetragonal,2,0.179650655852134,0.5078887038617254,0.32823804800959133,0.6198038368160671
SeOF2_29,SeOF2,halide,orthorhombic,3,0.4002395778963622,0.6383781068905513,0.23813852899418908,0.7202386859423021
Si2Mo_139,Si2Mo,intermetallic,tetragonal,2,0.0167579960807445,0.14369988357211863,0.12694188749137414,0.257434413334053
Si2Mo_180,Si2Mo,intermetallic,hexagonal,2,0.0167579960807445,0.14223003096244718,0.1254720348817027,0.2554573914632503
Si2Ni6B_189,Si2Ni6B,boride/carbide,hexagonal,3,0.0048880145841702,0.9077909703566298,0.9029029557724596,0.9172156184620691
Si2Ni_225,Si2Ni,intermetallic,cubic,2,2.499968750258041e-05,0.9377032427186567,0.9376782430311541,0.940951686235408
Si2Os_64,Si2Os,intermetallic,orthorhombic,2,0.0222487628066636,0.2622440017400073,0.23999523893334368,0.3966080593268793
Si2Pd9_62,Si2Pd9,intermetallic,orthorhombic,2,0.0222487628066636,0.5682286242269027,0.5459798614202391,0.6672776886039891
Si2Ru_64,Si2Ru,intermetallic,orthorhombic,2,0.0222487628066636,0.3608576161787181,0.3386088533720545,0.4935591146301596
Si2W_139,Si2W,intermetallic,tetragonal,2,0.0515251447743955,0.11956667853501607,0.06804153376062057,0.22454743662631568
Si2W_180,Si2W,intermetallic,hexagonal,2,0.0515251447743955,0.11842861002334666,0.06690346524895116,0.22291410721099073
Si3As4_215,Si3As4,pnictide,cubic,2,0.0194091687975717,0.17363607070241857,0.15422690190484686,0.2977553587724331
Si3Mo5_140,Si3Mo5,intermetallic,tetragonal,2,0.0167579960807445,0.15897127666231992,0.14221328058157542,0.27766564413505884
Si3MoPt2_26,Si3MoPt2,intermetallic,orthorhombic,3,0.0354561657231845,0.5962420781743957,0.5607859124512111,0.6886300826249072
Si3N4_176,Si3N4,pnictide,hexagonal,2,0.2774003900098064,0.3566783443535311,0.0792779543437247,0.4897033420861092
Si3NiP4_121,Si3NiP4,pnictide,tetragonal,3,0.0208055155986512,0.8688605036731177,0.8480549880744666,0.8884428702064401
Si3P2Pt_1,Si3P2Pt,pnictide,triclinic,3,0.0354561657231845,0.4875868340129698,0.4521306682897853,0.6040579357246578
Si3Pt2_194,Si3Pt2,intermetallic,hexagonal,2,0.0354561657231845,0.5873618370458547,0.5519056713226701,0.6821204587350264
Si3Rh5_55,Si3Rh5,intermetallic,orthorhombic,2,0.0354561657231845,0.5200354969878322,0.48457933126464775,0.6292044719070404
Si3Ru2_116,Si3Ru2,intermetallic,tetragonal,2,0.0222487628066636,0.38207578894460514,0.35982702613794154,0.5129551637189422
Si3Ru4_62,Si3Ru4,intermetallic,orthorhombic,2,0.0222487628066636,0.335516661699028,0.3132678988923644,0.4694829366652436
Si3W5_140,Si3W5,intermetallic,tetragonal,2,0.0515251447743955,0.13468367418189195,0.08315852940749645,0.245817670205851
Si4P4Ru_1,Si4P4Ru,pnictide,triclinic,3,0.0222487628066636,0.31284768251655326,0.29059891970988966,0.44889002542044404
Si4Rh3_62,Si4Rh3,intermetallic,orthorhombic,2,0.0354561657231845,0.6002775941773898,0.5648214284542052,0.691611350941599
Si5Pt6_11,Si5Pt6,intermetallic,monoclinic,2,0.0354561657231845,0.5972414360254569,0.5617852703022723,0.6895317652199798
Si5Rh4_11,Si5Rh4,intermetallic,monoclinic,2,0.0354561657231845,0.6236161090563193,0.5881599433331347,0.7091760008296673
SiB3_74,SiB3,boride/carbide,orthorhombic,2,0.0048880145841702,0.19100257963262657,0.18611456504845636,0.3167448266752509
SiBr4_205,SiBr4,halide,cubic,2,0.2448961579109765,0.36474198046052786,0.11984582254955137,0.5022896410498303
SiC_186,SiC,boride/carbide,hexagonal,2,0.1002380044323459,0.18866139911510743,0.08842339468276153,0.31390210839204824
SiC_216,SiC,boride/carbide,cubic,2,0.1002380044323459,0.18930433329060647,0.08906632885826057,0.3146830192575723
SiCl4_14,SiCl4,halide,monoclinic,2,0.3275987376029974,0.31524449122018544,-0.012354246382811962,0.45375995598485147
SiF4_217,SiF4,halide,cubic,2,0.6609473927455578,0.630524506073861,-0.03042288667169679,0.7146327481860328
SiIr3_140,SiIr3,intermetallic,tetragonal,2,0.0222487628066636,0.3170410682997039,0.2947923054930403,0.4519523852714038
SiIr_62,SiIr,intermetallic,orthorhombic,2,0.0222487628066636,0.38840493727674236,0.36615617447007875,0.5186991324945993
SiMo3_223,SiMo3,intermetallic,cubic,2,0.0167579960807445,0.16984140604073808,0.1530834099599936,0.2916223528708533
SiNi2_62,SiNi2,intermetallic,orthorhombic,2,2.499968750258041e-05,0.9189530132340368,0.9189280135465342,0.9259011493771325
SiNi3_221,SiNi3,intermetallic,cubic,2,2.499968750258041e-05,0.8992745537429392,0.8992495540554366,0.9106694315321564
SiNi_62,SiNi,intermetallic,orthorhombic,2,2.499968750258041e-05,0.9498016289059219,0.9497766292184193,0.9508593427460053
SiO2_122,SiO2,oxide,tetragonal,2,0.4472779356966061,0.6244146814503756,0.17713674575376948,0.7107959763494998
SiO2_152,SiO2,oxide,trigonal,2,0.4472779356966061,0.5884119384324787,0.14113400273587262,0.6831912499909931
SiOs_198,SiOs,intermetallic,cubic,2,0.0222487628066636,0.25852972301087185,0.23628096020420825,0.3925341256851631
SiOs_221,SiOs,intermetallic,cubic,2,0.0222487628066636,0.23323938217325252,0.21099061936658892,0.36495323907798877
SiPd2_189,SiPd2,intermetallic,orthorhombic,2,0.0222487628066636,0.6882319455868537,0.6659831827801902,0.7567838510586791
SiPd3_62,SiPd3,intermetallic,orthorhombic,2,0.0222487628066636,0.6380320537001484,0.6157832908934848,0.7200811246321336
SiPd_62,SiPd,intermetallic,orthorhombic,2,0.0222487628066636,0.7675597325065023,0.7453109696998388,0.8144067227910285
SiPt2_139,SiPt2,intermetallic,tetragonal,2,0.0354561657231845,0.49170204569782083,0.45624587997463634,0.606872938721968
SiPt3_12,SiPt3,intermetallic,monoclinic,2,0.0354561657231845,0.47840677584272734,0.44295061011954284,0.5959673327499688
SiPt_62,SiPt,intermetallic,orthorhombic,2,0.0354561657231845,0.5765753988725183,0.5411192331493337,0.673705532269163
SiRh2_62,SiRh2,intermetallic,orthorhombic,2,0.0354561657231845,0.4819761696243866,0.4465200039012021,0.5983194949240827
SiRh_14,SiRh,intermetallic,monoclinic,2,0.0354561657231845,0.5527066004112143,0.5172504346880298,0.6548642329512819
SiRh_198,SiRh,intermetallic,cubic,2,0.0354561657231845,0.5390225997431027,0.5035664340199182,0.6439869766212254
SiRh_62,SiRh,intermetallic,orthorhombic,2,0.0354561657231845,0.5629408932853578,0.5274847275621732,0.6629709032498913
SiRu2_62,SiRu2,intermetallic,orthorhombic,2,0.0222487628066636,0.31574071689300204,0.29349195408633844,0.45052166596287546
SiRu_198,SiRu,intermetallic,cubic,2,0.0222487628066636,0.3538656985018215,0.3316169356951579,0.4868305299200337
SiRu_221,SiRu,intermetallic,cubic,2,0.0222487628066636,0.32457385021954593,0.30232508741288233,0.4588499034981238
SiS2_72,SiS2,chalcogenide,orthorhombic,2,0.1091685153656912,0.21979796187068348,0.11062944650499229,0.3528240845234011
SiSnPt5_123,SiSnPt5,intermetallic,tetragonal,3,0.0354561657231845,0.5563831519202735,0.520926986197089,0.6582064487218633
SiTc2W_225,SiTc2W,intermetallic,cubic,3,0.0515251447743955,0.23291042964099892,0.18138528486660344,0.36516908812470344
Si_194,Si,elemental,hexagonal,1,0.0,0.12236979893046739,0.12236979893046739,0.22969797310359763
Si_227,Si,elemental,cubic,1,0.0,0.12285032321258886,0.12285032321258886,0.23038102580147937
Sm(BC)2_127,Sm(BC)2,boride/carbide,tetragonal,3,0.3787986409945492,0.7881209254814724,0.4093222844869232,0.8290297115578693
Sm(CoP)2_139,Sm(CoP)2,pnictide,tetragonal,3,0.2290255154998847,0.8917610814411024,0.6627355659412177,0.9053410525674142
Sm(PRu)2_139,Sm(PRu)2,pnictide,tetragonal,3,0.2329666519444447,0.8605497061804516,0.6275830542360068,0.8822377888442786
Sm(SiIr)2_139,Sm(SiIr)2,intermetallic,tetragonal,3,0.2329666519444447,0.8889435128402259,0.6559768608957812,0.9033569965000731
Sm(SiPd)2_139,Sm(SiPd)2,intermetallic,tetragonal,3,0.2329666519444447,0.9220224911796545,0.6890558392352097,0.928766363982868
Sm(SiRu)2_139,Sm(SiRu)2,intermetallic,tetragonal,3,0.2329666519444447,0.896860919825642,0.6638942678811972,0.9093787454811235
Sm2AgHg_225,Sm2AgHg,intermetallic,cubic,3,0.1582102508344636,0.7482006476124412,0.5899903967779776,0.803460614901746
Sm2AgRu_225,Sm2AgRu,intermetallic,cubic,3,0.2329666519444447,0.8946560583420278,0.6616894063975831,0.9086805147618733
Sm2Ge2Ru_12,Sm2Ge2Ru,intermetallic,monoclinic,3,0.2329666519444447,0.976059829603516,0.7430931776590712,0.9740878299357849
Sm2GeRh3_166,Sm2GeRh3,intermetallic,trigonal,3,0.2651030546442223,0.9143831483464406,0.6492800937022183,0.9229729904268855
Sm2InHg_225,Sm2InHg,intermetallic,cubic,3,0.1582102508344636,0.985559043972358,0.8273487931378944,0.9831952030823858
Sm2In_194,Sm2In,intermetallic,hexagonal,2,0.0888292792566213,0.9946063043994061,0.9057770251427848,0.9927292050552516
Sm2IrRh_225,Sm2IrRh,intermetallic,cubic,3,0.2651030546442223,0.8880896019899958,0.6229865473457734,0.9034419591585684
Sm2MgAl_225,Sm2MgAl,intermetallic,cubic,3,0.047247390196789,0.9932498691917885,0.9460024789949995,0.9911589046639003
Sm2MgGe2_127,Sm2MgGe2,intermetallic,tetragonal,3,0.1617173967757664,0.9912612695308126,0.8295438727550462,0.9889925407677477
Sm2O3_206,Sm2O3,oxide,cubic,2,0.7242401773760752,0.45805933982907204,-0.2661808375470031,0.5791860568569496
Sm2S3_62,Sm2S3,chalcogenide,orthorhombic,2,0.3916622248233103,0.9680716761167513,0.576409451293441,0.9669185549449623
Sm2TeO2_139,Sm2TeO2,oxide,tetragonal,3,0.7242401773760752,0.9812580257760961,0.25701784840002095,0.9789359472623274
Sm2Ti2S2O5_139,Sm2Ti2S2O5,oxide,tetragonal,4,0.7242401773760752,0.8975105320462021,0.17327035467012697,0.9098708660635413
Sm2TlAg_225,Sm2TlAg,intermetallic,cubic,3,0.134458537778234,0.9854957092959822,0.8510371715177482,0.9831349022652195
Sm2TlCd_225,Sm2TlCd,intermetallic,cubic,3,0.0653657474825513,0.9889680651278042,0.9236023176452529,0.9866502199779525
Sm2TlHg_225,Sm2TlHg,intermetallic,cubic,3,0.1582102508344636,0.9855365984935273,0.8273263476590637,0.9831763252506551
Sm2ZnHg_225,Sm2ZnHg,intermetallic,cubic,3,0.1582102508344636,0.8663668077095948,0.7081565568751312,0.8882380246855968
Sm2Zr2O7_227,Sm2Zr2O7,oxide,cubic,3,0.7242401773760752,0.3044444391291136,-0.41979573824696154,0.4396830917231759
Sm3Hg_194,Sm3Hg,intermetallic,hexagonal,2,0.1582102508344636,0.813669584297868,0.6554593334634043,0.850859352480756
Sm3InN_221,Sm3InN,pnictide,cubic,3,0.5828147870350189,0.9853642083915946,0.4025494213565757,0.9829575555808794
Sm3In_221,Sm3In,intermetallic,cubic,2,0.0888292792566213,0.9939583610961994,0.9051290818395781,0.9920123556382774
Sm3TlC_221,Sm3TlC,boride/carbide,cubic,3,0.3787986409945492,0.9886855539565229,0.6098869129619737,0.986319517038821
SmAgAu2_225,SmAgAu2,intermetallic,cubic,3,0.3745131672148889,0.6303880163701541,0.25587484915526515,0.716189689328289
SmAgHg2_225,SmAgHg2,intermetallic,cubic,3,0.1582102508344636,0.5871929940146164,0.42898274318015284,0.6843603139850846
SmAl3Pd2_191,SmAl3Pd2,intermetallic,hexagonal,3,0.2329666519444447,0.9525319807804065,0.7195653288359618,0.953367936041975
SmAl3_194,SmAl3,intermetallic,hexagonal,2,0.047247390196789,0.9778310945199128,0.9305837043231238,0.9756229096761114
SmAlO3_62,SmAlO3,oxide,orthorhombic,3,0.7242401773760752,0.734878154982532,0.010637977606456794,0.7903567816699651
SmAsS_62,SmAsS,chalcogenide,orthorhombic,3,0.3916622248233103,0.9827008263984923,0.5910386015751821,0.9803337916400915
SmB6_221,SmB6,boride/carbide,cubic,2,0.1723997243174981,0.7455110096987946,0.5731112853812965,0.7982151436080431
SmBi2BrO4_123,SmBi2BrO4,halide,tetragonal,4,0.7242401773760752,0.9917908313322652,0.26755065395619004,0.9895105934318108
SmBi2ClO4_123,SmBi2ClO4,halide,tetragonal,4,0.7242401773760752,0.9858759918836405,0.26163581450756535,0.9833509221665059
SmBi2IO4_123,SmBi2IO4,halide,tetragonal,4,0.7242401773760752,0.9955547169597635,0.27131453958368834,0.9937810511100557
SmBr3_63,SmBr3,halide,monoclinic,2,0.5511313621135028,0.983980003256841,0.4328486411433382,0.9817204236127928
SmBrO_129,SmBrO,halide,tetragonal,3,0.7242401773760752,0.9948438241692908,0.2706036467932157,0.9929661209324927
SmC2_139,SmC2,boride/carbide,tetragonal,2,0.3787986409945492,0.8710132922306671,0.49221465123611796,0.8899138973494415
SmCd2_191,SmCd2,intermetallic,trigonal,2,0.0653657474825513,0.5538010878591557,0.4884353403766044,0.6611037434183443
SmCd3_194,SmCd3,intermetallic,hexagonal,2,0.0653657474825513,0.51428737854236,0.44892163105980865,0.6299715375343956
SmCdAg2_225,SmCdAg2,intermetallic,cubic,3,0.134458537778234,0.5298142742507611,0.3953557364725271,0.6405467202378567
SmCdAu2_225,SmCdAu2,intermetallic,cubic,3,0.3745131672148889,0.6888650045052146,0.3143518372903257,0.7593960421919413
SmCd_221,SmCd,intermetallic,cubic,2,0.0653657474825513,0.6650638358170148,0.5996980883344635,0.7451461632813052
SmCl3_194,SmCl3,halide,hexagonal,2,0.6284325982791132,0.9784126920544772,0.349980093775364,0.9764201291806716
SmClO_129,SmClO,halide,tetragonal,3,0.7242401773760752,0.9467866710027967,0.22254649362672152,0.9486458101311207
SmCoGe_62,SmCoGe,intermetallic,monoclinic,3,0.1617173967757664,0.9560147666314059,0.7942973698556395,0.9563932625985649
SmCoSi_129,SmCoSi,intermetallic,tetragonal,3,0.124731865378405,0.9317234092194007,0.8069915438409957,0.9364479470473427
SmCuSe2_14,SmCuSe2,chalcogenide,monoclinic,3,0.3787986409945492,0.9871289445821696,0.6083303035876204,0.9846927448578301
SmDyMg2_225,SmDyMg2,intermetallic,cubic,3,0.0048880145841702,0.9991250093084991,0.9942369947243289,0.9984409815582889
SmF3_62,SmF3,halide,orthorhombic,2,0.8611033295011811,0.14449000498502526,-0.7166133245161558,0.2581745231398388
SmFeSi_129,SmFeSi,intermetallic,tetragonal,3,0.124731865378405,0.9218773819929316,0.7971455166145266,0.9287047482855544
SmGa2Co_65,SmGa2Co,intermetallic,orthorhombic,3,0.1184071933122512,0.9743225880791065,0.8559153947668553,0.9723784834917999
SmGa3_194,SmGa3,intermetallic,hexagonal,2,0.0973315879190579,0.977721446362264,0.880389858443206,0.9755369543018942
SmGeRu_129,SmGeRu,intermetallic,tetragonal,3,0.2329666519444447,0.9489719294968963,0.7160052775524517,0.9505823861134036
SmHg3_194,SmHg3,intermetallic,hexagonal,2,0.1582102508344636,0.6375876797609524,0.4793774289264888,0.7223526800224412
SmHgPd_189,SmHgPd,intermetallic,hexagonal,3,0.2329666519444447,0.6437678926392687,0.410801240694824,0.7266099317130736
SmHoMg2_225,SmHoMg2,intermetallic,triclinic,3,0.0048880145841702,0.9994710734174463,0.9945830588332761,0.9989833644362383
SmHoTl2_225,SmHoTl2,intermetallic,cubic,3,0.0493649081413015,0.9995028674733334,0.9501379593320319,0.9990383156726574
SmI3_194,SmI3,halide,hexagonal,2,0.425942090430698,0.9983069514159426,0.5723648609852446,0.9973289678076988
SmInAg2_225,SmInAg2,intermetallic,cubic,3,0.134458537778234,0.9676630017567847,0.8332044639785506,0.9665138231276443
SmInPd_189,SmInPd,intermetallic,hexagonal,3,0.2329666519444447,0.9824039178293159,0.7494372658848711,0.9800334006510052
SmIn_221,SmIn,intermetallic,cubic,2,0.0888292792566213,0.9945882788099336,0.9057589995533123,0.9926876427550284
SmMg3_225,SmMg3,intermetallic,cubic,2,0.0048880145841702,0.9849324243104564,0.9800444097262861,0.9824706722329529
SmMgAg2_225,SmMgAg2,intermetallic,cubic,3,0.134458537778234,0.9767482161277516,0.8422896783495176,0.9747671935322897
SmMgGa_189,SmMgGa,intermetallic,hexagonal,3,0.0973315879190579,0.9922888481803417,0.8949572602612837,0.9900910372528645
SmMgHg2_225,SmMgHg2,intermetallic,cubic,3,0.1582102508344636,0.9777559017773908,0.8195456509429272,0.9757359544294962
SmMgPt_189,SmMgPt,intermetallic,hexagonal,3,0.2651030546442223,0.9876128740121424,0.72250981936792,0.9852396542830854
SmMg_221,SmMg,intermetallic,cubic,2,0.0048880145841702,0.9942461897444435,0.9893581751602732,0.9922770264890766
SmN_225,SmN,pnictide,cubic,2,0.5828147870350189,0.7744044223033891,0.19158963526837025,0.819706504735663
SmNi2_227,SmNi2,intermetallic,cubic,2,0.1279425724852808,0.11172621501102295,-0.016216357474257842,0.21427597122569575
SmNiAs_187,SmNiAs,pnictide,hexagonal,3,0.2251028747092087,0.9641539224091273,0.7390510476999186,0.9634059232133965
SmNiGe2_63,SmNiGe2,intermetallic,orthorhombic,3,0.1617173967757664,0.9818583047509366,0.8201409079751703,0.9794463397026574
SmNi_63,SmNi,intermetallic,monoclinic,2,0.1279425724852808,0.20758138145673746,0.07963880897145667,0.33934859493047137
SmPbAu2_225,SmPbAu2,intermetallic,cubic,3,0.3745131672148889,0.9576190636538486,0.5831058964389597,0.957887141481458
SmPt2_227,SmPt2,intermetallic,cubic,2,0.2651030546442223,0.7405301589056357,0.4754271042614134,0.7958993361894694
SmPt3_221,SmPt3,intermetallic,cubic,2,0.2651030546442223,0.692233309404876,0.42713025476065375,0.7605576242810631
SmPt_62,SmPt,intermetallic,orthorhombic,2,0.2651030546442223,0.8452124154743424,0.5801093608301202,0.8719879570544757
SmRh2_227,SmRh2,intermetallic,cubic,2,0.2651030546442223,0.743910717079165,0.4788076624349427,0.7983880370475012
SmRh_221,SmRh,intermetallic,cubic,2,0.2651030546442223,0.8560402342995375,0.5909371796553151,0.8799407525107554
SmSF_129,SmSF,halide,tetragonal,3,0.8611033295011811,0.9605108984005568,0.09940756889937574,0.9601414241655285
SmS_225,SmS,chalcogenide,cubic,2,0.3916622248233103,0.966004557297136,0.5743423324738257,0.965104373152113
SmSbTe_129,SmSbTe,chalcogenide,tetragonal,3,0.1944459681757966,0.9932825112733411,0.7988365430975445,0.9912470758664756
SmScO3_62,SmScO3,oxide,orthorhombic,3,0.7242401773760752,0.8147515595683331,0.09051138219225796,0.8483927923117788
SmSe_225,SmSe,chalcogenide,cubic,2,0.3787986409945492,0.981061275067795,0.6022626340732458,0.9788222238505752
SmSi2Ni_63,SmSi2Ni,intermetallic,orthorhombic,3,0.1279425724852808,0.9759364794690656,0.8479939069837847,0.9738168702636493
SmSnPt_189,SmSnPt,intermetallic,hexagonal,3,0.2651030546442223,0.9777606841774523,0.7126576295332301,0.9756460855475471
SmTaO4_13,SmTaO4,oxide,monoclinic,3,0.7242401773760752,0.7318014709832942,0.007561293607219022,0.7883932393688319
SmTlTe2_166,SmTlTe2,chalcogenide,trigonal,3,0.1944459681757966,0.9970618824852739,0.8026159143094773,0.9956800137320877
SmTmHg2_225,SmTmHg2,intermetallic,cubic,3,0.1582102508344636,0.9977587457604253,0.8395484949259617,0.9965641536028996
SmTmTl2_225,SmTmTl2,intermetallic,cubic,3,0.0493649081413015,0.999908134313993,0.9505432261726915,0.9997713326776465
SmYTl2_225,SmYTl2,intermetallic,cubic,3,0.0493649081413015,0.9872732542032254,0.937908346061924,0.9849072166676424
SmZnPO_166,SmZnPO,oxide,trigonal,4,0.7242401773760752,0.9649992253034867,0.24075904792741154,0.9640354560303204
Sm_194,Sm,elemental,hexagonal,1,0.0,0.5933946446110092,0.5933946446110092,0.6936571161553344
Sn(BiTe2)2_166,Sn(BiTe2)2,chalcogenide,trigonal,3,0.0048880145841702,0.5009613397474827,0.4960733251633125,0.6199779575533585
Sn(HgSe2)2_82,Sn(HgSe2)2,chalcogenide,tetragonal,3,0.0833458210077793,0.9117485990524034,0.828402778044624,0.9214341763849463
Sn(PbO2)2_135,Sn(PbO2)2,oxide,tetragonal,3,0.4216638471290559,0.8486625025098742,0.42699865538081827,0.8735446071043691
Sn2Ir_225,Sn2Ir,intermetallic,cubic,2,0.014296815877557,0.6448697215757537,0.6305729056981967,0.7265448345782388
Sn2Pt_225,Sn2Pt,intermetallic,cubic,2,0.025275098398206,0.7877462079526742,0.7624711095544683,0.8301481875068216
Sn2Rh_140,Sn2Rh,intermetallic,tetragonal,2,0.025275098398206,0.8063983403725251,0.7811232419743191,0.8432846744547059
Sn2Ru_140,Sn2Ru,intermetallic,tetragonal,2,0.014296815877557,0.6494799702412583,0.6351831543637012,0.7297381276058986
Sn2S3_62,Sn2S3,chalcogenide,orthorhombic,2,0.0916268257907321,0.3798874398004177,0.2882606140096856,0.5135407138967035
Sn3As4_215,Sn3As4,pnictide,cubic,2,0.0120270893691617,0.3181320176053026,0.3061049282361409,0.45687670422923043
Sn3Pd_64,Sn3Pd,intermetallic,orthorhombic,2,0.014296815877557,0.9246751635304606,0.9103783476529036,0.9312828469248967
Sn3Pt2_194,Sn3Pt2,intermetallic,hexagonal,2,0.025275098398206,0.7976062743399694,0.7723311759417635,0.8370572800780267
Sn3Ru2_116,Sn3Ru2,intermetallic,tetragonal,2,0.014296815877557,0.628318825902018,0.614022010024461,0.7140685260801656
Sn4Au_68,Sn4Au,intermetallic,orthorhombic,2,0.0806606824334817,0.8867619365736705,0.8061012541401888,0.902624751303084
Sn4Pd_68,Sn4Pd,intermetallic,orthorhombic,2,0.014296815877557,0.8930903001069237,0.8787934842293667,0.9072450244464767
Sn4Pt_68,Sn4Pt,intermetallic,orthorhombic,2,0.025275098398206,0.7969984932847924,0.7717233948865865,0.8371822037832115
Sn7Ir3_229,Sn7Ir3,intermetallic,cubic,2,0.014296815877557,0.6633983561021458,0.6491015402245888,0.7402137955611956
Sn7Ir5_107,Sn7Ir5,intermetallic,tetragonal,2,0.014296815877557,0.6918475454560856,0.6775507295785286,0.7606462195025634
Sn7Ru3_229,Sn7Ru3,intermetallic,cubic,2,0.014296815877557,0.6336420068090844,0.6193451909315274,0.7181287176960477
SnAu5_155,SnAu5,intermetallic,trigonal,2,0.0806606824334817,0.7313756806565055,0.6507149982230238,0.7890057349566816
SnAu_194,SnAu,intermetallic,hexagonal,2,0.0806606824334817,0.8977077466228475,0.8170470641893658,0.9104161505774989
SnBr2_62,SnBr2,halide,orthorhombic,2,0.2211992169285951,0.523811118240987,0.3026119013123919,0.6365509761286675
SnF4_139,SnF4,halide,monoclinic,2,0.6394411175180243,0.7559841115296378,0.1165429940116135,0.8058588124880931
SnHgF6_148,SnHgF6,halide,trigonal,3,0.6394411175180243,0.6503290238799582,0.010887906361933819,0.7292312066794083
SnI2_12,SnI2,halide,triclinic,2,0.1152940950565165,0.6115495320111247,0.4962554369546082,0.706000821395095
SnIr_194,SnIr,intermetallic,hexagonal,2,0.014296815877557,0.6137852521967074,0.5994884363191504,0.7028930016619015
SnMo3_223,SnMo3,intermetallic,cubic,2,0.009950166250832,0.2707355184417811,0.2607853521909491,0.4070475206318875
SnO2_136,SnO2,oxide,orthorhombic,2,0.4216638471290559,0.6748329125279001,0.2531690653988442,0.7469945455247422
SnO_129,SnO,oxide,tetragonal,2,0.4216638471290559,0.8756836410635556,0.45401979393449965,0.8936435303272537
SnP3_166,SnP3,pnictide,trigonal,2,0.0131379339263986,0.2471550683805881,0.2340171344541895,0.38245314994778423
SnPPd5_123,SnPPd5,pnictide,tetragonal,3,0.014296815877557,0.7220454564516058,0.7077486405740487,0.7816447526782264
SnPd2_62,SnPd2,intermetallic,orthorhombic,2,0.014296815877557,0.8274619980487988,0.8131651821712418,0.858055619373186
SnPd3_221,SnPd3,intermetallic,cubic,2,0.014296815877557,0.7835591420449481,0.7692623261673911,0.826138395993385
SnPd_62,SnPd,intermetallic,orthorhombic,2,0.014296815877557,0.8874390592439055,0.8731422433663485,0.9024583190170962
SnPt3_221,SnPt3,intermetallic,cubic,2,0.025275098398206,0.6266231636821781,0.6013480652839721,0.7118057774417107
SnPt_194,SnPt,intermetallic,hexagonal,2,0.025275098398206,0.7727159884628153,0.7474408900646093,0.8189114655034222
SnRh2_62,SnRh2,intermetallic,orthorhombic,2,0.025275098398206,0.6669951488628716,0.6417200504646656,0.741710635782854
SnRh_198,SnRh,intermetallic,cubic,2,0.025275098398206,0.7444035608328907,0.7191284624346848,0.7982372444402268
SnS2_164,SnS2,chalcogenide,trigonal,2,0.0916268257907321,0.2716149384978673,0.17998811270713516,0.4085855205884617
SnS_62,SnS,chalcogenide,orthorhombic,2,0.0916268257907321,0.43580403613866575,0.34417721034793364,0.5630256213746605
SnSb_225,SnSb,intermetallic,cubic,2,0.0020229510707605,0.32137346757379115,0.31935051650303065,0.46100607055716203
SnSe2_164,SnSe2,chalcogenide,trigonal,2,0.0833458210077793,0.28966775794968136,0.20632193694190204,0.4280405422728951
SnSe_62,SnSe,chalcogenide,orthorhombic,2,0.0833458210077793,0.43298070465121125,0.3496348836434319,0.5614624623653531
SnTe_225,SnTe,chalcogenide,cubic,2,0.0048880145841702,0.4691565391745894,0.4642685245904192,0.5937504972927878
Sn_227,Sn,elemental,cubic,1,0.0,0.3564524515876212,0.3564524515876212,0.4952179986314293
Sr(AgGe)2_139,Sr(AgGe)2,intermetallic,tetragonal,3,0.2448961579109764,0.9239133161253986,0.6790171582144222,0.9305744242357062
Sr(AlSi)2_164,Sr(AlSi)2,intermetallic,trigonal,3,0.2019826979496352,0.7165814691980786,0.5145987712484434,0.7788148740270832
Sr(AlTe2)2_97,Sr(AlTe2)2,chalcogenide,monoclinic,3,0.2815254535159256,0.8055620534105555,0.5240365998946299,0.8445062442291024
Sr(AsPd)2_139,Sr(AsPd)2,pnictide,tetragonal,3,0.3233661538382711,0.8159308406740488,0.49256468683577764,0.8503077793102597
Sr(CdAs)2_164,Sr(CdAs)2,pnictide,trigonal,3,0.3149236588531834,0.9713878126291206,0.6564641537759371,0.9700137541115392
Sr(CdGa)2_139,Sr(CdGa)2,intermetallic,tetragonal,3,0.1688126015638292,0.9752932418585019,0.8064806402946727,0.9734194200317922
Sr(CdP)2_164,Sr(CdP)2,pnictide,trigonal,3,0.3191409709080752,0.9555403224010198,0.6363993514929447,0.956224825241838
Sr(CdSb)2_164,Sr(CdSb)2,intermetallic,trigonal,3,0.2610315117410557,0.9817572502819283,0.7207257385408725,0.9795648787744954
Sr(CoAs)2_139,Sr(CoAs)2,pnictide,tetragonal,3,0.3149236588531834,0.8885357252931708,0.5736120664399874,0.9033530673385703
Sr(CoGe)2_139,Sr(CoGe)2,intermetallic,tetragonal,3,0.2448961579109764,0.8883506777362602,0.6434545198252838,0.9030838183333044
Sr(CoP)2_139,Sr(CoP)2,pnictide,tetragonal,3,0.3191409709080752,0.856017007540164,0.5368760366320888,0.8790206618594586
Sr(CuAs)2_139,Sr(CuAs)2,pnictide,tetragonal,3,0.3149236588531834,0.9880526242033559,0.6731289653501725,0.9856138316459473
Sr(CuGe)2_139,Sr(CuGe)2,intermetallic,tetragonal,3,0.2448961579109764,0.987473511575939,0.7425773536649626,0.9850004013493395
Sr(CuO)2_141,Sr(CuO)2,oxide,tetragonal,3,0.7877573323062756,0.8426247804339331,0.054867448127657426,0.8691013246269692
Sr(CuSb)2_129,Sr(CuSb)2,intermetallic,tetragonal,3,0.2610315117410557,0.9920482316235836,0.7310167198825279,0.9898369610192166
Sr(CuSi)2_139,Sr(CuSi)2,intermetallic,tetragonal,3,0.2019826979496352,0.9839146036310914,0.7819319056814562,0.9814115245595166
Sr(FeAs)2_139,Sr(FeAs)2,pnictide,tetragonal,3,0.3149236588531834,0.8120424195368915,0.4971187606837081,0.8473421209991958
Sr(FeP)2_139,Sr(FeP)2,pnictide,tetragonal,3,0.3191409709080752,0.7509975016448097,0.4318565307367345,0.8030722690973632
Sr(GeIr)2_139,Sr(GeIr)2,intermetallic,tetragonal,3,0.3233661538382711,0.5846743662881817,0.2613082124499106,0.6810078221153911
Sr(GePd)2_139,Sr(GePd)2,intermetallic,tetragonal,3,0.3233661538382711,0.8361269041275341,0.512760750289263,0.8648301954199683
Sr(GeRh)2_139,Sr(GeRh)2,intermetallic,tetragonal,3,0.3573949669440662,0.7113748965869839,0.35397992964291775,0.7748534234277171
Sr(GeRu)2_139,Sr(GeRu)2,intermetallic,tetragonal,3,0.3233661538382711,0.5954920797156523,0.2721259258773812,0.6894495612733309
Sr(Li2P)2_166,Sr(Li2P)2,pnictide,trigonal,3,0.3191409709080752,0.8371578991796474,0.5180169282715723,0.8665193842482298
Sr(MgAs)2_164,Sr(MgAs)2,pnictide,trigonal,3,0.3149236588531834,0.8948717521367381,0.5799480932835547,0.9092272975075396
Sr(MgSb)2_164,Sr(MgSb)2,intermetallic,trigonal,3,0.2610315117410557,0.9073058851784535,0.6462743734373977,0.9185865205099576
Sr(NiAs)2_139,Sr(NiAs)2,pnictide,tetragonal,3,0.3149236588531834,0.9641354767503185,0.6492118178971351,0.9633814499679366
Sr(NiGe)2_139,Sr(NiGe)2,intermetallic,tetragonal,3,0.2448961579109764,0.9629170554214205,0.7180208975104441,0.9622774817678278
Sr(POs)2_139,Sr(POs)2,pnictide,tetragonal,3,0.3233661538382711,0.39643012240021175,0.07306396856194064,0.527410022188401
Sr(PPd)2_139,Sr(PPd)2,pnictide,tetragonal,3,0.3233661538382711,0.7341175794397015,0.41075142560143035,0.7909600550700824
Sr(PRu)2_139,Sr(PRu)2,pnictide,tetragonal,3,0.3233661538382711,0.45993760236567144,0.13657144852740033,0.5819156397180149
Sr(SiAg)2_139,Sr(SiAg)2,intermetallic,tetragonal,3,0.213450797786545,0.9024253946699542,0.6889745968834092,0.9138213816069247
Sr(SiAu)2_139,Sr(SiAu)2,intermetallic,tetragonal,3,0.4684856061472281,0.7843282282112604,0.31584262206403224,0.8272626656579313
Sr(SiPd)2_139,Sr(SiPd)2,intermetallic,tetragonal,3,0.3233661538382711,0.7984736211767511,0.47510746733848,0.8373091262037468
Sr(SnAs)2_166,Sr(SnAs)2,pnictide,trigonal,3,0.3149236588531834,0.8709542503341408,0.5560305914809573,0.8911140805597785
Sr(ZnAs)2_164,Sr(ZnAs)2,pnictide,trigonal,3,0.3149236588531834,0.9955070078613318,0.6805833490081484,0.9937473954839994
Sr(ZnP)2_164,Sr(ZnP)2,pnictide,trigonal,3,0.3191409709080752,0.9934372102492319,0.6742962393411567,0.9913494088650131
Sr(ZnSb)2_164,Sr(ZnSb)2,intermetallic,trigonal,3,0.2610315117410557,0.9971358266657472,0.7361043149246915,0.9957433234180921
Sr2BrN_166,Sr2BrN,halide,trigonal,3,0.6644636558092181,0.7091172579357189,0.044653602126500824,0.7742698968069481
Sr2C(NCl)2_12,Sr2C(NCl)2,halide,monoclinic,4,0.7050722889619607,0.4571542565307559,-0.2479180324312048,0.580288355084419
Sr2CdIn_225,Sr2CdIn,intermetallic,cubic,3,0.1582102508344636,0.9787590569947893,0.8205488061603257,0.9768855604284837
Sr2CdPb_225,Sr2CdPb,intermetallic,cubic,3,0.3787986409945493,0.976758039198999,0.5979593982044497,0.975071081148061
Sr2CdSn_225,Sr2CdSn,intermetallic,cubic,3,0.2251028747092087,0.9793734433993105,0.7542705686901019,0.9775019253079085
Sr2Cu(BrO)2_139,Sr2Cu(BrO)2,halide,tetragonal,4,0.7877573323062756,0.9967797080342272,0.20902237572795157,0.9952886787193109
Sr2Cu(ClO)2_139,Sr2Cu(ClO)2,halide,tetragonal,4,0.7877573323062756,0.9752305409898946,0.18747320868361894,0.973231284576767
Sr2Cu(IO)2_139,Sr2Cu(IO)2,halide,tetragonal,4,0.7877573323062756,0.9992878236832587,0.2115304913769831,0.9986995826616089
Sr2CuO3_71,Sr2CuO3,oxide,orthorhombic,3,0.7877573323062756,0.7340481169290877,-0.05370921537718798,0.7902372284145374
Sr2CuO4_139,Sr2CuO4,oxide,tetragonal,3,0.7877573323062756,0.7455575844552942,-0.04219974785098146,0.7982543013990558
Sr2H6Ru_225,Sr2H6Ru,hydride,cubic,3,0.3233661538382711,0.3768036853778077,0.053437531539536565,0.5079566806981832
Sr2HN_166,Sr2HN,pnictide,trigonal,3,0.6644636558092181,0.7483116840208857,0.08384802821166759,0.8017020854872734
Sr2HgPb_225,Sr2HgPb,intermetallic,cubic,3,0.3787986409945493,0.9418389557171166,0.5630403147225673,0.945447359848496
Sr2HoRuO6_14,Sr2HoRuO6,oxide,monoclinic,4,0.7877573323062756,0.8944200940436579,0.1066627617373822,0.9072219604677766
Sr2In3Rh2_12,Sr2In3Rh2,intermetallic,monoclinic,3,0.3573949669440662,0.8634709332630194,0.5060759663189531,0.8851266727248095
Sr2IrO4_142,Sr2IrO4,oxide,tetragonal,3,0.7877573323062756,0.24965470833002784,-0.5381026239762479,0.38310464114037596
Sr2MgSi2O7_113,Sr2MgSi2O7,oxide,tetragonal,4,0.7877573323062756,0.6208209863683694,-0.1669363459379063,0.7076415592943023
Sr2NCl_166,Sr2NCl,halide,trigonal,3,0.7050722889619607,0.49090381702080943,-0.2141684719411513,0.6082836816582016
Sr2N_166,Sr2N,pnictide,trigonal,2,0.6644636558092181,0.17583776790837882,-0.4886258879008393,0.3006982350240504
Sr2NbN3_15,Sr2NbN3,pnictide,monoclinic,3,0.6644636558092181,0.3040684895345611,-0.36039516627465695,0.4406826181348695
Sr2PbO4_55,Sr2PbO4,oxide,orthorhombic,3,0.7877573323062756,0.5231641957643575,-0.2645931365419182,0.6320411689454819
Sr2PdO3_71,Sr2PdO3,oxide,orthorhombic,3,0.7877573323062756,0.2555114307786037,-0.5322459015276719,0.3898431667913024
Sr2SnHg_225,Sr2SnHg,intermetallic,cubic,3,0.240902461029019,0.9486905204894337,0.7077880594604147,0.9510426399502213
Sr2SnO4_138,Sr2SnO4,oxide,tetragonal,3,0.7877573323062756,0.4624598576833906,-0.32529747462288505,0.5827798144135216
Sr2TaGaO6_87,Sr2TaGaO6,oxide,tetragonal,4,0.7877573323062756,0.4771935878803162,-0.31056374442595946,0.5945068697521049
Sr2TaN3_15,Sr2TaN3,pnictide,monoclinic,3,0.6644636558092181,0.40028448766546837,-0.2641791681437497,0.5308626076887611
Sr2TbIrO6_14,Sr2TbIrO6,oxide,monoclinic,4,0.7877573323062756,0.7610453478550252,-0.026711984451250448,0.8096020739498875
Sr2TiO4_139,Sr2TiO4,oxide,tetragonal,3,0.7877573323062756,0.3324254356926425,-0.45533189661363316,0.46685332161311993
Sr2TlCd_225,Sr2TlCd,intermetallic,cubic,3,0.1279425724852808,0.9786963005964481,0.8507537281111672,0.976832598775918
Sr2YOsO6_14,Sr2YOsO6,oxide,monoclinic,4,0.7877573323062756,0.22013888487265187,-0.5676184474336238,0.3507860051294373
Sr2ZnN2_139,Sr2ZnN2,pnictide,tetragonal,3,0.6644636558092181,0.918794656445801,0.254331000636583,0.9264944003068967
Sr3(AlGe)2_71,Sr3(AlGe)2,intermetallic,monoclinic,3,0.2448961579109764,0.8679311849014425,0.6230350269904661,0.8888387509700512
Sr3(AlGe2)2_12,Sr3(AlGe2)2,intermetallic,monoclinic,3,0.2448961579109764,0.8088610797986294,0.563964921887653,0.8456510707434819
Sr3(AlN2)2_52,Sr3(AlN2)2,pnictide,orthorhombic,3,0.6644636558092181,0.5131966527150564,-0.15126700309416163,0.6253229430589421
Sr3(AlP2)2_15,Sr3(AlP2)2,pnictide,monoclinic,3,0.3191409709080752,0.7613594588060386,0.4422184878979634,0.8116356791782743
Sr3(AlSi)2_71,Sr3(AlSi)2,intermetallic,triclinic,3,0.2019826979496352,0.8517411714991068,0.6497584735494716,0.8768648023044895
Sr3(AlSn)2_71,Sr3(AlSn)2,intermetallic,triclinic,3,0.2251028747092087,0.9058424918159004,0.6807396171066917,0.9172968626612092
Sr3(GeN)2_11,Sr3(GeN)2,pnictide,monoclinic,3,0.6644636558092181,0.8249645425206532,0.16050088671143514,0.8570781766787707
Sr3Al3N5_2,Sr3Al3N5,pnictide,triclinic,3,0.6644636558092181,0.5272755412096738,-0.13718811459954428,0.6363586776541583
Sr3AsN_221,Sr3AsN,pnictide,cubic,3,0.6644636558092181,0.8322479035533658,0.16778424774414769,0.8632783542311175
Sr3BiN_221,Sr3BiN,pnictide,cubic,3,0.6644636558092181,0.8707742193740773,0.20631056356485922,0.8912564911572491
Sr3CrN3_176,Sr3CrN3,pnictide,hexagonal,3,0.6644636558092181,0.1481484231653375,-0.5163152326438806,0.26486246382191236
Sr3GaN3_176,Sr3GaN3,pnictide,hexagonal,3,0.6644636558092181,0.44005788739843116,-0.2244057684107869,0.5651272589871238
Sr3IrN3_176,Sr3IrN3,pnictide,hexagonal,3,0.6644636558092181,0.15547350952101865,-0.5089901462881994,0.274395139350678
Sr3MnN3_176,Sr3MnN3,pnictide,hexagonal,3,0.6644636558092181,0.22958812264305278,-0.4348755331661653,0.36298504744009785
Sr3PN_221,Sr3PN,pnictide,cubic,3,0.6644636558092181,0.7918458502858536,0.12738219447663557,0.8340901864157768
Sr3ReN3_176,Sr3ReN3,pnictide,hexagonal,3,0.6644636558092181,0.2571713091052637,-0.40729234670395437,0.3932926307556561
Sr3RuN3_176,Sr3RuN3,pnictide,monoclinic,3,0.6644636558092181,0.15086519466309467,-0.5135984611461234,0.26841231928676784
Sr3SbN_221,Sr3SbN,pnictide,cubic,3,0.6644636558092181,0.8489898284291594,0.1845261726199413,0.8751567624348249
Sr3SnO_221,Sr3SnO,oxide,cubic,3,0.7877573323062756,0.9168498579216301,0.12909252561535445,0.9256352468069586
Sr3TaGa3(SiO7)2_150,Sr3TaGa3(SiO7)2,oxide,trigonal,5,0.7877573323062756,0.5879468558456238,-0.19981047646065186,0.6826007060802792
Sr3Ti2O7_139,Sr3Ti2O7,oxide,tetragonal,3,0.7877573323062756,0.37547892870798494,-0.4122784035982907,0.5067865489157642
Sr3ZnIrO6_167,Sr3ZnIrO6,oxide,trigonal,4,0.7877573323062756,0.6359175450762383,-0.15183978723003733,0.7182457190825848
Sr4As2O_139,Sr4As2O,oxide,tetragonal,3,0.7877573323062756,0.9263099983768288,0.13855266607055317,0.9330512626134697
Sr4CN4_62,Sr4CN4,pnictide,orthorhombic,3,0.6644636558092181,0.22814811249465083,-0.43631554331456723,0.3612458475457264
Sr4Cu2O7_14,Sr4Cu2O7,oxide,monoclinic,3,0.7877573323062756,0.74529102238989,-0.04246630991638567,0.7982316454186115
Sr4P2O_139,Sr4P2O,oxide,tetragonal,3,0.7877573323062756,0.8978848130682836,0.11012748076200796,0.9111566180708067
Sr4Sb2O_139,Sr4Sb2O,oxide,triclinic,3,0.7877573323062756,0.9460250072900552,0.15826767498377958,0.9486696598692562
Sr4TiN4_2,Sr4TiN4,pnictide,triclinic,3,0.6644636558092181,0.3512037947451179,-0.31325986106410014,0.4863372736603305
Sr4ZrN4_2,Sr4ZrN4,pnictide,triclinic,3,0.6644636558092181,0.39366451762451926,-0.2707991381846988,0.5252228572852387
Sr5(SiN3)2_15,Sr5(SiN3)2,pnictide,monoclinic,3,0.6644636558092181,0.30217970779482217,-0.3622839480143959,0.4384568399027332
Sr5P3BrO12_176,Sr5P3BrO12,halide,hexagonal,4,0.7877573323062756,0.5087103250365772,-0.27904700726969844,0.6208425219197806
Sr6Cu3N5_105,Sr6Cu3N5,pnictide,tetragonal,3,0.6644636558092181,0.9051105482022149,0.24064689239299686,0.9160349015091387
Sr6Sn2NF_225,Sr6Sn2NF,halide,cubic,4,0.8992612754948501,0.9407540521712887,0.04149277667643858,0.944481371747052
Sr6Sn2NO_225,Sr6Sn2NO,oxide,cubic,4,0.7877573323062756,0.9065905586082326,0.11883322630195692,0.9178706793763043
SrAcHg2_225,SrAcHg2,intermetallic,cubic,3,0.240902461029019,0.8710844159429638,0.6301819549139448,0.8922353999459047
SrAcTl2_225,SrAcTl2,intermetallic,cubic,3,0.1061568798287823,0.9058485075130052,0.7996916276842229,0.9176065718909027
SrAcZn2_225,SrAcZn2,intermetallic,cubic,3,0.1152940950565164,0.9963495030893005,0.881055408032784,0.9948539682287296
SrAg2_74,SrAg2,intermetallic,orthorhombic,2,0.213450797786545,0.744113608894202,0.530662811107657,0.8005007702793469
SrAg5_191,SrAg5,intermetallic,hexagonal,2,0.213450797786545,0.5865255749922988,0.3730747772057539,0.6836441823264996
SrAgAs_194,SrAgAs,pnictide,hexagonal,3,0.3149236588531834,0.9047824171814817,0.5898587583282983,0.9162666335076853
SrAgBi_194,SrAgBi,intermetallic,hexagonal,3,0.2489063991267932,0.948420604959567,0.6995142058327739,0.9506261385625318
SrAgP_194,SrAgP,pnictide,hexagonal,3,0.3191409709080752,0.8626773770219722,0.543536406113897,0.8846647371404853
SrAl2O4_4,SrAl2O4,oxide,monoclinic,3,0.7877573323062756,0.6741826766770933,-0.11357465562918234,0.7475162068237334
SrAl2_74,SrAl2,intermetallic,orthorhombic,2,0.1031799049762132,0.8128923175940885,0.7097124126178753,0.8482979022450253
SrAl4_139,SrAl4,intermetallic,tetragonal,2,0.1031799049762132,0.6998005128885648,0.5966206079123516,0.7666108288747288
SrAl9Co2_191,SrAl9Co2,intermetallic,hexagonal,3,0.1944459681757966,0.8273627713066205,0.6329168031308239,0.8578630885167451
SrAlGe_187,SrAlGe,intermetallic,hexagonal,3,0.2448961579109764,0.8134760072710971,0.5685798493601207,0.849067708074846
SrAlSiH_156,SrAlSiH,hydride,trigonal,4,0.3233661538382711,0.6799246105676907,0.3565584567294196,0.7522027273405995
SrAlSi_187,SrAlSi,intermetallic,hexagonal,3,0.2019826979496352,0.7923766437596413,0.5903939458100061,0.8337353893686942
SrAs3_12,SrAs3,pnictide,monoclinic,2,0.3149236588531834,0.7378282244980082,0.4229045656448248,0.7951685752462011
SrAsPd_194,SrAsPd,pnictide,hexagonal,3,0.3233661538382711,0.8228881559435146,0.4995220021052435,0.8559998244753353
SrAsPt_194,SrAsPt,pnictide,hexagonal,3,0.3573949669440662,0.7055448746809563,0.3481499077368901,0.7716825460380202
SrAu5_191,SrAu5,intermetallic,hexagonal,2,0.4684856061472281,0.32242608784984755,-0.14605951829738056,0.45929666110348794
SrB6_221,SrB6,boride/carbide,cubic,2,0.2569745635061699,0.22330696342165965,-0.033667600084510224,0.35415935658785785
SrBrF_129,SrBrF,halide,tetragonal,3,0.8992612754948501,0.9512518360884156,0.05199056059356544,0.9525818948940561
SrC2_15,SrC2,boride/carbide,monoclinic,2,0.4727075759569513,0.35548119620465235,-0.11722637975229894,0.4905636933663279
SrCO3_62,SrCO3,oxide,orthorhombic,3,0.7877573323062756,0.20770398071277693,-0.5800533515934987,0.3364922264759516
SrCeN2_166,SrCeN2,pnictide,trigonal,3,0.6644636558092181,0.11035206651363486,-0.5541115892955832,0.21213243729062353
SrCl2_225,SrCl2,halide,cubic,2,0.7050722889619607,0.500604912964202,-0.20446737599775877,0.6169914629442094
SrClF_129,SrClF,halide,tetragonal,3,0.8992612754948501,0.8747476067294326,-0.024513668765417496,0.8929910513950059
SrCuAs_194,SrCuAs,pnictide,hexagonal,3,0.3149236588531834,0.981818903158361,0.6668952443051775,0.979540203427108
SrCuN_62,SrCuN,pnictide,orthorhombic,3,0.6644636558092181,0.9128624238336188,0.24839876802440075,0.921896477690784
SrCuO2_123,SrCuO2,oxide,tetragonal,3,0.7877573323062756,0.7033914670151152,-0.08436586529116041,0.7678682216359225
SrCuP_194,SrCuP,pnictide,hexagonal,3,0.3191409709080752,0.9734539298626375,0.6543129589545622,0.9717022269631612
SrCuSF_129,SrCuSF,halide,tetragonal,4,0.8992612754948501,0.9365533036094488,0.03729202811459864,0.9402849444351591
SrCuSb_194,SrCuSb,intermetallic,hexagonal,3,0.2610315117410557,0.9876881021072066,0.7266565903661508,0.9853186045067498
SrCuSn2_63,SrCuSn2,intermetallic,orthorhombic,3,0.2251028747092087,0.9929569358869672,0.7678540611777585,0.9908555950329491
SrEr2O4_62,SrEr2O4,oxide,orthorhombic,3,0.7877573323062756,0.9969288415660778,0.2091715092598021,0.995433563708111
SrF2_225,SrF2,halide,cubic,2,0.8992612754948501,0.3684226369365309,-0.5308386385583193,0.5005185608593627
SrGa2_191,SrGa2,intermetallic,hexagonal,2,0.1688126015638292,0.8311156299281918,0.6623030283643625,0.8617905211912912
SrGa4_139,SrGa4,intermetallic,tetragonal,2,0.1688126015638292,0.6801045705475186,0.5112919689836894,0.7522599516747079
SrGaCu2_166,SrGaCu2,intermetallic,trigonal,3,0.2019826979496352,0.987699378465628,0.7857166805159929,0.9852665508791923
SrGe2_164,SrGe2,intermetallic,trigonal,2,0.2448961579109764,0.8014079429510463,0.5565117850400699,0.8404377743875225
SrGe3Pd_107,SrGe3Pd,intermetallic,tetragonal,3,0.3233661538382711,0.8300213354198646,0.5066551815815934,0.8604760336198823
SrGePt_198,SrGePt,intermetallic,cubic,3,0.3573949669440662,0.7524269902673313,0.3950320233232651,0.8054428111416965
SrH2_62,SrH2,hydride,orthorhombic,2,0.3233661538382711,0.5232937739168511,0.19992762007857995,0.6323639820991707
SrHClO_186,SrHClO,halide,hexagonal,4,0.7877573323062756,0.6421914288460533,-0.14556590346022236,0.7245834495966833
SrHCl_129,SrHCl,halide,tetragonal,3,0.7050722889619607,0.5706802357999318,-0.13439205316202896,0.6707948222570094
SrHI_129,SrHI,halide,tetragonal,3,0.5185847135582955,0.8944009687752186,0.3758162552169231,0.9090617053359704
SrHfN2_129,SrHfN2,pnictide,tetragonal,3,0.6644636558092181,0.5400762595022681,-0.12438739630694995,0.6466600512267513
SrHfO3_62,SrHfO3,oxide,orthorhombic,3,0.7877573323062756,0.5472060385301465,-0.24055129377612916,0.6509596565756215
SrHgPb_186,SrHgPb,intermetallic,hexagonal,3,0.3787986409945493,0.9297507631474052,0.5509521221528559,0.9355798904954578
SrHg_221,SrHg,intermetallic,cubic,2,0.240902461029019,0.7235369496742768,0.4826344886452578,0.7869387375208531
SrI2_62,SrI2,halide,orthorhombic,2,0.5185847135582955,0.9510211728466451,0.4324364592883496,0.9534637462383959
SrIF_129,SrIF,halide,tetragonal,3,0.8992612754948501,0.9933949420035997,0.09413366650874955,0.991380384473102
SrIn2Ir_63,SrIn2Ir,intermetallic,orthorhombic,3,0.3233661538382711,0.8087270829998187,0.48536092916154755,0.8453816137383379
SrIn2Pd_63,SrIn2Pd,intermetallic,orthorhombic,3,0.3233661538382711,0.9086669731911345,0.5853008193528635,0.9188804104605306
SrIn2Pt_63,SrIn2Pt,intermetallic,orthorhombic,3,0.3573949669440662,0.8548402640970181,0.4974452971529519,0.8787849700937952
SrIn4Pd_63,SrIn4Pd,intermetallic,orthorhombic,3,0.3233661538382711,0.9311015973858815,0.6077354435476103,0.9363347076248203
SrIn4Pt_63,SrIn4Pt,intermetallic,orthorhombic,3,0.3573949669440662,0.894580437032632,0.5371854700885659,0.9082385128713093
SrInPt_62,SrInPt,intermetallic,orthorhombic,3,0.3573949669440662,0.8354682100794574,0.4780732431353912,0.8647858170430291
SrIr2_227,SrIr2,intermetallic,cubic,2,0.3233661538382711,0.17892810997144204,-0.14443804386682907,0.30377132029896714
SrLi2Sn_225,SrLi2Sn,intermetallic,cubic,3,0.2251028747092087,0.9365625266566261,0.7114596519474174,0.9415135174377849
SrLi4N2_141,SrLi4N2,pnictide,monoclinic,3,0.6644636558092181,0.8474931340596825,0.18302947825046445,0.8737313692501579
SrLiN_131,SrLiN,pnictide,tetragonal,3,0.6644636558092181,0.8251819783851729,0.16071832257595486,0.8575611052643716
SrLiP_194,SrLiP,pnictide,hexagonal,3,0.3191409709080752,0.868306871302972,0.5491659003948968,0.8893725988584759
SrMg2N2_164,SrMg2N2,pnictide,trigonal,3,0.6644636558092181,0.8042374404011184,0.13977378459190037,0.8421755199900276
SrMg2_194,SrMg2,intermetallic,hexagonal,2,0.0318807430834372,0.8916899374896973,0.85980919440626,0.9060948227697037
SrMgGe_62,SrMgGe,intermetallic,orthorhombic,3,0.2448961579109764,0.874334585861107,0.6294384279501306,0.8935035625989503
SrMgH4_36,SrMgH4,hydride,orthorhombic,3,0.3233661538382711,0.4892299851137405,0.1658638312754694,0.6049907921216077
SrMgSi_62,SrMgSi,intermetallic,orthorhombic,3,0.2019826979496352,0.8563028954469211,0.6543201974972859,0.8801127930964358
SrMgTl2_225,SrMgTl2,intermetallic,cubic,3,0.1061568798287823,0.8746888379286059,0.7685319580998236,0.8938593676021693
SrMnN2_14,SrMnN2,pnictide,monoclinic,3,0.6644636558092181,0.19054006851829175,-0.4739235872909263,0.31710813791227926
SrN2_139,SrN2,pnictide,tetragonal,2,0.6644636558092181,0.10742401003939557,-0.5570396457698225,0.2077109217026319
SrN_12,SrN,pnictide,triclinic,2,0.6644636558092181,0.2021102641136759,-0.4623533916955421,0.33209318416336747
SrNb2O4_57,SrNb2O4,oxide,orthorhombic,3,0.7877573323062756,0.31023822477257873,-0.4775191075336969,0.44532437416552767
SrNi2Ge_194,SrNi2Ge,intermetallic,hexagonal,3,0.2448961579109764,0.9564766097507588,0.7115804518397824,0.9568459043648765
SrNi3Ge2_194,SrNi3Ge2,intermetallic,hexagonal,3,0.2448961579109764,0.9753836762491539,0.7304875183381775,0.9733243623634295
SrNiGe2_63,SrNiGe2,intermetallic,orthorhombic,3,0.2448961579109764,0.9672697749118196,0.7223736170008432,0.9661378699409674
SrNiSn2_63,SrNiSn2,intermetallic,orthorhombic,3,0.2251028747092087,0.9818264276809294,0.7567235529717207,0.9795292560363685
SrNiSn3_107,SrNiSn3,intermetallic,tetragonal,3,0.2251028747092087,0.9728777518964868,0.7477748771872781,0.9712543733487814
SrO2_139,SrO2,oxide,tetragonal,2,0.7877573323062756,0.1751695771316379,-0.6125877551746377,0.2977299969304469
SrO_225,SrO,oxide,cubic,2,0.7877573323062756,0.18798999760653237,-0.5997673346997433,0.3139570145315739
SrPIr_198,SrPIr,pnictide,cubic,3,0.3233661538382711,0.5288495336925945,0.20548337985432336,0.6386009453262471
SrP_189,SrP,pnictide,hexagonal,2,0.3191409709080752,0.7815840415850245,0.4624430706769493,0.8267645673773872
SrPbO3_62,SrPbO3,oxide,orthorhombic,3,0.7877573323062756,0.574302750920976,-0.2134545813852996,0.6719066845325898
SrPd2_227,SrPd2,intermetallic,cubic,2,0.3233661538382711,0.4098173092791845,0.08645115544091342,0.5402538372962402
SrPd5_191,SrPd5,intermetallic,hexagonal,2,0.3233661538382711,0.32597668908040145,0.0026105352421303407,0.46245485431514155
SrPdF4_140,SrPdF4,halide,tetragonal,3,0.8992612754948501,0.31138881551632924,-0.5878724599785209,0.44657461490301964
SrPt2_227,SrPt2,intermetallic,cubic,2,0.3573949669440662,0.18406198409843502,-0.17333298284563117,0.3102933839963409
SrPt5_191,SrPt5,intermetallic,hexagonal,2,0.3573949669440662,0.17165015123980382,-0.18574481570426238,0.2944353070556745
SrRhF6_166,SrRhF6,halide,trigonal,3,0.8992612754948501,0.29347504557752174,-0.6057862299173284,0.42831716044473206
SrRuO3_62,SrRuO3,oxide,orthorhombic,3,0.7877573323062756,0.18634796883987373,-0.601409363466402,0.3109799663862495
SrSO4_62,SrSO4,oxide,orthorhombic,3,0.7877573323062756,0.2340907847628654,-0.5536665475434103,0.36611767703535625
SrS_225,SrS,chalcogenide,cubic,2,0.4853277558267211,0.6931104213820793,0.20778266555535824,0.7633338896609133
SrSb2_11,SrSb2,intermetallic,monoclinic,2,0.2610315117410557,0.8983807567671214,0.6373492450260656,0.9118367564646054
SrSbPt_187,SrSbPt,intermetallic,hexagonal,3,0.3573949669440662,0.8093884833292535,0.4519935163851873,0.8464329372746371
SrSbSe2F_129,SrSbSe2F,halide,tetragonal,4,0.8992612754948501,0.9996757475777747,0.10041447208292453,0.9993338885088062
SrSc2O4_62,SrSc2O4,oxide,orthorhombic,3,0.7877573323062756,0.6379700850876103,-0.14978724721866532,0.7198056583725119
SrSe_225,SrSe,chalcogenide,cubic,2,0.4727075759569513,0.8154154230481869,0.34270784709123564,0.8514666431007275
SrSi2_212,SrSi2,intermetallic,cubic,2,0.2019826979496352,0.738830529818335,0.5368478318686998,0.795112242848215
SrSiN2_14,SrSiN2,pnictide,monoclinic,3,0.6644636558092181,0.32981417573779703,-0.33464948007142103,0.4649612844084056
SrSiPd_198,SrSiPd,intermetallic,cubic,3,0.3233661538382711,0.8138382448064203,0.4904720909681492,0.849227127601644
SrSiPt_198,SrSiPt,intermetallic,cubic,3,0.3573949669440662,0.7020648307374022,0.34466986379333603,0.7688534418836533
SrSi_63,SrSi,intermetallic,orthorhombic,2,0.2019826979496352,0.8274553807301426,0.6254726827805074,0.8593489619208565
SrSn3Pd_107,SrSn3Pd,intermetallic,monoclinic,3,0.3233661538382711,0.9150310727041994,0.5916649188659282,0.923972021741171
SrSnHg_186,SrSnHg,intermetallic,orthorhombic,3,0.240902461029019,0.929640146442028,0.688737685413009,0.9354888981674236
SrSnO3_62,SrSnO3,oxide,orthorhombic,3,0.7877573323062756,0.5475836758888822,-0.2401736564173934,0.6510479916704227
SrSnP_129,SrSnP,pnictide,tetragonal,3,0.3191409709080752,0.8978071914062086,0.5786662204981334,0.9110732921845388
SrSnPt_62,SrSnPt,intermetallic,orthorhombic,3,0.3573949669440662,0.8058736150911349,0.44847864814706867,0.8434960526659282
SrSn_63,SrSn,intermetallic,orthorhombic,2,0.2251028747092087,0.9349273630751157,0.7098244883659071,0.940050269181897
SrTa2Bi2O9_36,SrTa2Bi2O9,oxide,orthorhombic,4,0.7877573323062756,0.8663375792939397,0.07858024698766408,0.8861713390233048
SrTe_225,SrTe,chalcogenide,cubic,2,0.2815254535159256,0.9231042034323262,0.6415787499164006,0.9310252112288968
SrTiN2_129,SrTiN2,pnictide,tetragonal,3,0.6644636558092181,0.3114901404761031,-0.352973515333115,0.44753800910161284
SrTiO3_140,SrTiO3,oxide,tetragonal,3,0.7877573323062756,0.3824462921617538,-0.40531104014452185,0.5129037459455749
SrTiO3_221,SrTiO3,oxide,cubic,3,0.7877573323062756,0.38794816541838917,-0.3998091668878865,0.5179143482565736
SrTl2_194,SrTl2,intermetallic,hexagonal,2,0.1061568798287823,0.8992295490019642,0.7930726691731819,0.9122183425515961
SrTlHg2_225,SrTlHg2,intermetallic,cubic,3,0.240902461029019,0.9270218052831903,0.6861193442541713,0.9333219133354138
SrTl_221,SrTl,intermetallic,cubic,2,0.1061568798287823,0.9324292952504398,0.8262724154216575,0.9379169979176519
SrUO4_166,SrUO4,oxide,trigonal,3,0.7877573323062756,0.2340094088289115,-0.5537479234773641,0.36595054453948106
SrZn2_74,SrZn2,intermetallic,orthorhombic,2,0.1152940950565164,0.9863232542765061,0.8710291592199897,0.9840663003970305
SrZnCl4_88,SrZnCl4,halide,tetragonal,3,0.7050722889619607,0.967497770410199,0.2624254814482383,0.9664620283420706
SrZnO2_62,SrZnO2,oxide,orthorhombic,3,0.7877573323062756,0.8461572356955946,0.058399903389319,0.8713740368487247
SrZnSi_194,SrZnSi,intermetallic,hexagonal,3,0.2019826979496352,0.9910973797646423,0.7891146818150071,0.9888287883829963
SrZnSn_194,SrZnSn,intermetallic,orthorhombic,3,0.2251028747092087,0.9954263793723178,0.7703235046631092,0.9936838018449383
SrZn_62,SrZn,intermetallic,orthorhombic,2,0.1152940950565164,0.9973053747280153,0.8820112796714988,0.9960482295981363
SrZrO3_62,SrZrO3,oxide,orthorhombic,3,0.7877573323062756,0.24731997013973095,-0.5404373621665447,0.38074981654778234
Sr_194,Sr,elemental,hexagonal,1,0.0,0.9844845612685221,0.9844845612685221,0.9832765198144033
Sr_225,Sr,elemental,cubic,1,0.0,0.9810856389609531,0.9810856389609531,0.9801611237796621
Sr_229,Sr,elemental,cubic,1,0.0,0.980280333229988,0.980280333229988,0.9794346367324546
Ta(ICl)2_71,Ta(ICl)2,halide,orthorhombic,3,0.4978718936931532,0.5797334535360454,0.08186155984289223,0.6803753865131138
Ta2Be_140,Ta2Be,intermetallic,tetragonal,2,0.0012242499937837,0.12885368233799258,0.12762943234420887,0.2384395733124595
Ta2CS2_164,Ta2CS2,chalcogenide,trigonal,3,0.2529326968628044,0.3086384405486409,0.05570574368583653,0.4450040972829287
Ta2C_164,Ta2C,boride/carbide,trigonal,2,0.240902461029019,0.3254261162665991,0.08452365523758013,0.4616390047520712
Ta2Cd2O7_227,Ta2Cd2O7,oxide,cubic,3,0.6097235715364788,0.6526662890048027,0.0429427174683239,0.7307536387802219
Ta2Co_140,Ta2Co,intermetallic,tetragonal,2,0.0354561657231845,0.9256346300649629,0.8901784643417784,0.9318166392454411
Ta2CrRu_225,Ta2CrRu,intermetallic,cubic,3,0.1152940950565165,0.4450776730818451,0.3297835780253286,0.5693768722464428
Ta2FeMo_225,Ta2FeMo,intermetallic,monoclinic,3,0.1031799049762132,0.7366819680963617,0.6335020631201485,0.7930668619402451
Ta2H_21,Ta2H,hydride,orthorhombic,2,0.1152940950565165,0.2125149004107814,0.09722080535426489,0.34437391550546204
Ta2MoOs_225,Ta2MoOs,intermetallic,cubic,3,0.1152940950565165,0.36918926488551057,0.25389516982899407,0.503613974871507
Ta2MoRu_225,Ta2MoRu,intermetallic,cubic,3,0.1152940950565165,0.45120778474313755,0.33591368968662105,0.5752242857377814
Ta2NbIr_225,Ta2NbIr,intermetallic,cubic,3,0.1152940950565165,0.7367714953763196,0.6214774003198031,0.7933925539102018
Ta2NbOs_225,Ta2NbOs,intermetallic,cubic,3,0.1152940950565165,0.736938486388986,0.6216443913324694,0.7936530591686235
Ta2NbRu_225,Ta2NbRu,intermetallic,cubic,3,0.1152940950565165,0.7430073582044413,0.6277132631479247,0.7979651979433153
Ta2Ni_140,Ta2Ni,intermetallic,tetragonal,2,0.0411541908723854,0.9778068514381437,0.9366526605657584,0.9756487646614466
Ta2O5_15,Ta2O5,oxide,monoclinic,2,0.6097235715364788,0.5567237276714662,-0.052999843865012664,0.658186335249726
Ta2OsW_225,Ta2OsW,intermetallic,cubic,3,0.1688126015638291,0.36554219355887807,0.19672959199504897,0.5002645030728478
Ta2P_58,Ta2P,pnictide,orthorhombic,2,0.1122143941556313,0.16785722521361113,0.05564283105797983,0.2900207092067817
Ta2PdS6_12,Ta2PdS6,chalcogenide,monoclinic,3,0.2529326968628044,0.6328520314025218,0.3799193345397174,0.7173394734267677
Ta2PdSe6_12,Ta2PdSe6,chalcogenide,monoclinic,3,0.240902461029019,0.7327528232244894,0.4918503621954704,0.7908161060753593
Ta2ReMo_225,Ta2ReMo,intermetallic,cubic,3,0.1031799049762132,0.2997786421057903,0.1965987371295771,0.43760060477068374
Ta2Se_129,Ta2Se,chalcogenide,tetragonal,2,0.240902461029019,0.21561029692288786,-0.025292164106131138,0.3483069114529446
Ta2Si_140,Ta2Si,intermetallic,tetragonal,2,0.0392105608476768,0.1279789170589266,0.08876835621124982,0.23752815726089688
Ta2TcMo_225,Ta2TcMo,intermetallic,cubic,3,0.1031799049762132,0.37333200277534906,0.27015209779913585,0.507652675201598
Ta2VOs_225,Ta2VOs,intermetallic,cubic,3,0.1152940950565165,0.3454322833515382,0.2301381882950217,0.4811884658425055
Ta2VRu_225,Ta2VRu,intermetallic,cubic,3,0.1152940950565165,0.41991526443040417,0.30462116937388767,0.5481523692366692
Ta3AlC2_194,Ta3AlC2,boride/carbide,hexagonal,3,0.240902461029019,0.6573816659938685,0.41647920496484947,0.7347236155400663
Ta3Au_223,Ta3Au,intermetallic,cubic,2,0.2369257963986639,0.7902564510353701,0.5533306546367063,0.8321590006067157
Ta3B4_71,Ta3B4,boride/carbide,triclinic,2,0.0703062052430456,0.11170268577890162,0.041396480535856026,0.2132022548897862
Ta3N5_63,Ta3N5,pnictide,orthorhombic,2,0.4472779356966061,0.36906243049348775,-0.07821550520311837,0.5014776979587586
Ta3O7F_65,Ta3O7F,halide,orthorhombic,3,0.7851037660177946,0.5864664507000449,-0.19863731531774975,0.680902351629256
Ta3Ru_225,Ta3Ru,intermetallic,cubic,2,0.1152940950565165,0.5053896108157461,0.39009551575922957,0.6200092899618651
Ta3Sb_223,Ta3Sb,intermetallic,cubic,2,0.0728361721882467,0.23055524592511362,0.15771907373686692,0.3653036707047236
Ta3SiTe6_62,Ta3SiTe6,chalcogenide,orthorhombic,3,0.0860688147287718,0.3535852442091608,0.267516429480389,0.49080784587317106
Ta3Sn_223,Ta3Sn,intermetallic,cubic,2,0.0515251447743955,0.2714876728555272,0.2199625280811317,0.4095381245212312
Ta3TiB4_25,Ta3TiB4,boride/carbide,orthorhombic,3,0.0703062052430456,0.10433644506526947,0.034030239822223876,0.20262280233241706
Ta4MnS8_194,Ta4MnS8,chalcogenide,trigonal,3,0.2529326968628044,0.3470196088865326,0.09408691202372821,0.48244830315074727
Ta5B6_65,Ta5B6,boride/carbide,orthorhombic,2,0.0703062052430456,0.1307464993317265,0.0604402940886809,0.23996541824837878
Ta5Sb4_87,Ta5Sb4,intermetallic,tetragonal,2,0.0728361721882467,0.3033511591534385,0.23051498696519182,0.441901468368368
Ta5Si3_140,Ta5Si3,intermetallic,tetragonal,2,0.0392105608476768,0.1246672269332516,0.08545666608557478,0.23267991508004957
TaAgS3_63,TaAgS3,chalcogenide,orthorhombic,3,0.2529326968628044,0.7564462113802213,0.5035135145174169,0.8070328121611514
TaAl3_139,TaAl3,intermetallic,tetragonal,2,0.0030204292974532,0.13117028463855507,0.12814985534110188,0.24120850168989516
TaAlCo2_225,TaAlCo2,intermetallic,cubic,3,0.0354561657231845,0.8593507985262497,0.8238946328030652,0.8809149464714173
TaAlFe2_225,TaAlFe2,intermetallic,cubic,3,0.0268577401186475,0.7378891396778378,0.7110313995591903,0.792570412707297
TaAlOs2_225,TaAlOs2,intermetallic,cubic,3,0.1152940950565165,0.34549405861276355,0.23019996355624706,0.4800962570911248
TaAlRu2_225,TaAlRu2,intermetallic,cubic,3,0.1152940950565165,0.4350612807074767,0.3197671856509602,0.5598886607647245
TaAs2_12,TaAs2,pnictide,triclinic,2,0.1091685153656912,0.12711844546659656,0.01794993010090537,0.23624414820767312
TaAs_109,TaAs,pnictide,monoclinic,2,0.1091685153656912,0.142033273755099,0.032864758389407805,0.25675181173330847
TaB2Mo_38,TaB2Mo,boride/carbide,orthorhombic,3,0.1031799049762132,0.10891029436327196,0.0057303893870587624,0.20918720447052302
TaB2_191,TaB2,boride/carbide,hexagonal,2,0.0703062052430456,0.09084673162013375,0.020540526377088156,0.18203047145747064
TaB_63,TaB,boride/carbide,orthorhombic,2,0.0703062052430456,0.10886684943673455,0.03856064419368896,0.20927632823009756
TaBe12_139,TaBe12,intermetallic,tetragonal,2,0.0012242499937837,0.06694506002067956,0.06572081002689585,0.1436019323576855
TaBe2_227,TaBe2,intermetallic,cubic,2,0.0012242499937837,0.08017199711999748,0.07894774712621377,0.16534562387220475
TaBeRu2_225,TaBeRu2,intermetallic,cubic,3,0.1152940950565165,0.3846683087792601,0.2693742137227436,0.5153447741867988
TaC_225,TaC,boride/carbide,cubic,2,0.240902461029019,0.18862983951432233,-0.052272621514696666,0.31404060063645317
TaCo2_227,TaCo2,intermetallic,cubic,2,0.0354561657231845,0.8821618284744872,0.8467056627513027,0.897920156105922
TaCo3_166,TaCo3,intermetallic,trigonal,2,0.0354561657231845,0.7682452193582882,0.7327890536351036,0.8145150895739421
TaCo3_221,TaCo3,intermetallic,cubic,2,0.0354561657231845,0.7525873406520676,0.717131174928883,0.8032201978630814
TaCoSb_216,TaCoSb,intermetallic,cubic,3,0.0728361721882467,0.9003114052987151,0.8274752331104684,0.912107996124642
TaCr2_194,TaCr2,intermetallic,hexagonal,2,0.006379563620851,0.4202714358689795,0.4138918722481285,0.5476716100898095
TaCu3S4_215,TaCu3S4,chalcogenide,cubic,3,0.2529326968628044,0.9828336385364251,0.7299009416736207,0.9804129562515549
TaCu3Se4_215,TaCu3Se4,chalcogenide,cubic,3,0.240902461029019,0.9887373967380568,0.7478349357090378,0.9863242233871357
TaCu3Te4_215,TaCu3Te4,chalcogenide,cubic,3,0.0860688147287718,0.9948770266409133,0.9088082119121415,0.9930218401965503
TaCuS3_62,TaCuS3,chalcogenide,orthorhombic,3,0.2529326968628044,0.9696770590744992,0.7167443622116948,0.9682566631295297
TaFe2_194,TaFe2,intermetallic,hexagonal,2,0.0268577401186475,0.7977450567123082,0.7708873165936607,0.8361783293921728
TaFeP_62,TaFeP,pnictide,orthorhombic,3,0.1122143941556313,0.7227495333221328,0.6105351391665015,0.7818299267503425
TaFeRu2_225,TaFeRu2,intermetallic,cubic,3,0.1152940950565165,0.5844506606230903,0.46915656556657376,0.6801647231950649
TaGa3_139,TaGa3,intermetallic,tetragonal,2,0.0237386970797479,0.125788777684097,0.10205008060434909,0.2337658353757022
TaGaCo2_225,TaGaCo2,intermetallic,cubic,3,0.0354561657231845,0.8496392771265213,0.8141831114033368,0.8736824159100963
TaGaFe2_225,TaGaFe2,intermetallic,cubic,3,0.0268577401186475,0.7348791181058937,0.7080213779872462,0.7903713075066717
TaGaOs2_225,TaGaOs2,intermetallic,cubic,3,0.1152940950565165,0.33716443489106634,0.22187033983454985,0.472133024228731
TaH2_225,TaH2,hydride,cubic,2,0.1152940950565165,0.08213346366046713,-0.03316063139604937,0.16856072515386353
TaIr3_221,TaIr3,intermetallic,cubic,2,0.1152940950565165,0.3623707090261886,0.24707661396967212,0.49538685281080597
TaIr_51,TaIr,intermetallic,orthorhombic,2,0.1152940950565165,0.4881462617215633,0.3728521666650468,0.6048125017381311
TaMn2Al_225,TaMn2Al,intermetallic,cubic,3,0.0030204292974532,0.5669726078324538,0.5639521785350007,0.6659963822262172
TaMn2_194,TaMn2,intermetallic,hexagonal,2,0.0006248047281837,0.6218573539771065,0.6212325492489228,0.7081097802098614
TaNO_14,TaNO,oxide,monoclinic,3,0.6097235715364788,0.4918330254647191,-0.11789054607175975,0.6062320466533943
TaN_189,TaN,pnictide,hexagonal,2,0.4472779356966061,0.4298295506487606,-0.017448385047845516,0.5552078118258001
TaNbTc2_225,TaNbTc2,intermetallic,cubic,3,0.0392105608476768,0.6661160226074576,0.6269054617597808,0.7421685849289344
TaNi2Te3_11,TaNi2Te3,chalcogenide,monoclinic,3,0.0860688147287718,0.9916605118949487,0.9055916971661769,0.9894263281001104
TaNiGe_62,TaNiGe,intermetallic,orthorhombic,3,0.0629559630163497,0.9558566900648048,0.892900727048455,0.9560789403411827
TaPd2_71,TaPd2,intermetallic,orthorhombic,2,0.1152940950565165,0.7920927645070374,0.6767986694505208,0.832568243220364
TaPd3_139,TaPd3,intermetallic,tetragonal,2,0.1152940950565165,0.7257772029628737,0.6104831079063573,0.7846345756858377
TaPd_129,TaPd,intermetallic,tetragonal,2,0.1152940950565165,0.901486562563255,0.7861924675067384,0.9130943700909533
TaPt2_63,TaPt2,intermetallic,orthorhombic,2,0.1410976137921523,0.616118621674955,0.4750210078828027,0.7043977651390692
TaPt3_59,TaPt3,intermetallic,orthorhombic,2,0.1410976137921523,0.5315953718383694,0.39049775804621706,0.6390828848847592
TaRh3_221,TaRh3,intermetallic,cubic,2,0.1410976137921523,0.5261275193650556,0.38502990557290334,0.6346093405086871
TaRu_123,TaRu,intermetallic,tetragonal,2,0.1152940950565165,0.49515675455951835,0.37986265950300185,0.6109694846706885
TaS2_160,TaS2,chalcogenide,trigonal,2,0.2529326968628044,0.17187580366547645,-0.08105689319732795,0.2953458610202948
TaSb2_12,TaSb2,intermetallic,monoclinic,2,0.0728361721882467,0.263485689724084,0.19064951753583728,0.40105911386955817
TaSbRu_216,TaSbRu,intermetallic,cubic,3,0.1152940950565165,0.5477398103022545,0.432445715245738,0.6529064679408276
TaSe3_11,TaSe3,chalcogenide,monoclinic,2,0.240902461029019,0.2462342858020684,0.005331824773049415,0.3818632257877953
TaSi2_180,TaSi2,intermetallic,hexagonal,2,0.0392105608476768,0.09180203222347463,0.05259147137579783,0.18402457839907138
TaSi2_181,TaSi2,intermetallic,hexagonal,2,0.0392105608476768,0.08909734751443223,0.049886786666755424,0.1798017840199408
TaSiIr_62,TaSiIr,intermetallic,orthorhombic,3,0.1152940950565165,0.44227245872758,0.3269783636710635,0.5660763650546327
TaSiRh_62,TaSiRh,intermetallic,orthorhombic,3,0.1410976137921523,0.6124557018912398,0.47135808809908747,0.7011750874686272
TaTc_221,TaTc,intermetallic,cubic,2,0.0392105608476768,0.4263311280236356,0.3871205671759588,0.5544821068847852
TaTe4Ir_31,TaTe4Ir,chalcogenide,orthorhombic,3,0.1152940950565165,0.80412407705539,0.6888299819988735,0.8428168736472965
TaTe5Pt_63,TaTe5Pt,chalcogenide,orthorhombic,3,0.1410976137921523,0.8114944238344954,0.6703968100423432,0.8482475965362586
TaTiB4_191,TaTiB4,boride/carbide,hexagonal,3,0.0703062052430456,0.08096548386987674,0.01065927862683115,0.16657090966479898
TaTiMn2_225,TaTiMn2,intermetallic,cubic,3,0.0006248047281837,0.5610857439302344,0.5604609392020506,0.6622012692886641
TaTiOs2_225,TaTiOs2,intermetallic,cubic,3,0.1152940950565165,0.33041362778754846,0.21511953273103196,0.46659596109048773
TaTiRe2_225,TaTiRe2,intermetallic,cubic,3,0.0392105608476768,0.2560671037795048,0.21685654293182802,0.39204480758958055
TaTiRu2_225,TaTiRu2,intermetallic,cubic,3,0.1152940950565165,0.42955371801431214,0.31425962295779564,0.556038169828648
TaTiTc2_225,TaTiTc2,intermetallic,cubic,3,0.0392105608476768,0.34494537236648554,0.3057348115188087,0.48077548518719615
TaV2_227,TaV2,intermetallic,cubic,2,0.0042160872440494,0.3418108608974044,0.337594773653355,0.47811838963940323
TaW3_225,TaW3,intermetallic,cubic,2,0.1688126015638291,0.2194747677578436,0.05066216619401451,0.35232763349355045
TaZn2_194,TaZn2,intermetallic,trigonal,2,0.005609209308919,0.9962217427496018,0.9906125334406829,0.994567243342748
TaZnCo2_225,TaZnCo2,intermetallic,cubic,3,0.0354561657231845,0.9439394739072825,0.908483308184098,0.9460193998277465
TaZnRu2_225,TaZnRu2,intermetallic,trigonal,3,0.1152940950565165,0.9698764303136098,0.8545823352570934,0.9682974351575301
Ta_136,Ta,elemental,tetragonal,1,0.0,0.24492148160144772,0.24492148160144772,0.38174096673482
Ta_229,Ta,elemental,cubic,1,0.0,0.3003602193270002,0.3003602193270002,0.44050824356270646
Tb(CoGe)2_139,Tb(CoGe)2,intermetallic,tetragonal,3,0.187000675249612,0.9824462894627084,0.7954456142130963,0.979964454385703
Tb(CoSi)2_139,Tb(CoSi)2,intermetallic,tetragonal,3,0.1478562110337886,0.977857922185281,0.8300017111514923,0.9755581626190535
Tb(FeB)2_139,Tb(FeB)2,boride/carbide,tetragonal,3,0.1982031440330587,0.9525321194976424,0.7543289754645837,0.9531924609686574
Tb(FeSi)2_139,Tb(FeSi)2,intermetallic,tetragonal,3,0.1478562110337886,0.9780058140941241,0.8301496030603355,0.9757094246361512
Tb(MnGe)2_139,Tb(MnGe)2,intermetallic,tetragonal,3,0.187000675249612,0.9886195703766826,0.8016188951270706,0.9861889522647372
Tb(SiNi)2_139,Tb(SiNi)2,intermetallic,tetragonal,3,0.1512791964051105,0.9860712977202043,0.8347921013150938,0.983515795470267
Tb2Al3Si2_12,Tb2Al3Si2,intermetallic,monoclinic,3,0.1478562110337886,0.998085940864341,0.8502297298305523,0.9969537693184176
Tb2B4C_71,Tb2B4C,boride/carbide,orthorhombic,3,0.4088142422218236,0.9883373025902471,0.5795230603684235,0.9858014226414553
Tb2Cr2C3_12,Tb2Cr2C3,boride/carbide,monoclinic,3,0.4088142422218236,0.9802426970433568,0.5714284548215331,0.9778541871367179
Tb2Fe2Si2C_12,Tb2Fe2Si2C,boride/carbide,monoclinic,4,0.4088142422218236,0.9878484553566741,0.5790342131348505,0.985338305715047
Tb2Sn2O7_227,Tb2Sn2O7,oxide,cubic,3,0.7456133690005962,0.9734336372431212,0.227820268242525,0.9714404007601526
Tb2TeO2_139,Tb2TeO2,oxide,tetragonal,3,0.7456133690005962,0.9968068321449935,0.2511934631443974,0.99530900020854
Tb2Ti2S2O5_139,Tb2Ti2S2O5,oxide,tetragonal,4,0.7456133690005962,0.9848707848586693,0.23925741585807314,0.9823502499127547
Tb2ZnNi2_71,Tb2ZnNi2,intermetallic,orthorhombic,3,0.1512791964051105,0.6424468100291976,0.49116761362408706,0.7251064001007916
Tb3AlC_221,Tb3AlC,boride/carbide,cubic,3,0.4088142422218236,0.9984333283065903,0.5896190860847667,0.9974434476032447
TbAs_225,TbAs,pnictide,cubic,2,0.2529326968628044,0.9986610862859788,0.7457283894231744,0.9977677617032583
TbB2Ru3_191,TbB2Ru3,boride/carbide,hexagonal,3,0.2610315117410557,0.9592584674960837,0.698226955755028,0.9589423498819893
TbC2_139,TbC2,boride/carbide,tetragonal,2,0.4088142422218236,0.9825761745510624,0.5737619323292388,0.980073668022872
TbCd_221,TbCd,intermetallic,cubic,2,0.0833458210077793,0.9389656871177937,0.8556198661100144,0.9431844363839778
TbCo2_227,TbCo2,intermetallic,trigonal,2,0.1410976137921523,0.8465349236581219,0.7054373098659696,0.872035079671149
TbCoC2_38,TbCoC2,boride/carbide,orthorhombic,3,0.4088142422218236,0.9481157625075093,0.5393015202856857,0.9495418556364822
TbCoSi2_63,TbCoSi2,intermetallic,monoclinic,3,0.1478562110337886,0.991282616468169,0.8434264054343803,0.9889362344123038
TbCu5_191,TbCu5,intermetallic,hexagonal,2,0.1478562110337886,0.20709715318276917,0.05924094214898057,0.33668897809661075
TbCu_221,TbCu,intermetallic,cubic,2,0.1478562110337886,0.6074591723088641,0.45960296127507555,0.7001139185883235
TbF3_62,TbF3,halide,orthorhombic,2,0.8742676704055721,0.5653710680852875,-0.3088966023202846,0.6642618787732646
TbFe2_227,TbFe2,intermetallic,cubic,2,0.124731865378405,0.9488535108108539,0.8241216454324489,0.9505646760402497
TbGa2Co3_191,TbGa2Co3,intermetallic,orthorhombic,3,0.1410976137921523,0.973267068245801,0.8321694544536486,0.9713257357096114
TbGe2Pt_71,TbGe2Pt,intermetallic,orthorhombic,3,0.2939717301428602,0.9946075050975474,0.7006357749546872,0.9926632555193591
TbGe_63,TbGe,intermetallic,orthorhombic,2,0.187000675249612,0.998978351377734,0.8119776761281221,0.998223405674853
TbInCu4_216,TbInCu4,intermetallic,cubic,3,0.1478562110337886,0.980688272749243,0.8328320617154543,0.9782528002758654
TbInCu_189,TbInCu,intermetallic,hexagonal,3,0.1478562110337886,0.9982582417819779,0.8504020307481892,0.9971964730231734
TbMgRh2_225,TbMgRh2,intermetallic,cubic,3,0.2939717301428602,0.9947461179754971,0.7007743878326369,0.9928672440137052
TbMg_221,TbMg,intermetallic,cubic,2,0.0109644474225218,0.999468094679523,0.9885036472570012,0.9989790252507895
TbMnSi_129,TbMnSi,intermetallic,tetragonal,3,0.1478562110337886,0.9937339832633056,0.845877772229517,0.9916667750685189
TbN_225,TbN,pnictide,cubic,2,0.6097235715364788,0.9669179487486608,0.35719437721218195,0.9656579803258984
TbNbO4_15,TbNbO4,oxide,triclinic,3,0.7456133690005962,0.7401731281192995,-0.005440240881296687,0.7942773402395499
TbNi2B2C_139,TbNi2B2C,boride/carbide,tetragonal,4,0.4088142422218236,0.9611478840153451,0.5523336417935215,0.9605248228142501
TbNi2_227,TbNi2,intermetallic,cubic,2,0.1512791964051105,0.5753141648654034,0.4240349684602929,0.6732618643486252
TbNi5_191,TbNi5,intermetallic,hexagonal,2,0.1512791964051105,0.3388969614700788,0.1876177650649683,0.47343545996068753
TbNiGe2_63,TbNiGe2,intermetallic,orthorhombic,3,0.187000675249612,0.9951936478513577,0.8081929726017456,0.9933417599494735
TbNiSb_216,TbNiSb,intermetallic,cubic,3,0.2019826979496352,0.9958703465338611,0.7938876485842259,0.9941560118011711
TbP_225,TbP,pnictide,cubic,2,0.2569745635061699,0.997918981830966,0.7409444183247961,0.9967438073841538
TbRhO3_62,TbRhO3,oxide,orthorhombic,3,0.7456133690005962,0.7930730451978986,0.0474596761973024,0.8324205386302679
TbSF_129,TbSF,halide,tetragonal,3,0.8742676704055721,0.9907238752406182,0.11645620483504615,0.9883437373469742
TbS_225,TbS,chalcogenide,cubic,2,0.4216638471290559,0.9962502216925112,0.5745863745634553,0.994628223338371
TbScGe_139,TbScGe,intermetallic,monoclinic,3,0.187000675249612,0.9996253273514848,0.8126246521018727,0.9992446202577541
TbTiGe_129,TbTiGe,intermetallic,tetragonal,3,0.187000675249612,0.9987056534519836,0.8117049782023715,0.9978129061039289
TbTl_221,TbTl,intermetallic,cubic,2,0.0653657474825513,0.9994657198515545,0.9340999723690032,0.9989771942693949
TbTmHg2_225,TbTmHg2,intermetallic,cubic,3,0.1833135174018891,0.996864807143803,0.8135512897419139,0.9954047575167587
TbZn2_74,TbZn2,intermetallic,orthorhombic,2,0.0728361721882467,0.30227719440166095,0.22944102221341425,0.440572056661612
TbZnNi_189,TbZnNi,intermetallic,hexagonal,3,0.1512791964051105,0.5824287736557996,0.4311495772506891,0.6798763593663723
TbZn_221,TbZn,intermetallic,cubic,2,0.0728361721882467,0.5084949386569294,0.43565876646868273,0.6247459793155403
Tb_194,Tb,elemental,hexagonal,1,0.0,0.5463187734849864,0.5463187734849864,0.6573148022625687
Tc3N_187,Tc3N,pnictide,hexagonal,2,0.2774003900098064,0.25461596647136375,-0.022784423538442622,0.38851617843405617
Tc3Ni_194,Tc3Ni,intermetallic,hexagonal,2,2.499968750258041e-05,0.7735962950790113,0.7735712953915087,0.8185620579793597
Tc3Os_194,Tc3Os,intermetallic,hexagonal,2,0.0222487628066636,0.0856904177064654,0.0634416548998018,0.17451625515099115
Tc3Pd_194,Tc3Pd,intermetallic,hexagonal,2,0.0222487628066636,0.3765810423466941,0.3543322795400305,0.5083055742919853
Tc3Pt_194,Tc3Pt,intermetallic,hexagonal,2,0.0354561657231845,0.21257371275798548,0.17711754703480098,0.34239294602507453
Tc3Ru_194,Tc3Ru,intermetallic,orthorhombic,2,0.0222487628066636,0.1223809805695503,0.1001322177628867,0.22866286374758565
TcB2_194,TcB2,boride/carbide,hexagonal,2,0.0048880145841702,0.1264444490657902,0.12155643448162,0.23378278277994285
TcO2_14,TcO2,oxide,monoclinic,2,0.4472779356966061,0.27850381680879777,-0.16877411888780836,0.4130340455123199
TcOs3_194,TcOs3,intermetallic,hexagonal,2,0.0222487628066636,0.0816006517778869,0.0593518889712233,0.16796942824354746
TcPt3_139,TcPt3,intermetallic,tetragonal,2,0.0354561657231845,0.22098499634946306,0.18552883062627856,0.35181258096191215
TcRu3_194,TcRu3,intermetallic,hexagonal,2,0.0222487628066636,0.11468957534529349,0.09244081253862989,0.2176076101779396
TcRu_187,TcRu,intermetallic,hexagonal,2,0.0222487628066636,0.13280163986923876,0.11055287706257516,0.24292330364943732
TcS2_2,TcS2,chalcogenide,triclinic,2,0.1091685153656912,0.3132049283928003,0.2040364130271091,0.44956285369589893
Tc_194,Tc,elemental,hexagonal,1,0.0,0.08691054686959508,0.08691054686959508,0.17658994001530584
Te(HO)6_14,Te(HO)6,oxide,monoclinic,3,0.3616700715049249,0.48927342300398513,0.1276033514990602,0.6041868028803947
Te2O5_4,Te2O5,oxide,monoclinic,2,0.3616700715049249,0.6398357307391901,0.2781656592342652,0.7212860400808921
Te2Os_205,Te2Os,chalcogenide,cubic,2,0.0024968776025399,0.47740616040435674,0.4749092828018168,0.5972976370528422
Te2Pd3Pb2_59,Te2Pd3Pb2,chalcogenide,orthorhombic,3,0.0131379339263986,0.950061366496373,0.9369234325699743,0.9516185757217069
Te2Pd3_63,Te2Pd3,chalcogenide,orthorhombic,2,0.0024968776025399,0.8458749164582045,0.8433780388556645,0.8718236039072582
Te2Pt_164,Te2Pt,chalcogenide,trigonal,2,0.0080672833944288,0.8152621731040475,0.8071948897096187,0.8503773338818702
Te2W_31,Te2W,chalcogenide,orthorhombic,2,0.0167579960807445,0.5090898342709059,0.4923318381901614,0.6243741527217739
Te3As2_12,Te3As2,chalcogenide,monoclinic,2,0.0015987206823936,0.3990741995105392,0.3974754788281456,0.5331458406683404
Te4Mo3_148,Te4Mo3,chalcogenide,trigonal,2,0.0008995951214726,0.5914368085921722,0.5905372134706995,0.6880799976901978
Te4Pt3_166,Te4Pt3,chalcogenide,monoclinic,2,0.0080672833944288,0.9240601201177754,0.9159928367233466,0.9308348855067392
TeF4_19,TeF4,halide,orthorhombic,2,0.5867076222296558,0.7128080455202758,0.12610042329062,0.7746683923764102
TeO2_19,TeO2,oxide,orthorhombic,2,0.3616700715049249,0.6732433196670926,0.3115732481621677,0.7462305229395169
TeO2_61,TeO2,oxide,orthorhombic,2,0.3616700715049249,0.669809925029848,0.3081398535249231,0.7437284289061237
TeO3_167,TeO3,oxide,trigonal,2,0.3616700715049249,0.47487464627488846,0.11320457476996354,0.5923701921236786
TePdI2_2,TePdI2,halide,triclinic,3,0.0754054852397893,0.9791534119964872,0.9037479267566979,0.9772488768677379
TePdI_131,TePdI,halide,tetragonal,3,0.0754054852397893,0.9487120351235271,0.8733065498837378,0.950807646149672
Te_152,Te,elemental,trigonal,1,0.0,0.41206391850658197,0.41206391850658197,0.5458868186519807
Te_154,Te,elemental,trigonal,1,0.0,0.4121740489098134,0.4121740489098134,0.5459841024911793
Th(CoGe)2_139,Th(CoGe)2,intermetallic,tetragonal,3,0.1184071933122511,0.8863155713402785,0.7679083780280274,0.9015602967052236
Th(CuSi)2_139,Th(CuSi)2,intermetallic,tetragonal,3,0.0860688147287718,0.9866837689526715,0.9006149542238997,0.9841734988771228
Th(FeGe)2_139,Th(FeGe)2,intermetallic,tetragonal,3,0.1184071933122511,0.8301169842771997,0.7117097909649486,0.8604503926873944
Th(FeSi)2_139,Th(FeSi)2,intermetallic,tetragonal,3,0.0860688147287718,0.7650550246897058,0.678986209960934,0.8129981376882147
Th(GeRh)2_139,Th(GeRh)2,intermetallic,tetragonal,3,0.2134507977865449,0.6793617136271696,0.46591091584062466,0.7515960687809797
Th(MnGe)2_139,Th(MnGe)2,intermetallic,tetragonal,3,0.1184071933122511,0.7177461526539453,0.5993389593416941,0.7800177477245915
Th(MnSi)2_139,Th(MnSi)2,intermetallic,tetragonal,3,0.0860688147287718,0.6141960003825998,0.528127185653828,0.7030904858877803
Th(SiAu)2_139,Th(SiAu)2,intermetallic,monoclinic,3,0.3191409709080752,0.7784464432585988,0.4593054723505236,0.8230939456240562
Th(SiOs)2_139,Th(SiOs)2,intermetallic,tetragonal,3,0.1833135174018892,0.37637348964145095,0.19305997223956176,0.5092084483758602
Th(SiRu)2_139,Th(SiRu)2,intermetallic,tetragonal,3,0.1833135174018892,0.46056403398254103,0.2772505165806518,0.5822041630721851
Th2BiTe_225,Th2BiTe,chalcogenide,cubic,3,0.1478562110337886,0.7421702199637326,0.5943140089299439,0.7992960851321332
Th2Ga_140,Th2Ga,intermetallic,tetragonal,2,0.0629559630163498,0.7710808054954829,0.7081248424791331,0.8198351976237257
Th2Ge_140,Th2Ge,intermetallic,tetragonal,2,0.1184071933122511,0.7278870696733227,0.6094798763610716,0.7892492097482794
Th2MnN3_71,Th2MnN3,pnictide,orthorhombic,3,0.5308815576053358,0.24291887216450886,-0.287962685440827,0.3766046951979426
Th2S5_60,Th2S5,chalcogenide,orthorhombic,2,0.3360842366645264,0.2693815521768451,-0.0667026844876813,0.40624626785719625
Th2TeN2_139,Th2TeN2,chalcogenide,tetragonal,3,0.5308815576053358,0.8132406143047396,0.28235905669940375,0.848653466982045
Th3Ge2_127,Th3Ge2,intermetallic,tetragonal,2,0.1184071933122511,0.6993133276065127,0.5809061342942615,0.7683300760946508
Th3P4_220,Th3P4,pnictide,cubic,2,0.1796506558521339,0.4368191931882247,0.2571685373360908,0.5637193953522213
Th4H15_220,Th4H15,hydride,cubic,2,0.1833135174018892,0.1491951317076949,-0.034118385694194286,0.2641801062639496
ThAg2_191,ThAg2,intermetallic,hexagonal,2,0.0944610611608638,0.8326436118636825,0.7381825507028187,0.8632942161486197
ThAl3Ni2_191,ThAl3Ni2,intermetallic,hexagonal,3,0.0888292792566212,0.963627267189698,0.8747979879330768,0.9628056142886736
ThAl3_194,ThAl3,intermetallic,hexagonal,2,0.0237386970797479,0.5091347813569508,0.4853960842772029,0.6224743587919994
ThAs_225,ThAs,pnictide,cubic,2,0.1760125666682969,0.6004161071514484,0.42440354048315154,0.6954180759500969
ThB2C_166,ThB2C,boride/carbide,trigonal,3,0.3233661538382709,0.19038231308831682,-0.13298384074995406,0.31650643016005825
ThB2Ir3_191,ThB2Ir3,boride/carbide,hexagonal,3,0.1833135174018892,0.2671407268276524,0.08382720942576319,0.402267927673448
ThB2Ru3_191,ThB2Ru3,boride/carbide,hexagonal,3,0.1833135174018892,0.25661409982572153,0.07330058242383233,0.39124299326642714
ThB6_221,ThB6,boride/carbide,cubic,2,0.1279425724852808,0.11665487207285488,-0.01128770041242591,0.2205012161683291
ThBe13_226,ThBe13,intermetallic,cubic,2,0.0180599290148932,0.15824937907827852,0.14018945006338532,0.27606497712124645
ThBi2_129,ThBi2,intermetallic,tetragonal,2,0.1215532606500686,0.7767877891670114,0.6552345285169427,0.8240751676721633
ThBiTe_129,ThBiTe,chalcogenide,tetragonal,3,0.1478562110337886,0.7517831571701099,0.6039269461363213,0.8061692777012438
ThBr4_88,ThBr4,halide,tetragonal,2,0.4978718936931531,0.5600175303819274,0.062145636688774264,0.6650188780071395
ThBrN_129,ThBrN,halide,tetragonal,3,0.5308815576053358,0.8389345086670671,0.30805295106173125,0.8671479332061506
ThC_225,ThC,boride/carbide,cubic,2,0.3233661538382709,0.18508810311390952,-0.13827805072436136,0.3115223816694357
ThCd2_191,ThCd2,intermetallic,hexagonal,2,0.0373111266314774,0.9505552189086821,0.9132440922772047,0.9525843960474489
ThCdAg2_225,ThCdAg2,intermetallic,cubic,3,0.0944610611608638,0.8459419724037788,0.7514809112429149,0.8729373148668157
ThCl4_88,ThCl4,halide,triclinic,2,0.5789063401120882,0.28541443050232457,-0.2934919096097636,0.4233849040694527
ThCoC2_38,ThCoC2,boride/carbide,orthorhombic,3,0.3233661538382709,0.5739522670938448,0.25058611325557395,0.6719193878240968
ThCo_63,ThCo,intermetallic,orthorhombic,2,0.0806606824334817,0.8120757104239423,0.7314150279904607,0.8479670331648612
ThCu2_191,ThCu2,intermetallic,hexagonal,2,0.0860688147287718,0.9744041171967323,0.8883353024679604,0.9726366646463322
ThCu6_62,ThCu6,intermetallic,orthorhombic,2,0.0860688147287718,0.885933831140651,0.7998650164118792,0.9011409631246323
ThFe5_191,ThFe5,intermetallic,hexagonal,2,0.067815945104082,0.49954851798712874,0.43173257288304673,0.6146157314319093
ThGe2_65,ThGe2,intermetallic,orthorhombic,2,0.1184071933122511,0.5818898105022512,0.4634826171900001,0.6803232047549163
ThGe_225,ThGe,intermetallic,cubic,2,0.1184071933122511,0.6805836571259856,0.5621764638137344,0.7547316121897094
ThHg2_194,ThHg2,intermetallic,hexagonal,2,0.1152940950565164,0.7965923654679028,0.6812982704113864,0.8375858682944916
ThIN_129,ThIN,halide,tetragonal,3,0.5308815576053358,0.9745186176888633,0.44363706008352743,0.9728380333247436
ThIn3_221,ThIn3,intermetallic,cubic,2,0.0559725170821643,0.7000902413433603,0.644117724261196,0.7681191798521124
ThIr2_227,ThIr2,intermetallic,cubic,2,0.1833135174018892,0.22889079862845021,0.04557728122656102,0.36226238579004344
ThN_225,ThN,pnictide,cubic,2,0.5308815576053358,0.2141309932826199,-0.316750564322716,0.34509297058173033
ThNi5_191,ThNi5,intermetallic,hexagonal,2,0.0888292792566212,0.7883181896177415,0.6994889103611203,0.8295833383822928
ThNiSn_216,ThNiSn,intermetallic,cubic,3,0.1031799049762132,0.9749005317683184,0.8717206267921052,0.973059497147161
ThO2_225,ThO2,oxide,cubic,2,0.6817442582266291,0.32526765493921334,-0.35647660328741576,0.4598699738177264
ThPb3_221,ThPb3,intermetallic,cubic,2,0.2329666519444446,0.7166001975798204,0.4836335456353758,0.7804353337117931
ThPt3_194,ThPt3,intermetallic,hexagonal,2,0.2134507977865449,0.2870389261251234,0.07358812833857847,0.42386342602247296
ThRh3_221,ThRh3,intermetallic,cubic,2,0.2134507977865449,0.2558743225712144,0.042423524784669486,0.3911739981131933
ThRu3C_221,ThRu3C,boride/carbide,cubic,3,0.3233661538382709,0.160467795750849,-0.1628983580874219,0.2801858411819796
ThS2_62,ThS2,chalcogenide,orthorhombic,2,0.3360842366645264,0.3021359587117848,-0.033948277952741635,0.43992984857387807
ThSO_129,ThSO,oxide,tetragonal,3,0.6817442582266291,0.7897614178001788,0.10801715957354974,0.8310039726059365
ThS_225,ThS,chalcogenide,cubic,2,0.3360842366645264,0.3275776371711809,-0.008506599493345535,0.46550881065007665
ThSb2_129,ThSb2,intermetallic,tetragonal,2,0.1311849437371567,0.7153126256870296,0.5841276819498729,0.7796021063990141
ThSbRh_216,ThSbRh,intermetallic,cubic,3,0.2134507977865449,0.7823619493409264,0.5689111515543814,0.8267755935734471
ThSb_225,ThSb,intermetallic,cubic,2,0.1311849437371567,0.730410262200854,0.5992253184636973,0.7907236614566578
ThSe2_62,ThSe2,chalcogenide,orthorhombic,2,0.3233661538382709,0.4648904253034082,0.1415242714651373,0.5880177082009002
ThSe_225,ThSe,chalcogenide,cubic,2,0.3233661538382709,0.4824855755768027,0.15911942173853183,0.6029677779764767
ThSi2Ni_63,ThSi2Ni,intermetallic,orthorhombic,3,0.0888292792566212,0.9554086536442032,0.866579374387582,0.9558476260801694
ThSi2_191,ThSi2,intermetallic,hexagonal,2,0.0860688147287718,0.4333468842863492,0.3472780695575774,0.5599322379867175
ThSiAu_187,ThSiAu,intermetallic,hexagonal,3,0.3191409709080752,0.7652116487359355,0.4460706778278603,0.8142551899309541
ThSiO4_141,ThSiO4,oxide,tetragonal,3,0.6817442582266291,0.4530356389598848,-0.2287086192667443,0.5746910128068115
ThSnPt_216,ThSnPt,intermetallic,cubic,3,0.2134507977865449,0.8043838521303741,0.5909330543438291,0.842635978525314
ThTeO_129,ThTeO,oxide,tetragonal,3,0.6817442582266291,0.9599395669782427,0.2781953087516136,0.9599208654689152
ThTl3_221,ThTl3,intermetallic,cubic,2,0.025275098398206,0.7150853793981423,0.6898102809999364,0.7791017199580805
Ti(CuS)4_121,Ti(CuS)4,chalcogenide,tetragonal,3,0.2369257963986639,0.976518062708138,0.7395922663094741,0.9743928166257725
Ti2AlC_194,Ti2AlC,boride/carbide,hexagonal,3,0.2251028747092086,0.47868347376319265,0.25358059905398406,0.5968304489797228
Ti2AlMo_225,Ti2AlMo,intermetallic,cubic,3,0.0916268257907321,0.24083374249697118,0.1492069167062391,0.37516931327783226
Ti2AlN_194,Ti2AlN,pnictide,hexagonal,3,0.430217175269077,0.6565869436751572,0.22636976840608025,0.7339449499136721
Ti2AlRe_225,Ti2AlRe,intermetallic,cubic,3,0.0318807430834372,0.25278866660926436,0.22090792352582717,0.3878558413497278
Ti2AlTc_225,Ti2AlTc,intermetallic,cubic,3,0.0318807430834372,0.3124825406444512,0.280601797561014,0.44885131711605225
Ti2BRh6_225,Ti2BRh6,boride/carbide,cubic,3,0.1279425724852808,0.46587788669257485,0.33793531420729406,0.5855861461787588
Ti2Be17_166,Ti2Be17,intermetallic,trigonal,2,0.0002249746893983,0.07328954263839182,0.07306456794899352,0.1541207750565809
Ti2CS_194,Ti2CS,chalcogenide,hexagonal,3,0.2369257963986639,0.1552628552058096,-0.0816629411928543,0.27305110905988067
Ti2C_227,Ti2C,boride/carbide,cubic,2,0.2251028747092086,0.32969794932529783,0.10459507461608925,0.4665329960172181
Ti2CdC_194,Ti2CdC,boride/carbide,hexagonal,3,0.2251028747092086,0.9548809338423297,0.7297780591331211,0.9556991025115578
Ti2Cd_139,Ti2Cd,intermetallic,tetragonal,2,0.005609209308919,0.9851582612159989,0.97954905190708,0.9827550700948177
Ti2CoIr_225,Ti2CoIr,intermetallic,cubic,3,0.1031799049762132,0.7375401592778479,0.6343602543016347,0.7931598068113724
Ti2CoTc_225,Ti2CoTc,intermetallic,cubic,3,0.0318807430834372,0.7456263975556345,0.7137456544721973,0.7990405943976955
Ti2CrIr_225,Ti2CrIr,intermetallic,cubic,3,0.1031799049762132,0.35806986623284703,0.2548899612566338,0.4922312987564836
Ti2Cu3_129,Ti2Cu3,intermetallic,tetragonal,2,0.0318807430834372,0.997850710692575,0.9659699676091378,0.9966360069772935
Ti2Cu3_139,Ti2Cu3,intermetallic,tetragonal,2,0.0318807430834372,0.9893176451951584,0.9574369021117212,0.9868764439506943
Ti2CuS4_227,Ti2CuS4,chalcogenide,cubic,3,0.2369257963986639,0.9392461804687816,0.7023203840701178,0.9426059793255284
Ti2CuSb3_115,Ti2CuSb3,intermetallic,tetragonal,3,0.0629559630163497,0.9857284058960101,0.9227724428796604,0.9833015873174552
Ti2Cu_139,Ti2Cu,intermetallic,tetragonal,2,0.0318807430834372,0.9890481665501328,0.9571674234666956,0.9865985382918233
Ti2FeIr_225,Ti2FeIr,intermetallic,cubic,3,0.1031799049762132,0.6272705279955443,0.5240906230193311,0.712566884381565
Ti2Ga3_83,Ti2Ga3,intermetallic,tetragonal,2,0.0180599290148932,0.16588016975513692,0.14782024074024372,0.28675432319233174
Ti2GaC_194,Ti2GaC,boride/carbide,hexagonal,3,0.2251028747092086,0.4330065769830763,0.20790370227386773,0.5584706088374597
Ti2GaN_194,Ti2GaN,pnictide,hexagonal,3,0.430217175269077,0.625575355293719,0.195358180024642,0.7109382796709104
Ti2Ga_194,Ti2Ga,intermetallic,hexagonal,2,0.0180599290148932,0.19063340213192392,0.17257347311703072,0.3177341427631652
Ti2GeC_194,Ti2GeC,boride/carbide,hexagonal,3,0.2251028747092086,0.3360079015293449,0.11090502682013631,0.4712009493985591
Ti2IrW_225,Ti2IrW,intermetallic,cubic,3,0.1547306964721814,0.3609487127213369,0.20621801624915548,0.49519178530541935
Ti2MnCo_225,Ti2MnCo,intermetallic,cubic,3,0.0284863890297042,0.7060542882015328,0.6775678991718286,0.7698897874165558
Ti2MnFe_225,Ti2MnFe,intermetallic,triclinic,3,0.0208055155986512,0.7217847625555311,0.70097924695688,0.7823395573285551
Ti2MnIr_225,Ti2MnIr,intermetallic,cubic,3,0.1031799049762132,0.4513226226175621,0.3481427176413489,0.5739133672257387
Ti2MnNi_225,Ti2MnNi,intermetallic,cubic,3,0.0336459494865304,0.8765633043894495,0.8429173549029191,0.8939400188838877
Ti2MnOs_225,Ti2MnOs,intermetallic,cubic,3,0.1031799049762132,0.4485581164527475,0.3453782114765343,0.5718776937173693
Ti2MnRh_225,Ti2MnRh,intermetallic,cubic,3,0.1279425724852808,0.5353091221739711,0.4073665496886903,0.6422104221159491
Ti2MnRu_225,Ti2MnRu,intermetallic,cubic,3,0.1031799049762132,0.4699182311579595,0.3667383261817463,0.5896551097036155
Ti2MoIr_225,Ti2MoIr,intermetallic,cubic,3,0.1031799049762132,0.3459136544463597,0.24273374947014648,0.4811180656874061
Ti2MoPt_225,Ti2MoPt,intermetallic,cubic,3,0.1279425724852808,0.501290119209096,0.37334754672381526,0.6158864026367942
Ti2N_136,Ti2N,pnictide,tetragonal,2,0.430217175269077,0.5062049749775828,0.07598779970850578,0.6203212788391936
Ti2NiMo_225,Ti2NiMo,intermetallic,cubic,3,0.0916268257907321,0.9197458291103573,0.8281190033196252,0.9270591593774667
Ti2Ni_227,Ti2Ni,intermetallic,cubic,2,0.0336459494865304,0.9778564467177732,0.9442104972312427,0.9757211038180978
Ti2O3_167,Ti2O3,oxide,trigonal,2,0.5944454949366794,0.5289048545837542,-0.06554064035292517,0.636046798329488
Ti2O_164,Ti2O,oxide,trigonal,2,0.5944454949366794,0.6804195539740323,0.08597405903735289,0.7512765738214563
Ti2OsRu_225,Ti2OsRu,intermetallic,cubic,3,0.1031799049762132,0.326133101781989,0.2229531968057758,0.4620250562445874
Ti2Pd3_63,Ti2Pd3,intermetallic,orthorhombic,2,0.1031799049762132,0.8046281483984534,0.7014482434222402,0.8418543599212803
Ti2Pd_139,Ti2Pd,intermetallic,tetragonal,2,0.1031799049762132,0.8009328105759628,0.6977529055997496,0.8391902369915339
Ti2ReB2_127,Ti2ReB2,boride/carbide,tetragonal,3,0.0605869371865241,0.10593948362344376,0.045352546436919654,0.20486817903401575
Ti2ReIr_225,Ti2ReIr,intermetallic,cubic,3,0.1031799049762132,0.3276167649029641,0.2244368599267509,0.46356067577996757
Ti2ReNi_225,Ti2ReNi,intermetallic,cubic,3,0.0336459494865304,0.9101620810219909,0.8765161315354605,0.9195710779188205
Ti2RePd_225,Ti2RePd,intermetallic,cubic,3,0.1031799049762132,0.6825888890044067,0.5794089840281935,0.7539354402722722
Ti2ReRh_225,Ti2ReRh,intermetallic,monoclinic,3,0.1279425724852808,0.48741248926088515,0.35946991677560436,0.604404992983705
Ti2ReTc_225,Ti2ReTc,intermetallic,cubic,3,0.0318807430834372,0.24829567376093084,0.21641493067749365,0.38328931214757345
Ti2Rh_139,Ti2Rh,intermetallic,tetragonal,2,0.1279425724852808,0.5996045622057095,0.47166198972042866,0.691909526452563
Ti2S_58,Ti2S,chalcogenide,orthorhombic,2,0.2369257963986639,0.17777577403895375,-0.05915002235971015,0.30190293162784565
Ti2SbP_194,Ti2SbP,pnictide,hexagonal,3,0.1002380044323459,0.2622161454421251,0.16197814100977923,0.398638142377501
Ti2Sn3_64,Ti2Sn3,intermetallic,triclinic,2,0.0431417331380903,0.3533582985785397,0.3102165654404494,0.48994647054150514
Ti2SnC_194,Ti2SnC,boride/carbide,hexagonal,3,0.2251028747092086,0.5103700557420453,0.2852671810328367,0.6233881775645543
Ti2Sn_194,Ti2Sn,intermetallic,hexagonal,2,0.0431417331380903,0.2925713051851445,0.2494295720470542,0.43070516624946026
Ti2TcIr_225,Ti2TcIr,intermetallic,cubic,3,0.1031799049762132,0.34120732720176333,0.23802742222555012,0.4765261654626479
Ti2TcNi_225,Ti2TcNi,intermetallic,cubic,3,0.0336459494865304,0.903064710046255,0.8694187605597246,0.9141305835076758
Ti2TcOs_225,Ti2TcOs,intermetallic,cubic,3,0.1031799049762132,0.27371230894583115,0.17053240396961794,0.4099338990985042
Ti2TcPd_225,Ti2TcPd,intermetallic,cubic,3,0.1031799049762132,0.6747169582692178,0.5715370532930046,0.7482055732485884
Ti2TcPt_225,Ti2TcPt,intermetallic,cubic,3,0.1279425724852808,0.47926625614525337,0.3513236836599726,0.5978375383296016
Ti2TcRh_225,Ti2TcRh,intermetallic,cubic,3,0.1279425724852808,0.48667261424998737,0.3587300417647066,0.603806835148695
Ti2TcRu_225,Ti2TcRu,intermetallic,cubic,3,0.1031799049762132,0.3344219075543304,0.23124200257811717,0.47011916206455306
Ti2VIr_225,Ti2VIr,intermetallic,monoclinic,3,0.1031799049762132,0.37115035332566293,0.2679704483494497,0.5048018378939834
Ti2ZnN_63,Ti2ZnN,pnictide,orthorhombic,3,0.430217175269077,0.9902602459546467,0.5600430706855697,0.987868823368872
Ti2ZnRe_225,Ti2ZnRe,intermetallic,cubic,3,0.0318807430834372,0.9859366010843391,0.9540558580009019,0.9834758943150133
Ti2ZnTc_225,Ti2ZnTc,intermetallic,cubic,3,0.0318807430834372,0.9851801671395317,0.9532994240560945,0.9827330696146995
Ti2Zn_139,Ti2Zn,intermetallic,tetragonal,2,0.0030204292974532,0.9952052528758002,0.992184823578347,0.9933631901100438
Ti3AlC2_194,Ti3AlC2,boride/carbide,hexagonal,3,0.2251028747092086,0.6142848832924345,0.3891820085832259,0.7026013753856308
Ti3AlC_221,Ti3AlC,boride/carbide,cubic,3,0.2251028747092086,0.33050866717118144,0.10540579246197285,0.46662559189143576
Ti3Al_194,Ti3Al,intermetallic,hexagonal,2,0.0012242499937837,0.17424642351247105,0.17302217351868734,0.29752581531222977
Ti3Au_223,Ti3Au,intermetallic,cubic,2,0.2211992169285951,0.7085413103770641,0.487342093448469,0.7730792676995826
Ti3B4_71,Ti3B4,boride/carbide,orthorhombic,2,0.0605869371865241,0.09329814765182655,0.03271121046530245,0.18584755627711172
Ti3Cu4_139,Ti3Cu4,intermetallic,tetragonal,2,0.0318807430834372,0.9965993716841791,0.9647186286007419,0.9950304257765743
Ti3Ga_194,Ti3Ga,intermetallic,hexagonal,2,0.0180599290148932,0.17355155166790082,0.15549162265300762,0.29673442771184866
Ti3GeC2_194,Ti3GeC2,boride/carbide,hexagonal,3,0.2251028747092086,0.41630695057137707,0.19120407586216848,0.5437404446806954
Ti3Hg_221,Ti3Hg,intermetallic,cubic,2,0.0515251447743955,0.8592716265716176,0.8077464817972221,0.8822269476897918
Ti3Hg_223,Ti3Hg,intermetallic,cubic,2,0.0515251447743955,0.8244844200297645,0.772959275255369,0.8566985188215855
Ti3In3Rh2_189,Ti3In3Rh2,intermetallic,hexagonal,3,0.1279425724852808,0.7701975737150574,0.6422550012297765,0.8170743084354075
Ti3Ir_223,Ti3Ir,intermetallic,cubic,2,0.1031799049762132,0.43641936214948496,0.33323945717327175,0.5626622264025043
Ti3NiS6_148,Ti3NiS6,chalcogenide,trigonal,3,0.2369257963986639,0.799899849513274,0.5629740531146101,0.8384278645949236
Ti3Os_225,Ti3Os,intermetallic,cubic,2,0.1031799049762132,0.38614907842650265,0.28296917345028944,0.5196009363555192
Ti3Pd5_123,Ti3Pd5,intermetallic,tetragonal,2,0.1031799049762132,0.8051394429366188,0.7019595379604056,0.8421937320863989
Ti3PdO_140,Ti3PdO,oxide,monoclinic,3,0.5944454949366794,0.769011247601164,0.1745657526644846,0.8165403249697606
Ti3Pt5_72,Ti3Pt5,intermetallic,orthorhombic,2,0.1279425724852808,0.5496273208121366,0.4216847483268558,0.6534964894245127
Ti3Pt_223,Ti3Pt,intermetallic,cubic,2,0.1279425724852808,0.5661395170129174,0.43819694452763663,0.6672162619295431
Ti3Rh5_55,Ti3Rh5,intermetallic,orthorhombic,2,0.1279425724852808,0.5425536459554048,0.414611073470124,0.6478841169436087
Ti3Sb_223,Ti3Sb,intermetallic,cubic,2,0.0629559630163497,0.22459605779601194,0.16164009477966224,0.3579521638024593
Ti3SiC2_194,Ti3SiC2,boride/carbide,hexagonal,3,0.2251028747092086,0.38897390825515216,0.16387103354594357,0.5194790834451227
Ti3SnC2_194,Ti3SnC2,boride/carbide,hexagonal,3,0.2251028747092086,0.6084820706232061,0.38337919591399755,0.6987463717574328
Ti3Sn_221,Ti3Sn,intermetallic,cubic,2,0.0431417331380903,0.2626623544749977,0.2195206213369074,0.3995780431728191
Ti3Te4_12,Ti3Te4,chalcogenide,monoclinic,2,0.0754054852397893,0.36572977201947604,0.29032428677968675,0.5025808779125474
Ti3Tl_139,Ti3Tl,intermetallic,tetragonal,2,0.0015987206823936,0.23876814642599983,0.23716942574360622,0.3732859892941959
Ti3ZnN_63,Ti3ZnN,pnictide,orthorhombic,3,0.430217175269077,0.9755034907468263,0.5452863154777493,0.973501707293288
Ti5Sb3_62,Ti5Sb3,intermetallic,orthorhombic,2,0.0629559630163497,0.256569416415246,0.1936134533988963,0.39322684268072006
Ti5Se4_87,Ti5Se4,chalcogenide,tetragonal,2,0.2251028747092086,0.1718127024716498,-0.0532901722375588,0.2955862776309313
Ti5Si3_193,Ti5Si3,intermetallic,hexagonal,2,0.0318807430834372,0.1510031973347795,0.1191224542513423,0.26806816848347287
Ti5Si4_92,Ti5Si4,intermetallic,tetragonal,2,0.0318807430834372,0.14027724891065704,0.10839650582721985,0.2537435902691991
Ti5Sn3_193,Ti5Sn3,intermetallic,hexagonal,2,0.0431417331380903,0.3336980025075253,0.290556269369435,0.47167070343009254
Ti6Al16Ni7_225,Ti6Al16Ni7,intermetallic,cubic,3,0.0336459494865304,0.9296272101053751,0.8959812606188446,0.9345198044073225
Ti6Si2B_189,Ti6Si2B,boride/carbide,hexagonal,3,0.0605869371865241,0.14238250158594504,0.08179556439942093,0.2565499182932294
Ti6Sn5_194,Ti6Sn5,intermetallic,hexagonal,2,0.0431417331380903,0.3370406631382155,0.29389893000012524,0.4745861727586901
Ti8C5_166,Ti8C5,boride/carbide,trigonal,2,0.2251028747092086,0.26778025501841685,0.04267738030920826,0.40396248474542024
TiAl2_65,TiAl2,intermetallic,orthorhombic,2,0.0012242499937837,0.16160359944468813,0.16037934945090443,0.2812397102444809
TiAl3_139,TiAl3,intermetallic,tetragonal,2,0.0012242499937837,0.15519110099179595,0.15396685099801224,0.2730410372792405
TiAlAu_194,TiAlAu,intermetallic,hexagonal,3,0.2211992169285951,0.7491413052481014,0.5279420883195063,0.801783771312272
TiAlCo2_225,TiAlCo2,intermetallic,cubic,3,0.0284863890297042,0.8246120875451425,0.7961256985154382,0.8553139546927806
TiAlCu2_225,TiAlCu2,intermetallic,cubic,3,0.0318807430834372,0.9844995732867629,0.9526188302033256,0.9819281474965112
TiAlFe2_225,TiAlFe2,intermetallic,cubic,3,0.0208055155986512,0.7066039744320246,0.6857984588333734,0.7698543187487621
TiAlFeCo_216,TiAlFeCo,intermetallic,cubic,4,0.0284863890297042,0.7707303650425544,0.7422439760128502,0.8162286542404623
TiAlNi2_225,TiAlNi2,intermetallic,cubic,3,0.0336459494865304,0.9449107593536376,0.9112648098671071,0.9467873114996427
TiAlPd2_225,TiAlPd2,intermetallic,cubic,3,0.1031799049762132,0.7745726194989901,0.6713927145227769,0.8196500634685404
TiAlPt_194,TiAlPt,intermetallic,hexagonal,3,0.1279425724852808,0.5775853552596464,0.4496427827743656,0.6749211637858819
TiAlRu2_225,TiAlRu2,intermetallic,cubic,3,0.1031799049762132,0.37286566026347495,0.26968575528726174,0.5047250426502329
TiAl_123,TiAl,intermetallic,tetragonal,2,0.0012242499937837,0.17570304034587686,0.17447879035209315,0.29905118310092055
TiAsRh_62,TiAsRh,pnictide,orthorhombic,3,0.1279425724852808,0.5919059577388767,0.4639633852535959,0.6858472305258244
TiAs_194,TiAs,pnictide,hexagonal,2,0.0973315879190579,0.17242971815966163,0.07509813024060373,0.29609983159309117
TiAu4_87,TiAu4,intermetallic,tetragonal,2,0.2211992169285951,0.6398178958553506,0.4186186789267555,0.7222037215888666
TiAu_221,TiAu,intermetallic,cubic,2,0.2211992169285951,0.8054960287840626,0.5842968118554674,0.8431090434370558
TiB2_191,TiB2,boride/carbide,hexagonal,2,0.0605869371865241,0.06853343943060161,0.00794650224407751,0.14631832564172167
TiB_62,TiB,boride/carbide,orthorhombic,2,0.0605869371865241,0.08199188765898953,0.021404950472465427,0.16844867509462866
TiBe12_191,TiBe12,intermetallic,hexagonal,2,0.0002249746893983,0.08852946816053378,0.08830449347113548,0.17831103844336893
TiBe2Ir_225,TiBe2Ir,intermetallic,cubic,3,0.1031799049762132,0.26332880115267054,0.16014889617645733,0.39699396410956894
TiBe2_227,TiBe2,intermetallic,cubic,2,0.0002249746893983,0.0936272316188567,0.09340225692945839,0.186197986628928
TiBeCo2_225,TiBeCo2,intermetallic,cubic,3,0.0284863890297042,0.7832593112141861,0.7547729221844819,0.8251266340327863
TiBeIr2_225,TiBeIr2,intermetallic,cubic,3,0.1031799049762132,0.33560658835105006,0.23242668337483685,0.46968317818326544
TiBeRh2_225,TiBeRh2,intermetallic,cubic,3,0.1279425724852808,0.4986056969568879,0.3706631244716071,0.6117876905306957
TiBe_221,TiBe,intermetallic,cubic,2,0.0002249746893983,0.10419844768460686,0.10397347299520855,0.20217591108524255
TiC_225,TiC,boride/carbide,cubic,2,0.2251028747092086,0.13040219331426184,-0.09470068139494675,0.23943924285339266
TiCdHg2_123,TiCdHg2,intermetallic,tetragonal,3,0.0515251447743955,0.9314932615235839,0.8799681167491884,0.9368536112877948
TiCdO3_148,TiCdO3,oxide,trigonal,3,0.5944454949366794,0.6523358155061294,0.05789032056944998,0.7303942297861649
TiCo2Ge_225,TiCo2Ge,intermetallic,cubic,3,0.053727787248697,0.8044864555552708,0.7507586683065738,0.8406469937567107
TiCo2Si_225,TiCo2Si,intermetallic,cubic,3,0.0318807430834372,0.7950569802775778,0.7631762371941405,0.8337765143532622
TiCo2Sn_225,TiCo2Sn,intermetallic,cubic,3,0.0431417331380903,0.8642808594248524,0.8211391262867621,0.88467376548486
TiCo2_227,TiCo2,intermetallic,cubic,2,0.0284863890297042,0.8529890407874147,0.8245026517577104,0.8762147674326248
TiCo3_221,TiCo3,intermetallic,cubic,2,0.0284863890297042,0.7000501291581542,0.67156374012845,0.7650911349607209
TiCoGe_189,TiCoGe,intermetallic,hexagonal,3,0.053727787248697,0.8594140500005469,0.80568626275185,0.8811240685325812
TiCoSb_216,TiCoSb,intermetallic,cubic,3,0.0629559630163497,0.8739172391314427,0.810961276115093,0.8921591769211199
TiCoSi_189,TiCoSi,intermetallic,hexagonal,3,0.0318807430834372,0.8443300200055942,0.812449276922157,0.8698995976024309
TiCoSi_62,TiCoSi,intermetallic,orthorhombic,3,0.0318807430834372,0.8302438082883138,0.7983630652048765,0.8596236449975436
TiCo_221,TiCo,intermetallic,cubic,2,0.0284863890297042,0.8258433412795029,0.7973569522497986,0.8566551894849946
TiCr2_194,TiCr2,intermetallic,hexagonal,2,0.0035935277690065,0.36514570291834003,0.3615521751493335,0.4984913833269748
TiCr2_227,TiCr2,intermetallic,cubic,2,0.0035935277690065,0.36857201325111466,0.36497848548210815,0.501670986415379
TiCrP_189,TiCrP,pnictide,hexagonal,3,0.1002380044323459,0.2621742294766119,0.161936225044266,0.39651884731381315
TiCu2Te3_12,TiCu2Te3,chalcogenide,monoclinic,3,0.0754054852397893,0.996056342958711,0.9206508577189217,0.9944083671554466
TiCu3_59,TiCu3,intermetallic,orthorhombic,2,0.0318807430834372,0.9615532273123151,0.9296724842288778,0.9609135715022779
TiCu4_62,TiCu4,intermetallic,orthorhombic,2,0.0318807430834372,0.943995344668936,0.9121146015854987,0.9460813376740762
TiCuSn_186,TiCuSn,intermetallic,hexagonal,3,0.0431417331380903,0.988352032264189,0.9452102991260987,0.9858946973974129
TiCu_129,TiCu,intermetallic,tetragonal,2,0.0318807430834372,0.9954770149294382,0.9635962718460009,0.9936680734429724
TiCu_221,TiCu,intermetallic,tetragonal,2,0.0318807430834372,0.9880861945013649,0.9562054514179277,0.9856395440246217
TiF3_221,TiF3,halide,trigonal,2,0.7742664595807831,0.6826501046929979,-0.09161635488778519,0.752682443127421
TiFe2Ge_225,TiFe2Ge,intermetallic,cubic,3,0.053727787248697,0.667124933026311,0.6133971457776141,0.7408029259341845
TiFe2Si_225,TiFe2Si,intermetallic,trigonal,3,0.0318807430834372,0.6476454159042433,0.615764672820806,0.7263147795985523
TiFe2Sn_225,TiFe2Sn,intermetallic,cubic,3,0.0431417331380903,0.7608157389671885,0.7176740058290981,0.8094397165819894
TiFe2_194,TiFe2,intermetallic,hexagonal,2,0.0208055155986512,0.76908503535088,0.7482795197522288,0.8155778682895165
TiFeSb_216,TiFeSb,intermetallic,cubic,3,0.0629559630163497,0.8083058909670411,0.7453499279506914,0.8444294038805185
TiFeSi_46,TiFeSi,intermetallic,orthorhombic,3,0.0318807430834372,0.7288454697565998,0.6969647266731626,0.7862620565247945
TiFeTe_216,TiFeTe,chalcogenide,cubic,3,0.0754054852397893,0.7807704934798048,0.7053650082400155,0.8244472019336795
TiFe_221,TiFe,intermetallic,cubic,2,0.0208055155986512,0.6909902051647313,0.6701846895660801,0.7589779043279649
TiGa2_141,TiGa2,intermetallic,triclinic,2,0.0180599290148932,0.1583077821365079,0.1402478531216147,0.2770778981499659
TiGa3_139,TiGa3,intermetallic,tetragonal,2,0.0180599290148932,0.14981151851068053,0.13175158949578733,0.26604262723101757
TiGaCo2_225,TiGaCo2,intermetallic,cubic,3,0.0284863890297042,0.8158736487533234,0.7873872597236191,0.8488992247064001
TiGaFe2_225,TiGaFe2,intermetallic,monoclinic,3,0.0208055155986512,0.6914430635271559,0.6706375479285047,0.7586892685425358
TiGaFeCo_216,TiGaFeCo,intermetallic,cubic,4,0.0284863890297042,0.7608337250771524,0.7323473360474482,0.8090184241416309
TiGaNi2_225,TiGaNi2,intermetallic,cubic,3,0.0336459494865304,0.943500118137582,0.9098541686510515,0.9456185034774678
TiGaNi_189,TiGaNi,intermetallic,hexagonal,3,0.0336459494865304,0.9451071379942227,0.9114611885076923,0.9470569303100494
TiGaPd2_225,TiGaPd2,intermetallic,cubic,3,0.1031799049762132,0.7689518165938671,0.6657719116176539,0.8155684299958436
TiGaPd_194,TiGaPd,intermetallic,hexagonal,3,0.1031799049762132,0.7401279571876163,0.636948052211403,0.7948075958677251
TiGaPt_194,TiGaPt,intermetallic,trigonal,3,0.1279425724852808,0.5523984049375421,0.4244558324522613,0.6552848356534963
TiGaRu2_225,TiGaRu2,intermetallic,cubic,3,0.1031799049762132,0.36852236276222367,0.26534245778601045,0.5007455008880669
TiGa_123,TiGa,intermetallic,tetragonal,2,0.0180599290148932,0.16837868726152838,0.15031875824663518,0.28991555895722
TiGePd_62,TiGePd,intermetallic,orthorhombic,3,0.1031799049762132,0.7865935392288753,0.6834136342526621,0.8285120455492136
TiGePt_216,TiGePt,intermetallic,cubic,3,0.1279425724852808,0.6028782336729488,0.474935661187668,0.6946440760390039
TiGeRu2_225,TiGeRu2,intermetallic,monoclinic,3,0.1031799049762132,0.3406490028948643,0.23746909791865106,0.4747860694829815
TiH2_139,TiH2,hydride,tetragonal,2,0.1031799049762132,0.06863506154431263,-0.03454484343190056,0.1466574433338077
TiHg_123,TiHg,intermetallic,tetragonal,2,0.0515251447743955,0.917719151142454,0.8661940063680584,0.9260695172679224
TiI4_15,TiI4,halide,monoclinic,2,0.2691887057799962,0.6268589617496295,0.3576702559696333,0.7177432745486783
TiInCu2_225,TiInCu2,intermetallic,cubic,3,0.0318807430834372,0.987840640190211,0.9559598971067738,0.9853139836041096
TiInPd2_225,TiInPd2,intermetallic,triclinic,3,0.1031799049762132,0.8253581409437809,0.7221782359675677,0.856619352746433
TiIr3_221,TiIr3,intermetallic,cubic,2,0.1031799049762132,0.294064644539502,0.19088473956328877,0.42953692735421267
TiIr_123,TiIr,intermetallic,tetragonal,2,0.1031799049762132,0.3819660016368347,0.2787860966606215,0.51379968311084
TiMn2Al_225,TiMn2Al,intermetallic,cubic,3,0.0012242499937837,0.5841065465717725,0.5828822965779888,0.679584916941905
TiMn2V_225,TiMn2V,intermetallic,monoclinic,3,0.0020229510707605,0.44053967143547396,0.43851672036471345,0.5645757512399888
TiMn2W_225,TiMn2W,intermetallic,cubic,3,0.1547306964721814,0.45693843271822493,0.3022077362460435,0.5779847925456248
TiMn2_194,TiMn2,intermetallic,hexagonal,2,2.499968750258041e-05,0.556464084845276,0.5564390851577734,0.6581887674590479
TiMnCo2_225,TiMnCo2,intermetallic,cubic,3,0.0284863890297042,0.660104790710014,0.6316184016803098,0.7359955644591127
TiMnRh2_225,TiMnRh2,intermetallic,cubic,3,0.1279425724852808,0.47758028618644155,0.34963771370116076,0.5957596513653823
TiN_225,TiN,pnictide,cubic,2,0.430217175269077,0.2736381382377415,-0.15657903703133547,0.40805295845546735
TiNbB4_191,TiNbB4,boride/carbide,hexagonal,3,0.0605869371865241,0.519487884481754,0.4589009472952299,0.6282418424139522
TiNbRe2_225,TiNbRe2,intermetallic,cubic,3,0.0318807430834372,0.6360069246693912,0.604126181585954,0.7197211388579936
TiNbTc2_225,TiNbTc2,intermetallic,cubic,3,0.0318807430834372,0.6065721153921193,0.5746913723086821,0.6977577101534328
TiNi3_194,TiNi3,intermetallic,hexagonal,2,0.0336459494865304,0.8844269582056822,0.8507810087191517,0.8994947188478796
TiNiGe_62,TiNiGe,intermetallic,orthorhombic,3,0.053727787248697,0.9540752178540254,0.9003474306053284,0.9545535397551709
TiNiSb_216,TiNiSb,intermetallic,cubic,3,0.0629559630163497,0.9622030974643626,0.8992471344480129,0.961628279666229
TiO2_12,TiO2,oxide,monoclinic,2,0.5944454949366794,0.5225856233247864,-0.071859871611893,0.6314268611256921
TiO2_141,TiO2,oxide,tetragonal,2,0.5944454949366794,0.5103472211258323,-0.08409827381084711,0.621563476515339
TiOs_221,TiOs,intermetallic,cubic,2,0.1031799049762132,0.2843976398577972,0.181217734881584,0.4209519205896238
TiPRu_189,TiPRu,pnictide,hexagonal,3,0.1031799049762132,0.342608335136962,0.23942843016074877,0.4767719296650156
TiP_194,TiP,pnictide,hexagonal,2,0.1002380044323459,0.12319956829562038,0.022961563863274484,0.23060750642154146
TiPbO3_99,TiPbO3,oxide,tetragonal,3,0.5944454949366794,0.6832378978408931,0.08879240290421364,0.7530181007737176
TiPd3_221,TiPd3,intermetallic,cubic,2,0.1031799049762132,0.6795207259679311,0.5763408209917179,0.7509837405938641
TiPt3_164,TiPt3,intermetallic,trigonal,2,0.1279425724852808,0.457491464726056,0.3295488922407752,0.5786938867433279
TiPt3_221,TiPt3,intermetallic,cubic,2,0.1279425724852808,0.47155191452629336,0.34360934204101257,0.5905246350991451
TiPt8_139,TiPt8,intermetallic,tetragonal,2,0.1279425724852808,0.34034812849996593,0.21240555601468514,0.47481167042780625
TiRe2W_225,TiRe2W,intermetallic,cubic,3,0.1547306964721814,0.1940261112127629,0.039295414740581486,0.32192987264874007
TiRe_221,TiRe,intermetallic,cubic,2,0.0318807430834372,0.19827252365600642,0.16639178057256923,0.326936957188932
TiRh3_221,TiRh3,intermetallic,cubic,2,0.1279425724852808,0.4588645878112436,0.3309220153259628,0.579845150874726
TiRh_123,TiRh,intermetallic,tetragonal,2,0.1279425724852808,0.5919114014756298,0.463968828990349,0.6863224373937425
TiRu_221,TiRu,intermetallic,cubic,2,0.1031799049762132,0.38362040510789897,0.28044050013168575,0.5155991316576729
TiS_187,TiS,chalcogenide,hexagonal,2,0.2369257963986639,0.1567155174617907,-0.08021027893687321,0.2754975490260851
TiSb2_140,TiSb2,intermetallic,tetragonal,2,0.0629559630163497,0.3090944587972392,0.24613849578088948,0.4475551650902396
TiSbRu_216,TiSbRu,intermetallic,cubic,3,0.1031799049762132,0.5342698176673888,0.4310899126911756,0.6424644542754265
TiSb_194,TiSb,intermetallic,hexagonal,2,0.0629559630163497,0.2967931747537565,0.2338372117374068,0.43527909882383353
TiSi2_70,TiSi2,intermetallic,orthorhombic,2,0.0318807430834372,0.11195293963809792,0.08007219655466072,0.21386361611577642
TiSiCu_62,TiSiCu,intermetallic,orthorhombic,3,0.0318807430834372,0.9813475155967187,0.9494667725132815,0.978864917786608
TiSiNi_62,TiSiNi,intermetallic,orthorhombic,3,0.0336459494865304,0.9457589040784729,0.9121129545919424,0.9475607135874157
TiSiOs2_225,TiSiOs2,intermetallic,cubic,3,0.1031799049762132,0.232333918613485,0.1291540136372718,0.36435064440416354
TiSiRh_62,TiSiRh,intermetallic,orthorhombic,3,0.1279425724852808,0.5690081656262069,0.44106559314092614,0.6680605942698982
TiSiRu2_225,TiSiRu2,intermetallic,cubic,3,0.1031799049762132,0.31136893803228205,0.20818903305606884,0.44631272559652124
TiSiRu_46,TiSiRu,intermetallic,orthorhombic,3,0.1031799049762132,0.389546688420465,0.2863667834442518,0.5199983490003905
TiSiRu_62,TiSiRu,intermetallic,orthorhombic,3,0.1031799049762132,0.37638269838616917,0.27320279340995596,0.5082726753386415
TiSiTc2_225,TiSiTc2,intermetallic,cubic,3,0.0318807430834372,0.22696917379810075,0.19508843071466356,0.3585122493664845
TiSi_62,TiSi,intermetallic,orthorhombic,2,0.0318807430834372,0.12584744452961202,0.09396670144617483,0.23393709608775196
TiSnPd_216,TiSnPd,intermetallic,cubic,3,0.1031799049762132,0.8461750933151296,0.7429951883389164,0.8722212469500952
TiSnPt_216,TiSnPt,intermetallic,cubic,3,0.1279425724852808,0.7031395439768816,0.5751969714916008,0.7691181195114506
TiSnRu2_225,TiSnRu2,intermetallic,cubic,3,0.1031799049762132,0.43936448918983084,0.33618458421361763,0.5637347279803745
TiTc2Mo_225,TiTc2Mo,intermetallic,cubic,3,0.0916268257907321,0.2455039534902631,0.153877127699531,0.3801139694537419
TiTc2Sb_225,TiTc2Sb,intermetallic,cubic,3,0.0629559630163497,0.3231225309535579,0.2601665679372082,0.4591108477325066
TiTc2W_225,TiTc2W,intermetallic,cubic,3,0.1547306964721814,0.2663150974762682,0.11158440100408679,0.4023655832279633
TiTc_221,TiTc,intermetallic,cubic,2,0.0318807430834372,0.30237207817437123,0.27049133509093404,0.43951656898554486
TiTe2_164,TiTe2,chalcogenide,trigonal,2,0.0754054852397893,0.43368645413062873,0.35828096889083944,0.5631223677711833
TiTlPO5_33,TiTlPO5,oxide,orthorhombic,4,0.5944454949366794,0.7648824925423224,0.17043699760564301,0.8124153876927014
TiTlPS5_12,TiTlPS5,chalcogenide,triclinic,4,0.2369257963986639,0.5320716216975695,0.2951458252989056,0.6417232163669631
TiVRe2_225,TiVRe2,intermetallic,cubic,3,0.0318807430834372,0.16152168358564425,0.12964094050220706,0.2815012078855226
TiVTc2_225,TiVTc2,intermetallic,cubic,3,0.0318807430834372,0.20984418372119656,0.17796344063775937,0.3399202332717451
TiZn16_63,TiZn16,intermetallic,orthorhombic,2,0.0030204292974532,0.8533317127163419,0.8503112834188887,0.8771493533150639
TiZn2_194,TiZn2,intermetallic,hexagonal,2,0.0030204292974532,0.9967944742061685,0.9937740449087153,0.9952962333870599
TiZnAu2_225,TiZnAu2,intermetallic,cubic,3,0.2211992169285951,0.9642816756105261,0.743082458681931,0.9634450436856349
TiZnCo2_225,TiZnCo2,intermetallic,trigonal,3,0.0284863890297042,0.924798741265431,0.8963123522357268,0.9305482102342089
TiZnCu2_225,TiZnCu2,intermetallic,cubic,3,0.0318807430834372,0.9686948975084285,0.9368141544249913,0.9671755410362294
TiZnIr2_225,TiZnIr2,intermetallic,cubic,3,0.1031799049762132,0.9615206707063425,0.8583407657301293,0.9609069107048248
TiZnN2_33,TiZnN2,pnictide,orthorhombic,3,0.430217175269077,0.9644230416135109,0.5342058663444339,0.9634731529620773
TiZnNi2_225,TiZnNi2,intermetallic,cubic,3,0.0336459494865304,0.9441506412787094,0.910504691792179,0.9461717464030781
TiZnPd2_225,TiZnPd2,intermetallic,cubic,3,0.1031799049762132,0.9572341788967533,0.8540542739205401,0.9573272206208759
TiZnRh2_225,TiZnRh2,intermetallic,tetragonal,3,0.1279425724852808,0.9535661311100774,0.8256235586247966,0.954136728179686
TiZn_221,TiZn,intermetallic,cubic,2,0.0030204292974532,0.994887838727087,0.9918674094296338,0.993006742308521
Ti_191,Ti,elemental,hexagonal,1,0.0,0.12626515393405005,0.12626515393405005,0.23510608591720683
Ti_194,Ti,elemental,hexagonal,1,0.0,0.13458111985848487,0.13458111985848487,0.24679134692678623
Tl(CuS)2_139,Tl(CuS)2,chalcogenide,tetragonal,3,0.2057841473834533,0.9982500326280264,0.7924658852445731,0.9971800230046434
Tl(CuSe)2_139,Tl(CuSe)2,chalcogenide,tetragonal,3,0.1944459681757965,0.9988130553090869,0.8043670871332904,0.9979763118892483
Tl(CuTe)2_139,Tl(CuTe)2,chalcogenide,tetragonal,3,0.0559725170821643,0.9993776705354244,0.94340515345326,0.9988357659036528
Tl(MoSe)3_176,Tl(MoSe)3,chalcogenide,hexagonal,3,0.1944459681757965,0.6923439927171607,0.4978980245413642,0.7614992809489577
Tl2Au4S3_59,Tl2Au4S3,chalcogenide,orthorhombic,3,0.2057841473834533,0.9095346455456933,0.70375049816224,0.9193985700894752
Tl2CuF4_139,Tl2CuF4,halide,monoclinic,3,0.7515217593360958,0.9883963010422578,0.23687454170616207,0.9858659254312855
Tl2PdCl4_123,Tl2PdCl4,halide,tetragonal,3,0.4472779356966061,0.8749237298981074,0.4276457942015013,0.8935879576219877
Tl2PdSe2_55,Tl2PdSe2,chalcogenide,orthorhombic,3,0.1944459681757965,0.9027999045637551,0.7083539363879586,0.914452113301868
Tl2Pt2O7_227,Tl2Pt2O7,oxide,cubic,3,0.5631214324667777,0.7219407039532902,0.15881927148651254,0.7810531336392815
Tl2PtCl6_225,Tl2PtCl6,halide,cubic,3,0.4472779356966061,0.7342440858754756,0.2869661501788695,0.7916263291743084
Tl2SO4_62,Tl2SO4,oxide,orthorhombic,3,0.5631214324667777,0.8617868987198334,0.2986654662530557,0.8829346856314525
Tl2SnTe5_140,Tl2SnTe5,chalcogenide,tetragonal,3,0.0559725170821643,0.5363208318964898,0.4803483148143255,0.6475972290322605
Tl2TeCl6_225,Tl2TeCl6,halide,cubic,3,0.4472779356966061,0.5793582665536222,0.1320803308570161,0.6779812768197627
Tl2WCl6_225,Tl2WCl6,halide,cubic,3,0.4472779356966061,0.5634716392684648,0.11619370357185865,0.6655385500102613
Tl3BO3_176,Tl3BO3,oxide,hexagonal,3,0.5631214324667777,0.9339017660195551,0.3707803335527774,0.9382270437858825
Tl3SbSe3_198,Tl3SbSe3,chalcogenide,cubic,3,0.1944459681757965,0.5245537274136799,0.3301077592378834,0.637016268625279
Tl3VSe4_217,Tl3VSe4,chalcogenide,cubic,3,0.1944459681757965,0.6200243245038511,0.42557835632805463,0.7098221523912587
Tl5Se2I_140,Tl5Se2I,halide,tetragonal,3,0.2369257963986639,0.5548160237971489,0.317890227398485,0.6611674363153323
TlAsPd5_123,TlAsPd5,pnictide,tetragonal,3,0.0806606824334817,0.7572363248803904,0.6765756424469087,0.8072006596249346
TlAsS2_14,TlAsS2,chalcogenide,monoclinic,3,0.2057841473834533,0.49510903857405447,0.2893248911906012,0.6121852024630214
TlCdRh2_225,TlCdRh2,intermetallic,cubic,3,0.1031799049762131,0.8801205334916604,0.7769406285154473,0.8967599445746793
TlClO4_216,TlClO4,halide,cubic,3,0.5631214324667777,0.7889894070697829,0.22586797460300523,0.8299146279773478
TlF_57,TlF,halide,orthorhombic,2,0.7515217593360958,0.9665408992955093,0.21501913995941357,0.9653676359146707
TlI_225,TlI,halide,cubic,2,0.2369257963986639,0.6829949145938683,0.4460691181952044,0.7583253246051407
TlInSe2_140,TlInSe2,chalcogenide,tetragonal,3,0.1944459681757965,0.4580912511060356,0.2636452829302391,0.5825897215352711
TlNO3_62,TlNO3,oxide,orthorhombic,3,0.5631214324667777,0.8178320831204997,0.254710650653722,0.8506900610612119
TlPS3_71,TlPS3,chalcogenide,orthorhombic,3,0.2057841473834533,0.47545208534262184,0.26966793795916855,0.5958021830840687
TlPd2Se3_164,TlPd2Se3,chalcogenide,trigonal,3,0.1944459681757965,0.8949350275006328,0.7004890593248363,0.9083081492221827
TlPd3O4_225,TlPd3O4,oxide,cubic,3,0.5631214324667777,0.7355277435299209,0.1724063110631432,0.79136081137233
TlPt2S3_164,TlPt2S3,chalcogenide,trigonal,3,0.2057841473834533,0.7820590340444954,0.5762748866610421,0.8256666014778782
TlPt2Se3_164,TlPt2Se3,chalcogenide,trigonal,3,0.1944459681757965,0.7957365944844569,0.6012906263086604,0.8357823611912445
TlSbS2_2,TlSbS2,chalcogenide,triclinic,3,0.2057841473834533,0.5012581681948479,0.2954740208113946,0.6174741098097438
TlSbTe2_166,TlSbTe2,chalcogenide,trigonal,3,0.0559725170821643,0.5782249078287696,0.5222523907466052,0.6800921853915208
TlTe3Pt2_164,TlTe3Pt2,chalcogenide,trigonal,3,0.1031799049762131,0.8627676540018459,0.7595877490256328,0.8848375912680115
Tl_194,Tl,elemental,hexagonal,1,0.0,0.35236722362881895,0.35236722362881895,0.4913649593513593
Tm(BC)2_127,Tm(BC)2,boride/carbide,tetragonal,3,0.3445937456731593,0.9980730299738722,0.6534792843007129,0.9969225846848564
Tm(CoGe)2_139,Tm(CoGe)2,intermetallic,tetragonal,3,0.1344585377782339,0.9986745258267367,0.8642159880485027,0.9977683441943104
Tm(CuGe)2_139,Tm(CuGe)2,intermetallic,tetragonal,3,0.1344585377782339,0.9991463186390406,0.8646877808608067,0.9984661387175947
Tm(CuSi)2_139,Tm(CuSi)2,intermetallic,tetragonal,3,0.1002380044323459,0.9989363195142483,0.8986983150819025,0.9981477367894163
Tm(CuTe)3_58,Tm(CuTe)3,chalcogenide,orthorhombic,3,0.1652516693661287,0.9994853296125846,0.834233660246456,0.9990082151935117
Tm(NiGe)2_139,Tm(NiGe)2,intermetallic,tetragonal,3,0.1344585377782339,0.9988596397502763,0.8644011019720423,0.9980368554983069
Tm(SiRh)2_139,Tm(SiRh)2,intermetallic,tetragonal,3,0.2329666519444445,0.9989355932585723,0.7659689413141277,0.9981490265569944
Tm(SiRu)2_139,Tm(SiRu)2,intermetallic,tetragonal,3,0.2019826979496353,0.999161568784566,0.7971788708349307,0.9984895242848433
Tm2AgHg_225,Tm2AgHg,intermetallic,cubic,3,0.1311849437371568,0.9991190112337455,0.8679340674965886,0.99844333379275
Tm2AgRu_225,Tm2AgRu,intermetallic,cubic,3,0.2019826979496353,0.9995317680274531,0.7975490700778178,0.999086802169011
Tm2CdS4_227,Tm2CdS4,chalcogenide,cubic,3,0.3573949669440663,0.9998460392263355,0.6424510722822692,0.9996449035873657
Tm2Cr2C3_12,Tm2Cr2C3,boride/carbide,monoclinic,3,0.3445937456731593,0.9993427281964447,0.6547489825232853,0.9987709453091258
Tm2Fe2Si2C_12,Tm2Fe2Si2C,boride/carbide,monoclinic,4,0.3445937456731593,0.999484211812387,0.6548904661392276,0.9989999130884413
Tm2MgAl_225,Tm2MgAl,intermetallic,cubic,3,0.0318807430834372,0.999982906171259,0.9681021630878217,0.9999451596466076
Tm2MgGe2_127,Tm2MgGe2,intermetallic,tetragonal,3,0.1344585377782339,0.9999760179878191,0.8655174802095852,0.9999268605372497
Tm2O3_206,Tm2O3,oxide,cubic,2,0.6985119805232709,0.9954362815146578,0.2969243009913869,0.9936050804714015
Tm2SO2_164,Tm2SO2,oxide,trigonal,3,0.6985119805232709,0.9993492923662721,0.3008373118430012,0.9987817771683313
Tm2SeO2_164,Tm2SeO2,oxide,monoclinic,3,0.6985119805232709,0.9996098959618508,0.3010979154385799,0.9992124587496363
Tm2TlAg_225,Tm2TlAg,intermetallic,cubic,3,0.1091685153656911,0.9999167145169837,0.8907481991512927,0.9997895319327175
Tm2TlCd_225,Tm2TlCd,intermetallic,cubic,3,0.047247390196789,0.9999156775538007,0.9526682873570117,0.9997875618994252
Tm3(CuSn)4_12,Tm3(CuSn)4,intermetallic,monoclinic,3,0.1184071933122512,0.9997081551360905,0.8813009618238392,0.9993856994655089
TmAgPb_189,TmAgPb,intermetallic,hexagonal,3,0.2529326968628044,0.9998483596339268,0.7469156627711224,0.9996488534499516
TmAgSn_186,TmAgSn,intermetallic,hexagonal,3,0.1184071933122512,0.9998575602643863,0.8814503669521351,0.9996672387094936
TmAlB4_55,TmAlB4,boride/carbide,orthorhombic,3,0.1444621983413808,0.9985975158616703,0.8541353175202895,0.9976497254986715
TmAlCu_189,TmAlCu,intermetallic,hexagonal,3,0.1002380044323459,0.9998301011160432,0.8995920966836973,0.9996117171768448
TmAu2_139,TmAu2,intermetallic,monoclinic,2,0.3403362213162247,0.9988504822951958,0.6585142609789711,0.998033501400933
TmAu_63,TmAu,intermetallic,orthorhombic,2,0.3403362213162247,0.9993194099033211,0.6589831885870965,0.9987451480743832
TmB2Ru3_191,TmB2Ru3,boride/carbide,hexagonal,3,0.2019826979496353,0.9979682526604144,0.7959855547107791,0.9967882951326252
TmBi2BrO4_123,TmBi2BrO4,halide,tetragonal,4,0.6985119805232709,0.9998659658763374,0.30135398535306646,0.9996829799682203
TmBi2IO4_123,TmBi2IO4,halide,tetragonal,4,0.6985119805232709,0.9999320179749814,0.30142003745171053,0.9998223917177022
TmBi_225,TmBi,intermetallic,cubic,2,0.137762910230166,0.9999859667271157,0.8622230564969497,0.9999539117741233
TmCdRh2_225,TmCdRh2,intermetallic,cubic,3,0.2329666519444445,0.9971789941279621,0.7642123421835176,0.9957760562606037
TmCo3B2_191,TmCo3B2,boride/carbide,hexagonal,3,0.1444621983413808,0.9941155461979283,0.8496533478565476,0.9920470262375507
TmCoC2_38,TmCoC2,boride/carbide,orthorhombic,3,0.3445937456731593,0.9973405053614866,0.6527467596883272,0.995956379640277
TmCoC_131,TmCoC,boride/carbide,tetragonal,3,0.3445937456731593,0.9985656352158697,0.6539718895427105,0.9976173749260749
TmCuPb_186,TmCuPb,intermetallic,hexagonal,3,0.2529326968628044,0.9997998668548158,0.7468671699920114,0.9995547525565353
TmCu_221,TmCu,intermetallic,cubic,2,0.1002380044323459,0.9821424663033432,0.8819044618709974,0.9798694328075812
TmGa2Ni_63,TmGa2Ni,intermetallic,monoclinic,3,0.1031799049762132,0.9997237351857055,0.8965438302094922,0.9994121055425643
TmGa2Pd_63,TmGa2Pd,intermetallic,orthorhombic,3,0.2019826979496353,0.9997551260467635,0.7977724280971282,0.9994700685008838
TmGa2_74,TmGa2,intermetallic,orthorhombic,2,0.0754054852397893,0.999961089473232,0.9245556042334427,0.9998893457281863
TmGa5Co_123,TmGa5Co,intermetallic,tetragonal,3,0.0944610611608638,0.9991660123439973,0.9047049511831334,0.9984948894443311
TmGaRh2_225,TmGaRh2,intermetallic,cubic,3,0.2329666519444445,0.999403078451858,0.7664364265074135,0.9988680026781964
TmI3_194,TmI3,halide,hexagonal,2,0.3916622248233103,0.999990743672067,0.6083285188487566,0.9999679858055184
TmLuCo2_225,TmLuCo2,intermetallic,cubic,3,0.0944610611608638,0.9989038492380007,0.9044427880771368,0.9981133296068551
TmMgRh2_225,TmMgRh2,intermetallic,cubic,3,0.2329666519444445,0.999721559578184,0.7667549076337394,0.9994124919660099
TmMg_221,TmMg,intermetallic,cubic,2,0.0008995951214726,0.9999874508769468,0.9990878557554742,0.9999578566277555
TmNbRu2_225,TmNbRu2,intermetallic,trigonal,3,0.2019826979496353,0.9987979837755451,0.7968152858259098,0.9979541260288209
TmNi2B2C_139,TmNi2B2C,boride/carbide,tetragonal,4,0.3445937456731593,0.9955276731806727,0.6509339275075134,0.9937072864115873
TmNiBi_216,TmNiBi,intermetallic,cubic,3,0.137762910230166,0.9997944438800235,0.8620315336498574,0.9995447118540169
TmNiC2_38,TmNiC2,boride/carbide,orthorhombic,3,0.3445937456731593,0.9972358672366807,0.6526421215635214,0.9958221447879735
TmNiGe_62,TmNiGe,intermetallic,orthorhombic,3,0.1344585377782339,0.9995947015577217,0.8651361637794878,0.9991863975903835
TmPb3_221,TmPb3,intermetallic,cubic,2,0.2529326968628044,0.9999599486075798,0.7470272517447754,0.9998873447818362
TmPd3_221,TmPd3,intermetallic,cubic,2,0.2019826979496353,0.9960476391263442,0.7940649411767089,0.9943614031894719
TmPd_221,TmPd,intermetallic,cubic,2,0.2019826979496353,0.9991655608093818,0.7971828628597465,0.9985075784827341
TmPt3_221,TmPt3,intermetallic,cubic,2,0.2329666519444445,0.9980775049098783,0.7651108529654338,0.9969410785637801
TmRh3C_221,TmRh3C,boride/carbide,cubic,3,0.3445937456731593,0.9965766709877341,0.6519829253145748,0.9950019252606275
TmRh_221,TmRh,intermetallic,cubic,2,0.2329666519444445,0.9994946706555271,0.7665280187110826,0.9990230572389169
TmSbPt_216,TmSbPt,intermetallic,cubic,3,0.2329666519444445,0.9998828769255238,0.7669162249810793,0.9997182893485852
TmSb_225,TmSb,intermetallic,cubic,2,0.1478562110337886,0.9999811310710598,0.8521249200372711,0.9999405580967482
TmSnRh_189,TmSnRh,intermetallic,hexagonal,3,0.2329666519444445,0.9999062686253352,0.7669396166808906,0.999766553695232
TmSnRu2_225,TmSnRu2,intermetallic,cubic,3,0.2019826979496353,0.999641402147113,0.7976587041974776,0.9992674179176112
TmTaRu2_225,TmTaRu2,intermetallic,cubic,3,0.2019826979496353,0.9996411133632379,0.7976584154136026,0.9992686116202646
TmZnRh2_225,TmZnRh2,intermetallic,cubic,3,0.2329666519444445,0.996483005499127,0.7635163535546825,0.9948929566764453
TmZn_221,TmZn,intermetallic,cubic,2,0.0392105608476768,0.9728604565769351,0.9336498957292583,0.9713689018695639
Tm_194,Tm,elemental,hexagonal,1,0.0,0.440421044386716,0.440421044386716,0.5705760661394792
U(ClO)2_62,U(ClO)2,halide,orthorhombic,3,0.6538558596267213,0.6816297275889509,0.02777386796222958,0.7531082722395204
U(FeB3)2_71,U(FeB3)2,boride/carbide,orthorhombic,3,0.1031799049762132,0.4860216356428286,0.38284173066661537,0.6013147442798864
U(FeSi)2_139,U(FeSi)2,intermetallic,tetragonal,3,0.0653657474825513,0.7473255230511884,0.6819597755686371,0.800020967457077
U(SiNi)2_139,U(SiNi)2,intermetallic,tetragonal,3,0.067815945104082,0.9429567279099793,0.8751407828058974,0.9453870114167912
U(SiPd)2_139,U(SiPd)2,intermetallic,tetragonal,3,0.1547306964721815,0.7943562229233789,0.6396255264511974,0.8342597363148628
U(SiRh)2_139,U(SiRh)2,intermetallic,tetragonal,3,0.1833135174018891,0.6624620402598793,0.47914852285799026,0.7386899141386482
U(SiRu)2_139,U(SiRu)2,intermetallic,tetragonal,3,0.1547306964721815,0.5777360752910662,0.42300537881888467,0.6753356806657658
U2BiN2_139,U2BiN2,pnictide,tetragonal,3,0.4978718936931532,0.888254835252102,0.3903829415589488,0.9032433578151259
U2C3_220,U2C3,boride/carbide,cubic,2,0.2898116056575418,0.2844050694307291,-0.005406536226812753,0.4198359338198087
U2F9_217,U2F9,halide,triclinic,2,0.8154804760070108,0.167196387614758,-0.6482840883922528,0.2873743325206885
U2IrC2_139,U2IrC2,boride/carbide,tetragonal,3,0.2898116056575418,0.30597100453312004,0.016159398875578213,0.442036524273257
U2PN2_164,U2PN2,pnictide,trigonal,3,0.4978718936931532,0.6100398869415778,0.11216799324842464,0.6996295692516633
U2SN2_164,U2SN2,chalcogenide,trigonal,3,0.4978718936931532,0.5602894232206982,0.06241752952754498,0.6618810381597807
U2Se3_62,U2Se3,chalcogenide,orthorhombic,2,0.2898116056575418,0.8148970043425434,0.5250853986850016,0.8503359955342706
U2SeN2_164,U2SeN2,chalcogenide,trigonal,3,0.4978718936931532,0.711151559090469,0.2132796653973158,0.7744984264263577
U2Ti_191,U2Ti,intermetallic,hexagonal,2,0.006379563620851,0.810334168091764,0.8039546044709129,0.8464824501681651
U3(SiC)2_139,U3(SiC)2,boride/carbide,tetragonal,3,0.2898116056575418,0.6495117880192134,0.35970018236167156,0.7289750833215933
U3As4_220,U3As4,pnictide,triclinic,2,0.1478562110337887,0.8141958408747799,0.6663396298409912,0.8495014311877952
UAs2Pd_129,UAs2Pd,pnictide,tetragonal,3,0.1547306964721815,0.9492071530407076,0.7944764565685261,0.9507871188561612
UAsS_129,UAsS,chalcogenide,tetragonal,3,0.302323673928969,0.7792936662641003,0.4769699923351314,0.8241138680109998
UAsSe_129,UAsSe,chalcogenide,tetragonal,3,0.2898116056575418,0.806676826440371,0.5168652207828291,0.8440977644872055
UB12_225,UB12,boride/carbide,cubic,2,0.1031799049762132,0.20105962673524455,0.09787972175903135,0.3281442035638322
UB2_191,UB2,boride/carbide,hexagonal,2,0.1031799049762132,0.4725539122622666,0.3693740072860534,0.5905958408079203
UBr3_176,UBr3,halide,monoclinic,2,0.4642566193494153,0.8620930247702473,0.397836405420832,0.8850322462342196
UBrN_129,UBrN,halide,tetragonal,3,0.4978718936931532,0.967881304959797,0.47000941126664375,0.966755052243753
UF6_62,UF6,halide,orthorhombic,2,0.8154804760070108,0.12097442979888952,-0.6945060462081213,0.2264953513756613
UFe3B2_191,UFe3B2,boride/carbide,hexagonal,3,0.1031799049762132,0.49289577658077394,0.3897158716045607,0.6070988004267325
UGa5Co_123,UGa5Co,intermetallic,tetragonal,3,0.0605869371865241,0.8445479431185506,0.7839610059320266,0.8705194028622473
UGeTe_139,UGeTe,chalcogenide,tetragonal,3,0.1215532606500687,0.861540322957826,0.7399870623077573,0.8839379933402881
UMn2_74,UMn2,intermetallic,orthorhombic,2,0.0071989624323788,0.1313730548892998,0.12417409245692099,0.24161999481117535
UMoC2_62,UMoC2,boride/carbide,orthorhombic,3,0.2898116056575418,0.36907003522110826,0.07925842956356643,0.5011581514215503
UN2_225,UN2,pnictide,cubic,2,0.4978718936931532,0.11636428870634546,-0.38150760498680775,0.21981442651265537
UN_225,UN,pnictide,cubic,2,0.4978718936931532,0.15069794773773693,-0.3471739459554163,0.2672088441277903
UNi5_216,UNi5,intermetallic,cubic,2,0.067815945104082,0.3995505003302058,0.3317345552261238,0.5281897375597737
UNiAs2_129,UNiAs2,pnictide,tetragonal,3,0.1478562110337887,0.9906410441449263,0.8427848331111376,0.9883003722711117
UO2_225,UO2,oxide,cubic,2,0.6538558596267213,0.10471315167784226,-0.5491427079488791,0.20309615162761363
UO3_221,UO3,oxide,cubic,2,0.6538558596267213,0.08470897935461123,-0.5691468802721101,0.173029103283076
UP_225,UP,pnictide,cubic,2,0.1512791964051106,0.771280588483762,0.6200013920786515,0.8186676374831477
UReB3_194,UReB3,boride/carbide,hexagonal,3,0.1031799049762132,0.3337121468337827,0.2305322418575695,0.4678292305601432
UReB4_65,UReB4,boride/carbide,orthorhombic,3,0.1031799049762132,0.30783505061478517,0.20465514563857196,0.4426469717609597
USb2Ru_129,USb2Ru,intermetallic,tetragonal,3,0.1547306964721815,0.9330053798094637,0.7782746833372822,0.9378870577361909
USbRh_216,USbRh,intermetallic,cubic,3,0.1833135174018891,0.8372705307508476,0.6539570133489585,0.866010788152993
USbTe_129,USbTe,chalcogenide,tetragonal,3,0.1215532606500687,0.9192770104074897,0.797723749757421,0.9275386323705956
USeO_129,USeO,oxide,tetragonal,3,0.6538558596267213,0.9156565158868979,0.26180065626017657,0.9239390929893515
USi3_221,USi3,intermetallic,cubic,2,0.0653657474825513,0.6274958039656983,0.562130056483147,0.712244720945469
UTeAs_139,UTeAs,chalcogenide,tetragonal,3,0.1478562110337887,0.8763761528107448,0.7285199417769561,0.8950606439252207
UTlO3_221,UTlO3,oxide,cubic,3,0.6538558596267213,0.8123885217415826,0.15853266211486128,0.8467452382279742
U_63,U,elemental,orthorhombic,1,0.0,0.14709964446153098,0.14709964446153098,0.26377674193322814
V(CrC)2_63,V(CrC)2,boride/carbide,orthorhombic,3,0.1907116518286679,0.10704636509289393,-0.08366528673577396,0.20626517426970065
V2AsC_194,V2AsC,pnictide,hexagonal,3,0.1907116518286679,0.2299618591271529,0.039250207298484996,0.3618096063812199
V2B3_63,V2B3,boride/carbide,orthorhombic,2,0.0411541908723854,0.08983038941277213,0.04867619854038673,0.18035991314662686
V2C_60,V2C,boride/carbide,orthorhombic,2,0.1907116518286679,0.11468017523347092,-0.07603147659519698,0.2179163746070827
V2CrFe_225,V2CrFe,intermetallic,cubic,3,0.009950166250832,0.36512683907831195,0.35517667282747994,0.4969382960452287
V2CrOs_225,V2CrOs,intermetallic,cubic,3,0.0780137787946898,0.14102298520800563,0.06300920641331582,0.254210900894162
V2Ga5_127,V2Ga5,intermetallic,tetragonal,2,0.0080672833944288,0.24858034065188514,0.24051305725745634,0.3822766915802043
V2GeC_194,V2GeC,boride/carbide,hexagonal,3,0.1907116518286679,0.3298146213278243,0.1391029694991564,0.4644401855111401
V2H_141,V2H,hydride,tetragonal,2,0.0780137787946898,0.11124296532031995,0.033229186525630144,0.2126972767571797
V2MoOs_225,V2MoOs,intermetallic,cubic,3,0.0780137787946898,0.14619046699158786,0.06817668819689805,0.2613262363265444
V2N_162,V2N,pnictide,trigonal,2,0.3916622248233103,0.23757824888141604,-0.15408397594189427,0.37026228750948365
V2PC_194,V2PC,pnictide,hexagonal,3,0.1907116518286679,0.17046347100541118,-0.020248180823256717,0.29172391716405444
V2P_62,V2P,pnictide,orthorhombic,2,0.0754054852397893,0.12808391260388696,0.05267842736409767,0.23647485507379096
V2ReOs_225,V2ReOs,intermetallic,cubic,3,0.0780137787946898,0.12696056869248315,0.048946789897793344,0.23528897645317276
V2ReRu_225,V2ReRu,intermetallic,cubic,3,0.0780137787946898,0.1780627982552769,0.1000490194605871,0.30160023418161164
V2TcOs_225,V2TcOs,intermetallic,cubic,3,0.0780137787946898,0.1251188444091882,0.047105065614498384,0.23270888856319205
V2TcRu_225,V2TcRu,intermetallic,cubic,3,0.0780137787946898,0.16659221910141903,0.08857844030672922,0.2873480409650135
V3As_223,V3As,pnictide,cubic,2,0.0728361721882469,0.1435324375623122,0.07069626537406531,0.2572844170595493
V3Au_221,V3Au,intermetallic,cubic,2,0.1870006752496122,0.4775449284688786,0.29054425321926636,0.5958533482123128
V3Au_223,V3Au,intermetallic,cubic,2,0.1870006752496122,0.4672125970952983,0.2802119218456861,0.5873573533701606
V3B2_127,V3B2,boride/carbide,tetragonal,2,0.0411541908723854,0.09265715120631751,0.05150296033393211,0.18475510508992513
V3B4_71,V3B4,boride/carbide,monoclinic,2,0.0411541908723854,0.08634274279823981,0.04518855192585441,0.17497022464509604
V3Co_223,V3Co,intermetallic,cubic,2,0.0155035629945915,0.591298075133588,0.5757945121389965,0.6845911752561077
V3Ga_223,V3Ga,intermetallic,cubic,2,0.0080672833944288,0.20226500688232757,0.19419772348789877,0.3303147025045765
V3Ge_223,V3Ge,intermetallic,tetragonal,2,0.0354561657231845,0.1742167728742057,0.1387606071510212,0.29659678081205093
V3Ir_223,V3Ir,intermetallic,cubic,2,0.0780137787946898,0.17889134343085797,0.10087756463616816,0.3024907746459536
V3Mo_225,V3Mo,intermetallic,cubic,2,0.067815945104082,0.1192296765158921,0.051413731411810104,0.22479180337872176
V3Ni_223,V3Ni,intermetallic,cubic,2,0.0194091687975715,0.8161174479707226,0.7967082791731511,0.8493052377805137
V3O5_13,V3O5,oxide,monoclinic,2,0.5591387152201337,0.3886008550525747,-0.170537860167559,0.5185163041081067
V3Os_225,V3Os,intermetallic,cubic,2,0.0780137787946898,0.12081216875683623,0.042798389962146424,0.22661387589750137
V3Pd_223,V3Pd,intermetallic,cubic,2,0.0780137787946898,0.5030569351003574,0.42504315630566764,0.6164181014365406
V3Pt_223,V3Pt,intermetallic,cubic,2,0.1002380044323459,0.3019071842539832,0.20166917982163732,0.4377431250385221
V3Re_225,V3Re,intermetallic,cubic,2,0.0180599290148932,0.09224669934271174,0.07418677032781854,0.1848860229851738
V3Rh_223,V3Rh,intermetallic,cubic,2,0.1002380044323459,0.31038223478857524,0.21014423035622934,0.44601784091363816
V3Ru_225,V3Ru,intermetallic,cubic,2,0.0780137787946898,0.16843198785910385,0.09041820906441404,0.2895367387703206
V3Sb_223,V3Sb,intermetallic,cubic,2,0.0431417331380903,0.2330480049759911,0.1899062718379008,0.36592520221329217
V3Se4_12,V3Se4,chalcogenide,monoclinic,2,0.1907116518286679,0.23414703312702856,0.043435381298360665,0.3680273877598629
V3Si_223,V3Si,intermetallic,cubic,2,0.0180599290148932,0.15749917220981782,0.13943924319492462,0.2753579830670638
V3Sn_223,V3Sn,intermetallic,cubic,2,0.0268577401186475,0.2720133716451457,0.24515563152649822,0.4078629232624666
V4Zn5_139,V4Zn5,intermetallic,tetragonal,2,9.999500016666384e-05,0.9947356765443108,0.9946356815441442,0.9927937954025193
V5B6_65,V5B6,boride/carbide,orthorhombic,2,0.0411541908723854,0.09229694999600548,0.051142759123620075,0.18416696041454225
V5Sb4_87,V5Sb4,intermetallic,tetragonal,2,0.0431417331380903,0.434273844391495,0.39113211125340475,0.5606551332098568
V5Si3_140,V5Si3,intermetallic,tetragonal,2,0.0180599290148932,0.1680371280145346,0.1499771989996414,0.2887375954854624
V5Si3_193,V5Si3,intermetallic,hexagonal,2,0.0180599290148932,0.16737754864948975,0.14931761963459655,0.2879989787420632
V6C5_151,V6C5,boride/carbide,trigonal,2,0.1907116518286679,0.09210172863502535,-0.09860992319364255,0.18423439471560274
VAs_62,VAs,pnictide,orthorhombic,2,0.0728361721882469,0.20429453934456618,0.13145836715631928,0.333284377038223
VAuS2_194,VAuS2,chalcogenide,hexagonal,3,0.2019826979496353,0.5659615831396423,0.363978885190007,0.6663559295895086
VB2_191,VB2,boride/carbide,hexagonal,2,0.0411541908723854,0.084324887479238,0.0431706966068526,0.17177797348305124
VB_63,VB,boride/carbide,orthorhombic,2,0.0411541908723854,0.08725492553462394,0.04610073466223854,0.17642258968618543
VC_225,VC,boride/carbide,cubic,2,0.1907116518286679,0.07300982857419987,-0.11770182325446803,0.1537770904443525
VCo2Si_225,VCo2Si,intermetallic,cubic,3,0.0180599290148932,0.7409719736874226,0.7229120446725295,0.7945757097602649
VCo2Sn_225,VCo2Sn,intermetallic,cubic,3,0.0268577401186475,0.823701254473349,0.7968435143547015,0.8548354296850017
VCoB3_63,VCoB3,boride/carbide,orthorhombic,3,0.0411541908723854,0.8332621616518049,0.7921079707794195,0.8614675300419491
VCoSb_216,VCoSb,intermetallic,cubic,3,0.0431417331380903,0.8452488440633875,0.8021071109252972,0.8709930241275087
VCoSi_62,VCoSi,intermetallic,orthorhombic,3,0.0180599290148932,0.7672009514556328,0.7491410224407397,0.813793620523756
VCu3S4_215,VCu3S4,chalcogenide,cubic,3,0.2019826979496353,0.9772271868475865,0.7752444888979512,0.9750803868068925
VCu3Se4_215,VCu3Se4,chalcogenide,cubic,3,0.1907116518286679,0.9868396235778638,0.7961279717491959,0.9843947953095654
VCuRh2_225,VCuRh2,intermetallic,cubic,3,0.1002380044323459,0.8622109852357996,0.7619729808034538,0.8830254845260224
VFe3_225,VFe3,intermetallic,tetragonal,2,0.009950166250832,0.4182670704792639,0.4083169042284319,0.5444708180876384
VFeSb_216,VFeSb,intermetallic,cubic,3,0.0431417331380903,0.7414482879912884,0.698306554853198,0.7959254017758616
VFe_221,VFe,intermetallic,cubic,2,0.009950166250832,0.4879194567707304,0.4779692905198984,0.6030485876959618
VGaCo2_225,VGaCo2,intermetallic,cubic,3,0.0155035629945915,0.7683530050235945,0.752849442029003,0.8144049861171024
VGaFe2_225,VGaFe2,intermetallic,cubic,3,0.009950166250832,0.6291588959532991,0.6192087297024671,0.7125814854403687
VGaRu2_225,VGaRu2,intermetallic,monoclinic,3,0.0780137787946898,0.3152742253974711,0.23726044660278128,0.4501698844646775
VGaTc2_225,VGaTc2,intermetallic,cubic,3,0.0180599290148932,0.24670271520010484,0.22864278618521164,0.3801892085589185
VGeRu2_225,VGeRu2,intermetallic,triclinic,3,0.0780137787946898,0.28890558948009437,0.21089181068540458,0.4239939523794738
VH2_225,VH2,hydride,cubic,2,0.0780137787946898,0.09574729489453519,0.017733516099845387,0.18945336487765557
VI2_164,VI2,halide,monoclinic,2,0.2329666519444447,0.6930690511149552,0.4601023991705105,0.7650307480628711
VI3_194,VI3,halide,hexagonal,2,0.2329666519444447,0.8240558984250325,0.5910892464805877,0.8592197316402396
VIr3_194,VIr3,intermetallic,hexagonal,2,0.0780137787946898,0.17159942948894727,0.09358565069425746,0.29318789581700194
VIr3_221,VIr3,intermetallic,cubic,2,0.0780137787946898,0.17864139917818972,0.10062762038349991,0.3019597525927944
VIr_123,VIr,intermetallic,tetragonal,2,0.0780137787946898,0.20046425573469653,0.12245047694000673,0.3282086021197976
VIr_65,VIr,intermetallic,orthorhombic,2,0.0780137787946898,0.19019075194355822,0.11217697314886842,0.31607921495193614
VN_187,VN,pnictide,hexagonal,2,0.3916622248233103,0.1646648808222466,-0.22699734400106372,0.28401400469355875
VNi2_71,VNi2,intermetallic,monoclinic,2,0.0194091687975715,0.8572876257326398,0.8378784569350683,0.8792313423302253
VNi3_139,VNi3,intermetallic,tetragonal,2,0.0194091687975715,0.7946881959388391,0.7752790271412676,0.8335227774144528
VOs_221,VOs,intermetallic,cubic,2,0.0780137787946898,0.1271001204398972,0.04908634164520741,0.23544239073279746
VP2_12,VP2,pnictide,monoclinic,2,0.0754054852397893,0.1544739117380567,0.0790684264982674,0.2717039459646156
VP_194,VP,pnictide,hexagonal,2,0.0754054852397893,0.15057017958300153,0.07516469434321224,0.26677797200411474
VPd2_71,VPd2,intermetallic,orthorhombic,2,0.0780137787946898,0.5611797056646454,0.4831659268699556,0.6619938095058915
VPd3_139,VPd3,intermetallic,tetragonal,2,0.0780137787946898,0.509456043533586,0.4314422647388962,0.6212912039661013
VPd3_221,VPd3,intermetallic,tetragonal,2,0.0780137787946898,0.5185222148965237,0.44050843610183393,0.6286029406050571
VPt2_71,VPt2,intermetallic,orthorhombic,2,0.1002380044323459,0.33957095417210076,0.23933294973975486,0.47400167780142427
VPt3_139,VPt3,intermetallic,tetragonal,2,0.1002380044323459,0.3085869613550364,0.20834895692269048,0.4440719287835303
VPt3_221,VPt3,intermetallic,cubic,2,0.1002380044323459,0.312560010566716,0.2123220061343701,0.4480354482236696
VPt_123,VPt,intermetallic,tetragonal,2,0.1002380044323459,0.356360133155645,0.2561221287232991,0.48973899374344415
VRh3_194,VRh3,intermetallic,hexagonal,2,0.1002380044323459,0.2850383398504941,0.1848003354181482,0.42009374053736015
VRh3_221,VRh3,intermetallic,cubic,2,0.1002380044323459,0.3039648542091675,0.20372684977682162,0.43933834728439464
VRh_123,VRh,intermetallic,tetragonal,2,0.1002380044323459,0.3558393049190158,0.25560130048666985,0.4892161903927827
VRu_221,VRu,intermetallic,tetragonal,2,0.0780137787946898,0.1873828848042321,0.10936910600954229,0.31284197884241904
VSb2_140,VSb2,intermetallic,tetragonal,2,0.0431417331380903,0.4094977052944352,0.3663559721563449,0.5398093768129805
VSbRu_216,VSbRu,intermetallic,cubic,3,0.0780137787946898,0.46370770623386587,0.3856939274391761,0.5849795127979445
VSe2_164,VSe2,chalcogenide,trigonal,2,0.1907116518286679,0.3234237517430048,0.1327120999143369,0.46081501423935106
VSi2_180,VSi2,intermetallic,hexagonal,2,0.0180599290148932,0.1613438326178397,0.1432839036029465,0.28009901205693327
VSi2_181,VSi2,intermetallic,hexagonal,2,0.0180599290148932,0.16133533306800898,0.14327540405311578,0.2800880632023465
VSiOs2_225,VSiOs2,intermetallic,cubic,3,0.0780137787946898,0.2031343492204978,0.125120570425808,0.33103309868799535
VSiRu2_225,VSiRu2,intermetallic,cubic,3,0.0780137787946898,0.26385910080361846,0.18584532200892867,0.39793026364959094
VSiTc2_225,VSiTc2,intermetallic,cubic,3,0.0180599290148932,0.19662536276080667,0.17856543374591347,0.3234419242352464
VSnRh2_139,VSnRh2,intermetallic,tetragonal,3,0.1002380044323459,0.5871632886695656,0.4869252842372197,0.6820034310416805
VTc2Ge_225,VTc2Ge,intermetallic,cubic,3,0.0354561657231845,0.2203910184205106,0.1849348526973261,0.3511452834743873
VTc_221,VTc,intermetallic,cubic,2,0.0180599290148932,0.1360725753636359,0.1180126463487427,0.24797608003180285
VZn2N3_36,VZn2N3,pnictide,orthorhombic,3,0.3916622248233103,0.9542996793342123,0.5626374545109021,0.9547510313015365
VZn3_221,VZn3,intermetallic,cubic,2,9.999500016666384e-05,0.9705624186620536,0.970462423661887,0.968906235551474
VZnRu2_225,VZnRu2,intermetallic,cubic,3,0.0780137787946898,0.9434571642060012,0.8654433854113114,0.9456834049119401
V_229,V,elemental,cubic,1,0.0,0.1033403469862492,0.1033403469862492,0.20190019686797184
W2C_162,W2C,boride/carbide,trigonal,2,0.0089843969268881,0.20448282919508137,0.19549843226819327,0.33354687698212293
W2C_58,W2C,boride/carbide,orthorhombic,2,0.0089843969268881,0.1988988013372088,0.1899144044103207,0.32696619027432094
W2C_60,W2C,boride/carbide,orthorhombic,2,0.0089843969268881,0.2017153620964981,0.19273096516961,0.3302927209465209
W2NCl8_2,W2NCl8,halide,triclinic,3,0.1478562110337887,0.3613796531570878,0.2135234421232991,0.4970006533541419
WC_187,WC,boride/carbide,hexagonal,2,0.0089843969268881,0.12286229637887004,0.11387789945198194,0.22891955480282963
WO3_221,WO3,oxide,cubic,2,0.2529326968628044,0.41271920189503253,0.15978650503222813,0.5401460991405218
WS2_194,WS2,chalcogenide,hexagonal,2,0.0120270893691617,0.151719863691694,0.1396927743225323,0.26912463282020865
W_229,W,elemental,cubic,1,0.0,0.15045108684886135,0.15045108684886135,0.2682377824164968
Y(Al2Cr)4_139,Y(Al2Cr)4,intermetallic,tetragonal,3,0.047247390196789,0.5877290841537517,0.5404816939569627,0.6823159523059199
Y(Al2Cu)4_139,Y(Al2Cu)4,intermetallic,tetragonal,3,0.1091685153656911,0.9884159618636325,0.8792474464979414,0.98589891076527
Y(Al2Fe)4_139,Y(Al2Fe)4,intermetallic,tetragonal,3,0.0888292792566213,0.8373197763311443,0.748490497074523,0.8648687195047728
Y(AlGe)2_164,Y(AlGe)2,intermetallic,trigonal,3,0.1444621983413807,0.8151766615030266,0.670714463161646,0.849714890634944
Y(AlSi)2_164,Y(AlSi)2,intermetallic,trigonal,3,0.1091685153656911,0.7904125776763858,0.6812440623106948,0.8316503960946919
Y(BH4)3_205,Y(BH4)3,hydride,cubic,3,0.213450797786545,0.28536615449108876,0.07191535670454377,0.42006158811195177
Y(BIr)2_70,Y(BIr)2,boride/carbide,orthorhombic,3,0.213450797786545,0.41828722705394256,0.20483642926739756,0.5456084193471279
Y(CoB)2_139,Y(CoB)2,boride/carbide,tetragonal,3,0.1547306964721815,0.7248643010255514,0.5701336045533699,0.7833477801480183
Y(CoGe)2_139,Y(CoGe)2,intermetallic,tetragonal,3,0.1444621983413807,0.8673220453482621,0.7228598470068814,0.8872180653045233
Y(CoSi)2_139,Y(CoSi)2,intermetallic,tetragonal,3,0.1091685153656911,0.8425211115062438,0.7333525961405527,0.8687986714307224
Y(FeB)2_139,Y(FeB)2,boride/carbide,tetragonal,3,0.1547306964721815,0.6229981772161381,0.46826748074395663,0.7086991725695707
Y(FeSi)2_139,Y(FeSi)2,intermetallic,tetragonal,3,0.1091685153656911,0.7642518413953274,0.6550833260296364,0.8122227743562489
Y(GeRh)2_139,Y(GeRh)2,intermetallic,tetragonal,3,0.2448961579109764,0.7204854428272809,0.4755892849163045,0.7811888488422227
Y(MnSi)2_139,Y(MnSi)2,intermetallic,tetragonal,3,0.1091685153656911,0.6659912268166646,0.5568227114509735,0.7411132004599897
Y(MnSn)6_191,Y(MnSn)6,intermetallic,hexagonal,3,0.1279425724852808,0.8224816586524635,0.6945390861671827,0.8546884849191694
Y(NiGe)2_139,Y(NiGe)2,intermetallic,tetragonal,3,0.1444621983413807,0.9538775699347444,0.8094153715933636,0.9544982611295605
Y(NiP)2_139,Y(NiP)2,pnictide,tetragonal,3,0.209607008802607,0.9217921477601767,0.7121851389575697,0.9283948038038435
Y(PdO2)2_88,Y(PdO2)2,oxide,tetragonal,3,0.7083205926780534,0.09022367068009268,-0.6180969219979606,0.18128255492616321
Y(SiAu)2_139,Y(SiAu)2,intermetallic,tetragonal,3,0.3531235752378702,0.7961095290631114,0.4429859538252412,0.8356603006052794
Y(SiCu)2_139,Y(SiCu)2,intermetallic,tetragonal,3,0.1091685153656911,0.9817787339134594,0.8726102185477683,0.9793176283877986
Y(SiIr)2_129,Y(SiIr)2,intermetallic,tetragonal,3,0.213450797786545,0.6004298177709205,0.38697901998437556,0.6924900579906502
Y(SiIr)2_139,Y(SiIr)2,intermetallic,tetragonal,3,0.213450797786545,0.5915829644967591,0.3781321667102141,0.6857259805834206
Y(SiNi)2_139,Y(SiNi)2,intermetallic,tetragonal,3,0.1122143941556313,0.9425786530229572,0.8303642588673259,0.9450484447160978
Y(SiOs)2_139,Y(SiOs)2,intermetallic,tetragonal,3,0.213450797786545,0.5740066009637701,0.36055580317722513,0.6724842489651094
Y(SiPd)2_139,Y(SiPd)2,intermetallic,tetragonal,3,0.213450797786545,0.8018047911837933,0.5883539933972484,0.8396023416671106
Y(SiRh)2_139,Y(SiRh)2,intermetallic,tetragonal,3,0.2448961579109764,0.6818622113176955,0.4369660534067191,0.7528617088220039
Y(SiRu)2_139,Y(SiRu)2,intermetallic,tetragonal,3,0.213450797786545,0.6013286118203843,0.38787781403383936,0.6932077569041613
Y(Sn3Ru2)2_121,Y(Sn3Ru2)2,intermetallic,tetragonal,3,0.213450797786545,0.7546164545542314,0.5411656567676865,0.8061935588667342
Y2(Al3Co)3_63,Y2(Al3Co)3,intermetallic,orthorhombic,3,0.1031799049762132,0.8757057375939262,0.772525832617713,0.8932910754515658
Y2AgRu_225,Y2AgRu,intermetallic,cubic,3,0.213450797786545,0.6640187378985818,0.4505679401120368,0.7422284724463084
Y2Al3Si2_12,Y2Al3Si2,intermetallic,monoclinic,3,0.1091685153656911,0.8273947324730506,0.7182262171073596,0.8582282007898099
Y2AlSi2_71,Y2AlSi2,intermetallic,orthorhombic,3,0.1091685153656911,0.8498995632722589,0.7407310479065679,0.8748008117733191
Y2Al_62,Y2Al,intermetallic,orthorhombic,2,0.0373111266314775,0.9273188660642905,0.890007739432813,0.9336253381578505
Y2C3_220,Y2C3,boride/carbide,cubic,2,0.3573949669440662,0.3998286556389056,0.04243368869483938,0.5294614092590785
Y2C_166,Y2C,boride/carbide,trigonal,2,0.3573949669440662,0.5270534570054686,0.16965849006140238,0.6377806787265677
Y2CdS4_227,Y2CdS4,chalcogenide,cubic,3,0.3702296185989969,0.8683257168166078,0.49809609821761086,0.8888592762763303
Y2Cl3_12,Y2Cl3,halide,monoclinic,2,0.6097235715364789,0.7517740673399487,0.14205049580346973,0.8048830085004248
Y2Cr2C3_12,Y2Cr2C3,boride/carbide,monoclinic,3,0.3573949669440662,0.33263823686003013,-0.02475673008403606,0.4679258685785613
Y2CuRu_225,Y2CuRu,intermetallic,cubic,3,0.213450797786545,0.9133099740288099,0.6998591762422649,0.922749208211126
Y2Fe2Si2C_12,Y2Fe2Si2C,boride/carbide,monoclinic,4,0.3573949669440662,0.7343881749751453,0.3769932080310791,0.7908429828909627
Y2IrPd_225,Y2IrPd,intermetallic,cubic,3,0.213450797786545,0.47498516353571635,0.2615343657491713,0.59600011654932
Y2IrRh_225,Y2IrRh,intermetallic,cubic,3,0.2448961579109764,0.41765422658411894,0.17275806867314253,0.5473173391729714
Y2MgAl_225,Y2MgAl,intermetallic,cubic,3,0.0373111266314775,0.9247365106265121,0.8874253839950346,0.9313691042078034
Y2MgCu2_127,Y2MgCu2,intermetallic,tetragonal,3,0.1091685153656911,0.9909603333057835,0.8817918179400924,0.9886872506164336
Y2MgGe2_127,Y2MgGe2,intermetallic,tetragonal,3,0.1444621983413807,0.902338823947336,0.7578766256059553,0.9141114077698836
Y2MgNi2_127,Y2MgNi2,intermetallic,tetragonal,3,0.1122143941556313,0.972861039261599,0.8606466451059677,0.9711678585926438
Y2O3_206,Y2O3,oxide,cubic,2,0.7083205926780534,0.09176196774063165,-0.6165586249374218,0.1839995042754127
Y2Pb2O7_227,Y2Pb2O7,oxide,cubic,3,0.7083205926780534,0.6635056567998581,-0.044814935878195294,0.7387032888767877
Y2Pd2Pb_127,Y2Pd2Pb,intermetallic,tetragonal,3,0.2651030546442224,0.9035140086401633,0.6384109539959408,0.9150265784602674
Y2PdRu_225,Y2PdRu,intermetallic,cubic,3,0.213450797786545,0.5204834403829153,0.3070326425963703,0.633012789223922
Y2Re2Si2C_12,Y2Re2Si2C,boride/carbide,monoclinic,4,0.3573949669440662,0.6559936066187012,0.298598639674635,0.7341835381655515
Y2ReC2_62,Y2ReC2,boride/carbide,orthorhombic,3,0.3573949669440662,0.5510195467393566,0.1936245797952904,0.6553869866291455
Y2S3_11,Y2S3,chalcogenide,monoclinic,2,0.3702296185989969,0.753316614367973,0.38308699576897615,0.805775458547851
Y2Si2Rh_12,Y2Si2Rh,intermetallic,monoclinic,3,0.2448961579109764,0.7989113652832446,0.5540152073722682,0.8378984689702574
Y2Si4CN6_14,Y2Si4CN6,pnictide,monoclinic,4,0.5631214324667778,0.44837657169913125,-0.11474486076764656,0.5706999549517143
Y2Si4Mo3_14,Y2Si4Mo3,intermetallic,monoclinic,3,0.1982031440330587,0.6443194464003906,0.4461163023673319,0.7252985876533844
Y2Sn2O7_227,Y2Sn2O7,oxide,cubic,3,0.7083205926780534,0.6201345482301182,-0.08818604444793521,0.70643370477196
Y2Zn17_166,Y2Zn17,intermetallic,trigonal,2,0.0451728980780915,0.8290022825653658,0.7838293844872742,0.8596982127191953
Y2ZnRu_225,Y2ZnRu,intermetallic,cubic,3,0.213450797786545,0.9599913264746843,0.7465405286881394,0.9601831950880889
Y3Al2_136,Y3Al2,intermetallic,tetragonal,2,0.0373111266314775,0.9289803363413267,0.8916692097098492,0.9348315280115558
Y3Al7Cu2_166,Y3Al7Cu2,intermetallic,trigonal,3,0.1091685153656911,0.980983718306091,0.8718152029403999,0.9785874342530166
Y3AlC_221,Y3AlC,boride/carbide,cubic,3,0.3573949669440662,0.8823804936317986,0.5249855266877324,0.8992036667944968
Y3Al_221,Y3Al,intermetallic,cubic,2,0.0373111266314775,0.9384254780847118,0.9011143514532343,0.9425785370454108
Y3InC_221,Y3InC,boride/carbide,cubic,3,0.3573949669440662,0.9023569589292985,0.5449619919852322,0.9143149990424416
Y3PbC_221,Y3PbC,boride/carbide,cubic,3,0.3573949669440662,0.8896464656661873,0.5322514987221212,0.9047771900633923
Y3Pt_62,Y3Pt,intermetallic,orthorhombic,2,0.2448961579109764,0.5024695529766898,0.2575733950657134,0.6213178027163309
Y3Si6N11_100,Y3Si6N11,pnictide,tetragonal,3,0.5631214324667778,0.42154592608425673,-0.1415755063825211,0.5478244537520043
Y3SnC_221,Y3SnC,boride/carbide,cubic,3,0.3573949669440662,0.8994094986469525,0.5420145317028864,0.9121779929737975
Y4C5_55,Y4C5,boride/carbide,orthorhombic,2,0.3573949669440662,0.47844189980837504,0.12104693286430884,0.5970231603784365
Y4Se3N2_12,Y4Se3N2,chalcogenide,monoclinic,3,0.5631214324667778,0.8305873473283156,0.2674659148615378,0.8612722664835807
Y5Ge3_193,Y5Ge3,intermetallic,hexagonal,2,0.1444621983413807,0.9052969389310297,0.760834740589649,0.9167176044971231
Y5Sn3_193,Y5Sn3,intermetallic,hexagonal,2,0.1279425724852808,0.947737773703707,0.8197952012184262,0.9501404876543765
Y6FeSb2_189,Y6FeSb2,intermetallic,hexagonal,3,0.1582102508344635,0.9488244871391467,0.7906142363046832,0.9510825154312472
YAgPb_189,YAgPb,intermetallic,hexagonal,3,0.2651030546442224,0.9322855009772838,0.6671824463330613,0.9373322697317178
YAgSn_186,YAgSn,intermetallic,hexagonal,3,0.1279425724852808,0.9326040911120328,0.8046615186267521,0.9375693620990971
YAgTe2_113,YAgTe2,chalcogenide,tetragonal,3,0.1760125666682969,0.954420069708037,0.7784075030397402,0.9555255697984302
YAg_221,YAg,intermetallic,cubic,2,0.1184071933122512,0.5828594525521631,0.4644522592399119,0.6831755503189951
YAl2Co_63,YAl2Co,intermetallic,orthorhombic,3,0.1031799049762132,0.8990701778773165,0.7958902729011033,0.911104342466772
YAl2Ni_63,YAl2Ni,intermetallic,orthorhombic,3,0.1122143941556313,0.9527541200777566,0.8405397259221253,0.9535845721307986
YAl2_227,YAl2,intermetallic,cubic,2,0.0373111266314775,0.865723586849566,0.8284124602180885,0.886304244700376
YAl3Ni2_191,YAl3Ni2,intermetallic,hexagonal,3,0.1122143941556313,0.9613868248680794,0.8491724307124481,0.9608179102385113
YAl3Ni_62,YAl3Ni,intermetallic,orthorhombic,3,0.1122143941556313,0.948702791394751,0.8364883972391197,0.9501791920110788
YAl3_166,YAl3,intermetallic,trigonal,2,0.0373111266314775,0.8087100478242877,0.7713989211928102,0.8447098296147977
YAl3_194,YAl3,intermetallic,hexagonal,2,0.0373111266314775,0.8011711951499269,0.7638600685184493,0.839236000562823
YAl3_221,YAl3,intermetallic,cubic,2,0.0373111266314775,0.8067860239495722,0.7694748973180947,0.8432803046702743
YAl4Ni_63,YAl4Ni,intermetallic,orthorhombic,3,0.1122143941556313,0.9596083069076696,0.8473939127520383,0.9593412450575031
YAlGe_63,YAlGe,intermetallic,orthorhombic,3,0.1444621983413807,0.8508491765418823,0.7063869782005017,0.875513284869098
YAlPd_189,YAlPd,intermetallic,hexagonal,3,0.213450797786545,0.8866884284806504,0.6732376306941055,0.9020772053977607
YAlSi_63,YAlSi,intermetallic,orthorhombic,3,0.1091685153656911,0.8334225400356647,0.7242540246699737,0.8626572764389231
YAl_221,YAl,intermetallic,cubic,2,0.0373111266314775,0.9089245302422553,0.8716134036107778,0.9190940534480582
YAl_63,YAl,intermetallic,orthorhombic,2,0.0373111266314775,0.9136837854663296,0.876372658834852,0.9227849398434318
YAsPt_194,YAsPt,pnictide,hexagonal,3,0.2448961579109764,0.7336722556114685,0.48877609770049213,0.7913595741155017
YAs_225,YAs,pnictide,cubic,2,0.2057841473834534,0.8665373685640725,0.6607532211806191,0.8876679664782107
YAu_221,YAu,intermetallic,cubic,2,0.3531235752378702,0.28233226351976065,-0.07079131171810954,0.42180507076026663
YB2C_135,YB2C,boride/carbide,tetragonal,3,0.3573949669440662,0.4071367612653628,0.049741794321296606,0.534981630811602
YB2Ru3_191,YB2Ru3,boride/carbide,hexagonal,3,0.213450797786545,0.3589075173560679,0.1454567195695229,0.4921715692731092
YB2_191,YB2,boride/carbide,hexagonal,2,0.1547306964721815,0.5615717947859759,0.40684109831379434,0.661730397339324
YB4_127,YB4,boride/carbide,tetragonal,2,0.1547306964721815,0.37803043995283786,0.22329974348065637,0.5089713150439075
YBPt2_180,YBPt2,boride/carbide,hexagonal,3,0.2448961579109764,0.44912435249194904,0.20422819458097263,0.5725915992591589
YBr3_12,YBr3,halide,monoclinic,2,0.5308815576053358,0.9079716788567537,0.37709012125141783,0.9192623464745764
YC2_139,YC2,boride/carbide,tetragonal,2,0.3573949669440662,0.3776243714446796,0.02022940450061339,0.5094696838412018
YCBr_12,YCBr,halide,monoclinic,3,0.5308815576053358,0.9340851146136366,0.4032035570083008,0.9386999881724756
YCd2_191,YCd2,intermetallic,hexagonal,2,0.053727787248697,0.8227021265357163,0.7689743392870193,0.8573826182983117
YCd3_225,YCd3,intermetallic,cubic,2,0.053727787248697,0.7450729431377601,0.6913451558890631,0.8017807657048655
YCd3_63,YCd3,intermetallic,orthorhombic,2,0.053727787248697,0.7900590327004808,0.7363312454517839,0.8339402699641668
YCdAg2_225,YCdAg2,intermetallic,cubic,3,0.1184071933122512,0.5195589193004957,0.4011517259882445,0.6324447781390543
YCdAu2_225,YCdAu2,intermetallic,cubic,3,0.3531235752378702,0.5240030510012817,0.17087947576341156,0.6351697405031401
YCdHg2_225,YCdHg2,intermetallic,cubic,3,0.1410976137921523,0.553386768320955,0.4122891545288027,0.6591047544579018
YCdPd2_225,YCdPd2,intermetallic,cubic,3,0.213450797786545,0.46848372312883807,0.25503292534229305,0.5901620631519559
YCd_221,YCd,intermetallic,cubic,2,0.053727787248697,0.8762830749846234,0.8225552877359265,0.8965308342093962
YCl3_12,YCl3,halide,monoclinic,2,0.6097235715364789,0.7555849537815522,0.14586138224507328,0.8079619568514654
YCo2_227,YCo2,intermetallic,cubic,2,0.1031799049762132,0.28534150117639007,0.18216159620017686,0.4218107270949231
YCo3_166,YCo3,intermetallic,trigonal,2,0.1031799049762132,0.28835729339957455,0.18517738842336134,0.42453954281220135
YCo5_191,YCo5,intermetallic,hexagonal,2,0.1031799049762132,0.2456992552686304,0.1425193502924172,0.3796282927213053
YCoC2_38,YCoC2,boride/carbide,orthorhombic,3,0.3573949669440662,0.49292389073748943,0.13552892379342324,0.6076614768829965
YCoC_131,YCoC,boride/carbide,tetragonal,3,0.3573949669440662,0.5626991205778182,0.20530415363375204,0.6641006950088438
YCo_166,YCo,intermetallic,monoclinic,2,0.1031799049762132,0.871136461953756,0.7679565569775428,0.8918634900084099
YCu2Bi2(SeO2)2_139,YCu2Bi2(SeO2)2,oxide,tetragonal,5,0.7083205926780534,0.9652016730430322,0.2568810803649788,0.9641886799502475
YCu2_74,YCu2,intermetallic,orthorhombic,2,0.1091685153656911,0.8890635776227088,0.7798950622570178,0.9042586052371167
YCu5_191,YCu5,intermetallic,hexagonal,2,0.1091685153656911,0.7413991618451075,0.6322306464794164,0.7961150511537564
YCuAs2_129,YCuAs2,pnictide,tetragonal,3,0.2057841473834534,0.99767266522658,0.7918885178431266,0.9964156045262457
YCuPb_186,YCuPb,intermetallic,hexagonal,3,0.2651030546442224,0.984519236467932,0.7194161818237097,0.9821003714926692
YCuSb2_129,YCuSb2,intermetallic,tetragonal,3,0.1582102508344635,0.9982354846873502,0.8400252338528867,0.9971772312669418
YCuSn_186,YCuSn,intermetallic,hexagonal,3,0.1279425724852808,0.9852571265088084,0.8573145540235276,0.9828347726759297
YCu_221,YCu,intermetallic,cubic,2,0.1091685153656911,0.9340351581199071,0.8248666427542161,0.9392592229848916
YErHg2_225,YErHg2,intermetallic,cubic,3,0.1410976137921523,0.9987651855135191,0.8576675717213669,0.9979336184345934
YErTl2_225,YErTl2,intermetallic,cubic,3,0.0392105608476768,0.9998890369728753,0.9606784761251985,0.9997317363368549
YFe2_227,YFe2,intermetallic,cubic,2,0.0888292792566213,0.2219104834543213,0.13308120419769998,0.3551766464787901
YFe5_191,YFe5,intermetallic,hexagonal,2,0.0888292792566213,0.1860131296956058,0.09718385043898449,0.31221234760413863
YGa2Ni_63,YGa2Ni,intermetallic,orthorhombic,3,0.1122143941556313,0.9503293398606477,0.8381149457050164,0.9515442778882415
YGa2_191,YGa2,intermetallic,hexagonal,2,0.0833458210077793,0.854724077258308,0.7713782562505287,0.878478755735183
YGa5Co_123,YGa5Co,intermetallic,tetragonal,3,0.1031799049762132,0.8520797249058558,0.7488998199296426,0.8759653856011341
YGe_63,YGe,intermetallic,orthorhombic,2,0.1444621983413807,0.8855751162876178,0.741112917946237,0.9016102455602394
YH2_225,YH2,hydride,cubic,2,0.213450797786545,0.5919792533838947,0.3785284555973497,0.6855598963776566
YHSe_187,YHSe,chalcogenide,hexagonal,3,0.3573949669440662,0.6927325428628562,0.33533757591879004,0.7611726616698761
YHg2_191,YHg2,intermetallic,hexagonal,2,0.1410976137921523,0.397890528960239,0.2567929151680867,0.5313229137288773
YHg3_194,YHg3,intermetallic,hexagonal,2,0.1410976137921523,0.3494514088978267,0.20835379510567442,0.4869628313169869
YHg_221,YHg,intermetallic,cubic,2,0.1410976137921523,0.48341150037661146,0.34231388658445916,0.60522278750001
YIn3_221,YIn3,intermetallic,cubic,2,0.0754054852397893,0.899105516283896,0.8237000310441067,0.9117615922196849
YInAu2_225,YInAu2,intermetallic,cubic,3,0.3531235752378702,0.8520747049542179,0.4989511297163477,0.8765300152913783
YInNi_189,YInNi,intermetallic,hexagonal,3,0.1122143941556313,0.9677016399797741,0.8554872458241428,0.9665019333733106
YInPd2_225,YInPd2,intermetallic,cubic,3,0.213450797786545,0.8530159489794819,0.6395651511929369,0.8770638669453603
YInPt2_194,YInPt2,intermetallic,hexagonal,3,0.2448961579109764,0.789094010472478,0.5441978525615015,0.8308702294325071
YInPt_189,YInPt,intermetallic,hexagonal,3,0.2448961579109764,0.8728206771607365,0.6279245192497601,0.8918585267680486
YInRh2_225,YInRh2,intermetallic,cubic,3,0.2448961579109764,0.7734009845403387,0.5285048266293623,0.8193226590691199
YIr2_227,YIr2,intermetallic,cubic,2,0.213450797786545,0.29185587962735626,0.07840508184081127,0.4287307083851824
YIr_221,YIr,intermetallic,cubic,2,0.213450797786545,0.46890985190243295,0.255459054115888,0.5906129628339631
YLuTl2_225,YLuTl2,intermetallic,cubic,3,0.0392105608476768,0.9999735185540698,0.960762957706393,0.9999207475946428
YMg2_194,YMg2,intermetallic,hexagonal,2,0.0020229510707605,0.9269221390298285,0.924899187959068,0.9329372421118719
YMg3_225,YMg3,intermetallic,cubic,2,0.0020229510707605,0.8799457406918026,0.8779227896210422,0.8971159820865594
YMgAg2_225,YMgAg2,intermetallic,cubic,3,0.1184071933122512,0.9444262807527817,0.8260190874405304,0.9471097501988796
YMgAg_189,YMgAg,intermetallic,hexagonal,3,0.1184071933122512,0.9639746467117686,0.8455674533995173,0.9634957183783611
YMgAl_189,YMgAl,intermetallic,hexagonal,3,0.0373111266314775,0.9149126137679064,0.8776014871364289,0.9236176393470655
YMgAu2_225,YMgAu2,intermetallic,cubic,3,0.3531235752378702,0.9082629773258281,0.5551394020879579,0.9188333185193343
YMgCu4_216,YMgCu4,intermetallic,cubic,3,0.1091685153656911,0.98348693186256,0.8743184164968689,0.9810133546230442
YMgCu_189,YMgCu,intermetallic,hexagonal,3,0.1091685153656911,0.9908271907232173,0.8816586753575263,0.9885448139952955
YMgGa_189,YMgGa,intermetallic,hexagonal,3,0.0833458210077793,0.9124037733458226,0.8290579523380432,0.9217154872110648
YMgHg2_225,YMgHg2,intermetallic,cubic,3,0.1410976137921523,0.9393407820859716,0.7982431682938194,0.9431134891357357
YMgIn_189,YMgIn,intermetallic,hexagonal,3,0.0754054852397893,0.93402452570092,0.8586190404611307,0.9387223209984381
YMgPd_189,YMgPd,intermetallic,hexagonal,3,0.213450797786545,0.9429368178209325,0.7294860200343876,0.9459581141394041
YMgTl_189,YMgTl,intermetallic,hexagonal,3,0.0392105608476768,0.9350953783640327,0.8958848175163558,0.9396045229630328
YMgZn2_225,YMgZn2,intermetallic,cubic,3,0.0451728980780915,0.9945449516532239,0.9493720535751323,0.992626280941566
YMgZn_189,YMgZn,intermetallic,hexagonal,3,0.0451728980780915,0.9955780312268432,0.9504051331487516,0.9938431242327153
YMg_221,YMg,intermetallic,cubic,2,0.0020229510707605,0.9350719759057095,0.933049024834949,0.9395175577176053
YMn12_139,YMn12,intermetallic,tetragonal,2,0.0268577401186475,0.09603655291935748,0.06917881280070998,0.19056892505857848
YMnSi_129,YMnSi,intermetallic,tetragonal,3,0.1091685153656911,0.7150456777063672,0.6058771623406761,0.7774446358013236
YNbO4_15,YNbO4,oxide,monoclinic,3,0.7083205926780534,0.08877380235330057,-0.6195467903247528,0.1790189445554887
YNi3_166,YNi3,intermetallic,trigonal,2,0.1122143941556313,0.5742441060110114,0.4620297118553801,0.6723282354521418
YNi4B_191,YNi4B,boride/carbide,hexagonal,3,0.1547306964721815,0.76697985381794,0.6122491573457585,0.8138800685220721
YNi5_191,YNi5,intermetallic,hexagonal,2,0.1122143941556313,0.4710774802047142,0.3588630860490829,0.5900179463349586
YNiBi_216,YNiBi,intermetallic,cubic,3,0.1478562110337886,0.9667598571147218,0.8189036460809331,0.9657505362784345
YNiSb_216,YNiSb,intermetallic,cubic,3,0.1582102508344635,0.9600367551554227,0.8018265043209593,0.9598657585104071
YNiSn_62,YNiSn,intermetallic,orthorhombic,3,0.1279425724852808,0.958214100399215,0.8302715279139341,0.9583392387946553
YNi_62,YNi,intermetallic,monoclinic,2,0.1122143941556313,0.7947335563197205,0.6825191621640893,0.8360153608696842
YOF_166,YOF,halide,trigonal,3,0.8510880369988522,0.2096074555897751,-0.641480581409077,0.3383878440024312
YOs2_194,YOs2,intermetallic,hexagonal,2,0.213450797786545,0.47819453574435905,0.26474373795781403,0.5974254803910488
YPO4_141,YPO4,oxide,tetragonal,3,0.7083205926780534,0.29951413564776863,-0.40880645703028473,0.43451194475433014
YPPt_187,YPPt,pnictide,hexagonal,3,0.2448961579109764,0.6487424033641247,0.4038462454531483,0.7292485693885185
YP_225,YP,pnictide,cubic,2,0.209607008802607,0.8068888502748909,0.5972818414722839,0.8440588733680251
YPd3_221,YPd3,intermetallic,cubic,2,0.213450797786545,0.14343833157016184,-0.07001246621638316,0.25852962261940776
YPt2_227,YPt2,intermetallic,cubic,2,0.2448961579109764,0.18679127242263563,-0.05810488548834078,0.3136306829281826
YPt3_221,YPt3,intermetallic,cubic,2,0.2448961579109764,0.19281516350274636,-0.05208099440823005,0.32011668361845014
YPt_62,YPt,intermetallic,orthorhombic,2,0.2448961579109764,0.3140796413551086,0.06918348344413217,0.4524719254155162
YRe2_194,YRe2,intermetallic,hexagonal,2,0.1091685153656911,0.6786575399126089,0.5694890245469179,0.7517814987989324
YRh2_227,YRh2,intermetallic,cubic,2,0.2448961579109764,0.1960189391972243,-0.04887721871375211,0.3247776147549343
YRh3C_221,YRh3C,boride/carbide,cubic,3,0.3573949669440662,0.24491021103199695,-0.11248475591206925,0.37903872894267165
YRh5_191,YRh5,intermetallic,hexagonal,2,0.2448961579109764,0.1290019792930184,-0.115894178617958,0.23885053378637572
YRh_221,YRh,intermetallic,cubic,2,0.2448961579109764,0.3541328596591037,0.10923670174812727,0.4910091078636871
YRu2_194,YRu2,intermetallic,hexagonal,2,0.213450797786545,0.36744084159485063,0.15399004380830564,0.5017049307077327
YSF_129,YSF,halide,tetragonal,3,0.8510880369988522,0.9005534094265019,0.0494653724276497,0.9121366236688938
YSbPt_216,YSbPt,intermetallic,cubic,3,0.2448961579109764,0.8560151498070112,0.6111189918960348,0.8797057988534073
YSb_225,YSb,intermetallic,cubic,2,0.1582102508344635,0.9239651972020991,0.7657549463676356,0.9310599946816829
YSe_225,YSe,chalcogenide,cubic,2,0.3573949669440662,0.8143535076375223,0.45695854069345615,0.8498119793244233
YSi2Rh3_191,YSi2Rh3,intermetallic,hexagonal,3,0.2448961579109764,0.607944870199142,0.3630487122881656,0.6981449544632881
YSi2_141,YSi2,intermetallic,tetragonal,2,0.1091685153656911,0.7820484174884432,0.6728799021227522,0.8255929369280444
YSiAu_186,YSiAu,intermetallic,hexagonal,3,0.3531235752378702,0.7959292247892513,0.44280564955138113,0.8359164146350848
YSiCu_194,YSiCu,intermetallic,hexagonal,3,0.1091685153656911,0.9713680807425106,0.8621995653768195,0.9697391341896995
YSiNi_62,YSiNi,intermetallic,orthorhombic,3,0.1122143941556313,0.9193386399671084,0.8071242458114771,0.926640978072656
YSiPd2_62,YSiPd2,intermetallic,orthorhombic,3,0.213450797786545,0.7212945351057647,0.5078437373192197,0.7817722264593899
YSiRh_62,YSiRh,intermetallic,orthorhombic,3,0.2448961579109764,0.7120266773622274,0.46713051945125095,0.7751168446913005
YSiRu_62,YSiRu,intermetallic,orthorhombic,3,0.213450797786545,0.6800131335167048,0.4665623357301598,0.7518290743964147
YSi_63,YSi,intermetallic,orthorhombic,2,0.1091685153656911,0.8483515856886444,0.7391830703229534,0.8738670705864161
YSn2_63,YSn2,intermetallic,orthorhombic,2,0.1279425724852808,0.9362916909807617,0.808349118495481,0.9407211647124997
YSn3_221,YSn3,intermetallic,cubic,2,0.1279425724852808,0.9150622105577799,0.7871196380724992,0.9241857874048959
YSnAu_186,YSnAu,intermetallic,hexagonal,3,0.3531235752378702,0.8876664888040462,0.534542913566176,0.9030982831058407
YSnPd2_225,YSnPd2,intermetallic,cubic,3,0.213450797786545,0.8478062828308035,0.6343554850442585,0.8733357847607862
YSnPt_62,YSnPt,intermetallic,orthorhombic,3,0.2448961579109764,0.8402052884263405,0.595309130515364,0.8681158597169057
YTaO4_13,YTaO4,oxide,monoclinic,3,0.7083205926780534,0.4631215914677329,-0.24519900121032046,0.582821079709707
YTaRu2_225,YTaRu2,intermetallic,cubic,3,0.213450797786545,0.6994223088085065,0.48597151102196157,0.766478626345306
YTe_187,YTe,chalcogenide,hexagonal,2,0.1760125666682969,0.9299147035222043,0.7539021368539074,0.9359132601925276
YTiSi_129,YTiSi,intermetallic,tetragonal,3,0.1091685153656911,0.8581281591727902,0.7489596438070991,0.8812433993141409
YTl3_221,YTl3,intermetallic,cubic,2,0.0392105608476768,0.90891596452913,0.8697054036814532,0.9193200877366636
YTlPd_189,YTlPd,intermetallic,hexagonal,3,0.213450797786545,0.9115843288486977,0.6981335310621527,0.921057911458598
YZn12_139,YZn12,intermetallic,tetragonal,2,0.0451728980780915,0.7326021761594662,0.6874292780813747,0.7902353329615113
YZn3_62,YZn3,intermetallic,orthorhombic,2,0.0451728980780915,0.9320983948862266,0.886925496808135,0.9372688990302328
YZn5_191,YZn5,intermetallic,hexagonal,2,0.0451728980780915,0.9077854985843252,0.8626126005062337,0.9182466872492501
YZnAsO_129,YZnAsO,oxide,tetragonal,4,0.7083205926780534,0.9719437224497777,0.2636231297717243,0.9702573586626717
YZnGe_194,YZnGe,intermetallic,hexagonal,3,0.1444621983413807,0.9907242108587737,0.846262012517393,0.9884154665724384
YZnSn_194,YZnSn,intermetallic,hexagonal,3,0.1279425724852808,0.9956227671313771,0.8676801946460964,0.9938911970666912
YZn_221,YZn,intermetallic,cubic,2,0.0451728980780915,0.9758948246620928,0.9307219265840012,0.9743062960063652
YZrSb_139,YZrSb,intermetallic,monoclinic,3,0.1582102508344635,0.9552933480270641,0.7970830971926006,0.9561653584606636
Y_194,Y,elemental,hexagonal,1,0.0,0.6374489186985897,0.6374489186985897,0.7267368654658053
Yb(MnSi)2_139,Yb(MnSi)2,intermetallic,tetragonal,3,0.1478562110337886,0.9994242113206484,0.8515680002868597,0.9989005096308589
Yb2CuIr_225,Yb2CuIr,intermetallic,cubic,3,0.2610315117410557,0.9993910394421425,0.7383595277010868,0.9988541284899198
Yb2GaHg_225,Yb2GaHg,intermetallic,cubic,3,0.1833135174018891,0.9999187571759709,0.8166052397740818,0.9997924342014645
Yb2MgIn_225,Yb2MgIn,intermetallic,cubic,3,0.1091685153656911,0.9999920480378978,0.8908235326722067,0.9999713086767742
Yb2TlCd_225,Yb2TlCd,intermetallic,cubic,3,0.0833458210077793,0.9999594283254397,0.9166136073176604,0.9998859131747433
Yb2TlPb_225,Yb2TlPb,intermetallic,cubic,3,0.3149236588531833,0.9999918019584417,0.6850681431052584,0.9999706009501272
Yb2ZnGa_225,Yb2ZnGa,intermetallic,cubic,3,0.1184071933122512,0.9998573177722914,0.8814501244600401,0.9996646927266827
Yb3Ge5_189,Yb3Ge5,intermetallic,hexagonal,2,0.187000675249612,0.999982536674528,0.812981861424916,0.9999441222228149
Yb3InC_221,Yb3InC,boride/carbide,cubic,3,0.4088142422218236,0.9999778917293426,0.591163649507519,0.9999317451708968
Yb3N2_167,Yb3N2,pnictide,trigonal,2,0.6097235715364788,0.9993929700835478,0.38966939854706895,0.9988534023383736
YbCu2_74,YbCu2,intermetallic,orthorhombic,2,0.1478562110337886,0.9809410277818814,0.8330848167480929,0.9786116345983077
YbCu_62,YbCu,intermetallic,orthorhombic,2,0.1478562110337886,0.9899150351222845,0.8420588240884959,0.9876001888438546
YbIr_221,YbIr,intermetallic,cubic,2,0.2610315117410557,0.9998475662459566,0.738816054504901,0.999644964147642
YbMgGe_62,YbMgGe,intermetallic,orthorhombic,3,0.187000675249612,0.9999896215597102,0.8129889463100981,0.9999641425686083
YbMgTl2_225,YbMgTl2,intermetallic,cubic,3,0.0653657474825513,0.9999724969077017,0.9346067494251504,0.9999178052784887
YbNbRu2_225,YbNbRu2,intermetallic,cubic,3,0.2610315117410557,0.9988095791111768,0.7377780673701211,0.9979593579354982
YbNi2Sn_225,YbNi2Sn,intermetallic,cubic,3,0.1688126015638291,0.9993933200423025,0.8305807184784735,0.9988500103265854
YbPrZn2_225,YbPrZn2,intermetallic,cubic,3,0.0728361721882467,0.9917009550115556,0.918864782823309,0.9893663353142581
YbSi_63,YbSi,intermetallic,orthorhombic,2,0.1478562110337886,0.9999804098389755,0.8521241988051869,0.9999381339075366
YbSnAu2_225,YbSnAu2,intermetallic,cubic,3,0.4045274577607302,0.9997078957390386,0.5951804379783084,0.9993834475650778
YbTl_221,YbTl,intermetallic,cubic,2,0.0653657474825513,0.9999914197699574,0.9346256722874061,0.9999693996155333
Zn(BIr)2_139,Zn(BIr)2,boride/carbide,tetragonal,3,0.0728361721882469,0.9635385459076075,0.8907023737193606,0.962583229952036
Zn(CrSe2)2_227,Zn(CrSe2)2,chalcogenide,cubic,3,0.1833135174018891,0.9580323748202672,0.7747188574183781,0.9582004678623215
Zn(CuO2)2_141,Zn(CuO2)2,oxide,tetragonal,3,0.5511313621135028,0.6819924420122432,0.1308610798987404,0.7521116224597295
Zn(GaNi)3_230,Zn(GaNi)3,intermetallic,cubic,3,0.0167579960807445,0.9861660872935599,0.9694080912128155,0.9835720021806333
Zn(GaO2)2_227,Zn(GaO2)2,oxide,cubic,3,0.5511313621135028,0.9266730807109738,0.375541718597471,0.932168329282571
Zn(GaS2)2_82,Zn(GaS2)2,chalcogenide,triclinic,3,0.1944459681757966,0.9742015291925779,0.7797555610167812,0.9723319027308894
Zn(GaSe2)2_82,Zn(GaSe2)2,chalcogenide,triclinic,3,0.1833135174018891,0.9818423107088539,0.7985287933069648,0.9795203095700623
Zn(GaTe2)2_82,Zn(GaTe2)2,chalcogenide,tetragonal,3,0.0493649081413015,0.9914915867531382,0.9421266786118367,0.9893066708878548
Zn(InSe2)2_82,Zn(InSe2)2,chalcogenide,tetragonal,3,0.1833135174018891,0.9877383121599522,0.8044247947580632,0.9853634765804563
Zn(InTe2)2_82,Zn(InTe2)2,chalcogenide,tetragonal,3,0.0493649081413015,0.9941292866647237,0.9447643785234222,0.9922191759750353
Zn(PtO2)3_65,Zn(PtO2)3,oxide,orthorhombic,3,0.5511313621135028,0.5849590888660142,0.033827726752511444,0.6796660274092582
Zn(ReO4)2_147,Zn(ReO4)2,oxide,trigonal,3,0.5511313621135028,0.8127484011776372,0.26161703906413447,0.8473907403732365
Zn(RhO2)2_227,Zn(RhO2)2,oxide,cubic,3,0.5511313621135028,0.5576862455453672,0.006554883431864389,0.658585312306685
Zn13Fe_12,Zn13Fe,intermetallic,monoclinic,2,0.0080672833944288,0.38014668910298627,0.37207940570855746,0.5118021820995257
Zn13Rh_12,Zn13Rh,intermetallic,monoclinic,2,0.0944610611608638,0.5516397864029449,0.4571787252420811,0.6550913146718403
Zn2AgAu_225,Zn2AgAu,intermetallic,cubic,3,0.179650655852134,0.8311124167762203,0.6514617609240863,0.8606781508291956
Zn2CuAu_59,Zn2CuAu,intermetallic,orthorhombic,3,0.179650655852134,0.7691993718392506,0.5895487159871166,0.8157180162917937
Zn2NiRh_225,Zn2NiRh,intermetallic,cubic,3,0.0944610611608638,0.7738668712513876,0.6794058100905238,0.8185760220466634
Zn2PdRh_225,Zn2PdRh,intermetallic,cubic,3,0.0944610611608638,0.8682202931794614,0.7737592320185975,0.8875701925189268
Zn2PtRh_225,Zn2PtRh,intermetallic,cubic,3,0.0944610611608638,0.9085548305771921,0.8140937694163283,0.9180197383733076
Zn3Cu_194,Zn3Cu,intermetallic,hexagonal,2,0.0155035629945915,0.13390085429616563,0.11839729130157413,0.24446074741264343
Zn3Ir_139,Zn3Ir,intermetallic,tetragonal,2,0.0728361721882469,0.90886712543663,0.8360309532483831,0.9182421856746921
Zn3N2_206,Zn3N2,pnictide,cubic,2,0.383085599679248,0.9060301410237921,0.5229445413445442,0.916096723738948
Zn3P2_137,Zn3P2,pnictide,tetragonal,2,0.0703062052430456,0.9911022348486171,0.9207960296055715,0.9887660048953111
Zn3Pd_139,Zn3Pd,intermetallic,tetragonal,2,0.0728361721882469,0.7397621737548966,0.6669260015666497,0.7943386573051087
Zn3Pt_139,Zn3Pt,intermetallic,tetragonal,2,0.0944610611608638,0.8572406197713489,0.7627795586104851,0.8794685635081383
Zn3Rh_139,Zn3Rh,intermetallic,tetragonal,2,0.0944610611608638,0.8435314536955956,0.7490703925347317,0.8693618112675662
Zn3Ru_139,Zn3Ru,intermetallic,tetragonal,2,0.0728361721882469,0.9200266951908859,0.847190523002639,0.9269879868666931
Zn4B6O13_217,Zn4B6O13,oxide,cubic,3,0.5511313621135028,0.8128511880354454,0.26171982592194265,0.8468349892180808
Zn6Mo_225,Zn6Mo,intermetallic,tetragonal,2,0.0629559630163498,0.9255370554273472,0.8625810924109975,0.9314936083038405
Zn7Mo_225,Zn7Mo,intermetallic,cubic,2,0.0629559630163498,0.9254469674466131,0.8624910044302634,0.931416965868701
Zn8Cu5_217,Zn8Cu5,intermetallic,cubic,2,0.0155035629945915,0.13894363010710037,0.12344006711250886,0.25119479713762605
ZnAs2_14,ZnAs2,pnictide,monoclinic,2,0.067815945104082,0.9950444704602329,0.927228525356151,0.9931937087381733
ZnAsPt5_123,ZnAsPt5,pnictide,tetragonal,3,0.0944610611608638,0.9240690120414138,0.82960795088055,0.930211553949711
ZnAu3_64,ZnAu3,intermetallic,orthorhombic,2,0.179650655852134,0.8373023720833986,0.6576517162312646,0.8652858286173579
ZnAu_221,ZnAu,intermetallic,cubic,2,0.179650655852134,0.8807750462614611,0.7011243904093271,0.8971885059890515
ZnCN2_122,ZnCN2,pnictide,tetragonal,3,0.383085599679248,0.9310331572402274,0.5479475575609793,0.9357758570997476
ZnCO3_167,ZnCO3,oxide,trigonal,3,0.5511313621135028,0.7386693092816651,0.1875379471681623,0.7930573611685587
ZnCdPt2_123,ZnCdPt2,intermetallic,tetragonal,3,0.0944610611608638,0.894824643121989,0.8003635819611251,0.9078025827204983
ZnCl2_122,ZnCl2,halide,tetragonal,2,0.4344886992597053,0.9909147926904731,0.5564260934307679,0.9886343694273518
ZnCo3C_221,ZnCo3C,boride/carbide,cubic,3,0.1833135174018891,0.6828058391894846,0.4994923217875955,0.7524718235345269
ZnCu2GeS4_121,ZnCu2GeS4,chalcogenide,tetragonal,4,0.1944459681757966,0.9873895297662494,0.7929435615904528,0.984901610693901
ZnCuPd2_225,ZnCuPd2,intermetallic,cubic,3,0.0728361721882469,0.7539352456169333,0.6810990734286864,0.8044463633001768
ZnCu_221,ZnCu,intermetallic,cubic,2,0.0155035629945915,0.13373661558756286,0.11823305259297136,0.24398656298816054
ZnF2_136,ZnF2,halide,tetragonal,2,0.7426260002514584,0.5218213260391638,-0.22080467421229466,0.6304067443858666
ZnFe3C_221,ZnFe3C,boride/carbide,cubic,3,0.1833135174018891,0.7394939978952869,0.5561804804933979,0.7938219411340259
ZnGaIr2_225,ZnGaIr2,intermetallic,cubic,3,0.0728361721882469,0.9673762412560896,0.8945400690678427,0.9659775831696046
ZnGaRh2_225,ZnGaRh2,intermetallic,cubic,3,0.0944610611608638,0.960360225786497,0.8658991646256332,0.9598340958663619
ZnGeAs2_122,ZnGeAs2,pnictide,tetragonal,3,0.067815945104082,0.9936866636703378,0.9258707185662558,0.9916340830010902
ZnGeN2_33,ZnGeN2,pnictide,orthorhombic,3,0.383085599679248,0.9629808646401904,0.5798952649609423,0.9621334133409555
ZnGeP2_122,ZnGeP2,pnictide,tetragonal,3,0.0703062052430456,0.9912858904115264,0.9209796851684808,0.988975103914562
ZnNiSb_216,ZnNiSb,intermetallic,cubic,3,0.0392105608476768,0.9887074592859076,0.9494968984382308,0.9862243516828048
ZnNi_123,ZnNi,intermetallic,tetragonal,2,0.0167579960807445,0.29454499875426754,0.277787002673523,0.42924846714657167
ZnO2_205,ZnO2,oxide,cubic,2,0.5511313621135028,0.7285852788542123,0.17745391674070954,0.7857987865502988
ZnO_186,ZnO,oxide,hexagonal,2,0.5511313621135028,0.8021133596730597,0.25098199755955697,0.8394503737313673
ZnO_225,ZnO,oxide,cubic,2,0.5511313621135028,0.7571717180228978,0.20604035590939507,0.806467234107917
ZnP2_96,ZnP2,pnictide,tetragonal,2,0.0703062052430456,0.9918116080343855,0.9215054027913399,0.989540886559769
ZnPPd5_123,ZnPPd5,pnictide,tetragonal,3,0.0728361721882469,0.8601579220768188,0.787321749888572,0.8817082354291088
ZnPPt5_123,ZnPPt5,pnictide,tetragonal,3,0.0944610611608638,0.8829939095748662,0.7885328484140024,0.8986651359942851
ZnPbF6_148,ZnPbF6,halide,trigonal,3,0.7426260002514584,0.8784974134821658,0.1358714132307074,0.8952436907342062
ZnPd5Se_123,ZnPd5Se,chalcogenide,tetragonal,3,0.1833135174018891,0.8990162958706014,0.7157027784687123,0.9108660110902346
ZnPdF6_148,ZnPdF6,halide,trigonal,3,0.7426260002514584,0.40750993667750113,-0.3351160635739573,0.535082857528199
ZnPd_123,ZnPd,intermetallic,tetragonal,2,0.0728361721882469,0.8336096075991315,0.7607734354108846,0.8623101174584864
ZnPt3_221,ZnPt3,intermetallic,cubic,2,0.0944610611608638,0.8705471923423324,0.7760861311814685,0.8894034204330616
ZnPtF6_148,ZnPtF6,halide,trigonal,3,0.7426260002514584,0.48559255368067,-0.2570334465707884,0.6011118446021158
ZnPt_123,ZnPt,intermetallic,tetragonal,2,0.0944610611608638,0.9215407568605576,0.8270796956996938,0.9281832077731272
ZnRhF6_148,ZnRhF6,halide,trigonal,3,0.7426260002514584,0.48165920963067144,-0.260966790620787,0.5979330217731619
ZnRh_221,ZnRh,intermetallic,cubic,2,0.0944610611608638,0.9096032865448638,0.8151422253839999,0.918885142232176
ZnSO4_62,ZnSO4,oxide,orthorhombic,3,0.5511313621135028,0.757925190312396,0.20679382819889325,0.8071458071797346
ZnS_216,ZnS,chalcogenide,cubic,2,0.1944459681757966,0.99091080879841,0.7964648406226134,0.9885927051935703
ZnSb_61,ZnSb,intermetallic,orthorhombic,2,0.0392105608476768,0.9981973913852074,0.9589868305375305,0.9971226907145532
ZnSe_216,ZnSe,chalcogenide,cubic,2,0.1833135174018891,0.9949295995387286,0.8116160821368396,0.9930682617279541
ZnSiAs2_122,ZnSiAs2,pnictide,tetragonal,3,0.067815945104082,0.9928928468903213,0.9250769017862394,0.9907412247490557
ZnSiP2_122,ZnSiP2,pnictide,tetragonal,3,0.0703062052430456,0.9902640706401833,0.9199578653971376,0.9878796982453636
ZnSiRh2_225,ZnSiRh2,intermetallic,cubic,3,0.0944610611608638,0.9509396683994311,0.8564786072385673,0.9518003444943463
ZnSnAs2_122,ZnSnAs2,pnictide,tetragonal,3,0.067815945104082,0.9955701606527064,0.9277542155486245,0.9938206741089686
ZnSnF6_148,ZnSnF6,halide,trigonal,3,0.7426260002514584,0.86464143951327,0.12201543926181158,0.8849670731056878
ZnSnN2_33,ZnSnN2,pnictide,orthorhombic,3,0.383085599679248,0.9778443633299692,0.5947587636507212,0.9755579580311434
ZnSnP2_122,ZnSnP2,pnictide,tetragonal,3,0.0703062052430456,0.993946335725829,0.9236401304827835,0.9919236380954771
ZnSnSb2_122,ZnSnSb2,intermetallic,tetragonal,3,0.0392105608476768,0.9977978329229843,0.9585872720753075,0.9966062514722821
ZnTe_216,ZnTe,chalcogenide,cubic,2,0.0493649081413015,0.9980009851908295,0.948636077049528,0.996869739430426
Zn_194,Zn,elemental,hexagonal,1,0.0,0.11276333044199685,0.11276333044199685,0.21585272405705955
Zr(CoSi)2_139,Zr(CoSi)2,intermetallic,tetragonal,3,0.0780137787946897,0.8347499168386638,0.7567361380439741,0.8629544390714882
Zr(SiNi)2_139,Zr(SiNi)2,intermetallic,tetragonal,3,0.0806606824334817,0.9382391058692302,0.8575784234357485,0.9414565963486526
Zr(TiGa2)2_139,Zr(TiGa2)2,intermetallic,tetragonal,3,0.0559725170821643,0.7316517877278855,0.6756792706457212,0.7890914593683052
Zr(VGa2)2_139,Zr(VGa2)2,intermetallic,tetragonal,3,0.0559725170821643,0.678970367209671,0.6229978501275066,0.7504448139769244
Zr2Ag_139,Zr2Ag,intermetallic,tetragonal,2,0.0860688147287718,0.32415720564303346,0.23808839091426165,0.4633915608499859
Zr2Au_139,Zr2Au,intermetallic,tetragonal,2,0.3065145361435566,0.3397119017474602,0.03319736560390357,0.4774385585883894
Zr2CS_194,Zr2CS,chalcogenide,hexagonal,3,0.323366153838271,0.7290212186266953,0.40565506478842434,0.7871030419147707
Zr2Cd_139,Zr2Cd,intermetallic,monoclinic,2,0.0318807430834372,0.604038806249408,0.5721580631659707,0.6993822162342888
Zr2CoP_11,Zr2CoP,pnictide,monoclinic,3,0.1688126015638291,0.7969530521196255,0.6281404505557964,0.8363109524923901
Zr2CoSi2_12,Zr2CoSi2,intermetallic,monoclinic,3,0.0780137787946897,0.8657993361535684,0.7877855573588787,0.8860474357699668
Zr2CoTc_225,Zr2CoTc,intermetallic,cubic,3,0.0780137787946897,0.6942014763684298,0.61618769757374,0.7630143134648238
Zr2CuOs_225,Zr2CuOs,intermetallic,cubic,3,0.1723997243174981,0.9017678973375522,0.7293681730200542,0.9136194916234044
Zr2Cu_139,Zr2Cu,intermetallic,tetragonal,2,0.0780137787946897,0.8359843678015498,0.7579705890068601,0.8657060503107153
Zr2Fe12P7_174,Zr2Fe12P7,pnictide,monoclinic,3,0.1688126015638291,0.6065433389357721,0.43773073737194296,0.6960216047780574
Zr2Fe3Ge_194,Zr2Fe3Ge,intermetallic,hexagonal,3,0.1091685153656911,0.6982587142159967,0.5890901988503057,0.7647998149124552
Zr2Fe3Si_194,Zr2Fe3Si,intermetallic,hexagonal,3,0.0780137787946897,0.6593849667322358,0.581371187937546,0.7360793812466332
Zr2Ga3_43,Zr2Ga3,intermetallic,orthorhombic,2,0.0559725170821643,0.9106514909960401,0.8546789739138758,0.9200028412093705
Zr2Ga_140,Zr2Ga,intermetallic,tetragonal,2,0.0559725170821643,0.9332753732915966,0.8773028562094323,0.9380572045521874
Zr2InC_194,Zr2InC,boride/carbide,hexagonal,3,0.3107146894533735,0.9792476714657855,0.668532982012412,0.9769936619431554
Zr2InCo2_127,Zr2InCo2,intermetallic,tetragonal,3,0.0728361721882467,0.9234508615901548,0.8506146894019081,0.9299788956251486
Zr2InNi2_127,Zr2InNi2,intermetallic,tetragonal,3,0.0806606824334817,0.9610584278787714,0.8803977454452897,0.9606410480067565
Zr2N_136,Zr2N,pnictide,tetragonal,2,0.5185847135582954,0.4276671355988483,-0.0909175779594471,0.5559405838631026
Zr2NiAs2_194,Zr2NiAs2,pnictide,hexagonal,3,0.1652516693661287,0.9356604303121271,0.7704087609459984,0.9396928337511513
Zr2NiP_11,Zr2NiP,pnictide,monoclinic,3,0.1688126015638291,0.8806567432724216,0.7118441417085926,0.8974057524562452
Zr2Ni_140,Zr2Ni,intermetallic,tetragonal,2,0.0806606824334817,0.653142137003273,0.5724814545697913,0.7339924982208305
Zr2OsRu_225,Zr2OsRu,intermetallic,cubic,3,0.1723997243174981,0.6607141392584235,0.4883144149409254,0.7383866442054822
Zr2Pd_139,Zr2Pd,intermetallic,tetragonal,2,0.1723997243174981,0.2910628002365649,0.1186630759190668,0.42990984876005595
Zr2SN2_194,Zr2SN2,chalcogenide,hexagonal,3,0.5185847135582954,0.6760513434391603,0.1574666298808649,0.7483620673794656
Zr2Sb_139,Zr2Sb,intermetallic,tetragonal,2,0.1215532606500686,0.9456509589783687,0.8240976983283002,0.9480746178443276
Zr2Si_140,Zr2Si,intermetallic,tetragonal,2,0.0780137787946897,0.8954138226038649,0.8174000438091752,0.908678279857227
Zr2SnC_194,Zr2SnC,boride/carbide,hexagonal,3,0.3107146894533735,0.9680536527888199,0.6573389633354465,0.9668296198522732
Zr2TcPd_225,Zr2TcPd,intermetallic,cubic,3,0.1723997243174981,0.6837378422142202,0.5113381178967221,0.7557019104045173
Zr2TlC_194,Zr2TlC,boride/carbide,hexagonal,3,0.3107146894533735,0.9787253771174977,0.6680106876641243,0.9765086583193232
Zr3(Cu2Ge)2_189,Zr3(Cu2Ge)2,intermetallic,hexagonal,3,0.1091685153656911,0.978693315131917,0.869524799766226,0.9764151447274366
Zr3(Cu2Si)2_189,Zr3(Cu2Si)2,intermetallic,hexagonal,3,0.0780137787946897,0.9722049452599271,0.8941911664652373,0.9703983125524117
Zr3(CuSi)4_71,Zr3(CuSi)4,intermetallic,triclinic,3,0.0780137787946897,0.9726802002212777,0.8946664214265879,0.9707919168075373
Zr3Al_221,Zr3Al,intermetallic,cubic,2,0.0194091687975715,0.9325605853817466,0.9131514165841751,0.9375364941202875
Zr3As2_62,Zr3As2,pnictide,orthorhombic,2,0.1652516693661287,0.897181651069129,0.7319299817030003,0.9101926650002774
Zr3Au_223,Zr3Au,intermetallic,cubic,2,0.3065145361435566,0.42680683372057726,0.12029229757702065,0.5566959005449735
Zr3Fe_63,Zr3Fe,intermetallic,monoclinic,2,0.0605869371865241,0.36177236098448856,0.3011854237979645,0.4998482519860344
Zr3Ga2_127,Zr3Ga2,intermetallic,tetragonal,2,0.0559725170821643,0.9278338094257441,0.8718612923435798,0.9336500814581897
Zr3Hg_223,Zr3Hg,intermetallic,cubic,2,0.1061568798287821,0.35279091698223136,0.24663403715344928,0.49118770659975514
Zr3In_221,Zr3In,intermetallic,cubic,2,0.0493649081413015,0.9474927124229551,0.8981278042816536,0.949644573696378
Zr3NiSb7_62,Zr3NiSb7,intermetallic,orthorhombic,3,0.1215532606500686,0.9634051857226943,0.8418519250726257,0.9628801614821818
Zr3P_86,Zr3P,pnictide,tetragonal,2,0.1688126015638291,0.8519984578035179,0.6831858562396889,0.8769443901960088
Zr3Te_82,Zr3Te,chalcogenide,tetragonal,2,0.137762910230166,0.9308376090318101,0.7930746988016442,0.9365430323132838
Zr3Tl_221,Zr3Tl,intermetallic,cubic,2,0.0208055155986512,0.9475691455305091,0.9267636299318579,0.9497199585124554
Zr4Al3_191,Zr4Al3,intermetallic,hexagonal,2,0.0194091687975715,0.9568214156377659,0.9374122468401944,0.9571375955921185
Zr4In5Co2_10,Zr4In5Co2,intermetallic,monoclinic,3,0.0728361721882467,0.9941638925082409,0.9213277203199942,0.9921679037487496
Zr5Sn4_193,Zr5Sn4,intermetallic,hexagonal,2,0.0944610611608638,0.9521835537048179,0.857722492543954,0.9534162214171944
Zr5Te4_87,Zr5Te4,chalcogenide,triclinic,2,0.137762910230166,0.97716625361194,0.839403343381774,0.9752606333371291
Zr6Al2Co_189,Zr6Al2Co,intermetallic,hexagonal,3,0.0728361721882467,0.9523457274878815,0.8795095552996348,0.9535288235106596
Zr6Co23_225,Zr6Co23,intermetallic,cubic,2,0.0728361721882467,0.2013885748031667,0.12855240261491999,0.32945527273965697
Zr6CoAs2_189,Zr6CoAs2,pnictide,hexagonal,3,0.1652516693661287,0.9186515789089618,0.7533999095428331,0.9267291897190819
Zr6FeSb2_189,Zr6FeSb2,intermetallic,hexagonal,3,0.1215532606500686,0.9380119688848632,0.8164587082347945,0.941979408984653
Zr6Ga2Co_189,Zr6Ga2Co,intermetallic,hexagonal,3,0.0728361721882467,0.9521172006282211,0.8792810284399745,0.9533840647742404
Zr6Sb2Pt_189,Zr6Sb2Pt,intermetallic,hexagonal,3,0.2019826979496352,0.9281354664243588,0.7261527684747237,0.9341419015349088
ZrAg_129,ZrAg,intermetallic,tetragonal,2,0.0860688147287718,0.3021155220712526,0.21604670734248077,0.44079313871867315
ZrAl2_194,ZrAl2,intermetallic,hexagonal,2,0.0194091687975715,0.9064430709122946,0.8870339021147231,0.9166795710997759
ZrAl3_139,ZrAl3,intermetallic,monoclinic,2,0.0194091687975715,0.853509502178513,0.8341003333809415,0.8769663080867643
ZrAl5Ni2_139,ZrAl5Ni2,intermetallic,tetragonal,3,0.0806606824334817,0.9639574573303195,0.8832967748968378,0.9629939335824675
ZrAlCo2_225,ZrAlCo2,intermetallic,cubic,3,0.0728361721882467,0.8234623279006891,0.7506261557124424,0.8546834958122619
ZrAlNi_189,ZrAlNi,intermetallic,hexagonal,3,0.0806606824334817,0.950647398381772,0.8699867159482904,0.9517526284406094
ZrAlRu2_225,ZrAlRu2,intermetallic,cubic,3,0.1723997243174981,0.7322827109875469,0.5598829866700489,0.7891799971819254
ZrAs2_62,ZrAs2,pnictide,orthorhombic,2,0.1652516693661287,0.8638629431524263,0.6986112737862976,0.8850157143422501
ZrAsRu_189,ZrAsRu,pnictide,hexagonal,3,0.1723997243174981,0.7213031887425995,0.5489034644251014,0.781610817927412
ZrB2_191,ZrB2,boride/carbide,hexagonal,2,0.1184071933122512,0.6440459422153912,0.52563874890314,0.7238986380099552
ZrBe5_191,ZrBe5,intermetallic,hexagonal,2,0.014296815877557,0.6317842723682622,0.6174874564907051,0.7146241632461359
ZrBeSi_194,ZrBeSi,intermetallic,hexagonal,3,0.0780137787946897,0.8102246157828656,0.7322108369881759,0.8452440749429077
ZrBi_63,ZrBi,intermetallic,orthorhombic,2,0.1122143941556313,0.9644302524273209,0.8522158582716897,0.9639150235960661
ZrC_225,ZrC,boride/carbide,cubic,2,0.3107146894533735,0.555235991095332,0.24452130164195846,0.6572536373566701
ZrCd3_221,ZrCd3,intermetallic,tetragonal,2,0.0318807430834372,0.5319072890408262,0.5000265459573889,0.6431616365171104
ZrCdAu2_225,ZrCdAu2,intermetallic,cubic,3,0.3065145361435566,0.44633915113009687,0.13982461498654025,0.5711860946518617
ZrCdCu2_225,ZrCdCu2,intermetallic,cubic,3,0.0780137787946897,0.6112427977945476,0.5332290189998579,0.7012470406845251
ZrCdPd2_225,ZrCdPd2,intermetallic,trigonal,3,0.1723997243174981,0.37704761736839143,0.20464789305089334,0.5105149004108911
ZrCd_129,ZrCd,intermetallic,tetragonal,2,0.0318807430834372,0.6601557507051773,0.62827500762174,0.740487455349721
ZrCl_166,ZrCl,halide,monoclinic,2,0.5670898161093587,0.9525144856714752,0.3854246695621165,0.9537721937251838
ZrCo2Sn_225,ZrCo2Sn,intermetallic,cubic,3,0.0944610611608638,0.8547411443291709,0.7602800831683071,0.8777744458421106
ZrCoBi_216,ZrCoBi,intermetallic,cubic,3,0.1122143941556313,0.9188603534361338,0.8066459592805025,0.9264620908939388
ZrCoP_62,ZrCoP,pnictide,orthorhombic,3,0.1688126015638291,0.7447600012594656,0.5759473996956366,0.7979170648056788
ZrCoSn_189,ZrCoSn,intermetallic,hexagonal,3,0.0944610611608638,0.9150858380886492,0.8206247769277853,0.9234128697592567
ZrCo_221,ZrCo,intermetallic,cubic,2,0.0728361721882467,0.19174405153979343,0.11890787935154673,0.31981150025587496
ZrCu2Te3_12,ZrCu2Te3,chalcogenide,monoclinic,3,0.137762910230166,0.9952961692379193,0.8575332590077533,0.9935057046791711
ZrCuSiAs_129,ZrCuSiAs,pnictide,tetragonal,4,0.1652516693661287,0.9970878566093008,0.8318361872431721,0.9956462177903728
ZrCuSi_62,ZrCuSi,intermetallic,orthorhombic,3,0.0780137787946897,0.9586813163339671,0.8806675375392774,0.9585046830429182
ZrFe2_227,ZrFe2,intermetallic,cubic,2,0.0605869371865241,0.15930232377676004,0.09871538659023593,0.2792327202873671
ZrFeP_62,ZrFeP,pnictide,monoclinic,3,0.1688126015638291,0.6824370855069135,0.5136244839430844,0.7527211349903453
ZrGaAu_187,ZrGaAu,intermetallic,hexagonal,3,0.3065145361435566,0.871490276962632,0.5649757408190754,0.8905682978503935
ZrGa_141,ZrGa,intermetallic,triclinic,2,0.0559725170821643,0.9168154768180108,0.8608429597358465,0.9249059753621703
ZrGe2_63,ZrGe2,intermetallic,orthorhombic,2,0.1091685153656911,0.8857359334099097,0.7765674180442187,0.9011355342764913
ZrGeRu2_225,ZrGeRu2,intermetallic,cubic,3,0.1723997243174981,0.6939903895174552,0.5215906651999571,0.7614061909468791
ZrGeS_129,ZrGeS,chalcogenide,tetragonal,3,0.323366153838271,0.8572711480177111,0.53390499417944,0.8799013930611774
ZrGeSb_129,ZrGeSb,intermetallic,tetragonal,3,0.1215532606500686,0.9144838833080696,0.7929306226580011,0.9232280659012585
ZrGeTe4_36,ZrGeTe4,chalcogenide,orthorhombic,3,0.137762910230166,0.9431837526660897,0.8054208424359237,0.9464133030250693
ZrGeTe_129,ZrGeTe,chalcogenide,tetragonal,3,0.137762910230166,0.9349586163368061,0.7971957061066401,0.9394044439665075
ZrI2_31,ZrI2,halide,orthorhombic,2,0.3573949669440663,0.9857731818242439,0.6283782148801775,0.9835656788874084
ZrIN_59,ZrIN,halide,orthorhombic,3,0.5185847135582954,0.9968080097183201,0.4782232961600247,0.9953421497034505
ZrIn2_141,ZrIn2,intermetallic,tetragonal,2,0.0493649081413015,0.9487609417538413,0.8993960336125398,0.9504886982944221
ZrIn3_139,ZrIn3,intermetallic,tetragonal,2,0.0493649081413015,0.9267563789549731,0.8773914708136716,0.9328363346426263
ZrInAu_216,ZrInAu,intermetallic,cubic,3,0.3065145361435566,0.9179863915323417,0.6114718553887851,0.9259291479472924
ZrInCu2_225,ZrInCu2,intermetallic,monoclinic,3,0.0780137787946897,0.9770112607795159,0.8989974819848262,0.974809778592796
ZrInNi2_225,ZrInNi2,intermetallic,cubic,3,0.0806606824334817,0.9399271478183833,0.8592664653849016,0.9428890378756312
ZrIr3_221,ZrIr3,intermetallic,cubic,2,0.1723997243174981,0.37424548404244445,0.20184575972494637,0.5062207989101145
ZrIr_63,ZrIr,intermetallic,orthorhombic,2,0.1723997243174981,0.5558416105691055,0.38344188625160747,0.6592604258077964
ZrMnGe_62,ZrMnGe,intermetallic,orthorhombic,3,0.1091685153656911,0.8068254796825818,0.6976569643168907,0.8435285240983303
ZrMnP_62,ZrMnP,pnictide,monoclinic,3,0.1688126015638291,0.6670720067917206,0.4982594052278915,0.7418021246103282
ZrMnSi_62,ZrMnSi,intermetallic,orthorhombic,3,0.0780137787946897,0.7619108775519094,0.6838970987572197,0.8108153446123445
ZrMoP_189,ZrMoP,pnictide,hexagonal,3,0.1688126015638291,0.7715816885260637,0.6027690869622346,0.8178196793178422
ZrN_225,ZrN,pnictide,cubic,2,0.5185847135582954,0.2806647032431115,-0.2379200103151839,0.4157772486875684
ZrNbB4_191,ZrNbB4,boride/carbide,hexagonal,3,0.1184071933122512,0.5597061749934198,0.4412989816811686,0.6599227536946903
ZrNbP_62,ZrNbP,pnictide,orthorhombic,3,0.1688126015638291,0.759089727872886,0.5902771263090569,0.8091040552552963
ZrNbTc2_225,ZrNbTc2,intermetallic,cubic,3,0.0780137787946897,0.6585285826106713,0.5805148038159815,0.7367570076509583
ZrNi2Sb_194,ZrNi2Sb,intermetallic,hexagonal,3,0.1215532606500686,0.9345081740260683,0.8129549133759997,0.9385696750633439
ZrNi3_194,ZrNi3,intermetallic,hexagonal,2,0.0806606824334817,0.2653412586240671,0.1846805761905854,0.39974922597138873
ZrNiH3_63,ZrNiH3,hydride,orthorhombic,3,0.1723997243174981,0.8129552603322374,0.6405555360147394,0.8467011807993975
ZrNiSb_62,ZrNiSb,intermetallic,orthorhombic,3,0.1215532606500686,0.9452077049874797,0.8236544443374112,0.9473904473594623
ZrNiSn_216,ZrNiSn,intermetallic,cubic,3,0.0944610611608638,0.9615627744172491,0.8671017132563853,0.9611021597523142
ZrO2_14,ZrO2,oxide,monoclinic,2,0.6714364484660806,0.11239790953406655,-0.559038538932014,0.2142468747615455
ZrOs2_194,ZrOs2,intermetallic,hexagonal,2,0.1723997243174981,0.5908412665868841,0.418441542269386,0.6856506630812135
ZrOs_221,ZrOs,intermetallic,cubic,2,0.1723997243174981,0.7153368520122924,0.5429371276947943,0.7781744823820713
ZrP2O7_205,ZrP2O7,oxide,cubic,3,0.6714364484660806,0.4338454279411023,-0.23759102052497832,0.5586746053563805
ZrP2_62,ZrP2,pnictide,orthorhombic,2,0.1688126015638291,0.7948426988332501,0.626030097269421,0.8344195544368908
ZrPRu_62,ZrPRu,pnictide,orthorhombic,3,0.1723997243174981,0.6516083265537661,0.47920860223626804,0.7303617818743898
ZrP_194,ZrP,pnictide,hexagonal,2,0.1688126015638291,0.8441066178141752,0.675294016250346,0.8704917374031534
ZrPd_63,ZrPd,intermetallic,orthorhombic,2,0.1723997243174981,0.24881379817076874,0.07641407385327065,0.38524616913074067
ZrRe2_194,ZrRe2,intermetallic,hexagonal,2,0.0780137787946897,0.7619301409149544,0.6839163621202646,0.8114981230232017
ZrRh3_221,ZrRh3,intermetallic,cubic,2,0.2019826979496352,0.24989334243896918,0.04791064448933399,0.3840358400608347
ZrRh_62,ZrRh,intermetallic,orthorhombic,2,0.2019826979496352,0.3932723536184732,0.191289655668838,0.5254373774416322
ZrRu_221,ZrRu,intermetallic,cubic,2,0.1723997243174981,0.6059084897597834,0.43350876544228534,0.6977986543430259
ZrS2_164,ZrS2,chalcogenide,trigonal,2,0.323366153838271,0.8884953791464624,0.5651292253081914,0.903673558458844
ZrSO_198,ZrSO,oxide,cubic,3,0.6714364484660806,0.7479522325195526,0.07651578405347192,0.8006037304414096
ZrS_129,ZrS,chalcogenide,tetragonal,2,0.323366153838271,0.801700708827297,0.47833455498902605,0.8398839769457098
ZrSb2_58,ZrSb2,intermetallic,orthorhombic,2,0.1215532606500686,0.9529021675440468,0.8313489068939781,0.9540621483240231
ZrSbPd_62,ZrSbPd,intermetallic,orthorhombic,3,0.1723997243174981,0.8732063077338591,0.700806583416361,0.8920401071897176
ZrSbRu_216,ZrSbRu,intermetallic,cubic,3,0.1723997243174981,0.860469098176876,0.6880693738593779,0.8826524716733603
ZrSb_63,ZrSb,intermetallic,orthorhombic,2,0.1215532606500686,0.9505770545976044,0.8290237939475358,0.9521071417394539
ZrScOs2_225,ZrScOs2,intermetallic,cubic,3,0.1723997243174981,0.8359738582279221,0.6635741339104241,0.8650082452896689
ZrSe2_164,ZrSe2,chalcogenide,trigonal,2,0.3107146894533735,0.9370803107136995,0.6263656212603259,0.9412720023770184
ZrSi2_63,ZrSi2,intermetallic,orthorhombic,2,0.0780137787946897,0.8537321294281148,0.7757183506334251,0.8771134051058772
ZrSiO4_141,ZrSiO4,oxide,tetragonal,3,0.6714364484660806,0.48517565638368565,-0.186260792082395,0.6009610370907156
ZrSiRu_189,ZrSiRu,intermetallic,hexagonal,3,0.1723997243174981,0.720644026495137,0.548244302177639,0.7808153343962908
ZrSiS_129,ZrSiS,chalcogenide,tetragonal,3,0.323366153838271,0.8324880713601317,0.5091219175218606,0.861625244891675
ZrSi_63,ZrSi,intermetallic,orthorhombic,2,0.0780137787946897,0.867819429399387,0.7898056506046973,0.8876792285065676
ZrSnPd_216,ZrSnPd,intermetallic,cubic,3,0.1723997243174981,0.9134336005962441,0.7410338762787461,0.9223887537556206
ZrSnPt_216,ZrSnPt,intermetallic,cubic,3,0.2019826979496352,0.8876556485264439,0.6856729505768087,0.9028078121727575
ZrSnTe_129,ZrSnTe,chalcogenide,tetragonal,3,0.137762910230166,0.9444436052203964,0.8066806949902303,0.9471191489793024
ZrTaB4_191,ZrTaB4,boride/carbide,hexagonal,3,0.1184071933122512,0.6820007528047558,0.5635935594925046,0.7518217459725732
ZrTc2W_225,ZrTc2W,intermetallic,cubic,3,0.2329666519444445,0.7328549435490761,0.4998882916046316,0.7904682978547909
ZrTe2_164,ZrTe2,chalcogenide,monoclinic,2,0.137762910230166,0.9764601396905507,0.8386972294603847,0.9747098367017812
ZrTe5_63,ZrTe5,chalcogenide,orthorhombic,2,0.137762910230166,0.9635884136074123,0.8258255033772464,0.963485779433735
ZrTe_187,ZrTe,chalcogenide,hexagonal,2,0.137762910230166,0.9377551581756227,0.7999922479454566,0.9417782291046201
ZrTiAs_139,ZrTiAs,pnictide,tetragonal,3,0.1652516693661287,0.921277376501988,0.7560257071358594,0.9285352076345159
ZrVGe_139,ZrVGe,intermetallic,tetragonal,3,0.1091685153656911,0.8550190184244545,0.7458505030587634,0.8785015387440052
ZrVP_62,ZrVP,pnictide,orthorhombic,3,0.1688126015638291,0.7563184242753225,0.5875058227114933,0.8067683271840375
ZrW2_227,ZrW2,intermetallic,cubic,2,0.2329666519444445,0.8901236372098075,0.6571569852653629,0.9051082018730282
ZrZn2_227,ZrZn2,intermetallic,cubic,2,0.025275098398206,0.8996195734107766,0.8743444750125706,0.9120126269552278
ZrZnN2_156,ZrZnN2,pnictide,trigonal,3,0.5185847135582954,0.8334436095561576,0.3148588959978622,0.8620392058899204
ZrZnNi4_216,ZrZnNi4,intermetallic,cubic,3,0.0806606824334817,0.3785466705232031,0.29788598808972144,0.509534823648173
ZrZnRh2_225,ZrZnRh2,intermetallic,cubic,3,0.2019826979496352,0.8515348474685489,0.6495521495189137,0.8756513303162686
ZrZn_221,ZrZn,intermetallic,cubic,2,0.025275098398206,0.903392928291699,0.8781178298934931,0.9151697021694287
Zr_194,Zr,elemental,hexagonal,1,0.0,0.4868306759946956,0.4868306759946956,0.6095555485520335
