name,f_int_dft,lnf_dft,V_spread_dft,fint_over_lnf_dft,grid_ionicity_dft,f_int_ml,lnf_ml,V_spread_ml,fint_over_lnf_ml,grid_ionicity_ml
CaTiF6_225,0.0106331833964325,0.0539347330729166,41.74706957656382,0.19714908725064162,0.5117113748627676,0.0095753644523546,0.1315160680700231,41.84184516367417,0.07280756331048756,0.45675032402741494
HfBRh3_221,0.0553189686993406,0.1787222222222222,45.88386042001986,0.30952484817784615,0.6221462004576354,0.0552256644933686,0.181787037037037,45.50624887210196,0.30379319336239036,0.6143538315604795
NaLi2Sb_225,0.24984187868506,0.1391541280864197,7.975750236840021,1.7954327487137087,0.7170767809210422,0.2500554882260223,0.2501286008230453,7.87257163228266,0.9997076999720048,0.3723393075282769
LiMgAu2_225,0.0617346367064846,0.090406378600823,63.87255625748414,0.6828570910805469,0.9049762480764794,0.0620226267160847,0.1188700274348422,63.81907516078363,0.52176842265879,0.8762993815242242
Th(GeRh)2_139,0.1047525374002404,0.218995949074074,44.971802733842665,0.47833093645402786,0.6793617136271696,0.1051946169350775,0.2285763888888889,44.844846427600935,0.46021646175455444,0.6704725085144556
CaPd3O4_223,0.0154504066181498,0.104261148904006,13.083143021401554,0.14818949129723386,0.1470734601140348,0.0153059155105101,0.1045277237879278,12.641149063913696,0.146429243418365,0.14339243500322274
Ti2OsRu_225,0.0602107190265357,0.1581802368164062,23.267812605409414,0.38064628197781747,0.326133101781989,0.0599538938058366,0.1910896301269531,23.21479676278378,0.3137475004059895,0.29933394938658225
HoP_225,0.0626385945747476,0.153375,160.23795284677252,0.40840159461938125,0.9994596719268359,0.0620810246335771,0.1724537037037037,159.71513739277805,0.3599866126403397,0.9993912656543699
LiMnPt2_225,0.0306530635486356,0.1301231384277343,46.83872720800152,0.2355696605462618,0.6038241662817916,0.0306291000185382,0.1391868591308593,46.77192419465507,0.2200574120990951,0.5960990112516731
Pr2TlAg_225,0.1447896738966701,0.154337890625,68.04702117970102,0.9381343318243897,0.951085829729153,0.1451953719285201,0.194203125,67.93031064036869,0.7476469388869006,0.9317819579905703
Lu3AlN_221,0.0496334319756377,0.1671194487311385,216.37944085549412,0.29699375119102916,0.9999770134535094,0.0493506640356567,0.2248022762345679,216.71839932283825,0.21952920078158908,0.999974070264579
Fe7W6_166,0.0306825085137353,0.1701086005830903,65.06720229312778,0.18037011890382518,0.8041038851280493,0.0307249269393403,0.334823250728863,65.14795814152274,0.0917646157262271,0.7783298103457698
PrPb3_221,0.2520797717560566,0.2775688014403292,59.11737039572677,0.9081704083744003,0.9151822574689163,0.2516175136479548,0.2861689814814814,58.73271712117738,0.8792620092692943,0.909130332955911
Ti2NiMo_225,0.0479086571551763,0.1252517700195312,76.08481023342351,0.38249884331140105,0.9197458291103573,0.0483386949445496,0.1830177307128906,76.16932658596996,0.26412028362640455,0.9028091446348708
NbTl3Se4_217,0.1736294867395126,0.195182,54.0365151100688,0.8895773521098902,0.8850071352379275,0.1710629924107365,0.225378,54.0173701159901,0.7590048381418617,0.8584284048094971
U(ClO)2_62,0.042095013461305,0.0950390043712797,46.22111703059869,0.44292355270112554,0.6816297275889509,0.0427335733889218,0.1066211518787202,45.99938585761616,0.4007982715993402,0.6618273890357927
CdGeP2_122,0.0896106904281065,0.1788236961451247,79.12532427563954,0.5011119463462089,0.9446130604433646,0.0889488285467012,0.2031746031746031,79.21159823536465,0.4377950155032952,0.9385742627225243
TmPd_221,0.0515506172568423,0.0834548104956268,146.61732246723565,0.6177069596191062,0.9991655608093818,0.0513053594302357,0.0904473396501457,146.64249548020834,0.5672401159468824,0.9990868638848782
V3Si_223,0.0293870339006195,0.2318512088477366,15.08384930277177,0.12674953926989793,0.15749917220981782,0.0293433377671165,0.2657589591906721,15.035844445288577,0.11041335297397727,0.15322669736012748
Hf2In5_127,0.3165159601737539,0.3659928385416666,5.501629022081459,0.8648146270701415,0.28715622698164645,0.3140477161447838,0.4062312825520833,5.898206993591395,0.7730761505412115,0.25880083218502925
Sr2TbIrO6_14,0.0163079354785522,0.09813232421875,61.25881588322006,0.16618311660691581,0.7610453478550252,0.0167646679629233,0.1016710069444444,63.4372572894137,0.16489133398751463,0.7835470757050568
MnCuPd2_225,0.0226691788076627,0.0997695922851562,53.983338009883454,0.22721530967943465,0.6971725683637408,0.0226529194648084,0.1102218627929687,53.68465519500484,0.20552110888706085,0.6849402133926943
ScTc2W_225,0.0904757304460693,0.1574395576131687,22.077856385604584,0.5746696180915949,0.39070209605633427,0.0909033266806336,0.2188705632716049,22.1687468866731,0.4153291576621392,0.32552787484753914
ScP_225,0.1403291013105773,0.1991788903061224,8.280726410093257,0.7045380215488821,0.2622784041231531,0.1399097510585982,0.2058126822157434,7.682851947096491,0.6797916899597939,0.2469557754058688
SbPbClO2_63,0.0698385818569454,0.1823,61.283295906597054,0.3830969931812694,0.8255007367961634,0.0703183723765689,0.19560125,61.16532063779893,0.35949858386165173,0.8181888110502669
TaV2_227,0.0929786620625467,0.1568167962200884,18.000790791888615,0.5929126490510206,0.3418108608974044,0.0929433937504145,0.2441105586038713,17.391539714006164,0.3807430300515503,0.2540241012403229
DyIr2_227,0.0589292148737183,0.16998828125,116.2204390334489,0.34666633746976777,0.9916410018826411,0.0592287620892144,0.1827890625,116.14893121310658,0.32402793295804777,0.9912559830627324
Sc2Pt_62,0.1560923032703697,0.1067611882716049,48.38135984264135,1.4620697446085404,0.9394943583530414,0.1547998630276461,0.1636947820216049,48.19300872096425,0.9456615605940034,0.8572815418362882
BeSiOs2_225,0.0088878720173016,0.2853703703703704,24.800762721758865,0.03114504146231579,0.219410664427693,0.008862317674284,0.2911342592592592,25.03115541112136,0.030440655444785632,0.22156070926655233
TiCu_129,0.0360196608815331,0.1406792534722222,129.29772300637035,0.2560410294517617,0.9954770149294382,0.0360492281546621,0.1576334635416666,129.30453846441384,0.22869019905239446,0.9952495523595137
CaPdF6_148,0.0079131754718676,0.0587679516250944,25.4729476654341,0.1346512044923582,0.26100032398998413,0.0080307923538192,0.0804684969225785,25.44360596155021,0.09980045186560277,0.24864271084045264
Fe3Pt_221,0.0162391404987205,0.1129168185131195,13.81647899653415,0.14381507301176502,0.15163968767628563,0.0163311907155284,0.1131901421282798,14.05040213615787,0.14428103374073034,0.1535596774085876
LuZnPd2_225,0.0347847345246999,0.0901331018518518,140.76352875177676,0.38592630021625335,0.9981967261755557,0.0347372200049544,0.1116201560356652,140.6794427688209,0.3112092048487646,0.9979246223992534
Sc2Co3Si_194,0.030247469129896,0.1535658482142857,80.59017292067477,0.19696742134806364,0.9146204575351767,0.0303947880710589,0.1941713169642857,80.49791198550344,0.15653593201229343,0.9082462100734792
Rb2NaErF6_225,0.020058437957399,0.0745917426215277,130.97808093154094,0.2689096306433521,0.9960022180606245,0.0198800472287903,0.0898980034722222,131.41701059692463,0.22114003048947672,0.9957537852880914
TbTl_221,0.1217760432130427,0.2229352678571428,156.24111930975894,0.5462394729356009,0.9994657198515545,0.1193962855620783,0.2384577715014577,156.9868056854154,0.5007020102984919,0.9994449708710405
Er(SiPd)2_139,0.0540067859657024,0.1991931216931217,150.29961605325107,0.27112776538993966,0.9987439088296518,0.0536288528421529,0.2056878306878307,150.59717171377704,0.2607293424351614,0.9987425446270747
BaRh2_227,0.0963106495877125,0.1509185023215635,28.56321861830562,0.6381633007628347,0.5147932592647899,0.0962890399664456,0.1588651333549292,28.873549852156817,0.6061055559077336,0.5048768119035574
CaO_225,0.0175939527493443,0.0904492455418381,13.509497972218352,0.19451740745815357,0.16137490614321395,0.0173145405975589,0.0947788065843621,13.55154166052748,0.18268367393028234,0.15882165169896123
Cu3Pd_221,0.009583166662867,0.0799585459183673,47.07832978678513,0.1198516875563347,0.5561319233405766,0.0094945376333604,0.0814959912536443,46.93640664274434,0.11650312472192707,0.5525300549649359
K2Cu(PO3)4_9,0.0169152779603825,0.08071875,55.62405243804271,0.20955822482858688,0.7109463014541977,0.0167898814745745,0.0946846064814814,55.891499712295904,0.17732429904388206,0.7021203070437406
UGeTe_139,0.1668097979616997,0.22275,54.75702446764835,0.7488655351815924,0.861540322957826,0.1656426894429253,0.4039588192419825,54.22456945593618,0.4100484543294517,0.765048585726725
NbZn3_221,0.0267262674959051,0.0768055555555555,61.77809718367194,0.3479731030208261,0.8205173273134828,0.0269170546747345,0.076787037037037,61.96677436905612,0.35054165017138883,0.8228558081614498
GaCuPt2_123,0.0244465404324397,0.2095684523809523,88.18233792167352,0.11665181545551008,0.9358279563826198,0.0244661392338279,0.2121825396825397,88.08327892086706,0.11530703360622088,0.9353232988994338
SmC2_139,0.0330550140834534,0.116422193877551,70.24023655163678,0.2839236487694053,0.8710132922306671,0.033447681316586,0.1215189200680272,70.01477074702738,0.2752466965461982,0.8676897787913349
Na4I2O_139,0.1799497496739237,0.0837598259066358,48.39359311763419,2.1484016678175464,0.9818464618681482,0.1864894642407916,0.1421968436535493,48.27275857039044,1.3114880713889654,0.9214679774060496
Y4C5_55,0.0508622676833277,0.1215505125661375,32.80367735260922,0.4184455220265136,0.47844189980837504,0.0500217248920528,0.1365399718915343,32.66139742243649,0.3663522424904954,0.4527742052225692
VCo2Si_225,0.0032318538733761,0.207395259691178,64.03702478716698,0.015583065293722206,0.7409719736874226,0.0032185195483647,0.2095413562250297,63.88422183443434,0.015359829707832387,0.7391345347714294
Nb3Au2_139,0.0732675862084784,0.1373060161564626,1.799669078492653,0.5336079820784306,0.15024349606871734,0.0735953891788457,0.1513884460034013,1.7211746779512769,0.48613610299687077,0.13899544403530517
TlSbS2_2,0.1587225030965362,0.2011899594907407,23.08118177461049,0.7889186095484106,0.5012581681948479,0.1593908222645122,0.2201105565200617,22.89981505666905,0.7241398358373817,0.46915385740281373
Sc2Sb_129,0.2945988035487095,0.2645426432291666,1.861149426832553,1.1136155591123582,0.33737863006213487,0.2940079641044764,0.298712158203125,1.7638917350728611,0.9842517488175029,0.2857930960604257
Ho2TlCd_225,0.0873300053355733,0.147087890625,151.86432091677472,0.5937266824923121,0.9993631802150211,0.0884133993846376,0.192650390625,151.55562988454332,0.45893184590908537,0.9991714096326431
Ca3AlN3_14,0.0313996549063498,0.0914612268518518,28.94341408641393,0.3433111055596348,0.3884405613216432,0.0308736662850348,0.0984932002314814,29.06136275230992,0.31345987552922094,0.37729175071056364
Ho(SiOs)2_139,0.0667199841311939,0.2402645502645502,128.55592164619813,0.2776938339747996,0.9954542171425415,0.0671207581940558,0.2464880952380952,128.2605682801101,0.2723083162666355,0.9953282301266709
LiPm2Si_225,0.1190769790362654,0.169875,95.8649983618957,0.7009682356807382,0.9852483649819811,0.11864939631112,0.228125,95.7020933379868,0.5201069427336767,0.9794296662601945
Ba4As2O_139,0.1560278803301915,0.1288649553571428,51.39811154224656,1.2107859727865347,0.92176140138651,0.1537026592708699,0.2149955357142857,51.244935286249664,0.7149109341280936,0.8258116667205672
Sm(PRu)2_139,0.0610103957743494,0.1947420634920635,67.84357887045766,0.31328822690037794,0.8605497061804516,0.0608683617462029,0.2027910052910053,67.89590078940384,0.3001531633952736,0.85804241031264
V3Ru_225,0.0298032110032438,0.1448898315429687,14.02641075177443,0.20569567019204743,0.16843198785910385,0.0298309880335169,0.2053337097167968,14.230420183904055,0.14528051957304433,0.15520338470801073
V3Au_223,0.0463703120127689,0.1358185442386831,34.38978447501119,0.34141370217662786,0.4672125970952983,0.0467614510487925,0.1644268689986282,34.27274658207523,0.28439057030990855,0.4398014104057678
VZnRu2_225,0.0220581836493861,0.15240478515625,89.5800266228793,0.14473419339669277,0.9434571642060012,0.0219912452782525,0.1735954284667968,89.7768633400818,0.12668101615624466,0.9423250163295889
CaPd_221,0.0911486285626373,0.0884885204081632,17.0565839607383,1.03006161863939,0.5206526321117456,0.0922469495347058,0.0948205174927113,16.86913535294959,0.9728585328781472,0.4918722816169071
LaCd_221,0.1397585371037539,0.0913287037037037,62.25170545960356,1.53028052995442,0.9757961848298803,0.1400732782216126,0.0996851851851851,62.22834690246628,1.405156422806444,0.9697623863245971
SrCuAs_194,0.0846412561483247,0.1247711181640625,93.00043559796464,0.6783721857571979,0.981818903158361,0.085075525248567,0.1449604034423828,92.98778924307577,0.5868880275459625,0.9785850528751041
Sc6Si7Ni16_225,0.0178873115280092,0.1811278935185185,107.83591693401816,0.09875514577317382,0.9786195980152087,0.0177730038284529,0.2221550925925925,107.85637215310896,0.08000268470570959,0.9779212777255727
ThSiO4_141,0.0180887819004053,0.0991753472222222,38.26438139261977,0.18239191903078258,0.4530356389598849,0.0171515183083125,0.1147506148726851,38.29192423479203,0.14946776823237048,0.4386616345569509
CaNdZn2_225,0.0869416074646603,0.064365234375,74.48330560223111,1.3507541502626634,0.9837391292927622,0.0871647934315523,0.12261328125,74.62572217445464,0.7108919404401984,0.9501848730761033
BaIrF6_148,0.0119092108294182,0.0893373842592592,46.480566896679086,0.13330601660394925,0.5533338288837925,0.0118489445240768,0.0929516032235939,46.3556725298704,0.1274743427025601,0.548862829131297
BeSe_216,0.0875071623848532,0.2069629190962099,10.548709470821652,0.4228156559010175,0.19617534181561982,0.0891231490115811,0.2183172376093294,10.499326994422828,0.40822772396499296,0.1915704656181694
MgZrPd2_225,0.0678913003969641,0.0833199374142661,65.99154087428536,0.8148265889760462,0.9321649156823284,0.0678524785698674,0.1461200060013717,65.84526178511156,0.4643613179788018,0.8781251382544776
CaPmHg2_225,0.1076695983275821,0.09128515625,34.05536274123703,1.1794863781873859,0.7976430017082784,0.1077156338693349,0.11334765625,33.628707734610465,0.9503119643846619,0.7169992825760598
Cs2TlInBr6_225,0.1500261734862182,0.1134557723999023,16.625821996654828,1.322331780153192,0.6429063775744555,0.148664620450295,0.179354190826416,16.597504960520123,0.8288884679264438,0.4230170383662184
Mn(CrSe2)2_12,0.0907571963485971,0.153272087191358,30.397788922920697,0.5921312745959285,0.5213229531568988,0.0920549724574432,0.1694585675705467,30.2137894829504,0.5432299692909898,0.4963663333513671
V2MoOs_225,0.0473048647156029,0.1689605712890625,8.963984106930884,0.2799757621242438,0.14619046699158778,0.0473342548943418,0.2185173034667968,8.869245809431712,0.21661559127528834,0.1317459372793397
AgO_131,0.0244647816239682,0.079943783068783,11.1419369057967,0.3060248175010544,0.16979184921869966,0.0224899137609188,0.0822172619047619,11.257602647986944,0.2735424804947952,0.16257278517801613
TmCuPb_186,0.0665825208915811,0.1867712620027435,178.4135593394967,0.3564923220929089,0.9997998668548158,0.0660779977350584,0.2047968106995884,178.41246136795493,0.32265149788873737,0.9997871616643821
Bi2Ru2O7_227,0.0145178224386508,0.1671223263730122,52.92664363663103,0.08686943721838482,0.6261138468530174,0.0146975690969693,0.1760068968145099,52.83440096484385,0.08350564303431114,0.6233864490593367
Th2TeN2_139,0.1079565439939021,0.1676594650205761,51.98029903152407,0.6439036649714531,0.8132406143047396,0.107859616577857,0.1856301440329218,51.6307147695853,0.581045805570931,0.7918403126467733
Sr(CdSb)2_164,0.1369600942476838,0.1572225437242798,87.09059104401818,0.8711224930177307,0.9817572502819283,0.1369004206783503,0.1849247685185185,87.19261164669446,0.7403033232113576,0.9771111907997811
HoGa2_191,0.0872708027469178,0.2605185185185185,167.54447417468882,0.3349888646810891,0.9996012202661736,0.086875858187611,0.286837962962963,167.83908438084325,0.30287433814619774,0.9995846509602088
As_166,0.1471994152935914,0.2114982604980468,0.0,0.6959840470884194,0.17576157427340125,0.1477121501398871,0.2453269958496093,1.9624383185146146e-07,0.6021031221139552,0.15239538363275518
BaGa4_139,0.1832651587641892,0.3037491158693415,24.97201993425968,0.6033438426303805,0.4454605261376415,0.1839347918327666,0.3310908564814814,25.113284457815013,0.5555417440017841,0.4261828572618333
TaZnCo2_225,0.0108317390565472,0.1194537037037037,91.372953912646,0.09067729773715973,0.9439394739072825,0.0107823750825202,0.1464305555555555,91.36400161748796,0.07363473451023946,0.9422487228203628
TcOs3_194,0.0391930031670398,0.2352392578125,1.445864619812972,0.16660910908960191,0.0816006517778869,0.0391738165233197,0.2375830078125,1.4727666970282416,0.1648847570539876,0.081486558246822
ErCdPd2_225,0.0505628614337319,0.0894097222222222,120.05788735670478,0.5655186055500889,0.9955189796745889,0.0504693720230474,0.1061439043209876,120.5940918252647,0.4754806443752438,0.994892303729179
Be3Nb_166,0.0101667614348879,0.3774563536352041,56.11955303783249,0.026934932574253747,0.6451461130464564,0.0100650444999801,0.4181360183582361,56.08415205149933,0.0240712209856959,0.6434678820530851
AlAgO2_194,0.0170888061115738,0.072487461419753,55.21394341287825,0.23574844223910235,0.7156595215213446,0.017282924384526,0.0743224344135802,55.651397416865045,0.23253980471565475,0.7197827478447969
SrAcHg2_225,0.1434185666625461,0.1050558120073426,37.42243083903062,1.3651654670235878,0.8710844159429636,0.143111385399825,0.1482257585573912,37.82681794424465,0.9654960567762182,0.770031371146752
Ba(AsRu)2_139,0.1121259293684581,0.1820222222222222,32.76853096501153,0.6160013211550013,0.5672444767340671,0.1124790081835673,0.1960805555555555,32.613032681193644,0.573636727338314,0.5459508765407601
Y5Sn3_193,0.1851879511297166,0.1774372874149659,63.67736321408516,1.0436811440688027,0.947737773703707,0.1848955889083119,0.2406489158163265,63.77508745483088,0.7683208888812617,0.917075292722363
Si2Os_64,0.0551057433445437,0.33359375,24.653356484241144,0.1651881767705291,0.2622440017400073,0.0547009007300831,0.3351734302662037,24.606996145236295,0.16320178090082552,0.2610106415196486
ScAlAu2_225,0.0915125221351332,0.1941324869791666,61.13455324854324,0.47139210731356823,0.8462673971630438,0.091790342018825,0.1995985243055555,61.14964481659264,0.4598748529739013,0.843643882818929
CdCuF4_140,0.0049752248592663,0.0580598958333333,25.34714484898437,0.08569124673506438,0.2428205344264862,0.0047523464917015,0.0724544270833333,24.90607523734159,0.0655908366542682,0.23143886165450517
Zn4B6O13_217,0.007717132639229,0.0827817563657407,68.65713022141381,0.09322262510514626,0.8128511880354454,0.0078188772701151,0.1051454897280092,68.9094000099332,0.07436245996229611,0.8099167880316728
PrAl3_194,0.1631281045398614,0.3469434196566358,57.18080539239602,0.4701864779603159,0.8125683505822271,0.1625312553693714,0.3711751302083333,57.11026206537026,0.43788293487806096,0.8027957234844727
K2Cu(ClF)2_64,0.0369441532566866,0.0822583912037037,97.02780678428869,0.4491232166843446,0.9784052519682062,0.0368820444221243,0.1210525173611111,97.16828094184665,0.30467804574523366,0.9723311608965765
Pr(SiNi)2_139,0.0593815718730617,0.2129265873015873,87.04339370676095,0.2788828423242147,0.9481672112911917,0.0592239351264095,0.2245238095238095,87.00809974698429,0.2637757449956733,0.94669476663723
Cu2GeSe3_44,0.072255379630625,0.15635,109.3239404631028,0.4621386608930285,0.9897795063137641,0.0719417593823822,0.1661375,109.35191459895192,0.43302541197732125,0.9892480267560346
Mn2Nb_194,0.0252701591651444,0.1037197788065843,7.870056801183123,0.24363876838059945,0.13052715006076346,0.025405678107615,0.1185940715020576,7.322777642145634,0.21422384598014424,0.12105085856955411
Ce2Mo2C3_12,0.0675335833702392,0.168924644510582,17.64142793161686,0.39978526262938896,0.2635296291812143,0.0689049754175049,0.1876033399470899,17.738013634981613,0.36729077124606785,0.25332199689767937
Na6ZnS4_186,0.0925807082887698,0.0682698979591836,92.90299750360502,1.356098530337937,0.9945937900515665,0.0932103724120998,0.1538760204081632,92.8877588423016,0.6057498248580578,0.9791699366116091
KCd13_226,0.0726524350707464,0.0667719585905349,47.63255765406536,1.0880680543800172,0.8826880312925275,0.07244656346465,0.0897620348936899,47.59810570417506,0.8070958234230367,0.8183900943255442
LiFeP_129,0.0252794446751182,0.1404987776360544,81.09964326243917,0.17992643851038786,0.914583416076922,0.0255999144333794,0.1786046449829932,81.14586148232839,0.14333285920876826,0.9094711977480188
Zn3N2_206,0.0120701657764114,0.0747804641723632,79.91044062032573,0.16140800822779863,0.9060301410237921,0.0121336709043115,0.0974774360656738,80.02127114279689,0.12447671373031027,0.9007529557074666
Al3Pd2_164,0.0631074223863836,0.2660858154296875,67.2700410300723,0.2371694345468016,0.8385134546078403,0.0629694646727791,0.278106689453125,67.34788535230358,0.22642197063509553,0.8364895688580879
LaGa6_125,0.1706603814338712,0.325315445188492,30.82657905297972,0.5245996891877923,0.4970716983333445,0.169876930396448,0.3375370086185515,30.996177638249925,0.5032838653506729,0.48992676743440955
Ho(CoSi)2_139,0.0369218852957308,0.2236926020408163,121.82334091063808,0.1650563539378643,0.9916849957828111,0.0368809265758859,0.2318239795918367,121.32336460205676,0.1590902142255546,0.9913420087544242
Zr2CuOs_225,0.0663826070379742,0.1065672153635116,65.07828720963518,0.6229177220361476,0.9017678973375522,0.0664272892896528,0.1327321244855967,65.26434149077488,0.5004612828061913,0.8813865989068942
ZnCu_221,0.0063513132154895,0.0587926793981481,12.455037492067888,0.1080289804871448,0.13373661558756286,0.0062619293994811,0.0589916087962962,12.452309085260254,0.10614949358482756,0.133322552082281
Sr2CdIn_225,0.1574442161797599,0.1358603957455998,75.76077201366567,1.1588676399454634,0.9787590569947893,0.1583623675833062,0.2364350502105604,75.91977709179844,0.6697922640584569,0.9503155895602374
SrHfO3_62,0.0184908010287611,0.0886810279667422,43.78356085507302,0.20850909662093287,0.5472060385301465,0.0183736299037694,0.0898620559334845,43.7488164892316,0.2044648290416311,0.544868783464639
LiCaPb_187,0.2103487607111766,0.1716628086419753,53.41366736373751,1.2253601253250248,0.9317346192069641,0.2109314619070885,0.2706476658950617,53.41788703445858,0.7793581415509899,0.8585627632644802
ScAu_221,0.1159877604420205,0.1252847120991253,61.37521508516778,0.9257934068623708,0.9272896800100249,0.1156300568937647,0.1416841290087463,61.19479537954879,0.8161115694660955,0.9117880748458271
K2UO4_139,0.0212133172971755,0.0904179325810185,43.176993813342456,0.23461404935539107,0.549963287863833,0.0212329427610617,0.1158356843171296,42.83022519001926,0.1833022603201543,0.521616815936952
Nb3Ru_225,0.070015154449283,0.140576774691358,22.06793888220895,0.4980563439658088,0.3579712291953356,0.0707511368674952,0.1725180041152263,21.68060891615934,0.4101087143359246,0.3170882270896137
Ho2MgAl_225,0.0979730233377429,0.254255859375,181.0834066213085,0.38533241113331923,0.9998381268275633,0.0970554771865379,0.31039453125,180.91120704976623,0.3126842370440053,0.9998133725356895
CeAl4Ni_63,0.1101270825807391,0.3325318287037037,86.75214566815208,0.33117756880610005,0.9518509975205761,0.110296768800448,0.3416030092592592,86.66474891269358,0.32287996829892796,0.9509116007011132
Ho(CoB)2_139,0.0156252169771412,0.1624880420918367,111.32970890631206,0.09616225770207738,0.9825029412355484,0.0159162461156359,0.170360331632653,111.09366739987269,0.09342694959033074,0.982171576652795
InSe_194,0.1852560481648202,0.2082096354166666,18.050876422488532,0.88975732460262,0.47183035513418786,0.1870622720898183,0.2574424913194444,18.09491775788544,0.7266177045253355,0.39972132437076263
YCuSn_186,0.1039605935983672,0.1851280292638317,100.10773401205154,0.5615605265813625,0.9852571265088084,0.1033304180764859,0.208597679469593,100.16214440536984,0.4953574667715718,0.9834566996162843
NbCrSi_189,0.0467848569708254,0.2421354166666666,45.11105757476585,0.19321773582272486,0.5599735799855131,0.0467207562218224,0.2550979166666666,44.94350901445628,0.18314832528746935,0.5529823414779936
AlNi3_221,0.0056962853349281,0.1617335550291545,87.23266510161932,0.035220182564473235,0.9223735505058707,0.0056829326511629,0.1611413538629737,87.0328456909614,0.03526675502549999,0.9215190052280894
Zr2InCo2_127,0.0681121032801773,0.1712595532039976,76.4797570547307,0.3977127232081755,0.923450861590155,0.0685651801171373,0.1822151185577111,76.47492962050164,0.37628699890465656,0.9206316278142435
TiPRu_189,0.0436007569845193,0.2139136904761904,29.87338844552576,0.20382406047719637,0.34260833513696193,0.043581819614221,0.2287462022569444,30.09069525609712,0.19052477892186698,0.3400988772382417
Cs2CaH4_139,0.0924182214183511,0.0827717781066894,32.44347713322214,1.1165426614277614,0.7614721163935955,0.0936297767295114,0.3568835258483886,32.427188359442994,0.26235387724029385,0.4031212990407115
Be2CuIr_225,0.0003084552817359,0.2100833637026239,91.51028387219218,0.0014682518229883399,0.9352169899402146,0.0003073426009948,0.2188297193877551,91.55373055755358,0.0014044829096097526,0.9353673556484522
ThC_225,0.0880209760930211,0.1647571975218658,5.964601012078385,0.5342466211914012,0.18508810311390952,0.0929091370274707,0.1810712008017492,6.118824932207872,0.5131083055510016,0.1807268531243687
CdCu2GeSe4_121,0.0771749334322307,0.1376084374841233,102.69345644183088,0.560829952314042,0.987327638962971,0.0767362260687294,0.2018159706345577,102.67458628666628,0.38022870948940435,0.9824716649307701
Si2Pd9_62,0.0346520494106005,0.1639795918367347,45.1223832401007,0.2113192807864872,0.5682286242269027,0.034568778860814,0.1631746537900874,44.96469658230605,0.21185140006660763,0.566149108859147
AlCuCl4_112,0.059697487614636,0.08688671875,83.3378511705189,0.6870726443980946,0.9685225402415323,0.0591371214305141,0.0951435546875,82.4431849566166,0.6215567793819622,0.9628127594541082
TlClO4_216,0.0288958496900299,0.135982421875,62.53296802443501,0.2124969484408214,0.7889894070697827,0.0277418291913238,0.190427734375,62.45319633664661,0.14568166387304265,0.7672147427643233
Tm2Cr2C3_12,0.025198669189597,0.1234114583333333,163.16302521974757,0.2041841943195875,0.9993427281964447,0.0250259277633017,0.1367740885416666,163.11971069598698,0.18297272553695615,0.9993151437654736
SrPIr_198,0.1016779469404929,0.1636454264322916,30.01552277446706,0.6213308196704307,0.5288495336925947,0.1018356922602212,0.1722276475694444,29.986021408673945,0.5912853928934944,0.5147859014985062
HoZnRh2_225,0.0365764753053058,0.1088230881344307,103.98346244080491,0.33610951437182485,0.9824400351487743,0.0368351397726474,0.1225780178326474,104.00701485555877,0.30050363371789435,0.9813140907741416
Er2Pt_62,0.0629724342216334,0.1171664014274691,148.58218796838804,0.5374615372190633,0.9991416961104974,0.0630413885422156,0.0884221080889917,148.99298081154947,0.7129595743042918,0.9993910732718022
Hf3Sb_82,0.3011411465761326,0.3333849225725446,3.12513418456225,0.9032836405809692,0.27258060804059125,0.3010806208307824,0.3721487862723214,3.034920616961273,0.8090329242951377,0.238986351491553
SmCd3_194,0.082806340867571,0.0690666666666666,11.503421523853426,1.1989335067698514,0.51428737854236,0.0830178071271295,0.0755472222222222,11.748861819314152,1.0988862950239597,0.4725389886151461
LiCdPd2_225,0.038262746346745,0.0873603820800781,74.77817921781627,0.43798739698358696,0.9214004637315734,0.0383806725511814,0.0985565185546875,74.62842029225325,0.3894280471147583,0.9140658472536629
Zr2CoTc_225,0.064948598488156,0.1022805212620027,41.3676699347885,0.6350045706335724,0.6942014763684298,0.0650969226171473,0.1395827974965706,41.437136623096926,0.4663678030865276,0.6265722462338814
Sm2GeRh3_166,0.0655361053743385,0.150759765625,73.32132027847253,0.43470554031871533,0.9143831483464406,0.0657121461546086,0.155947265625,73.29807081866039,0.42137414780085924,0.9123562006902327
SnS2_164,0.1072550769844601,0.184125212585034,12.782871309578434,0.5825116260757978,0.2716149384978673,0.1081309773677745,0.1969201743197279,12.702351922969903,0.5491107132182835,0.25884864401296626
AlAgS2_122,0.0741453598212638,0.1345663265306122,65.25570472064817,0.5509949014205766,0.8906055838323537,0.074887418122781,0.1592808130196523,65.1938878314383,0.47015969282842174,0.8750475153892527
TiHg_123,0.0941236052758148,0.1208622685185185,63.59986656269231,0.7787674882289107,0.917719151142454,0.0948187191257425,0.1465133101851851,63.27852853612601,0.647167953586583,0.8959834195717141
YRh_221,0.0923863936021469,0.1098191508746355,11.367991665675332,0.8412594057261558,0.3541328596591037,0.0915786652421685,0.1226198068513119,11.631859782746467,0.7468505096669764,0.319364838412054
Nb3B2_127,0.0314379741590518,0.1949327256944444,47.1121513488306,0.16127601995536958,0.5751221061236851,0.0319217683859959,0.20458984375,46.9818133445702,0.1560281185072067,0.570880069919475
LiSbPd2_225,0.0584306586007949,0.1673418209876543,66.659222621969,0.3491694918576609,0.8598664023759991,0.0582065520099745,0.1885850694444444,66.67695757910286,0.30864878211963476,0.8508909804580869
GaN_225,0.0105856630315556,0.191558837890625,37.58891026194971,0.05526063505145992,0.38701658411006884,0.0097335322726498,0.204681396484375,37.93946964645713,0.04755455278219601,0.3886733615327204
CeCoC2_9,0.0343470648845118,0.144631637377173,40.62978594591527,0.2374796103216401,0.5133147495264949,0.0347559185471298,0.148968962585034,40.81569822552763,0.233309797853298,0.5142015413059776
Na2H6Pt_225,0.005995952615386,0.059220703125,35.67687058263923,0.10124757557724454,0.3797187138868464,0.0054576341204021,0.118521484375,35.625330960968135,0.04604763557579347,0.3556857781953164
SiSnPt5_123,0.0548178906782743,0.2387474279835391,43.7629964413793,0.2296062041014064,0.5563831519202735,0.0549433121509406,0.2410082304526749,43.55869950585694,0.22797276278798884,0.5526292779043019
Ta2PdS6_12,0.075444415183171,0.1596989707341269,41.70346147406783,0.47241641468543855,0.6328520314025218,0.0758622049465493,0.169535900297619,41.53946169083365,0.4474698563158232,0.6199466602204076
DyNi5_191,0.0165850872867307,0.0739068930041152,38.315551127692174,0.2244051483236784,0.472776467168501,0.0167997457572677,0.0815907921810699,37.73736101556901,0.205902471445368,0.45580755731764055
LiSn2N3_36,0.0520548697400303,0.1543389214409722,40.35723678690828,0.3372763607133213,0.5543626726928159,0.0508413955269727,0.16856689453125,40.53257145865357,0.30160961123684576,0.5409065687748782
ThSi2_191,0.1578050429535037,0.2902387152777778,25.961005490896277,0.5437077641501884,0.43334688428634915,0.1584219107545849,0.2995355902777777,25.59439316237398,0.528891777460136,0.4213885322230019
Ga2HgTe4_82,0.1843149479950016,0.1917317708333333,55.79345963540149,0.9613166727345416,0.9068910437761152,0.185154494118,0.2194924688143004,55.69700892754549,0.8435573900016053,0.886600932092755
Ta2FeMo_225,0.0809440070305795,0.1741867065429687,50.02969264385072,0.46469681089361475,0.7366819680963617,0.0813511274143577,0.2415580749511718,49.59459110292651,0.3367766837469702,0.683583532261787
LiAl2Rh_225,0.0469944005736055,0.2754584418402778,47.52376143652769,0.17060432150725227,0.5852512859997588,0.0468303084497744,0.296142578125,47.26218631163306,0.15813433092355808,0.5759211603698214
Ca3AsN_62,0.0917839668325081,0.1128571428571428,39.56999869851137,0.8132756554779204,0.7381164302329042,0.0929940102128925,0.1301535714285714,39.67858026259327,0.7144944944052329,0.7033269355354653
NaNiN_62,0.0298269435612054,0.0507501214771622,107.9709981055518,0.5877216190433685,0.9911664398284808,0.0298922120307611,0.1115403304178814,108.03468239623516,0.26799465196822636,0.9843746869238579
ThPt3_194,0.0869835178938967,0.1839138454861111,17.389504557612913,0.47295796389872985,0.28703892612512344,0.087406703997956,0.1872517903645833,17.762370012545684,0.46678701350610985,0.28931649458018205
Eu(AlGe)2_164,0.1220829983403041,0.2669790762442129,113.29279219167748,0.4572755290704187,0.9918519704485724,0.1223310054563094,0.2858366789641203,112.8695334421123,0.427975184639145,0.9911917442096143
Fe13Co3_123,0.003484987967319,0.082509988122233,9.82603434175736,0.042237164816412584,0.10477777392601989,0.0034879454852595,0.0821185617103984,9.953255484536813,0.04247450774357429,0.10553487647628464
LiCuO_139,0.0160161673302308,0.0417247953869047,102.53018009654592,0.38385250740516424,0.98243619163467,0.0159785969877552,0.0656040736607142,102.38306454606251,0.24356104882132787,0.9772559702349893
NbBO4_141,0.0045563175558793,0.10459765625,31.03970446790792,0.04356041730982189,0.2946049890190299,0.0040362701402325,0.1108046875,31.60712336790436,0.0364268897941028,0.29898746858682146
NaSbS2_15,0.133410701877862,0.1362890625,24.33937268640272,0.9788804723626446,0.6048096369876359,0.1345702748461813,0.1843695746527777,24.19925299725227,0.7298941547140673,0.49117363653751206
ZrIn2_141,0.1801831024548683,0.3196433738425926,78.59878021890925,0.5637004148992586,0.9487609417538413,0.1799814412821682,0.3435522008825231,78.27177925886885,0.5238838255724417,0.9441030932617791
NaTl2GaF6_225,0.0261032871652146,0.1438994231047453,87.66347438430945,0.1813995261552498,0.9408368444121525,0.0259723524412506,0.1534457736545139,87.77308214303508,0.16926078719983417,0.9399682258660756
Li2AgSn_216,0.1016233202583996,0.1545942644032922,74.4370323493994,0.6573550490417512,0.9447866654134081,0.1014805255314073,0.2336596579218107,74.5307801222733,0.43430914191171854,0.9198298221344056
TiH2_139,0.0103715861661057,0.1183901186342592,0.7193649008940313,0.08760516743923946,0.06863506154431263,0.0092317625592669,0.1585286458333333,0.5151138801504708,0.058234034049420784,0.06455847565582486
LuZn_221,0.0465594162573747,0.0573296282798833,104.73352637232404,0.8121353243400007,0.9928563776639301,0.0463025881258181,0.0784666545189504,104.7642127638826,0.5900925483529518,0.989362728113688
Pr(MnGe)2_139,0.1063252860713036,0.1743036905924479,49.84572142367969,0.6100001997083956,0.7827618176091781,0.1059506918305979,0.1950556437174479,49.77747758267819,0.5431818829301606,0.760664189139034
Ta2MoOs_225,0.1142181071107142,0.1888449502743484,19.636314216795284,0.6048247885092055,0.36918926488551057,0.1138158461590452,0.255883487654321,19.56250237548636,0.44479558725102925,0.3034492445626619
LiAg2Sn_225,0.0800161002963359,0.1661469050068587,81.77150892496041,0.481598500393569,0.9507036871136878,0.080453185141501,0.1990794324417009,81.89634978101319,0.4041260523738995,0.9440668086382864
CaNdCd2_225,0.1115569008543853,0.065638671875,37.85256506835017,1.6995606045599212,0.9271696131383178,0.1119231067334711,0.11405859375,37.92574650141937,0.9812772808578581,0.7761010423440567
InAgTe2_122,0.1688152410590859,0.182618995949074,76.90414321368577,0.924412272566445,0.969901720608874,0.1696952460602671,0.2207501446759259,76.81517431788117,0.7687208826494298,0.9602457523959774
Cd(GaTe2)2_82,0.1818394796272633,0.1875582722479424,70.85329680788487,0.9695092487676622,0.9605517140660779,0.1826254436376362,0.2183491271219135,70.85471358435541,0.8363919107204341,0.9502963464586088
Sr3PN_221,0.1000512242321251,0.109330078125,41.48790080067803,0.9151299070483959,0.7918458502858536,0.0988460701300998,0.151322265625,41.30879613537522,0.6532156369840223,0.7004425068175791
ZnGeN2_33,0.0193582965876964,0.1371354166666666,97.10742502152844,0.14116190447541627,0.9629808646401904,0.0190375216694186,0.1434309895833333,97.16486848362518,0.1327294870147836,0.9625548192758923
AsI3_148,0.2095063117769023,0.1335792541503906,3.9736603713312415,1.568404563339072,0.5690324325029195,0.2104689398059273,0.2097883224487304,3.783668467603388,1.0032443052561384,0.31853757442894864
ZrBi_63,0.1717448623841994,0.2085400132275132,77.08110083661643,0.8235583173039747,0.9644302524273209,0.17205618967148,0.2211051666036785,77.04645181769708,0.7781644921029066,0.9614125513979053
SmBrO_129,0.0540231549601543,0.0990185185185185,118.3069137323604,0.5455863788756934,0.9948438241692908,0.0536890319966888,0.1012037037037037,118.41972400159484,0.5305046162527347,0.9947367812227631
NbSe2_194,0.1001130045674492,0.1579712880049979,60.3681975199472,0.6337417756844638,0.8759669975018819,0.1013294126269517,0.1735751379633486,60.54979628289422,0.5837783787235012,0.8670189656761134
Ba2YNbO6_225,0.0299181511353038,0.1142826786747685,39.05348758680256,0.26179077601467854,0.5007761517249774,0.0300640913393556,0.1204494900173611,39.127049036000265,0.24959915841090138,0.496338153606027
Sr(CoP)2_139,0.059300643921335,0.1622987085459183,65.63933296907726,0.3653796413577585,0.856017007540164,0.0591361508155078,0.1705795599489795,65.70945258643663,0.34667782489997906,0.8523063943086414
ThAl3Ni2_191,0.080716497395188,0.2865,93.14496702450288,0.2817329752013543,0.963627267189698,0.0814803892183029,0.2943723958333333,93.00343719025334,0.27679357973644775,0.96301078028254
SiB3_74,0.0417964658492006,0.321947337962963,18.89081816666273,0.12982392124642722,0.19100257963262657,0.0400316546501517,0.3261740451388888,19.608908661572503,0.12273096295294049,0.19569542754362373
LiSi_88,0.0956563109486135,0.2236540330417881,11.11560193575852,0.42769767952604204,0.20301269711103268,0.0956969712341255,0.267462342079689,10.98540155588234,0.35779605640936585,0.18206913055925103
MnGaCo2_225,0.0029427133877788,0.1848564814814814,61.80494624431476,0.015918908356338028,0.714642595797808,0.0029579147094085,0.1917824074074074,61.65932319766208,0.015423284906028631,0.7126774442671265
NdAl2_227,0.1464564467333905,0.3292874689558363,80.59359852499522,0.44476775019043646,0.9438489714516041,0.146273203242732,0.3582665208940719,80.3904731172651,0.4082804133573518,0.9395427673098936
KAgF4_140,0.0117363358824285,0.0645129965566473,43.09177356048835,0.18192203910607543,0.5248962620325923,0.0113263811581631,0.0873619509532207,43.54963467287024,0.12964890360825373,0.5080190268288538
Sm2TlCd_225,0.1148896629642325,0.143509765625,97.7584136705894,0.8005703476963817,0.9889680651278042,0.1143675489733297,0.174833984375,97.71227677048869,0.6541494171294733,0.9856142074988518
LiTl2InCl6_225,0.1057830113056251,0.1498628257887517,33.38439658388992,0.7058655857373062,0.6155693261339615,0.1047572873128964,0.1666611098409795,33.40071999672841,0.628564680823565,0.5820723838077293
Cd(AgI2)2_121,0.1297210313827365,0.1093632450810185,80.45648113032311,1.1861483379231892,0.9846471638734664,0.1312501999264895,0.1518138744212963,80.16733544422979,0.8645468039519177,0.9723273689674647
Tm2AgRu_225,0.0551435711029189,0.0926997599451303,156.970630464471,0.5948620701451525,0.9995317680274531,0.054870868953664,0.1299993569958847,157.0331217387849,0.4220856950500225,0.9993615585664338
Ca2ZnN2_139,0.0327111294114802,0.083797831632653,72.04700538782127,0.3903577070451767,0.9012779258524247,0.032804095153914,0.1073022959183673,72.03115480469707,0.30571661932444083,0.8866271853331066
KGe2N3_36,0.030825989692601,0.1586852058531746,30.028065944930496,0.19425874974837362,0.34078080161383606,0.0306524121726024,0.1639493427579365,29.884156945773164,0.18696270236263923,0.3358845000108812
LiCo2Si_225,6.084040761350025e-05,0.1919756741982507,72.33764686855459,0.0003169172754182969,0.8205534839152652,6.069900112210864e-05,0.2051065962099125,72.3119443150141,0.00029593880569295483,0.8203212341887174
BiO2_15,0.0277432652855782,0.158829365079365,54.531807322805335,0.17467340042387783,0.6837838790859107,0.0275453135919764,0.1573614211309524,54.3328346140132,0.175044895972653,0.6813498184779875
K3BN2_14,0.0450331899662962,0.0935372488839285,14.010963345397034,0.4814465948445675,0.2503776591377559,0.0449538475009647,0.1265049525669642,14.188212499349287,0.35535247109925444,0.2116290230653271
MgTi2O5_63,0.0127024808726867,0.0672154017857142,50.29867225536015,0.1889816996584026,0.6327079317163913,0.012178224398574,0.0756124441964285,50.13092930671537,0.16106111273082255,0.6184732858287594
BeSiAs2_122,0.114934130345688,0.2512923177083333,5.139037353548153,0.45737224040047353,0.15824293645471252,0.1161256177058987,0.270166015625,5.131571537441581,0.42983058930359763,0.15163215624128148
YMgCu4_216,0.0368912086074616,0.1061258446375044,104.6788589161842,0.3476175735841862,0.98348693186256,0.0366689173832322,0.1113405286287659,104.73841798956916,0.32934024864831146,0.9829984449036199
TmGaRh2_225,0.0405563219374064,0.1858844521604938,164.34822833569365,0.2181802806314851,0.999403078451858,0.0404074002308808,0.2070955504115226,164.18288034423787,0.19511476779962997,0.9993713553306066
Mg2As2O7_12,0.0152956745304903,0.0771462673611111,53.48494146664934,0.1982684976694121,0.6794914936116059,0.0153320111824056,0.0830316840277777,53.34130554691461,0.1846525379068113,0.6721874594889042
Sc2Si2O7_12,0.0150784088444029,0.0747981770833333,51.89194083802178,0.2015879187483929,0.6597369334371684,0.0153306597525886,0.0795529513888888,51.78704186560256,0.19271013186733685,0.6546880164916272
Rb2Pt3S4_69,0.0813587151767697,0.1316641348379629,42.46253515117482,0.6179261746328767,0.7014749208255971,0.0813645779803161,0.1746640303497942,42.21430041117964,0.4658347675670246,0.6371663973398285
OsRu_187,0.0316702086193731,0.232021484375,8.412764255819766,0.13649687960872955,0.11319370430437266,0.0316779501974886,0.231943359375,8.483666189914732,0.13657623258906287,0.1136349139144351
TmAlB4_55,0.0119950587646673,0.2711101367630385,155.34389581837755,0.04424422822357055,0.9985975158616703,0.0120518629441494,0.2779383237670068,155.400801401032,0.0433616450614143,0.9986000374744443
Mg3B7ClO13_29,0.0117018159416793,0.081822035047743,60.00537949168551,0.14301545952568048,0.7390999687810822,0.0118668012463397,0.0876339382595486,59.7336332007722,0.1354133054159151,0.7332580675746986
RuS2_205,0.0502549393086854,0.2011931756829716,19.038783223023906,0.24978451251186665,0.228525634097726,0.0505339070315364,0.2047227621207213,19.35338116831172,0.2468406859503853,0.23091087349880693
BaHg2_191,0.1227562488663063,0.107395,46.9636600298036,1.1430350469417225,0.8887452354171403,0.1229473148925102,0.14461875,47.14768971578637,0.8501478189550816,0.8258872624382283
CuTe_59,0.083799036093457,0.1525977366255144,148.51608321452727,0.5491499280825228,0.999156391224942,0.0836755680791791,0.1621720679012345,148.58249706071138,0.515967818392369,0.999107555019818
VRh_123,0.0299213756457656,0.1385267857142857,30.47656258220277,0.21599703978896215,0.3558393049190158,0.0299826447177479,0.1483035714285714,30.3403738526049,0.20217075306368246,0.34824873302535697
Na2H4Pd_139,0.029777436199793,0.0459131730109739,49.40967941592618,0.6485597541401849,0.7901463389647371,0.0321518628751992,0.153093921467764,49.40856174915457,0.21001397421235443,0.6292023647456939
FePt3_221,0.031703665169835,0.1704286625364431,12.894771417683074,0.1860230826082775,0.15443091731014247,0.0315940768543163,0.172660805393586,13.064512883477976,0.1829834905628788,0.15503724859951062
TaIr3_221,0.0540994877679018,0.2251574074074074,30.213625077304687,0.24027407488314326,0.3623707090261886,0.0541485722038993,0.2290648148148148,29.94240762501648,0.2363897408149531,0.3570063464965295
ZrZnRh2_225,0.0376966399507487,0.1138153076171875,66.0769328298821,0.33120887462290743,0.8515348474685489,0.0376867429627633,0.1265411376953125,66.15206989748444,0.2978220652125474,0.8442919260884606
NiSe2_205,0.0673944992066859,0.1744045681423611,84.00102625622701,0.3864262268157669,0.9488187926312167,0.0665109430770052,0.1762864854600694,83.88378555502375,0.37728895044578203,0.9476594372129334
HfPaTc2_225,0.1299557801556465,0.1603839806241426,34.54434747075315,0.8102790543663825,0.6747954827819334,0.1281242126189827,0.2249764231824417,34.50225020723412,0.5695006205831713,0.5719674284759296
Na3AlP2_72,0.1650348688203661,0.1247881944444444,20.96057156093264,1.3225198870381885,0.7001035473165456,0.1673474991078125,0.2520060763888889,20.833191582172624,0.6640613651298091,0.41182829894850603
MnAlPt_194,0.0448800038495479,0.201324462890625,46.71770531347414,0.22292374808882606,0.5965717033366116,0.045158333110231,0.212109375,46.617987057072696,0.21290116530790307,0.5907384094419454
Ti_194,0.1447926945588865,0.277247299382716,9.779821752431417e-07,0.5222510548570309,0.13458111985848487,0.1438764316606195,0.3337432484567901,4.92205461277706e-07,0.43109915279453886,0.11642882423652941
Rb3H(SeO4)2_9,0.0326593946668553,0.0969741821289062,40.71237761440033,0.3367844301428776,0.5593873375136501,0.0324361027859588,0.1119176228841145,40.53959182065981,0.2898212269889334,0.5356868772755321
Sr3SbN_221,0.1259507695592034,0.138611328125,48.21047988951048,0.9086614439306197,0.8489898284291594,0.1266430351463961,0.17931640625,48.16317640411155,0.7062545909482061,0.795116360203599
SbIrS_198,0.0973654348745207,0.2365089699074074,33.229356013057924,0.41167755672285494,0.48173144489228287,0.0982070111164526,0.2371566207320601,33.50518791672777,0.41410191633404586,0.48695502903676785
ScGa5Ni_123,0.084824217334573,0.314681712962963,78.15554451832963,0.26955559805458584,0.9135358753542683,0.0852120919106605,0.3311082175925925,78.05149264481301,0.2573542044054869,0.9112660508408649
Mg2Cu_70,0.0852034970652725,0.2531819196428571,125.1522928935734,0.33653073325876537,0.9949945130700705,0.083936507381467,0.2955758928571428,125.44927184208736,0.2839761611480103,0.9945921071417743
CsTiCl3_194,0.0942680462629233,0.105734882258802,13.77154615665071,0.8915510591120546,0.4095878606542214,0.0936884984761048,0.1157371684956561,13.893030412541108,0.809493611204262,0.37577588734249295
TiGaNi_189,0.0350052242491642,0.2168854166666666,89.598027016738,0.16139962191632312,0.9451071379942227,0.035299124543074,0.2342104166666666,89.43266793637277,0.15071543377727936,0.943566396991043
KHgAs_194,0.1068384544524401,0.1116440007716049,53.27202079527476,0.9569565199567174,0.892584111077318,0.1064248768329178,0.1660602334104938,53.41768639373734,0.6408811709293462,0.82516567500305
TaCoSb_216,0.0960097357314053,0.2478841145833333,71.95862237265605,0.3873170166341131,0.9003114052987151,0.0950037264599421,0.2632841887297453,71.62442802033335,0.3608409867614993,0.8940290711734966
LuNi2_227,0.0164453490836442,0.0705161179698216,129.13065475084292,0.23321404463419593,0.9952392034326243,0.0165709878004436,0.0983849879972565,128.64306191019404,0.1684300434219262,0.9944899478278569
DyP_225,0.068600297491125,0.1529675925925926,147.36028058811814,0.44846294779464907,0.9989147148909691,0.0676128842597494,0.1712268518518518,147.0752577710623,0.3948731377614134,0.9987832828732867
Mn3PtN_221,0.0314635686279839,0.1125092592592592,4.356059158014389,0.2796531488620083,0.11494637821329812,0.0311790080697403,0.1172407407407407,4.814524579607453,0.26594004671710264,0.11520304876610035
Li2InPd_216,0.079885127853514,0.1745327503429355,62.83965364531841,0.4577085257440194,0.8560434627015975,0.0799116365001614,0.2424580975651577,62.80614274634027,0.3295894725837569,0.8246218623903879
Li5Tl2_166,0.2383805488900665,0.1656092821216278,3.3828237779693677,1.4394153868440391,0.5020341143303058,0.2355888730428964,0.4230935324899659,3.559539795127325,0.5568245670323113,0.17006471007375007
Nb2PC_194,0.0434065213461198,0.1958912037037037,48.89274749562608,0.22158484161327924,0.6269023232674746,0.0437500882807017,0.198118179563492,48.80479303055109,0.22082823684880906,0.6253481200080421
LiAl_227,0.1518443961217399,0.3090760030864197,4.679074135059548,0.49128497393983445,0.16283789266519458,0.1509621444116429,0.352271813914609,4.536314154912855,0.4285388113629672,0.14681135567112816
Hf2CoTc_225,0.0951664022278328,0.1422003600823045,63.48518749890358,0.6692416402655466,0.9007739738580048,0.0951831802555924,0.2310153034979424,63.3735895436764,0.4120211034263372,0.8496351385221843
Ti2ReRh_225,0.0636914899799526,0.14910888671875,33.13969322710562,0.4271475120063624,0.48741248926088515,0.0637923396339064,0.1921958923339843,33.05524027674757,0.33191312706648607,0.4431273208308299
Mg3Rh_185,0.1407082129606632,0.2538692129629629,51.56709256807862,0.5542547334449379,0.7830552180140274,0.1418163301615528,0.2963263888888889,51.30622074178511,0.47858150836079777,0.7559181933416341
HoCd2_191,0.0718725712490731,0.0666155133928571,79.28318962794033,1.0789164203421076,0.9800796413182837,0.0712211816080679,0.1003947585978836,79.55017506849924,0.70941135376732,0.9623262832298167
DyGeAu_186,0.0721252302566813,0.1638635706018518,131.44708339307303,0.44015414769599936,0.9971491238714721,0.072006196334574,0.174366138599537,131.346650302734,0.4129597461577623,0.9969871274512703
LiAg_221,0.0383450378522011,0.0600676359953703,80.56317993710516,0.6383643573913336,0.9597635113728027,0.0386011875723451,0.0715060763888889,80.46783355929007,0.5398308720284255,0.9519900620499366
HoTaRu2_225,0.0647297098108169,0.1573377486282579,134.66987243039893,0.41140610168354363,0.9975222549674628,0.0648866459344766,0.2032509216392318,133.80655192607574,0.319244042837108,0.9969170244310328
BeO_186,0.0025927700918564,0.06150390625,51.352654080444026,0.04215618567896084,0.584219166703503,0.0025306234554743,0.071484375,51.38300392721283,0.03540107128969512,0.5816763467172836
Al12Mo_204,0.1345350355304294,0.4663228293549563,13.266596201581512,0.2885019284098223,0.18365483420238965,0.1347034341228793,0.4775397742802478,13.390406072547268,0.282077936494202,0.18301647938459023
TbTiGe_129,0.0937674905735717,0.434449074074074,151.47663881524022,0.21583079851974607,0.9987056534519836,0.0973597569610325,0.2075833333333333,151.00443989886702,0.4690152884513811,0.9991591779842253
Zn3Pt_139,0.0159679441562597,0.0949556327160493,71.79365747600808,0.1681621584683603,0.8572406197713489,0.0159263492144355,0.1434890474965706,71.82277631835774,0.11099348342120775,0.8442782755997505
BaNiSn3_107,0.181029982724286,0.2498383698640046,84.32215900974586,0.724588392178618,0.9721746801580059,0.1808479288503506,0.3244775842737268,84.39679480593145,0.557351070198392,0.962821786160985
BeGeP2_122,0.096254790169651,0.2471354166666666,6.587261687969413,0.3894819749751948,0.15341648747360517,0.0969796113598139,0.2672835286458333,6.696835220683769,0.3628342227115599,0.14805733580776986
Mg2AgAu_225,0.080056577775397,0.0678369341563786,74.43887839375708,1.180132604325094,0.9779010661170829,0.0798991303151411,0.1530644504458161,74.49080921968883,0.5219966496624565,0.930667882696165
PaO3_139,0.0011223715319439,0.1411805555555555,21.21552387066676,0.007949901652726103,0.1786027514473912,0.0011848383443135,0.1553888888888888,21.00311465989032,0.007624987557255277,0.1766593729694861
Rb2PtSe2_71,0.1167047753139215,0.138762943328373,34.54139789631645,0.8410370414077167,0.6869016128011419,0.118314851573397,0.1595652746775793,34.33171962833144,0.7414824548290114,0.6438717872122205
YAu_221,0.1097198819476659,0.1104910714285714,1.213340747091863,0.9930203457081684,0.28233226351976065,0.1080453584336522,0.1133609693877551,1.1123511699459598,0.9531089846636662,0.2666873259944457
LiIr3_44,0.0277103761473225,0.1962543402777777,42.60376105160832,0.14119624619818005,0.4991124396389165,0.0278411786115289,0.212421875,42.55154521721992,0.13106549695754685,0.493728939207205
VGeRu2_225,0.0313029140605191,0.2248802185058593,27.675134810737077,0.13919816633272925,0.2889055894800943,0.0314761332822942,0.2371711730957031,27.646467439479903,0.1327148357511095,0.28614057042156626
InCuSe2_122,0.0962298362723983,0.1755243764172335,108.40759737537203,0.5482420062479149,0.9907580008877946,0.0966264413458174,0.1981502477534223,108.3700590437158,0.48764229387216873,0.9896702209957665
SrI2_62,0.190949661488883,0.1120615641276041,44.77167815798079,1.703971053549184,0.9510211728466451,0.1906293173993368,0.1538731892903646,44.94762172334689,1.2388728554888921,0.8939256569200045
BaSnO3_221,0.0276355126245131,0.1278935185185185,48.48903067184578,0.2160821982586364,0.6188776541040252,0.0269461022214134,0.1299861111111111,48.5503603750926,0.2072998568160877,0.6159748952080784
Sr_194,0.1836441922214551,0.0479465060763888,1.3558870755048248e-05,3.8301892515144176,0.9844845612685221,0.1763878466668497,0.3282922815393518,4.746283821077668e-06,0.5372890457240507,0.1377958786675889
ZnRh_221,0.0198807261306467,0.1083080150462963,79.95139946968901,0.18355729372520285,0.9096032865448638,0.0199707042110603,0.1096643518518518,80.12542179724737,0.18210752969241273,0.9102410605560693
NdAs_225,0.1260137353646532,0.137939453125,68.85584367399088,0.9135438231037514,0.951258765285139,0.1259888220889899,0.1689949035644531,68.69250375310828,0.7455184708628738,0.9343885055413412
Si3Pt2_194,0.0654744983388123,0.2614351851851851,45.24511401798903,0.2504425649226751,0.5873618370458547,0.0653376428219617,0.2679783950617284,45.22930011882031,0.2438168301101709,0.5842106541106283
LiVRh2_225,0.0150850871141247,0.1211527777777777,43.38790834768563,0.12451292814593362,0.5032663848285308,0.01483600883764,0.1355462962962963,43.40112464413732,0.10945344316313409,0.49662255472675954
Sr2TlCd_225,0.1549275969009399,0.1325062763200518,75.39641407151241,1.1692094986258033,0.9786963005964483,0.155446300878901,0.2234218091998704,75.41981142077128,0.6957525831322968,0.9511238462034356
CdO_225,0.0149156553727582,0.0831705729166666,25.77441530573685,0.17933813426658796,0.28059239250783796,0.0146294768545363,0.0859917534722222,25.64699444616626,0.1701265093897875,0.2757002018849684
SmMgHg2_225,0.1012617608219989,0.141201171875,88.38410772460652,0.7171453287345382,0.9777559017773908,0.1011212698461335,0.168162109375,88.3626230963825,0.601332073092839,0.9726534253081132
Y(BH4)3_205,0.0058874014251805,0.07899609375,29.349734551372155,0.0745277537875789,0.28536615449108865,0.0072960364821957,0.163366455078125,29.876880266998263,0.04466055457166279,0.2807545493096858
NaTmS2_166,0.0578972485679514,0.0968189554437839,206.54567601037036,0.5979949721887708,0.999976037343443,0.0573833613856634,0.2721272798861962,206.6603919057409,0.2108695659239351,0.9999519084036582
VCoSb_216,0.066998781275603,0.2172821509556203,65.95436756961018,0.3083492177380343,0.8452488440633875,0.0676694464051739,0.2275874635568513,66.02968096210213,0.29733380454090824,0.8432092117411392
PmB3_194,0.0353147003365589,0.2169480887593132,66.17582556108749,0.16277949503273928,0.8094641368518882,0.0366783528364936,0.2355720562034337,67.06496789411172,0.15569908174855493,0.8156099809815206
YSnPt_62,0.1305478476757577,0.2059799382716049,55.43761457016921,0.6337891387442667,0.8402052884263406,0.1297195453783801,0.2093332047325103,55.53608688881762,0.6196797375941292,0.8375362940305964
Zr(TiGa2)2_139,0.1075619389323067,0.292935546875,52.559650621513576,0.36718636601042137,0.7316517877278855,0.1068888951810234,0.3497890625,52.870799658373954,0.3055810105012171,0.7129368396603116
ThCoC2_38,0.0443235588564653,0.1695005010932944,43.98936631804124,0.26149514939822666,0.5739522670938448,0.0454577611467941,0.1731846756559766,43.971227367156935,0.26248142899833615,0.574125053042736
Ge_227,0.1600161476616752,0.259448223733938,1.4506158915016232e-14,0.6167556106522836,0.15586676169612937,0.1580924453723372,0.2680832253536335,3.075648813720785e-06,0.5897140530288478,0.14950995838028713
Eu(SiPd)2_139,0.0677534990963804,0.1979457310267857,88.7342917349437,0.34228320431528836,0.9578286266542958,0.0669807928742432,0.2031133742559523,88.55063178343794,0.3297704699141953,0.9564448820946274
NaBeAs_194,0.1418397327429329,0.1569788629737609,14.970518032497631,0.9035594350472617,0.43239527328830274,0.1439094699646858,0.2406090561224489,15.001322522145411,0.5981049603197334,0.30463417132097104
ThGe_225,0.1959686012654331,0.188934326171875,28.096431480281243,1.0372313239001312,0.6805836571259856,0.1974392057003127,0.2187232971191406,28.389643612011657,0.902689417637874,0.6293687311954046
Sn2Ir_225,0.1592942785037018,0.2938594111689814,40.45879034088641,0.5420764911697893,0.6448697215757537,0.1605433121735023,0.296924732349537,40.24859530637384,0.5406868969894776,0.6414027226425227
Cs2SnBr6_225,0.138649394660219,0.1143946759259259,7.287694675688602,1.212026639683815,0.45726311345700815,0.1391676354406655,0.1390844907407407,7.190298587806962,1.0005977999378792,0.3632206351169408
LiAg3_139,0.0404716585844469,0.0819803455075445,75.2835848433704,0.4936751404728145,0.9304082347934809,0.0408454642432621,0.1264681927297668,75.2171372622638,0.3229702533232161,0.9071049514701567
BiF5_87,0.0089275121704606,0.0706952883873456,54.63870318211935,0.12628157228167725,0.6658944727566255,0.0088353725765587,0.0796169704861111,54.533565093623466,0.11097348370094035,0.6582629653965473
MgB4_62,0.0190756079530557,0.2386212384259259,19.333357788175835,0.07994094775003549,0.18128421625650884,0.0195069131491335,0.2472403067129629,19.57021389771986,0.07889859630282826,0.18311430785948654
CsCdBr3_194,0.110856085399089,0.0972944444444444,77.35381185397746,1.1393876190165038,0.9799702448889948,0.1111610676306496,0.1204256944444444,77.10555975515052,0.9230676903584824,0.9701810528431477
Nb2SnC_194,0.0841183478887588,0.2303321116255144,78.96291417520672,0.3652046051899297,0.9295458587935369,0.084814102037554,0.2507314171810699,78.94797239033213,0.3382667516943203,0.9262106431345019
K3AuO_221,0.0704386517216652,0.080302734375,25.503680426617247,0.8771638010821496,0.5769803620113917,0.0730330949269377,0.14298828125,25.42457000955488,0.5107628001993185,0.4109147537743623
Li8SiO6_185,0.0076286116393191,0.03926171875,59.73631023731774,0.1943015202134802,0.7536900495871357,0.0073673421571103,0.051958984375,59.65871314098238,0.14179149661468532,0.7346457324361666
PrSi2Ni_63,0.0811089934908766,0.2350737847222222,87.20574281509097,0.34503631949738683,0.9541935658944197,0.0806286569349625,0.2373697916666666,87.07981052370432,0.3396753073288602,0.9534323460155517
LiCa2Al_225,0.1959251040347372,0.21996875,56.32087448016178,0.8906951739041896,0.8983918776651476,0.1955639313648141,0.3433046875,56.23206018859314,0.5696512121315387,0.8307218923961334
Te2W_31,0.1977197012610704,0.2170451676764455,19.899219243098194,0.9109610841731154,0.5090898342709057,0.1982839056815523,0.2381932265093537,19.67667036328626,0.8324498080291373,0.47012787389558736
Tl(MoSe)3_176,0.1162036602484772,0.1961784297052154,42.51720148907767,0.592336580647979,0.6923439927171611,0.1178610649356754,0.223187358276644,42.58625168031124,0.5280812759546394,0.6678475720648763
LiErTl2_225,0.1252388471657553,0.229865234375,195.50093760628656,0.5448359666318301,0.9999488821497834,0.1256600552884093,0.30248046875,195.1072722753798,0.41543196427755896,0.999933789484879
Ba3BiN_194,0.1680505555419248,0.142134088010204,43.020665758773966,1.1823381561350732,0.8714018597131769,0.1685808034175228,0.246297831632653,42.99399225429178,0.684459145661326,0.7324418703900878
RbLuO2_166,0.0181549594155709,0.113452,203.81970106390608,0.16002326460151342,0.9999374780831238,0.0183950101069615,0.236108,203.69512404043107,0.07790930466973375,0.9999268740046411
K3PO4_62,0.0217905256911994,0.0935774222883597,33.80042882276983,0.23286093117687826,0.41002074623014534,0.0216974729056893,0.1087565104166666,33.70636946427775,0.19950504868685295,0.3940964574315741
BaAlSi_187,0.1984661806238105,0.243133544921875,26.93104185405409,0.8162846500164457,0.5708180015011666,0.1997592552521616,0.3087158203125,26.935596457711075,0.647065171619497,0.4944874745934246
YInPt2_194,0.0972736673270212,0.1939511684303351,53.767711025517535,0.5015368977370235,0.789094010472478,0.097658805680255,0.2085097001763668,53.53020825157399,0.4683657671448898,0.7764292657121047
RbGeI3_221,0.2072479079995661,0.131660743995949,12.426025665613484,1.5741055512031956,0.6887248570336795,0.2056395496187116,0.156441017433449,12.70888725560801,1.3144861430359334,0.5840212379568803
CeAlNi_189,0.080613212278719,0.2117183333333333,86.13039904191051,0.38075688113319905,0.9542176138671324,0.0809060617955528,0.2221283333333333,86.0984312937778,0.364231165747516,0.9528016450235248
Na(BH)6_14,0.0118080715865966,0.1279695767195767,25.208435819419577,0.09227249076920802,0.2434936413370298,0.0135208500062723,0.2502211474867725,25.04465079007933,0.05403560067594629,0.2291867635002581
Cs2NaAlH6_225,0.0759401163469028,0.1034941496672453,16.068636474982505,0.733762406774351,0.37404043468708764,0.0765675068478943,0.1934475368923611,16.010939112743618,0.39580502330457856,0.24369523558340533
LiTi2N3_63,0.0232835790099122,0.091822193287037,36.46288328165798,0.2535724553771823,0.4583751420455083,0.0228822643855905,0.1082194010416666,36.52563052314788,0.21144327325171924,0.44036298355878134
KClO4_62,0.01554372670486,0.0832231040564373,28.59777274001968,0.18677177306819875,0.3188569595349269,0.0156410576141954,0.0866712136243386,28.80445915001217,0.18046427366286644,0.319054318294218
Y2Cr2C3_12,0.0436428327553746,0.1372600446428571,25.663202327046715,0.31795729681518603,0.33263823686003013,0.0435510094142934,0.1511411830357142,25.252998557645988,0.28814786638266837,0.315398567168685
NaSmO2_141,0.0185528362239949,0.0640110596707819,91.19156719852488,0.28983797986496096,0.9598708974893079,0.0182516082207134,0.0819729777520576,91.18139960306796,0.2226539613568603,0.9548687380339856
SrHgPb_186,0.1503313670087326,0.17053955078125,63.33949715732608,0.8815044153690875,0.9297507631474052,0.1499310570892142,0.19840087890625,63.40861281735872,0.7556975448685429,0.9135981878027748
NdPO4_14,0.0112973617952634,0.0947723765432098,32.17523742075392,0.119205217884481,0.3390137486496775,0.0111601040681728,0.1017288773148148,32.04163184082075,0.10970438643135946,0.3333761743993479
Bi2PdO4_130,0.0344660840341154,0.1585718790690104,65.59222424108141,0.21735306560323836,0.8191760572682326,0.0347442485660886,0.1779905954996744,65.2694776948092,0.19520272106821598,0.8101838503460362
Ca4P2O_139,0.0910438444325957,0.1248183513374485,54.001647375091935,0.7294107273253205,0.8516469259123692,0.0899816462898107,0.1473829732510288,53.87515922207497,0.6105294546918267,0.8211223500196734
GaRh_221,0.0317654734704418,0.273121021412037,49.71076950747677,0.1163054872386393,0.5930512144855827,0.0316946230615002,0.2707338686342592,49.67253590805565,0.11706929473355702,0.5928338987026874
LiB_194,0.0180628735385122,0.1088888888888888,19.130597522392087,0.16588353249654075,0.203651260689749,0.0178285421488158,0.1533217592592592,19.671770425262896,0.11628187828622977,0.1944460241213158
Zr2Ag_139,0.0967002707839066,0.0977331090856481,4.633566490763378,0.9894320531557389,0.32415720564303385,0.0967951602717564,0.1119972511574074,4.755993898772673,0.864263714255941,0.2779073719887538
YCu5_191,0.0248836272195075,0.0681262860082304,53.45751052909409,0.36525735773268614,0.7413991618451075,0.0247391814933919,0.0791730967078189,53.38518823033581,0.3124695448592796,0.7217173877615664
Lu(CuSi)2_139,0.0346583760673678,0.2049395651117589,171.72538232650172,0.16911510497481386,0.9995802828277444,0.0343602890275745,0.2173795857628765,172.17551771369125,0.1580658501440684,0.9995831522039309
Ti2AlMo_225,0.1122813116286864,0.243717313957476,13.780084642572977,0.46070305718319765,0.24083374249697112,0.1126470019808635,0.3364465449245541,13.923983845778174,0.33481396578503675,0.20289913127427198
BaBr2_62,0.138744127610732,0.1153515625,9.82102859921672,1.2027936562257835,0.49087189852428803,0.1390027493631721,0.1324761962890625,9.917428453252208,1.0492658549757024,0.423177227127165
SmRh2_227,0.0609546309049286,0.12237109375,49.64334368366217,0.49811298597573084,0.743910717079165,0.0607167032419544,0.130365234375,49.47611895210765,0.46574306051029485,0.7305789564611843
TiPt3_164,0.0420352670684237,0.1802356770833333,37.021223476707725,0.23322389744727612,0.457491464726056,0.0421647313186167,0.1849778645833333,36.787640149367554,0.2279447403806595,0.45164664295360823
BaCd2_74,0.1186586235008431,0.0823974609375,70.25369959477511,1.4400762129168987,0.9822204025851382,0.1198752112493611,0.1318901909722222,70.619923258805,0.908901642841721,0.9555707317221239
ZnPt_123,0.0247472677294353,0.1307198660714285,82.3606898425052,0.18931527757160335,0.9215407568605577,0.0246246137313882,0.1328590029761904,82.51183476039212,0.18534395998591954,0.9216729437727685
MgAl2O4_227,0.0102289775142687,0.0402314814814814,57.81975785469251,0.2542530659473008,0.7526182647684774,0.0098395745443501,0.0437037037037037,57.91977923208815,0.22514280737072262,0.7437805410817239
Mg3Hg_155,0.1751787894150306,0.281617431640625,70.21849655810827,0.6220452633009526,0.9257451509406656,0.1738699967564146,0.339914794921875,70.13232257969145,0.511510529561905,0.9102809055345997
Pr2CBr_194,0.0918609825519546,0.1144400282434402,46.909620738081024,0.8026997542900393,0.8109632715052396,0.0935004679376648,0.1219322271319242,46.53093847763123,0.7668232602403158,0.7971247330493415
Al(CrB)2_65,0.012264987577323,0.2978877314814814,31.85573780398125,0.04117318802062001,0.30393724170196185,0.0123095993470258,0.3181888640873015,31.747966186115047,0.03868645555002331,0.3016215531139456
CdI2_156,0.1515875825313938,0.1195907592773437,92.52172203833204,1.2675526390784597,0.993510480955691,0.1528849334328186,0.1505584716796875,92.48034295381764,1.0154522141941014,0.9897528102462816
LiAl2Pt_225,0.0523803564406922,0.2635859736689814,46.20250829539486,0.19872209325702933,0.5784428164614329,0.0517013515383608,0.2863136574074074,46.14300737163788,0.18057591805616466,0.5695086967993476
Ba3(PO4)2_166,0.0291143701156489,0.1232916666666666,39.92386379512041,0.2361422381803224,0.5021474015612125,0.0288922678332262,0.1481475694444444,39.95089936852256,0.195023569685096,0.483876891295346
ScIr3_221,0.0546509868540424,0.1979074074074074,34.06920382991729,0.27614422102725644,0.4331191345893737,0.0550126978068192,0.1996111111111111,34.11638297111155,0.2755993767110341,0.43356941281070427
ScH2_225,0.0248887714320414,0.0961358873906705,5.552446891740758,0.25889157636731536,0.11843819529860353,0.0254119847700147,0.164893859329446,5.403558500045101,0.15411116504492378,0.09915697943699768
BIrPd_43,0.0291548834666446,0.209853515625,39.29853365579704,0.13892968807224196,0.44880575124283095,0.0298997229156234,0.2103141276041666,39.14417759495517,0.14216697307133755,0.44797575235055903
PaAs_225,0.1480104799763636,0.1849444444444444,34.60159371622421,0.8002969779436904,0.6715583896472606,0.1437427251826653,0.2274583333333333,35.01627018800954,0.6319518967547111,0.6068612510768253
CaP_189,0.1075430308656,0.1422136935131195,38.63749186618314,0.756207283623352,0.7061339828570771,0.1101974182446459,0.1772864279640427,38.37105386063187,0.6215784226133553,0.6493266037480411
CaSmHg2_225,0.1036472626080648,0.090890625,44.9038781765075,1.140351522591739,0.8754277769545992,0.1034782780260726,0.1167734375,44.70070895873464,0.8861456872507723,0.8139241602657022
GaP_186,0.1225870127952404,0.2524281196853741,9.037342384835444,0.48563136685418645,0.19993817367574088,0.1218279472060431,0.2632234534438775,9.009412779618238,0.46283089752113726,0.19313195341648606
Ac2CuIr_225,0.145856477026432,0.14369921875,79.05478804547765,1.0150123173612036,0.9773811206584707,0.1458732932822718,0.163921875,79.5279065042865,0.8898952216247636,0.9725362696471158
PmAl3_194,0.1375272656502438,0.3513334297839506,86.53625862326366,0.3914437226620165,0.9560897850904655,0.1367933736536359,0.3733106071566358,86.41271855628752,0.36643312842230424,0.9538170087142627
Ti2TcNi_225,0.0398476793864167,0.116058349609375,73.81274388843188,0.3433417717943998,0.903064710046255,0.0398946130961419,0.1609535217285156,73.76330701024014,0.24786418257708684,0.8864806122658917
AlVRu2_225,0.0305012425400272,0.2268867492675781,30.11487146731261,0.13443377649196986,0.3179220772500416,0.0303953156250601,0.2420234680175781,30.16035932905372,0.12558829882915526,0.31503383617226033
VTc2Ge_225,0.0427758016024412,0.2198371887207031,19.934090817850787,0.1945794606061245,0.2203910184205106,0.042912596748968,0.2433357238769531,19.77691878412493,0.176351404821544,0.21317017496583124
SnPt3_221,0.0650290934324126,0.2412268518518518,47.41569893287932,0.26957651245372083,0.6266231636821781,0.0649854558286354,0.2416527777777777,47.12342042614577,0.2689207896811167,0.6222411709658745
BaClF_129,0.0620994374808687,0.1132541232638889,69.41727825424303,0.5483194403101183,0.9122292297344633,0.0622520382836378,0.1229835792824074,69.58253179883286,0.5061817085408479,0.9067412462609457
ScZnRh2_225,0.03794018376045,0.116912841796875,96.95879253991563,0.3245168210551881,0.9729567703252778,0.0383539010989728,0.1361236572265625,97.13004651920356,0.2817577919989106,0.9711241716701569
Ca5Al2(SiN4)2_60,0.0274918749568694,0.1054197668650793,33.09930451408373,0.26078482028948774,0.41214634156647345,0.0272014861235771,0.1106950644841269,33.227446839536675,0.24573350447325185,0.40738609093195005
NaTiS2_166,0.0884645849233903,0.118278,29.1114012658311,0.7479377815264909,0.5723602971748518,0.0878261941581616,0.290602,29.02187221580957,0.30222157506886255,0.37195342053480485
Y(SiCu)2_139,0.0537239410579077,0.2098680555555555,105.78716441287564,0.255989130483396,0.9817787339134594,0.0534312633765327,0.2112673611111111,105.8115915803986,0.25290827270016303,0.9817045850798027
ScSiCu_189,0.0600511753730841,0.2118489583333333,117.62490272044371,0.28346221688093787,0.9913818280349138,0.0603383523747343,0.2367567274305555,117.47564669065368,0.2548538030136123,0.990845425868591
C_166,0.0196335850847493,0.1330223083496093,3.5527136788005016e-14,0.14759618389081253,0.07297351267644821,0.0200015525164002,0.2624702453613281,8.507908617616522e-07,0.07620502845518805,0.06466887158160216
NdMgZn2_225,0.0776092265001946,0.1302083333333333,116.55725100188856,0.5960388595214947,0.9947765099794249,0.0778328742597423,0.1738200874485596,116.6728618323644,0.4477783632618192,0.9932191347593512
Sr(Li2P)2_166,0.0967487395076577,0.1100480324074074,47.611695912143816,0.8791501073775261,0.8371578991796474,0.0964477672677527,0.3489322916666666,47.769292049954345,0.27640825905528055,0.6344454343346421
FeAs2_58,0.0607797340507963,0.2340386284722222,58.40349625113707,0.25969958227647955,0.7608711852548853,0.0610966223781574,0.2353352864583333,58.75108220702738,0.25961522089452876,0.7646082514312007
Ba2Si5N8_31,0.037167032199285,0.1475907029478458,29.25459878905553,0.2518250232361772,0.35400079873847273,0.036035670825276,0.1502338435374149,29.334377067969022,0.2398638680657965,0.35013167847826104
LaB2Rh2C_139,0.0467517945213534,0.1849116572627314,31.645569192797964,0.2528331377990204,0.38780215517844746,0.0478718595247121,0.2322014702690972,31.726086689331485,0.20616518693543856,0.36899096874518683
Ni3Sn4_12,0.0826319410347025,0.2841753472222222,106.61148735862687,0.2907780067568112,0.9836868277526694,0.0822738928463156,0.2827278645833333,106.60011597803194,0.29100029799880434,0.9836823876660155
RbGdO2_166,0.0263525204770315,0.107338,107.56133414876533,0.2455097027802968,0.9832739832551664,0.0264323279751751,0.207627,107.84357365245984,0.1273067952394202,0.9796877922350233
NaBrO3_198,0.0208431150885219,0.0741057219328703,58.757762081430286,0.2812618856530799,0.7716848867014033,0.0220948396506557,0.0906575520833333,58.69607281881085,0.24371758494367804,0.7587667517022145
SrRuO3_62,0.0103768756018777,0.1163566468253968,19.61674013268307,0.08918163151821569,0.18634796883987367,0.0102170550128509,0.1165823412698412,19.365043067785265,0.08763810111861221,0.1836536781515191
Ta3O7F_65,0.0109235412711851,0.0801265656001984,48.648109814362485,0.136328584525755,0.5864664507000449,0.0110630124489127,0.0901421440972222,48.4706457989851,0.12272852570469993,0.5778711785081837
BaSi2_62,0.1822890828097763,0.2105603174603174,21.74759628984625,0.8657333205442704,0.5161954632345213,0.183877621827792,0.2561111111111111,21.823951808023526,0.7179603455315088,0.4503727350792939
Sr2IrO4_142,0.0160490527372732,0.11215,24.219233074952108,0.1431034573096139,0.24965470833002784,0.0164461505791702,0.11670625,24.04566349114137,0.14091919309523013,0.24697474096540492
K2CN2_12,0.0338486897713225,0.0936970899470899,9.659099563922103,0.36125657467522865,0.17143572460804618,0.0330830237822823,0.1053472222222222,9.828065152466266,0.31403793175007594,0.16094944463735392
TaCu3Se4_215,0.0651347083594676,0.1319697521865889,106.73021100049858,0.4935578591325622,0.9887373967380568,0.0652451877398456,0.1511209642587193,106.80912473708926,0.43174147319590783,0.9874738158936396
MgPd5_155,0.0327656401130061,0.107130111882716,55.66801722615793,0.3058490235581692,0.7460394716002007,0.0328715009231843,0.1197627314814814,55.60845972122341,0.2744718704772288,0.7343907569597423
Ca(CoGe)2_139,0.0596243636060012,0.18953125,69.4256618687443,0.31458856313141603,0.8717944343243655,0.0596164916518562,0.2042361111111111,69.33407174161671,0.29189985711891514,0.8664820942721191
BaY2F8_12,0.0095254752532298,0.0872565375434027,41.592852673232585,0.10916632176118249,0.4694724248072764,0.0093555544896713,0.0924106174045139,41.5667304961777,0.10123895665277005,0.4654969690275956
MgInAg2_225,0.0923787720886316,0.1781550068587105,82.5938982870044,0.518530316478248,0.955878758957543,0.0919498221444365,0.2236796982167352,82.64021103123963,0.41107808566221066,0.9470094199988575
ScBRh3_221,0.0508662828688096,0.1531111111111111,45.32705483995839,0.33221810291675363,0.6240045016427822,0.050964229035716,0.1589537037037037,45.490211701560575,0.32062309872763606,0.6213482758357918
SmSi2Ni_63,0.0636551952887627,0.2315017361111111,100.46475695014898,0.2749663840888471,0.9759364794690656,0.0631800876196296,0.23357421875,100.34490384235752,0.27049255674596834,0.9755744526055123
Cd(InS2)2_227,0.0911919158639525,0.1596651216290087,67.03452605990249,0.5711448745571515,0.9037868168547442,0.091910438973946,0.1834407172467201,67.25940653086695,0.5010361949813482,0.8934125215831771
Sr3GaN3_176,0.0501132850195108,0.1124292490433673,29.391539027379984,0.4457317419258099,0.44005788739843116,0.0505369017135617,0.1622977120535714,29.308787004716088,0.3113839441980576,0.37988821554010715
ScInIr2_225,0.0950086236630497,0.2276314943415638,39.61380384951413,0.41737907989343564,0.579173889511772,0.0948757670246494,0.2552029749657064,39.72080230686321,0.37176591314187696,0.5604274493944467
FeP4_15,0.0552011037939176,0.2414416808390022,48.50694547360541,0.2286312106596322,0.6244932385174801,0.0551063289176189,0.2496067176870748,47.92079481733224,0.2207726195362427,0.6128481369599681
ScGa2Ni_63,0.0701015715197942,0.2554600694444444,89.63843035160926,0.2744130292935639,0.9549422595420687,0.069775637528342,0.2740668402777778,89.69891231331148,0.25459350521070545,0.9535275752012666
SrZn_62,0.0989813400666089,0.0581121858465608,94.04075142316584,1.7032802780463097,0.9973053747280153,0.0978364122043679,0.1618840939153439,94.8714677337182,0.6043608722641444,0.9814127070648554
ZrTe5_63,0.2065581687419337,0.1704899691358024,64.89540476086529,1.2115561389855227,0.9635884136074123,0.2054131416336434,0.2095807613168724,64.66568229369894,0.980114493062043,0.9448746114741163
HfC_225,0.0514702341421386,0.1569037208504801,21.46835404758145,0.3280370526788633,0.283120756469928,0.052049143085858,0.1696030521262002,21.36920661355228,0.30688800958091644,0.2742031035558589
ZnO_225,0.0044671334129646,0.068023681640625,63.95663398689467,0.0656702681363948,0.7571717180228978,0.0042630919628594,0.0687255859375,63.64572378958863,0.06203063829439468,0.7525041155538889
ErTlTe2_166,0.1518373650688358,0.2105274200439453,215.1222641609085,0.7212237011081093,0.9999885357042209,0.1506881396722154,0.2023887634277343,215.3839190295288,0.7445479537505089,0.9999891822159503
Na3BN2_14,0.0313389741954013,0.055787037037037,46.00974917175552,0.5617608652453681,0.7240372196083246,0.0319159072696649,0.1065674603174603,46.36978466963462,0.2994901743420427,0.6246930954327617
DyGe_63,0.0822552783228092,0.175031001984127,158.76819191365155,0.46994690877830125,0.9994724117598652,0.0813620827714884,0.2032149057539682,158.64429966603788,0.4003745811342859,0.9993968983543241
VN_187,0.0042065502963257,0.164265625,19.04074321551067,0.025608220200213527,0.1646648808222466,0.0042338005433544,0.17334375,18.357907487170248,0.024424304558741807,0.15883233244060987
MnGeRu2_225,0.0273019568964259,0.2196769714355468,35.669324427251865,0.12428228920861782,0.3895190555438177,0.0273518153293207,0.2284431457519531,35.65930234961884,0.1197313897919253,0.3874119153118855
Li3Al2_166,0.1578824210520453,0.267681640625,5.245637909196796,0.5898141564113678,0.1939882897995947,0.156869052448785,0.41544140625,5.280326615333032,0.3775960943921559,0.14089501503022472
TiPd3_221,0.0371211360330968,0.1245555555555555,50.45828921147157,0.2980287460284312,0.6795207259679316,0.037070601316455,0.1271944444444444,50.384370154914656,0.2914482741630008,0.6759426060340347
CaSi2_164,0.1332312739822587,0.2403362386621315,43.84271890776992,0.5543536618693502,0.6945361362155132,0.1333829212207101,0.2598276289682539,43.64072246828181,0.5133515698478972,0.6758603051450238
Mg2VN3_36,0.0322816710752612,0.0643884637188208,41.19635178998369,0.5013579950631007,0.6380044894447047,0.0315658442278687,0.0749149659863945,41.27556961797294,0.42135565053318524,0.6049351224686967
Lu2Fe14B_136,0.0220350931841694,0.0838758680555555,116.94922686309631,0.2627107616886227,0.9906878089471585,0.022223351573358,0.0869225396050347,117.03800074764932,0.25566845693117307,0.9906185095561748
Ni_225,0.003518237944678,0.0743212463556851,3.1776437161565096e-14,0.0473382527499672,0.061567392739219205,0.0034903555966864,0.0771683673469387,6.249336552874669e-06,0.04523039318681223,0.06134647175265128
Al4Cu9_215,0.0129719396907735,0.1797232627868652,117.4773487932418,0.07217729908541107,0.9872882981229224,0.0129195077957027,0.1850528717041015,117.4717904068725,0.06981522457193164,0.9872301209403015
LaF3_165,0.0065119019405694,0.0996878651628308,47.0970616910075,0.06532291498000099,0.5318336975709648,0.0063015782100969,0.1036609955291368,46.9140807578986,0.060790253633302864,0.5270531403758425
Ru_194,0.030415470549006,0.20798828125,2.094283214404413e-06,0.1462364627767027,0.07280654205404741,0.0303033956668024,0.21337890625,1.1715035341808295e-07,0.142016829120392,0.07229058587664643
HoCdCu4_216,0.023432842279686,0.068248046875,49.42041085393944,0.34334817408920904,0.6839115149032896,0.0234043783229836,0.0826171875,49.34056775974253,0.2832870378573902,0.6587844051096308
UBr3_176,0.1176753870399898,0.1108658854166666,45.344835430635314,1.0614210728370688,0.862093024770247,0.1216490680874781,0.143349609375,43.06594879016074,0.8486180647290522,0.7874580365782153
LiAlAg2_225,0.047448323086945,0.1634063720703125,79.0450337801014,0.2903700907485319,0.9204631636226155,0.0474278842238976,0.1889228820800781,79.09219327849621,0.25104362003007397,0.9152904882427026
CsCSN_62,0.0919506747292938,0.0917154947916666,26.497410908426858,1.0025642334281837,0.6451414948518154,0.0865083449093545,0.1220269097222222,26.433836319376372,0.7089284249374099,0.5150798512012719
RbMgF3_221,0.0126002643854311,0.0883518518518518,70.46810620414337,0.14261460423669667,0.8411478654067129,0.01251163260845,0.0903518518518518,70.4278707220699,0.13847677000539055,0.8398168519568034
Fe3Ge_221,0.0120464776697603,0.1651728771865889,54.81385784833669,0.07293254119531922,0.6463902893702091,0.0121593282205343,0.1705596301020408,54.89098847393193,0.07129077504014128,0.6467634582920666
Be12Pt_139,0.000946263017049,0.468677662037037,28.149887579628405,0.0020190060113729554,0.2457187446281704,0.000945125400006,0.4601699138374485,27.89765102627793,0.0020538617836277284,0.24294302981401986
MgTaRu2_225,0.0695249497019535,0.1427116394042968,36.58296463521494,0.4871708431923474,0.5658175038701687,0.0696180853940658,0.1959266662597656,36.52927474892187,0.3553272595459977,0.5055000989471287
Nb_229,0.0846198542413931,0.1197012442129629,1.004859173557616e-14,0.706925435886399,0.1786606317092844,0.0863569948235759,0.1337890625,1.2204989282338374e-05,0.6454712605791366,0.16285667879748794
Ti5Si3_193,0.1001311493146838,0.2607788923182442,6.442165180070616,0.3839695322905495,0.1510031973347795,0.1000680595544087,0.3117401834705075,6.261639492301266,0.32099826990663116,0.13563900398398085
LiFeRh2_225,0.0136318335305781,0.1073472222222222,52.99885449907928,0.12698822799865744,0.6440092895021622,0.0135422655261663,0.1189305555555555,52.9937283850665,0.1138669996361058,0.6384532818661219
BiI3_148,0.2416860354986013,0.1422939300537109,1.8581905299864752,1.6984985614451256,0.5957288228590332,0.2434417973132003,0.2136416435241699,1.860915369534241,1.139486634241601,0.3479646504487546
CaSO4_63,0.0118346281316086,0.088241598079561,22.21357149404288,0.1341162035725847,0.2249879541565049,0.0117356495288015,0.0898276748971193,22.149729031333557,0.13064625731705154,0.2232270616410463
Li2CaSi_225,0.1108665665245967,0.1510604209533607,46.44601044942424,0.7339220017057037,0.7864313379933938,0.1092312565739901,0.2636638374485596,46.688187347103096,0.414282283194414,0.6763786603445255
LaZn_221,0.1143961195850221,0.0953614704810495,102.87319324234912,1.1996052389707563,0.9960384342056696,0.1135173469663266,0.1013005648688046,103.01648262591875,1.12059934822026,0.9954684522359227
CeAs_225,0.1525577975788724,0.1460723876953125,35.09826639549867,1.0443986025414165,0.7664836558067074,0.1524321460226609,0.1722602844238281,35.020461731276654,0.8848943128853649,0.7097244930668931
SrSn_63,0.2086854479785924,0.1745949074074074,55.18513312402278,1.1952550683029755,0.9349273630751157,0.2100270098579839,0.2597276475694444,54.980392731990335,0.808643253128561,0.8754621952408844
LiHoSe2_166,0.0793177284056532,0.119387,168.55465336935728,0.6643749185895718,0.9997936518474634,0.0800102365913263,0.250348,168.3812236124326,0.31959606863776147,0.9996099369561533
HfSe2_164,0.1535316390537519,0.1583791719812925,7.487492229209681,0.9693928635508133,0.35426779134067093,0.1558046382648208,0.175953975340136,7.363640604996812,0.8854851842002173,0.31859734355407204
V2C_60,0.0351402085518679,0.1567170965608465,5.995130530146412,0.2242270264254447,0.11468017523347092,0.0352918578832467,0.1743716931216931,5.911737515196429,0.20239442108655042,0.11022270639201494
MnSbIr_216,0.0911905008924188,0.2018681278935185,43.4429678929541,0.45173302910165203,0.6481688204252384,0.091830252211035,0.2102638527199074,43.43030046305236,0.43673817930732073,0.641755633492738
LiInAu2_225,0.0799906654630506,0.1849601337448559,64.80320101339531,0.43247517096518806,0.8646521200356874,0.0800424172785611,0.1994411222565157,64.70542227188487,0.4013335683882321,0.8571765525583463
Te4Mo3_148,0.1755079153312111,0.2029098714626835,26.868772104482105,0.8649550367661053,0.5914368085921722,0.1754447145984211,0.2218761113651374,27.14507661434541,0.7907327810955501,0.5625619163856069
Cr5O12_60,0.0131928898977879,0.0667209201388888,19.201532719172675,0.1977324334005748,0.21391178799479768,0.0150168844585641,0.0763634575737847,18.00633362902759,0.19665013784969504,0.2018118672719863
ScAlCo2_225,0.0195844779518732,0.1949653625488281,74.916218479692,0.10045106318291983,0.864877417872622,0.0194337692349165,0.2270050048828125,74.99288797226615,0.08560943070373649,0.8622403367626625
HfAlCu2_225,0.0437015426974539,0.189674660011574,117.63184159021591,0.23040264152727216,0.9905216354148959,0.0439548034918679,0.201240822120949,117.57575409464482,0.2184189223071766,0.9902827281212992
In_225,0.3903984925920961,0.3623649691358024,1.1938124470981842e-15,1.077362675324688,0.29895611196774846,0.3964988876627572,0.3694902584876543,3.717517055856767e-07,1.073096999324558,0.29733402601752673
Ca3BN3_123,0.0304174324402895,0.1002471301020408,22.773454893667743,0.3034244711976076,0.2899459301862799,0.0306501899845929,0.1085379464285714,22.244239495402027,0.282391467621545,0.27576958578543204
Zn(InTe2)2_82,0.1932425568317324,0.19677734375,102.87519370843262,0.9820366163558013,0.9941292866647237,0.193475184618843,0.2316342308407738,102.97338791335508,0.835261627422583,0.9923929408069162
SbRu_62,0.1153124779426881,0.2642105344742063,37.63782285833448,0.4364416361072293,0.5586674785390277,0.1149577870241211,0.272736080109127,37.59369205149702,0.42149827400219386,0.5513084443265146
Sm(SiIr)2_139,0.0730096631672503,0.2397420634920634,72.45553538282091,0.3045342235892921,0.8889435128402259,0.0727630846954065,0.2478406084656084,72.22627539482343,0.29358822650527616,0.8855814558198724
AlFeCo2_225,0.0038412915094651,0.1758786848072562,63.85798996736824,0.021840574448658945,0.7410977912749762,0.0038353827977079,0.1787536443148688,63.83382718762109,0.021456249534985688,0.7406860847545811
Pm2TlCd_225,0.1253725658349344,0.142669921875,89.19265143579284,0.8787596165138392,0.9840978281658425,0.1250523071724709,0.1788515625,89.01396632053553,0.6991960563524341,0.9778661371856544
TiN_225,0.0103072939482555,0.1307779947916666,28.246434491599764,0.07881520101814789,0.2736381382377416,0.0107943506789731,0.1363480179398148,27.61708393016785,0.07916763911990139,0.2663404244485814
SnSb_225,0.3077179485987346,0.2938820167824074,2.6705041701341634,1.0470798858937036,0.3213734675737911,0.3085773947695815,0.2975260416666667,2.71938157637606,1.0371441539739106,0.318082644715485
OsO2_136,0.0097100632712809,0.1181439686213991,28.84768883205706,0.08218839594255972,0.28208860693167875,0.0095250710616163,0.1203703703703703,29.238501327741453,0.07913135958881239,0.2857146439324868
YCu2_74,0.0503092011662263,0.0683333333333333,59.3687614748461,0.736232212188678,0.8890635776227088,0.0500977428837335,0.0724638310185185,59.627854288770905,0.6913482516668318,0.8823789822355789
ThCd2_191,0.1201954007779249,0.1011997767857142,60.28005679111703,1.187704208403869,0.9505552189086821,0.1190828541231401,0.1183175223214285,60.13619088680503,1.0064684569681273,0.9320256228172075
Ti2S_58,0.0706828898784698,0.1855239105673133,9.795001783426532,0.380990728700838,0.17777577403895375,0.0707102943450663,0.2252937150940623,9.849077915295572,0.31385826415771995,0.16107523508300559
Y2Al_62,0.1671428301489672,0.1976357886904761,63.81387941357417,0.8457113524652919,0.9273188660642907,0.1658898238284291,0.24806640625,63.61298691549932,0.6687315156299165,0.9013731859711764
Zr2SN2_194,0.0340845179842837,0.1228276466836734,50.81619677936163,0.2774987464513094,0.6760513434391603,0.0350283121239774,0.125107953337585,50.68424396859528,0.27998469473366544,0.675310617952782
Pm2ZnGa_225,0.100365563368607,0.129857421875,103.8546705339452,0.7728904664780601,0.9919215690281837,0.0999635059456752,0.174689453125,103.92134244967238,0.5722354965193335,0.9884539423717124
ThN_225,0.0664590549255313,0.1618075801749271,12.756359847520685,0.4107289340442745,0.2141309932826199,0.0647874476872509,0.1701838101311953,12.727853493329782,0.3806910165973251,0.20481061717597626
NaSnSb_186,0.3248545403646942,0.1942518446180555,12.841013562431751,1.672336965465806,0.730569383257255,0.3263264200020785,0.2793158637152778,12.75114688965818,1.1683060734950637,0.5190377332478842
Ru3W_194,0.0378008055916269,0.2183349609375,22.189171743977056,0.17313217008084958,0.23732696829322955,0.0379064616368252,0.22559326171875,22.32339782550528,0.1680301146764023,0.23710298969197915
Co2P_62,0.0068127338228789,0.1872652706916099,59.90082148305354,0.03638012428956019,0.6987295548879308,0.0066791955171891,0.1879251700680272,59.68959375510838,0.03554178248060807,0.6957391296656367
Ce2MgGe2_127,0.1724648691451955,0.2187998246173469,45.48547603899756,0.788231295188717,0.7932698781654315,0.1721602175326412,0.2463254344706632,45.44641466694568,0.6989136866950095,0.7649657010447254
ThSiAu_187,0.1353143295564561,0.2025985717773437,46.41109591856694,0.6678937979146607,0.7652116487359355,0.1338428475795365,0.2096138000488281,46.51642481746013,0.6385211639136293,0.7566490724172671
LiHfIr2_225,0.0629700169934374,0.1607627868652343,39.3657928475523,0.3916952313486858,0.5641113971017493,0.0638752384207507,0.1810035705566406,39.20910052714853,0.35289490822924136,0.5443771444600967
NdNiC2_38,0.031676012627606,0.1221414905247813,58.39093103090568,0.2593386775575598,0.7606149257049952,0.0316767307082304,0.1270556213556851,58.27270730534477,0.2493138860779183,0.7559791708788473
Ga2Au_225,0.0884309474244615,0.2586402893066406,58.05255521590619,0.34190708517039625,0.78344356170908,0.088629971535201,0.2622947692871094,58.05029237553555,0.3379021692887292,0.7821831729465696
LiTlPd2_139,0.0556960814769076,0.1800786608367627,70.66458997849969,0.30928751478996647,0.878834481683525,0.0558482189599785,0.208936149691358,70.44936033222255,0.2672980192392647,0.8690120622151387
LaCoGe3_107,0.1088505548055198,0.2338721865699404,61.47784268082755,0.4654275328843672,0.8475261354041203,0.1079961294775372,0.2473929268973214,61.79323295492076,0.43653685184928587,0.843130057343721
KUO3_221,0.0209914306051635,0.0938644409179687,30.772004643633977,0.22363560044541916,0.3631068524360201,0.0209702609607839,0.0992050170898437,30.761807518841813,0.21138306888040215,0.35783325042313796
Yb2MgIn_225,0.0776954026508384,0.4680625,238.09202202706476,0.16599364967464472,0.9999920480378978,0.0874259506908238,0.3559609375,237.0337645537409,0.24560546251180665,0.9999926691956359
I_64,0.2243423506719301,0.1150065104166666,6.32968410330592e-10,1.9506926160887905,0.675853165566325,0.225496183098333,0.2012000868055555,4.112271670724025e-06,1.1207558936903332,0.3157403109096725
VPt3_221,0.0407227009496882,0.1766018518518518,26.78036326985541,0.23059045260663383,0.312560010566716,0.040916645083946,0.1810648148148148,26.835704887157256,0.22597789154007508,0.31147172241518484
AsPdS_198,0.0685076082042789,0.1787945782696759,51.17711784528639,0.38316378979316057,0.7209754484674024,0.0681410291095846,0.1820000542534722,51.20408891968686,0.3744011472363866,0.7180877161732077
BeCo_221,0.0,0.197515625,69.44411496381568,0.0,0.7935304920517441,0.0,0.19584375,69.52162506597122,0.0,0.7942895456729883
InCl3_194,0.0811741183835607,0.0906723760932944,18.90403341896415,0.8952464011755822,0.4870631434422352,0.0805760324974245,0.1740524781341108,18.922017172637783,0.46294102423143385,0.30231743892433444
Bi2O3_14,0.0446635345473221,0.1787589905753968,57.73474902692469,0.24985336068164896,0.7501743071392811,0.0455824736202164,0.192014663938492,57.64635695952073,0.23739058614199285,0.7449017782126351
PdO_131,0.0216696271431255,0.0991319444444444,2.117077154529156,0.21859378694291234,0.09227634734538401,0.0214969332928467,0.0991102430555555,1.9295061657567825,0.21689920870032328,0.09108501242507738
LuTlTe2_166,0.1391821421249935,0.1957759857177734,244.7712143537169,0.710925508124554,0.9999980194376736,0.1392186121275469,0.2098960876464843,244.58470345746431,0.6632739737484992,0.9999978160431892
Sr3TaGa3(SiO7)2_150,0.0203238632603861,0.0788215637207031,45.06065474123257,0.25784648643107133,0.5879468558456237,0.0199201021009461,0.091473388671875,44.99909903051705,0.21776936866744573,0.569293702585564
LiTaIr2_225,0.0529542520709929,0.1731529235839843,36.82327257014653,0.3058236094137245,0.48741210521007006,0.0527778242528692,0.1905441284179687,36.845944570242494,0.27698478400288584,0.47466860787835763
MgSnAu_216,0.1452271291907046,0.1824137369791666,62.73409955893379,0.7961414068683376,0.9161773618335525,0.144424339460234,0.2135597511574074,62.53692406572595,0.6762713417557032,0.8967729919922308
Hf(CoSi)2_139,0.04797838777718,0.2581268221574344,81.53043879979133,0.1858713766208978,0.9173986613955307,0.0478028615181394,0.2702510021865889,81.37025372356868,0.1768831979580781,0.9154130172774958
Sc3Al_194,0.3159179178088503,0.4013943142361111,1.4512575142990018,0.7870513024332945,0.21534919838455313,0.3155335751188497,0.4088433159722222,1.224544044327039,0.771771392100459,0.20844655872552997
NaZnN_186,0.0252477675690691,0.0484594228316326,124.35731288450202,0.5210084250650268,0.996241094173685,0.0247910156697688,0.1303387077487245,124.95275177141474,0.1902045531827931,0.993401870684553
CaSn2Pd_63,0.1543651963162387,0.2224289021164021,62.57487253934357,0.6939979240443128,0.8999218977468485,0.1534361068924691,0.2346171107331821,62.55299864537161,0.6539851522891016,0.8930551366463573
ScCu2_139,0.0303157766806564,0.0729950327932098,114.35592072063432,0.4153128715831806,0.9917493047605277,0.0302017446362691,0.0988618827160493,114.49982568238548,0.30549433013545196,0.9900306354182368
NaSi2N3_36,0.0196468542170861,0.1163172743055555,43.25653387022335,0.16890745019931863,0.5214563663466658,0.01930762979935,0.1274934895833333,43.3047997742721,0.15144012343257726,0.5142523097137531
PaAgO3_221,0.0252014644540232,0.0956802368164062,14.671401903218037,0.26339258025019785,0.1894900597707187,0.0254102316603524,0.098388671875,13.892363617650178,0.25826379374889186,0.18104624551296333
Li2TiF6_136,0.0046559331702084,0.046070240162037,72.5968056886646,0.1010616214248651,0.8479601486556534,0.0044005373316849,0.0493586033950617,72.55737342562406,0.08915441339503483,0.844840278003355
Ti2GeC_194,0.0711508560585258,0.2157072844328703,25.55511856511528,0.3298491112416209,0.3360079015293449,0.0708642236600172,0.2407045717592592,25.71607999580268,0.29440331416260795,0.32389802765523745
ThB2Ir3_191,0.0634766401464129,0.2389615885416666,22.02396306938731,0.2656353288149688,0.2671407268276524,0.0638391956785142,0.24158203125,22.084156207195537,0.26425473512328623,0.2673549352969131
Nd2TeO2_139,0.0774724193056333,0.1290380658436214,78.95801779955478,0.6003842261516887,0.9528812663351738,0.0766657146596345,0.149210390946502,78.91631742916562,0.5138094885571494,0.945163214478918
SrPt5_191,0.0647866425068626,0.160517578125,8.398357429380155,0.40361088962114317,0.17165015123980382,0.0653583280528002,0.165927734375,8.421326704772598,0.39389634468876117,0.16934786898474066
Sc2NiOs_225,0.0761875596104818,0.1155344435871056,80.96291617049475,0.6594358984646967,0.9620986479548327,0.0761823382813839,0.1744175454389575,81.02191018184776,0.43678139197324123,0.9444355466635803
NpSe_225,0.115309943540327,0.152,58.42372240017863,0.7586180496074145,0.8874873403922877,0.1172366943905155,0.159412037037037,57.9899754959767,0.7354318818677245,0.8805062043815612
Ca3Al3N5_2,0.0303461078941466,0.0841904761904761,35.21191650830613,0.3604458516838684,0.4881160096573184,0.0297581123554733,0.0938789682539682,35.28300439021508,0.31698380275089405,0.46947022523915205
UO2_225,0.0140521490254453,0.11721027696793,7.456894818897696,0.11988836976547816,0.10471315167784226,0.0147665464487912,0.1270954810495626,8.543837223766518,0.11618466940640311,0.11030856384972969
Sr(AlSi)2_164,0.1506049920053889,0.2832008644386574,46.30120450720086,0.5317956649034545,0.7165814691980785,0.1515620231209729,0.3098461009837963,46.354851546656974,0.48915259104357417,0.7012558617578417
YRh3C_221,0.0510507002740724,0.1460342407226562,17.524353502135316,0.3495803451399206,0.24491021103199695,0.0510470059997915,0.1485977172851562,16.883695004165407,0.34352483290058394,0.23589927209444653
V3Sn_223,0.0838489954306188,0.2297775205761316,19.42315156756815,0.3649138315200739,0.2720133716451459,0.0839565648614043,0.2702064043209876,19.352838537657668,0.31071271264788153,0.25215787318865557
Li_229,0.3302249139789462,0.8146068695335277,2.220446049250313e-16,0.4053794858961164,0.11170617012011357,0.3341462689150175,0.5633769132653061,6.07881129877086e-08,0.5931131735205857,0.1502970877959732
Fe2Si_164,0.0009058455130537,0.2229938271604938,58.46001484593084,0.004062199947811748,0.6673645257504622,0.0009082913059038,0.2261419753086419,58.308809885492224,0.0040164648984964005,0.6653339668488403
MgSiN2_33,0.0239765766983293,0.0962094907407407,40.14133530187771,0.2492121776524093,0.5113373699642236,0.0230851003438155,0.1029224537037037,40.39760664668831,0.2242960550695147,0.5038542295229471
BeAlB_216,0.0282348176496473,0.3808081268221574,9.577045461921246,0.07414447240206443,0.10888805494900414,0.0296666331542248,0.3889850583090379,9.084707234777692,0.07626676788869222,0.10642773995694269
SnS_62,0.159937691113619,0.2188023589065255,20.44250832725794,0.7309687697743055,0.43580403613866575,0.1611026703877321,0.2245273919753086,20.767134970381765,0.7175190027836276,0.43457218858458535
LaC2_139,0.0609756932562624,0.1392664930555555,2.6529541007210957,0.4378346285487226,0.13520921205135314,0.0603673079020212,0.1472265625,3.008029430375861,0.4100300032612743,0.1318225146602579
LiBC_194,0.0004477351989341,0.1567361111111111,26.62209696070732,0.0028566180171249625,0.22943600676011225,0.0004403652664525,0.1763888888888889,26.490417837966078,0.002496558990911811,0.2279304204142673
Li2LaIn_225,0.2080655827866568,0.22450390625,34.80522566851017,0.9267793432287186,0.7225767074957573,0.2077108590988953,0.3318671875,35.108209090491,0.6258854955309353,0.605543200858844
ThAg2_191,0.1073968882497191,0.1203703703703703,46.667662586478656,0.8922203023822823,0.8326436118636825,0.107274430773126,0.1289022312242798,46.46023144988424,0.8322154686870926,0.8150285034894882
MgInRh2_225,0.0668923280821546,0.1802876371742112,54.106359940536734,0.3710311429591638,0.7507434789996119,0.0668986791297786,0.2180534122085048,54.20642834095479,0.3067995059201799,0.7294524549058087
LiGa2Pt_225,0.0502697678488055,0.2622337341308594,46.2904559580447,0.19169832598166023,0.5766129085878903,0.0499375067044583,0.2806777954101562,46.28532718132392,0.17791755358304817,0.5704124941038863
CdSiP2_122,0.0853651977237067,0.1820938444822373,77.90699621807218,0.4687978221692925,0.9373085985598721,0.0854411377552649,0.209678228930461,77.99895856438546,0.40748692981187445,0.9307891864024687
CeSi_62,0.1554459056555903,0.2097902199074074,38.89176365198835,0.7409587812253479,0.7035352723043193,0.1538364949378175,0.2254513888888888,38.42897428336404,0.682348845558162,0.674801299026124
TaGa3_139,0.1036874410949089,0.370149075255102,6.053715394021379,0.28012346383264325,0.125788777684097,0.1035806656569228,0.3988759566326531,5.982777336549664,0.25968139702217236,0.12130690392252202
Ti(CuS)4_121,0.0388171988938942,0.112802734375,98.78397460161683,0.344115761988985,0.976518062708138,0.0394909481349068,0.1308675130208333,98.7653479702027,0.3017628074633013,0.9746594257274948
Ba3N_193,0.1518860282288244,0.0860751028806584,25.074627660152043,1.7645756222843172,0.8695916051088595,0.1430268910770123,0.3186824845679012,25.698800524578147,0.4488068783288834,0.38784955272032523
LaGa3Pd2_191,0.0928959554789379,0.2424462890625,62.70596523736111,0.3831609707789355,0.8374447049939165,0.0930873062832048,0.25262939453125,62.68437015285411,0.36847377343371657,0.8335993247294384
YB4_127,0.0264937048959729,0.2444730224051211,35.34073885146052,0.10837066861336404,0.3780304399528378,0.0267184611649527,0.2488854595336077,35.686954112363054,0.10735243921047478,0.3824777170766599
TeO3_167,0.0104901937647667,0.1181697591145833,42.57421014298469,0.08877223617418804,0.47487464627488857,0.0096890688401675,0.1220149739583333,42.5600565531162,0.07940885061759882,0.4704223680346013
Nb6C5_12,0.0345718415816478,0.1623392857142857,29.58346444369832,0.21296041453880504,0.3424394653140745,0.0348680487826141,0.1693303571428571,29.311938829593675,0.20591729310059478,0.3359282436136003
ErPt3_221,0.0442736204076825,0.1553240740740741,140.34986431605253,0.2850402983028143,0.9977805037990091,0.0438250450793243,0.1593518518518518,141.3487770520273,0.2750206199051148,0.9978707052160183
YbPrZn2_225,0.0496716747842516,0.381318359375,122.91209467372772,0.13026300350621978,0.9917009550115556,0.0677976362419918,0.134509765625,125.98541347980176,0.5040350485109382,0.9964824381862203
DyAsO4_141,0.0122399615587646,0.0916544596354166,93.01356678719932,0.13354463718898957,0.9525617562381479,0.0120493779978722,0.1086776168258101,93.05248717491062,0.11087267415133974,0.9507740369234781
KIO4_88,0.0233575477694586,0.09188660031914,34.06813069722011,0.2541997166979005,0.4233395426456631,0.0236584479681466,0.1072242168472327,33.96908943804222,0.22064463293636255,0.4070956915170341
HfOs2_194,0.1090567661258718,0.206162109375,35.16524725655901,0.52898549814264,0.5636378268199937,0.109274421165121,0.233712158203125,34.90842329895354,0.46755984799964023,0.5321909799447593
AcMg_221,0.2853165158198646,0.2576591435185185,37.57105003863326,1.1073409308269253,0.8101440586978135,0.2866655693578866,0.3365190972222222,37.1246670626214,0.8518552787171704,0.7231117007463123
MgScPd2_225,0.076033490297979,0.0888979981138546,66.67542033115436,0.8552891168662808,0.9390544575862205,0.076078606128991,0.1584844393004115,66.61830224829484,0.48003833350971425,0.8859023536527103
Ag_194,0.0469729165857953,0.1003100198412698,0.0028063419303028,0.46827741296557474,0.12357944500612693,0.0474463734672725,0.0997023809523809,0.0014746782614048,0.4758800443284647,0.12507488014998694
MgPSe3_148,0.129103899565468,0.1403107638888888,15.703649442973797,0.9201282637710144,0.4506374759050652,0.1295938178473961,0.2278321759259259,15.327136186252751,0.5688126241200031,0.2975364415707619
Hf4Al3_191,0.2498905006835128,0.40733984375,1.475463731999222,0.61346932915524,0.16700974968204918,0.250657219132307,0.45428125,1.259208732547231,0.5517665964252475,0.1503265533520617
SrHI_129,0.1333766416076196,0.1126255580357142,46.69002912345425,1.1842484417730932,0.8944009687752186,0.1352983283905904,0.1316946847098214,46.82557633570267,1.0273636228273701,0.865240993167176
TiBeRh2_225,0.0171638710522494,0.1780231481481481,43.92957109243975,0.09641370367164777,0.4986056969568879,0.0170162751056895,0.1915509259259259,44.02068776418449,0.08883420961520078,0.4965257061155634
Y3Al_221,0.1639262726955792,0.1656994813100137,62.42391858435233,0.9892986471628301,0.9384254780847118,0.1640738679516951,0.2452605238340192,61.94256510380615,0.66897789088444,0.8921645420687531
Lu(CoGe)2_139,0.0401277019989198,0.1929968415937803,169.99060540145456,0.20791895695050067,0.9995660702993712,0.0397068781786332,0.2077259475218658,170.2965740139026,0.19115030477573605,0.9995607640264943
SiC_216,0.0323761980269601,0.26385498046875,18.92272472889158,0.12270451734298272,0.18930433329060647,0.0323650308585067,0.2607574462890625,18.84577572400325,0.12411929676067032,0.18899227884328745
Fe3Mo3N_227,0.0261805021772316,0.1613628472222222,56.07647919814327,0.16224615906272963,0.6986938945108725,0.0257463393824263,0.1820729166666666,56.25881793860603,0.14140674985485013,0.6929887287690066
FeS2_58,0.0348433986326069,0.1857142857142857,46.50533913349572,0.1876183003294218,0.5779421334163759,0.0350720826539797,0.1885149274553571,45.872135692256094,0.18604406095260145,0.5679694620309705
InBr3_12,0.1284106789544007,0.126268,14.134838181445852,1.016969295105654,0.4710300298274751,0.1295799868256203,0.157827,14.056774076463856,0.821025469822149,0.3830175461333205
B_166,0.0116798753849088,0.341873046875,1.1155513516763529,0.03416436449633114,0.06408887987602463,0.0118007260212346,0.342470703125,1.255845917325406,0.03445762196168762,0.06462660301843307
Te4Pt3_166,0.1339452356291563,0.2003747106481481,68.40350833571075,0.6684737569720566,0.9240601201177756,0.1326539641094635,0.2101099537037037,68.42627932620724,0.6313549728183352,0.9192903758088402
H2O_36,0.0068471303272726,0.0368742766203703,40.57107348628391,0.18568853289694282,0.4889119395936362,0.0053056217179788,0.1425587487599206,41.01783410738122,0.03721708954470312,0.4286335897150149
Fe15Co_221,0.0033251868723476,0.0821320591728755,6.463592945496327,0.04048585784691684,0.08709238110411968,0.00333834675973,0.081717012201706,6.573714718782835,0.040852530822955195,0.08767113388219568
CeSn3_221,0.2459611904954775,0.283650548696845,42.92366921542418,0.8671274976391868,0.7916320036766522,0.2469074105590508,0.2962614669067215,42.488535712771,0.8334104773631937,0.7768624328975764
FeP2_58,0.0346655690788178,0.2444113756613756,54.89979021040927,0.14183287903442707,0.6755863719429589,0.0341395655234262,0.2459201388888889,54.78814051358648,0.1388237892092728,0.6729176217037542
Sc5Ge3_193,0.2233908808537762,0.233990162037037,4.422791197396481,0.9547020221235495,0.30779240502066124,0.222883470543358,0.2921064814814815,4.464795679116598,0.7630213113141346,0.23934447899264383
Ho2TlAg_225,0.0848699211011672,0.156095703125,152.55370684578665,0.5437044031455763,0.9993307918924119,0.0845378470308077,0.19433984375,152.59074225094994,0.4350000771821023,0.9991865566690673
PrGa2_191,0.1547312013075418,0.2494926452636718,59.12599780006233,0.6201834172066152,0.8648057687980245,0.1535274374445966,0.2728309631347656,58.815650019735294,0.5627199921907737,0.8497692192523529
TiCr2_227,0.038263862527549,0.109392,27.33541857253829,0.3497866619821285,0.36857201325111466,0.0383279453125743,0.173216,27.32975315463102,0.22127254591131476,0.3159972798973704
SiRh_198,0.0261373467778868,0.277011531207133,46.6984748709789,0.09435472474372492,0.5390225997431027,0.0261403603762014,0.2788682055898491,46.39237118949502,0.09373732771332079,0.5341878903415219
LiSc2Ir_225,0.1329901424444049,0.1019188314471879,37.64636653664279,1.304863297155418,0.8598928875662504,0.1329747867854276,0.2457427769204389,37.58046339954096,0.5411137143147007,0.6040902501556952
SrAlSi_187,0.1624306217758416,0.2425299750434028,48.99239609422445,0.6697342122216987,0.7923766437596411,0.1627729653570664,0.2873297797309028,48.9734414846976,0.5665022452928846,0.7596166761334606
Sr3(AlGe)2_71,0.1686266262898638,0.1988606770833333,52.66124556291981,0.8479636535643504,0.8679311849014425,0.1697295105040174,0.2498575846354166,52.54440631428147,0.6793050159020817,0.8276841312396451
PrNi5_191,0.0242065527817061,0.0844039351851851,40.143913953967626,0.2867941255179169,0.5284211146110529,0.0240208632364622,0.0907536008230452,40.31995665397493,0.2646822056493272,0.5210278629844319
USi3_221,0.0736629962186157,0.3323518518518518,48.93343124438776,0.22164160003372424,0.6274958039656983,0.0736965653302883,0.3552916666666667,48.71707413765622,0.2074255386333903,0.6183864184100913
AlOs_221,0.0472991241898665,0.2645670572916667,28.44791081823461,0.1787793411396738,0.3137762437548799,0.0471648977073902,0.2710141782407407,28.61390376163591,0.174031107942603,0.3140576268241947
TiBe12_191,0.0004339364611787,0.5352240668402778,7.967957061047741,0.0008107566308452191,0.08852946816053378,0.0004277530578156,0.5391303168402778,7.765710780412797,0.0007934131033894829,0.08755502168095462
HfGaCo2_225,0.025944503786519,0.2018013000488281,75.69718966833042,0.12856460181496074,0.875908024036041,0.0259149646990266,0.2327728271484375,75.59536299639676,0.11133157171520204,0.8717841639309667
YCo2_227,0.0383363523730591,0.093240359701265,19.12708857252612,0.41115620420047555,0.28534150117639007,0.0386227899788978,0.0943199715490524,19.01542162786946,0.40948687053845734,0.2833640943575241
HoGa2Pd_63,0.0656400011064033,0.2328841145833333,145.80293792172833,0.28185692795682393,0.9983882976295456,0.0647070193250319,0.2539322916666666,146.2884559943289,0.25481997149843355,0.99835567280865
Ca(BC)2_140,0.0215851000981529,0.169328125,21.86973768428937,0.12747498443128039,0.21934629317438872,0.0216602274932099,0.187216796875,22.03760300896054,0.11569596240700504,0.21740760770766857
ScPd_221,0.0954515078762474,0.1091037326388889,65.03337264843256,0.8748693153530542,0.9353657488835724,0.0954893863954356,0.1147189670138889,64.98409930060473,0.8323766233344378,0.9303465187013739
GePdS3_12,0.07748143845479,0.1451803935860058,61.52723037090454,0.5336907866205053,0.8632246791018051,0.0765990395217315,0.1622323706268221,61.70425178591057,0.4721563225993276,0.8508276968128812
Al3Os2_139,0.054231093940511,0.2994791666666667,30.864029991724617,0.181084696288315,0.34666704428471795,0.0541083630619888,0.3111537101337449,30.7845739936132,0.17389592763888662,0.3426422436525393
LiN3_12,0.0135757884800529,0.0658878279320987,48.2912141512213,0.2060439523677052,0.611757377371054,0.013630857092795,0.0779079861111111,48.17544155549007,0.17496097349192025,0.596593351887123
GeO2_136,0.0052059212093493,0.1208699544270833,48.9433329259523,0.04307043246624084,0.5492334688698769,0.0048401541680579,0.123504638671875,48.893599444075086,0.03919005974275297,0.5467495005807248
Al2HgS4_82,0.0877203825401136,0.1381773195389266,49.10510901366597,0.634839225661788,0.782899630397106,0.0876962846739829,0.1678107875094482,49.06824142490603,0.5225902695262983,0.7458224300440915
Pm2NiIr_225,0.0805743050161176,0.1089624056927297,49.16649555535816,0.7394688517004151,0.8140367407537811,0.0810112367471089,0.124788344478738,49.31356120919387,0.6491891296860017,0.7893810351320424
PrZn_221,0.097281583763889,0.0747369260204081,74.37278890603001,1.3016535325165062,0.9821327414685154,0.0967244760081462,0.0837167456268221,74.78696734491933,1.1553778791080542,0.9773730772809791
Li2AgAu_225,0.0381304670075634,0.0797195434570312,72.60190852472368,0.4783076439482586,0.9171731647035815,0.0383903472352451,0.0942764282226562,72.54376250042415,0.4072104550309985,0.9065197879628087
PmI3_194,0.1750941029594307,0.0950426351095994,92.15134850090192,1.8422690275529412,0.9976553872963067,0.1738764094565959,0.2101273148148148,91.83182187802232,0.8274812325557636,0.9850803893865383
BaUO4_57,0.0255125666903067,0.1105150462962963,38.45962038029731,0.23085152244253013,0.47784843187136505,0.0258468364650474,0.1170529513888889,38.243324343369856,0.22081319743212285,0.4700727231266647
Th2S5_60,0.0977672128628072,0.1685387436224489,12.66737429384296,0.5800874669020903,0.2693815521768454,0.0993204651736909,0.1701585419323979,12.598214057371726,0.5836936779415389,0.26985691072717377
GdAlPd_189,0.0793196604850265,0.1845836191129401,118.12529104022028,0.42972210029370833,0.9935740641089279,0.07849731276296,0.2024162665752172,118.22239027559856,0.3878014059398268,0.9931088199934038
NaAlGe_129,0.1950827567887707,0.2285442386831275,16.752447123284842,0.8535886002326641,0.4362881328756726,0.196474408268439,0.2834542181069959,16.67905534698051,0.6931433569080828,0.3653538817669649
KRuF6_166,0.0086821147136992,0.0667063185871056,40.80331621787787,0.1301543076816933,0.46720259275047143,0.0085429593794063,0.0711028592249657,40.879532674309,0.12014930865686888,0.46381387701107746
Sc2AlAg_225,0.1540804809786344,0.2257292738340192,71.40295326880731,0.6825897162630806,0.9372630423262108,0.1547981322225183,0.288288215877915,71.46060524416836,0.5369561560160079,0.9200342369311407
LuAlB4_55,0.0106403815988329,0.2709462691326531,174.34218079000473,0.039271186988086765,0.9995456440088799,0.0107860843055921,0.2767214958900226,174.55157690073054,0.03897812228464829,0.9995510614569088
Ac2O3_164,0.0415491963509597,0.1325434027777778,36.05366259308259,0.3134761555852091,0.47938189899981654,0.0429078879306233,0.1453819444444444,36.266189819561255,0.29513904284737313,0.4742423750244054
K2MnCl6_225,0.0668632967631747,0.098975,22.792086144701614,0.6755574313025987,0.4456467767687948,0.0664446561871243,0.113017,23.021203593927076,0.5879173592213942,0.4100338701307712
TmGa2_74,0.0720867131764538,0.2739512471655329,208.61299269220584,0.2631370140574537,0.999961089473232,0.0715580498552715,0.299922052154195,209.05768011216185,0.23858882446723959,0.9999603830028803
Mn2P_189,0.015364762811085,0.1796513310185185,36.778800654917255,0.08552546047933927,0.38856235324249105,0.0156325136571366,0.1855016637731481,37.00655782757325,0.0842715549778236,0.39126308003011767
CeMgPt_189,0.1317533152112487,0.1516116602891156,54.41966514899857,0.8690183522824163,0.8835306285596478,0.1320613307736686,0.1770899766156462,54.32916659827772,0.7457301271222866,0.8577633852048621
TaCuS3_62,0.0654680974688363,0.1416709183673469,90.81221061208744,0.4621138778749228,0.9696770590744992,0.0654697395345245,0.1554195011337868,91.11010483476008,0.42124533315910867,0.9679728583854612
LiGaAu2_225,0.050750910949104,0.1837310791015625,61.68643644805632,0.27622387675114024,0.7996301472575797,0.050715811797079,0.193267822265625,61.61569149380272,0.2624120828938394,0.794888919229254
CeB6_221,0.0377111077421708,0.250162037037037,16.072787747430453,0.15074672475819179,0.17162490940770073,0.0382438203738651,0.250587962962963,15.165540199327738,0.15261635044903396,0.1645083941914423
Sc(MnSn)6_191,0.108677509479588,0.2597700892857142,57.395367015844656,0.4183603654231973,0.7998644371622494,0.1085544798749494,0.2841629464285714,57.42184252062772,0.3820149010956156,0.7893452718959063
Lu(SiRu)2_139,0.0551239999008535,0.2285555555555555,178.42197062314403,0.24118424847237804,0.9997533486697493,0.0553110375244434,0.2380868055555555,178.59770231902706,0.23231458541089564,0.9997519638278737
GaCl2_52,0.0908767341657606,0.1270332577475434,26.43332221009993,0.7153774985945993,0.5179988365608599,0.0897550596480887,0.1350992063492063,27.25194335781888,0.6643640778768795,0.5070794410370815
TiSiNi_62,0.0307892823979716,0.2356013007054673,90.74169291179167,0.13068383878093384,0.9457589040784729,0.0308143543652894,0.2488942625661375,90.68841353314929,0.12380500075650096,0.9449483988650198
ThBe13_226,0.0355798149900102,0.5210460803739267,16.95320115179118,0.0682853519682491,0.15824937907827852,0.0348943355760744,0.503661948127826,17.293454403510086,0.06928126237406057,0.16122566827332588
ZnSiRh2_225,0.0135770596540032,0.2000694444444444,94.4175956204093,0.06786173516752729,0.9509396683994311,0.013518228233203,0.2115925925925925,94.29991625503784,0.06388800320260479,0.9502698739344232
LaSi_63,0.1724396286774836,0.2202262302812071,28.702928271825392,0.7830113082228909,0.5819482817598406,0.171970034417893,0.2405197080761316,28.76266505920529,0.7149935271144574,0.5524926093401085
Li2NdIn_225,0.1543980358143627,0.2168477794924554,73.86778399309405,0.7120111452178118,0.9480933878002528,0.1542952505225224,0.3235328789437586,73.50458391765895,0.47690748163293895,0.9210011244132446
CaSi_63,0.138327441013308,0.1983816964285714,45.78378535036853,0.6972792525902896,0.7680480477567735,0.1399414539942583,0.2283776661706349,45.51843408700682,0.6127633071164651,0.7364996233944276
Ac2MgSn_225,0.2789062547956397,0.2303274484396933,35.01920023203624,1.2109119285826926,0.8155409535163941,0.2785280241932293,0.2901684483317136,34.747731765357045,0.9598839081043806,0.7338016344944611
Ir3Ru_139,0.0313405336383789,0.2390421382030178,1.065997306068663,0.1311088240507683,0.07529619016716868,0.0314246426298374,0.2504527820644718,1.248031074446298,0.12547132585553805,0.07534149992147385
Yb(MnSi)2_139,0.0431768421103078,0.2937192563657407,167.11195185649953,0.14700037935729954,0.9994242113206484,0.0446895509890202,0.3257774070457176,168.2089359678818,0.1371781775608176,0.999451076510582
KMgSb_129,0.2134001570060965,0.1877732767489711,41.05880174674312,1.1364777816141818,0.8471794098416883,0.2152240594176081,0.2444749871399177,41.0382072476525,0.8803520635607245,0.7766019016096768
TbGa2Co3_191,0.0384590317678992,0.1888504464285714,100.82671902040094,0.203648085007019,0.973267068245801,0.0380663594105017,0.1957393973214285,100.51691148256909,0.19447469406474158,0.9723354515700964
KSb(PS3)2_4,0.1016281323464794,0.1353813657407407,13.490300464454617,0.7506803598148084,0.34558588889485314,0.1016157187345164,0.1565208333333333,13.516601132903656,0.6492152933923583,0.30548529851481754
GdS_225,0.0638396954979873,0.118375,111.41497976626437,0.5393004899513183,0.9921430142910824,0.0633499755104654,0.1305879629629629,111.81418001560132,0.4851134367447985,0.9915398021423577
ZrOs2_194,0.078333403651276,0.17818359375,39.74146004571948,0.439621864183419,0.5908412665868841,0.0786008164903203,0.1812109375,40.13600147058642,0.43375315847212753,0.5939680940968152
BaTiF6_166,0.0124802464893731,0.0793654621056241,54.14177234843148,0.15725034742144728,0.6717717293866681,0.0121316824615567,0.0823795438957476,53.69679336201588,0.1472657153444489,0.6618236040326291
MnSnRh2_225,0.0541676476126318,0.2115440368652343,46.05573924299615,0.25605849455893526,0.6015179371853497,0.0542491295103673,0.2174491882324218,45.89092814174623,0.24947956785372227,0.5962764188368757
Sm2Ti2S2O5_139,0.0320433856096718,0.0985561933106576,73.33178199783409,0.32512807702168744,0.8975105320462021,0.0318461763991511,0.1137383078231292,73.16899189872896,0.27999516617280845,0.8887567023868841
CsTi6O12_87,0.0190426169267712,0.0903630256652832,46.9101079425755,0.21073460949954922,0.5940095909604508,0.0188318866752583,0.1063828468322753,47.04237309427823,0.17701995421262715,0.5810815101297344
TbNiGe2_63,0.0637618923207091,0.1986892361111111,126.30809396802762,0.32091266526915496,0.9951936478513577,0.0640640603352308,0.2053233506944444,126.07897674851104,0.31201546301749605,0.9950485801361808
Cd2GeO4_62,0.0175298858110087,0.0826450892857142,52.19861394176998,0.21211043466122637,0.6680989528890107,0.0172042442119841,0.0858305431547619,52.38374293808868,0.20044431247467415,0.6658511907004823
Mn2Sb_129,0.0924515281603681,0.1858722222222222,51.20597029275312,0.4973929243167726,0.761080842134765,0.0929325404292942,0.1931305555555555,51.22283832366125,0.48119025061552956,0.7558720687447016
TiSbRu_216,0.1220548107129997,0.2259521484375,32.84309777772231,0.5401799078124763,0.5342698176673886,0.1222342680543456,0.2470657913773148,32.61120835804834,0.494743798293271,0.5102102737801575
MnSbRh2_123,0.0556847779837014,0.1905208333333333,44.344286058899264,0.29227658209050494,0.5927089020958564,0.0557828376320922,0.1904712301587301,44.27626571907169,0.29286752432693014,0.5919851284985697
CaSn2Ir_63,0.1604214832801423,0.2450404575892857,47.63056076081312,0.6546734562054486,0.7738941954703955,0.1593056063116696,0.255560302734375,47.5360933085587,0.6233581843783035,0.762759879569266
MnSiRu2_225,0.0172375842148816,0.2303935185185185,35.09924378564097,0.07481800844799409,0.3604655737456454,0.0172207486934739,0.2372268518518518,35.00829858092288,0.07259190331551615,0.35828104563508684
AlFe3C_221,0.0132980880808729,0.1988144588192419,57.11350554112682,0.0668869264330682,0.6747754929694305,0.0134746245562491,0.2027207088192419,56.99327568434481,0.06646891003259017,0.6730271509850753
Si4P4Ru_1,0.09068644093456,0.2685667438271605,23.55166044452808,0.337668170087814,0.31284768251655326,0.0915082798270637,0.2762759038800705,23.439286526393456,0.33122063322173334,0.3088967376401477
Ba(ZnP)2_139,0.0753214824037194,0.1487037037037037,133.71629663491186,0.5065205541470545,0.997792527651127,0.0748760390929755,0.1660905349794238,133.7696989890071,0.4508146060355067,0.9975657085101702
Li2CeN2_164,0.0209688757097825,0.0862005739795918,53.92775010762799,0.2432567991339238,0.7025967263802191,0.0206364316080564,0.1017099808673469,54.350614292359786,0.2028948529148878,0.6924623354222479
K4ZnP2_166,0.1030740822159585,0.0891993440233236,86.67070167058762,1.1555475361904788,0.9887637934860397,0.1009361701487613,0.3326745626822157,87.05578558563775,0.30340813957927903,0.9503493445977066
LiNbO2_194,0.0080471620069388,0.0955783420138888,68.06955899149116,0.08419440887318845,0.8048786052258664,0.0083964388817084,0.1061957465277777,68.20350629207829,0.07906567971168353,0.804673890252653
Sc6NiTe2_189,0.213790862779322,0.1889446924603174,69.82425015718725,1.1314996997029851,0.9684859862472538,0.2115533283031515,0.2589769345238095,69.89782433475426,0.8168809654502338,0.9457290259923058
Be12W_139,0.0002876572288902,0.5019424082647462,7.041477729983283,0.0005730881155960767,0.08412251777394464,0.0002886745165338,0.5022438164437586,7.208834038322638,0.0005747696777589413,0.08489772967602144
VCoB3_63,0.001389802476877,0.2600572374131944,73.66903814493656,0.005344217644936369,0.8332621616518049,0.0013862034028194,0.26910400390625,72.15189022777312,0.005151180891765264,0.820209692839899
Mg3Tl_194,0.3552897626692876,0.4590521918402778,2.613567709705505,0.7739637648716571,0.22318636929933647,0.3550117386881052,0.4737399631076389,2.725036955601771,0.7493810240523083,0.21666732775560027
MgMnGe_129,0.099767137733399,0.1852719907407407,63.04896326879677,0.5384901265135515,0.8745867671566958,0.098809472536586,0.2281134259259259,63.28330700482788,0.43315939048967633,0.8538038139157252
LiBr_186,0.1052409076413153,0.0734166666666666,22.59456850609963,1.4334743379066797,0.7590031275343496,0.1060238671389193,0.1008638888888888,22.386820924126805,1.0511578356423945,0.608265113002658
Li3LaP2_164,0.1093492458867528,0.136279296875,36.32026955045464,0.8023907401507334,0.6946426432878816,0.1113836856933912,0.17817626953125,36.42993339354849,0.6251319885999512,0.6239519006899922
Ba2Hg_139,0.1723430332956928,0.091766357421875,53.45273489892688,1.8780633571776728,0.9781637172444599,0.1698432154986822,0.242633056640625,53.79132084237559,0.7000003126129875,0.8431086624496799
YbCu2_74,0.0271156284938272,0.05721875,98.40594545508787,0.473894108029749,0.9809410277818814,0.0273921022242687,0.11777734375,98.3408313729579,0.23257530992049308,0.9706462600589953
HgPPd5_123,0.0389180716144341,0.1460751028806584,39.54055523149513,0.2664250844049016,0.5101682892607264,0.0387565003599064,0.1468492798353909,39.35838683069583,0.2639202616679502,0.5063055548269767
YFe5_191,0.0355409108744446,0.0804270833333333,8.870604851376669,0.44190227223762246,0.18601312969560585,0.035509140364961,0.0883125,8.598967562268136,0.4020850996740099,0.1729671409446363
