name,f_int_dft,lnf_dft,V_spread_dft,fint_over_lnf_dft,grid_ionicity_dft,f_int_ml,lnf_ml,V_spread_ml,fint_over_lnf_ml,grid_ionicity_ml
CaTiF6_225,0.0106331833964325,0.0539347330729166,41.74706957656382,0.19714908725064162,0.5117113748627676,0.0105380878924147,0.1142239040798611,40.98151852353448,0.0922581659006057,0.45274673278353733
HfBRh3_221,0.0553189686993406,0.1787222222222222,45.88386042001986,0.30952484817784615,0.6221462004576354,0.0553970710610514,0.1852592592592592,45.60141386691716,0.2990245739001176,0.6136499725623122
NaLi2Sb_225,0.24984187868506,0.1391541280864197,7.975750236840021,1.7954327487137087,0.7170767809210422,0.2495577060870666,0.2955407664609053,7.894414695131196,0.8444104313442611,0.30936285228159494
LiMgAu2_225,0.0617346367064846,0.090406378600823,63.87255625748414,0.6828570910805469,0.9049762480764794,0.0619352010384909,0.1247910236625514,63.96102685822994,0.49631134692804885,0.872147137876217
Th(GeRh)2_139,0.1047525374002404,0.218995949074074,44.971802733842665,0.47833093645402786,0.6793617136271696,0.1044799520089911,0.2234172453703703,44.63505240579641,0.46764497447719083,0.670680732222641
CaPd3O4_223,0.0154504066181498,0.104261148904006,13.083143021401554,0.14818949129723386,0.1470734601140348,0.0154244648384589,0.1045378468847856,12.943753508074206,0.14754909631397595,0.14588491636457837
Ti2OsRu_225,0.0602107190265357,0.1581802368164062,23.267812605409414,0.38064628197781747,0.326133101781989,0.0596827920217657,0.1770286560058593,23.058668091433564,0.33713633356506034,0.3063343062170625
HoP_225,0.0626385945747476,0.153375,160.23795284677252,0.40840159461938125,0.9994596719268359,0.0624794681353226,0.1696018518518518,159.694857088366,0.3683890680032124,0.9993997567512357
LiMnPt2_225,0.0306530635486356,0.1301231384277343,46.83872720800152,0.2355696605462618,0.6038241662817916,0.0306522102010627,0.1368980407714843,46.52656815743966,0.2239053972454478,0.5942455450656114
Pr2TlAg_225,0.1447896738966701,0.154337890625,68.04702117970102,0.9381343318243897,0.951085829729153,0.1450145884665524,0.174119140625,67.80702892308535,0.8328469112931702,0.9405785587220394
Lu3AlN_221,0.0496334319756377,0.1671194487311385,216.37944085549412,0.29699375119102916,0.9999770134535094,0.0497585069627472,0.2038644547325102,216.0380363665221,0.2440764233668648,0.9999741708414868
Fe7W6_166,0.0306825085137353,0.1701086005830903,65.06720229312778,0.18037011890382518,0.8041038851280493,0.0306478048449607,0.3478848396501457,64.61646270127156,0.08809755801886052,0.7716205024827759
PrPb3_221,0.2520797717560566,0.2775688014403292,59.11737039572677,0.9081704083744003,0.9151822574689163,0.2515379236684027,0.2827878515089163,58.64371365332804,0.8894933863892373,0.9102203179399868
Ti2NiMo_225,0.0479086571551763,0.1252517700195312,76.08481023342351,0.38249884331140105,0.9197458291103573,0.0477960819437488,0.1879234313964843,76.10653360081888,0.25433806518202484,0.9009030981486249
NbTl3Se4_217,0.1736294867395126,0.195182,54.0365151100688,0.8895773521098902,0.8850071352379275,0.1746775492667823,0.204062,54.46101437783448,0.856002338832229,0.8813335185822412
U(ClO)2_62,0.042095013461305,0.0950390043712797,46.22111703059869,0.44292355270112554,0.6816297275889509,0.0414980858126918,0.1001913888113839,46.30135896925526,0.4141881483528924,0.6712524160445164
CdGeP2_122,0.0896106904281065,0.1788236961451247,79.12532427563954,0.5011119463462089,0.9446130604433646,0.0894531440571025,0.1861196145124716,79.39482853733287,0.48062179954229584,0.9434984494532974
TmPd_221,0.0515506172568423,0.0834548104956268,146.61732246723565,0.6177069596191062,0.9991655608093818,0.0519133205004817,0.0871674562682215,146.3148772611686,0.5955585114327542,0.9991154658490011
V3Si_223,0.0293870339006195,0.2318512088477366,15.08384930277177,0.12674953926989793,0.15749917220981782,0.0292718504058949,0.2493194873113854,15.086213372872315,0.11740698940767545,0.15527798544920135
Hf2In5_127,0.3165159601737539,0.3659928385416666,5.501629022081459,0.8648146270701415,0.28715622698164645,0.3142307806134303,0.4112410481770833,5.491736442987213,0.7641036370428671,0.2510830489825466
Sr2TbIrO6_14,0.0163079354785522,0.09813232421875,61.25881588322006,0.16618311660691581,0.7610453478550252,0.0161703340709272,0.1024583604600694,62.489243902282574,0.1578234709038623,0.7715127042155971
MnCuPd2_225,0.0226691788076627,0.0997695922851562,53.983338009883454,0.22721530967943465,0.6971725683637408,0.0227028356943178,0.1148033142089843,53.94406928273009,0.19775418375980225,0.6852449116723899
ScTc2W_225,0.0904757304460693,0.1574395576131687,22.077856385604584,0.5746696180915949,0.39070209605633427,0.0902656551392256,0.2008557313100137,22.27102001288782,0.4494054242340925,0.3406416708282416
ScP_225,0.1403291013105773,0.1991788903061224,8.280726410093257,0.7045380215488821,0.2622784041231531,0.1386859464340524,0.2023790543002915,8.501964097676439,0.685278162374794,0.2580902917002935
SbPbClO2_63,0.0698385818569454,0.1823,61.283295906597054,0.3830969931812694,0.8255007367961634,0.0701816747418947,0.187035,61.42138063837594,0.3752328427401005,0.8246309520270749
TaV2_227,0.0929786620625467,0.1568167962200884,18.000790791888615,0.5929126490510206,0.3418108608974044,0.0922170309693281,0.2174465274602448,17.93920600181436,0.4240906122825434,0.2757361086524564
DyIr2_227,0.0589292148737183,0.16998828125,116.2204390334489,0.34666633746976777,0.9916410018826411,0.0595254153764903,0.185666015625,115.6278612055221,0.3206047976853077,0.9909257134949304
Sc2Pt_62,0.1560923032703697,0.1067611882716049,48.38135984264135,1.4620697446085404,0.9394943583530414,0.1554882515529686,0.1324688946759259,48.361488010686415,1.1737717894707105,0.9018107809292689
BeSiOs2_225,0.0088878720173016,0.2853703703703704,24.800762721758865,0.03114504146231579,0.219410664427693,0.0088494253855517,0.2832453703703704,24.68924622041556,0.031242965680181214,0.21830001376647118
TiCu_129,0.0360196608815331,0.1406792534722222,129.29772300637035,0.2560410294517617,0.9954770149294382,0.0358256499409911,0.1654143156828703,129.39168720338975,0.21658131458026564,0.9951695139227085
CaPdF6_148,0.0079131754718676,0.0587679516250944,25.4729476654341,0.1346512044923582,0.26100032398998413,0.0079660286159799,0.0779950869236583,25.404668549225576,0.1021350052956164,0.2490000679436357
Fe3Pt_221,0.0162391404987205,0.1129168185131195,13.81647899653415,0.14381507301176502,0.15163968767628563,0.0161960194786352,0.1114590925655976,13.55245422132817,0.14530909148666604,0.14996368495163112
LuZnPd2_225,0.0347847345246999,0.0901331018518518,140.76352875177676,0.38592630021625335,0.9981967261755557,0.0347891081192209,0.1149959276406035,140.47633460739118,0.3025246965957544,0.9978659473505507
Sc2Co3Si_194,0.030247469129896,0.1535658482142857,80.59017292067477,0.19696742134806364,0.9146204575351767,0.0302376410719234,0.17587890625,80.54640705336323,0.1719230675049948,0.910786119179147
Rb2NaErF6_225,0.020058437957399,0.0745917426215277,130.97808093154094,0.2689096306433521,0.9960022180606245,0.0200843081211927,0.0988226996527777,131.2597683687353,0.20323577671689494,0.9955726825803342
TbTl_221,0.1217760432130427,0.2229352678571428,156.24111930975894,0.5462394729356009,0.9994657198515545,0.1209958670236389,0.2280316144314868,156.17576289726168,0.5306100530196118,0.9994481826980536
Er(SiPd)2_139,0.0540067859657024,0.1991931216931217,150.29961605325107,0.27112776538993966,0.9987439088296518,0.0537329163502256,0.2046957671957672,150.8259299053928,0.26250135548155445,0.9987636058943233
BaRh2_227,0.0963106495877125,0.1509185023215635,28.56321861830562,0.6381633007628347,0.5147932592647899,0.0960120977441443,0.1592565597667638,28.53103447333345,0.6028768791989292,0.4982850018883434
CaO_225,0.0175939527493443,0.0904492455418381,13.509497972218352,0.19451740745815357,0.16137490614321395,0.0177582957297387,0.0933213305898491,13.450640022404809,0.19029192594549585,0.15986470955937487
Cu3Pd_221,0.009583166662867,0.0799585459183673,47.07832978678513,0.1198516875563347,0.5561319233405766,0.0095929921545395,0.0955038265306122,47.190320990788976,0.10044615491364238,0.5490706850229805
K2Cu(PO3)4_9,0.0169152779603825,0.08071875,55.62405243804271,0.20955822482858688,0.7109463014541977,0.016778234540638,0.0907743055555555,55.80835044863117,0.18483462294701244,0.7039307122783822
UGeTe_139,0.1668097979616997,0.22275,54.75702446764835,0.7488655351815924,0.861540322957826,0.1662725611769396,0.3556760204081632,54.66057653485426,0.46748319154642515,0.7876854353381652
NbZn3_221,0.0267262674959051,0.0768055555555555,61.77809718367194,0.3479731030208261,0.8205173273134828,0.0268713939339594,0.0983703703703703,61.403108648882494,0.2731655256840754,0.7959982764241286
GaCuPt2_123,0.0244465404324397,0.2095684523809523,88.18233792167352,0.11665181545551008,0.9358279563826198,0.0244543273409344,0.2079761904761904,88.32901041442722,0.11758234096385177,0.9364538473484109
SmC2_139,0.0330550140834534,0.116422193877551,70.24023655163678,0.2839236487694053,0.8710132922306671,0.0333073442056045,0.1203231292517006,69.9379556979751,0.27681580767343406,0.8674891835760327
Na4I2O_139,0.1799497496739237,0.0837598259066358,48.39359311763419,2.1484016678175464,0.9818464618681482,0.1812401099938627,0.116773063753858,48.25877626793498,1.5520712069000142,0.9477882106179634
Y4C5_55,0.0508622676833277,0.1215505125661375,32.80367735260922,0.4184455220265136,0.47844189980837504,0.0498085441060226,0.1259445271164021,32.61128064401055,0.39548002002491056,0.46517265633539323
VCo2Si_225,0.0032318538733761,0.207395259691178,64.03702478716698,0.015583065293722206,0.7409719736874226,0.0032402376413468,0.2039399092970521,64.00971810459012,0.0158881979133725,0.7407646540692711
Nb3Au2_139,0.0732675862084784,0.1373060161564626,1.799669078492653,0.5336079820784306,0.15024349606871734,0.07330555962893,0.1403539540816326,1.597662823921845,0.5222906622658743,0.14612160866547755
TlSbS2_2,0.1587225030965362,0.2011899594907407,23.08118177461049,0.7889186095484106,0.5012581681948479,0.1583210989430703,0.1998010706018518,23.16981033572218,0.7923936466714957,0.5041629943150664
Sc2Sb_129,0.2945988035487095,0.2645426432291666,1.861149426832553,1.1136155591123582,0.33737863006213487,0.2943175185535419,0.2768269856770833,1.8674159502682808,1.0631821815842086,0.31728597853952933
Ho2TlCd_225,0.0873300053355733,0.147087890625,151.86432091677472,0.5937266824923121,0.9993631802150211,0.0884330458754417,0.182541015625,151.82103657487832,0.48445575682077174,0.9992213922657022
Ca3AlN3_14,0.0313996549063498,0.0914612268518518,28.94341408641393,0.3433111055596348,0.3884405613216432,0.0314863995954795,0.0967520254629629,28.87214136427912,0.3254340097255393,0.37974636548197305
Ho(SiOs)2_139,0.0667199841311939,0.2402645502645502,128.55592164619813,0.2776938339747996,0.9954542171425415,0.0669406347844786,0.241656746031746,128.2212813800686,0.27700710153435876,0.9953569131685077
LiPm2Si_225,0.1190769790362654,0.169875,95.8649983618957,0.7009682356807382,0.9852483649819811,0.1184704126236672,0.20800390625,95.64134467869049,0.5695585951221394,0.9810969906501771
Ba4As2O_139,0.1560278803301915,0.1288649553571428,51.39811154224656,1.2107859727865347,0.92176140138651,0.1556044121520595,0.197703125,51.12652762971069,0.7870609640189526,0.8429385256152861
Sm(PRu)2_139,0.0610103957743494,0.1947420634920635,67.84357887045766,0.31328822690037794,0.8605497061804516,0.0612046749704173,0.2026124338624338,67.46119199424119,0.30207758627475434,0.8552769811519821
V3Ru_225,0.0298032110032438,0.1448898315429687,14.02641075177443,0.20569567019204743,0.16843198785910385,0.0296450794760108,0.1860427856445312,13.905973425720548,0.15934549342135285,0.1560101836567724
V3Au_223,0.0463703120127689,0.1358185442386831,34.38978447501119,0.34141370217662786,0.4672125970952983,0.0464659368404358,0.1495654363854595,34.75026578947858,0.3106729600325837,0.45868800119457626
VZnRu2_225,0.0220581836493861,0.15240478515625,89.5800266228793,0.14473419339669277,0.9434571642060012,0.0220878802922833,0.1680870056152343,89.67436706215445,0.1314074232653318,0.9424582601619621
CaPd_221,0.0911486285626373,0.0884885204081632,17.0565839607383,1.03006161863939,0.5206526321117456,0.0913126462096498,0.0908003826530612,16.715314216907686,1.0056416453501733,0.5044635030468466
LaCd_221,0.1397585371037539,0.0913287037037037,62.25170545960356,1.53028052995442,0.9757961848298803,0.1392269324241917,0.0925324074074074,62.053126734093645,1.50462887895259,0.9743753702267276
SrCuAs_194,0.0846412561483247,0.1247711181640625,93.00043559796464,0.6783721857571979,0.981818903158361,0.0846807211211666,0.1453533172607422,93.03896784473493,0.5825854044270762,0.9784851632611296
Sc6Si7Ni16_225,0.0178873115280092,0.1811278935185185,107.83591693401816,0.09875514577317382,0.9786195980152087,0.0177956524009581,0.2118680555555555,107.89048777060616,0.08399403276862456,0.9781210831384659
ThSiO4_141,0.0180887819004053,0.0991753472222222,38.26438139261977,0.18239191903078258,0.4530356389598849,0.0180176574606825,0.1130348488136574,38.48772477469749,0.15939913796306615,0.4460042480291133
CaNdZn2_225,0.0869416074646603,0.064365234375,74.48330560223111,1.3507541502626634,0.9837391292927622,0.0869616394753274,0.117970703125,74.24426633360947,0.7371460639950932,0.9513493745341647
BaIrF6_148,0.0119092108294182,0.0893373842592592,46.480566896679086,0.13330601660394925,0.5533338288837925,0.0118155111568344,0.0933963477366255,46.59709360356853,0.12650934906099046,0.5520045654809582
BeSe_216,0.0875071623848532,0.2069629190962099,10.548709470821652,0.4228156559010175,0.19617534181561982,0.0882794285910475,0.2108520863702624,10.749872221821994,0.41867941698251093,0.1968896600507552
MgZrPd2_225,0.0678913003969641,0.0833199374142661,65.99154087428536,0.8148265889760462,0.9321649156823284,0.0679152302359413,0.1338198731138546,65.67109392562173,0.5075122898835713,0.8852166163908788
CaPmHg2_225,0.1076695983275821,0.09128515625,34.05536274123703,1.1794863781873859,0.7976430017082784,0.1069634795832243,0.108845703125,33.80751763785325,0.9827074152884646,0.7309008946803827
Cs2TlInBr6_225,0.1500261734862182,0.1134557723999023,16.625821996654828,1.322331780153192,0.6429063775744555,0.1511740224574919,0.1575074195861816,16.779107339619337,0.9597898489777217,0.48459208806482046
Mn(CrSe2)2_12,0.0907571963485971,0.153272087191358,30.397788922920697,0.5921312745959285,0.5213229531568988,0.091185519573882,0.154214203042328,30.214596289284486,0.5912913193141739,0.5182050817083571
V2MoOs_225,0.0473048647156029,0.1689605712890625,8.963984106930884,0.2799757621242438,0.14619046699158778,0.0471334382610439,0.1908378601074218,8.737155469439331,0.24698159073106718,0.1372486095494093
AgO_131,0.0244647816239682,0.079943783068783,11.1419369057967,0.3060248175010544,0.16979184921869966,0.0242396334504835,0.0793030753968253,11.369412152679184,0.30565817692681657,0.17162495999131555
TmCuPb_186,0.0665825208915811,0.1867712620027435,178.4135593394967,0.3564923220929089,0.9997998668548158,0.0661520359068424,0.2038215877914952,178.2074500352789,0.3245585348619422,0.9997852797509498
Bi2Ru2O7_227,0.0145178224386508,0.1671223263730122,52.92664363663103,0.08686943721838482,0.6261138468530174,0.0145104235931777,0.1709358964588731,53.14484902401176,0.08488810070779301,0.6283256607130251
Th2TeN2_139,0.1079565439939021,0.1676594650205761,51.98029903152407,0.6439036649714531,0.8132406143047396,0.1089124020517179,0.1701697530864197,51.88068610470753,0.6400220960325856,0.8112556915028695
Sr(CdSb)2_164,0.1369600942476838,0.1572225437242798,87.09059104401818,0.8711224930177307,0.9817572502819283,0.1362038859890495,0.184010095164609,87.12622682330985,0.7401978998337361,0.9770178575148218
HoGa2_191,0.0872708027469178,0.2605185185185185,167.54447417468882,0.3349888646810891,0.9996012202661736,0.0867607811283572,0.2808333333333333,167.26442235742198,0.308940466925901,0.999574833415544
As_166,0.1471994152935914,0.2114982604980468,0.0,0.6959840470884194,0.17576157427340125,0.147478249477456,0.2215614318847656,9.381478172088009e-08,0.6656314152824199,0.16791320257640238
BaGa4_139,0.1832651587641892,0.3037491158693415,24.97201993425968,0.6033438426303805,0.4454605261376415,0.1829106687138725,0.3248959137088477,25.03200474716005,0.5629823614149426,0.42830117128394074
TaZnCo2_225,0.0108317390565472,0.1194537037037037,91.372953912646,0.09067729773715973,0.9439394739072825,0.0107941257852897,0.1463101851851851,91.003631055884,0.07377562793477127,0.9410779487729837
TcOs3_194,0.0391930031670398,0.2352392578125,1.445864619812972,0.16660910908960191,0.0816006517778869,0.0390001578189646,0.22518310546875,1.1704099362531324,0.17319308985361195,0.08126239630559619
ErCdPd2_225,0.0505628614337319,0.0894097222222222,120.05788735670478,0.5655186055500889,0.9955189796745889,0.0503462923978942,0.1040112740054869,120.49761736347024,0.4840464928372888,0.9949418221587496
Be3Nb_166,0.0101667614348879,0.3774563536352041,56.11955303783249,0.026934932574253747,0.6451461130464564,0.0101079199044639,0.4001834969478863,56.02756017133644,0.025258212748788585,0.6431856162304738
AlAgO2_194,0.0170888061115738,0.072487461419753,55.21394341287825,0.23574844223910235,0.7156595215213446,0.0172257927391641,0.0762635030864197,55.52043887074099,0.22587203632180794,0.7157402720179854
SrAcHg2_225,0.1434185666625461,0.1050558120073426,37.42243083903062,1.3651654670235878,0.8710844159429636,0.1419962848483266,0.1247587328582226,37.78175064496181,1.1381670973661857,0.8204760685444663
Ba(AsRu)2_139,0.1121259293684581,0.1820222222222222,32.76853096501153,0.6160013211550013,0.5672444767340671,0.1121711586819814,0.1916944444444444,32.43253006382609,0.585156022685311,0.5484607298886576
Y5Sn3_193,0.1851879511297166,0.1774372874149659,63.67736321408516,1.0436811440688027,0.947737773703707,0.1852583909053675,0.2148432185374149,63.32109614217668,0.8622957343803933,0.9273622095017802
Si2Os_64,0.0551057433445437,0.33359375,24.653356484241144,0.1651881767705291,0.2622440017400073,0.0547916205780286,0.3242133246527778,24.335084260529158,0.16899866973915614,0.25990492927314174
ScAlAu2_225,0.0915125221351332,0.1941324869791666,61.13455324854324,0.47139210731356823,0.8462673971630438,0.0915773826489563,0.2016059027777778,60.97306267308249,0.4542395901468145,0.8408792378900375
CdCuF4_140,0.0049752248592663,0.0580598958333333,25.34714484898437,0.08569124673506438,0.2428205344264862,0.0049869260840387,0.0785026041666666,25.27632758821661,0.06352561341087617,0.2347293077894576
Zn4B6O13_217,0.007717132639229,0.0827817563657407,68.65713022141381,0.09322262510514626,0.8128511880354454,0.0077609487812776,0.099403663917824,68.45080485580826,0.0780750776721218,0.8067092805587714
PrAl3_194,0.1631281045398614,0.3469434196566358,57.18080539239602,0.4701864779603159,0.8125683505822271,0.1622151722447084,0.3644356433256173,57.35429216779758,0.44511335599457763,0.8071513550099997
K2Cu(ClF)2_64,0.0369441532566866,0.0822583912037037,97.02780678428869,0.4491232166843446,0.9784052519682062,0.0367166523151187,0.1205591724537037,97.60355008563523,0.30455295576301644,0.973017524201433
Pr(SiNi)2_139,0.0593815718730617,0.2129265873015873,87.04339370676095,0.2788828423242147,0.9481672112911917,0.0592674753009889,0.2225396825396825,86.91890017987232,0.2663231771727747,0.9466589480320358
Cu2GeSe3_44,0.072255379630625,0.15635,109.3239404631028,0.4621386608930285,0.9897795063137641,0.0724709701462499,0.1606833333333333,109.27129932183443,0.4510173435094902,0.989540462715674
Mn2Nb_194,0.0252701591651444,0.1037197788065843,7.870056801183123,0.24363876838059945,0.13052715006076346,0.0253927706293095,0.1109407150205761,8.34893335499547,0.22888594709886192,0.13073756383127375
Ce2Mo2C3_12,0.0675335833702392,0.168924644510582,17.64142793161686,0.39978526262938896,0.2635296291812143,0.0680313246505535,0.1737222015542328,17.70061383534994,0.39160984630577234,0.2613396198504309
Na6ZnS4_186,0.0925807082887698,0.0682698979591836,92.90299750360502,1.356098530337937,0.9945937900515665,0.0924427586677525,0.1335647959183673,92.75985733014834,0.6921191922776722,0.9820068431171763
KCd13_226,0.0726524350707464,0.0667719585905349,47.63255765406536,1.0880680543800172,0.8826880312925275,0.0719950872790183,0.0813604493527092,47.66782731351292,0.8848904824371027,0.8390292599731948
LiFeP_129,0.0252794446751182,0.1404987776360544,81.09964326243917,0.17992643851038786,0.914583416076922,0.025805062650839,0.1570538371598639,80.60703970948579,0.16430711351911909,0.9099529399654136
Zn3N2_206,0.0120701657764114,0.0747804641723632,79.91044062032573,0.16140800822779863,0.9060301410237921,0.0123071523152959,0.1090788841247558,79.62592684510474,0.11282799979159992,0.896672559696305
Al3Pd2_164,0.0631074223863836,0.2660858154296875,67.2700410300723,0.2371694345468016,0.8385134546078403,0.0634741707254785,0.2670684814453125,67.27652026446358,0.23767001774964627,0.8386890679254798
LaGa6_125,0.1706603814338712,0.325315445188492,30.82657905297972,0.5245996891877923,0.4970716983333445,0.1697416946851892,0.3181811135912698,30.708499373360965,0.5334750789238754,0.49933699315528424
Ho(CoSi)2_139,0.0369218852957308,0.2236926020408163,121.82334091063808,0.1650563539378643,0.9916849957828111,0.0369611431906019,0.2318558673469387,121.52209201043394,0.15941431033658038,0.9914484996468514
Zr2CuOs_225,0.0663826070379742,0.1065672153635116,65.07828720963518,0.6229177220361476,0.9017678973375522,0.0660499696592086,0.1273416066529492,64.91282517660274,0.5186833384254219,0.882643125248453
ZnCu_221,0.0063513132154895,0.0587926793981481,12.455037492067888,0.1080289804871448,0.13373661558756286,0.0063112063860846,0.0872034143518518,12.425582863120752,0.07237338621421283,0.12621202442031512
Sr2CdIn_225,0.1574442161797599,0.1358603957455998,75.76077201366567,1.1588676399454634,0.9787590569947893,0.1574708291123614,0.219327016520894,75.93820393454104,0.7179727860719798,0.9543384395137928
SrHfO3_62,0.0184908010287611,0.0886810279667422,43.78356085507302,0.20850909662093287,0.5472060385301465,0.0186016969036189,0.0931098828420257,43.721448465098405,0.19978219643106362,0.5423512022475135
LiCaPb_187,0.2103487607111766,0.1716628086419753,53.41366736373751,1.2253601253250248,0.9317346192069641,0.2097210945203523,0.2963409047067901,53.38834010233963,0.7077021470520838,0.8417649025166624
ScAu_221,0.1159877604420205,0.1252847120991253,61.37521508516778,0.9257934068623708,0.9272896800100249,0.1149233185778892,0.1272435313411078,61.2502991243683,0.9031761172189475,0.9239456449239911
K2UO4_139,0.0212133172971755,0.0904179325810185,43.176993813342456,0.23461404935539107,0.549963287863833,0.0211279522263886,0.1026973017939814,43.28934160502583,0.20573035374164825,0.538612472284474
Nb3Ru_225,0.070015154449283,0.140576774691358,22.06793888220895,0.4980563439658088,0.3579712291953356,0.0700337510840288,0.1552077974965706,21.97668925840611,0.4512257258568226,0.3374352399441583
Ho2MgAl_225,0.0979730233377429,0.254255859375,181.0834066213085,0.38533241113331923,0.9998381268275633,0.0972968220875093,0.288099609375,181.59703097559736,0.33771938219070796,0.9998288421344105
CeAl4Ni_63,0.1101270825807391,0.3325318287037037,86.75214566815208,0.33117756880610005,0.9518509975205761,0.1100909288885422,0.3354513888888888,86.82801117923039,0.32818742904357895,0.9518100529198034
Ho(CoB)2_139,0.0156252169771412,0.1624880420918367,111.32970890631206,0.09616225770207738,0.9825029412355484,0.0158028655499291,0.1695192920918367,111.45267231824025,0.09322163486482668,0.9825375628758425
InSe_194,0.1852560481648202,0.2082096354166666,18.050876422488532,0.88975732460262,0.47183035513418786,0.1860638302800081,0.2063530815972222,17.981037122343306,0.90167701320392,0.47618873819851054
YCuSn_186,0.1039605935983672,0.1851280292638317,100.10773401205154,0.5615605265813625,0.9852571265088084,0.1035808412334909,0.2041377314814814,100.04344648707564,0.5074066439446416,0.9836956443187186
NbCrSi_189,0.0467848569708254,0.2421354166666666,45.11105757476585,0.19321773582272486,0.5599735799855131,0.0465809232102362,0.2458145833333333,44.93677264387721,0.1894961746312293,0.5557325393979071
AlNi3_221,0.0056962853349281,0.1617335550291545,87.23266510161932,0.035220182564473235,0.9223735505058707,0.0056650977424455,0.1625535258746355,87.22458235116167,0.034850660494528646,0.9222907907741318
Zr2InCo2_127,0.0681121032801773,0.1712595532039976,76.4797570547307,0.3977127232081755,0.923450861590155,0.0683324350872373,0.1760882079169116,75.98237335177127,0.3880579846634615,0.9200384652505199
TiPRu_189,0.0436007569845193,0.2139136904761904,29.87338844552576,0.20382406047719637,0.34260833513696193,0.0436452345543581,0.2199629526289682,29.60422149332373,0.19842084329527318,0.3367923670318978
Cs2CaH4_139,0.0924182214183511,0.0827717781066894,32.44347713322214,1.1165426614277614,0.7614721163935955,0.0926641655423324,0.3503632545471191,32.534382415798724,0.26448026252670376,0.4055972728423013
Be2CuIr_225,0.0003084552817359,0.2100833637026239,91.51028387219218,0.0014682518229883399,0.9352169899402146,0.0003090138953729,0.2220982142857142,91.24876431227106,0.0013913389460005958,0.9342535801886076
ThC_225,0.0880209760930211,0.1647571975218658,5.964601012078385,0.5342466211914012,0.18508810311390952,0.0865113696239741,0.1641137481778425,5.913242044794126,0.5271427323092135,0.18268943053789216
CdCu2GeSe4_121,0.0771749334322307,0.1376084374841233,102.69345644183088,0.560829952314042,0.987327638962971,0.0773581702879755,0.1607415028196921,102.54581563409953,0.4812582247333481,0.9852570950831848
Si2Pd9_62,0.0346520494106005,0.1639795918367347,45.1223832401007,0.2113192807864872,0.5682286242269027,0.0346771988665756,0.1612112791545189,45.00053346802032,0.21510404885093654,0.568126744872221
AlCuCl4_112,0.059697487614636,0.08688671875,83.3378511705189,0.6870726443980946,0.9685225402415323,0.0606556282205315,0.0889794921875,82.88531983839557,0.6816809888363525,0.9673784507039366
TlClO4_216,0.0288958496900299,0.135982421875,62.53296802443501,0.2124969484408214,0.7889894070697827,0.0288105333340764,0.17411328125,62.82416759032693,0.16547004988498773,0.7774408112176137
Tm2Cr2C3_12,0.025198669189597,0.1234114583333333,163.16302521974757,0.2041841943195875,0.9993427281964447,0.0252345314564584,0.131796875,162.89419580131977,0.19146532462517338,0.9993164670227817
SrPIr_198,0.1016779469404929,0.1636454264322916,30.01552277446706,0.6213308196704307,0.5288495336925947,0.1020760277634541,0.1703886809172453,29.857128880040943,0.5990775162643027,0.5163957261087327
HoZnRh2_225,0.0365764753053058,0.1088230881344307,103.98346244080491,0.33610951437182485,0.9824400351487743,0.036469788042631,0.1318587105624142,104.02094567437196,0.2765823197199273,0.9805160089348909
Er2Pt_62,0.0629724342216334,0.1171664014274691,148.58218796838804,0.5374615372190633,0.9991416961104974,0.0636294494335109,0.0820613908179012,148.83354904848028,0.7753883866617395,0.999451135179217
Hf3Sb_82,0.3011411465761326,0.3333849225725446,3.12513418456225,0.9032836405809692,0.27258060804059125,0.3012774661487695,0.3658163888113839,3.071832578033316,0.8235756389364751,0.2442334679088445
SmCd3_194,0.082806340867571,0.0690666666666666,11.503421523853426,1.1989335067698514,0.51428737854236,0.0833093975044684,0.0735944444444444,11.31910945667478,1.1320066091042742,0.4811367022013768
LiCdPd2_225,0.038262746346745,0.0873603820800781,74.77817921781627,0.43798739698358696,0.9214004637315734,0.0381819318935306,0.1042098999023437,74.88818482580504,0.3663944781571744,0.9119765788093291
Zr2CoTc_225,0.064948598488156,0.1022805212620027,41.3676699347885,0.6350045706335724,0.6942014763684298,0.0649943093911852,0.1277300883058985,40.988989471999865,0.5088410276170129,0.6382786387353018
Sm2GeRh3_166,0.0655361053743385,0.150759765625,73.32132027847253,0.43470554031871533,0.9143831483464406,0.0657706133110995,0.1531640625,73.61435454797854,0.429412828554998,0.9150012132286481
SnS2_164,0.1072550769844601,0.184125212585034,12.782871309578434,0.5825116260757978,0.2716149384978673,0.1065686772656552,0.1815841571003401,12.762098459906218,0.5868831233264876,0.2729426445702128
AlAgS2_122,0.0741453598212638,0.1345663265306122,65.25570472064817,0.5509949014205766,0.8906055838323537,0.0741597333522778,0.1464282761715797,65.32704256071362,0.506457736792448,0.8829096216438113
TiHg_123,0.0941236052758148,0.1208622685185185,63.59986656269231,0.7787674882289107,0.917719151142454,0.0936793346964657,0.1332754629629629,63.55144964229077,0.7029000883868555,0.9064454026407677
YRh_221,0.0923863936021469,0.1098191508746355,11.367991665675332,0.8412594057261558,0.3541328596591037,0.0922080335785176,0.1098077623906705,10.8822153391192,0.839722361798639,0.34687817214038325
Nb3B2_127,0.0314379741590518,0.1949327256944444,47.1121513488306,0.16127601995536958,0.5751221061236851,0.0314982749700436,0.1971345124421296,46.9578131081517,0.1597806217685509,0.572198202012462
LiSbPd2_225,0.0584306586007949,0.1673418209876543,66.659222621969,0.3491694918576609,0.8598664023759991,0.0584529735936752,0.1881965877914952,66.46684566236355,0.31059528910500656,0.8497405670464507
GaN_225,0.0105856630315556,0.191558837890625,37.58891026194971,0.05526063505145992,0.38701658411006884,0.0102950969698414,0.2064208984375,37.55875232903784,0.04987429590593776,0.3842698711976348
CeCoC2_9,0.0343470648845118,0.144631637377173,40.62978594591527,0.2374796103216401,0.5133147495264949,0.0347679454990575,0.1432852654950869,40.66204905997767,0.24264843547538145,0.5161432999811554
Na2H6Pt_225,0.005995952615386,0.059220703125,35.67687058263923,0.10124757557724454,0.3797187138868464,0.0061027422772765,0.102359375,35.80797936091797,0.059620745801510604,0.36388508255613355
SiSnPt5_123,0.0548178906782743,0.2387474279835391,43.7629964413793,0.2296062041014064,0.5563831519202735,0.0548054857705612,0.2309002057613168,43.6161035176651,0.23735572512747788,0.557688633104151
Ta2PdS6_12,0.075444415183171,0.1596989707341269,41.70346147406783,0.47241641468543855,0.6328520314025218,0.0751905224078834,0.1578822544642857,41.829178794925504,0.47624429143740243,0.6362101195898846
DyNi5_191,0.0165850872867307,0.0739068930041152,38.315551127692174,0.2244051483236784,0.472776467168501,0.0166965310239084,0.0840470679012345,38.33324748439503,0.19865691261863946,0.4613936083121064
LiSn2N3_36,0.0520548697400303,0.1543389214409722,40.35723678690828,0.3372763607133213,0.5543626726928159,0.0518879149486594,0.16021728515625,40.39113315808934,0.32385965657860405,0.5488340901407263
ThSi2_191,0.1578050429535037,0.2902387152777778,25.961005490896277,0.5437077641501884,0.43334688428634915,0.1584423749729289,0.2915017361111111,25.572772753018597,0.543538357907192,0.4275746177017517
Ga2HgTe4_82,0.1843149479950016,0.1917317708333333,55.79345963540149,0.9613166727345416,0.9068910437761152,0.1838053234964044,0.2028728218235596,55.888998853744674,0.9060125542901042,0.8985730539438813
Ta2FeMo_225,0.0809440070305795,0.1741867065429687,50.02969264385072,0.46469681089361475,0.7366819680963617,0.0809130663049051,0.2230911254882812,49.49461745373901,0.36269065444808746,0.6924072952884714
LiAl2Rh_225,0.0469944005736055,0.2754584418402778,47.52376143652769,0.17060432150725227,0.5852512859997588,0.0468994886286784,0.291847511574074,47.23627785967411,0.16069860721349616,0.576680362365679
Ca3AsN_62,0.0917839668325081,0.1128571428571428,39.56999869851137,0.8132756554779204,0.7381164302329042,0.092164705763273,0.1307678571428571,39.496471858622535,0.7047963297478205,0.6973409282952234
NaNiN_62,0.0298269435612054,0.0507501214771622,107.9709981055518,0.5877216190433685,0.9911664398284808,0.0300947889678772,0.0905354105928085,107.96730541937951,0.33240904051599585,0.986021231805108
ThPt3_194,0.0869835178938967,0.1839138454861111,17.389504557612913,0.47295796389872985,0.28703892612512344,0.0871241979224031,0.1831787109375,17.37416339626787,0.47562403663889524,0.2878431846789017
Eu(AlGe)2_164,0.1220829983403041,0.2669790762442129,113.29279219167748,0.4572755290704187,0.9918519704485724,0.1216345183424599,0.2719251844618056,113.15154080802166,0.4473087646633356,0.9916344410841327
Fe13Co3_123,0.003484987967319,0.082509988122233,9.82603434175736,0.042237164816412584,0.10477777392601989,0.0034879479017604,0.0797902494331065,10.17434692119269,0.043713961624904804,0.10700560936239484
LiCuO_139,0.0160161673302308,0.0417247953869047,102.53018009654592,0.38385250740516424,0.98243619163467,0.0159297705655882,0.0580454024057539,102.46616062180578,0.2744363878164642,0.9785747593062107
NbBO4_141,0.0045563175558793,0.10459765625,31.03970446790792,0.04356041730982189,0.2946049890190299,0.0044608154418007,0.112880859375,30.99821874858958,0.0395179082308497,0.29256647200924424
NaSbS2_15,0.133410701877862,0.1362890625,24.33937268640272,0.9788804723626446,0.6048096369876359,0.1330345396784413,0.1547699652777777,24.373513599007303,0.8595630259377126,0.5524960182853005
ZrIn2_141,0.1801831024548683,0.3196433738425926,78.59878021890925,0.5637004148992586,0.9487609417538413,0.1798480559472043,0.3424603497540509,78.57056351698338,0.5251646097902081,0.9451601350274901
NaTl2GaF6_225,0.0261032871652146,0.1438994231047453,87.66347438430945,0.1813995261552498,0.9408368444121525,0.0260001272790584,0.1532344111689814,87.73232400887856,0.1696755127044303,0.9398730266495849
Li2AgSn_216,0.1016233202583996,0.1545942644032922,74.4370323493994,0.6573550490417512,0.9447866654134081,0.1014017663956439,0.2388813871742112,74.705367543375,0.4244858404212703,0.9192822975534534
TiH2_139,0.0103715861661057,0.1183901186342592,0.7193649008940313,0.08760516743923946,0.06863506154431263,0.009793385176877,0.1475875289351851,0.5059757527624916,0.0663564546918994,0.06542216767912086
LuZn_221,0.0465594162573747,0.0573296282798833,104.73352637232404,0.8121353243400007,0.9928563776639301,0.0462347377846677,0.0724364522594752,105.07327512352788,0.638279986698546,0.9904229608251744
Pr(MnGe)2_139,0.1063252860713036,0.1743036905924479,49.84572142367969,0.6100001997083956,0.7827618176091781,0.106497941601093,0.1860605875651041,49.5043480799628,0.5723831306500013,0.7672847687310459
Ta2MoOs_225,0.1142181071107142,0.1888449502743484,19.636314216795284,0.6048247885092055,0.36918926488551057,0.1138261890173607,0.2221981095679012,19.278382579238283,0.5122734358033624,0.32622518142736223
LiAg2Sn_225,0.0800161002963359,0.1661469050068587,81.77150892496041,0.481598500393569,0.9507036871136878,0.0798397278971007,0.1847806284293552,81.98716170890597,0.43207845203115974,0.9469630206838441
CaNdCd2_225,0.1115569008543853,0.065638671875,37.85256506835017,1.6995606045599212,0.9271696131383178,0.111368669322186,0.0985390625,37.69417100754706,1.1301981822912717,0.8175525289376533
InAgTe2_122,0.1688152410590859,0.182618995949074,76.90414321368577,0.924412272566445,0.969901720608874,0.1685072886167836,0.1945972583912037,77.02204647841359,0.8659283795151379,0.9668661340393427
Cd(GaTe2)2_82,0.1818394796272633,0.1875582722479424,70.85329680788487,0.9695092487676622,0.9605517140660779,0.1814215309689032,0.200587143132716,70.89348777298692,0.904452439650471,0.9559212921554874
Sr3PN_221,0.1000512242321251,0.109330078125,41.48790080067803,0.9151299070483959,0.7918458502858536,0.1006309365182464,0.150900390625,41.20421523334523,0.6668699537585866,0.7043209668803424
ZnGeN2_33,0.0193582965876964,0.1371354166666666,97.10742502152844,0.14116190447541627,0.9629808646401904,0.0192014494227542,0.1428792317708333,97.0797708849989,0.1343893663534793,0.9624798878193564
AsI3_148,0.2095063117769023,0.1335792541503906,3.9736603713312415,1.568404563339072,0.5690324325029195,0.2090417982734979,0.1525020599365234,3.890065804539528,1.370747374563388,0.4784408778977623
ZrBi_63,0.1717448623841994,0.2085400132275132,77.08110083661643,0.8235583173039747,0.9644302524273209,0.1712207152095,0.2283232158604182,76.93260199470646,0.7499049738077143,0.9591957086212359
SmBrO_129,0.0540231549601543,0.0990185185185185,118.3069137323604,0.5455863788756934,0.9948438241692908,0.053642768185879,0.1006388888888888,118.84170580987238,0.5330222618525106,0.9948906847057855
NbSe2_194,0.1001130045674492,0.1579712880049979,60.3681975199472,0.6337417756844638,0.8759669975018819,0.1015673096804411,0.1562337307371928,59.63334384265304,0.6500984723413644,0.874409434416492
Ba2YNbO6_225,0.0299181511353038,0.1142826786747685,39.05348758680256,0.26179077601467854,0.5007761517249774,0.0299021279064121,0.1203093352141203,38.95671935808719,0.24854370488535946,0.4933102951544259
Sr(CoP)2_139,0.059300643921335,0.1622987085459183,65.63933296907726,0.3653796413577585,0.856017007540164,0.0598793470217268,0.1697757227891156,65.64645647049248,0.35269675804063605,0.8532063461187098
ThAl3Ni2_191,0.080716497395188,0.2865,93.14496702450288,0.2817329752013543,0.963627267189698,0.081172062218693,0.2917734375,93.0091938123024,0.27820237138170945,0.9631141084945751
SiB3_74,0.0417964658492006,0.321947337962963,18.89081816666273,0.12982392124642722,0.19100257963262657,0.0416350176487316,0.3191355613425926,18.61460421062231,0.13046185600117544,0.18863841619736468
LiSi_88,0.0956563109486135,0.2236540330417881,11.11560193575852,0.42769767952604204,0.20301269711103268,0.0955699718920359,0.2528109815354713,11.139033498624205,0.37802935343861516,0.18901438349834748
MnGaCo2_225,0.0029427133877788,0.1848564814814814,61.80494624431476,0.015918908356338028,0.714642595797808,0.0029446997188542,0.1878472222222222,61.612550316523134,0.015676035471904062,0.7121980089352514
NdAl2_227,0.1464564467333905,0.3292874689558363,80.59359852499522,0.44476775019043646,0.9438489714516041,0.1456798798782261,0.3425031719036821,80.9125267697468,0.4253387758966326,0.9429832172394889
KAgF4_140,0.0117363358824285,0.0645129965566473,43.09177356048835,0.18192203910607543,0.5248962620325923,0.0114077592753679,0.0909588372385991,43.32239681066848,0.125416722791251,0.5026967422878169
Sm2TlCd_225,0.1148896629642325,0.143509765625,97.7584136705894,0.8005703476963817,0.9889680651278042,0.1148219341465156,0.167509765625,97.55237225982462,0.6854641203639712,0.986270171267449
LiTl2InCl6_225,0.1057830113056251,0.1498628257887517,33.38439658388992,0.7058655857373062,0.6155693261339615,0.1051160693303468,0.1550219415231418,33.514684608731066,0.6780722025382129,0.6054138791299787
Cd(AgI2)2_121,0.1297210313827365,0.1093632450810185,80.45648113032311,1.1861483379231892,0.9846471638734664,0.130303964397822,0.1253598813657407,80.59934901480634,1.0394391170302468,0.980216551888915
Tm2AgRu_225,0.0551435711029189,0.0926997599451303,156.970630464471,0.5948620701451525,0.9995317680274531,0.0549976049603934,0.1190468535665295,156.55943876872504,0.46198285223605606,0.9993891166293293
Ca2ZnN2_139,0.0327111294114802,0.083797831632653,72.04700538782127,0.3903577070451767,0.9012779258524247,0.0325069897355472,0.0976147959183673,72.02469044529396,0.3330129354850257,0.8914811194139328
KGe2N3_36,0.030825989692601,0.1586852058531746,30.028065944930496,0.19425874974837362,0.34078080161383606,0.0308039194181009,0.1623418898809523,30.02497942754648,0.18974720228210887,0.3389000172783461
LiCo2Si_225,6.084040761350025e-05,0.1919756741982507,72.33764686855459,0.0003169172754182969,0.8205534839152652,6.0674252253137854e-05,0.2087907707725947,72.12488115092577,0.0002905983441156097,0.8186635995925052
BiO2_15,0.0277432652855782,0.158829365079365,54.531807322805335,0.17467340042387783,0.6837838790859107,0.0275749910972821,0.1562445746527777,54.41332633899539,0.1764860710111823,0.6829622225160233
K3BN2_14,0.0450331899662962,0.0935372488839285,14.010963345397034,0.4814465948445675,0.2503776591377559,0.0460092741719404,0.125969005766369,14.060189220498703,0.36524281423060884,0.21335437636195947
MgTi2O5_63,0.0127024808726867,0.0672154017857142,50.29867225536015,0.1889816996584026,0.6327079317163913,0.0125097059068613,0.0713992745535714,50.226408972820046,0.1752077452478201,0.6258597903818992
BeSiAs2_122,0.114934130345688,0.2512923177083333,5.139037353548153,0.45737224040047353,0.15824293645471252,0.11546211640579,0.2548274739583333,5.23225297436988,0.4530991678890525,0.1579519778848898
YMgCu4_216,0.0368912086074616,0.1061258446375044,104.6788589161842,0.3476175735841862,0.98348693186256,0.0365442047328481,0.120316389777981,104.8163611544752,0.30373421942166706,0.9822844035334561
TmGaRh2_225,0.0405563219374064,0.1858844521604938,164.34822833569365,0.2181802806314851,0.999403078451858,0.0403685878896047,0.1981497556584362,163.79496830430102,0.2037276692845925,0.999366583998999
Mg2As2O7_12,0.0152956745304903,0.0771462673611111,53.48494146664934,0.1982684976694121,0.6794914936116059,0.0151440880454012,0.0813368055555555,53.455422787846,0.18618985515797432,0.6743045855089482
Sc2Si2O7_12,0.0150784088444029,0.0747981770833333,51.89194083802178,0.2015879187483929,0.6597369334371684,0.0151871642776003,0.0767621527777777,51.63451272208268,0.19784703435254508,0.6547345100218745
Rb2Pt3S4_69,0.0813587151767697,0.1316641348379629,42.46253515117482,0.6179261746328767,0.7014749208255971,0.0815400920144671,0.1644834667566872,42.55864438656389,0.4957342742239595,0.6543082810955803
OsRu_187,0.0316702086193731,0.232021484375,8.412764255819766,0.13649687960872955,0.11319370430437266,0.0315276654948081,0.224482421875,8.523575370439678,0.1404460323951951,0.11458728107888824
TmAlB4_55,0.0119950587646673,0.2711101367630385,155.34389581837755,0.04424422822357055,0.9985975158616703,0.0118614039114405,0.2821623441043084,154.80511446827134,0.04203751549163355,0.9985458069907063
Mg3B7ClO13_29,0.0117018159416793,0.081822035047743,60.00537949168551,0.14301545952568048,0.7390999687810822,0.0116762880988746,0.0857428656684027,59.78581106240214,0.13617795495698548,0.7341397524952852
RuS2_205,0.0502549393086854,0.2011931756829716,19.038783223023906,0.24978451251186665,0.228525634097726,0.0502659933553677,0.2022932188748515,18.73600980271726,0.24848086176563688,0.22493315224930055
BaHg2_191,0.1227562488663063,0.107395,46.9636600298036,1.1430350469417225,0.8887452354171403,0.122561135215299,0.12969125,47.14225372734296,0.9450223913741211,0.8492639947037932
CuTe_59,0.083799036093457,0.1525977366255144,148.51608321452727,0.5491499280825228,0.999156391224942,0.0833906730375191,0.1618216306584362,148.73798427485616,0.515324636751037,0.9991147814804808
VRh_123,0.0299213756457656,0.1385267857142857,30.47656258220277,0.21599703978896215,0.3558393049190158,0.030093051182261,0.1404910714285714,30.010644307044668,0.21419902970532145,0.3487307445031538
Na2H4Pd_139,0.029777436199793,0.0459131730109739,49.40967941592618,0.6485597541401849,0.7901463389647371,0.0302221057130534,0.1241721322016461,49.582564379710064,0.2433887956757882,0.645624557895741
FePt3_221,0.031703665169835,0.1704286625364431,12.894771417683074,0.1860230826082775,0.15443091731014247,0.0317040259879435,0.1712941873177842,12.940944612221529,0.1850852412704836,0.1545692962543131
TaIr3_221,0.0540994877679018,0.2251574074074074,30.213625077304687,0.24027407488314326,0.3623707090261886,0.0540422676254339,0.229787037037037,29.949215625838384,0.23518414407651456,0.3565970704232728
ZrZnRh2_225,0.0376966399507487,0.1138153076171875,66.0769328298821,0.33120887462290743,0.8515348474685489,0.0376422633407216,0.1333389282226562,66.46039645177795,0.2823051290607692,0.8430066801897139
NiSe2_205,0.0673944992066859,0.1744045681423611,84.00102625622701,0.3864262268157669,0.9488187926312167,0.0669120813867268,0.172462745949074,84.07626002375444,0.3879799142620927,0.9491734073423085
HfPaTc2_225,0.1299557801556465,0.1603839806241426,34.54434747075315,0.8102790543663825,0.6747954827819334,0.129786321832834,0.1876982596021948,34.62719154915802,0.6914625746019245,0.6269128303156455
Na3AlP2_72,0.1650348688203661,0.1247881944444444,20.96057156093264,1.3225198870381885,0.7001035473165456,0.1654142793406229,0.2162039930555555,21.003986870325537,0.7650842937859998,0.4594376998830146
MnAlPt_194,0.0448800038495479,0.201324462890625,46.71770531347414,0.22292374808882606,0.5965717033366116,0.045271172749485,0.2065887451171875,46.33774001199811,0.21913668493317445,0.589422023651579
Ti_194,0.1447926945588865,0.277247299382716,9.779821752431417e-07,0.5222510548570309,0.13458111985848487,0.1433959252856328,0.3332670235339506,1.1280012790493288e-06,0.43027336987940773,0.11627454054809833
Rb3H(SeO4)2_9,0.0326593946668553,0.0969741821289062,40.71237761440033,0.3367844301428776,0.5593873375136501,0.0327645045259474,0.1104385375976562,40.835946368364304,0.2966763707548654,0.5431885663366856
Sr3SbN_221,0.1259507695592034,0.138611328125,48.21047988951048,0.9086614439306197,0.8489898284291594,0.1270697645901593,0.184583984375,47.96484821046731,0.6884116464405977,0.7878059707632213
SbIrS_198,0.0973654348745207,0.2365089699074074,33.229356013057924,0.41167755672285494,0.48173144489228287,0.0963560204503843,0.240802906177662,33.26101847263206,0.4001447573032768,0.4769739060916392
ScGa5Ni_123,0.084824217334573,0.314681712962963,78.15554451832963,0.26955559805458584,0.9135358753542683,0.0847411046523526,0.3104369212962963,78.01642139625648,0.27297366659383765,0.9133686311668723
Mg2Cu_70,0.0852034970652725,0.2531819196428571,125.1522928935734,0.33653073325876537,0.9949945130700705,0.0849251259552422,0.284890625,125.0601863523696,0.29809729946446006,0.994604858843199
CsTiCl3_194,0.0942680462629233,0.105734882258802,13.77154615665071,0.8915510591120546,0.4095878606542214,0.0952147151882941,0.111515667866941,13.855904037291612,0.8538236555414169,0.39432211151489094
TiGaNi_189,0.0350052242491642,0.2168854166666666,89.598027016738,0.16139962191632312,0.9451071379942227,0.0347675783192203,0.22404375,89.44118743594758,0.15518209420802992,0.9440240169564874
KHgAs_194,0.1068384544524401,0.1116440007716049,53.27202079527476,0.9569565199567174,0.892584111077318,0.1072511327081846,0.1589867862654321,53.52511632268983,0.6745914879311187,0.8347172263756762
TaCoSb_216,0.0960097357314053,0.2478841145833333,71.95862237265605,0.3873170166341131,0.9003114052987151,0.0944272703366704,0.2557463469328703,71.50836838140917,0.3692223621925524,0.8948113929695907
LuNi2_227,0.0164453490836442,0.0705161179698216,129.13065475084292,0.23321404463419593,0.9952392034326243,0.0164080877889178,0.1049945344650205,128.19066549111545,0.15627563732266697,0.9942138838325982
DyP_225,0.068600297491125,0.1529675925925926,147.36028058811814,0.44846294779464907,0.9989147148909691,0.06781030683078,0.1664907407407407,147.4635154075223,0.4072917600647485,0.9988376953947155
Mn3PtN_221,0.0314635686279839,0.1125092592592592,4.356059158014389,0.2796531488620083,0.11494637821329812,0.0312900735946004,0.1128055555555555,4.1492038748930025,0.27738060807821097,0.1132773341904427
Li2InPd_216,0.079885127853514,0.1745327503429355,62.83965364531841,0.4577085257440194,0.8560434627015975,0.079878654252083,0.2536517275377229,62.59602480517887,0.3149146864777552,0.8188739022247705
Li5Tl2_166,0.2383805488900665,0.1656092821216278,3.3828237779693677,1.4394153868440391,0.5020341143303058,0.2353478160779207,0.4219853426815018,3.520957806193422,0.557715617756781,0.16996734458201415
Nb2PC_194,0.0434065213461198,0.1958912037037037,48.89274749562608,0.22158484161327924,0.6269023232674746,0.0432471556946878,0.1965939153439153,48.57570647084818,0.21998216790704112,0.6217686814443745
LiAl_227,0.1518443961217399,0.3090760030864197,4.679074135059548,0.49128497393983445,0.16283789266519458,0.1502410623420377,0.3682765882201646,4.554166544056628,0.40795713642329057,0.14231846530687758
Hf2CoTc_225,0.0951664022278328,0.1422003600823045,63.48518749890358,0.6692416402655466,0.9007739738580048,0.0948996315664213,0.2243628900891632,63.41652663382162,0.4229738328326382,0.8524837676031578
Ti2ReRh_225,0.0636914899799526,0.14910888671875,33.13969322710562,0.4271475120063624,0.48741248926088515,0.0634211686123341,0.1783370971679687,33.00838607855642,0.3556252155018549,0.4530900603392127
Mg3Rh_185,0.1407082129606632,0.2538692129629629,51.56709256807862,0.5542547334449379,0.7830552180140274,0.141156684312549,0.2811527777777777,51.47660905248991,0.5020639860941328,0.7655408768661965
HoCd2_191,0.0718725712490731,0.0666155133928571,79.28318962794033,1.0789164203421076,0.9800796413182837,0.071539241223438,0.0974702380952381,79.29964060541111,0.7339598488877913,0.9633853909100948
DyGeAu_186,0.0721252302566813,0.1638635706018518,131.44708339307303,0.44015414769599936,0.9971491238714721,0.0725673692719924,0.1705254448784722,131.5165428284078,0.42555156108056913,0.9970847926903463
LiAg_221,0.0383450378522011,0.0600676359953703,80.56317993710516,0.6383643573913336,0.9597635113728027,0.0383878280546919,0.0863624855324074,80.7261821387967,0.4444965637341103,0.944242121030648
HoTaRu2_225,0.0647297098108169,0.1573377486282579,134.66987243039893,0.41140610168354363,0.9975222549674628,0.0648508597593975,0.1887109910836762,134.41574956216033,0.34365173637735824,0.9971556984211699
BeO_186,0.0025927700918564,0.06150390625,51.352654080444026,0.04215618567896084,0.584219166703503,0.0026077888484041,0.05888671875,51.14208720683416,0.04428483881866996,0.5820958750034108
Al12Mo_204,0.1345350355304294,0.4663228293549563,13.266596201581512,0.2885019284098223,0.18365483420238965,0.1344170020816048,0.4633618235240525,13.261255632934342,0.2900908000130645,0.18404011378168914
TbTiGe_129,0.0937674905735717,0.434449074074074,151.47663881524022,0.21583079851974607,0.9987056534519836,0.0977257634706162,0.1933472222222222,150.92136562525891,0.5054417764445347,0.9992090724278405
Zn3Pt_139,0.0159679441562597,0.0949556327160493,71.79365747600808,0.1681621584683603,0.8572406197713489,0.0159886490812723,0.1593390989368998,71.9772727453137,0.10034353895526921,0.8429449270078515
BaNiSn3_107,0.181029982724286,0.2498383698640046,84.32215900974586,0.724588392178618,0.9721746801580059,0.180752158097189,0.3099206995081018,84.3080354233221,0.5832206702684726,0.9642859678498142
BeGeP2_122,0.096254790169651,0.2471354166666666,6.587261687969413,0.3894819749751948,0.15341648747360517,0.0964390225558965,0.249326171875,6.625702025517732,0.3867986334152129,0.15308227876867708
Mg2AgAu_225,0.080056577775397,0.0678369341563786,74.43887839375708,1.180132604325094,0.9779010661170829,0.0800012353772203,0.1529036994170096,74.60862766933386,0.5232132098977892,0.9312631734262111
PaO3_139,0.0011223715319439,0.1411805555555555,21.21552387066676,0.007949901652726103,0.1786027514473912,0.001113112845946,0.1520416666666666,20.698521236835475,0.007321103947027682,0.17394392987441082
Rb2PtSe2_71,0.1167047753139215,0.138762943328373,34.54139789631645,0.8410370414077167,0.6869016128011419,0.1166315988482781,0.1581120566716269,34.483359235320634,0.7376515194568813,0.6443564627724716
YAu_221,0.1097198819476659,0.1104910714285714,1.213340747091863,0.9930203457081684,0.28233226351976065,0.1086644982930621,0.1092497266763848,0.330349379960289,0.9946432050575629,0.2723320593616321
LiIr3_44,0.0277103761473225,0.1962543402777777,42.60376105160832,0.14119624619818005,0.4991124396389165,0.0277948018864505,0.2090277777777777,42.5370978541436,0.13297180968933134,0.4943787259620929
VGeRu2_225,0.0313029140605191,0.2248802185058593,27.675134810737077,0.13919816633272925,0.2889055894800943,0.0314560957483896,0.2302627563476562,27.606103861253708,0.13660956833547339,0.28709375609697285
InCuSe2_122,0.0962298362723983,0.1755243764172335,108.40759737537203,0.5482420062479149,0.9907580008877946,0.0963618123994449,0.1805896741412614,108.26393846358204,0.5335953611836548,0.9904299162245617
SrI2_62,0.190949661488883,0.1120615641276041,44.77167815798079,1.703971053549184,0.9510211728466451,0.1919155187591082,0.1450098673502604,45.02274441075917,1.3234652390623236,0.9080207044866888
BaSnO3_221,0.0276355126245131,0.1278935185185185,48.48903067184578,0.2160821982586364,0.6188776541040252,0.0275523710614254,0.1326712962962963,48.43500477462921,0.20767394176877854,0.6145014123291764
Sr_194,0.1836441922214551,0.0479465060763888,1.3558870755048248e-05,3.8301892515144176,0.9844845612685221,0.1781433652781734,0.3034102828414352,4.790796751308335e-06,0.5871368748938304,0.1489154277087785
ZnRh_221,0.0198807261306467,0.1083080150462963,79.95139946968901,0.18355729372520285,0.9096032865448638,0.0198963594025523,0.1217628761574074,80.1178977477888,0.16340250846926066,0.9073870343563926
NdAs_225,0.1260137353646532,0.137939453125,68.85584367399088,0.9135438231037514,0.951258765285139,0.125572721741769,0.1541900634765625,68.93913792211934,0.8144021664590375,0.9424637162996821
Si3Pt2_194,0.0654744983388123,0.2614351851851851,45.24511401798903,0.2504425649226751,0.5873618370458547,0.0661291985960121,0.2605509259259259,45.07605952671423,0.25380527189073393,0.5863901911783317
LiVRh2_225,0.0150850871141247,0.1211527777777777,43.38790834768563,0.12451292814593362,0.5032663848285308,0.0149385869246732,0.1311018518518518,43.17268536916433,0.11394642191289682,0.49524565790081804
Sr2TlCd_225,0.1549275969009399,0.1325062763200518,75.39641407151241,1.1692094986258033,0.9786963005964483,0.1548556078449469,0.2044545000539898,75.49981499077141,0.7574086547571932,0.9562775792932546
CdO_225,0.0149156553727582,0.0831705729166666,25.77441530573685,0.17933813426658796,0.28059239250783796,0.0150421274334857,0.0899884259259259,25.96960743293495,0.16715624569172538,0.2784868710097694
SmMgHg2_225,0.1012617608219989,0.141201171875,88.38410772460652,0.7171453287345382,0.9777559017773908,0.1011067567511374,0.15762109375,88.21412622262432,0.6414544801440156,0.9743058198956762
Y(BH4)3_205,0.0058874014251805,0.07899609375,29.349734551372155,0.0745277537875789,0.28536615449108865,0.0061862400794246,0.121066650390625,29.45749246928308,0.051097804882389325,0.27805591307456745
NaTmS2_166,0.0578972485679514,0.0968189554437839,206.54567601037036,0.5979949721887708,0.999976037343443,0.0573037616929634,0.2282601102474216,206.5495111590076,0.2510458863392698,0.9999549966494867
VCoSb_216,0.066998781275603,0.2172821509556203,65.95436756961018,0.3083492177380343,0.8452488440633875,0.0670910780246269,0.2233357628765792,65.86862189326408,0.3004045440841603,0.8426717546136766
PmB3_194,0.0353147003365589,0.2169480887593132,66.17582556108749,0.16277949503273928,0.8094641368518882,0.0348374494418505,0.222085560414642,66.2566146145785,0.15686499102781687,0.8085505529547299
YSnPt_62,0.1305478476757577,0.2059799382716049,55.43761457016921,0.6337891387442667,0.8402052884263406,0.1301751440518457,0.1982906807270233,55.25583904674027,0.6564864449230027,0.8442403373866397
Zr(TiGa2)2_139,0.1075619389323067,0.292935546875,52.559650621513576,0.36718636601042137,0.7316517877278855,0.1068219191158074,0.321171875,52.532670885107,0.3326004779086195,0.7188073729901516
ThCoC2_38,0.0443235588564653,0.1695005010932944,43.98936631804124,0.26149514939822666,0.5739522670938448,0.044883519787201,0.1718066690962099,43.87025047497285,0.2612443394852543,0.5720964104375271
Ge_227,0.1600161476616752,0.259448223733938,1.4506158915016232e-14,0.6167556106522836,0.15586676169612937,0.1591959431012744,0.2500539898499082,3.949535363938781e-06,0.6366462826561169,0.16068200404716407
Eu(SiPd)2_139,0.0677534990963804,0.1979457310267857,88.7342917349437,0.34228320431528836,0.9578286266542958,0.0673959778218434,0.2022908528645833,88.58763563428772,0.3331637435280345,0.9567926939910553
NaBeAs_194,0.1418397327429329,0.1569788629737609,14.970518032497631,0.9035594350472617,0.43239527328830274,0.1417736126244065,0.1936201712827988,15.060095758500774,0.7322254271603449,0.35937469208889944
ThGe_225,0.1959686012654331,0.188934326171875,28.096431480281243,1.0372313239001312,0.6805836571259856,0.1966534900497915,0.2292213439941406,28.27244070753411,0.8579196274794479,0.6085299376817331
Sn2Ir_225,0.1592942785037018,0.2938594111689814,40.45879034088641,0.5420764911697893,0.6448697215757537,0.1588335963727906,0.2821090133101852,40.38108621151655,0.5630220548754659,0.6524840123146128
Cs2SnBr6_225,0.138649394660219,0.1143946759259259,7.287694675688602,1.212026639683815,0.45726311345700815,0.1376076716924157,0.131052662037037,7.125661656135586,1.0500181343399662,0.3833217451956039
LiAg3_139,0.0404716585844469,0.0819803455075445,75.2835848433704,0.4936751404728145,0.9304082347934809,0.0404684893308458,0.1278988768861454,75.33743726903002,0.31641004452971494,0.9067063539639943
BiF5_87,0.0089275121704606,0.0706952883873456,54.63870318211935,0.12628157228167725,0.6658944727566255,0.00886211125444,0.0748758198302469,54.438553598978,0.11835745203900998,0.6600001073996865
MgB4_62,0.0190756079530557,0.2386212384259259,19.333357788175835,0.07994094775003549,0.18128421625650884,0.0191302555765389,0.261085792824074,19.30324924130984,0.0732719133033383,0.17922716677004316
CsCdBr3_194,0.110856085399089,0.0972944444444444,77.35381185397746,1.1393876190165038,0.9799702448889948,0.1113764335983419,0.1117395833333333,76.99663992551056,0.9967500349996109,0.9736534541110881
Nb2SnC_194,0.0841183478887588,0.2303321116255144,78.96291417520672,0.3652046051899297,0.9295458587935369,0.0845026566867441,0.230127154063786,78.9006647630869,0.3671998510150692,0.9295393113781978
K3AuO_221,0.0704386517216652,0.080302734375,25.503680426617247,0.8771638010821496,0.5769803620113917,0.0737805197750525,0.132921875,25.378125964016785,0.5550667997652945,0.42985229818863846
Li8SiO6_185,0.0076286116393191,0.03926171875,59.73631023731774,0.1943015202134802,0.7536900495871357,0.0076555464572423,0.0514140625,59.90089134324168,0.14889985511730958,0.7399551226985119
PrSi2Ni_63,0.0811089934908766,0.2350737847222222,87.20574281509097,0.34503631949738683,0.9541935658944197,0.0806678577506788,0.2357139756944444,87.05867465854506,0.3422277254160288,0.9535818894581807
LiCa2Al_225,0.1959251040347372,0.21996875,56.32087448016178,0.8906951739041896,0.8983918776651476,0.1961431858951945,0.346166015625,56.40885408756831,0.5666159502718935,0.8314330741595405
Te2W_31,0.1977197012610704,0.2170451676764455,19.899219243098194,0.9109610841731154,0.5090898342709057,0.1984046837257721,0.2164912840136054,20.06228557016688,0.9164557576983254,0.514023451448902
Tl(MoSe)3_176,0.1162036602484772,0.1961784297052154,42.51720148907767,0.592336580647979,0.6923439927171611,0.1158509848888255,0.1924369331065759,42.78008858272336,0.6020205322263406,0.6993981032792006
LiErTl2_225,0.1252388471657553,0.229865234375,195.50093760628656,0.5448359666318301,0.9999488821497834,0.1248582195849068,0.290076171875,195.4232603720055,0.4304325266630685,0.9999367768993982
Ba3BiN_194,0.1680505555419248,0.142134088010204,43.020665758773966,1.1823381561350732,0.8714018597131769,0.1678714189642281,0.190477519132653,42.82142392969422,0.8813188019701081,0.7948578713398402
RbLuO2_166,0.0181549594155709,0.113452,203.81970106390608,0.16002326460151342,0.9999374780831238,0.0180566960205219,0.233983,203.88128496507483,0.07717097404735344,0.9999275871293395
K3PO4_62,0.0217905256911994,0.0935774222883597,33.80042882276983,0.23286093117687826,0.41002074623014534,0.021734157704716,0.1054889012896825,33.78773553207679,0.2060326483544648,0.39809885604201833
BaAlSi_187,0.1984661806238105,0.243133544921875,26.93104185405409,0.8162846500164457,0.5708180015011666,0.1979376091604348,0.280084228515625,26.997462757180752,0.7067074437195328,0.5224939087338641
YInPt2_194,0.0972736673270212,0.1939511684303351,53.767711025517535,0.5015368977370235,0.789094010472478,0.0974758309747439,0.1894193672839506,53.46644410970989,0.5146032972891414,0.7900432372855198
RbGeI3_221,0.2072479079995661,0.131660743995949,12.426025665613484,1.5741055512031956,0.6887248570336795,0.2088579034569625,0.1561414930555555,12.518900018110884,1.337619484544383,0.5914519065158225
CeAlNi_189,0.080613212278719,0.2117183333333333,86.13039904191051,0.38075688113319905,0.9542176138671324,0.0811808318825877,0.2158533333333333,85.82852252065668,0.37609255613034026,0.953043901103668
Na(BH)6_14,0.0118080715865966,0.1279695767195767,25.208435819419577,0.09227249076920802,0.2434936413370298,0.0121722225277692,0.1916071428571428,25.025275500506535,0.06352697684576658,0.23204133119009288
Cs2NaAlH6_225,0.0759401163469028,0.1034941496672453,16.068636474982505,0.733762406774351,0.37404043468708764,0.0762139542953782,0.1877656159577546,16.074929102879867,0.4058994183073731,0.2478052624709931
LiTi2N3_63,0.0232835790099122,0.091822193287037,36.46288328165798,0.2535724553771823,0.4583751420455083,0.023178758194591,0.0989492910879629,36.42930329845407,0.23424885554749242,0.4491733570540541
KClO4_62,0.01554372670486,0.0832231040564373,28.59777274001968,0.18677177306819875,0.3188569595349269,0.0154794817896837,0.0836984678130511,28.903882498485807,0.18494343079563502,0.3221233777821435
Y2Cr2C3_12,0.0436428327553746,0.1372600446428571,25.663202327046715,0.31795729681518603,0.33263823686003013,0.0439698298739005,0.1428794642857143,25.61769121444791,0.3077407246290802,0.32792903150812197
NaSmO2_141,0.0185528362239949,0.0640110596707819,91.19156719852488,0.28983797986496096,0.9598708974893079,0.0183693817812007,0.0771906346450617,91.13616745134432,0.23797422920107944,0.9559395480657606
SrHgPb_186,0.1503313670087326,0.17053955078125,63.33949715732608,0.8815044153690875,0.9297507631474052,0.1494249921891209,0.20525634765625,63.42905960493693,0.7279920640474815,0.9096409193113345
NdPO4_14,0.0112973617952634,0.0947723765432098,32.17523742075392,0.119205217884481,0.3390137486496775,0.0112702880462474,0.1039464377572016,32.14299048428421,0.1084239949864619,0.33420782119342385
Bi2PdO4_130,0.0344660840341154,0.1585718790690104,65.59222424108141,0.21735306560323836,0.8191760572682326,0.0344266080198012,0.1609160105387369,65.67138824099824,0.2139414711099476,0.818959470782322
Ca4P2O_139,0.0910438444325957,0.1248183513374485,54.001647375091935,0.7294107273253205,0.8516469259123692,0.0911338304446729,0.1463059413580247,54.0553859879952,0.6228990401808745,0.8259563419616506
GaRh_221,0.0317654734704418,0.273121021412037,49.71076950747677,0.1163054872386393,0.5930512144855827,0.0316390346945315,0.2621889467592592,49.44038421328475,0.12067264881147842,0.5910593074310424
LiB_194,0.0180628735385122,0.1088888888888888,19.130597522392087,0.16588353249654075,0.203651260689749,0.0190988123104219,0.1597337962962963,18.57754098380411,0.11956650848637432,0.185291577313454
Zr2Ag_139,0.0967002707839066,0.0977331090856481,4.633566490763378,0.9894320531557389,0.32415720564303385,0.0965106943500795,0.1064001012731481,5.371562728993964,0.9070545346786775,0.3014799119241795
YCu5_191,0.0248836272195075,0.0681262860082304,53.45751052909409,0.36525735773268614,0.7413991618451075,0.02477098082295,0.0960101594650205,53.72258150423942,0.25800374628035944,0.7056215497646561
Lu(CuSi)2_139,0.0346583760673678,0.2049395651117589,171.72538232650172,0.16911510497481386,0.9995802828277444,0.034404901634857,0.2258298408649174,171.7606101689812,0.15234878394763016,0.9995682144723641
Ti2AlMo_225,0.1122813116286864,0.243717313957476,13.780084642572977,0.46070305718319765,0.24083374249697112,0.111589435017038,0.3165830761316872,13.768890152631284,0.3524807339057531,0.20661519023213548
BaBr2_62,0.138744127610732,0.1153515625,9.82102859921672,1.2027936562257835,0.49087189852428803,0.1390445954340652,0.1287445068359375,10.14045919885386,1.0800041015439468,0.44015425290231236
SmRh2_227,0.0609546309049286,0.12237109375,49.64334368366217,0.49811298597573084,0.743910717079165,0.0610923711356627,0.132365234375,50.09916437234545,0.4615439350379853,0.7363770229331954
TiPt3_164,0.0420352670684237,0.1802356770833333,37.021223476707725,0.23322389744727612,0.457491464726056,0.0420641605851949,0.180037109375,36.76886214787383,0.2336416127276255,0.4539332404892848
BaCd2_74,0.1186586235008431,0.0823974609375,70.25369959477511,1.4400762129168987,0.9822204025851382,0.1182308112160909,0.1140028211805555,70.44655923283817,1.0370867140984097,0.9641179830883376
ZnPt_123,0.0247472677294353,0.1307198660714285,82.3606898425052,0.18931527757160335,0.9215407568605577,0.0247291012582031,0.1396949404761904,82.38737081259224,0.1770221682611184,0.9200278195508995
MgAl2O4_227,0.0102289775142687,0.0402314814814814,57.81975785469251,0.2542530659473008,0.7526182647684774,0.0102173802956702,0.0462453703703703,57.87928279773453,0.22093844667782228,0.7418578985331993
Mg3Hg_155,0.1751787894150306,0.281617431640625,70.21849655810827,0.6220452633009526,0.9257451509406656,0.1741888308653826,0.32206591796875,70.46709774077254,0.5408483827285447,0.9160939310128791
Pr2CBr_194,0.0918609825519546,0.1144400282434402,46.909620738081024,0.8026997542900393,0.8109632715052396,0.0925183588024429,0.1242284302113702,46.90609450996314,0.7447438452295199,0.7942522819550368
Al(CrB)2_65,0.012264987577323,0.2978877314814814,31.85573780398125,0.04117318802062001,0.30393724170196185,0.0122151812873692,0.3081183862433862,31.50094254208852,0.03964444133405362,0.29888096930253594
CdI2_156,0.1515875825313938,0.1195907592773437,92.52172203833204,1.2675526390784597,0.993510480955691,0.1510939861621871,0.1249900817871093,92.50017501280142,1.2088478061766499,0.9927759234752271
LiAl2Pt_225,0.0523803564406922,0.2635859736689814,46.20250829539486,0.19872209325702933,0.5784428164614329,0.0518406046112983,0.2733289930555556,46.27920600238844,0.18966376026110565,0.5755455452620218
Ba3(PO4)2_166,0.0291143701156489,0.1232916666666666,39.92386379512041,0.2361422381803224,0.5021474015612125,0.0289788434064829,0.1417175925925926,39.87613507902769,0.20448303471955528,0.48705301357817254
ScIr3_221,0.0546509868540424,0.1979074074074074,34.06920382991729,0.27614422102725644,0.4331191345893737,0.0548353792029166,0.1967407407407407,34.092819812653424,0.27871898314735477,0.4346156023582715
ScH2_225,0.0248887714320414,0.0961358873906705,5.552446891740758,0.25889157636731536,0.11843819529860353,0.0238485755698763,0.1543595116618075,5.821350663276654,0.15450020094729963,0.10147759054177237
BIrPd_43,0.0291548834666446,0.209853515625,39.29853365579704,0.13892968807224196,0.44880575124283095,0.0292915505092638,0.2125537109375,38.912101919301634,0.137807758707524,0.44258806664221223
PaAs_225,0.1480104799763636,0.1849444444444444,34.60159371622421,0.8002969779436904,0.6715583896472606,0.1473935239011218,0.2043703703703703,35.55059342830634,0.7212078915060328,0.6521080488215583
CaP_189,0.1075430308656,0.1422136935131195,38.63749186618314,0.756207283623352,0.7061339828570771,0.1086077705458523,0.152990995505345,38.49170141457497,0.7098964889215189,0.6864978925090616
CaSmHg2_225,0.1036472626080648,0.090890625,44.9038781765075,1.140351522591739,0.8754277769545992,0.1033384108170299,0.1077421875,44.62442363366717,0.9591267192067164,0.8325448080843554
GaP_186,0.1225870127952404,0.2524281196853741,9.037342384835444,0.48563136685418645,0.19993817367574088,0.1222161121955874,0.246711575255102,9.03033919316989,0.4953805352230224,0.20271949016323756
Ac2CuIr_225,0.145856477026432,0.14369921875,79.05478804547765,1.0150123173612036,0.9773811206584707,0.1456599240000565,0.159953125,79.22075168574669,0.9106413144479454,0.9730475217967214
PmAl3_194,0.1375272656502438,0.3513334297839506,86.53625862326366,0.3914437226620165,0.9560897850904655,0.1365448712098755,0.3625367717978395,86.6168327702121,0.37663730090810393,0.9551532461399571
Ti2TcNi_225,0.0398476793864167,0.116058349609375,73.81274388843188,0.3433417717943998,0.903064710046255,0.0397186688088051,0.1641349792480468,73.6666670471448,0.24198783824611078,0.8848133304619965
AlVRu2_225,0.0305012425400272,0.2268867492675781,30.11487146731261,0.13443377649196986,0.3179220772500416,0.0304025777056111,0.2304420471191406,29.999069711047607,0.13193155539836313,0.3154382676214999
VTc2Ge_225,0.0427758016024412,0.2198371887207031,19.934090817850787,0.1945794606061245,0.2203910184205106,0.0427615239802548,0.2325401306152343,19.923980152074208,0.1838887931606476,0.21696831015006654
SnPt3_221,0.0650290934324126,0.2412268518518518,47.41569893287932,0.26957651245372083,0.6266231636821781,0.0650995966099911,0.2334583333333333,47.27499958354415,0.27884888785289785,0.6285931244277333
BaClF_129,0.0620994374808687,0.1132541232638889,69.41727825424303,0.5483194403101183,0.9122292297344633,0.0618146755402976,0.1162832754629629,69.21192196932009,0.531586982686827,0.9087498001080884
ScZnRh2_225,0.03794018376045,0.116912841796875,96.95879253991563,0.3245168210551881,0.9729567703252778,0.0380608818485577,0.1377143859863281,97.13618282436062,0.27637549683688295,0.970859019601371
Ca5Al2(SiN4)2_60,0.0274918749568694,0.1054197668650793,33.09930451408373,0.26078482028948774,0.41214634156647345,0.0277800452255911,0.1085370163690476,33.09498639855197,0.25594996209526694,0.4099567632097599
NaTiS2_166,0.0884645849233903,0.118278,29.1114012658311,0.7479377815264909,0.5723602971748518,0.0888800062809099,0.210707,29.19021798042832,0.4218180045319325,0.42642947972891904
Y(SiCu)2_139,0.0537239410579077,0.2098680555555555,105.78716441287564,0.255989130483396,0.9817787339134594,0.0536191669999212,0.2135572916666666,105.77261858780804,0.2510762642729769,0.9816026163576211
ScSiCu_189,0.0600511753730841,0.2118489583333333,117.62490272044371,0.28346221688093787,0.9913818280349138,0.0600498575098648,0.2289424189814815,117.70198483537632,0.2622924042517523,0.9910876910102142
C_166,0.0196335850847493,0.1330223083496093,3.5527136788005016e-14,0.14759618389081253,0.07297351267644821,0.0198392255382309,0.2302742004394531,3.7552051423972443e-07,0.08615479068158703,0.065771186805512
NdMgZn2_225,0.0776092265001946,0.1302083333333333,116.55725100188856,0.5960388595214947,0.9947765099794249,0.0777525476884932,0.1713820301783264,116.54376334520788,0.4536796979682767,0.9932392908855572
Sr(Li2P)2_166,0.0967487395076577,0.1100480324074074,47.611695912143816,0.8791501073775261,0.8371578991796474,0.0969538465165536,0.3381018518518519,47.29464914045351,0.286759288615303,0.6322164499514396
FeAs2_58,0.0607797340507963,0.2340386284722222,58.40349625113707,0.25969958227647955,0.7608711852548853,0.0613107988865581,0.2394721137152777,58.12342082795504,0.25602479526887234,0.756580075016879
Ba2Si5N8_31,0.037167032199285,0.1475907029478458,29.25459878905553,0.2518250232361772,0.35400079873847273,0.0371689233991633,0.150068499622071,29.19547962590573,0.2476797162147196,0.3514730343376469
LaB2Rh2C_139,0.0467517945213534,0.1849116572627314,31.645569192797964,0.2528331377990204,0.38780215517844746,0.0471425114052246,0.2226720739293981,31.215567541027564,0.2117127243363796,0.3642365789131867
Ni3Sn4_12,0.0826319410347025,0.2841753472222222,106.61148735862687,0.2907780067568112,0.9836868277526694,0.0823433600611601,0.2700846354166666,106.59199363178978,0.3048798386258694,0.9840747253498021
RbGdO2_166,0.0263525204770315,0.107338,107.56133414876533,0.2455097027802968,0.9832739832551664,0.0263973114304537,0.214602,107.09782639855456,0.12300589663867859,0.9786173493608308
NaBrO3_198,0.0208431150885219,0.0741057219328703,58.757762081430286,0.2812618856530799,0.7716848867014033,0.020544203000115,0.0798249421296296,58.81033573810691,0.2573657111677298,0.7645107947718183
SrRuO3_62,0.0103768756018777,0.1163566468253968,19.61674013268307,0.08918163151821569,0.18634796883987367,0.0103868929015904,0.1157490079365079,19.99891244578081,0.08973634493081745,0.1899962048573302
Ta3O7F_65,0.0109235412711851,0.0801265656001984,48.648109814362485,0.136328584525755,0.5864664507000449,0.0109693305206413,0.0896809895833333,48.19054826052936,0.12231500311945585,0.5735926268811383
BaSi2_62,0.1822890828097763,0.2105603174603174,21.74759628984625,0.8657333205442704,0.5161954632345213,0.183003913132,0.2443507936507936,21.89843425916556,0.7489393031951205,0.46545251008888144
Sr2IrO4_142,0.0160490527372732,0.11215,24.219233074952108,0.1431034573096139,0.24965470833002784,0.0162194578278852,0.112709375,24.379985826505628,0.1439051350243509,0.25173574242741587
K2CN2_12,0.0338486897713225,0.0936970899470899,9.659099563922103,0.36125657467522865,0.17143572460804618,0.0343869974675537,0.0983465608465608,9.613063046430623,0.3496512452652402,0.16807511876327458
TaCu3Se4_215,0.0651347083594676,0.1319697521865889,106.73021100049858,0.4935578591325622,0.9887373967380568,0.0652711937849319,0.1340871666126768,106.31962002723417,0.4867818109206065,0.9883191177011617
MgPd5_155,0.0327656401130061,0.107130111882716,55.66801722615793,0.3058490235581692,0.7460394716002007,0.03296799842408,0.1245056905864197,55.579413738429366,0.2647910972486581,0.7306030260457601
Ca(CoGe)2_139,0.0596243636060012,0.18953125,69.4256618687443,0.31458856313141603,0.8717944343243655,0.0596664416358932,0.1995978009259259,69.30393816435404,0.29893336178606705,0.8677470470163252
BaY2F8_12,0.0095254752532298,0.0872565375434027,41.592852673232585,0.10916632176118249,0.4694724248072764,0.0093960953750402,0.0908237033420139,41.61391342159755,0.10345421987096716,0.46720163962399397
MgInAg2_225,0.0923787720886316,0.1781550068587105,82.5938982870044,0.518530316478248,0.955878758957543,0.0917235531291239,0.2197707690329218,82.74667566883986,0.4173601135981085,0.9478950129813611
ScBRh3_221,0.0508662828688096,0.1531111111111111,45.32705483995839,0.33221810291675363,0.6240045016427822,0.0510369488332202,0.1614629629629629,45.23692925674965,0.31609074859432185,0.6158283451006942
SmSi2Ni_63,0.0636551952887627,0.2315017361111111,100.46475695014898,0.2749663840888471,0.9759364794690656,0.0634564165198603,0.2305056423611111,100.172695387512,0.2752922482498247,0.9755366553361516
Cd(InS2)2_227,0.0911919158639525,0.1596651216290087,67.03452605990249,0.5711448745571515,0.9037868168547442,0.0906470790461216,0.1564016091927842,67.13458609568993,0.5795789411244991,0.905624458818657
Sr3GaN3_176,0.0501132850195108,0.1124292490433673,29.391539027379984,0.4457317419258099,0.44005788739843116,0.0496899484601096,0.1455974968112245,29.155132719547083,0.3412829859605036,0.3905774541413146
ScInIr2_225,0.0950086236630497,0.2276314943415638,39.61380384951413,0.41737907989343564,0.579173889511772,0.0947905855940839,0.2305571630658436,39.63530127300309,0.4111370227391858,0.5767208347494196
FeP4_15,0.0552011037939176,0.2414416808390022,48.50694547360541,0.2286312106596322,0.6244932385174801,0.0551067892241684,0.2447730654761905,48.25021271182749,0.22513420386741342,0.6193859868059298
ScGa2Ni_63,0.0701015715197942,0.2554600694444444,89.63843035160926,0.2744130292935639,0.9549422595420687,0.0695281022579745,0.2636957465277778,89.53410719776272,0.26366789443321714,0.953820323050643
SrZn_62,0.0989813400666089,0.0581121858465608,94.04075142316584,1.7032802780463097,0.9973053747280153,0.099288619167978,0.1334769758597883,94.70270800086264,0.7438632657685947,0.9853697247542479
ZrTe5_63,0.2065581687419337,0.1704899691358024,64.89540476086529,1.2115561389855227,0.9635884136074123,0.2064442195471426,0.1859053497942386,64.52598694584233,1.1104802512441765,0.9556376192325688
HfC_225,0.0514702341421386,0.1569037208504801,21.46835404758145,0.3280370526788633,0.283120756469928,0.0517146452233474,0.161801268861454,21.413068475229693,0.31961829216326626,0.2793593129723491
ZnO_225,0.0044671334129646,0.068023681640625,63.95663398689467,0.0656702681363948,0.7571717180228978,0.0045295398834157,0.068359375,63.5677447306548,0.06626069772310966,0.7530660920383099
ErTlTe2_166,0.1518373650688358,0.2105274200439453,215.1222641609085,0.7212237011081093,0.9999885357042209,0.1511800643086502,0.198883056640625,215.77908661570103,0.7601455189912305,0.9999897303243782
Na3BN2_14,0.0313389741954013,0.055787037037037,46.00974917175552,0.5617608652453681,0.7240372196083246,0.031620233907916,0.098838458994709,46.08880854124925,0.31991832156760647,0.629441597504707
DyGe_63,0.0822552783228092,0.175031001984127,158.76819191365155,0.46994690877830125,0.9994724117598652,0.0807542912613003,0.1910032242063492,159.18574055407728,0.4227901994683498,0.9994394117043641
VN_187,0.0042065502963257,0.164265625,19.04074321551067,0.025608220200213527,0.1646648808222466,0.0038824864333885,0.159171875,18.938536021535747,0.02439178676125101,0.16352256240126392
MnGeRu2_225,0.0273019568964259,0.2196769714355468,35.669324427251865,0.12428228920861782,0.3895190555438177,0.027314860495148,0.2194442749023437,35.296168079565525,0.12447287817056772,0.3843032741578157
Li3Al2_166,0.1578824210520453,0.267681640625,5.245637909196796,0.5898141564113678,0.1939882897995947,0.1566820835861467,0.42116015625,5.233150760760363,0.37202494410022124,0.13933504708537456
TiPd3_221,0.0371211360330968,0.1245555555555555,50.45828921147157,0.2980287460284312,0.6795207259679316,0.0369098009176178,0.1225277777777777,50.325103900954936,0.3012361897606533,0.6790538946307526
CaSi2_164,0.1332312739822587,0.2403362386621315,43.84271890776992,0.5543536618693502,0.6945361362155132,0.1322091057077584,0.247329400510204,43.6227254694179,0.5345466630130933,0.6840076917197075
Mg2VN3_36,0.0322816710752612,0.0643884637188208,41.19635178998369,0.5013579950631007,0.6380044894447047,0.032490540485536,0.0713488520408163,41.11776316618784,0.45537579871571365,0.61738153916283
Lu2Fe14B_136,0.0220350931841694,0.0838758680555555,116.94922686309631,0.2627107616886227,0.9906878089471585,0.0222775186934725,0.0815405951605902,117.44374951303108,0.27320770285767504,0.9911262922104147
Ni_225,0.003518237944678,0.0743212463556851,3.1776437161565096e-14,0.0473382527499672,0.061567392739219205,0.003472566641995,0.0760750728862973,8.534599821271955e-06,0.045646576601840905,0.06139004454462897
Al4Cu9_215,0.0129719396907735,0.1797232627868652,117.4773487932418,0.07217729908541107,0.9872882981229224,0.0129520254430243,0.1950926780700683,117.49555815572128,0.06638909041154548,0.987169421598111
LaF3_165,0.0065119019405694,0.0996878651628308,47.0970616910075,0.06532291498000099,0.5318336975709648,0.0064554843737875,0.1057924350962759,47.05485579660241,0.06102028342492275,0.529257085491963
Ru_194,0.030415470549006,0.20798828125,2.094283214404413e-06,0.1462364627767027,0.07280654205404741,0.0303534245077493,0.21244140625,2.062672876945726e-07,0.14287904153689107,0.07239573691872855
HoCdCu4_216,0.023432842279686,0.068248046875,49.42041085393944,0.34334817408920904,0.6839115149032896,0.0234452756219132,0.102544921875,49.19112479448517,0.2286341945873485,0.6340473483088706
UBr3_176,0.1176753870399898,0.1108658854166666,45.344835430635314,1.0614210728370688,0.862093024770247,0.1189523669056794,0.1376085069444444,44.296575420502776,0.8644259686190993,0.8040897457059499
LiAlAg2_225,0.047448323086945,0.1634063720703125,79.0450337801014,0.2903700907485319,0.9204631636226155,0.0471853807961121,0.1860809326171875,79.28478374609487,0.25357450724510067,0.91653248222865
CsCSN_62,0.0919506747292938,0.0917154947916666,26.497410908426858,1.0025642334281837,0.6451414948518154,0.092563875361906,0.1084642198350694,26.55038357268627,0.8534047034373045,0.5817257885404927
RbMgF3_221,0.0126002643854311,0.0883518518518518,70.46810620414337,0.14261460423669667,0.8411478654067129,0.0124163293770409,0.0950833333333333,70.38235245444316,0.13058365690139426,0.8375074336505864
Fe3Ge_221,0.0120464776697603,0.1651728771865889,54.81385784833669,0.07293254119531922,0.6463902893702091,0.0121283745468992,0.1647002551020408,54.65335329222974,0.07363907566132796,0.6444856511109223
Be12Pt_139,0.000946263017049,0.468677662037037,28.149887579628405,0.0020190060113729554,0.2457187446281704,0.0009265322532935,0.4550808041838134,28.044125679424106,0.0020359730508854,0.24455308930302544
MgTaRu2_225,0.0695249497019535,0.1427116394042968,36.58296463521494,0.4871708431923474,0.5658175038701687,0.0696700047197932,0.1793785095214843,36.35048163282264,0.3883966084100436,0.5178411769602862
Nb_229,0.0846198542413931,0.1197012442129629,1.004859173557616e-14,0.706925435886399,0.1786606317092844,0.0850027621059273,0.1193938078703703,1.2121468635939436e-05,0.7119528526824234,0.18000530842643503
Ti5Si3_193,0.1001311493146838,0.2607788923182442,6.442165180070616,0.3839695322905495,0.1510031973347795,0.0994941604797722,0.2877207647462277,6.575542572644257,0.3458011122955514,0.14330181648385765
LiFeRh2_225,0.0136318335305781,0.1073472222222222,52.99885449907928,0.12698822799865744,0.6440092895021622,0.0135808543865142,0.1210601851851851,52.88363552137274,0.1121826665450713,0.6362227478407365
BiI3_148,0.2416860354986013,0.1422939300537109,1.8581905299864752,1.6984985614451256,0.5957288228590332,0.2411711754558258,0.1581335067749023,2.438341377470626,1.525111156860164,0.5268083659270252
CaSO4_63,0.0118346281316086,0.088241598079561,22.21357149404288,0.1341162035725847,0.2249879541565049,0.0119250724242271,0.0883130429812528,22.329577069232347,0.13503183699330312,0.22649233242301825
Li2CaSi_225,0.1108665665245967,0.1510604209533607,46.44601044942424,0.7339220017057037,0.7864313379933938,0.1104413779027305,0.2845239626200274,46.60729166097924,0.3881619561520778,0.6648247844257998
LaZn_221,0.1143961195850221,0.0953614704810495,102.87319324234912,1.1996052389707563,0.9960384342056696,0.1138827927589711,0.1060894223760933,102.70649965881108,1.0734603903794466,0.9949732064760387
CeAs_225,0.1525577975788724,0.1460723876953125,35.09826639549867,1.0443986025414165,0.7664836558067074,0.1523423149116619,0.1548423767089843,35.35409430620703,0.9838541499397088,0.7491058934421585
SrSn_63,0.2086854479785924,0.1745949074074074,55.18513312402278,1.1952550683029755,0.9349273630751157,0.2092737206354209,0.2644567418981481,54.94679940818797,0.7913344130815156,0.8717674858996558
LiHoSe2_166,0.0793177284056532,0.119387,168.55465336935728,0.6643749185895718,0.9997936518474634,0.0794119588106735,0.227046,168.30340127014588,0.34976154088014544,0.999629012872748
HfSe2_164,0.1535316390537519,0.1583791719812925,7.487492229209681,0.9693928635508133,0.35426779134067093,0.1534861088113132,0.160996625212585,7.488203933223247,0.953349851952768,0.34763679276865067
V2C_60,0.0351402085518679,0.1567170965608465,5.995130530146412,0.2242270264254447,0.11468017523347092,0.0346479626844191,0.1556010251322751,5.875186236807224,0.2226718150151335,0.11366826739150797
MnSbIr_216,0.0911905008924188,0.2018681278935185,43.4429678929541,0.45173302910165203,0.6481688204252384,0.0912267596431352,0.2109103732638889,43.04853089127428,0.4325380408340239,0.6347176190949257
LiInAu2_225,0.0799906654630506,0.1849601337448559,64.80320101339531,0.43247517096518806,0.8646521200356874,0.079778366534631,0.1844457304526749,64.77170948974921,0.43253029679155697,0.8644431242310773
Te4Mo3_148,0.1755079153312111,0.2029098714626835,26.868772104482105,0.8649550367661053,0.5914368085921722,0.1747702145344462,0.2073108774068993,26.725912047990168,0.8430344645708873,0.5796952832543795
Cr5O12_60,0.0131928898977879,0.0667209201388888,19.201532719172675,0.1977324334005748,0.21391178799479768,0.013184164354257,0.0668362087673611,19.0019449572897,0.19726080514452185,0.21176680384067648
ScAlCo2_225,0.0195844779518732,0.1949653625488281,74.916218479692,0.10045106318291983,0.864877417872622,0.0194902170407835,0.2129898071289062,74.89506719129955,0.09150774538702494,0.8628170510331947
HfAlCu2_225,0.0437015426974539,0.189674660011574,117.63184159021591,0.23040264152727216,0.9905216354148959,0.0436383311707709,0.2134422019675926,117.64948372304154,0.20445034191221756,0.9900788349639631
In_225,0.3903984925920961,0.3623649691358024,1.1938124470981842e-15,1.077362675324688,0.29895611196774846,0.3918351838990935,0.3772183641975308,1.3436206713901558e-07,1.0387489610498088,0.2844601301356252
Ca3BN3_123,0.0304174324402895,0.1002471301020408,22.773454893667743,0.3034244711976076,0.2899459301862799,0.0308221643541278,0.1031063988095238,22.5765611794835,0.2989355142843065,0.2858575418302432
Zn(InTe2)2_82,0.1932425568317324,0.19677734375,102.87519370843262,0.9820366163558013,0.9941292866647237,0.1931058549444382,0.2176639617435516,102.63520648741827,0.8871742175305648,0.9929323822170456
SbRu_62,0.1153124779426881,0.2642105344742063,37.63782285833448,0.4364416361072293,0.5586674785390277,0.1153600426515471,0.2702656094990079,37.574431257201454,0.42683951859576336,0.5534233664280465
Sm(SiIr)2_139,0.0730096631672503,0.2397420634920634,72.45553538282091,0.3045342235892921,0.8889435128402259,0.0731509489330911,0.2433267195767195,72.08981433030178,0.30062850911047206,0.8860493884390067
AlFeCo2_225,0.0038412915094651,0.1758786848072562,63.85798996736824,0.021840574448658945,0.7410977912749762,0.0038392683865461,0.1740227837166612,63.714482168373486,0.022061872040830495,0.7395237941484396
Pm2TlCd_225,0.1253725658349344,0.142669921875,89.19265143579284,0.8787596165138392,0.9840978281658425,0.1247917158645612,0.167763671875,89.00666329076961,0.7438542234432195,0.9795474225734105
TiN_225,0.0103072939482555,0.1307779947916666,28.246434491599764,0.07881520101814789,0.2736381382377416,0.0105917282549856,0.129638671875,28.17341778038819,0.08170191889344824,0.27381220621375324
SnSb_225,0.3077179485987346,0.2938820167824074,2.6705041701341634,1.0470798858937036,0.3213734675737911,0.3077233275576632,0.2979826750578703,2.673567121487841,1.0326886537880136,0.3157362789256912
OsO2_136,0.0097100632712809,0.1181439686213991,28.84768883205706,0.08218839594255972,0.28208860693167875,0.0096084852032136,0.1114004629629629,28.80330721166914,0.08625175288910707,0.2830470274283803
YCu2_74,0.0503092011662263,0.0683333333333333,59.3687614748461,0.736232212188678,0.8890635776227088,0.0500762080348086,0.0826736111111111,59.78894803437618,0.605709698195081,0.8663621844996316
ThCd2_191,0.1201954007779249,0.1011997767857142,60.28005679111703,1.187704208403869,0.9505552189086821,0.1202122204798963,0.1080775669642857,60.4292457884762,1.1122772639730176,0.9441729085355702
Ti2S_58,0.0706828898784698,0.1855239105673133,9.795001783426532,0.380990728700838,0.17777577403895375,0.0707089568930876,0.2167917080026455,9.622790654836145,0.3261607998965751,0.16226965704642402
Y2Al_62,0.1671428301489672,0.1976357886904761,63.81387941357417,0.8457113524652919,0.9273188660642907,0.1671472927913765,0.2154110863095238,63.16480117783754,0.7759456379659255,0.915334784334335
Zr2SN2_194,0.0340845179842837,0.1228276466836734,50.81619677936163,0.2774987464513094,0.6760513434391603,0.0343565247720225,0.1247292862457483,49.92112158346158,0.275448740276854,0.6633782931238345
Pm2ZnGa_225,0.100365563368607,0.129857421875,103.8546705339452,0.7728904664780601,0.9919215690281837,0.0999934576476358,0.17803125,103.82207671205964,0.5616623915612332,0.9881632958473181
ThN_225,0.0664590549255313,0.1618075801749271,12.756359847520685,0.4107289340442745,0.2141309932826199,0.0659430026916461,0.1638404245626822,13.311643933812343,0.402483104323363,0.21721823529541748
NaSnSb_186,0.3248545403646942,0.1942518446180555,12.841013562431751,1.672336965465806,0.730569383257255,0.3243218994504304,0.2560492621527778,12.798150517117785,1.266638680086944,0.5640696717670851
Ru3W_194,0.0378008055916269,0.2183349609375,22.189171743977056,0.17313217008084958,0.23732696829322955,0.0378221387735678,0.22096923828125,22.21825747633631,0.17116472441031688,0.23699508627273774
Co2P_62,0.0068127338228789,0.1872652706916099,59.90082148305354,0.03638012428956019,0.6987295548879308,0.00682726290678,0.1907596371882086,59.76597438322647,0.035789871523209275,0.6968012671478981
Ce2MgGe2_127,0.1724648691451955,0.2187998246173469,45.48547603899756,0.788231295188717,0.7932698781654315,0.1716473052764398,0.2343376315369898,45.41572680153956,0.732478621340617,0.7754349068316977
ThSiAu_187,0.1353143295564561,0.2025985717773437,46.41109591856694,0.6678937979146607,0.7652116487359355,0.1342696490012876,0.2078819274902343,46.45211690397734,0.6458938043452345,0.758403003461584
LiHfIr2_225,0.0629700169934374,0.1607627868652343,39.3657928475523,0.3916952313486858,0.5641113971017493,0.0634385881837906,0.1752662658691406,39.267770313205546,0.3619554959375689,0.5493274648382559
NdNiC2_38,0.031676012627606,0.1221414905247813,58.39093103090568,0.2593386775575598,0.7606149257049952,0.0321785811972715,0.1267595207725947,58.39245159350301,0.25385533963164436,0.758812528084044
Ga2Au_225,0.0884309474244615,0.2586402893066406,58.05255521590619,0.34190708517039625,0.78344356170908,0.0893696207774872,0.2456779479980468,58.03910753614939,0.36376736905258467,0.789973949396747
LiTlPd2_139,0.0556960814769076,0.1800786608367627,70.66458997849969,0.30928751478996647,0.878834481683525,0.0556496852551896,0.2127271947873799,70.31262364774805,0.2616011803794587,0.8668875620915109
LaCoGe3_107,0.1088505548055198,0.2338721865699404,61.47784268082755,0.4654275328843672,0.8475261354041203,0.1082068632968065,0.2407400948660714,61.47973155841599,0.4494758688078285,0.8437571879376249
KUO3_221,0.0209914306051635,0.0938644409179687,30.772004643633977,0.22363560044541916,0.3631068524360201,0.020829825173684,0.0970382690429687,30.72487996704502,0.21465577837606029,0.35869244484379187
Yb2MgIn_225,0.0776954026508384,0.4680625,238.09202202706476,0.16599364967464472,0.9999920480378978,0.0865608650246138,0.29101171875,238.25899696674117,0.2974480388502011,0.9999938000458852
I_64,0.2243423506719301,0.1150065104166666,6.32968410330592e-10,1.9506926160887905,0.675853165566325,0.2228298629715401,0.1465364583333333,4.502291971093341e-06,1.520644524277082,0.4883215016628971
VPt3_221,0.0407227009496882,0.1766018518518518,26.78036326985541,0.23059045260663383,0.312560010566716,0.0408188236774314,0.1760879629629629,26.75149042861653,0.2318092786729377,0.3126646117272572
AsPdS_198,0.0685076082042789,0.1787945782696759,51.17711784528639,0.38316378979316057,0.7209754484674024,0.0685685137386413,0.1807590060763889,51.10461698874619,0.37933663847246535,0.7186977227694458
BeCo_221,0.0,0.197515625,69.44411496381568,0.0,0.7935304920517441,0.0,0.193140625,69.27504337777708,0.0,0.7918675972805999
InCl3_194,0.0811741183835607,0.0906723760932944,18.90403341896415,0.8952464011755822,0.4870631434422352,0.0804339589042529,0.1445481049562682,19.090926237904693,0.556451147724057,0.34158334023623105
Bi2O3_14,0.0446635345473221,0.1787589905753968,57.73474902692469,0.24985336068164896,0.7501743071392811,0.045317585866573,0.1753588479662698,57.76941281003612,0.258427712043876,0.7534687081973793
PdO_131,0.0216696271431255,0.0991319444444444,2.117077154529156,0.21859378694291234,0.09227634734538401,0.0219929338455279,0.1005425347222222,2.16582539894206,0.218742583984875,0.0925437371805821
LuTlTe2_166,0.1391821421249935,0.1957759857177734,244.7712143537169,0.710925508124554,0.9999980194376736,0.1392161429747307,0.2041473388671875,244.6456338102349,0.6819395430145714,0.9999978965652272
Sr3TaGa3(SiO7)2_150,0.0203238632603861,0.0788215637207031,45.06065474123257,0.25784648643107133,0.5879468558456237,0.0204124148082372,0.0875450134277343,45.00214300143321,0.2331647915627658,0.5761844456682528
LiTaIr2_225,0.0529542520709929,0.1731529235839843,36.82327257014653,0.3058236094137245,0.48741210521007006,0.052561353257518,0.1845741271972656,36.815216788725664,0.2847709701010396,0.47773918797884707
MgSnAu_216,0.1452271291907046,0.1824137369791666,62.73409955893379,0.7961414068683376,0.9161773618335525,0.1447037429921243,0.2049707483362268,62.63721172304367,0.705972653008796,0.902194495246781
Hf(CoSi)2_139,0.04797838777718,0.2581268221574344,81.53043879979133,0.1858713766208978,0.9173986613955307,0.0480279729404811,0.2628348214285714,81.42636233789938,0.18273063165465422,0.9164895923007442
Sc3Al_194,0.3159179178088503,0.4013943142361111,1.4512575142990018,0.7870513024332945,0.21534919838455313,0.3137346063909181,0.3992648654513889,1.4170747446216616,0.7857806522400248,0.2146142251865304
NaZnN_186,0.0252477675690691,0.0484594228316326,124.35731288450202,0.5210084250650268,0.996241094173685,0.0254082800710925,0.1104437380420918,124.50870403937498,0.2300563211778382,0.9936956547140635
CaSn2Pd_63,0.1543651963162387,0.2224289021164021,62.57487253934357,0.6939979240443128,0.8999218977468485,0.1541114818004373,0.217659763558201,62.49005308440682,0.7080384508422419,0.9017476393148249
ScCu2_139,0.0303157766806564,0.0729950327932098,114.35592072063432,0.4153128715831806,0.9917493047605277,0.0302449004081059,0.1102852527006172,114.64635623444218,0.27424247274664526,0.9895453331791788
NaSi2N3_36,0.0196468542170861,0.1163172743055555,43.25653387022335,0.16890745019931863,0.5214563663466658,0.0194908648733633,0.1255143229166666,43.24936889169384,0.15528797367854166,0.5151702071089208
PaAgO3_221,0.0252014644540232,0.0956802368164062,14.671401903218037,0.26339258025019785,0.1894900597707187,0.0255750631737622,0.0959625244140625,14.929348427585667,0.266510946121113,0.19275281304105515
Li2TiF6_136,0.0046559331702084,0.046070240162037,72.5968056886646,0.1010616214248651,0.8479601486556534,0.0046363271957939,0.0517894603587962,72.23003589953456,0.08952260100170056,0.8423435263963435
Ti2GeC_194,0.0711508560585258,0.2157072844328703,25.55511856511528,0.3298491112416209,0.3360079015293449,0.0706205979457647,0.2230857566550926,25.451053698783717,0.31656255874259814,0.3292654761494368
ThB2Ir3_191,0.0634766401464129,0.2389615885416666,22.02396306938731,0.2656353288149688,0.2671407268276524,0.0637444116716577,0.2438932291666666,21.99380763507115,0.26136195699019343,0.26527119838639
Nd2TeO2_139,0.0774724193056333,0.1290380658436214,78.95801779955478,0.6003842261516887,0.9528812663351738,0.0765599725829197,0.1366666666666666,79.07697873859495,0.5601949213384371,0.9498319200371984
SrPt5_191,0.0647866425068626,0.160517578125,8.398357429380155,0.40361088962114317,0.17165015123980382,0.06470935240081,0.16207275390625,8.697327151244012,0.39926113946481545,0.1730752129333811
Sc2NiOs_225,0.0761875596104818,0.1155344435871056,80.96291617049475,0.6594358984646967,0.9620986479548327,0.0758375719898181,0.1517704046639232,80.95498222475759,0.49968616844470454,0.949948305828881
NpSe_225,0.115309943540327,0.152,58.42372240017863,0.7586180496074145,0.8874873403922877,0.1154602954213176,0.1486527777777777,58.17358430026778,0.7767113211562059,0.8892631818608956
Ca3Al3N5_2,0.0303461078941466,0.0841904761904761,35.21191650830613,0.3604458516838684,0.4881160096573184,0.0304637485181883,0.094625,35.16166203339004,0.32194186016579446,0.46990544092619974
UO2_225,0.0140521490254453,0.11721027696793,7.456894818897696,0.11988836976547816,0.10471315167784226,0.0144628179171723,0.1185370353498542,6.965185658036112,0.12201096369996306,0.10233984375765116
Sr(AlSi)2_164,0.1506049920053889,0.2832008644386574,46.30120450720086,0.5317956649034545,0.7165814691980785,0.150748166712083,0.2888748734085648,46.13764280010512,0.5218458944986715,0.710887110840413
YRh3C_221,0.0510507002740724,0.1460342407226562,17.524353502135316,0.3495803451399206,0.24491021103199695,0.050914098795755,0.14984130859375,16.88707917016682,0.33978680027276986,0.23471342234021805
V3Sn_223,0.0838489954306188,0.2297775205761316,19.42315156756815,0.3649138315200739,0.2720133716451459,0.083480768822186,0.2550502614883402,19.25853003985068,0.3273110497320638,0.2568094772213404
Li_229,0.3302249139789462,0.8146068695335277,2.220446049250313e-16,0.4053794858961164,0.11170617012011357,0.3272043705785704,0.5802090925655977,1.6474660491372364e-07,0.5639421628704949,0.14365193339209373
Fe2Si_164,0.0009058455130537,0.2229938271604938,58.46001484593084,0.004062199947811748,0.6673645257504622,0.0009064274506312,0.2263657407407407,58.030233381409424,0.004004260749286006,0.6616061905819078
MgSiN2_33,0.0239765766983293,0.0962094907407407,40.14133530187771,0.2492121776524093,0.5113373699642236,0.0241168493112459,0.1037778501157407,40.07182060433591,0.23238917827213623,0.5026562511315559
BeAlB_216,0.0282348176496473,0.3808081268221574,9.577045461921246,0.07414447240206443,0.10888805494900414,0.029053032158024,0.389457680393586,9.479419355346032,0.07459868843429407,0.10840212517578769
SnS_62,0.159937691113619,0.2188023589065255,20.44250832725794,0.7309687697743055,0.43580403613866575,0.1600670273182425,0.2085620590828924,20.71492523026329,0.7674791283807967,0.4562234315660706
LaC2_139,0.0609756932562624,0.1392664930555555,2.6529541007210957,0.4378346285487226,0.13520921205135314,0.0603281830524179,0.1443402777777777,2.720565409975023,0.41795806396671553,0.13150258211384483
LiBC_194,0.0004477351989341,0.1567361111111111,26.62209696070732,0.0028566180171249625,0.22943600676011225,0.0004449209994809,0.1695717592592592,26.48615412094041,0.0026237918473243993,0.22792619987462492
Li2LaIn_225,0.2080655827866568,0.22450390625,34.80522566851017,0.9267793432287186,0.7225767074957573,0.2066284963480599,0.34497265625,35.042497663230414,0.5989706505848894,0.5928530613266004
ThAg2_191,0.1073968882497191,0.1203703703703703,46.667662586478656,0.8922203023822823,0.8326436118636825,0.1073595157434282,0.1229464056069958,47.14806132869376,0.8732220776474601,0.8318378804076533
MgInRh2_225,0.0668923280821546,0.1802876371742112,54.106359940536734,0.3710311429591638,0.7507434789996119,0.0670243905198186,0.2108035408093278,54.0205122321936,0.31794717613610807,0.7312505702135231
LiGa2Pt_225,0.0502697678488055,0.2622337341308594,46.2904559580447,0.19169832598166023,0.5766129085878903,0.0500919900391054,0.2549629211425781,46.35553043659709,0.19646774446506046,0.5796767110298728
CdSiP2_122,0.0853651977237067,0.1820938444822373,77.90699621807218,0.4687978221692925,0.9373085985598721,0.0852905484937798,0.1925710388321995,78.0936544723482,0.44290433811337215,0.9351667086294848
CeSi_62,0.1554459056555903,0.2097902199074074,38.89176365198835,0.7409587812253479,0.7035352723043193,0.1541946823021365,0.2104065393518518,38.76968463532865,0.7328416824739693,0.6989140957181847
TaGa3_139,0.1036874410949089,0.370149075255102,6.053715394021379,0.28012346383264325,0.125788777684097,0.103301716644022,0.3812898596938776,6.024353511460396,0.2709269969229154,0.12377174671996925
Ti(CuS)4_121,0.0388171988938942,0.112802734375,98.78397460161683,0.344115761988985,0.976518062708138,0.0387757438803777,0.1317496744791666,98.8464113106219,0.29431377370506717,0.9744440378364059
Ba3N_193,0.1518860282288244,0.0860751028806584,25.074627660152043,1.7645756222843172,0.8695916051088595,0.1386722948490298,0.2879996141975308,25.12974189281702,0.48150166879709216,0.3938861140617262
LaGa3Pd2_191,0.0928959554789379,0.2424462890625,62.70596523736111,0.3831609707789355,0.8374447049939165,0.0925640406977766,0.2297998046875,62.587408379075605,0.4028029563543473,0.8413003477422681
YB4_127,0.0264937048959729,0.2444730224051211,35.34073885146052,0.10837066861336404,0.3780304399528378,0.0260895892586082,0.2444587334247828,35.52211027641863,0.10672389933917281,0.3798809936295093
TeO3_167,0.0104901937647667,0.1181697591145833,42.57421014298469,0.08877223617418804,0.47487464627488857,0.0103225276408495,0.12235107421875,42.67142675491296,0.08436809980428925,0.4743298867628627
Nb6C5_12,0.0345718415816478,0.1623392857142857,29.58346444369832,0.21296041453880504,0.3424394653140745,0.0349925716165713,0.1600212053571428,29.23285989545561,0.21867459089858277,0.3400564569161141
ErPt3_221,0.0442736204076825,0.1553240740740741,140.34986431605253,0.2850402983028143,0.9977805037990091,0.0437973916474719,0.1550740740740741,140.7682372747931,0.2824288451114739,0.9978249980340228
YbPrZn2_225,0.0496716747842516,0.381318359375,122.91209467372772,0.13026300350621978,0.9917009550115556,0.0673950409679609,0.11510546875,125.43271115569657,0.5855068547119826,0.9968632819866386
DyAsO4_141,0.0122399615587646,0.0916544596354166,93.01356678719932,0.13354463718898957,0.9525617562381479,0.0121835685047105,0.1047996238425925,93.07220521809168,0.11625584193899437,0.9512845939875513
KIO4_88,0.0233575477694586,0.09188660031914,34.06813069722011,0.2541997166979005,0.4233395426456631,0.0229999527414569,0.0993861279079533,34.178943960744185,0.2314201511377761,0.41487637350826473
HfOs2_194,0.1090567661258718,0.206162109375,35.16524725655901,0.52898549814264,0.5636378268199937,0.1100401898920474,0.204376220703125,34.82784318956809,0.5384197315787083,0.562887442591232
AcMg_221,0.2853165158198646,0.2576591435185185,37.57105003863326,1.1073409308269253,0.8101440586978135,0.2864351206115534,0.3267853009259259,37.411310440194754,0.8765238821940805,0.7353493174813097
MgScPd2_225,0.076033490297979,0.0888979981138546,66.67542033115436,0.8552891168662808,0.9390544575862205,0.076001052187389,0.1387254586762688,66.45763533611536,0.5478522321180128,0.8968930706902106
Ag_194,0.0469729165857953,0.1003100198412698,0.0028063419303028,0.46827741296557474,0.12357944500612693,0.0468791186966278,0.1010664682539682,0.0084739449533598,0.46384443333694086,0.12274610584164951
MgPSe3_148,0.129103899565468,0.1403107638888888,15.703649442973797,0.9201282637710144,0.4506374759050652,0.1281680403307967,0.1627708333333333,15.597071355847415,0.7874140452935163,0.3903958924121398
Hf4Al3_191,0.2498905006835128,0.40733984375,1.475463731999222,0.61346932915524,0.16700974968204918,0.2499096725696588,0.444294921875,1.255000645299852,0.5624859980730762,0.15279905059393034
SrHI_129,0.1333766416076196,0.1126255580357142,46.69002912345425,1.1842484417730932,0.8944009687752186,0.1359685424660031,0.1313005719866071,46.81637209996288,1.0355517908929759,0.8669030128173848
TiBeRh2_225,0.0171638710522494,0.1780231481481481,43.92957109243975,0.09641370367164777,0.4986056969568879,0.0170626287352508,0.1841574074074074,43.70598789908103,0.09265241607959608,0.4935517224926982
Y3Al_221,0.1639262726955792,0.1656994813100137,62.42391858435233,0.9892986471628301,0.9384254780847118,0.1645325543170216,0.2030339077503429,61.69157379529448,0.8103698349703055,0.9133280647936329
Lu(CoGe)2_139,0.0401277019989198,0.1929968415937803,169.99060540145456,0.20791895695050067,0.9995660702993712,0.039637913462949,0.2035843355199222,169.7415387281816,0.19470021287109365,0.9995488524750517
SiC_216,0.0323761980269601,0.26385498046875,18.92272472889158,0.12270451734298272,0.18930433329060647,0.0322694085753191,0.2642059326171875,18.759316402865466,0.12213733528109225,0.18765072892353016
Fe3Mo3N_227,0.0261805021772316,0.1613628472222222,56.07647919814327,0.16224615906272963,0.6986938945108725,0.0260149192684984,0.1736012731481481,55.77035386598209,0.1498544267373993,0.690026819513325
FeS2_58,0.0348433986326069,0.1857142857142857,46.50533913349572,0.1876183003294218,0.5779421334163759,0.0346357435326024,0.187109375,46.33052157139704,0.18510961052914854,0.5742736003938453
InBr3_12,0.1284106789544007,0.126268,14.134838181445852,1.016969295105654,0.4710300298274751,0.1273997974363588,0.126711,14.173402090694704,1.005435971907402,0.46638565517661534
B_166,0.0116798753849088,0.341873046875,1.1155513516763529,0.03416436449633114,0.06408887987602463,0.0113340166383025,0.33813671875,1.1119456502186384,0.033519035377764635,0.06400564402830622
Te4Pt3_166,0.1339452356291563,0.2003747106481481,68.40350833571075,0.6684737569720566,0.9240601201177756,0.1330460300771284,0.2027039930555555,68.3327716375056,0.6563562368535295,0.9221971432032348
H2O_36,0.0068471303272726,0.0368742766203703,40.57107348628391,0.18568853289694282,0.4889119395936362,0.0060018017419129,0.0857631138392857,40.51638710406239,0.06998115475564323,0.43587973046883666
Fe15Co_221,0.0033251868723476,0.0821320591728755,6.463592945496327,0.04048585784691684,0.08709238110411968,0.0033317052131499,0.0788234936831875,6.699326467482664,0.04226792111677904,0.08848157509322452
CeSn3_221,0.2459611904954775,0.283650548696845,42.92366921542418,0.8671274976391868,0.7916320036766522,0.2458935038472774,0.2778501157407407,42.55557362833944,0.8849861487073063,0.793345873794254
FeP2_58,0.0346655690788178,0.2444113756613756,54.89979021040927,0.14183287903442707,0.6755863719429589,0.034728635705422,0.2458250661375661,54.64053983314771,0.14127377753246495,0.671952387662217
Sc5Ge3_193,0.2233908808537762,0.233990162037037,4.422791197396481,0.9547020221235495,0.30779240502066124,0.2230266215743909,0.2703703703703703,4.540702225685289,0.8248929839052815,0.26128554116857844
Ho2TlAg_225,0.0848699211011672,0.156095703125,152.55370684578665,0.5437044031455763,0.9993307918924119,0.0846127873266371,0.18632421875,152.7216664466717,0.45411588409859954,0.9992204351468227
PrGa2_191,0.1547312013075418,0.2494926452636718,59.12599780006233,0.6201834172066152,0.8648057687980245,0.1541444157697848,0.2727584838867187,58.83855300088236,0.5651315169863007,0.8505021968209726
TiCr2_227,0.038263862527549,0.109392,27.33541857253829,0.3497866619821285,0.36857201325111466,0.0381234459662519,0.153752,27.344196896599836,0.247954146718429,0.3267598007967608
SiRh_198,0.0261373467778868,0.277011531207133,46.6984748709789,0.09435472474372492,0.5390225997431027,0.026151332927283,0.2783725565843621,46.396623627670735,0.09394364605534568,0.534344514271644
LiSc2Ir_225,0.1329901424444049,0.1019188314471879,37.64636653664279,1.304863297155418,0.8598928875662504,0.1324034579361754,0.2256462191358024,37.61010231601288,0.5867745466476884,0.6241705378475237
SrAlSi_187,0.1624306217758416,0.2425299750434028,48.99239609422445,0.6697342122216987,0.7923766437596411,0.1616701473058382,0.2744208441840278,48.91872426528364,0.5891321695571402,0.7664598284592259
Sr3(AlGe)2_71,0.1686266262898638,0.1988606770833333,52.66124556291981,0.8479636535643504,0.8679311849014425,0.1693036501204892,0.24395751953125,52.41366659601712,0.69398824207508,0.8303570957945774
PrNi5_191,0.0242065527817061,0.0844039351851851,40.143913953967626,0.2867941255179169,0.5284211146110529,0.0239809357523277,0.0943512088477366,39.77705457260568,0.25416670379950285,0.508138660116889
USi3_221,0.0736629962186157,0.3323518518518518,48.93343124438776,0.22164160003372424,0.6274958039656983,0.0737627523550338,0.3445046296296296,47.223471170736,0.2141125140592007,0.5999988107129981
AlOs_221,0.0472991241898665,0.2645670572916667,28.44791081823461,0.1787793411396738,0.3137762437548799,0.0469981657234103,0.2533546730324074,28.45339598386245,0.1855034492195793,0.31648430372464703
TiBe12_191,0.0004339364611787,0.5352240668402778,7.967957061047741,0.0008107566308452191,0.08852946816053378,0.0004208669113359,0.5118882921006944,7.97257705210477,0.0008221850701228982,0.08855345992915478
HfGaCo2_225,0.025944503786519,0.2018013000488281,75.69718966833042,0.12856460181496074,0.875908024036041,0.025852739643775,0.2318115234375,75.65571823490085,0.11152482525634798,0.8722265527834037
YCo2_227,0.0383363523730591,0.093240359701265,19.12708857252612,0.41115620420047555,0.28534150117639007,0.0385013596196573,0.0924401768023167,19.497284026391668,0.4165002810627726,0.29188445195828017
HoGa2Pd_63,0.0656400011064033,0.2328841145833333,145.80293792172833,0.28185692795682393,0.9983882976295456,0.0647967068318783,0.239091796875,145.9137519497917,0.2710118359508368,0.9983671198928762
Ca(BC)2_140,0.0215851000981529,0.169328125,21.86973768428937,0.12747498443128039,0.21934629317438872,0.0215020287991532,0.179029296875,21.800152401749767,0.12010340862906996,0.21635411324332687
ScPd_221,0.0954515078762474,0.1091037326388889,65.03337264843256,0.8748693153530542,0.9353657488835724,0.0952635432556807,0.1097547743055555,64.84771067146966,0.8679671919370775,0.9339208162923323
GePdS3_12,0.07748143845479,0.1451803935860058,61.52723037090454,0.5336907866205053,0.8632246791018051,0.0774836588100963,0.145344387755102,61.31903002027021,0.5331038921203644,0.8616195999458129
Al3Os2_139,0.054231093940511,0.2994791666666667,30.864029991724617,0.181084696288315,0.34666704428471795,0.0544782653801884,0.3031764403292181,30.563120938635944,0.17969161891679533,0.3420293030839147
LiN3_12,0.0135757884800529,0.0658878279320987,48.2912141512213,0.2060439523677052,0.611757377371054,0.014222957570909,0.0758342978395061,48.24291293332709,0.18755309900818398,0.6030553054081753
GeO2_136,0.0052059212093493,0.1208699544270833,48.9433329259523,0.04307043246624084,0.5492334688698769,0.0051197476423365,0.1054636637369791,49.10667189153526,0.04854513356472125,0.554112060573286
Al2HgS4_82,0.0877203825401136,0.1381773195389266,49.10510901366597,0.634839225661788,0.782899630397106,0.0875836288801108,0.1466748157596372,49.05730887927464,0.5971279283802758,0.7705206021278372
Pm2NiIr_225,0.0805743050161176,0.1089624056927297,49.16649555535816,0.7394688517004151,0.8140367407537811,0.0808877611312141,0.1224172668038408,48.96871193778993,0.6607545099077173,0.78944367854289
PrZn_221,0.097281583763889,0.0747369260204081,74.37278890603001,1.3016535325165062,0.9821327414685154,0.0972318783529467,0.0884714376822157,74.40490176718754,1.0990199876958933,0.9744302811112374
Li2AgAu_225,0.0381304670075634,0.0797195434570312,72.60190852472368,0.4783076439482586,0.9171731647035815,0.0382780407961113,0.1063003540039062,72.66497199746064,0.3600932579651118,0.8996637856466757
PmI3_194,0.1750941029594307,0.0950426351095994,92.15134850090192,1.8422690275529412,0.9976553872963067,0.1744575722886897,0.1653096655328798,92.5348934732753,1.055338002931174,0.990493230653092
BaUO4_57,0.0255125666903067,0.1105150462962963,38.45962038029731,0.23085152244253013,0.47784843187136505,0.0252639827601004,0.1133528645833333,38.317959045510094,0.22287908517324811,0.472121186252883
Th2S5_60,0.0977672128628072,0.1685387436224489,12.66737429384296,0.5800874669020903,0.2693815521768454,0.0978070522221346,0.1694963727678571,12.26416501711376,0.5770451050070052,0.26358370333307835
GdAlPd_189,0.0793196604850265,0.1845836191129401,118.12529104022028,0.42972210029370833,0.9935740641089279,0.0793220741077122,0.1966849565614997,117.082400585045,0.4032950739824867,0.9928290603104806
NaAlGe_129,0.1950827567887707,0.2285442386831275,16.752447123284842,0.8535886002326641,0.4362881328756726,0.1931178045435352,0.2757407407407407,16.885268575377207,0.7003600702048961,0.3712765924146458
KRuF6_166,0.0086821147136992,0.0667063185871056,40.80331621787787,0.1301543076816933,0.46720259275047143,0.0086012580802161,0.0685254843964334,40.87781474709265,0.125519113888435,0.4662159092424944
Sc2AlAg_225,0.1540804809786344,0.2257292738340192,71.40295326880731,0.6825897162630806,0.9372630423262108,0.1539483041394438,0.2651481052812071,71.48320444485012,0.5806124994790042,0.9257728646585958
LuAlB4_55,0.0106403815988329,0.2709462691326531,174.34218079000473,0.039271186988086765,0.9995456440088799,0.0105829711540867,0.2837102288832199,174.13230732803154,0.03730204298852699,0.9995382546250595
Ac2O3_164,0.0415491963509597,0.1325434027777778,36.05366259308259,0.3134761555852091,0.47938189899981654,0.0416015853096885,0.138833912037037,35.94449184400556,0.2996500256982629,0.47148625989979265
K2MnCl6_225,0.0668632967631747,0.098975,22.792086144701614,0.6755574313025987,0.4456467767687948,0.0666169443839859,0.108412,22.984827675439725,0.6144794338632799,0.42122837591669504
TmGa2_74,0.0720867131764538,0.2739512471655329,208.61299269220584,0.2631370140574537,0.999961089473232,0.0718476459743648,0.2827853363567649,208.26619988527156,0.2540713280964508,0.9999596135425345
Mn2P_189,0.015364762811085,0.1796513310185185,36.778800654917255,0.08552546047933927,0.38856235324249105,0.0152630602176315,0.1857977973090278,36.37029528964516,0.08214876838526372,0.38132079320796725
CeMgPt_189,0.1317533152112487,0.1516116602891156,54.41966514899857,0.8690183522824163,0.8835306285596478,0.1319280641762565,0.1690741921768707,54.14213595515866,0.7802968772327171,0.8639459706224362
TaCuS3_62,0.0654680974688363,0.1416709183673469,90.81221061208744,0.4621138778749228,0.9696770590744992,0.0655069466001311,0.1440334467120181,90.85059034157857,0.454803714661542,0.9693523248600338
LiGaAu2_225,0.050750910949104,0.1837310791015625,61.68643644805632,0.27622387675114024,0.7996301472575797,0.0507289711126263,0.1868743896484375,61.61101907850521,0.27146026380640786,0.7975115998719775
CeB6_221,0.0377111077421708,0.250162037037037,16.072787747430453,0.15074672475819179,0.17162490940770073,0.0378717611250067,0.2462037037037037,16.013816251328162,0.1538228733170637,0.1719180464630239
Sc(MnSn)6_191,0.108677509479588,0.2597700892857142,57.395367015844656,0.4183603654231973,0.7998644371622494,0.1092643087490033,0.2609296875,56.87828602561646,0.41875000808025453,0.7949795242749257
Lu(SiRu)2_139,0.0551239999008535,0.2285555555555555,178.42197062314403,0.24118424847237804,0.9997533486697493,0.0552128783084495,0.2375520833333333,178.06357796320262,0.23242430684547918,0.9997439593623592
GaCl2_52,0.0908767341657606,0.1270332577475434,26.43332221009993,0.7153774985945993,0.5179988365608599,0.0919954537053551,0.1250094482237339,26.952918068233256,0.735908005454976,0.5350511119601331
TiSiNi_62,0.0307892823979716,0.2356013007054673,90.74169291179167,0.13068383878093384,0.9457589040784729,0.0307772762843411,0.2386102154982363,90.87509224249382,0.12898557683322906,0.946009629077758
ThBe13_226,0.0355798149900102,0.5210460803739267,16.95320115179118,0.0682853519682491,0.15824937907827852,0.0356112364729401,0.4772384481532287,16.830973728804697,0.07461937865807969,0.15880895268112408
ZnSiRh2_225,0.0135770596540032,0.2000694444444444,94.4175956204093,0.06786173516752729,0.9509396683994311,0.013589546113937,0.2146342592592592,94.33760705591402,0.06331489744851045,0.950327233275496
LaSi_63,0.1724396286774836,0.2202262302812071,28.702928271825392,0.7830113082228909,0.5819482817598406,0.1711520881541834,0.2280400698731138,28.72435743350046,0.7505351504646353,0.567839546362177
Li2NdIn_225,0.1543980358143627,0.2168477794924554,73.86778399309405,0.7120111452178118,0.9480933878002528,0.1521858331382205,0.3318035193758573,74.05264376488228,0.45866250431728806,0.9209754732909707
CaSi_63,0.138327441013308,0.1983816964285714,45.78378535036853,0.6972792525902896,0.7680480477567735,0.138106451942066,0.2198877728174603,45.69607549971279,0.6280769966082425,0.7438955010253606
Ac2MgSn_225,0.2789062547956397,0.2303274484396933,35.01920023203624,1.2109119285826926,0.8155409535163941,0.2791864357468178,0.2768397041356225,34.96667774970439,1.008476860710867,0.7531357271190402
Ir3Ru_139,0.0313405336383789,0.2390421382030178,1.065997306068663,0.1311088240507683,0.07529619016716868,0.0315615359967253,0.250024112654321,1.4957897061924457,0.1262339686427034,0.07647892913284843
Yb(MnSi)2_139,0.0431768421103078,0.2937192563657407,167.11195185649953,0.14700037935729954,0.9994242113206484,0.0444846954487799,0.3239373101128472,168.17455935458128,0.13732501339003883,0.9994500932086432
KMgSb_129,0.2134001570060965,0.1877732767489711,41.05880174674312,1.1364777816141818,0.8471794098416883,0.2141326727572714,0.2595453960905349,41.04198676821383,0.8250297481007038,0.7587181481888249
TbGa2Co3_191,0.0384590317678992,0.1888504464285714,100.82671902040094,0.203648085007019,0.973267068245801,0.0390400172052264,0.1858510044642857,99.98757633045052,0.21006083511767393,0.9722449665281028
KSb(PS3)2_4,0.1016281323464794,0.1353813657407407,13.490300464454617,0.7506803598148084,0.34558588889485314,0.1014862944270863,0.1440659722222222,13.42541466996568,0.7044431996095746,0.32598369781151854
GdS_225,0.0638396954979873,0.118375,111.41497976626437,0.5393004899513183,0.9921430142910824,0.0634262948130272,0.1243194444444444,111.10318545731222,0.5101880489931806,0.9915650268528737
ZrOs2_194,0.078333403651276,0.17818359375,39.74146004571948,0.439621864183419,0.5908412665868841,0.0791118491786119,0.169647216796875,39.72102734452035,0.4663315477396573,0.6022285062171012
BaTiF6_166,0.0124802464893731,0.0793654621056241,54.14177234843148,0.15725034742144728,0.6717717293866681,0.0124065088405016,0.0808068629972565,53.73101265045906,0.1535328607042055,0.6648244234450746
MnSnRh2_225,0.0541676476126318,0.2115440368652343,46.05573924299615,0.25605849455893526,0.6015179371853497,0.0543031938669957,0.2142524719238281,45.6526077333795,0.25345422332537565,0.5945802200975403
Sm2Ti2S2O5_139,0.0320433856096718,0.0985561933106576,73.33178199783409,0.32512807702168744,0.8975105320462021,0.0318841984850279,0.1052101048752834,72.81595046180313,0.3030526252475805,0.8907937137127687
CsTi6O12_87,0.0190426169267712,0.0903630256652832,46.9101079425755,0.21073460949954922,0.5940095909604508,0.0188756589409557,0.1011910438537597,46.84436195747428,0.1865348772193181,0.5824050028417043
TbNiGe2_63,0.0637618923207091,0.1986892361111111,126.30809396802762,0.32091266526915496,0.9951936478513577,0.0642834944237672,0.2000477430555555,125.52900665633624,0.3213407631692948,0.994969266888264
Cd2GeO4_62,0.0175298858110087,0.0826450892857142,52.19861394176998,0.21211043466122637,0.6680989528890107,0.0176257307342819,0.0811445932539682,52.05784889181025,0.21721386511996535,0.668287175665693
Mn2Sb_129,0.0924515281603681,0.1858722222222222,51.20597029275312,0.4973929243167726,0.761080842134765,0.0931624470763932,0.1935861111111111,50.67847706683397,0.4812455115797098,0.7498286214029091
TiSbRu_216,0.1220548107129997,0.2259521484375,32.84309777772231,0.5401799078124763,0.5342698176673886,0.1217208088883581,0.2353741681134259,32.7332024516669,0.5171375001087686,0.5221962264402107
MnSbRh2_123,0.0556847779837014,0.1905208333333333,44.344286058899264,0.29227658209050494,0.5927089020958564,0.0556178915472065,0.1981051587301587,44.194127611120905,0.28074933486696463,0.5854628112747343
CaSn2Ir_63,0.1604214832801423,0.2450404575892857,47.63056076081312,0.6546734562054486,0.7738941954703955,0.1595537022923362,0.2418369838169642,47.47911730041291,0.6597572454554569,0.7739246630587409
MnSiRu2_225,0.0172375842148816,0.2303935185185185,35.09924378564097,0.07481800844799409,0.3604655737456454,0.0172248686414409,0.2350138888888888,34.77449319160426,0.07329298163133062,0.35536183319464537
AlFe3C_221,0.0132980880808729,0.1988144588192419,57.11350554112682,0.0668869264330682,0.6747754929694305,0.0133506201034417,0.2006309220116618,56.44471597618689,0.0665431827236765,0.6657912817284132
Si4P4Ru_1,0.09068644093456,0.2685667438271605,23.55166044452808,0.337668170087814,0.31284768251655326,0.0903538018077972,0.272395488866843,23.61611768829981,0.331700800860052,0.3113477986848114
Ba(ZnP)2_139,0.0753214824037194,0.1487037037037037,133.71629663491186,0.5065205541470545,0.997792527651127,0.0753088688018495,0.1712448559670782,133.43248752290538,0.43977302778851135,0.9974659871622853
Li2CeN2_164,0.0209688757097825,0.0862005739795918,53.92775010762799,0.2432567991339238,0.7025967263802191,0.0207894671825443,0.1170758928571428,53.77022026438746,0.17757257002440135,0.6750029975863194
K4ZnP2_166,0.1030740822159585,0.0891993440233236,86.67070167058762,1.1555475361904788,0.9887637934860397,0.1033390502113626,0.3191541545189504,87.07672273883766,0.32379039642182267,0.9521253577219904
LiNbO2_194,0.0080471620069388,0.0955783420138888,68.06955899149116,0.08419440887318845,0.8048786052258664,0.007729654709799,0.1015380859375,68.22670925421167,0.07612566888996562,0.8040516846377427
Sc6NiTe2_189,0.213790862779322,0.1889446924603174,69.82425015718725,1.1314996997029851,0.9684859862472538,0.2130790116839239,0.2493898809523809,69.88468228983463,0.8544011925031141,0.9490860897588507
Be12W_139,0.0002876572288902,0.5019424082647462,7.041477729983283,0.0005730881155960767,0.08412251777394464,0.0002853527455163,0.4840133101851852,7.1217144578192055,0.0005895555752529265,0.0844955788017963
VCoB3_63,0.001389802476877,0.2600572374131944,73.66903814493656,0.005344217644936369,0.8332621616518049,0.0014088435685489,0.2663947211371528,73.13458081914581,0.005288556629557083,0.8287558814805708
Mg3Tl_194,0.3552897626692876,0.4590521918402778,2.613567709705505,0.7739637648716571,0.22318636929933647,0.3530928067026907,0.4476630316840277,2.714983859994641,0.7887468513413296,0.22894837764562354
MgMnGe_129,0.099767137733399,0.1852719907407407,63.04896326879677,0.5384901265135515,0.8745867671566958,0.0990364126956462,0.2211545138888888,62.598215637786566,0.4478154705239411,0.8520008289572385
LiBr_186,0.1052409076413153,0.0734166666666666,22.59456850609963,1.4334743379066797,0.7590031275343496,0.1071169437608228,0.0912083333333333,22.572323302330474,1.174420580292256,0.6626501839774465
Li3LaP2_164,0.1093492458867528,0.136279296875,36.32026955045464,0.8023907401507334,0.6946426432878816,0.1100652708798322,0.1750439453125,36.25861505934771,0.6287865066303002,0.6231038341342412
Ba2Hg_139,0.1723430332956928,0.091766357421875,53.45273489892688,1.8780633571776728,0.9781637172444599,0.1670815401586836,0.2048583984375,53.89641782303195,0.8155952669407317,0.8696533143060667
YbCu2_74,0.0271156284938272,0.05721875,98.40594545508787,0.473894108029749,0.9809410277818814,0.0270977126281014,0.126212890625,98.91271426472171,0.21469845507788363,0.9706958625454936
HgPPd5_123,0.0389180716144341,0.1460751028806584,39.54055523149513,0.2664250844049016,0.5101682892607264,0.0388848402176546,0.1467052469135802,39.336575291888,0.2650541888291189,0.5064943074153836
YFe5_191,0.0355409108744446,0.0804270833333333,8.870604851376669,0.44190227223762246,0.18601312969560585,0.0353288838524132,0.0841666666666666,8.575426935957795,0.41974911507817697,0.1774016100313466
