[1/6059] AcAg_221: ok
[2/6059] Ac2CuGe_225: ok
[3/6059] AcH2_225: ok
[4/6059] Ac2O3_164: ok
[5/6059] AcH3_225: ok
[6/6059] AcCuO3_221: ok
[7/6059] AcClO_129: ok
[8/6059] Ac2ZnGe_225: ok
[9/6059] Ac2SiPd_225: ok
[10/6059] Ac2NiIr_225: ok
[11/6059] Ac2CuIr_225: ok
[12/6059] AcF3_139: ok
[13/6059] Ac2GePd_225: ok
[14/6059] Ac2MgSn_225: ok
[15/6059] AcCdRh2_225: ok
[16/6059] AcMgHg2_225: ok
[17/6059] AcMg_221: ok
[18/6059] Ac2IrAu_225: ok
[19/6059] Ac2HgGe_225: ok
[20/6059] Ac2IrPd_225: ok
[21/6059] AcMgCd2_225: ok
[22/6059] AcOF_216: ok
[23/6059] AcTiO3_221: ok
[24/6059] AcMgTl2_225: ok
[25/6059] AcN_186: ok
[26/6059] Ag2F_164: ok
[27/6059] AcPbAu2_225: ok
[28/6059] AcAu3_194: ok
[29/6059] AcCl3_176: ok
[30/6059] AcBr3_176: ok
[31/6059] AcTlAu2_225: ok
[32/6059] AcHg3_194: ok
[33/6059] AcTlHg2_225: ok
[34/6059] AcAl3_194: ok
[35/6059] AcTlTe2_225: ok
[36/6059] Ac_194: ok
[37/6059] AgCl_225: ok
[38/6059] AcI3_194: ok
[39/6059] Ag2CO3_11: ok
[40/6059] AgAu3_221: ok
[41/6059] Ag3Pd_139: ok
[42/6059] AgO_131: ok
[43/6059] Ag_194: ok
[44/6059] Al(CrB)2_65: ok
[45/6059] AgAuO2_14: ok
[46/6059] AgBr_225: ok
[47/6059] AgClO4_121: ok
[48/6059] AgI_225: ok
[49/6059] Al(CoSi)2_164: ok
[50/6059] Al(FeB)2_65: ok
[51/6059] Ag2HgI4_82: ok
[52/6059] AgAsF6_225: ok
[53/6059] AgBiSCl2_63: ok
[54/6059] AgF2_61: ok
[55/6059] Ag2HgO2_96: ok
[56/6059] Ag2Te_14: ok
[57/6059] Ag2SO4_70: ok
[58/6059] AgPF6_225: ok
[59/6059] Ag5P(S2Cl)2_38: ok
[60/6059] Ag2BiO3_34: ok
[61/6059] Al2Cu_123: ok
[62/6059] Al2CoIr_225: ok
[63/6059] Al2CoRu_225: ok
[64/6059] Ag5(PbO3)2_162: ok
[65/6059] Al2CdS4_82: ok
[66/6059] Al2CoOs_225: ok
[67/6059] Al2Cu_225: ok
[68/6059] Al2CdSe4_82: ok
[69/6059] Ag3P11_8: ok
[70/6059] Al2CdTe4_82: ok
[71/6059] Al2FeIr_225: ok
[72/6059] Al2FeCo_225: ok
[73/6059] Al2IrRh_225: ok
[74/6059] Al2IrOs_225: ok
[75/6059] Ag2SeO3_14: ok
[76/6059] Al2NiRu_225: ok
[77/6059] Al2PdRu_225: ok
[78/6059] AgNO3_161: ok
[79/6059] Al2Au_225: ok
[80/6059] Al2IrRu_225: ok
[81/6059] Al2Os_139: ok
[82/6059] Al2HgSe4_82: ok
[83/6059] Al2HgTe4_82: ok
[84/6059] Al2HgS4_82: ok
[85/6059] Al2Cu_140: ok
[86/6059] Al2RuPt_225: ok
[87/6059] Al12W_204: ok
[88/6059] Al12Re_204: ok
[89/6059] Al12Mo_204: ok
[90/6059] Al2RuRh_225: ok
[91/6059] Al2Pd_225: ok
[92/6059] Al2Te5_12: ok
[93/6059] Al3Cu2_164: ok
[94/6059] Al3Ni2_164: ok
[95/6059] Ag3Te2Au_214: ok
[96/6059] Al3Cr_139: ok
[97/6059] Al3Pd2_164: ok
[98/6059] Al12Tc_204: ok
[99/6059] Al3Ir_194: ok
[100/6059] Al2ZnSe4_82: ok
[101/6059] Al3Pt2_164: ok
[102/6059] Al3Os2_139: ok
[103/6059] Al2Pt_225: ok
[104/6059] Al2ZnTe4_82: ok
[105/6059] Al3Ni5_65: ok
[106/6059] Al3V_139: ok
[107/6059] Al3Ni_62: ok
[108/6059] Al3Pd5_55: ok
[109/6059] Ag3Ge5P6_217: ok
[110/6059] Al2O3_167: ok
[111/6059] Al3Pt5_55: ok
[112/6059] Al2ZnS4_227: ok
[113/6059] Al2Ru_70: ok
[114/6059] Al5Mo_182: ok
[115/6059] Al5W_182: ok
[116/6059] Al13Os4_12: ok
[117/6059] AlAgO2_194: ok
[118/6059] AlAsPt5_123: ok
[119/6059] AlAs_186: ok
[120/6059] AlAgS2_122: ok
[121/6059] Al2SiO5_2: ok
[122/6059] Al4Bi2O9_55: ok
[123/6059] AlAs_216: ok
[124/6059] Al3Mo_12: ok
[125/6059] AlAgTe2_122: ok
[126/6059] AlBMo_63: ok
[127/6059] Al5Co2_194: ok
[128/6059] AlAgSe2_122: ok
[129/6059] Al6Fe_63: ok
[130/6059] AlCo_221: ok
[131/6059] AlAu_11: ok
[132/6059] AlCo3C_221: ok
[133/6059] Al6Re_63: ok
[134/6059] AlClO_59: ok
[135/6059] Al4Mo_8: ok
[136/6059] AlAu2_62: ok
[137/6059] Al9Co2_14: ok
[138/6059] Al6Tc_63: ok
[139/6059] Al5Rh2_194: ok
[140/6059] Al6Ru_63: ok
[141/6059] Al8Mo3_12: ok
[142/6059] AlCr2_139: ok
[143/6059] AlCrRu2_225: ok
[144/6059] AlCuPt2_123: ok
[145/6059] AlCr3B4_47: ok
[146/6059] AlCuAu2_225: ok
[147/6059] AlCl3_12: ok
[148/6059] AlCu3_59: ok
[149/6059] AlCr2C_194: ok
[150/6059] AlFe3C_221: ok
[151/6059] AlCuO2_194: ok
[152/6059] AlAu4_198: ok
[153/6059] AlFe_221: ok
[154/6059] AlFe2Si_225: ok
[155/6059] Al5BO9_36: ok
[156/6059] AlCuS2_122: ok
[157/6059] AlCrCo2_225: ok
[158/6059] AlBr3_14: ok
[159/6059] AlCuSe2_122: ok
[160/6059] AlIr_221: ok
[161/6059] AlCuCl4_112: ok
[162/6059] AlFeRh2_225: ok
[163/6059] AlOs_221: ok
[164/6059] AlNi_221: ok
[165/6059] AlNi3_221: ok
[166/6059] Al4Cu9_215: ok
[167/6059] AlN_186: ok
[168/6059] AlGeRu2_225: ok
[169/6059] AlCuTe2_122: ok
[170/6059] AlP_186: ok
[171/6059] AlMo3_223: ok
[172/6059] AlPd_221: ok
[173/6059] AlCu3_225: ok
[174/6059] AlPPt5_123: ok
[175/6059] AlFe3_225: ok
[176/6059] AlFeCo2_225: ok
[177/6059] AlP_216: ok
[178/6059] AlRh_221: ok
[179/6059] AlPt3_221: ok
[180/6059] AlRu_221: ok
[181/6059] Al4C3_166: ok
[182/6059] AlPd5I2_139: ok
[183/6059] AlPd_198: ok
[184/6059] AlFe2Mo_225: ok
[185/6059] AlRe2_139: ok
[186/6059] AlPt_198: ok
[187/6059] AlPd2_62: ok
[188/6059] AlTc2_139: ok
[189/6059] AlSiRu2_225: ok
[190/6059] AlSbO4_65: ok
[191/6059] AlHO2_62: ok
[192/6059] AlPt2_62: ok
/home/shubham/miniconda3/lib/python3.13/site-packages/pymatgen/core/composition.py:1398: UserWarning: No Pauling electronegativity for Ar. Setting to NaN. This has no physical meaning, and is mainly done to avoid errors caused by the code expecting a float.
  return sorted(sym, key=lambda x: [float("inf") if math.isnan(e_neg := get_el_sp(x).X) else e_neg, x])
[193/6059] Ar_225: ok
[194/6059] Al5Mo_167: ok
[195/6059] Al_225: ok
[196/6059] AlV3_223: ok
[197/6059] AlVRu2_225: ok
[198/6059] AlZnIr2_225: ok
[199/6059] AlVOs2_225: ok
[200/6059] AlZnRh2_225: ok
[201/6059] AlSb_216: ok
[202/6059] AlPt3_127: ok
[203/6059] AlV2C_194: ok
[204/6059] AlF3_167: ok
[205/6059] AlSiTe3_162: ok
[206/6059] As2Os_58: ok
[207/6059] AlTlF4_15: ok
[208/6059] As2Ru_58: ok
[209/6059] AlVCo2_225: ok
[210/6059] AlPd5_62: ok
[211/6059] AlVFe2_225: ok
[212/6059] AlPt2_51: ok
[213/6059] AlCu_12: ok
[214/6059] As2Ir_14: ok
[215/6059] AsRh2_225: ok
[216/6059] As3W2_12: ok
[217/6059] As_166: ok
[218/6059] As2Pd_205: ok
[219/6059] AlBPbO4_60: ok
[220/6059] As2Pt_205: ok
[221/6059] As2Rh_14: ok
[222/6059] AsPd2_36: ok
[223/6059] Au2S_224: ok
[224/6059] AsPd5_12: ok
[225/6059] AuSe_12: ok
[226/6059] Al21Pt8_88: ok
[227/6059] B2Os_59: ok
[228/6059] AsPdSe_198: ok
[229/6059] B2Ru_59: ok
[230/6059] As3Rh_204: ok
[231/6059] AsPdS_198: ok
[232/6059] AsPd3Pb2_36: ok
[233/6059] AsCl3_19: ok
[234/6059] As3Ir_204: ok
[235/6059] AuCl_141: ok
[236/6059] AsI3_148: ok
[237/6059] As2Pb3O8_14: ok
[238/6059] As2Se3_14: ok
[239/6059] B4OsW_187: ok
[240/6059] BN_187: ok
[241/6059] B2S2O9_5: ok
[242/6059] B3Os2_194: ok
[243/6059] B2O3_152: ok
[244/6059] B3Ru2_194: ok
[245/6059] BOs_187: ok
[246/6059] BMo_141: ok
[247/6059] B2W_194: ok
[248/6059] BN_194: ok
[249/6059] BAsO4_82: ok
[250/6059] B13C2_166: ok
[251/6059] BRh_194: ok
[252/6059] BI3_176: ok
[253/6059] BPd2_58: ok
[254/6059] BPO4_82: ok
[255/6059] BP_216: ok
[256/6059] Ba(AsRh)2_139: ok
[257/6059] BIrPd_43: ok
[258/6059] Ba(AgSn)2_139: ok
[259/6059] Ba(AsRu)2_139: ok
[260/6059] BW_141: ok
[261/6059] B6P_166: ok
[262/6059] Ba(AgGe)2_139: ok
[263/6059] B4C_8: ok
[264/6059] BW2_140: ok
[265/6059] Ba(BIr)2_139: ok
[266/6059] AlPd_148: ok
[267/6059] B6O_166: ok
[268/6059] Ba(BRh)2_139: ok
[269/6059] Ba(FeP)2_139: ok
[270/6059] Ba(CoAs)2_139: ok
[271/6059] Ba(CdAs)2_164: ok
[272/6059] Ba(CdP)2_164: ok
[273/6059] Ba(CuAs)2_139: ok
[274/6059] Ba(AsPd)2_139: ok
[275/6059] AsSe_14: ok
[276/6059] B(HO)3_2: ok
[277/6059] Ba(GeRh)2_139: ok
[278/6059] Ba(MgBi)2_164: ok
[279/6059] Ba(BiPd)2_11: ok
[280/6059] Ba(MgP)2_164: ok
[281/6059] Ba(MgGe)2_139: ok
[282/6059] Au2O3_43: ok
[283/6059] Ba(MnP)2_139: ok
[284/6059] Ba(MgSi)2_139: ok
[285/6059] Ba(NiAs)2_139: ok
[286/6059] Ba(NiP)2_139: ok
[287/6059] Ba(PRu)2_139: ok
[288/6059] Ba(PPd)2_123: ok
[289/6059] Ba(PIr)2_139: ok
[290/6059] Ba(CuO)2_141: ok
[291/6059] B_166: ok
[292/6059] Ba(PRh)2_139: ok
[293/6059] Ba(MgPb)2_129: ok
[294/6059] B2Mo_166: ok
[295/6059] Ba(ZnP)2_139: ok
[296/6059] Ba(NiP2)2_71: ok
[297/6059] Ba(P2Pd)2_139: ok
[298/6059] Ba(SbO3)2_162: ok
[299/6059] Ba(BeN)2_140: ok
[300/6059] Ba2BrN_166: ok
[301/6059] Ba2AsAu_225: ok
[302/6059] Ba2Cd_139: ok
[303/6059] Ba(SiNi)2_63: ok
[304/6059] Ba2CuO3_71: ok
[305/6059] BNF8_113: ok
[306/6059] Ba2Hg_139: ok
[307/6059] Ba2HfO4_139: ok
[308/6059] Ba2CuBrO2_166: ok
[309/6059] Ba(ZnSn)2_129: ok
[310/6059] B6H10N_202: ok
[311/6059] Ba(Si3N4)2_44: ok
[312/6059] Ba2HfS4_139: ok
[313/6059] Ba2H6Os_225: ok
[314/6059] Ba(CoN)2_140: ok
[315/6059] Ba2H6Ru_225: ok
[316/6059] Ba(PdO2)2_88: ok
[317/6059] Ba2Cu3(ClO2)2_139: ok
[318/6059] Ba2MgH6_164: ok
[319/6059] Ba2LiOsO6_225: ok
[320/6059] Ba2PdO3_71: ok
[321/6059] Ba2LiReO6_225: ok
[322/6059] Ba2PbO4_139: ok
[323/6059] Ba2CaIrO6_225: ok
[324/6059] Ba2CePtO6_225: ok
[325/6059] Ba2MgReO6_225: ok
[326/6059] Ba2SnO4_139: ok
[327/6059] Ba(ZnAs)2_62: ok
[328/6059] Ba(NO3)2_205: ok
[329/6059] Ba2ZnN2_139: ok
[330/6059] Ba2Nb5O9_123: ok
[331/6059] Ba2MgUO6_225: ok
[332/6059] Ba2NdNbO6_12: ok
[333/6059] Ba2ZrO4_139: ok
[334/6059] Ba2NdSbO6_148: ok
[335/6059] Ba3(AlGe)2_71: ok
[336/6059] Ba3(AlSi)2_71: ok
[337/6059] Ba2YSbO6_225: ok
[338/6059] Ba2YTaO6_87: ok
[339/6059] Ba3Hf2O7_139: ok
[340/6059] Ba2YNbO6_225: ok
[341/6059] Ba2TaInO6_225: ok
[342/6059] Ba(PO3)2_14: ok
[343/6059] Ba3BiN_194: ok
[344/6059] Ba2MnSe3_62: ok
[345/6059] Ba3FeN3_176: ok
[346/6059] Ba2Ti(SiO4)2_100: ok
[347/6059] Ba3SnO_221: ok
[348/6059] Ba3GaN3_176: ok
[349/6059] Ba2SiO4_62: ok
[350/6059] Ba2Si5N8_31: ok
[351/6059] Ba3N_193: ok
[352/6059] Ba3MnN3_176: ok
[353/6059] Ba3SbN_194: ok
[354/6059] Ba4As2O_139: ok
[355/6059] BaAgO2_123: ok
[356/6059] BaAg5_191: ok
[357/6059] Ba3Zr2O7_139: ok
[358/6059] Ba3MgNb2O9_164: ok
[359/6059] BaAgAs_194: ok
[360/6059] Ba2TiO4_14: ok
[361/6059] BaAg2SnS4_23: ok
[362/6059] Ba3OsN3_176: ok
[363/6059] BaAg2SnSe4_23: ok
[364/6059] Ba3RuN3_176: ok
[365/6059] BaAlSi_187: ok
[366/6059] BaAlGe_187: ok
[367/6059] BaAl4_139: ok
[368/6059] BaAu2_191: ok
[369/6059] BaAsPd_187: ok
[370/6059] Ba5Al5Pb_187: ok
[371/6059] Ba5Al5Sn_187: ok
[372/6059] BaB6_221: ok
[373/6059] BaAu_62: ok
[374/6059] BaAu5_191: ok
[375/6059] BaBrF_129: ok
[376/6059] Ba4Bi3_220: ok
[377/6059] Ba3(PO4)2_166: ok
[378/6059] BaAl9Fe2_191: ok
[379/6059] BaCd_221: ok
[380/6059] BaAsPt_198: ok
[381/6059] Ba2ZrF8_62: ok
[382/6059] BaCd2_74: ok
[383/6059] BaCN2_166: ok
[384/6059] BaBrCl_62: ok
[385/6059] Ba2Ho(CuO2)4_65: ok
[386/6059] BaCdGe_194: ok
[387/6059] BaCdBi2_139: ok
[388/6059] BaCl2_225: ok
[389/6059] BaClF_129: ok
[390/6059] BaGa2_191: ok
[391/6059] BaCuAs_194: ok
[392/6059] BaBr2_62: ok
[393/6059] Ba4Y(CuO3)3_223: ok
[394/6059] BaCeN2_194: ok
[395/6059] BaCuO2_63: ok
[396/6059] BaCuP_194: ok
[397/6059] BaCaSi_62: ok
[398/6059] BaCuSeF_129: ok
[399/6059] BaCuSb_194: ok
[400/6059] BaBiO3_14: ok
[401/6059] Ba3TbRu2O9_194: ok
[402/6059] BaGaSiH_156: ok
[403/6059] BaCO3_62: ok
[404/6059] BaGa4_139: ok
[405/6059] BaCu_194: ok
[406/6059] BaHfO3_221: ok
[407/6059] Ba2Pr(CuO2)4_65: ok
[408/6059] BaCdO2_62: ok
[409/6059] BaGe_63: ok
[410/6059] BaGe3Pt_107: ok
[411/6059] BaLiAs_187: ok
[412/6059] BaHg2Pb_225: ok
[413/6059] BaGeF6_166: ok
[414/6059] BaEr2F8_12: ok
[415/6059] BaLiH3_221: ok
[416/6059] BaHfN2_129: ok
[417/6059] BaIrF6_148: ok
[418/6059] BaIn4_139: ok
[419/6059] BaHg2_191: ok
[420/6059] BaF2_225: ok
[421/6059] BaDyCuTe3_63: ok
[422/6059] BaLi2Si_59: ok
[423/6059] BaLiP_194: ok
[424/6059] BaMgGe_129: ok
[425/6059] BaGePt_198: ok
[426/6059] BaNbO3_221: ok
[427/6059] BaH2_62: ok
[428/6059] BaMgSi_129: ok
[429/6059] BaLiSb_194: ok
[430/6059] BaO2_139: ok
[431/6059] BaNaHg2_225: ok
[432/6059] BaAl2B2O7_155: ok
[433/6059] BaPaO3_221: ok
[434/6059] BaO_225: ok
[435/6059] BaI2_62: ok
[436/6059] BaPb_63: ok
[437/6059] BaNb4O6_123: ok
[438/6059] BaNaBi_189: ok
[439/6059] BaPbF6_166: ok
[440/6059] BaMg2_194: ok
[441/6059] BaNiSn3_107: ok
[442/6059] BaMg2FeH8_164: ok
[443/6059] BaPd5_191: ok
[444/6059] BaPt5_191: ok
[445/6059] BaPt_194: ok
[446/6059] BaPPt_198: ok
[447/6059] BaPd2_227: ok
[448/6059] BaPdS2_63: ok
[449/6059] BaPt2_227: ok
[450/6059] BaSbPt_187: ok
[451/6059] BaSe_225: ok
[452/6059] BaSi_63: ok
[453/6059] BaSbAu_194: ok
[454/6059] BaRh2_227: ok
[455/6059] BaSn2_164: ok
[456/6059] BaNb2O6_14: ok
[457/6059] BaSb2_11: ok
[458/6059] BaS3_113: ok
[459/6059] BaSnO3_221: ok
[460/6059] BaSn3Pd_107: ok
[461/6059] BaSe2_15: ok
[462/6059] BaS_225: ok
[463/6059] BaSnF6_148: ok
[464/6059] BaSn_63: ok
[465/6059] BaSn3Pt_107: ok
[466/6059] BaSb2Pd_63: ok
[467/6059] BaSnHg_194: ok
[468/6059] BaTiO3_38: ok
[469/6059] BaTe_225: ok
[470/6059] BaPdF4_140: ok
[471/6059] BaTiO3_221: ok
[472/6059] BaTlHg2_225: ok
[473/6059] BaTe2_140: ok
[474/6059] BaTiF6_166: ok
[475/6059] BaTl2_194: ok
[476/6059] BaNd2O4_62: ok
[477/6059] BaTeO3_11: ok
[478/6059] BaTaS3_194: ok
[479/6059] BaZnGe_194: ok
[480/6059] BaY2F8_12: ok
[481/6059] Ba3In2O6_139: ok
[482/6059] Ba_194: ok
[483/6059] BaZn2_74: ok
[484/6059] Ba_229: ok
[485/6059] BaZnSi_194: ok
[486/6059] BaZnSO_63: ok
[487/6059] BaZrN2_129: ok
[488/6059] BaZnSn_194: ok
[489/6059] BaZn5_63: ok
[490/6059] BaSO4_62: ok
[491/6059] BaZnF4_36: ok
[492/6059] Be2C_225: ok
[493/6059] Be2CoIr_225: ok
[494/6059] BaAl2O4_173: ok
[495/6059] BaZnO2_152: ok
[496/6059] Be2CoPt_225: ok
[497/6059] Be2CoNi_225: ok
[498/6059] Be2CuIr_225: ok
[499/6059] BaSi2_62: ok
[500/6059] Be2CuPt_225: ok
[501/6059] BaZrO3_140: ok
[502/6059] Be2CuRh_225: ok
[503/6059] BaSi2O5_62: ok
[504/6059] BaNaCe2C4O12F_194: ok
[505/6059] Be2IrPt_225: ok
[506/6059] BaUO4_57: ok
[507/6059] Be2IrPd_225: ok
[508/6059] BaY2O4_62: ok
[509/6059] Be17Nb2_166: ok
[510/6059] BaZrS3_62: ok
[511/6059] Be12Mo_139: ok
[512/6059] Be2Cr_194: ok
[513/6059] Be12V_139: ok
[514/6059] Be12Pd_139: ok
[515/6059] Be12Nb_139: ok
[516/6059] Be12Pt_139: ok
[517/6059] Be2NiPt_225: ok
[518/6059] Be2NiIr_225: ok
[519/6059] Be2NiRh_225: ok
[520/6059] BaTi(SiO3)3_188: ok
[521/6059] Be2PdPt_225: ok
[522/6059] Be2RhAu_225: ok
[523/6059] Be2Nb3_127: ok
[524/6059] Be2PdRh_225: ok
[525/6059] Be2PtRh_225: ok
[526/6059] Be2Fe_194: ok
[527/6059] Be3Fe_221: ok
[528/6059] Be2RuAu_225: ok
[529/6059] Be2RuPt_225: ok
[530/6059] Be2Mo_194: ok
[531/6059] Be12W_139: ok
[532/6059] Be2Re_194: ok
[533/6059] BeAlB_216: ok
[534/6059] BeAlIr2_225: ok
[535/6059] Be4B_129: ok
[536/6059] BeAlRh2_225: ok
[537/6059] BeAu2_139: ok
[538/6059] BeAu_198: ok
[539/6059] BeCo_221: ok
[540/6059] Be3Ru_139: ok
[541/6059] BeCu_221: ok
[542/6059] BeBr2_72: ok
[543/6059] BeCo2Ge_225: ok
[544/6059] BeCo2Si_225: ok
[545/6059] Be2W_194: ok
[546/6059] BeFe2Si_225: ok
[547/6059] BeCrRu2_225: ok
[548/6059] Be2V_194: ok
[549/6059] BeFeRh2_225: ok
[550/6059] BeGaRh2_225: ok
[551/6059] BeGaIr2_225: ok
[552/6059] Be2Nb_227: ok
[553/6059] BeGeRu2_225: ok
[554/6059] BeRh_221: ok
[555/6059] BeNbRu2_225: ok
[556/6059] BeGeAs2_122: ok
[557/6059] BeO_186: ok
[558/6059] Be2Cu_227: ok
[559/6059] BePd2_139: ok
[560/6059] Be4TeO7_216: ok
[561/6059] BeS_216: ok
[562/6059] BeSe_216: ok
[563/6059] BeCN2_33: ok
[564/6059] BeAl2O4_62: ok
[565/6059] BeGeP2_122: ok
[566/6059] Be5Au_216: ok
[567/6059] BeRu2W_225: ok
[568/6059] BeSiNi2_225: ok
[569/6059] BeSiIr2_225: ok
[570/6059] BeTe_216: ok
[571/6059] BeSiOs2_225: ok
[572/6059] BeSO4_82: ok
[573/6059] Be_194: ok
[574/6059] BeSiRu2_225: ok
[575/6059] Be5Pd_216: ok
[576/6059] BeVFe2_225: ok
[577/6059] BeGeN2_33: ok
[578/6059] BeVRu2_225: ok
[579/6059] BeVCo2_225: ok
[580/6059] BeVOs2_225: ok
[581/6059] BeSiAs2_122: ok
[582/6059] BeSiN2_33: ok
[583/6059] Bi2SeO2_139: ok
[584/6059] BePd3_63: ok
[585/6059] Bi2SO2_58: ok
[586/6059] BeF2_217: ok
[587/6059] BiBrO_129: ok
[588/6059] Be3Nb_166: ok
[589/6059] BiClO_129: ok
[590/6059] Bi2Rh_14: ok
[591/6059] Be22Re_227: ok
[592/6059] BeP2_15: ok
[593/6059] Be3P2_206: ok
[594/6059] Bi3BrO4_123: ok
[595/6059] BeTl2F4_62: ok
[596/6059] BiF5_87: ok
[597/6059] Bi2Pd3Se2_12: ok
[598/6059] BiIO_129: ok
[599/6059] BiTeBr_156: ok
[600/6059] Bi2O3_14: ok
[601/6059] BiRh_194: ok
[602/6059] Be3N2_206: ok
[603/6059] BiPd_194: ok
[604/6059] BiTeI_156: ok
[605/6059] Bi_166: ok
[606/6059] Bi2AuO5_130: ok
[607/6059] BiF3_62: ok
[608/6059] BiPbClO2_63: ok
[609/6059] Br_64: ok
[610/6059] BiCl3_62: ok
[611/6059] Bi2PdO4_130: ok
[612/6059] BeH8SO8_120: ok
[613/6059] Bi2Pt2O7_227: ok
[614/6059] C_194: ok
[615/6059] C_166: ok
[616/6059] Bi2Ru2O7_227: ok
[617/6059] BrF3_36: ok
[618/6059] BiBr3_14: ok
[619/6059] BiTePd_198: ok
[620/6059] Ca(AlGa)2_139: ok
[621/6059] Ca(AlGe)2_164: ok
[622/6059] BiTePt_198: ok
[623/6059] CO2_205: ok
[624/6059] BiI3_148: ok
[625/6059] Ca(AlSi)2_164: ok
[626/6059] CF4_15: ok
[627/6059] Ca(CdAs)2_164: ok
[628/6059] Ca(CoP)2_139: ok
[629/6059] Ca(CoAs)2_139: ok
[630/6059] Ca(CdP)2_164: ok
[631/6059] C_69: ok
[632/6059] Ca(AlZn)2_139: ok
[633/6059] Ca(CoGe)2_139: ok
[634/6059] Ca(CuGe)2_139: ok
[635/6059] Ca(CdSb)2_164: ok
[636/6059] Ca(FeP)2_139: ok
[637/6059] BiO2_15: ok
[638/6059] Ca(BRh)2_70: ok
[639/6059] Ca(NiP)2_139: ok
[640/6059] Ca(GePd)2_139: ok
[641/6059] Ca(MgAs)2_164: ok
[642/6059] Ca(BC)2_140: ok
[643/6059] Ca(HO)2_164: ok
[644/6059] Ca(GeRu)2_139: ok
[645/6059] Ca(NiAs)2_139: ok
[646/6059] Ca(FeAs)2_139: ok
[647/6059] Ca(PPd)2_139: ok
[648/6059] Ca(PRu)2_139: ok
[649/6059] Ca(BeN)2_140: ok
[650/6059] Ca(CuSn)2_12: ok
[651/6059] Ca(SiNi)2_139: ok
[652/6059] Be17Ru3_204: ok
[653/6059] Ca(SiCu)2_139: ok
[654/6059] Ca(SbO3)2_162: ok
[655/6059] Ca(SiAu)2_139: ok
[656/6059] Ca2CdPb_225: ok
[657/6059] Ca(ZnN)2_164: ok
[658/6059] Ca(ZnSb)2_164: ok
[659/6059] Ca2AgPb_225: ok
[660/6059] Ca(GeIr)2_139: ok
[661/6059] Ca2Bi_139: ok
[662/6059] Ca2CdSn_225: ok
[663/6059] Ca2AuN_63: ok
[664/6059] Bi2Te3_166: ok
[665/6059] Ca(SiPd)2_139: ok
[666/6059] Ca2Cu(BrO)2_139: ok
[667/6059] Ca(ZnSi)2_139: ok
[668/6059] Ca2CoN2_139: ok
[669/6059] Ca2Ge_225: ok
[670/6059] Ca(Al2Cu)4_139: ok
[671/6059] Ca2GaCu2_71: ok
[672/6059] Ca2MgTl_225: ok
[673/6059] Ca2MgIn_225: ok
[674/6059] Bi2Te2Se_166: ok
[675/6059] Bi2Se3_166: ok
[676/6059] Ca2InN_63: ok
[677/6059] Ca2IN_194: ok
[678/6059] Ca2SnHg_225: ok
[679/6059] Ca2Si_225: ok
[680/6059] Ca2Sb_139: ok
[681/6059] Ca2Cu_62: ok
[682/6059] Ca2TlCd_225: ok
[683/6059] Ca2ZnN2_139: ok
[684/6059] Ca2H6Ru_225: ok
[685/6059] Ca(BH4)2_70: ok
[686/6059] Ca2CdSb2_62: ok
[687/6059] Ca3(AlGe)2_71: ok
[688/6059] Ca3AsCl3_221: ok
[689/6059] Ca2N_166: ok
[690/6059] Ca2NCl_166: ok
[691/6059] Ca2Si_62: ok
[692/6059] Ca3(GaNi)4_217: ok
[693/6059] Ca3BN3_123: ok
[694/6059] Ca(ClO3)2_14: ok
[695/6059] Ca2Sn_62: ok
[696/6059] Ca3AsBr3_221: ok
[697/6059] Ca3GeN_221: ok
[698/6059] Ca3(AlSi)2_71: ok
[699/6059] Ca2SiIr2_15: ok
[700/6059] Ca3CdO4_65: ok
[701/6059] Ca3Hg2_127: ok
[702/6059] Ca3AsN_62: ok
[703/6059] Ca3CrN3_63: ok
[704/6059] Ca3PN_221: ok
[705/6059] Ca3PCl3_221: ok
[706/6059] Ca3SbN_221: ok
[707/6059] Ca2VN3_15: ok
[708/6059] Ca3GaN3_176: ok
[709/6059] Ca2SiO4_62: ok
[710/6059] Ca3SbP_221: ok
[711/6059] Ca3FeN3_176: ok
[712/6059] Ca3SnO_221: ok
[713/6059] Ca2GeN2_135: ok
[714/6059] Ca2Os2O7_74: ok
[715/6059] Ca3Al3N5_2: ok
[716/6059] Ca3(SiIr)4_217: ok
[717/6059] Ca3MnN3_63: ok
[718/6059] Ca3MoN3_176: ok
[719/6059] Ca3AlN3_14: ok
[720/6059] Ca3Au4_148: ok
[721/6059] Ca3Tl_194: ok
[722/6059] Ca4Bi2O_139: ok
[723/6059] Ca4Sb2O_139: ok
[724/6059] Ca3VN3_63: ok
[725/6059] Ca4As2O_139: ok
[726/6059] Ca4P2O_139: ok
[727/6059] Ca3Cd2_136: ok
[728/6059] Ca3AlSb3_62: ok
[729/6059] Ca3Ni7B2_166: ok
[730/6059] Ca3Al7Ag2_166: ok
[731/6059] Ca3Zn_63: ok
[732/6059] Ca4TiN4_2: ok
[733/6059] Ca5Au4_14: ok
[734/6059] Ca5Ag3_140: ok
[735/6059] Ca4(H4Rh)3_229: ok
[736/6059] CaAcIn2_225: ok
[737/6059] Ca4HfN4_2: ok
[738/6059] Ca4CN4_62: ok
[739/6059] Ca4ZrN4_2: ok
[740/6059] CaAcZn2_225: ok
[741/6059] Ca5Sb3_193: ok
[742/6059] Ca5Si3_140: ok
[743/6059] CaAg_63: ok
[744/6059] CaAg2_74: ok
[745/6059] Ca4Mg4Fe3H22_215: ok
[746/6059] Ca6Sn2NF_225: ok
[747/6059] CaAgP_189: ok
[748/6059] Ca5Zn3_140: ok
[749/6059] CaAgAs_189: ok
[750/6059] Ca6GaN5_193: ok
[751/6059] CaAl4_139: ok
[752/6059] Ca5(AlSb3)2_55: ok
[753/6059] CaAsAu_194: ok
[754/6059] Ca5(InSb3)2_55: ok
[755/6059] CaAl9Co2_191: ok
[756/6059] Ca3N2_206: ok
[757/6059] Ca6MnN5_193: ok
[758/6059] CaAlAu_62: ok
[759/6059] CaB6_221: ok
[760/6059] CaAlPd_57: ok
[761/6059] Ca6FeN5_193: ok
[762/6059] CaBiAu_216: ok
[763/6059] CaAu2_74: ok
[764/6059] CaAu_63: ok
[765/6059] CaBr2_58: ok
[766/6059] CaCd_221: ok
[767/6059] CaC2_15: ok
[768/6059] CaAs_189: ok
[769/6059] Ca6Ag16N_229: ok
[770/6059] CaAlSi_187: ok
[771/6059] CaCd3O4_65: ok
[772/6059] CaAl2_227: ok
[773/6059] CaCN2_166: ok
[774/6059] Ca5Bi3_62: ok
[775/6059] CaCdHg2_225: ok
[776/6059] Ca5(CoN2)2_130: ok
[777/6059] CaClF_129: ok
[778/6059] CaCuAs_194: ok
[779/6059] CaCuP_194: ok
[780/6059] CaDyHg2_225: ok
[781/6059] CaCu5_191: ok
[782/6059] CaCd2_74: ok
[783/6059] CaCdAu_62: ok
[784/6059] CaGa2_194: ok
[785/6059] CaCdSn_189: ok
[786/6059] CaAl4O7_15: ok
[787/6059] CaCuSb_194: ok
[788/6059] CaGa4_139: ok
[789/6059] CaGe2_166: ok
[790/6059] Ca5P3O12F_176: ok
[791/6059] CaGa_63: ok
[792/6059] CaCd2_194: ok
[793/6059] CaGaN_129: ok
[794/6059] CaF2_225: ok
[795/6059] CaHg_221: ok
[796/6059] CaGe_63: ok
[797/6059] CaHg2_191: ok
[798/6059] CaHBr_129: ok
[799/6059] CaGa3Ni2_63: ok
[800/6059] CaCuF4_140: ok
[801/6059] CaI2_164: ok
[802/6059] CaAu5_216: ok
[803/6059] CaCO3_167: ok
[804/6059] CaGaPt_62: ok
[805/6059] CaGeN2_122: ok
[806/6059] CaLaAg2_225: ok
[807/6059] CaLaCd2_225: ok
[808/6059] CaGePt_62: ok
[809/6059] CaIn2Pt_63: ok
[810/6059] CaLaHg2_225: ok
[811/6059] CaH2_62: ok
[812/6059] CaLaMg2_225: ok
[813/6059] CaLaZn2_225: ok
[814/6059] CaMg2N2_164: ok
[815/6059] CaIrO3_63: ok
[816/6059] CaInPd_62: ok
[817/6059] CaInPt_62: ok
[818/6059] CaMgHg2_225: ok
[819/6059] CaN2_139: ok
[820/6059] CaHgO2_166: ok
[821/6059] CaMnSi_129: ok
[822/6059] CaMgTl2_225: ok
[823/6059] CaNdCd2_225: ok
[824/6059] CaNdZn2_225: ok
[825/6059] CaHfN2_166: ok
[826/6059] CaMgGe_62: ok
[827/6059] CaMoN3_12: ok
[828/6059] CaNiN_131: ok
[829/6059] CaNiGe2_63: ok
[830/6059] CaPb3_221: ok
[831/6059] CaO_225: ok
[832/6059] CaMgSi_62: ok
[833/6059] Ca7SiN6_60: ok
[834/6059] CaPAu_194: ok
[835/6059] CaMgSn_62: ok
[836/6059] CaIr2_227: ok
[837/6059] CaMgPb_62: ok
[838/6059] CaMg2_194: ok
[839/6059] CaMg(SiO3)2_15: ok
[840/6059] CaNi4B_191: ok
[841/6059] CaPd_221: ok
[842/6059] CaPb_123: ok
[843/6059] CaMg(CO3)2_148: ok
[844/6059] Ca5Al2(SiN4)2_60: ok
[845/6059] CaPPt_26: ok
[846/6059] CaPmPt2_225: ok
[847/6059] CaPd5_191: ok
[848/6059] CaPrCd2_225: ok
[849/6059] CaPmHg2_225: ok
[850/6059] CaPrHg2_225: ok
[851/6059] CaPmCd2_225: ok
[852/6059] CaPmAu2_225: ok
[853/6059] CaBe2(PO4)2_14: ok
[854/6059] CaPrZn2_225: ok
[855/6059] CaPmZn2_225: ok
[856/6059] CaS_225: ok
[857/6059] CaP_189: ok
[858/6059] CaPt5_191: ok
[859/6059] CaPdPb_189: ok
[860/6059] CaPbF6_225: ok
[861/6059] CaSi2_164: ok
[862/6059] CaSe_225: ok
[863/6059] CaMgSiO4_62: ok
[864/6059] CaPd3O4_223: ok
[865/6059] CaPdF6_148: ok
[866/6059] CaSb2_11: ok
[867/6059] CaSbAu_194: ok
[868/6059] CaPtF6_148: ok
[869/6059] CaSi2_166: ok
[870/6059] CaSO4_63: ok
[871/6059] CaSiNi2_194: ok
[872/6059] CaSmHg2_225: ok
[873/6059] CaSmZn2_225: ok
[874/6059] CaSi_63: ok
[875/6059] CaSmCd2_225: ok
[876/6059] CaSbPt_62: ok
[877/6059] CaSi2_141: ok
[878/6059] CaSi3Pt_107: ok
[879/6059] CaPHO4_1: ok
[880/6059] CaSn3_221: ok
[881/6059] CaSiPd_14: ok
[882/6059] CaSiPt_62: ok
[883/6059] CaSiPt_198: ok
[884/6059] CaTe_225: ok
[885/6059] CaSn_63: ok
[886/6059] CaSnRh2_225: ok
[887/6059] CaRh2_227: ok
[888/6059] CaPd2_227: ok
[889/6059] CaSiPt_14: ok
[890/6059] CaPt2_227: ok
[891/6059] CaYHg2_225: ok
[892/6059] CaZn5_191: ok
[893/6059] CaSn2Rh_63: ok
[894/6059] Ca_194: ok
[895/6059] CaSn2Ir_63: ok
[896/6059] CaZnGe_194: ok
[897/6059] Ca_225: ok
[898/6059] CaZnSi_194: ok
[899/6059] CaZnSn_186: ok
[900/6059] CaSnPd_62: ok
[901/6059] CaTiF6_225: ok
[902/6059] CaZn_63: ok
[903/6059] CaZn2_74: ok
[904/6059] CaSnO3_62: ok
[905/6059] CaSnN2_33: ok
[906/6059] CaSc2O4_62: ok
[907/6059] CaSn2Pd_63: ok
[908/6059] CaZn2_194: ok
[909/6059] CaSn(BO3)2_148: ok
[910/6059] CaTiO3_62: ok
[911/6059] Cd(GaSe2)2_82: ok
[912/6059] Cd2AgAu_225: ok
[913/6059] CdAg_221: ok
[914/6059] CaSiO3_2: ok
[915/6059] Cd(GaS2)2_82: ok
[916/6059] Cd(AgI2)2_121: ok
[917/6059] Cd2Hg_139: ok
[918/6059] Cd(PtO2)3_65: ok
[919/6059] CdAu3_221: ok
[920/6059] Cd(SbO3)2_162: ok
[921/6059] Cd(InTe2)2_82: ok
[922/6059] Cd2PtRh_225: ok
[923/6059] Cd(GaTe2)2_82: ok
[924/6059] Cd2PdRh_225: ok
[925/6059] Cd(HO)2_8: ok
[926/6059] CaUO4_166: ok
[927/6059] CdAu_51: ok
[928/6059] CdAsPt5_123: ok
[929/6059] CaZrO3_62: ok
[930/6059] Cd(CuO2)2_88: ok
[931/6059] CdF2_225: ok
[932/6059] CaZrN2_166: ok
[933/6059] CdAs2_98: ok
[934/6059] CdHgO2_166: ok
[935/6059] CdGaRh2_225: ok
[936/6059] Cd(InS2)2_227: ok
[937/6059] CdO_225: ok
[938/6059] CdCN2_166: ok
[939/6059] CdHg2_139: ok
[940/6059] CdNi3N_221: ok
[941/6059] CdInRh2_225: ok
[942/6059] CdPt_123: ok
[943/6059] CdPd_123: ok
[944/6059] Cd5Au3_140: ok
[945/6059] CdCl2_166: ok
[946/6059] CaTiSiO5_14: ok
[947/6059] CdGeP2_122: ok
[948/6059] CdPd3_139: ok
[949/6059] CdPPt5_123: ok
[950/6059] CdS_186: ok
[951/6059] CdGeAs2_122: ok
[952/6059] CdSe_186: ok
[953/6059] CdCu2_194: ok
[954/6059] CdO2_205: ok
[955/6059] Cd2GeO4_62: ok
[956/6059] CdCuF4_140: ok
[957/6059] CdCu2GeS4_31: ok
[958/6059] CdP4_14: ok
[959/6059] CdBiO3_146: ok
[960/6059] CdCu2GeSe4_121: ok
[961/6059] Cd_194: ok
[962/6059] CdI2_156: ok
[963/6059] CdAu_157: ok
[964/6059] CdSe_216: ok
[965/6059] Ce(FeP)2_139: ok
[966/6059] Ce(CoP)2_139: ok
[967/6059] Ce(CuSi)2_139: ok
[968/6059] CdSO4_63: ok
[969/6059] CdSbAu_216: ok
[970/6059] Ce(CoSi)2_139: ok
[971/6059] Ce(CoGe)2_139: ok
[972/6059] Ce(FeSi)2_139: ok
[973/6059] CdCO3_167: ok
[974/6059] CdTe_216: ok
[975/6059] CdSiP2_122: ok
[976/6059] Ce(NiP)2_139: ok
[977/6059] CdSeO4_63: ok
[978/6059] CdSiAs2_122: ok
[979/6059] Ce(SiRh)2_139: ok
[980/6059] CdSnAs2_122: ok
[981/6059] Ce(SiPd)2_139: ok
[982/6059] CdSnF6_148: ok
[983/6059] Ce(SiOs)2_139: ok
[984/6059] Ce(SiAu)2_139: ok
[985/6059] CdSb_61: ok
[986/6059] Ce(GePt)2_129: ok
[987/6059] CdSnP2_122: ok
[988/6059] Ce2Mo2C3_12: ok
[989/6059] Ce3Pb_221: ok
[990/6059] Ce3Al_221: ok
[991/6059] Ce3AlC_221: ok
[992/6059] Ce2CdPt2_127: ok
[993/6059] Ce3Sn_221: ok
[994/6059] Ce2SbO2_139: ok
[995/6059] Ce2MgGe2_127: ok
[996/6059] Ce3Ga_221: ok
[997/6059] Ce(Re2Si)2_65: ok
[998/6059] CdSnSb2_122: ok
[999/6059] Ce2InGe2_127: ok
[1000/6059] Ce2MgSi2_127: ok
[1001/6059] Ce2Pd2Pb_127: ok
[1002/6059] CeAs_225: ok
[1003/6059] CeAl3Pd2_191: ok
[1004/6059] CeB2Ir3_191: ok
[1005/6059] CeAl3Ni2_191: ok
[1006/6059] CeBPt3_99: ok
[1007/6059] CeAl2_227: ok
[1008/6059] CeB6_221: ok
[1009/6059] CeAl3_194: ok
[1010/6059] CeBi_225: ok
[1011/6059] CeBRh3_221: ok
[1012/6059] CeB2Rh3_191: ok
[1013/6059] CeCd2_191: ok
[1014/6059] Ce(FeP3)4_204: ok
[1015/6059] CeAl5Ni2_71: ok
[1016/6059] CeAl4Co_51: ok
[1017/6059] CeAlNi_189: ok
[1018/6059] CeAl4Ni_63: ok
[1019/6059] CeCdNi4_216: ok
[1020/6059] CeCoC2_9: ok
[1021/6059] CeCd3_225: ok
[1022/6059] CeFeSi_129: ok
[1023/6059] Ce2Re2Si2C_12: ok
[1024/6059] CeHg2_191: ok
[1025/6059] CeCuGe_194: ok
[1026/6059] CeN_225: ok
[1027/6059] Ce2Zn17_166: ok
[1028/6059] CeCuSi_194: ok
[1029/6059] CeMgZn2_225: ok
[1030/6059] Ce2C3_220: ok
[1031/6059] CeGa3Pd2_191: ok
[1032/6059] CeMg3_225: ok
[1033/6059] CeNi_63: ok
[1034/6059] CeO2_225: ok
[1035/6059] CeO_225: ok
[1036/6059] CeFe2_227: ok
[1037/6059] CeNi5_191: ok
[1038/6059] CeIr2_227: ok
[1039/6059] CeP_225: ok
[1040/6059] Ce2Fe12P7_174: ok
[1041/6059] CePb3_221: ok
[1042/6059] CeS_225: ok
[1043/6059] CeRh3_221: ok
[1044/6059] CeSe_225: ok
[1045/6059] CeGaCo_12: ok
[1046/6059] CeMgPt_189: ok
[1047/6059] CeCuS2_14: ok
[1048/6059] CePRuO_129: ok
[1049/6059] CeGeRh_62: ok
[1050/6059] Ce_225: ok
[1051/6059] CePPd_194: ok
[1052/6059] CeSF_129: ok
[1053/6059] Ce3Te4_220: ok
[1054/6059] CeSn3_221: ok
[1055/6059] Cd(NO3)2_29: ok
[1056/6059] CeSi2_141: ok
[1057/6059] CeSiOs_129: ok
[1058/6059] CeGe3Rh_107: ok
[1059/6059] CeRh2_227: ok
[1060/6059] CeSiHRu_129: ok
[1061/6059] CePd7_225: ok
[1062/6059] CeTlAu2_225: ok
[1063/6059] CeSi_62: ok
[1064/6059] CeZn3Cu2_191: ok
[1065/6059] Co(BW)2_71: ok
[1066/6059] CeZn3Pd2_191: ok
[1067/6059] Co3SnC_221: ok
[1068/6059] CeZn2_74: ok
[1069/6059] Co2CuGe2_51: ok
[1070/6059] CoAsS_31: ok
[1071/6059] Co3Mo_194: ok
[1072/6059] CoPt3_221: ok
[1073/6059] CeSnPd_62: ok
[1074/6059] Co3Pt_194: ok
[1075/6059] Co3(SnS)2_166: ok
[1076/6059] CoPt_123: ok
[1077/6059] Co3W_194: ok
[1078/6059] CeSi2Ir3_74: ok
[1079/6059] Co2Si_62: ok
[1080/6059] Co2P_62: ok
[1081/6059] CoB_62: ok
[1082/6059] CoMoP2_194: ok
[1083/6059] CoBW_62: ok
[1084/6059] CoGe_12: ok
[1085/6059] CoO_216: ok
[1086/6059] CoSb_194: ok
[1087/6059] Co_194: ok
[1088/6059] CoMoP_62: ok
[1089/6059] CoSb2_58: ok
[1090/6059] CoSe2_58: ok
[1091/6059] CoRe3_194: ok
[1092/6059] CoAs2_14: ok
[1093/6059] CoSi_198: ok
[1094/6059] Co_225: ok
[1095/6059] CoP2_14: ok
[1096/6059] CoTc3_194: ok
[1097/6059] CoS2_205: ok
[1098/6059] CoSn_191: ok
[1099/6059] Co3S4_227: ok
[1100/6059] CoSi2_225: ok
[1101/6059] Co3Se4_227: ok
[1102/6059] CoSb2_14: ok
[1103/6059] CoTe2_58: ok
[1104/6059] CoP3_204: ok
[1105/6059] CoSn2_140: ok
[1106/6059] Cr3Os_223: ok
[1107/6059] CoAs3_204: ok
[1108/6059] Cr3Ir_223: ok
[1109/6059] CrB4_58: ok
[1110/6059] Cr2GaC_194: ok
[1111/6059] Cr3Ru_223: ok
[1112/6059] Cr3Si_223: ok
[1113/6059] CrB_141: ok
[1114/6059] CrIr3_221: ok
[1115/6059] CrPd3_221: ok
[1116/6059] Cr2Se3_148: ok
[1117/6059] Cr2CuS4_227: ok
[1118/6059] CrRh3_221: ok
[1119/6059] CrFeP_62: ok
[1120/6059] CrPt3_221: ok
[1121/6059] Cr3C2_62: ok
[1122/6059] CrS2_164: ok
[1123/6059] CoSbS_61: ok
[1124/6059] CrCl3_148: ok
[1125/6059] CrP_62: ok
[1126/6059] CrNiAs_189: ok
[1127/6059] CrSi2_139: ok
[1128/6059] CrAgSe2_160: ok
[1129/6059] Cr2HgSe4_227: ok
[1130/6059] Cr2Te3_163: ok
[1131/6059] CrSb2_58: ok
[1132/6059] Cr3C2_63: ok
[1133/6059] Cr_229: ok
[1134/6059] CrSb_194: ok
[1135/6059] CrSiRu2_225: ok
[1136/6059] CrP4_15: ok
[1137/6059] Cs(CoS)2_139: ok
[1138/6059] Cr2O3_167: ok
[1139/6059] CrTe4Au_10: ok
[1140/6059] CrSi2_180: ok
[1141/6059] Cs(AsRu)2_139: ok
[1142/6059] CrSi_198: ok
[1143/6059] CrSnRh2_139: ok
[1144/6059] CrSi2_181: ok
[1145/6059] Cr5Si3_140: ok
[1146/6059] CoSb3_204: ok
[1147/6059] CrGeTe3_148: ok
[1148/6059] CrSbSe3_62: ok
[1149/6059] Cs2CuF4_139: ok
[1150/6059] Cs2CrCl4_139: ok
[1151/6059] Cs2AlInH6_225: ok
[1152/6059] Cs2CaF4_139: ok
[1153/6059] CrBr3_148: ok
[1154/6059] Cs2HgO2_139: ok
[1155/6059] Cs2CaBr4_139: ok
[1156/6059] Ce3(TaN3)2_139: ok
[1157/6059] Cs2HfF6_164: ok
[1158/6059] Cs2HgF4_139: ok
[1159/6059] Cs2AlTlH6_225: ok
[1160/6059] Cs2KCuF6_225: ok
[1161/6059] Cs2LiGaF6_164: ok
[1162/6059] Cs2H6Pt_225: ok
[1163/6059] Cs2GeCl6_225: ok
[1164/6059] CrSiTe3_148: ok
[1165/6059] CrTe2_164: ok
[1166/6059] Cs2CN2_2: ok
[1167/6059] Cs2LiLuCl6_225: ok
[1168/6059] Cs2NpO4_139: ok
[1169/6059] Cs2KPbF6_225: ok
[1170/6059] Cs2KZrOF5_107: ok
[1171/6059] Cs2NbF6_164: ok
[1172/6059] Cs2LiYCl6_225: ok
[1173/6059] Cs2NaAlH6_225: ok
[1174/6059] Cs2NaErF6_225: ok
[1175/6059] Cs2NaScF6_225: ok
[1176/6059] Cs2PtC2_164: ok
[1177/6059] Cs2CaH4_139: ok
[1178/6059] Cs2NaMgF6_225: ok
[1179/6059] Cs2NaYF6_225: ok
[1180/6059] Cs2CO3_14: ok
[1181/6059] Cs2PbCl6_225: ok
[1182/6059] Cs2PtF6_164: ok
[1183/6059] Cs2Pt_194: ok
[1184/6059] Cs2LiInBr6_225: ok
[1185/6059] Cs2Pd3S4_69: ok
[1186/6059] Cs2Pd(IBr2)2_139: ok
[1187/6059] Cs2Se_225: ok
[1188/6059] Cs2SnF6_164: ok
[1189/6059] Cs2Pd3Se4_69: ok
[1190/6059] Cs2UO4_139: ok
[1191/6059] Cs2PtI6_225: ok
[1192/6059] Cs2PtBr6_225: ok
[1193/6059] Cs2SiP2_72: ok
[1194/6059] Cs2Mn3S4_72: ok
[1195/6059] Cs2ZrF6_164: ok
[1196/6059] Cs2TlInF6_225: ok
[1197/6059] Cs2RbInF6_225: ok
[1198/6059] Cs2SiF6_225: ok
[1199/6059] Cs2SnBr6_225: ok
[1200/6059] CsBr_221: ok
[1201/6059] CsAu_221: ok
[1202/6059] CsAgCl2_129: ok
[1203/6059] CsAlO2_227: ok
[1204/6059] Cs3AuO_194: ok
[1205/6059] Cs2TiCl6_225: ok
[1206/6059] CsAu3Se2_164: ok
[1207/6059] Cs2SO4_62: ok
[1208/6059] Cs2ZrCl6_225: ok
[1209/6059] CsAuO2_63: ok
[1210/6059] CsCdF3_221: ok
[1211/6059] CsCaF3_221: ok
[1212/6059] CsBH4_216: ok
[1213/6059] CsF_225: ok
[1214/6059] Cs2SnI6_225: ok
[1215/6059] Cs2TeI6_225: ok
[1216/6059] CsCu3S2_164: ok
[1217/6059] Cr5O12_60: ok
[1218/6059] Cs3BAs2_15: ok
[1219/6059] CsAgO_139: ok
[1220/6059] Cs2TlInBr6_225: ok
[1221/6059] CsH_225: ok
[1222/6059] CsDyO2_194: ok
[1223/6059] CsCuO2_63: ok
[1224/6059] Cs2PuO4_139: ok
[1225/6059] CsCuO_63: ok
[1226/6059] CsAuO_139: ok
[1227/6059] CsAuBr3_139: ok
[1228/6059] CsAuCl3_139: ok
[1229/6059] CsCdBr3_194: ok
[1230/6059] CsGdO2_194: ok
[1231/6059] Cr2Ir2C_166: ok
[1232/6059] CsCSN_62: ok
[1233/6059] Cs2RuO4_62: ok
[1234/6059] CsK2Bi_225: ok
[1235/6059] CsHF2_140: ok
[1236/6059] CsK2Sb_225: ok
[1237/6059] CsNaS_129: ok
[1238/6059] CsHoO2_194: ok
[1239/6059] CsNaTe_129: ok
[1240/6059] CsI_225: ok
[1241/6059] CsSbF6_148: ok
[1242/6059] CsNdO2_194: ok
[1243/6059] CsAgSe4_19: ok
[1244/6059] CsSnI3_221: ok
[1245/6059] CsN3_140: ok
[1246/6059] CsSmO2_194: ok
[1247/6059] CsNa2BO3_59: ok
[1248/6059] CsMgBr3_194: ok
[1249/6059] CsTaN2_122: ok
[1250/6059] Cu2GeSe3_44: ok
[1251/6059] CsNiCl3_194: ok
[1252/6059] CsScO2_227: ok
[1253/6059] CsMgI3_194: ok
[1254/6059] Cu2O_224: ok
[1255/6059] CsTiBr3_194: ok
[1256/6059] CsHSeO4_14: ok
[1257/6059] Cu2Sb_129: ok
[1258/6059] CsErS2_166: ok
[1259/6059] CsTiCl3_194: ok
[1260/6059] Cu3Au_221: ok
[1261/6059] Cu2GeS3_9: ok
[1262/6059] CsNb2BiO7_26: ok
[1263/6059] CsVI3_194: ok
[1264/6059] Cu3Pd_221: ok
[1265/6059] Cu2O3_43: ok
[1266/6059] Cu3Pt_221: ok
[1267/6059] Cu2HgGeS4_121: ok
[1268/6059] Cu2HgI4_121: ok
[1269/6059] Cu2HgGeSe4_121: ok
[1270/6059] CuAgO2_47: ok
[1271/6059] Cu2PbO2_15: ok
[1272/6059] CuAu3_221: ok
[1273/6059] CsVN2_227: ok
[1274/6059] CuAu_123: ok
[1275/6059] CsPbBr3_62: ok
[1276/6059] CsLiSO4_14: ok
[1277/6059] Cu3Sn_194: ok
[1278/6059] CuAuF5_2: ok
[1279/6059] CuBr_216: ok
[1280/6059] Cu3Se2_113: ok
[1281/6059] Cu3AsSe4_121: ok
[1282/6059] Cu3SbS4_121: ok
[1283/6059] CsPbI3_62: ok
[1284/6059] CuCl2_12: ok
[1285/6059] Cu2SnHgSe4_121: ok
[1286/6059] CuPd_221: ok
[1287/6059] Cu3PS4_31: ok
[1288/6059] CuBr2_12: ok
[1289/6059] CuF2_14: ok
[1290/6059] CuAsS_62: ok
[1291/6059] Cu3PSe4_31: ok
[1292/6059] CuBiSeO_129: ok
[1293/6059] CuI_164: ok
[1294/6059] CuBS2_122: ok
[1295/6059] Cu(BiO2)2_130: ok
[1296/6059] CuGeRh2_225: ok
[1297/6059] Cu2P2O7_15: ok
[1298/6059] CuO_131: ok
[1299/6059] CuAuSe4_11: ok
[1300/6059] CuPdO2_53: ok
[1301/6059] CuTe_59: ok
[1302/6059] Cu_225: ok
[1303/6059] Cu2Hg2SF6_2: ok
[1304/6059] CuPt_166: ok
[1305/6059] CuSn_194: ok
[1306/6059] Dy(AlSi)2_164: ok
[1307/6059] CuSe2_58: ok
[1308/6059] CuTeO4_65: ok
[1309/6059] Dy(FeB)2_139: ok
[1310/6059] Dy(CuSi)2_139: ok
[1311/6059] CuP2_14: ok
[1312/6059] Cu4Pd_84: ok
[1313/6059] CuBIr_43: ok
[1314/6059] Dy(FeSi)2_139: ok
[1315/6059] Dy(MnGe)2_139: ok
[1316/6059] Dy(MnSi)2_139: ok
[1317/6059] Dy(SiRu)2_139: ok
[1318/6059] CuBiS2_62: ok
[1319/6059] Dy(PRu)2_139: ok
[1320/6059] Dy(BC)2_127: ok
[1321/6059] CuS_63: ok
[1322/6059] Dy2B4C_71: ok
[1323/6059] Dy2MgAl_225: ok
[1324/6059] Dy2MgIn_225: ok
[1325/6059] DyAg2_139: ok
[1326/6059] CuSbS2_62: ok
[1327/6059] DyAg_221: ok
[1328/6059] Dy2Cr2C3_12: ok
[1329/6059] Dy2SO2_164: ok
[1330/6059] CuSnRh2_225: ok
[1331/6059] Dy2TlCd_225: ok
[1332/6059] CsTi6O12_87: ok
[1333/6059] CuSe2Cl_14: ok
[1334/6059] DyAs_225: ok
[1335/6059] DyB2_191: ok
[1336/6059] Dy2TlAg_225: ok
[1337/6059] Dy2MgGe2_127: ok
[1338/6059] CuSO4_62: ok
[1339/6059] DyAgSn_186: ok
[1340/6059] DyAgSb2_129: ok
[1341/6059] DyAu_63: ok
[1342/6059] CuRhO2_166: ok
[1343/6059] DyB2Ir3_191: ok
[1344/6059] DyBi_225: ok
[1345/6059] DyB2Ru3_191: ok
[1346/6059] DyCu_221: ok
[1347/6059] Dy2C_166: ok
[1348/6059] DyBiPt_216: ok
[1349/6059] DyAgGe_189: ok
[1350/6059] DyBi2BrO4_123: ok
[1351/6059] DyAl3_194: ok
[1352/6059] DyCoC_131: ok
[1353/6059] DyBi2ClO4_123: ok
[1354/6059] DyGa2_191: ok
[1355/6059] DyGa_63: ok
[1356/6059] DyH2_225: ok
[1357/6059] DyCo3B2_191: ok
[1358/6059] DyGe_63: ok
[1359/6059] DyFeSi_129: ok
[1360/6059] DyCuGe_186: ok
[1361/6059] DyCl3_63: ok
[1362/6059] DyMg_221: ok
[1363/6059] DyCoSi2_63: ok
[1364/6059] DyBiRh_189: ok
[1365/6059] CuPt7_225: ok
[1366/6059] DyGeAu_186: ok
[1367/6059] DyFe2_227: ok
[1368/6059] DyN_225: ok
[1369/6059] DyHoIn2_225: ok
[1370/6059] DyAl_57: ok
[1371/6059] Dy2CdS4_227: ok
[1372/6059] DyMg3_225: ok
[1373/6059] DyMgSn_139: ok
[1374/6059] DyS_225: ok
[1375/6059] DyP_225: ok
[1376/6059] DyRh_221: ok
[1377/6059] DyPPt_187: ok
[1378/6059] DyMgHg2_225: ok
[1379/6059] DyAsO4_141: ok
[1380/6059] DyIr2_227: ok
[1381/6059] Dy2Se3_62: ok
[1382/6059] DySe_225: ok
[1383/6059] DyNiBi_216: ok
[1384/6059] DySb_225: ok
[1385/6059] DyTl_221: ok
[1386/6059] DyInPt_189: ok
[1387/6059] DyNiSb_216: ok
[1388/6059] DyNi5_191: ok
[1389/6059] DyTe_225: ok
[1390/6059] DyBr3_194: ok
[1391/6059] DySbPt_216: ok
[1392/6059] DyZn_221: ok
[1393/6059] Dy_194: ok
[1394/6059] DySI_59: ok
[1395/6059] Er(CoSi)2_139: ok
[1396/6059] DyYHg2_225: ok
[1397/6059] Er(CoGe)2_139: ok
[1398/6059] Er(CuSi)2_139: ok
[1399/6059] Er(CoB)2_139: ok
[1400/6059] Er(FeGe)2_139: ok
[1401/6059] DyNiSn_62: ok
[1402/6059] Er(SiPd)2_139: ok
[1403/6059] DySi2Ni_63: ok
[1404/6059] Er(SiNi)2_139: ok
[1405/6059] Er(FeB)2_139: ok
[1406/6059] DyZrSb_139: ok
[1407/6059] Er(NiP)2_139: ok
[1408/6059] Er(FeSi)2_139: ok
[1409/6059] Er(SiOs)2_139: ok
[1410/6059] Er(SiRh)2_139: ok
[1411/6059] DyNi3_166: ok
[1412/6059] Er(PRu)2_139: ok
[1413/6059] Er(SiRu)2_139: ok
[1414/6059] DySiIr_62: ok
[1415/6059] DyPO4_141: ok
[1416/6059] ErAg_221: ok
[1417/6059] Er2Al3Si2_12: ok
[1418/6059] Er(VGa2)2_139: ok
[1419/6059] Er2CdIn_225: ok
[1420/6059] Er2InAg_225: ok
[1421/6059] Er2B4C_71: ok
[1422/6059] Er2In_194: ok
[1423/6059] Er2MgIn_225: ok
[1424/6059] Er2ZnRu_225: ok
[1425/6059] Er2(NiB2)3_65: ok
[1426/6059] Er2TlCd_225: ok
[1427/6059] ErAs_225: ok
[1428/6059] ErB2_191: ok
[1429/6059] Er2MgGe2_127: ok
[1430/6059] ErAgSn_186: ok
[1431/6059] ErAu_63: ok
[1432/6059] Er2Si2O7_12: ok
[1433/6059] Er3Al3NiGe2_189: ok
[1434/6059] Er2Pt_62: ok
[1435/6059] ErB2Ru3_191: ok
[1436/6059] ErB2Ir3_191: ok
[1437/6059] ErBi_225: ok
[1438/6059] ErBi2BrO4_123: ok
[1439/6059] ErAl2Ni_63: ok
[1440/6059] ErAgPb_189: ok
[1441/6059] Er6MnBi2_189: ok
[1442/6059] ErBiPt_216: ok
[1443/6059] ErAl2_227: ok
[1444/6059] ErBi2ClO4_123: ok
[1445/6059] ErCu_221: ok
[1446/6059] ErBi2IO4_123: ok
[1447/6059] ErCoC2_38: ok
[1448/6059] ErCdPd2_225: ok
[1449/6059] ErCdRh2_225: ok
[1450/6059] ErGa2_191: ok
[1451/6059] Er3Ge4_63: ok
[1452/6059] ErClO_59: ok
[1453/6059] ErCd3_63: ok
[1454/6059] ErCo3B2_191: ok
[1455/6059] ErCdCu4_216: ok
[1456/6059] Dy2O3_206: ok
[1457/6059] ErCuSi_194: ok
[1458/6059] ErCu2_74: ok
[1459/6059] ErH2_225: ok
[1460/6059] ErCoSi2_63: ok
[1461/6059] ErIr_221: ok
[1462/6059] ErCuPb_186: ok
[1463/6059] ErGa5Co_123: ok
[1464/6059] ErMg_221: ok
[1465/6059] ErIn3_221: ok
[1466/6059] ErGaRh2_225: ok
[1467/6059] ErInAg2_225: ok
[1468/6059] ErFe2_227: ok
[1469/6059] ErCl3_194: ok
[1470/6059] Er(CuTe)3_58: ok
[1471/6059] ErN_225: ok
[1472/6059] ErMgHg2_225: ok
[1473/6059] ErB4_127: ok
[1474/6059] ErPd_221: ok
[1475/6059] Er5Ge3_193: ok
[1476/6059] ErNiSb_216: ok
[1477/6059] ErPd3_221: ok
[1478/6059] ErRh_221: ok
[1479/6059] ErInCu_189: ok
[1480/6059] ErMgCd2_225: ok
[1481/6059] ErIr2_227: ok
[1482/6059] ErInPd_189: ok
[1483/6059] ErNbRu2_225: ok
[1484/6059] ErPt3_221: ok
[1485/6059] ErS_225: ok
[1486/6059] ErNi5_191: ok
[1487/6059] ErNi2_227: ok
[1488/6059] ErI3_194: ok
[1489/6059] ErSe_225: ok
[1490/6059] ErSF_129: ok
[1491/6059] ErSb_225: ok
[1492/6059] ErNi_62: ok
[1493/6059] ErSbPd_216: ok
[1494/6059] ErSbPt_216: ok
[1495/6059] ErTl3_221: ok
[1496/6059] ErTlTe2_166: ok
[1497/6059] ErNi4B_191: ok
[1498/6059] ErTiGe_129: ok
[1499/6059] ErSnRu2_225: ok
[1500/6059] ErNbO4_15: ok
[1501/6059] ErTaRu2_225: ok
[1502/6059] Eu(CdP)2_164: ok
[1503/6059] Er2S3_11: ok
[1504/6059] Eu(AlGe)2_164: ok
[1505/6059] ErZn2_74: ok
[1506/6059] ErZrSb_139: ok
[1507/6059] Eu(CdSb)2_164: ok
[1508/6059] ErZnGa_186: ok
[1509/6059] ErPO4_141: ok
[1510/6059] ErSnPt2_194: ok
[1511/6059] ErNi2B2C_139: ok
[1512/6059] Eu(NiP)2_139: ok
[1513/6059] Eu(MgSb)2_164: ok
[1514/6059] Eu(MgBi)2_164: ok
[1515/6059] ErTaO4_13: ok
[1516/6059] Eu(PPd)2_139: ok
[1517/6059] Eu(SiNi)2_139: ok
[1518/6059] EuCd_221: ok
[1519/6059] EuF2_225: ok
[1520/6059] EuHg_221: ok
[1521/6059] EuGa2_191: ok
[1522/6059] Eu(SiPd)2_139: ok
[1523/6059] EuAl3Cu2_191: ok
[1524/6059] Eu2TiO4_139: ok
[1525/6059] EuN_225: ok
[1526/6059] EuH3Pd_221: ok
[1527/6059] EuCdHg2_225: ok
[1528/6059] EuAgSb_194: ok
[1529/6059] EuAg5_191: ok
[1530/6059] EuZn_221: ok
[1531/6059] EuClF_129: ok
[1532/6059] EuHfO3_221: ok
[1533/6059] Eu(CoSi)2_139: ok
[1534/6059] EuTe_225: ok
[1535/6059] Eu(PRh)2_139: ok
[1536/6059] Eu(ZnGe)2_129: ok
[1537/6059] EuAsAu_194: ok
[1538/6059] ErSi2Ni_63: ok
[1539/6059] EuPd2_227: ok
[1540/6059] EuIr2_227: ok
[1541/6059] EuZnGe_194: ok
[1542/6059] Fe3Ge_221: ok
[1543/6059] Fe3Co_123: ok
[1544/6059] ErMgSn_139: ok
[1545/6059] Fe2C_58: ok
[1546/6059] Fe3Pt_221: ok
[1547/6059] Fe3PtN_221: ok
[1548/6059] Fe2B_140: ok
[1549/6059] Fe(SiP)4_1: ok
[1550/6059] Fe2Si_164: ok
[1551/6059] Fe3RhN_221: ok
[1552/6059] Fe3Sn_221: ok
[1553/6059] Fe3SnC_221: ok
[1554/6059] EuCl2_62: ok
[1555/6059] Fe2P_189: ok
[1556/6059] Fe15Co_221: ok
[1557/6059] FeBr2_164: ok
[1558/6059] Fe11Co5_123: ok
[1559/6059] FeB_63: ok
[1560/6059] FeCo_221: ok
[1561/6059] Fe13Co3_123: ok
[1562/6059] Fe11Si5_221: ok
[1563/6059] FeCl2_164: ok
[1564/6059] FeAs2_58: ok
[1565/6059] Fe3Sn_194: ok
[1566/6059] FeCo2Ge_225: ok
[1567/6059] Fe2W_194: ok
[1568/6059] FeH_225: ok
[1569/6059] FeCuPt2_123: ok
[1570/6059] FeN_216: ok
[1571/6059] FeI2_164: ok
[1572/6059] Fe3C_62: ok
[1573/6059] FeNi3_221: ok
[1574/6059] FeNiPt2_123: ok
[1575/6059] FeAs_62: ok
[1576/6059] FePd_123: ok
[1577/6059] Fe3Si_225: ok
[1578/6059] FeGeRu2_225: ok
[1579/6059] FePt_123: ok
[1580/6059] FeNi_123: ok
[1581/6059] Fe2Re3_213: ok
[1582/6059] FeGe_191: ok
[1583/6059] FeRh_221: ok
[1584/6059] FePd3_221: ok
[1585/6059] FeP2_58: ok
[1586/6059] FePt3_221: ok
[1587/6059] FeAsS_14: ok
[1588/6059] FeS_129: ok
[1589/6059] FeSi2_123: ok
[1590/6059] FeP_62: ok
[1591/6059] FeSb_194: ok
[1592/6059] FeS2_58: ok
[1593/6059] FeSb2_58: ok
[1594/6059] FeSiRu2_225: ok
[1595/6059] FeSe_129: ok
[1596/6059] FeSiTc2_225: ok
[1597/6059] Fe_229: ok
[1598/6059] FeCo2Si_225: ok
[1599/6059] FeSe2_58: ok
[1600/6059] FeSnRh2_139: ok
[1601/6059] Ga2Cu_123: ok
[1602/6059] FeSi_198: ok
[1603/6059] Ga2Au_225: ok
[1604/6059] Fe7C3_186: ok
[1605/6059] FeSn_191: ok
[1606/6059] FeTe2_58: ok
[1607/6059] Ga2Pt_225: ok
[1608/6059] Ga2IrRh_225: ok
[1609/6059] Fe3Sn2_166: ok
[1610/6059] FeSn2_140: ok
[1611/6059] Ga3Ni2_164: ok
[1612/6059] Ga2HgSe4_82: ok
[1613/6059] Ga2RuRh_225: ok
[1614/6059] Ga2HgTe4_82: ok
[1615/6059] Fe5C2_15: ok
[1616/6059] Ga2HgS4_82: ok
[1617/6059] GaAsPd5_123: ok
[1618/6059] GaBi_216: ok
[1619/6059] FeSbS_14: ok
[1620/6059] GaAgS2_122: ok
[1621/6059] GaCo_221: ok
[1622/6059] Ga2Te5_87: ok
[1623/6059] GaAs_216: ok
[1624/6059] Ga2S3_9: ok
[1625/6059] GaAgTe2_122: ok
[1626/6059] GaAgSe2_122: ok
[1627/6059] FeP4_15: ok
[1628/6059] GaFe3_221: ok
[1629/6059] GaAg2_189: ok
[1630/6059] GaCuPt2_123: ok
[1631/6059] Ga2Se3_9: ok
[1632/6059] GaFeCo2_225: ok
[1633/6059] GaIr_221: ok
[1634/6059] GaGeRu2_225: ok
[1635/6059] FeSb3_204: ok
[1636/6059] GaCuO2_194: ok
[1637/6059] GaN_186: ok
[1638/6059] GaCuS2_122: ok
[1639/6059] GaCuI4_82: ok
[1640/6059] GaCl3_12: ok
[1641/6059] GaRh_221: ok
[1642/6059] Ga2TeS2_109: ok
[1643/6059] GaPPt5_123: ok
[1644/6059] GaP_186: ok
[1645/6059] GaNiRh2_225: ok
[1646/6059] GaCuSe2_122: ok
[1647/6059] Fe3Mo3N_227: ok
[1648/6059] GaPPd5_123: ok
[1649/6059] GaN_225: ok
[1650/6059] GaCuTe2_122: ok
[1651/6059] GaP_216: ok
[1652/6059] GaPt_198: ok
[1653/6059] GaSiRu2_225: ok
[1654/6059] GaPd_198: ok
[1655/6059] Ga2O3_12: ok
[1656/6059] GaCuCl4_112: ok
[1657/6059] Ga_139: ok
[1658/6059] GaS_194: ok
[1659/6059] GdAs_225: ok
[1660/6059] Ga_63: ok
[1661/6059] Gd2SO2_164: ok
[1662/6059] Gd2TeO2_139: ok
[1663/6059] GaSb_216: ok
[1664/6059] GdC2_139: ok
[1665/6059] GdCd_221: ok
[1666/6059] GdGa2_191: ok
[1667/6059] Gd2MgIn_225: ok
[1668/6059] GaPd2_62: ok
[1669/6059] GdClO_129: ok
[1670/6059] GdAlPd_189: ok
[1671/6059] GdB6_221: ok
[1672/6059] GdGe_63: ok
[1673/6059] GdMg_221: ok
[1674/6059] GdH2_225: ok
[1675/6059] Fe7W6_166: ok
[1676/6059] Ga_64: ok
[1677/6059] GdS_225: ok
[1678/6059] GdSb_225: ok
[1679/6059] GdP_225: ok
[1680/6059] GdTl_221: ok
[1681/6059] GdBi2BrO4_123: ok
[1682/6059] GaTe_12: ok
[1683/6059] GdSe_225: ok
[1684/6059] GdOF_166: ok
[1685/6059] Gd(SiRh)2_139: ok
[1686/6059] GaCl2_52: ok
[1687/6059] GdSi2_141: ok
[1688/6059] GdSF_129: ok
[1689/6059] Ga_220: ok
[1690/6059] GdCl3_176: ok
[1691/6059] Ga2Te3_9: ok
[1692/6059] Ge2Te5As2_164: ok
[1693/6059] GeO2_136: ok
[1694/6059] GeH3Cl_36: ok
[1695/6059] GeTe_160: ok
[1696/6059] GeO2_152: ok
[1697/6059] GdTaO4_13: ok
[1698/6059] GeRh2_62: ok
[1699/6059] GePd_62: ok
[1700/6059] GePdS3_12: ok
[1701/6059] GePt_62: ok
[1702/6059] Gd2ReO5_85: ok
[1703/6059] GeSe_225: ok
[1704/6059] GeS_62: ok
[1705/6059] Ge_227: ok
[1706/6059] GePd2_189: ok
[1707/6059] GeSe_62: ok
[1708/6059] FeSi2_64: ok
/home/shubham/miniconda3/lib/python3.13/site-packages/pymatgen/core/composition.py:1398: UserWarning: No Pauling electronegativity for He. Setting to NaN. This has no physical meaning, and is mainly done to avoid errors caused by the code expecting a float.
  return sorted(sym, key=lambda x: [float("inf") if math.isnan(e_neg := get_el_sp(x).X) else e_neg, x])
[1709/6059] He_229: ok
[1710/6059] GaTeI7_7: ok
[1711/6059] Er3Al5O12_230: ok
[1712/6059] H4C_217: ok
[1713/6059] H3ClO_160: ok
[1714/6059] GeAs_12: ok
[1715/6059] Hf2Ag_139: ok
[1716/6059] H4NF_186: ok
[1717/6059] Hf(CoSi)2_139: ok
[1718/6059] Hf(CuP)2_164: ok
[1719/6059] Hf(SiNi)2_139: ok
[1720/6059] Ge3N4_159: ok
[1721/6059] H2O_36: ok
[1722/6059] HI3_2: ok
[1723/6059] Ge_96: ok
[1724/6059] Hf2CoTc_225: ok
[1725/6059] H4IN_129: ok
[1726/6059] Hf2Au_139: ok
[1727/6059] Hf(VGa2)2_139: ok
[1728/6059] Hf2FeIr_225: ok
[1729/6059] Hf2CuSb3_115: ok
[1730/6059] Hf2Cu_139: ok
[1731/6059] Hf2FeOs_225: ok
[1732/6059] H2SeO4_19: ok
[1733/6059] Hf2CS_194: ok
[1734/6059] Hf2GaSb3_115: ok
[1735/6059] H2SO4_15: ok
[1736/6059] Gd2O3_206: ok
[1737/6059] Hf2Hg_139: ok
[1738/6059] Hf2Ga_140: ok
[1739/6059] Hf2Al_140: ok
[1740/6059] GeAs2_55: ok
[1741/6059] HPbBrO_62: ok
[1742/6059] Hf2Ga3_43: ok
[1743/6059] Hf(MnSn)6_191: ok
[1744/6059] Hf2MnIr_225: ok
[1745/6059] Hf2OsRh_225: ok
[1746/6059] Hf2Ge_140: ok
[1747/6059] Hf2ReRh_225: ok
[1748/6059] Hf2NiP_11: ok
[1749/6059] Hf2MoIr_225: ok
[1750/6059] Hf2MnRh_225: ok
[1751/6059] Hf2Pd_139: ok
[1752/6059] Hf(FeSi)2_57: ok
[1753/6059] Hf2TcOs_225: ok
[1754/6059] Hf2SbP_194: ok
[1755/6059] Hf2TcRu_225: ok
[1756/6059] Hf2ReIr_225: ok
[1757/6059] Hf2SeN2_164: ok
[1758/6059] Hf2ZnRe_225: ok
[1759/6059] Hf2Zn_139: ok
[1760/6059] Hf2TcRh_225: ok
[1761/6059] Hf2S_194: ok
[1762/6059] Hf3Te2_139: ok
[1763/6059] Hf2SnC_194: ok
[1764/6059] Hf3(Cu2Ge)2_189: ok
[1765/6059] Hf2Al3_43: ok
[1766/6059] Hf3Si2_127: ok
[1767/6059] Hf2Si_140: ok
[1768/6059] Hf2In5_127: ok
[1769/6059] H5NF2_53: ok
[1770/6059] Hf4Al3_191: ok
[1771/6059] Hf3Tl_139: ok
[1772/6059] Hf3Ge2_127: ok
[1773/6059] Hf3(SiCu2)2_189: ok
[1774/6059] Hf3(SiCu)4_71: ok
[1775/6059] HfAg_129: ok
[1776/6059] GaGeTe_166: ok
[1777/6059] Hf6CoBi2_189: ok
[1778/6059] Hf3Sb_82: ok
[1779/6059] Hf6NiSb2_189: ok
[1780/6059] Hf2P_58: ok
[1781/6059] Hf3ZnN_63: ok
[1782/6059] Hf3Rh5_55: ok
[1783/6059] Hf5Si3_193: ok
[1784/6059] HfAlNi2_225: ok
[1785/6059] HfB2_191: ok
[1786/6059] HfAlRu2_225: ok
[1787/6059] HfBe2_191: ok
[1788/6059] HfBRh3_221: ok
[1789/6059] Hf3Al2_136: ok
[1790/6059] HfAl_63: ok
[1791/6059] HfAs_194: ok
[1792/6059] HfBe5_191: ok
[1793/6059] HfBeSi_194: ok
[1794/6059] Ge3(BiO3)4_220: ok
[1795/6059] Hf5Al3_193: ok
[1796/6059] HfCo_221: ok
[1797/6059] HfBeRh2_225: ok
[1798/6059] HfC_225: ok
[1799/6059] HfBrN_59: ok
[1800/6059] HfAlCo2_225: ok
[1801/6059] HfAl2_194: ok
[1802/6059] Hf5Sn4_193: ok
[1803/6059] HfGa3_139: ok
[1804/6059] HfCdRh2_225: ok
[1805/6059] Hf5CuSn3_193: ok
[1806/6059] HfAl3_139: ok
[1807/6059] Hf5Sn3_193: ok
[1808/6059] HfAlPt_190: ok
[1809/6059] HfAlPd2_225: ok
[1810/6059] HfGaAu_187: ok
[1811/6059] HfGaCu_194: ok
[1812/6059] HfAlCu2_225: ok
[1813/6059] HfGe2_63: ok
[1814/6059] HfH2_139: ok
[1815/6059] HfGa5Co_123: ok
[1816/6059] HfGaCo2_225: ok
[1817/6059] HfCo2Sn_225: ok
[1818/6059] HfGaRu2_225: ok
[1819/6059] HfCr2_194: ok
[1820/6059] HfCoAs_62: ok
[1821/6059] HfIr3_221: ok
[1822/6059] HfGeS_129: ok
[1823/6059] HfGeSe_129: ok
[1824/6059] HfInCo2_225: ok
[1825/6059] HfCo2_227: ok
[1826/6059] HfGeTe_129: ok
[1827/6059] HfInPd2_225: ok
[1828/6059] HfN_225: ok
[1829/6059] HfGePt_62: ok
[1830/6059] HfMgPd2_225: ok
[1831/6059] HfMgAu2_225: ok
[1832/6059] HfInCu2_225: ok
[1833/6059] HfCu2Te3_12: ok
[1834/6059] HfMnRh2_225: ok
[1835/6059] HfMgIr2_225: ok
[1836/6059] HfNiSn_216: ok
[1837/6059] HfMgRh2_225: ok
[1838/6059] HfCr2_227: ok
[1839/6059] HfOs_221: ok
[1840/6059] HfMnSi_62: ok
[1841/6059] HfMn2_194: ok
[1842/6059] HfPt_221: ok
[1843/6059] HfI3_193: ok
[1844/6059] HfNbTc2_225: ok
[1845/6059] HfRu_221: ok
[1846/6059] HfPd5_65: ok
[1847/6059] HfO2_14: ok
[1848/6059] HfRh3_221: ok
[1849/6059] HfGeTe4_36: ok
[1850/6059] HfPt_63: ok
[1851/6059] HfPaTc2_225: ok
[1852/6059] HfCoSn_190: ok
[1853/6059] HfMoP_189: ok
[1854/6059] HfS2_164: ok
[1855/6059] HfOs2_194: ok
[1856/6059] HfNbB4_71: ok
[1857/6059] HfScCo2_225: ok
[1858/6059] HfScOs2_225: ok
[1859/6059] HfRe2_194: ok
[1860/6059] HfP_194: ok
[1861/6059] HfSe2_164: ok
[1862/6059] HfPRu_189: ok
[1863/6059] Hf3Zn3N_227: ok
[1864/6059] HfFe2_227: ok
[1865/6059] HfS3_11: ok
[1866/6059] HfSiRu2_225: ok
[1867/6059] HfScRu2_225: ok
[1868/6059] HfSiS_129: ok
[1869/6059] HfSiPd_62: ok
[1870/6059] HfSi2Cu_129: ok
[1871/6059] HfSiRh_62: ok
[1872/6059] HfSiSe_129: ok
[1873/6059] HfSbRu_216: ok
[1874/6059] HfTc_221: ok
[1875/6059] HfSiTe_129: ok
[1876/6059] HfTaTc2_225: ok
[1877/6059] HfTaB4_191: ok
[1878/6059] HfSnRu2_225: ok
[1879/6059] HfSiCu_62: ok
[1880/6059] HfSi_62: ok
[1881/6059] HfTc2Sb_225: ok
[1882/6059] HfPt3_194: ok
[1883/6059] HfPd3_194: ok
[1884/6059] HfMo2_227: ok
[1885/6059] HfSi2_63: ok
[1886/6059] HfSiPt_62: ok
[1887/6059] HfTaRe2_225: ok
[1888/6059] HfSiMo_62: ok
[1889/6059] HfTe2_164: ok
[1890/6059] HfZnAu2_225: ok
[1891/6059] HfZnCu2_225: ok
[1892/6059] Hf_194: ok
[1893/6059] HfZn3_194: ok
[1894/6059] HfSb_63: ok
[1895/6059] HfTc2W_225: ok
[1896/6059] HfZnNi2_225: ok
[1897/6059] HfVGe_129: ok
[1898/6059] HfZnN2_156: ok
[1899/6059] Hg2Pt_123: ok
[1900/6059] HgPd_123: ok
[1901/6059] Hg2Rh_123: ok
[1902/6059] HfZnIr2_225: ok
[1903/6059] HgF2_225: ok
[1904/6059] HfSnPd_216: ok
[1905/6059] HgF_139: ok
[1906/6059] Hg_229: ok
[1907/6059] HgBr_139: ok
[1908/6059] HfZrTc2_225: ok
[1909/6059] HgS_216: ok
[1910/6059] HgCl_139: ok
[1911/6059] HgI_139: ok
[1912/6059] HgTe_216: ok
[1913/6059] HgO_62: ok
[1914/6059] Ho(CuSi)2_139: ok
[1915/6059] Ho(NiGe)2_139: ok
[1916/6059] Hg4Pt_229: ok
[1917/6059] Ho(CoSi)2_139: ok
[1918/6059] HgPPd5_123: ok
[1919/6059] Ho(CoB)2_139: ok
[1920/6059] Hg(SbO3)2_162: ok
[1921/6059] Ho(SiRu)2_139: ok
[1922/6059] Ho(FeB)2_139: ok
[1923/6059] Ho(NiP)2_139: ok
[1924/6059] HgI2_137: ok
[1925/6059] Ho(PRu)2_139: ok
[1926/6059] Ho2CF2_164: ok
[1927/6059] Ho(SiOs)2_139: ok
[1928/6059] Ho2B4C_71: ok
[1929/6059] Ho(SiRh)2_139: ok
[1930/6059] Ho2Cr2C3_12: ok
[1931/6059] Ho2Ni2Pb_65: ok
[1932/6059] HfSnRh_190: ok
[1933/6059] HfNCl_166: ok
[1934/6059] Ho2AlSi2_71: ok
[1935/6059] Ho(Mo3S4)2_148: ok
[1936/6059] HoAg_221: ok
[1937/6059] HoAu_63: ok
[1938/6059] HgRhF6_148: ok
[1939/6059] HfIN_166: ok
[1940/6059] HoB2_191: ok
[1941/6059] HoBi_225: ok
[1942/6059] Ho2C_166: ok
[1943/6059] Ho2InAg_225: ok
[1944/6059] HoBRh3_221: ok
[1945/6059] Ho2MgIn_225: ok
[1946/6059] Ho2MgAl_225: ok
[1947/6059] Ho2TlAg_225: ok
[1948/6059] Ho2TlCd_225: ok
[1949/6059] Ho2In_194: ok
[1950/6059] HoBi2IO4_123: ok
[1951/6059] HoBiPt_216: ok
[1952/6059] HfZn2_227: ok
[1953/6059] HoCo3B2_191: ok
[1954/6059] HoClO_129: ok
[1955/6059] HoCd2_191: ok
[1956/6059] Ho6MnTe2_189: ok
[1957/6059] HoCdAu2_225: ok
[1958/6059] HoCu_221: ok
[1959/6059] HfW2_227: ok
[1960/6059] HoCd3_63: ok
[1961/6059] HoCu4Au_216: ok
[1962/6059] HoCoC_131: ok
[1963/6059] HoCdCu4_216: ok
[1964/6059] HoCu4Pd_216: ok
[1965/6059] HoCuGe_186: ok
[1966/6059] HoCu5_191: ok
[1967/6059] HoGa2_191: ok
[1968/6059] HoH2_225: ok
[1969/6059] Ho6MnBi2_189: ok
[1970/6059] HoIr_221: ok
[1971/6059] HoFeSi_129: ok
[1972/6059] HoMg_221: ok
[1973/6059] HoIn3_221: ok
[1974/6059] HoN_225: ok
[1975/6059] HoErTl2_225: ok
[1976/6059] HoGeAu_186: ok
[1977/6059] HoCuPb_186: ok
[1978/6059] HoCuSn_186: ok
[1979/6059] HoP_225: ok
[1980/6059] HoS_225: ok
[1981/6059] HoNiC2_38: ok
[1982/6059] HoNbRu2_225: ok
[1983/6059] HoSe_225: ok
[1984/6059] HoInCu2_225: ok
[1985/6059] HoFe2_227: ok
[1986/6059] HoInPt_189: ok
[1987/6059] HoTl_221: ok
[1988/6059] HoSF_129: ok
[1989/6059] HoNi5_191: ok
[1990/6059] HoNiBi_216: ok
[1991/6059] HoTe_225: ok
[1992/6059] HoGa2Pd_63: ok
[1993/6059] HoSbPt_216: ok
[1994/6059] Ho_194: ok
[1995/6059] HoSnPd2_225: ok
[1996/6059] HoNi2_227: ok
[1997/6059] HoInCu_189: ok
[1998/6059] HoTaRu2_225: ok
[1999/6059] HoInIr_189: ok
[2000/6059] IBr_63: ok
[2001/6059] HoZnRh2_225: ok
[2002/6059] In2Au_225: ok
[2003/6059] HoRh2_227: ok
[2004/6059] Ho5Si3_193: ok
[2005/6059] HoNbO4_15: ok
[2006/6059] I_64: ok
[2007/6059] HoI3_194: ok
[2008/6059] HoSi2Ni_63: ok
[2009/6059] In3Ni2_164: ok
[2010/6059] HoZrSb_139: ok
[2011/6059] In2Pt_225: ok
[2012/6059] InAgO2_194: ok
[2013/6059] InBi_216: ok
[2014/6059] InAsPd5_123: ok
[2015/6059] InAsPt5_123: ok
[2016/6059] In2Ag_140: ok
[2017/6059] In3Pd2_164: ok
[2018/6059] HoNi2B2C_139: ok
[2019/6059] In(TeMo)3_176: ok
[2020/6059] In2Ni3S2_166: ok
[2021/6059] In2HgTe4_82: ok
[2022/6059] InI_63: ok
[2023/6059] In2HgSe4_82: ok
[2024/6059] InBr_63: ok
[2025/6059] InAgS2_122: ok
[2026/6059] InN_186: ok
[2027/6059] InAs_216: ok
[2028/6059] InP_216: ok
[2029/6059] InCuS2_122: ok
[2030/6059] InCuSe2_122: ok
[2031/6059] InPPd5_123: ok
[2032/6059] InSb_216: ok
[2033/6059] In_225: ok
[2034/6059] HoSiRu2C_63: ok
[2035/6059] InAgTe2_122: ok
[2036/6059] InNi_191: ok
[2037/6059] InAgSe2_122: ok
[2038/6059] InCl3_194: ok
[2039/6059] I2O5_14: ok
[2040/6059] InBr3_12: ok
[2041/6059] InPPt5_123: ok
[2042/6059] Ir_225: ok
[2043/6059] In5S5Br_31: ok
[2044/6059] IrO2_136: ok
[2045/6059] K(CoAs)2_139: ok
[2046/6059] IrW_51: ok
[2047/6059] K(CoS)2_139: ok
[2048/6059] InPS4_82: ok
[2049/6059] InOF_70: ok
[2050/6059] Ir3Ru_139: ok
[2051/6059] InSiPt5_123: ok
[2052/6059] InS_58: ok
[2053/6059] Ir3Rh_139: ok
[2054/6059] Ir3W_194: ok
[2055/6059] K(CuSe)2_139: ok
[2056/6059] InSe_194: ok
[2057/6059] K(PRh)2_139: ok
[2058/6059] InPd2_62: ok
[2059/6059] K2CN2_12: ok
[2060/6059] IrRu3_194: ok
[2061/6059] Ir3Se8_148: ok
[2062/6059] K2AlF5_123: ok
[2063/6059] K(FeAs)2_139: ok
[2064/6059] K2AgP_63: ok
[2065/6059] K2Au3_71: ok
[2066/6059] K2MgF4_139: ok
[2067/6059] InBO3_167: ok
[2068/6059] K2H6Pt_225: ok
[2069/6059] In2O3_206: ok
[2070/6059] K2CuAs_63: ok
[2071/6059] K2MnCl6_225: ok
[2072/6059] K2MgH4_139: ok
[2073/6059] K2AgSb_63: ok
[2074/6059] K2MgCl4_139: ok
[2075/6059] K2CuP_63: ok
[2076/6059] K2H4Pd_139: ok
[2077/6059] In2TeO6_150: ok
[2078/6059] K2NiP2_63: ok
[2079/6059] K2O_225: ok
[2080/6059] K2PAu_63: ok
[2081/6059] K2OsBr6_225: ok
[2082/6059] K2PdO2_71: ok
[2083/6059] K2PdBr4_123: ok
[2084/6059] K2PtCl4_123: ok
[2085/6059] K2PdCl4_123: ok
[2086/6059] K2PdF4_12: ok
[2087/6059] K2Cu(ClF)2_64: ok
[2088/6059] IrSe2_62: ok
[2089/6059] K2PtF6_164: ok
[2090/6059] K2PdF6_164: ok
[2091/6059] K2CO3_14: ok
[2092/6059] K2Ca(CO3)2_166: ok
[2093/6059] K2O2_64: ok
[2094/6059] K2NaAlF6_225: ok
[2095/6059] K2PtCl6_225: ok
[2096/6059] K2NaAlP2_72: ok
[2097/6059] K2NaRhF6_225: ok
[2098/6059] K2PtSe2_71: ok
[2099/6059] K2PtS2_71: ok
[2100/6059] K2PdCl6_225: ok
[2101/6059] K2Te2Pt_71: ok
[2102/6059] K2PtBr6_225: ok
[2103/6059] K2Cu(PO3)4_9: ok
[2104/6059] K2S_225: ok
[2105/6059] K2Se_225: ok
[2106/6059] K2Rh2O5_123: ok
[2107/6059] K2SbAu_63: ok
[2108/6059] K2Te_225: ok
[2109/6059] K2UO4_139: ok
[2110/6059] K2PuO4_139: ok
[2111/6059] K2ZnF4_139: ok
[2112/6059] K2NaAlAs2_72: ok
[2113/6059] K2ReF6_164: ok
[2114/6059] K3AuO_221: ok
[2115/6059] K2TeCl6_225: ok
[2116/6059] K2ReBr6_225: ok
[2117/6059] K2TiF6_164: ok
[2118/6059] K3BrO_221: ok
[2119/6059] K2ReCl6_225: ok
[2120/6059] K3IO_221: ok
[2121/6059] K2SO4_62: ok
[2122/6059] K2P3_70: ok
[2123/6059] K2SeBr6_225: ok
[2124/6059] K2TeO3_147: ok
[2125/6059] K2TcCl6_225: ok
[2126/6059] K3As_194: ok
[2127/6059] K2TiCl6_225: ok
[2128/6059] K2ZnO2_72: ok
[2129/6059] K2WCl6_225: ok
[2130/6059] K(Cu2As)2_166: ok
[2131/6059] K(USe3)2_71: ok
[2132/6059] K4Br2O_139: ok
[2133/6059] K3P_194: ok
[2134/6059] KAg2AsO4_121: ok
[2135/6059] KAgSe_129: ok
[2136/6059] K3Cu3P2_166: ok
[2137/6059] K3Cu3As2_166: ok
[2138/6059] KAg2PS4_121: ok
[2139/6059] K2ZnH4_62: ok
[2140/6059] K3BN2_14: ok
[2141/6059] KAgF4_140: ok
[2142/6059] K4CdAs2_166: ok
[2143/6059] KBrO3_160: ok
[2144/6059] KAuS_63: ok
[2145/6059] K4BeP2_166: ok
[2146/6059] K4HgAs2_166: ok
[2147/6059] KAuSe_63: ok
[2148/6059] KB6_221: ok
[2149/6059] K4ZnAs2_166: ok
[2150/6059] KAuSe2_127: ok
[2151/6059] KCaBi_129: ok
[2152/6059] KCdSb_129: ok
[2153/6059] K3BiSe3_198: ok
[2154/6059] K4CdP2_166: ok
[2155/6059] KAuF4_140: ok
[2156/6059] KCaCO3F_187: ok
[2157/6059] KBr_225: ok
[2158/6059] K3PO4_62: ok
[2159/6059] K3BiTe3_198: ok
[2160/6059] KCl_225: ok
[2161/6059] KCu4S3_123: ok
[2162/6059] KCuO2_63: ok
[2163/6059] K4HgP2_166: ok
[2164/6059] K4BeAs2_166: ok
[2165/6059] KCuTe_194: ok
[2166/6059] KCuSe_194: ok
[2167/6059] K4I2O_139: ok
[2168/6059] KCuF3_140: ok
[2169/6059] K4ZnP2_166: ok
[2170/6059] KF_225: ok
[2171/6059] KCoN_62: ok
[2172/6059] KClO4_62: ok
[2173/6059] KH_225: ok
[2174/6059] KCrS2_166: ok
[2175/6059] KCuS_62: ok
[2176/6059] KHS_11: ok
[2177/6059] KH2N_11: ok
[2178/6059] KAlSi3O8_2: ok
[2179/6059] KHO_36: ok
[2180/6059] KInO2_166: ok
[2181/6059] KBe2BO3F2_155: ok
[2182/6059] KCuO_139: ok
[2183/6059] KHgAs_194: ok
[2184/6059] KHF2_140: ok
[2185/6059] KHg2_74: ok
[2186/6059] KBaPO4_62: ok
[2187/6059] KMgF3_221: ok
[2188/6059] KGe2N3_36: ok
[2189/6059] KIO4_88: ok
[2190/6059] KErO2_166: ok
[2191/6059] KMgH3_221: ok
[2192/6059] KI_225: ok
[2193/6059] KLiSe_129: ok
[2194/6059] KIn9Co2_191: ok
[2195/6059] KLiTe_129: ok
[2196/6059] KMgAs_129: ok
[2197/6059] KMgBi_129: ok
[2198/6059] KHoO2_166: ok
[2199/6059] KInTe2_140: ok
[2200/6059] KHCO3_14: ok
[2201/6059] KMgSb_129: ok
[2202/6059] KAlO2_61: ok
[2203/6059] KMnP_129: ok
[2204/6059] KNbO3_160: ok
[2205/6059] KNa2Bi_225: ok
[2206/6059] KN3_140: ok
[2207/6059] KNa2Sb_225: ok
[2208/6059] KLiZnO2_12: ok
[2209/6059] KGaSb4_62: ok
[2210/6059] KPF6_148: ok
[2211/6059] KHgF3_221: ok
[2212/6059] KLaS2_166: ok
[2213/6059] KPS3_71: ok
[2214/6059] KPrO2_166: ok
[2215/6059] KNb4O5F_123: ok
[2216/6059] KRuF6_166: ok
[2217/6059] KPrTe4_125: ok
[2218/6059] KIO3_1: ok
[2219/6059] KTaO3_221: ok
[2220/6059] KRb2GaF6_225: ok
[2221/6059] KTcO3_221: ok
[2222/6059] KRb2TiF6_225: ok
[2223/6059] KSbO2_15: ok
[2224/6059] KNaTiO3_15: ok
[2225/6059] KPtN_131: ok
[2226/6059] KCd13_226: ok
[2227/6059] KNdO2_166: ok
[2228/6059] KUO3_221: ok
[2229/6059] KZnF3_221: ok
[2230/6059] KSnSb_186: ok
[2231/6059] KTl2Bi_225: ok
[2232/6059] KTmO2_166: ok
[2233/6059] KNO3_62: ok
[2234/6059] KPt2Se3_166: ok
[2235/6059] KTeAu_194: ok
[2236/6059] KZnAs_194: ok
[2237/6059] KP(HO2)2_43: ok
[2238/6059] La(CoSi)2_139: ok
[2239/6059] La(FeSi)2_139: ok
[2240/6059] KZnP_194: ok
[2241/6059] La(SiIr)2_139: ok
[2242/6059] La(NiP)2_139: ok
[2243/6059] La(SiPd)2_139: ok
[2244/6059] KReO4_88: ok
[2245/6059] KPt2S3_166: ok
[2246/6059] KNaS2O7_2: ok
[2247/6059] La(CoB)2_139: ok
[2248/6059] KSb(PS3)2_4: ok
[2249/6059] KZnSb_194: ok
[2250/6059] La(SiOs)2_139: ok
[2251/6059] KTcO4_88: ok
[2252/6059] La2O3_164: ok
[2253/6059] KSmS2_166: ok
[2254/6059] KYO2_166: ok
[2255/6059] KScO2_166: ok
[2256/6059] La2Sb_139: ok
[2257/6059] La3InN_221: ok
[2258/6059] LaAg_221: ok
[2259/6059] La2In_194: ok
[2260/6059] La3PbC_221: ok
[2261/6059] La3AlN_221: ok
[2262/6059] LaAgO2_166: ok
[2263/6059] La3TlC_221: ok
[2264/6059] KTlO2_166: ok
[2265/6059] La3(TaN3)2_139: ok
[2266/6059] La2Ni5B4_12: ok
[2267/6059] LaAs_225: ok
[2268/6059] La3GaBr3_221: ok
[2269/6059] La(MnGe)2_139: ok
[2270/6059] LaAlGe_109: ok
[2271/6059] La2CuO4_139: ok
[2272/6059] LaAl2_227: ok
[2273/6059] LaAl3Pd2_191: ok
[2274/6059] LaBiPt_216: ok
[2275/6059] LaBRh3_221: ok
[2276/6059] LaB6_221: ok
[2277/6059] LaAl3_194: ok
[2278/6059] LaCd_221: ok
[2279/6059] LaC2_139: ok
[2280/6059] LaCd2_191: ok
[2281/6059] La2S3_62: ok
[2282/6059] LaCu2_191: ok
[2283/6059] LaAu_63: ok
[2284/6059] La2Pd2O5_84: ok
[2285/6059] LaAl_63: ok
[2286/6059] LaClO_129: ok
[2287/6059] LaCdHg2_225: ok
[2288/6059] LaCoGe3_107: ok
[2289/6059] LaBr3_176: ok
[2290/6059] LaFeSi_129: ok
[2291/6059] LaCuSi_194: ok
[2292/6059] LaCl3_176: ok
[2293/6059] LaIn3_221: ok
[2294/6059] LaH3_225: ok
[2295/6059] LaI2_139: ok
[2296/6059] LaCuSO_129: ok
[2297/6059] LaB4_127: ok
[2298/6059] La3Co_62: ok
[2299/6059] KZrCuSe3_63: ok
[2300/6059] La2Hf2O7_227: ok
[2301/6059] LaGa3Pd2_191: ok
[2302/6059] LaIn_221: ok
[2303/6059] LaHgAu2_225: ok
[2304/6059] LaN_225: ok
[2305/6059] LaInHg2_225: ok
[2306/6059] LaNiC2_38: ok
[2307/6059] LaMgZn2_225: ok
[2308/6059] LaInAg2_225: ok
[2309/6059] LaIn5Rh_123: ok
[2310/6059] La3Te4_220: ok
[2311/6059] LaP_225: ok
[2312/6059] LaB2Rh2C_139: ok
[2313/6059] LaNi_63: ok
[2314/6059] LaI3_63: ok
[2315/6059] LaIr2_227: ok
[2316/6059] LaGa6_125: ok
[2317/6059] LaMg3_225: ok
[2318/6059] LaPb3_221: ok
[2319/6059] LaPd3_221: ok
[2320/6059] LaNi5_191: ok
[2321/6059] LaMgGa_189: ok
[2322/6059] LaCuSe2_14: ok
[2323/6059] LaPbAu2_225: ok
[2324/6059] LaS_225: ok
[2325/6059] LaSb_225: ok
[2326/6059] LaPt5_191: ok
[2327/6059] LaPrHg2_225: ok
[2328/6059] LaPd5_191: ok
[2329/6059] LaNi4B_191: ok
[2330/6059] LaSF_129: ok
[2331/6059] LaF3_165: ok
[2332/6059] LaSbPd_194: ok
[2333/6059] LaSi2_141: ok
[2334/6059] LaSi2Ag_63: ok
[2335/6059] LaSn3_221: ok
[2336/6059] LaSi2Pt_63: ok
[2337/6059] LaZn_221: ok
[2338/6059] LaSnAu2_225: ok
[2339/6059] LaNiSn_62: ok
[2340/6059] LaTl_221: ok
[2341/6059] LaRh2_227: ok
[2342/6059] LaSi3Ir_107: ok
[2343/6059] LaNi2B2C_139: ok
[2344/6059] LaTe_225: ok
[2345/6059] LaTl3_221: ok
[2346/6059] LaSi_63: ok
[2347/6059] LaSi2Ru_11: ok
[2348/6059] La_194: ok
[2349/6059] Hf2Al4C5_166: ok
[2350/6059] Li(CuP)2_139: ok
[2351/6059] LaScO3_62: ok
[2352/6059] Li(NiP)2_139: ok
[2353/6059] Li(SiRh)2_127: ok
[2354/6059] Li(Co3P2)2_187: ok
[2355/6059] LaWN3_161: ok
[2356/6059] La2Si4CN6_62: ok
[2357/6059] Li2AgAu_225: ok
[2358/6059] Li2AcIn_225: ok
[2359/6059] LaRhO3_62: ok
[2360/6059] Li(YSi)2_127: ok
[2361/6059] Li2AgHg_225: ok
[2362/6059] Li2AgPb_216: ok
[2363/6059] Li2AlAg_216: ok
[2364/6059] Li2AgSb_216: ok
[2365/6059] Li2AgSn_216: ok
[2366/6059] Li2AcTl_225: ok
[2367/6059] Li(Sn3Pd)2_127: ok
[2368/6059] LaNi5H7_186: ok
[2369/6059] Li(TiSe2)3_164: ok
[2370/6059] Li2CaSi_225: ok
[2371/6059] Li2CaSn_225: ok
[2372/6059] Li2CdAu_225: ok
[2373/6059] LaPO4_14: ok
[2374/6059] Li2CN2_139: ok
[2375/6059] LaYbS3_63: ok
[2376/6059] Li2CdPd_225: ok
[2377/6059] Li2AlPd_216: ok
[2378/6059] Li2CuGe_216: ok
[2379/6059] Li2AlPt_216: ok
[2380/6059] Li2CeO3_65: ok
[2381/6059] Li2CeN2_164: ok
[2382/6059] Li2CuAs_194: ok
[2383/6059] Li2AlRh_216: ok
[2384/6059] Li2CuSn_216: ok
[2385/6059] Li2GaIr_216: ok
[2386/6059] Li2GaPd_216: ok
[2387/6059] Li2GaAu_216: ok
[2388/6059] Li2GaPt_216: ok
[2389/6059] Li2Ca_194: ok
[2390/6059] Li2CdSb_225: ok
[2391/6059] Li2GaRh_216: ok
[2392/6059] Li2CuP_194: ok
[2393/6059] Li2GeAu_216: ok
[2394/6059] Li13Sn5_164: ok
[2395/6059] Li2CO3_15: ok
[2396/6059] Li2HgAu_225: ok
[2397/6059] Li2InAg_216: ok
[2398/6059] Li2Ga_63: ok
[2399/6059] Li2InAu_216: ok
[2400/6059] Li2HgPd_225: ok
[2401/6059] Li2InPt_216: ok
[2402/6059] Li2InPd_216: ok
[2403/6059] Li14P2(N2O)3_147: ok
[2404/6059] Li2InSn_225: ok
[2405/6059] Li2InRh_216: ok
[2406/6059] Li2CdSn_225: ok
[2407/6059] Li2In_63: ok
[2408/6059] Li2NdIn_225: ok
[2409/6059] Li2CuSb_216: ok
[2410/6059] Li2MgIn_225: ok
[2411/6059] Li2Pd_191: ok
[2412/6059] Li2GeN2_14: ok
[2413/6059] Li2PdAu_225: ok
[2414/6059] Li2LaIn_225: ok
[2415/6059] Li2O2_194: ok
[2416/6059] Li2NdTl_225: ok
[2417/6059] Li13Si4_55: ok
[2418/6059] Li2Pt_191: ok
[2419/6059] Li2GePbS4_121: ok
[2420/6059] Li2H2Pd_139: ok
[2421/6059] Li2PmTl_225: ok
[2422/6059] Li2PmIn_225: ok
[2423/6059] Li2S_225: ok
[2424/6059] Li2PNO2_36: ok
[2425/6059] Li2Ca_227: ok
[2426/6059] Li2PmPb_225: ok
[2427/6059] Li2PrIn_225: ok
[2428/6059] Li2Se_225: ok
[2429/6059] Li2O_225: ok
[2430/6059] Li2PdO3_12: ok
[2431/6059] Li2SnN2_164: ok
[2432/6059] Li15Ge4_220: ok
[2433/6059] Li2Te_225: ok
[2434/6059] Li2TlPd_225: ok
[2435/6059] Li2SbAu_216: ok
[2436/6059] Li2SiO3_36: ok
[2437/6059] Li2PdO2_71: ok
[2438/6059] Li2ZrN2_164: ok
[2439/6059] Li2YTl_225: ok
[2440/6059] Li2SbPt_216: ok
[2441/6059] Li2US3_12: ok
[2442/6059] Li3Au_225: ok
[2443/6059] Li2SbPd_216: ok
[2444/6059] Li2SnAu_216: ok
[2445/6059] Li13In3_227: ok
[2446/6059] Li3As_194: ok
[2447/6059] Li2ZnSn_225: ok
[2448/6059] Li2ZrO3_15: ok
[2449/6059] Li3Al2_166: ok
[2450/6059] Li2Sn2Au_141: ok
[2451/6059] Li2Si2O5_37: ok
[2452/6059] Li2TiF6_136: ok
[2453/6059] Li2Sb_190: ok
[2454/6059] Li2Sb_189: ok
[2455/6059] Li3Bi_225: ok
[2456/6059] Li2ZnCl4_227: ok
[2457/6059] Li3Hg_139: ok
[2458/6059] Li3AuS2_72: ok
[2459/6059] Li3Cd_139: ok
[2460/6059] Li3N_191: ok
[2461/6059] Li3AlH6_148: ok
[2462/6059] Li3LaP2_164: ok
[2463/6059] Li3Ga2_166: ok
[2464/6059] Li2SO4_14: ok
[2465/6059] Li3HoSb2_164: ok
[2466/6059] Li3Hg_225: ok
[2467/6059] Li3PrBi2_164: ok
[2468/6059] Li3Tl_225: ok
[2469/6059] Li3Sb_194: ok
[2470/6059] Li3VS4_215: ok
[2471/6059] Li3P_194: ok
[2472/6059] Li3BO3_14: ok
[2473/6059] Li2TiO3_15: ok
[2474/6059] Li3Pd_225: ok
[2475/6059] Li3UO4_139: ok
[2476/6059] Li4UO5_87: ok
[2477/6059] Li5(NiN)3_189: ok
[2478/6059] Li3PO4_31: ok
[2479/6059] Li5Br2N_71: ok
[2480/6059] Li5SbO5_12: ok
[2481/6059] Li4NCl_166: ok
[2482/6059] Li5OsN4_59: ok
[2483/6059] Li3CuO3_136: ok
[2484/6059] Li4SiO4_2: ok
[2485/6059] Li15Au4_220: ok
[2486/6059] Li3B7O12_2: ok
[2487/6059] Li4TiO4_63: ok
[2488/6059] Li15Si4_220: ok
[2489/6059] Li6CrN4_137: ok
[2490/6059] Li3AlF6_15: ok
[2491/6059] Li5Sn2_166: ok
[2492/6059] Li6IrN4_137: ok
[2493/6059] Li5ReN4_59: ok
[2494/6059] Li5TaO5_12: ok
[2495/6059] Li6MoN4_137: ok
[2496/6059] Li6MnS4_137: ok
[2497/6059] Li6OsN4_137: ok
[2498/6059] Li3PS4_62: ok
[2499/6059] LiAc2Si_225: ok
[2500/6059] LiAcTl2_225: ok
[2501/6059] Li9Al4_12: ok
[2502/6059] Li6FeN4_137: ok
[2503/6059] LiAg2Ge_225: ok
[2504/6059] LiAc2Ge_225: ok
[2505/6059] LiAg_221: ok
[2506/6059] Li5Tl2_166: ok
[2507/6059] Li3P7_19: ok
[2508/6059] LiAl2Ni_225: ok
[2509/6059] Li5SiP3_9: ok
[2510/6059] LiAg3_139: ok
[2511/6059] LiAg2Sn_225: ok
[2512/6059] Li6WN4_137: ok
[2513/6059] Li3YN2_206: ok
[2514/6059] LiAlAu2_225: ok
[2515/6059] LiAl3_221: ok
[2516/6059] LiAg3O2_72: ok
[2517/6059] LiAlAg2_225: ok
[2518/6059] LiAlCu2_225: ok
[2519/6059] LiAlGe_216: ok
[2520/6059] Li8SiO6_185: ok
[2521/6059] LiAlRh2_225: ok
[2522/6059] Li7Si2_55: ok
[2523/6059] Li3AlN2_206: ok
[2524/6059] Li7Sn3_11: ok
[2525/6059] LiAl2Pt_225: ok
[2526/6059] LiAu3_221: ok
[2527/6059] LiBC_194: ok
[2528/6059] LiAlO2_166: ok
[2529/6059] LiAsRh2_225: ok
[2530/6059] LiB_194: ok
[2531/6059] LiAlTe2_122: ok
[2532/6059] LiBeAs_129: ok
[2533/6059] LiBe2Ir_225: ok
[2534/6059] LiAl_227: ok
[2535/6059] LiAl2Pd_225: ok
[2536/6059] LiBePt2_225: ok
[2537/6059] LiB6C_38: ok
[2538/6059] LiAl2Ir_225: ok
[2539/6059] LiAl2Rh_225: ok
[2540/6059] LiAuI4_14: ok
[2541/6059] LiBePd2_225: ok
[2542/6059] LiAlSi_216: ok
[2543/6059] LiBeN_14: ok
[2544/6059] LiC_71: ok
[2545/6059] LiBeSb_186: ok
[2546/6059] LiBr_186: ok
[2547/6059] LiCa2Al_225: ok
[2548/6059] LiCa2Tl_225: ok
[2549/6059] LiBiPd2_225: ok
[2550/6059] Li7Sn2_65: ok
[2551/6059] LiCa2Cd_225: ok
[2552/6059] LiBIr_70: ok
[2553/6059] LiCa2In_225: ok
[2554/6059] LiBiF4_88: ok
[2555/6059] LiCd2Pd_225: ok
[2556/6059] Li9Ge4_194: ok
[2557/6059] LiCd2Pt_225: ok
[2558/6059] LiCaPb_187: ok
[2559/6059] LiCaSn_187: ok
[2560/6059] LiCdAs_216: ok
[2561/6059] LiCd2Au_225: ok
[2562/6059] LiCo2Si_225: ok
[2563/6059] LiCu2Ge_225: ok
[2564/6059] LiCaN_62: ok
[2565/6059] LiBF4_152: ok
[2566/6059] LiCoAs_129: ok
[2567/6059] LiCdPd2_225: ok
[2568/6059] LiCuO2_12: ok
[2569/6059] LiCu3_139: ok
[2570/6059] LiCo2Ge_225: ok
[2571/6059] LiCaSi2_62: ok
[2572/6059] LiCrS2_164: ok
[2573/6059] LiC12_191: ok
[2574/6059] LiAl5O8_212: ok
[2575/6059] LiFeAs_129: ok
[2576/6059] LiErTl2_225: ok
[2577/6059] LiFeRh2_225: ok
[2578/6059] LiCuPd2_225: ok
[2579/6059] LiEuH3_221: ok
[2580/6059] LiF_225: ok
[2581/6059] LiGa2Pt_225: ok
[2582/6059] LiFeP_129: ok
[2583/6059] LiGa2Ir_225: ok
[2584/6059] LiGa2Rh_225: ok
[2585/6059] LiGa2Pd_225: ok
[2586/6059] LiGaAu2_225: ok
[2587/6059] LiErGe_189: ok
[2588/6059] LiDyS2_166: ok
[2589/6059] LiGaAg2_225: ok
[2590/6059] LiDySe2_166: ok
[2591/6059] LiCaAlF6_163: ok
[2592/6059] LiGaCu2_225: ok
[2593/6059] Li7VN4_205: ok
[2594/6059] LiGaRh2_225: ok
[2595/6059] LiGeRh2_225: ok
[2596/6059] LiCd_227: ok
[2597/6059] LiGePd2_225: ok
[2598/6059] LiCuO_139: ok
[2599/6059] LiHPd_123: ok
[2600/6059] LiGeAu2_225: ok
[2601/6059] LiGa_227: ok
[2602/6059] LiGeIr2_225: ok
[2603/6059] LiHO_129: ok
[2604/6059] LiH_225: ok
[2605/6059] LiHg_221: ok
[2606/6059] LiErS2_166: ok
[2607/6059] LiGaTe2_122: ok
[2608/6059] LiGaSe2_33: ok
[2609/6059] LiHf2Re_225: ok
[2610/6059] LiHfPt2_225: ok
[2611/6059] LiHfIr2_225: ok
[2612/6059] LiHgPd2_225: ok
[2613/6059] LiHf2Os_225: ok
[2614/6059] LiHfRh2_225: ok
[2615/6059] LiClO4_62: ok
[2616/6059] LiH2N_82: ok
[2617/6059] LiHg2Pd_225: ok
[2618/6059] LiHoTl2_225: ok
[2619/6059] LiIn2Ir_225: ok
[2620/6059] LiGe_88: ok
[2621/6059] LiIn2Pd_225: ok
[2622/6059] LiIn2Pt_225: ok
[2623/6059] LiI_186: ok
[2624/6059] LiIr_187: ok
[2625/6059] LiGe2N3_36: ok
[2626/6059] LiIn2Rh_225: ok
[2627/6059] LiInAu2_225: ok
[2628/6059] LiIr3_44: ok
[2629/6059] LiInGe_216: ok
[2630/6059] LiHS_26: ok
[2631/6059] LiLuHg2_225: ok
[2632/6059] LiInAg2_225: ok
[2633/6059] LiIn_227: ok
[2634/6059] LiHoSe2_166: ok
[2635/6059] LiMg2Ag_225: ok
[2636/6059] LiMg2_139: ok
[2637/6059] LiMg2Hg_225: ok
[2638/6059] LiMgAs_216: ok
[2639/6059] Li5AlO4_61: ok
[2640/6059] LiHoGe_189: ok
[2641/6059] LiLuO2_141: ok
[2642/6059] LiMg2Zn_225: ok
[2643/6059] LiLaHg2_225: ok
[2644/6059] LiMgN_216: ok
[2645/6059] LiMgP_216: ok
[2646/6059] LiMg2Pd_225: ok
[2647/6059] LiMgBi_216: ok
[2648/6059] LiMnPd2_225: ok
[2649/6059] LiMgSnPt_216: ok
[2650/6059] LiMgSnPd_216: ok
[2651/6059] LiNbIr2_225: ok
[2652/6059] LiMg2Rh_225: ok
[2653/6059] LiMnPt2_225: ok
[2654/6059] LiMgTl2_225: ok
[2655/6059] LiMg2Pt_225: ok
[2656/6059] LiMgPd2_225: ok
[2657/6059] LiPd_187: ok
[2658/6059] LiN3_12: ok
[2659/6059] LiPd3_221: ok
[2660/6059] LiInTe2_122: ok
[2661/6059] LiMgAu2_225: ok
[2662/6059] LiPd_221: ok
[2663/6059] LiNdHg2_225: ok
[2664/6059] LiNi2Ge_225: ok
[2665/6059] LiNi2Sn_225: ok
[2666/6059] LiIn(IO3)4_2: ok
[2667/6059] LiPm2Os_225: ok
[2668/6059] LiNbN2_62: ok
[2669/6059] LiNbRh2_225: ok
[2670/6059] LiPm2Ge_225: ok
[2671/6059] LiPt_187: ok
[2672/6059] LiRh_187: ok
[2673/6059] LiPmHg2_225: ok
[2674/6059] LiPt3_221: ok
[2675/6059] LiPm2Ga_225: ok
[2676/6059] LiPN2_122: ok
[2677/6059] LiPm2Ir_225: ok
[2678/6059] LiRu2W_225: ok
[2679/6059] LiPrGe_189: ok
[2680/6059] LiNbO2_194: ok
[2681/6059] LiPm2Pt_225: ok
[2682/6059] LiPm2Ru_225: ok
[2683/6059] LiPm2Si_225: ok
[2684/6059] LiNdGe_189: ok
[2685/6059] LiRh2Pb_225: ok
[2686/6059] LiNbS2_194: ok
[2687/6059] LiSc2Pt_225: ok
[2688/6059] Li7SbN4_218: ok
[2689/6059] LiSc2Rh_225: ok
[2690/6059] LiSc2Ir_225: ok
[2691/6059] LiRuN_62: ok
[2692/6059] LiSbPd2_225: ok
[2693/6059] Li7NbN4_205: ok
[2694/6059] LiScS2_166: ok
[2695/6059] LiSc2Os_225: ok
[2696/6059] LiSc2Ru_225: ok
[2697/6059] LiSc2Tc_225: ok
[2698/6059] LiRhO2_166: ok
[2699/6059] LiScHg2_225: ok
[2700/6059] LiP_14: ok
[2701/6059] Li12Si7_62: ok
[2702/6059] LiNO3_167: ok
[2703/6059] LiSiIr2_225: ok
[2704/6059] LiScAu2_225: ok
[2705/6059] LiScTl2_225: ok
[2706/6059] LiNbO3_161: ok
[2707/6059] LiSi2N3_36: ok
[2708/6059] LiScAs2O7_5: ok
[2709/6059] LiSbAu_216: ok
[2710/6059] Li7TaN4_205: ok
[2711/6059] LiSmTl2_225: ok
[2712/6059] LiSiNi2_225: ok
[2713/6059] LiSiPd2_225: ok
[2714/6059] LiSiRh2_225: ok
[2715/6059] LiSiCu2_225: ok
[2716/6059] LiSm2Os_225: ok
[2717/6059] LiSnRh2_225: ok
[2718/6059] LiPt2_227: ok
[2719/6059] LiPt7_225: ok
[2720/6059] LiSnPd2_225: ok
[2721/6059] LiSn_10: ok
[2722/6059] LiTb2Ir_225: ok
[2723/6059] LiTaRh2_225: ok
[2724/6059] LiSnAu_194: ok
[2725/6059] LiTaIr2_225: ok
[2726/6059] LiScO2_141: ok
[2727/6059] LiTbHg2_225: ok
[2728/6059] LiTiRh2_225: ok
[2729/6059] LiScSiO4_62: ok
[2730/6059] LiTiIr2_225: ok
[2731/6059] LiTiS2_164: ok
[2732/6059] LiTbTl2_225: ok
[2733/6059] LiTi2N3_63: ok
[2734/6059] LiVRh2_225: ok
[2735/6059] LiVIr2_225: ok
[2736/6059] LiTmHg2_225: ok
[2737/6059] LiSn4Ru_140: ok
[2738/6059] LiSn2N3_36: ok
[2739/6059] LiTlPd2_139: ok
[2740/6059] LiTm2Al_225: ok
[2741/6059] LiY2Ru_225: ok
[2742/6059] LiY2Ir_225: ok
[2743/6059] LiY2Os_225: ok
[2744/6059] LiTl2InCl6_225: ok
[2745/6059] LiTaO3_161: ok
[2746/6059] LiVN2_33: ok
[2747/6059] LiY2Al_225: ok
[2748/6059] LiTbSe2_166: ok
[2749/6059] LiTiO2_141: ok
[2750/6059] LiZn2Au_225: ok
[2751/6059] LiYHg2_225: ok
[2752/6059] LiZn2Pd_225: ok
[2753/6059] LiSn4Rh_140: ok
[2754/6059] LiZn2Rh_225: ok
[2755/6059] LiYb2Rh_225: ok
[2756/6059] LiTiPO5_62: ok
[2757/6059] LiYF4_88: ok
[2758/6059] LiZn2Ni_225: ok
[2759/6059] LiZnAs_216: ok
[2760/6059] LiYTl2_225: ok
[2761/6059] LiV2N3_63: ok
[2762/6059] LiZn2Ir_225: ok
[2763/6059] LiTl2InF6_225: ok
[2764/6059] LiZnP_216: ok
[2765/6059] LiZnN_216: ok
[2766/6059] LiZnAg2_225: ok
[2767/6059] LiYS2_166: ok
[2768/6059] LiZn2Pt_225: ok
[2769/6059] LiSn4Au3_186: ok
[2770/6059] LiYGe_189: ok
[2771/6059] Li_194: ok
[2772/6059] Li_229: ok
[2773/6059] LiYSi_189: ok
[2774/6059] LiSn4Ir_140: ok
[2775/6059] Li_166: ok
[2776/6059] LiZnGe_187: ok
[2777/6059] LiZnPd2_225: ok
[2778/6059] LiZrRh2_225: ok
[2779/6059] LiZr2Tc_225: ok
[2780/6059] LiZr2Os_225: ok
[2781/6059] Lu(CoGe)2_139: ok
[2782/6059] LiZnSb_186: ok
[2783/6059] Lu(CuSi)2_139: ok
[2784/6059] Lu(NiGe)2_139: ok
[2785/6059] LiZrIr2_225: ok
[2786/6059] Lu(SiOs)2_139: ok
[2787/6059] Lu(SiNi)2_139: ok
[2788/6059] LiSi_88: ok
[2789/6059] Lu(SiPd)2_139: ok
[2790/6059] Lu(SiRh)2_139: ok
[2791/6059] LiSmSe2_141: ok
[2792/6059] Lu2CuPt_225: ok
[2793/6059] Lu2CdIn_225: ok
[2794/6059] Lu(SiRu)2_139: ok
[2795/6059] Lu2IrRu_225: ok
[2796/6059] Lu2MgIn_225: ok
[2797/6059] Lu2In_194: ok
[2798/6059] Lu2InAg_225: ok
[2799/6059] Lu2PdRu_225: ok
[2800/6059] Lu2AgRu_225: ok
[2801/6059] LiZnPS4_82: ok
[2802/6059] Lu2CoRu_225: ok
[2803/6059] Lu3InN_221: ok
[2804/6059] Lu2AgHg_225: ok
[2805/6059] Lu2CdAg_225: ok
[2806/6059] LuAgO2_166: ok
[2807/6059] Lu(TiGa2)2_139: ok
[2808/6059] LuAgSn_186: ok
[2809/6059] Lu3AlN_221: ok
[2810/6059] Lu2ZnAg_225: ok
[2811/6059] Lu2TlAg_225: ok
[2812/6059] Lu2TlCd_225: ok
[2813/6059] LuAu_221: ok
[2814/6059] Lu2(NiB2)3_65: ok
[2815/6059] Lu2Mo2C3_12: ok
[2816/6059] Lu6Sb2Mo_189: ok
[2817/6059] LiZn_227: ok
[2818/6059] LuAlGe_63: ok
[2819/6059] Lu8Te_189: ok
[2820/6059] LuB2Ru3_191: ok
[2821/6059] LuAlSi_63: ok
[2822/6059] LuBRh3_221: ok
[2823/6059] LuAsO4_141: ok
[2824/6059] LuB2Ir3_191: ok
[2825/6059] LuGa3_221: ok
[2826/6059] LuAu3_59: ok
[2827/6059] Lu4C7_14: ok
[2828/6059] LuCdRh2_225: ok
[2829/6059] LuCuPb_186: ok
[2830/6059] LuCo2_227: ok
[2831/6059] LuGeAu_186: ok
[2832/6059] LuCuSi_194: ok
[2833/6059] LuN_225: ok
[2834/6059] LuCuSn_186: ok
[2835/6059] LuIr_221: ok
[2836/6059] LuB12_225: ok
[2837/6059] Lu2S3_167: ok
[2838/6059] LuGa5Co_123: ok
[2839/6059] LuCoB4_55: ok
[2840/6059] LuInCu2_225: ok
[2841/6059] LuInRh2_225: ok
[2842/6059] LuIn3_221: ok
[2843/6059] LuHfRu2_225: ok
[2844/6059] LuGaRh2_225: ok
[2845/6059] LuPd_221: ok
[2846/6059] LuNiSb_216: ok
[2847/6059] LuCl3_194: ok
[2848/6059] LuRh_221: ok
[2849/6059] LuP_225: ok
[2850/6059] LuPt3_221: ok
[2851/6059] LuGa2Ni_63: ok
[2852/6059] LuRh3C_221: ok
[2853/6059] LuS_225: ok
[2854/6059] LuBr3_194: ok
[2855/6059] LuNi2_227: ok
[2856/6059] LuPd3_221: ok
[2857/6059] LuI3_194: ok
[2858/6059] LuSbPt_216: ok
[2859/6059] LuNiBi_216: ok
[2860/6059] LuSb_225: ok
[2861/6059] LuNbRu2_225: ok
[2862/6059] LuSi_63: ok
[2863/6059] LuSnRu2_225: ok
[2864/6059] LuInPt_189: ok
[2865/6059] LuZn_221: ok
[2866/6059] Lu7(NiTe)2_44: ok
[2867/6059] LuSBr_59: ok
[2868/6059] LuZnPd2_225: ok
[2869/6059] LuTaRu2_225: ok
[2870/6059] LuB4_127: ok
[2871/6059] LuSiRh_62: ok
[2872/6059] LuZnRh2_225: ok
[2873/6059] LuTlTe2_166: ok
[2874/6059] LuNiPb_189: ok
[2875/6059] Mg(AlSi)2_164: ok
[2876/6059] LuTaO4_13: ok
[2877/6059] LuAlB4_55: ok
[2878/6059] Mg(BeAs)2_164: ok
[2879/6059] LuTaOs2_225: ok
[2880/6059] Mg(HO)2_164: ok
[2881/6059] LuZrRu2_225: ok
[2882/6059] LuSiIr_62: ok
[2883/6059] Mg(Co3P2)2_187: ok
[2884/6059] Mg2AgRh_225: ok
[2885/6059] Mg2AgAu_225: ok
[2886/6059] Mg(BeN)2_164: ok
[2887/6059] LuRu2_194: ok
[2888/6059] Mg(ReO4)2_164: ok
[2889/6059] Mg2AgPt_225: ok
[2890/6059] Mg(ScGa)2_127: ok
[2891/6059] Mg(PtO2)3_65: ok
[2892/6059] Mg2CrN3_36: ok
[2893/6059] LuSi2Ni_63: ok
[2894/6059] Mg2Al2Se5_164: ok
[2895/6059] Mg2Cu_70: ok
[2896/6059] Mg2Ge_225: ok
[2897/6059] Lu5(Si5Ir2)2_127: ok
[2898/6059] Mg(SbO2)2_135: ok
[2899/6059] Mg2As2O7_12: ok
[2900/6059] Mg2PdRh_225: ok
[2901/6059] Mg(B6C)2_74: ok
[2902/6059] Mg2Hg_62: ok
[2903/6059] Mg2Pb_225: ok
[2904/6059] Mg2Au_62: ok
[2905/6059] Mg2Ni3P_166: ok
[2906/6059] Mg2PtRh_225: ok
[2907/6059] Mg2Rh_139: ok
[2908/6059] Mg2FeH6_225: ok
[2909/6059] Lu_166: ok
[2910/6059] Mg2Pt_140: ok
[2911/6059] Mg2H6Os_225: ok
[2912/6059] Mg2H6Ru_225: ok
[2913/6059] Mg2SiPt_194: ok
[2914/6059] Mg2Ni_180: ok
[2915/6059] Mg2Ga_190: ok
[2916/6059] Mg2PN3_36: ok
[2917/6059] Mg2Ga5_139: ok
[2918/6059] Mg2B24C_118: ok
[2919/6059] Mg2SiNi3_166: ok
[2920/6059] Lu2O3_206: ok
[2921/6059] Mg2TaN3_36: ok
[2922/6059] Mg2VN3_36: ok
[2923/6059] Mg2TlPb_225: ok
[2924/6059] Mg2Si_225: ok
[2925/6059] Mg2SiCu3_194: ok
[2926/6059] Mg2SbN3_36: ok
[2927/6059] Mg2Sn_225: ok
[2928/6059] Mg(BC)2_64: ok
[2929/6059] Mg3Cd_194: ok
[2930/6059] Mg3Bi2_164: ok
[2931/6059] Lu2Fe14B_136: ok
[2932/6059] Mg17Al12_217: ok
[2933/6059] Mg3Hg_194: ok
[2934/6059] Mg3Pt_194: ok
[2935/6059] Mg3Sb2_164: ok
[2936/6059] Mg3NF3_221: ok
[2937/6059] Mg3Ir_194: ok
[2938/6059] Mg3Au_185: ok
[2939/6059] Mg3Tl_194: ok
[2940/6059] Mg2NiH4_15: ok
[2941/6059] MgAgSb_216: ok
[2942/6059] MgAg3_194: ok
[2943/6059] MgAg_221: ok
[2944/6059] Mg2SiO4_62: ok
[2945/6059] Mg13Ir3_167: ok
[2946/6059] Mg5Hg3_193: ok
[2947/6059] MgAlIr2_225: ok
[2948/6059] MgAlAg2_225: ok
[2949/6059] Mg2TiO4_91: ok
[2950/6059] Mg3Au_165: ok
[2951/6059] MgAlPd2_225: ok
[2952/6059] MgAl2Cu_63: ok
[2953/6059] MgAu_221: ok
[2954/6059] MgAlRh2_225: ok
[2955/6059] MgB2_191: ok
[2956/6059] Mg3Ru2_213: ok
[2957/6059] MgAlSi_62: ok
[2958/6059] Mg3Ir_185: ok
[2959/6059] MgAsPt5_123: ok
[2960/6059] Mg2Zn11_200: ok
[2961/6059] Mg3Pd_185: ok
[2962/6059] MgBr2_164: ok
[2963/6059] Mg9Si5_176: ok
[2964/6059] Mg2Al4Si5O18_66: ok
[2965/6059] Mg3Si4(HO6)2_2: ok
[2966/6059] MgB4_62: ok
[2967/6059] MgCd_51: ok
[2968/6059] Mg3Rh_185: ok
[2969/6059] MgCo3C_221: ok
[2970/6059] Mg3Pt_185: ok
[2971/6059] Mg(AlB14)2_1: ok
[2972/6059] MgCdAg2_225: ok
[2973/6059] MgCN2_166: ok
[2974/6059] MgAs4_92: ok
[2975/6059] MgGaIr2_225: ok
[2976/6059] MgFeRh2_225: ok
[2977/6059] MgGaAg2_225: ok
[2978/6059] MgF2_136: ok
[2979/6059] MgCd3_194: ok
[2980/6059] MgGaNi2_225: ok
[2981/6059] MgCuP_62: ok
[2982/6059] MgCl2_166: ok
[2983/6059] MgCuSn_216: ok
[2984/6059] MgGaPd2_225: ok
[2985/6059] MgHg_221: ok
[2986/6059] Mg5Pd2_194: ok
[2987/6059] MgGaRh2_225: ok
[2988/6059] MgGeRh2_225: ok
[2989/6059] MgCuSb_216: ok
[2990/6059] MgHg2_139: ok
[2991/6059] Mg5Rh2_194: ok
[2992/6059] MgI2_164: ok
[2993/6059] MgH2_136: ok
[2994/6059] MgInAg2_225: ok
[2995/6059] MgInNi2_225: ok
[2996/6059] MgIn_123: ok
[2997/6059] MgInCu4_216: ok
[2998/6059] MgCu4Sn_216: ok
[2999/6059] MgCO3_167: ok
[3000/6059] MgB7_74: ok
[3001/6059] MgMnGe_129: ok
[3002/6059] MgGeN2_33: ok
[3003/6059] MgInPd2_225: ok
[3004/6059] MgMnRh2_225: ok
[3005/6059] MgNiBi_216: ok
[3006/6059] MgNi2Sn_225: ok
[3007/6059] MgNiSb_216: ok
[3008/6059] MgInRh2_225: ok
[3009/6059] MgNi3C_221: ok
[3010/6059] MgNbRu2_225: ok
[3011/6059] MgMoN2_194: ok
[3012/6059] MgB9N_166: ok
[3013/6059] MgAl2O4_227: ok
[3014/6059] MgPd3_221: ok
[3015/6059] Mg3As2_206: ok
[3016/6059] Mg3Hg_155: ok
[3017/6059] MgRh_221: ok
[3018/6059] MgPPd5_123: ok
[3019/6059] MgO_225: ok
[3020/6059] MgPt3_221: ok
[3021/6059] MgCu2_227: ok
[3022/6059] MgPPt5_123: ok
[3023/6059] MgRh3_44: ok
[3024/6059] MgP4_14: ok
[3025/6059] MgS_225: ok
[3026/6059] MgSc_221: ok
[3027/6059] MgPd2_62: ok
[3028/6059] MgIr2_194: ok
[3029/6059] MgPd5_155: ok
[3030/6059] MgSc2Al_225: ok
[3031/6059] MgScAg2_225: ok
[3032/6059] MgNi3B2_181: ok
[3033/6059] MgRhF6_148: ok
[3034/6059] MgScPd2_225: ok
[3035/6059] MgSc2_63: ok
[3036/6059] MgSc2Cd_225: ok
[3037/6059] MgScRh2_225: ok
[3038/6059] MgSc2Tl_225: ok
[3039/6059] MgPbF6_148: ok
[3040/6059] MgSe_186: ok
[3041/6059] MgSO4_63: ok
[3042/6059] MgPdF6_148: ok
[3043/6059] MgSbPt_216: ok
[3044/6059] MgSiRh2_225: ok
[3045/6059] MgPd3_139: ok
[3046/6059] MgSiIr2_225: ok
[3047/6059] MgTaOs2_225: ok
[3048/6059] MgTe_216: ok
[3049/6059] MgSbPd_216: ok
[3050/6059] MgSnRh2_225: ok
[3051/6059] MgSiP2_122: ok
[3052/6059] MgTl_221: ok
[3053/6059] MgTiRh2_225: ok
[3054/6059] MgTaRu2_225: ok
[3055/6059] Mg3(TiAl9)2_227: ok
[3056/6059] MgTiIr2_225: ok
[3057/6059] MgSiN2_33: ok
[3058/6059] MgSnAu_216: ok
[3059/6059] Mg_194: ok
[3060/6059] MgZnAg2_225: ok
[3061/6059] MgSeO4_63: ok
[3062/6059] MgTlRh2_225: ok
[3063/6059] MgZrAu2_225: ok
[3064/6059] MgSiAs2_122: ok
[3065/6059] MgTiO3_148: ok
[3066/6059] MgZnAu2_225: ok
[3067/6059] MgZnRh2_225: ok
[3068/6059] MgZrPd2_225: ok
[3069/6059] MgSn4Ru_140: ok
[3070/6059] MgZrIr2_225: ok
[3071/6059] MgTi2O5_63: ok
[3072/6059] MgZrRh2_225: ok
[3073/6059] MgPSe3_148: ok
[3074/6059] Mn(BW)2_127: ok
[3075/6059] MgZn2_194: ok
[3076/6059] Mn2AlCr_225: ok
[3077/6059] Mg2Pd_227: ok
[3078/6059] Mn2CrCo_225: ok
[3079/6059] Mn(CrSe2)2_12: ok
[3080/6059] MgSnN2_33: ok
[3081/6059] MgTe2_205: ok
[3082/6059] Mn(GaSe2)2_82: ok
[3083/6059] Mn2AlRe_225: ok
[3084/6059] Mn2AlB2_65: ok
[3085/6059] Mn2AlW_225: ok
[3086/6059] Mn(AlTe2)2_121: ok
[3087/6059] Mn2Sb_129: ok
[3088/6059] Mn2VGa_225: ok
[3089/6059] Mn2N_60: ok
[3090/6059] Mn(GaS2)2_82: ok
[3091/6059] Mn2NbAl_225: ok
[3092/6059] Mn2PtRh_225: ok
[3093/6059] Mn2VSi_225: ok
[3094/6059] Mn3Ge_225: ok
[3095/6059] Mn3AlC_221: ok
[3096/6059] Mn2VGe_225: ok
[3097/6059] Mn2AlV_225: ok
[3098/6059] Mn3GaN_221: ok
[3099/6059] Mn3SnC_221: ok
[3100/6059] Mn3ZnC_221: ok
[3101/6059] Mn3PtN_221: ok
[3102/6059] Mn2Nb_194: ok
[3103/6059] MnAlNi2_225: ok
[3104/6059] Mg3B7ClO13_29: ok
[3105/6059] MnAl_123: ok
[3106/6059] Mn2P_189: ok
[3107/6059] Mn3Ir_194: ok
[3108/6059] MnAlRh2_225: ok
[3109/6059] MnAlGe_129: ok
[3110/6059] MnAlIr2_225: ok
[3111/6059] Mn2CoSi_216: ok
[3112/6059] MnAlAu2_225: ok
[3113/6059] MnAlPt_194: ok
[3114/6059] MnAu_221: ok
[3115/6059] MnAlRu2_225: ok
[3116/6059] Mn4Al11_2: ok
[3117/6059] MnBr2_164: ok
[3118/6059] MnAlFe2_225: ok
[3119/6059] MnAs_62: ok
[3120/6059] MnAsRh_189: ok
[3121/6059] MnAu2_139: ok
[3122/6059] Mn5Si3_193: ok
[3123/6059] MnBe2Ir_225: ok
[3124/6059] MnBe2Rh_225: ok
[3125/6059] MnCo_221: ok
[3126/6059] MnAlCo2_225: ok
[3127/6059] MnCo2Ge_225: ok
[3128/6059] MnAu4_87: ok
[3129/6059] MnAsRu_189: ok
[3130/6059] Mn3Al9Si_194: ok
[3131/6059] MnAlCu2_225: ok
[3132/6059] Mn2SiS4_62: ok
[3133/6059] MnCo2Si_225: ok
[3134/6059] MnB4_58: ok
[3135/6059] MnCl2_166: ok
[3136/6059] MnAlPd2_225: ok
[3137/6059] Mn5C2_15: ok
[3138/6059] MnBe2_194: ok
[3139/6059] MnGaNi2_139: ok
[3140/6059] MnCoP_62: ok
[3141/6059] MnCoSb_216: ok
[3142/6059] Mn11Pd21_123: ok
[3143/6059] MnCuPd2_225: ok
[3144/6059] MnGaRh2_225: ok
[3145/6059] MnI2_164: ok
[3146/6059] MnGaPt_194: ok
[3147/6059] MnIr_123: ok
[3148/6059] MnGaCo2_225: ok
[3149/6059] MnGeRu2_225: ok
[3150/6059] MnInRh2_225: ok
[3151/6059] MnPd_123: ok
[3152/6059] MnNbRu2_225: ok
[3153/6059] MnCoSi_62: ok
[3154/6059] MnNiSb_216: ok
[3155/6059] MnCo2Sn_225: ok
[3156/6059] MnCo2Sb_225: ok
[3157/6059] MnFeAs_189: ok
[3158/6059] MnGe_198: ok
[3159/6059] MnAl6_63: ok
[3160/6059] MnPt3_221: ok
[3161/6059] MnRh_221: ok
[3162/6059] MnPt_123: ok
[3163/6059] MnIr3_194: ok
[3164/6059] MnP_62: ok
[3165/6059] MnNbGe_189: ok
[3166/6059] MnSbRh2_123: ok
[3167/6059] MnCu2SnSe4_121: ok
[3168/6059] MnS_225: ok
[3169/6059] MnNbSi_189: ok
[3170/6059] MnCu2SnS4_121: ok
[3171/6059] MnSiRu2_225: ok
[3172/6059] MnFe2Si_225: ok
[3173/6059] MnCu2GeS4_31: ok
[3174/6059] MnSb_194: ok
[3175/6059] MnSbRu2_225: ok
[3176/6059] MnSe_186: ok
[3177/6059] MnSiTc2_225: ok
[3178/6059] MnNiGe_62: ok
[3179/6059] MnPd3_139: ok
[3180/6059] MnV_221: ok
[3181/6059] MnSnPd2_225: ok
[3182/6059] MnSi_198: ok
[3183/6059] MnZn3_221: ok
[3184/6059] MnSnRu2_225: ok
[3185/6059] MnTe_216: ok
[3186/6059] MnSnRh2_225: ok
[3187/6059] MnV2Cr_225: ok
[3188/6059] MnSbRh_216: ok
[3189/6059] MnSn2_140: ok
[3190/6059] MnVRu2_225: ok
[3191/6059] Mo2CN_25: ok
[3192/6059] MnSiRh_62: ok
[3193/6059] MnSiIr_62: ok
[3194/6059] MnSnAu_216: ok
[3195/6059] MnSbPt_216: ok
[3196/6059] MnSbIr_216: ok
[3197/6059] MoP_187: ok
[3198/6059] MoC_187: ok
[3199/6059] MoIr_51: ok
[3200/6059] MnSiNi_62: ok
[3201/6059] MnSnPt_216: ok
[3202/6059] MnZnIr2_225: ok
[3203/6059] Mo3Os_223: ok
[3204/6059] Mo3Ir_223: ok
[3205/6059] MnS2_166: ok
[3206/6059] Mo_229: ok
[3207/6059] MgCo_227: ok
[3208/6059] Mo3Pt_223: ok
[3209/6059] Mo5As4_87: ok
[3210/6059] MoRh_51: ok
[3211/6059] MoPt_51: ok
[3212/6059] MoPt2_71: ok
[3213/6059] MoRh3_194: ok
[3214/6059] MnP4_2: ok
[3215/6059] MoIr3_194: ok
[3216/6059] Na2CdPb_216: ok
[3217/6059] MoSe2_194: ok
[3218/6059] Na(CuS)4_164: ok
[3219/6059] MnTe2_205: ok
[3220/6059] MoRu3_194: ok
[3221/6059] Na2CN2_12: ok
[3222/6059] Mo2C_60: ok
[3223/6059] MoN_186: ok
[3224/6059] Na2H2Pd_139: ok
[3225/6059] MoS2_160: ok
[3226/6059] Na2H4Pd_139: ok
[3227/6059] Na2CuAs_63: ok
[3228/6059] Na2HgO2_139: ok
[3229/6059] MoP4_15: ok
[3230/6059] Na2CuP_63: ok
[3231/6059] Na2CdSnS4_82: ok
[3232/6059] Na2H4Pt_139: ok
[3233/6059] Na2Hf2O5_123: ok
[3234/6059] Na2H6Pt_225: ok
[3235/6059] Na2S_225: ok
[3236/6059] Na2O_225: ok
[3237/6059] Na2Pd3O4_71: ok
[3238/6059] MoBr3_59: ok
[3239/6059] Na2Se_225: ok
[3240/6059] Na2Te_225: ok
[3241/6059] Na2PtO2_71: ok
[3242/6059] Na2GeO3_36: ok
[3243/6059] Na2BHO3_62: ok
[3244/6059] Na2TlBi_225: ok
[3245/6059] Na2MgSn_194: ok
[3246/6059] Na2TlSb_225: ok
[3247/6059] Na2SO4_70: ok
[3248/6059] Na2O2_189: ok
[3249/6059] NO2_204: ok
[3250/6059] Na2SeO4_70: ok
[3251/6059] Na2ThF6_150: ok
[3252/6059] Na2ZnSiO4_7: ok
[3253/6059] Na2ZnGe_63: ok
[3254/6059] Na2SiO3_36: ok
[3255/6059] Na(CoO2)2_59: ok
[3256/6059] Na2Ti3O7_11: ok
[3257/6059] Na2Al2B2O7_163: ok
[3258/6059] Na3BrO_221: ok
[3259/6059] Na3ClO_221: ok
[3260/6059] Na3Bi_194: ok
[3261/6059] Na3AlF6_14: ok
[3262/6059] Na2ZrSe3_12: ok
[3263/6059] Na2Zr(CuS2)2_12: ok
[3264/6059] Na3AlAs2_72: ok
[3265/6059] Na2LiAlP2_64: ok
[3266/6059] Na2TiGeO5_129: ok
[3267/6059] Na3(CuS)4_55: ok
[3268/6059] Na3AgO2_72: ok
[3269/6059] Na2MgAlF7_74: ok
[3270/6059] Na2UI6_148: ok
[3271/6059] Na3PaF8_139: ok
[3272/6059] Na3SbSe4_217: ok
[3273/6059] Na3SbS4_217: ok
[3274/6059] Na3AlP2_72: ok
[3275/6059] Na(BH)6_14: ok
[3276/6059] Na3P_194: ok
[3277/6059] Na3PSO3_161: ok
[3278/6059] Na3Sb_194: ok
[3279/6059] Na4UO5_87: ok
[3280/6059] Na2ZrO3_15: ok
[3281/6059] Na2Ti2As2O_139: ok
[3282/6059] Na4I2O_139: ok
[3283/6059] Na3PS4_114: ok
[3284/6059] Na3PS3O_36: ok
[3285/6059] Na5BiO5_12: ok
[3286/6059] Na4IrO4_87: ok
[3287/6059] Na4Ti5O12_147: ok
[3288/6059] Na3BN2_14: ok
[3289/6059] Na5CuSO2_123: ok
[3290/6059] Na5OsO6_12: ok
[3291/6059] Na5OsN4_59: ok
[3292/6059] Na5ReO6_12: ok
[3293/6059] NaAlGe_129: ok
[3294/6059] NaAlSi_129: ok
[3295/6059] Na3OsN2_14: ok
[3296/6059] Na2(ReS2)3_15: ok
[3297/6059] NaAg2_227: ok
[3298/6059] NaAcTl2_225: ok
[3299/6059] NaAgO2_12: ok
[3300/6059] NaAlH4_88: ok
[3301/6059] Na6ZnSn2_12: ok
[3302/6059] NaAu2_227: ok
[3303/6059] NaBi_123: ok
[3304/6059] Na3ScBr6_163: ok
[3305/6059] NaBPt3_191: ok
[3306/6059] NaBF4_63: ok
[3307/6059] Na4P2O7_19: ok
[3308/6059] NaBeAs_194: ok
[3309/6059] NaCNO_160: ok
[3310/6059] NaCaAs_216: ok
[3311/6059] NaCd2Pt_225: ok
[3312/6059] NaBH4_137: ok
[3313/6059] NaBr_225: ok
[3314/6059] Na6WN4_137: ok
[3315/6059] Na6ZnS4_186: ok
[3316/6059] Na3P11_60: ok
[3317/6059] NaCa2Tl_225: ok
[3318/6059] NaCuO2_12: ok
[3319/6059] NaDyS2_166: ok
[3320/6059] NaCl_225: ok
[3321/6059] NaCdSb_62: ok
[3322/6059] NaFeAs_129: ok
[3323/6059] Na4CdP2_166: ok
[3324/6059] NaF_225: ok
[3325/6059] NaCuO_139: ok
[3326/6059] NaErTl2_225: ok
[3327/6059] NaBrO3_198: ok
[3328/6059] NaCrS2_166: ok
[3329/6059] NaGa4_139: ok
[3330/6059] NaH_225: ok
[3331/6059] Na4HgP2_166: ok
[3332/6059] NaHg2_191: ok
[3333/6059] NaH2Pd3_65: ok
[3334/6059] NaGaH4_63: ok
[3335/6059] NaBiO3_148: ok
[3336/6059] Na6MnS4_186: ok
[3337/6059] NaHF2_166: ok
[3338/6059] NaErS2_166: ok
[3339/6059] NaHS_11: ok
[3340/6059] NaHoTl2_225: ok
[3341/6059] NaHoSe2_166: ok
[3342/6059] NaHgPd2_225: ok
[3343/6059] NaInHg2_225: ok
[3344/6059] NaLi2Sb_225: ok
[3345/6059] NaHg_63: ok
[3346/6059] NaLaO2_141: ok
[3347/6059] NaLaAu2_225: ok
[3348/6059] NaLiS_129: ok
[3349/6059] NaGe2N3_36: ok
[3350/6059] NaI_225: ok
[3351/6059] NaInO2_166: ok
[3352/6059] Na4Al3Si3ClO12_218: ok
[3353/6059] NaLuS2_166: ok
[3354/6059] Na3H(SO4)2_14: ok
[3355/6059] NaMgAs_129: ok
[3356/6059] NaMgPb2_225: ok
[3357/6059] NaIn(SiO3)2_15: ok
[3358/6059] NaBO2_167: ok
[3359/6059] NaMgTl2_225: ok
[3360/6059] NaHoF4_141: ok
[3361/6059] NaLiTe_62: ok
[3362/6059] NaN3_12: ok
[3363/6059] NaInTe2_140: ok
[3364/6059] NaMgSb_129: ok
[3365/6059] Na8Ti5O14_2: ok
[3366/6059] NaPb3_221: ok
[3367/6059] NaNdS2_166: ok
[3368/6059] NaNdHg2_225: ok
[3369/6059] NaPaO3_221: ok
[3370/6059] NaNbS2_194: ok
[3371/6059] NaNbO2_194: ok
[3372/6059] NaMgF3_62: ok
[3373/6059] NaPmHg2_225: ok
[3374/6059] NaPmAu2_225: ok
[3375/6059] NaNbSe2_194: ok
[3376/6059] NaPmTe2_225: ok
[3377/6059] NaPF6_225: ok
[3378/6059] NaH2N_70: ok
[3379/6059] NaPmTl2_225: ok
[3380/6059] NaPrHg2_225: ok
[3381/6059] NaNbO3_161: ok
[3382/6059] Na8SnSb4_227: ok
[3383/6059] NaScS2_166: ok
[3384/6059] NaPrO2_141: ok
[3385/6059] NaRuN_186: ok
[3386/6059] NaNiN_62: ok
[3387/6059] Na4Zr2(SiO4)3_167: ok
[3388/6059] NaS_194: ok
[3389/6059] NaSmAu2_225: ok
[3390/6059] NaSmS2_166: ok
[3391/6059] Na3P(SO)2_61: ok
[3392/6059] NaP_19: ok
[3393/6059] NaTbS2_166: ok
[3394/6059] NaTcO3_221: ok
[3395/6059] NaSe_194: ok
[3396/6059] NaTbSe2_166: ok
[3397/6059] NaSmSe2_166: ok
[3398/6059] NaSbS2_15: ok
[3399/6059] NaSnP_186: ok
[3400/6059] NaSmO2_141: ok
[3401/6059] NaSi2N3_36: ok
[3402/6059] NaRhO2_166: ok
[3403/6059] NaNO3_167: ok
[3404/6059] NaSnSb_186: ok
[3405/6059] NaTeAu_194: ok
[3406/6059] NaScO2_166: ok
[3407/6059] Na_229: ok
[3408/6059] NaTmTl2_225: ok
[3409/6059] NaTl2Cd_225: ok
[3410/6059] Na_194: ok
[3411/6059] NaZnAs_129: ok
[3412/6059] NaReO4_88: ok
[3413/6059] NaSi2Pd3_44: ok
[3414/6059] NaZnP_129: ok
[3415/6059] NaZnN_186: ok
[3416/6059] Nb2C_164: ok
[3417/6059] NaAl11O17_194: ok
[3418/6059] NaSi_15: ok
[3419/6059] Nb2AsC_194: ok
[3420/6059] NaTl2InF6_225: ok
[3421/6059] NaTl2GaF6_225: ok
[3422/6059] NaTaN2_166: ok
[3423/6059] Nb2InC_194: ok
[3424/6059] Nb2AlC_194: ok
[3425/6059] Nb2PC_194: ok
[3426/6059] NaTiS2_166: ok
[3427/6059] Nb2SnC_194: ok
[3428/6059] Nb2C_62: ok
[3429/6059] NaTmS2_166: ok
[3430/6059] Nb3B4_71: ok
[3431/6059] NaZnF3_62: ok
[3432/6059] NaYbS2_166: ok
[3433/6059] Nb3Au_223: ok
[3434/6059] Nb2Co3Si_194: ok
[3435/6059] NaUO3_62: ok
[3436/6059] Nb3Bi_223: ok
[3437/6059] NaTi2O4_62: ok
[3438/6059] Nb3B2_127: ok
[3439/6059] Nb3Pt_223: ok
[3440/6059] Nb2Se_12: ok
[3441/6059] Nb3Ir_223: ok
[3442/6059] Nb3AlC2_194: ok
[3443/6059] Nb3Os_223: ok
[3444/6059] Nb3Au2_139: ok
[3445/6059] Nb3Ga2_127: ok
[3446/6059] Nb3Ru_225: ok
[3447/6059] Nb3Rh_223: ok
[3448/6059] NaTh2F9_121: ok
[3449/6059] Nb5Te4_87: ok
[3450/6059] Nb3Sb_223: ok
[3451/6059] NbAu2_191: ok
[3452/6059] NaZn13_226: ok
[3453/6059] Nb3SBr7_156: ok
[3454/6059] NbAlFe2_225: ok
[3455/6059] Nb5Si3_193: ok
[3456/6059] Nb4CoSi_124: ok
[3457/6059] NbAlOs2_225: ok
[3458/6059] NbB2_191: ok
[3459/6059] NbAl3_139: ok
[3460/6059] NbAs_109: ok
[3461/6059] NbB_63: ok
[3462/6059] Nb3Cl8_164: ok
[3463/6059] NbAs2_12: ok
[3464/6059] Nb4FeSi_124: ok
[3465/6059] NbBr2O_5: ok
[3466/6059] NbAlO4_12: ok
[3467/6059] NbCu3Se4_215: ok
[3468/6059] NbC_225: ok
[3469/6059] NbFeSb_216: ok
[3470/6059] NbBO4_141: ok
[3471/6059] NbGa3_139: ok
[3472/6059] NbCu3S4_215: ok
[3473/6059] Nb10C7_12: ok
[3474/6059] Nb5Sb4_87: ok
[3475/6059] NbCu3Te4_215: ok
[3476/6059] NbAlRu2_225: ok
[3477/6059] NbCrSi_189: ok
[3478/6059] Nb2Al_136: ok
[3479/6059] NbH2_225: ok
[3480/6059] NbIr_123: ok
[3481/6059] NbAlCo2_225: ok
[3482/6059] Nb6C5_12: ok
[3483/6059] NbN_187: ok
[3484/6059] NbIr3_221: ok
[3485/6059] NbGaCo2_225: ok
[3486/6059] Nb2ZnO6_60: ok
[3487/6059] NbCoSb_216: ok
[3488/6059] NbCo2_227: ok
[3489/6059] NbGaO4_12: ok
[3490/6059] NbI2O_5: ok
[3491/6059] NbInRu2_225: ok
[3492/6059] NbFe2_194: ok
[3493/6059] NbPd2_71: ok
[3494/6059] NbP_109: ok
[3495/6059] NbRh_123: ok
[3496/6059] NbInO4_13: ok
[3497/6059] NbRu_123: ok
[3498/6059] NbGe2_180: ok
[3499/6059] NbO_221: ok
[3500/6059] NbPt_51: ok
[3501/6059] NbRh3_221: ok
[3502/6059] NbRu3_221: ok
[3503/6059] NbCo3_186: ok
[3504/6059] NbNi3_59: ok
[3505/6059] NbPt2_71: ok
[3506/6059] NbPd3_139: ok
[3507/6059] Nb3TeCl7_164: ok
[3508/6059] NbO2F_9: ok
[3509/6059] NbSe2_194: ok
[3510/6059] NbSiTc2_225: ok
[3511/6059] NbNiP_62: ok
[3512/6059] NbSi2_180: ok
[3513/6059] NbSiAs_129: ok
[3514/6059] NbSi2_181: ok
[3515/6059] NbS2_194: ok
[3516/6059] Nb_229: ok
[3517/6059] Nb5SiSn2_140: ok
[3518/6059] NbSiRh_62: ok
[3519/6059] NbCr2_227: ok
[3520/6059] NbZnCo2_225: ok
[3521/6059] NbZn3_221: ok
[3522/6059] NbSiIr_62: ok
[3523/6059] NbSnS2_194: ok
[3524/6059] NbPt3_11: ok
[3525/6059] NbPd3_59: ok
[3526/6059] NbSbRh_216: ok
[3527/6059] NbZnRu2_225: ok
[3528/6059] NbSbRu_216: ok
[3529/6059] NbSiPd_62: ok
[3530/6059] NbSiPt_62: ok
[3531/6059] Nd(CoGe)2_139: ok
[3532/6059] Nd(CoSi)2_139: ok
[3533/6059] Nd(CoP)2_139: ok
[3534/6059] NbTe2_12: ok
[3535/6059] NbZn2N3_36: ok
[3536/6059] Nd(AgGe)2_139: ok
[3537/6059] Nd(CuSi)2_139: ok
[3538/6059] NbTl3Se4_217: ok
[3539/6059] Nd(NiGe)2_139: ok
[3540/6059] Nd(FeSi)2_139: ok
[3541/6059] Nd(GeRh)2_139: ok
[3542/6059] Nd(SiPd)2_139: ok
[3543/6059] NbSb2_12: ok
[3544/6059] Nd(MnSi)2_139: ok
[3545/6059] Nd(GePd)2_139: ok
[3546/6059] Nd(SiRu)2_139: ok
[3547/6059] Nd(NiP)2_139: ok
[3548/6059] Nd(PRu)2_139: ok
[3549/6059] Nd(SiNi)2_139: ok
[3550/6059] Nd2MgAl_225: ok
[3551/6059] Nd(SiOs)2_139: ok
[3552/6059] Nd2TeO2_139: ok
[3553/6059] Nd3InN_221: ok
[3554/6059] NdAg_221: ok
[3555/6059] Nd2CdIn_225: ok
[3556/6059] Nd(FeB)4_86: ok
[3557/6059] NdAs_225: ok
[3558/6059] Nd3In_221: ok
[3559/6059] Nd2MgIn_225: ok
[3560/6059] Nd2SO2_164: ok
[3561/6059] NdAl3Ni2_191: ok
[3562/6059] Nd3InC_221: ok
[3563/6059] NdBRh3_221: ok
[3564/6059] NdCd_221: ok
[3565/6059] NdB2Rh3_191: ok
[3566/6059] NdC2_139: ok
[3567/6059] NdBi_225: ok
[3568/6059] NdAgHg2_225: ok
[3569/6059] NbZn2_194: ok
[3570/6059] NdAl3Pd2_191: ok
[3571/6059] NdBPt3_99: ok
[3572/6059] NdB6_221: ok
[3573/6059] NdBi2ClO4_123: ok
[3574/6059] NdAl2_227: ok
[3575/6059] NdBrO_129: ok
[3576/6059] NdClO_129: ok
[3577/6059] NdCoSi_129: ok
[3578/6059] NdBr3_63: ok
[3579/6059] NdCoC2_9: ok
[3580/6059] NdCoGe_129: ok
[3581/6059] NdGa2_191: ok
[3582/6059] NdCl3_176: ok
[3583/6059] NdDyMg2_225: ok
[3584/6059] NdCoGe3_107: ok
[3585/6059] NdCu5_191: ok
[3586/6059] NdFeSi_129: ok
[3587/6059] NdCoSi2_63: ok
[3588/6059] NdFeSi2_63: ok
[3589/6059] NdHg_221: ok
[3590/6059] NdGa_63: ok
[3591/6059] NdH2_225: ok
[3592/6059] NdGe_63: ok
[3593/6059] Nd5Sn3_193: ok
[3594/6059] NdHg2_191: ok
[3595/6059] Nd2BC_12: ok
[3596/6059] Nd(Sb3Os)4_204: ok
[3597/6059] NdGeRu_129: ok
[3598/6059] NdMg_221: ok
[3599/6059] NdIn3_221: ok
[3600/6059] Nb6Co7_166: ok
[3601/6059] NdMg3_225: ok
[3602/6059] NdHoIn2_225: ok
[3603/6059] NdMgZn2_225: ok
[3604/6059] NdIr2_227: ok
[3605/6059] NdInAu2_225: ok
[3606/6059] NdNiC2_38: ok
[3607/6059] NdInRh_189: ok
[3608/6059] NdP_225: ok
[3609/6059] NdPb3_221: ok
[3610/6059] NdMgPt_189: ok
[3611/6059] Nd5Si3_140: ok
[3612/6059] NdCuSe2_14: ok
[3613/6059] NdPd3_221: ok
[3614/6059] NdInPd_189: ok
[3615/6059] NdS_225: ok
[3616/6059] NdI3_194: ok
[3617/6059] NdPd_63: ok
[3618/6059] NdMgGa_189: ok
[3619/6059] NdPbAu2_225: ok
[3620/6059] NdNiGe2_63: ok
[3621/6059] Nd2Zr2O7_227: ok
[3622/6059] NdGa6_125: ok
[3623/6059] NdSb_225: ok
[3624/6059] NdSbTe_129: ok
[3625/6059] NdPt2_227: ok
[3626/6059] NdSe_225: ok
[3627/6059] NdSF_129: ok
[3628/6059] NdSeF_129: ok
[3629/6059] NbSn2_70: ok
[3630/6059] NdSi2_141: ok
[3631/6059] NdNiSn_62: ok
[3632/6059] NdTl_221: ok
[3633/6059] NdNbO4_15: ok
[3634/6059] NdSi2Ru_11: ok
[3635/6059] NdSn3_221: ok
[3636/6059] NdTe_225: ok
[3637/6059] NdSiNi4_65: ok
[3638/6059] NdSiRu_129: ok
/home/shubham/miniconda3/lib/python3.13/site-packages/pymatgen/core/composition.py:1398: UserWarning: No Pauling electronegativity for Ne. Setting to NaN. This has no physical meaning, and is mainly done to avoid errors caused by the code expecting a float.
  return sorted(sym, key=lambda x: [float("inf") if math.isnan(e_neg := get_el_sp(x).X) else e_neg, x])
[3639/6059] Ne_225: ok
[3640/6059] NdZn_221: ok
[3641/6059] NdSi_62: ok
[3642/6059] NdNi2B2C_139: ok
[3643/6059] NdSnAu2_225: ok
[3644/6059] NdSn2_65: ok
[3645/6059] NdTaO4_13: ok
[3646/6059] Nd_194: ok
[3647/6059] Ni3Ge_221: ok
[3648/6059] NdMnSi2_63: ok
[3649/6059] Ni3Pt_221: ok
[3650/6059] NdSnRh_189: ok
[3651/6059] NdZn2_74: ok
[3652/6059] Ni2B_140: ok
[3653/6059] NdZnSbO_129: ok
[3654/6059] Ni3S2_155: ok
[3655/6059] Ni(BMo)2_71: ok
[3656/6059] NdTlPd_189: ok
[3657/6059] Nd5Si4_92: ok
[3658/6059] Ni2SbTe2_194: ok
[3659/6059] Ni3Se2_155: ok
[3660/6059] Ni3Mo_59: ok
[3661/6059] Ni3Sn_221: ok
[3662/6059] Ni3Sn4_12: ok
[3663/6059] NdPO4_14: ok
[3664/6059] Ni3(SnS)2_166: ok
[3665/6059] NiH_225: ok
[3666/6059] Ni3O4_65: ok
[3667/6059] Ni4W_87: ok
[3668/6059] NdZnSn_194: ok
[3669/6059] NiAs2_58: ok
[3670/6059] NiPt_123: ok
[3671/6059] NiO_225: ok
[3672/6059] NiGePd_129: ok
[3673/6059] Nd2O3_206: ok
[3674/6059] NiTe2_164: ok
[3675/6059] NiSb2_58: ok
[3676/6059] NiGe_62: ok
[3677/6059] NiSb_194: ok
[3678/6059] NiI2_166: ok
[3679/6059] NbZn16_63: ok
[3680/6059] Ni_225: ok
[3681/6059] NpH3_139: ok
[3682/6059] Ni3B_62: ok
[3683/6059] NiMoP2_194: ok
[3684/6059] NpN_225: ok
[3685/6059] NiSbS_198: ok
[3686/6059] NpO2_225: ok
[3687/6059] NiMoP_189: ok
[3688/6059] NiSbSe_198: ok
[3689/6059] NiGePt2_69: ok
[3690/6059] NiP2_205: ok
[3691/6059] NpSe_225: ok
[3692/6059] NpRh3_221: ok
[3693/6059] OsRu_187: ok
[3694/6059] NiSe_160: ok
[3695/6059] O2_12: ok
[3696/6059] Os_194: ok
[3697/6059] NpSn3_221: ok
[3698/6059] NiBr2_166: ok
[3699/6059] OsCl2O_71: ok
[3700/6059] NiCl2_166: ok
[3701/6059] PaAgO3_221: ok
[3702/6059] Pa3Te_221: ok
[3703/6059] NdScGe_139: ok
[3704/6059] Pa3Si_221: ok
[3705/6059] OsCl4_65: ok
[3706/6059] OsO2_136: ok
[3707/6059] OsS2_205: ok
[3708/6059] Pa3Sb_221: ok
[3709/6059] Np_62: ok
[3710/6059] Pa3Ge_221: ok
[3711/6059] PaIr3_221: ok
[3712/6059] PaAs_225: ok
[3713/6059] NiTe_166: ok
[3714/6059] PaN_225: ok
[3715/6059] PaC_225: ok
[3716/6059] NiSe2_205: ok
[3717/6059] OsRu3_194: ok
[3718/6059] PaO2_225: ok
[3719/6059] PaAlRu2_225: ok
[3720/6059] PaTiTc2_225: ok
[3721/6059] PbF2_225: ok
[3722/6059] PaTlO3_221: ok
[3723/6059] PaAlTc2_225: ok
[3724/6059] PaRh3_221: ok
[3725/6059] PaCdPt2_225: ok
[3726/6059] PbSe_225: ok
[3727/6059] PaO3_139: ok
[3728/6059] PbF4_139: ok
[3729/6059] Pb_194: ok
[3730/6059] P2Pt_205: ok
[3731/6059] PbClF_129: ok
[3732/6059] PaPd3_194: ok
[3733/6059] PbO_129: ok
[3734/6059] PaZnRu2_225: ok
[3735/6059] PbO2_136: ok
[3736/6059] Pd3Au_221: ok
[3737/6059] P2Ir_14: ok
[3738/6059] Pd3Pb_221: ok
[3739/6059] OsF6_62: ok
[3740/6059] Pb_225: ok
[3741/6059] P2O5_62: ok
[3742/6059] Pd_225: ok
[3743/6059] PdO_131: ok
[3744/6059] PbI2_186: ok
[3745/6059] PdPb2_140: ok
[3746/6059] PdF4_43: ok
[3747/6059] Pm2CdSi_225: ok
[3748/6059] Pm2CdSn_225: ok
[3749/6059] Pd3S_63: ok
[3750/6059] PbS_225: ok
[3751/6059] Pm2CuOs_225: ok
[3752/6059] Pm2AgGe_225: ok
[3753/6059] PdS2_61: ok
[3754/6059] Pm2CuGe_225: ok
[3755/6059] Pm2AgSn_225: ok
[3756/6059] PbCO3_62: ok
[3757/6059] Pm2AgPt_225: ok
[3758/6059] Pm2CdIn_225: ok
[3759/6059] Pm2AgIr_225: ok
[3760/6059] Pm2CdGe_225: ok
[3761/6059] Pm2CuSi_225: ok
[3762/6059] Pm2CuSn_225: ok
[3763/6059] Pm2CuPt_225: ok
[3764/6059] Pm2GeAu_225: ok
[3765/6059] Pm2CuRu_225: ok
[3766/6059] PdSeO3_11: ok
[3767/6059] Pm2IrRu_225: ok
[3768/6059] Pm2GePd_225: ok
[3769/6059] Pm2MgAl_225: ok
[3770/6059] PbBr2_64: ok
[3771/6059] Pm2MgSi_225: ok
[3772/6059] P3Ir_204: ok
[3773/6059] PdSO4_15: ok
[3774/6059] Pm2IrPd_225: ok
[3775/6059] Pm2PdRu_225: ok
[3776/6059] Pm2NiIr_225: ok
[3777/6059] Pm2InHg_225: ok
[3778/6059] Pm2HgGe_225: ok
[3779/6059] Pm2MgTl_225: ok
[3780/6059] Pm2IrAu_225: ok
[3781/6059] Pm2MgGa_225: ok
[3782/6059] Pm2PtAu_225: ok
[3783/6059] Pm2MgSn_225: ok
[3784/6059] Pm2RuAu_225: ok
[3785/6059] Pm2SiHg_225: ok
[3786/6059] Pm2SiPd_225: ok
[3787/6059] Pm2PtRh_225: ok
[3788/6059] Pm2SnAu_225: ok
[3789/6059] Pm2TlCd_225: ok
[3790/6059] Np3S5_62: ok
[3791/6059] Pm2PdPt_225: ok
[3792/6059] Pm2SiAg_225: ok
[3793/6059] Pm2ZnHg_225: ok
[3794/6059] Pm2SiAu_225: ok
[3795/6059] PmAgHg2_225: ok
[3796/6059] Pm3Pb_221: ok
[3797/6059] Pm2SnHg_225: ok
[3798/6059] PmCdHg2_225: ok
[3799/6059] Pm2ZnAg_225: ok
[3800/6059] PmB3_194: ok
[3801/6059] Pm2ZnGa_225: ok
[3802/6059] PmAl3_194: ok
[3803/6059] Pm2ZnGe_225: ok
[3804/6059] PmAgAu2_225: ok
[3805/6059] PbSO4_62: ok
[3806/6059] Pm2ZnPb_225: ok
[3807/6059] PmPd3_221: ok
[3808/6059] Pm2ZnSn_225: ok
[3809/6059] PmMg_221: ok
[3810/6059] PmDyIn2_225: ok
[3811/6059] PmF3_139: ok
[3812/6059] PmBiPd2_225: ok
[3813/6059] Pm2ZnOs_225: ok
[3814/6059] Pm2ZnRh_225: ok
[3815/6059] PmMgAg2_225: ok
[3816/6059] Pm2ZnSi_225: ok
[3817/6059] Pm2ZnRu_225: ok
[3818/6059] PmCdPd2_225: ok
[3819/6059] PmCdPt2_225: ok
[3820/6059] PmBr3_194: ok
[3821/6059] Pr(CuGe)2_139: ok
[3822/6059] Pr(MnSi)2_139: ok
[3823/6059] PmHoMg2_225: ok
[3824/6059] PmDyMg2_225: ok
[3825/6059] PmZn3_194: ok
[3826/6059] PmYMg2_225: ok
[3827/6059] Pm_194: ok
[3828/6059] Pr(AgGe)2_139: ok
[3829/6059] Pr(MnGe)2_139: ok
[3830/6059] Pr(CoB)2_139: ok
[3831/6059] Pr(CuSi)2_139: ok
[3832/6059] Pr(NiGe)2_139: ok
[3833/6059] Pr(NiP)2_139: ok
[3834/6059] Pr(FeSi)2_139: ok
[3835/6059] PmCu3_194: ok
[3836/6059] Pr(SiNi)2_139: ok
[3837/6059] Pr(SiOs)2_139: ok
[3838/6059] Pr(SiRh)2_139: ok
[3839/6059] Pr2AgHg_225: ok
[3840/6059] Pr(SiRu)2_139: ok
[3841/6059] Pr2TeO2_139: ok
[3842/6059] PrAg_221: ok
[3843/6059] Pr(BC)2_127: ok
[3844/6059] Pr3InN_221: ok
[3845/6059] Pr2SO2_164: ok
[3846/6059] PrAs_225: ok
[3847/6059] Pr2CBr_194: ok
[3848/6059] PmI3_194: ok
[3849/6059] PrB6_221: ok
[3850/6059] Pr3In_221: ok
[3851/6059] PrBRh3_221: ok
[3852/6059] Pr2TlCd_225: ok
[3853/6059] Pr2TlAg_225: ok
[3854/6059] PrCd_221: ok
[3855/6059] Pr2CuO4_139: ok
[3856/6059] PrBi_225: ok
[3857/6059] Pr3InO_221: ok
[3858/6059] PrBPt3_99: ok
[3859/6059] PrC2_139: ok
[3860/6059] Pr(Re2Si)2_65: ok
[3861/6059] PrB2Ir3_191: ok
[3862/6059] PrHg_221: ok
[3863/6059] PrCoGe_129: ok
[3864/6059] PrGa2_191: ok
[3865/6059] PrFeSi_129: ok
[3866/6059] PrAl2_227: ok
[3867/6059] PrAlSi2_164: ok
[3868/6059] PrBi2BrO4_123: ok
[3869/6059] PrAl3_194: ok
[3870/6059] PrH3_139: ok
[3871/6059] PrIn_221: ok
[3872/6059] Pr2(ReB2)3_15: ok
[3873/6059] PrH2_225: ok
[3874/6059] PrClO_129: ok
[3875/6059] PrCdHg2_225: ok
[3876/6059] PrMg_221: ok
[3877/6059] PrIn3_221: ok
[3878/6059] PrGe_62: ok
[3879/6059] PrCu5_191: ok
[3880/6059] Pr(Sb3Os)4_204: ok
[3881/6059] PrMgCd2_225: ok
[3882/6059] PrN_225: ok
[3883/6059] Pr3(CuSn)4_71: ok
[3884/6059] PrNdHg2_225: ok
[3885/6059] PrNiC2_38: ok
[3886/6059] PrIr2_227: ok
[3887/6059] PrP_225: ok
[3888/6059] PrAlO3_167: ok
[3889/6059] PrInAg2_225: ok
[3890/6059] PrGa3_194: ok
[3891/6059] PrS_225: ok
[3892/6059] PrPd3_221: ok
[3893/6059] PrMgZn2_225: ok
[3894/6059] PrInAu2_225: ok
[3895/6059] PrMg3_225: ok
[3896/6059] PrPb3_221: ok
[3897/6059] PrNdTl2_225: ok
[3898/6059] PrSF_129: ok
[3899/6059] PrPt5_191: ok
[3900/6059] PrNi5_191: ok
[3901/6059] PrMgNi4_216: ok
[3902/6059] PrNdZn2_225: ok
[3903/6059] PrSe_225: ok
[3904/6059] PrSbTe_129: ok
[3905/6059] PrSb_225: ok
[3906/6059] PrSbPt_186: ok
[3907/6059] PrNiSb_194: ok
[3908/6059] PrI3_194: ok
[3909/6059] PrMgGa_189: ok
[3910/6059] PrSi2Ni_63: ok
[3911/6059] PrSnAu2_225: ok
[3912/6059] PrSn3_221: ok
[3913/6059] PrZn_221: ok
[3914/6059] PrSi2Ag_63: ok
[3915/6059] PrMgRh_62: ok
[3916/6059] PrRh2_227: ok
[3917/6059] PrTe_225: ok
[3918/6059] PrSiRu_129: ok
[3919/6059] PrSi2_141: ok
[3920/6059] PrSnRh_189: ok
[3921/6059] PrSn2_65: ok
[3922/6059] PrBS3_33: ok
[3923/6059] PrTe2_129: ok
[3924/6059] PrYMg2_225: ok
[3925/6059] PrTeCl_129: ok
[3926/6059] PrZnSbO_129: ok
[3927/6059] PrSi_62: ok
[3928/6059] PrZnNi_189: ok
[3929/6059] PuAs_225: ok
[3930/6059] PtS2_164: ok
[3931/6059] Pt_225: ok
[3932/6059] PtN2_58: ok
[3933/6059] PtS_131: ok
[3934/6059] PuBi_225: ok
[3935/6059] PuSi2_191: ok
[3936/6059] PtO2_58: ok
[3937/6059] PtF4_43: ok
[3938/6059] PuN_225: ok
[3939/6059] Pt3Rh_139: ok
[3940/6059] PuGe3_221: ok
[3941/6059] PtPbF6_166: ok
[3942/6059] PuO2_225: ok
[3943/6059] PuGa2_191: ok
[3944/6059] PtPb4_125: ok
[3945/6059] PrZnPd_189: ok
[3946/6059] Rb(CoS)2_139: ok
[3947/6059] PrRhO3_62: ok
[3948/6059] PuF3_194: ok
[3949/6059] Pt3O4_223: ok
[3950/6059] Rb2GeF6_164: ok
[3951/6059] Rb2MgF4_139: ok
[3952/6059] Rb2HgO2_139: ok
[3953/6059] PtF6_62: ok
[3954/6059] Rb2CuF4_139: ok
[3955/6059] Rb(ThSe3)2_71: ok
[3956/6059] Rb2Hf2O5_123: ok
[3957/6059] Rb2HgF4_139: ok
[3958/6059] Rb2HfF6_164: ok
[3959/6059] Rb2CdO2_60: ok
[3960/6059] Rb2MnCl4_139: ok
[3961/6059] Rb2As3_69: ok
[3962/6059] Rb2NaHoF6_87: ok
[3963/6059] Rb2NaInF6_225: ok
[3964/6059] Rb2BrCl6F_225: ok
[3965/6059] PrScGe_139: ok
[3966/6059] Rb2InGaF6_225: ok
[3967/6059] Rb2NaBiF6_225: ok
[3968/6059] Rb2LiInCl6_225: ok
[3969/6059] Rb2NaErF6_225: ok
[3970/6059] Rb2NbF6_164: ok
[3971/6059] Rb2O_166: ok
[3972/6059] Rb2MnCl6_225: ok
[3973/6059] Rb2Pd3S4_69: ok
[3974/6059] Rb(FeAs)2_139: ok
[3975/6059] Rb2NaAsF6_225: ok
[3976/6059] Rb2PdCl4_123: ok
[3977/6059] Rb2NaSbF6_225: ok
[3978/6059] Rb2NaRhF6_225: ok
[3979/6059] Rb2PtC2_164: ok
[3980/6059] Rb2Cu(BrCl)2_64: ok
[3981/6059] Rb2NaSbCl6_225: ok
[3982/6059] Rb2PdCl6_225: ok
[3983/6059] Rb2PdF6_225: ok
[3984/6059] Rb2NaTlF6_225: ok
[3985/6059] Rb2Se_225: ok
[3986/6059] Rb2CN2_12: ok
[3987/6059] Rb2PtSe2_71: ok
[3988/6059] Rb2P3_69: ok
[3989/6059] Rb2SnO3_36: ok
[3990/6059] Rb2PdBr6_225: ok
[3991/6059] Rb2CO3_14: ok
[3992/6059] Rb2Te_225: ok
[3993/6059] Rb2Pt3S4_69: ok
[3994/6059] Rb2ZnF4_139: ok
[3995/6059] Rb3AuO_221: ok
[3996/6059] Rb3Au7_65: ok
[3997/6059] Rb3As_194: ok
[3998/6059] Rb2ZrCl6_225: ok
[3999/6059] Rb2WCl6_225: ok
[4000/6059] Rb2ZrF6_164: ok
[4001/6059] Rb2PtI6_225: ok
[4002/6059] RbAu5_191: ok
[4003/6059] Rb2SiAs2_72: ok
[4004/6059] Rb2TeCl6_225: ok
[4005/6059] RbAuS_63: ok
[4006/6059] RbAu3Se2_164: ok
[4007/6059] Rb2SnBr6_225: ok
[4008/6059] Rb2SiF6_225: ok
[4009/6059] RbAuO2_63: ok
[4010/6059] RbAsF6_148: ok
[4011/6059] Rb2TiCl6_225: ok
[4012/6059] RbAcTe2_225: ok
[4013/6059] RbAuSe_63: ok
[4014/6059] Rb2WBr6_225: ok
[4015/6059] RbBH4_216: ok
[4016/6059] RbCaAs_129: ok
[4017/6059] Rb3BAs2_15: ok
[4018/6059] RbCaF3_221: ok
[4019/6059] RbCdF3_221: ok
[4020/6059] RbAlO2_227: ok
[4021/6059] Rb3NbO8_121: ok
[4022/6059] RbBrO3_160: ok
[4023/6059] RbF_225: ok
[4024/6059] RbBr_225: ok
[4025/6059] RbBiF6_148: ok
[4026/6059] RbAgO_139: ok
[4027/6059] RbCl_225: ok
[4028/6059] Rb3Sb2Au3_166: ok
[4029/6059] RbH_225: ok
[4030/6059] Rb7Au5O2_71: ok
[4031/6059] RbHF2_140: ok
[4032/6059] RbCoN_62: ok
[4033/6059] RbGeI3_221: ok
[4034/6059] Rb2SO4_62: ok
[4035/6059] RbH3O2_36: ok
[4036/6059] RbFeS2_15: ok
[4037/6059] RbHgF3_221: ok
[4038/6059] RbCuO_139: ok
[4039/6059] RbHO_36: ok
[4040/6059] RbFeSe2_15: ok
[4041/6059] RbErSe2_166: ok
[4042/6059] RbCeSe2_166: ok
[4043/6059] RbMgF3_221: ok
[4044/6059] RbHg2_74: ok
[4045/6059] RbIn4_139: ok
[4046/6059] RbBF4_62: ok
[4047/6059] RbO2_139: ok
[4048/6059] RbGaO2_227: ok
[4049/6059] RbGe2N3_36: ok
[4050/6059] RbNaS_129: ok
[4051/6059] RbDyO2_166: ok
[4052/6059] Rb4CdCl6_167: ok
[4053/6059] RbGdO2_166: ok
[4054/6059] RbInTe2_140: ok
[4055/6059] RbI_225: ok
[4056/6059] RbN3_140: ok
[4057/6059] RbErO2_166: ok
[4058/6059] Rb3H(SeO4)2_9: ok
[4059/6059] RbUO3_221: ok
[4060/6059] RbScO2_194: ok
[4061/6059] Re3Ir_221: ok
[4062/6059] RbSb2_12: ok
[4063/6059] RbRuF6_166: ok
[4064/6059] Re3Ni_194: ok
[4065/6059] RbNiBr3_194: ok
[4066/6059] Re2C_194: ok
[4067/6059] RbPS3_71: ok
[4068/6059] Re3Os_194: ok
[4069/6059] RbYTe2_194: ok
[4070/6059] RbNdTe4_125: ok
[4071/6059] RbLuO2_166: ok
[4072/6059] RbNdO2_166: ok
[4073/6059] RbTiCl3_194: ok
[4074/6059] Rb4I2O_139: ok
[4075/6059] Re3Pt_194: ok
[4076/6059] RbTlO2_166: ok
[4077/6059] ReOs_187: ok
[4078/6059] ReB2_194: ok
[4079/6059] RbLuSe2_166: ok
[4080/6059] Re2P_62: ok
[4081/6059] Re3Pd_194: ok
[4082/6059] Re_194: ok
[4083/6059] ReIr3_194: ok
[4084/6059] Re3P4_12: ok
[4085/6059] RbVN2_122: ok
[4086/6059] RbSe_189: ok
[4087/6059] RbSmO2_166: ok
[4088/6059] RbTmO2_166: ok
[4089/6059] Re3Rh_194: ok
[4090/6059] Ru_194: ok
[4091/6059] Rh_225: ok
[4092/6059] RuO2_136: ok
[4093/6059] RbNbO3_2: ok
[4094/6059] RbPt2Se3_166: ok
[4095/6059] Re3Ru_44: ok
[4096/6059] ReSi_198: ok
[4097/6059] ReOs3_194: ok
[4098/6059] RhO2_136: ok
[4099/6059] RhF3_167: ok
[4100/6059] RuS2_205: ok
[4101/6059] Rh3Se8_148: ok
[4102/6059] RbPrSe2_166: ok
[4103/6059] Rh3W_194: ok
[4104/6059] Ru3W_194: ok
[4105/6059] SO2_41: ok
[4106/6059] ReBiO4_63: ok
[4107/6059] Sb2Ru_58: ok
[4108/6059] Sb2Os_58: ok
[4109/6059] RbTiS2_160: ok
[4110/6059] SbF3_40: ok
[4111/6059] Sb2Au_205: ok
[4112/6059] RuSe2_205: ok
[4113/6059] Sb2O3_56: ok
[4114/6059] SbIr_194: ok
[4115/6059] ReTeS_216: ok
[4116/6059] Sb2Pd_205: ok
[4117/6059] Sb2Ir_14: ok
[4118/6059] Sb2Pt_205: ok
[4119/6059] Sb2Rh_14: ok
[4120/6059] Sb2S3_62: ok
[4121/6059] SbPd_194: ok
[4122/6059] SbO2_15: ok
[4123/6059] SbPt_194: ok
[4124/6059] SCl_43: ok
[4125/6059] S(OF)2_92: ok
[4126/6059] SbI3_148: ok
[4127/6059] Sb2Pt3_72: ok
[4128/6059] SbRu_62: ok
[4129/6059] SbIrS_198: ok
[4130/6059] SF6_12: ok
[4131/6059] Sb_166: ok
[4132/6059] SbCl3_62: ok
[4133/6059] ReO3F_13: ok
[4134/6059] SbPbClO2_63: ok
[4135/6059] SbRh_62: ok
[4136/6059] SbPdSe_198: ok
[4137/6059] Sb2O5_15: ok
[4138/6059] Sc(CoSi)2_139: ok
[4139/6059] SbRh2_62: ok
[4140/6059] Sb3Ir_204: ok
[4141/6059] SbTePd_198: ok
[4142/6059] Sc(SiNi)2_139: ok
[4143/6059] SbPd2_36: ok
[4144/6059] Sc2AgHg_225: ok
[4145/6059] Sc(Al2Fe)4_139: ok
[4146/6059] Sc2AgOs_225: ok
[4147/6059] Sc2AgRu_225: ok
[4148/6059] Sc2AlZn_225: ok
[4149/6059] Sc2AlOs_225: ok
[4150/6059] Sc(SiCu)2_139: ok
[4151/6059] Sc2AlAg_225: ok
[4152/6059] SbO2_33: ok
[4153/6059] SbSBr_62: ok
[4154/6059] Sc2BC2_139: ok
[4155/6059] Sc2AlTc_225: ok
[4156/6059] Sc(VGa2)2_139: ok
[4157/6059] Sb7Pd20_148: ok
[4158/6059] Sc2Al_194: ok
[4159/6059] Sc2AlSi2_127: ok
[4160/6059] Sc2CoRu_225: ok
[4161/6059] Sc2CoOs_225: ok
[4162/6059] Sc(MnSn)6_191: ok
[4163/6059] Sc2CCl2_164: ok
[4164/6059] Sc2CuPt_225: ok
[4165/6059] SbPt7_225: ok
[4166/6059] Sc2CoIr_225: ok
[4167/6059] Sc(FeSi)2_57: ok
[4168/6059] Sb3Rh_204: ok
[4169/6059] Sc2Al3Ru_194: ok
[4170/6059] Sc(AlC)3_194: ok
[4171/6059] Sc2CuIr_225: ok
[4172/6059] Sc2CuOs_225: ok
[4173/6059] Sc2CuRu_225: ok
[4174/6059] Sc2NiPt_225: ok
[4175/6059] Sc2NiOs_225: ok
[4176/6059] Sc2Co_140: ok
[4177/6059] Sb2Te3_166: ok
[4178/6059] Sc2GaCu_225: ok
[4179/6059] Sc2RuAu_225: ok
[4180/6059] Sc2NCl2_164: ok
[4181/6059] Sc2CdS4_227: ok
[4182/6059] Sc2ZnOs_225: ok
[4183/6059] Sc2RuRh_225: ok
[4184/6059] Sc2ZnIr_225: ok
[4185/6059] Sc2Sb_129: ok
[4186/6059] Sc3AlC_221: ok
[4187/6059] Sc2ZnGa_225: ok
[4188/6059] Sc2Co3Si_194: ok
[4189/6059] Sc2Ni2Sn_127: ok
[4190/6059] Sc3BPb_221: ok
[4191/6059] Sc(MnAl2)4_139: ok
[4192/6059] Sc3InN_221: ok
[4193/6059] Sc3PbC_221: ok
[4194/6059] Sc2Pt_62: ok
[4195/6059] Sc3Al_194: ok
[4196/6059] Sc2Si2O7_12: ok
[4197/6059] Sc2Ti2O7_12: ok
[4198/6059] Sc3SnC_221: ok
[4199/6059] Sc3SnB_221: ok
[4200/6059] Sc3TlC_221: ok
[4201/6059] ScAg_221: ok
[4202/6059] Sc2SO2_194: ok
[4203/6059] ScAg2_139: ok
[4204/6059] Sc3CoC4_71: ok
[4205/6059] ScAl3_221: ok
[4206/6059] Sc6FeSb2_189: ok
[4207/6059] ScAg4_87: ok
[4208/6059] Sc3RuC4_71: ok
[4209/6059] Sc6NiTe2_189: ok
[4210/6059] ScAlAg2_225: ok
[4211/6059] ScAgO2_194: ok
[4212/6059] ScAlCo2_225: ok
[4213/6059] Sc3FeC4_71: ok
[4214/6059] ScAl2Ni_63: ok
[4215/6059] ScAl_221: ok
[4216/6059] ScAlNi2_225: ok
[4217/6059] ScAlRh2_225: ok
[4218/6059] ScAs_225: ok
[4219/6059] ScAu_221: ok
[4220/6059] ScAu2_139: ok
[4221/6059] ScB2_191: ok
[4222/6059] Sc2S3_70: ok
[4223/6059] ScBIr3_221: ok
[4224/6059] Sc2ReB6_55: ok
[4225/6059] ScAlAu2_225: ok
[4226/6059] ScBi_225: ok
[4227/6059] ScBRh3_221: ok
[4228/6059] Sc5Ge3_193: ok
[4229/6059] ScAlCu2_225: ok
[4230/6059] ScBrO_59: ok
[4231/6059] Sc5Si3_193: ok
[4232/6059] ScCdAg2_225: ok
[4233/6059] ScCdHg2_225: ok
[4234/6059] ScBe5_191: ok
[4235/6059] ScCd_221: ok
[4236/6059] ScCdPd2_225: ok
[4237/6059] Sc5Sn3_193: ok
[4238/6059] ScCo3C_221: ok
[4239/6059] ScCo_221: ok
[4240/6059] Sc2CoSi2_12: ok
[4241/6059] ScAlPd2_225: ok
[4242/6059] ScCd3_194: ok
[4243/6059] Sc4C3_220: ok
[4244/6059] ScCdRh2_225: ok
[4245/6059] ScCu2_139: ok
[4246/6059] ScAsO4_141: ok
[4247/6059] ScBO3_167: ok
[4248/6059] ScCu_221: ok
[4249/6059] Sc2FeSi2_12: ok
[4250/6059] ScAl2_227: ok
[4251/6059] ScCrC2_194: ok
[4252/6059] Sc3RhC4_12: ok
[4253/6059] ScGa3_221: ok
[4254/6059] ScCuS2_156: ok
[4255/6059] ScCuO2_194: ok
[4256/6059] ScCoC2_129: ok
[4257/6059] ScCuSn_186: ok
[4258/6059] ScB12_225: ok
[4259/6059] ScGaIr2_225: ok
[4260/6059] ScCl3_148: ok
[4261/6059] ScGaCu2_225: ok
[4262/6059] ScGa5Co_123: ok
[4263/6059] ScGa2_74: ok
[4264/6059] ScGa5Ni_123: ok
[4265/6059] ScCo2Sn_225: ok
[4266/6059] Sc2Si2Ru_12: ok
[4267/6059] ScGaPd2_225: ok
[4268/6059] ScGa2Ni_63: ok
[4269/6059] ScGaNi2_225: ok
[4270/6059] ScGa_63: ok
[4271/6059] ScGaRh2_225: ok
[4272/6059] ScGaRu2_225: ok
[4273/6059] ScFeGe_189: ok
[4274/6059] ScHg_221: ok
[4275/6059] ScGe_63: ok
[4276/6059] ScFeSi_62: ok
[4277/6059] ScH2_225: ok
[4278/6059] ScIr_221: ok
[4279/6059] ScGeAu_186: ok
[4280/6059] ScCoB4_55: ok
[4281/6059] ScIr3_221: ok
[4282/6059] ScInNi2_225: ok
[4283/6059] ScN_225: ok
[4284/6059] ScInAg2_225: ok
[4285/6059] ScMnRh2_225: ok
[4286/6059] ScInCu4_216: ok
[4287/6059] ScInIr2_225: ok
[4288/6059] ScInPt2_225: ok
[4289/6059] ScInPd2_225: ok
[4290/6059] ScInRh2_225: ok
[4291/6059] ScCo2_227: ok
[4292/6059] ScNi2Sn_225: ok
[4293/6059] ScHg3_194: ok
[4294/6059] ScNbRu2_225: ok
[4295/6059] ScGeRu_189: ok
[4296/6059] ScCd7_63: ok
[4297/6059] ScNbTc2_225: ok
[4298/6059] ScNiBi_216: ok
[4299/6059] ScNi_221: ok
[4300/6059] Sc6Si7Ni16_225: ok
[4301/6059] ScNbOs2_225: ok
[4302/6059] ScPd_221: ok
[4303/6059] ScPt_221: ok
[4304/6059] ScNi2_227: ok
[4305/6059] ScNiSb_216: ok
[4306/6059] ScPt3_221: ok
[4307/6059] ScMnSi_189: ok
[4308/6059] ScP_225: ok
[4309/6059] ScPd3_221: ok
[4310/6059] ScRu_221: ok
[4311/6059] ScRh_221: ok
[4312/6059] ScRh3_221: ok
[4313/6059] ScNi4Sn_216: ok
[4314/6059] ScNiGe_62: ok
[4315/6059] ScRh3C_221: ok
[4316/6059] ScMn2_194: ok
[4317/6059] ScS_225: ok
[4318/6059] ScFe2_227: ok
[4319/6059] ScNbO4_13: ok
[4320/6059] ScSe_225: ok
[4321/6059] ScSbPt_216: ok
[4322/6059] ScRu3C_221: ok
[4323/6059] ScPRu_189: ok
[4324/6059] ScPO4_141: ok
[4325/6059] ScSbRu2_225: ok
[4326/6059] ScNiP_62: ok
[4327/6059] ScOF_14: ok
[4328/6059] ScPPt_62: ok
[4329/6059] ScSiAu_187: ok
[4330/6059] ScSnAu_216: ok
[4331/6059] ScSi_63: ok
[4332/6059] ScSbPd_216: ok
[4333/6059] ScOs2_194: ok
[4334/6059] ScIr2_227: ok
[4335/6059] ScRe2_194: ok
[4336/6059] ScSiRh_62: ok
[4337/6059] ScSnAu_186: ok
[4338/6059] ScSb_225: ok
[4339/6059] Sc2O3_206: ok
[4340/6059] ScSiCu_189: ok
[4341/6059] ScTe_194: ok
[4342/6059] ScTaRu2_225: ok
[4343/6059] ScSiNi_62: ok
[4344/6059] ScRu2_194: ok
[4345/6059] ScTc2W_225: ok
[4346/6059] ScSiCu_62: ok
[4347/6059] ScSnRu2_225: ok
[4348/6059] ScSiPt_62: ok
[4349/6059] ScTiRu2_225: ok
[4350/6059] Sc_194: ok
[4351/6059] ScZn_221: ok
[4352/6059] ScSnPd2_225: ok
[4353/6059] ScZnCu2_225: ok
[4354/6059] ScTlRh2_225: ok
[4355/6059] ScSi2Rh_62: ok
[4356/6059] ScVRu2_225: ok
[4357/6059] ScSiPt2_63: ok
[4358/6059] ScZnRh2_225: ok
[4359/6059] ScTaO4_13: ok
[4360/6059] Si2Ni_225: ok
[4361/6059] ScZn3_194: ok
[4362/6059] ScTlS2_194: ok
[4363/6059] Si2Mo_139: ok
[4364/6059] ScSnPd_190: ok
[4365/6059] Si2W_139: ok
[4366/6059] Si2Ni6B_189: ok
[4367/6059] ScUS3_63: ok
[4368/6059] Si3As4_215: ok
[4369/6059] Si2Mo_180: ok
[4370/6059] Si3NiP4_121: ok
[4371/6059] ScZn2_194: ok
[4372/6059] ScSnPt_190: ok
[4373/6059] Si2W_180: ok
[4374/6059] ScTlTe2_166: ok
[4375/6059] SeOF2_29: ok
[4376/6059] Si2Os_64: ok
[4377/6059] Si3MoPt2_26: ok
[4378/6059] Si3Rh5_55: ok
[4379/6059] Si3P2Pt_1: ok
[4380/6059] Si3Pt2_194: ok
[4381/6059] Si3N4_176: ok
[4382/6059] ScTlSe2_166: ok
[4383/6059] Si4P4Ru_1: ok
[4384/6059] ScZn12_139: ok
[4385/6059] SiC_216: ok
[4386/6059] SiC_186: ok
[4387/6059] SiF4_217: ok
[4388/6059] SiMo3_223: ok
[4389/6059] SeO2_135: ok
[4390/6059] SiIr_62: ok
[4391/6059] SiNi3_221: ok
[4392/6059] SiOs_221: ok
[4393/6059] Si3Ru4_62: ok
[4394/6059] SiIr3_140: ok
[4395/6059] ScHCl_166: ok
[4396/6059] SiNi_62: ok
[4397/6059] Si3Ru2_116: ok
[4398/6059] SiOs_198: ok
[4399/6059] Si5Pt6_11: ok
[4400/6059] Si2Pd9_62: ok
[4401/6059] SiO2_152: ok
[4402/6059] SiPt2_139: ok
[4403/6059] SiNi2_62: ok
[4404/6059] Si4Rh3_62: ok
[4405/6059] SiRu_221: ok
[4406/6059] SiPt_62: ok
[4407/6059] Si5Rh4_11: ok
[4408/6059] SiPd_62: ok
[4409/6059] SiO2_122: ok
[4410/6059] Si3Mo5_140: ok
[4411/6059] SiRu_198: ok
[4412/6059] SiRh2_62: ok
[4413/6059] SiPd2_189: ok
[4414/6059] Si_194: ok
[4415/6059] SiRh_62: ok
[4416/6059] SiRh_14: ok
[4417/6059] SiRh_198: ok
[4418/6059] SiRu2_62: ok
[4419/6059] Si3W5_140: ok
[4420/6059] Si_227: ok
[4421/6059] SiTc2W_225: ok
[4422/6059] SiSnPt5_123: ok
[4423/6059] Sm(CoP)2_139: ok
[4424/6059] Sm(SiRu)2_139: ok
[4425/6059] Sm(PRu)2_139: ok
[4426/6059] Sm(BC)2_127: ok
[4427/6059] SiS2_72: ok
[4428/6059] SiCl4_14: ok
[4429/6059] SiPd3_62: ok
[4430/6059] Sm(SiIr)2_139: ok
[4431/6059] Sm2AgHg_225: ok
[4432/6059] Sm2IrRh_225: ok
[4433/6059] Sm(SiPd)2_139: ok
[4434/6059] Sm2InHg_225: ok
[4435/6059] Sm2AgRu_225: ok
[4436/6059] Sm3In_221: ok
[4437/6059] Sm3InN_221: ok
[4438/6059] Sm2In_194: ok
[4439/6059] Sm2TlCd_225: ok
[4440/6059] Sm2Ge2Ru_12: ok
[4441/6059] Sm2MgAl_225: ok
[4442/6059] Sm2TeO2_139: ok
[4443/6059] Sm2GeRh3_166: ok
[4444/6059] Sm2MgGe2_127: ok
[4445/6059] Sm2TlAg_225: ok
[4446/6059] Sm2TlHg_225: ok
[4447/6059] Sm2Ti2S2O5_139: ok
[4448/6059] Sm2ZnHg_225: ok
[4449/6059] Sm3TlC_221: ok
[4450/6059] SmB6_221: ok
[4451/6059] SmAl3Pd2_191: ok
[4452/6059] SmAgAu2_225: ok
[4453/6059] Si2Ru_64: ok
[4454/6059] SiPt3_12: ok
[4455/6059] Sm3Hg_194: ok
[4456/6059] SmCd_221: ok
[4457/6059] SmCd2_191: ok
[4458/6059] SmC2_139: ok
[4459/6059] SmAl3_194: ok
[4460/6059] SmAgHg2_225: ok
[4461/6059] SmBrO_129: ok
[4462/6059] SmCdAu2_225: ok
[4463/6059] SmBr3_63: ok
[4464/6059] SmBi2BrO4_123: ok
[4465/6059] SmAsS_62: ok
[4466/6059] SmBi2ClO4_123: ok
[4467/6059] SmCdAg2_225: ok
[4468/6059] SmBi2IO4_123: ok
[4469/6059] SiB3_74: ok
[4470/6059] SmClO_129: ok
[4471/6059] SmFeSi_129: ok
[4472/6059] SmDyMg2_225: ok
[4473/6059] SmCoSi_129: ok
[4474/6059] SmCd3_194: ok
[4475/6059] SmGeRu_129: ok
[4476/6059] SmIn_221: ok
[4477/6059] SmHoMg2_225: ok
[4478/6059] SmMg_221: ok
[4479/6059] SmInAg2_225: ok
[4480/6059] Sm2S3_62: ok
[4481/6059] SmHg3_194: ok
[4482/6059] SmMgAg2_225: ok
[4483/6059] SmHoTl2_225: ok
[4484/6059] SmCl3_194: ok
[4485/6059] SmMg3_225: ok
[4486/6059] SmN_225: ok
[4487/6059] SmCoGe_62: ok
[4488/6059] SmAlO3_62: ok
[4489/6059] SmGa3_194: ok
[4490/6059] SmNiAs_187: ok
[4491/6059] SmNi_63: ok
[4492/6059] SmPt3_221: ok
[4493/6059] SmCuSe2_14: ok
[4494/6059] SmRh_221: ok
[4495/6059] SmF3_62: ok
[4496/6059] SmInPd_189: ok
[4497/6059] SmMgHg2_225: ok
[4498/6059] SiBr4_205: ok
[4499/6059] SmHgPd_189: ok
[4500/6059] SmMgPt_189: ok
[4501/6059] SmS_225: ok
[4502/6059] SmMgGa_189: ok
[4503/6059] SmPbAu2_225: ok
[4504/6059] SmI3_194: ok
[4505/6059] SmSe_225: ok
[4506/6059] SmNiGe2_63: ok
[4507/6059] SmSF_129: ok
[4508/6059] SmPt2_227: ok
[4509/6059] SmPt_62: ok
[4510/6059] SmSbTe_129: ok
[4511/6059] SmRh2_227: ok
[4512/6059] SmNi2_227: ok
[4513/6059] Sm2Zr2O7_227: ok
[4514/6059] Sm_194: ok
[4515/6059] SmSi2Ni_63: ok
[4516/6059] SmTlTe2_166: ok
[4517/6059] SmYTl2_225: ok
[4518/6059] SmGa2Co_65: ok
[4519/6059] SmTmTl2_225: ok
[4520/6059] SmTmHg2_225: ok
[4521/6059] SmZnPO_166: ok
[4522/6059] SmSnPt_189: ok
[4523/6059] SmTaO4_13: ok
[4524/6059] SnAu_194: ok
[4525/6059] Sn3As4_215: ok
[4526/6059] SmScO3_62: ok
[4527/6059] Sn(HgSe2)2_82: ok
[4528/6059] Sn2Rh_140: ok
[4529/6059] Sn2Pt_225: ok
[4530/6059] Sn2Ir_225: ok
[4531/6059] Sn2Ru_140: ok
[4532/6059] SnIr_194: ok
[4533/6059] Sn3Pt2_194: ok
[4534/6059] SnF4_139: ok
[4535/6059] SnAu5_155: ok
[4536/6059] SnO_129: ok
[4537/6059] SnPd3_221: ok
[4538/6059] SnO2_136: ok
[4539/6059] SnPt3_221: ok
[4540/6059] Sn4Pd_68: ok
[4541/6059] SnPPd5_123: ok
[4542/6059] SnMo3_223: ok
[4543/6059] SnP3_166: ok
[4544/6059] SnHgF6_148: ok
[4545/6059] SnBr2_62: ok
[4546/6059] SnPt_194: ok
[4547/6059] SnPd2_62: ok
[4548/6059] SnPd_62: ok
[4549/6059] Sm2O3_206: ok
[4550/6059] SnS2_164: ok
[4551/6059] SnI2_12: ok
[4552/6059] Sn2S3_62: ok
[4553/6059] SnSe2_164: ok
[4554/6059] Sn3Ru2_116: ok
[4555/6059] SnS_62: ok
[4556/6059] Sn4Pt_68: ok
[4557/6059] Sr(AlSi)2_164: ok
[4558/6059] Sn4Au_68: ok
[4559/6059] SnRh_198: ok
[4560/6059] Sn3Pd_64: ok
[4561/6059] SnTe_225: ok
[4562/6059] Sn(PbO2)2_135: ok
[4563/6059] Sr(AsPd)2_139: ok
[4564/6059] Sr(AgGe)2_139: ok
[4565/6059] Sn7Ir5_107: ok
[4566/6059] SnRh2_62: ok
[4567/6059] Sr(CdAs)2_164: ok
[4568/6059] Sr(CdP)2_164: ok
[4569/6059] SnSb_225: ok
[4570/6059] SnSe_62: ok
[4571/6059] Sr(CdGa)2_139: ok
[4572/6059] Sr(CoGe)2_139: ok
[4573/6059] Sr(CoAs)2_139: ok
[4574/6059] Sn7Ru3_229: ok
[4575/6059] Sr(CuAs)2_139: ok
[4576/6059] Sn_227: ok
[4577/6059] Sr(CdSb)2_164: ok
[4578/6059] Sr(CuSi)2_139: ok
[4579/6059] Sr(CoP)2_139: ok
[4580/6059] Sr(CuGe)2_139: ok
[4581/6059] Sr(FeAs)2_139: ok
[4582/6059] Sr(AlTe2)2_97: ok
[4583/6059] Sr(FeP)2_139: ok
[4584/6059] Sr(NiGe)2_139: ok
[4585/6059] Sr(PRu)2_139: ok
[4586/6059] Sr(CuSb)2_129: ok
[4587/6059] Sr(POs)2_139: ok
[4588/6059] Sr(GeRh)2_139: ok
[4589/6059] Sr(MgAs)2_164: ok
[4590/6059] Sr(NiAs)2_139: ok
[4591/6059] Sr(GeRu)2_139: ok
[4592/6059] Sr(SiPd)2_139: ok
[4593/6059] Sr(MgSb)2_164: ok
[4594/6059] Sr(PPd)2_139: ok
[4595/6059] Sr(SiAu)2_139: ok
[4596/6059] Sr(SiAg)2_139: ok
[4597/6059] Sr(CuO)2_141: ok
[4598/6059] Sr(ZnP)2_164: ok
[4599/6059] Sr(ZnAs)2_164: ok
[4600/6059] Sr2CdPb_225: ok
[4601/6059] Sr2CdIn_225: ok
[4602/6059] Sr(ZnSb)2_164: ok
[4603/6059] Sr2C(NCl)2_12: ok
[4604/6059] Sr2CdSn_225: ok
[4605/6059] Sr(GePd)2_139: ok
[4606/6059] Sr2CuO3_71: ok
[4607/6059] Sr(GeIr)2_139: ok
[4608/6059] Sr2HgPb_225: ok
[4609/6059] Sr2Cu(IO)2_139: ok
[4610/6059] Sn7Ir3_229: ok
[4611/6059] Sr2In3Rh2_12: ok
[4612/6059] Sr2PdO3_71: ok
[4613/6059] Sr2H6Ru_225: ok
[4614/6059] Sr2SnHg_225: ok
[4615/6059] Sr2TiO4_139: ok
[4616/6059] Sr2HN_166: ok
[4617/6059] Sr2BrN_166: ok
[4618/6059] Sr2CuO4_139: ok
[4619/6059] Sr2N_166: ok
[4620/6059] Sr2ZnN2_139: ok
[4621/6059] Sr2TlCd_225: ok
[4622/6059] Sr2PbO4_55: ok
[4623/6059] Sr2NCl_166: ok
[4624/6059] Sr2TaGaO6_87: ok
[4625/6059] Sr3BiN_221: ok
[4626/6059] Sr3AsN_221: ok
[4627/6059] Sr2HoRuO6_14: ok
[4628/6059] Sr3(AlGe)2_71: ok
[4629/6059] Sr3(AlSi)2_71: ok
[4630/6059] Sr(Li2P)2_166: ok
[4631/6059] Sr3(AlSn)2_71: ok
[4632/6059] Sr2MgSi2O7_113: ok
[4633/6059] Sr3(AlGe2)2_12: ok
[4634/6059] Sr3(GeN)2_11: ok
[4635/6059] Sr3SbN_221: ok
[4636/6059] Sr(SnAs)2_166: ok
[4637/6059] Sr3PN_221: ok
[4638/6059] Sr2IrO4_142: ok
[4639/6059] Sr3SnO_221: ok
[4640/6059] Sr3GaN3_176: ok
[4641/6059] Sr2SnO4_138: ok
[4642/6059] Sr3MnN3_176: ok
[4643/6059] Sr3IrN3_176: ok
[4644/6059] Sr3ReN3_176: ok
[4645/6059] Sr3Ti2O7_139: ok
[4646/6059] Sr2NbN3_15: ok
[4647/6059] Sr4As2O_139: ok
[4648/6059] Sr3RuN3_176: ok
[4649/6059] Sr3CrN3_176: ok
[4650/6059] Sr2TbIrO6_14: ok
[4651/6059] Sr2Cu(ClO)2_139: ok
[4652/6059] Sr3(AlP2)2_15: ok
[4653/6059] Sr2TaN3_15: ok
[4654/6059] Sr4P2O_139: ok
[4655/6059] Sr3Al3N5_2: ok
[4656/6059] Sr4Sb2O_139: ok
[4657/6059] Sr3ZnIrO6_167: ok
[4658/6059] SrAcHg2_225: ok
[4659/6059] Sr2YOsO6_14: ok
[4660/6059] SrAcTl2_225: ok
[4661/6059] SrAcZn2_225: ok
[4662/6059] SrAl4_139: ok
[4663/6059] SrAg5_191: ok
[4664/6059] SrAg2_74: ok
[4665/6059] Sr4ZrN4_2: ok
[4666/6059] SrAlGe_187: ok
[4667/6059] SrAl2_74: ok
[4668/6059] SrAgP_194: ok
[4669/6059] SrAgBi_194: ok
[4670/6059] Sr2Cu(BrO)2_139: ok
[4671/6059] SrAgAs_194: ok
[4672/6059] SrAlSi_187: ok
[4673/6059] SrAlSiH_156: ok
[4674/6059] Sr6Sn2NF_225: ok
[4675/6059] SrCl2_225: ok
[4676/6059] Sr6Sn2NO_225: ok
[4677/6059] Sr3TaGa3(SiO7)2_150: ok
[4678/6059] SrB6_221: ok
[4679/6059] SrAsPt_194: ok
[4680/6059] SrBrF_129: ok
[4681/6059] SrClF_129: ok
[4682/6059] SrC2_15: ok
[4683/6059] Sr4TiN4_2: ok
[4684/6059] SrAl9Co2_191: ok
[4685/6059] SrAsPd_194: ok
[4686/6059] SrAu5_191: ok
[4687/6059] Sr4Cu2O7_14: ok
[4688/6059] Sr3(AlN2)2_52: ok
[4689/6059] SrCuO2_123: ok
[4690/6059] Sr6Cu3N5_105: ok
[4691/6059] SrAs3_12: ok
[4692/6059] SrGa2_191: ok
[4693/6059] SrGe2_164: ok
[4694/6059] Sr5(SiN3)2_15: ok
[4695/6059] SrCuSF_129: ok
[4696/6059] SrCuAs_194: ok
[4697/6059] SrCuP_194: ok
[4698/6059] SrGa4_139: ok
[4699/6059] SrCuSb_194: ok
[4700/6059] SrHg_221: ok
[4701/6059] SrAl2O4_4: ok
[4702/6059] Sr4CN4_62: ok
[4703/6059] SrHCl_129: ok
[4704/6059] SrCuSn2_63: ok
[4705/6059] SrCeN2_166: ok
[4706/6059] SrHClO_186: ok
[4707/6059] SrHI_129: ok
[4708/6059] SrIF_129: ok
[4709/6059] SrHfN2_129: ok
[4710/6059] SrHgPb_186: ok
[4711/6059] SrH2_62: ok
[4712/6059] SrGePt_198: ok
[4713/6059] SrGaCu2_166: ok
[4714/6059] SrCO3_62: ok
[4715/6059] SrF2_225: ok
[4716/6059] SrGe3Pd_107: ok
[4717/6059] SrLiN_131: ok
[4718/6059] SrLi2Sn_225: ok
[4719/6059] SrMg2N2_164: ok
[4720/6059] SrIn2Pt_63: ok
[4721/6059] SrHfO3_62: ok
[4722/6059] SrN2_139: ok
[4723/6059] SrLiP_194: ok
[4724/6059] SrIr2_227: ok
[4725/6059] SrMgTl2_225: ok
[4726/6059] SrIn2Pd_63: ok
[4727/6059] SrIn2Ir_63: ok
[4728/6059] SrI2_62: ok
[4729/6059] Sr5P3BrO12_176: ok
[4730/6059] SrN_12: ok
[4731/6059] SrInPt_62: ok
[4732/6059] SrNi2Ge_194: ok
[4733/6059] SrIn4Pt_63: ok
[4734/6059] SrLi4N2_141: ok
[4735/6059] SrCuN_62: ok
[4736/6059] SrNiGe2_63: ok
[4737/6059] SrO2_139: ok
[4738/6059] SrNiSn3_107: ok
[4739/6059] SrMgGe_62: ok
[4740/6059] SrNiSn2_63: ok
[4741/6059] SrNi3Ge2_194: ok
[4742/6059] SrMgSi_62: ok
[4743/6059] SrS_225: ok
[4744/6059] SrO_225: ok
[4745/6059] SrPd2_227: ok
[4746/6059] SrPd5_191: ok
[4747/6059] SrRhF6_166: ok
[4748/6059] SrMg2_194: ok
[4749/6059] SrPt5_191: ok
[4750/6059] SrSe_225: ok
[4751/6059] SrPt2_227: ok
[4752/6059] Sn(BiTe2)2_166: ok
[4753/6059] SrEr2O4_62: ok
[4754/6059] SrMnN2_14: ok
[4755/6059] SrSbPt_187: ok
[4756/6059] SrPIr_198: ok
[4757/6059] SrSb2_11: ok
[4758/6059] SrSi_63: ok
[4759/6059] SrSbSe2F_129: ok
[4760/6059] SrMgH4_36: ok
[4761/6059] SrPdF4_140: ok
[4762/6059] SrSn3Pd_107: ok
[4763/6059] SrRuO3_62: ok
[4764/6059] SrTe_225: ok
[4765/6059] SrSn_63: ok
[4766/6059] SrP_189: ok
[4767/6059] SrIn4Pd_63: ok
[4768/6059] SrSnP_129: ok
[4769/6059] SrTl_221: ok
[4770/6059] SrPbO3_62: ok
[4771/6059] SrSnHg_186: ok
[4772/6059] SrSiPt_198: ok
[4773/6059] SrNb2O4_57: ok
[4774/6059] SrTiO3_221: ok
[4775/6059] SrTlHg2_225: ok
[4776/6059] SrTiN2_129: ok
[4777/6059] SrSi2_212: ok
[4778/6059] SrSiPd_198: ok
[4779/6059] Sr_229: ok
[4780/6059] SrSiN2_14: ok
[4781/6059] Sr_194: ok
[4782/6059] SrTl2_194: ok
[4783/6059] Sr_225: ok
[4784/6059] Ta2C_164: ok
[4785/6059] SrSnPt_62: ok
[4786/6059] SrSO4_62: ok
[4787/6059] SrZnSi_194: ok
[4788/6059] Ta2CS2_164: ok
[4789/6059] Ta2CrRu_225: ok
[4790/6059] SrZn2_74: ok
[4791/6059] SrTiO3_140: ok
[4792/6059] SrZnSn_194: ok
[4793/6059] Ta2FeMo_225: ok
[4794/6059] Ta2H_21: ok
[4795/6059] SrZn_62: ok
[4796/6059] SrSnO3_62: ok
[4797/6059] Ta2MoOs_225: ok
[4798/6059] Ta2Be_140: ok
[4799/6059] Ta2MoRu_225: ok
[4800/6059] Ta2Co_140: ok
[4801/6059] Ta2NbIr_225: ok
[4802/6059] SrZnO2_62: ok
[4803/6059] Ta2NbOs_225: ok
[4804/6059] Ta2NbRu_225: ok
[4805/6059] SrUO4_166: ok
[4806/6059] Ta2OsW_225: ok
[4807/6059] SrZrO3_62: ok
[4808/6059] SrSc2O4_62: ok
[4809/6059] Ta(ICl)2_71: ok
[4810/6059] SrTa2Bi2O9_36: ok
[4811/6059] Ta2Ni_140: ok
[4812/6059] Ta2ReMo_225: ok
[4813/6059] Ta2TcMo_225: ok
[4814/6059] Ta2Se_129: ok
[4815/6059] Ta2VRu_225: ok
[4816/6059] Ta2VOs_225: ok
[4817/6059] Ta2PdS6_12: ok
[4818/6059] Ta3Ru_225: ok
[4819/6059] Ta3B4_71: ok
[4820/6059] Ta2PdSe6_12: ok
[4821/6059] Ta3TiB4_25: ok
[4822/6059] Ta3Au_223: ok
[4823/6059] TaAlOs2_225: ok
[4824/6059] Ta3AlC2_194: ok
[4825/6059] Ta3Sb_223: ok
[4826/6059] TaAlFe2_225: ok
[4827/6059] TaAs_109: ok
[4828/6059] Ta3Sn_223: ok
[4829/6059] Ta2Si_140: ok
[4830/6059] TaAl3_139: ok
[4831/6059] TaB2_191: ok
[4832/6059] TaAlRu2_225: ok
[4833/6059] TaB_63: ok
[4834/6059] Ta5B6_65: ok
[4835/6059] Ta3O7F_65: ok
[4836/6059] Ta2O5_15: ok
[4837/6059] TaCo3_221: ok
[4838/6059] TaBeRu2_225: ok
[4839/6059] TaB2Mo_38: ok
[4840/6059] TaAs2_12: ok
[4841/6059] TaAgS3_63: ok
[4842/6059] SrZnCl4_88: ok
[4843/6059] Ta3N5_63: ok
[4844/6059] TaAlCo2_225: ok
[4845/6059] Ta2Cd2O7_227: ok
[4846/6059] TaFeRu2_225: ok
[4847/6059] TaC_225: ok
[4848/6059] TaCu3S4_215: ok
[4849/6059] TaGa3_139: ok
[4850/6059] TaCu3Se4_215: ok
[4851/6059] TaGaFe2_225: ok
[4852/6059] TaGaCo2_225: ok
[4853/6059] TaCr2_194: ok
[4854/6059] TaGaOs2_225: ok
[4855/6059] TaCu3Te4_215: ok
[4856/6059] TaH2_225: ok
[4857/6059] TaFe2_194: ok
[4858/6059] Ta5Sb4_87: ok
[4859/6059] TaIr3_221: ok
[4860/6059] TaPd2_71: ok
[4861/6059] TaCoSb_216: ok
[4862/6059] TaMn2Al_225: ok
[4863/6059] TaPd_129: ok
[4864/6059] TaFeP_62: ok
[4865/6059] TaNbTc2_225: ok
[4866/6059] TaRh3_221: ok
[4867/6059] TaRu_123: ok
[4868/6059] TaN_189: ok
[4869/6059] TaNiGe_62: ok
[4870/6059] TaPd3_139: ok
[4871/6059] TaCuS3_62: ok
[4872/6059] Ta5Si3_140: ok
[4873/6059] TaBe2_227: ok
[4874/6059] TaSbRu_216: ok
[4875/6059] TaTc_221: ok
[4876/6059] TaNi2Te3_11: ok
[4877/6059] TaPt3_59: ok
[4878/6059] TaCo2_227: ok
[4879/6059] TaNO_14: ok
[4880/6059] TaBe12_139: ok
[4881/6059] Ta2P_58: ok
[4882/6059] TaMn2_194: ok
[4883/6059] TaSi2_180: ok
[4884/6059] TaIr_51: ok
[4885/6059] TaSiRh_62: ok
[4886/6059] TaTiRe2_225: ok
[4887/6059] TaPt2_63: ok
[4888/6059] Ta3SiTe6_62: ok
[4889/6059] Ta4MnS8_194: ok
[4890/6059] Ta_229: ok
[4891/6059] TaTiOs2_225: ok
[4892/6059] TaZnRu2_225: ok
[4893/6059] TaTiMn2_225: ok
[4894/6059] TaTiRu2_225: ok
[4895/6059] TaTiTc2_225: ok
[4896/6059] TaTiB4_191: ok
[4897/6059] TaSi2_181: ok
[4898/6059] TaZnCo2_225: ok
[4899/6059] Tb(CoGe)2_139: ok
[4900/6059] TaW3_225: ok
[4901/6059] TaSiIr_62: ok
[4902/6059] Tb(FeB)2_139: ok
[4903/6059] Tb(MnGe)2_139: ok
[4904/6059] Tb(CoSi)2_139: ok
[4905/6059] TaS2_160: ok
[4906/6059] TaTe5Pt_63: ok
[4907/6059] Tb2Al3Si2_12: ok
[4908/6059] Tb(FeSi)2_139: ok
[4909/6059] TbAs_225: ok
[4910/6059] Tb(SiNi)2_139: ok
[4911/6059] TaCo3_166: ok
[4912/6059] TbC2_139: ok
[4913/6059] TbCd_221: ok
[4914/6059] Tb2ZnNi2_71: ok
[4915/6059] TbCoC2_38: ok
[4916/6059] Tb3AlC_221: ok
[4917/6059] Tb2TeO2_139: ok
[4918/6059] TbB2Ru3_191: ok
[4919/6059] Tb2B4C_71: ok
[4920/6059] Tb2Cr2C3_12: ok
[4921/6059] TaSb2_12: ok
[4922/6059] TbCu_221: ok
[4923/6059] TbMg_221: ok
[4924/6059] TbGe_63: ok
[4925/6059] TbCoSi2_63: ok
[4926/6059] TbGa2Co3_191: ok
[4927/6059] TbCu5_191: ok
[4928/6059] TbN_225: ok
[4929/6059] TaSe3_11: ok
[4930/6059] Tb2Ti2S2O5_139: ok
[4931/6059] TbMnSi_129: ok
[4932/6059] TbP_225: ok
[4933/6059] TaTe4Ir_31: ok
[4934/6059] TbInCu4_216: ok
[4935/6059] TbMgRh2_225: ok
[4936/6059] TbNiSb_216: ok
[4937/6059] TbNi5_191: ok
[4938/6059] TbCo2_227: ok
[4939/6059] Tb2Fe2Si2C_12: ok
[4940/6059] TbTl_221: ok
[4941/6059] TbNiGe2_63: ok
[4942/6059] TbFe2_227: ok
[4943/6059] TbNi2_227: ok
[4944/6059] TbZn_221: ok
[4945/6059] TbS_225: ok
[4946/6059] TbSF_129: ok
[4947/6059] Tb_194: ok
[4948/6059] TbInCu_189: ok
[4949/6059] TaV2_227: ok
[4950/6059] TbTmHg2_225: ok
[4951/6059] TbF3_62: ok
[4952/6059] Tc3N_187: ok
[4953/6059] TbTiGe_129: ok
[4954/6059] TcRu_187: ok
[4955/6059] Tc3Os_194: ok
[4956/6059] TbScGe_139: ok
[4957/6059] TaZn2_194: ok
[4958/6059] Tc3Ni_194: ok
[4959/6059] Tc_194: ok
[4960/6059] Tc3Pt_194: ok
[4961/6059] TbZn2_74: ok
[4962/6059] Tc3Ru_194: ok
[4963/6059] TbZnNi_189: ok
[4964/6059] TbNbO4_15: ok
[4965/6059] Te2Pt_164: ok
[4966/6059] Tc3Pd_194: ok
[4967/6059] TcB2_194: ok
[4968/6059] TbNi2B2C_139: ok
[4969/6059] TcPt3_139: ok
[4970/6059] TbGe2Pt_71: ok
[4971/6059] TcOs3_194: ok
[4972/6059] TcRu3_194: ok
[4973/6059] Te4Pt3_166: ok
[4974/6059] Te2Os_205: ok
[4975/6059] Te2O5_4: ok
[4976/6059] Ta_136: ok
[4977/6059] TbRhO3_62: ok
[4978/6059] TcO2_14: ok
[4979/6059] Tb2Sn2O7_227: ok
[4980/6059] Te3As2_12: ok
[4981/6059] Te_152: ok
[4982/6059] Th(FeSi)2_139: ok
[4983/6059] Te_154: ok
[4984/6059] Te2Pd3_63: ok
[4985/6059] Th(CuSi)2_139: ok
[4986/6059] Th(CoGe)2_139: ok
[4987/6059] Th(GeRh)2_139: ok
[4988/6059] TeO2_19: ok
[4989/6059] Th(SiRu)2_139: ok
[4990/6059] TeF4_19: ok
[4991/6059] Th(MnSi)2_139: ok
[4992/6059] TePdI2_2: ok
[4993/6059] Th(SiAu)2_139: ok
[4994/6059] TcS2_2: ok
[4995/6059] Th(SiOs)2_139: ok
[4996/6059] Th2Ga_140: ok
[4997/6059] ThAg2_191: ok
[4998/6059] Th(FeGe)2_139: ok
[4999/6059] Te2W_31: ok
[5000/6059] Te2Pd3Pb2_59: ok
[5001/6059] Th2BiTe_225: ok
[5002/6059] Te4Mo3_148: ok
[5003/6059] Th2TeN2_139: ok
[5004/6059] Th2MnN3_71: ok
[5005/6059] Th3Ge2_127: ok
[5006/6059] TePdI_131: ok
[5007/6059] ThAs_225: ok
[5008/6059] ThB6_221: ok
[5009/6059] ThC_225: ok
[5010/6059] ThB2Ru3_191: ok
[5011/6059] ThCd2_191: ok
[5012/6059] ThB2Ir3_191: ok
[5013/6059] ThAl3Ni2_191: ok
[5014/6059] ThCdAg2_225: ok
[5015/6059] Th2Ge_140: ok
[5016/6059] ThCoC2_38: ok
[5017/6059] ThCo_63: ok
[5018/6059] ThBrN_129: ok
[5019/6059] ThCu2_191: ok
[5020/6059] ThBi2_129: ok
[5021/6059] ThBiTe_129: ok
[5022/6059] Th(MnGe)2_139: ok
[5023/6059] ThAl3_194: ok
[5024/6059] TeO2_61: ok
[5025/6059] ThGe_225: ok
[5026/6059] ThN_225: ok
[5027/6059] ThIn3_221: ok
[5028/6059] ThB2C_166: ok
[5029/6059] ThIN_129: ok
[5030/6059] ThHg2_194: ok
[5031/6059] ThGe2_65: ok
[5032/6059] ThO2_225: ok
[5033/6059] ThRh3_221: ok
[5034/6059] ThFe5_191: ok
[5035/6059] ThPb3_221: ok
[5036/6059] ThNiSn_216: ok
[5037/6059] ThIr2_227: ok
[5038/6059] ThNi5_191: ok
[5039/6059] ThRu3C_221: ok
[5040/6059] ThS_225: ok
[5041/6059] TeO3_167: ok
[5042/6059] ThCl4_88: ok
[5043/6059] ThSbRh_216: ok
[5044/6059] ThSb_225: ok
[5045/6059] ThSe_225: ok
[5046/6059] ThSi2_191: ok
[5047/6059] Th3P4_220: ok
[5048/6059] ThSO_129: ok
[5049/6059] ThSiAu_187: ok
[5050/6059] ThSb2_129: ok
[5051/6059] ThSnPt_216: ok
[5052/6059] ThTl3_221: ok
[5053/6059] ThTeO_129: ok
[5054/6059] ThSi2Ni_63: ok
[5055/6059] ThPt3_194: ok
[5056/6059] Ti2AlMo_225: ok
[5057/6059] Ti2AlRe_225: ok
[5058/6059] Ti2AlTc_225: ok
[5059/6059] ThS2_62: ok
[5060/6059] Th2S5_60: ok
[5061/6059] ThBe13_226: ok
[5062/6059] Ti2AlC_194: ok
[5063/6059] Ti2CS_194: ok
[5064/6059] ThSe2_62: ok
[5065/6059] Ti2CoIr_225: ok
[5066/6059] ThCu6_62: ok
[5067/6059] ThBr4_88: ok
[5068/6059] Ti2AlN_194: ok
[5069/6059] Ti(CuS)4_121: ok
[5070/6059] Ti2CoTc_225: ok
[5071/6059] Ti2CrIr_225: ok
[5072/6059] Ti2Cd_139: ok
[5073/6059] ThSiO4_141: ok
[5074/6059] Ti2Cu3_129: ok
[5075/6059] Ti2CuSb3_115: ok
[5076/6059] Ti2CdC_194: ok
[5077/6059] Ti2FeIr_225: ok
[5078/6059] Ti2BRh6_225: ok
[5079/6059] Th4H15_220: ok
[5080/6059] Ti2MnRh_225: ok
[5081/6059] Ti2Cu_139: ok
[5082/6059] Ti2MnCo_225: ok
[5083/6059] Te(HO)6_14: ok
[5084/6059] Ti2IrW_225: ok
[5085/6059] Ti2Cu3_139: ok
[5086/6059] Ti2MnOs_225: ok
[5087/6059] Ti2MnIr_225: ok
[5088/6059] Ti2MnFe_225: ok
[5089/6059] Ti2MnNi_225: ok
[5090/6059] Ti2MnRu_225: ok
[5091/6059] Ti2N_136: ok
[5092/6059] Ti2GeC_194: ok
[5093/6059] Ti2Be17_166: ok
[5094/6059] Ti2Ga_194: ok
[5095/6059] Ti2NiMo_225: ok
[5096/6059] Ti2MoPt_225: ok
[5097/6059] Ti2MoIr_225: ok
[5098/6059] Ti2GaC_194: ok
[5099/6059] Ti2Ga3_83: ok
[5100/6059] Ti2Rh_139: ok
[5101/6059] Ti2O_164: ok
[5102/6059] Ti2GaN_194: ok
[5103/6059] Ti2ReTc_225: ok
[5104/6059] Ti2OsRu_225: ok
[5105/6059] Ti2ReIr_225: ok
[5106/6059] Ti2RePd_225: ok
[5107/6059] Ti2ReNi_225: ok
[5108/6059] Ti2ReRh_225: ok
[5109/6059] Ti2Pd_139: ok
[5110/6059] Ti2TcPd_225: ok
[5111/6059] Ti2TcIr_225: ok
[5112/6059] Ti2TcRu_225: ok
[5113/6059] Ti2TcPt_225: ok
[5114/6059] Ti2TcNi_225: ok
[5115/6059] Ti2Sn_194: ok
[5116/6059] Ti2SnC_194: ok
[5117/6059] Ti2TcOs_225: ok
[5118/6059] Ti2TcRh_225: ok
[5119/6059] Ti2Zn_139: ok
[5120/6059] Ti2O3_167: ok
[5121/6059] Ti3AlC_221: ok
[5122/6059] Ti2ReB2_127: ok
[5123/6059] Ti2VIr_225: ok
[5124/6059] Ti2ZnTc_225: ok
[5125/6059] Ti2SbP_194: ok
[5126/6059] Ti2ZnRe_225: ok
[5127/6059] Ti2CuS4_227: ok
[5128/6059] Ti3Hg_221: ok
[5129/6059] Ti3Au_223: ok
[5130/6059] Ti3B4_71: ok
[5131/6059] Ti3Ir_223: ok
[5132/6059] Ti3Al_194: ok
[5133/6059] Ti3Os_225: ok
[5134/6059] Ti3Pd5_123: ok
[5135/6059] Ti3Ga_194: ok
[5136/6059] Ti3Hg_223: ok
[5137/6059] Ti3Sn_221: ok
[5138/6059] Ti3In3Rh2_189: ok
[5139/6059] Ti3GeC2_194: ok
[5140/6059] Ti2Pd3_63: ok
[5141/6059] Ti3Pt_223: ok
[5142/6059] Ti2C_227: ok
[5143/6059] Ti3Sb_223: ok
[5144/6059] Ti3AlC2_194: ok
[5145/6059] Ti3NiS6_148: ok
[5146/6059] Ti3Cu4_139: ok
[5147/6059] Ti3SiC2_194: ok
[5148/6059] Ti2ZnN_63: ok
[5149/6059] Ti3PdO_140: ok
[5150/6059] Ti2S_58: ok
[5151/6059] Ti3Te4_12: ok
[5152/6059] Ti3Tl_139: ok
[5153/6059] TiAl3_139: ok
[5154/6059] Ti2Sn3_64: ok
[5155/6059] Ti3Rh5_55: ok
[5156/6059] TiAlAu_194: ok
[5157/6059] Ti5Se4_87: ok
[5158/6059] TiAl_123: ok
[5159/6059] Ti6Si2B_189: ok
[5160/6059] TiAlFeCo_216: ok
[5161/6059] Ti3SnC2_194: ok
[5162/6059] TiAlPt_194: ok
[5163/6059] TiAlNi2_225: ok
[5164/6059] TiAu_221: ok
[5165/6059] TiAlPd2_225: ok
[5166/6059] Ti5Sn3_193: ok
[5167/6059] TiAlRu2_225: ok
[5168/6059] Ti5Si3_193: ok
[5169/6059] TiB2_191: ok
[5170/6059] TiBe_221: ok
[5171/6059] TiAl2_65: ok
[5172/6059] Ti3ZnN_63: ok
[5173/6059] TiBeIr2_225: ok
[5174/6059] TiCdHg2_123: ok
[5175/6059] TiBe2Ir_225: ok
[5176/6059] TiBeRh2_225: ok
[5177/6059] TiBeCo2_225: ok
[5178/6059] TiC_225: ok
[5179/6059] TiAlCo2_225: ok
[5180/6059] TiB_62: ok
[5181/6059] TiAu4_87: ok
[5182/6059] TiAs_194: ok
[5183/6059] TiAsRh_62: ok
[5184/6059] TiCoSb_216: ok
[5185/6059] Ti3Pt5_72: ok
[5186/6059] TiCo2Ge_225: ok
[5187/6059] Ti6Sn5_194: ok
[5188/6059] TiCo3_221: ok
[5189/6059] TiBe12_191: ok
[5190/6059] TiCo_221: ok
[5191/6059] Ti8C5_166: ok
[5192/6059] TiAlCu2_225: ok
[5193/6059] TiCu_221: ok
[5194/6059] TiCu_129: ok
[5195/6059] TiCoSi_189: ok
[5196/6059] TiCo2Si_225: ok
[5197/6059] TiAlFe2_225: ok
[5198/6059] TiCrP_189: ok
[5199/6059] TiCu3_59: ok
[5200/6059] TiCuSn_186: ok
[5201/6059] TiCoGe_189: ok
[5202/6059] TiFeTe_216: ok
[5203/6059] TiFe2Ge_225: ok
[5204/6059] TiFe2Si_225: ok
[5205/6059] TiCdO3_148: ok
[5206/6059] TiFe_221: ok
[5207/6059] TiCoSi_62: ok
[5208/6059] TiGaCo2_225: ok
[5209/6059] TiF3_221: ok
[5210/6059] TiCu4_62: ok
[5211/6059] TiFe2_194: ok
[5212/6059] TiGa3_139: ok
[5213/6059] Ti5Si4_92: ok
[5214/6059] Ti5Sb3_62: ok
[5215/6059] TiBe2_227: ok
[5216/6059] TiFeSb_216: ok
[5217/6059] TiGaFe2_225: ok
[5218/6059] TiGaFeCo_216: ok
[5219/6059] TiGaNi2_225: ok
[5220/6059] TiCo2Sn_225: ok
[5221/6059] TiCu2Te3_12: ok
[5222/6059] TiHg_123: ok
[5223/6059] TiGaPd2_225: ok
[5224/6059] TiFe2Sn_225: ok
[5225/6059] TiGa_123: ok
[5226/6059] TiGaRu2_225: ok
[5227/6059] TiGaPd_194: ok
[5228/6059] TiCo2_227: ok
[5229/6059] TiIr_123: ok
[5230/6059] TiGePt_216: ok
[5231/6059] TiIr3_221: ok
[5232/6059] TiH2_139: ok
[5233/6059] Ti6Al16Ni7_225: ok
[5234/6059] TiGaPt_194: ok
[5235/6059] TiMn2Al_225: ok
[5236/6059] TiGeRu2_225: ok
[5237/6059] TiGa2_141: ok
[5238/6059] TiGaNi_189: ok
[5239/6059] TiMn2W_225: ok
[5240/6059] TiCr2_227: ok
[5241/6059] TiInCu2_225: ok
[5242/6059] TiMnCo2_225: ok
[5243/6059] TiMnRh2_225: ok
[5244/6059] TiNbTc2_225: ok
[5245/6059] TiN_225: ok
[5246/6059] TiOs_221: ok
[5247/6059] TiInPd2_225: ok
[5248/6059] TiMn2V_225: ok
[5249/6059] TiPt3_221: ok
[5250/6059] TiNiSb_216: ok
[5251/6059] TiMn2_194: ok
[5252/6059] TiRu_221: ok
[5253/6059] TiRe_221: ok
[5254/6059] TiPd3_221: ok
[5255/6059] TiPbO3_99: ok
[5256/6059] TiGePd_62: ok
[5257/6059] TiRh_123: ok
[5258/6059] TiS_187: ok
[5259/6059] TiNbB4_191: ok
[5260/6059] TiRh3_221: ok
[5261/6059] TiNbRe2_225: ok
[5262/6059] TiP_194: ok
[5263/6059] TiO2_141: ok
[5264/6059] TiRe2W_225: ok
[5265/6059] TiCr2_194: ok
[5266/6059] TiSiTc2_225: ok
[5267/6059] TiSb_194: ok
[5268/6059] TiI4_15: ok
[5269/6059] TiSb2_140: ok
[5270/6059] TiNiGe_62: ok
[5271/6059] TiSiOs2_225: ok
[5272/6059] TiO2_12: ok
[5273/6059] TiSnPd_216: ok
[5274/6059] TiPRu_189: ok
[5275/6059] TiSiRu2_225: ok
[5276/6059] TiPt8_139: ok
[5277/6059] TiSnPt_216: ok
[5278/6059] TiSnRu2_225: ok
[5279/6059] TiTc_221: ok
[5280/6059] TiTc2W_225: ok
[5281/6059] TiSbRu_216: ok
[5282/6059] TiTe2_164: ok
[5283/6059] TiSi_62: ok
[5284/6059] TiTc2Mo_225: ok
[5285/6059] TiZnAu2_225: ok
[5286/6059] TiZnIr2_225: ok
[5287/6059] TiZnCu2_225: ok
[5288/6059] TiSiRh_62: ok
[5289/6059] TiSiCu_62: ok
[5290/6059] TiVRe2_225: ok
[5291/6059] TiPt3_164: ok
[5292/6059] TiTc2Sb_225: ok
[5293/6059] TiVTc2_225: ok
[5294/6059] TiZnCo2_225: ok
[5295/6059] TiZn_221: ok
[5296/6059] TiSiNi_62: ok
[5297/6059] TiNi3_194: ok
[5298/6059] TiSiRu_62: ok
[5299/6059] TiZnNi2_225: ok
[5300/6059] TiZnRh2_225: ok
[5301/6059] Ti_191: ok
[5302/6059] Ti_194: ok
[5303/6059] TiZnPd2_225: ok
[5304/6059] Tl(CuTe)2_139: ok
[5305/6059] Tl2PdCl4_123: ok
[5306/6059] Tl(CuS)2_139: ok
[5307/6059] TiFeSi_46: ok
[5308/6059] Ti2Ni_227: ok
[5309/6059] Tl(CuSe)2_139: ok
[5310/6059] Tl2CuF4_139: ok
[5311/6059] Tl3VSe4_217: ok
[5312/6059] Tl2TeCl6_225: ok
[5313/6059] TiZn2_194: ok
[5314/6059] TiSi2_70: ok
[5315/6059] TlAsPd5_123: ok
[5316/6059] TlI_225: ok
[5317/6059] TiZnN2_33: ok
[5318/6059] TlCdRh2_225: ok
[5319/6059] Tl2PdSe2_55: ok
[5320/6059] TiTlPS5_12: ok
[5321/6059] TlF_57: ok
[5322/6059] TlClO4_216: ok
[5323/6059] Tl2PtCl6_225: ok
[5324/6059] Tl2WCl6_225: ok
[5325/6059] Tl3BO3_176: ok
[5326/6059] Tl2Au4S3_59: ok
[5327/6059] Tl(MoSe)3_176: ok
[5328/6059] Tl_194: ok
[5329/6059] TlPd2Se3_164: ok
[5330/6059] TlInSe2_140: ok
[5331/6059] TiSiRu_46: ok
[5332/6059] TiTlPO5_33: ok
[5333/6059] Tm(CoGe)2_139: ok
[5334/6059] Tm(NiGe)2_139: ok
[5335/6059] Tm(CuSi)2_139: ok
[5336/6059] Tm(BC)2_127: ok
[5337/6059] Tm(SiRh)2_139: ok
[5338/6059] Tm(SiRu)2_139: ok
[5339/6059] TlPS3_71: ok
[5340/6059] TlPt2S3_164: ok
[5341/6059] Tm2AgHg_225: ok
[5342/6059] TlPt2Se3_164: ok
[5343/6059] Tm2AgRu_225: ok
[5344/6059] Tl2SO4_62: ok
[5345/6059] Tl3SbSe3_198: ok
[5346/6059] Tl2Pt2O7_227: ok
[5347/6059] Tm2SeO2_164: ok
[5348/6059] Tl5Se2I_140: ok
[5349/6059] TlAsS2_14: ok
[5350/6059] Tm2Cr2C3_12: ok
[5351/6059] TlTe3Pt2_164: ok
[5352/6059] TlPd3O4_225: ok
[5353/6059] Tm2SO2_164: ok
[5354/6059] TmAu2_139: ok
[5355/6059] Tm2MgAl_225: ok
[5356/6059] Tl2SnTe5_140: ok
[5357/6059] TlSbS2_2: ok
[5358/6059] Tm2TlAg_225: ok
[5359/6059] Tm(CuGe)2_139: ok
[5360/6059] Tm2TlCd_225: ok
[5361/6059] TmBi_225: ok
[5362/6059] Tm2MgGe2_127: ok
[5363/6059] TmAgSn_186: ok
[5364/6059] TmCu_221: ok
[5365/6059] TmB2Ru3_191: ok
[5366/6059] TmAgPb_189: ok
[5367/6059] TmAu_63: ok
[5368/6059] TmCoC2_38: ok
[5369/6059] TmBi2BrO4_123: ok
[5370/6059] TlSbTe2_166: ok
[5371/6059] Tm2Fe2Si2C_12: ok
[5372/6059] Tm2CdS4_227: ok
[5373/6059] TmCdRh2_225: ok
[5374/6059] TmCo3B2_191: ok
[5375/6059] TmBi2IO4_123: ok
[5376/6059] TmAlCu_189: ok
[5377/6059] TmCoC_131: ok
[5378/6059] Tm3(CuSn)4_12: ok
[5379/6059] TmMg_221: ok
[5380/6059] TmGa2Ni_63: ok
[5381/6059] TmCuPb_186: ok
[5382/6059] TmRh_221: ok
[5383/6059] TmPd_221: ok
[5384/6059] TmGa2_74: ok
[5385/6059] TmNiBi_216: ok
[5386/6059] TmGa5Co_123: ok
[5387/6059] TmPd3_221: ok
[5388/6059] TmNiC2_38: ok
[5389/6059] TmPt3_221: ok
[5390/6059] TmPb3_221: ok
[5391/6059] TmLuCo2_225: ok
[5392/6059] TmGa2Pd_63: ok
[5393/6059] TmSb_225: ok
[5394/6059] TmGaRh2_225: ok
[5395/6059] TmMgRh2_225: ok
[5396/6059] TmRh3C_221: ok
[5397/6059] TmNbRu2_225: ok
[5398/6059] TmZn_221: ok
[5399/6059] Tm_194: ok
[5400/6059] TmSbPt_216: ok
[5401/6059] TmI3_194: ok
[5402/6059] TmTaRu2_225: ok
[5403/6059] TmAlB4_55: ok
[5404/6059] Tm(CuTe)3_58: ok
[5405/6059] U(SiPd)2_139: ok
[5406/6059] TmSnRu2_225: ok
[5407/6059] TlNO3_62: ok
[5408/6059] U(SiNi)2_139: ok
[5409/6059] TmNiGe_62: ok
[5410/6059] U(SiRu)2_139: ok
[5411/6059] U(FeSi)2_139: ok
[5412/6059] TmZnRh2_225: ok
[5413/6059] U(SiRh)2_139: ok
[5414/6059] U2SN2_164: ok
[5415/6059] U2SeN2_164: ok
[5416/6059] U2Ti_191: ok
[5417/6059] TmSnRh_189: ok
[5418/6059] U2PN2_164: ok
[5419/6059] UB2_191: ok
[5420/6059] UAsS_129: ok
[5421/6059] UBrN_129: ok
[5422/6059] UFe3B2_191: ok
[5423/6059] TmNi2B2C_139: ok
[5424/6059] UAsSe_129: ok
[5425/6059] UAs2Pd_129: ok
[5426/6059] TiZn16_63: ok
[5427/6059] UGa5Co_123: ok
[5428/6059] UN_225: ok
[5429/6059] UN2_225: ok
[5430/6059] UO2_225: ok
[5431/6059] UBr3_176: ok
[5432/6059] UO3_221: ok
[5433/6059] UP_225: ok
[5434/6059] U(FeB3)2_71: ok
[5435/6059] UNi5_216: ok
[5436/6059] U2BiN2_139: ok
[5437/6059] U2Se3_62: ok
[5438/6059] U(ClO)2_62: ok
[5439/6059] UMn2_74: ok
[5440/6059] U_63: ok
[5441/6059] UNiAs2_129: ok
[5442/6059] USi3_221: ok
[5443/6059] USbRh_216: ok
[5444/6059] UTlO3_221: ok
[5445/6059] U3As4_220: ok
[5446/6059] USbTe_129: ok
[5447/6059] USeO_129: ok
[5448/6059] U2IrC2_139: ok
[5449/6059] USb2Ru_129: ok
[5450/6059] UMoC2_62: ok
[5451/6059] UB12_225: ok
[5452/6059] V2CrFe_225: ok
[5453/6059] U2F9_217: ok
[5454/6059] UF6_62: ok
[5455/6059] V2CrOs_225: ok
[5456/6059] UReB3_194: ok
[5457/6059] U2C3_220: ok
[5458/6059] V2GeC_194: ok
[5459/6059] V2MoOs_225: ok
[5460/6059] UReB4_65: ok
[5461/6059] V2AsC_194: ok
[5462/6059] V2B3_63: ok
[5463/6059] V3Au_221: ok
[5464/6059] V2ReOs_225: ok
[5465/6059] V2TcOs_225: ok
[5466/6059] V2ReRu_225: ok
[5467/6059] V3As_223: ok
[5468/6059] V2C_60: ok
[5469/6059] V2TcRu_225: ok
[5470/6059] V2PC_194: ok
[5471/6059] V2N_162: ok
[5472/6059] V(CrC)2_63: ok
[5473/6059] V3B4_71: ok
[5474/6059] V3Au_223: ok
[5475/6059] V2P_62: ok
[5476/6059] V2Ga5_127: ok
[5477/6059] V3Mo_225: ok
[5478/6059] V3Ga_223: ok
[5479/6059] V3Co_223: ok
[5480/6059] V3Ge_223: ok
[5481/6059] V3B2_127: ok
[5482/6059] V3Ir_223: ok
[5483/6059] V3Pd_223: ok
[5484/6059] V3Os_225: ok
[5485/6059] U3(SiC)2_139: ok
[5486/6059] V2H_141: ok
[5487/6059] V3Re_225: ok
[5488/6059] V3Ni_223: ok
[5489/6059] V3Sb_223: ok
[5490/6059] Tm2O3_206: ok
[5491/6059] V3Ru_225: ok
[5492/6059] V3Pt_223: ok
[5493/6059] V3Rh_223: ok
[5494/6059] V3Se4_12: ok
[5495/6059] VB_63: ok
[5496/6059] VB2_191: ok
[5497/6059] V3Sn_223: ok
[5498/6059] V3Si_223: ok
[5499/6059] VAuS2_194: ok
[5500/6059] VFe_221: ok
[5501/6059] VC_225: ok
[5502/6059] VFe3_225: ok
[5503/6059] VCuRh2_225: ok
[5504/6059] VCoB3_63: ok
[5505/6059] VAs_62: ok
[5506/6059] UGeTe_139: ok
[5507/6059] VCu3S4_215: ok
[5508/6059] V5B6_65: ok
[5509/6059] VGaCo2_225: ok
[5510/6059] VCu3Se4_215: ok
[5511/6059] VGaFe2_225: ok
[5512/6059] VI2_164: ok
[5513/6059] VH2_225: ok
[5514/6059] VIr_123: ok
[5515/6059] VCoSb_216: ok
[5516/6059] VGeRu2_225: ok
[5517/6059] VN_187: ok
[5518/6059] VIr3_221: ok
[5519/6059] VOs_221: ok
[5520/6059] VNi2_71: ok
[5521/6059] VGaRu2_225: ok
[5522/6059] VCoSi_62: ok
[5523/6059] VGaTc2_225: ok
[5524/6059] VFeSb_216: ok
[5525/6059] VPt_123: ok
[5526/6059] VCo2Si_225: ok
[5527/6059] VNi3_139: ok
[5528/6059] V4Zn5_139: ok
[5529/6059] VPd2_71: ok
[5530/6059] VPd3_221: ok
[5531/6059] VP_194: ok
[5532/6059] UTeAs_139: ok
[5533/6059] VRh_123: ok
[5534/6059] V5Sb4_87: ok
[5535/6059] VPt3_221: ok
[5536/6059] VPt2_71: ok
[5537/6059] VRu_221: ok
[5538/6059] VRh3_221: ok
[5539/6059] VIr3_194: ok
[5540/6059] V5Si3_193: ok
[5541/6059] VIr_65: ok
[5542/6059] VPt3_139: ok
[5543/6059] VP2_12: ok
[5544/6059] VSe2_164: ok
[5545/6059] VCo2Sn_225: ok
[5546/6059] VTc_221: ok
[5547/6059] VPd3_139: ok
[5548/6059] V_229: ok
[5549/6059] VZn3_221: ok
[5550/6059] VTc2Ge_225: ok
[5551/6059] VSiRu2_225: ok
[5552/6059] VRh3_194: ok
[5553/6059] VI3_194: ok
[5554/6059] WC_187: ok
[5555/6059] VSiOs2_225: ok
[5556/6059] W_229: ok
[5557/6059] VSb2_140: ok
[5558/6059] WO3_221: ok
[5559/6059] VSiTc2_225: ok
[5560/6059] VZnRu2_225: ok
[5561/6059] VSnRh2_139: ok
[5562/6059] W2C_58: ok
[5563/6059] W2C_162: ok
[5564/6059] Y(CoB)2_139: ok
[5565/6059] W2C_60: ok
[5566/6059] WS2_194: ok
[5567/6059] VSi2_181: ok
[5568/6059] VSi2_180: ok
[5569/6059] Y(AlGe)2_164: ok
[5570/6059] Y(AlSi)2_164: ok
[5571/6059] V3O5_13: ok
[5572/6059] Y(CoGe)2_139: ok
[5573/6059] VSbRu_216: ok
[5574/6059] V5Si3_140: ok
[5575/6059] Y(FeB)2_139: ok
[5576/6059] VZn2N3_36: ok
[5577/6059] Y(NiGe)2_139: ok
[5578/6059] Y(GeRh)2_139: ok
[5579/6059] Y(CoSi)2_139: ok
[5580/6059] Y(MnSi)2_139: ok
[5581/6059] W2NCl8_2: ok
[5582/6059] Y(NiP)2_139: ok
[5583/6059] Y(FeSi)2_139: ok
[5584/6059] Y(SiNi)2_139: ok
[5585/6059] Y(BIr)2_70: ok
[5586/6059] Y(SiIr)2_129: ok
[5587/6059] Y(MnSn)6_191: ok
[5588/6059] Y2AgRu_225: ok
[5589/6059] Y(SiOs)2_139: ok
[5590/6059] Y(SiAu)2_139: ok
[5591/6059] Y(SiIr)2_139: ok
[5592/6059] Y(SiCu)2_139: ok
[5593/6059] Y(SiPd)2_139: ok
[5594/6059] V6C5_151: ok
[5595/6059] Y(SiRh)2_139: ok
[5596/6059] Y(SiRu)2_139: ok
[5597/6059] Y(Al2Cr)4_139: ok
[5598/6059] Y2AlSi2_71: ok
[5599/6059] Y2Cr2C3_12: ok
[5600/6059] Y2Al3Si2_12: ok
[5601/6059] Y2CuRu_225: ok
[5602/6059] Y2IrPd_225: ok
[5603/6059] Y2IrRh_225: ok
[5604/6059] Y(PdO2)2_88: ok
[5605/6059] Y2MgAl_225: ok
[5606/6059] Y2PdRu_225: ok
[5607/6059] Y2Al_62: ok
[5608/6059] Y(Sn3Ru2)2_121: ok
[5609/6059] Y(Al2Cu)4_139: ok
[5610/6059] Y(Al2Fe)4_139: ok
[5611/6059] Y2C_166: ok
[5612/6059] Y2MgCu2_127: ok
[5613/6059] Y2Cl3_12: ok
[5614/6059] Y2MgNi2_127: ok
[5615/6059] Y2MgGe2_127: ok
[5616/6059] Y2Fe2Si2C_12: ok
[5617/6059] Y2ZnRu_225: ok
[5618/6059] Y3AlC_221: ok
[5619/6059] Y2Re2Si2C_12: ok
[5620/6059] Y3Al_221: ok
[5621/6059] Y2Pd2Pb_127: ok
[5622/6059] Y3InC_221: ok
[5623/6059] Y3PbC_221: ok
[5624/6059] Y3SnC_221: ok
[5625/6059] Y2CdS4_227: ok
[5626/6059] Y2Pb2O7_227: ok
[5627/6059] YAg_221: ok
[5628/6059] Y4Se3N2_12: ok
[5629/6059] Y2ReC2_62: ok
[5630/6059] Y2(Al3Co)3_63: ok
[5631/6059] Y2Si4Mo3_14: ok
[5632/6059] YAgSn_186: ok
[5633/6059] Y2Zn17_166: ok
[5634/6059] Y6FeSb2_189: ok
[5635/6059] YAl2Ni_63: ok
[5636/6059] Y3Al2_136: ok
[5637/6059] YAgPb_189: ok
[5638/6059] Y3Pt_62: ok
[5639/6059] YAgTe2_113: ok
[5640/6059] Y2C3_220: ok
[5641/6059] YAl3_221: ok
[5642/6059] YAl2_227: ok
[5643/6059] YAl_221: ok
[5644/6059] Y4C5_55: ok
[5645/6059] YAl2Co_63: ok
[5646/6059] YAu_221: ok
[5647/6059] YAs_225: ok
[5648/6059] YAlGe_63: ok
[5649/6059] YAl4Ni_63: ok
[5650/6059] YAl3_194: ok
[5651/6059] Y2Sn2O7_227: ok
[5652/6059] Y5Ge3_193: ok
[5653/6059] YB2_191: ok
[5654/6059] YAl_63: ok
[5655/6059] YB2Ru3_191: ok
[5656/6059] Y5Sn3_193: ok
[5657/6059] YAlPd_189: ok
[5658/6059] YCd2_191: ok
[5659/6059] YAlSi_63: ok
[5660/6059] YCdAg2_225: ok
[5661/6059] YC2_139: ok
[5662/6059] Y2S3_11: ok
[5663/6059] YCd_221: ok
[5664/6059] YBr3_12: ok
[5665/6059] YAsPt_194: ok
[5666/6059] YCBr_12: ok
[5667/6059] YCdAu2_225: ok
[5668/6059] YAl3Ni_62: ok
[5669/6059] YCdPd2_225: ok
[5670/6059] YCdHg2_225: ok
[5671/6059] YB4_127: ok
[5672/6059] YAl3Ni2_191: ok
[5673/6059] YCl3_12: ok
[5674/6059] Y3Si6N11_100: ok
[5675/6059] YBPt2_180: ok
[5676/6059] YCoC2_38: ok
[5677/6059] YCo5_191: ok
[5678/6059] YCo_166: ok
[5679/6059] YCoC_131: ok
[5680/6059] Y2Si2Rh_12: ok
[5681/6059] YCu_221: ok
[5682/6059] YCuPb_186: ok
[5683/6059] YCu5_191: ok
[5684/6059] YErTl2_225: ok
[5685/6059] YCuSn_186: ok
[5686/6059] YAl3_166: ok
[5687/6059] YCd3_225: ok
[5688/6059] YGa2_191: ok
[5689/6059] YGe_63: ok
[5690/6059] YCd3_63: ok
[5691/6059] YCuAs2_129: ok
[5692/6059] YHSe_187: ok
[5693/6059] YErHg2_225: ok
[5694/6059] YHg_221: ok
[5695/6059] YCuSb2_129: ok
[5696/6059] YHg2_191: ok
[5697/6059] YCu2_74: ok
[5698/6059] YGa5Co_123: ok
[5699/6059] YFe5_191: ok
[5700/6059] YH2_225: ok
[5701/6059] YIr_221: ok
[5702/6059] YInAu2_225: ok
[5703/6059] YGa2Ni_63: ok
[5704/6059] YIn3_221: ok
[5705/6059] YFe2_227: ok
[5706/6059] Y3Al7Cu2_166: ok
[5707/6059] YInPd2_225: ok
[5708/6059] YB2C_135: ok
[5709/6059] YInRh2_225: ok
[5710/6059] YInPt2_194: ok
[5711/6059] YMgAg2_225: ok
[5712/6059] YLuTl2_225: ok
[5713/6059] YMgAu2_225: ok
[5714/6059] YHg3_194: ok
[5715/6059] YInNi_189: ok
[5716/6059] YMg3_225: ok
[5717/6059] YCo2_227: ok
[5718/6059] YMgAl_189: ok
[5719/6059] YMgAg_189: ok
[5720/6059] YInPt_189: ok
[5721/6059] YMg_221: ok
[5722/6059] YMgHg2_225: ok
[5723/6059] Y2Si4CN6_14: ok
[5724/6059] YMgZn2_225: ok
[5725/6059] YMgCu_189: ok
[5726/6059] YMgGa_189: ok
[5727/6059] YNi5_191: ok
[5728/6059] YMnSi_129: ok
[5729/6059] YMgTl_189: ok
[5730/6059] YNiBi_216: ok
[5731/6059] YNiSb_216: ok
[5732/6059] YPPt_187: ok
[5733/6059] YMgPd_189: ok
[5734/6059] YMgIn_189: ok
[5735/6059] YPd3_221: ok
[5736/6059] YNi4B_191: ok
[5737/6059] YP_225: ok
[5738/6059] YMgZn_189: ok
[5739/6059] YMg2_194: ok
[5740/6059] YPt3_221: ok
[5741/6059] YRh_221: ok
[5742/6059] YRh3C_221: ok
[5743/6059] YNi_62: ok
[5744/6059] YSe_225: ok
[5745/6059] YRh5_191: ok
[5746/6059] YNbO4_15: ok
[5747/6059] Y2O3_206: ok
[5748/6059] YIr2_227: ok
[5749/6059] YNiSn_62: ok
[5750/6059] YSF_129: ok
[5751/6059] YPt_62: ok
[5752/6059] YMgCu4_216: ok
[5753/6059] YSi2Rh3_191: ok
[5754/6059] YPO4_141: ok
[5755/6059] YOs2_194: ok
[5756/6059] YSiAu_186: ok
[5757/6059] YSiCu_194: ok
[5758/6059] YSi2_141: ok
[5759/6059] YSb_225: ok
[5760/6059] YSbPt_216: ok
[5761/6059] YSn3_221: ok
[5762/6059] YRe2_194: ok
[5763/6059] YMn12_139: ok
[5764/6059] YTe_187: ok
[5765/6059] YSi_63: ok
[5766/6059] YCo3_166: ok
[5767/6059] YTaRu2_225: ok
[5768/6059] YRu2_194: ok
[5769/6059] YSiNi_62: ok
[5770/6059] YSiRh_62: ok
[5771/6059] YSnAu_186: ok
[5772/6059] YTl3_221: ok
[5773/6059] YTiSi_129: ok
[5774/6059] YZn_221: ok
[5775/6059] YSiRu_62: ok
[5776/6059] YOF_166: ok
[5777/6059] YSn2_63: ok
[5778/6059] YZn5_191: ok
[5779/6059] YPt2_227: ok
[5780/6059] Y_194: ok
[5781/6059] YSiPd2_62: ok
[5782/6059] YRh2_227: ok
[5783/6059] YSnPd2_225: ok
[5784/6059] YZnAsO_129: ok
[5785/6059] YTaO4_13: ok
[5786/6059] Yb2ZnGa_225: ok
[5787/6059] YSnPt_62: ok
[5788/6059] Yb2CuIr_225: ok
[5789/6059] YbIr_221: ok
[5790/6059] YZrSb_139: ok
[5791/6059] YTlPd_189: ok
[5792/6059] Yb2GaHg_225: ok
[5793/6059] Yb3InC_221: ok
[5794/6059] Yb2MgIn_225: ok
[5795/6059] Yb2TlCd_225: ok
[5796/6059] Yb2TlPb_225: ok
[5797/6059] YZnGe_194: ok
[5798/6059] Y(BH4)3_205: ok
[5799/6059] YbTl_221: ok
[5800/6059] YbCu_62: ok
[5801/6059] YbMgTl2_225: ok
[5802/6059] Yb3Ge5_189: ok
[5803/6059] YbSnAu2_225: ok
[5804/6059] YbSi_63: ok
[5805/6059] YbNbRu2_225: ok
[5806/6059] YZn3_62: ok
[5807/6059] Zn(BIr)2_139: ok
[5808/6059] YbNi2Sn_225: ok
[5809/6059] YbPrZn2_225: ok
[5810/6059] YbCu2_74: ok
[5811/6059] YZnSn_194: ok
[5812/6059] YbMgGe_62: ok
[5813/6059] Zn(InSe2)2_82: ok
[5814/6059] Zn(GaS2)2_82: ok
[5815/6059] Yb(MnSi)2_139: ok
[5816/6059] Zn2AgAu_225: ok
[5817/6059] Zn(GaTe2)2_82: ok
[5818/6059] Zn(GaSe2)2_82: ok
[5819/6059] Zn2NiRh_225: ok
[5820/6059] Zn2PdRh_225: ok
[5821/6059] YNi3_166: ok
[5822/6059] Yb3N2_167: ok
[5823/6059] Zn(InTe2)2_82: ok
[5824/6059] Zn2CuAu_59: ok
[5825/6059] Zn2PtRh_225: ok
[5826/6059] Zn3Cu_194: ok
[5827/6059] Zn(PtO2)3_65: ok
[5828/6059] YZn12_139: ok
[5829/6059] Zn(GaO2)2_227: ok
[5830/6059] Zn3Pd_139: ok
[5831/6059] Zn(ReO4)2_147: ok
[5832/6059] ZnAu_221: ok
[5833/6059] Zn3Ir_139: ok
[5834/6059] Zn3Pt_139: ok
[5835/6059] Zn(CrSe2)2_227: ok
[5836/6059] Zn3Rh_139: ok
[5837/6059] ZnAsPt5_123: ok
[5838/6059] Zn13Fe_12: ok
[5839/6059] ZnCdPt2_123: ok
[5840/6059] ZnCu_221: ok
[5841/6059] ZnCo3C_221: ok
[5842/6059] Zn6Mo_225: ok
[5843/6059] ZnF2_136: ok
[5844/6059] Zn(CuO2)2_141: ok
[5845/6059] ZnFe3C_221: ok
[5846/6059] ZnCuPd2_225: ok
[5847/6059] ZnCl2_122: ok
[5848/6059] ZnGaIr2_225: ok
[5849/6059] Zn3Ru_139: ok
[5850/6059] Zn(RhO2)2_227: ok
[5851/6059] ZnCO3_167: ok
[5852/6059] ZnCN2_122: ok
[5853/6059] ZnGaRh2_225: ok
[5854/6059] ZnNi_123: ok
[5855/6059] ZnNiSb_216: ok
[5856/6059] ZnCu2GeS4_121: ok
[5857/6059] ZnO_186: ok
[5858/6059] ZnPd_123: ok
[5859/6059] ZnGeP2_122: ok
[5860/6059] ZnPPt5_123: ok
[5861/6059] Zn13Rh_12: ok
[5862/6059] ZnO_225: ok
[5863/6059] ZnPt3_221: ok
[5864/6059] ZnPt_123: ok
[5865/6059] ZnGeAs2_122: ok
[5866/6059] ZnPPd5_123: ok
[5867/6059] ZnRh_221: ok
[5868/6059] ZnPd5Se_123: ok
[5869/6059] ZnO2_205: ok
[5870/6059] ZnPbF6_148: ok
[5871/6059] ZnSiRh2_225: ok
[5872/6059] Zn4B6O13_217: ok
[5873/6059] ZnGeN2_33: ok
[5874/6059] ZnPtF6_148: ok
[5875/6059] ZnPdF6_148: ok
[5876/6059] ZnS_216: ok
[5877/6059] ZnAs2_14: ok
[5878/6059] ZnSe_216: ok
[5879/6059] ZnRhF6_148: ok
[5880/6059] Zn_194: ok
[5881/6059] Zr2Ag_139: ok
[5882/6059] ZnSiAs2_122: ok
[5883/6059] ZnSiP2_122: ok
[5884/6059] Zr2Au_139: ok
[5885/6059] ZnAu3_64: ok
[5886/6059] Zr(SiNi)2_139: ok
[5887/6059] Zn8Cu5_217: ok
[5888/6059] Zr(CoSi)2_139: ok
[5889/6059] ZnSnF6_148: ok
[5890/6059] Zn7Mo_225: ok
[5891/6059] ZnSnP2_122: ok
[5892/6059] Zr2Cd_139: ok
[5893/6059] ZnSnAs2_122: ok
[5894/6059] ZnSnN2_33: ok
[5895/6059] Zr2Cu_139: ok
[5896/6059] Zr(TiGa2)2_139: ok
[5897/6059] Zn3P2_137: ok
[5898/6059] ZnTe_216: ok
[5899/6059] ZnSb_61: ok
[5900/6059] Zr(VGa2)2_139: ok
[5901/6059] Zr2CoTc_225: ok
[5902/6059] Zr2CS_194: ok
[5903/6059] Zr2CoP_11: ok
[5904/6059] Zr2CuOs_225: ok
[5905/6059] Zr2CoSi2_12: ok
[5906/6059] ZnP2_96: ok
[5907/6059] ZnSO4_62: ok
[5908/6059] Zr2Pd_139: ok
[5909/6059] Zr2N_136: ok
[5910/6059] Zr2Ga_140: ok
[5911/6059] Zr2Ga3_43: ok
[5912/6059] Zr2OsRu_225: ok
[5913/6059] Zr2InCo2_127: ok
[5914/6059] Zr2NiP_11: ok
[5915/6059] ZnSnSb2_122: ok
[5916/6059] Zr2InNi2_127: ok
[5917/6059] Zr2Sb_139: ok
[5918/6059] Zr2Ni_140: ok
[5919/6059] Zr2InC_194: ok
[5920/6059] Zr2Fe3Si_194: ok
[5921/6059] Zr3Al_221: ok
[5922/6059] Zr2TcPd_225: ok
[5923/6059] Zr2Si_140: ok
[5924/6059] Zr2SN2_194: ok
[5925/6059] Zr2NiAs2_194: ok
[5926/6059] Zr2SnC_194: ok
[5927/6059] Zr2Fe3Ge_194: ok
[5928/6059] Zn3N2_206: ok
[5929/6059] Zr3Tl_221: ok
[5930/6059] Zr3In_221: ok
[5931/6059] Zn(GaNi)3_230: ok
[5932/6059] Zr3Au_223: ok
[5933/6059] Zr2TlC_194: ok
[5934/6059] Zr3(Cu2Ge)2_189: ok
[5935/6059] Zr3(Cu2Si)2_189: ok
[5936/6059] Zr3Hg_223: ok
[5937/6059] Zr3Fe_63: ok
[5938/6059] Zr4Al3_191: ok
[5939/6059] Zr3(CuSi)4_71: ok
[5940/6059] Zr3Ga2_127: ok
[5941/6059] ZrAg_129: ok
[5942/6059] Zr6Al2Co_189: ok
[5943/6059] Zr4In5Co2_10: ok
[5944/6059] Zr5Te4_87: ok
[5945/6059] Zr6FeSb2_189: ok
[5946/6059] ZrB2_191: ok
[5947/6059] ZrAlCo2_225: ok
[5948/6059] ZrAlRu2_225: ok
[5949/6059] Zr2Fe12P7_174: ok
[5950/6059] Zr6CoAs2_189: ok
[5951/6059] ZrAl3_139: ok
[5952/6059] ZrC_225: ok
[5953/6059] ZrAl5Ni2_139: ok
[5954/6059] Zr6Ga2Co_189: ok
[5955/6059] ZrBe5_191: ok
[5956/6059] Zr6Sb2Pt_189: ok
[5957/6059] ZrCd3_221: ok
[5958/6059] ZrCd_129: ok
[5959/6059] ZrCo_221: ok
[5960/6059] ZrCo2Sn_225: ok
[5961/6059] Zr3As2_62: ok
[5962/6059] ZrAlNi_189: ok
[5963/6059] ZrCoBi_216: ok
[5964/6059] ZrAl2_194: ok
[5965/6059] ZrBeSi_194: ok
[5966/6059] ZrAsRu_189: ok
[5967/6059] Zr5Sn4_193: ok
[5968/6059] ZrCdAu2_225: ok
[5969/6059] ZrAs2_62: ok
[5970/6059] ZrCl_166: ok
[5971/6059] ZrCdPd2_225: ok
[5972/6059] ZrCdCu2_225: ok
[5973/6059] Zr3Te_82: ok
[5974/6059] ZrGeSb_129: ok
[5975/6059] ZrCoSn_189: ok
[5976/6059] ZrGeRu2_225: ok
[5977/6059] ZrGe2_63: ok
[5978/6059] ZrGeS_129: ok
[5979/6059] ZrGaAu_187: ok
[5980/6059] ZrIn3_139: ok
[5981/6059] ZrCuSiAs_129: ok
[5982/6059] ZrFe2_227: ok
[5983/6059] ZrBi_63: ok
[5984/6059] ZrIN_59: ok
[5985/6059] ZrGeTe_129: ok
[5986/6059] ZrCoP_62: ok
[5987/6059] ZrInAu_216: ok
[5988/6059] ZrGa_141: ok
[5989/6059] YCu2Bi2(SeO2)2_139: ok
[5990/6059] ZrInCu2_225: ok
[5991/6059] ZrN_225: ok
[5992/6059] ZrIr3_221: ok
[5993/6059] ZrCuSi_62: ok
[5994/6059] ZrInNi2_225: ok
[5995/6059] ZrFeP_62: ok
[5996/6059] Zr3P_86: ok
[5997/6059] ZrOs_221: ok
[5998/6059] ZrNbB4_191: ok
[5999/6059] ZrNiSn_216: ok
[6000/6059] ZrNbTc2_225: ok
[6001/6059] ZrIn2_141: ok
[6002/6059] ZrGeTe4_36: ok
[6003/6059] ZrNi2Sb_194: ok
[6004/6059] ZrIr_63: ok
[6005/6059] ZrMoP_189: ok
[6006/6059] ZrI2_31: ok
[6007/6059] ZrRu_221: ok
[6008/6059] ZrNiSb_62: ok
[6009/6059] ZrNi3_194: ok
[6010/6059] ZrMnSi_62: ok
[6011/6059] ZrMnP_62: ok
[6012/6059] ZrMnGe_62: ok
[6013/6059] ZrRh3_221: ok
[6014/6059] ZrPd_63: ok
[6015/6059] ZrS2_164: ok
[6016/6059] ZrNiH3_63: ok
[6017/6059] ZrNbP_62: ok
[6018/6059] ZrS_129: ok
[6019/6059] ZrO2_14: ok
[6020/6059] ZrSe2_164: ok
[6021/6059] Zr6Co23_225: ok
[6022/6059] ZrSbRu_216: ok
[6023/6059] ZrP_194: ok
[6024/6059] ZrPRu_62: ok
[6025/6059] ZrSO_198: ok
[6026/6059] ZrSi_63: ok
[6027/6059] ZrRh_62: ok
[6028/6059] ZrP2_62: ok
[6029/6059] ZrScOs2_225: ok
[6030/6059] ZrSi2_63: ok
[6031/6059] ZrOs2_194: ok
[6032/6059] ZrSnPd_216: ok
[6033/6059] ZrTe_187: ok
[6034/6059] ZrSiS_129: ok
[6035/6059] ZrSbPd_62: ok
[6036/6059] ZrZn_221: ok
[6037/6059] ZrSnPt_216: ok
[6038/6059] ZrTe2_164: ok
[6039/6059] ZrZnN2_156: ok
[6040/6059] ZrSnTe_129: ok
[6041/6059] ZrRe2_194: ok
[6042/6059] Zr_194: ok
[6043/6059] ZrTaB4_191: ok
[6044/6059] ZrSiRu_189: ok
[6045/6059] ZrVGe_139: ok
[6046/6059] ZrTc2W_225: ok
[6047/6059] ZrTiAs_139: ok
[6048/6059] ZrZnRh2_225: ok
[6049/6059] ZrSb_63: ok
[6050/6059] Zr3NiSb7_62: ok
[6051/6059] ZrW2_227: ok
[6052/6059] ZrSiO4_141: ok
[6053/6059] ZrZnNi4_216: ok
[6054/6059] ZrZn2_227: ok
[6055/6059] ZrVP_62: ok
[6056/6059] ZrCu2Te3_12: ok
[6057/6059] ZrTe5_63: ok
[6058/6059] ZrSb2_58: ok
[6059/6059] ZrP2O7_205: ok
done 6059 (failed 0), skipped 0 -> descriptors_6000_data_aug13.csv
