id,descriptor,full,x0.8,rel_change_x0.8
OsO2_136,zeta,0.0447644004334693,0.045113905381286346,0.0078076539489565205
OsO2_136,m1,0.7137410101436389,0.713763866660413,3.202354418381984e-05
OsO2_136,m2,0.6101090642405416,0.6101693279860693,9.87753650287359e-05
OsO2_136,sigma_r2,0.10068283467967953,0.10071047063604543,0.0002744852829563696
OsO2_136,f_core,0.6178126761604366,0.6189165111660482,0.0017866823524433004
OsO2_136,f_bond,0.3724772605682824,0.371454569308361,0.002745647501705417
OsO2_136,f_int,0.009710063271280982,0.009628919525590765,0.008356664979744459
OsO2_136,lnf,0.11814396862139917,0.11920332936979786,0.008966693439878283
OsO2_136,lnf_charge_weighted,0.42576262982352026,0.4278939474151695,0.005005882250710185
OsO2_136,lap_concentration,0.5,0.5000000000000001,2.220446049250313e-16
OsO2_136,lap_concentration_valence,0.06238229451237889,0.06056872624253677,0.029071842964709136
OsO2_136,ellip_bond_avg,8.232132322054929,5.822038448901526,0.29276665860878537
OsO2_136,ellip_bond_std,257.00672097135833,36.23736694877296,0.8590022595058463
OsO2_136,f_H_negative,0.6543294104269713,0.6525155492596117,0.0027720917605950105
OsO2_136,H_bond_mean,-0.01519026838186498,-0.015077645043448164,0.007414176997114322
OsO2_136,G_over_rho,0.9078883913250897,0.9075570344337012,0.00036497535881574423
OsO2_136,f_ELF_localized,0.10082437887315936,0.0984528210009075,0.02352167103588463
OsO2_136,ELF_bond_avg,0.27588827550947215,0.2752174059956748,0.002431670981880211
OsO2_136,ELF_core_valence_contrast,2.4419331896457743,2.4485772699911816,0.002720828060972093
OsO2_136,zeta_ELF,0.1839112930867448,0.19048541151112852,0.035746137793087676
OsO2_136,f_NCI,0.04072627314814815,0.04138243945178046,0.016111621636612967
OsO2_136,NCI_attractive,0.0,0.0,0.0
OsO2_136,sign_lambda2_rho_mean,0.014191976369051309,0.01415520880202759,0.0025907291604500816
OsO2_136,V_spread,28.84768883205706,28.84768863621085,6.788973970288457e-09
OsO2_136,V_int_min,-30.799613069020026,-30.794118337130907,0.00017840262722799145
OsO2_136,rho_mid_mean,0.6939441108713494,0.69395105181072,1.0002159052660267e-05
OsO2_136,rho_mid_std,0.04528473702592101,0.04528273648451267,4.417694657676206e-05
OsO2_136,m1_def,0.7038071382913635,0.6858176149635903,0.025560302459344934
OsO2_136,m2_def,0.6560810898666184,0.6395378418140975,0.025215249011191883
OsO2_136,sigma_r2_def,0.1607366019567399,0.1691920408197501,0.05260431513468145
OsO2_136,f_bond_def,0.25914970972103357,0.25627283288457786,0.011101215739552929
OsO2_136,f_int_def,0.0,0.0,0.0
OsO2_136,f_bond_dep,0.3570169076120702,0.3433735914563797,0.038214762003695286
OsO2_136,def_polarity,0.11858151746795347,0.1216330538532545,0.025733659430743152
OsO2_136,bond_charge_transfer_pair_mean,0.03304769577321107,0.025042157490735063,0.24224195046498243
OsO2_136,bond_charge_transfer_pair_std,0.04523071497339056,0.06338637378115855,0.401401101407507
OsO2_136,rho_perc_a,0.6633086802036783,0.6604928551319048,0.004245120191867279
OsO2_136,rho_perc_b,0.6633086802036783,0.6604928551319075,0.004245120191863261
OsO2_136,rho_perc_c,0.6633086802036783,0.6604928551319075,0.004245120191863261
OsO2_136,perc_anisotropy,0.0,4.0341621236284885e-15,4.0341621236284886e+285
OsO2_136,n_max,0.09323003367223993,0.09323003367223993,0.0
OsO2_136,n_min,0.24861342312597315,0.24861342312597315,0.0
OsO2_136,n_saddle1,1.3207588103567323,1.103222065121506,0.1647058823529411
OsO2_136,n_saddle2,0.870146980940906,0.7458402693779195,0.14285714285714285
OsO2_136,n_NNM,0.0,0.0,0.0
OsO2_136,Q_NNM,0.0,0.0,0.0
OsO2_136,rho_min,0.032428453023424154,0.0324950187011645,0.0020526935926380744
OsO2_136,rho_min_ratio,0.05217490291979223,0.052282002008712206,0.0020526935926381486
OsO2_136,rho_int_mean,0.06441890485912245,0.06439694753644376,0.0003408521570913188
OsO2_136,T_eigenvalues_t1,0.3295670472879974,0.32956703061699166,5.058456505201804e-08
OsO2_136,T_eigenvalues_t2,0.33521647633268375,0.3352164846914888,2.4935543528378007e-08
OsO2_136,T_eigenvalues_t3,0.33521647637931906,0.3352164846915195,2.479651512879854e-08
OsO2_136,charge_FA,0.00978478589281863,0.009784829201215336,4.426095489472657e-06
OsO2_136,shannon_entropy,-0.6560113736562849,-0.6560113736238842,4.939052896304941e-11
OsO2_136,fisher_information,3.035295605075734,3.035295263073705,1.1267503183122881e-07
OsO2_136,disequilibrium,3.269917099831103,3.2699170989161224,2.7981765526394126e-10
OsO2_136,LMC_complexity,1.6968155002192964,1.6968154997994755,2.4741690814382805e-10
OsO2_136,M_abs_per_atom,0.0,0.0,0.0
OsO2_136,M_net_per_atom,0.0,0.0,0.0
OsO2_136,m1_spin,0.0,0.0,0.0
OsO2_136,sigma_r2_spin,0.0,0.0,0.0
OsO2_136,f_bond_spin,0.0,0.0,0.0
OsO2_136,mu_site_std,0.0,0.0,0.0
OsO2_136,spin_frustration,0.0,0.0,0.0
OsO2_136,spin_charge_correlation,0.0,0.0,0.0
OsO2_136,m1_site_std,0.06068679107131666,0.05956525543719428,0.018480720669583537
OsO2_136,m1_site_range,0.12933629192368346,0.12711521491296474,0.017172883014376927
OsO2_136,m1_site_max,0.807744910064905,0.8061621863728063,0.001959435054776745
OsO2_136,m1_site_min,0.6784086181412216,0.6790469714598416,0.0009409569712853674
OsO2_136,m1_within_element_var,2.435519168227146e-07,3.9033105133907007e-07,0.602660559732726
OsO2_136,m1_between_element_var,0.003682643058616824,0.0035476293242468664,0.03666218317141703
OsO2_136,f_bond_site_std,0.09726225228270381,0.09624428937216367,0.010466166335335474
OsO2_136,f_bond_site_range,0.20684120455311955,0.2048410421107369,0.009670038649716864
OsO2_136,f_bond_site_max,0.5231404413104321,0.5207560441469213,0.004557852873194131
OsO2_136,f_bond_site_min,0.3162992367573126,0.31591500203618444,0.0012147823215360866
OsO2_136,f_bond_within_element_var,1.7941065704030693e-07,3.0778183784790683e-07,0.7155159170882456
OsO2_136,f_bond_between_element_var,0.009459766308447274,0.009262655454914923,0.020836757178275878
OsO2_136,zeta_site_std,0.03544733750799182,0.03487857353025172,0.016045322941726323
OsO2_136,zeta_site_range,0.07546785110309429,0.07434245956173746,0.014912198040718841
OsO2_136,zeta_site_max,0.10664082800372154,0.10606563938764368,0.005393699831904782
OsO2_136,zeta_site_min,0.03117297690062726,0.03172317982590622,0.017649996246200443
OsO2_136,zeta_within_element_var,5.0113861462304766e-08,8.468409590639232e-08,0.6898337792247561
OsO2_136,zeta_between_element_var,0.0012564636225440213,0.0012164302074092698,0.03186197707315551
OsO2_136,mu_site_range,0.0,0.0,0.0
OsO2_136,mu_site_max,0.0,0.0,0.0
OsO2_136,mu_site_min,0.0,0.0,0.0
OsO2_136,mu_within_element_var,0.0,0.0,0.0
OsO2_136,mu_between_element_var,0.0,0.0,0.0
Sr(FeAs)2_139,zeta,0.030223277252732883,0.030445642063826828,0.007357402350330415
Sr(FeAs)2_139,m1,0.8759986252856926,0.8760094140758564,1.2315989834217473e-05
Sr(FeAs)2_139,m2,0.9240828798053223,0.9241117891178218,3.12843286367636e-05
Sr(FeAs)2_139,sigma_r2,0.15670928830289899,0.15671929556829645,6.385878913646502e-05
Sr(FeAs)2_139,f_core,0.46488456692955266,0.466138898062044,0.0026981561052368225
Sr(FeAs)2_139,f_bond,0.4592701157900944,0.45809666617961214,0.0025550314948394864
Sr(FeAs)2_139,f_int,0.075845317280353,0.07576443575834374,0.0010664009975763094
Sr(FeAs)2_139,lnf,0.15693576388888889,0.15715751262626262,0.001412990461057291
Sr(FeAs)2_139,lnf_charge_weighted,0.4859080597970199,0.4862903894403261,0.0007868353603064592
Sr(FeAs)2_139,lap_concentration,0.49999999999999983,0.5000000000000001,5.551115123125785e-16
Sr(FeAs)2_139,lap_concentration_valence,0.12105598203606575,0.12084308038150883,0.001758704121647578
Sr(FeAs)2_139,ellip_bond_avg,11.42778725475275,16.591312724655047,0.45183948167698135
Sr(FeAs)2_139,ellip_bond_std,1132.2778656581843,1468.932018514498,0.29732467892112263
Sr(FeAs)2_139,f_H_negative,0.8209059090816055,0.8215739484396201,0.0008137831030621889
Sr(FeAs)2_139,H_bond_mean,-0.017042762948605857,-0.01699187714377208,0.002985772024596465
Sr(FeAs)2_139,G_over_rho,0.6821800517415192,0.6814633181049309,0.0010506517080916935
Sr(FeAs)2_139,f_ELF_localized,0.3455185541478191,0.34657594381035994,0.003060297775176638
Sr(FeAs)2_139,ELF_bond_avg,0.42690855429740077,0.4267372414445723,0.00040128699953177906
Sr(FeAs)2_139,ELF_core_valence_contrast,1.7896244085233635,1.7880922140430535,0.0008561542148244244
Sr(FeAs)2_139,zeta_ELF,0.07191998434533631,0.0930355821028862,0.2935984754412582
Sr(FeAs)2_139,f_NCI,0.3659809027777778,0.36587414321789324,0.0002917080073693447
Sr(FeAs)2_139,NCI_attractive,0.11542262596554477,0.11602397202236978,0.005209949538009261
Sr(FeAs)2_139,sign_lambda2_rho_mean,0.017424223323359734,0.017381983131469495,0.0024242223659753925
Sr(FeAs)2_139,V_spread,56.72535911096927,56.72536388749903,8.420448687274893e-08
Sr(FeAs)2_139,V_int_min,-38.268260395064125,-38.26789032004451,9.670547231489026e-06
Sr(FeAs)2_139,rho_mid_mean,0.24853082042492378,0.24850953609153792,8.564061933834309e-05
Sr(FeAs)2_139,rho_mid_std,0.20925429904408682,0.2092196354465219,0.00016565297689596906
Sr(FeAs)2_139,m1_def,0.6240961641519834,0.6121634072464226,0.019120061283784632
Sr(FeAs)2_139,m2_def,0.5849929077804279,0.5740508557037604,0.0187045892884133
Sr(FeAs)2_139,sigma_r2_def,0.19549688567120843,0.19930681853221094,0.019488458079123305
Sr(FeAs)2_139,f_bond_def,0.21004949529785918,0.20816657599165014,0.008964169628396301
Sr(FeAs)2_139,f_int_def,0.004082748004501523,0.004022754854176975,0.01469430644712864
Sr(FeAs)2_139,f_bond_dep,0.14244074274876029,0.13733762442417188,0.035826254666401026
Sr(FeAs)2_139,def_polarity,0.15225605720448726,0.1551740178561174,0.019164824738047523
Sr(FeAs)2_139,bond_charge_transfer_pair_mean,-0.005783984227075712,-0.009574973174772057,0.6554286455260626
Sr(FeAs)2_139,bond_charge_transfer_pair_std,0.04603648696338494,0.07056222721729404,0.5327456952442007
Sr(FeAs)2_139,rho_perc_a,0.5397506212793949,0.5401560890520396,0.0007512131652273421
Sr(FeAs)2_139,rho_perc_b,0.5397506212682663,0.5401560887265787,0.0007512125828769647
Sr(FeAs)2_139,rho_perc_c,0.12782092226597888,0.12782417655334014,2.545973932563435e-05
Sr(FeAs)2_139,perc_anisotropy,1.0235785716987993,1.023887521520779,0.0003018330302352418
Sr(FeAs)2_139,n_max,0.34498554928378455,0.3894998137074987,0.12903225806451615
Sr(FeAs)2_139,n_min,0.0667713966355712,0.0667713966355712,0.0
Sr(FeAs)2_139,n_saddle1,3.249541302931132,2.6485987332109913,0.18493150684931503
Sr(FeAs)2_139,n_saddle2,3.9951552320283437,3.3274412656726318,0.16713091922005568
Sr(FeAs)2_139,n_NNM,0.0,0.04451426442371414,4.451426442371413e+298
Sr(FeAs)2_139,Q_NNM,0.0,0.1281977325308841,1.281977325308841e+299
Sr(FeAs)2_139,rho_min,-0.3589349220062737,-0.357083171001636,0.005159015997349307
Sr(FeAs)2_139,rho_min_ratio,-0.895929842949794,-0.8913077265575132,0.0051590159973495175
Sr(FeAs)2_139,rho_int_mean,0.09630623214236746,0.09625405319568597,0.0005418023893235499
Sr(FeAs)2_139,T_eigenvalues_t1,0.32891763400223456,0.32891764487259884,3.304889477378991e-08
Sr(FeAs)2_139,T_eigenvalues_t2,0.33554111756308413,0.33554110962679684,2.3652204986520028e-08
Sr(FeAs)2_139,T_eigenvalues_t3,0.33554124843468147,0.3355412455006042,8.744311683344745e-09
Sr(FeAs)2_139,charge_FA,0.01147182011651161,0.011471791878323657,2.461526389542283e-06
Sr(FeAs)2_139,shannon_entropy,-0.6598538165117134,-0.6598485905892479,7.91981850322782e-06
Sr(FeAs)2_139,fisher_information,2.701843391352538,2.6015333737133455,0.03712651072236191
Sr(FeAs)2_139,disequilibrium,3.822267010391097,3.8222633506318133,9.574839417748302e-07
Sr(FeAs)2_139,LMC_complexity,1.9758326180982604,1.9758410518354175,4.268447175047136e-06
Sr(FeAs)2_139,M_abs_per_atom,0.0,0.0,0.0
Sr(FeAs)2_139,M_net_per_atom,0.0,0.0,0.0
Sr(FeAs)2_139,m1_spin,0.0,0.0,0.0
Sr(FeAs)2_139,sigma_r2_spin,0.0,0.0,0.0
Sr(FeAs)2_139,f_bond_spin,0.0,0.0,0.0
Sr(FeAs)2_139,mu_site_std,0.0,0.0,0.0
Sr(FeAs)2_139,spin_frustration,0.0,0.0,0.0
Sr(FeAs)2_139,spin_charge_correlation,0.0,0.0,0.0
Sr(FeAs)2_139,m1_site_std,0.1428700013813726,0.1424131099872205,0.003197951912469544
Sr(FeAs)2_139,m1_site_range,0.31591973202192714,0.3148671323755611,0.0033318578729770545
Sr(FeAs)2_139,m1_site_max,1.0771876486234024,1.0767987357409259,0.0003610446916779714
Sr(FeAs)2_139,m1_site_min,0.7612679166014753,0.7619316033653648,0.0008718175945892972
Sr(FeAs)2_139,m1_within_element_var,1.3359853713221292e-10,2.1615300069164247e-10,0.6179293975182625
Sr(FeAs)2_139,m1_between_element_var,0.020411837161114894,0.020281493680079178,0.006385681014741002
Sr(FeAs)2_139,f_bond_site_std,0.15304828046590457,0.153078747436903,0.0001990677118728859
Sr(FeAs)2_139,f_bond_site_range,0.3263467479422922,0.32642010257630266,0.00022477513403458823
Sr(FeAs)2_139,f_bond_site_max,0.6824749153518238,0.6815339429995988,0.0013787647444007947
Sr(FeAs)2_139,f_bond_site_min,0.3561281674095316,0.35511384042329613,0.0028482076933528844
Sr(FeAs)2_139,f_bond_within_element_var,5.109694048519835e-11,1.2735771792864668e-10,1.4924724791602617
Sr(FeAs)2_139,f_bond_between_element_var,0.023423776102473252,0.02343310278949341,0.00039817179686804367
Sr(FeAs)2_139,zeta_site_std,0.009616010032171503,0.009789286708434415,0.018019602276120168
Sr(FeAs)2_139,zeta_site_range,0.026322296857692162,0.026816387428336697,0.01877080002994291
Sr(FeAs)2_139,zeta_site_max,0.03865976110726066,0.039155012039461146,0.012810501617597255
Sr(FeAs)2_139,zeta_site_min,0.012337464249568497,0.012338624611124449,9.405186774847011e-05
Sr(FeAs)2_139,zeta_within_element_var,1.1455193125700591e-11,2.3086852403051033e-11,1.0154049041088566
Sr(FeAs)2_139,zeta_between_element_var,9.246763748362984e-05,9.583011117307832e-05,0.03636378933163247
Sr(FeAs)2_139,mu_site_range,0.0,0.0,0.0
Sr(FeAs)2_139,mu_site_max,0.0,0.0,0.0
Sr(FeAs)2_139,mu_site_min,0.0,0.0,0.0
Sr(FeAs)2_139,mu_within_element_var,0.0,0.0,0.0
Sr(FeAs)2_139,mu_between_element_var,0.0,0.0,0.0
PmCdPt2_225,zeta,0.009159997049736579,0.010010369874154046,0.09283549108150878
PmCdPt2_225,m1,0.8575844567340829,0.8574800932002766,0.00012169475902550539
PmCdPt2_225,m2,0.8862220716730915,0.8858774394316259,0.0003888779714265164
PmCdPt2_225,sigma_r2,0.15077097124119943,0.15060532919687075,0.0010986335298171122
PmCdPt2_225,f_core,0.499565223668776,0.5002466465030925,0.0013640317660868482
PmCdPt2_225,f_bond,0.424641537136893,0.42384068479943215,0.0018859491298485063
PmCdPt2_225,f_int,0.07579323919433081,0.07591266869747522,0.0015757276561065418
PmCdPt2_225,lnf,0.12454453875171467,0.12415433187092542,0.0031330709856908835
PmCdPt2_225,lnf_charge_weighted,0.5254713903051765,0.5237772556078734,0.00322402842202175
PmCdPt2_225,lap_concentration,0.49999999999999994,0.5000000000000001,3.33066907387547e-16
PmCdPt2_225,lap_concentration_valence,0.04118101333807394,0.039733280292774745,0.0351553526236493
PmCdPt2_225,ellip_bond_avg,1.7608449995891262,2.3605687249403733,0.3405885955272531
PmCdPt2_225,ellip_bond_std,31.701199003823472,51.538373339018804,0.6257547019847034
PmCdPt2_225,f_H_negative,0.9306081251577089,0.9293508287292818,0.0013510481957311712
PmCdPt2_225,H_bond_mean,-0.027188499847513002,-0.027110109051814338,0.0028832335781054466
PmCdPt2_225,G_over_rho,0.8551133826797549,0.8559113420523623,0.0009331620680602127
PmCdPt2_225,f_ELF_localized,0.1739663314228038,0.17572513812154697,0.010110040743852973
PmCdPt2_225,ELF_bond_avg,0.35532143267897937,0.35490986215792497,0.0011583048001110414
PmCdPt2_225,ELF_core_valence_contrast,1.9859511426531558,1.9896992386061065,0.001887305217359711
PmCdPt2_225,zeta_ELF,0.0753824946118613,0.09298578257405721,0.2335195731161974
PmCdPt2_225,f_NCI,0.42812821502057613,0.4252583131739719,0.006703370032424305
PmCdPt2_225,NCI_attractive,0.35747631384623085,0.3531630771455775,0.01206579718316306
PmCdPt2_225,sign_lambda2_rho_mean,0.003274212663094911,0.0035355705219548405,0.07982311650242174
PmCdPt2_225,V_spread,41.012502888693405,41.012506657179564,9.188627599246252e-08
PmCdPt2_225,V_int_min,-19.901929575765894,-19.895168940410503,0.0003396974815760353
PmCdPt2_225,rho_mid_mean,0.24119978145897364,0.24120464802147806,2.01764797421757e-05
PmCdPt2_225,rho_mid_std,0.016936979870479294,0.016938791548849304,0.0001069658453788474
PmCdPt2_225,m1_def,0.583065738545646,0.5998060100277022,0.02871077886313777
PmCdPt2_225,m2_def,0.5152946821294383,0.5302312873913182,0.028986530969337523
PmCdPt2_225,sigma_r2_def,0.17532902666365863,0.17046403772596624,0.027747766757555237
PmCdPt2_225,f_bond_def,0.23233346372014244,0.23230641343062758,0.00011642872740640013
PmCdPt2_225,f_int_def,0.09493533056645537,0.09541002538332045,0.005000191330590013
PmCdPt2_225,f_bond_dep,0.09569633350885215,0.10006280407905375,0.04562839985711361
PmCdPt2_225,def_polarity,0.17944874083566287,0.17427792356573613,0.028815010046028232
PmCdPt2_225,bond_charge_transfer_pair_mean,-0.019978653384717104,-0.004296073409388883,0.7849668180000955
PmCdPt2_225,bond_charge_transfer_pair_std,0.05483617856282854,0.030242354673840156,0.44849631271825435
PmCdPt2_225,rho_perc_a,0.25698324052186966,0.25620316281934774,0.0030355197519409205
PmCdPt2_225,rho_perc_b,0.25698324052186966,0.2562031628193515,0.0030355197519262318
PmCdPt2_225,rho_perc_c,0.25698392899092165,0.2562031628193515,0.0030381906550962456
PmCdPt2_225,perc_anisotropy,2.6790402198220323e-06,1.4733457004147632e-14,0.9999999945004718
PmCdPt2_225,n_max,0.04953638422269805,0.04953638422269805,0.0
PmCdPt2_225,n_min,0.07430457633404708,0.07430457633404708,0.0
PmCdPt2_225,n_saddle1,6.910325599066378,5.498538648719483,0.20430107526881724
PmCdPt2_225,n_saddle2,6.266352604171304,4.334433619486079,0.30830039525691705
PmCdPt2_225,n_NNM,0.0,0.0,0.0
PmCdPt2_225,Q_NNM,0.0,0.0,0.0
PmCdPt2_225,rho_min,0.09987678769824253,0.09998947993136259,0.0011283125510658115
PmCdPt2_225,rho_min_ratio,0.17159411753683249,0.1717877293333384,0.0011283125510661426
PmCdPt2_225,rho_int_mean,0.14743451571754437,0.14741381773304443,0.00014038764531633326
PmCdPt2_225,T_eigenvalues_t1,0.3333330551812152,0.3333330643615514,2.7541031622119334e-08
PmCdPt2_225,T_eigenvalues_t2,0.3333330554120758,0.3333330643626936,2.6851875795571485e-08
PmCdPt2_225,T_eigenvalues_t3,0.333333889406709,0.33333387127575503,5.439277114213168e-08
PmCdPt2_225,charge_FA,1.4447210505649668e-06,1.397615408782394e-06,0.03260535434446111
PmCdPt2_225,shannon_entropy,-0.6768096937334755,-0.6768096930899148,9.50874028840146e-10
PmCdPt2_225,fisher_information,2.3467518585300766,2.3467510021165086,3.64935715273551e-07
PmCdPt2_225,disequilibrium,3.4551779607584296,3.455177959816579,2.7259105267812396e-10
PmCdPt2_225,LMC_complexity,1.756045261704088,1.7560452623555278,3.7096981792337733e-10
PmCdPt2_225,M_abs_per_atom,1.1459108968931602,1.145927872966529,1.4814479393501815e-05
PmCdPt2_225,M_net_per_atom,1.057608918906829,1.0576089189068287,2.0994963351343724e-16
PmCdPt2_225,m1_spin,0.617978147265255,0.617963334097175,2.397037523997434e-05
PmCdPt2_225,sigma_r2_spin,0.09148009166402887,0.09141810753140694,0.0006775696383161945
PmCdPt2_225,f_bond_spin,0.18215558027743056,0.18245371590878395,0.0016367087458935825
PmCdPt2_225,mu_site_std,1.8759828678852426,1.8787948058802042,0.0014989145386660383
PmCdPt2_225,spin_frustration,0.04619076460033633,0.048684596609445685,0.053989840408296574
PmCdPt2_225,spin_charge_correlation,0.5893140701454526,0.5893135615478916,8.630331205732232e-07
PmCdPt2_225,m1_site_std,0.06739053517257583,0.06038955987173362,0.10388662566507138
PmCdPt2_225,m1_site_range,0.15001064663151198,0.13504758408267725,0.09974667055192543
PmCdPt2_225,m1_site_max,0.9304895584865854,0.9229337239222684,0.008120278723606985
PmCdPt2_225,m1_site_min,0.7804789118550735,0.7878861398395911,0.009490618993038331
PmCdPt2_225,m1_within_element_var,2.028442672396626e-08,5.058389398016685e-14,0.9999975062694811
PmCdPt2_225,m1_between_element_var,0.004541463946419453,0.0036468989414511184,0.1969772336679279
PmCdPt2_225,f_bond_site_std,0.0705529743587287,0.0715794598664664,0.014549145759872525
PmCdPt2_225,f_bond_site_range,0.16626327323392082,0.1683194870605515,0.012367216082277728
PmCdPt2_225,f_bond_site_max,0.497130917285442,0.4980243685109277,0.0017972151689223436
PmCdPt2_225,f_bond_site_min,0.3308676440515212,0.3297048814503762,0.003514283194653952
PmCdPt2_225,f_bond_within_element_var,5.412038904441037e-09,8.874178770020099e-14,0.9999836028917627
PmCdPt2_225,f_bond_between_element_var,0.004977716778824526,0.005123619074686329,0.029311088264900854
PmCdPt2_225,zeta_site_std,0.005180774979512167,0.006284832524478909,0.21310663932188437
PmCdPt2_225,zeta_site_range,0.012352393805630135,0.01471597426556237,0.19134594452898124
PmCdPt2_225,zeta_site_max,0.015316256959344798,0.017217910852985296,0.1241591792752116
PmCdPt2_225,zeta_site_min,0.002963863153714663,0.002501936587422926,0.15585286578187532
PmCdPt2_225,zeta_within_element_var,4.431816099731429e-09,2.6706762275634926e-14,0.9999939738559376
PmCdPt2_225,zeta_between_element_var,2.683599757223956e-05,3.9499119834041164e-05,0.4718707485240253
PmCdPt2_225,mu_site_range,4.358790397771495,4.365390572655026,0.0015142216718899409
PmCdPt2_225,mu_site_max,4.306442371012889,4.311266120597814,0.0011201240303118831
PmCdPt2_225,mu_site_min,-0.05234802675860506,-0.054124452057212356,0.03393490468702882
PmCdPt2_225,mu_within_element_var,6.389978492404304e-07,1.4384125938516695e-14,0.999999977489555
PmCdPt2_225,mu_between_element_var,3.5193110816010904,3.52986992260242,0.003000257935858813
O2_12,zeta,0.019611272548173297,0.019714853493556395,0.005281704444658551
O2_12,m1,0.6060393115911491,0.6060656765665853,4.350373801157599e-05
O2_12,m2,0.45272429325153857,0.4527531971613833,6.384439773958585e-05
O2_12,sigma_r2,0.08544064605766466,0.08543759284927055,3.5734846761923444e-05
O2_12,f_core,0.7790014092800164,0.7787809121238882,0.000283051036238746
O2_12,f_bond,0.2110618854313922,0.21127450002580345,0.001007356652655104
O2_12,f_int,0.009936705288591524,0.009944587850308429,0.0007932771968143906
O2_12,lnf,0.04861328125,0.04878982843137255,0.0036316656031637044
O2_12,lnf_charge_weighted,0.4697760726054145,0.47079650216855884,0.0021721616375329047
O2_12,lap_concentration,0.5,0.5,0.0
O2_12,lap_concentration_valence,0.0,0.0,0.0
O2_12,ellip_bond_avg,5.0390997175699646,2.6830461934876495,0.4675544553856317
O2_12,ellip_bond_std,552.4666840205492,57.52007497430844,0.8958849888364147
O2_12,f_H_negative,0.22377580566635633,0.22314700070335264,0.002809977428664556
O2_12,H_bond_mean,-0.0007089537804722824,-0.0007090618753428342,0.00015247096994080563
O2_12,G_over_rho,1.120750933044893,1.1211567688578252,0.0003621106179493413
O2_12,f_ELF_localized,0.10549467444502336,0.1045483471212781,0.00897038005684756
O2_12,ELF_bond_avg,0.2170995510603611,0.2173471614135516,0.001140538301351171
O2_12,ELF_core_valence_contrast,3.1649764343866575,3.164443501977224,0.00016838432148917243
O2_12,zeta_ELF,0.0898509175381208,0.1189338341118441,0.32367968375375106
O2_12,f_NCI,0.023486328125,0.022604549632352942,0.037544331661978694
O2_12,NCI_attractive,0.40738045738045736,0.4049131723845828,0.006056463807173591
O2_12,sign_lambda2_rho_mean,-0.003854231834552519,-0.0038176802109967283,0.009483504139038012
O2_12,V_spread,1.5690932998236105,1.5690934623773103,1.035972174836587e-07
O2_12,V_int_min,-53.50458159660531,-53.4779450467496,0.0004978368031458317
O2_12,rho_mid_mean,3.4361706242329095,3.436236950930938,1.930250423560852e-05
O2_12,rho_mid_std,0.003376306479115243,0.0033684471067645383,0.002327801815184833
O2_12,m1_def,0.5903547197635154,0.5958486453516947,0.009306143246182657
O2_12,m2_def,0.5205683519394744,0.5252248297432481,0.008944988273730407
O2_12,sigma_r2_def,0.17204965679241557,0.17018922157579852,0.010813361975268204
O2_12,f_bond_def,0.10014510697188657,0.09964502174009776,0.004993606247075008
O2_12,f_int_def,0.0,0.0,0.0
O2_12,f_bond_dep,0.37831300457401973,0.3860383163273339,0.02042042345864595
O2_12,def_polarity,0.06885078454895842,0.06823787563548772,0.008901988807910677
O2_12,bond_charge_transfer_pair_mean,0.0339016258636971,0.04245481234016368,0.2522942855559503
O2_12,bond_charge_transfer_pair_std,0.00768113782539335,0.0015142668559006743,0.8028590437611203
O2_12,rho_perc_a,0.026260620680931785,0.026321253766816363,0.0023088976693001278
O2_12,rho_perc_b,0.026260620680931785,0.026321253766816363,0.0023088976693001278
O2_12,rho_perc_c,0.02210957505993209,0.022339813809011795,0.01041353117170278
O2_12,perc_anisotropy,0.16686320021768103,0.15929514663639308,0.04535483900233883
O2_12,n_max,0.07431918408687409,0.07431918408687409,0.0
O2_12,n_min,0.22295755226062228,0.1672181641954667,0.25000000000000006
O2_12,n_saddle1,3.836727878484875,3.4651319580505047,0.09685230024213068
O2_12,n_saddle2,3.093536037616134,2.703360321160045,0.1261261261261261
O2_12,n_NNM,0.0,0.0,0.0
O2_12,Q_NNM,0.0,0.0,0.0
O2_12,rho_min,0.003182884154035782,0.003201739491340258,0.005923978502506302
O2_12,rho_min_ratio,0.007137870235702039,0.007180154825532017,0.005923978502506283
O2_12,rho_int_mean,0.016108743462678467,0.016115256638327934,0.00040432549345371965
O2_12,T_eigenvalues_t1,0.30025218003404014,0.30025219153071053,3.829004802616019e-08
O2_12,T_eigenvalues_t2,0.34986946260819574,0.34986946912539096,1.8627505182488395e-08
O2_12,T_eigenvalues_t3,0.3498783573577641,0.34987833934389856,5.1486081339579014e-08
O2_12,charge_FA,0.08573650735279917,0.08573647769720347,3.458922764290876e-07
O2_12,shannon_entropy,-1.2904834788555162,-1.2904834795529485,5.40442667832861e-10
O2_12,fisher_information,4.648891425237406,4.648892027503186,1.2955040788624648e-07
O2_12,disequilibrium,6.250007897340226,6.250007892489062,7.761852456354629e-10
O2_12,LMC_complexity,1.7196129706932681,1.7196129681592163,1.4736175525691655e-09
O2_12,M_abs_per_atom,0.0,0.0,0.0
O2_12,M_net_per_atom,0.0,0.0,0.0
O2_12,m1_spin,0.0,0.0,0.0
O2_12,sigma_r2_spin,0.0,0.0,0.0
O2_12,f_bond_spin,0.0,0.0,0.0
O2_12,mu_site_std,0.0,0.0,0.0
O2_12,spin_frustration,0.0,0.0,0.0
O2_12,spin_charge_correlation,0.0,0.0,0.0
O2_12,m1_site_std,0.00018729192553060966,0.000247936415095581,0.32379660464892823
O2_12,m1_site_range,0.0005700532807755287,0.0007561117498885439,0.3263878577453181
O2_12,m1_site_max,0.6062837410765146,0.6064025273501035,0.00019592521709049836
O2_12,m1_site_min,0.6057136877957391,0.6056464156002149,0.00011106269658354707
O2_12,m1_within_element_var,3.5078265368963436e-08,6.147246593044824e-08,0.7524374504800307
O2_12,m1_between_element_var,0.0,0.0,0.0
O2_12,f_bond_site_std,0.0002212377807182984,0.00024842466956617563,0.1228853804246673
O2_12,f_bond_site_range,0.0005899280861897949,0.000624453604907288,0.05852496181438861
O2_12,f_bond_site_max,0.21127368162883423,0.21147244204075122,0.0009407722267375225
O2_12,f_bond_site_min,0.21068375354264443,0.21084798843584393,0.0007795327852190414
O2_12,f_bond_within_element_var,4.894615561715789e-08,6.171481644906356e-08,0.2608715775714501
O2_12,f_bond_between_element_var,0.0,0.0,0.0
O2_12,zeta_site_std,0.00018978841848067425,0.00048647217578200717,1.563234256739136
O2_12,zeta_site_range,0.0005021164416122437,0.0011584790681457013,1.3071920617176875
O2_12,zeta_site_max,0.019959208036837373,0.02021363578802826,0.012747387106808474
O2_12,zeta_site_min,0.01945709159522513,0.01905515671988256,0.02065750029368242
O2_12,zeta_within_element_var,3.6019643789395535e-08,2.3665517781008008e-07,5.570169854921031
O2_12,zeta_between_element_var,0.0,0.0,0.0
O2_12,mu_site_range,0.0,0.0,0.0
O2_12,mu_site_max,0.0,0.0,0.0
O2_12,mu_site_min,0.0,0.0,0.0
O2_12,mu_within_element_var,0.0,0.0,0.0
O2_12,mu_between_element_var,0.0,0.0,0.0
Sc2AlAg_225,zeta,0.021291591464035142,0.020561001376096955,0.034313549983911236
Sc2AlAg_225,m1,0.9910856002327217,0.9908896696000562,0.00019769294662290971
Sc2AlAg_225,m2,1.1695985028709803,1.1689492091194709,0.0005551424270086342
Sc2AlAg_225,sigma_r2,0.18734783588232595,0.18708687179936234,0.0013929388708152645
Sc2AlAg_225,f_core,0.3825640169242688,0.3803741481438251,0.005724189112321019
Sc2AlAg_225,f_bond,0.46335550209709675,0.4660552573130282,0.0058265310408804165
Sc2AlAg_225,f_int,0.1540804809786344,0.15357059454314673,0.003309221468216759
Sc2AlAg_225,lnf,0.2257292738340192,0.2247939644921891,0.004143500423954001
Sc2AlAg_225,lnf_charge_weighted,0.4536528744681601,0.450517294332275,0.006911848931985948
Sc2AlAg_225,lap_concentration,0.4999999999999999,0.5000000000000001,4.440892098500627e-16
Sc2AlAg_225,lap_concentration_valence,0.07406932122056196,0.07427196907406972,0.002735921568719532
Sc2AlAg_225,ellip_bond_avg,7.157882608210826,18.00537946064205,1.5154616869502766
Sc2AlAg_225,ellip_bond_std,170.92403993650353,1088.1043466943875,5.366011165536496
Sc2AlAg_225,f_H_negative,0.9640463132236441,0.9650088931454371,0.0009984789201405782
Sc2AlAg_225,H_bond_mean,-0.007623770263990101,-0.0077374088885555,0.01490583013789869
Sc2AlAg_225,G_over_rho,0.4211572678176974,0.4211286477009829,6.795588940636466e-05
Sc2AlAg_225,f_ELF_localized,0.31083091371832094,0.3127650841428376,0.006222580635172689
Sc2AlAg_225,ELF_bond_avg,0.412736044407112,0.4134545213275551,0.0017407661147579524
Sc2AlAg_225,ELF_core_valence_contrast,1.7953641677941814,1.7891942470155238,0.0034365845600216674
Sc2AlAg_225,zeta_ELF,0.11940248456504687,0.13373623022917136,0.12004562314041207
Sc2AlAg_225,f_NCI,0.7807463134430727,0.779654762392882,0.0013980867170245597
Sc2AlAg_225,NCI_attractive,0.6291504811057884,0.6262555876939259,0.004601273461278323
Sc2AlAg_225,sign_lambda2_rho_mean,-0.008042653760868575,-0.007923991024231532,0.0147541769377659
Sc2AlAg_225,V_spread,71.40295326880731,71.40295049499244,3.884734094675135e-08
Sc2AlAg_225,V_int_min,-12.448203052607846,-12.240266949684209,0.01670410596974284
Sc2AlAg_225,rho_mid_mean,0.16081719211381199,0.1608155415665592,1.0263500009516763e-05
Sc2AlAg_225,rho_mid_std,0.005886104572822415,0.005883144282753943,0.0005029285551840173
Sc2AlAg_225,m1_def,0.7186597642116662,0.7176000556927219,0.001474562194401925
Sc2AlAg_225,m2_def,0.7915171508342518,0.7894795286852735,0.0025743246963513752
Sc2AlAg_225,sigma_r2_def,0.27504529413748413,0.2745296887550759,0.001874619902242413
Sc2AlAg_225,f_bond_def,0.29566636905478816,0.29570071444575896,0.00011616265685069556
Sc2AlAg_225,f_int_def,0.2493904813655861,0.24757785338233226,0.007268232425425484
Sc2AlAg_225,f_bond_dep,0.1248045644540498,0.1251951212436515,0.003129347001931951
Sc2AlAg_225,def_polarity,0.14651154466759087,0.14685866905830644,0.0023692630604853692
Sc2AlAg_225,bond_charge_transfer_pair_mean,-0.007390371555388112,-0.008140567546723378,0.10150991539638074
Sc2AlAg_225,bond_charge_transfer_pair_std,0.014422272148325503,0.014391355078849175,0.0021437030974288743
Sc2AlAg_225,rho_perc_a,0.15132622458724446,0.15134095886798435,9.736766234723074e-05
Sc2AlAg_225,rho_perc_b,0.15132622458724446,0.15134095886798435,9.736766234723074e-05
Sc2AlAg_225,rho_perc_c,0.15132622458724446,0.15134095886798435,9.736766234723074e-05
Sc2AlAg_225,perc_anisotropy,0.0,0.0,0.0
Sc2AlAg_225,n_max,1.0115749955159365,1.0115749955159365,0.0
Sc2AlAg_225,n_min,0.16235154249021205,0.16235154249021205,0.0
Sc2AlAg_225,n_saddle1,15.785565362125233,12.551023092512548,0.2049050632911392
Sc2AlAg_225,n_saddle2,22.554375825947922,16.72220887649184,0.2585825027685493
Sc2AlAg_225,n_NNM,0.9741092549412723,0.9741092549412723,0.0
Sc2AlAg_225,Q_NNM,0.24387037632103292,0.24254262166229185,0.005444509820221908
Sc2AlAg_225,rho_min,-0.009652105469859751,-0.007297316367756783,0.24396636666022506
Sc2AlAg_225,rho_min_ratio,-0.038643726124891836,-0.029215956667989155,0.2439663666602251
Sc2AlAg_225,rho_int_mean,0.1305239591357537,0.1304336667972841,0.0006917683088029467
Sc2AlAg_225,T_eigenvalues_t1,0.3333333212875031,0.33333329750260327,7.135470206096425e-08
Sc2AlAg_225,T_eigenvalues_t2,0.3333333392215569,0.33333335124854274,3.608095691767094e-08
Sc2AlAg_225,T_eigenvalues_t3,0.3333333394909402,0.33333335124885394,3.5273740609615924e-08
Sc2AlAg_225,charge_FA,3.129859380737138e-08,9.309096732391267e-08,1.9742859342769605
Sc2AlAg_225,shannon_entropy,-0.6884875858444541,-0.6884873036355295,4.0989689643759633e-07
Sc2AlAg_225,fisher_information,1.665460394664875,1.6666762492328746,0.0007300411176960582
Sc2AlAg_225,disequilibrium,5.314828293040025,5.314828337441932,8.354344598144765e-09
Sc2AlAg_225,LMC_complexity,2.6698255129466073,2.6698262886999493,2.905633114398269e-07
Sc2AlAg_225,M_abs_per_atom,0.0,0.0,0.0
Sc2AlAg_225,M_net_per_atom,0.0,0.0,0.0
Sc2AlAg_225,m1_spin,0.0,0.0,0.0
Sc2AlAg_225,sigma_r2_spin,0.0,0.0,0.0
Sc2AlAg_225,f_bond_spin,0.0,0.0,0.0
Sc2AlAg_225,mu_site_std,0.0,0.0,0.0
Sc2AlAg_225,spin_frustration,0.0,0.0,0.0
Sc2AlAg_225,spin_charge_correlation,0.0,0.0,0.0
Sc2AlAg_225,m1_site_std,0.17173994287402258,0.1683677292465527,0.01963558139729634
Sc2AlAg_225,m1_site_range,0.4330040041992751,0.4360602418097771,0.007058220203191174
Sc2AlAg_225,m1_site_max,1.2551830187313453,1.2633721213982168,0.0065242299685893184
Sc2AlAg_225,m1_site_min,0.8221790145320702,0.8273118795884397,0.00624300178628463
Sc2AlAg_225,m1_within_element_var,1.4759772448069654e-10,2.3653633596502125e-18,0.9999999839742559
Sc2AlAg_225,m1_between_element_var,0.029494607830774816,0.02834769225164046,0.038885601928148356
Sc2AlAg_225,f_bond_site_std,0.0992519197085032,0.09626670094013642,0.03007718920837174
Sc2AlAg_225,f_bond_site_range,0.2800117799203668,0.2681380628498777,0.04240434839514935
Sc2AlAg_225,f_bond_site_max,0.6565359054365378,0.6461336865430582,0.01584409749313412
Sc2AlAg_225,f_bond_site_min,0.37652412551617104,0.37799562369318057,0.00390811126642225
Sc2AlAg_225,f_bond_within_element_var,4.488117821418443e-11,1.8925563712336727e-18,0.9999999578318474
Sc2AlAg_225,f_bond_between_element_var,0.009850943520941985,0.009267277709897662,0.059249736819982315
Sc2AlAg_225,zeta_site_std,0.07688380757354854,0.07520499802291052,0.02183567130220551
Sc2AlAg_225,zeta_site_range,0.15841088387237923,0.1551972216072499,0.020286877937745366
Sc2AlAg_225,zeta_site_max,0.15919307349937684,0.15604348505987298,0.019784707778232498
Sc2AlAg_225,zeta_site_min,0.0007821896269976092,0.0008462634526230639,0.08191597461014472
Sc2AlAg_225,zeta_within_element_var,2.9681642715790357e-09,5.902806242558728e-14,0.9999801129395058
Sc2AlAg_225,zeta_between_element_var,0.005911116898842168,0.005655791727566945,0.04319406563000547
Sc2AlAg_225,mu_site_range,0.0,0.0,0.0
Sc2AlAg_225,mu_site_max,0.0,0.0,0.0
Sc2AlAg_225,mu_site_min,0.0,0.0,0.0
Sc2AlAg_225,mu_within_element_var,0.0,0.0,0.0
Sc2AlAg_225,mu_between_element_var,0.0,0.0,0.0
Ta2Ni_140,zeta,0.0290520903475171,0.029039119059594443,0.0004464838077913737
Ta2Ni_140,m1,0.9101419713169908,0.9101494800623641,8.250081426733065e-06
Ta2Ni_140,m2,1.0043786361299525,1.0043965395921666,1.7825411224467404e-05
Ta2Ni_140,sigma_r2,0.17602022817717433,0.17602446353437495,2.4061764062471203e-05
Ta2Ni_140,f_core,0.43321580487600947,0.4328569586959736,0.0008283312289092236
Ta2Ni_140,f_bond,0.48406312561331044,0.4841756567671642,0.00023247206386802717
Ta2Ni_140,f_int,0.08272106951068006,0.08296738453686228,0.0029776576589162504
Ta2Ni_140,lnf,0.18189236111111112,0.18096713362068967,0.005086675904197362
Ta2Ni_140,lnf_charge_weighted,0.3799077394606146,0.3775595281102576,0.0061810042451121245
Ta2Ni_140,lap_concentration,0.5000000000000001,0.5000000000000001,0.0
Ta2Ni_140,lap_concentration_valence,0.08858639046300867,0.08906337251830532,0.0053843717167347295
Ta2Ni_140,ellip_bond_avg,7.622515921411889,148.95706312345493,18.541718857553292
Ta2Ni_140,ellip_bond_std,179.05282942949424,22775.01541601628,126.19718246610793
Ta2Ni_140,f_H_negative,0.9643286151255093,0.9649582092420022,0.0006528833704794076
Ta2Ni_140,H_bond_mean,-0.01269487959988287,-0.012695408312915293,4.1647739016568064e-05
Ta2Ni_140,G_over_rho,0.48779894344798547,0.48789609939216233,0.00019917210867682636
Ta2Ni_140,f_ELF_localized,0.1765736647224183,0.17739456239792487,0.00464903799101096
Ta2Ni_140,ELF_bond_avg,0.43197305796084484,0.43203851692119566,0.00015153482177758984
Ta2Ni_140,ELF_core_valence_contrast,1.5171588216364003,1.5160621003996533,0.0007228783309344369
Ta2Ni_140,zeta_ELF,0.127038490962187,0.1449758493994172,0.1411962492735313
Ta2Ni_140,f_NCI,0.7365190972222222,0.7364544046336207,8.78355888469443e-05
Ta2Ni_140,NCI_attractive,0.3679741181184956,0.36745961887995976,0.0013981940935589917
Ta2Ni_140,sign_lambda2_rho_mean,0.006940994337016623,0.0070005847429019125,0.00858528374925932
Ta2Ni_140,V_spread,96.38914873367112,96.389149456053,7.49443161993729e-09
Ta2Ni_140,V_int_min,-30.03417376589742,-30.03004806513645,0.00013736688057834883
Ta2Ni_140,rho_mid_mean,0.31983610821924235,0.31989190644559007,0.0001744588084765757
Ta2Ni_140,rho_mid_std,0.02136354244118004,0.021440280504005475,0.003592010221933817
Ta2Ni_140,m1_def,0.676065683204079,0.6785088793092627,0.0036138442844853313
Ta2Ni_140,m2_def,0.6384591088989388,0.6408740357939227,0.003782430012077972
Ta2Ni_140,sigma_r2_def,0.18139430089274067,0.18049973649241097,0.004931601466678166
Ta2Ni_140,f_bond_def,0.3001815262116263,0.299258931808087,0.0030734549696735435
Ta2Ni_140,f_int_def,0.11890741995618759,0.1195169859639904,0.0051263916753673195
Ta2Ni_140,f_bond_dep,0.1333986279048737,0.13503636803735808,0.01227703881371443
Ta2Ni_140,def_polarity,0.17636442306451905,0.17570153948539677,0.003758601466236643
Ta2Ni_140,bond_charge_transfer_pair_mean,-0.01629876421044495,-0.014195605909882374,0.12903789964731077
Ta2Ni_140,bond_charge_transfer_pair_std,0.1265006179327398,0.11459449700288954,0.0941190732853237
Ta2Ni_140,rho_perc_a,0.3803272929571012,0.38053203624876,0.0005383344699425866
Ta2Ni_140,rho_perc_b,0.31236202254135337,0.31245175067114794,0.0002872568472458782
Ta2Ni_140,rho_perc_c,0.3123618811138828,0.31245175081622256,0.00028771020977107274
Ta2Ni_140,perc_anisotropy,0.20287149173784919,0.20313669953691021,0.001307269921412768
Ta2Ni_140,n_max,0.40906103518825604,0.45212009152386196,0.10526315789473689
Ta2Ni_140,n_min,0.3014133943492413,0.3014133943492413,0.0
Ta2Ni_140,n_saddle1,5.425441098286343,4.822614309587861,0.11111111111111101
Ta2Ni_140,n_saddle2,7.040155710871565,6.372740337669673,0.09480122324159025
Ta2Ni_140,n_NNM,0.0,0.0,0.0
Ta2Ni_140,Q_NNM,0.0,0.0,0.0
Ta2Ni_140,rho_min,0.19484262208973702,0.19484446307847914,9.448593548854116e-06
Ta2Ni_140,rho_min_ratio,0.4525009101092216,0.4525051856064017,9.448593548775244e-06
Ta2Ni_140,rho_int_mean,0.22213012096110152,0.2224085524638037,0.0012534612662950778
Ta2Ni_140,T_eigenvalues_t1,0.33196842296370294,0.3319684285498589,1.682737150828284e-08
Ta2Ni_140,T_eigenvalues_t2,0.331968727136751,0.33196873383842856,2.018767732744445e-08
Ta2Ni_140,T_eigenvalues_t3,0.3360628498995465,0.3360628376117125,3.656409500850923e-08
Ta2Ni_140,charge_FA,0.007091373201543832,0.00709134127852808,4.5016691188551725e-06
Ta2Ni_140,shannon_entropy,-0.5952767262258423,-0.595276723415191,4.7215876977117845e-09
Ta2Ni_140,fisher_information,2.3025369038678676,2.302533266582117,1.5796861905920265e-06
Ta2Ni_140,disequilibrium,5.053622873209987,5.053622868138301,1.0035743286306624e-09
Ta2Ni_140,LMC_complexity,2.7866179618987665,2.7866179669344,1.8070770060961592e-09
Ta2Ni_140,M_abs_per_atom,0.0,0.0,0.0
Ta2Ni_140,M_net_per_atom,0.0,0.0,0.0
Ta2Ni_140,m1_spin,0.0,0.0,0.0
Ta2Ni_140,sigma_r2_spin,0.0,0.0,0.0
Ta2Ni_140,f_bond_spin,0.0,0.0,0.0
Ta2Ni_140,mu_site_std,0.0,0.0,0.0
Ta2Ni_140,spin_frustration,0.0,0.0,0.0
Ta2Ni_140,spin_charge_correlation,0.0,0.0,0.0
Ta2Ni_140,m1_site_std,0.2060299325131675,0.2060312762618603,6.522104222420754e-06
Ta2Ni_140,m1_site_range,0.43709934085511326,0.43706142320981967,8.674834699914005e-05
Ta2Ni_140,m1_site_max,1.148914262353179,1.1489181187427617,3.3565512320133127e-06
Ta2Ni_140,m1_site_min,0.7118149214980657,0.7118566955329421,5.8686652407422885e-05
Ta2Ni_140,m1_within_element_var,1.2566773275824624e-09,6.259095117333322e-12,0.9950193299584913
Ta2Ni_140,m1_between_element_var,0.04244833183470305,0.0424488867918319,1.3073708785760454e-05
Ta2Ni_140,f_bond_site_std,0.15741286468071206,0.1575163805706143,0.0006576075602981997
Ta2Ni_140,f_bond_site_range,0.33397910067128345,0.33414688502099493,0.0005023797877599135
Ta2Ni_140,f_bond_site_max,0.666514594072456,0.6667224436080801,0.0003118454381533666
Ta2Ni_140,f_bond_site_min,0.3325354934011725,0.33257555858708515,0.00012048393842974631
Ta2Ni_140,f_bond_within_element_var,1.7241643949779683e-09,1.1658806893080656e-11,0.9932379957926056
Ta2Ni_140,f_bond_between_element_var,0.02477880824282376,0.024811410136407794,0.0013157167715471228
Ta2Ni_140,zeta_site_std,0.10667642065135603,0.10663012395208028,0.0004339918699283911
Ta2Ni_140,zeta_site_range,0.22629931979732798,0.2261966515080699,0.000453683596353886
Ta2Ni_140,zeta_site_max,0.2286439657273066,0.22855212311186646,0.00040168396812049914
Ta2Ni_140,zeta_site_min,0.002344645929978628,0.002355471603796566,0.004617189179620248
Ta2Ni_140,zeta_within_element_var,1.1747372169689629e-11,7.357729636369482e-20,0.9999999937367017
Ta2Ni_140,zeta_between_element_var,0.011379858711237686,0.011369983334036004,0.0008677943595143716
Ta2Ni_140,mu_site_range,0.0,0.0,0.0
Ta2Ni_140,mu_site_max,0.0,0.0,0.0
Ta2Ni_140,mu_site_min,0.0,0.0,0.0
Ta2Ni_140,mu_within_element_var,0.0,0.0,0.0
Ta2Ni_140,mu_between_element_var,0.0,0.0,0.0
Fe3C_62,zeta,0.013630083936672754,0.01362201693587306,0.0005918526134669846
Fe3C_62,m1,0.7198007220442972,0.7198072602710448,9.083384535926009e-06
Fe3C_62,m2,0.6272967014916913,0.6273080370025708,1.8070413653620517e-05
Fe3C_62,sigma_r2,0.10918362203619958,0.10918554506366318,1.761278319713701e-05
Fe3C_62,f_core,0.6188796914823732,0.6183398348321838,0.0008723127574219062
Fe3C_62,f_bond,0.3778459287001893,0.37837114146481055,0.0013900183242095874
Fe3C_62,f_int,0.0032743798174375525,0.0032890237030054376,0.004472262347177844
Fe3C_62,lnf,0.1180625,0.11798221982758621,0.0006799802851353613
Fe3C_62,lnf_charge_weighted,0.45018586039877184,0.4496746994879277,0.0011354441705284783
Fe3C_62,lap_concentration,0.5000000000000002,0.5000000000000001,2.220446049250312e-16
Fe3C_62,lap_concentration_valence,1.1452016419581952e-06,1.8069294505997179e-06,0.5778264581510952
Fe3C_62,ellip_bond_avg,5.950259082112679,3.890896325524236,0.34609631751652276
Fe3C_62,ellip_bond_std,222.77364619941545,36.31750142183223,0.8369757732055852
Fe3C_62,f_H_negative,0.9000519400047384,0.9015455268038506,0.0016594451194719866
Fe3C_62,H_bond_mean,-0.012842557546792739,-0.012857484926670786,0.0011623370051999486
Fe3C_62,G_over_rho,0.7844555297949091,0.7850582311461589,0.0007683053128676628
Fe3C_62,f_ELF_localized,0.023787610942027665,0.02349200741852866,0.01242678485953954
Fe3C_62,ELF_bond_avg,0.2969949917749953,0.296944858959219,0.0001688002059450256
Fe3C_62,ELF_core_valence_contrast,2.3889286510492833,2.3922032866505805,0.0013707548778649538
Fe3C_62,zeta_ELF,0.05586918013521047,0.07757123754723805,0.3884441718941616
Fe3C_62,f_NCI,0.42672916666666666,0.4263200431034483,0.0009587429104370385
Fe3C_62,NCI_attractive,0.32996468616250874,0.329826224328594,0.0004196262197784289
Fe3C_62,sign_lambda2_rho_mean,0.011663369960086127,0.011647581340718473,0.001353692751038913
Fe3C_62,V_spread,29.764821738214927,29.764822576997457,2.818033103078463e-08
Fe3C_62,V_int_min,-26.007125608607517,-26.00712539890416,8.063303814541966e-09
Fe3C_62,rho_mid_mean,0.6356190225914958,0.6355917600080291,4.289139012170278e-05
Fe3C_62,rho_mid_std,0.014246064171011295,0.014262277283149249,0.0011380765903712434
Fe3C_62,m1_def,0.5139215936087794,0.5131040447481773,0.0015908046495211132
Fe3C_62,m2_def,0.3409679660620564,0.34043170252465754,0.0015727680919482157
Fe3C_62,sigma_r2_def,0.07685256168466897,0.07715594178771801,0.003947560060441728
Fe3C_62,f_bond_def,0.1290119534159048,0.12906161670183117,0.0003849510422206249
Fe3C_62,f_int_def,0.00035597662347060374,0.0003469957108390608,0.025228939316248606
Fe3C_62,f_bond_dep,0.1290520991362884,0.12923207603594758,0.001394606526075257
Fe3C_62,def_polarity,0.12694591319380313,0.12713558756296556,0.0014941352926648023
Fe3C_62,bond_charge_transfer_pair_mean,-0.03414161707090376,-0.03301115734526713,0.03311090166845194
Fe3C_62,bond_charge_transfer_pair_std,0.01476855911338992,0.014057667546430118,0.04813547222188195
Fe3C_62,rho_perc_a,0.615304283003241,0.6157588263252789,0.0007387293321270056
Fe3C_62,rho_perc_b,0.6184803267104231,0.6204412430223236,0.0031705395098503356
Fe3C_62,rho_perc_c,0.32300820950431464,0.3235948343599592,0.0018161298641443811
Fe3C_62,perc_anisotropy,0.5693862026313801,0.5709335399611333,0.0027175532575294085
Fe3C_62,n_max,0.1314371958073958,0.1314371958073958,0.0
Fe3C_62,n_min,0.15772463496887495,0.15772463496887495,0.0
Fe3C_62,n_saddle1,1.281512659122109,1.3866624157680258,0.08205128205128213
Fe3C_62,n_saddle2,1.3275156776546977,1.380090555977656,0.039603960396039556
Fe3C_62,n_NNM,0.0,0.0,0.0
Fe3C_62,Q_NNM,0.0,0.0,0.0
Fe3C_62,rho_min,0.17274807769261089,0.17275440301434875,3.661587337090585e-05
Fe3C_62,rho_min_ratio,0.2346966607352296,0.23470525435843959,3.661587337060412e-05
Fe3C_62,rho_int_mean,0.19775193368616498,0.1979362922759558,0.0009322719952938739
Fe3C_62,T_eigenvalues_t1,0.33272126214795045,0.3327212474792783,4.408696958866361e-08
Fe3C_62,T_eigenvalues_t2,0.33282319305092145,0.33282319946180294,1.9262123632576782e-08
Fe3C_62,T_eigenvalues_t3,0.33445554480112827,0.334455553058919,2.4690249144782423e-08
Fe3C_62,charge_FA,0.0029195888855159625,0.0029196119662805876,7.905484480901664e-06
Fe3C_62,shannon_entropy,-0.5205491423446276,-0.5205491397265796,5.0293964347366124e-09
Fe3C_62,fisher_information,2.9564371058141714,2.956433174619009,1.329707016109576e-06
Fe3C_62,disequilibrium,2.9017160313969286,2.9017160288668227,8.719343571834811e-10
Fe3C_62,LMC_complexity,1.7241827232792224,1.7241827262898413,1.7461135787232243e-09
Fe3C_62,M_abs_per_atom,1.5336280400552456,1.5336283236936201,1.849460020012579e-07
Fe3C_62,M_net_per_atom,1.402107142639902,1.4021071426399019,1.5836493387157517e-16
Fe3C_62,m1_spin,0.5439954945610811,0.5439998385609348,7.985359983950803e-06
Fe3C_62,sigma_r2_spin,0.05695081716361744,0.056947480029861164,5.859676686795425e-05
Fe3C_62,f_bond_spin,0.12777659350064677,0.1282522733321591,0.003722746228243517
Fe3C_62,mu_site_std,0.9040071452265833,0.9040023214680805,5.335973867385444e-06
Fe3C_62,spin_frustration,0.05490088625177181,0.0548990860273707,3.27904433609568e-05
Fe3C_62,spin_charge_correlation,0.9806355554322665,0.9806354409029435,1.1679091420958498e-07
Fe3C_62,m1_site_std,0.03718223323820799,0.037228049486582,0.0012322080839117738
Fe3C_62,m1_site_range,0.08833023379503135,0.08873855192113012,0.004622631556101795
Fe3C_62,m1_site_max,0.7906808464943924,0.7907543215892543,9.292636237193426e-05
Fe3C_62,m1_site_min,0.702350612699361,0.7020157696681242,0.0004767462648746973
Fe3C_62,m1_within_element_var,4.581494949730783e-06,5.308652008597451e-06,0.15871611053710696
Fe3C_62,m1_between_element_var,0.0013779369736307708,0.0013806190165668018,0.0019464191667373403
Fe3C_62,f_bond_site_std,0.06393588569598022,0.06396861850773235,0.0005119630610542925
Fe3C_62,f_bond_site_range,0.14952383279211967,0.14976995847357172,0.0016460632185253809
Fe3C_62,f_bond_site_max,0.4999058221458034,0.5004906756753347,0.0011699274215707554
Fe3C_62,f_bond_site_min,0.35038198935368375,0.35072071720176295,0.0009667387547631089
Fe3C_62,f_bond_within_element_var,1.864095175161422e-06,1.915073487531516e-06,0.027347483674313635
Fe3C_62,f_bond_between_element_var,0.004085933384554288,0.004090069080300265,0.0010121789458464687
Fe3C_62,zeta_site_std,0.0031699039933959206,0.003139813138308416,0.009492670803341376
Fe3C_62,zeta_site_range,0.007812819739359989,0.007790987934023885,0.0027943567193951047
Fe3C_62,zeta_site_max,0.02011016884750838,0.020032242865593797,0.0038749541341737068
Fe3C_62,zeta_site_min,0.012297349108148392,0.012241254931569912,0.0045614852506148515
Fe3C_62,zeta_within_element_var,2.447234950090452e-07,2.650026365693401e-07,0.0828655277236269
Fe3C_62,zeta_between_element_var,9.803567832338359e-06,9.593423906924802e-06,0.021435453806967045
Fe3C_62,mu_site_range,2.133325316581947,2.1332365435387324,4.161252038056452e-05
Fe3C_62,mu_site_max,1.9704282751370854,1.9703451538355374,4.218438326164891e-05
Fe3C_62,mu_site_min,-0.16289704144486158,-0.16289138970319517,3.46951768815959e-05
Fe3C_62,mu_within_element_var,0.0008162198864515705,0.0008133951409999237,0.003460765289519105
Fe3C_62,mu_between_element_var,0.8164126987342654,0.8164068020786786,7.222640701148133e-06
Eu(AlGe)2_164,zeta,0.051558442918019365,0.051820429522081435,0.005081352136228056
Eu(AlGe)2_164,m1,0.9752194746964885,0.975202562703366,1.7341730309215675e-05
Eu(AlGe)2_164,m2,1.1274362832539497,1.127392475816341,3.8855799001212327e-05
Eu(AlGe)2_164,sigma_r2,0.17638325942665478,0.17637243751312837,6.135453875607415e-05
Eu(AlGe)2_164,f_core,0.382088156040894,0.3846263563038471,0.006642970274853106
Eu(AlGe)2_164,f_bond,0.49582884561880164,0.49329734411864384,0.005105595454008822
Eu(AlGe)2_164,f_int,0.12208299834030406,0.12207629957750886,5.487056253753495e-05
Eu(AlGe)2_164,lnf,0.26697907624421297,0.26739715494040756,0.001565960531724076
Eu(AlGe)2_164,lnf_charge_weighted,0.5529741634221603,0.5544883949447432,0.0027383404555682282
Eu(AlGe)2_164,lap_concentration,0.4999999999999999,0.4999999999999999,0.0
Eu(AlGe)2_164,lap_concentration_valence,0.17091542153286912,0.17039335015666157,0.0030545598023005165
Eu(AlGe)2_164,ellip_bond_avg,11.64392800347525,5.457380923365005,0.531311004178642
Eu(AlGe)2_164,ellip_bond_std,553.1130518540244,66.81703650994709,0.8791982284887734
Eu(AlGe)2_164,f_H_negative,0.8986676358736603,0.9007836109354136,0.0023545691168640154
Eu(AlGe)2_164,H_bond_mean,-0.016001366956955566,-0.015798787110558394,0.012660158781566714
Eu(AlGe)2_164,G_over_rho,0.47129419719805055,0.47107075350236893,0.00047410661325778257
Eu(AlGe)2_164,f_ELF_localized,0.6390738163411845,0.6387659006254832,0.00048181557095266044
Eu(AlGe)2_164,ELF_bond_avg,0.5625422374678346,0.5623285546218483,0.0003798520924369656
Eu(AlGe)2_164,ELF_core_valence_contrast,1.1871253236597334,1.18994439760538,0.0023747062668630723
Eu(AlGe)2_164,zeta_ELF,0.09973182045800444,0.10763509071880184,0.07924522208160584
Eu(AlGe)2_164,f_NCI,0.5305831344039352,0.5321611544754701,0.002974124070693686
Eu(AlGe)2_164,NCI_attractive,0.40519272473190665,0.4062602384132665,0.0026345825485048773
Eu(AlGe)2_164,sign_lambda2_rho_mean,-0.0027185388742521546,-0.0026982776716515935,0.0074529751229453055
Eu(AlGe)2_164,V_spread,113.29279219167748,113.29279427091762,1.8352801682654926e-08
Eu(AlGe)2_164,V_int_min,-50.648404571981956,-50.64840545006583,1.73368516042467e-08
Eu(AlGe)2_164,rho_mid_mean,0.2683156911946157,0.26831844454089443,1.0261592478961043e-05
Eu(AlGe)2_164,rho_mid_std,0.08826988661903827,0.08827160593705662,1.9477967902750092e-05
Eu(AlGe)2_164,m1_def,0.6866976043090902,0.6469147003958567,0.057933657644343176
Eu(AlGe)2_164,m2_def,0.7300397105991627,0.6878214015360915,0.05783015423698192
Eu(AlGe)2_164,sigma_r2_def,0.2584861108353189,0.2693227719478304,0.04192357213117531
Eu(AlGe)2_164,f_bond_def,0.35605295871182674,0.3547844440018892,0.0035627135764492563
Eu(AlGe)2_164,f_int_def,0.040958096769333305,0.04078326609629402,0.004268525318055951
Eu(AlGe)2_164,f_bond_dep,0.15367885964661454,0.1366336791885486,0.11091428253216763
Eu(AlGe)2_164,def_polarity,0.19457136222086122,0.20650012035159185,0.06130788207768263
Eu(AlGe)2_164,bond_charge_transfer_pair_mean,-0.0067352768427375595,-0.03391196226966662,4.034976744309009
Eu(AlGe)2_164,bond_charge_transfer_pair_std,0.07054981494524985,0.13610454834253308,0.9291978079341092
Eu(AlGe)2_164,rho_perc_a,0.1993039700081803,0.19899303455533834,0.0015601066693713159
Eu(AlGe)2_164,rho_perc_b,0.19930398538492336,0.19899303455921444,0.0015601836817681846
Eu(AlGe)2_164,rho_perc_c,0.16674650566842852,0.1665884625931593,0.0009478044210623328
Eu(AlGe)2_164,perc_anisotropy,0.17276318818832848,0.1721893398274903,0.0033215893203628003
Eu(AlGe)2_164,n_max,0.1533165000104483,0.17135373530579515,0.1176470588235293
Eu(AlGe)2_164,n_min,0.063130323533714,0.063130323533714,0.0
Eu(AlGe)2_164,n_saddle1,2.750678382540396,2.1734868530892966,0.20983606557377046
Eu(AlGe)2_164,n_saddle2,3.192590647276394,2.669510823711335,0.1638418079096045
Eu(AlGe)2_164,n_NNM,0.07214894118138744,0.07214894118138744,0.0
Eu(AlGe)2_164,Q_NNM,0.407307133439924,0.40849479277626677,0.002915881502767663
Eu(AlGe)2_164,rho_min,-0.16409953878245587,-0.16755699550338313,0.02106926531652691
Eu(AlGe)2_164,rho_min_ratio,-0.5869561956879533,-0.5993229315040821,0.021069265316526937
Eu(AlGe)2_164,rho_int_mean,0.08676087554319836,0.08669186632864968,0.0007953955526223276
Eu(AlGe)2_164,T_eigenvalues_t1,0.33313555563415737,0.33313555401689215,4.854676071912861e-09
Eu(AlGe)2_164,T_eigenvalues_t2,0.3334321511297082,0.3334321531101946,5.939698314303055e-09
Eu(AlGe)2_164,T_eigenvalues_t3,0.3334322932361344,0.3334322928729132,1.0893401230989918e-09
Eu(AlGe)2_164,charge_FA,0.0005138415343546131,0.0005138457346851463,8.174369435771134e-06
Eu(AlGe)2_164,shannon_entropy,-0.8891558591130568,-0.8891522573761206,4.050737448715413e-06
Eu(AlGe)2_164,fisher_information,2.2163468864456957,2.191420505354856,0.011246606405919344
Eu(AlGe)2_164,disequilibrium,7.249270779421524,7.249252207537968,2.5618967921840804e-06
Eu(AlGe)2_164,LMC_complexity,2.9794687789995375,2.979471877162615,1.0398374030561166e-06
Eu(AlGe)2_164,M_abs_per_atom,1.4263368373218959,1.4263383652970512,1.0712582857776836e-06
Eu(AlGe)2_164,M_net_per_atom,1.385858952388741,1.3858589523887412,1.6022164776747539e-16
Eu(AlGe)2_164,m1_spin,0.6196075697588378,0.6196002403243487,1.1829155818681273e-05
Eu(AlGe)2_164,sigma_r2_spin,0.10097501027170924,0.1009838488499073,8.753233274522734e-05
Eu(AlGe)2_164,f_bond_spin,0.1682084542330821,0.1649539913465429,0.019347796169802287
Eu(AlGe)2_164,mu_site_std,2.7616419691404013,2.7613415150851424,0.0001087954407617996
Eu(AlGe)2_164,spin_frustration,0.0031227054384143083,0.0029599583640854688,0.052117331441764655
Eu(AlGe)2_164,spin_charge_correlation,0.9709631121620154,0.9709631138381981,1.7263094005946784e-09
Eu(AlGe)2_164,m1_site_std,0.17624934296416445,0.17678971756203338,0.003065966594716905
Eu(AlGe)2_164,m1_site_range,0.47254744490065625,0.4745555752000977,0.004249584504395401
Eu(AlGe)2_164,m1_site_max,1.2463834378712753,1.2479486420634147,0.0012557966871035314
Eu(AlGe)2_164,m1_site_min,0.773835992970619,0.773393066863317,0.0005723772366825379
Eu(AlGe)2_164,m1_within_element_var,4.1625071529847866e-13,1.8032684153120883e-12,3.332168928572359
Eu(AlGe)2_164,m1_between_element_var,0.031063830894883415,0.03125460423386025,0.006141333296024899
Eu(AlGe)2_164,f_bond_site_std,0.14352688731579263,0.14446961990785367,0.006568334405433103
Eu(AlGe)2_164,f_bond_site_range,0.3620379713661069,0.36482041348949845,0.007685498051191589
Eu(AlGe)2_164,f_bond_site_max,0.6864837952688705,0.685510195922441,0.0014182408283187002
Eu(AlGe)2_164,f_bond_site_min,0.3244458239027636,0.32068978243294255,0.011576790925028963
Eu(AlGe)2_164,f_bond_within_element_var,8.226629160432109e-12,4.5066091756015476e-13,0.9452192497350295
Eu(AlGe)2_164,f_bond_between_element_var,0.020599967374333613,0.020871471075869053,0.013179812210465845
Eu(AlGe)2_164,zeta_site_std,0.17718766251525203,0.17828965125172155,0.0062193310799766605
Eu(AlGe)2_164,zeta_site_range,0.38057628851466097,0.3826845959272487,0.005539776061236404
Eu(AlGe)2_164,zeta_site_max,0.38997414830981203,0.3919866222920162,0.005160531770955676
Eu(AlGe)2_164,zeta_site_min,0.009397859795151065,0.009302026364767513,0.010197367536063703
Eu(AlGe)2_164,zeta_within_element_var,1.1036657102107718e-28,3.997799156240359e-29,0.6377708286799196
Eu(AlGe)2_164,zeta_between_element_var,0.03139546774761886,0.0317871997434605,0.012477342239035377
Eu(AlGe)2_164,mu_site_range,6.914537602697281,6.913653843451028,0.00012781176371182913
Eu(AlGe)2_164,mu_site_max,6.909111120783322,6.908511014895673,8.685717701718078e-05
Eu(AlGe)2_164,mu_site_min,-0.005426481913958728,-0.0051428285553549065,0.05227205454682707
Eu(AlGe)2_164,mu_within_element_var,2.7360425104313705e-14,3.762222672553121e-14,0.37506002125674587
Eu(AlGe)2_164,mu_between_element_var,7.626666365717647,7.625006962932672,0.0002175790450770813
Sc2Si2O7_12,zeta,0.04022435627431464,0.04032730196299539,0.0025592874123005096
Sc2Si2O7_12,m1,0.68533928276102,0.6853365134061393,4.040852392820062e-06
Sc2Si2O7_12,m2,0.5734894172585226,0.5734883882493471,1.7942949679071047e-06
Sc2Si2O7_12,sigma_r2,0.10379948476313339,0.10380225164166373,2.665599484102331e-05
Sc2Si2O7_12,f_core,0.6697488161844355,0.6697678230298698,2.837906536752673e-05
Sc2Si2O7_12,f_bond,0.3151727749711616,0.3152249461754595,0.0001655320777712331
Sc2Si2O7_12,f_int,0.015078408844402985,0.015007230794670659,0.004720527906281479
Sc2Si2O7_12,lnf,0.07479817708333333,0.07509849811422414,0.004015084893796537
Sc2Si2O7_12,lnf_charge_weighted,0.4042356249358566,0.40526859290416645,0.0025553610433859757
Sc2Si2O7_12,lap_concentration,0.5000000000000001,0.4999999999999999,4.440892098500625e-16
Sc2Si2O7_12,lap_concentration_valence,0.0020032771692572115,0.0020977876672349485,0.04717794393512722
Sc2Si2O7_12,ellip_bond_avg,5.527472317834437,3.1670148694926303,0.42704102573716574
Sc2Si2O7_12,ellip_bond_std,452.5630016201311,30.451620703358557,0.9327129690355934
Sc2Si2O7_12,f_H_negative,0.5164402266675769,0.5175657973085626,0.0021794790236395107
Sc2Si2O7_12,H_bond_mean,-0.006551549105144166,-0.006538644413854259,0.0019697160294158416
Sc2Si2O7_12,G_over_rho,0.8450132154189886,0.8449906868727198,2.6660584541921166e-05
Sc2Si2O7_12,f_ELF_localized,0.1477503925718577,0.14861127651409894,0.005826610185299842
Sc2Si2O7_12,ELF_bond_avg,0.27503952871010584,0.2749869774975336,0.00019106785420519982
Sc2Si2O7_12,ELF_core_valence_contrast,2.3519761055097574,2.353345403003607,0.0005821902232092331
Sc2Si2O7_12,zeta_ELF,0.20692271282497177,0.22062178311421266,0.06620380190370123
Sc2Si2O7_12,f_NCI,0.08510633680555556,0.08476309940732758,0.004033041617243815
Sc2Si2O7_12,NCI_attractive,0.44817298620496215,0.45289765109003327,0.010542056372202662
Sc2Si2O7_12,sign_lambda2_rho_mean,-0.006058760966585957,-0.00622055156094328,0.026703577719866752
Sc2Si2O7_12,V_spread,51.89194083802178,51.89194759964826,1.303020540542584e-07
Sc2Si2O7_12,V_int_min,-31.67869480353137,-31.664195364474082,0.0004577031707655042
Sc2Si2O7_12,rho_mid_mean,0.6986499406716125,0.6986444250768552,7.894647141818683e-06
Sc2Si2O7_12,rho_mid_std,0.451953391981137,0.4519413950310455,2.654466213623368e-05
Sc2Si2O7_12,m1_def,0.8417746522610464,0.8391833988944366,0.003078321923390761
Sc2Si2O7_12,m2_def,0.9093153437328402,0.9068046094915954,0.002761126003810707
Sc2Si2O7_12,sigma_r2_def,0.20073077854363452,0.2025758325115763,0.009191684410971847
Sc2Si2O7_12,f_bond_def,0.2566228733558651,0.257300327669006,0.0026398828143486715
Sc2Si2O7_12,f_int_def,0.0,0.0,0.0
Sc2Si2O7_12,f_bond_dep,0.5237570198711348,0.5201181916222328,0.00694755031597903
Sc2Si2O7_12,def_polarity,0.1366980765094339,0.13707202014975658,0.0027355442729793244
Sc2Si2O7_12,bond_charge_transfer_pair_mean,0.03457174669290976,0.03262571653488163,0.05628961056883
Sc2Si2O7_12,bond_charge_transfer_pair_std,0.039729764636374336,0.040708795998269445,0.024642264328914833
Sc2Si2O7_12,rho_perc_a,0.23273092932766465,0.23102075969542735,0.007348269682838474
Sc2Si2O7_12,rho_perc_b,0.23273092932766465,0.23102075969542735,0.007348269682838474
Sc2Si2O7_12,rho_perc_c,0.23273092932766465,0.23102075969542735,0.007348269682838474
Sc2Si2O7_12,perc_anisotropy,0.0,0.0,0.0
Sc2Si2O7_12,n_max,0.0708436302884357,0.0708436302884357,0.0
Sc2Si2O7_12,n_min,0.11020120267089997,0.11020120267089997,0.0
Sc2Si2O7_12,n_saddle1,0.8579950779377212,0.8579950779377212,0.0
Sc2Si2O7_12,n_saddle2,0.7792799331727926,0.7792799331727926,0.0
Sc2Si2O7_12,n_NNM,0.0,0.0,0.0
Sc2Si2O7_12,Q_NNM,0.0,0.0,0.0
Sc2Si2O7_12,rho_min,-0.16886969397363863,-0.16550806477749935,0.019906645870182264
Sc2Si2O7_12,rho_min_ratio,-0.383094035938557,-0.37546791863014917,0.019906645870182555
Sc2Si2O7_12,rho_int_mean,0.03717630005089598,0.037092543504676154,0.0022529554072125866
Sc2Si2O7_12,T_eigenvalues_t1,0.3317326966043125,0.33173270097814256,1.3184802464967533e-08
Sc2Si2O7_12,T_eigenvalues_t2,0.3340396677014021,0.3340396551394423,3.760619177998505e-08
Sc2Si2O7_12,T_eigenvalues_t3,0.3342276356942853,0.334227643882415,2.4498661390708546e-08
Sc2Si2O7_12,charge_FA,0.00416809930185526,0.004168090070076116,2.2148654519768296e-06
Sc2Si2O7_12,shannon_entropy,-1.0009102216078665,-1.0009065608456948,3.657433096985833e-06
Sc2Si2O7_12,fisher_information,3.828377437453372,3.8983422333638407,0.01827531298925667
Sc2Si2O7_12,disequilibrium,5.281010582885695,5.2810088560212165,3.269950800091553e-07
Sc2Si2O7_12,LMC_complexity,1.941007670619911,1.9410141414980906,3.333772595263939e-06
Sc2Si2O7_12,M_abs_per_atom,0.0,0.0,0.0
Sc2Si2O7_12,M_net_per_atom,0.0,0.0,0.0
Sc2Si2O7_12,m1_spin,0.0,0.0,0.0
Sc2Si2O7_12,sigma_r2_spin,0.0,0.0,0.0
Sc2Si2O7_12,f_bond_spin,0.0,0.0,0.0
Sc2Si2O7_12,mu_site_std,0.0,0.0,0.0
Sc2Si2O7_12,spin_frustration,0.0,0.0,0.0
Sc2Si2O7_12,spin_charge_correlation,0.0,0.0,0.0
Sc2Si2O7_12,m1_site_std,0.11411013592206411,0.11410526312905447,4.2702543207565984e-05
Sc2Si2O7_12,m1_site_range,0.2574479765922416,0.2575255296108002,0.0003012376309386935
Sc2Si2O7_12,m1_site_max,0.913560169019852,0.913492412762216,7.41672633436864e-05
Sc2Si2O7_12,m1_site_min,0.6561121924276104,0.6559668831514158,0.00022147016603511332
Sc2Si2O7_12,m1_within_element_var,3.553609587552842e-06,3.822150941118902e-06,0.07556861465780426
Sc2Si2O7_12,m1_between_element_var,0.013017569510564405,0.013016188922809636,0.00010605572366243397
Sc2Si2O7_12,f_bond_site_std,0.16092112349648482,0.16147964081464258,0.003470752043127258
Sc2Si2O7_12,f_bond_site_range,0.3660975588875129,0.36429004395725517,0.004937249337991601
Sc2Si2O7_12,f_bond_site_max,0.626048114759918,0.6268669481241342,0.0013079399888142782
Sc2Si2O7_12,f_bond_site_min,0.25995055587240506,0.26257690416687907,0.01010326092844797
Sc2Si2O7_12,f_bond_within_element_var,3.4907924287460164e-05,2.429199369373075e-05,0.3041123415505669
Sc2Si2O7_12,f_bond_between_element_var,0.025860700063083452,0.026051382403932247,0.0073734407956340155
Sc2Si2O7_12,zeta_site_std,0.2052875823456847,0.20545024767386535,0.0007923778258869195
Sc2Si2O7_12,zeta_site_range,0.4413943466183389,0.44109792089305744,0.0006715666558768727
Sc2Si2O7_12,zeta_site_max,0.44729069284324907,0.44698605895217924,0.0006810646766052545
Sc2Si2O7_12,zeta_site_min,0.005896346224910198,0.005888138059121806,0.0013920766310695355
Sc2Si2O7_12,zeta_within_element_var,1.1095999018585588e-06,1.167564579338323e-06,0.05223925973918561
Sc2Si2O7_12,zeta_between_element_var,0.04214188186543442,0.04220863670467327,0.0015840497928405952
Sc2Si2O7_12,mu_site_range,0.0,0.0,0.0
Sc2Si2O7_12,mu_site_max,0.0,0.0,0.0
Sc2Si2O7_12,mu_site_min,0.0,0.0,0.0
Sc2Si2O7_12,mu_within_element_var,0.0,0.0,0.0
Sc2Si2O7_12,mu_between_element_var,0.0,0.0,0.0
PrNdZn2_225,zeta,0.003453387491991422,0.0034657524929238015,0.0035805425719107747
PrNdZn2_225,m1,0.7978361393855634,0.7978748663308772,4.8539973814223166e-05
PrNdZn2_225,m2,0.8184567949593434,0.8186098310545887,0.00018698127523384902
PrNdZn2_225,sigma_r2,0.18191428964968326,0.18200552873207354,0.0005015498373766201
PrNdZn2_225,f_core,0.5868100265636321,0.5804664033991529,0.010810352375244124
PrNdZn2_225,f_bond,0.32083730075461364,0.32745760690067355,0.020634465289693118
PrNdZn2_225,f_int,0.09235267268175407,0.09207598970017343,0.002995939083799794
PrNdZn2_225,lnf,0.07300390625,0.072509765625,0.006768687463213658
PrNdZn2_225,lnf_charge_weighted,0.5122716203389046,0.5100864816436452,0.0042655860846122105
PrNdZn2_225,lap_concentration,0.49999999999999994,0.49999999999999983,2.2204460492503136e-16
PrNdZn2_225,lap_concentration_valence,0.034730237270765976,0.04088094301402125,0.1770994449390821
PrNdZn2_225,ellip_bond_avg,0.4475236769320136,0.6463777917557397,0.4443432271270318
PrNdZn2_225,ellip_bond_std,7.2318934512951465,9.476759504782937,0.310411936874673
PrNdZn2_225,f_H_negative,0.8320386140544758,0.8332387975042541,0.001442461238583535
PrNdZn2_225,H_bond_mean,-0.019034835757960052,-0.019720410977403065,0.036016870760564194
PrNdZn2_225,G_over_rho,0.8467459422368641,0.8536044250717708,0.008099811871301769
PrNdZn2_225,f_ELF_localized,0.20121237729961647,0.19821012163610008,0.014920829940028309
PrNdZn2_225,ELF_bond_avg,0.360340194491374,0.36078644153135536,0.0012384048374377084
PrNdZn2_225,ELF_core_valence_contrast,1.870386164698619,1.8859755700313026,0.008334859200156381
PrNdZn2_225,zeta_ELF,0.24151048131248876,0.30053859110569003,0.24441220717383777
PrNdZn2_225,f_NCI,0.516041015625,0.5175857543945312,0.002993441844269501
PrNdZn2_225,NCI_attractive,0.47864033942311696,0.4803953361536534,0.0036666293790691236
PrNdZn2_225,sign_lambda2_rho_mean,-0.0013918333806259423,-0.001426494650311339,0.024903318290734378
PrNdZn2_225,V_spread,67.08867225432829,67.08865467826094,2.6198263819186165e-07
PrNdZn2_225,V_int_min,-22.03277041952704,-22.027215897020678,0.00025210277239756337
PrNdZn2_225,rho_mid_mean,0.14476683240400146,0.1447659309205644,6.227140720672669e-06
PrNdZn2_225,rho_mid_std,0.0015037344284646544,0.0015042648322650975,0.00035272438430808
PrNdZn2_225,m1_def,0.486519772371106,0.4730241359886665,0.027739132402917727
PrNdZn2_225,m2_def,0.374869202759979,0.3644941563110927,0.027676443870288243
PrNdZn2_225,sigma_r2_def,0.13816771385194618,0.14074232308326826,0.018633942471400405
PrNdZn2_225,f_bond_def,0.05436825614181254,0.05654546912327104,0.04004566517233007
PrNdZn2_225,f_int_def,0.09656974994515345,0.09664021641080828,0.0007296950203852309
PrNdZn2_225,f_bond_dep,0.07000219723211477,0.06630641938091224,0.052795169256587726
PrNdZn2_225,def_polarity,0.20501213556454162,0.21101640746899583,0.02928739748952059
PrNdZn2_225,bond_charge_transfer_pair_mean,-0.027027173767626506,-0.04854112867203943,0.7960120095939374
PrNdZn2_225,bond_charge_transfer_pair_std,0.0880753259767562,0.1498565407298559,0.7014588259304799
PrNdZn2_225,rho_perc_a,0.1442360615064085,0.14419790994024398,0.000264507819792508
PrNdZn2_225,rho_perc_b,0.14423604870195245,0.14419790994024398,0.00026441906896157875
PrNdZn2_225,rho_perc_c,0.1442365611511353,0.14419789882117176,0.00026804805699048677
PrNdZn2_225,perc_anisotropy,3.5528466387484926e-06,7.710980352570361e-08,0.9782963321060022
PrNdZn2_225,n_max,0.1705922828529976,0.1705922828529976,0.0
PrNdZn2_225,n_min,0.3712890862094654,0.49170716822334604,0.3243243243243243
PrNdZn2_225,n_saddle1,7.887384371909183,10.195397610508563,0.2926208651399491
PrNdZn2_225,n_saddle2,5.198047206932515,7.887384371909183,0.5173745173745173
PrNdZn2_225,n_NNM,0.0,0.0,0.0
PrNdZn2_225,Q_NNM,0.0,0.0,0.0
PrNdZn2_225,rho_min,0.08542800820046155,0.0854119654962144,0.00018779209049928203
PrNdZn2_225,rho_min_ratio,0.16692432839611324,0.1668929813275285,0.0001877920904995298
PrNdZn2_225,rho_int_mean,0.10913298377920318,0.109043149156337,0.0008231665602392475
PrNdZn2_225,T_eigenvalues_t1,0.33333236525334403,0.3333323861226294,6.260803789492067e-08
PrNdZn2_225,T_eigenvalues_t2,0.33333238689968037,0.33333240825474836,6.406538587608368e-08
PrNdZn2_225,T_eigenvalues_t3,0.3333352478469755,0.33333520562262237,1.2667233182747093e-07
PrNdZn2_225,charge_FA,4.974158325791368e-06,4.864463546415267e-06,0.022052932816256723
PrNdZn2_225,shannon_entropy,-1.100082925893032,-1.1000829194992265,5.812112282235963e-09
PrNdZn2_225,fisher_information,4.024696662057514,4.024688627137938,1.9964037666873236e-06
PrNdZn2_225,disequilibrium,7.225101277867639,7.225101269735677,1.1255152637846371e-09
PrNdZn2_225,LMC_complexity,2.4048278614253102,2.4048278740946416,5.268290327559287e-09
PrNdZn2_225,M_abs_per_atom,1.6550887658117515,1.655088765811752,2.6831745766352027e-16
PrNdZn2_225,M_net_per_atom,1.6550887658117515,1.655088765811752,2.6831745766352027e-16
PrNdZn2_225,m1_spin,0.7389405258492144,0.7389785309713209,5.143190930396256e-05
PrNdZn2_225,sigma_r2_spin,0.18211010139365902,0.18220824690573678,0.0005389350251670355
PrNdZn2_225,f_bond_spin,0.22125890171229634,0.2283988474476774,0.03226964284883401
PrNdZn2_225,mu_site_std,1.513778300739803,1.5132802092283806,0.00032903861231126346
PrNdZn2_225,spin_frustration,0.0,0.0,0.0
PrNdZn2_225,spin_charge_correlation,0.3788793165919551,0.37887931686445914,7.192369902924015e-10
PrNdZn2_225,m1_site_std,0.08740606264552635,0.08708361619832257,0.003689062719956321
PrNdZn2_225,m1_site_range,0.19422821292186754,0.1935982985246435,0.003243166313214431
PrNdZn2_225,m1_site_max,0.9069270993265581,0.9066006558116613,0.0003599446031982711
PrNdZn2_225,m1_site_min,0.7126988864046906,0.7130023572870178,0.0004258051866168685
PrNdZn2_225,m1_within_element_var,2.7528062996564606e-07,3.3509247119255265e-07,0.217275880378401
PrNdZn2_225,m1_between_element_var,0.00763954450656371,0.007583221117705556,0.007372610868326353
PrNdZn2_225,f_bond_site_std,0.1135736927224474,0.11642241347375322,0.025082575753414625
PrNdZn2_225,f_bond_site_range,0.24714871743633615,0.2530065065688382,0.023701474938914033
PrNdZn2_225,f_bond_site_max,0.45746413046513623,0.4671490306183387,0.021170840527660873
PrNdZn2_225,f_bond_site_min,0.21031541302880008,0.21414252404950046,0.018197006893528555
PrNdZn2_225,f_bond_within_element_var,7.679784368910967e-09,9.156833536666055e-09,0.1923295104136552
PrNdZn2_225,f_bond_between_element_var,0.012898975998828532,0.013554169202220016,0.05079420284610097
PrNdZn2_225,zeta_site_std,0.0027196524833001446,0.002704388363582595,0.005612525795585326
PrNdZn2_225,zeta_site_range,0.006454520794995644,0.006430673141058163,0.003694721063718736
PrNdZn2_225,zeta_site_max,0.007860465091356739,0.007869108449614304,0.0010995988350701088
PrNdZn2_225,zeta_site_min,0.0014059442963610946,0.0014384353085561408,0.023109743593071434
PrNdZn2_225,zeta_within_element_var,8.37980131867204e-11,5.12047652267842e-11,0.388950128057467
PrNdZn2_225,zeta_between_element_var,7.3964258319074554e-06,7.31366521631572e-06,0.011189271341668106
PrNdZn2_225,mu_site_range,3.5037471320472373,3.502895188810422,0.0002431520325833177
PrNdZn2_225,mu_site_max,3.7037766541215023,3.703426761477048,9.4469153280323e-05
PrNdZn2_225,mu_site_min,0.20002952207426505,0.200531572666626,0.0025098824771202792
PrNdZn2_225,mu_within_element_var,3.2633586773134274e-07,3.764321526090545e-07,0.15351142743203983
PrNdZn2_225,mu_between_element_var,2.2915244174548173,2.2900166152101393,0.0006579909134691457
Ti5Se4_87,zeta,0.055643278793169104,0.05556845255132847,0.0013447489699298014
Ti5Se4_87,m1,1.0371390053424285,1.0371353101281597,3.5628920036375635e-06
Ti5Se4_87,m2,1.2080107075519793,1.2079989638942334,9.721484811677837e-06
Ti5Se4_87,sigma_r2,0.13235339114929734,0.13234931237959935,3.0817266279105346e-05
Ti5Se4_87,f_core,0.27986604654566344,0.2798945056336554,0.00010168824815746211
Ti5Se4_87,f_bond,0.6196526800014084,0.6194311912724902,0.00035744012100074604
Ti5Se4_87,f_int,0.10048127345292769,0.10067430309385449,0.0019210509012629442
Ti5Se4_87,lnf,0.16350522976680384,0.16337059070969293,0.0008234541323414878
Ti5Se4_87,lnf_charge_weighted,0.4073716988030249,0.40710461841503237,0.0006556184162455591
Ti5Se4_87,lap_concentration,0.5000000000000002,0.5,4.440892098500624e-16
Ti5Se4_87,lap_concentration_valence,0.26813182668487573,0.2682291208889871,0.00036285958781651957
Ti5Se4_87,ellip_bond_avg,4.5896581678079285,8.152288930248165,0.7762300877718282
Ti5Se4_87,ellip_bond_std,230.45255762016185,875.6295232223298,2.799608614739551
Ti5Se4_87,f_H_negative,0.9718929457102019,0.9714843982464145,0.0004203626187335236
Ti5Se4_87,H_bond_mean,-0.015012965527725223,-0.015022984260552688,0.0006673386952740143
Ti5Se4_87,G_over_rho,0.49694047545503905,0.49688182503125394,0.00011802303632322654
Ti5Se4_87,f_ELF_localized,0.34375962786563163,0.3440717303763068,0.0009079091474847183
Ti5Se4_87,ELF_bond_avg,0.44059595862688333,0.44065623787530317,0.00013681298532037576
Ti5Se4_87,ELF_core_valence_contrast,1.9171064165765008,1.917192551654001,4.4929731993658195e-05
Ti5Se4_87,zeta_ELF,0.10786126940895369,0.109394342872558,0.01421338235684676
Ti5Se4_87,f_NCI,0.45300405398785026,0.4525959978366685,0.0009007781444550241
Ti5Se4_87,NCI_attractive,0.500326129201237,0.5010057557109,0.0013583670130281544
Ti5Se4_87,sign_lambda2_rho_mean,-0.004398878205469048,-0.004434545888877117,0.008108358936540569
Ti5Se4_87,V_spread,2.0131326912314513,2.013132428313485,1.3060140926349265e-07
Ti5Se4_87,V_int_min,-34.68120353248617,-34.681114751695894,2.559910880698189e-06
Ti5Se4_87,rho_mid_mean,0.28196602859755937,0.2819653549039917,2.389272108435032e-06
Ti5Se4_87,rho_mid_std,0.052923688071047366,0.05292333185394817,6.73076862509192e-06
Ti5Se4_87,m1_def,0.7973746629176263,0.7951475175988495,0.002793097677103952
Ti5Se4_87,m2_def,0.894547066648729,0.8919988522359464,0.0028486085392118972
Ti5Se4_87,sigma_r2_def,0.2587407135857308,0.2597392774923337,0.0038593226893611733
Ti5Se4_87,f_bond_def,0.4718928919746853,0.4709922029389515,0.0019086726056940318
Ti5Se4_87,f_int_def,0.06219935002745118,0.06225749132478063,0.0009347573134412208
Ti5Se4_87,f_bond_dep,0.18282249082070157,0.18148466722227186,0.007317609515241461
Ti5Se4_87,def_polarity,0.11262904765601764,0.11294774748494248,0.0028296415139563635
Ti5Se4_87,bond_charge_transfer_pair_mean,0.006005810823253355,0.005628866406963985,0.06276328498891656
Ti5Se4_87,bond_charge_transfer_pair_std,0.029425750447106273,0.029295884868450743,0.004413331068275289
Ti5Se4_87,rho_perc_a,0.23134344924164366,0.231324398713462,8.234738543108274e-05
Ti5Se4_87,rho_perc_b,0.2186397743190742,0.21897454762935495,0.0015311638119064335
Ti5Se4_87,rho_perc_c,0.2186397743190742,0.21897454762935495,0.0015311638119064335
Ti5Se4_87,perc_anisotropy,0.05699927296631839,0.05535786727848758,0.028796958319112942
Ti5Se4_87,n_max,0.29809856800706214,0.2615967025368096,0.1224489795918368
Ti5Se4_87,n_min,0.07300373094050501,0.07300373094050501,0.0
Ti5Se4_87,n_saddle1,6.004556869856537,4.623569626231984,0.22998986828774057
Ti5Se4_87,n_saddle2,8.602272962489508,6.466913832479736,0.24823196605374828
Ti5Se4_87,n_NNM,0.0,0.0,0.0
Ti5Se4_87,Q_NNM,0.0,0.0,0.0
Ti5Se4_87,rho_min,-0.31097732749161494,-0.31558158319307594,0.01480576008096651
Ti5Se4_87,rho_min_ratio,-1.1617488219550538,-1.1789493962872664,0.014805760080966988
Ti5Se4_87,rho_int_mean,0.09737234441913407,0.09744793555140362,0.0007763100777790087
Ti5Se4_87,T_eigenvalues_t1,0.33110003951263817,0.3311000362756653,9.776419420513378e-09
Ti5Se4_87,T_eigenvalues_t2,0.3311000942001663,0.33110009108775057,9.400225999828533e-09
Ti5Se4_87,T_eigenvalues_t3,0.3377998662871954,0.3377998726365842,1.87963034512174e-08
Ti5Se4_87,charge_FA,0.01160387215999947,0.011603888653975604,1.4214200145544566e-06
Ti5Se4_87,shannon_entropy,-0.27122635622987,-0.2712195036723246,2.526508721590717e-05
Ti5Se4_87,fisher_information,1.414705324064582,1.329282103485412,0.06038234190972072
Ti5Se4_87,disequilibrium,1.625763523959007,1.625753698180634,6.043793102832754e-06
Ti5Se4_87,LMC_complexity,1.2395534702165445,1.2395544727010825,8.087465060086442e-07
Ti5Se4_87,M_abs_per_atom,0.0,0.0,0.0
Ti5Se4_87,M_net_per_atom,0.0,0.0,0.0
Ti5Se4_87,m1_spin,0.0,0.0,0.0
Ti5Se4_87,sigma_r2_spin,0.0,0.0,0.0
Ti5Se4_87,f_bond_spin,0.0,0.0,0.0
Ti5Se4_87,mu_site_std,0.0,0.0,0.0
Ti5Se4_87,spin_frustration,0.0,0.0,0.0
Ti5Se4_87,spin_charge_correlation,0.0,0.0,0.0
Ti5Se4_87,m1_site_std,0.01063322604758467,0.010883013176178322,0.02349118954829251
Ti5Se4_87,m1_site_range,0.021791645565943263,0.022159033761830704,0.01685913047620453
Ti5Se4_87,m1_site_max,1.0464340390389373,1.0466431767554598,0.00019985752443088482
Ti5Se4_87,m1_site_min,1.024642393472994,1.024484142993629,0.0001544445948879027
Ti5Se4_87,m1_within_element_var,9.543745388804174e-08,9.153909293713991e-08,0.04084728575717263
Ti5Se4_87,m1_between_element_var,0.00011297005872514695,0.00011834843669993405,0.04760888004734556
Ti5Se4_87,f_bond_site_std,0.046968675518041625,0.04723920097484978,0.005759699498109971
Ti5Se4_87,f_bond_site_range,0.09912887138884807,0.09987662654431839,0.007543263077586514
Ti5Se4_87,f_bond_site_max,0.6597694898158578,0.6599230687897325,0.0002327767140574425
Ti5Se4_87,f_bond_site_min,0.5606406184270097,0.5600464422454141,0.0010598165064506211
Ti5Se4_87,f_bond_within_element_var,9.562198831780807e-05,9.849975419656427e-05,0.03009523154017351
Ti5Se4_87,f_bond_between_element_var,0.0021104344916012714,0.002133042354545686,0.010712421084087393
Ti5Se4_87,zeta_site_std,0.06214811511407001,0.06203364904684845,0.001841826852052682
Ti5Se4_87,zeta_site_range,0.13188827359373168,0.13159688046528983,0.002209393758079267
Ti5Se4_87,zeta_site_max,0.143067700006146,0.1427819467580116,0.0019973288738277476
Ti5Se4_87,zeta_site_min,0.011179426412414317,0.011185066292721757,0.0005044874485847427
Ti5Se4_87,zeta_within_element_var,0.0003540192003739011,0.00034684907577048763,0.020253490759373056
Ti5Se4_87,zeta_between_element_var,0.003508369011857796,0.0035013245382970737,0.0020079055358523785
Ti5Se4_87,mu_site_range,0.0,0.0,0.0
Ti5Se4_87,mu_site_max,0.0,0.0,0.0
Ti5Se4_87,mu_site_min,0.0,0.0,0.0
Ti5Se4_87,mu_within_element_var,0.0,0.0,0.0
Ti5Se4_87,mu_between_element_var,0.0,0.0,0.0
ThCl4_88,zeta,0.012683203882644212,0.012680401781546613,0.00022093006810630268
ThCl4_88,m1,0.9449043927387272,0.9449043651730349,2.917299622711167e-08
ThCl4_88,m2,1.0192092642992656,1.0192093253141532,5.986492639345968e-08
ThCl4_88,sigma_r2,0.12636495288232286,0.1263650659910971,8.950960820677931e-07
ThCl4_88,f_core,0.3869021767487169,0.38699112531563584,0.0002298993706016383
ThCl4_88,f_bond,0.5349212206578595,0.534840365183747,0.00015115398490469256
ThCl4_88,f_int,0.07817660259342289,0.07816850950061698,0.00010352320946980236
ThCl4_88,lnf,0.11241500289351852,0.11225895316804407,0.0013881574652652262
ThCl4_88,lnf_charge_weighted,0.5031782757274293,0.5026959522554308,0.0009585538471453728
ThCl4_88,lap_concentration,0.5000000000000001,0.49999999999999983,5.551115123125782e-16
ThCl4_88,lap_concentration_valence,0.1429957959242892,0.14303573382908313,0.00027929425851840923
ThCl4_88,ellip_bond_avg,1.8471804069406597,1.3473563507689605,0.2705875691912078
ThCl4_88,ellip_bond_std,77.91624743435716,24.26596839632007,0.6885634357999126
ThCl4_88,f_H_negative,0.8279218622876783,0.8280408347579267,0.0001437001191388413
ThCl4_88,H_bond_mean,-0.025613852779341386,-0.025604262278336426,0.0003744263343582252
ThCl4_88,G_over_rho,0.779881635273025,0.7798470075651135,4.440123519435591e-05
ThCl4_88,f_ELF_localized,0.5316635396084812,0.5324000903138406,0.0013853699764738107
ThCl4_88,ELF_bond_avg,0.49841439661022885,0.49829012571988546,0.0002493324654917113
ThCl4_88,ELF_core_valence_contrast,1.5864052159868798,1.5871408470391077,0.00046370942607518666
ThCl4_88,zeta_ELF,0.03488987845748548,0.05365520675410307,0.5378444731323381
ThCl4_88,f_NCI,0.047506148726851855,0.0475557991791758,0.0010451373907286144
ThCl4_88,NCI_attractive,0.4560127907419392,0.4592138318309443,0.007019630049843466
ThCl4_88,sign_lambda2_rho_mean,-0.004464759276782654,-0.004574527706017396,0.024585520165790926
ThCl4_88,V_spread,10.502059663219505,10.50205859261366,1.0194246462947188e-07
ThCl4_88,V_int_min,-38.89923590590343,-38.88517963956063,0.0003613507056231236
ThCl4_88,rho_mid_mean,0.34071316357228776,0.34070769167758175,1.6060121213513567e-05
ThCl4_88,rho_mid_std,0.03110117307526286,0.03110132837000345,4.9932116776425895e-06
ThCl4_88,m1_def,0.7241119276063782,0.7562435015348498,0.044373766959875334
ThCl4_88,m2_def,0.814359818463722,0.8506324453784327,0.044541277813950314
ThCl4_88,sigma_r2_def,0.2900217347618972,0.2787282117647424,0.03894026427511231
ThCl4_88,f_bond_def,0.24779136290089032,0.24757793990544447,0.0008613011888199622
ThCl4_88,f_int_def,0.0,0.0,0.0
ThCl4_88,f_bond_dep,0.2897497953939961,0.3157460450406312,0.08971964798555221
ThCl4_88,def_polarity,0.15869648609446926,0.15192773842144422,0.04265215846679633
ThCl4_88,bond_charge_transfer_pair_mean,0.010874383447813569,0.04498642318981291,3.1369171324244594
ThCl4_88,bond_charge_transfer_pair_std,0.10553088478508309,0.035939105305687086,0.6594446698814458
ThCl4_88,rho_perc_a,0.307674425445909,0.308480852423051,0.0026210400034817967
ThCl4_88,rho_perc_b,0.30743797744545254,0.3068629000619607,0.0018705476410892095
ThCl4_88,rho_perc_c,0.30779111755572397,0.308480852423051,0.0022409186879870503
ThCl4_88,perc_anisotropy,0.0011479209986121617,0.005254089420744486,3.5770479215004243
ThCl4_88,n_max,0.3671806236570838,0.40389868602279216,0.09999999999999991
ThCl4_88,n_min,0.05874889978513341,0.05874889978513341,0.0
ThCl4_88,n_saddle1,5.103810668833465,3.8186784860336713,0.25179856115107924
ThCl4_88,n_saddle2,5.918951653352191,4.538352508401556,0.2332506203473945
ThCl4_88,n_NNM,0.0,0.0,0.0
ThCl4_88,Q_NNM,0.0,0.0,0.0
ThCl4_88,rho_min,-0.37560407186160283,-0.35951963625692784,0.04282284674113316
ThCl4_88,rho_min_ratio,-1.2786761068667314,-1.2239195559108285,0.04282284674113322
ThCl4_88,rho_int_mean,0.04728673764783422,0.04729345837203629,0.0001421270431494001
ThCl4_88,T_eigenvalues_t1,0.33209523036785366,0.3320952375571204,2.164820834530089e-08
ThCl4_88,T_eigenvalues_t2,0.33394935322741093,0.3339493473478643,1.7606102753363006e-08
ThCl4_88,T_eigenvalues_t3,0.3339554164047357,0.3339554150950152,3.921842360939056e-09
ThCl4_88,charge_FA,0.0032166876244365565,0.003216668965829113,5.800565557451916e-06
ThCl4_88,shannon_entropy,-0.7461791327520375,-0.7461828392872034,4.967353016471339e-06
ThCl4_88,fisher_information,2.3783127233709607,2.392590124269093,0.006003163821911491
ThCl4_88,disequilibrium,3.032597138590517,3.032601602896769,1.4721065964938918e-06
ThCl4_88,LMC_complexity,1.4379813086860718,1.437978095621585,2.2344271565195437e-06
ThCl4_88,M_abs_per_atom,0.0,0.0,0.0
ThCl4_88,M_net_per_atom,0.0,0.0,0.0
ThCl4_88,m1_spin,0.0,0.0,0.0
ThCl4_88,sigma_r2_spin,0.0,0.0,0.0
ThCl4_88,f_bond_spin,0.0,0.0,0.0
ThCl4_88,mu_site_std,0.0,0.0,0.0
ThCl4_88,spin_frustration,0.0,0.0,0.0
ThCl4_88,spin_charge_correlation,0.0,0.0,0.0
ThCl4_88,m1_site_std,0.00921279988766725,0.00919595405805076,0.0018285244249189145
ThCl4_88,m1_site_range,0.023066110334883483,0.02302570285119898,0.0017518117748440718
ThCl4_88,m1_site_max,0.9625456524031817,0.9625134702414541,3.343442635398539e-05
ThCl4_88,m1_site_min,0.9394795420682982,0.9394877673902551,8.755190069141978e-06
ThCl4_88,m1_within_element_var,7.00790166082718e-10,1.2836796561086963e-09,0.8317603731288328
ThCl4_88,m1_between_element_var,8.487498098003653e-05,8.456428735812434e-05,0.0036606031403443352
ThCl4_88,f_bond_site_std,0.04450672456984063,0.044834781040799555,0.007370941675209857
ThCl4_88,f_bond_site_range,0.11168726775059346,0.11347614200628942,0.016016814554821582
ThCl4_88,f_bond_site_max,0.6201427409208743,0.6206827460306933,0.0008707755072922768
ThCl4_88,f_bond_site_min,0.5084554731702808,0.5072066040244039,0.0024562015983230824
ThCl4_88,f_bond_within_element_var,1.47330811817347e-07,5.281381275365673e-07,2.5847092744681626
ThCl4_88,f_bond_between_element_var,0.0019807012011238403,0.0020096294528489014,0.014605055880537305
ThCl4_88,zeta_site_std,0.002408467947412215,0.0024075901610354383,0.00036445840091832064
ThCl4_88,zeta_site_range,0.006046358163191767,0.006032897972139795,0.0022261650217669728
ThCl4_88,zeta_site_max,0.01738366752531406,0.017379170231803798,0.000258707979988394
ThCl4_88,zeta_site_min,0.011337309362122294,0.011346272259664003,0.0007905665493837292
ThCl4_88,zeta_within_element_var,1.7786364117990348e-10,2.1375859714038768e-10,0.20181165595377404
ThCl4_88,zeta_between_element_var,5.800539990070828e-06,5.796276624917507e-06,0.0007349945282024462
ThCl4_88,mu_site_range,0.0,0.0,0.0
ThCl4_88,mu_site_max,0.0,0.0,0.0
ThCl4_88,mu_site_min,0.0,0.0,0.0
ThCl4_88,mu_within_element_var,0.0,0.0,0.0
ThCl4_88,mu_between_element_var,0.0,0.0,0.0
EuAg5_191,zeta,0.0046007663534927135,0.0046093271131484315,0.0018607247136597212
EuAg5_191,m1,0.7947974408833001,0.7947868006455964,1.3387357779953609e-05
EuAg5_191,m2,0.7796461319652414,0.7796014822446814,5.7269213210107166e-05
EuAg5_191,sigma_r2,0.14794315993059848,0.1479154237642184,0.0001874785315731265
EuAg5_191,f_core,0.5807826623752178,0.578611430317864,0.00373845880397696
EuAg5_191,f_bond,0.36024454946952056,0.3622041998020592,0.005439777882619829
EuAg5_191,f_int,0.058972788155261406,0.059184369880077,0.003587785679363628
EuAg5_191,lnf,0.08650242504409171,0.08636821041473026,0.001551570713688478
EuAg5_191,lnf_charge_weighted,0.5385627284578268,0.5384844631014796,0.00014532263785012371
EuAg5_191,lap_concentration,0.4999999999999999,0.4999999999999999,0.0
EuAg5_191,lap_concentration_valence,0.0,0.0,0.0
EuAg5_191,ellip_bond_avg,9.76365086038141,2.6100088793202416,0.7326810517251245
EuAg5_191,ellip_bond_std,1769.4426388913143,145.92706270516493,0.9175293623552562
EuAg5_191,f_H_negative,0.9044821445042821,0.9064282944662937,0.0021516731688254746
EuAg5_191,H_bond_mean,-0.018616085143772543,-0.018989056735957237,0.020034910095448284
EuAg5_191,G_over_rho,0.9260031496751364,0.927101252520798,0.0011858521712877826
EuAg5_191,f_ELF_localized,0.11562613082441091,0.11817980391070736,0.02208560528739338
EuAg5_191,ELF_bond_avg,0.3047603331000392,0.3055783460508786,0.0026841188369841726
EuAg5_191,ELF_core_valence_contrast,2.3737773392594845,2.3664074582051917,0.0031047061290895538
EuAg5_191,zeta_ELF,0.06464827948673524,0.09080710324988195,0.4046329456998785
EuAg5_191,f_NCI,0.39599867724867727,0.39584501578571374,0.00038803529352961056
EuAg5_191,NCI_attractive,0.28282632468436225,0.28489370579160317,0.007309719523273306
EuAg5_191,sign_lambda2_rho_mean,0.00428028153506139,0.004148223539698055,0.030852642351115997
EuAg5_191,V_spread,27.585638723544733,27.58564017345589,5.2560361969534076e-08
EuAg5_191,V_int_min,-57.255421904333794,-57.25541768178916,7.37492536379555e-08
EuAg5_191,rho_mid_mean,0.2103418001218085,0.2103371395236295,2.215726106887484e-05
EuAg5_191,rho_mid_std,0.05274270679924376,0.05273369982301158,0.00017077197547838815
EuAg5_191,m1_def,0.5077672762050011,0.5017919559645404,0.011767832470653819
EuAg5_191,m2_def,0.4154828742616897,0.4108383317013252,0.011178661860895776
EuAg5_191,sigma_r2_def,0.1576552674770439,0.15904316463060597,0.0088033668381183
EuAg5_191,f_bond_def,0.19357886500198143,0.19496734286714662,0.007172672828466974
EuAg5_191,f_int_def,0.07016760314013573,0.07067492202110028,0.007230101332538728
EuAg5_191,f_bond_dep,0.027968908241274883,0.027232748332969587,0.02632065227411751
EuAg5_191,def_polarity,0.17881912743789463,0.18078266962486617,0.010980604900074175
EuAg5_191,bond_charge_transfer_pair_mean,-0.013769647944212806,-0.020730822725879495,0.5055448628657477
EuAg5_191,bond_charge_transfer_pair_std,0.06436429698116312,0.11504149231057387,0.7873494733305632
EuAg5_191,rho_perc_a,0.24560489573539668,0.24530213318431285,0.0012327219706972444
EuAg5_191,rho_perc_b,0.2456048944886011,0.24530213325360525,0.0012327166183974093
EuAg5_191,rho_perc_c,0.23914945497833492,0.23926126462410574,0.00046753042268461487
EuAg5_191,perc_anisotropy,0.026516159545320977,0.024830061315717182,0.06358757295610414
EuAg5_191,n_max,0.047048890269799006,0.047048890269799006,0.0
EuAg5_191,n_min,0.03920740855816584,0.03920740855816584,0.0
EuAg5_191,n_saddle1,0.26661037819552774,0.37639112215839204,0.4117647058823527
EuAg5_191,n_saddle2,0.27445185990716087,0.3842326038700252,0.4
EuAg5_191,n_NNM,0.0,0.0,0.0
EuAg5_191,Q_NNM,0.0,0.0,0.0
EuAg5_191,rho_min,0.032876249221631515,0.03291675559127703,0.001232086098765377
EuAg5_191,rho_min_ratio,0.058230649474491906,0.05830239464823154,0.0012320860987659087
EuAg5_191,rho_int_mean,0.09693884460894432,0.0970312617525804,0.0009533551179497508
EuAg5_191,T_eigenvalues_t1,0.333281843799498,0.3332818447686682,2.907959754118212e-09
EuAg5_191,T_eigenvalues_t2,0.3333582497051023,0.33335825780584916,2.4300424118071157e-08
EuAg5_191,T_eigenvalues_t3,0.3333599064954,0.33335989742548267,2.720758297704892e-08
EuAg5_191,charge_FA,0.00013379681450425074,0.00013379382102967637,2.2373287327193004e-05
EuAg5_191,shannon_entropy,-0.9169827973280995,-0.9169827963729222,1.0416523334952147e-09
EuAg5_191,fisher_information,2.9762872974129637,2.9762858368109617,4.907463077512905e-07
EuAg5_191,disequilibrium,4.596926843654475,4.596926842192865,3.1795380652912537e-10
EuAg5_191,LMC_complexity,1.8374986279989487,1.837498629169846,6.372235392250894e-10
EuAg5_191,M_abs_per_atom,1.1991720406193858,1.1991718883372746,1.269893776581127e-07
EuAg5_191,M_net_per_atom,1.193650391361743,1.1936503913617424,3.720429474692634e-16
EuAg5_191,m1_spin,0.620358944302547,0.6203379015406578,3.3920300629899576e-05
EuAg5_191,sigma_r2_spin,0.10207394297031702,0.1020501109427126,0.00023347807394244076
EuAg5_191,f_bond_spin,0.16126570905626514,0.16447194718175942,0.019881710403639712
EuAg5_191,mu_site_std,2.585510219263178,2.585889274343479,0.00014660745777632923
EuAg5_191,spin_frustration,0.0,0.0,0.0
EuAg5_191,spin_charge_correlation,0.5572636769257393,0.5572635316993719,2.606061966525617e-07
EuAg5_191,m1_site_std,0.013282733147636984,0.01300956077502092,0.020565976111976705
EuAg5_191,m1_site_range,0.036174097067076416,0.0354883888789822,0.01895577896036294
EuAg5_191,m1_site_max,0.8032962516826146,0.8031842091714301,0.00013947844391142754
EuAg5_191,m1_site_min,0.7671221546155382,0.7676958202924479,0.000747815290508911
EuAg5_191,m1_within_element_var,1.4626320559287658e-07,2.748216790468995e-07,0.8789529323722417
EuAg5_191,m1_between_element_var,0.00017628473666574256,0.00016897384987991668,0.041472035095631764
EuAg5_191,f_bond_site_std,0.021804048390994563,0.021013981722394652,0.036234861271277556
EuAg5_191,f_bond_site_range,0.05900541084024086,0.05798251614211547,0.017335608439282106
EuAg5_191,f_bond_site_max,0.37380539137502183,0.3765050520904787,0.007222102135890296
EuAg5_191,f_bond_site_min,0.314799980534781,0.3185225359483632,0.011825144992888429
EuAg5_191,f_bond_within_element_var,7.311270100540856e-08,2.222765873951701e-06,29.401911615702318
EuAg5_191,f_bond_between_element_var,0.0004753434135358277,0.0004393646619551844,0.07569001811346547
EuAg5_191,zeta_site_std,0.0008746281811447957,0.0008574789397704559,0.01960746491371144
EuAg5_191,zeta_site_range,0.002309447506987139,0.0023570387295864803,0.020607189579046958
EuAg5_191,zeta_site_max,0.0057681993723024405,0.00581651831050678,0.008376780184879801
EuAg5_191,zeta_site_min,0.0034587518653153015,0.0034594795809202994,0.00021039832671879407
EuAg5_191,zeta_within_element_var,4.5046067691614124e-07,4.1640963341748046e-07,0.07559160042953049
EuAg5_191,zeta_between_element_var,3.145137783365124e-07,3.1886049873238454e-07,0.0138204450655939
EuAg5_191,mu_site_range,6.941914360598412,6.94303067763755,0.0001608082412358508
EuAg5_191,mu_site_max,6.975019493505785,6.975867349995646,0.0001215561462803142
EuAg5_191,mu_site_min,0.03310513290737262,0.03283667235809614,0.008109333076161419
EuAg5_191,mu_within_element_var,1.7354869184674955e-05,1.674782193521395e-05,0.03497849756177092
EuAg5_191,mu_between_element_var,6.684845739045142,6.686806591342709,0.00029332798004808367
CaAu5_216,zeta,0.007043854855122489,0.007121692890573517,0.01105048826984584
CaAu5_216,m1,0.8722043727288596,0.872242062173743,4.321171282991977e-05
CaAu5_216,m2,0.9076275252744269,0.9077602292645465,0.00014620974620555916
CaAu5_216,sigma_r2,0.14688705746708342,0.14695401423944277,0.00045583847558764454
CaAu5_216,f_core,0.47639438325096645,0.47900899860234547,0.005488342103314921
CaAu5_216,f_bond,0.44802861126800564,0.4457476164510001,0.005091181142538885
CaAu5_216,f_int,0.07557700548102829,0.0752433849466546,0.0044143126900871715
CaAu5_216,lnf,0.13368981481481482,0.13326461226851852,0.003180515635280696
CaAu5_216,lnf_charge_weighted,0.5493642057877687,0.5484785032696582,0.001612231937900689
CaAu5_216,lap_concentration,0.4999999999999998,0.5,4.440892098500628e-16
CaAu5_216,lap_concentration_valence,0.047683429153088534,0.0449444045118007,0.057441855376930744
CaAu5_216,ellip_bond_avg,1.8760082271488567,3.5758467054480025,0.906093296233859
CaAu5_216,ellip_bond_std,44.32333499860096,123.61206235574942,1.7888709719079383
CaAu5_216,f_H_negative,0.8568387783403748,0.8560613214971511,0.0009073548757090474
CaAu5_216,H_bond_mean,-0.027048009518606204,-0.02663247030313432,0.015363023855268733
CaAu5_216,G_over_rho,0.8688370420895853,0.868165662642639,0.0007727334522152782
CaAu5_216,f_ELF_localized,0.20777566355984134,0.20530739446595522,0.011879490848913744
CaAu5_216,ELF_bond_avg,0.3608224326869193,0.35960969049687525,0.0033610498688044716
CaAu5_216,ELF_core_valence_contrast,1.9993396537783195,2.0087399109876927,0.004701680973319744
CaAu5_216,zeta_ELF,0.026219591680589183,0.03676055720075144,0.40202630340601064
CaAu5_216,f_NCI,0.35091203703703705,0.35128219039351855,0.001054832315263176
CaAu5_216,NCI_attractive,0.2935406414501893,0.2941645859610286,0.0021255813428655308
CaAu5_216,sign_lambda2_rho_mean,0.00560368727353866,0.0057476894790306965,0.025697759075891613
CaAu5_216,V_spread,16.234013430367146,16.23401490845079,9.1048565986231e-08
CaAu5_216,V_int_min,-30.162433747669176,-30.16210137032274,1.1019579826209924e-05
CaAu5_216,rho_mid_mean,0.18875423800617258,0.18875706848571913,1.4995581431437942e-05
CaAu5_216,rho_mid_std,0.09951725530733174,0.09951787450918832,6.222055207090879e-06
CaAu5_216,m1_def,0.6365972509671498,0.6374121152310103,0.0012800310755701158
CaAu5_216,m2_def,0.5696854693192422,0.5698963692271217,0.0003702041200585645
CaAu5_216,sigma_r2_def,0.16442940938030992,0.16360216458385102,0.005031002662945552
CaAu5_216,f_bond_def,0.29895653004022205,0.2964127441913732,0.008508882038825513
CaAu5_216,f_int_def,0.08900590127280714,0.08780421884935935,0.013501154488224046
CaAu5_216,f_bond_dep,0.05589165724696388,0.054520001017593654,0.024541341175649854
CaAu5_216,def_polarity,0.18799188357475166,0.1880236862897352,0.00016917068108898567
CaAu5_216,bond_charge_transfer_pair_mean,0.0009450417117019052,0.0035321303651704035,2.7375391175162695
CaAu5_216,bond_charge_transfer_pair_std,0.01782401427944706,0.015912532064373302,0.10724195936478205
CaAu5_216,rho_perc_a,0.3347776437266942,0.33477289539546656,1.4183537391558083e-05
CaAu5_216,rho_perc_b,0.3347776437266942,0.33477289539546695,1.4183537390397379e-05
CaAu5_216,rho_perc_c,0.3347776437266942,0.33477289539546695,1.4183537390397379e-05
CaAu5_216,perc_anisotropy,0.0,1.160721384447143e-15,1.1607213844471429e+285
CaAu5_216,n_max,0.04877631294959104,0.04877631294959104,0.0
CaAu5_216,n_min,0.4715043585127134,0.4715043585127134,0.0
CaAu5_216,n_saddle1,3.7395173261353127,3.178589727215016,0.15
CaAu5_216,n_saddle2,2.5444976588703323,2.300616094122377,0.09584664536741211
CaAu5_216,n_NNM,0.0,0.0,0.0
CaAu5_216,Q_NNM,0.0,0.0,0.0
CaAu5_216,rho_min,0.06530465663394974,0.06536708045664978,0.0009558862402407442
CaAu5_216,rho_min_ratio,0.1275104804959311,0.12763236600972366,0.000955886240240791
CaAu5_216,rho_int_mean,0.12038938885062084,0.12031769047621155,0.0005955539362215189
CaAu5_216,T_eigenvalues_t1,0.3333333333331373,0.3333333333332698,3.9751535396727105e-13
CaAu5_216,T_eigenvalues_t2,0.3333333333332564,0.3333333333332899,1.0058620603106241e-13
CaAu5_216,T_eigenvalues_t3,0.3333333333336063,0.3333333333334403,4.981015599976685e-13
CaAu5_216,charge_FA,7.315530866061011e-13,2.7938850485646505e-13,0.618088543440321
CaAu5_216,shannon_entropy,-0.6434473874761464,-0.643447386973814,7.806891560639685e-10
CaAu5_216,fisher_information,2.115898338406044,2.1158975847942068,3.5616637326075705e-07
CaAu5_216,disequilibrium,2.998495495201599,2.998495494771246,1.4352300585039105e-10
CaAu5_216,LMC_complexity,1.5756427335046468,1.5756427340700023,3.5880947383503244e-10
CaAu5_216,M_abs_per_atom,0.0,0.0,0.0
CaAu5_216,M_net_per_atom,0.0,0.0,0.0
CaAu5_216,m1_spin,0.0,0.0,0.0
CaAu5_216,sigma_r2_spin,0.0,0.0,0.0
CaAu5_216,f_bond_spin,0.0,0.0,0.0
CaAu5_216,mu_site_std,0.0,0.0,0.0
CaAu5_216,spin_frustration,0.0,0.0,0.0
CaAu5_216,spin_charge_correlation,0.0,0.0,0.0
CaAu5_216,m1_site_std,0.028760075832314953,0.027939220262163722,0.028541495333225565
CaAu5_216,m1_site_range,0.08847427819050546,0.08527770517652433,0.03612996996819995
CaAu5_216,m1_site_max,0.8939271411910146,0.8925010769179577,0.0015952802050029637
CaAu5_216,m1_site_min,0.8054528630005091,0.8072233717414333,0.002198153141238627
CaAu5_216,m1_within_element_var,3.4943551474514594e-05,2.847775905118732e-05,0.1850353541780942
CaAu5_216,m1_between_element_var,0.0007921984104059892,0.0007521222698065149,0.05058851428259726
CaAu5_216,f_bond_site_std,0.06304697913215257,0.06371887780901683,0.010657111349552507
CaAu5_216,f_bond_site_range,0.17270414973469073,0.17454979593139985,0.010686750721070813
CaAu5_216,f_bond_site_max,0.4740082386205172,0.4720517953787681,0.004127445648292602
CaAu5_216,f_bond_site_min,0.3013040888858265,0.29750199944736827,0.012618778100615
CaAu5_216,f_bond_within_element_var,0.00014187728870930792,0.00014560703010176143,0.026288502031465863
CaAu5_216,f_bond_between_element_var,0.003833044288980778,0.003914488359138659,0.021247881322951547
CaAu5_216,zeta_site_std,0.0019153463386105529,0.0020247620833757276,0.057125827616402815
CaAu5_216,zeta_site_range,0.004935913444690465,0.005282382475684244,0.07019349809840646
CaAu5_216,zeta_site_max,0.008344426884843048,0.008521282520240536,0.021194461625487018
CaAu5_216,zeta_site_min,0.003408513440152583,0.003238900044556292,0.04976169188545082
CaAu5_216,zeta_within_element_var,3.210012263244698e-06,3.6351633843624976e-06,0.1324453261396748
CaAu5_216,zeta_between_element_var,4.58539333584152e-07,4.644981099135196e-07,0.012995125811326004
CaAu5_216,mu_site_range,0.0,0.0,0.0
CaAu5_216,mu_site_max,0.0,0.0,0.0
CaAu5_216,mu_site_min,0.0,0.0,0.0
CaAu5_216,mu_within_element_var,0.0,0.0,0.0
CaAu5_216,mu_between_element_var,0.0,0.0,0.0
Ni2B_140,zeta,0.009237972729297272,0.009263987284203634,0.0028160458651127285
Ni2B_140,m1,0.6670809277049176,0.6670906545475768,1.4581203352152388e-05
Ni2B_140,m2,0.5436224898206947,0.543655191041389,6.0154282257722634e-05
Ni2B_140,sigma_r2,0.09862552571304128,0.09864524965667465,0.00019998822303623023
Ni2B_140,f_core,0.6759913864142536,0.6753919623313716,0.0008867333148454013
Ni2B_140,f_bond,0.3237550196983731,0.32434576795993936,0.0018246767636733927
Ni2B_140,f_int,0.0002535938873733988,0.00026226970868908493,0.03421147648922467
Ni2B_140,lnf,0.15666666666666668,0.15632233796296297,0.002197842789598157
Ni2B_140,lnf_charge_weighted,0.49644099508408784,0.4958015554902995,0.0012880475225057956
Ni2B_140,lap_concentration,0.4999999999999999,0.5000000000000002,6.661338147750941e-16
Ni2B_140,lap_concentration_valence,0.0014004893671690098,0.0015168056468403358,0.08305402554140853
Ni2B_140,ellip_bond_avg,4.857076573520175,5.203622348740988,0.07134863327255596
Ni2B_140,ellip_bond_std,51.279560770977064,42.01619122943475,0.18064447905304884
Ni2B_140,f_H_negative,0.872086398652498,0.8745892132225015,0.0028699158407592073
Ni2B_140,H_bond_mean,-0.0127611206389593,-0.012767168605427438,0.00047393694012062317
Ni2B_140,G_over_rho,0.8379433107137156,0.8386559584978789,0.0008504725499344931
Ni2B_140,f_ELF_localized,0.057665155681058185,0.060289000579934277,0.04550139278888604
Ni2B_140,ELF_bond_avg,0.30506323760274073,0.30524834263723877,0.0006067759457109075
Ni2B_140,ELF_core_valence_contrast,2.21196531240715,2.2132764750807556,0.0005927591478270863
Ni2B_140,zeta_ELF,0.11653989066193227,0.17649437631985365,0.51445462422684
Ni2B_140,f_NCI,0.2737777777777778,0.2734375,0.0012428977272727593
Ni2B_140,NCI_attractive,0.21012581168831168,0.21236772486772487,0.010669384981311642
Ni2B_140,sign_lambda2_rho_mean,0.022456066859326933,0.022287215139053355,0.007519202776306614
Ni2B_140,V_spread,76.68289354215797,76.68287722179413,2.1282926461078938e-07
Ni2B_140,V_int_min,-17.15680745852266,-17.156825512507464,1.0522927908815262e-06
Ni2B_140,rho_mid_mean,0.5044980718613963,0.5045839135591446,0.00017015267755446007
Ni2B_140,rho_mid_std,0.017222885283757206,0.017253030824159982,0.0017503188290528147
Ni2B_140,m1_def,0.4698136653562441,0.47105256645417687,0.002637005241202105
Ni2B_140,m2_def,0.2844835394097286,0.2853906617049476,0.003188663558887011
Ni2B_140,sigma_r2_def,0.06375865925425969,0.06350014134188087,0.004054632192748839
Ni2B_140,f_bond_def,0.054197616118395284,0.05486438830013571,0.012302610880224938
Ni2B_140,f_int_def,0.0,0.0,0.0
Ni2B_140,f_bond_dep,0.10766856191613756,0.10785844455262468,0.0017635847744953987
Ni2B_140,def_polarity,0.1758224919387584,0.17529276301242866,0.00301286212297716
Ni2B_140,bond_charge_transfer_pair_mean,-0.015157731198522484,-0.014199190359199691,0.06323775153211764
Ni2B_140,bond_charge_transfer_pair_std,0.02268812046283247,0.026902511137188025,0.1857531866185012
Ni2B_140,rho_perc_a,0.5043499413012739,0.5040261756921482,0.0006419463602796635
Ni2B_140,rho_perc_b,0.5043499415359473,0.5040261748680099,0.0006419484593401968
Ni2B_140,rho_perc_c,0.5043611096636447,0.5040312788706217,0.0006539576242167406
Ni2B_140,perc_anisotropy,2.2143910442789665e-05,1.012642921152265e-05,0.5426991435101318
Ni2B_140,n_max,0.3911223695883312,0.4693468435059974,0.2
Ni2B_140,n_min,0.2346734217529987,0.2346734217529987,0.0
Ni2B_140,n_saddle1,2.542295402324153,3.63743803717148,0.4307692307692307
Ni2B_140,n_saddle2,2.6987443501594854,3.9503359328421452,0.46376811594202894
Ni2B_140,n_NNM,0.0,0.0,0.0
Ni2B_140,Q_NNM,0.0,0.0,0.0
Ni2B_140,rho_min,0.2133796450701139,0.21320718222262128,0.0008082441389193745
Ni2B_140,rho_min_ratio,0.23719880437734422,0.2370070898339475,0.0008082441389196032
Ni2B_140,rho_int_mean,0.22196272636437353,0.22112117399373976,0.003791413019735028
Ni2B_140,T_eigenvalues_t1,0.33269947095232705,0.33269948463092874,4.1113986916215325e-08
Ni2B_140,T_eigenvalues_t2,0.3336502325783853,0.33365021632560504,4.8712030281421604e-08
Ni2B_140,T_eigenvalues_t3,0.3336502964692875,0.333650299043466,7.715199143309414e-09
Ni2B_140,charge_FA,0.0016468212874127855,0.0016467857513450816,2.1578581704962095e-05
Ni2B_140,shannon_entropy,-0.7148461903227723,-0.7148461827358474,1.0613366859668503e-08
Ni2B_140,fisher_information,4.033999562572267,4.033989292492482,2.545880242554023e-06
Ni2B_140,disequilibrium,4.083303134394694,4.08330312838033,1.472916391434451e-09
Ni2B_140,LMC_complexity,1.9978269449061723,1.997826957120903,6.114008429775734e-09
Ni2B_140,M_abs_per_atom,0.0,0.0,0.0
Ni2B_140,M_net_per_atom,0.0,0.0,0.0
Ni2B_140,m1_spin,0.0,0.0,0.0
Ni2B_140,sigma_r2_spin,0.0,0.0,0.0
Ni2B_140,f_bond_spin,0.0,0.0,0.0
Ni2B_140,mu_site_std,0.0,0.0,0.0
Ni2B_140,spin_frustration,0.0,0.0,0.0
Ni2B_140,spin_charge_correlation,0.0,0.0,0.0
Ni2B_140,m1_site_std,0.106543266351948,0.10651582091022245,0.0002575990268111784
Ni2B_140,m1_site_range,0.22610562796256073,0.22612304749189083,7.70415556970685e-05
Ni2B_140,m1_site_max,0.8598655823069146,0.8598665571089155,1.133667890604229e-06
Ni2B_140,m1_site_min,0.6337599543443538,0.6337435096170246,2.5947880134228174e-05
Ni2B_140,m1_within_element_var,5.363271872862949e-09,1.1893690408976486e-08,1.217618403638292
Ni2B_140,m1_between_element_var,0.011351462241670265,0.011345608210488176,0.0005157072329060675
Ni2B_140,f_bond_site_std,0.16475257506029453,0.165432699857923,0.004128158830777376
Ni2B_140,f_bond_site_range,0.3495660585824963,0.35106865471730553,0.0042984611861412595
Ni2B_140,f_bond_site_max,0.6218589771224179,0.6237260666275543,0.003002432342098061
Ni2B_140,f_bond_site_min,0.2722929185399216,0.2726574119102487,0.001338607600526652
Ni2B_140,f_bond_within_element_var,3.5893054363135685e-09,6.824726058479184e-09,0.9014057676541972
Ni2B_140,f_bond_between_element_var,0.027143407399692537,0.02736797135755558,0.008273241253623397
Ni2B_140,zeta_site_std,0.036529771088518674,0.03671258206794074,0.005004438132915659
Ni2B_140,zeta_site_range,0.07750592910605147,0.07790887156165305,0.0051988597549772865
Ni2B_140,zeta_site_max,0.08376622976288395,0.08417981862515367,0.004937417661514208
Ni2B_140,zeta_site_min,0.006260300656832474,0.00627094706350062,0.0017006222626907207
Ni2B_140,zeta_within_element_var,5.912036645325239e-11,2.1799046292356218e-10,2.6872312538172682
Ni2B_140,zeta_between_element_var,0.0013344241166592086,0.0013478134641048208,0.010033802056225562
Ni2B_140,mu_site_range,0.0,0.0,0.0
Ni2B_140,mu_site_max,0.0,0.0,0.0
Ni2B_140,mu_site_min,0.0,0.0,0.0
Ni2B_140,mu_within_element_var,0.0,0.0,0.0
Ni2B_140,mu_between_element_var,0.0,0.0,0.0
Li3YN2_206,zeta,0.04274981511668885,0.04265355586447994,0.0022516881522448916
Li3YN2_206,m1,0.7926714343688915,0.7926654390370403,7.5634513762532776e-06
Li3YN2_206,m2,0.7420754360588095,0.7420635261831007,1.6049413752494917e-05
Li3YN2_206,sigma_r2,0.11374743319437364,0.11374502793931673,2.114557655813649e-05
Li3YN2_206,f_core,0.5368400166487564,0.5340378964872274,0.0052196559023696834
Li3YN2_206,f_bond,0.4396392956253462,0.44244174112770374,0.00637441996255433
Li3YN2_206,f_int,0.023520687725897667,0.02352036238506884,1.3832113780741394e-05
Li3YN2_206,lnf,0.06186661807580175,0.06199321246355685,0.002046247098879568
Li3YN2_206,lnf_charge_weighted,0.43440018273359854,0.4347791392692721,0.0008723673486710913
Li3YN2_206,lap_concentration,0.4999999999999999,0.4999999999999999,0.0
Li3YN2_206,lap_concentration_valence,0.00236353007812972,0.0023990113452745303,0.01501198037339417
Li3YN2_206,ellip_bond_avg,79.45352009135755,4.849351679493157,0.9389661820657252
Li3YN2_206,ellip_bond_std,61207.29381106397,289.6338861080212,0.9952679841229042
Li3YN2_206,f_H_negative,0.8342995169082126,0.8336590982662749,0.0007676123849513182
Li3YN2_206,H_bond_mean,-0.008894827918105142,-0.009021483679710646,0.014239259350672807
Li3YN2_206,G_over_rho,0.6068465808944513,0.607588995129244,0.0012233969147497558
Li3YN2_206,f_ELF_localized,0.2196565847511027,0.2209075524194705,0.005695106612830633
Li3YN2_206,ELF_bond_avg,0.3201279467186841,0.3207210344090845,0.0018526582776653918
Li3YN2_206,ELF_core_valence_contrast,1.4017219233621028,1.39502666140652,0.004776455189859443
Li3YN2_206,zeta_ELF,0.2600673735931869,0.2789169800256127,0.07247970467034258
Li3YN2_206,f_NCI,0.20210495626822159,0.2020900715196793,7.364860722426994e-05
Li3YN2_206,NCI_attractive,0.18795259802083034,0.19150330020216821,0.01889147699328084
Li3YN2_206,sign_lambda2_rho_mean,0.004702936401412972,0.00460234744276978,0.021388543254161535
Li3YN2_206,V_spread,58.759006713457474,58.75900741475692,1.1935182161185323e-08
Li3YN2_206,V_int_min,-27.824537209856192,-27.839423075992148,0.0005349906100390582
Li3YN2_206,rho_mid_mean,0.3533420305933323,0.35333628734299477,1.625408199496366e-05
Li3YN2_206,rho_mid_std,0.09056952758330993,0.09055969240220896,0.00010859260684472952
Li3YN2_206,m1_def,0.7966703247181384,0.794897652858686,0.0022251009036637235
Li3YN2_206,m2_def,0.8302278915146151,0.8284550371865834,0.0021353827619514983
Li3YN2_206,sigma_r2_def,0.19554428522811107,0.1965927586663354,0.0053618209143839165
Li3YN2_206,f_bond_def,0.3600460557615928,0.3629363155687989,0.00802747248846379
Li3YN2_206,f_int_def,0.0,0.0,0.0
Li3YN2_206,f_bond_dep,0.3999042218050466,0.39922644098691706,0.0016948578713928747
Li3YN2_206,def_polarity,0.19174050818635285,0.19216496650210885,0.002213712270666675
Li3YN2_206,bond_charge_transfer_pair_mean,0.04857411092064937,0.048090205667553176,0.009962205049655027
Li3YN2_206,bond_charge_transfer_pair_std,0.024824009103765456,0.026217423933937927,0.05613174021762302
Li3YN2_206,rho_perc_a,0.46704256770453945,0.4697827279751718,0.005867046089824133
Li3YN2_206,rho_perc_b,0.46704256770453945,0.46978272797037157,0.005867046079546236
Li3YN2_206,rho_perc_c,0.46704253654239475,0.4697827279751718,0.005867113203570708
Li3YN2_206,perc_anisotropy,6.6722280892367e-08,1.02179486272867e-11,0.9998468585232605
Li3YN2_206,n_max,0.0686390851459822,0.0995266734616742,0.45000000000000007
Li3YN2_206,n_min,0.1372781702919644,0.1372781702919644,0.0
Li3YN2_206,n_saddle1,0.28828415761312526,0.30887588315691994,0.0714285714285715
Li3YN2_206,n_saddle2,0.21964507246714304,0.28142024909852703,0.28125000000000006
Li3YN2_206,n_NNM,0.0,0.0,0.0
Li3YN2_206,Q_NNM,0.0,0.0,0.0
Li3YN2_206,rho_min,0.026819543553558377,0.026826212427061798,0.0002486572334873099
Li3YN2_206,rho_min_ratio,0.08140267156355624,0.08142291292666569,0.00024865723348705754
Li3YN2_206,rho_int_mean,0.059916404287280796,0.05982824072583182,0.0014714427959704591
Li3YN2_206,T_eigenvalues_t1,0.3333333300523255,0.3333333275828703,7.4083656605785e-09
Li3YN2_206,T_eigenvalues_t2,0.3333333300541071,0.3333333275828764,7.413692066574246e-09
Li3YN2_206,T_eigenvalues_t3,0.3333333398935673,0.3333333448342529,1.4822056623456217e-08
Li3YN2_206,charge_FA,1.704398788359355e-08,2.988026599843722e-08,0.7531264515389504
Li3YN2_206,shannon_entropy,-0.8888586428351655,-0.8888586428001322,3.941381441137485e-11
Li3YN2_206,fisher_information,2.4383401042428297,2.438340076771744,1.1266306042684122e-08
Li3YN2_206,disequilibrium,4.381611167474417,4.381611167087085,8.839943333429689e-11
Li3YN2_206,LMC_complexity,1.8013886872473222,1.801388687151189,5.3366107026111824e-11
Li3YN2_206,M_abs_per_atom,0.0,0.0,0.0
Li3YN2_206,M_net_per_atom,0.0,0.0,0.0
Li3YN2_206,m1_spin,0.0,0.0,0.0
Li3YN2_206,sigma_r2_spin,0.0,0.0,0.0
Li3YN2_206,f_bond_spin,0.0,0.0,0.0
Li3YN2_206,mu_site_std,0.0,0.0,0.0
Li3YN2_206,spin_frustration,0.0,0.0,0.0
Li3YN2_206,spin_charge_correlation,0.0,0.0,0.0
Li3YN2_206,m1_site_std,0.19040552681717157,0.1903497124000317,0.0002931344382322414
Li3YN2_206,m1_site_range,0.38783241715018213,0.38857587645207425,0.0019169601843886895
Li3YN2_206,m1_site_max,1.1282272853922042,1.1281163318227894,9.834327785845667e-05
Li3YN2_206,m1_site_min,0.740394868242022,0.7395404553707151,0.0011539962092601236
Li3YN2_206,m1_within_element_var,1.6131170301029865e-06,4.054570746017099e-06,1.5135006762393688
Li3YN2_206,m1_between_element_var,0.03625265152549455,0.03622895844002876,0.0006535545530820936
Li3YN2_206,f_bond_site_std,0.19132376163925185,0.18927111859694637,0.010728636237958885
Li3YN2_206,f_bond_site_range,0.3877996253559542,0.3849791360750549,0.007273058292179653
Li3YN2_206,f_bond_site_max,0.7791192037436427,0.77845209127071,0.0008562392888370152
Li3YN2_206,f_bond_site_min,0.39131957838768855,0.3934729551956551,0.005502859879484924
Li3YN2_206,f_bond_within_element_var,7.651096453465395e-06,1.3629646574466278e-05,0.7813978241370922
Li3YN2_206,f_bond_between_element_var,0.03659713067133977,0.03580992668836489,0.02150999186368883
Li3YN2_206,zeta_site_std,0.2238254581882777,0.22380732161391115,8.102998878393942e-05
Li3YN2_206,zeta_site_range,0.4494637359701036,0.44986569187241054,0.0008943010751232156
Li3YN2_206,zeta_site_max,0.4562399513290266,0.4561129047901912,0.000278464300343172
Li3YN2_206,zeta_site_min,0.006776215358923032,0.006247212917780631,0.07806753668857379
Li3YN2_206,zeta_within_element_var,5.223623911886215e-08,3.584477153978234e-07,5.862050588714577
Li3YN2_206,zeta_between_element_var,0.05009778349695333,0.05008935876027726,0.0001681658566109334
Li3YN2_206,mu_site_range,0.0,0.0,0.0
Li3YN2_206,mu_site_max,0.0,0.0,0.0
Li3YN2_206,mu_site_min,0.0,0.0,0.0
Li3YN2_206,mu_within_element_var,0.0,0.0,0.0
Li3YN2_206,mu_between_element_var,0.0,0.0,0.0
Cs2CrCl4_139,zeta,0.009918037255226553,0.010004757117940355,0.008743651640157231
Cs2CrCl4_139,m1,0.9686549834783165,0.96865536445759,3.9330750377716497e-07
Cs2CrCl4_139,m2,1.0806180451190808,1.0806210966113499,2.823839822843465e-06
Cs2CrCl4_139,sigma_r2,0.14232556810170327,0.14232788151888331,1.6254403273424288e-05
Cs2CrCl4_139,f_core,0.3694922615460321,0.3691886176573309,0.0008217868689067517
Cs2CrCl4_139,f_bond,0.5319210926849501,0.5321478664309386,0.0004263296739066639
Cs2CrCl4_139,f_int,0.09858664576901792,0.09866351591173027,0.0007797216561404303
Cs2CrCl4_139,lnf,0.09910602678571429,0.09863063267299108,0.004796823443957657
Cs2CrCl4_139,lnf_charge_weighted,0.5010852672918454,0.49949367040060605,0.0031762995145343197
Cs2CrCl4_139,lap_concentration,0.5000000000000001,0.4999999999999999,4.440892098500625e-16
Cs2CrCl4_139,lap_concentration_valence,0.2070210133441618,0.20744097596154848,0.0020285989842418898
Cs2CrCl4_139,ellip_bond_avg,0.71964355894921,1.4713364128818618,1.0445349570421207
Cs2CrCl4_139,ellip_bond_std,14.82426980933417,104.01007609222232,6.016202310803322
Cs2CrCl4_139,f_H_negative,0.8828957652946844,0.8819663978972045,0.0010526354684345393
Cs2CrCl4_139,H_bond_mean,-0.02433844559453716,-0.02438709853724645,0.001999016022626055
Cs2CrCl4_139,G_over_rho,0.7298749631660866,0.7299388180153824,8.748738142604256e-05
Cs2CrCl4_139,f_ELF_localized,0.6017837991771742,0.6045655288364769,0.004622473491486759
Cs2CrCl4_139,ELF_bond_avg,0.5336650936288099,0.5339719760158175,0.0005750467674789549
Cs2CrCl4_139,ELF_core_valence_contrast,1.4981342266523028,1.4966866058421986,0.0009662824494297883
Cs2CrCl4_139,zeta_ELF,0.03856492187249183,0.05018438768107658,0.3012962361755193
Cs2CrCl4_139,f_NCI,0.041393973214285715,0.04141453334263393,0.0004966937636496603
Cs2CrCl4_139,NCI_attractive,0.41510960122947504,0.41170587925680296,0.00819957419098693
Cs2CrCl4_139,sign_lambda2_rho_mean,-0.002852041106526965,-0.0027518013471681834,0.03514667412379866
Cs2CrCl4_139,V_spread,26.924679148764135,26.924680116493303,3.594208727852275e-08
Cs2CrCl4_139,V_int_min,-50.06431442281321,-50.06431442093481,3.751983840717827e-11
Cs2CrCl4_139,rho_mid_mean,0.13062048709341065,0.130617134066212,2.566999460234649e-05
Cs2CrCl4_139,rho_mid_std,0.11380614799462763,0.113802156053104,3.507667726193612e-05
Cs2CrCl4_139,m1_def,0.714291673716883,0.7060182607776807,0.011582681478212927
Cs2CrCl4_139,m2_def,0.857988532032822,0.8483817825973522,0.011196827319717946
Cs2CrCl4_139,sigma_r2_def,0.34777593689155606,0.34991999804581103,0.006165064706370229
Cs2CrCl4_139,f_bond_def,0.31724534306412416,0.3178004202957069,0.0017496781078690752
Cs2CrCl4_139,f_int_def,0.0052302116621001414,0.005307976372751109,0.014868367797517055
Cs2CrCl4_139,f_bond_dep,0.08868832539124652,0.08672165696238966,0.0221750542721485
Cs2CrCl4_139,def_polarity,0.13781333145846109,0.13937186467416765,0.011309016328194118
Cs2CrCl4_139,bond_charge_transfer_pair_mean,0.000193592317511683,-0.0034252018221495478,18.6928602651954
Cs2CrCl4_139,bond_charge_transfer_pair_std,0.037105659662654986,0.03846533516969329,0.03664334550038336
Cs2CrCl4_139,rho_perc_a,0.24778080691028256,0.24988519223510255,0.008492931115451387
Cs2CrCl4_139,rho_perc_b,0.2477808119053584,0.24988519337690143,0.008492915393088737
Cs2CrCl4_139,rho_perc_c,0.06301457467970552,0.06301819168661231,5.7399529000659945e-05
Cs2CrCl4_139,perc_anisotropy,0.9923421694869933,0.9961129768513618,0.0037999064035723687
Cs2CrCl4_139,n_max,1.4720889565223965,0.9798734540319358,0.3343653250773993
Cs2CrCl4_139,n_min,0.07747836613275771,0.07747836613275771,0.0
Cs2CrCl4_139,n_saddle1,6.189154188722646,4.20206197496486,0.32106038291605304
Cs2CrCl4_139,n_saddle2,8.568195784093206,5.915701131783501,0.30957446808510636
Cs2CrCl4_139,n_NNM,0.0,0.0,0.0
Cs2CrCl4_139,Q_NNM,0.0,0.0,0.0
Cs2CrCl4_139,rho_min,-1.2426123950116124,-1.259935453148437,0.013940838033136454
Cs2CrCl4_139,rho_min_ratio,-5.243252896490291,-5.316348235887034,0.013940838033136138
Cs2CrCl4_139,rho_int_mean,0.04148938229028901,0.04150508424485585,0.00037845717868184315
Cs2CrCl4_139,T_eigenvalues_t1,0.3328715580142969,0.332871557247622,2.30321537476402e-09
Cs2CrCl4_139,T_eigenvalues_t2,0.3328716570011408,0.33287165400325114,9.006142745069687e-09
Cs2CrCl4_139,T_eigenvalues_t3,0.33425678498456235,0.3342567887491269,1.1262492544928289e-08
Cs2CrCl4_139,charge_FA,0.0023991931686202805,0.0023992029489845134,4.076522207891306e-06
Cs2CrCl4_139,shannon_entropy,-0.8314911725055474,-0.8315119123139203,2.4942908666631257e-05
Cs2CrCl4_139,fisher_information,3.111147697491599,2.9817320801057687,0.041597387835419455
Cs2CrCl4_139,disequilibrium,3.499034561047911,3.499055743474613,6.053791790849762e-06
Cs2CrCl4_139,LMC_complexity,1.5234780599219049,1.5234556862342288,1.4685927066944177e-05
Cs2CrCl4_139,M_abs_per_atom,0.6020952488345025,0.6020986634546711,5.671229220339883e-06
Cs2CrCl4_139,M_net_per_atom,0.5714198625447213,0.5714198625447213,0.0
Cs2CrCl4_139,m1_spin,0.7092812913599098,0.7092766625877576,6.526003446901557e-06
Cs2CrCl4_139,sigma_r2_spin,0.11565483873535132,0.11566511954038228,8.88921306136196e-05
Cs2CrCl4_139,f_bond_spin,0.30436482161604234,0.3032566902351259,0.0036407997975348634
Cs2CrCl4_139,mu_site_std,1.3407150242802064,1.3412923259306442,0.0004305923630174331
Cs2CrCl4_139,spin_frustration,0.0,0.0,0.0
Cs2CrCl4_139,spin_charge_correlation,0.3713952394274815,0.37139533538924674,2.583817859491384e-07
Cs2CrCl4_139,m1_site_std,0.08565435993686933,0.08516312490406994,0.005735084975959828
Cs2CrCl4_139,m1_site_range,0.2704995453066349,0.26869277350958476,0.006679389405264985
Cs2CrCl4_139,m1_site_max,1.070730896156376,1.070553330310947,0.00016583610883599454
Cs2CrCl4_139,m1_site_min,0.8002313508497411,0.8018605568013621,0.002035918675131983
Cs2CrCl4_139,m1_within_element_var,3.242289702197305e-05,3.147959860190668e-05,0.029093588380677216
Cs2CrCl4_139,m1_between_element_var,0.007304246479172783,0.0072212782448243164,0.01135890397250987
Cs2CrCl4_139,f_bond_site_std,0.07998340636793062,0.0800921062758854,0.0013590307401355434
Cs2CrCl4_139,f_bond_site_range,0.24375074762438437,0.2447863526214487,0.004248622854114041
Cs2CrCl4_139,f_bond_site_max,0.6362295506933879,0.6363465088514548,0.00018383012536815944
Cs2CrCl4_139,f_bond_site_min,0.39247880306900357,0.3915601562300061,0.0023406279060526444
Cs2CrCl4_139,f_bond_within_element_var,1.6488445947251215e-05,5.7216737155838855e-06,0.6529889030240752
Cs2CrCl4_139,f_bond_between_element_var,0.0063808568482702785,0.0064090238139921365,0.0044142920600849225
Cs2CrCl4_139,zeta_site_std,0.018025109286426144,0.018295000563651992,0.014973073002619188
Cs2CrCl4_139,zeta_site_range,0.05361299398395891,0.0544111615157572,0.014887576172990847
Cs2CrCl4_139,zeta_site_max,0.05592460730393256,0.05669124090775757,0.013708341297035763
Cs2CrCl4_139,zeta_site_min,0.002311613319973649,0.002280079392000367,0.01364152373617629
Cs2CrCl4_139,zeta_within_element_var,3.214998697177189e-08,2.770374059592234e-08,0.13829698841723986
Cs2CrCl4_139,zeta_between_element_var,0.0003248724148006342,0.00033467934188343074,0.030187010764871527
Cs2CrCl4_139,mu_site_range,3.850818375170906,3.8522443292476574,0.00037029896968014794
Cs2CrCl4_139,mu_site_max,3.8551871269358666,3.8565981811167687,0.00036601444610642167
Cs2CrCl4_139,mu_site_min,0.004368751764960615,0.0043538518691111465,0.0034105613344692347
Cs2CrCl4_139,mu_within_element_var,0.0001615882588429962,0.00016876907179326907,0.04443895244424882
Cs2CrCl4_139,mu_between_element_var,1.7973551880718317,1.798896334528644,0.0008574523650306206
Ca5Al2(SiN4)2_60,zeta,0.03993037227975116,0.039923153978648984,0.00018077219645244028
Ca5Al2(SiN4)2_60,m1,0.7712118111466861,0.7712114464347334,4.7290763377596075e-07
Ca5Al2(SiN4)2_60,m2,0.7093288847373249,0.7093286085789277,3.893234904191076e-07
Ca5Al2(SiN4)2_60,sigma_r2,0.11456122708517302,0.11456151346697396,2.499814363259993e-06
Ca5Al2(SiN4)2_60,f_core,0.5737459782562284,0.573402885261988,0.0005979876238664981
Ca5Al2(SiN4)2_60,f_bond,0.3987621467869025,0.39907806327285117,0.0007922429159693204
Ca5Al2(SiN4)2_60,f_int,0.027491874956869482,0.02751905146516029,0.0009885287319778948
Ca5Al2(SiN4)2_60,lnf,0.10541976686507937,0.10545908704390847,0.0003729867746664948
Ca5Al2(SiN4)2_60,lnf_charge_weighted,0.4703920530167161,0.47055156417778166,0.0003391025848386992
Ca5Al2(SiN4)2_60,lap_concentration,0.4999999999999998,0.5000000000000001,6.661338147750942e-16
Ca5Al2(SiN4)2_60,lap_concentration_valence,0.006282255009891413,0.006317843514461106,0.005664925176335376
Ca5Al2(SiN4)2_60,ellip_bond_avg,5.974586093205157,5.230534186198099,0.12453614282222182
Ca5Al2(SiN4)2_60,ellip_bond_std,345.2785784458172,239.23380846645128,0.30712814694933926
Ca5Al2(SiN4)2_60,f_H_negative,0.7033727255391018,0.7031499422535108,0.00031673574692599383
Ca5Al2(SiN4)2_60,H_bond_mean,-0.009735148851000436,-0.009757303580008508,0.002275746303128775
Ca5Al2(SiN4)2_60,G_over_rho,0.8279485259269224,0.8279921449940073,5.268330786157281e-05
Ca5Al2(SiN4)2_60,f_ELF_localized,0.25099928063123195,0.25096550658751354,0.00013455832874686606
Ca5Al2(SiN4)2_60,ELF_bond_avg,0.32982024285670664,0.3299091930883451,0.0002696930633123933
Ca5Al2(SiN4)2_60,ELF_core_valence_contrast,2.1161904293475535,2.115916616980318,0.00012938928531119493
Ca5Al2(SiN4)2_60,zeta_ELF,0.12164176243007485,0.12735432080695064,0.04696214739703087
Ca5Al2(SiN4)2_60,f_NCI,0.16304563492063492,0.16308533356524427,0.00024348179961191082
Ca5Al2(SiN4)2_60,NCI_attractive,0.2792934286583511,0.2788348306534636,0.001641993537372112
Ca5Al2(SiN4)2_60,sign_lambda2_rho_mean,0.0024054060717491163,0.0024349418264901163,0.012278905872854448
Ca5Al2(SiN4)2_60,V_spread,33.09930451408373,33.0993049981076,1.4623384954923908e-08
Ca5Al2(SiN4)2_60,V_int_min,-35.626025205964034,-35.61736007787769,0.00024322466613231728
Ca5Al2(SiN4)2_60,rho_mid_mean,0.4926236128409687,0.4926233255584187,5.831684526242496e-07
Ca5Al2(SiN4)2_60,rho_mid_std,0.33224700057157863,0.3322474692720114,1.4106987630790554e-06
Ca5Al2(SiN4)2_60,m1_def,0.7768437196416726,0.7769908071991136,0.0001893399582464516
Ca5Al2(SiN4)2_60,m2_def,0.8295752783697208,0.8296196828467228,5.352676021073148e-05
Ca5Al2(SiN4)2_60,sigma_r2_def,0.2260891136230111,0.22590496837479268,0.0008144808269073271
Ca5Al2(SiN4)2_60,f_bond_def,0.35881202047890987,0.3591867121763666,0.0010442562569577154
Ca5Al2(SiN4)2_60,f_int_def,0.0,0.0,0.0
Ca5Al2(SiN4)2_60,f_bond_dep,0.3711047445387856,0.3712105663841545,0.00028515357705924475
Ca5Al2(SiN4)2_60,def_polarity,0.16829777825972153,0.16829403778513716,2.2225335491960433e-05
Ca5Al2(SiN4)2_60,bond_charge_transfer_pair_mean,0.025264226458914928,0.02560508124241629,0.013491597855001253
Ca5Al2(SiN4)2_60,bond_charge_transfer_pair_std,0.05603114245525399,0.05770596397531329,0.029890904355498245
Ca5Al2(SiN4)2_60,rho_perc_a,0.25472044515804987,0.25750314609923536,0.01092452920086124
Ca5Al2(SiN4)2_60,rho_perc_b,0.25472044515804987,0.25750314609923536,0.01092452920086124
Ca5Al2(SiN4)2_60,rho_perc_c,0.24633198228167585,0.24646161349940088,0.0005262459893526648
Ca5Al2(SiN4)2_60,perc_anisotropy,0.03329755478338679,0.043500976931057055,0.3064315747521819
Ca5Al2(SiN4)2_60,n_max,0.06713190934535451,0.06713190934535451,0.0
Ca5Al2(SiN4)2_60,n_min,0.09846013370651996,0.10293559432954359,0.04545454545454544
Ca5Al2(SiN4)2_60,n_saddle1,0.6892209359456397,0.6623681722074979,0.03896103896103899
Ca5Al2(SiN4)2_60,n_saddle2,0.6176135659772616,0.5840476113045843,0.054347826086956603
Ca5Al2(SiN4)2_60,n_NNM,0.0,0.0,0.0
Ca5Al2(SiN4)2_60,Q_NNM,0.0,0.0,0.0
Ca5Al2(SiN4)2_60,rho_min,-0.17403746067370301,-0.1685571248522848,0.03148940348936205
Ca5Al2(SiN4)2_60,rho_min_ratio,-0.41369201981587583,-0.4006651048835641,0.031489403489363146
Ca5Al2(SiN4)2_60,rho_int_mean,0.06429168934264509,0.06430447962696226,0.0001989414875848003
Ca5Al2(SiN4)2_60,T_eigenvalues_t1,0.3314486733592309,0.33144867507958337,5.1904038539498075e-09
Ca5Al2(SiN4)2_60,T_eigenvalues_t2,0.3340747954942735,0.3340747957173008,6.675969628457088e-10
Ca5Al2(SiN4)2_60,T_eigenvalues_t3,0.3344765311464958,0.3344765292031158,5.8102132017981944e-09
Ca5Al2(SiN4)2_60,charge_FA,0.004933391608566239,0.004933386775616148,9.796404733171724e-07
Ca5Al2(SiN4)2_60,shannon_entropy,-0.7109898750991013,-0.7109887803948851,1.5396903029203593e-06
Ca5Al2(SiN4)2_60,fisher_information,2.750962572927272,2.7679682499463025,0.006181718786866212
Ca5Al2(SiN4)2_60,disequilibrium,3.370948847368443,3.3709471538655746,5.023816571654241e-07
Ca5Al2(SiN4)2_60,LMC_complexity,1.6556677250700222,1.6556687057594472,5.923226080639889e-07
Ca5Al2(SiN4)2_60,M_abs_per_atom,0.0,0.0,0.0
Ca5Al2(SiN4)2_60,M_net_per_atom,0.0,0.0,0.0
Ca5Al2(SiN4)2_60,m1_spin,0.0,0.0,0.0
Ca5Al2(SiN4)2_60,sigma_r2_spin,0.0,0.0,0.0
Ca5Al2(SiN4)2_60,f_bond_spin,0.0,0.0,0.0
Ca5Al2(SiN4)2_60,mu_site_std,0.0,0.0,0.0
Ca5Al2(SiN4)2_60,spin_frustration,0.0,0.0,0.0
Ca5Al2(SiN4)2_60,spin_charge_correlation,0.0,0.0,0.0
Ca5Al2(SiN4)2_60,m1_site_std,0.10669607560785882,0.10671025505140899,0.00013289564278151823
Ca5Al2(SiN4)2_60,m1_site_range,0.30824258649568537,0.308314459828252,0.00023317132581758627
Ca5Al2(SiN4)2_60,m1_site_max,1.0370839434048937,1.0370832122096267,7.050492601401294e-07
Ca5Al2(SiN4)2_60,m1_site_min,0.7288413569092084,0.7287687523813747,9.961636664189205e-05
Ca5Al2(SiN4)2_60,m1_within_element_var,4.9267995880151715e-05,4.912442127322802e-05,0.0029141556168217793
Ca5Al2(SiN4)2_60,m1_between_element_var,0.011334784554237762,0.011337954111863528,0.0002796310428838967
Ca5Al2(SiN4)2_60,f_bond_site_std,0.14886303594089476,0.14867848854087742,0.0012397127255325188
Ca5Al2(SiN4)2_60,f_bond_site_range,0.42412176729322176,0.42507423133836936,0.002245732519757932
Ca5Al2(SiN4)2_60,f_bond_site_max,0.7470983474327817,0.7467480264384315,0.0004689088063893651
Ca5Al2(SiN4)2_60,f_bond_site_min,0.32297658013955993,0.32167379510006217,0.00403368268663575
Ca5Al2(SiN4)2_60,f_bond_within_element_var,1.49665494821868e-05,1.3166187168177567e-05,0.12029241049528659
Ca5Al2(SiN4)2_60,f_bond_between_element_var,0.022145236920057928,0.022092126767631646,0.002398265262096959
Ca5Al2(SiN4)2_60,zeta_site_std,0.16846535988915656,0.1684106517138969,0.0003247443586957599
Ca5Al2(SiN4)2_60,zeta_site_range,0.43136338705274413,0.43142401186050416,0.0001405423120730037
Ca5Al2(SiN4)2_60,zeta_site_max,0.43704920467845576,0.43710460124899264,0.00012675133587678535
Ca5Al2(SiN4)2_60,zeta_site_min,0.005685817625711631,0.005680589388488477,0.0009195224974349115
Ca5Al2(SiN4)2_60,zeta_within_element_var,2.958246771787556e-06,2.9444068799827126e-06,0.004678410177552673
Ca5Al2(SiN4)2_60,zeta_between_element_var,0.028377619235811252,0.02835920320381951,0.0006489632494787535
Ca5Al2(SiN4)2_60,mu_site_range,0.0,0.0,0.0
Ca5Al2(SiN4)2_60,mu_site_max,0.0,0.0,0.0
Ca5Al2(SiN4)2_60,mu_site_min,0.0,0.0,0.0
Ca5Al2(SiN4)2_60,mu_within_element_var,0.0,0.0,0.0
Ca5Al2(SiN4)2_60,mu_between_element_var,0.0,0.0,0.0
SiPd3_62,zeta,0.017701049406839697,0.01777605277427685,0.004237227167343697
SiPd3_62,m1,0.8427861921134417,0.8427846861933173,1.786835307200495e-06
SiPd3_62,m2,0.8431621069427692,0.8431505470765929,1.3710134837779564e-05
SiPd3_62,sigma_r2,0.13287354132569407,0.13286451979462466,6.789561698589351e-05
SiPd3_62,f_core,0.49342060428872886,0.4934524999650107,6.464196266762271e-05
SiPd3_62,f_bond,0.4675423926414271,0.46750613297415644,7.755375307426886e-05
SiPd3_62,f_int,0.039037003069843965,0.03904136706083259,0.0001117911377780933
SiPd3_62,lnf,0.17818777901785715,0.1786345598845599,0.002507359759268175
SiPd3_62,lnf_charge_weighted,0.5046443775495921,0.5051584895247345,0.0010187609295059916
SiPd3_62,lap_concentration,0.5000000000000001,0.5000000000000001,0.0
SiPd3_62,lap_concentration_valence,0.02652345765105716,0.026691685994979626,0.006342624937354695
SiPd3_62,ellip_bond_avg,5.955936610928227,10.564506532153933,0.7737775302661365
SiPd3_62,ellip_bond_std,409.9601402221642,1306.7759576022108,2.1875683252865685
SiPd3_62,f_H_negative,1.0,1.0,0.0
SiPd3_62,H_bond_mean,-0.019932299895062115,-0.01992474888630689,0.00037883278873876203
SiPd3_62,G_over_rho,0.7320891857923405,0.7319101808114422,0.0002445125325878874
SiPd3_62,f_ELF_localized,0.17565491406193817,0.17650377488859165,0.004832548131014174
SiPd3_62,ELF_bond_avg,0.35573331782476053,0.3557843945759864,0.00014358157829625536
SiPd3_62,ELF_core_valence_contrast,2.114924440377152,2.1146606162144943,0.0001247440133655698
SiPd3_62,zeta_ELF,0.05155229315281773,0.06382211934481863,0.2380073793347883
SiPd3_62,f_NCI,0.44417550223214286,0.44453463203463206,0.0008085313140514108
SiPd3_62,NCI_attractive,0.23190476938297971,0.23290728342462974,0.0043229556870148815
SiPd3_62,sign_lambda2_rho_mean,0.014231025433769825,0.014157451683128416,0.005169954265334973
SiPd3_62,V_spread,49.76886150110197,49.768861160281965,6.848057166268544e-09
SiPd3_62,V_int_min,-23.94658847315497,-23.940657851546344,0.0002476603970237956
SiPd3_62,rho_mid_mean,0.4485732238405057,0.44858784810428265,3.2601731444771086e-05
SiPd3_62,rho_mid_std,0.07111789219572691,0.07112265566089883,6.697984184922081e-05
SiPd3_62,m1_def,0.6470914288643167,0.6472806421090053,0.0002924057347207471
SiPd3_62,m2_def,0.6138533620366777,0.6141165120946899,0.0004286855367852774
SiPd3_62,sigma_r2_def,0.19512604472701467,0.1951442824456437,9.34663471221211e-05
SiPd3_62,f_bond_def,0.3703773721976787,0.37062006745903275,0.0006552648179180142
SiPd3_62,f_int_def,0.09707811516390658,0.09720439771302511,0.0013008343734869435
SiPd3_62,f_bond_dep,0.08606442777416269,0.08595365571349367,0.0012870829857800463
SiPd3_62,def_polarity,0.19295391491404554,0.19285590270283984,0.0005079565825309187
SiPd3_62,bond_charge_transfer_pair_mean,-0.024649227882894392,-0.02445510723616761,0.00787532362672887
SiPd3_62,bond_charge_transfer_pair_std,0.027376582512838196,0.026094526050663286,0.04683040556920104
SiPd3_62,rho_perc_a,0.3905931158514634,0.39068833855602025,0.00024379002264104152
SiPd3_62,rho_perc_b,0.4004334563286727,0.40177572309557763,0.0033520345158252387
SiPd3_62,rho_perc_c,0.3420294246312129,0.34226015400922516,0.0006745892645378481
SiPd3_62,perc_anisotropy,0.15463674839148472,0.1573481069627814,0.017533727264055547
SiPd3_62,n_max,0.10038300493490093,0.10038300493490093,0.0
SiPd3_62,n_min,0.10038300493490093,0.08365250411241745,0.16666666666666657
SiPd3_62,n_saddle1,1.309161689359333,1.1878655583963278,0.09265175718849832
SiPd3_62,n_saddle2,1.3886315682661297,1.2547875616862618,0.09638554216867463
SiPd3_62,n_NNM,0.050191502467450466,0.03346100164496698,0.3333333333333333
SiPd3_62,Q_NNM,0.03613563637736793,0.02824920045880612,0.2182453862498227
SiPd3_62,rho_min,-0.17015864206138848,-0.16761907291852735,0.014924714443506935
SiPd3_62,rho_min_ratio,-0.29913425699864143,-0.2946697636326661,0.014924714443506869
SiPd3_62,rho_int_mean,0.1528965512137692,0.15290400024450496,4.871941634153041e-05
SiPd3_62,T_eigenvalues_t1,0.33301828144398254,0.33301827371206477,2.3217697656645275e-08
SiPd3_62,T_eigenvalues_t2,0.33326634730531274,0.33326634239160663,1.474408126832338e-08
SiPd3_62,T_eigenvalues_t3,0.33371537125070483,0.3337153838963286,3.789344111706031e-08
SiPd3_62,charge_FA,0.0010600184993117272,0.0010600507468006724,3.0421628458507805e-05
SiPd3_62,shannon_entropy,-0.5515647774838301,-0.5515645705015917,3.7526369867934076e-07
SiPd3_62,fisher_information,2.126415649956534,2.123609486359097,0.001319668427710442
SiPd3_62,disequilibrium,2.9293494241709293,2.929349228814975,6.66891946956606e-08
SiPd3_62,LMC_complexity,1.6874450518346125,1.687445288571428,1.4029305145487432e-07
SiPd3_62,M_abs_per_atom,0.0,0.0,0.0
SiPd3_62,M_net_per_atom,0.0,0.0,0.0
SiPd3_62,m1_spin,0.0,0.0,0.0
SiPd3_62,sigma_r2_spin,0.0,0.0,0.0
SiPd3_62,f_bond_spin,0.0,0.0,0.0
SiPd3_62,mu_site_std,0.0,0.0,0.0
SiPd3_62,spin_frustration,0.0,0.0,0.0
SiPd3_62,spin_charge_correlation,0.0,0.0,0.0
SiPd3_62,m1_site_std,0.11089027015395866,0.11131119549118076,0.003795872592227366
SiPd3_62,m1_site_range,0.2572702902431927,0.2581976613771372,0.003604656927419993
SiPd3_62,m1_site_max,1.0697225453799337,1.0706860987571316,0.0009007507426663278
SiPd3_62,m1_site_min,0.812452255136741,0.8124884373799944,4.453460867964902e-05
SiPd3_62,m1_within_element_var,6.864630916330569e-07,1.0467282046155385e-06,0.5248135222032567
SiPd3_62,m1_between_element_var,0.01229596555172633,0.01238913551347124,0.007577279015052958
SiPd3_62,f_bond_site_std,0.15418905372129296,0.15511608640122482,0.006012311883095986
SiPd3_62,f_bond_site_range,0.3601475796768279,0.36332071798212473,0.008810661196568826
SiPd3_62,f_bond_site_max,0.7830558285963453,0.7852538430645724,0.0028069703180258697
SiPd3_62,f_bond_site_min,0.42290824891951734,0.4219331250824476,0.0023057574297995946
SiPd3_62,f_bond_within_element_var,6.391134139956269e-06,7.575066125804442e-06,0.1852459923265316
SiPd3_62,f_bond_between_element_var,0.023767873153327825,0.02405342519430642,0.012014202496642649
SiPd3_62,zeta_site_std,0.07371039420571235,0.07466396383363888,0.012936705035999287
SiPd3_62,zeta_site_range,0.17069779939199103,0.17303940488114522,0.013717842277374149
SiPd3_62,zeta_site_max,0.18005700035596517,0.18236923085360668,0.012841658436330311
SiPd3_62,zeta_site_min,0.009359200963974135,0.009329825972461459,0.0031386217291142437
SiPd3_62,zeta_within_element_var,2.142368326080131e-07,2.803503274711421e-07,0.3086000388369079
SiPd3_62,zeta_between_element_var,0.005433007977128902,0.0055744271450234644,0.0260296264039899
SiPd3_62,mu_site_range,0.0,0.0,0.0
SiPd3_62,mu_site_max,0.0,0.0,0.0
SiPd3_62,mu_site_min,0.0,0.0,0.0
SiPd3_62,mu_within_element_var,0.0,0.0,0.0
SiPd3_62,mu_between_element_var,0.0,0.0,0.0
YCdHg2_225,zeta,0.005746936258965163,0.0057935190728973796,0.008105677848705545
YCdHg2_225,m1,0.8536503887521565,0.8536964144086753,5.391628367447704e-05
YCdHg2_225,m2,0.8915368739397346,0.8917046900147226,0.00018823234337630158
YCdHg2_225,sigma_r2,0.16281788772302663,0.16290712204049396,0.0005480621245935976
YCdHg2_225,f_core,0.5166016962634615,0.514741853281171,0.003600148810471737
YCdHg2_225,f_bond,0.3912159130514361,0.39308542412259356,0.004778719394555048
YCdHg2_225,f_int,0.09218239068510252,0.0921727225962354,0.00010487999709335922
YCdHg2_225,lnf,0.10333203125,0.10262298583984375,0.006861816240123971
YCdHg2_225,lnf_charge_weighted,0.538715309410498,0.5368874523107583,0.0033929926768552863
YCdHg2_225,lap_concentration,0.4999999999999998,0.4999999999999999,2.220446049250314e-16
YCdHg2_225,lap_concentration_valence,0.021238584661843713,0.022450586107852635,0.057066017595153076
YCdHg2_225,ellip_bond_avg,1.1776930037631097,0.9540557689618082,0.1898943392604934
YCdHg2_225,ellip_bond_std,60.395858805299575,10.131275782495113,0.8322521447181388
YCdHg2_225,f_H_negative,0.854546269191708,0.8546111694065525,7.594698752344593e-05
YCdHg2_225,H_bond_mean,-0.023608372125041664,-0.02389914408031185,0.012316476279267175
YCdHg2_225,G_over_rho,0.8911091044743272,0.891595787460651,0.0005461542070215015
YCdHg2_225,f_ELF_localized,0.1719114045044507,0.17366211962224554,0.010183821851967466
YCdHg2_225,ELF_bond_avg,0.33824452573369146,0.3387532596966401,0.001504041970361962
YCdHg2_225,ELF_core_valence_contrast,2.1159180961665127,2.1114117197032805,0.002129749951756939
YCdHg2_225,zeta_ELF,0.0665315266315003,0.09372232988593354,0.4086905055558933
YCdHg2_225,f_NCI,0.4368671875,0.43396759033203125,0.006637250979094707
YCdHg2_225,NCI_attractive,0.3658237808258374,0.357289780418769,0.023328172891885508
YCdHg2_225,sign_lambda2_rho_mean,0.0025971735965714163,0.0029766241018917656,0.14610132561846073
YCdHg2_225,V_spread,23.445872093760762,23.445868668169265,1.461063800005153e-07
YCdHg2_225,V_int_min,-19.692946211245815,-19.691806635207794,5.786721934833183e-05
YCdHg2_225,rho_mid_mean,0.18179891473369958,0.1817964881745872,1.3347489537667344e-05
YCdHg2_225,rho_mid_std,0.0006328377977369583,0.0006317829497536707,0.0016668536346277245
YCdHg2_225,m1_def,0.5535775863421716,0.5478093199589184,0.010419978202816559
YCdHg2_225,m2_def,0.45493564409702864,0.4508050342802134,0.009079547558894414
YCdHg2_225,sigma_r2_def,0.1484874999966042,0.1507099832463608,0.014967477059061726
YCdHg2_225,f_bond_def,0.21929031750465688,0.2210969056804074,0.00823833991535973
YCdHg2_225,f_int_def,0.07235612220982326,0.07278509123466939,0.005928579527827272
YCdHg2_225,f_bond_dep,0.07768169598373471,0.07630781502380787,0.017686031986409112
YCdHg2_225,def_polarity,0.181402850380668,0.18318691332606318,0.009834812086201421
YCdHg2_225,bond_charge_transfer_pair_mean,-0.015004132037800254,-0.02407687352577488,0.6046828610357108
YCdHg2_225,bond_charge_transfer_pair_std,0.032590114997564014,0.05930278953233284,0.8196557310940908
YCdHg2_225,rho_perc_a,0.17942247756084087,0.1792081847488828,0.0011943476362118342
YCdHg2_225,rho_perc_b,0.17942247756084087,0.17920818474888298,0.0011943476362109061
YCdHg2_225,rho_perc_c,0.17942150784938857,0.1792081847464731,0.0011889494491069518
YCdHg2_225,perc_anisotropy,5.404636099474443e-06,1.3447364896947345e-11,0.9999975118833814
YCdHg2_225,n_max,0.043649728337018974,0.043649728337018974,0.0
YCdHg2_225,n_min,0.06547459250552846,0.06547459250552846,0.0
YCdHg2_225,n_saddle1,7.354979224787697,4.190373920353822,0.43026706231454004
YCdHg2_225,n_saddle2,5.95818791800309,2.6626334285581574,0.5531135531135531
YCdHg2_225,n_NNM,0.0,0.0,0.0
YCdHg2_225,Q_NNM,0.0,0.0,0.0
YCdHg2_225,rho_min,0.08629469779634712,0.08641584494286025,0.0014038770585771165
YCdHg2_225,rho_min_ratio,0.1682537294747899,0.1684899370256195,0.0014038770585766546
YCdHg2_225,rho_int_mean,0.12337565849971793,0.12328963102789592,0.0006972807510665575
YCdHg2_225,T_eigenvalues_t1,0.33333330233333697,0.3333332874358676,4.4692412264065466e-08
YCdHg2_225,T_eigenvalues_t2,0.3333333487427015,0.3333333562820244,2.2617967619065276e-08
YCdHg2_225,T_eigenvalues_t3,0.3333333489239614,0.3333333562821079,2.2074438577090936e-08
YCdHg2_225,charge_FA,8.054081169456153e-08,1.192451135695241e-07,0.48055515037199503
YCdHg2_225,shannon_entropy,-0.7847341371937757,-0.7847341366937224,6.372264291490718e-10
YCdHg2_225,fisher_information,2.532363894605078,2.532363218774953,2.6687717615786703e-07
YCdHg2_225,disequilibrium,3.9221875189627124,3.922187518176807,2.0037429598927522e-10
YCdHg2_225,LMC_complexity,1.7894626898322612,1.7894626903685258,2.996791111310705e-10
YCdHg2_225,M_abs_per_atom,0.0,0.0,0.0
YCdHg2_225,M_net_per_atom,0.0,0.0,0.0
YCdHg2_225,m1_spin,0.0,0.0,0.0
YCdHg2_225,sigma_r2_spin,0.0,0.0,0.0
YCdHg2_225,f_bond_spin,0.0,0.0,0.0
YCdHg2_225,mu_site_std,0.0,0.0,0.0
YCdHg2_225,spin_frustration,0.0,0.0,0.0
YCdHg2_225,spin_charge_correlation,0.0,0.0,0.0
YCdHg2_225,m1_site_std,0.035661411684505866,0.03546266876416529,0.005573052522397086
YCdHg2_225,m1_site_range,0.08742238931488322,0.087005713404389,0.004766237959859513
YCdHg2_225,m1_site_max,0.8837086467073472,0.8834374559765749,0.00030687798719945873
YCdHg2_225,m1_site_min,0.796286257392464,0.7964317425721859,0.00018270462207688185
YCdHg2_225,m1_within_element_var,1.999194165764843e-08,2.4730308054101592e-08,0.2370138167465279
YCdHg2_225,m1_between_element_var,0.0012717162913901555,0.001257576145568852,0.011118946825668543
YCdHg2_225,f_bond_site_std,0.04740836857756729,0.04759722938725369,0.003983701936028347
YCdHg2_225,f_bond_site_range,0.11494496380232566,0.11540553060508596,0.0040068462986542755
YCdHg2_225,f_bond_site_max,0.4329866265734248,0.4350920494673362,0.004862558713587382
YCdHg2_225,f_bond_site_min,0.31804166277109913,0.31968651886225025,0.005171825844511918
YCdHg2_225,f_bond_within_element_var,1.2988735155933678e-08,1.8355213690789283e-08,0.4131640587346969
YCdHg2_225,f_bond_between_element_var,0.0022475404224513128,0.0022654778901291567,0.007980932177531277
YCdHg2_225,zeta_site_std,0.005623131897300981,0.005663811328044287,0.007234301361992247
YCdHg2_225,zeta_site_range,0.013775301848616306,0.013885514383979669,0.008000734689848828
YCdHg2_225,zeta_site_max,0.014915019872430602,0.015042542267890369,0.00854993131423737
YCdHg2_225,zeta_site_min,0.0011397180238142957,0.0011570278839106996,0.015187844479701186
YCdHg2_225,zeta_within_element_var,6.762525260502572e-10,9.781040819352132e-10,0.4463592286271523
YCdHg2_225,zeta_between_element_var,3.1618936081917676e-05,3.207778065560086e-05,0.014511701864174551
YCdHg2_225,mu_site_range,0.0,0.0,0.0
YCdHg2_225,mu_site_max,0.0,0.0,0.0
YCdHg2_225,mu_site_min,0.0,0.0,0.0
YCdHg2_225,mu_within_element_var,0.0,0.0,0.0
YCdHg2_225,mu_between_element_var,0.0,0.0,0.0
TiCo2Sn_225,zeta,0.015265535563421362,0.015522878941283347,0.01685780212510987
TiCo2Sn_225,m1,0.832740249797455,0.8325979371505351,0.00017089680360052084
TiCo2Sn_225,m2,0.8469543059631127,0.8465107393209587,0.0005237196847941607
TiCo2Sn_225,sigma_r2,0.15349798233038503,0.15329141437363225,0.001345737276912002
TiCo2Sn_225,f_core,0.5143563323313024,0.5148725439184696,0.001003606944678762
TiCo2Sn_225,f_bond,0.449771421888088,0.44842627861301687,0.002990726421488433
TiCo2Sn_225,f_int,0.0358722457806093,0.036701177468513604,0.023107883821212524
TiCo2Sn_225,lnf,0.21201804832175927,0.21238333263969966,0.0017228925595335783
TiCo2Sn_225,lnf_charge_weighted,0.4628914739599796,0.4636173209143141,0.0015680715570865864
TiCo2Sn_225,lap_concentration,0.4999999999999999,0.5000000000000001,4.440892098500627e-16
TiCo2Sn_225,lap_concentration_valence,0.06658465734286226,0.06682962366359692,0.0036790205207975018
TiCo2Sn_225,ellip_bond_avg,9.935566234496395,8.781671628843092,0.11613778001368136
TiCo2Sn_225,ellip_bond_std,162.406945601466,79.9020285294684,0.5080134766801061
TiCo2Sn_225,f_H_negative,0.9231975291177441,0.9232473846048134,5.400305513913784e-05
TiCo2Sn_225,H_bond_mean,-0.008819226145820454,-0.008802316920561817,0.0019173139433158331
TiCo2Sn_225,G_over_rho,0.5613510086975441,0.5614252931981252,0.00013233164175382577
TiCo2Sn_225,f_ELF_localized,0.2013014570660631,0.20229158435401026,0.004918629514053808
TiCo2Sn_225,ELF_bond_avg,0.401598967576384,0.40148198439235305,0.0002912935377721605
TiCo2Sn_225,ELF_core_valence_contrast,1.8044504450265708,1.8064958613906839,0.001133539782015416
TiCo2Sn_225,zeta_ELF,0.07381514376187703,0.09192543356275362,0.24534653565532885
TiCo2Sn_225,f_NCI,0.7320782696759259,0.7321267027794267,6.615836790541277e-05
TiCo2Sn_225,NCI_attractive,0.4339813739779156,0.4363212063188128,0.005391550147533083
TiCo2Sn_225,sign_lambda2_rho_mean,0.0006865907549106501,0.0004999277533610334,0.2718693781041491
TiCo2Sn_225,V_spread,72.74392511156066,72.7439204235103,6.444593615291458e-08
TiCo2Sn_225,V_int_min,-15.774429650595488,-15.799805398279794,0.0016086634031391436
TiCo2Sn_225,rho_mid_mean,0.27442645103487995,0.27442698133728005,1.9324026459684887e-06
TiCo2Sn_225,rho_mid_std,0.016133735826477563,0.016133753504403367,1.0957118669780702e-06
TiCo2Sn_225,m1_def,0.5364590163825759,0.5432024966789818,0.012570355032670025
TiCo2Sn_225,m2_def,0.38616421358381126,0.39094157205003355,0.012371313286349972
TiCo2Sn_225,sigma_r2_def,0.09837593732565048,0.09587261965175431,0.02544644292038123
TiCo2Sn_225,f_bond_def,0.20195370208944113,0.19958536146338368,0.011727146378374204
TiCo2Sn_225,f_int_def,0.015338190850139264,0.015532638520344987,0.012677353679163367
TiCo2Sn_225,f_bond_dep,0.09076428315767024,0.09318851145885446,0.02670905577442829
TiCo2Sn_225,def_polarity,0.18485058345792738,0.18249432832182874,0.012746809298737895
TiCo2Sn_225,bond_charge_transfer_pair_mean,-0.0042904480405546565,3.346539954649191e-05,1.007799977818206
TiCo2Sn_225,bond_charge_transfer_pair_std,0.024369169264423975,0.025269292867096897,0.036936983485399
TiCo2Sn_225,rho_perc_a,0.2788249092694274,0.2786101764352203,0.0007701350455729624
TiCo2Sn_225,rho_perc_b,0.2788249092694274,0.27861017643522085,0.0007701350455709715
TiCo2Sn_225,rho_perc_c,0.2788249092694274,0.27861017643521896,0.0007701350455777405
TiCo2Sn_225,perc_anisotropy,0.0,6.7742649102467475e-15,6.774264910246747e+285
TiCo2Sn_225,n_max,0.19455688428545123,0.19455688428545123,0.0
TiCo2Sn_225,n_min,0.12380892636346896,0.12380892636346896,0.0
TiCo2Sn_225,n_saddle1,1.2911502320761763,0.9816279161675039,0.2397260273972603
TiCo2Sn_225,n_saddle2,1.3618981899981586,1.1098585899010969,0.185064935064935
TiCo2Sn_225,n_NNM,0.14149591584396454,0.14149591584396454,0.0
TiCo2Sn_225,Q_NNM,0.13860957725130285,0.1379645396580569,0.004653629323726089
TiCo2Sn_225,rho_min,-0.20190970851560142,-0.201907407778941,1.1394878816499298e-05
TiCo2Sn_225,rho_min_ratio,-0.4390661295134346,-0.43906112640809625,1.1394878816767145e-05
TiCo2Sn_225,rho_int_mean,0.2028414288958697,0.20290516069991182,0.0003141952035589298
TiCo2Sn_225,T_eigenvalues_t1,0.33333333333333315,0.3333333333333332,1.6653345369377358e-16
TiCo2Sn_225,T_eigenvalues_t2,0.33333333333333326,0.3333333333333333,1.6653345369377353e-16
TiCo2Sn_225,T_eigenvalues_t3,0.33333333333333354,0.3333333333333334,3.3306690738754676e-16
TiCo2Sn_225,charge_FA,6.00866489324255e-16,3.393769683126925e-16,0.4351873929691739
TiCo2Sn_225,shannon_entropy,-0.6805157619102848,-0.6805193713231681,5.303937227127691e-06
TiCo2Sn_225,fisher_information,2.8233636710875065,2.8399174596029213,0.005863144264740989
TiCo2Sn_225,disequilibrium,4.485018082788168,4.48502658950393,1.8966959787007449e-06
TiCo2Sn_225,LMC_complexity,2.2710147667843716,2.2710108771782362,1.7127172364917096e-06
TiCo2Sn_225,M_abs_per_atom,0.5735829069211219,0.5735841546877839,2.175390247752373e-06
TiCo2Sn_225,M_net_per_atom,0.49994128589454784,0.49994128589454806,4.441413645758934e-16
TiCo2Sn_225,m1_spin,0.5870672200997523,0.5870356078627971,5.384772965159929e-05
TiCo2Sn_225,sigma_r2_spin,0.08065454610672401,0.08057346482078198,0.001005290958239874
TiCo2Sn_225,f_bond_spin,0.16260661252361822,0.16229896481553774,0.0018919753834475352
TiCo2Sn_225,mu_site_std,0.5463353565352975,0.5463684070984669,6.0495010571851225e-05
TiCo2Sn_225,spin_frustration,0.08364681692238651,0.08364559968594332,1.4552095201968005e-05
TiCo2Sn_225,spin_charge_correlation,0.9795121690239286,0.9795119480251784,2.2562124001900427e-07
TiCo2Sn_225,m1_site_std,0.18325713808443603,0.17917971576284317,0.022249732611857018
TiCo2Sn_225,m1_site_range,0.43397794027574566,0.42807377062107,0.013604769060206622
TiCo2Sn_225,m1_site_max,1.177506686810579,1.171542484444889,0.005065111249469704
TiCo2Sn_225,m1_site_min,0.7435287465348334,0.743468713823819,8.074026901337729e-05
TiCo2Sn_225,m1_within_element_var,3.775284914185635e-29,3.867451752691775e-06,1.0244132139960678e+23
TiCo2Sn_225,m1_between_element_var,0.033583178658898066,0.03210150308910059,0.04411957500648605
TiCo2Sn_225,f_bond_site_std,0.20792965206252595,0.20993075462528146,0.009623940322632616
TiCo2Sn_225,f_bond_site_range,0.4986293679590274,0.5081968485064425,0.01918755926185498
TiCo2Sn_225,f_bond_site_max,0.849534963851981,0.8575488815116333,0.009433299393959519
TiCo2Sn_225,f_bond_site_min,0.3509055958929536,0.34935203300519085,0.004427295848073869
TiCo2Sn_225,f_bond_within_element_var,2.65079219755626e-29,1.0293886421107619e-05,3.8833245512784646e+23
TiCo2Sn_225,f_bond_between_element_var,0.043234740206843106,0.04406062785111903,0.019102407932248933
TiCo2Sn_225,zeta_site_std,0.04662560919251699,0.04657608629132349,0.0010621394991112752
TiCo2Sn_225,zeta_site_range,0.11361773692320398,0.11426963522099087,0.005737645507122877
TiCo2Sn_225,zeta_site_max,0.1184831066517461,0.11951453285434399,0.008705259608270784
TiCo2Sn_225,zeta_site_min,0.004865369728542124,0.005244897633353118,0.07800597405466195
TiCo2Sn_225,zeta_within_element_var,2.6303754142158107e-28,2.558683520430092e-08,9.727446153129848e+19
TiCo2Sn_225,zeta_between_element_var,0.0021739474325733247,0.0021693062273816077,0.002134920615915344
TiCo2Sn_225,mu_site_range,1.1318476575176701,1.1340449709713896,0.0019413508868662613
TiCo2Sn_225,mu_site_max,1.0455183571886986,1.0466510897219845,0.0010834171638379958
TiCo2Sn_225,mu_site_min,-0.0863293003289715,-0.08739388124940513,0.012331629196308473
TiCo2Sn_225,mu_within_element_var,2.7151822422072974e-31,2.5399719301440523e-07,9.354701465928827e+23
TiCo2Sn_225,mu_between_element_var,0.2984823218005507,0.2985181822781231,0.0001201427185238364
Ba2YTaO6_87,zeta,0.015644015821315138,0.01589622891833531,0.016122017511419784
Ba2YTaO6_87,m1,0.7721769289537763,0.7721834818749418,8.486294940654082e-06
Ba2YTaO6_87,m2,0.7208715732507721,0.7208844574998373,1.7873154585777515e-05
Ba2YTaO6_87,sigma_r2,0.12461436364228684,0.12461712781932877,2.2181849356145237e-05
Ba2YTaO6_87,f_core,0.5653410805446523,0.566331120331883,0.0017512256252048227
Ba2YTaO6_87,f_bond,0.4033337412680405,0.4022595143856437,0.0026633697419400555
Ba2YTaO6_87,f_int,0.03132517818730715,0.03140936528247299,0.0026875216690691404
Ba2YTaO6_87,lnf,0.11316596137152778,0.11337844142701622,0.0018775968755381203
Ba2YTaO6_87,lnf_charge_weighted,0.465747489028235,0.465557701456714,0.0004074902731456026
Ba2YTaO6_87,lap_concentration,0.5,0.5000000000000001,2.220446049250313e-16
Ba2YTaO6_87,lap_concentration_valence,0.10668200253331833,0.10599856889175265,0.006406269336313221
Ba2YTaO6_87,ellip_bond_avg,3.7348649771654676,5.560466705149842,0.4887999269440509
Ba2YTaO6_87,ellip_bond_std,292.32705917845874,967.9616503357039,2.3112283654343004
Ba2YTaO6_87,f_H_negative,0.6191352636173368,0.6188956771393194,0.00038696952361859296
Ba2YTaO6_87,H_bond_mean,-0.0150156515612289,-0.014932671051957797,0.005526267636987665
Ba2YTaO6_87,G_over_rho,0.8383207801880075,0.8384532519777925,0.00015802040569163635
Ba2YTaO6_87,f_ELF_localized,0.20472719751229654,0.2054413345488686,0.0034882372505937384
Ba2YTaO6_87,ELF_bond_avg,0.33798149526523413,0.3378966210016849,0.0002511210369154816
Ba2YTaO6_87,ELF_core_valence_contrast,2.0249956832981786,2.0277820652686827,0.0013759940297580272
Ba2YTaO6_87,zeta_ELF,0.055445103068804236,0.0648865254552341,0.17028415250150394
Ba2YTaO6_87,f_NCI,0.13199869791666666,0.13177141630506448,0.0017218473756890292
Ba2YTaO6_87,NCI_attractive,0.27281134401972873,0.2759732703879783,0.011590157218758909
Ba2YTaO6_87,sign_lambda2_rho_mean,0.004114110591507115,0.003929053149399021,0.044981154004492145
Ba2YTaO6_87,V_spread,42.684655901365005,42.68465686814996,2.2649472793515706e-08
Ba2YTaO6_87,V_int_min,-27.55268797814527,-27.53153757207453,0.0007676349431864806
Ba2YTaO6_87,rho_mid_mean,0.30975374067917194,0.3097560348460345,7.406421815947563e-06
Ba2YTaO6_87,rho_mid_std,0.1862519969854375,0.18624891142531844,1.656658811189694e-05
Ba2YTaO6_87,m1_def,0.7461096831298961,0.7571632460135727,0.014814930208796305
Ba2YTaO6_87,m2_def,0.7691607267310545,0.7803851782249964,0.014593115721919412
Ba2YTaO6_87,sigma_r2_def,0.21248106747086049,0.20708899711118645,0.025376709670443955
Ba2YTaO6_87,f_bond_def,0.20747576379428945,0.20721305292678857,0.0012662243661450102
Ba2YTaO6_87,f_int_def,0.0,0.0,0.0
Ba2YTaO6_87,f_bond_dep,0.3713585528656017,0.38099140949537963,0.02593950389844433
Ba2YTaO6_87,def_polarity,0.15459333355128282,0.15238223323969133,0.014302688614046957
Ba2YTaO6_87,bond_charge_transfer_pair_mean,0.015431140394002455,0.020788533015488008,0.3471806026447523
Ba2YTaO6_87,bond_charge_transfer_pair_std,0.07794750571051288,0.07409321490925956,0.0494472628228499
Ba2YTaO6_87,rho_perc_a,0.3093389080320316,0.30973177561040116,0.0012700231628439607
Ba2YTaO6_87,rho_perc_b,0.3082706827639626,0.3080975669401881,0.0005615708319141274
Ba2YTaO6_87,rho_perc_c,0.3093389080320316,0.30973177561040116,0.0012700231628439607
Ba2YTaO6_87,perc_anisotropy,0.0034572317752916385,0.0052855018549713695,0.5288248513582823
Ba2YTaO6_87,n_max,0.45013660814728435,0.25722091894130533,0.4285714285714286
Ba2YTaO6_87,n_min,0.10288836757652214,0.14147150541771794,0.37499999999999994
Ba2YTaO6_87,n_saddle1,4.9643637355671935,3.24741410163398,0.3458549222797928
Ba2YTaO6_87,n_saddle2,5.954664273491218,3.652537048966536,0.386609071274298
Ba2YTaO6_87,n_NNM,0.0,0.0,0.0
Ba2YTaO6_87,Q_NNM,0.0,0.0,0.0
Ba2YTaO6_87,rho_min,0.024741262550681972,0.024793967846163077,0.002130258929718694
Ba2YTaO6_87,rho_min_ratio,0.053437122888296204,0.053550957796507447,0.002130258929718213
Ba2YTaO6_87,rho_int_mean,0.06668964419454854,0.06669527052746131,8.436591588886126e-05
Ba2YTaO6_87,T_eigenvalues_t1,0.33313637842853366,0.33313638834087717,2.975461145468324e-08
Ba2YTaO6_87,T_eigenvalues_t2,0.33343181017736806,0.33343180135959255,2.6445513717096238e-08
Ba2YTaO6_87,T_eigenvalues_t3,0.33343181139409833,0.3334318102995305,3.282733644068378e-09
Ba2YTaO6_87,charge_FA,0.0005117038082110963,0.0005116780553664162,5.032763928441786e-05
Ba2YTaO6_87,shannon_entropy,-0.8022225186033687,-0.8022225185289233,9.279886447469824e-11
Ba2YTaO6_87,fisher_information,3.2339505835212186,3.233950625737097,1.3053965191596187e-08
Ba2YTaO6_87,disequilibrium,4.129608120635567,4.129608118820752,4.3946420869928867e-10
Ba2YTaO6_87,LMC_complexity,1.8514331184578106,1.8514331177820025,3.650188977552702e-10
Ba2YTaO6_87,M_abs_per_atom,0.0,0.0,0.0
Ba2YTaO6_87,M_net_per_atom,0.0,0.0,0.0
Ba2YTaO6_87,m1_spin,0.0,0.0,0.0
Ba2YTaO6_87,sigma_r2_spin,0.0,0.0,0.0
Ba2YTaO6_87,f_bond_spin,0.0,0.0,0.0
Ba2YTaO6_87,mu_site_std,0.0,0.0,0.0
Ba2YTaO6_87,spin_frustration,0.0,0.0,0.0
Ba2YTaO6_87,spin_charge_correlation,0.0,0.0,0.0
Ba2YTaO6_87,m1_site_std,0.10560168785809615,0.1069511539059332,0.0127788302934174
Ba2YTaO6_87,m1_site_range,0.24755898442116953,0.249004683594783,0.005839817031863107
Ba2YTaO6_87,m1_site_max,0.9551406261060328,0.955157269677469,1.742525758119242e-05
Ba2YTaO6_87,m1_site_min,0.7075816416848633,0.7061525860826859,0.0020196335206980696
Ba2YTaO6_87,m1_within_element_var,4.483126352561376e-08,2.477158267310217e-07,4.525515170668623
Ba2YTaO6_87,m1_between_element_var,0.011151671647215256,0.011438301605983872,0.02570286929495387
Ba2YTaO6_87,f_bond_site_std,0.14574465343571863,0.14777251866863464,0.013913822463548614
Ba2YTaO6_87,f_bond_site_range,0.36373310715725504,0.376249038354703,0.03440965628690184
Ba2YTaO6_87,f_bond_site_max,0.6808181940473502,0.6900433343378402,0.013550078965498874
Ba2YTaO6_87,f_bond_site_min,0.3170850868900952,0.31379429598313713,0.010378258212120435
Ba2YTaO6_87,f_bond_within_element_var,1.115244719874495e-08,1.1215914067027093e-06,99.56908467846667
Ba2YTaO6_87,f_bond_between_element_var,0.021241492852650527,0.021835595682265264,0.027968977215299846
Ba2YTaO6_87,zeta_site_std,0.1720407996153333,0.1725596468181959,0.0030158381269018574
Ba2YTaO6_87,zeta_site_range,0.5801062140237049,0.581793042589596,0.0029077926164434373
Ba2YTaO6_87,zeta_site_max,0.5813609254531222,0.5830312595444284,0.0028731447508348433
Ba2YTaO6_87,zeta_site_min,0.0012547114294173545,0.001238216954832394,0.013146030392518163
Ba2YTaO6_87,zeta_within_element_var,3.010796810413939e-08,9.370390562957014e-08,2.112262684265541
Ba2YTaO6_87,zeta_between_element_var,0.02959800662431516,0.029776738006114876,0.006038629022161396
Ba2YTaO6_87,mu_site_range,0.0,0.0,0.0
Ba2YTaO6_87,mu_site_max,0.0,0.0,0.0
Ba2YTaO6_87,mu_site_min,0.0,0.0,0.0
Ba2YTaO6_87,mu_within_element_var,0.0,0.0,0.0
Ba2YTaO6_87,mu_between_element_var,0.0,0.0,0.0
TaNiGe_62,zeta,0.027385113374432613,0.0273508210803578,0.0012522239220242731
TaNiGe_62,m1,0.8750433625342643,0.8750431544989756,2.3774283374931207e-07
TaNiGe_62,m2,0.9245331327571126,0.9245270230958471,6.6083745936104666e-06
TaNiGe_62,sigma_r2,0.15883224644184069,0.158826500860329,3.6173898187465614e-05
TaNiGe_62,f_core,0.45354112200020297,0.4538077987228187,0.0005879879677494632
TaNiGe_62,f_bond,0.4969094870662919,0.496522560607672,0.0007786658711312845
TaNiGe_62,f_int,0.04954939093350516,0.04966964066950921,0.002426866077232438
TaNiGe_62,lnf,0.2330109126984127,0.23301453068894928,1.552712915752373e-05
TaNiGe_62,lnf_charge_weighted,0.44008289756056246,0.4402631630152733,0.0004096170419483977
TaNiGe_62,lap_concentration,0.4999999999999999,0.5,2.2204460492503136e-16
TaNiGe_62,lap_concentration_valence,0.1405045683336238,0.14109364219748802,0.004192560219575835
TaNiGe_62,ellip_bond_avg,9.98133992109399,9.248529319561037,0.07341805883038549
TaNiGe_62,ellip_bond_std,219.24377621509421,209.83763699109355,0.04290265104160839
TaNiGe_62,f_H_negative,0.960295933256014,0.9609680933994046,0.0006999510464565896
TaNiGe_62,H_bond_mean,-0.013508828504296844,-0.013518057318536393,0.000683169102088578
TaNiGe_62,G_over_rho,0.5046534282072537,0.5041863359335318,0.0009255703966605235
TaNiGe_62,f_ELF_localized,0.2524177859253994,0.25369371669272744,0.005054837014160186
TaNiGe_62,ELF_bond_avg,0.43930511369151454,0.43947768597722225,0.0003928301317905887
TaNiGe_62,ELF_core_valence_contrast,1.6103511606172969,1.6079649557148927,0.0014817916493999042
TaNiGe_62,zeta_ELF,0.11084528076384892,0.1394100595464911,0.2576995482874748
TaNiGe_62,f_NCI,0.6420924272486772,0.6420886606933118,5.866064145189172e-06
TaNiGe_62,NCI_attractive,0.32430982500187766,0.323629635823891,0.002097343729819905
TaNiGe_62,sign_lambda2_rho_mean,0.009861975972418736,0.00992203365288695,0.006089822225908736
TaNiGe_62,V_spread,91.87226642358041,91.872255147123,1.2274060337278575e-07
TaNiGe_62,V_int_min,-25.78616066867258,-25.78821072434694,7.950216787606129e-05
TaNiGe_62,rho_mid_mean,0.316238479694602,0.3162652628482574,8.46928991097524e-05
TaNiGe_62,rho_mid_std,0.06799464957754557,0.0680319694065061,0.0005488642002334479
TaNiGe_62,m1_def,0.6047218577877738,0.6037506024211818,0.0016061191671573219
TaNiGe_62,m2_def,0.5114947475182156,0.5105954868983933,0.0017581033318240225
TaNiGe_62,sigma_r2_def,0.14580622223191908,0.1460806969744533,0.0018824624788484428
TaNiGe_62,f_bond_def,0.2424427723642418,0.24161576362005205,0.0034111503350872097
TaNiGe_62,f_int_def,0.046927172902928124,0.046838968859072974,0.0018795942393036518
TaNiGe_62,f_bond_dep,0.13396089200549768,0.13365609880764268,0.0022752401338332327
TaNiGe_62,def_polarity,0.1589688839700751,0.15924954274993655,0.001765495063262032
TaNiGe_62,bond_charge_transfer_pair_mean,-0.0013080358858933566,-0.001182680272005212,0.09583499599671141
TaNiGe_62,bond_charge_transfer_pair_std,0.02185289201849706,0.022805505853712625,0.043592117437327695
TaNiGe_62,rho_perc_a,0.42891779323339024,0.4283169207162887,0.0014009036849972811
TaNiGe_62,rho_perc_b,0.3999066074867113,0.3996023526102749,0.0007608148271131966
TaNiGe_62,rho_perc_c,0.4142477984303691,0.41438173017270175,0.0003233131059239267
TaNiGe_62,perc_anisotropy,0.07001488513661275,0.06934205484451447,0.00960981783781337
TaNiGe_62,n_max,0.38098517888623706,0.39289096572643195,0.031249999999999944
TaNiGe_62,n_min,0.11905786840194908,0.11905786840194908,0.0
TaNiGe_62,n_saddle1,3.1847979797521377,2.6549904653634644,0.16635514018691588
TaNiGe_62,n_saddle2,4.16107250064812,3.57768894547857,0.14020028612303287
TaNiGe_62,n_NNM,0.19049258944311853,0.20239837628331342,0.06249999999999989
TaNiGe_62,Q_NNM,0.25960484330560174,0.2587613133395447,0.0032492843943748564
TaNiGe_62,rho_min,-0.16531042305205015,-0.16501172966260788,0.0018068636201374018
TaNiGe_62,rho_min_ratio,-0.36539158150667134,-0.36473136875094236,0.0018068636201376703
TaNiGe_62,rho_int_mean,0.20293696711282108,0.20291180230708056,0.00012400306409691183
TaNiGe_62,T_eigenvalues_t1,0.3319401429859312,0.33194014200162447,2.9653139821118454e-09
TaNiGe_62,T_eigenvalues_t2,0.33238275287454494,0.33238275775940884,1.469650233058147e-08
TaNiGe_62,T_eigenvalues_t3,0.335677104139524,0.3356771002389667,1.1619968337064885e-08
TaNiGe_62,charge_FA,0.0061253049033751835,0.006125295783699414,1.4888525409953584e-06
TaNiGe_62,shannon_entropy,-0.6294901379288866,-0.629489391180897,1.1862743269068955e-06
TaNiGe_62,fisher_information,2.793762999203482,2.707345286044689,0.03093237085015124
TaNiGe_62,disequilibrium,5.158766325200439,5.158764102109089,4.3093468670170487e-07
TaNiGe_62,LMC_complexity,2.748917859822857,2.7489187279675678,3.1581326000117583e-07
TaNiGe_62,M_abs_per_atom,0.0,0.0,0.0
TaNiGe_62,M_net_per_atom,0.0,0.0,0.0
TaNiGe_62,m1_spin,0.0,0.0,0.0
TaNiGe_62,sigma_r2_spin,0.0,0.0,0.0
TaNiGe_62,f_bond_spin,0.0,0.0,0.0
TaNiGe_62,mu_site_std,0.0,0.0,0.0
TaNiGe_62,spin_frustration,0.0,0.0,0.0
TaNiGe_62,spin_charge_correlation,0.0,0.0,0.0
TaNiGe_62,m1_site_std,0.18914979908421783,0.18949924240661223,0.0018474422076378003
TaNiGe_62,m1_site_range,0.41607032279226186,0.41729136610351225,0.0029347041698526565
TaNiGe_62,m1_site_max,1.116805479126707,1.1171895573832105,0.00034390792638640336
TaNiGe_62,m1_site_min,0.7007351563344452,0.6998981912796982,0.0011944099667057198
TaNiGe_62,m1_within_element_var,1.2039241252765173e-18,2.0719757615753762e-07,172101855761.66983
TaNiGe_62,m1_between_element_var,0.035777646493599984,0.03590975567510381,0.0036925062001341054
TaNiGe_62,f_bond_site_std,0.20484767674597212,0.20516657962826307,0.0015567805666959562
TaNiGe_62,f_bond_site_range,0.4721284503735182,0.4737213621675511,0.0033738949490815773
TaNiGe_62,f_bond_site_max,0.7833393219124772,0.7837583134659405,0.0005348787450632651
TaNiGe_62,f_bond_site_min,0.31121087153895904,0.3100369512983894,0.0037721055012138694
TaNiGe_62,f_bond_within_element_var,2.096885853760457e-17,2.0077041656358665e-07,9574694596.874004
TaNiGe_62,f_bond_between_element_var,0.04196257066822226,0.04209312462594386,0.003111200187277107
TaNiGe_62,zeta_site_std,0.10307534106116842,0.1030171097653702,0.000564939152262117
TaNiGe_62,zeta_site_range,0.2357605138077582,0.23590423477643419,0.0006096057662699968
TaNiGe_62,zeta_site_max,0.24449731749059145,0.24450782721281727,4.298502058711137e-05
TaNiGe_62,zeta_site_min,0.00873680368283325,0.00860359243638309,0.015247137429893707
TaNiGe_62,zeta_within_element_var,1.0431322019209825e-13,8.376013941598916e-08,802966.6321154739
TaNiGe_62,zeta_between_element_var,0.010624525934771879,0.010612441144270911,0.0011374427974632255
TaNiGe_62,mu_site_range,0.0,0.0,0.0
TaNiGe_62,mu_site_max,0.0,0.0,0.0
TaNiGe_62,mu_site_min,0.0,0.0,0.0
TaNiGe_62,mu_within_element_var,0.0,0.0,0.0
TaNiGe_62,mu_between_element_var,0.0,0.0,0.0
Na2O2_189,zeta,0.028612953533384444,0.028820045601886335,0.0072377033101551
Na2O2_189,m1,0.6736996090642747,0.6737317399078238,4.769313076143116e-05
Na2O2_189,m2,0.5624184773030817,0.5624831140291665,0.00011492639145633565
Na2O2_189,sigma_r2,0.10854731404972512,0.10856865666994303,0.00019662043602603892
Na2O2_189,f_core,0.6884963935380972,0.6877051723533321,0.001149201640257212
Na2O2_189,f_bond,0.29806550557915895,0.29882026673638135,0.002532198939813075
Na2O2_189,f_int,0.013438100882743673,0.013474560910286636,0.0027131830502762923
Na2O2_189,lnf,0.03766698013117284,0.03817588591435434,0.01351066056820247
Na2O2_189,lnf_charge_weighted,0.38811670929268,0.39075397231392606,0.006795025718043211
Na2O2_189,lap_concentration,0.4999999999999999,0.5,2.2204460492503136e-16
Na2O2_189,lap_concentration_valence,0.0,0.0,0.0
Na2O2_189,ellip_bond_avg,3.464566429953976,3.628593430502105,0.047344163797808314
Na2O2_189,ellip_bond_std,141.46480400483392,138.01994914060413,0.024351321082748498
Na2O2_189,f_H_negative,0.2924873786915692,0.293774114419634,0.004399286334408601
Na2O2_189,H_bond_mean,-0.002218557370297786,-0.0022398681955004478,0.009605712923169293
Na2O2_189,G_over_rho,0.7108277906902742,0.7107533508134836,0.00010472280032606753
Na2O2_189,f_ELF_localized,0.18976649489480063,0.19186347399113893,0.011050312635540764
Na2O2_189,ELF_bond_avg,0.25053138218322585,0.2510986947473935,0.002264437130485873
Na2O2_189,ELF_core_valence_contrast,1.4311484029129913,1.420023408092117,0.007773473944581984
Na2O2_189,zeta_ELF,0.3534846918008887,0.36178393758536564,0.023478373963508856
Na2O2_189,f_NCI,0.03179856288580247,0.032336673626418365,0.016922486168585747
Na2O2_189,NCI_attractive,0.42127962085308057,0.4262589928057554,0.011819636427206556
Na2O2_189,sign_lambda2_rho_mean,-0.0005255210290681265,-0.0005748822693172173,0.0939281922487858
Na2O2_189,V_spread,70.56933977960044,70.56934530702041,7.832608310717372e-08
Na2O2_189,V_int_min,-23.99505861530526,-24.013138329570207,0.0007534765617706755
Na2O2_189,rho_mid_mean,0.2348820456869604,0.2348874797482687,2.3135277506737988e-05
Na2O2_189,rho_mid_std,0.3550438239102367,0.35504566183460495,5.176612700965644e-06
Na2O2_189,m1_def,0.8280413942389026,0.8274193152571295,0.0007512655600325494
Na2O2_189,m2_def,0.8823150603243036,0.8819876241935259,0.0003711102139153426
Na2O2_189,sigma_r2_def,0.19666250975119803,0.1973649009329489,0.0035715560766486263
Na2O2_189,f_bond_def,0.339903613994322,0.34211379386929014,0.006502372390206633
Na2O2_189,f_int_def,0.0,0.0,0.0
Na2O2_189,f_bond_dep,0.47189348960538985,0.4694463594687534,0.005185767955143438
Na2O2_189,def_polarity,0.15436885068723305,0.15444474477824477,0.0004916412260235588
Na2O2_189,bond_charge_transfer_pair_mean,0.008123520509753773,0.007568133503493826,0.0683677730108643
Na2O2_189,bond_charge_transfer_pair_std,0.09832414023206526,0.09588447629588373,0.024812461420190602
Na2O2_189,rho_perc_a,0.03270066428503529,0.03268853670043586,0.00037086661279177557
Na2O2_189,rho_perc_b,0.03270066428503529,0.03268853670043586,0.00037086661279177557
Na2O2_189,rho_perc_c,0.04771649897645387,0.047710139282857736,0.00013328080920761923
Na2O2_189,perc_anisotropy,0.39823523003682215,0.3984960516561514,0.0006549436103508591
Na2O2_189,n_max,0.07813041522197589,0.07813041522197589,0.0
Na2O2_189,n_min,0.23439124566592764,0.23439124566592764,0.0
Na2O2_189,n_saddle1,0.7878150201549236,0.8008367560252528,0.016528925619834677
Na2O2_189,n_saddle2,0.6315541897109718,0.6250433217758071,0.010309278350515443
Na2O2_189,n_NNM,0.0,0.0,0.0
Na2O2_189,Q_NNM,0.0,0.0,0.0
Na2O2_189,rho_min,0.007289752551847776,0.007278041858356127,0.0016064596717593827
Na2O2_189,rho_min_ratio,0.026657818677896655,0.026614993967253534,0.0016064596717596104
Na2O2_189,rho_int_mean,0.026033524760097213,0.026106476516953928,0.0028022235762915557
Na2O2_189,T_eigenvalues_t1,0.3100293961116631,0.3100293617014118,1.109902857311776e-07
Na2O2_189,T_eigenvalues_t2,0.3100294578416309,0.3100294533972193,1.4335449256793306e-08
Na2O2_189,T_eigenvalues_t3,0.3799411460467059,0.379941184901369,1.0226495209149352e-07
Na2O2_189,charge_FA,0.12050310502121447,0.1205032045063279,8.255813276142811e-07
Na2O2_189,shannon_entropy,-1.468913409067742,-1.4689134104239319,9.23260567120228e-10
Na2O2_189,fisher_information,4.238526117193755,4.238526809924389,1.6343667930567686e-07
Na2O2_189,disequilibrium,8.910887713544865,8.910887706349278,8.075049961685877e-10
Na2O2_189,LMC_complexity,2.0510676420938827,2.0510676376559984,2.163694746679241e-09
Na2O2_189,M_abs_per_atom,0.0,0.0,0.0
Na2O2_189,M_net_per_atom,0.0,0.0,0.0
Na2O2_189,m1_spin,0.0,0.0,0.0
Na2O2_189,sigma_r2_spin,0.0,0.0,0.0
Na2O2_189,f_bond_spin,0.0,0.0,0.0
Na2O2_189,mu_site_std,0.0,0.0,0.0
Na2O2_189,spin_frustration,0.0,0.0,0.0
Na2O2_189,spin_charge_correlation,0.0,0.0,0.0
Na2O2_189,m1_site_std,0.2921944146320833,0.2923419756755059,0.0005050098018075351
Na2O2_189,m1_site_range,0.6044989859323827,0.6056684772317943,0.0019346455935037566
Na2O2_189,m1_site_max,1.2386814315800048,1.2390868468656935,0.0003272958448820743
Na2O2_189,m1_site_min,0.634182445647622,0.6334183696338992,0.0012048205038892085
Na2O2_189,m1_within_element_var,0.00015602297271359147,0.0001613639718831426,0.034232133106164485
Na2O2_189,m1_between_element_var,0.08522155296947224,0.08530246676997491,0.0009494523120418928
Na2O2_189,f_bond_site_std,0.26619854288049166,0.26557464144596604,0.002343744739450798
Na2O2_189,f_bond_site_range,0.5474056734187498,0.5472828850046823,0.00022430972134556809
Na2O2_189,f_bond_site_max,0.8067130092103474,0.8063656326525948,0.00043060735823841794
Na2O2_189,f_bond_site_min,0.25930733579159765,0.2590827476479125,0.0008661079448428865
Na2O2_189,f_bond_within_element_var,4.410088696682304e-05,4.820613760998244e-05,0.09308771150674969
Na2O2_189,f_bond_between_element_var,0.0708175633447301,0.07048168404154345,0.004742881388782604
Na2O2_189,zeta_site_std,0.16854193059913278,0.16825349622795618,0.0017113508202455446
Na2O2_189,zeta_site_range,0.34641847817364213,0.3464261419637662,2.2122925325671855e-05
Na2O2_189,zeta_site_max,0.35792386928642805,0.35756435936864195,0.0010044312454009813
Na2O2_189,zeta_site_min,0.011505391112785923,0.01113821740487575,0.03191318785348668
Na2O2_189,zeta_within_element_var,2.604638263676988e-05,2.6632580419125013e-05,0.022505919172345804
Na2O2_189,zeta_between_element_var,0.02838033598744614,0.028282606412511735,0.0034435665235828597
Na2O2_189,mu_site_range,0.0,0.0,0.0
Na2O2_189,mu_site_max,0.0,0.0,0.0
Na2O2_189,mu_site_min,0.0,0.0,0.0
Na2O2_189,mu_within_element_var,0.0,0.0,0.0
Na2O2_189,mu_between_element_var,0.0,0.0,0.0
P2Ir_14,zeta,0.09837453054350331,0.09835496010313427,0.000198938081441607
P2Ir_14,m1,0.9790231047020888,0.9790230073417457,9.94464201531947e-08
P2Ir_14,m2,1.067546023155264,1.067544951135157,1.004190998679895e-06
P2Ir_14,sigma_r2,0.109059783614747,0.10905890223068093,8.08165977275679e-06
P2Ir_14,f_core,0.30940227548395904,0.3100150026344238,0.0019803576088970884
P2Ir_14,f_bond,0.6276749183859368,0.6270865349977601,0.0009374014652197802
P2Ir_14,f_int,0.06292280613010398,0.0628984623678161,0.0003868829727260843
P2Ir_14,lnf,0.2477442365835223,0.24785550826985445,0.0004491393538216206
P2Ir_14,lnf_charge_weighted,0.49637779360221046,0.4964271312456275,9.939534776320583e-05
P2Ir_14,lap_concentration,0.5,0.49999999999999994,1.1102230246251565e-16
P2Ir_14,lap_concentration_valence,0.24025164887358172,0.2392913784754506,0.003996935723993346
P2Ir_14,ellip_bond_avg,15.857987860119444,167.7513403751026,9.578349652856845
P2Ir_14,ellip_bond_std,2192.827206787584,32998.207058935695,14.048247740083873
P2Ir_14,f_H_negative,0.987191670454076,0.9875599722754809,0.0003730803575717946
P2Ir_14,H_bond_mean,-0.028599605075294333,-0.028565944579101755,0.0011769566783862843
P2Ir_14,G_over_rho,0.5984626257736969,0.5985215549857937,9.846765622271118e-05
P2Ir_14,f_ELF_localized,0.3906586419498042,0.3904386414985643,0.0005631526545576846
P2Ir_14,ELF_bond_avg,0.4623800266734805,0.46225475545220496,0.00027092697359092186
P2Ir_14,ELF_core_valence_contrast,1.7080552258823642,1.7098851354122067,0.0010713409625833952
P2Ir_14,zeta_ELF,0.10863447992076103,0.11594439262415623,0.06728906613008247
P2Ir_14,f_NCI,0.16514904572940287,0.16513960532672942,5.716292596033351e-05
P2Ir_14,NCI_attractive,0.00395108520756606,0.004274627284034968,0.08188688916385477
P2Ir_14,sign_lambda2_rho_mean,0.02690135491779064,0.026883968208747937,0.0006463135071016765
P2Ir_14,V_spread,28.51826638041645,28.518267382405693,3.5134998397535335e-08
P2Ir_14,V_int_min,-22.847220920695516,-22.852832535054787,0.0002456147458261727
P2Ir_14,rho_mid_mean,0.6775417127192379,0.6775420026208645,4.278727363218448e-07
P2Ir_14,rho_mid_std,0.05741287012361363,0.057406794698391106,0.0001058199182420996
P2Ir_14,m1_def,0.7911524390422714,0.7896395697642115,0.0019122348657501938
P2Ir_14,m2_def,0.826155499910906,0.8243932418069024,0.002133082820599257
P2Ir_14,sigma_r2_def,0.20023331810837097,0.2008625916694935,0.0031427015596972
P2Ir_14,f_bond_def,0.6000735479602805,0.5988467718475218,0.0020443762550917807
P2Ir_14,f_int_def,0.005279885435593646,0.005216163814854915,0.012068750641663644
P2Ir_14,f_bond_dep,0.21072416852337988,0.2095577451247144,0.005535309057518357
P2Ir_14,def_polarity,0.1716165495114973,0.17199041377711846,0.002178486088231944
P2Ir_14,bond_charge_transfer_pair_mean,0.02226172330402487,0.0220054435108587,0.011512127325732908
P2Ir_14,bond_charge_transfer_pair_std,0.10699066586607336,0.10522137747516061,0.016536848112782835
P2Ir_14,rho_perc_a,0.6382247460641671,0.6382061647415819,2.9114074156230906e-05
P2Ir_14,rho_perc_b,0.6769794490134636,0.6766672566389349,0.00046115487698138597
P2Ir_14,rho_perc_c,0.6769794490134636,0.6766672566389349,0.00046115487698138597
P2Ir_14,perc_anisotropy,0.05836013622174544,0.05793669040534261,0.00725573728604577
P2Ir_14,n_max,0.19623778517915114,0.19623778517915114,0.0
P2Ir_14,n_min,0.13082519011943408,0.13082519011943408,0.0
P2Ir_14,n_saddle1,0.5996154547140728,0.6486749010088607,0.08181818181818197
P2Ir_14,n_saddle2,0.6977343473036485,0.7031853968919582,0.007812500000000031
P2Ir_14,n_NNM,0.0,0.0,0.0
P2Ir_14,Q_NNM,0.0,0.0,0.0
P2Ir_14,rho_min,-0.3769236537709195,-0.36917360097655383,0.020561333089156277
P2Ir_14,rho_min_ratio,-0.9098287729565633,-0.891121480501705,0.020561333089156288
P2Ir_14,rho_int_mean,0.1203538687004459,0.12029213947114487,0.0005128977569858897
P2Ir_14,T_eigenvalues_t1,0.3270757186943699,0.3270757163259136,7.241308922016915e-09
P2Ir_14,T_eigenvalues_t2,0.32937389324036875,0.3293738859674094,2.2081165189906237e-08
P2Ir_14,T_eigenvalues_t3,0.3435503880652612,0.3435503977066771,2.8064051803815366e-08
P2Ir_14,charge_FA,0.026761201867073817,0.026761225743065508,8.92186823644003e-07
P2Ir_14,shannon_entropy,-0.28029823541713217,-0.28030591984110576,2.741517070969253e-05
P2Ir_14,fisher_information,1.367658101312119,1.4886075528419132,0.08843544407316153
P2Ir_14,disequilibrium,1.6868930771573742,1.6868968246703888,2.2215474503509632e-06
P2Ir_14,LMC_complexity,1.2745461897877113,1.2745392271151263,5.4628640693603615e-06
P2Ir_14,M_abs_per_atom,0.0,0.0,0.0
P2Ir_14,M_net_per_atom,0.0,0.0,0.0
P2Ir_14,m1_spin,0.0,0.0,0.0
P2Ir_14,sigma_r2_spin,0.0,0.0,0.0
P2Ir_14,f_bond_spin,0.0,0.0,0.0
P2Ir_14,mu_site_std,0.0,0.0,0.0
P2Ir_14,spin_frustration,0.0,0.0,0.0
P2Ir_14,spin_charge_correlation,0.0,0.0,0.0
P2Ir_14,m1_site_std,0.06641570687171099,0.06639952080053473,0.0002437084831081572
P2Ir_14,m1_site_range,0.14364869874731923,0.14370701688783627,0.0004059775064139412
P2Ir_14,m1_site_max,1.0443503551071174,1.0444018816305491,4.933835008509318e-05
P2Ir_14,m1_site_min,0.9007016563597982,0.9006948647427129,7.540362602114221e-06
P2Ir_14,m1_within_element_var,5.376746176507308e-06,5.529935441989124e-06,0.02849107256562492
P2Ir_14,m1_between_element_var,0.004405669373092525,0.004403366427098652,0.0005227232910253873
P2Ir_14,f_bond_site_std,0.04384715069505893,0.04382408215734418,0.0005261125831227245
P2Ir_14,f_bond_site_range,0.09306272955604311,0.09378985965277487,0.00781333300882681
P2Ir_14,f_bond_site_max,0.6689976186737167,0.6687505074047608,0.00036937540890761406
P2Ir_14,f_bond_site_min,0.5759348891176735,0.574960647751986,0.0016915824758942908
P2Ir_14,f_bond_within_element_var,1.2350061190653595e-09,1.6183924518953515e-07,130.04327394913113
P2Ir_14,f_bond_between_element_var,0.0019225713890690871,0.0019203883376884584,0.0011354852116496656
P2Ir_14,zeta_site_std,0.056669150012982436,0.056667090545421774,3.634195254720939e-05
P2Ir_14,zeta_site_range,0.12393549939709303,0.12404783566633082,0.0009064091384976038
P2Ir_14,zeta_site_max,0.15652855137298727,0.15658767419087782,0.00037771267524014585
P2Ir_14,zeta_site_min,0.03259305197589424,0.032539838524547005,0.0016326624271513553
P2Ir_14,zeta_within_element_var,1.0209312701140516e-05,9.962805963815266e-06,0.024145282306585813
P2Ir_14,zeta_between_element_var,0.003201183250492766,0.0032011963449192155,4.0904957400921016e-06
P2Ir_14,mu_site_range,0.0,0.0,0.0
P2Ir_14,mu_site_max,0.0,0.0,0.0
P2Ir_14,mu_site_min,0.0,0.0,0.0
P2Ir_14,mu_within_element_var,0.0,0.0,0.0
P2Ir_14,mu_between_element_var,0.0,0.0,0.0
Tm2AgRu_225,zeta,0.004635403114037651,0.004333160853270512,0.06520301542962706
Tm2AgRu_225,m1,0.7409116553635573,0.7408381542826941,9.920356945548412e-05
Tm2AgRu_225,m2,0.6895095373173025,0.6892753885265539,0.00033958745757104065
Tm2AgRu_225,sigma_r2,0.14055945626373578,0.14043421768556508,0.00089100073022278
Tm2AgRu_225,f_core,0.6508140845451617,0.6522621933375061,0.0022250729151882444
Tm2AgRu_225,f_bond,0.2940423443519194,0.29292129792805655,0.0038125339611669792
Tm2AgRu_225,f_int,0.05514357110291894,0.05481650873443707,0.0059311060553450526
Tm2AgRu_225,lnf,0.09269975994513031,0.09349501824593054,0.008578860412054405
Tm2AgRu_225,lnf_charge_weighted,0.5708019515613637,0.5727189117394177,0.0033583630413497314
Tm2AgRu_225,lap_concentration,0.5,0.49999999999999994,1.1102230246251565e-16
Tm2AgRu_225,lap_concentration_valence,0.006741679366404861,0.006984283327777563,0.03598568667944165
Tm2AgRu_225,ellip_bond_avg,1.7398255634657498,1.4266347284621703,0.18001277920051953
Tm2AgRu_225,ellip_bond_std,61.984545536349955,22.450755551599944,0.6378007556991119
Tm2AgRu_225,f_H_negative,0.772878309184007,0.774039128624948,0.0015019433553084252
Tm2AgRu_225,H_bond_mean,-0.019482082735222155,-0.019048143252176013,0.02227377272459747
Tm2AgRu_225,G_over_rho,1.0499299093917087,1.0472184315933533,0.002582532199626913
Tm2AgRu_225,f_ELF_localized,0.12237171805207539,0.12172193700568891,0.005309895592950368
Tm2AgRu_225,ELF_bond_avg,0.2939534787699249,0.294188078780379,0.0007980855046717473
Tm2AgRu_225,ELF_core_valence_contrast,2.3694026893590157,2.367093299676506,0.0009746716726883009
Tm2AgRu_225,zeta_ELF,0.13066259943452707,0.1697966191251734,0.2995043712585541
Tm2AgRu_225,f_NCI,0.5164876971879286,0.5159908155315921,0.0009620396749852309
Tm2AgRu_225,NCI_attractive,0.4660801543744618,0.4692280185943025,0.006753911725903737
Tm2AgRu_225,sign_lambda2_rho_mean,-0.0021669816474053647,-0.002268410412392661,0.04680647162321014
Tm2AgRu_225,V_spread,156.97063046447101,156.97062375856734,4.2720753892064746e-08
Tm2AgRu_225,V_int_min,-42.56190114525766,-42.48000547359117,0.001924154454167566
Tm2AgRu_225,rho_mid_mean,0.20671837701092002,0.20669837367717858,9.676611257636335e-05
Tm2AgRu_225,rho_mid_std,0.018477004032893214,0.018476173629699756,4.4942523797676204e-05
Tm2AgRu_225,m1_def,0.480412054559585,0.4681895425132187,0.025441726389591194
Tm2AgRu_225,m2_def,0.347898874401462,0.33885040463717364,0.026008907846728962
Tm2AgRu_225,sigma_r2_def,0.1171031322353003,0.1196489569184366,0.021740022103088293
Tm2AgRu_225,f_bond_def,0.16628453843281474,0.16362237094431126,0.016009711507718426
Tm2AgRu_225,f_int_def,0.05181331800488211,0.05135595227731284,0.008827184692672541
Tm2AgRu_225,f_bond_dep,0.029253576459323704,0.02770399395076508,0.052970702939973
Tm2AgRu_225,def_polarity,0.3100273832327236,0.3181771705859739,0.026287314585797743
Tm2AgRu_225,bond_charge_transfer_pair_mean,-0.040205394778925076,-0.07388882450461895,0.8377838325156828
Tm2AgRu_225,bond_charge_transfer_pair_std,0.15789897016360865,0.2515715112941621,0.5932435216866435
Tm2AgRu_225,rho_perc_a,0.2208348883328317,0.22126045301532354,0.0019270717851902078
Tm2AgRu_225,rho_perc_b,0.2208348883328317,0.22126045301532354,0.0019270717851902078
Tm2AgRu_225,rho_perc_c,0.22083719871429036,0.2212604530121074,0.001916589688155848
Tm2AgRu_225,perc_anisotropy,1.0461994565367964e-05,1.4535582500494253e-11,0.9999986106298938
Tm2AgRu_225,n_max,0.04938348082456038,0.04938348082456038,0.0
Tm2AgRu_225,n_min,0.07407522123684056,0.07407522123684056,0.0
Tm2AgRu_225,n_saddle1,7.234679940798095,8.913718288833147,0.23208191126279848
Tm2AgRu_225,n_saddle2,5.802558996885844,6.814920353789332,0.17446808510638293
Tm2AgRu_225,n_NNM,0.0,0.0,0.0
Tm2AgRu_225,Q_NNM,0.0,0.0,0.0
Tm2AgRu_225,rho_min,0.10326740413515556,0.10344726852393502,0.001741734386428943
Tm2AgRu_225,rho_min_ratio,0.12868507967515513,0.1289092149034457,0.0017417343864289535
Tm2AgRu_225,rho_int_mean,0.1457592770497084,0.14544701152157205,0.002142337245744256
Tm2AgRu_225,T_eigenvalues_t1,0.33333332486314654,0.333333311565393,3.989326170857779e-08
Tm2AgRu_225,T_eigenvalues_t2,0.3333333374721738,0.333333344217298,2.023537229299985e-08
Tm2AgRu_225,T_eigenvalues_t3,0.3333333376646794,0.33333334421730926,1.9657889393980584e-08
Tm2AgRu_225,charge_FA,2.200808485326847e-08,5.655476813179344e-08,1.569726921213427
Tm2AgRu_225,shannon_entropy,-1.173670761513554,-1.1736707585675168,2.5101052940743046e-09
Tm2AgRu_225,fisher_information,3.97523512142947,3.9752314083485674,9.340531539201249e-07
Tm2AgRu_225,disequilibrium,7.229911334129695,7.229911332021825,2.915485716652261e-10
Tm2AgRu_225,LMC_complexity,2.2357036505478245,2.235703656482474,2.654488513776916e-09
Tm2AgRu_225,M_abs_per_atom,0.8459348584783426,0.8459000020264393,4.120465252603959e-05
Tm2AgRu_225,M_net_per_atom,0.790062569707849,0.7900625697078492,1.4052343031966405e-16
Tm2AgRu_225,m1_spin,0.5715916762021672,0.5715461077125553,7.972210147403408e-05
Tm2AgRu_225,sigma_r2_spin,0.06979617422796275,0.06975461714127751,0.0005954063692590008
Tm2AgRu_225,f_bond_spin,0.12582387909706438,0.12411856576502406,0.013553177221032862
Tm2AgRu_225,mu_site_std,0.7182446178390326,0.7197997266798514,0.002165152097481215
Tm2AgRu_225,spin_frustration,0.029989923734396684,0.031311825254814685,0.044078188798521586
Tm2AgRu_225,spin_charge_correlation,0.9611749324845092,0.9611751263024249,2.0164686890533537e-07
Tm2AgRu_225,m1_site_std,0.11868851522892612,0.12426445807339757,0.04697963264361835
Tm2AgRu_225,m1_site_range,0.28550433128906827,0.296994229428001,0.04024421656601569
Tm2AgRu_225,m1_site_max,0.9617292631031358,0.9688487620319036,0.007402809919494305
Tm2AgRu_225,m1_site_min,0.6762249318140675,0.6718545326039026,0.006462937115377728
Tm2AgRu_225,m1_within_element_var,6.52428556406553e-08,1.67733888776484e-19,0.9999999999974291
Tm2AgRu_225,m1_between_element_var,0.014086898404391392,0.015441655540275184,0.09617142801721815
Tm2AgRu_225,f_bond_site_std,0.11063506316672586,0.1107396432669939,0.0009452708506202575
Tm2AgRu_225,f_bond_site_range,0.26445709067172846,0.2645460584470345,0.0003364166756885069
Tm2AgRu_225,f_bond_site_max,0.49766550784731256,0.4959230036013494,0.003501356269395679
Tm2AgRu_225,f_bond_site_min,0.2332084171755841,0.2313769451543149,0.007853370146113904
Tm2AgRu_225,f_bond_within_element_var,9.675911425008808e-10,1.6709256469398967e-20,0.999999999982731
Tm2AgRu_225,f_bond_between_element_var,0.012240116234314279,0.012263268590901065,0.0018915144385541396
Tm2AgRu_225,zeta_site_std,0.0027789148448719323,0.002792002393336662,0.00470958960433085
Tm2AgRu_225,zeta_site_range,0.007828140240272119,0.007732554039913242,0.01221058864877391
Tm2AgRu_225,zeta_site_max,0.009200994032461107,0.009337687355283952,0.014856364686314438
Tm2AgRu_225,zeta_site_min,0.0013728537921889883,0.0016051333153707104,0.16919465459709074
Tm2AgRu_225,zeta_within_element_var,1.3091099525306985e-09,4.717164186374459e-16,0.9999996396663109
Tm2AgRu_225,zeta_between_element_var,7.721058605097066e-06,7.795277363925932e-06,0.009612510748185586
Tm2AgRu_225,mu_site_range,1.551625996435826,1.5553179520360025,0.0023794107656465325
Tm2AgRu_225,mu_site_max,0.04885292800701188,0.05107588131664706,0.045502969838698656
Tm2AgRu_225,mu_site_min,-1.5027730684288143,-1.5042420707193556,0.0009775276929051785
Tm2AgRu_225,mu_within_element_var,5.939105291382324e-10,1.1748725360887226e-19,0.9999999998021802
Tm2AgRu_225,mu_between_element_var,0.5158753304608276,0.5181116465283887,0.00433499323482566
ZrZn2_227,zeta,0.0015646768048998005,0.001577987192556085,0.008506796812353166
ZrZn2_227,m1,0.7078669259918531,0.707886759639824,2.801889344254594e-05
ZrZn2_227,m2,0.6494882740387903,0.6495682393823337,0.00012312053464201528
ZrZn2_227,sigma_r2,0.14841268912563466,0.1484645749089638,0.00034960476516418743
ZrZn2_227,f_core,0.6721118250156642,0.6670074439240317,0.007594541416547192
ZrZn2_227,f_bond,0.2842493304400281,0.2889938451311374,0.016691383876840223
ZrZn2_227,f_int,0.04363884454430748,0.043998710944831224,0.008246469499401301
ZrZn2_227,lnf,0.06873046875,0.06998443603515625,0.018244707303211205
ZrZn2_227,lnf_charge_weighted,0.5129346675741485,0.5152894830427455,0.004590868228372462
ZrZn2_227,lap_concentration,0.5,0.5,0.0
ZrZn2_227,lap_concentration_valence,7.514066893128462e-05,0.0001381768726694246,0.8389092702353494
ZrZn2_227,ellip_bond_avg,2.2710022079092935,3.075794801818281,0.3543777241193821
ZrZn2_227,ellip_bond_std,60.68098627844262,60.39591115616066,0.004697931588881157
ZrZn2_227,f_H_negative,0.9277687866579434,0.9241621983914209,0.003887378319240865
ZrZn2_227,H_bond_mean,-0.007851670569193567,-0.007988824072791709,0.017468066494826007
ZrZn2_227,G_over_rho,0.8136549178837233,0.8257168227524324,0.014824349492142794
ZrZn2_227,f_ELF_localized,0.08873661375296994,0.0945822162645219,0.06587587991384572
ZrZn2_227,ELF_bond_avg,0.29889416065315483,0.29928371129998577,0.00130330631411359
ZrZn2_227,ELF_core_valence_contrast,2.2578155586124784,2.2900817664827766,0.01429089623694822
ZrZn2_227,zeta_ELF,0.2074733877364472,0.2635078171649212,0.2700800813049546
ZrZn2_227,f_NCI,0.61789453125,0.6180953979492188,0.000325082500426653
ZrZn2_227,NCI_attractive,0.574051245092647,0.5669320496204406,0.012401672382153669
ZrZn2_227,sign_lambda2_rho_mean,-0.007147984025811357,-0.006712198623628705,0.06096619698771453
ZrZn2_227,V_spread,64.31235305422366,64.31233853430798,2.2577179952075983e-07
ZrZn2_227,V_int_min,-34.437639286796575,-34.438429890878425,2.295755743492093e-05
ZrZn2_227,rho_mid_mean,0.20028296070700122,0.20033781959268154,0.0002739069039456631
ZrZn2_227,rho_mid_std,0.03687168009511342,0.03693362673250143,0.0016800600685462227
ZrZn2_227,m1_def,0.48118777329651785,0.475459180749983,0.011905108285045249
ZrZn2_227,m2_def,0.33850080930034293,0.33487101015681,0.010723162378948188
ZrZn2_227,sigma_r2_def,0.10695913613028188,0.10880957759736498,0.017300452621729922
ZrZn2_227,f_bond_def,0.07628678435176539,0.07658518827451437,0.003911607040257578
ZrZn2_227,f_int_def,0.04779703009367587,0.04849220754122725,0.014544364915328987
ZrZn2_227,f_bond_dep,0.08869271748117079,0.08868755649414621,5.818952413621668e-05
ZrZn2_227,def_polarity,0.24180876791665806,0.24446004054885884,0.010964336219249762
ZrZn2_227,bond_charge_transfer_pair_mean,-0.00857131092281426,-0.016459463894423355,0.9202971450508461
ZrZn2_227,bond_charge_transfer_pair_std,0.04220546051087158,0.07031860195346927,0.666101994914997
ZrZn2_227,rho_perc_a,0.257768362515622,0.2581155762108236,0.0013469988784233868
ZrZn2_227,rho_perc_b,0.25776836252566687,0.2581155760322017,0.0013469981464472923
ZrZn2_227,rho_perc_c,0.2577672451968388,0.25811557617694025,0.0013513391891023868
ZrZn2_227,perc_anisotropy,4.334629865123059e-06,6.920229213750521e-10,0.9998403501699319
ZrZn2_227,n_max,0.06026909909042347,0.06026909909042347,0.0
ZrZn2_227,n_min,0.341524894845733,0.341524894845733,0.0
ZrZn2_227,n_saddle1,13.440009097164435,12.977946004137854,0.03437967115097166
ZrZn2_227,n_saddle2,8.829423016747038,8.226732025842804,0.06825938566552896
ZrZn2_227,n_NNM,0.0,0.0,0.0
ZrZn2_227,Q_NNM,0.0,0.0,0.0
ZrZn2_227,rho_min,0.15528774253125394,0.15533250757913508,0.0002882716121147555
ZrZn2_227,rho_min_ratio,0.21471442909898614,0.2147763251736068,0.00028827161211481315
ZrZn2_227,rho_int_mean,0.16605871667144184,0.1661102410387705,0.0003102780050420906
ZrZn2_227,T_eigenvalues_t1,0.33333319035751263,0.3333331557645354,1.0377897612860351e-07
ZrZn2_227,T_eigenvalues_t2,0.33333334750472743,0.333333359464273,3.587863520291957e-08
ZrZn2_227,T_eigenvalues_t3,0.33333346213776005,0.33333348477119146,6.790026798298116e-08
ZrZn2_227,charge_FA,4.093296022953e-07,4.981577861836361e-07,0.21700894191437783
ZrZn2_227,shannon_entropy,-1.0435842175033443,-1.0435842084208709,8.703153313042421e-09
ZrZn2_227,fisher_information,4.773495744447589,4.7734824322776435,2.7887675319325764e-06
ZrZn2_227,disequilibrium,6.4317417936387775,6.431741786047168,1.180334870816155e-09
ZrZn2_227,LMC_complexity,2.265195728485112,2.265195746385003,7.90213873253692e-09
ZrZn2_227,M_abs_per_atom,0.3021636610507645,0.3021785253826536,4.919298315833338e-05
ZrZn2_227,M_net_per_atom,0.2940656781209361,0.29406567812093626,5.66313807030842e-16
ZrZn2_227,m1_spin,1.137497369393635,1.1375850357620674,7.706951311818349e-05
ZrZn2_227,sigma_r2_spin,0.15605497403607682,0.15617297115451478,0.0007561253280570464
ZrZn2_227,f_bond_spin,0.568971412112997,0.5725372922521289,0.0062672395540740635
ZrZn2_227,mu_site_std,0.330541019406637,0.3304760035123283,0.00019669538874598992
ZrZn2_227,spin_frustration,0.0,0.0,0.0
ZrZn2_227,spin_charge_correlation,0.14075880708324107,0.1407802485591524,0.0001523277751184788
ZrZn2_227,m1_site_std,0.07648362515101764,0.07646259610627584,0.0002749483265244985
ZrZn2_227,m1_site_range,0.1631139247988277,0.16336442670730555,0.0015357481514028466
ZrZn2_227,m1_site_max,0.8194592754902466,0.8194573955291561,2.294148283748083e-06
ZrZn2_227,m1_site_min,0.6563453506914189,0.6560929688218505,0.0003845260262793991
ZrZn2_227,m1_within_element_var,3.154744968988219e-07,5.711023654947412e-07,0.8102964617070253
ZrZn2_227,m1_between_element_var,0.005849429441744475,0.005845957500945981,0.0005935520435064706
ZrZn2_227,f_bond_site_std,0.06357742735164057,0.06550230708469484,0.030276150093459298
ZrZn2_227,f_bond_site_range,0.13508569242760327,0.13924978325781082,0.030825550473742584
ZrZn2_227,f_bond_site_max,0.37700339491188256,0.3845614470269137,0.02004770306325142
ZrZn2_227,f_bond_site_min,0.2419177024842793,0.24531166376910288,0.014029404421299572
ZrZn2_227,f_bond_within_element_var,1.793929859617626e-08,3.300064014907663e-08,0.839572487862523
ZrZn2_227,f_bond_between_element_var,0.004042071329354542,0.004290519232777514,0.06146549211506491
ZrZn2_227,zeta_site_std,7.556834603405431e-05,7.626728807429632e-05,0.009249137726622156
ZrZn2_227,zeta_site_range,0.00019624197136458577,0.00020005733668293502,0.019442147323626917
ZrZn2_227,zeta_site_max,0.0016736691463224984,0.0016783194777041377,0.002778524890571899
ZrZn2_227,zeta_site_min,0.0014774271749579126,0.0014782621410212027,0.0005651487108417496
ZrZn2_227,zeta_within_element_var,1.2573391454953087e-09,2.1171443921985207e-09,0.6838292196529883
ZrZn2_227,zeta_between_element_var,4.453235776827263e-09,3.6995548380091787e-09,0.16924343928518634
ZrZn2_227,mu_site_range,0.7020981419507406,0.7022062855389226,0.0001540291616233838
ZrZn2_227,mu_site_max,0.761604820918675,0.7614648266761109,0.00018381480620775287
ZrZn2_227,mu_site_min,0.059506678967934344,0.05925854113718829,0.004169915630475057
ZrZn2_227,mu_within_element_var,3.227083824810203e-07,5.881437857185961e-07,0.8225240422851027
ZrZn2_227,mu_between_element_var,0.10925704280199627,0.10921380075369472,0.00039578270830487825
ThNi5_191,zeta,0.005244394318219547,0.005152053664780554,0.017607496278110334
ThNi5_191,m1,0.7312947411639859,0.7312601443025052,4.730905274335128e-05
ThNi5_191,m2,0.6734270613392461,0.6733259525501271,0.00015014066841624834
ThNi5_191,sigma_r2,0.13863506288514504,0.1385845539048064,0.0003643304896142574
ThNi5_191,f_core,0.6250822763533053,0.6244476620921193,0.0010152491682986812
ThNi5_191,f_bond,0.3473098381693255,0.34826393775564407,0.002747113618628432
ThNi5_191,f_int,0.027607885477369334,0.027288400152236856,0.011572249000901046
ThNi5_191,lnf,0.10512795781893004,0.10523805984938565,0.0010473144607759646
ThNi5_191,lnf_charge_weighted,0.49382846980457357,0.4936149746791137,0.0004323264828055797
ThNi5_191,lap_concentration,0.5000000000000001,0.49999999999999994,3.330669073875469e-16
ThNi5_191,lap_concentration_valence,0.06593913663548724,0.06595390225063226,0.0002239279417115023
ThNi5_191,ellip_bond_avg,18.233905027272876,4.1619614475118585,0.771746017033284
ThNi5_191,ellip_bond_std,4251.709744661048,129.79238426182033,0.9694728963037039
ThNi5_191,f_H_negative,0.8940854360752999,0.8952644224558866,0.0013186506937882523
ThNi5_191,H_bond_mean,-0.0154494624539445,-0.015436613397247454,0.0008316830915865509
ThNi5_191,G_over_rho,0.7992571933062931,0.8002294981747673,0.0012165106258876142
ThNi5_191,f_ELF_localized,0.1306142202266525,0.13088071924974812,0.002040352288082884
ThNi5_191,ELF_bond_avg,0.3291643442656005,0.32896203977095034,0.0006146002693624147
ThNi5_191,ELF_core_valence_contrast,2.037022542178655,2.042776532927987,0.0028247064674982655
ThNi5_191,zeta_ELF,0.11142862619012772,0.15129562451521694,0.357780578368302
ThNi5_191,f_NCI,0.49972993827160495,0.5003096512088783,0.0011600524460838857
ThNi5_191,NCI_attractive,0.39311356442522966,0.39258039759364244,0.0013562666868714114
ThNi5_191,sign_lambda2_rho_mean,0.003943177649453999,0.003993785946749702,0.01283439443888868
ThNi5_191,V_spread,60.944099744022274,60.94409289988973,1.1230180725008e-07
ThNi5_191,V_int_min,-60.85350400824884,-60.85350909278005,8.355363085743252e-08
ThNi5_191,rho_mid_mean,0.3370222051205313,0.33704213658051035,5.913990139581363e-05
ThNi5_191,rho_mid_std,0.01876426064395979,0.01876452119245131,1.3885358792719605e-05
ThNi5_191,m1_def,0.5126451142303681,0.501430720583636,0.021875549645232
ThNi5_191,m2_def,0.36691615785890425,0.3588307273436033,0.02203618004309907
ThNi5_191,sigma_r2_def,0.10411114471463712,0.1073979597985788,0.03157025208925196
ThNi5_191,f_bond_def,0.028414406438624255,0.028675716138192198,0.009196380720898666
ThNi5_191,f_int_def,0.00010854013860473113,0.00012803466755569729,0.1796066340209779
ThNi5_191,f_bond_dep,0.17854272860260958,0.17138166719523842,0.04010839009473105
ThNi5_191,def_polarity,0.20275674466662177,0.20739851373581591,0.022893290562670383
ThNi5_191,bond_charge_transfer_pair_mean,0.0027297637870255707,-0.009272164914121995,4.3966913028124
ThNi5_191,bond_charge_transfer_pair_std,0.06729419307619289,0.12358500071927499,0.8364883368071244
ThNi5_191,rho_perc_a,0.35042654977223675,0.3509160078165772,0.0013967493178202452
ThNi5_191,rho_perc_b,0.350436013042046,0.35092682619643983,0.00140057852540093
ThNi5_191,rho_perc_c,0.35043821572841155,0.3509334481724913,0.0014131804747674352
ThNi5_191,perc_anisotropy,3.329006240527465e-05,4.9698182441526185e-05,0.4928834267866002
ThNi5_191,n_max,0.42581855074391967,0.3528210849021049,0.17142857142857135
ThNi5_191,n_min,0.0729974658418148,0.0729974658418148,0.0
ThNi5_191,n_saddle1,3.5160446047140796,2.7739037019889623,0.21107266435986163
ThNi5_191,n_saddle2,4.2825179960531345,3.272719718574697,0.23579545454545445
ThNi5_191,n_NNM,0.0,0.0,0.0
ThNi5_191,Q_NNM,0.0,0.0,0.0
ThNi5_191,rho_min,-0.12946140355531238,-0.12948862040346493,0.0002102313693896913
ThNi5_191,rho_min_ratio,-0.17162955926613085,-0.1716656411834032,0.00021023136939008117
ThNi5_191,rho_int_mean,0.16569088298691276,0.16521912100563002,0.0028472416392397357
ThNi5_191,T_eigenvalues_t1,0.331842741948928,0.3318427544963463,3.7811338747015815e-08
ThNi5_191,T_eigenvalues_t2,0.3318428265203822,0.3318428176506839,2.6728612464402313e-08
ThNi5_191,T_eigenvalues_t3,0.33631443153068985,0.33631442785296944,1.0935363044796196e-08
ThNi5_191,charge_FA,0.007744965447387462,0.00774495589250333,1.233689704131722e-06
ThNi5_191,shannon_entropy,-0.8042435869608529,-0.8042436742266608,1.0850668793387788e-07
ThNi5_191,fisher_information,4.076902458208321,4.0785645417364735,0.0004076829272200268
ThNi5_191,disequilibrium,4.63020797202304,4.630208813273143,1.816873253968283e-07
ThNi5_191,LMC_complexity,2.0716765323758404,2.0716767279866573,9.442150539464716e-08
ThNi5_191,M_abs_per_atom,0.20935675654765137,0.20935555469754322,5.7406798231668936e-06
ThNi5_191,M_net_per_atom,0.15746325739630512,0.15746325739630515,1.762669976131219e-16
ThNi5_191,m1_spin,0.5729154391368382,0.5728865107915477,5.049321996633629e-05
ThNi5_191,sigma_r2_spin,0.10293215299328534,0.10289564851513971,0.0003546460176346286
ThNi5_191,f_bond_spin,0.13364202026418293,0.13409969262720803,0.0034246142202907265
ThNi5_191,mu_site_std,0.10355996086331931,0.1037873175129609,0.0021954107335136865
ThNi5_191,spin_frustration,0.10740827024750244,0.10842651546318705,0.009480137919903679
ThNi5_191,spin_charge_correlation,0.954846086249566,0.9548462556956413,1.7745904572712848e-07
ThNi5_191,m1_site_std,0.11278498928553167,0.11400112390152378,0.010782770151383264
ThNi5_191,m1_site_range,0.304224737289289,0.3072903431340759,0.0100767803174131
ThNi5_191,m1_site_max,0.9855117804801488,0.9879892564704266,0.0025138978948285795
ThNi5_191,m1_site_min,0.6812870431908598,0.6806989133363507,0.0008632629379747433
ThNi5_191,m1_within_element_var,8.688287056534005e-07,6.561787502070826e-07,0.2447547532242216
ThNi5_191,m1_between_element_var,0.012719584979431844,0.012995600072060375,0.021700007749848756
ThNi5_191,f_bond_site_std,0.12129611367667456,0.12120485964290756,0.0007523244644939545
ThNi5_191,f_bond_site_range,0.33073700276980234,0.3309930165796278,0.000774070659410532
ThNi5_191,f_bond_site_max,0.6203583094964955,0.6207751017637884,0.0006718573136082224
ThNi5_191,f_bond_site_min,0.2896213067266932,0.28978208518416054,0.0005551333887844501
ThNi5_191,f_bond_within_element_var,3.64298784981305e-05,4.5407278005999874e-05,0.2464295758859056
ThNi5_191,f_bond_between_element_var,0.014676317314566626,0.014645210723050918,0.002119509332551248
ThNi5_191,zeta_site_std,0.0004678921800139365,0.00045757613451213316,0.022047911767826677
ThNi5_191,zeta_site_range,0.0015072657535939449,0.0014972661733732018,0.0066342515889450575
ThNi5_191,zeta_site_max,0.005698285409210135,0.005713572232374231,0.002682705773106346
ThNi5_191,zeta_site_min,0.0041910196556161905,0.004216306059001029,0.006033472868816937
ThNi5_191,zeta_within_element_var,2.679730814246047e-08,5.769437330903407e-08,1.1529913751902956
ThNi5_191,zeta_between_element_var,1.9212578397573356e-07,1.516815455660318e-07,0.21050916526024469
ThNi5_191,mu_site_range,0.2925092175353964,0.29322620576820524,0.0024511645781627204
ThNi5_191,mu_site_max,0.05684409413864083,0.05744851975437834,0.010633041565643294
ThNi5_191,mu_site_min,-0.23566512339675558,-0.23577768601382687,0.00047763799517244607
ThNi5_191,mu_within_element_var,0.0015391373096276218,0.0015343928849231045,0.0030825220562453784
ThNi5_191,mu_between_element_var,0.009185528184384607,0.009237414391613057,0.005648690656314919
Tl2WCl6_225,zeta,0.018930138899235782,0.017811732046644657,0.059080752578961566
Tl2WCl6_225,m1,0.9624227824622232,0.9623791414415903,4.5344957983302886e-05
Tl2WCl6_225,m2,1.066387405394286,1.066270881151363,0.00010927008546183232
Tl2WCl6_225,sigma_r2,0.14012979319195806,0.1400972692695105,0.00023209855453804965
Tl2WCl6_225,f_core,0.37844432364332903,0.3785312467251638,0.00022968525726045709
Tl2WCl6_225,f_bond,0.522718714418004,0.5220772100927399,0.0012272457587028628
Tl2WCl6_225,f_int,0.09883696193866673,0.09939154318209605,0.005611071329503857
Tl2WCl6_225,lnf,0.16149326195193822,0.16180179103726716,0.0019104765214338236
Tl2WCl6_225,lnf_charge_weighted,0.4791090994189505,0.4800599212328318,0.00198456221147629
Tl2WCl6_225,lap_concentration,0.5000000000000004,0.4999999999999997,1.4432899320127023e-15
Tl2WCl6_225,lap_concentration_valence,0.11995907879445196,0.11972911038418849,0.0019170571546112019
Tl2WCl6_225,ellip_bond_avg,3.4297172541654093,2.891520947136847,0.15692147986103522
Tl2WCl6_225,ellip_bond_std,194.33709958449322,79.6808769154958,0.5899862811276937
Tl2WCl6_225,f_H_negative,0.8799299282616505,0.8805427867465891,0.0006964855555593773
Tl2WCl6_225,H_bond_mean,-0.016584200319788526,-0.016615037662802992,0.0018594410595529748
Tl2WCl6_225,G_over_rho,0.5855459414709862,0.5851406989985116,0.000692076306526004
Tl2WCl6_225,f_ELF_localized,0.6094130195660145,0.6106203802449159,0.001981186223689949
Tl2WCl6_225,ELF_bond_avg,0.5689128582459335,0.5701846319830802,0.002235445584878902
Tl2WCl6_225,ELF_core_valence_contrast,1.3089561542333978,1.3053227775628327,0.002775781800493616
Tl2WCl6_225,zeta_ELF,0.057642948558932816,0.08117285826472642,0.4082010079990473
Tl2WCl6_225,f_NCI,0.12497697886501041,0.1248868024199127,0.0007215444469585639
Tl2WCl6_225,NCI_attractive,0.47478641979229524,0.47248693900673505,0.004843189884340303
Tl2WCl6_225,sign_lambda2_rho_mean,-4.9684165484277696e-05,-4.6160129210964606e-05,0.07092876048060531
Tl2WCl6_225,V_spread,32.63291349508737,32.63291508198103,4.862862337656805e-08
Tl2WCl6_225,V_int_min,-20.948835939416348,-20.852333854998133,0.004606560703291481
Tl2WCl6_225,rho_mid_mean,0.15435690182693343,0.15435852691151203,1.0528097929960299e-05
Tl2WCl6_225,rho_mid_std,0.19287810130689229,0.19287605092267962,1.0630466594041776e-05
Tl2WCl6_225,m1_def,0.758171341883542,0.7814217270580297,0.03066639938767178
Tl2WCl6_225,m2_def,0.9206798201822624,0.9485286717717246,0.030248139449770027
Tl2WCl6_225,sigma_r2_def,0.3458560365287717,0.3379087562533708,0.02297857905030318
Tl2WCl6_225,f_bond_def,0.3877258594054953,0.3885096916448993,0.0020216145515953984
Tl2WCl6_225,f_int_def,4.5717189136532034e-05,2.9517474063985203e-05,0.35434626184403456
Tl2WCl6_225,f_bond_dep,0.11270884346735201,0.11915484622925937,0.05719163256053244
Tl2WCl6_225,def_polarity,0.13506443251800848,0.131101192541021,0.029343328240460653
Tl2WCl6_225,bond_charge_transfer_pair_mean,-0.0005694169200261806,0.007066770732604342,13.410538717886057
Tl2WCl6_225,bond_charge_transfer_pair_std,0.043537788365885156,0.04937635452203329,0.134103416257199
Tl2WCl6_225,rho_perc_a,0.056797715506635836,0.05676853907223208,0.0005136902803836551
Tl2WCl6_225,rho_perc_b,0.056797715506635836,0.05676853907223208,0.0005136902803836551
Tl2WCl6_225,rho_perc_c,0.05679765927904987,0.05676853883205937,0.0005127050544006309
Tl2WCl6_225,perc_anisotropy,9.89962431094819e-07,4.230736115005235e-09,0.9957263669992745
Tl2WCl6_225,n_max,1.1935885482724125,0.9274224608527805,0.22299651567944245
Tl2WCl6_225,n_min,0.10397112789829377,0.12060650836202078,0.16000000000000003
Tl2WCl6_225,n_saddle1,14.456145622978767,10.155899773105336,0.2974683544303797
Tl2WCl6_225,n_saddle2,22.399539794408412,14.96352472712244,0.3319717786854809
Tl2WCl6_225,n_NNM,0.7153213599402611,0.6487798380853531,0.0930232558139535
Tl2WCl6_225,Q_NNM,0.07913918711071138,0.07919466172546354,0.0007009752914765957
Tl2WCl6_225,rho_min,0.004578208048150285,0.004578177050981191,6.770589883314219e-06
Tl2WCl6_225,rho_min_ratio,0.020385859065933487,0.020385721041642338,6.770589883054037e-06
Tl2WCl6_225,rho_int_mean,0.045215170068286736,0.04534820808421146,0.0029423314282308274
Tl2WCl6_225,T_eigenvalues_t1,0.3333330107821091,0.33333300844684405,7.0058018898938015e-09
Tl2WCl6_225,T_eigenvalues_t2,0.3333334892627664,0.33333348213008296,2.1398040321880666e-08
Tl2WCl6_225,T_eigenvalues_t3,0.33333349995512457,0.3333335094230729,2.8403830744645596e-08
Tl2WCl6_225,charge_FA,8.381661276544823e-07,8.450720975184629e-07,0.008239380757733852
Tl2WCl6_225,shannon_entropy,-0.7694476664491061,-0.7694475415268114,1.6235320500394993e-07
Tl2WCl6_225,fisher_information,2.122809781223674,2.12294932757094,6.573662346022542e-05
Tl2WCl6_225,disequilibrium,3.4541200785824433,3.4541200776877408,2.5902473391985106e-10
Tl2WCl6_225,LMC_complexity,1.6001863284553948,1.6001865279398675,1.246632777513985e-07
Tl2WCl6_225,M_abs_per_atom,0.24353482886488806,0.24353880241096185,1.631613060155865e-05
Tl2WCl6_225,M_net_per_atom,0.22222338337372216,0.22222338337372222,2.497988752961359e-16
Tl2WCl6_225,m1_spin,0.951630237695777,0.9515136960398747,0.00012246527199949561
Tl2WCl6_225,sigma_r2_spin,0.1360099549906112,0.13588577727511097,0.0009130046069700541
Tl2WCl6_225,f_bond_spin,0.553144646009809,0.551088221427061,0.0037176977081532486
Tl2WCl6_225,mu_site_std,0.48581877326153794,0.4769369864781524,0.018282098741795767
Tl2WCl6_225,spin_frustration,0.0,0.0,0.0
Tl2WCl6_225,spin_charge_correlation,0.1890361532109446,0.18902981607565975,3.35234037363753e-05
Tl2WCl6_225,m1_site_std,0.12910215591224003,0.12866346591671834,0.0033980067367728076
Tl2WCl6_225,m1_site_range,0.31657417233028906,0.31435630649423474,0.007005833166138305
Tl2WCl6_225,m1_site_max,1.2466154948463735,1.2468785423734094,0.00021100935141866122
Tl2WCl6_225,m1_site_min,0.9300413225160844,0.9325222358791747,0.0026675302516436343
Tl2WCl6_225,m1_within_element_var,2.939787453433388e-07,4.84635149383397e-07,0.6485380561012664
Tl2WCl6_225,m1_between_element_var,0.016667072682442975,0.01655380282655316,0.006796025795767635
Tl2WCl6_225,f_bond_site_std,0.0549520970228339,0.0538650280219293,0.019782120424865605
Tl2WCl6_225,f_bond_site_range,0.15708565378519768,0.15230215236913736,0.03045154857108329
Tl2WCl6_225,f_bond_site_max,0.6590039694414275,0.6544958608087528,0.006840791317988234
Tl2WCl6_225,f_bond_site_min,0.5019183156562298,0.5021937084396154,0.0005486804820532582
Tl2WCl6_225,f_bond_within_element_var,8.792118808257872e-08,1.4800938604778275e-07,0.6834325067214407
Tl2WCl6_225,f_bond_between_element_var,0.0030196450460188646,0.0029012932344171832,0.039193948228358075
Tl2WCl6_225,zeta_site_std,0.059304112493722604,0.050922845629945736,0.1413269082251932
Tl2WCl6_225,zeta_site_range,0.1923549504864387,0.16517320563607185,0.1413103472597301
Tl2WCl6_225,zeta_site_max,0.2005887868134889,0.17409316528101448,0.1320892456322124
Tl2WCl6_225,zeta_site_min,0.008233836327050215,0.008919959644942632,0.0833297251292609
Tl2WCl6_225,zeta_within_element_var,3.162479608898149e-08,5.663898275387271e-08,0.7909675241702668
Tl2WCl6_225,zeta_between_element_var,0.003516946133872016,0.002593079568068529,0.2626899959898865
Tl2WCl6_225,mu_site_range,1.5708725105118564,1.5454785755531673,0.01616549706533137
Tl2WCl6_225,mu_site_max,1.5957589528684277,1.5704814971524326,0.01584039724205095
Tl2WCl6_225,mu_site_min,0.024886442356571253,0.025002921599265412,0.0046804296502188794
Tl2WCl6_225,mu_within_element_var,2.144137513087123e-08,4.079300380332675e-08,0.902536733504238
Tl2WCl6_225,mu_between_element_var,0.23601985901197042,0.22746884827785754,0.036230047632047735
CuAuSe4_11,zeta,0.027542207995756685,0.027517898241860794,0.0008826363485322455
CuAuSe4_11,m1,0.9134703002766197,0.9134650406434972,5.757858926432344e-06
CuAuSe4_11,m2,0.9952297303240383,0.9952090047799742,2.0824884378527085e-05
CuAuSe4_11,sigma_r2,0.1608017408365805,0.1607906243021482,6.91319283888035e-05
CuAuSe4_11,f_core,0.4224223661709654,0.42227001417508697,0.0003606627112560831
CuAuSe4_11,f_bond,0.4923535025602173,0.49259021622796967,0.0004807799000544363
CuAuSe4_11,f_int,0.08522413126881746,0.08513976959694292,0.000989880103423408
CuAuSe4_11,lnf,0.15559413580246914,0.15492598904036353,0.0042941641640906
CuAuSe4_11,lnf_charge_weighted,0.5128460679017264,0.5109416080875585,0.0037135115844015975
CuAuSe4_11,lap_concentration,0.5000000000000001,0.5000000000000003,4.440892098500625e-16
CuAuSe4_11,lap_concentration_valence,0.204318232004417,0.20384109156286093,0.002335280786620008
CuAuSe4_11,ellip_bond_avg,7.374483694764956,3.655382456155091,0.5043202199023105
CuAuSe4_11,ellip_bond_std,632.3673046930189,44.219209147394274,0.9300735366625882
CuAuSe4_11,f_H_negative,0.978205383407427,0.9771035765970643,0.0011263552921011192
CuAuSe4_11,H_bond_mean,-0.022118746350059715,-0.02209813644129439,0.0009317846698517369
CuAuSe4_11,G_over_rho,0.6344798836388764,0.6347878672195285,0.00048541110379377614
CuAuSe4_11,f_ELF_localized,0.43798465043239776,0.4378230308042175,0.0003690075166349535
CuAuSe4_11,ELF_bond_avg,0.497606322020505,0.49748804860715784,0.0002376847079974652
CuAuSe4_11,ELF_core_valence_contrast,1.5450474519324302,1.5441971007017006,0.0005503722423968746
CuAuSe4_11,zeta_ELF,0.08147233903331241,0.10442384332391486,0.281709161206456
CuAuSe4_11,f_NCI,0.08838734567901235,0.08812399759422614,0.0029794772403573663
CuAuSe4_11,NCI_attractive,0.1904069062515156,0.18934546660979193,0.005574585831049511
CuAuSe4_11,sign_lambda2_rho_mean,0.008700708075004624,0.008700140233297885,6.526385000437528e-05
CuAuSe4_11,V_spread,84.7313600500294,84.73137117349145,1.312791633751202e-07
CuAuSe4_11,V_int_min,-37.6564181056384,-37.63860408345789,0.0004730673568191044
CuAuSe4_11,rho_mid_mean,0.5260750039751312,0.5260811383866774,1.1660716627522921e-05
CuAuSe4_11,rho_mid_std,0.06117797450682277,0.06118377114840705,9.475046585000382e-05
CuAuSe4_11,m1_def,0.616779101911554,0.6197533825060602,0.0048222784872056475
CuAuSe4_11,m2_def,0.5592255512138787,0.5619890158161295,0.0049415921648291086
CuAuSe4_11,sigma_r2_def,0.17880909065905554,0.17789476068842658,0.005113442315818033
CuAuSe4_11,f_bond_def,0.3024597926635917,0.30221717005957105,0.000802164816301689
CuAuSe4_11,f_int_def,0.020033908389557657,0.02001298164023568,0.001044566487729608
CuAuSe4_11,f_bond_dep,0.12318463512961489,0.1248934170164943,0.013871712856732735
CuAuSe4_11,def_polarity,0.1623285170841452,0.16152426857388483,0.004954449930959919
CuAuSe4_11,bond_charge_transfer_pair_mean,0.0006219206241916588,0.004857983516302929,6.811259712792274
CuAuSe4_11,bond_charge_transfer_pair_std,0.053181996044725205,0.0553605960033165,0.04096499042193011
CuAuSe4_11,rho_perc_a,0.40123787820667206,0.4008246711627603,0.0010298305976458606
CuAuSe4_11,rho_perc_b,0.5641477472518379,0.5638196973730778,0.00058149639054337
CuAuSe4_11,rho_perc_c,0.4364178265948548,0.43449937484516515,0.004395906016622487
CuAuSe4_11,perc_anisotropy,0.34864346097850263,0.349488807668417,0.002424673870382719
CuAuSe4_11,n_max,0.1481649846107148,0.13334848614964334,0.09999999999999992
CuAuSe4_11,n_min,0.08149074153589315,0.08149074153589315,0.0
CuAuSe4_11,n_saddle1,1.318668363035362,1.289035366113219,0.022471910112359533
CuAuSe4_11,n_saddle2,1.5779570861041128,1.5260993414903627,0.03286384976525812
CuAuSe4_11,n_NNM,0.0,0.0,0.0
CuAuSe4_11,Q_NNM,0.0,0.0,0.0
CuAuSe4_11,rho_min,-0.25934599752888343,-0.2381024598838204,0.08191195486908233
CuAuSe4_11,rho_min_ratio,-0.7610376332074933,-0.6986995529425275,0.08191195486908281
CuAuSe4_11,rho_int_mean,0.06913014838739616,0.06910341144248319,0.0003867624406523252
CuAuSe4_11,T_eigenvalues_t1,0.3325649283455216,0.3325649108352435,5.265220900915071e-08
CuAuSe4_11,T_eigenvalues_t2,0.3329130746781588,0.332913093897728,5.773149412198174e-08
CuAuSe4_11,T_eigenvalues_t3,0.3345219969763193,0.33452199526702847,5.109651489126443e-09
CuAuSe4_11,charge_FA,0.0031320708050843723,0.0031320756129010058,1.535028079736429e-06
CuAuSe4_11,shannon_entropy,-0.7845422358660752,-0.7845530261074662,1.3753550666580679e-05
CuAuSe4_11,fisher_information,2.7498195289491223,2.7831491166145748,0.012120645487665796
CuAuSe4_11,disequilibrium,5.5745557292135,5.574584958559236,5.24334981218615e-06
CuAuSe4_11,LMC_complexity,2.5438289039448874,2.543814793605928,5.546889941222603e-06
CuAuSe4_11,M_abs_per_atom,0.0,0.0,0.0
CuAuSe4_11,M_net_per_atom,0.0,0.0,0.0
CuAuSe4_11,m1_spin,0.0,0.0,0.0
CuAuSe4_11,sigma_r2_spin,0.0,0.0,0.0
CuAuSe4_11,f_bond_spin,0.0,0.0,0.0
CuAuSe4_11,mu_site_std,0.0,0.0,0.0
CuAuSe4_11,spin_frustration,0.0,0.0,0.0
CuAuSe4_11,spin_charge_correlation,0.0,0.0,0.0
CuAuSe4_11,m1_site_std,0.1492171530196494,0.14930725424517288,0.0006038261935717624
CuAuSe4_11,m1_site_range,0.3992362432651789,0.39926233159993296,6.53456072541721e-05
CuAuSe4_11,m1_site_max,1.0596167247226682,1.059406797396307,0.00019811628248516265
CuAuSe4_11,m1_site_min,0.6603804814574893,0.6601444657963741,0.00035739345383785316
CuAuSe4_11,m1_within_element_var,8.857981023937673e-06,8.004979385873479e-06,0.0962975237538956
CuAuSe4_11,m1_between_element_var,0.022256900774265537,0.022284651190846792,0.0012468230353680652
CuAuSe4_11,f_bond_site_std,0.14739185462028598,0.14730741952822846,0.000572861317710165
CuAuSe4_11,f_bond_site_range,0.39576919751245787,0.3956814500050592,0.00022171383713076337
CuAuSe4_11,f_bond_site_max,0.6275327686473989,0.6279302395160201,0.0006333866348970195
CuAuSe4_11,f_bond_site_min,0.2317635711349411,0.2322487895109609,0.0020935920759405993
CuAuSe4_11,f_bond_within_element_var,9.892020556141702e-07,1.1057464044010701e-06,0.11781652507236307
CuAuSe4_11,f_bond_between_element_var,0.021723369606351906,0.02169837010166109,0.0011508115519751063
CuAuSe4_11,zeta_site_std,0.010794460645593685,0.010766273184978551,0.002611289395606783
CuAuSe4_11,zeta_site_range,0.02654801872697865,0.02648771844548259,0.002271366542121029
CuAuSe4_11,zeta_site_max,0.04342632014590153,0.043422229337450435,9.420113049763153e-05
CuAuSe4_11,zeta_site_min,0.01687830141892288,0.016934510891967847,0.003330280201178735
CuAuSe4_11,zeta_within_element_var,2.7221469014582786e-06,2.688223671642394e-06,0.012461939433801937
CuAuSe4_11,zeta_between_element_var,0.00011379823372781255,0.00011322441462194581,0.005042425414433229
CuAuSe4_11,mu_site_range,0.0,0.0,0.0
CuAuSe4_11,mu_site_max,0.0,0.0,0.0
CuAuSe4_11,mu_site_min,0.0,0.0,0.0
CuAuSe4_11,mu_within_element_var,0.0,0.0,0.0
CuAuSe4_11,mu_between_element_var,0.0,0.0,0.0
