pydemi 0.1.0.dev0: 6059 structures, 24 workers
[1/500] /data/sai/new_charge/6000_data_aug13/AcH2_225/CHGCAR: ok (7.5 s)
[2/500] /data/sai/new_charge/6000_data_aug13/AcAg_221/CHGCAR: ok (6.0 s)
[3/500] /data/sai/new_charge/6000_data_aug13/AcH3_225/CHGCAR: ok (7.7 s)
[4/500] /data/sai/new_charge/6000_data_aug13/AcCuO3_221/CHGCAR: ok (7.3 s)
[5/500] /data/sai/new_charge/6000_data_aug13/AcF3_139/CHGCAR: ok (9.8 s)
[6/500] /data/sai/new_charge/6000_data_aug13/Ac2O3_164/CHGCAR: ok (10.7 s)
[7/500] /data/sai/new_charge/6000_data_aug13/AcCdRh2_225/CHGCAR: ok (9.8 s)
[8/500] /data/sai/new_charge/6000_data_aug13/Ac2GePd_225/CHGCAR: ok (12.4 s)
[9/500] /data/sai/new_charge/6000_data_aug13/AcClO_129/CHGCAR: ok (13.1 s)
[10/500] /data/sai/new_charge/6000_data_aug13/Ac2SiPd_225/CHGCAR: ok (12.7 s)
[11/500] /data/sai/new_charge/6000_data_aug13/Ac2NiIr_225/CHGCAR: ok (13.1 s)
[12/500] /data/sai/new_charge/6000_data_aug13/Ac2IrAu_225/CHGCAR: ok (14.1 s)
[13/500] /data/sai/new_charge/6000_data_aug13/Ac2CuGe_225/CHGCAR: ok (13.6 s)
[14/500] /data/sai/new_charge/6000_data_aug13/AcMg_221/CHGCAR: ok (6.9 s)
[15/500] /data/sai/new_charge/6000_data_aug13/Ac2MgSn_225/CHGCAR: ok (13.7 s)
[16/500] /data/sai/new_charge/6000_data_aug13/Ac2HgGe_225/CHGCAR: ok (13.9 s)
[17/500] /data/sai/new_charge/6000_data_aug13/Ac2ZnGe_225/CHGCAR: ok (15.1 s)
[18/500] /data/sai/new_charge/6000_data_aug13/Ac2IrPd_225/CHGCAR: ok (15.8 s)
[19/500] /data/sai/new_charge/6000_data_aug13/Ac2CuIr_225/CHGCAR: ok (16.2 s)
[20/500] /data/sai/new_charge/6000_data_aug13/AcOF_216/CHGCAR: ok (8.1 s)
[21/500] /data/sai/new_charge/6000_data_aug13/AcMgCd2_225/CHGCAR: ok (12.0 s)
[22/500] /data/sai/new_charge/6000_data_aug13/AcTiO3_221/CHGCAR: ok (6.3 s)
[23/500] /data/sai/new_charge/6000_data_aug13/Ag2F_164/CHGCAR: ok (4.0 s)
[24/500] /data/sai/new_charge/6000_data_aug13/AcN_186/CHGCAR: ok (10.3 s)
[25/500] /data/sai/new_charge/6000_data_aug13/AcMgTl2_225/CHGCAR: ok (12.4 s)
[26/500] /data/sai/new_charge/6000_data_aug13/AcAu3_194/CHGCAR: ok (20.6 s)
[27/500] /data/sai/new_charge/6000_data_aug13/AcCl3_176/CHGCAR: ok (20.1 s)
[28/500] /data/sai/new_charge/6000_data_aug13/AcMgHg2_225/CHGCAR: ok (15.2 s)
[29/500] /data/sai/new_charge/6000_data_aug13/AcPbAu2_225/CHGCAR: ok (12.9 s)
[30/500] /data/sai/new_charge/6000_data_aug13/AcAl3_194/CHGCAR: ok (24.4 s)
[31/500] /data/sai/new_charge/6000_data_aug13/AcTlHg2_225/CHGCAR: ok (12.1 s)
[32/500] /data/sai/new_charge/6000_data_aug13/Ag2CO3_11/CHGCAR: ok (10.8 s)
[33/500] /data/sai/new_charge/6000_data_aug13/AcHg3_194/CHGCAR: ok (25.0 s)
[34/500] /data/sai/new_charge/6000_data_aug13/Ag3Pd_139/CHGCAR: ok (7.4 s)
[35/500] /data/sai/new_charge/6000_data_aug13/AcTlAu2_225/CHGCAR: ok (13.9 s)
[36/500] /data/sai/new_charge/6000_data_aug13/AcTlTe2_225/CHGCAR: ok (13.5 s)
[37/500] /data/sai/new_charge/6000_data_aug13/AgAu3_221/CHGCAR: ok (5.8 s)
[38/500] /data/sai/new_charge/6000_data_aug13/Ac_194/CHGCAR: ok (13.8 s)
[39/500] /data/sai/new_charge/6000_data_aug13/AcBr3_176/CHGCAR: ok (26.9 s)
[40/500] /data/sai/new_charge/6000_data_aug13/AgCl_225/CHGCAR: ok (3.9 s)
[41/500] /data/sai/new_charge/6000_data_aug13/AgAuO2_14/CHGCAR: ok (8.5 s)
[42/500] /data/sai/new_charge/6000_data_aug13/AgO_131/CHGCAR: ok (4.1 s)
[43/500] /data/sai/new_charge/6000_data_aug13/AgClO4_121/CHGCAR: ok (8.0 s)
[44/500] /data/sai/new_charge/6000_data_aug13/Ag_194/CHGCAR: ok (6.5 s)
[45/500] /data/sai/new_charge/6000_data_aug13/Ag2SO4_70/CHGCAR: ok (20.9 s)
[46/500] /data/sai/new_charge/6000_data_aug13/Al(CrB)2_65/CHGCAR: ok (5.9 s)
[47/500] /data/sai/new_charge/6000_data_aug13/Al(CoSi)2_164/CHGCAR: ok (7.1 s)
[48/500] /data/sai/new_charge/6000_data_aug13/AcI3_194/CHGCAR: ok (36.1 s)
[49/500] /data/sai/new_charge/6000_data_aug13/Al(FeB)2_65/CHGCAR: ok (6.9 s)
[50/500] /data/sai/new_charge/6000_data_aug13/AgAsF6_225/CHGCAR: ok (17.6 s)
[51/500] /data/sai/new_charge/6000_data_aug13/AgF2_61/CHGCAR: ok (12.9 s)
[52/500] /data/sai/new_charge/6000_data_aug13/Ag2Te_14/CHGCAR: ok (23.5 s)
[53/500] /data/sai/new_charge/6000_data_aug13/AgPF6_225/CHGCAR: ok (13.4 s)
[54/500] /data/sai/new_charge/6000_data_aug13/Ag5(PbO3)2_162/CHGCAR: ok (22.0 s)
[55/500] /data/sai/new_charge/6000_data_aug13/AgBiSCl2_63/CHGCAR: ok (18.1 s)
[56/500] /data/sai/new_charge/6000_data_aug13/Ag2BiO3_34/CHGCAR: ok (29.0 s)
[57/500] /data/sai/new_charge/6000_data_aug13/Ag3P11_8/CHGCAR: ok (25.3 s)
[58/500] /data/sai/new_charge/6000_data_aug13/Ag2HgO2_96/CHGCAR: ok (29.0 s)
[59/500] /data/sai/new_charge/6000_data_aug13/Ag5P(S2Cl)2_38/CHGCAR: ok (24.3 s)
[60/500] /data/sai/new_charge/6000_data_aug13/AgBr_225/CHGCAR: ok (20.5 s)
[61/500] /data/sai/new_charge/6000_data_aug13/Ag2HgI4_82/CHGCAR: ok (31.7 s)
[62/500] /data/sai/new_charge/6000_data_aug13/Al2CoOs_225/CHGCAR: ok (6.2 s)
[63/500] /data/sai/new_charge/6000_data_aug13/Al2Cu_123/CHGCAR: ok (4.3 s)
[64/500] /data/sai/new_charge/6000_data_aug13/Al2CoIr_225/CHGCAR: ok (6.8 s)
[65/500] /data/sai/new_charge/6000_data_aug13/AgNO3_161/CHGCAR: ok (21.7 s)
[66/500] /data/sai/new_charge/6000_data_aug13/AgI_225/CHGCAR: ok (23.2 s)
[67/500] /data/sai/new_charge/6000_data_aug13/Al2Cu_225/CHGCAR: ok (6.3 s)
[68/500] /data/sai/new_charge/6000_data_aug13/Al2CoRu_225/CHGCAR: ok (7.2 s)
[69/500] /data/sai/new_charge/6000_data_aug13/Al2FeIr_225/CHGCAR: ok (5.6 s)
[70/500] /data/sai/new_charge/6000_data_aug13/Ag2SeO3_14/CHGCAR: ok (36.2 s)
[71/500] /data/sai/new_charge/6000_data_aug13/Al2FeCo_225/CHGCAR: ok (7.5 s)
[72/500] /data/sai/new_charge/6000_data_aug13/Al2CdS4_82/CHGCAR: ok (13.7 s)
[73/500] /data/sai/new_charge/6000_data_aug13/Al2CdSe4_82/CHGCAR: ok (14.4 s)
[74/500] /data/sai/new_charge/6000_data_aug13/Al2IrRh_225/CHGCAR: ok (6.5 s)
[75/500] /data/sai/new_charge/6000_data_aug13/Al2IrOs_225/CHGCAR: ok (8.4 s)
[76/500] /data/sai/new_charge/6000_data_aug13/Al2NiRu_225/CHGCAR: ok (5.9 s)
[77/500] /data/sai/new_charge/6000_data_aug13/Al2IrRu_225/CHGCAR: ok (7.6 s)
[78/500] /data/sai/new_charge/6000_data_aug13/Al2Os_139/CHGCAR: ok (7.5 s)
[79/500] /data/sai/new_charge/6000_data_aug13/Al2PdRu_225/CHGCAR: ok (7.4 s)
[80/500] /data/sai/new_charge/6000_data_aug13/Al2Cu_140/CHGCAR: ok (16.3 s)
[81/500] /data/sai/new_charge/6000_data_aug13/Al2HgS4_82/CHGCAR: ok (13.8 s)
[82/500] /data/sai/new_charge/6000_data_aug13/Al2RuPt_225/CHGCAR: ok (6.7 s)
[83/500] /data/sai/new_charge/6000_data_aug13/Al2HgSe4_82/CHGCAR: ok (13.8 s)
[84/500] /data/sai/new_charge/6000_data_aug13/Al2RuRh_225/CHGCAR: ok (7.3 s)
[85/500] /data/sai/new_charge/6000_data_aug13/Al2CdTe4_82/CHGCAR: ok (22.7 s)
[86/500] /data/sai/new_charge/6000_data_aug13/Al2Au_225/CHGCAR: ok (27.7 s)
[87/500] /data/sai/new_charge/6000_data_aug13/Al12Mo_204/CHGCAR: ok (33.9 s)
[88/500] /data/sai/new_charge/6000_data_aug13/Al2HgTe4_82/CHGCAR: ok (19.1 s)
[89/500] /data/sai/new_charge/6000_data_aug13/Al3Cu2_164/CHGCAR: ok (7.0 s)
[90/500] /data/sai/new_charge/6000_data_aug13/Al3Cr_139/CHGCAR: ok (9.4 s)
[91/500] /data/sai/new_charge/6000_data_aug13/Al3Ni2_164/CHGCAR: ok (7.4 s)
[92/500] /data/sai/new_charge/6000_data_aug13/Al12W_204/CHGCAR: ok (33.8 s)
[93/500] /data/sai/new_charge/6000_data_aug13/Al12Re_204/CHGCAR: ok (38.8 s)
[94/500] /data/sai/new_charge/6000_data_aug13/Al3Ir_194/CHGCAR: ok (11.5 s)
[95/500] /data/sai/new_charge/6000_data_aug13/Al3Pd2_164/CHGCAR: ok (7.7 s)
[96/500] /data/sai/new_charge/6000_data_aug13/Al2ZnSe4_82/CHGCAR: ok (16.8 s)
[97/500] /data/sai/new_charge/6000_data_aug13/Al2Pt_225/CHGCAR: ok (24.4 s)
[98/500] /data/sai/new_charge/6000_data_aug13/Ag3Ge5P6_217/CHGCAR: ok (60.3 s)
[99/500] /data/sai/new_charge/6000_data_aug13/Al12Tc_204/CHGCAR: ok (42.2 s)
[100/500] /data/sai/new_charge/6000_data_aug13/Al2Te5_12/CHGCAR: ok (21.2 s)
[101/500] /data/sai/new_charge/6000_data_aug13/Al2ZnTe4_82/CHGCAR: ok (19.5 s)
[102/500] /data/sai/new_charge/6000_data_aug13/Al3Pt2_164/CHGCAR: ok (9.6 s)
[103/500] /data/sai/new_charge/6000_data_aug13/Al3Os2_139/CHGCAR: ok (14.0 s)
[104/500] /data/sai/new_charge/6000_data_aug13/Al2Pd_225/CHGCAR: ok (29.9 s)
[105/500] /data/sai/new_charge/6000_data_aug13/Al3V_139/CHGCAR: ok (11.9 s)
[106/500] /data/sai/new_charge/6000_data_aug13/Al3Ni_62/CHGCAR: ok (17.7 s)
[107/500] /data/sai/new_charge/6000_data_aug13/Al2O3_167/CHGCAR: ok (34.8 s)
[108/500] /data/sai/new_charge/6000_data_aug13/Ag3Te2Au_214/CHGCAR: ok (67.2 s)
[109/500] /data/sai/new_charge/6000_data_aug13/Al3Ni5_65/CHGCAR: ok (21.8 s)
[110/500] /data/sai/new_charge/6000_data_aug13/Al2ZnS4_227/CHGCAR: ok (29.3 s)
[111/500] /data/sai/new_charge/6000_data_aug13/Al3Pd5_55/CHGCAR: ok (19.8 s)
[112/500] /data/sai/new_charge/6000_data_aug13/Al3Pt5_55/CHGCAR: ok (19.2 s)
[113/500] /data/sai/new_charge/6000_data_aug13/Al2Ru_70/CHGCAR: ok (34.9 s)
[114/500] /data/sai/new_charge/6000_data_aug13/Al2SiO5_2/CHGCAR: ok (41.6 s)
[115/500] /data/sai/new_charge/6000_data_aug13/Al5Mo_182/CHGCAR: ok (18.2 s)
[116/500] /data/sai/new_charge/6000_data_aug13/Al5W_182/CHGCAR: ok (16.9 s)
[117/500] /data/sai/new_charge/6000_data_aug13/AlAgO2_194/CHGCAR: ok (11.0 s)
[118/500] /data/sai/new_charge/6000_data_aug13/Al13Os4_12/CHGCAR: ok (63.5 s)
[119/500] /data/sai/new_charge/6000_data_aug13/AlAgS2_122/CHGCAR: ok (13.9 s)
[120/500] /data/sai/new_charge/6000_data_aug13/Al4Bi2O9_55/CHGCAR: ok (31.5 s)
[121/500] /data/sai/new_charge/6000_data_aug13/AlAs_186/CHGCAR: ok (7.2 s)
[122/500] /data/sai/new_charge/6000_data_aug13/Al3Mo_12/CHGCAR: ok (46.2 s)
[123/500] /data/sai/new_charge/6000_data_aug13/AlAsPt5_123/CHGCAR: ok (11.4 s)
[124/500] /data/sai/new_charge/6000_data_aug13/AlAs_216/CHGCAR: ok (12.5 s)
[125/500] /data/sai/new_charge/6000_data_aug13/AlBMo_63/CHGCAR: ok (6.6 s)
[126/500] /data/sai/new_charge/6000_data_aug13/AlAgSe2_122/CHGCAR: ok (20.9 s)
[127/500] /data/sai/new_charge/6000_data_aug13/AlAu2_62/CHGCAR: ok (15.6 s)
[128/500] /data/sai/new_charge/6000_data_aug13/AlCo_221/CHGCAR: ok (3.1 s)
[129/500] /data/sai/new_charge/6000_data_aug13/AlAgTe2_122/CHGCAR: ok (24.3 s)
[130/500] /data/sai/new_charge/6000_data_aug13/AlAu_11/CHGCAR: ok (11.3 s)
[131/500] /data/sai/new_charge/6000_data_aug13/AlCo3C_221/CHGCAR: ok (5.4 s)
[132/500] /data/sai/new_charge/6000_data_aug13/AlClO_59/CHGCAR: ok (8.4 s)
[133/500] /data/sai/new_charge/6000_data_aug13/Al6Fe_63/CHGCAR: ok (40.3 s)
[134/500] /data/sai/new_charge/6000_data_aug13/Al9Co2_14/CHGCAR: ok (35.7 s)
[135/500] /data/sai/new_charge/6000_data_aug13/Al8Mo3_12/CHGCAR: ok (37.1 s)
[136/500] /data/sai/new_charge/6000_data_aug13/AlCrRu2_225/CHGCAR: ok (7.3 s)
[137/500] /data/sai/new_charge/6000_data_aug13/AlCr2_139/CHGCAR: ok (9.2 s)
[138/500] /data/sai/new_charge/6000_data_aug13/Al4Mo_8/CHGCAR: ok (48.0 s)
[139/500] /data/sai/new_charge/6000_data_aug13/Al6Ru_63/CHGCAR: ok (39.8 s)
[140/500] /data/sai/new_charge/6000_data_aug13/Al5Co2_194/CHGCAR: ok (45.7 s)
[141/500] /data/sai/new_charge/6000_data_aug13/AlCr3B4_47/CHGCAR: ok (10.8 s)
[142/500] /data/sai/new_charge/6000_data_aug13/AlCr2C_194/CHGCAR: ok (12.4 s)
[143/500] /data/sai/new_charge/6000_data_aug13/Al5BO9_36/CHGCAR: ok (48.5 s)
[144/500] /data/sai/new_charge/6000_data_aug13/AlCuPt2_123/CHGCAR: ok (4.6 s)
[145/500] /data/sai/new_charge/6000_data_aug13/Al6Tc_63/CHGCAR: ok (46.0 s)
[146/500] /data/sai/new_charge/6000_data_aug13/Al6Re_63/CHGCAR: ok (46.4 s)
[147/500] /data/sai/new_charge/6000_data_aug13/AlCuAu2_225/CHGCAR: ok (8.8 s)
[148/500] /data/sai/new_charge/6000_data_aug13/AlCrCo2_225/CHGCAR: ok (17.8 s)
[149/500] /data/sai/new_charge/6000_data_aug13/AlCl3_12/CHGCAR: ok (24.3 s)
[150/500] /data/sai/new_charge/6000_data_aug13/AlCu3_59/CHGCAR: ok (11.7 s)
[151/500] /data/sai/new_charge/6000_data_aug13/Al5Rh2_194/CHGCAR: ok (53.3 s)
[152/500] /data/sai/new_charge/6000_data_aug13/AlCuO2_194/CHGCAR: ok (10.6 s)
[153/500] /data/sai/new_charge/6000_data_aug13/AlAu4_198/CHGCAR: ok (33.7 s)
[154/500] /data/sai/new_charge/6000_data_aug13/AlFe2Si_225/CHGCAR: ok (5.9 s)
[155/500] /data/sai/new_charge/6000_data_aug13/AlFe_221/CHGCAR: ok (3.6 s)
[156/500] /data/sai/new_charge/6000_data_aug13/AlIr_221/CHGCAR: ok (3.0 s)
[157/500] /data/sai/new_charge/6000_data_aug13/AlFe3C_221/CHGCAR: ok (6.9 s)
[158/500] /data/sai/new_charge/6000_data_aug13/Al4C3_166/CHGCAR: ok (62.9 s)
[159/500] /data/sai/new_charge/6000_data_aug13/AlCuS2_122/CHGCAR: ok (13.6 s)
[160/500] /data/sai/new_charge/6000_data_aug13/AlN_186/CHGCAR: ok (4.6 s)
[161/500] /data/sai/new_charge/6000_data_aug13/AlFeRh2_225/CHGCAR: ok (6.9 s)
[162/500] /data/sai/new_charge/6000_data_aug13/AlNi_221/CHGCAR: ok (2.7 s)
[163/500] /data/sai/new_charge/6000_data_aug13/AlCuSe2_122/CHGCAR: ok (14.9 s)
[164/500] /data/sai/new_charge/6000_data_aug13/AlGeRu2_225/CHGCAR: ok (7.5 s)
[165/500] /data/sai/new_charge/6000_data_aug13/AlOs_221/CHGCAR: ok (3.3 s)
[166/500] /data/sai/new_charge/6000_data_aug13/AlNi3_221/CHGCAR: ok (5.5 s)
[167/500] /data/sai/new_charge/6000_data_aug13/AlP_186/CHGCAR: ok (6.2 s)
[168/500] /data/sai/new_charge/6000_data_aug13/AlPd_221/CHGCAR: ok (2.6 s)
[169/500] /data/sai/new_charge/6000_data_aug13/Al4Cu9_215/CHGCAR: ok (69.5 s)
[170/500] /data/sai/new_charge/6000_data_aug13/AlMo3_223/CHGCAR: ok (11.0 s)
[171/500] /data/sai/new_charge/6000_data_aug13/AlCu3_225/CHGCAR: ok (26.9 s)
[172/500] /data/sai/new_charge/6000_data_aug13/AlBr3_14/CHGCAR: ok (38.6 s)
[173/500] /data/sai/new_charge/6000_data_aug13/AlPPt5_123/CHGCAR: ok (9.1 s)
[174/500] /data/sai/new_charge/6000_data_aug13/AlCuCl4_112/CHGCAR: ok (23.4 s)
[175/500] /data/sai/new_charge/6000_data_aug13/AlFeCo2_225/CHGCAR: ok (18.0 s)
[176/500] /data/sai/new_charge/6000_data_aug13/AlRh_221/CHGCAR: ok (2.8 s)
[177/500] /data/sai/new_charge/6000_data_aug13/AlP_216/CHGCAR: ok (11.1 s)
[178/500] /data/sai/new_charge/6000_data_aug13/AlRu_221/CHGCAR: ok (2.7 s)
[179/500] /data/sai/new_charge/6000_data_aug13/AlHO2_62/CHGCAR: ok (17.2 s)
[180/500] /data/sai/new_charge/6000_data_aug13/AlPd_198/CHGCAR: ok (9.7 s)
[181/500] /data/sai/new_charge/6000_data_aug13/AlFe3_225/CHGCAR: ok (19.8 s)
[182/500] /data/sai/new_charge/6000_data_aug13/AlCuTe2_122/CHGCAR: ok (25.9 s)
[183/500] /data/sai/new_charge/6000_data_aug13/AlPt3_221/CHGCAR: ok (6.3 s)
[184/500] /data/sai/new_charge/6000_data_aug13/AlPd5I2_139/CHGCAR: ok (11.8 s)
[185/500] /data/sai/new_charge/6000_data_aug13/AlPd2_62/CHGCAR: ok (14.0 s)
[186/500] /data/sai/new_charge/6000_data_aug13/AlFe2Mo_225/CHGCAR: ok (26.7 s)
[187/500] /data/sai/new_charge/6000_data_aug13/AlPt_198/CHGCAR: ok (8.4 s)
[188/500] /data/sai/new_charge/6000_data_aug13/AlRe2_139/CHGCAR: ok (7.9 s)
[189/500] /data/sai/new_charge/6000_data_aug13/AlTc2_139/CHGCAR: ok (4.4 s)
[190/500] /data/sai/new_charge/6000_data_aug13/AlSiRu2_225/CHGCAR: ok (5.5 s)
[191/500] /data/sai/new_charge/6000_data_aug13/AlSbO4_65/CHGCAR: ok (7.8 s)
[192/500] /data/sai/new_charge/6000_data_aug13/AlF3_167/CHGCAR: ok (31.1 s)
[193/500] /data/sai/new_charge/6000_data_aug13/Ar_225/CHGCAR: ok (2.4 s)
[194/500] /data/sai/new_charge/6000_data_aug13/AlVOs2_225/CHGCAR: ok (5.9 s)
[195/500] /data/sai/new_charge/6000_data_aug13/AlPt2_62/CHGCAR: ok (15.1 s)
[196/500] /data/sai/new_charge/6000_data_aug13/AlVRu2_225/CHGCAR: ok (6.7 s)
[197/500] /data/sai/new_charge/6000_data_aug13/AlZnIr2_225/CHGCAR: ok (6.8 s)
[198/500] /data/sai/new_charge/6000_data_aug13/Al_225/CHGCAR: ok (6.8 s)
[199/500] /data/sai/new_charge/6000_data_aug13/AlZnRh2_225/CHGCAR: ok (7.3 s)
[200/500] /data/sai/new_charge/6000_data_aug13/AlV3_223/CHGCAR: ok (12.5 s)
[201/500] /data/sai/new_charge/6000_data_aug13/As2Os_58/CHGCAR: ok (6.6 s)
[202/500] /data/sai/new_charge/6000_data_aug13/AlV2C_194/CHGCAR: ok (14.4 s)
[203/500] /data/sai/new_charge/6000_data_aug13/AlPt3_127/CHGCAR: ok (20.9 s)
[204/500] /data/sai/new_charge/6000_data_aug13/AlBPbO4_60/CHGCAR: ok (61.5 s)
[205/500] /data/sai/new_charge/6000_data_aug13/Al5Mo_167/CHGCAR: ok (88.5 s)
[206/500] /data/sai/new_charge/6000_data_aug13/AlPd5_62/CHGCAR: ok (26.6 s)
[207/500] /data/sai/new_charge/6000_data_aug13/AlVFe2_225/CHGCAR: ok (15.9 s)
[208/500] /data/sai/new_charge/6000_data_aug13/AlSb_216/CHGCAR: ok (18.1 s)
[209/500] /data/sai/new_charge/6000_data_aug13/As2Ru_58/CHGCAR: ok (7.7 s)
[210/500] /data/sai/new_charge/6000_data_aug13/AlVCo2_225/CHGCAR: ok (19.4 s)
[211/500] /data/sai/new_charge/6000_data_aug13/AlPt2_51/CHGCAR: ok (27.4 s)
[212/500] /data/sai/new_charge/6000_data_aug13/AlTlF4_15/CHGCAR: ok (21.8 s)
[213/500] /data/sai/new_charge/6000_data_aug13/AsRh2_225/CHGCAR: ok (3.8 s)
[214/500] /data/sai/new_charge/6000_data_aug13/AlSiTe3_162/CHGCAR: ok (23.7 s)
[215/500] /data/sai/new_charge/6000_data_aug13/AlCu_12/CHGCAR: ok (50.0 s)
[216/500] /data/sai/new_charge/6000_data_aug13/As3W2_12/CHGCAR: ok (11.9 s)
[217/500] /data/sai/new_charge/6000_data_aug13/As2Pd_205/CHGCAR: ok (16.6 s)
[218/500] /data/sai/new_charge/6000_data_aug13/As_166/CHGCAR: ok (4.7 s)
[219/500] /data/sai/new_charge/6000_data_aug13/As2Ir_14/CHGCAR: ok (19.9 s)
[220/500] /data/sai/new_charge/6000_data_aug13/As2Rh_14/CHGCAR: ok (19.5 s)
[221/500] /data/sai/new_charge/6000_data_aug13/AsPd2_36/CHGCAR: ok (13.5 s)
[222/500] /data/sai/new_charge/6000_data_aug13/AsPd5_12/CHGCAR: ok (13.1 s)
[223/500] /data/sai/new_charge/6000_data_aug13/As2Pt_205/CHGCAR: ok (20.9 s)
[224/500] /data/sai/new_charge/6000_data_aug13/Au2S_224/CHGCAR: ok (9.3 s)
[225/500] /data/sai/new_charge/6000_data_aug13/AuSe_12/CHGCAR: ok (7.4 s)
[226/500] /data/sai/new_charge/6000_data_aug13/AsPdS_198/CHGCAR: ok (18.0 s)
[227/500] /data/sai/new_charge/6000_data_aug13/As3Ir_204/CHGCAR: ok (23.5 s)
[228/500] /data/sai/new_charge/6000_data_aug13/B2Ru_59/CHGCAR: ok (6.1 s)
[229/500] /data/sai/new_charge/6000_data_aug13/B2Os_59/CHGCAR: ok (6.3 s)
[230/500] /data/sai/new_charge/6000_data_aug13/AsPdSe_198/CHGCAR: ok (17.9 s)
[231/500] /data/sai/new_charge/6000_data_aug13/B13C2_166/CHGCAR: ok (14.4 s)
[232/500] /data/sai/new_charge/6000_data_aug13/B2S2O9_5/CHGCAR: ok (11.8 s)
[233/500] /data/sai/new_charge/6000_data_aug13/B2O3_152/CHGCAR: ok (15.1 s)
[234/500] /data/sai/new_charge/6000_data_aug13/As3Rh_204/CHGCAR: ok (29.2 s)
[235/500] /data/sai/new_charge/6000_data_aug13/B4OsW_187/CHGCAR: ok (7.3 s)
[236/500] /data/sai/new_charge/6000_data_aug13/AuCl_141/CHGCAR: ok (20.0 s)
[237/500] /data/sai/new_charge/6000_data_aug13/B3Os2_194/CHGCAR: ok (12.5 s)
[238/500] /data/sai/new_charge/6000_data_aug13/AsPd3Pb2_36/CHGCAR: ok (27.9 s)
[239/500] /data/sai/new_charge/6000_data_aug13/As2Pb3O8_14/CHGCAR: ok (38.0 s)
[240/500] /data/sai/new_charge/6000_data_aug13/B2W_194/CHGCAR: ok (16.1 s)
[241/500] /data/sai/new_charge/6000_data_aug13/BN_194/CHGCAR: ok (3.4 s)
[242/500] /data/sai/new_charge/6000_data_aug13/BOs_187/CHGCAR: ok (3.3 s)
[243/500] /data/sai/new_charge/6000_data_aug13/BN_187/CHGCAR: ok (4.0 s)
[244/500] /data/sai/new_charge/6000_data_aug13/BAsO4_82/CHGCAR: ok (7.8 s)
[245/500] /data/sai/new_charge/6000_data_aug13/B3Ru2_194/CHGCAR: ok (16.2 s)
[246/500] /data/sai/new_charge/6000_data_aug13/B4C_8/CHGCAR: ok (13.7 s)
[247/500] /data/sai/new_charge/6000_data_aug13/B6P_166/CHGCAR: ok (13.3 s)
[248/500] /data/sai/new_charge/6000_data_aug13/B6O_166/CHGCAR: ok (14.0 s)
[249/500] /data/sai/new_charge/6000_data_aug13/AsCl3_19/CHGCAR: ok (36.7 s)
[250/500] /data/sai/new_charge/6000_data_aug13/BMo_141/CHGCAR: ok (9.5 s)
[251/500] /data/sai/new_charge/6000_data_aug13/BPO4_82/CHGCAR: ok (6.9 s)
[252/500] /data/sai/new_charge/6000_data_aug13/BRh_194/CHGCAR: ok (5.4 s)
[253/500] /data/sai/new_charge/6000_data_aug13/B(HO)3_2/CHGCAR: ok (27.6 s)
[254/500] /data/sai/new_charge/6000_data_aug13/BPd2_58/CHGCAR: ok (5.8 s)
[255/500] /data/sai/new_charge/6000_data_aug13/BW_141/CHGCAR: ok (7.3 s)
[256/500] /data/sai/new_charge/6000_data_aug13/BP_216/CHGCAR: ok (9.4 s)
[257/500] /data/sai/new_charge/6000_data_aug13/As2Se3_14/CHGCAR: ok (45.4 s)
[258/500] /data/sai/new_charge/6000_data_aug13/BW2_140/CHGCAR: ok (10.3 s)
[259/500] /data/sai/new_charge/6000_data_aug13/Ba(AgGe)2_139/CHGCAR: ok (10.4 s)
[260/500] /data/sai/new_charge/6000_data_aug13/Ba(AgSn)2_139/CHGCAR: ok (11.0 s)
[261/500] /data/sai/new_charge/6000_data_aug13/AsI3_148/CHGCAR: ok (45.8 s)
[262/500] /data/sai/new_charge/6000_data_aug13/BIrPd_43/CHGCAR: ok (20.1 s)
[263/500] /data/sai/new_charge/6000_data_aug13/Ba(BIr)2_139/CHGCAR: ok (9.2 s)
[264/500] /data/sai/new_charge/6000_data_aug13/Ba(AsRu)2_139/CHGCAR: ok (10.1 s)
[265/500] /data/sai/new_charge/6000_data_aug13/Ba(AsRh)2_139/CHGCAR: ok (11.1 s)
[266/500] /data/sai/new_charge/6000_data_aug13/BI3_176/CHGCAR: ok (21.1 s)
[267/500] /data/sai/new_charge/6000_data_aug13/B2Mo_166/CHGCAR: ok (37.8 s)
[268/500] /data/sai/new_charge/6000_data_aug13/Ba(BRh)2_139/CHGCAR: ok (11.3 s)
[269/500] /data/sai/new_charge/6000_data_aug13/B_166/CHGCAR: ok (16.4 s)
[270/500] /data/sai/new_charge/6000_data_aug13/Ba(CoAs)2_139/CHGCAR: ok (11.2 s)
[271/500] /data/sai/new_charge/6000_data_aug13/Ba(CdAs)2_164/CHGCAR: ok (13.2 s)
[272/500] /data/sai/new_charge/6000_data_aug13/Ba(CdP)2_164/CHGCAR: ok (13.7 s)
[273/500] /data/sai/new_charge/6000_data_aug13/Ba(CuAs)2_139/CHGCAR: ok (10.6 s)
[274/500] /data/sai/new_charge/6000_data_aug13/Ba(AsPd)2_139/CHGCAR: ok (19.9 s)
[275/500] /data/sai/new_charge/6000_data_aug13/Ba(BiPd)2_11/CHGCAR: ok (19.0 s)
[276/500] /data/sai/new_charge/6000_data_aug13/B6H10N_202/CHGCAR: ok (36.8 s)
[277/500] /data/sai/new_charge/6000_data_aug13/Ba(FeP)2_139/CHGCAR: ok (11.2 s)
[278/500] /data/sai/new_charge/6000_data_aug13/Au2O3_43/CHGCAR: ok (52.7 s)
[279/500] /data/sai/new_charge/6000_data_aug13/Ba(MgBi)2_164/CHGCAR: ok (12.8 s)
[280/500] /data/sai/new_charge/6000_data_aug13/Ba(GeRh)2_139/CHGCAR: ok (13.2 s)
[281/500] /data/sai/new_charge/6000_data_aug13/AlPd_148/CHGCAR: ok (86.0 s)
[282/500] /data/sai/new_charge/6000_data_aug13/Ba(MgSi)2_139/CHGCAR: ok (11.8 s)
[283/500] /data/sai/new_charge/6000_data_aug13/Ba(MnP)2_139/CHGCAR: ok (11.4 s)
[284/500] /data/sai/new_charge/6000_data_aug13/Ba(MgP)2_164/CHGCAR: ok (13.6 s)
[285/500] /data/sai/new_charge/6000_data_aug13/Ba(MgGe)2_139/CHGCAR: ok (14.2 s)
[286/500] /data/sai/new_charge/6000_data_aug13/Ba(NiP)2_139/CHGCAR: ok (8.5 s)
[287/500] /data/sai/new_charge/6000_data_aug13/Al21Pt8_88/CHGCAR: ok (191.3 s)
[288/500] /data/sai/new_charge/6000_data_aug13/Ba(CuO)2_141/CHGCAR: ok (18.4 s)
[289/500] /data/sai/new_charge/6000_data_aug13/BNF8_113/CHGCAR: ok (35.7 s)
[290/500] /data/sai/new_charge/6000_data_aug13/Ba(BeN)2_140/CHGCAR: ok (26.5 s)
[291/500] /data/sai/new_charge/6000_data_aug13/Ba(NiAs)2_139/CHGCAR: ok (11.1 s)
[292/500] /data/sai/new_charge/6000_data_aug13/Ba(PIr)2_139/CHGCAR: ok (9.8 s)
[293/500] /data/sai/new_charge/6000_data_aug13/Ba(PPd)2_123/CHGCAR: ok (9.3 s)
[294/500] /data/sai/new_charge/6000_data_aug13/Ba(MgPb)2_129/CHGCAR: ok (20.3 s)
[295/500] /data/sai/new_charge/6000_data_aug13/Ba(PRh)2_139/CHGCAR: ok (11.4 s)
[296/500] /data/sai/new_charge/6000_data_aug13/Ba(PRu)2_139/CHGCAR: ok (10.6 s)
[297/500] /data/sai/new_charge/6000_data_aug13/Ba(P2Pd)2_139/CHGCAR: ok (15.2 s)
[298/500] /data/sai/new_charge/6000_data_aug13/Ba(NiP2)2_71/CHGCAR: ok (16.9 s)
[299/500] /data/sai/new_charge/6000_data_aug13/Ba(ZnP)2_139/CHGCAR: ok (11.1 s)
[300/500] /data/sai/new_charge/6000_data_aug13/Ba2BrN_166/CHGCAR: ok (10.2 s)
[301/500] /data/sai/new_charge/6000_data_aug13/AsSe_14/CHGCAR: ok (67.7 s)
[302/500] /data/sai/new_charge/6000_data_aug13/Ba2Cd_139/CHGCAR: ok (10.0 s)
[303/500] /data/sai/new_charge/6000_data_aug13/Ba2AsAu_225/CHGCAR: ok (12.6 s)
[304/500] /data/sai/new_charge/6000_data_aug13/Ba2CuO3_71/CHGCAR: ok (10.2 s)
[305/500] /data/sai/new_charge/6000_data_aug13/Ba(SbO3)2_162/CHGCAR: ok (17.9 s)
[306/500] /data/sai/new_charge/6000_data_aug13/Ba(SiNi)2_63/CHGCAR: ok (17.1 s)
[307/500] /data/sai/new_charge/6000_data_aug13/Ba2CuBrO2_166/CHGCAR: ok (15.8 s)
[308/500] /data/sai/new_charge/6000_data_aug13/Ba2Hg_139/CHGCAR: ok (10.8 s)
[309/500] /data/sai/new_charge/6000_data_aug13/Ba2HfO4_139/CHGCAR: ok (12.5 s)
[310/500] /data/sai/new_charge/6000_data_aug13/Ba2HfS4_139/CHGCAR: ok (13.6 s)
[311/500] /data/sai/new_charge/6000_data_aug13/Ba(ZnSn)2_129/CHGCAR: ok (23.2 s)
[312/500] /data/sai/new_charge/6000_data_aug13/Ba(Si3N4)2_44/CHGCAR: ok (25.3 s)
[313/500] /data/sai/new_charge/6000_data_aug13/Ba2H6Os_225/CHGCAR: ok (19.2 s)
[314/500] /data/sai/new_charge/6000_data_aug13/Ba(CoN)2_140/CHGCAR: ok (45.6 s)
[315/500] /data/sai/new_charge/6000_data_aug13/Ba2MgH6_164/CHGCAR: ok (14.8 s)
[316/500] /data/sai/new_charge/6000_data_aug13/Ba(PdO2)2_88/CHGCAR: ok (30.6 s)
[317/500] /data/sai/new_charge/6000_data_aug13/Ba2Cu3(ClO2)2_139/CHGCAR: ok (26.5 s)
[318/500] /data/sai/new_charge/6000_data_aug13/Ba2H6Ru_225/CHGCAR: ok (22.0 s)
[319/500] /data/sai/new_charge/6000_data_aug13/Ba2CaIrO6_225/CHGCAR: ok (28.1 s)
[320/500] /data/sai/new_charge/6000_data_aug13/Ba2CePtO6_225/CHGCAR: ok (27.7 s)
[321/500] /data/sai/new_charge/6000_data_aug13/Ba2MgReO6_225/CHGCAR: ok (18.8 s)
[322/500] /data/sai/new_charge/6000_data_aug13/Ba2PdO3_71/CHGCAR: ok (10.2 s)
[323/500] /data/sai/new_charge/6000_data_aug13/Ba2LiOsO6_225/CHGCAR: ok (21.8 s)
[324/500] /data/sai/new_charge/6000_data_aug13/Ba2LiReO6_225/CHGCAR: ok (21.4 s)
[325/500] /data/sai/new_charge/6000_data_aug13/Ba2PbO4_139/CHGCAR: ok (13.6 s)
[326/500] /data/sai/new_charge/6000_data_aug13/Ba2SnO4_139/CHGCAR: ok (11.9 s)
[327/500] /data/sai/new_charge/6000_data_aug13/Ba2Nb5O9_123/CHGCAR: ok (23.5 s)
[328/500] /data/sai/new_charge/6000_data_aug13/Ba2ZnN2_139/CHGCAR: ok (10.1 s)
[329/500] /data/sai/new_charge/6000_data_aug13/Ba2MgUO6_225/CHGCAR: ok (28.5 s)
[330/500] /data/sai/new_charge/6000_data_aug13/Ba2NdNbO6_12/CHGCAR: ok (25.1 s)
[331/500] /data/sai/new_charge/6000_data_aug13/Ba2ZrO4_139/CHGCAR: ok (15.8 s)
[332/500] /data/sai/new_charge/6000_data_aug13/Ba(NO3)2_205/CHGCAR: ok (62.7 s)
[333/500] /data/sai/new_charge/6000_data_aug13/Ba(ZnAs)2_62/CHGCAR: ok (51.2 s)
[334/500] /data/sai/new_charge/6000_data_aug13/Ba2NdSbO6_148/CHGCAR: ok (31.3 s)
[335/500] /data/sai/new_charge/6000_data_aug13/Ba2TaInO6_225/CHGCAR: ok (28.8 s)
[336/500] /data/sai/new_charge/6000_data_aug13/Ba3(AlGe)2_71/CHGCAR: ok (23.9 s)
[337/500] /data/sai/new_charge/6000_data_aug13/Ba2YTaO6_87/CHGCAR: ok (28.3 s)
[338/500] /data/sai/new_charge/6000_data_aug13/Ba3(AlSi)2_71/CHGCAR: ok (24.9 s)
[339/500] /data/sai/new_charge/6000_data_aug13/Ba2YSbO6_225/CHGCAR: ok (30.6 s)
[340/500] /data/sai/new_charge/6000_data_aug13/Ba3Hf2O7_139/CHGCAR: ok (18.7 s)
[341/500] /data/sai/new_charge/6000_data_aug13/Ba(PO3)2_14/CHGCAR: ok (67.3 s)
[342/500] /data/sai/new_charge/6000_data_aug13/Ba2YNbO6_225/CHGCAR: ok (35.8 s)
[343/500] /data/sai/new_charge/6000_data_aug13/Ba2Ti(SiO4)2_100/CHGCAR: ok (37.4 s)
[344/500] /data/sai/new_charge/6000_data_aug13/Ba3BiN_194/CHGCAR: ok (26.5 s)
[345/500] /data/sai/new_charge/6000_data_aug13/Ba3FeN3_176/CHGCAR: ok (29.1 s)
[346/500] /data/sai/new_charge/6000_data_aug13/Ba3GaN3_176/CHGCAR: ok (29.6 s)
[347/500] /data/sai/new_charge/6000_data_aug13/Ba3SnO_221/CHGCAR: ok (15.1 s)
[348/500] /data/sai/new_charge/6000_data_aug13/Ba2Si5N8_31/CHGCAR: ok (52.4 s)
[349/500] /data/sai/new_charge/6000_data_aug13/Ba2SiO4_62/CHGCAR: ok (51.3 s)
[350/500] /data/sai/new_charge/6000_data_aug13/Ba3Zr2O7_139/CHGCAR: ok (19.8 s)
[351/500] /data/sai/new_charge/6000_data_aug13/Ba4As2O_139/CHGCAR: ok (22.8 s)
[352/500] /data/sai/new_charge/6000_data_aug13/Ba3OsN3_176/CHGCAR: ok (31.0 s)
[353/500] /data/sai/new_charge/6000_data_aug13/Ba3MnN3_176/CHGCAR: ok (36.6 s)
[354/500] /data/sai/new_charge/6000_data_aug13/Ba3SbN_194/CHGCAR: ok (28.6 s)
[355/500] /data/sai/new_charge/6000_data_aug13/BaAgO2_123/CHGCAR: ok (6.8 s)
[356/500] /data/sai/new_charge/6000_data_aug13/Ba3MgNb2O9_164/CHGCAR: ok (41.8 s)
[357/500] /data/sai/new_charge/6000_data_aug13/Ba3N_193/CHGCAR: ok (40.2 s)
[358/500] /data/sai/new_charge/6000_data_aug13/BaAg2SnS4_23/CHGCAR: ok (21.5 s)
[359/500] /data/sai/new_charge/6000_data_aug13/BaAgAs_194/CHGCAR: ok (18.4 s)
[360/500] /data/sai/new_charge/6000_data_aug13/BaAlGe_187/CHGCAR: ok (7.4 s)
[361/500] /data/sai/new_charge/6000_data_aug13/Ba3RuN3_176/CHGCAR: ok (41.6 s)
[362/500] /data/sai/new_charge/6000_data_aug13/Ba2TiO4_14/CHGCAR: ok (71.2 s)
[363/500] /data/sai/new_charge/6000_data_aug13/BaAg5_191/CHGCAR: ok (27.1 s)
[364/500] /data/sai/new_charge/6000_data_aug13/BaAsPd_187/CHGCAR: ok (10.2 s)
[365/500] /data/sai/new_charge/6000_data_aug13/BaAlSi_187/CHGCAR: ok (11.1 s)
[366/500] /data/sai/new_charge/6000_data_aug13/BaAu2_191/CHGCAR: ok (7.2 s)
[367/500] /data/sai/new_charge/6000_data_aug13/Ba5Al5Pb_187/CHGCAR: ok (38.3 s)
[368/500] /data/sai/new_charge/6000_data_aug13/BaAl4_139/CHGCAR: ok (18.7 s)
[369/500] /data/sai/new_charge/6000_data_aug13/Ba2ZrF8_62/CHGCAR: ok (74.3 s)
[370/500] /data/sai/new_charge/6000_data_aug13/BaAg2SnSe4_23/CHGCAR: ok (33.5 s)
[371/500] /data/sai/new_charge/6000_data_aug13/Ba2MnSe3_62/CHGCAR: ok (93.1 s)
[372/500] /data/sai/new_charge/6000_data_aug13/Ba5Al5Sn_187/CHGCAR: ok (37.9 s)
[373/500] /data/sai/new_charge/6000_data_aug13/BaAl9Fe2_191/CHGCAR: ok (24.8 s)
[374/500] /data/sai/new_charge/6000_data_aug13/BaAu5_191/CHGCAR: ok (15.9 s)
[375/500] /data/sai/new_charge/6000_data_aug13/Ba3(PO4)2_166/CHGCAR: ok (75.4 s)
[376/500] /data/sai/new_charge/6000_data_aug13/BaB6_221/CHGCAR: ok (14.8 s)
[377/500] /data/sai/new_charge/6000_data_aug13/BaBrF_129/CHGCAR: ok (14.4 s)
[378/500] /data/sai/new_charge/6000_data_aug13/BaCd_221/CHGCAR: ok (5.4 s)
[379/500] /data/sai/new_charge/6000_data_aug13/Ba4Y(CuO3)3_223/CHGCAR: ok (53.2 s)
[380/500] /data/sai/new_charge/6000_data_aug13/BaAsPt_198/CHGCAR: ok (24.0 s)
[381/500] /data/sai/new_charge/6000_data_aug13/BaCN2_166/CHGCAR: ok (15.1 s)
[382/500] /data/sai/new_charge/6000_data_aug13/BaAu_62/CHGCAR: ok (24.1 s)
[383/500] /data/sai/new_charge/6000_data_aug13/Ba3TbRu2O9_194/CHGCAR: ok (63.7 s)
[384/500] /data/sai/new_charge/6000_data_aug13/Ba2Ho(CuO2)4_65/CHGCAR: ok (115.2 s)
[385/500] /data/sai/new_charge/6000_data_aug13/BaCdGe_194/CHGCAR: ok (14.9 s)
[386/500] /data/sai/new_charge/6000_data_aug13/BaCd2_74/CHGCAR: ok (20.1 s)
[387/500] /data/sai/new_charge/6000_data_aug13/BaClF_129/CHGCAR: ok (10.9 s)
[388/500] /data/sai/new_charge/6000_data_aug13/BaCl2_225/CHGCAR: ok (12.6 s)
[389/500] /data/sai/new_charge/6000_data_aug13/BaCuO2_63/CHGCAR: ok (11.7 s)
[390/500] /data/sai/new_charge/6000_data_aug13/BaCuAs_194/CHGCAR: ok (13.5 s)
[391/500] /data/sai/new_charge/6000_data_aug13/BaCuP_194/CHGCAR: ok (13.0 s)
[392/500] /data/sai/new_charge/6000_data_aug13/BaCeN2_194/CHGCAR: ok (21.0 s)
[393/500] /data/sai/new_charge/6000_data_aug13/BaGa2_191/CHGCAR: ok (7.2 s)
[394/500] /data/sai/new_charge/6000_data_aug13/BaCuSb_194/CHGCAR: ok (15.7 s)
[395/500] /data/sai/new_charge/6000_data_aug13/BaBrCl_62/CHGCAR: ok (32.9 s)
[396/500] /data/sai/new_charge/6000_data_aug13/BaCdBi2_139/CHGCAR: ok (27.6 s)
[397/500] /data/sai/new_charge/6000_data_aug13/BaGaSiH_156/CHGCAR: ok (7.5 s)
[398/500] /data/sai/new_charge/6000_data_aug13/BaCaSi_62/CHGCAR: ok (32.0 s)
[399/500] /data/sai/new_charge/6000_data_aug13/BaCdO2_62/CHGCAR: ok (27.3 s)
[400/500] /data/sai/new_charge/6000_data_aug13/Ba4Bi3_220/CHGCAR: ok (74.4 s)
[401/500] /data/sai/new_charge/6000_data_aug13/BaCuSeF_129/CHGCAR: ok (18.3 s)
[402/500] /data/sai/new_charge/6000_data_aug13/BaEr2F8_12/CHGCAR: ok (16.4 s)
[403/500] /data/sai/new_charge/6000_data_aug13/BaGeF6_166/CHGCAR: ok (10.9 s)
[404/500] /data/sai/new_charge/6000_data_aug13/BaGa4_139/CHGCAR: ok (14.9 s)
[405/500] /data/sai/new_charge/6000_data_aug13/BaGe3Pt_107/CHGCAR: ok (12.1 s)
[406/500] /data/sai/new_charge/6000_data_aug13/BaCu_194/CHGCAR: ok (19.6 s)
[407/500] /data/sai/new_charge/6000_data_aug13/BaHfO3_221/CHGCAR: ok (9.4 s)
[408/500] /data/sai/new_charge/6000_data_aug13/BaBiO3_14/CHGCAR: ok (44.5 s)
[409/500] /data/sai/new_charge/6000_data_aug13/BaCO3_62/CHGCAR: ok (41.1 s)
[410/500] /data/sai/new_charge/6000_data_aug13/BaGe_63/CHGCAR: ok (11.6 s)
[411/500] /data/sai/new_charge/6000_data_aug13/Ba2Pr(CuO2)4_65/CHGCAR: ok (126.8 s)
[412/500] /data/sai/new_charge/6000_data_aug13/BaBr2_62/CHGCAR: ok (46.8 s)
[413/500] /data/sai/new_charge/6000_data_aug13/BaHg2Pb_225/CHGCAR: ok (12.5 s)
[414/500] /data/sai/new_charge/6000_data_aug13/BaLiAs_187/CHGCAR: ok (7.5 s)
[415/500] /data/sai/new_charge/6000_data_aug13/BaHfN2_129/CHGCAR: ok (15.1 s)
[416/500] /data/sai/new_charge/6000_data_aug13/BaLiH3_221/CHGCAR: ok (9.7 s)
[417/500] /data/sai/new_charge/6000_data_aug13/BaAl2B2O7_155/CHGCAR: ok (67.3 s)
[418/500] /data/sai/new_charge/6000_data_aug13/BaH2_62/CHGCAR: ok (17.6 s)
[419/500] /data/sai/new_charge/6000_data_aug13/BaIrF6_148/CHGCAR: ok (13.6 s)
[420/500] /data/sai/new_charge/6000_data_aug13/BaLi2Si_59/CHGCAR: ok (15.3 s)
[421/500] /data/sai/new_charge/6000_data_aug13/BaHg2_191/CHGCAR: ok (18.7 s)
[422/500] /data/sai/new_charge/6000_data_aug13/BaIn4_139/CHGCAR: ok (17.9 s)
[423/500] /data/sai/new_charge/6000_data_aug13/BaLiP_194/CHGCAR: ok (14.1 s)
[424/500] /data/sai/new_charge/6000_data_aug13/BaLiSb_194/CHGCAR: ok (13.7 s)
[425/500] /data/sai/new_charge/6000_data_aug13/BaMgSi_129/CHGCAR: ok (13.5 s)
[426/500] /data/sai/new_charge/6000_data_aug13/BaF2_225/CHGCAR: ok (33.7 s)
[427/500] /data/sai/new_charge/6000_data_aug13/BaNbO3_221/CHGCAR: ok (9.3 s)
[428/500] /data/sai/new_charge/6000_data_aug13/BaDyCuTe3_63/CHGCAR: ok (38.3 s)
[429/500] /data/sai/new_charge/6000_data_aug13/BaMgGe_129/CHGCAR: ok (16.2 s)
[430/500] /data/sai/new_charge/6000_data_aug13/BaNaHg2_225/CHGCAR: ok (12.2 s)
[431/500] /data/sai/new_charge/6000_data_aug13/BaGePt_198/CHGCAR: ok (29.3 s)
[432/500] /data/sai/new_charge/6000_data_aug13/BaO2_139/CHGCAR: ok (11.4 s)
[433/500] /data/sai/new_charge/6000_data_aug13/BaPaO3_221/CHGCAR: ok (11.3 s)
[434/500] /data/sai/new_charge/6000_data_aug13/BaPb_63/CHGCAR: ok (12.3 s)
[435/500] /data/sai/new_charge/6000_data_aug13/BaPbF6_166/CHGCAR: ok (12.9 s)
[436/500] /data/sai/new_charge/6000_data_aug13/BaNb4O6_123/CHGCAR: ok (21.3 s)
[437/500] /data/sai/new_charge/6000_data_aug13/BaMg2FeH8_164/CHGCAR: ok (27.0 s)
[438/500] /data/sai/new_charge/6000_data_aug13/BaO_225/CHGCAR: ok (16.2 s)
[439/500] /data/sai/new_charge/6000_data_aug13/BaPd5_191/CHGCAR: ok (12.1 s)
[440/500] /data/sai/new_charge/6000_data_aug13/BaPt5_191/CHGCAR: ok (10.9 s)
[441/500] /data/sai/new_charge/6000_data_aug13/BaNiSn3_107/CHGCAR: ok (20.6 s)
[442/500] /data/sai/new_charge/6000_data_aug13/BaPd2_227/CHGCAR: ok (15.4 s)
[443/500] /data/sai/new_charge/6000_data_aug13/BaPt_194/CHGCAR: ok (13.6 s)
[444/500] /data/sai/new_charge/6000_data_aug13/BaNb2O6_14/CHGCAR: ok (28.1 s)
[445/500] /data/sai/new_charge/6000_data_aug13/BaI2_62/CHGCAR: ok (39.1 s)
[446/500] /data/sai/new_charge/6000_data_aug13/BaPPt_198/CHGCAR: ok (22.3 s)
[447/500] /data/sai/new_charge/6000_data_aug13/BaSe_225/CHGCAR: ok (5.5 s)
[448/500] /data/sai/new_charge/6000_data_aug13/BaPt2_227/CHGCAR: ok (17.4 s)
[449/500] /data/sai/new_charge/6000_data_aug13/BaSbPt_187/CHGCAR: ok (9.8 s)
[450/500] /data/sai/new_charge/6000_data_aug13/BaNaBi_189/CHGCAR: ok (35.5 s)
[451/500] /data/sai/new_charge/6000_data_aug13/BaPdS2_63/CHGCAR: ok (22.3 s)
[452/500] /data/sai/new_charge/6000_data_aug13/BaRh2_227/CHGCAR: ok (20.7 s)
[453/500] /data/sai/new_charge/6000_data_aug13/BaSbAu_194/CHGCAR: ok (13.4 s)
[454/500] /data/sai/new_charge/6000_data_aug13/BaSn2_164/CHGCAR: ok (8.2 s)
[455/500] /data/sai/new_charge/6000_data_aug13/BaSi_63/CHGCAR: ok (8.5 s)
[456/500] /data/sai/new_charge/6000_data_aug13/BaSn3Pd_107/CHGCAR: ok (9.2 s)
[457/500] /data/sai/new_charge/6000_data_aug13/BaSn3Pt_107/CHGCAR: ok (9.6 s)
[458/500] /data/sai/new_charge/6000_data_aug13/BaSe2_15/CHGCAR: ok (15.6 s)
[459/500] /data/sai/new_charge/6000_data_aug13/BaMg2_194/CHGCAR: ok (44.1 s)
[460/500] /data/sai/new_charge/6000_data_aug13/BaSnO3_221/CHGCAR: ok (8.8 s)
[461/500] /data/sai/new_charge/6000_data_aug13/BaSb2_11/CHGCAR: ok (19.7 s)
[462/500] /data/sai/new_charge/6000_data_aug13/BaS_225/CHGCAR: ok (22.8 s)
[463/500] /data/sai/new_charge/6000_data_aug13/BaS3_113/CHGCAR: ok (24.8 s)
[464/500] /data/sai/new_charge/6000_data_aug13/BaSnF6_148/CHGCAR: ok (14.8 s)
[465/500] /data/sai/new_charge/6000_data_aug13/BaTiO3_221/CHGCAR: ok (5.8 s)
[466/500] /data/sai/new_charge/6000_data_aug13/BaTe_225/CHGCAR: ok (7.8 s)
[467/500] /data/sai/new_charge/6000_data_aug13/BaSb2Pd_63/CHGCAR: ok (25.5 s)
[468/500] /data/sai/new_charge/6000_data_aug13/BaTiF6_166/CHGCAR: ok (8.2 s)
[469/500] /data/sai/new_charge/6000_data_aug13/BaTiO3_38/CHGCAR: ok (8.0 s)
[470/500] /data/sai/new_charge/6000_data_aug13/BaSn_63/CHGCAR: ok (13.8 s)
[471/500] /data/sai/new_charge/6000_data_aug13/BaNd2O4_62/CHGCAR: ok (47.0 s)
[472/500] /data/sai/new_charge/6000_data_aug13/BaPdF4_140/CHGCAR: ok (38.9 s)
[473/500] /data/sai/new_charge/6000_data_aug13/BaTe2_140/CHGCAR: ok (14.1 s)
[474/500] /data/sai/new_charge/6000_data_aug13/BaSnHg_194/CHGCAR: ok (18.2 s)
[475/500] /data/sai/new_charge/6000_data_aug13/BaSO4_62/CHGCAR: ok (31.7 s)
[476/500] /data/sai/new_charge/6000_data_aug13/BaTeO3_11/CHGCAR: ok (16.4 s)
[477/500] /data/sai/new_charge/6000_data_aug13/BaTlHg2_225/CHGCAR: ok (13.4 s)
[478/500] /data/sai/new_charge/6000_data_aug13/BaAl2O4_173/CHGCAR: ok (120.1 s)
[479/500] /data/sai/new_charge/6000_data_aug13/BaZnGe_194/CHGCAR: ok (8.8 s)
[480/500] /data/sai/new_charge/6000_data_aug13/BaZn2_74/CHGCAR: ok (11.4 s)
[481/500] /data/sai/new_charge/6000_data_aug13/BaTaS3_194/CHGCAR: ok (21.0 s)
[482/500] /data/sai/new_charge/6000_data_aug13/BaTl2_194/CHGCAR: ok (16.0 s)
[483/500] /data/sai/new_charge/6000_data_aug13/BaZrN2_129/CHGCAR: ok (7.7 s)
[484/500] /data/sai/new_charge/6000_data_aug13/BaZnSi_194/CHGCAR: ok (8.6 s)
[485/500] /data/sai/new_charge/6000_data_aug13/BaZn5_63/CHGCAR: ok (13.6 s)
[486/500] /data/sai/new_charge/6000_data_aug13/Ba_194/CHGCAR: ok (5.4 s)
[487/500] /data/sai/new_charge/6000_data_aug13/BaZnSO_63/CHGCAR: ok (12.3 s)
[488/500] /data/sai/new_charge/6000_data_aug13/BaY2F8_12/CHGCAR: ok (17.3 s)
[489/500] /data/sai/new_charge/6000_data_aug13/BaZnSn_194/CHGCAR: ok (12.9 s)
[490/500] /data/sai/new_charge/6000_data_aug13/BaZnF4_36/CHGCAR: ok (17.2 s)
[491/500] /data/sai/new_charge/6000_data_aug13/BaSi2O5_62/CHGCAR: ok (41.5 s)
[492/500] /data/sai/new_charge/6000_data_aug13/BaUO4_57/CHGCAR: ok (24.0 s)
[493/500] /data/sai/new_charge/6000_data_aug13/BaTi(SiO3)3_188/CHGCAR: ok (28.6 s)
[494/500] /data/sai/new_charge/6000_data_aug13/BaZnO2_152/CHGCAR: ok (20.0 s)
[495/500] /data/sai/new_charge/6000_data_aug13/BaZrO3_140/CHGCAR: ok (18.9 s)
[496/500] /data/sai/new_charge/6000_data_aug13/Ba3In2O6_139/CHGCAR: ok (175.2 s)
[497/500] /data/sai/new_charge/6000_data_aug13/BaY2O4_62/CHGCAR: ok (27.0 s)
[498/500] /data/sai/new_charge/6000_data_aug13/BaZrS3_62/CHGCAR: ok (20.6 s)
[499/500] /data/sai/new_charge/6000_data_aug13/BaSi2_62/CHGCAR: ok (46.9 s)
[500/500] /data/sai/new_charge/6000_data_aug13/BaNaCe2C4O12F_194/CHGCAR: ok (78.8 s)
chunk 0: 500 rows, 0 errors, 8.0 min elapsed
[1/500] /data/sai/new_charge/6000_data_aug13/Be2C_225/CHGCAR: ok (1.9 s)
[2/500] /data/sai/new_charge/6000_data_aug13/Be2CoPt_225/CHGCAR: ok (2.7 s)
[3/500] /data/sai/new_charge/6000_data_aug13/Be2CoIr_225/CHGCAR: ok (2.9 s)
[4/500] /data/sai/new_charge/6000_data_aug13/Be2CuRh_225/CHGCAR: ok (3.0 s)
[5/500] /data/sai/new_charge/6000_data_aug13/Be2CuPt_225/CHGCAR: ok (3.3 s)
[6/500] /data/sai/new_charge/6000_data_aug13/Be2IrPt_225/CHGCAR: ok (3.6 s)
[7/500] /data/sai/new_charge/6000_data_aug13/Be2CuIr_225/CHGCAR: ok (3.2 s)
[8/500] /data/sai/new_charge/6000_data_aug13/Be2CoNi_225/CHGCAR: ok (3.3 s)
[9/500] /data/sai/new_charge/6000_data_aug13/Be2IrPd_225/CHGCAR: ok (4.3 s)
[10/500] /data/sai/new_charge/6000_data_aug13/Be2NiPt_225/CHGCAR: ok (3.2 s)
[11/500] /data/sai/new_charge/6000_data_aug13/Be2NiIr_225/CHGCAR: ok (3.4 s)
[12/500] /data/sai/new_charge/6000_data_aug13/Be2NiRh_225/CHGCAR: ok (3.3 s)
[13/500] /data/sai/new_charge/6000_data_aug13/Be2PdPt_225/CHGCAR: ok (4.0 s)
[14/500] /data/sai/new_charge/6000_data_aug13/Be2PdRh_225/CHGCAR: ok (4.1 s)
[15/500] /data/sai/new_charge/6000_data_aug13/Be2Fe_194/CHGCAR: ok (7.1 s)
[16/500] /data/sai/new_charge/6000_data_aug13/Be2PtRh_225/CHGCAR: ok (4.4 s)
[17/500] /data/sai/new_charge/6000_data_aug13/Be2RhAu_225/CHGCAR: ok (3.0 s)
[18/500] /data/sai/new_charge/6000_data_aug13/Be3Fe_221/CHGCAR: ok (1.6 s)
[19/500] /data/sai/new_charge/6000_data_aug13/Be2RuAu_225/CHGCAR: ok (3.4 s)
[20/500] /data/sai/new_charge/6000_data_aug13/Ba_229/CHGCAR: ok (8.0 s)
[21/500] /data/sai/new_charge/6000_data_aug13/Be2Cr_194/CHGCAR: ok (9.6 s)
[22/500] /data/sai/new_charge/6000_data_aug13/Be2Nb3_127/CHGCAR: ok (8.5 s)
[23/500] /data/sai/new_charge/6000_data_aug13/Be2RuPt_225/CHGCAR: ok (4.3 s)
[24/500] /data/sai/new_charge/6000_data_aug13/Be2Mo_194/CHGCAR: ok (9.7 s)
[25/500] /data/sai/new_charge/6000_data_aug13/Be2Re_194/CHGCAR: ok (9.4 s)
[26/500] /data/sai/new_charge/6000_data_aug13/Be17Nb2_166/CHGCAR: ok (13.1 s)
[27/500] /data/sai/new_charge/6000_data_aug13/Be3Ru_139/CHGCAR: ok (5.3 s)
[28/500] /data/sai/new_charge/6000_data_aug13/Be4B_129/CHGCAR: ok (5.2 s)
[29/500] /data/sai/new_charge/6000_data_aug13/Be2V_194/CHGCAR: ok (8.7 s)
[30/500] /data/sai/new_charge/6000_data_aug13/BeAlB_216/CHGCAR: ok (4.4 s)
[31/500] /data/sai/new_charge/6000_data_aug13/Be12Pt_139/CHGCAR: ok (14.2 s)
[32/500] /data/sai/new_charge/6000_data_aug13/Be12Pd_139/CHGCAR: ok (15.7 s)
[33/500] /data/sai/new_charge/6000_data_aug13/BeAlRh2_225/CHGCAR: ok (4.0 s)
[34/500] /data/sai/new_charge/6000_data_aug13/Be12Mo_139/CHGCAR: ok (16.2 s)
[35/500] /data/sai/new_charge/6000_data_aug13/Be12V_139/CHGCAR: ok (17.1 s)
[36/500] /data/sai/new_charge/6000_data_aug13/BeAlIr2_225/CHGCAR: ok (5.7 s)
[37/500] /data/sai/new_charge/6000_data_aug13/BeCo_221/CHGCAR: ok (1.1 s)
[38/500] /data/sai/new_charge/6000_data_aug13/BeCu_221/CHGCAR: ok (1.3 s)
[39/500] /data/sai/new_charge/6000_data_aug13/BeCo2Ge_225/CHGCAR: ok (3.4 s)
[40/500] /data/sai/new_charge/6000_data_aug13/Be2W_194/CHGCAR: ok (12.5 s)
[41/500] /data/sai/new_charge/6000_data_aug13/BeAu2_139/CHGCAR: ok (5.2 s)
[42/500] /data/sai/new_charge/6000_data_aug13/Be12W_139/CHGCAR: ok (18.3 s)
[43/500] /data/sai/new_charge/6000_data_aug13/Be2Nb_227/CHGCAR: ok (17.9 s)
[44/500] /data/sai/new_charge/6000_data_aug13/Be4TeO7_216/CHGCAR: ok (11.2 s)
[45/500] /data/sai/new_charge/6000_data_aug13/BeCrRu2_225/CHGCAR: ok (3.9 s)
[46/500] /data/sai/new_charge/6000_data_aug13/BeFe2Si_225/CHGCAR: ok (3.4 s)
[47/500] /data/sai/new_charge/6000_data_aug13/BeCo2Si_225/CHGCAR: ok (5.3 s)
[48/500] /data/sai/new_charge/6000_data_aug13/BeGaIr2_225/CHGCAR: ok (3.7 s)
[49/500] /data/sai/new_charge/6000_data_aug13/Be2Cu_227/CHGCAR: ok (22.5 s)
[50/500] /data/sai/new_charge/6000_data_aug13/BeFeRh2_225/CHGCAR: ok (4.3 s)
[51/500] /data/sai/new_charge/6000_data_aug13/BeAu_198/CHGCAR: ok (9.0 s)
[52/500] /data/sai/new_charge/6000_data_aug13/Be12Nb_139/CHGCAR: ok (22.8 s)
[53/500] /data/sai/new_charge/6000_data_aug13/BeGaRh2_225/CHGCAR: ok (4.5 s)
[54/500] /data/sai/new_charge/6000_data_aug13/BeCN2_33/CHGCAR: ok (8.9 s)
[55/500] /data/sai/new_charge/6000_data_aug13/BeGeRu2_225/CHGCAR: ok (4.1 s)
[56/500] /data/sai/new_charge/6000_data_aug13/BeO_186/CHGCAR: ok (2.9 s)
[57/500] /data/sai/new_charge/6000_data_aug13/BeRh_221/CHGCAR: ok (1.8 s)
[58/500] /data/sai/new_charge/6000_data_aug13/BeS_216/CHGCAR: ok (2.4 s)
[59/500] /data/sai/new_charge/6000_data_aug13/BeNbRu2_225/CHGCAR: ok (4.9 s)
[60/500] /data/sai/new_charge/6000_data_aug13/BeBr2_72/CHGCAR: ok (11.9 s)
[61/500] /data/sai/new_charge/6000_data_aug13/Be5Pd_216/CHGCAR: ok (17.4 s)
[62/500] /data/sai/new_charge/6000_data_aug13/BeSe_216/CHGCAR: ok (2.6 s)
[63/500] /data/sai/new_charge/6000_data_aug13/BePd2_139/CHGCAR: ok (4.7 s)
[64/500] /data/sai/new_charge/6000_data_aug13/BeGeP2_122/CHGCAR: ok (9.2 s)
[65/500] /data/sai/new_charge/6000_data_aug13/BeGeAs2_122/CHGCAR: ok (9.8 s)
[66/500] /data/sai/new_charge/6000_data_aug13/BeSiNi2_225/CHGCAR: ok (3.3 s)
[67/500] /data/sai/new_charge/6000_data_aug13/BeRu2W_225/CHGCAR: ok (6.9 s)
[68/500] /data/sai/new_charge/6000_data_aug13/BeSiOs2_225/CHGCAR: ok (3.8 s)
[69/500] /data/sai/new_charge/6000_data_aug13/BeSiIr2_225/CHGCAR: ok (5.5 s)
[70/500] /data/sai/new_charge/6000_data_aug13/BeSiRu2_225/CHGCAR: ok (3.7 s)
[71/500] /data/sai/new_charge/6000_data_aug13/BeTe_216/CHGCAR: ok (3.7 s)
[72/500] /data/sai/new_charge/6000_data_aug13/Be_194/CHGCAR: ok (1.0 s)
[73/500] /data/sai/new_charge/6000_data_aug13/BeSO4_82/CHGCAR: ok (7.9 s)
[74/500] /data/sai/new_charge/6000_data_aug13/Be5Au_216/CHGCAR: ok (22.8 s)
[75/500] /data/sai/new_charge/6000_data_aug13/BeVFe2_225/CHGCAR: ok (2.8 s)
[76/500] /data/sai/new_charge/6000_data_aug13/BeAl2O4_62/CHGCAR: ok (22.5 s)
[77/500] /data/sai/new_charge/6000_data_aug13/Be3N2_206/CHGCAR: ok (24.7 s)
[78/500] /data/sai/new_charge/6000_data_aug13/BeVCo2_225/CHGCAR: ok (3.6 s)
[79/500] /data/sai/new_charge/6000_data_aug13/BeGeN2_33/CHGCAR: ok (13.4 s)
[80/500] /data/sai/new_charge/6000_data_aug13/BeVOs2_225/CHGCAR: ok (3.8 s)
[81/500] /data/sai/new_charge/6000_data_aug13/BeVRu2_225/CHGCAR: ok (4.4 s)
[82/500] /data/sai/new_charge/6000_data_aug13/BeSiN2_33/CHGCAR: ok (9.9 s)
[83/500] /data/sai/new_charge/6000_data_aug13/BeSiAs2_122/CHGCAR: ok (11.2 s)
[84/500] /data/sai/new_charge/6000_data_aug13/Bi2SeO2_139/CHGCAR: ok (4.5 s)
[85/500] /data/sai/new_charge/6000_data_aug13/Be22Re_227/CHGCAR: ok (36.4 s)
[86/500] /data/sai/new_charge/6000_data_aug13/BePd3_63/CHGCAR: ok (17.1 s)
[87/500] /data/sai/new_charge/6000_data_aug13/BiClO_129/CHGCAR: ok (4.1 s)
[88/500] /data/sai/new_charge/6000_data_aug13/Bi2SO2_58/CHGCAR: ok (11.5 s)
[89/500] /data/sai/new_charge/6000_data_aug13/BeP2_15/CHGCAR: ok (22.8 s)
[90/500] /data/sai/new_charge/6000_data_aug13/BiBrO_129/CHGCAR: ok (9.0 s)
[91/500] /data/sai/new_charge/6000_data_aug13/BiF5_87/CHGCAR: ok (5.0 s)
[92/500] /data/sai/new_charge/6000_data_aug13/BeH8SO8_120/CHGCAR: ok (28.5 s)
[93/500] /data/sai/new_charge/6000_data_aug13/BiIO_129/CHGCAR: ok (6.7 s)
[94/500] /data/sai/new_charge/6000_data_aug13/Be3Nb_166/CHGCAR: ok (45.6 s)
[95/500] /data/sai/new_charge/6000_data_aug13/BiPd_194/CHGCAR: ok (3.3 s)
[96/500] /data/sai/new_charge/6000_data_aug13/Be3P2_206/CHGCAR: ok (45.3 s)
[97/500] /data/sai/new_charge/6000_data_aug13/Bi2O3_14/CHGCAR: ok (23.8 s)
[98/500] /data/sai/new_charge/6000_data_aug13/BiRh_194/CHGCAR: ok (3.1 s)
[99/500] /data/sai/new_charge/6000_data_aug13/Bi3BrO4_123/CHGCAR: ok (20.3 s)
[100/500] /data/sai/new_charge/6000_data_aug13/Bi2AuO5_130/CHGCAR: ok (24.9 s)
[101/500] /data/sai/new_charge/6000_data_aug13/BeF2_217/CHGCAR: ok (38.0 s)
[102/500] /data/sai/new_charge/6000_data_aug13/Bi2Ru2O7_227/CHGCAR: ok (23.5 s)
[103/500] /data/sai/new_charge/6000_data_aug13/BiTeI_156/CHGCAR: ok (5.3 s)
[104/500] /data/sai/new_charge/6000_data_aug13/Bi2Rh_14/CHGCAR: ok (24.5 s)
[105/500] /data/sai/new_charge/6000_data_aug13/Bi_166/CHGCAR: ok (3.8 s)
[106/500] /data/sai/new_charge/6000_data_aug13/BiF3_62/CHGCAR: ok (19.7 s)
[107/500] /data/sai/new_charge/6000_data_aug13/BiTeBr_156/CHGCAR: ok (7.1 s)
[108/500] /data/sai/new_charge/6000_data_aug13/Bi2PdO4_130/CHGCAR: ok (26.8 s)
[109/500] /data/sai/new_charge/6000_data_aug13/BiPbClO2_63/CHGCAR: ok (13.0 s)
[110/500] /data/sai/new_charge/6000_data_aug13/C_166/CHGCAR: ok (3.0 s)
[111/500] /data/sai/new_charge/6000_data_aug13/BiCl3_62/CHGCAR: ok (22.8 s)
[112/500] /data/sai/new_charge/6000_data_aug13/C_194/CHGCAR: ok (4.0 s)
[113/500] /data/sai/new_charge/6000_data_aug13/CO2_205/CHGCAR: ok (6.3 s)
[114/500] /data/sai/new_charge/6000_data_aug13/Br_64/CHGCAR: ok (7.6 s)
[115/500] /data/sai/new_charge/6000_data_aug13/BrF3_36/CHGCAR: ok (8.5 s)
[116/500] /data/sai/new_charge/6000_data_aug13/BiTePd_198/CHGCAR: ok (11.7 s)
[117/500] /data/sai/new_charge/6000_data_aug13/Bi2Pd3Se2_12/CHGCAR: ok (34.7 s)
[118/500] /data/sai/new_charge/6000_data_aug13/Ca(AlGe)2_164/CHGCAR: ok (5.2 s)
[119/500] /data/sai/new_charge/6000_data_aug13/Be17Ru3_204/CHGCAR: ok (64.3 s)
[120/500] /data/sai/new_charge/6000_data_aug13/C_69/CHGCAR: ok (7.3 s)
[121/500] /data/sai/new_charge/6000_data_aug13/Ca(AlSi)2_164/CHGCAR: ok (5.8 s)
[122/500] /data/sai/new_charge/6000_data_aug13/CF4_15/CHGCAR: ok (9.8 s)
[123/500] /data/sai/new_charge/6000_data_aug13/Ca(AlGa)2_139/CHGCAR: ok (8.0 s)
[124/500] /data/sai/new_charge/6000_data_aug13/Bi2Pt2O7_227/CHGCAR: ok (35.6 s)
[125/500] /data/sai/new_charge/6000_data_aug13/BeTl2F4_62/CHGCAR: ok (41.0 s)
[126/500] /data/sai/new_charge/6000_data_aug13/BiTePt_198/CHGCAR: ok (14.1 s)
[127/500] /data/sai/new_charge/6000_data_aug13/Ca(AlZn)2_139/CHGCAR: ok (9.3 s)
[128/500] /data/sai/new_charge/6000_data_aug13/Ca(CdP)2_164/CHGCAR: ok (5.5 s)
[129/500] /data/sai/new_charge/6000_data_aug13/Ca(CoP)2_139/CHGCAR: ok (4.2 s)
[130/500] /data/sai/new_charge/6000_data_aug13/Ca(BC)2_140/CHGCAR: ok (9.5 s)
[131/500] /data/sai/new_charge/6000_data_aug13/Ca(CoAs)2_139/CHGCAR: ok (4.6 s)
[132/500] /data/sai/new_charge/6000_data_aug13/Ca(CoGe)2_139/CHGCAR: ok (4.8 s)
[133/500] /data/sai/new_charge/6000_data_aug13/Ca(CdAs)2_164/CHGCAR: ok (7.6 s)
[134/500] /data/sai/new_charge/6000_data_aug13/Ca(BRh)2_70/CHGCAR: ok (9.9 s)
[135/500] /data/sai/new_charge/6000_data_aug13/Ca(CuGe)2_139/CHGCAR: ok (6.7 s)
[136/500] /data/sai/new_charge/6000_data_aug13/Ca(BeN)2_140/CHGCAR: ok (10.4 s)
[137/500] /data/sai/new_charge/6000_data_aug13/Ca(FeP)2_139/CHGCAR: ok (6.0 s)
[138/500] /data/sai/new_charge/6000_data_aug13/BiO2_15/CHGCAR: ok (29.5 s)
[139/500] /data/sai/new_charge/6000_data_aug13/Ca(HO)2_164/CHGCAR: ok (3.9 s)
[140/500] /data/sai/new_charge/6000_data_aug13/Ca(CdSb)2_164/CHGCAR: ok (9.2 s)
[141/500] /data/sai/new_charge/6000_data_aug13/Ca(NiP)2_139/CHGCAR: ok (3.9 s)
[142/500] /data/sai/new_charge/6000_data_aug13/Ca(GePd)2_139/CHGCAR: ok (5.4 s)
[143/500] /data/sai/new_charge/6000_data_aug13/Ca(NiAs)2_139/CHGCAR: ok (4.5 s)
[144/500] /data/sai/new_charge/6000_data_aug13/Ca(GeRu)2_139/CHGCAR: ok (5.2 s)
[145/500] /data/sai/new_charge/6000_data_aug13/Ca(MgAs)2_164/CHGCAR: ok (5.6 s)
[146/500] /data/sai/new_charge/6000_data_aug13/Ca(PRu)2_139/CHGCAR: ok (4.4 s)
[147/500] /data/sai/new_charge/6000_data_aug13/Ca(PPd)2_139/CHGCAR: ok (6.7 s)
[148/500] /data/sai/new_charge/6000_data_aug13/Ca2AgPb_225/CHGCAR: ok (6.0 s)
[149/500] /data/sai/new_charge/6000_data_aug13/Ca(GeIr)2_139/CHGCAR: ok (13.6 s)
[150/500] /data/sai/new_charge/6000_data_aug13/Ca(ZnSb)2_164/CHGCAR: ok (7.4 s)
[151/500] /data/sai/new_charge/6000_data_aug13/Ca(SiNi)2_139/CHGCAR: ok (8.0 s)
[152/500] /data/sai/new_charge/6000_data_aug13/Ca(FeAs)2_139/CHGCAR: ok (15.1 s)
[153/500] /data/sai/new_charge/6000_data_aug13/Ca(ZnN)2_164/CHGCAR: ok (9.1 s)
[154/500] /data/sai/new_charge/6000_data_aug13/Ca(CuSn)2_12/CHGCAR: ok (16.5 s)
[155/500] /data/sai/new_charge/6000_data_aug13/Ca2AuN_63/CHGCAR: ok (8.8 s)
[156/500] /data/sai/new_charge/6000_data_aug13/BiBr3_14/CHGCAR: ok (46.1 s)
[157/500] /data/sai/new_charge/6000_data_aug13/Ca2Bi_139/CHGCAR: ok (9.0 s)
[158/500] /data/sai/new_charge/6000_data_aug13/Ca(SiAu)2_139/CHGCAR: ok (12.8 s)
[159/500] /data/sai/new_charge/6000_data_aug13/Ca(ZnSi)2_139/CHGCAR: ok (11.5 s)
[160/500] /data/sai/new_charge/6000_data_aug13/Ca(SiPd)2_139/CHGCAR: ok (12.3 s)
[161/500] /data/sai/new_charge/6000_data_aug13/Ca2CdSn_225/CHGCAR: ok (5.5 s)
[162/500] /data/sai/new_charge/6000_data_aug13/Ca2CdPb_225/CHGCAR: ok (10.2 s)
[163/500] /data/sai/new_charge/6000_data_aug13/BiI3_148/CHGCAR: ok (42.5 s)
[164/500] /data/sai/new_charge/6000_data_aug13/Ca(SbO3)2_162/CHGCAR: ok (15.3 s)
[165/500] /data/sai/new_charge/6000_data_aug13/Ca2Cu(BrO)2_139/CHGCAR: ok (5.9 s)
[166/500] /data/sai/new_charge/6000_data_aug13/Ca(SiCu)2_139/CHGCAR: ok (14.5 s)
[167/500] /data/sai/new_charge/6000_data_aug13/Ca2CoN2_139/CHGCAR: ok (7.0 s)
[168/500] /data/sai/new_charge/6000_data_aug13/Ca2MgTl_225/CHGCAR: ok (6.6 s)
[169/500] /data/sai/new_charge/6000_data_aug13/Ca2MgIn_225/CHGCAR: ok (9.5 s)
[170/500] /data/sai/new_charge/6000_data_aug13/Ca2InN_63/CHGCAR: ok (10.5 s)
[171/500] /data/sai/new_charge/6000_data_aug13/Ca2Ge_225/CHGCAR: ok (12.0 s)
[172/500] /data/sai/new_charge/6000_data_aug13/Ca2H6Ru_225/CHGCAR: ok (12.8 s)
[173/500] /data/sai/new_charge/6000_data_aug13/Ca2GaCu2_71/CHGCAR: ok (14.1 s)
[174/500] /data/sai/new_charge/6000_data_aug13/Ca2N_166/CHGCAR: ok (11.3 s)
[175/500] /data/sai/new_charge/6000_data_aug13/Ca2IN_194/CHGCAR: ok (15.0 s)
[176/500] /data/sai/new_charge/6000_data_aug13/Ca2ZnN2_139/CHGCAR: ok (4.3 s)
[177/500] /data/sai/new_charge/6000_data_aug13/Ca2Si_225/CHGCAR: ok (12.8 s)
[178/500] /data/sai/new_charge/6000_data_aug13/Ca2SnHg_225/CHGCAR: ok (8.2 s)
[179/500] /data/sai/new_charge/6000_data_aug13/Ca(BH4)2_70/CHGCAR: ok (40.6 s)
[180/500] /data/sai/new_charge/6000_data_aug13/Ca(Al2Cu)4_139/CHGCAR: ok (44.6 s)
[181/500] /data/sai/new_charge/6000_data_aug13/Ca2TlCd_225/CHGCAR: ok (7.4 s)
[182/500] /data/sai/new_charge/6000_data_aug13/Ca2Sb_139/CHGCAR: ok (16.0 s)
[183/500] /data/sai/new_charge/6000_data_aug13/Ca2NCl_166/CHGCAR: ok (19.0 s)
[184/500] /data/sai/new_charge/6000_data_aug13/Bi2Se3_166/CHGCAR: ok (75.4 s)
[185/500] /data/sai/new_charge/6000_data_aug13/Ca2Si_62/CHGCAR: ok (21.7 s)
[186/500] /data/sai/new_charge/6000_data_aug13/Ca2Cu_62/CHGCAR: ok (29.6 s)
[187/500] /data/sai/new_charge/6000_data_aug13/Ca3(AlGe)2_71/CHGCAR: ok (17.1 s)
[188/500] /data/sai/new_charge/6000_data_aug13/Ca2Os2O7_74/CHGCAR: ok (27.3 s)
[189/500] /data/sai/new_charge/6000_data_aug13/Bi2Te3_166/CHGCAR: ok (79.6 s)
[190/500] /data/sai/new_charge/6000_data_aug13/Ca3BN3_123/CHGCAR: ok (5.2 s)
[191/500] /data/sai/new_charge/6000_data_aug13/Ca3(AlSi)2_71/CHGCAR: ok (17.9 s)
[192/500] /data/sai/new_charge/6000_data_aug13/Ca(ClO3)2_14/CHGCAR: ok (50.8 s)
[193/500] /data/sai/new_charge/6000_data_aug13/Ca2SiO4_62/CHGCAR: ok (28.2 s)
[194/500] /data/sai/new_charge/6000_data_aug13/Ca2Sn_62/CHGCAR: ok (22.2 s)
[195/500] /data/sai/new_charge/6000_data_aug13/Ca3AsBr3_221/CHGCAR: ok (15.4 s)
[196/500] /data/sai/new_charge/6000_data_aug13/Ca3AsCl3_221/CHGCAR: ok (15.6 s)
[197/500] /data/sai/new_charge/6000_data_aug13/Ca3GeN_221/CHGCAR: ok (5.0 s)
[198/500] /data/sai/new_charge/6000_data_aug13/Ca3(SiIr)4_217/CHGCAR: ok (23.5 s)
[199/500] /data/sai/new_charge/6000_data_aug13/Ca2CdSb2_62/CHGCAR: ok (47.5 s)
[200/500] /data/sai/new_charge/6000_data_aug13/Ca3CrN3_63/CHGCAR: ok (12.0 s)
[201/500] /data/sai/new_charge/6000_data_aug13/Ca3(GaNi)4_217/CHGCAR: ok (27.0 s)
[202/500] /data/sai/new_charge/6000_data_aug13/Ca2SiIr2_15/CHGCAR: ok (40.1 s)
[203/500] /data/sai/new_charge/6000_data_aug13/Ca3Hg2_127/CHGCAR: ok (12.3 s)
[204/500] /data/sai/new_charge/6000_data_aug13/Ca3PCl3_221/CHGCAR: ok (7.7 s)
[205/500] /data/sai/new_charge/6000_data_aug13/Ca3CdO4_65/CHGCAR: ok (15.0 s)
[206/500] /data/sai/new_charge/6000_data_aug13/Ca3MnN3_63/CHGCAR: ok (12.6 s)
[207/500] /data/sai/new_charge/6000_data_aug13/Ca3PN_221/CHGCAR: ok (5.7 s)
[208/500] /data/sai/new_charge/6000_data_aug13/Ca3FeN3_176/CHGCAR: ok (14.3 s)
[209/500] /data/sai/new_charge/6000_data_aug13/Bi2Te2Se_166/CHGCAR: ok (93.2 s)
[210/500] /data/sai/new_charge/6000_data_aug13/Ca3GaN3_176/CHGCAR: ok (15.0 s)
[211/500] /data/sai/new_charge/6000_data_aug13/Ca3MoN3_176/CHGCAR: ok (16.0 s)
[212/500] /data/sai/new_charge/6000_data_aug13/Ca3SbN_221/CHGCAR: ok (8.4 s)
[213/500] /data/sai/new_charge/6000_data_aug13/Ca3Al3N5_2/CHGCAR: ok (33.1 s)
[214/500] /data/sai/new_charge/6000_data_aug13/Ca3SnO_221/CHGCAR: ok (8.1 s)
[215/500] /data/sai/new_charge/6000_data_aug13/Ca3SbP_221/CHGCAR: ok (8.8 s)
[216/500] /data/sai/new_charge/6000_data_aug13/Ca4As2O_139/CHGCAR: ok (10.3 s)
[217/500] /data/sai/new_charge/6000_data_aug13/Ca3AsN_62/CHGCAR: ok (35.3 s)
[218/500] /data/sai/new_charge/6000_data_aug13/Ca3VN3_63/CHGCAR: ok (11.7 s)
[219/500] /data/sai/new_charge/6000_data_aug13/Ca4Bi2O_139/CHGCAR: ok (11.7 s)
[220/500] /data/sai/new_charge/6000_data_aug13/Ca3Au4_148/CHGCAR: ok (34.3 s)
[221/500] /data/sai/new_charge/6000_data_aug13/Ca4P2O_139/CHGCAR: ok (10.6 s)
[222/500] /data/sai/new_charge/6000_data_aug13/Ca3AlN3_14/CHGCAR: ok (44.1 s)
[223/500] /data/sai/new_charge/6000_data_aug13/Ca3Tl_194/CHGCAR: ok (20.7 s)
[224/500] /data/sai/new_charge/6000_data_aug13/Ca4Sb2O_139/CHGCAR: ok (16.7 s)
[225/500] /data/sai/new_charge/6000_data_aug13/Ca4Mg4Fe3H22_215/CHGCAR: ok (25.6 s)
[226/500] /data/sai/new_charge/6000_data_aug13/Ca2VN3_15/CHGCAR: ok (61.3 s)
[227/500] /data/sai/new_charge/6000_data_aug13/Ca2GeN2_135/CHGCAR: ok (73.4 s)
[228/500] /data/sai/new_charge/6000_data_aug13/Ca3Zn_63/CHGCAR: ok (28.0 s)
[229/500] /data/sai/new_charge/6000_data_aug13/Ca3Al7Ag2_166/CHGCAR: ok (55.9 s)
[230/500] /data/sai/new_charge/6000_data_aug13/Ca4CN4_62/CHGCAR: ok (36.9 s)
[231/500] /data/sai/new_charge/6000_data_aug13/Ca4(H4Rh)3_229/CHGCAR: ok (39.1 s)
[232/500] /data/sai/new_charge/6000_data_aug13/Ca3Cd2_136/CHGCAR: ok (57.6 s)
[233/500] /data/sai/new_charge/6000_data_aug13/Ca3Ni7B2_166/CHGCAR: ok (56.0 s)
[234/500] /data/sai/new_charge/6000_data_aug13/Ca5Au4_14/CHGCAR: ok (31.2 s)
[235/500] /data/sai/new_charge/6000_data_aug13/Ca4HfN4_2/CHGCAR: ok (46.7 s)
[236/500] /data/sai/new_charge/6000_data_aug13/Ca4ZrN4_2/CHGCAR: ok (45.6 s)
[237/500] /data/sai/new_charge/6000_data_aug13/Ca5Ag3_140/CHGCAR: ok (39.7 s)
[238/500] /data/sai/new_charge/6000_data_aug13/Ca4TiN4_2/CHGCAR: ok (47.8 s)
[239/500] /data/sai/new_charge/6000_data_aug13/Ca3AlSb3_62/CHGCAR: ok (79.5 s)
[240/500] /data/sai/new_charge/6000_data_aug13/Ca6GaN5_193/CHGCAR: ok (24.9 s)
[241/500] /data/sai/new_charge/6000_data_aug13/CaAcIn2_225/CHGCAR: ok (16.2 s)
[242/500] /data/sai/new_charge/6000_data_aug13/CaAg2_74/CHGCAR: ok (10.4 s)
[243/500] /data/sai/new_charge/6000_data_aug13/Ca3N2_206/CHGCAR: ok (68.5 s)
[244/500] /data/sai/new_charge/6000_data_aug13/Ca6MnN5_193/CHGCAR: ok (29.6 s)
[245/500] /data/sai/new_charge/6000_data_aug13/Ca5(AlSb3)2_55/CHGCAR: ok (53.8 s)
[246/500] /data/sai/new_charge/6000_data_aug13/CaAg_63/CHGCAR: ok (8.0 s)
[247/500] /data/sai/new_charge/6000_data_aug13/CaAcZn2_225/CHGCAR: ok (15.2 s)
[248/500] /data/sai/new_charge/6000_data_aug13/Ca6Sn2NF_225/CHGCAR: ok (22.4 s)
[249/500] /data/sai/new_charge/6000_data_aug13/Ca5(CoN2)2_130/CHGCAR: ok (52.4 s)
[250/500] /data/sai/new_charge/6000_data_aug13/CaAl4_139/CHGCAR: ok (14.5 s)
[251/500] /data/sai/new_charge/6000_data_aug13/CaAgAs_189/CHGCAR: ok (22.5 s)
[252/500] /data/sai/new_charge/6000_data_aug13/Ca5Si3_140/CHGCAR: ok (49.6 s)
[253/500] /data/sai/new_charge/6000_data_aug13/Ca5Sb3_193/CHGCAR: ok (52.9 s)
[254/500] /data/sai/new_charge/6000_data_aug13/CaAsAu_194/CHGCAR: ok (10.6 s)
[255/500] /data/sai/new_charge/6000_data_aug13/Ca5Zn3_140/CHGCAR: ok (46.4 s)
[256/500] /data/sai/new_charge/6000_data_aug13/CaAgP_189/CHGCAR: ok (23.2 s)
[257/500] /data/sai/new_charge/6000_data_aug13/CaAlAu_62/CHGCAR: ok (18.5 s)
[258/500] /data/sai/new_charge/6000_data_aug13/CaB6_221/CHGCAR: ok (7.4 s)
[259/500] /data/sai/new_charge/6000_data_aug13/CaAu_63/CHGCAR: ok (14.2 s)
[260/500] /data/sai/new_charge/6000_data_aug13/CaC2_15/CHGCAR: ok (7.3 s)
[261/500] /data/sai/new_charge/6000_data_aug13/CaAl9Co2_191/CHGCAR: ok (24.5 s)
[262/500] /data/sai/new_charge/6000_data_aug13/CaBiAu_216/CHGCAR: ok (8.7 s)
[263/500] /data/sai/new_charge/6000_data_aug13/CaAlPd_57/CHGCAR: ok (26.6 s)
[264/500] /data/sai/new_charge/6000_data_aug13/CaCd_221/CHGCAR: ok (5.1 s)
[265/500] /data/sai/new_charge/6000_data_aug13/CaCd3O4_65/CHGCAR: ok (11.0 s)
[266/500] /data/sai/new_charge/6000_data_aug13/CaAlSi_187/CHGCAR: ok (30.3 s)
[267/500] /data/sai/new_charge/6000_data_aug13/Ca5Al2(SiN4)2_60/CHGCAR: ok (78.0 s)
[268/500] /data/sai/new_charge/6000_data_aug13/Ca6FeN5_193/CHGCAR: ok (62.6 s)
[269/500] /data/sai/new_charge/6000_data_aug13/CaAs_189/CHGCAR: ok (27.9 s)
[270/500] /data/sai/new_charge/6000_data_aug13/CaAu2_74/CHGCAR: ok (29.4 s)
[271/500] /data/sai/new_charge/6000_data_aug13/CaBr2_58/CHGCAR: ok (19.1 s)
[272/500] /data/sai/new_charge/6000_data_aug13/Ca5(InSb3)2_55/CHGCAR: ok (79.6 s)
[273/500] /data/sai/new_charge/6000_data_aug13/CaCN2_166/CHGCAR: ok (19.8 s)
[274/500] /data/sai/new_charge/6000_data_aug13/Ca5P3O12F_176/CHGCAR: ok (80.0 s)
[275/500] /data/sai/new_charge/6000_data_aug13/CaCdHg2_225/CHGCAR: ok (16.8 s)
[276/500] /data/sai/new_charge/6000_data_aug13/CaCu5_191/CHGCAR: ok (8.7 s)
[277/500] /data/sai/new_charge/6000_data_aug13/CaCuAs_194/CHGCAR: ok (9.4 s)
[278/500] /data/sai/new_charge/6000_data_aug13/CaClF_129/CHGCAR: ok (9.8 s)
[279/500] /data/sai/new_charge/6000_data_aug13/Ca6Ag16N_229/CHGCAR: ok (70.9 s)
[280/500] /data/sai/new_charge/6000_data_aug13/CaCd2_74/CHGCAR: ok (23.7 s)
[281/500] /data/sai/new_charge/6000_data_aug13/CaAl4O7_15/CHGCAR: ok (46.8 s)
[282/500] /data/sai/new_charge/6000_data_aug13/CaCdAu_62/CHGCAR: ok (22.8 s)
[283/500] /data/sai/new_charge/6000_data_aug13/CaAu5_216/CHGCAR: ok (40.9 s)
[284/500] /data/sai/new_charge/6000_data_aug13/CaCd2_194/CHGCAR: ok (28.9 s)
[285/500] /data/sai/new_charge/6000_data_aug13/CaCuSb_194/CHGCAR: ok (14.0 s)
[286/500] /data/sai/new_charge/6000_data_aug13/CaCuP_194/CHGCAR: ok (14.3 s)
[287/500] /data/sai/new_charge/6000_data_aug13/CaCuF4_140/CHGCAR: ok (15.8 s)
[288/500] /data/sai/new_charge/6000_data_aug13/CaAl2_227/CHGCAR: ok (53.2 s)
[289/500] /data/sai/new_charge/6000_data_aug13/Ca5Bi3_62/CHGCAR: ok (92.0 s)
[290/500] /data/sai/new_charge/6000_data_aug13/CaDyHg2_225/CHGCAR: ok (15.7 s)
[291/500] /data/sai/new_charge/6000_data_aug13/CaGa2_194/CHGCAR: ok (14.6 s)
[292/500] /data/sai/new_charge/6000_data_aug13/CaGe2_166/CHGCAR: ok (8.4 s)
[293/500] /data/sai/new_charge/6000_data_aug13/CaGa_63/CHGCAR: ok (8.7 s)
[294/500] /data/sai/new_charge/6000_data_aug13/CaCdSn_189/CHGCAR: ok (27.2 s)
[295/500] /data/sai/new_charge/6000_data_aug13/CaGa4_139/CHGCAR: ok (12.3 s)
[296/500] /data/sai/new_charge/6000_data_aug13/CaGaN_129/CHGCAR: ok (11.3 s)
[297/500] /data/sai/new_charge/6000_data_aug13/CaCO3_167/CHGCAR: ok (35.8 s)
[298/500] /data/sai/new_charge/6000_data_aug13/CaHg_221/CHGCAR: ok (3.8 s)
[299/500] /data/sai/new_charge/6000_data_aug13/CaGe_63/CHGCAR: ok (10.2 s)
[300/500] /data/sai/new_charge/6000_data_aug13/CaHBr_129/CHGCAR: ok (8.2 s)
[301/500] /data/sai/new_charge/6000_data_aug13/CaHg2_191/CHGCAR: ok (7.4 s)
[302/500] /data/sai/new_charge/6000_data_aug13/CaF2_225/CHGCAR: ok (22.6 s)
[303/500] /data/sai/new_charge/6000_data_aug13/CaGaPt_62/CHGCAR: ok (18.4 s)
[304/500] /data/sai/new_charge/6000_data_aug13/CaGa3Ni2_63/CHGCAR: ok (24.3 s)
[305/500] /data/sai/new_charge/6000_data_aug13/CaGeN2_122/CHGCAR: ok (18.0 s)
[306/500] /data/sai/new_charge/6000_data_aug13/CaH2_62/CHGCAR: ok (14.6 s)
[307/500] /data/sai/new_charge/6000_data_aug13/CaGePt_62/CHGCAR: ok (17.3 s)
[308/500] /data/sai/new_charge/6000_data_aug13/CaI2_164/CHGCAR: ok (12.1 s)
[309/500] /data/sai/new_charge/6000_data_aug13/CaLaZn2_225/CHGCAR: ok (10.5 s)
[310/500] /data/sai/new_charge/6000_data_aug13/CaMg2N2_164/CHGCAR: ok (7.8 s)
[311/500] /data/sai/new_charge/6000_data_aug13/CaIrO3_63/CHGCAR: ok (11.9 s)
[312/500] /data/sai/new_charge/6000_data_aug13/CaLaCd2_225/CHGCAR: ok (14.2 s)
[313/500] /data/sai/new_charge/6000_data_aug13/CaLaAg2_225/CHGCAR: ok (14.4 s)
[314/500] /data/sai/new_charge/6000_data_aug13/CaLaHg2_225/CHGCAR: ok (15.4 s)
[315/500] /data/sai/new_charge/6000_data_aug13/CaIn2Pt_63/CHGCAR: ok (18.7 s)
[316/500] /data/sai/new_charge/6000_data_aug13/CaLaMg2_225/CHGCAR: ok (15.9 s)
[317/500] /data/sai/new_charge/6000_data_aug13/CaHfN2_166/CHGCAR: ok (23.6 s)
[318/500] /data/sai/new_charge/6000_data_aug13/CaMnSi_129/CHGCAR: ok (8.9 s)
[319/500] /data/sai/new_charge/6000_data_aug13/CaN2_139/CHGCAR: ok (6.1 s)
[320/500] /data/sai/new_charge/6000_data_aug13/CaMgTl2_225/CHGCAR: ok (11.3 s)
[321/500] /data/sai/new_charge/6000_data_aug13/CaMgHg2_225/CHGCAR: ok (15.4 s)
[322/500] /data/sai/new_charge/6000_data_aug13/CaHgO2_166/CHGCAR: ok (27.5 s)
[323/500] /data/sai/new_charge/6000_data_aug13/CaInPd_62/CHGCAR: ok (25.9 s)
[324/500] /data/sai/new_charge/6000_data_aug13/CaMg(SiO3)2_15/CHGCAR: ok (22.6 s)
[325/500] /data/sai/new_charge/6000_data_aug13/CaMoN3_12/CHGCAR: ok (13.8 s)
[326/500] /data/sai/new_charge/6000_data_aug13/CaInPt_62/CHGCAR: ok (27.3 s)
[327/500] /data/sai/new_charge/6000_data_aug13/CaMgGe_62/CHGCAR: ok (19.8 s)
[328/500] /data/sai/new_charge/6000_data_aug13/CaNiN_131/CHGCAR: ok (8.8 s)
[329/500] /data/sai/new_charge/6000_data_aug13/CaMgSi_62/CHGCAR: ok (19.6 s)
[330/500] /data/sai/new_charge/6000_data_aug13/CaNdZn2_225/CHGCAR: ok (15.0 s)
[331/500] /data/sai/new_charge/6000_data_aug13/CaNdCd2_225/CHGCAR: ok (16.1 s)
[332/500] /data/sai/new_charge/6000_data_aug13/CaNiGe2_63/CHGCAR: ok (14.8 s)
[333/500] /data/sai/new_charge/6000_data_aug13/CaO_225/CHGCAR: ok (11.9 s)
[334/500] /data/sai/new_charge/6000_data_aug13/Ca7SiN6_60/CHGCAR: ok (103.2 s)
[335/500] /data/sai/new_charge/6000_data_aug13/CaNi4B_191/CHGCAR: ok (19.0 s)
[336/500] /data/sai/new_charge/6000_data_aug13/CaPAu_194/CHGCAR: ok (14.1 s)
[337/500] /data/sai/new_charge/6000_data_aug13/CaPb_123/CHGCAR: ok (9.8 s)
[338/500] /data/sai/new_charge/6000_data_aug13/CaPb3_221/CHGCAR: ok (10.9 s)
[339/500] /data/sai/new_charge/6000_data_aug13/CaPd_221/CHGCAR: ok (5.2 s)
[340/500] /data/sai/new_charge/6000_data_aug13/CaPd5_191/CHGCAR: ok (9.9 s)
[341/500] /data/sai/new_charge/6000_data_aug13/CaMg(CO3)2_148/CHGCAR: ok (36.3 s)
[342/500] /data/sai/new_charge/6000_data_aug13/CaMgSn_62/CHGCAR: ok (28.7 s)
[343/500] /data/sai/new_charge/6000_data_aug13/CaMgSiO4_62/CHGCAR: ok (31.1 s)
[344/500] /data/sai/new_charge/6000_data_aug13/CaMgPb_62/CHGCAR: ok (32.9 s)
[345/500] /data/sai/new_charge/6000_data_aug13/CaPdF6_148/CHGCAR: ok (15.0 s)
[346/500] /data/sai/new_charge/6000_data_aug13/CaPmCd2_225/CHGCAR: ok (11.9 s)
[347/500] /data/sai/new_charge/6000_data_aug13/CaPbF6_225/CHGCAR: ok (19.5 s)
[348/500] /data/sai/new_charge/6000_data_aug13/CaPd3O4_223/CHGCAR: ok (17.9 s)
[349/500] /data/sai/new_charge/6000_data_aug13/CaIr2_227/CHGCAR: ok (47.5 s)
[350/500] /data/sai/new_charge/6000_data_aug13/CaMg2_194/CHGCAR: ok (42.8 s)
[351/500] /data/sai/new_charge/6000_data_aug13/CaPmAu2_225/CHGCAR: ok (16.1 s)
[352/500] /data/sai/new_charge/6000_data_aug13/CaPPt_26/CHGCAR: ok (24.1 s)
[353/500] /data/sai/new_charge/6000_data_aug13/CaS_225/CHGCAR: ok (4.2 s)
[354/500] /data/sai/new_charge/6000_data_aug13/CaBe2(PO4)2_14/CHGCAR: ok (88.0 s)
[355/500] /data/sai/new_charge/6000_data_aug13/CaPmPt2_225/CHGCAR: ok (12.9 s)
[356/500] /data/sai/new_charge/6000_data_aug13/CaPrCd2_225/CHGCAR: ok (12.4 s)
[357/500] /data/sai/new_charge/6000_data_aug13/CaPmHg2_225/CHGCAR: ok (17.1 s)
[358/500] /data/sai/new_charge/6000_data_aug13/CaPt5_191/CHGCAR: ok (13.2 s)
[359/500] /data/sai/new_charge/6000_data_aug13/CaPmZn2_225/CHGCAR: ok (15.6 s)
[360/500] /data/sai/new_charge/6000_data_aug13/CaPrZn2_225/CHGCAR: ok (16.3 s)
[361/500] /data/sai/new_charge/6000_data_aug13/CaSi2_164/CHGCAR: ok (6.4 s)
[362/500] /data/sai/new_charge/6000_data_aug13/CaPdPb_189/CHGCAR: ok (23.6 s)
[363/500] /data/sai/new_charge/6000_data_aug13/CaPHO4_1/CHGCAR: ok (31.4 s)
[364/500] /data/sai/new_charge/6000_data_aug13/CaPrHg2_225/CHGCAR: ok (18.0 s)
[365/500] /data/sai/new_charge/6000_data_aug13/CaSe_225/CHGCAR: ok (7.0 s)
[366/500] /data/sai/new_charge/6000_data_aug13/CaP_189/CHGCAR: ok (30.4 s)
[367/500] /data/sai/new_charge/6000_data_aug13/CaSb2_11/CHGCAR: ok (13.3 s)
[368/500] /data/sai/new_charge/6000_data_aug13/CaSbAu_194/CHGCAR: ok (12.4 s)
[369/500] /data/sai/new_charge/6000_data_aug13/CaPtF6_148/CHGCAR: ok (20.4 s)
[370/500] /data/sai/new_charge/6000_data_aug13/CaSi2_166/CHGCAR: ok (12.3 s)
[371/500] /data/sai/new_charge/6000_data_aug13/CaSO4_63/CHGCAR: ok (19.5 s)
[372/500] /data/sai/new_charge/6000_data_aug13/CaSiNi2_194/CHGCAR: ok (17.6 s)
[373/500] /data/sai/new_charge/6000_data_aug13/CaSmHg2_225/CHGCAR: ok (11.8 s)
[374/500] /data/sai/new_charge/6000_data_aug13/CaSi3Pt_107/CHGCAR: ok (18.7 s)
[375/500] /data/sai/new_charge/6000_data_aug13/CaSbPt_62/CHGCAR: ok (21.7 s)
[376/500] /data/sai/new_charge/6000_data_aug13/CaSn3_221/CHGCAR: ok (11.2 s)
[377/500] /data/sai/new_charge/6000_data_aug13/CaSmZn2_225/CHGCAR: ok (15.0 s)
[378/500] /data/sai/new_charge/6000_data_aug13/CaSi2_141/CHGCAR: ok (25.0 s)
[379/500] /data/sai/new_charge/6000_data_aug13/CaSmCd2_225/CHGCAR: ok (17.9 s)
[380/500] /data/sai/new_charge/6000_data_aug13/CaSi_63/CHGCAR: ok (18.7 s)
[381/500] /data/sai/new_charge/6000_data_aug13/CaTe_225/CHGCAR: ok (6.3 s)
[382/500] /data/sai/new_charge/6000_data_aug13/CaSnRh2_225/CHGCAR: ok (8.6 s)
[383/500] /data/sai/new_charge/6000_data_aug13/CaPt2_227/CHGCAR: ok (38.4 s)
[384/500] /data/sai/new_charge/6000_data_aug13/CaSiPd_14/CHGCAR: ok (27.1 s)
[385/500] /data/sai/new_charge/6000_data_aug13/CaSiPt_62/CHGCAR: ok (25.3 s)
[386/500] /data/sai/new_charge/6000_data_aug13/CaSiPt_198/CHGCAR: ok (26.6 s)
[387/500] /data/sai/new_charge/6000_data_aug13/CaSn_63/CHGCAR: ok (11.4 s)
[388/500] /data/sai/new_charge/6000_data_aug13/CaRh2_227/CHGCAR: ok (40.6 s)
[389/500] /data/sai/new_charge/6000_data_aug13/CaSnN2_33/CHGCAR: ok (20.3 s)
[390/500] /data/sai/new_charge/6000_data_aug13/CaPd2_227/CHGCAR: ok (56.6 s)
[391/500] /data/sai/new_charge/6000_data_aug13/CaSiPt_14/CHGCAR: ok (31.2 s)
[392/500] /data/sai/new_charge/6000_data_aug13/CaSn2Rh_63/CHGCAR: ok (26.8 s)
[393/500] /data/sai/new_charge/6000_data_aug13/CaZn5_191/CHGCAR: ok (8.7 s)
[394/500] /data/sai/new_charge/6000_data_aug13/CaSn2Pd_63/CHGCAR: ok (30.2 s)
[395/500] /data/sai/new_charge/6000_data_aug13/CaYHg2_225/CHGCAR: ok (15.6 s)
[396/500] /data/sai/new_charge/6000_data_aug13/Ca_194/CHGCAR: ok (6.6 s)
[397/500] /data/sai/new_charge/6000_data_aug13/CaSiO3_2/CHGCAR: ok (40.4 s)
[398/500] /data/sai/new_charge/6000_data_aug13/CaSn2Ir_63/CHGCAR: ok (34.9 s)
[399/500] /data/sai/new_charge/6000_data_aug13/CaSc2O4_62/CHGCAR: ok (44.6 s)
[400/500] /data/sai/new_charge/6000_data_aug13/CaZnGe_194/CHGCAR: ok (14.8 s)
[401/500] /data/sai/new_charge/6000_data_aug13/CaSnO3_62/CHGCAR: ok (31.1 s)
[402/500] /data/sai/new_charge/6000_data_aug13/CaZnSi_194/CHGCAR: ok (15.5 s)
[403/500] /data/sai/new_charge/6000_data_aug13/CaSn(BO3)2_148/CHGCAR: ok (39.1 s)
[404/500] /data/sai/new_charge/6000_data_aug13/CaSnPd_62/CHGCAR: ok (27.3 s)
[405/500] /data/sai/new_charge/6000_data_aug13/CaZnSn_186/CHGCAR: ok (15.6 s)
[406/500] /data/sai/new_charge/6000_data_aug13/CaZn2_74/CHGCAR: ok (19.7 s)
[407/500] /data/sai/new_charge/6000_data_aug13/Ca_225/CHGCAR: ok (12.8 s)
[408/500] /data/sai/new_charge/6000_data_aug13/CaZn2_194/CHGCAR: ok (22.4 s)
[409/500] /data/sai/new_charge/6000_data_aug13/CaTiO3_62/CHGCAR: ok (28.5 s)
[410/500] /data/sai/new_charge/6000_data_aug13/CaZn_63/CHGCAR: ok (20.4 s)
[411/500] /data/sai/new_charge/6000_data_aug13/Cd(HO)2_8/CHGCAR: ok (10.6 s)
[412/500] /data/sai/new_charge/6000_data_aug13/CaTiF6_225/CHGCAR: ok (30.8 s)
[413/500] /data/sai/new_charge/6000_data_aug13/CdAg_221/CHGCAR: ok (2.9 s)
[414/500] /data/sai/new_charge/6000_data_aug13/Cd(GaS2)2_82/CHGCAR: ok (13.7 s)
[415/500] /data/sai/new_charge/6000_data_aug13/Cd2AgAu_225/CHGCAR: ok (8.7 s)
[416/500] /data/sai/new_charge/6000_data_aug13/Cd2PdRh_225/CHGCAR: ok (8.3 s)
[417/500] /data/sai/new_charge/6000_data_aug13/Cd(CuO2)2_88/CHGCAR: ok (18.9 s)
[418/500] /data/sai/new_charge/6000_data_aug13/CaZrO3_62/CHGCAR: ok (23.6 s)
[419/500] /data/sai/new_charge/6000_data_aug13/Cd(PtO2)3_65/CHGCAR: ok (13.0 s)
[420/500] /data/sai/new_charge/6000_data_aug13/Cd2Hg_139/CHGCAR: ok (11.5 s)
[421/500] /data/sai/new_charge/6000_data_aug13/CaZrN2_166/CHGCAR: ok (25.2 s)
[422/500] /data/sai/new_charge/6000_data_aug13/Cd(AgI2)2_121/CHGCAR: ok (20.7 s)
[423/500] /data/sai/new_charge/6000_data_aug13/Cd(SbO3)2_162/CHGCAR: ok (12.9 s)
[424/500] /data/sai/new_charge/6000_data_aug13/Cd(GaSe2)2_82/CHGCAR: ok (17.5 s)
[425/500] /data/sai/new_charge/6000_data_aug13/CdAu_51/CHGCAR: ok (5.1 s)
[426/500] /data/sai/new_charge/6000_data_aug13/Cd2PtRh_225/CHGCAR: ok (12.0 s)
[427/500] /data/sai/new_charge/6000_data_aug13/CdAu3_221/CHGCAR: ok (7.2 s)
[428/500] /data/sai/new_charge/6000_data_aug13/CdAsPt5_123/CHGCAR: ok (8.6 s)
[429/500] /data/sai/new_charge/6000_data_aug13/CaUO4_166/CHGCAR: ok (37.7 s)
[430/500] /data/sai/new_charge/6000_data_aug13/CdF2_225/CHGCAR: ok (4.4 s)
[431/500] /data/sai/new_charge/6000_data_aug13/CdAs2_98/CHGCAR: ok (14.3 s)
[432/500] /data/sai/new_charge/6000_data_aug13/Cd(GaTe2)2_82/CHGCAR: ok (24.2 s)
[433/500] /data/sai/new_charge/6000_data_aug13/CdCN2_166/CHGCAR: ok (10.0 s)
[434/500] /data/sai/new_charge/6000_data_aug13/CdHgO2_166/CHGCAR: ok (5.7 s)
[435/500] /data/sai/new_charge/6000_data_aug13/CdGaRh2_225/CHGCAR: ok (8.0 s)
[436/500] /data/sai/new_charge/6000_data_aug13/CdO_225/CHGCAR: ok (2.2 s)
[437/500] /data/sai/new_charge/6000_data_aug13/Cd(InTe2)2_82/CHGCAR: ok (25.2 s)
[438/500] /data/sai/new_charge/6000_data_aug13/CdNi3N_221/CHGCAR: ok (5.2 s)
[439/500] /data/sai/new_charge/6000_data_aug13/CdCuF4_140/CHGCAR: ok (13.0 s)
[440/500] /data/sai/new_charge/6000_data_aug13/CdPd_123/CHGCAR: ok (3.2 s)
[441/500] /data/sai/new_charge/6000_data_aug13/CdHg2_139/CHGCAR: ok (11.8 s)
[442/500] /data/sai/new_charge/6000_data_aug13/CdCl2_166/CHGCAR: ok (15.3 s)
[443/500] /data/sai/new_charge/6000_data_aug13/Cd5Au3_140/CHGCAR: ok (24.2 s)
[444/500] /data/sai/new_charge/6000_data_aug13/CdCu2_194/CHGCAR: ok (15.7 s)
[445/500] /data/sai/new_charge/6000_data_aug13/CdPt_123/CHGCAR: ok (3.2 s)
[446/500] /data/sai/new_charge/6000_data_aug13/CdInRh2_225/CHGCAR: ok (11.2 s)
[447/500] /data/sai/new_charge/6000_data_aug13/CdPd3_139/CHGCAR: ok (7.5 s)
[448/500] /data/sai/new_charge/6000_data_aug13/CdGeP2_122/CHGCAR: ok (16.4 s)
[449/500] /data/sai/new_charge/6000_data_aug13/CdCO3_167/CHGCAR: ok (20.3 s)
[450/500] /data/sai/new_charge/6000_data_aug13/CdPPt5_123/CHGCAR: ok (11.0 s)
[451/500] /data/sai/new_charge/6000_data_aug13/CdGeAs2_122/CHGCAR: ok (18.2 s)
[452/500] /data/sai/new_charge/6000_data_aug13/CdO2_205/CHGCAR: ok (13.9 s)
[453/500] /data/sai/new_charge/6000_data_aug13/CaTiSiO5_14/CHGCAR: ok (56.4 s)
[454/500] /data/sai/new_charge/6000_data_aug13/CdP4_14/CHGCAR: ok (14.6 s)
[455/500] /data/sai/new_charge/6000_data_aug13/CdSe_186/CHGCAR: ok (7.3 s)
[456/500] /data/sai/new_charge/6000_data_aug13/CdS_186/CHGCAR: ok (9.7 s)
[457/500] /data/sai/new_charge/6000_data_aug13/CdBiO3_146/CHGCAR: ok (27.5 s)
[458/500] /data/sai/new_charge/6000_data_aug13/Cd(InS2)2_227/CHGCAR: ok (40.3 s)
[459/500] /data/sai/new_charge/6000_data_aug13/CdSO4_63/CHGCAR: ok (11.7 s)
[460/500] /data/sai/new_charge/6000_data_aug13/Cd2GeO4_62/CHGCAR: ok (39.1 s)
[461/500] /data/sai/new_charge/6000_data_aug13/CdCu2GeS4_31/CHGCAR: ok (28.6 s)
[462/500] /data/sai/new_charge/6000_data_aug13/Cd_194/CHGCAR: ok (4.7 s)
[463/500] /data/sai/new_charge/6000_data_aug13/CdSeO4_63/CHGCAR: ok (15.1 s)
[464/500] /data/sai/new_charge/6000_data_aug13/CdSiP2_122/CHGCAR: ok (12.9 s)
[465/500] /data/sai/new_charge/6000_data_aug13/Ce(CoGe)2_139/CHGCAR: ok (8.0 s)
[466/500] /data/sai/new_charge/6000_data_aug13/Ce(CoP)2_139/CHGCAR: ok (8.0 s)
[467/500] /data/sai/new_charge/6000_data_aug13/CdCu2GeSe4_121/CHGCAR: ok (31.9 s)
[468/500] /data/sai/new_charge/6000_data_aug13/CdSnF6_148/CHGCAR: ok (13.5 s)
[469/500] /data/sai/new_charge/6000_data_aug13/CdAu_157/CHGCAR: ok (36.9 s)
[470/500] /data/sai/new_charge/6000_data_aug13/Ce(CoSi)2_139/CHGCAR: ok (11.0 s)
[471/500] /data/sai/new_charge/6000_data_aug13/Ce(FeP)2_139/CHGCAR: ok (10.4 s)
[472/500] /data/sai/new_charge/6000_data_aug13/Ce(CuSi)2_139/CHGCAR: ok (11.3 s)
[473/500] /data/sai/new_charge/6000_data_aug13/CdI2_156/CHGCAR: ok (32.4 s)
[474/500] /data/sai/new_charge/6000_data_aug13/Ce(FeSi)2_139/CHGCAR: ok (10.3 s)
[475/500] /data/sai/new_charge/6000_data_aug13/CdSe_216/CHGCAR: ok (22.0 s)
[476/500] /data/sai/new_charge/6000_data_aug13/Ce(NiP)2_139/CHGCAR: ok (10.5 s)
[477/500] /data/sai/new_charge/6000_data_aug13/CdSiAs2_122/CHGCAR: ok (23.9 s)
[478/500] /data/sai/new_charge/6000_data_aug13/Ce(SiPd)2_139/CHGCAR: ok (8.8 s)
[479/500] /data/sai/new_charge/6000_data_aug13/Ce(SiOs)2_139/CHGCAR: ok (9.3 s)
[480/500] /data/sai/new_charge/6000_data_aug13/Ce(SiAu)2_139/CHGCAR: ok (9.8 s)
[481/500] /data/sai/new_charge/6000_data_aug13/CdSbAu_216/CHGCAR: ok (27.2 s)
[482/500] /data/sai/new_charge/6000_data_aug13/Ce(SiRh)2_139/CHGCAR: ok (10.6 s)
[483/500] /data/sai/new_charge/6000_data_aug13/CdTe_216/CHGCAR: ok (21.7 s)
[484/500] /data/sai/new_charge/6000_data_aug13/CdSb_61/CHGCAR: ok (30.4 s)
[485/500] /data/sai/new_charge/6000_data_aug13/CdSnAs2_122/CHGCAR: ok (27.8 s)
[486/500] /data/sai/new_charge/6000_data_aug13/CdSnP2_122/CHGCAR: ok (26.8 s)
[487/500] /data/sai/new_charge/6000_data_aug13/Ce(GePt)2_129/CHGCAR: ok (19.6 s)
[488/500] /data/sai/new_charge/6000_data_aug13/Ce(Re2Si)2_65/CHGCAR: ok (17.8 s)
[489/500] /data/sai/new_charge/6000_data_aug13/Ce2Mo2C3_12/CHGCAR: ok (13.0 s)
[490/500] /data/sai/new_charge/6000_data_aug13/Ce(FeP3)4_204/CHGCAR: ok (26.4 s)
[491/500] /data/sai/new_charge/6000_data_aug13/CdSnSb2_122/CHGCAR: ok (34.6 s)
[492/500] /data/sai/new_charge/6000_data_aug13/Ce2CdPt2_127/CHGCAR: ok (22.2 s)
[493/500] /data/sai/new_charge/6000_data_aug13/Ce2InGe2_127/CHGCAR: ok (20.1 s)
[494/500] /data/sai/new_charge/6000_data_aug13/Ce2MgGe2_127/CHGCAR: ok (21.4 s)
[495/500] /data/sai/new_charge/6000_data_aug13/Ce2MgSi2_127/CHGCAR: ok (20.0 s)
[496/500] /data/sai/new_charge/6000_data_aug13/Ce2Pd2Pb_127/CHGCAR: ok (20.2 s)
[497/500] /data/sai/new_charge/6000_data_aug13/Ce2C3_220/CHGCAR: ok (27.0 s)
[498/500] /data/sai/new_charge/6000_data_aug13/Ce2Re2Si2C_12/CHGCAR: ok (27.3 s)
[499/500] /data/sai/new_charge/6000_data_aug13/Ce2Fe12P7_174/CHGCAR: ok (31.9 s)
[500/500] /data/sai/new_charge/6000_data_aug13/Cd(NO3)2_29/CHGCAR: ok (84.7 s)
chunk 1: 500 rows, 0 errors, 15.3 min elapsed
[1/500] /data/sai/new_charge/6000_data_aug13/CeAs_225/CHGCAR: ok (7.6 s)
[2/500] /data/sai/new_charge/6000_data_aug13/CeBRh3_221/CHGCAR: ok (8.1 s)
[3/500] /data/sai/new_charge/6000_data_aug13/CeBi_225/CHGCAR: ok (9.0 s)
[4/500] /data/sai/new_charge/6000_data_aug13/CeBPt3_99/CHGCAR: ok (9.9 s)
[5/500] /data/sai/new_charge/6000_data_aug13/Ce3Ga_221/CHGCAR: ok (9.2 s)
[6/500] /data/sai/new_charge/6000_data_aug13/Ce3Pb_221/CHGCAR: ok (10.5 s)
[7/500] /data/sai/new_charge/6000_data_aug13/Ce3AlC_221/CHGCAR: ok (9.5 s)
[8/500] /data/sai/new_charge/6000_data_aug13/CeB6_221/CHGCAR: ok (10.3 s)
[9/500] /data/sai/new_charge/6000_data_aug13/Ce3Sn_221/CHGCAR: ok (10.9 s)
[10/500] /data/sai/new_charge/6000_data_aug13/Ce3Al_221/CHGCAR: ok (11.3 s)
[11/500] /data/sai/new_charge/6000_data_aug13/CeB2Rh3_191/CHGCAR: ok (11.6 s)
[12/500] /data/sai/new_charge/6000_data_aug13/Ce2SbO2_139/CHGCAR: ok (12.5 s)
[13/500] /data/sai/new_charge/6000_data_aug13/CeB2Ir3_191/CHGCAR: ok (12.9 s)
[14/500] /data/sai/new_charge/6000_data_aug13/CeAl3Ni2_191/CHGCAR: ok (13.9 s)
[15/500] /data/sai/new_charge/6000_data_aug13/CeAl3Pd2_191/CHGCAR: ok (13.5 s)
[16/500] /data/sai/new_charge/6000_data_aug13/CeAlNi_189/CHGCAR: ok (14.8 s)
[17/500] /data/sai/new_charge/6000_data_aug13/CeCd2_191/CHGCAR: ok (8.7 s)
[18/500] /data/sai/new_charge/6000_data_aug13/CeCd3_225/CHGCAR: ok (10.8 s)
[19/500] /data/sai/new_charge/6000_data_aug13/CeAl2_227/CHGCAR: ok (19.0 s)
[20/500] /data/sai/new_charge/6000_data_aug13/CeCuSi_194/CHGCAR: ok (9.7 s)
[21/500] /data/sai/new_charge/6000_data_aug13/CeAl5Ni2_71/CHGCAR: ok (19.8 s)
[22/500] /data/sai/new_charge/6000_data_aug13/CeCuGe_194/CHGCAR: ok (12.3 s)
[23/500] /data/sai/new_charge/6000_data_aug13/CeCdNi4_216/CHGCAR: ok (14.1 s)
[24/500] /data/sai/new_charge/6000_data_aug13/CeFeSi_129/CHGCAR: ok (12.5 s)
[25/500] /data/sai/new_charge/6000_data_aug13/CeCoC2_9/CHGCAR: ok (14.7 s)
[26/500] /data/sai/new_charge/6000_data_aug13/CeHg2_191/CHGCAR: ok (11.0 s)
[27/500] /data/sai/new_charge/6000_data_aug13/CeAl4Co_51/CHGCAR: ok (24.5 s)
[28/500] /data/sai/new_charge/6000_data_aug13/CeAl3_194/CHGCAR: ok (24.8 s)
[29/500] /data/sai/new_charge/6000_data_aug13/CeN_225/CHGCAR: ok (6.7 s)
[30/500] /data/sai/new_charge/6000_data_aug13/CeMg3_225/CHGCAR: ok (10.9 s)
[31/500] /data/sai/new_charge/6000_data_aug13/CeGa3Pd2_191/CHGCAR: ok (14.7 s)
[32/500] /data/sai/new_charge/6000_data_aug13/CeMgZn2_225/CHGCAR: ok (8.9 s)
[33/500] /data/sai/new_charge/6000_data_aug13/CeAl4Ni_63/CHGCAR: ok (26.9 s)
[34/500] /data/sai/new_charge/6000_data_aug13/CeO2_225/CHGCAR: ok (4.8 s)
[35/500] /data/sai/new_charge/6000_data_aug13/Ce2Zn17_166/CHGCAR: ok (26.9 s)
[36/500] /data/sai/new_charge/6000_data_aug13/CeNi5_191/CHGCAR: ok (8.5 s)
[37/500] /data/sai/new_charge/6000_data_aug13/CeO_225/CHGCAR: ok (6.3 s)
[38/500] /data/sai/new_charge/6000_data_aug13/CeNi_63/CHGCAR: ok (10.0 s)
[39/500] /data/sai/new_charge/6000_data_aug13/CeFe2_227/CHGCAR: ok (19.3 s)
[40/500] /data/sai/new_charge/6000_data_aug13/CeS_225/CHGCAR: ok (4.4 s)
[41/500] /data/sai/new_charge/6000_data_aug13/CeIr2_227/CHGCAR: ok (18.1 s)
[42/500] /data/sai/new_charge/6000_data_aug13/CeP_225/CHGCAR: ok (7.8 s)
[43/500] /data/sai/new_charge/6000_data_aug13/CeRh3_221/CHGCAR: ok (6.3 s)
[44/500] /data/sai/new_charge/6000_data_aug13/CeSe_225/CHGCAR: ok (7.1 s)
[45/500] /data/sai/new_charge/6000_data_aug13/CePb3_221/CHGCAR: ok (10.7 s)
[46/500] /data/sai/new_charge/6000_data_aug13/CeGaCo_12/CHGCAR: ok (24.1 s)
[47/500] /data/sai/new_charge/6000_data_aug13/CeSi2_141/CHGCAR: ok (9.2 s)
[48/500] /data/sai/new_charge/6000_data_aug13/Ce_225/CHGCAR: ok (2.8 s)
[49/500] /data/sai/new_charge/6000_data_aug13/CeSiHRu_129/CHGCAR: ok (10.4 s)
[50/500] /data/sai/new_charge/6000_data_aug13/CePRuO_129/CHGCAR: ok (16.7 s)
[51/500] /data/sai/new_charge/6000_data_aug13/CePPd_194/CHGCAR: ok (17.3 s)
[52/500] /data/sai/new_charge/6000_data_aug13/CeSF_129/CHGCAR: ok (14.1 s)
[53/500] /data/sai/new_charge/6000_data_aug13/CeMgPt_189/CHGCAR: ok (25.9 s)
[54/500] /data/sai/new_charge/6000_data_aug13/CeGeRh_62/CHGCAR: ok (29.3 s)
[55/500] /data/sai/new_charge/6000_data_aug13/CeSn3_221/CHGCAR: ok (11.5 s)
[56/500] /data/sai/new_charge/6000_data_aug13/CeZn3Cu2_191/CHGCAR: ok (10.9 s)
[57/500] /data/sai/new_charge/6000_data_aug13/CeGe3Rh_107/CHGCAR: ok (32.1 s)
[58/500] /data/sai/new_charge/6000_data_aug13/CeSiOs_129/CHGCAR: ok (15.8 s)
[59/500] /data/sai/new_charge/6000_data_aug13/CeRh2_227/CHGCAR: ok (18.6 s)
[60/500] /data/sai/new_charge/6000_data_aug13/Co(BW)2_71/CHGCAR: ok (9.5 s)
[61/500] /data/sai/new_charge/6000_data_aug13/Co2CuGe2_51/CHGCAR: ok (8.9 s)
[62/500] /data/sai/new_charge/6000_data_aug13/CeCuS2_14/CHGCAR: ok (36.6 s)
[63/500] /data/sai/new_charge/6000_data_aug13/Co3SnC_221/CHGCAR: ok (7.3 s)
[64/500] /data/sai/new_charge/6000_data_aug13/Co2Si_62/CHGCAR: ok (10.5 s)
[65/500] /data/sai/new_charge/6000_data_aug13/CeZn3Pd2_191/CHGCAR: ok (15.1 s)
[66/500] /data/sai/new_charge/6000_data_aug13/CeSi2Ir3_74/CHGCAR: ok (22.4 s)
[67/500] /data/sai/new_charge/6000_data_aug13/CePd7_225/CHGCAR: ok (24.3 s)
[68/500] /data/sai/new_charge/6000_data_aug13/CoB_62/CHGCAR: ok (5.5 s)
[69/500] /data/sai/new_charge/6000_data_aug13/CeTlAu2_225/CHGCAR: ok (20.2 s)
[70/500] /data/sai/new_charge/6000_data_aug13/CeZn2_74/CHGCAR: ok (20.1 s)
[71/500] /data/sai/new_charge/6000_data_aug13/Co2P_62/CHGCAR: ok (14.4 s)
[72/500] /data/sai/new_charge/6000_data_aug13/Co3W_194/CHGCAR: ok (9.4 s)
[73/500] /data/sai/new_charge/6000_data_aug13/CeSi_62/CHGCAR: ok (24.3 s)
[74/500] /data/sai/new_charge/6000_data_aug13/Co3Pt_194/CHGCAR: ok (13.4 s)
[75/500] /data/sai/new_charge/6000_data_aug13/Co3Mo_194/CHGCAR: ok (14.5 s)
[76/500] /data/sai/new_charge/6000_data_aug13/CoAsS_31/CHGCAR: ok (10.0 s)
[77/500] /data/sai/new_charge/6000_data_aug13/CoPt_123/CHGCAR: ok (2.9 s)
[78/500] /data/sai/new_charge/6000_data_aug13/CeSnPd_62/CHGCAR: ok (23.8 s)
[79/500] /data/sai/new_charge/6000_data_aug13/CoPt3_221/CHGCAR: ok (4.5 s)
[80/500] /data/sai/new_charge/6000_data_aug13/Co3(SnS)2_166/CHGCAR: ok (16.1 s)
[81/500] /data/sai/new_charge/6000_data_aug13/CoBW_62/CHGCAR: ok (14.2 s)
[82/500] /data/sai/new_charge/6000_data_aug13/CoGe_12/CHGCAR: ok (12.7 s)
[83/500] /data/sai/new_charge/6000_data_aug13/CoSb_194/CHGCAR: ok (6.6 s)
[84/500] /data/sai/new_charge/6000_data_aug13/CoMoP_62/CHGCAR: ok (12.1 s)
[85/500] /data/sai/new_charge/6000_data_aug13/CoO_216/CHGCAR: ok (12.4 s)
[86/500] /data/sai/new_charge/6000_data_aug13/CoP2_14/CHGCAR: ok (12.1 s)
[87/500] /data/sai/new_charge/6000_data_aug13/CoSi_198/CHGCAR: ok (6.2 s)
[88/500] /data/sai/new_charge/6000_data_aug13/CoMoP2_194/CHGCAR: ok (13.3 s)
[89/500] /data/sai/new_charge/6000_data_aug13/Co_194/CHGCAR: ok (1.7 s)
[90/500] /data/sai/new_charge/6000_data_aug13/CoRe3_194/CHGCAR: ok (12.5 s)
[91/500] /data/sai/new_charge/6000_data_aug13/CoSb2_58/CHGCAR: ok (11.6 s)
[92/500] /data/sai/new_charge/6000_data_aug13/CoSe2_58/CHGCAR: ok (10.4 s)
[93/500] /data/sai/new_charge/6000_data_aug13/CoS2_205/CHGCAR: ok (14.4 s)
[94/500] /data/sai/new_charge/6000_data_aug13/Ce3Te4_220/CHGCAR: ok (65.8 s)
[95/500] /data/sai/new_charge/6000_data_aug13/Co_225/CHGCAR: ok (6.2 s)
[96/500] /data/sai/new_charge/6000_data_aug13/CoSi2_225/CHGCAR: ok (14.3 s)
[97/500] /data/sai/new_charge/6000_data_aug13/CoAs2_14/CHGCAR: ok (26.3 s)
[98/500] /data/sai/new_charge/6000_data_aug13/Co3S4_227/CHGCAR: ok (29.2 s)
[99/500] /data/sai/new_charge/6000_data_aug13/CoSn_191/CHGCAR: ok (11.8 s)
[100/500] /data/sai/new_charge/6000_data_aug13/CoSb2_14/CHGCAR: ok (19.0 s)
[101/500] /data/sai/new_charge/6000_data_aug13/CoTc3_194/CHGCAR: ok (12.4 s)
[102/500] /data/sai/new_charge/6000_data_aug13/CoTe2_58/CHGCAR: ok (11.1 s)
[103/500] /data/sai/new_charge/6000_data_aug13/Cr2GaC_194/CHGCAR: ok (11.3 s)
[104/500] /data/sai/new_charge/6000_data_aug13/Co3Se4_227/CHGCAR: ok (35.2 s)
[105/500] /data/sai/new_charge/6000_data_aug13/CoSn2_140/CHGCAR: ok (23.0 s)
[106/500] /data/sai/new_charge/6000_data_aug13/CoP3_204/CHGCAR: ok (30.2 s)
[107/500] /data/sai/new_charge/6000_data_aug13/Cr3Os_223/CHGCAR: ok (10.8 s)
[108/500] /data/sai/new_charge/6000_data_aug13/CrB_141/CHGCAR: ok (7.8 s)
[109/500] /data/sai/new_charge/6000_data_aug13/Cr3Ir_223/CHGCAR: ok (14.4 s)
[110/500] /data/sai/new_charge/6000_data_aug13/CoAs3_204/CHGCAR: ok (38.6 s)
[111/500] /data/sai/new_charge/6000_data_aug13/Cr3Ru_223/CHGCAR: ok (13.8 s)
[112/500] /data/sai/new_charge/6000_data_aug13/Cr3Si_223/CHGCAR: ok (15.4 s)
[113/500] /data/sai/new_charge/6000_data_aug13/CrIr3_221/CHGCAR: ok (4.6 s)
[114/500] /data/sai/new_charge/6000_data_aug13/CrB4_58/CHGCAR: ok (13.2 s)
[115/500] /data/sai/new_charge/6000_data_aug13/Cr2CuS4_227/CHGCAR: ok (28.0 s)
[116/500] /data/sai/new_charge/6000_data_aug13/Cr3C2_62/CHGCAR: ok (23.7 s)
[117/500] /data/sai/new_charge/6000_data_aug13/CrPd3_221/CHGCAR: ok (5.4 s)
[118/500] /data/sai/new_charge/6000_data_aug13/CrPt3_221/CHGCAR: ok (5.6 s)
[119/500] /data/sai/new_charge/6000_data_aug13/CrRh3_221/CHGCAR: ok (6.3 s)
[120/500] /data/sai/new_charge/6000_data_aug13/CrS2_164/CHGCAR: ok (3.6 s)
[121/500] /data/sai/new_charge/6000_data_aug13/Cr3C2_63/CHGCAR: ok (27.1 s)
[122/500] /data/sai/new_charge/6000_data_aug13/CrFeP_62/CHGCAR: ok (16.2 s)
[123/500] /data/sai/new_charge/6000_data_aug13/CrP_62/CHGCAR: ok (12.9 s)
[124/500] /data/sai/new_charge/6000_data_aug13/CrSi2_139/CHGCAR: ok (5.0 s)
[125/500] /data/sai/new_charge/6000_data_aug13/CrSb_194/CHGCAR: ok (6.4 s)
[126/500] /data/sai/new_charge/6000_data_aug13/CrNiAs_189/CHGCAR: ok (17.3 s)
[127/500] /data/sai/new_charge/6000_data_aug13/CoSbS_61/CHGCAR: ok (45.6 s)
[128/500] /data/sai/new_charge/6000_data_aug13/CrSi2_180/CHGCAR: ok (9.2 s)
[129/500] /data/sai/new_charge/6000_data_aug13/CrSiRu2_225/CHGCAR: ok (8.4 s)
[130/500] /data/sai/new_charge/6000_data_aug13/CrP4_15/CHGCAR: ok (22.3 s)
[131/500] /data/sai/new_charge/6000_data_aug13/Cr2Se3_148/CHGCAR: ok (39.8 s)
[132/500] /data/sai/new_charge/6000_data_aug13/Cr_229/CHGCAR: ok (2.7 s)
[133/500] /data/sai/new_charge/6000_data_aug13/CrSnRh2_139/CHGCAR: ok (8.0 s)
[134/500] /data/sai/new_charge/6000_data_aug13/CrSb2_58/CHGCAR: ok (16.1 s)
[135/500] /data/sai/new_charge/6000_data_aug13/CrCl3_148/CHGCAR: ok (30.3 s)
[136/500] /data/sai/new_charge/6000_data_aug13/Cr2HgSe4_227/CHGCAR: ok (47.0 s)
[137/500] /data/sai/new_charge/6000_data_aug13/CrSi2_181/CHGCAR: ok (16.1 s)
[138/500] /data/sai/new_charge/6000_data_aug13/Cr5Si3_140/CHGCAR: ok (38.7 s)
[139/500] /data/sai/new_charge/6000_data_aug13/CrSi_198/CHGCAR: ok (15.0 s)
[140/500] /data/sai/new_charge/6000_data_aug13/CrAgSe2_160/CHGCAR: ok (40.9 s)
[141/500] /data/sai/new_charge/6000_data_aug13/Cr2O3_167/CHGCAR: ok (52.8 s)
[142/500] /data/sai/new_charge/6000_data_aug13/CrGeTe3_148/CHGCAR: ok (35.8 s)
[143/500] /data/sai/new_charge/6000_data_aug13/CrTe4Au_10/CHGCAR: ok (18.1 s)
[144/500] /data/sai/new_charge/6000_data_aug13/Cs(CoS)2_139/CHGCAR: ok (16.5 s)
[145/500] /data/sai/new_charge/6000_data_aug13/Cs(AsRu)2_139/CHGCAR: ok (18.8 s)
[146/500] /data/sai/new_charge/6000_data_aug13/Cr2Te3_163/CHGCAR: ok (61.2 s)
[147/500] /data/sai/new_charge/6000_data_aug13/Cs2CrCl4_139/CHGCAR: ok (22.9 s)
[148/500] /data/sai/new_charge/6000_data_aug13/Cs2CuF4_139/CHGCAR: ok (24.6 s)
[149/500] /data/sai/new_charge/6000_data_aug13/CoSb3_204/CHGCAR: ok (82.5 s)
[150/500] /data/sai/new_charge/6000_data_aug13/Cs2HfF6_164/CHGCAR: ok (20.6 s)
[151/500] /data/sai/new_charge/6000_data_aug13/Cs2AlTlH6_225/CHGCAR: ok (32.7 s)
[152/500] /data/sai/new_charge/6000_data_aug13/Cs2HgO2_139/CHGCAR: ok (22.0 s)
[153/500] /data/sai/new_charge/6000_data_aug13/Cs2CaF4_139/CHGCAR: ok (34.3 s)
[154/500] /data/sai/new_charge/6000_data_aug13/Cs2CaBr4_139/CHGCAR: ok (36.9 s)
[155/500] /data/sai/new_charge/6000_data_aug13/CrSbSe3_62/CHGCAR: ok (57.3 s)
[156/500] /data/sai/new_charge/6000_data_aug13/Cs2HgF4_139/CHGCAR: ok (34.6 s)
[157/500] /data/sai/new_charge/6000_data_aug13/Ce3(TaN3)2_139/CHGCAR: ok (154.6 s)
[158/500] /data/sai/new_charge/6000_data_aug13/Cs2CN2_2/CHGCAR: ok (49.4 s)
[159/500] /data/sai/new_charge/6000_data_aug13/CrSiTe3_148/CHGCAR: ok (59.0 s)
[160/500] /data/sai/new_charge/6000_data_aug13/Cs2AlInH6_225/CHGCAR: ok (53.4 s)
[161/500] /data/sai/new_charge/6000_data_aug13/Cs2KZrOF5_107/CHGCAR: ok (26.2 s)
[162/500] /data/sai/new_charge/6000_data_aug13/Cs2H6Pt_225/CHGCAR: ok (45.5 s)
[163/500] /data/sai/new_charge/6000_data_aug13/Cs2GeCl6_225/CHGCAR: ok (54.7 s)
[164/500] /data/sai/new_charge/6000_data_aug13/Cs2LiLuCl6_225/CHGCAR: ok (34.2 s)
[165/500] /data/sai/new_charge/6000_data_aug13/CrBr3_148/CHGCAR: ok (95.8 s)
[166/500] /data/sai/new_charge/6000_data_aug13/Cs2NbF6_164/CHGCAR: ok (19.1 s)
[167/500] /data/sai/new_charge/6000_data_aug13/Cs2LiGaF6_164/CHGCAR: ok (41.8 s)
[168/500] /data/sai/new_charge/6000_data_aug13/Cs2KCuF6_225/CHGCAR: ok (56.3 s)
[169/500] /data/sai/new_charge/6000_data_aug13/Cs2NpO4_139/CHGCAR: ok (25.6 s)
[170/500] /data/sai/new_charge/6000_data_aug13/CrTe2_164/CHGCAR: ok (86.4 s)
[171/500] /data/sai/new_charge/6000_data_aug13/Cs2KPbF6_225/CHGCAR: ok (59.8 s)
[172/500] /data/sai/new_charge/6000_data_aug13/Cr2Ir2C_166/CHGCAR: ok (126.6 s)
[173/500] /data/sai/new_charge/6000_data_aug13/Cs2Pd(IBr2)2_139/CHGCAR: ok (31.5 s)
[174/500] /data/sai/new_charge/6000_data_aug13/Cs2PtF6_164/CHGCAR: ok (19.5 s)
[175/500] /data/sai/new_charge/6000_data_aug13/Cs2CO3_14/CHGCAR: ok (90.7 s)
[176/500] /data/sai/new_charge/6000_data_aug13/Cs2PtC2_164/CHGCAR: ok (23.7 s)
[177/500] /data/sai/new_charge/6000_data_aug13/Cr5O12_60/CHGCAR: ok (127.9 s)
[178/500] /data/sai/new_charge/6000_data_aug13/Cs2NaErF6_225/CHGCAR: ok (53.2 s)
[179/500] /data/sai/new_charge/6000_data_aug13/Cs2NaAlH6_225/CHGCAR: ok (58.5 s)
[180/500] /data/sai/new_charge/6000_data_aug13/Cs2NaScF6_225/CHGCAR: ok (50.6 s)
[181/500] /data/sai/new_charge/6000_data_aug13/Cs2PtBr6_225/CHGCAR: ok (29.5 s)
[182/500] /data/sai/new_charge/6000_data_aug13/Cs2NaMgF6_225/CHGCAR: ok (57.3 s)
[183/500] /data/sai/new_charge/6000_data_aug13/Cs2NaYF6_225/CHGCAR: ok (51.6 s)
[184/500] /data/sai/new_charge/6000_data_aug13/Cs2LiYCl6_225/CHGCAR: ok (68.8 s)
[185/500] /data/sai/new_charge/6000_data_aug13/Cs2Se_225/CHGCAR: ok (15.4 s)
[186/500] /data/sai/new_charge/6000_data_aug13/Cs2Pd3S4_69/CHGCAR: ok (49.2 s)
[187/500] /data/sai/new_charge/6000_data_aug13/Cs2PbCl6_225/CHGCAR: ok (53.0 s)
[188/500] /data/sai/new_charge/6000_data_aug13/Cs2Pt_194/CHGCAR: ok (34.0 s)
[189/500] /data/sai/new_charge/6000_data_aug13/Cs2LiInBr6_225/CHGCAR: ok (78.0 s)
[190/500] /data/sai/new_charge/6000_data_aug13/Cs2Pd3Se4_69/CHGCAR: ok (52.0 s)
[191/500] /data/sai/new_charge/6000_data_aug13/Cs2SiF6_225/CHGCAR: ok (25.6 s)
[192/500] /data/sai/new_charge/6000_data_aug13/Cs2CaH4_139/CHGCAR: ok (111.8 s)
[193/500] /data/sai/new_charge/6000_data_aug13/Cs2ZrF6_164/CHGCAR: ok (18.1 s)
[194/500] /data/sai/new_charge/6000_data_aug13/Cs2Mn3S4_72/CHGCAR: ok (87.0 s)
[195/500] /data/sai/new_charge/6000_data_aug13/Cs2UO4_139/CHGCAR: ok (26.6 s)
[196/500] /data/sai/new_charge/6000_data_aug13/Cs2SnF6_164/CHGCAR: ok (36.2 s)
[197/500] /data/sai/new_charge/6000_data_aug13/Cs2RbInF6_225/CHGCAR: ok (49.7 s)
[198/500] /data/sai/new_charge/6000_data_aug13/CsAlO2_227/CHGCAR: ok (17.5 s)
[199/500] /data/sai/new_charge/6000_data_aug13/Cs2PtI6_225/CHGCAR: ok (63.7 s)
[200/500] /data/sai/new_charge/6000_data_aug13/CsAu_221/CHGCAR: ok (9.5 s)
[201/500] /data/sai/new_charge/6000_data_aug13/CsAgCl2_129/CHGCAR: ok (36.8 s)
[202/500] /data/sai/new_charge/6000_data_aug13/CsAu3Se2_164/CHGCAR: ok (30.6 s)
[203/500] /data/sai/new_charge/6000_data_aug13/CsBH4_216/CHGCAR: ok (15.5 s)
[204/500] /data/sai/new_charge/6000_data_aug13/CsBr_221/CHGCAR: ok (10.7 s)
[205/500] /data/sai/new_charge/6000_data_aug13/Cs2TiCl6_225/CHGCAR: ok (52.0 s)
[206/500] /data/sai/new_charge/6000_data_aug13/Cs2SiP2_72/CHGCAR: ok (59.8 s)
[207/500] /data/sai/new_charge/6000_data_aug13/Cs2TlInF6_225/CHGCAR: ok (51.9 s)
[208/500] /data/sai/new_charge/6000_data_aug13/Cs2ZrCl6_225/CHGCAR: ok (50.6 s)
[209/500] /data/sai/new_charge/6000_data_aug13/Cs2TlInBr6_225/CHGCAR: ok (54.7 s)
[210/500] /data/sai/new_charge/6000_data_aug13/CsCdF3_221/CHGCAR: ok (11.2 s)
[211/500] /data/sai/new_charge/6000_data_aug13/CsF_225/CHGCAR: ok (6.1 s)
[212/500] /data/sai/new_charge/6000_data_aug13/Cs2SnBr6_225/CHGCAR: ok (69.3 s)
[213/500] /data/sai/new_charge/6000_data_aug13/CsAuBr3_139/CHGCAR: ok (40.3 s)
[214/500] /data/sai/new_charge/6000_data_aug13/CsAuO2_63/CHGCAR: ok (35.5 s)
[215/500] /data/sai/new_charge/6000_data_aug13/CsCaF3_221/CHGCAR: ok (20.7 s)
[216/500] /data/sai/new_charge/6000_data_aug13/Cs3AuO_194/CHGCAR: ok (60.0 s)
[217/500] /data/sai/new_charge/6000_data_aug13/Cs2PuO4_139/CHGCAR: ok (91.9 s)
[218/500] /data/sai/new_charge/6000_data_aug13/CsAgO_139/CHGCAR: ok (60.6 s)
[219/500] /data/sai/new_charge/6000_data_aug13/CsH_225/CHGCAR: ok (8.4 s)
[220/500] /data/sai/new_charge/6000_data_aug13/CsCu3S2_164/CHGCAR: ok (26.4 s)
[221/500] /data/sai/new_charge/6000_data_aug13/CsHF2_140/CHGCAR: ok (17.1 s)
[222/500] /data/sai/new_charge/6000_data_aug13/CsGdO2_194/CHGCAR: ok (17.8 s)
[223/500] /data/sai/new_charge/6000_data_aug13/CsAuCl3_139/CHGCAR: ok (53.6 s)
[224/500] /data/sai/new_charge/6000_data_aug13/Cs2SnI6_225/CHGCAR: ok (85.1 s)
[225/500] /data/sai/new_charge/6000_data_aug13/Cs3BAs2_15/CHGCAR: ok (72.3 s)
[226/500] /data/sai/new_charge/6000_data_aug13/CsCuO2_63/CHGCAR: ok (30.6 s)
[227/500] /data/sai/new_charge/6000_data_aug13/CsCuO_63/CHGCAR: ok (31.0 s)
[228/500] /data/sai/new_charge/6000_data_aug13/Cs2TeI6_225/CHGCAR: ok (85.8 s)
[229/500] /data/sai/new_charge/6000_data_aug13/Cs2SO4_62/CHGCAR: ok (101.3 s)
[230/500] /data/sai/new_charge/6000_data_aug13/CsDyO2_194/CHGCAR: ok (37.2 s)
[231/500] /data/sai/new_charge/6000_data_aug13/Cs2RuO4_62/CHGCAR: ok (107.7 s)
[232/500] /data/sai/new_charge/6000_data_aug13/CsAuO_139/CHGCAR: ok (64.1 s)
[233/500] /data/sai/new_charge/6000_data_aug13/CsHoO2_194/CHGCAR: ok (30.1 s)
[234/500] /data/sai/new_charge/6000_data_aug13/CsCdBr3_194/CHGCAR: ok (51.2 s)
[235/500] /data/sai/new_charge/6000_data_aug13/CsMgBr3_194/CHGCAR: ok (28.6 s)
[236/500] /data/sai/new_charge/6000_data_aug13/CsK2Bi_225/CHGCAR: ok (33.5 s)
[237/500] /data/sai/new_charge/6000_data_aug13/CsNa2BO3_59/CHGCAR: ok (23.9 s)
[238/500] /data/sai/new_charge/6000_data_aug13/CsN3_140/CHGCAR: ok (24.3 s)
[239/500] /data/sai/new_charge/6000_data_aug13/CsK2Sb_225/CHGCAR: ok (34.2 s)
[240/500] /data/sai/new_charge/6000_data_aug13/CsNaS_129/CHGCAR: ok (24.0 s)
[241/500] /data/sai/new_charge/6000_data_aug13/CsCSN_62/CHGCAR: ok (68.5 s)
[242/500] /data/sai/new_charge/6000_data_aug13/CsNaTe_129/CHGCAR: ok (27.8 s)
[243/500] /data/sai/new_charge/6000_data_aug13/CsNdO2_194/CHGCAR: ok (30.3 s)
[244/500] /data/sai/new_charge/6000_data_aug13/CsSbF6_148/CHGCAR: ok (23.0 s)
[245/500] /data/sai/new_charge/6000_data_aug13/CsSmO2_194/CHGCAR: ok (29.3 s)
[246/500] /data/sai/new_charge/6000_data_aug13/CsSnI3_221/CHGCAR: ok (29.8 s)
[247/500] /data/sai/new_charge/6000_data_aug13/Cu2GeSe3_44/CHGCAR: ok (14.6 s)
[248/500] /data/sai/new_charge/6000_data_aug13/CsI_225/CHGCAR: ok (60.9 s)
[249/500] /data/sai/new_charge/6000_data_aug13/CsTiCl3_194/CHGCAR: ok (26.7 s)
[250/500] /data/sai/new_charge/6000_data_aug13/CsNiCl3_194/CHGCAR: ok (47.8 s)
[251/500] /data/sai/new_charge/6000_data_aug13/CsAgSe4_19/CHGCAR: ok (118.4 s)
[252/500] /data/sai/new_charge/6000_data_aug13/CsScO2_227/CHGCAR: ok (43.2 s)
[253/500] /data/sai/new_charge/6000_data_aug13/CsVI3_194/CHGCAR: ok (31.4 s)
[254/500] /data/sai/new_charge/6000_data_aug13/Cu2O_224/CHGCAR: ok (8.7 s)
[255/500] /data/sai/new_charge/6000_data_aug13/Cu2O3_43/CHGCAR: ok (13.1 s)
[256/500] /data/sai/new_charge/6000_data_aug13/Cu2GeS3_9/CHGCAR: ok (31.1 s)
[257/500] /data/sai/new_charge/6000_data_aug13/CsMgI3_194/CHGCAR: ok (65.1 s)
[258/500] /data/sai/new_charge/6000_data_aug13/Cu2Sb_129/CHGCAR: ok (9.6 s)
[259/500] /data/sai/new_charge/6000_data_aug13/Cu3Au_221/CHGCAR: ok (6.4 s)
[260/500] /data/sai/new_charge/6000_data_aug13/CsTaN2_122/CHGCAR: ok (44.1 s)
[261/500] /data/sai/new_charge/6000_data_aug13/CsNb2BiO7_26/CHGCAR: ok (62.8 s)
[262/500] /data/sai/new_charge/6000_data_aug13/Cu2HgGeS4_121/CHGCAR: ok (31.8 s)
[263/500] /data/sai/new_charge/6000_data_aug13/CsErS2_166/CHGCAR: ok (90.8 s)
[264/500] /data/sai/new_charge/6000_data_aug13/Cu3Pd_221/CHGCAR: ok (5.6 s)
[265/500] /data/sai/new_charge/6000_data_aug13/Cu3Pt_221/CHGCAR: ok (6.0 s)
[266/500] /data/sai/new_charge/6000_data_aug13/Cu2P2O7_15/CHGCAR: ok (19.3 s)
[267/500] /data/sai/new_charge/6000_data_aug13/CsTiBr3_194/CHGCAR: ok (46.9 s)
[268/500] /data/sai/new_charge/6000_data_aug13/CuAgO2_47/CHGCAR: ok (4.3 s)
[269/500] /data/sai/new_charge/6000_data_aug13/Cu3AsSe4_121/CHGCAR: ok (15.5 s)
[270/500] /data/sai/new_charge/6000_data_aug13/Cu2PbO2_15/CHGCAR: ok (21.5 s)
[271/500] /data/sai/new_charge/6000_data_aug13/CuAu_123/CHGCAR: ok (2.5 s)
[272/500] /data/sai/new_charge/6000_data_aug13/CuAuF5_2/CHGCAR: ok (5.4 s)
[273/500] /data/sai/new_charge/6000_data_aug13/CuAu3_221/CHGCAR: ok (6.4 s)
[274/500] /data/sai/new_charge/6000_data_aug13/Cu3Se2_113/CHGCAR: ok (17.2 s)
[275/500] /data/sai/new_charge/6000_data_aug13/Cu3Sn_194/CHGCAR: ok (16.0 s)
[276/500] /data/sai/new_charge/6000_data_aug13/Cu3SbS4_121/CHGCAR: ok (19.0 s)
[277/500] /data/sai/new_charge/6000_data_aug13/CsHSeO4_14/CHGCAR: ok (99.6 s)
[278/500] /data/sai/new_charge/6000_data_aug13/Cu(BiO2)2_130/CHGCAR: ok (57.4 s)
[279/500] /data/sai/new_charge/6000_data_aug13/Cu2HgGeSe4_121/CHGCAR: ok (39.5 s)
[280/500] /data/sai/new_charge/6000_data_aug13/CsVN2_227/CHGCAR: ok (59.9 s)
[281/500] /data/sai/new_charge/6000_data_aug13/Cu2HgI4_121/CHGCAR: ok (39.0 s)
[282/500] /data/sai/new_charge/6000_data_aug13/CuBiSeO_129/CHGCAR: ok (9.8 s)
[283/500] /data/sai/new_charge/6000_data_aug13/CuBr_216/CHGCAR: ok (5.1 s)
[284/500] /data/sai/new_charge/6000_data_aug13/CuPd_221/CHGCAR: ok (1.4 s)
[285/500] /data/sai/new_charge/6000_data_aug13/CuBIr_43/CHGCAR: ok (15.8 s)
[286/500] /data/sai/new_charge/6000_data_aug13/CuBS2_122/CHGCAR: ok (14.7 s)
[287/500] /data/sai/new_charge/6000_data_aug13/Cu3PS4_31/CHGCAR: ok (29.6 s)
[288/500] /data/sai/new_charge/6000_data_aug13/CuCl2_12/CHGCAR: ok (7.2 s)
[289/500] /data/sai/new_charge/6000_data_aug13/CuBr2_12/CHGCAR: ok (13.9 s)
[290/500] /data/sai/new_charge/6000_data_aug13/CuO_131/CHGCAR: ok (6.3 s)
[291/500] /data/sai/new_charge/6000_data_aug13/CuF2_14/CHGCAR: ok (7.5 s)
[292/500] /data/sai/new_charge/6000_data_aug13/CuAsS_62/CHGCAR: ok (21.7 s)
[293/500] /data/sai/new_charge/6000_data_aug13/CsLiSO4_14/CHGCAR: ok (99.1 s)
[294/500] /data/sai/new_charge/6000_data_aug13/Cu2Hg2SF6_2/CHGCAR: ok (58.4 s)
[295/500] /data/sai/new_charge/6000_data_aug13/CuPt_166/CHGCAR: ok (5.7 s)
[296/500] /data/sai/new_charge/6000_data_aug13/Cu2SnHgSe4_121/CHGCAR: ok (37.5 s)
[297/500] /data/sai/new_charge/6000_data_aug13/CuGeRh2_225/CHGCAR: ok (10.3 s)
[298/500] /data/sai/new_charge/6000_data_aug13/CuI_164/CHGCAR: ok (10.8 s)
[299/500] /data/sai/new_charge/6000_data_aug13/Cu3PSe4_31/CHGCAR: ok (33.6 s)
[300/500] /data/sai/new_charge/6000_data_aug13/CuPdO2_53/CHGCAR: ok (11.1 s)
[301/500] /data/sai/new_charge/6000_data_aug13/CuAuSe4_11/CHGCAR: ok (26.5 s)
[302/500] /data/sai/new_charge/6000_data_aug13/Cu_225/CHGCAR: ok (4.3 s)
[303/500] /data/sai/new_charge/6000_data_aug13/CsTi6O12_87/CHGCAR: ok (75.8 s)
[304/500] /data/sai/new_charge/6000_data_aug13/CuSe2_58/CHGCAR: ok (9.5 s)
[305/500] /data/sai/new_charge/6000_data_aug13/CuTe_59/CHGCAR: ok (8.3 s)
[306/500] /data/sai/new_charge/6000_data_aug13/CuTeO4_65/CHGCAR: ok (9.8 s)
[307/500] /data/sai/new_charge/6000_data_aug13/CuSn_194/CHGCAR: ok (11.1 s)
[308/500] /data/sai/new_charge/6000_data_aug13/CsPbBr3_62/CHGCAR: ok (96.5 s)
[309/500] /data/sai/new_charge/6000_data_aug13/Cu4Pd_84/CHGCAR: ok (36.4 s)
[310/500] /data/sai/new_charge/6000_data_aug13/CuRhO2_166/CHGCAR: ok (15.4 s)
[311/500] /data/sai/new_charge/6000_data_aug13/Dy(MnSi)2_139/CHGCAR: ok (7.0 s)
[312/500] /data/sai/new_charge/6000_data_aug13/Dy(PRu)2_139/CHGCAR: ok (6.7 s)
[313/500] /data/sai/new_charge/6000_data_aug13/CuP2_14/CHGCAR: ok (21.1 s)
[314/500] /data/sai/new_charge/6000_data_aug13/Dy(FeSi)2_139/CHGCAR: ok (9.6 s)
[315/500] /data/sai/new_charge/6000_data_aug13/Dy(AlSi)2_164/CHGCAR: ok (13.0 s)
[316/500] /data/sai/new_charge/6000_data_aug13/Dy(FeB)2_139/CHGCAR: ok (11.8 s)
[317/500] /data/sai/new_charge/6000_data_aug13/Dy(CuSi)2_139/CHGCAR: ok (13.7 s)
[318/500] /data/sai/new_charge/6000_data_aug13/Dy(MnGe)2_139/CHGCAR: ok (12.7 s)
[319/500] /data/sai/new_charge/6000_data_aug13/CsPbI3_62/CHGCAR: ok (103.0 s)
[320/500] /data/sai/new_charge/6000_data_aug13/CuS_63/CHGCAR: ok (20.6 s)
[321/500] /data/sai/new_charge/6000_data_aug13/Dy(SiRu)2_139/CHGCAR: ok (11.5 s)
[322/500] /data/sai/new_charge/6000_data_aug13/Dy(BC)2_127/CHGCAR: ok (18.7 s)
[323/500] /data/sai/new_charge/6000_data_aug13/Dy2MgIn_225/CHGCAR: ok (8.3 s)
[324/500] /data/sai/new_charge/6000_data_aug13/CuBiS2_62/CHGCAR: ok (38.5 s)
[325/500] /data/sai/new_charge/6000_data_aug13/Dy2B4C_71/CHGCAR: ok (14.1 s)
[326/500] /data/sai/new_charge/6000_data_aug13/Dy2SO2_164/CHGCAR: ok (9.7 s)
[327/500] /data/sai/new_charge/6000_data_aug13/DyAg2_139/CHGCAR: ok (8.0 s)
[328/500] /data/sai/new_charge/6000_data_aug13/DyAg_221/CHGCAR: ok (5.6 s)
[329/500] /data/sai/new_charge/6000_data_aug13/Dy2Cr2C3_12/CHGCAR: ok (15.1 s)
[330/500] /data/sai/new_charge/6000_data_aug13/Dy2MgGe2_127/CHGCAR: ok (13.8 s)
[331/500] /data/sai/new_charge/6000_data_aug13/DyAs_225/CHGCAR: ok (5.9 s)
[332/500] /data/sai/new_charge/6000_data_aug13/Dy2MgAl_225/CHGCAR: ok (17.9 s)
[333/500] /data/sai/new_charge/6000_data_aug13/CuSO4_62/CHGCAR: ok (31.3 s)
[334/500] /data/sai/new_charge/6000_data_aug13/Dy2TlAg_225/CHGCAR: ok (17.2 s)
[335/500] /data/sai/new_charge/6000_data_aug13/DyB2_191/CHGCAR: ok (5.7 s)
[336/500] /data/sai/new_charge/6000_data_aug13/Dy2TlCd_225/CHGCAR: ok (15.8 s)
[337/500] /data/sai/new_charge/6000_data_aug13/CuSbS2_62/CHGCAR: ok (34.1 s)
[338/500] /data/sai/new_charge/6000_data_aug13/CuSnRh2_225/CHGCAR: ok (34.3 s)
[339/500] /data/sai/new_charge/6000_data_aug13/DyAu_63/CHGCAR: ok (11.5 s)
[340/500] /data/sai/new_charge/6000_data_aug13/CuSe2Cl_14/CHGCAR: ok (37.4 s)
[341/500] /data/sai/new_charge/6000_data_aug13/DyB2Ir3_191/CHGCAR: ok (13.1 s)
[342/500] /data/sai/new_charge/6000_data_aug13/DyAgSb2_129/CHGCAR: ok (18.4 s)
[343/500] /data/sai/new_charge/6000_data_aug13/DyAgSn_186/CHGCAR: ok (18.8 s)
[344/500] /data/sai/new_charge/6000_data_aug13/DyBi2BrO4_123/CHGCAR: ok (12.7 s)
[345/500] /data/sai/new_charge/6000_data_aug13/DyB2Ru3_191/CHGCAR: ok (13.9 s)
[346/500] /data/sai/new_charge/6000_data_aug13/Dy2C_166/CHGCAR: ok (30.0 s)
[347/500] /data/sai/new_charge/6000_data_aug13/DyBiPt_216/CHGCAR: ok (11.2 s)
[348/500] /data/sai/new_charge/6000_data_aug13/DyBi_225/CHGCAR: ok (10.5 s)
[349/500] /data/sai/new_charge/6000_data_aug13/DyCu_221/CHGCAR: ok (5.2 s)
[350/500] /data/sai/new_charge/6000_data_aug13/DyAgGe_189/CHGCAR: ok (25.4 s)
[351/500] /data/sai/new_charge/6000_data_aug13/DyGa2_191/CHGCAR: ok (4.8 s)
[352/500] /data/sai/new_charge/6000_data_aug13/DyAl3_194/CHGCAR: ok (24.3 s)
[353/500] /data/sai/new_charge/6000_data_aug13/DyBi2ClO4_123/CHGCAR: ok (16.3 s)
[354/500] /data/sai/new_charge/6000_data_aug13/DyCoC_131/CHGCAR: ok (12.3 s)
[355/500] /data/sai/new_charge/6000_data_aug13/DyAl_57/CHGCAR: ok (25.2 s)
[356/500] /data/sai/new_charge/6000_data_aug13/DyH2_225/CHGCAR: ok (5.4 s)
[357/500] /data/sai/new_charge/6000_data_aug13/DyCo3B2_191/CHGCAR: ok (15.8 s)
[358/500] /data/sai/new_charge/6000_data_aug13/DyFeSi_129/CHGCAR: ok (10.9 s)
[359/500] /data/sai/new_charge/6000_data_aug13/DyMg_221/CHGCAR: ok (3.7 s)
[360/500] /data/sai/new_charge/6000_data_aug13/DyGa_63/CHGCAR: ok (10.7 s)
[361/500] /data/sai/new_charge/6000_data_aug13/DyGe_63/CHGCAR: ok (10.1 s)
[362/500] /data/sai/new_charge/6000_data_aug13/CuPt7_225/CHGCAR: ok (58.0 s)
[363/500] /data/sai/new_charge/6000_data_aug13/DyCoSi2_63/CHGCAR: ok (18.5 s)
[364/500] /data/sai/new_charge/6000_data_aug13/DyN_225/CHGCAR: ok (5.7 s)
[365/500] /data/sai/new_charge/6000_data_aug13/DyCuGe_186/CHGCAR: ok (17.0 s)
[366/500] /data/sai/new_charge/6000_data_aug13/DyGeAu_186/CHGCAR: ok (13.9 s)
[367/500] /data/sai/new_charge/6000_data_aug13/DyIr2_227/CHGCAR: ok (9.8 s)
[368/500] /data/sai/new_charge/6000_data_aug13/DyCl3_63/CHGCAR: ok (23.4 s)
[369/500] /data/sai/new_charge/6000_data_aug13/DyBiRh_189/CHGCAR: ok (26.1 s)
[370/500] /data/sai/new_charge/6000_data_aug13/DyS_225/CHGCAR: ok (2.6 s)
[371/500] /data/sai/new_charge/6000_data_aug13/DyNiBi_216/CHGCAR: ok (7.4 s)
[372/500] /data/sai/new_charge/6000_data_aug13/DyRh_221/CHGCAR: ok (6.2 s)
[373/500] /data/sai/new_charge/6000_data_aug13/DyFe2_227/CHGCAR: ok (22.7 s)
[374/500] /data/sai/new_charge/6000_data_aug13/DyNiSb_216/CHGCAR: ok (10.0 s)
[375/500] /data/sai/new_charge/6000_data_aug13/DyP_225/CHGCAR: ok (7.0 s)
[376/500] /data/sai/new_charge/6000_data_aug13/DySe_225/CHGCAR: ok (4.2 s)
[377/500] /data/sai/new_charge/6000_data_aug13/DyPPt_187/CHGCAR: ok (8.6 s)
[378/500] /data/sai/new_charge/6000_data_aug13/DyMg3_225/CHGCAR: ok (17.5 s)
[379/500] /data/sai/new_charge/6000_data_aug13/DyHoIn2_225/CHGCAR: ok (19.4 s)
[380/500] /data/sai/new_charge/6000_data_aug13/DyNi5_191/CHGCAR: ok (13.3 s)
[381/500] /data/sai/new_charge/6000_data_aug13/DyMgHg2_225/CHGCAR: ok (17.7 s)
[382/500] /data/sai/new_charge/6000_data_aug13/DyMgSn_139/CHGCAR: ok (17.0 s)
[383/500] /data/sai/new_charge/6000_data_aug13/DyAsO4_141/CHGCAR: ok (41.9 s)
[384/500] /data/sai/new_charge/6000_data_aug13/Dy2Se3_62/CHGCAR: ok (49.9 s)
[385/500] /data/sai/new_charge/6000_data_aug13/DyZn_221/CHGCAR: ok (3.9 s)
[386/500] /data/sai/new_charge/6000_data_aug13/DySb_225/CHGCAR: ok (9.1 s)
[387/500] /data/sai/new_charge/6000_data_aug13/DyTl_221/CHGCAR: ok (4.9 s)
[388/500] /data/sai/new_charge/6000_data_aug13/DyInPt_189/CHGCAR: ok (22.7 s)
[389/500] /data/sai/new_charge/6000_data_aug13/Dy2CdS4_227/CHGCAR: ok (56.3 s)
[390/500] /data/sai/new_charge/6000_data_aug13/DySi2Ni_63/CHGCAR: ok (10.7 s)
[391/500] /data/sai/new_charge/6000_data_aug13/DyTe_225/CHGCAR: ok (8.2 s)
[392/500] /data/sai/new_charge/6000_data_aug13/DySbPt_216/CHGCAR: ok (12.8 s)
[393/500] /data/sai/new_charge/6000_data_aug13/Dy_194/CHGCAR: ok (7.3 s)
[394/500] /data/sai/new_charge/6000_data_aug13/Er(FeGe)2_139/CHGCAR: ok (6.3 s)
[395/500] /data/sai/new_charge/6000_data_aug13/Er(CoSi)2_139/CHGCAR: ok (9.2 s)
[396/500] /data/sai/new_charge/6000_data_aug13/Er(CoB)2_139/CHGCAR: ok (11.1 s)
[397/500] /data/sai/new_charge/6000_data_aug13/Er(CoGe)2_139/CHGCAR: ok (10.9 s)
[398/500] /data/sai/new_charge/6000_data_aug13/DyBr3_194/CHGCAR: ok (41.7 s)
[399/500] /data/sai/new_charge/6000_data_aug13/Er(SiOs)2_139/CHGCAR: ok (6.0 s)
[400/500] /data/sai/new_charge/6000_data_aug13/Er(CuSi)2_139/CHGCAR: ok (11.8 s)
[401/500] /data/sai/new_charge/6000_data_aug13/DySI_59/CHGCAR: ok (20.8 s)
[402/500] /data/sai/new_charge/6000_data_aug13/Er(NiP)2_139/CHGCAR: ok (9.7 s)
[403/500] /data/sai/new_charge/6000_data_aug13/Er(FeB)2_139/CHGCAR: ok (10.9 s)
[404/500] /data/sai/new_charge/6000_data_aug13/Er(FeSi)2_139/CHGCAR: ok (10.7 s)
[405/500] /data/sai/new_charge/6000_data_aug13/DyNi3_166/CHGCAR: ok (27.9 s)
[406/500] /data/sai/new_charge/6000_data_aug13/Er(PRu)2_139/CHGCAR: ok (10.2 s)
[407/500] /data/sai/new_charge/6000_data_aug13/DyZrSb_139/CHGCAR: ok (15.2 s)
[408/500] /data/sai/new_charge/6000_data_aug13/DyYHg2_225/CHGCAR: ok (17.5 s)
[409/500] /data/sai/new_charge/6000_data_aug13/Er(SiNi)2_139/CHGCAR: ok (11.5 s)
[410/500] /data/sai/new_charge/6000_data_aug13/DyPO4_141/CHGCAR: ok (26.2 s)
[411/500] /data/sai/new_charge/6000_data_aug13/Er(SiRh)2_139/CHGCAR: ok (10.8 s)
[412/500] /data/sai/new_charge/6000_data_aug13/Er(SiRu)2_139/CHGCAR: ok (10.5 s)
[413/500] /data/sai/new_charge/6000_data_aug13/Er(SiPd)2_139/CHGCAR: ok (11.9 s)
[414/500] /data/sai/new_charge/6000_data_aug13/DyNiSn_62/CHGCAR: ok (30.7 s)
[415/500] /data/sai/new_charge/6000_data_aug13/Er2InAg_225/CHGCAR: ok (7.1 s)
[416/500] /data/sai/new_charge/6000_data_aug13/Er(VGa2)2_139/CHGCAR: ok (12.8 s)
[417/500] /data/sai/new_charge/6000_data_aug13/DySiIr_62/CHGCAR: ok (24.2 s)
[418/500] /data/sai/new_charge/6000_data_aug13/Dy2O3_206/CHGCAR: ok (71.0 s)
[419/500] /data/sai/new_charge/6000_data_aug13/ErAg_221/CHGCAR: ok (2.8 s)
[420/500] /data/sai/new_charge/6000_data_aug13/Er2B4C_71/CHGCAR: ok (13.1 s)
[421/500] /data/sai/new_charge/6000_data_aug13/ErAs_225/CHGCAR: ok (3.1 s)
[422/500] /data/sai/new_charge/6000_data_aug13/Er2(NiB2)3_65/CHGCAR: ok (17.7 s)
[423/500] /data/sai/new_charge/6000_data_aug13/Er2ZnRu_225/CHGCAR: ok (12.4 s)
[424/500] /data/sai/new_charge/6000_data_aug13/Er2CdIn_225/CHGCAR: ok (15.8 s)
[425/500] /data/sai/new_charge/6000_data_aug13/Er2Al3Si2_12/CHGCAR: ok (17.3 s)
[426/500] /data/sai/new_charge/6000_data_aug13/ErAu_63/CHGCAR: ok (5.7 s)
[427/500] /data/sai/new_charge/6000_data_aug13/ErAl2Ni_63/CHGCAR: ok (7.4 s)
[428/500] /data/sai/new_charge/6000_data_aug13/Er2TlCd_225/CHGCAR: ok (14.8 s)
[429/500] /data/sai/new_charge/6000_data_aug13/Er2MgIn_225/CHGCAR: ok (16.4 s)
[430/500] /data/sai/new_charge/6000_data_aug13/ErB2Ru3_191/CHGCAR: ok (5.3 s)
[431/500] /data/sai/new_charge/6000_data_aug13/ErB2_191/CHGCAR: ok (4.2 s)
[432/500] /data/sai/new_charge/6000_data_aug13/Er2In_194/CHGCAR: ok (17.7 s)
[433/500] /data/sai/new_charge/6000_data_aug13/Er3Al3NiGe2_189/CHGCAR: ok (17.7 s)
[434/500] /data/sai/new_charge/6000_data_aug13/Er2Si2O7_12/CHGCAR: ok (19.7 s)
[435/500] /data/sai/new_charge/6000_data_aug13/ErBiPt_216/CHGCAR: ok (5.3 s)
[436/500] /data/sai/new_charge/6000_data_aug13/ErB2Ir3_191/CHGCAR: ok (11.2 s)
[437/500] /data/sai/new_charge/6000_data_aug13/ErBi_225/CHGCAR: ok (6.4 s)
[438/500] /data/sai/new_charge/6000_data_aug13/Er2MgGe2_127/CHGCAR: ok (22.5 s)
[439/500] /data/sai/new_charge/6000_data_aug13/ErAgSn_186/CHGCAR: ok (18.7 s)
[440/500] /data/sai/new_charge/6000_data_aug13/ErAl2_227/CHGCAR: ok (17.6 s)
[441/500] /data/sai/new_charge/6000_data_aug13/ErCdCu4_216/CHGCAR: ok (8.8 s)
[442/500] /data/sai/new_charge/6000_data_aug13/ErBi2IO4_123/CHGCAR: ok (11.3 s)
[443/500] /data/sai/new_charge/6000_data_aug13/ErCoC2_38/CHGCAR: ok (6.5 s)
[444/500] /data/sai/new_charge/6000_data_aug13/ErCo3B2_191/CHGCAR: ok (6.8 s)
[445/500] /data/sai/new_charge/6000_data_aug13/Er2Pt_62/CHGCAR: ok (27.8 s)
[446/500] /data/sai/new_charge/6000_data_aug13/ErBi2ClO4_123/CHGCAR: ok (13.8 s)
[447/500] /data/sai/new_charge/6000_data_aug13/ErBi2BrO4_123/CHGCAR: ok (15.1 s)
[448/500] /data/sai/new_charge/6000_data_aug13/ErCu_221/CHGCAR: ok (3.7 s)
[449/500] /data/sai/new_charge/6000_data_aug13/Er6MnBi2_189/CHGCAR: ok (26.9 s)
[450/500] /data/sai/new_charge/6000_data_aug13/ErCdRh2_225/CHGCAR: ok (14.7 s)
[451/500] /data/sai/new_charge/6000_data_aug13/ErAgPb_189/CHGCAR: ok (27.3 s)
[452/500] /data/sai/new_charge/6000_data_aug13/ErCdPd2_225/CHGCAR: ok (16.4 s)
[453/500] /data/sai/new_charge/6000_data_aug13/ErGa5Co_123/CHGCAR: ok (5.6 s)
[454/500] /data/sai/new_charge/6000_data_aug13/ErGa2_191/CHGCAR: ok (8.0 s)
[455/500] /data/sai/new_charge/6000_data_aug13/ErClO_59/CHGCAR: ok (15.6 s)
[456/500] /data/sai/new_charge/6000_data_aug13/ErH2_225/CHGCAR: ok (7.9 s)
[457/500] /data/sai/new_charge/6000_data_aug13/ErIr_221/CHGCAR: ok (2.8 s)
[458/500] /data/sai/new_charge/6000_data_aug13/ErCd3_63/CHGCAR: ok (21.3 s)
[459/500] /data/sai/new_charge/6000_data_aug13/ErCu2_74/CHGCAR: ok (14.6 s)
[460/500] /data/sai/new_charge/6000_data_aug13/ErFe2_227/CHGCAR: ok (11.7 s)
[461/500] /data/sai/new_charge/6000_data_aug13/ErIn3_221/CHGCAR: ok (8.8 s)
[462/500] /data/sai/new_charge/6000_data_aug13/ErMg_221/CHGCAR: ok (2.4 s)
[463/500] /data/sai/new_charge/6000_data_aug13/Er3Ge4_63/CHGCAR: ok (35.0 s)
[464/500] /data/sai/new_charge/6000_data_aug13/ErCoSi2_63/CHGCAR: ok (17.2 s)
[465/500] /data/sai/new_charge/6000_data_aug13/ErCuSi_194/CHGCAR: ok (13.8 s)
[466/500] /data/sai/new_charge/6000_data_aug13/ErCuPb_186/CHGCAR: ok (17.8 s)
[467/500] /data/sai/new_charge/6000_data_aug13/ErGaRh2_225/CHGCAR: ok (14.7 s)
[468/500] /data/sai/new_charge/6000_data_aug13/ErN_225/CHGCAR: ok (6.2 s)
[469/500] /data/sai/new_charge/6000_data_aug13/ErInAg2_225/CHGCAR: ok (12.9 s)
[470/500] /data/sai/new_charge/6000_data_aug13/ErB4_127/CHGCAR: ok (31.9 s)
[471/500] /data/sai/new_charge/6000_data_aug13/ErNbRu2_225/CHGCAR: ok (7.1 s)
[472/500] /data/sai/new_charge/6000_data_aug13/ErNi2_227/CHGCAR: ok (6.4 s)
[473/500] /data/sai/new_charge/6000_data_aug13/ErNiSb_216/CHGCAR: ok (9.0 s)
[474/500] /data/sai/new_charge/6000_data_aug13/ErRh_221/CHGCAR: ok (3.0 s)
[475/500] /data/sai/new_charge/6000_data_aug13/ErMgHg2_225/CHGCAR: ok (13.6 s)
[476/500] /data/sai/new_charge/6000_data_aug13/ErPd3_221/CHGCAR: ok (8.0 s)
[477/500] /data/sai/new_charge/6000_data_aug13/ErPd_221/CHGCAR: ok (6.7 s)
[478/500] /data/sai/new_charge/6000_data_aug13/ErSF_129/CHGCAR: ok (6.0 s)
[479/500] /data/sai/new_charge/6000_data_aug13/ErCl3_194/CHGCAR: ok (31.6 s)
[480/500] /data/sai/new_charge/6000_data_aug13/ErNi2B2C_139/CHGCAR: ok (13.3 s)
[481/500] /data/sai/new_charge/6000_data_aug13/ErNi5_191/CHGCAR: ok (13.3 s)
[482/500] /data/sai/new_charge/6000_data_aug13/ErMgCd2_225/CHGCAR: ok (17.3 s)
[483/500] /data/sai/new_charge/6000_data_aug13/ErIr2_227/CHGCAR: ok (19.5 s)
[484/500] /data/sai/new_charge/6000_data_aug13/ErPt3_221/CHGCAR: ok (8.7 s)
[485/500] /data/sai/new_charge/6000_data_aug13/ErInCu_189/CHGCAR: ok (21.2 s)
[486/500] /data/sai/new_charge/6000_data_aug13/ErS_225/CHGCAR: ok (5.1 s)
[487/500] /data/sai/new_charge/6000_data_aug13/ErSbPd_216/CHGCAR: ok (4.9 s)
[488/500] /data/sai/new_charge/6000_data_aug13/ErInPd_189/CHGCAR: ok (21.3 s)
[489/500] /data/sai/new_charge/6000_data_aug13/Er(CuTe)3_58/CHGCAR: ok (69.1 s)
[490/500] /data/sai/new_charge/6000_data_aug13/Er5Ge3_193/CHGCAR: ok (50.9 s)
[491/500] /data/sai/new_charge/6000_data_aug13/ErSb_225/CHGCAR: ok (5.6 s)
[492/500] /data/sai/new_charge/6000_data_aug13/ErNi_62/CHGCAR: ok (15.6 s)
[493/500] /data/sai/new_charge/6000_data_aug13/ErSbPt_216/CHGCAR: ok (8.9 s)
[494/500] /data/sai/new_charge/6000_data_aug13/ErNi4B_191/CHGCAR: ok (18.9 s)
[495/500] /data/sai/new_charge/6000_data_aug13/ErNbO4_15/CHGCAR: ok (22.1 s)
[496/500] /data/sai/new_charge/6000_data_aug13/ErPO4_141/CHGCAR: ok (18.9 s)
[497/500] /data/sai/new_charge/6000_data_aug13/ErI3_194/CHGCAR: ok (32.3 s)
[498/500] /data/sai/new_charge/6000_data_aug13/Er2S3_11/CHGCAR: ok (67.0 s)
[499/500] /data/sai/new_charge/6000_data_aug13/ErMgSn_139/CHGCAR: ok (38.5 s)
[500/500] /data/sai/new_charge/6000_data_aug13/Er3Al5O12_230/CHGCAR: ok (108.4 s)
chunk 2: 500 rows, 0 errors, 25.1 min elapsed
[1/500] /data/sai/new_charge/6000_data_aug13/ErSe_225/CHGCAR: ok (5.8 s)
[2/500] /data/sai/new_charge/6000_data_aug13/Eu(SiNi)2_139/CHGCAR: ok (9.9 s)
[3/500] /data/sai/new_charge/6000_data_aug13/Eu(NiP)2_139/CHGCAR: ok (11.2 s)
[4/500] /data/sai/new_charge/6000_data_aug13/Eu(PPd)2_139/CHGCAR: ok (11.8 s)
[5/500] /data/sai/new_charge/6000_data_aug13/Eu(SiPd)2_139/CHGCAR: ok (11.6 s)
[6/500] /data/sai/new_charge/6000_data_aug13/Eu(MgSb)2_164/CHGCAR: ok (10.7 s)
[7/500] /data/sai/new_charge/6000_data_aug13/ErTaRu2_225/CHGCAR: ok (12.3 s)
[8/500] /data/sai/new_charge/6000_data_aug13/ErTiGe_129/CHGCAR: ok (11.9 s)
[9/500] /data/sai/new_charge/6000_data_aug13/ErZrSb_139/CHGCAR: ok (12.3 s)
[10/500] /data/sai/new_charge/6000_data_aug13/ErTl3_221/CHGCAR: ok (13.2 s)
[11/500] /data/sai/new_charge/6000_data_aug13/Eu(AlGe)2_164/CHGCAR: ok (13.5 s)
[12/500] /data/sai/new_charge/6000_data_aug13/ErSnRu2_225/CHGCAR: ok (13.6 s)
[13/500] /data/sai/new_charge/6000_data_aug13/ErTlTe2_166/CHGCAR: ok (14.1 s)
[14/500] /data/sai/new_charge/6000_data_aug13/Eu(ZnGe)2_129/CHGCAR: ok (14.2 s)
[15/500] /data/sai/new_charge/6000_data_aug13/Eu(CdP)2_164/CHGCAR: ok (15.7 s)
[16/500] /data/sai/new_charge/6000_data_aug13/ErZnGa_186/CHGCAR: ok (15.8 s)
[17/500] /data/sai/new_charge/6000_data_aug13/ErZn2_74/CHGCAR: ok (16.4 s)
[18/500] /data/sai/new_charge/6000_data_aug13/EuHg_221/CHGCAR: ok (2.6 s)
[19/500] /data/sai/new_charge/6000_data_aug13/EuCd_221/CHGCAR: ok (6.1 s)
[20/500] /data/sai/new_charge/6000_data_aug13/Eu(CdSb)2_164/CHGCAR: ok (18.3 s)
[21/500] /data/sai/new_charge/6000_data_aug13/Eu(MgBi)2_164/CHGCAR: ok (19.6 s)
[22/500] /data/sai/new_charge/6000_data_aug13/Eu2TiO4_139/CHGCAR: ok (13.6 s)
[23/500] /data/sai/new_charge/6000_data_aug13/ErTaO4_13/CHGCAR: ok (20.6 s)
[24/500] /data/sai/new_charge/6000_data_aug13/EuF2_225/CHGCAR: ok (8.1 s)
[25/500] /data/sai/new_charge/6000_data_aug13/EuH3Pd_221/CHGCAR: ok (7.8 s)
[26/500] /data/sai/new_charge/6000_data_aug13/EuClF_129/CHGCAR: ok (8.6 s)
[27/500] /data/sai/new_charge/6000_data_aug13/EuGa2_191/CHGCAR: ok (8.5 s)
[28/500] /data/sai/new_charge/6000_data_aug13/EuN_225/CHGCAR: ok (6.2 s)
[29/500] /data/sai/new_charge/6000_data_aug13/EuHfO3_221/CHGCAR: ok (8.2 s)
[30/500] /data/sai/new_charge/6000_data_aug13/EuCdHg2_225/CHGCAR: ok (10.6 s)
[31/500] /data/sai/new_charge/6000_data_aug13/EuZn_221/CHGCAR: ok (4.3 s)
[32/500] /data/sai/new_charge/6000_data_aug13/EuTe_225/CHGCAR: ok (5.4 s)
[33/500] /data/sai/new_charge/6000_data_aug13/EuAg5_191/CHGCAR: ok (14.8 s)
[34/500] /data/sai/new_charge/6000_data_aug13/EuAl3Cu2_191/CHGCAR: ok (13.6 s)
[35/500] /data/sai/new_charge/6000_data_aug13/Eu(PRh)2_139/CHGCAR: ok (24.2 s)
[36/500] /data/sai/new_charge/6000_data_aug13/ErSnPt2_194/CHGCAR: ok (24.2 s)
[37/500] /data/sai/new_charge/6000_data_aug13/Eu(CoSi)2_139/CHGCAR: ok (24.6 s)
[38/500] /data/sai/new_charge/6000_data_aug13/Fe2B_140/CHGCAR: ok (4.4 s)
[39/500] /data/sai/new_charge/6000_data_aug13/Fe2Si_164/CHGCAR: ok (3.6 s)
[40/500] /data/sai/new_charge/6000_data_aug13/EuAgSb_194/CHGCAR: ok (17.2 s)
[41/500] /data/sai/new_charge/6000_data_aug13/Fe2C_58/CHGCAR: ok (6.1 s)
[42/500] /data/sai/new_charge/6000_data_aug13/Fe3Co_123/CHGCAR: ok (5.2 s)
[43/500] /data/sai/new_charge/6000_data_aug13/Fe3RhN_221/CHGCAR: ok (4.1 s)
[44/500] /data/sai/new_charge/6000_data_aug13/EuAsAu_194/CHGCAR: ok (19.0 s)
[45/500] /data/sai/new_charge/6000_data_aug13/Fe3Pt_221/CHGCAR: ok (5.2 s)
[46/500] /data/sai/new_charge/6000_data_aug13/Fe3Ge_221/CHGCAR: ok (6.0 s)
[47/500] /data/sai/new_charge/6000_data_aug13/Fe3PtN_221/CHGCAR: ok (5.6 s)
[48/500] /data/sai/new_charge/6000_data_aug13/EuPd2_227/CHGCAR: ok (16.8 s)
[49/500] /data/sai/new_charge/6000_data_aug13/ErSi2Ni_63/CHGCAR: ok (33.1 s)
[50/500] /data/sai/new_charge/6000_data_aug13/EuZnGe_194/CHGCAR: ok (16.3 s)
[51/500] /data/sai/new_charge/6000_data_aug13/Fe3Sn_221/CHGCAR: ok (4.6 s)
[52/500] /data/sai/new_charge/6000_data_aug13/Fe3C_62/CHGCAR: ok (11.2 s)
[53/500] /data/sai/new_charge/6000_data_aug13/Fe3SnC_221/CHGCAR: ok (7.2 s)
[54/500] /data/sai/new_charge/6000_data_aug13/EuIr2_227/CHGCAR: ok (20.5 s)
[55/500] /data/sai/new_charge/6000_data_aug13/Fe(SiP)4_1/CHGCAR: ok (15.9 s)
[56/500] /data/sai/new_charge/6000_data_aug13/Fe2P_189/CHGCAR: ok (14.4 s)
[57/500] /data/sai/new_charge/6000_data_aug13/FeB_63/CHGCAR: ok (4.1 s)
[58/500] /data/sai/new_charge/6000_data_aug13/FeCo_221/CHGCAR: ok (3.1 s)
[59/500] /data/sai/new_charge/6000_data_aug13/Fe11Co5_123/CHGCAR: ok (19.4 s)
[60/500] /data/sai/new_charge/6000_data_aug13/FeBr2_164/CHGCAR: ok (4.8 s)
[61/500] /data/sai/new_charge/6000_data_aug13/FeCl2_164/CHGCAR: ok (4.8 s)
[62/500] /data/sai/new_charge/6000_data_aug13/Fe3Si_225/CHGCAR: ok (14.4 s)
[63/500] /data/sai/new_charge/6000_data_aug13/FeAs2_58/CHGCAR: ok (10.3 s)
[64/500] /data/sai/new_charge/6000_data_aug13/FeN_216/CHGCAR: ok (1.7 s)
[65/500] /data/sai/new_charge/6000_data_aug13/Fe15Co_221/CHGCAR: ok (20.9 s)
[66/500] /data/sai/new_charge/6000_data_aug13/Fe13Co3_123/CHGCAR: ok (21.3 s)
[67/500] /data/sai/new_charge/6000_data_aug13/FeH_225/CHGCAR: ok (3.7 s)
[68/500] /data/sai/new_charge/6000_data_aug13/Fe11Si5_221/CHGCAR: ok (22.7 s)
[69/500] /data/sai/new_charge/6000_data_aug13/FeCo2Ge_225/CHGCAR: ok (8.1 s)
[70/500] /data/sai/new_charge/6000_data_aug13/Fe3Sn_194/CHGCAR: ok (14.8 s)
[71/500] /data/sai/new_charge/6000_data_aug13/FeCuPt2_123/CHGCAR: ok (6.9 s)
[72/500] /data/sai/new_charge/6000_data_aug13/FeNi3_221/CHGCAR: ok (3.4 s)
[73/500] /data/sai/new_charge/6000_data_aug13/Fe2W_194/CHGCAR: ok (20.7 s)
[74/500] /data/sai/new_charge/6000_data_aug13/FeI2_164/CHGCAR: ok (4.8 s)
[75/500] /data/sai/new_charge/6000_data_aug13/FeNi_123/CHGCAR: ok (2.7 s)
[76/500] /data/sai/new_charge/6000_data_aug13/EuCl2_62/CHGCAR: ok (33.5 s)
[77/500] /data/sai/new_charge/6000_data_aug13/FePd_123/CHGCAR: ok (2.4 s)
[78/500] /data/sai/new_charge/6000_data_aug13/FeRh_221/CHGCAR: ok (1.6 s)
[79/500] /data/sai/new_charge/6000_data_aug13/FePt_123/CHGCAR: ok (2.5 s)
[80/500] /data/sai/new_charge/6000_data_aug13/FePd3_221/CHGCAR: ok (3.8 s)
[81/500] /data/sai/new_charge/6000_data_aug13/FeAs_62/CHGCAR: ok (13.2 s)
[82/500] /data/sai/new_charge/6000_data_aug13/FeNiPt2_123/CHGCAR: ok (5.9 s)
[83/500] /data/sai/new_charge/6000_data_aug13/FeGeRu2_225/CHGCAR: ok (9.6 s)
[84/500] /data/sai/new_charge/6000_data_aug13/FeS_129/CHGCAR: ok (3.2 s)
[85/500] /data/sai/new_charge/6000_data_aug13/FeGe_191/CHGCAR: ok (9.4 s)
[86/500] /data/sai/new_charge/6000_data_aug13/FePt3_221/CHGCAR: ok (4.9 s)
[87/500] /data/sai/new_charge/6000_data_aug13/FeP2_58/CHGCAR: ok (7.1 s)
[88/500] /data/sai/new_charge/6000_data_aug13/FeAsS_14/CHGCAR: ok (17.5 s)
[89/500] /data/sai/new_charge/6000_data_aug13/Fe2Re3_213/CHGCAR: ok (27.2 s)
[90/500] /data/sai/new_charge/6000_data_aug13/FeSi2_123/CHGCAR: ok (4.0 s)
[91/500] /data/sai/new_charge/6000_data_aug13/FeSb2_58/CHGCAR: ok (6.0 s)
[92/500] /data/sai/new_charge/6000_data_aug13/FeSb_194/CHGCAR: ok (4.6 s)
[93/500] /data/sai/new_charge/6000_data_aug13/FeSiTc2_225/CHGCAR: ok (3.0 s)
[94/500] /data/sai/new_charge/6000_data_aug13/FeS2_58/CHGCAR: ok (7.4 s)
[95/500] /data/sai/new_charge/6000_data_aug13/FeP_62/CHGCAR: ok (10.8 s)
[96/500] /data/sai/new_charge/6000_data_aug13/Fe_229/CHGCAR: ok (2.6 s)
[97/500] /data/sai/new_charge/6000_data_aug13/Ga2Cu_123/CHGCAR: ok (3.1 s)
[98/500] /data/sai/new_charge/6000_data_aug13/FeSiRu2_225/CHGCAR: ok (6.9 s)
[99/500] /data/sai/new_charge/6000_data_aug13/Ga2Au_225/CHGCAR: ok (4.2 s)
[100/500] /data/sai/new_charge/6000_data_aug13/FeCo2Si_225/CHGCAR: ok (20.1 s)
[101/500] /data/sai/new_charge/6000_data_aug13/FeSe2_58/CHGCAR: ok (9.0 s)
[102/500] /data/sai/new_charge/6000_data_aug13/FeSe_129/CHGCAR: ok (9.1 s)
[103/500] /data/sai/new_charge/6000_data_aug13/FeSi_198/CHGCAR: ok (7.7 s)
[104/500] /data/sai/new_charge/6000_data_aug13/Fe7C3_186/CHGCAR: ok (26.6 s)
[105/500] /data/sai/new_charge/6000_data_aug13/FeSnRh2_139/CHGCAR: ok (7.5 s)
[106/500] /data/sai/new_charge/6000_data_aug13/Ga2RuRh_225/CHGCAR: ok (4.7 s)
[107/500] /data/sai/new_charge/6000_data_aug13/Ga2IrRh_225/CHGCAR: ok (7.7 s)
[108/500] /data/sai/new_charge/6000_data_aug13/FeSn_191/CHGCAR: ok (12.2 s)
[109/500] /data/sai/new_charge/6000_data_aug13/Ga2Pt_225/CHGCAR: ok (6.8 s)
[110/500] /data/sai/new_charge/6000_data_aug13/FeTe2_58/CHGCAR: ok (12.3 s)
[111/500] /data/sai/new_charge/6000_data_aug13/Ga2HgS4_82/CHGCAR: ok (11.8 s)
[112/500] /data/sai/new_charge/6000_data_aug13/Fe5C2_15/CHGCAR: ok (34.4 s)
[113/500] /data/sai/new_charge/6000_data_aug13/Ga3Ni2_164/CHGCAR: ok (8.9 s)
[114/500] /data/sai/new_charge/6000_data_aug13/Fe3Sn2_166/CHGCAR: ok (39.5 s)
[115/500] /data/sai/new_charge/6000_data_aug13/GaAg2_189/CHGCAR: ok (10.2 s)
[116/500] /data/sai/new_charge/6000_data_aug13/FeSn2_140/CHGCAR: ok (22.2 s)
[117/500] /data/sai/new_charge/6000_data_aug13/FeSbS_14/CHGCAR: ok (25.5 s)
[118/500] /data/sai/new_charge/6000_data_aug13/Ga2HgSe4_82/CHGCAR: ok (18.9 s)
[119/500] /data/sai/new_charge/6000_data_aug13/Ga2O3_12/CHGCAR: ok (17.6 s)
[120/500] /data/sai/new_charge/6000_data_aug13/GaCo_221/CHGCAR: ok (2.8 s)
[121/500] /data/sai/new_charge/6000_data_aug13/GaBi_216/CHGCAR: ok (8.8 s)
[122/500] /data/sai/new_charge/6000_data_aug13/GaAs_216/CHGCAR: ok (10.9 s)
[123/500] /data/sai/new_charge/6000_data_aug13/GaCuPt2_123/CHGCAR: ok (2.6 s)
[124/500] /data/sai/new_charge/6000_data_aug13/GaAsPd5_123/CHGCAR: ok (11.6 s)
[125/500] /data/sai/new_charge/6000_data_aug13/GaFe3_221/CHGCAR: ok (2.4 s)
[126/500] /data/sai/new_charge/6000_data_aug13/FeP4_15/CHGCAR: ok (34.7 s)
[127/500] /data/sai/new_charge/6000_data_aug13/GaAgS2_122/CHGCAR: ok (17.2 s)
[128/500] /data/sai/new_charge/6000_data_aug13/Ga2HgTe4_82/CHGCAR: ok (27.0 s)
[129/500] /data/sai/new_charge/6000_data_aug13/GaGeRu2_225/CHGCAR: ok (3.6 s)
[130/500] /data/sai/new_charge/6000_data_aug13/GaFeCo2_225/CHGCAR: ok (7.3 s)
[131/500] /data/sai/new_charge/6000_data_aug13/GaIr_221/CHGCAR: ok (3.8 s)
[132/500] /data/sai/new_charge/6000_data_aug13/Ga2Te5_87/CHGCAR: ok (25.3 s)
[133/500] /data/sai/new_charge/6000_data_aug13/GaCuS2_122/CHGCAR: ok (10.0 s)
[134/500] /data/sai/new_charge/6000_data_aug13/Ga2Se3_9/CHGCAR: ok (26.9 s)
[135/500] /data/sai/new_charge/6000_data_aug13/GaCuO2_194/CHGCAR: ok (15.5 s)
[136/500] /data/sai/new_charge/6000_data_aug13/GaP_186/CHGCAR: ok (4.4 s)
[137/500] /data/sai/new_charge/6000_data_aug13/GaN_225/CHGCAR: ok (6.9 s)
[138/500] /data/sai/new_charge/6000_data_aug13/GaN_186/CHGCAR: ok (7.4 s)
[139/500] /data/sai/new_charge/6000_data_aug13/Ga2S3_9/CHGCAR: ok (33.1 s)
[140/500] /data/sai/new_charge/6000_data_aug13/Fe3Mo3N_227/CHGCAR: ok (66.7 s)
[141/500] /data/sai/new_charge/6000_data_aug13/GaCuTe2_122/CHGCAR: ok (16.7 s)
[142/500] /data/sai/new_charge/6000_data_aug13/GaAgTe2_122/CHGCAR: ok (29.4 s)
[143/500] /data/sai/new_charge/6000_data_aug13/GaAgSe2_122/CHGCAR: ok (30.1 s)
[144/500] /data/sai/new_charge/6000_data_aug13/GaRh_221/CHGCAR: ok (4.5 s)
[145/500] /data/sai/new_charge/6000_data_aug13/GaCuSe2_122/CHGCAR: ok (19.5 s)
[146/500] /data/sai/new_charge/6000_data_aug13/Ga2TeS2_109/CHGCAR: ok (35.2 s)
[147/500] /data/sai/new_charge/6000_data_aug13/GaNiRh2_225/CHGCAR: ok (11.5 s)
[148/500] /data/sai/new_charge/6000_data_aug13/GaPPd5_123/CHGCAR: ok (11.4 s)
[149/500] /data/sai/new_charge/6000_data_aug13/FeSb3_204/CHGCAR: ok (48.7 s)
[150/500] /data/sai/new_charge/6000_data_aug13/GaPd_198/CHGCAR: ok (6.7 s)
[151/500] /data/sai/new_charge/6000_data_aug13/GaPt_198/CHGCAR: ok (7.0 s)
[152/500] /data/sai/new_charge/6000_data_aug13/GaPPt5_123/CHGCAR: ok (12.4 s)
[153/500] /data/sai/new_charge/6000_data_aug13/GaCuCl4_112/CHGCAR: ok (25.0 s)
[154/500] /data/sai/new_charge/6000_data_aug13/Ga_139/CHGCAR: ok (4.1 s)
[155/500] /data/sai/new_charge/6000_data_aug13/GaSiRu2_225/CHGCAR: ok (5.1 s)
[156/500] /data/sai/new_charge/6000_data_aug13/GaP_216/CHGCAR: ok (15.4 s)
[157/500] /data/sai/new_charge/6000_data_aug13/Ga_63/CHGCAR: ok (5.9 s)
[158/500] /data/sai/new_charge/6000_data_aug13/GaCl3_12/CHGCAR: ok (32.0 s)
[159/500] /data/sai/new_charge/6000_data_aug13/GaCuI4_82/CHGCAR: ok (28.2 s)
[160/500] /data/sai/new_charge/6000_data_aug13/GdAs_225/CHGCAR: ok (3.4 s)
[161/500] /data/sai/new_charge/6000_data_aug13/Gd2SO2_164/CHGCAR: ok (9.3 s)
[162/500] /data/sai/new_charge/6000_data_aug13/Gd2TeO2_139/CHGCAR: ok (9.3 s)
[163/500] /data/sai/new_charge/6000_data_aug13/GdCd_221/CHGCAR: ok (5.3 s)
[164/500] /data/sai/new_charge/6000_data_aug13/GdC2_139/CHGCAR: ok (6.6 s)
[165/500] /data/sai/new_charge/6000_data_aug13/GaPd2_62/CHGCAR: ok (19.9 s)
[166/500] /data/sai/new_charge/6000_data_aug13/Ga_64/CHGCAR: ok (14.8 s)
[167/500] /data/sai/new_charge/6000_data_aug13/GdB6_221/CHGCAR: ok (10.4 s)
[168/500] /data/sai/new_charge/6000_data_aug13/Gd2MgIn_225/CHGCAR: ok (16.5 s)
[169/500] /data/sai/new_charge/6000_data_aug13/GaS_194/CHGCAR: ok (22.5 s)
[170/500] /data/sai/new_charge/6000_data_aug13/GdMg_221/CHGCAR: ok (4.9 s)
[171/500] /data/sai/new_charge/6000_data_aug13/Gd(SiRh)2_139/CHGCAR: ok (19.2 s)
[172/500] /data/sai/new_charge/6000_data_aug13/GdCl3_176/CHGCAR: ok (12.7 s)
[173/500] /data/sai/new_charge/6000_data_aug13/GdH2_225/CHGCAR: ok (7.9 s)
[174/500] /data/sai/new_charge/6000_data_aug13/GaSb_216/CHGCAR: ok (22.8 s)
[175/500] /data/sai/new_charge/6000_data_aug13/GdGa2_191/CHGCAR: ok (9.9 s)
[176/500] /data/sai/new_charge/6000_data_aug13/GdBi2BrO4_123/CHGCAR: ok (16.5 s)
[177/500] /data/sai/new_charge/6000_data_aug13/GdP_225/CHGCAR: ok (6.6 s)
[178/500] /data/sai/new_charge/6000_data_aug13/GdGe_63/CHGCAR: ok (10.2 s)
[179/500] /data/sai/new_charge/6000_data_aug13/FeSi2_64/CHGCAR: ok (69.4 s)
[180/500] /data/sai/new_charge/6000_data_aug13/GdS_225/CHGCAR: ok (6.9 s)
[181/500] /data/sai/new_charge/6000_data_aug13/GdClO_129/CHGCAR: ok (14.7 s)
[182/500] /data/sai/new_charge/6000_data_aug13/GdSe_225/CHGCAR: ok (6.6 s)
[183/500] /data/sai/new_charge/6000_data_aug13/GdSb_225/CHGCAR: ok (7.3 s)
[184/500] /data/sai/new_charge/6000_data_aug13/GdTl_221/CHGCAR: ok (5.8 s)
[185/500] /data/sai/new_charge/6000_data_aug13/GdSi2_141/CHGCAR: ok (7.9 s)
[186/500] /data/sai/new_charge/6000_data_aug13/GdSF_129/CHGCAR: ok (10.8 s)
[187/500] /data/sai/new_charge/6000_data_aug13/GdOF_166/CHGCAR: ok (13.1 s)
[188/500] /data/sai/new_charge/6000_data_aug13/GdAlPd_189/CHGCAR: ok (26.1 s)
[189/500] /data/sai/new_charge/6000_data_aug13/Ga_220/CHGCAR: ok (31.1 s)
[190/500] /data/sai/new_charge/6000_data_aug13/GaCl2_52/CHGCAR: ok (60.3 s)
[191/500] /data/sai/new_charge/6000_data_aug13/Gd2ReO5_85/CHGCAR: ok (30.6 s)
[192/500] /data/sai/new_charge/6000_data_aug13/GeO2_136/CHGCAR: ok (7.3 s)
[193/500] /data/sai/new_charge/6000_data_aug13/GeTe_160/CHGCAR: ok (3.0 s)
[194/500] /data/sai/new_charge/6000_data_aug13/GePd_62/CHGCAR: ok (9.4 s)
[195/500] /data/sai/new_charge/6000_data_aug13/Fe7W6_166/CHGCAR: ok (101.2 s)
[196/500] /data/sai/new_charge/6000_data_aug13/GaTe_12/CHGCAR: ok (37.6 s)
[197/500] /data/sai/new_charge/6000_data_aug13/GdTaO4_13/CHGCAR: ok (22.3 s)
[198/500] /data/sai/new_charge/6000_data_aug13/GePt_62/CHGCAR: ok (15.2 s)
[199/500] /data/sai/new_charge/6000_data_aug13/GeH3Cl_36/CHGCAR: ok (18.5 s)
[200/500] /data/sai/new_charge/6000_data_aug13/GeO2_152/CHGCAR: ok (17.8 s)
[201/500] /data/sai/new_charge/6000_data_aug13/GeRh2_62/CHGCAR: ok (17.6 s)
[202/500] /data/sai/new_charge/6000_data_aug13/GePd2_189/CHGCAR: ok (19.7 s)
[203/500] /data/sai/new_charge/6000_data_aug13/GeS_62/CHGCAR: ok (17.3 s)
[204/500] /data/sai/new_charge/6000_data_aug13/Ga2Te3_9/CHGCAR: ok (83.8 s)
[205/500] /data/sai/new_charge/6000_data_aug13/Ge_227/CHGCAR: ok (15.3 s)
[206/500] /data/sai/new_charge/6000_data_aug13/Ge2Te5As2_164/CHGCAR: ok (27.0 s)
[207/500] /data/sai/new_charge/6000_data_aug13/GeSe_225/CHGCAR: ok (19.1 s)
[208/500] /data/sai/new_charge/6000_data_aug13/H3ClO_160/CHGCAR: ok (7.7 s)
[209/500] /data/sai/new_charge/6000_data_aug13/GePdS3_12/CHGCAR: ok (22.7 s)
[210/500] /data/sai/new_charge/6000_data_aug13/He_229/CHGCAR: ok (2.3 s)
[211/500] /data/sai/new_charge/6000_data_aug13/GeSe_62/CHGCAR: ok (18.1 s)
[212/500] /data/sai/new_charge/6000_data_aug13/GeAs_12/CHGCAR: ok (27.7 s)
[213/500] /data/sai/new_charge/6000_data_aug13/H4C_217/CHGCAR: ok (8.4 s)
[214/500] /data/sai/new_charge/6000_data_aug13/H2O_36/CHGCAR: ok (16.2 s)
[215/500] /data/sai/new_charge/6000_data_aug13/Ge_96/CHGCAR: ok (18.6 s)
[216/500] /data/sai/new_charge/6000_data_aug13/H4NF_186/CHGCAR: ok (12.0 s)
[217/500] /data/sai/new_charge/6000_data_aug13/H2SO4_15/CHGCAR: ok (19.2 s)
[218/500] /data/sai/new_charge/6000_data_aug13/Hf2Ag_139/CHGCAR: ok (6.8 s)
[219/500] /data/sai/new_charge/6000_data_aug13/Hf(SiNi)2_139/CHGCAR: ok (8.3 s)
[220/500] /data/sai/new_charge/6000_data_aug13/Hf(CuP)2_164/CHGCAR: ok (10.2 s)
[221/500] /data/sai/new_charge/6000_data_aug13/H4IN_129/CHGCAR: ok (18.6 s)
[222/500] /data/sai/new_charge/6000_data_aug13/Hf(CoSi)2_139/CHGCAR: ok (15.0 s)
[223/500] /data/sai/new_charge/6000_data_aug13/Hf2Au_139/CHGCAR: ok (8.7 s)
[224/500] /data/sai/new_charge/6000_data_aug13/Hf(VGa2)2_139/CHGCAR: ok (18.0 s)
[225/500] /data/sai/new_charge/6000_data_aug13/Hf2GaSb3_115/CHGCAR: ok (5.3 s)
[226/500] /data/sai/new_charge/6000_data_aug13/Hf2CoTc_225/CHGCAR: ok (12.8 s)
[227/500] /data/sai/new_charge/6000_data_aug13/Hf2CuSb3_115/CHGCAR: ok (13.4 s)
[228/500] /data/sai/new_charge/6000_data_aug13/Hf2Cu_139/CHGCAR: ok (14.0 s)
[229/500] /data/sai/new_charge/6000_data_aug13/H5NF2_53/CHGCAR: ok (26.4 s)
[230/500] /data/sai/new_charge/6000_data_aug13/Ge3N4_159/CHGCAR: ok (50.8 s)
[231/500] /data/sai/new_charge/6000_data_aug13/Hf2FeIr_225/CHGCAR: ok (15.0 s)
[232/500] /data/sai/new_charge/6000_data_aug13/GaTeI7_7/CHGCAR: ok (74.4 s)
[233/500] /data/sai/new_charge/6000_data_aug13/Gd2O3_206/CHGCAR: ok (74.8 s)
[234/500] /data/sai/new_charge/6000_data_aug13/Hf2Hg_139/CHGCAR: ok (6.6 s)
[235/500] /data/sai/new_charge/6000_data_aug13/H2SeO4_19/CHGCAR: ok (38.5 s)
[236/500] /data/sai/new_charge/6000_data_aug13/Hf2FeOs_225/CHGCAR: ok (14.7 s)
[237/500] /data/sai/new_charge/6000_data_aug13/Hf2CS_194/CHGCAR: ok (21.7 s)
[238/500] /data/sai/new_charge/6000_data_aug13/Hf2Ge_140/CHGCAR: ok (10.2 s)
[239/500] /data/sai/new_charge/6000_data_aug13/HI3_2/CHGCAR: ok (33.5 s)
[240/500] /data/sai/new_charge/6000_data_aug13/GeAs2_55/CHGCAR: ok (56.5 s)
[241/500] /data/sai/new_charge/6000_data_aug13/Hf2Al_140/CHGCAR: ok (27.7 s)
[242/500] /data/sai/new_charge/6000_data_aug13/Hf(MnSn)6_191/CHGCAR: ok (31.3 s)
[243/500] /data/sai/new_charge/6000_data_aug13/HPbBrO_62/CHGCAR: ok (34.6 s)
[244/500] /data/sai/new_charge/6000_data_aug13/Hf2Ga_140/CHGCAR: ok (16.2 s)
[245/500] /data/sai/new_charge/6000_data_aug13/Hf(FeSi)2_57/CHGCAR: ok (35.7 s)
[246/500] /data/sai/new_charge/6000_data_aug13/Hf2MnIr_225/CHGCAR: ok (13.0 s)
[247/500] /data/sai/new_charge/6000_data_aug13/Hf2MnRh_225/CHGCAR: ok (13.6 s)
[248/500] /data/sai/new_charge/6000_data_aug13/Hf2MoIr_225/CHGCAR: ok (12.9 s)
[249/500] /data/sai/new_charge/6000_data_aug13/Hf2Ga3_43/CHGCAR: ok (23.1 s)
[250/500] /data/sai/new_charge/6000_data_aug13/Hf2Pd_139/CHGCAR: ok (10.4 s)
[251/500] /data/sai/new_charge/6000_data_aug13/Hf2OsRh_225/CHGCAR: ok (12.5 s)
[252/500] /data/sai/new_charge/6000_data_aug13/Hf2ReIr_225/CHGCAR: ok (12.4 s)
[253/500] /data/sai/new_charge/6000_data_aug13/Hf2ReRh_225/CHGCAR: ok (11.7 s)
[254/500] /data/sai/new_charge/6000_data_aug13/Hf2SeN2_164/CHGCAR: ok (9.7 s)
[255/500] /data/sai/new_charge/6000_data_aug13/Hf2NiP_11/CHGCAR: ok (16.7 s)
[256/500] /data/sai/new_charge/6000_data_aug13/Hf2Zn_139/CHGCAR: ok (5.8 s)
[257/500] /data/sai/new_charge/6000_data_aug13/Hf2SbP_194/CHGCAR: ok (12.0 s)
[258/500] /data/sai/new_charge/6000_data_aug13/Hf2S_194/CHGCAR: ok (15.6 s)
[259/500] /data/sai/new_charge/6000_data_aug13/Hf2TcRu_225/CHGCAR: ok (10.5 s)
[260/500] /data/sai/new_charge/6000_data_aug13/Hf2TcRh_225/CHGCAR: ok (12.8 s)
[261/500] /data/sai/new_charge/6000_data_aug13/Hf2TcOs_225/CHGCAR: ok (13.2 s)
[262/500] /data/sai/new_charge/6000_data_aug13/Hf2SnC_194/CHGCAR: ok (14.1 s)
[263/500] /data/sai/new_charge/6000_data_aug13/Hf2ZnRe_225/CHGCAR: ok (11.6 s)
[264/500] /data/sai/new_charge/6000_data_aug13/Hf3Te2_139/CHGCAR: ok (13.9 s)
[265/500] /data/sai/new_charge/6000_data_aug13/Hf2Si_140/CHGCAR: ok (24.5 s)
[266/500] /data/sai/new_charge/6000_data_aug13/Hf3(Cu2Ge)2_189/CHGCAR: ok (20.0 s)
[267/500] /data/sai/new_charge/6000_data_aug13/Hf3(SiCu2)2_189/CHGCAR: ok (20.8 s)
[268/500] /data/sai/new_charge/6000_data_aug13/Hf3Ge2_127/CHGCAR: ok (20.9 s)
[269/500] /data/sai/new_charge/6000_data_aug13/Hf3Tl_139/CHGCAR: ok (19.4 s)
[270/500] /data/sai/new_charge/6000_data_aug13/Hf3Si2_127/CHGCAR: ok (21.4 s)
[271/500] /data/sai/new_charge/6000_data_aug13/Hf4Al3_191/CHGCAR: ok (16.2 s)
[272/500] /data/sai/new_charge/6000_data_aug13/Hf2In5_127/CHGCAR: ok (41.8 s)
[273/500] /data/sai/new_charge/6000_data_aug13/Ge3(BiO3)4_220/CHGCAR: ok (91.2 s)
[274/500] /data/sai/new_charge/6000_data_aug13/HfAg_129/CHGCAR: ok (9.5 s)
[275/500] /data/sai/new_charge/6000_data_aug13/Hf3Rh5_55/CHGCAR: ok (29.0 s)
[276/500] /data/sai/new_charge/6000_data_aug13/HfAlNi2_225/CHGCAR: ok (7.7 s)
[277/500] /data/sai/new_charge/6000_data_aug13/Hf6NiSb2_189/CHGCAR: ok (19.0 s)
[278/500] /data/sai/new_charge/6000_data_aug13/HfAlRu2_225/CHGCAR: ok (10.6 s)
[279/500] /data/sai/new_charge/6000_data_aug13/Hf3(SiCu)4_71/CHGCAR: ok (44.1 s)
[280/500] /data/sai/new_charge/6000_data_aug13/Hf3Al2_136/CHGCAR: ok (43.6 s)
[281/500] /data/sai/new_charge/6000_data_aug13/Hf6CoBi2_189/CHGCAR: ok (29.0 s)
[282/500] /data/sai/new_charge/6000_data_aug13/HfB2_191/CHGCAR: ok (6.5 s)
[283/500] /data/sai/new_charge/6000_data_aug13/HfBe2_191/CHGCAR: ok (6.2 s)
[284/500] /data/sai/new_charge/6000_data_aug13/Hf3Sb_82/CHGCAR: ok (47.4 s)
[285/500] /data/sai/new_charge/6000_data_aug13/Hf3ZnN_63/CHGCAR: ok (43.6 s)
[286/500] /data/sai/new_charge/6000_data_aug13/Hf5Al3_193/CHGCAR: ok (42.7 s)
[287/500] /data/sai/new_charge/6000_data_aug13/Hf5Si3_193/CHGCAR: ok (42.0 s)
[288/500] /data/sai/new_charge/6000_data_aug13/HfAl2_194/CHGCAR: ok (30.1 s)
[289/500] /data/sai/new_charge/6000_data_aug13/HfBRh3_221/CHGCAR: ok (10.2 s)
[290/500] /data/sai/new_charge/6000_data_aug13/HfAl_63/CHGCAR: ok (18.9 s)
[291/500] /data/sai/new_charge/6000_data_aug13/Hf2Al3_43/CHGCAR: ok (93.9 s)
[292/500] /data/sai/new_charge/6000_data_aug13/HfBeRh2_225/CHGCAR: ok (10.2 s)
[293/500] /data/sai/new_charge/6000_data_aug13/HfAl3_139/CHGCAR: ok (35.0 s)
[294/500] /data/sai/new_charge/6000_data_aug13/Hf5CuSn3_193/CHGCAR: ok (51.3 s)
[295/500] /data/sai/new_charge/6000_data_aug13/HfBe5_191/CHGCAR: ok (13.3 s)
[296/500] /data/sai/new_charge/6000_data_aug13/HfBeSi_194/CHGCAR: ok (12.3 s)
[297/500] /data/sai/new_charge/6000_data_aug13/HfAs_194/CHGCAR: ok (23.6 s)
[298/500] /data/sai/new_charge/6000_data_aug13/Hf5Sn3_193/CHGCAR: ok (52.3 s)
[299/500] /data/sai/new_charge/6000_data_aug13/HfCo_221/CHGCAR: ok (4.5 s)
[300/500] /data/sai/new_charge/6000_data_aug13/HfAlCu2_225/CHGCAR: ok (39.3 s)
[301/500] /data/sai/new_charge/6000_data_aug13/Hf3Zn3N_227/CHGCAR: ok (60.8 s)
[302/500] /data/sai/new_charge/6000_data_aug13/HfCdRh2_225/CHGCAR: ok (15.2 s)
[303/500] /data/sai/new_charge/6000_data_aug13/HfBrN_59/CHGCAR: ok (16.9 s)
[304/500] /data/sai/new_charge/6000_data_aug13/HfAlPd2_225/CHGCAR: ok (39.3 s)
[305/500] /data/sai/new_charge/6000_data_aug13/HfAlCo2_225/CHGCAR: ok (44.8 s)
[306/500] /data/sai/new_charge/6000_data_aug13/HfGa3_139/CHGCAR: ok (9.2 s)
[307/500] /data/sai/new_charge/6000_data_aug13/HfC_225/CHGCAR: ok (22.0 s)
[308/500] /data/sai/new_charge/6000_data_aug13/HfGaCo2_225/CHGCAR: ok (12.1 s)
[309/500] /data/sai/new_charge/6000_data_aug13/HfGaCu_194/CHGCAR: ok (11.9 s)
[310/500] /data/sai/new_charge/6000_data_aug13/Hf2P_58/CHGCAR: ok (87.2 s)
[311/500] /data/sai/new_charge/6000_data_aug13/HfGa5Co_123/CHGCAR: ok (14.2 s)
[312/500] /data/sai/new_charge/6000_data_aug13/Hf5Sn4_193/CHGCAR: ok (59.1 s)
[313/500] /data/sai/new_charge/6000_data_aug13/HfGaRu2_225/CHGCAR: ok (11.7 s)
[314/500] /data/sai/new_charge/6000_data_aug13/HfCoAs_62/CHGCAR: ok (24.5 s)
[315/500] /data/sai/new_charge/6000_data_aug13/HfAlPt_190/CHGCAR: ok (49.4 s)
[316/500] /data/sai/new_charge/6000_data_aug13/HfGaAu_187/CHGCAR: ok (16.4 s)
[317/500] /data/sai/new_charge/6000_data_aug13/HfGe2_63/CHGCAR: ok (13.4 s)
[318/500] /data/sai/new_charge/6000_data_aug13/HfH2_139/CHGCAR: ok (5.4 s)
[319/500] /data/sai/new_charge/6000_data_aug13/HfGeS_129/CHGCAR: ok (13.2 s)
[320/500] /data/sai/new_charge/6000_data_aug13/HfGeSe_129/CHGCAR: ok (13.3 s)
[321/500] /data/sai/new_charge/6000_data_aug13/HfIr3_221/CHGCAR: ok (8.1 s)
[322/500] /data/sai/new_charge/6000_data_aug13/HfInCo2_225/CHGCAR: ok (10.5 s)
[323/500] /data/sai/new_charge/6000_data_aug13/HfGeTe_129/CHGCAR: ok (16.2 s)
[324/500] /data/sai/new_charge/6000_data_aug13/HfCr2_194/CHGCAR: ok (30.5 s)
[325/500] /data/sai/new_charge/6000_data_aug13/HfMnRh2_225/CHGCAR: ok (8.6 s)
[326/500] /data/sai/new_charge/6000_data_aug13/HfInCu2_225/CHGCAR: ok (14.2 s)
[327/500] /data/sai/new_charge/6000_data_aug13/HfInPd2_225/CHGCAR: ok (14.3 s)
[328/500] /data/sai/new_charge/6000_data_aug13/HfMgPd2_225/CHGCAR: ok (11.9 s)
[329/500] /data/sai/new_charge/6000_data_aug13/HfCo2Sn_225/CHGCAR: ok (41.9 s)
[330/500] /data/sai/new_charge/6000_data_aug13/HfGePt_62/CHGCAR: ok (26.6 s)
[331/500] /data/sai/new_charge/6000_data_aug13/HfMgIr2_225/CHGCAR: ok (13.6 s)
[332/500] /data/sai/new_charge/6000_data_aug13/HfMgAu2_225/CHGCAR: ok (14.5 s)
[333/500] /data/sai/new_charge/6000_data_aug13/HfN_225/CHGCAR: ok (4.3 s)
[334/500] /data/sai/new_charge/6000_data_aug13/HfCu2Te3_12/CHGCAR: ok (35.5 s)
[335/500] /data/sai/new_charge/6000_data_aug13/HfMgRh2_225/CHGCAR: ok (16.3 s)
[336/500] /data/sai/new_charge/6000_data_aug13/HfCo2_227/CHGCAR: ok (45.6 s)
[337/500] /data/sai/new_charge/6000_data_aug13/HfCoSn_190/CHGCAR: ok (44.5 s)
[338/500] /data/sai/new_charge/6000_data_aug13/HfOs_221/CHGCAR: ok (4.5 s)
[339/500] /data/sai/new_charge/6000_data_aug13/HfNiSn_216/CHGCAR: ok (7.8 s)
[340/500] /data/sai/new_charge/6000_data_aug13/GaGeTe_166/CHGCAR: ok (204.3 s)
[341/500] /data/sai/new_charge/6000_data_aug13/HfPt_221/CHGCAR: ok (3.1 s)
[342/500] /data/sai/new_charge/6000_data_aug13/HfNbTc2_225/CHGCAR: ok (14.9 s)
[343/500] /data/sai/new_charge/6000_data_aug13/HfNbB4_71/CHGCAR: ok (15.6 s)
[344/500] /data/sai/new_charge/6000_data_aug13/HfMn2_194/CHGCAR: ok (26.5 s)
[345/500] /data/sai/new_charge/6000_data_aug13/HfMnSi_62/CHGCAR: ok (23.4 s)
[346/500] /data/sai/new_charge/6000_data_aug13/HfRh3_221/CHGCAR: ok (9.3 s)
[347/500] /data/sai/new_charge/6000_data_aug13/HfMoP_189/CHGCAR: ok (21.6 s)
[348/500] /data/sai/new_charge/6000_data_aug13/HfPd5_65/CHGCAR: ok (13.7 s)
[349/500] /data/sai/new_charge/6000_data_aug13/HfRu_221/CHGCAR: ok (4.0 s)
[350/500] /data/sai/new_charge/6000_data_aug13/HfI3_193/CHGCAR: ok (34.9 s)
[351/500] /data/sai/new_charge/6000_data_aug13/HfCr2_227/CHGCAR: ok (52.9 s)
[352/500] /data/sai/new_charge/6000_data_aug13/HfPt_63/CHGCAR: ok (11.5 s)
[353/500] /data/sai/new_charge/6000_data_aug13/HfPaTc2_225/CHGCAR: ok (16.6 s)
[354/500] /data/sai/new_charge/6000_data_aug13/HfFe2_227/CHGCAR: ok (52.1 s)
[355/500] /data/sai/new_charge/6000_data_aug13/HfGeTe4_36/CHGCAR: ok (41.5 s)
[356/500] /data/sai/new_charge/6000_data_aug13/HfPRu_189/CHGCAR: ok (18.9 s)
[357/500] /data/sai/new_charge/6000_data_aug13/HfP_194/CHGCAR: ok (18.3 s)
[358/500] /data/sai/new_charge/6000_data_aug13/HfO2_14/CHGCAR: ok (22.2 s)
[359/500] /data/sai/new_charge/6000_data_aug13/HfS2_164/CHGCAR: ok (8.5 s)
[360/500] /data/sai/new_charge/6000_data_aug13/HfSe2_164/CHGCAR: ok (7.1 s)
[361/500] /data/sai/new_charge/6000_data_aug13/HfScCo2_225/CHGCAR: ok (8.7 s)
[362/500] /data/sai/new_charge/6000_data_aug13/HfOs2_194/CHGCAR: ok (30.7 s)
[363/500] /data/sai/new_charge/6000_data_aug13/HfScRu2_225/CHGCAR: ok (12.8 s)
[364/500] /data/sai/new_charge/6000_data_aug13/HfScOs2_225/CHGCAR: ok (13.1 s)
[365/500] /data/sai/new_charge/6000_data_aug13/HfSiRu2_225/CHGCAR: ok (10.5 s)
[366/500] /data/sai/new_charge/6000_data_aug13/HfSi2Cu_129/CHGCAR: ok (14.4 s)
[367/500] /data/sai/new_charge/6000_data_aug13/HfSiS_129/CHGCAR: ok (11.6 s)
[368/500] /data/sai/new_charge/6000_data_aug13/HfRe2_194/CHGCAR: ok (26.8 s)
[369/500] /data/sai/new_charge/6000_data_aug13/HfS3_11/CHGCAR: ok (20.6 s)
[370/500] /data/sai/new_charge/6000_data_aug13/HfSiSe_129/CHGCAR: ok (13.6 s)
[371/500] /data/sai/new_charge/6000_data_aug13/HfPt3_194/CHGCAR: ok (34.9 s)
[372/500] /data/sai/new_charge/6000_data_aug13/HfSiRh_62/CHGCAR: ok (19.0 s)
[373/500] /data/sai/new_charge/6000_data_aug13/HfSiPt_62/CHGCAR: ok (20.1 s)
[374/500] /data/sai/new_charge/6000_data_aug13/HfPd3_194/CHGCAR: ok (36.9 s)
[375/500] /data/sai/new_charge/6000_data_aug13/HfSiCu_62/CHGCAR: ok (22.3 s)
[376/500] /data/sai/new_charge/6000_data_aug13/HfSiTe_129/CHGCAR: ok (16.3 s)
[377/500] /data/sai/new_charge/6000_data_aug13/HfSiPd_62/CHGCAR: ok (22.6 s)
[378/500] /data/sai/new_charge/6000_data_aug13/HfTc_221/CHGCAR: ok (4.2 s)
[379/500] /data/sai/new_charge/6000_data_aug13/HfTaB4_191/CHGCAR: ok (10.7 s)
[380/500] /data/sai/new_charge/6000_data_aug13/HfSiMo_62/CHGCAR: ok (26.2 s)
[381/500] /data/sai/new_charge/6000_data_aug13/HfSi2_63/CHGCAR: ok (26.8 s)
[382/500] /data/sai/new_charge/6000_data_aug13/HfSnRu2_225/CHGCAR: ok (14.2 s)
[383/500] /data/sai/new_charge/6000_data_aug13/HfSi_62/CHGCAR: ok (15.8 s)
[384/500] /data/sai/new_charge/6000_data_aug13/HfMo2_227/CHGCAR: ok (53.2 s)
[385/500] /data/sai/new_charge/6000_data_aug13/HfTe2_164/CHGCAR: ok (7.8 s)
[386/500] /data/sai/new_charge/6000_data_aug13/HfTaTc2_225/CHGCAR: ok (13.6 s)
[387/500] /data/sai/new_charge/6000_data_aug13/HfTc2Sb_225/CHGCAR: ok (14.2 s)
[388/500] /data/sai/new_charge/6000_data_aug13/HfTaRe2_225/CHGCAR: ok (16.7 s)
[389/500] /data/sai/new_charge/6000_data_aug13/Hf_194/CHGCAR: ok (4.9 s)
[390/500] /data/sai/new_charge/6000_data_aug13/HfZnN2_156/CHGCAR: ok (6.8 s)
[391/500] /data/sai/new_charge/6000_data_aug13/HfZnCu2_225/CHGCAR: ok (9.8 s)
[392/500] /data/sai/new_charge/6000_data_aug13/HfVGe_129/CHGCAR: ok (12.7 s)
[393/500] /data/sai/new_charge/6000_data_aug13/Hg2Pt_123/CHGCAR: ok (6.6 s)
[394/500] /data/sai/new_charge/6000_data_aug13/HfZnIr2_225/CHGCAR: ok (9.9 s)
[395/500] /data/sai/new_charge/6000_data_aug13/Hg2Rh_123/CHGCAR: ok (6.0 s)
[396/500] /data/sai/new_charge/6000_data_aug13/HfSbRu_216/CHGCAR: ok (39.3 s)
[397/500] /data/sai/new_charge/6000_data_aug13/HfTc2W_225/CHGCAR: ok (15.8 s)
[398/500] /data/sai/new_charge/6000_data_aug13/HfZnNi2_225/CHGCAR: ok (11.3 s)
[399/500] /data/sai/new_charge/6000_data_aug13/HfZn3_194/CHGCAR: ok (14.5 s)
[400/500] /data/sai/new_charge/6000_data_aug13/HfZnAu2_225/CHGCAR: ok (14.8 s)
[401/500] /data/sai/new_charge/6000_data_aug13/HgF2_225/CHGCAR: ok (4.9 s)
[402/500] /data/sai/new_charge/6000_data_aug13/HgPd_123/CHGCAR: ok (3.3 s)
[403/500] /data/sai/new_charge/6000_data_aug13/HfZrTc2_225/CHGCAR: ok (14.1 s)
[404/500] /data/sai/new_charge/6000_data_aug13/HgF_139/CHGCAR: ok (8.2 s)
[405/500] /data/sai/new_charge/6000_data_aug13/HgCl_139/CHGCAR: ok (10.5 s)
[406/500] /data/sai/new_charge/6000_data_aug13/Hg_229/CHGCAR: ok (5.3 s)
[407/500] /data/sai/new_charge/6000_data_aug13/Hg(SbO3)2_162/CHGCAR: ok (16.3 s)
[408/500] /data/sai/new_charge/6000_data_aug13/HgBr_139/CHGCAR: ok (12.5 s)
[409/500] /data/sai/new_charge/6000_data_aug13/HgS_216/CHGCAR: ok (6.6 s)
[410/500] /data/sai/new_charge/6000_data_aug13/HgPPd5_123/CHGCAR: ok (9.7 s)
[411/500] /data/sai/new_charge/6000_data_aug13/HfSnPd_216/CHGCAR: ok (33.7 s)
[412/500] /data/sai/new_charge/6000_data_aug13/HgTe_216/CHGCAR: ok (8.7 s)
[413/500] /data/sai/new_charge/6000_data_aug13/HgO_62/CHGCAR: ok (12.0 s)
[414/500] /data/sai/new_charge/6000_data_aug13/Ho(CoSi)2_139/CHGCAR: ok (9.4 s)
[415/500] /data/sai/new_charge/6000_data_aug13/Ho(CoB)2_139/CHGCAR: ok (10.4 s)
[416/500] /data/sai/new_charge/6000_data_aug13/HgI_139/CHGCAR: ok (15.6 s)
[417/500] /data/sai/new_charge/6000_data_aug13/Ho(CuSi)2_139/CHGCAR: ok (10.3 s)
[418/500] /data/sai/new_charge/6000_data_aug13/Ho(FeB)2_139/CHGCAR: ok (11.7 s)
[419/500] /data/sai/new_charge/6000_data_aug13/Ho(NiGe)2_139/CHGCAR: ok (10.9 s)
[420/500] /data/sai/new_charge/6000_data_aug13/Ho(SiOs)2_139/CHGCAR: ok (10.3 s)
[421/500] /data/sai/new_charge/6000_data_aug13/Ho(NiP)2_139/CHGCAR: ok (11.5 s)
[422/500] /data/sai/new_charge/6000_data_aug13/Ho(SiRh)2_139/CHGCAR: ok (12.1 s)
[423/500] /data/sai/new_charge/6000_data_aug13/Ho(SiRu)2_139/CHGCAR: ok (11.8 s)
[424/500] /data/sai/new_charge/6000_data_aug13/HgI2_137/CHGCAR: ok (23.1 s)
[425/500] /data/sai/new_charge/6000_data_aug13/Ho(PRu)2_139/CHGCAR: ok (13.4 s)
[426/500] /data/sai/new_charge/6000_data_aug13/HgRhF6_148/CHGCAR: ok (21.8 s)
[427/500] /data/sai/new_charge/6000_data_aug13/HfSnRh_190/CHGCAR: ok (46.5 s)
[428/500] /data/sai/new_charge/6000_data_aug13/Hg4Pt_229/CHGCAR: ok (30.7 s)
[429/500] /data/sai/new_charge/6000_data_aug13/Ho2CF2_164/CHGCAR: ok (12.6 s)
[430/500] /data/sai/new_charge/6000_data_aug13/Ho2B4C_71/CHGCAR: ok (15.5 s)
[431/500] /data/sai/new_charge/6000_data_aug13/Ho2AlSi2_71/CHGCAR: ok (16.7 s)
[432/500] /data/sai/new_charge/6000_data_aug13/HfSb_63/CHGCAR: ok (67.0 s)
[433/500] /data/sai/new_charge/6000_data_aug13/HoAg_221/CHGCAR: ok (6.3 s)
[434/500] /data/sai/new_charge/6000_data_aug13/HoB2_191/CHGCAR: ok (5.4 s)
[435/500] /data/sai/new_charge/6000_data_aug13/Ho2Cr2C3_12/CHGCAR: ok (18.7 s)
[436/500] /data/sai/new_charge/6000_data_aug13/Ho2Ni2Pb_65/CHGCAR: ok (13.7 s)
[437/500] /data/sai/new_charge/6000_data_aug13/Ho2InAg_225/CHGCAR: ok (18.7 s)
[438/500] /data/sai/new_charge/6000_data_aug13/HfZn2_227/CHGCAR: ok (48.8 s)
[439/500] /data/sai/new_charge/6000_data_aug13/Ho2MgAl_225/CHGCAR: ok (16.9 s)
[440/500] /data/sai/new_charge/6000_data_aug13/HfW2_227/CHGCAR: ok (52.0 s)
[441/500] /data/sai/new_charge/6000_data_aug13/HoAu_63/CHGCAR: ok (11.9 s)
[442/500] /data/sai/new_charge/6000_data_aug13/HoBi_225/CHGCAR: ok (7.9 s)
[443/500] /data/sai/new_charge/6000_data_aug13/HoBRh3_221/CHGCAR: ok (11.1 s)
[444/500] /data/sai/new_charge/6000_data_aug13/Ho2TlAg_225/CHGCAR: ok (17.4 s)
[445/500] /data/sai/new_charge/6000_data_aug13/Ho2MgIn_225/CHGCAR: ok (20.0 s)
[446/500] /data/sai/new_charge/6000_data_aug13/Ho2In_194/CHGCAR: ok (21.7 s)
[447/500] /data/sai/new_charge/6000_data_aug13/Ho2TlCd_225/CHGCAR: ok (18.5 s)
[448/500] /data/sai/new_charge/6000_data_aug13/Ho(Mo3S4)2_148/CHGCAR: ok (34.1 s)
[449/500] /data/sai/new_charge/6000_data_aug13/HoCd2_191/CHGCAR: ok (10.4 s)
[450/500] /data/sai/new_charge/6000_data_aug13/HoBiPt_216/CHGCAR: ok (13.1 s)
[451/500] /data/sai/new_charge/6000_data_aug13/HoCu_221/CHGCAR: ok (7.1 s)
[452/500] /data/sai/new_charge/6000_data_aug13/HoCdAu2_225/CHGCAR: ok (14.2 s)
[453/500] /data/sai/new_charge/6000_data_aug13/HoCo3B2_191/CHGCAR: ok (13.2 s)
[454/500] /data/sai/new_charge/6000_data_aug13/HoClO_129/CHGCAR: ok (14.9 s)
[455/500] /data/sai/new_charge/6000_data_aug13/HoBi2IO4_123/CHGCAR: ok (21.8 s)
[456/500] /data/sai/new_charge/6000_data_aug13/Ho2C_166/CHGCAR: ok (36.7 s)
[457/500] /data/sai/new_charge/6000_data_aug13/HoCu5_191/CHGCAR: ok (13.6 s)
[458/500] /data/sai/new_charge/6000_data_aug13/Ho6MnTe2_189/CHGCAR: ok (29.6 s)
[459/500] /data/sai/new_charge/6000_data_aug13/HoCoC_131/CHGCAR: ok (15.4 s)
[460/500] /data/sai/new_charge/6000_data_aug13/HoCu4Au_216/CHGCAR: ok (15.5 s)
[461/500] /data/sai/new_charge/6000_data_aug13/Ho6MnBi2_189/CHGCAR: ok (31.2 s)
[462/500] /data/sai/new_charge/6000_data_aug13/HfNCl_166/CHGCAR: ok (113.1 s)
[463/500] /data/sai/new_charge/6000_data_aug13/HoCu4Pd_216/CHGCAR: ok (17.6 s)
[464/500] /data/sai/new_charge/6000_data_aug13/HoFeSi_129/CHGCAR: ok (13.2 s)
[465/500] /data/sai/new_charge/6000_data_aug13/HoGa2_191/CHGCAR: ok (7.5 s)
[466/500] /data/sai/new_charge/6000_data_aug13/HoCdCu4_216/CHGCAR: ok (23.2 s)
[467/500] /data/sai/new_charge/6000_data_aug13/HoH2_225/CHGCAR: ok (8.1 s)
[468/500] /data/sai/new_charge/6000_data_aug13/HoCuPb_186/CHGCAR: ok (18.4 s)
[469/500] /data/sai/new_charge/6000_data_aug13/HoCuGe_186/CHGCAR: ok (19.3 s)
[470/500] /data/sai/new_charge/6000_data_aug13/HoCd3_63/CHGCAR: ok (25.1 s)
[471/500] /data/sai/new_charge/6000_data_aug13/HoIr_221/CHGCAR: ok (5.8 s)
[472/500] /data/sai/new_charge/6000_data_aug13/HoMg_221/CHGCAR: ok (5.8 s)
[473/500] /data/sai/new_charge/6000_data_aug13/HoErTl2_225/CHGCAR: ok (20.1 s)
[474/500] /data/sai/new_charge/6000_data_aug13/HoN_225/CHGCAR: ok (7.6 s)
[475/500] /data/sai/new_charge/6000_data_aug13/HoCuSn_186/CHGCAR: ok (22.9 s)
[476/500] /data/sai/new_charge/6000_data_aug13/HoIn3_221/CHGCAR: ok (14.5 s)
[477/500] /data/sai/new_charge/6000_data_aug13/HoFe2_227/CHGCAR: ok (23.0 s)
[478/500] /data/sai/new_charge/6000_data_aug13/HoGeAu_186/CHGCAR: ok (16.1 s)
[479/500] /data/sai/new_charge/6000_data_aug13/HoInCu2_225/CHGCAR: ok (13.0 s)
[480/500] /data/sai/new_charge/6000_data_aug13/HoP_225/CHGCAR: ok (6.6 s)
[481/500] /data/sai/new_charge/6000_data_aug13/HoNiC2_38/CHGCAR: ok (8.6 s)
[482/500] /data/sai/new_charge/6000_data_aug13/HoS_225/CHGCAR: ok (5.2 s)
[483/500] /data/sai/new_charge/6000_data_aug13/HoSe_225/CHGCAR: ok (4.8 s)
[484/500] /data/sai/new_charge/6000_data_aug13/HoGa2Pd_63/CHGCAR: ok (22.4 s)
[485/500] /data/sai/new_charge/6000_data_aug13/HoNbRu2_225/CHGCAR: ok (15.1 s)
[486/500] /data/sai/new_charge/6000_data_aug13/HoNi5_191/CHGCAR: ok (13.7 s)
[487/500] /data/sai/new_charge/6000_data_aug13/HoNiBi_216/CHGCAR: ok (13.4 s)
[488/500] /data/sai/new_charge/6000_data_aug13/HoSbPt_216/CHGCAR: ok (9.5 s)
[489/500] /data/sai/new_charge/6000_data_aug13/HoSF_129/CHGCAR: ok (11.1 s)
[490/500] /data/sai/new_charge/6000_data_aug13/HoNi2_227/CHGCAR: ok (15.8 s)
[491/500] /data/sai/new_charge/6000_data_aug13/HfIN_166/CHGCAR: ok (144.6 s)
[492/500] /data/sai/new_charge/6000_data_aug13/HoInCu_189/CHGCAR: ok (20.1 s)
[493/500] /data/sai/new_charge/6000_data_aug13/HoRh2_227/CHGCAR: ok (13.9 s)
[494/500] /data/sai/new_charge/6000_data_aug13/HoInIr_189/CHGCAR: ok (21.0 s)
[495/500] /data/sai/new_charge/6000_data_aug13/HoInPt_189/CHGCAR: ok (21.7 s)
[496/500] /data/sai/new_charge/6000_data_aug13/Ho5Si3_193/CHGCAR: ok (53.3 s)
[497/500] /data/sai/new_charge/6000_data_aug13/HoNi2B2C_139/CHGCAR: ok (20.3 s)
[498/500] /data/sai/new_charge/6000_data_aug13/HoNbO4_15/CHGCAR: ok (24.4 s)
[499/500] /data/sai/new_charge/6000_data_aug13/HoI3_194/CHGCAR: ok (29.2 s)
[500/500] /data/sai/new_charge/6000_data_aug13/Hf2Al4C5_166/CHGCAR: ok (353.4 s)
chunk 3: 500 rows, 0 errors, 33.7 min elapsed
[1/500] /data/sai/new_charge/6000_data_aug13/HoTl_221/CHGCAR: ok (3.6 s)
[2/500] /data/sai/new_charge/6000_data_aug13/Ho_194/CHGCAR: ok (4.0 s)
[3/500] /data/sai/new_charge/6000_data_aug13/HoTe_225/CHGCAR: ok (5.9 s)
[4/500] /data/sai/new_charge/6000_data_aug13/In2Au_225/CHGCAR: ok (6.9 s)
[5/500] /data/sai/new_charge/6000_data_aug13/In2Pt_225/CHGCAR: ok (7.0 s)
[6/500] /data/sai/new_charge/6000_data_aug13/HoZnRh2_225/CHGCAR: ok (9.4 s)
[7/500] /data/sai/new_charge/6000_data_aug13/In3Ni2_164/CHGCAR: ok (10.5 s)
[8/500] /data/sai/new_charge/6000_data_aug13/HoSnPd2_225/CHGCAR: ok (9.5 s)
[9/500] /data/sai/new_charge/6000_data_aug13/HoTaRu2_225/CHGCAR: ok (10.6 s)
[10/500] /data/sai/new_charge/6000_data_aug13/IBr_63/CHGCAR: ok (11.1 s)
[11/500] /data/sai/new_charge/6000_data_aug13/In3Pd2_164/CHGCAR: ok (13.1 s)
[12/500] /data/sai/new_charge/6000_data_aug13/In2Ni3S2_166/CHGCAR: ok (13.8 s)
[13/500] /data/sai/new_charge/6000_data_aug13/InAsPd5_123/CHGCAR: ok (7.2 s)
[14/500] /data/sai/new_charge/6000_data_aug13/HoZrSb_139/CHGCAR: ok (15.1 s)
[15/500] /data/sai/new_charge/6000_data_aug13/In2Ag_140/CHGCAR: ok (15.1 s)
[16/500] /data/sai/new_charge/6000_data_aug13/InAsPt5_123/CHGCAR: ok (8.5 s)
[17/500] /data/sai/new_charge/6000_data_aug13/InAgO2_194/CHGCAR: ok (15.6 s)
[18/500] /data/sai/new_charge/6000_data_aug13/HoSi2Ni_63/CHGCAR: ok (17.8 s)
[19/500] /data/sai/new_charge/6000_data_aug13/InBi_216/CHGCAR: ok (9.7 s)
[20/500] /data/sai/new_charge/6000_data_aug13/InN_186/CHGCAR: ok (5.3 s)
[21/500] /data/sai/new_charge/6000_data_aug13/I_64/CHGCAR: ok (20.7 s)
[22/500] /data/sai/new_charge/6000_data_aug13/InBr_63/CHGCAR: ok (13.5 s)
[23/500] /data/sai/new_charge/6000_data_aug13/InCuS2_122/CHGCAR: ok (12.3 s)
[24/500] /data/sai/new_charge/6000_data_aug13/In2HgSe4_82/CHGCAR: ok (26.6 s)
[25/500] /data/sai/new_charge/6000_data_aug13/InPPt5_123/CHGCAR: ok (6.7 s)
[26/500] /data/sai/new_charge/6000_data_aug13/InI_63/CHGCAR: ok (13.8 s)
[27/500] /data/sai/new_charge/6000_data_aug13/In2HgTe4_82/CHGCAR: ok (28.3 s)
[28/500] /data/sai/new_charge/6000_data_aug13/InNi_191/CHGCAR: ok (13.5 s)
[29/500] /data/sai/new_charge/6000_data_aug13/InAgS2_122/CHGCAR: ok (29.4 s)
[30/500] /data/sai/new_charge/6000_data_aug13/InP_216/CHGCAR: ok (5.8 s)
[31/500] /data/sai/new_charge/6000_data_aug13/InAgSe2_122/CHGCAR: ok (28.8 s)
[32/500] /data/sai/new_charge/6000_data_aug13/InAs_216/CHGCAR: ok (24.4 s)
[33/500] /data/sai/new_charge/6000_data_aug13/InBO3_167/CHGCAR: ok (25.6 s)
[34/500] /data/sai/new_charge/6000_data_aug13/InPPd5_123/CHGCAR: ok (15.6 s)
[35/500] /data/sai/new_charge/6000_data_aug13/InSb_216/CHGCAR: ok (6.3 s)
[36/500] /data/sai/new_charge/6000_data_aug13/In_225/CHGCAR: ok (4.6 s)
[37/500] /data/sai/new_charge/6000_data_aug13/InAgTe2_122/CHGCAR: ok (31.4 s)
[38/500] /data/sai/new_charge/6000_data_aug13/InBr3_12/CHGCAR: ok (27.9 s)
[39/500] /data/sai/new_charge/6000_data_aug13/HoSiRu2C_63/CHGCAR: ok (38.3 s)
[40/500] /data/sai/new_charge/6000_data_aug13/InPS4_82/CHGCAR: ok (17.8 s)
[41/500] /data/sai/new_charge/6000_data_aug13/InCuSe2_122/CHGCAR: ok (24.9 s)
[42/500] /data/sai/new_charge/6000_data_aug13/IrO2_136/CHGCAR: ok (5.2 s)
[43/500] /data/sai/new_charge/6000_data_aug13/IrW_51/CHGCAR: ok (6.2 s)
[44/500] /data/sai/new_charge/6000_data_aug13/InPd2_62/CHGCAR: ok (15.7 s)
[45/500] /data/sai/new_charge/6000_data_aug13/InOF_70/CHGCAR: ok (25.1 s)
[46/500] /data/sai/new_charge/6000_data_aug13/Ir_225/CHGCAR: ok (6.9 s)
[47/500] /data/sai/new_charge/6000_data_aug13/Ir3Rh_139/CHGCAR: ok (12.2 s)
[48/500] /data/sai/new_charge/6000_data_aug13/InCl3_194/CHGCAR: ok (30.9 s)
[49/500] /data/sai/new_charge/6000_data_aug13/Ir3Ru_139/CHGCAR: ok (12.5 s)
[50/500] /data/sai/new_charge/6000_data_aug13/InSiPt5_123/CHGCAR: ok (15.1 s)
[51/500] /data/sai/new_charge/6000_data_aug13/I2O5_14/CHGCAR: ok (45.6 s)
[52/500] /data/sai/new_charge/6000_data_aug13/In(TeMo)3_176/CHGCAR: ok (45.8 s)
[53/500] /data/sai/new_charge/6000_data_aug13/K(FeAs)2_139/CHGCAR: ok (7.5 s)
[54/500] /data/sai/new_charge/6000_data_aug13/Ir3W_194/CHGCAR: ok (15.3 s)
[55/500] /data/sai/new_charge/6000_data_aug13/IrRu3_194/CHGCAR: ok (13.8 s)
[56/500] /data/sai/new_charge/6000_data_aug13/InS_58/CHGCAR: ok (20.7 s)
[57/500] /data/sai/new_charge/6000_data_aug13/K(CoAs)2_139/CHGCAR: ok (12.6 s)
[58/500] /data/sai/new_charge/6000_data_aug13/K(CoS)2_139/CHGCAR: ok (13.5 s)
[59/500] /data/sai/new_charge/6000_data_aug13/K(CuSe)2_139/CHGCAR: ok (13.8 s)
[60/500] /data/sai/new_charge/6000_data_aug13/K(PRh)2_139/CHGCAR: ok (12.1 s)
[61/500] /data/sai/new_charge/6000_data_aug13/InSe_194/CHGCAR: ok (26.3 s)
[62/500] /data/sai/new_charge/6000_data_aug13/K2CN2_12/CHGCAR: ok (11.7 s)
[63/500] /data/sai/new_charge/6000_data_aug13/In5S5Br_31/CHGCAR: ok (57.5 s)
[64/500] /data/sai/new_charge/6000_data_aug13/In2TeO6_150/CHGCAR: ok (59.6 s)
[65/500] /data/sai/new_charge/6000_data_aug13/Ir3Se8_148/CHGCAR: ok (28.6 s)
[66/500] /data/sai/new_charge/6000_data_aug13/K2Au3_71/CHGCAR: ok (18.5 s)
[67/500] /data/sai/new_charge/6000_data_aug13/K2AlF5_123/CHGCAR: ok (20.9 s)
[68/500] /data/sai/new_charge/6000_data_aug13/K2MgF4_139/CHGCAR: ok (16.8 s)
[69/500] /data/sai/new_charge/6000_data_aug13/K2H4Pd_139/CHGCAR: ok (24.3 s)
[70/500] /data/sai/new_charge/6000_data_aug13/K2MgH4_139/CHGCAR: ok (21.6 s)
[71/500] /data/sai/new_charge/6000_data_aug13/K2AgP_63/CHGCAR: ok (33.5 s)
[72/500] /data/sai/new_charge/6000_data_aug13/K2MgCl4_139/CHGCAR: ok (24.3 s)
[73/500] /data/sai/new_charge/6000_data_aug13/K2CuAs_63/CHGCAR: ok (26.5 s)
[74/500] /data/sai/new_charge/6000_data_aug13/K2CuP_63/CHGCAR: ok (26.5 s)
[75/500] /data/sai/new_charge/6000_data_aug13/K2AgSb_63/CHGCAR: ok (33.5 s)
[76/500] /data/sai/new_charge/6000_data_aug13/IrSe2_62/CHGCAR: ok (43.9 s)
[77/500] /data/sai/new_charge/6000_data_aug13/K2H6Pt_225/CHGCAR: ok (32.9 s)
[78/500] /data/sai/new_charge/6000_data_aug13/In2O3_206/CHGCAR: ok (84.3 s)
[79/500] /data/sai/new_charge/6000_data_aug13/K2MnCl6_225/CHGCAR: ok (38.9 s)
[80/500] /data/sai/new_charge/6000_data_aug13/K2Cu(PO3)4_9/CHGCAR: ok (47.3 s)
[81/500] /data/sai/new_charge/6000_data_aug13/K2PdO2_71/CHGCAR: ok (14.2 s)
[82/500] /data/sai/new_charge/6000_data_aug13/K2PdF4_12/CHGCAR: ok (19.8 s)
[83/500] /data/sai/new_charge/6000_data_aug13/K2Ca(CO3)2_166/CHGCAR: ok (52.2 s)
[84/500] /data/sai/new_charge/6000_data_aug13/K2CO3_14/CHGCAR: ok (56.5 s)
[85/500] /data/sai/new_charge/6000_data_aug13/K2PdCl4_123/CHGCAR: ok (23.9 s)
[86/500] /data/sai/new_charge/6000_data_aug13/K2NiP2_63/CHGCAR: ok (38.0 s)
[87/500] /data/sai/new_charge/6000_data_aug13/K2PdBr4_123/CHGCAR: ok (24.5 s)
[88/500] /data/sai/new_charge/6000_data_aug13/K2Cu(ClF)2_64/CHGCAR: ok (55.7 s)
[89/500] /data/sai/new_charge/6000_data_aug13/K2PdF6_164/CHGCAR: ok (26.1 s)
[90/500] /data/sai/new_charge/6000_data_aug13/K2NaAlF6_225/CHGCAR: ok (48.3 s)
[91/500] /data/sai/new_charge/6000_data_aug13/K2O2_64/CHGCAR: ok (43.4 s)
[92/500] /data/sai/new_charge/6000_data_aug13/K2NaRhF6_225/CHGCAR: ok (48.8 s)
[93/500] /data/sai/new_charge/6000_data_aug13/K2PAu_63/CHGCAR: ok (34.1 s)
[94/500] /data/sai/new_charge/6000_data_aug13/K2O_225/CHGCAR: ok (39.8 s)
[95/500] /data/sai/new_charge/6000_data_aug13/K2PdCl6_225/CHGCAR: ok (39.4 s)
[96/500] /data/sai/new_charge/6000_data_aug13/K2PtSe2_71/CHGCAR: ok (20.0 s)
[97/500] /data/sai/new_charge/6000_data_aug13/K2PtCl6_225/CHGCAR: ok (24.6 s)
[98/500] /data/sai/new_charge/6000_data_aug13/K2PtS2_71/CHGCAR: ok (22.2 s)
[99/500] /data/sai/new_charge/6000_data_aug13/K2OsBr6_225/CHGCAR: ok (47.1 s)
[100/500] /data/sai/new_charge/6000_data_aug13/K2PtCl4_123/CHGCAR: ok (29.4 s)
[101/500] /data/sai/new_charge/6000_data_aug13/K2PtF6_164/CHGCAR: ok (28.1 s)
[102/500] /data/sai/new_charge/6000_data_aug13/K2Rh2O5_123/CHGCAR: ok (22.5 s)
[103/500] /data/sai/new_charge/6000_data_aug13/K2S_225/CHGCAR: ok (19.4 s)
[104/500] /data/sai/new_charge/6000_data_aug13/K2Se_225/CHGCAR: ok (17.5 s)
[105/500] /data/sai/new_charge/6000_data_aug13/K2PtBr6_225/CHGCAR: ok (47.7 s)
[106/500] /data/sai/new_charge/6000_data_aug13/K2ReF6_164/CHGCAR: ok (36.9 s)
[107/500] /data/sai/new_charge/6000_data_aug13/K2Te_225/CHGCAR: ok (19.0 s)
[108/500] /data/sai/new_charge/6000_data_aug13/K2Te2Pt_71/CHGCAR: ok (24.0 s)
[109/500] /data/sai/new_charge/6000_data_aug13/K2ZnF4_139/CHGCAR: ok (18.1 s)
[110/500] /data/sai/new_charge/6000_data_aug13/K2SbAu_63/CHGCAR: ok (37.0 s)
[111/500] /data/sai/new_charge/6000_data_aug13/K2UO4_139/CHGCAR: ok (20.1 s)
[112/500] /data/sai/new_charge/6000_data_aug13/K2TiF6_164/CHGCAR: ok (25.5 s)
[113/500] /data/sai/new_charge/6000_data_aug13/K2TeO3_147/CHGCAR: ok (31.0 s)
[114/500] /data/sai/new_charge/6000_data_aug13/K2NaAlAs2_72/CHGCAR: ok (95.4 s)
[115/500] /data/sai/new_charge/6000_data_aug13/K2NaAlP2_72/CHGCAR: ok (92.5 s)
[116/500] /data/sai/new_charge/6000_data_aug13/K2ReCl6_225/CHGCAR: ok (53.1 s)
[117/500] /data/sai/new_charge/6000_data_aug13/K2ReBr6_225/CHGCAR: ok (56.1 s)
[118/500] /data/sai/new_charge/6000_data_aug13/K2SeBr6_225/CHGCAR: ok (48.9 s)
[119/500] /data/sai/new_charge/6000_data_aug13/K3AuO_221/CHGCAR: ok (20.8 s)
[120/500] /data/sai/new_charge/6000_data_aug13/K2PuO4_139/CHGCAR: ok (61.8 s)
[121/500] /data/sai/new_charge/6000_data_aug13/K2TcCl6_225/CHGCAR: ok (51.4 s)
[122/500] /data/sai/new_charge/6000_data_aug13/K3BrO_221/CHGCAR: ok (18.7 s)
[123/500] /data/sai/new_charge/6000_data_aug13/K2TeCl6_225/CHGCAR: ok (47.1 s)
[124/500] /data/sai/new_charge/6000_data_aug13/K2ZnO2_72/CHGCAR: ok (33.7 s)
[125/500] /data/sai/new_charge/6000_data_aug13/K2TiCl6_225/CHGCAR: ok (48.5 s)
[126/500] /data/sai/new_charge/6000_data_aug13/K3IO_221/CHGCAR: ok (19.6 s)
[127/500] /data/sai/new_charge/6000_data_aug13/K2WCl6_225/CHGCAR: ok (50.5 s)
[128/500] /data/sai/new_charge/6000_data_aug13/K2SO4_62/CHGCAR: ok (72.5 s)
[129/500] /data/sai/new_charge/6000_data_aug13/K3As_194/CHGCAR: ok (39.1 s)
[130/500] /data/sai/new_charge/6000_data_aug13/K(Cu2As)2_166/CHGCAR: ok (139.7 s)
[131/500] /data/sai/new_charge/6000_data_aug13/K3Cu3P2_166/CHGCAR: ok (31.9 s)
[132/500] /data/sai/new_charge/6000_data_aug13/K2P3_70/CHGCAR: ok (117.4 s)
[133/500] /data/sai/new_charge/6000_data_aug13/K4Br2O_139/CHGCAR: ok (35.2 s)
[134/500] /data/sai/new_charge/6000_data_aug13/K3P_194/CHGCAR: ok (41.0 s)
[135/500] /data/sai/new_charge/6000_data_aug13/KAgSe_129/CHGCAR: ok (22.0 s)
[136/500] /data/sai/new_charge/6000_data_aug13/K2ZnH4_62/CHGCAR: ok (75.3 s)
[137/500] /data/sai/new_charge/6000_data_aug13/KAg2AsO4_121/CHGCAR: ok (28.3 s)
[138/500] /data/sai/new_charge/6000_data_aug13/K3Cu3As2_166/CHGCAR: ok (60.1 s)
[139/500] /data/sai/new_charge/6000_data_aug13/KAgF4_140/CHGCAR: ok (35.4 s)
[140/500] /data/sai/new_charge/6000_data_aug13/KAg2PS4_121/CHGCAR: ok (37.7 s)
[141/500] /data/sai/new_charge/6000_data_aug13/KAuS_63/CHGCAR: ok (25.1 s)
[142/500] /data/sai/new_charge/6000_data_aug13/KB6_221/CHGCAR: ok (18.9 s)
[143/500] /data/sai/new_charge/6000_data_aug13/K3BN2_14/CHGCAR: ok (85.2 s)
[144/500] /data/sai/new_charge/6000_data_aug13/KBrO3_160/CHGCAR: ok (10.9 s)
[145/500] /data/sai/new_charge/6000_data_aug13/KAuSe_63/CHGCAR: ok (23.7 s)
[146/500] /data/sai/new_charge/6000_data_aug13/KAuSe2_127/CHGCAR: ok (31.0 s)
[147/500] /data/sai/new_charge/6000_data_aug13/KCaCO3F_187/CHGCAR: ok (21.4 s)
[148/500] /data/sai/new_charge/6000_data_aug13/KAuF4_140/CHGCAR: ok (51.4 s)
[149/500] /data/sai/new_charge/6000_data_aug13/KCdSb_129/CHGCAR: ok (20.6 s)
[150/500] /data/sai/new_charge/6000_data_aug13/KCaBi_129/CHGCAR: ok (23.3 s)
[151/500] /data/sai/new_charge/6000_data_aug13/K3PO4_62/CHGCAR: ok (99.0 s)
[152/500] /data/sai/new_charge/6000_data_aug13/K3BiSe3_198/CHGCAR: ok (110.5 s)
[153/500] /data/sai/new_charge/6000_data_aug13/K4BeAs2_166/CHGCAR: ok (101.3 s)
[154/500] /data/sai/new_charge/6000_data_aug13/KBr_225/CHGCAR: ok (43.4 s)
[155/500] /data/sai/new_charge/6000_data_aug13/K4HgP2_166/CHGCAR: ok (105.1 s)
[156/500] /data/sai/new_charge/6000_data_aug13/KCu4S3_123/CHGCAR: ok (24.1 s)
[157/500] /data/sai/new_charge/6000_data_aug13/KBe2BO3F2_155/CHGCAR: ok (63.0 s)
[158/500] /data/sai/new_charge/6000_data_aug13/KAlSi3O8_2/CHGCAR: ok (84.2 s)
[159/500] /data/sai/new_charge/6000_data_aug13/K4BeP2_166/CHGCAR: ok (118.6 s)
[160/500] /data/sai/new_charge/6000_data_aug13/KCuO2_63/CHGCAR: ok (25.7 s)
[161/500] /data/sai/new_charge/6000_data_aug13/K4CdP2_166/CHGCAR: ok (117.3 s)
[162/500] /data/sai/new_charge/6000_data_aug13/K4CdAs2_166/CHGCAR: ok (119.5 s)
[163/500] /data/sai/new_charge/6000_data_aug13/KCuF3_140/CHGCAR: ok (36.4 s)
[164/500] /data/sai/new_charge/6000_data_aug13/K4I2O_139/CHGCAR: ok (119.1 s)
[165/500] /data/sai/new_charge/6000_data_aug13/K4ZnP2_166/CHGCAR: ok (115.0 s)
[166/500] /data/sai/new_charge/6000_data_aug13/K4ZnAs2_166/CHGCAR: ok (118.4 s)
[167/500] /data/sai/new_charge/6000_data_aug13/K(USe3)2_71/CHGCAR: ok (247.6 s)
[168/500] /data/sai/new_charge/6000_data_aug13/KCoN_62/CHGCAR: ok (44.1 s)
[169/500] /data/sai/new_charge/6000_data_aug13/KCl_225/CHGCAR: ok (46.5 s)
[170/500] /data/sai/new_charge/6000_data_aug13/KCuSe_194/CHGCAR: ok (22.0 s)
[171/500] /data/sai/new_charge/6000_data_aug13/KClO4_62/CHGCAR: ok (63.7 s)
[172/500] /data/sai/new_charge/6000_data_aug13/KBaPO4_62/CHGCAR: ok (88.4 s)
[173/500] /data/sai/new_charge/6000_data_aug13/KH_225/CHGCAR: ok (9.3 s)
[174/500] /data/sai/new_charge/6000_data_aug13/K4HgAs2_166/CHGCAR: ok (133.2 s)
[175/500] /data/sai/new_charge/6000_data_aug13/KCuTe_194/CHGCAR: ok (29.0 s)
[176/500] /data/sai/new_charge/6000_data_aug13/KF_225/CHGCAR: ok (26.4 s)
[177/500] /data/sai/new_charge/6000_data_aug13/K3BiTe3_198/CHGCAR: ok (159.2 s)
[178/500] /data/sai/new_charge/6000_data_aug13/KH2N_11/CHGCAR: ok (24.6 s)
[179/500] /data/sai/new_charge/6000_data_aug13/KHS_11/CHGCAR: ok (19.4 s)
[180/500] /data/sai/new_charge/6000_data_aug13/KHO_36/CHGCAR: ok (21.9 s)
[181/500] /data/sai/new_charge/6000_data_aug13/KCuO_139/CHGCAR: ok (49.1 s)
[182/500] /data/sai/new_charge/6000_data_aug13/KInO2_166/CHGCAR: ok (11.8 s)
[183/500] /data/sai/new_charge/6000_data_aug13/KHF2_140/CHGCAR: ok (30.2 s)
[184/500] /data/sai/new_charge/6000_data_aug13/KHg2_74/CHGCAR: ok (29.4 s)
[185/500] /data/sai/new_charge/6000_data_aug13/KCuS_62/CHGCAR: ok (52.9 s)
[186/500] /data/sai/new_charge/6000_data_aug13/KCrS2_166/CHGCAR: ok (72.2 s)
[187/500] /data/sai/new_charge/6000_data_aug13/KGe2N3_36/CHGCAR: ok (42.5 s)
[188/500] /data/sai/new_charge/6000_data_aug13/KHgAs_194/CHGCAR: ok (30.9 s)
[189/500] /data/sai/new_charge/6000_data_aug13/KErO2_166/CHGCAR: ok (51.0 s)
[190/500] /data/sai/new_charge/6000_data_aug13/KLiTe_129/CHGCAR: ok (21.4 s)
[191/500] /data/sai/new_charge/6000_data_aug13/KLiSe_129/CHGCAR: ok (23.3 s)
[192/500] /data/sai/new_charge/6000_data_aug13/KMgF3_221/CHGCAR: ok (13.9 s)
[193/500] /data/sai/new_charge/6000_data_aug13/KMgH3_221/CHGCAR: ok (12.8 s)
[194/500] /data/sai/new_charge/6000_data_aug13/KMgAs_129/CHGCAR: ok (22.7 s)
[195/500] /data/sai/new_charge/6000_data_aug13/KMgBi_129/CHGCAR: ok (21.4 s)
[196/500] /data/sai/new_charge/6000_data_aug13/KIO4_88/CHGCAR: ok (38.5 s)
[197/500] /data/sai/new_charge/6000_data_aug13/KMnP_129/CHGCAR: ok (17.7 s)
[198/500] /data/sai/new_charge/6000_data_aug13/KMgSb_129/CHGCAR: ok (22.9 s)
[199/500] /data/sai/new_charge/6000_data_aug13/KHoO2_166/CHGCAR: ok (47.8 s)
[200/500] /data/sai/new_charge/6000_data_aug13/KNbO3_160/CHGCAR: ok (11.9 s)
[201/500] /data/sai/new_charge/6000_data_aug13/KI_225/CHGCAR: ok (48.6 s)
[202/500] /data/sai/new_charge/6000_data_aug13/KHCO3_14/CHGCAR: ok (63.8 s)
[203/500] /data/sai/new_charge/6000_data_aug13/KIn9Co2_191/CHGCAR: ok (49.5 s)
[204/500] /data/sai/new_charge/6000_data_aug13/KNa2Bi_225/CHGCAR: ok (24.2 s)
[205/500] /data/sai/new_charge/6000_data_aug13/KNa2Sb_225/CHGCAR: ok (22.8 s)
[206/500] /data/sai/new_charge/6000_data_aug13/KInTe2_140/CHGCAR: ok (50.7 s)
[207/500] /data/sai/new_charge/6000_data_aug13/KN3_140/CHGCAR: ok (32.6 s)
[208/500] /data/sai/new_charge/6000_data_aug13/KPF6_148/CHGCAR: ok (22.9 s)
[209/500] /data/sai/new_charge/6000_data_aug13/KHgF3_221/CHGCAR: ok (68.2 s)
[210/500] /data/sai/new_charge/6000_data_aug13/KAlO2_61/CHGCAR: ok (183.7 s)
[211/500] /data/sai/new_charge/6000_data_aug13/KNb4O5F_123/CHGCAR: ok (34.2 s)
[212/500] /data/sai/new_charge/6000_data_aug13/KLiZnO2_12/CHGCAR: ok (57.5 s)
[213/500] /data/sai/new_charge/6000_data_aug13/KLaS2_166/CHGCAR: ok (59.2 s)
[214/500] /data/sai/new_charge/6000_data_aug13/KIO3_1/CHGCAR: ok (75.0 s)
[215/500] /data/sai/new_charge/6000_data_aug13/KNaTiO3_15/CHGCAR: ok (43.5 s)
[216/500] /data/sai/new_charge/6000_data_aug13/KCd13_226/CHGCAR: ok (150.5 s)
[217/500] /data/sai/new_charge/6000_data_aug13/KRuF6_166/CHGCAR: ok (23.7 s)
[218/500] /data/sai/new_charge/6000_data_aug13/KTaO3_221/CHGCAR: ok (15.1 s)
[219/500] /data/sai/new_charge/6000_data_aug13/KTcO3_221/CHGCAR: ok (11.7 s)
[220/500] /data/sai/new_charge/6000_data_aug13/KPtN_131/CHGCAR: ok (36.7 s)
[221/500] /data/sai/new_charge/6000_data_aug13/KNdO2_166/CHGCAR: ok (48.8 s)
[222/500] /data/sai/new_charge/6000_data_aug13/KNO3_62/CHGCAR: ok (63.8 s)
[223/500] /data/sai/new_charge/6000_data_aug13/KPrO2_166/CHGCAR: ok (48.0 s)
[224/500] /data/sai/new_charge/6000_data_aug13/KSbO2_15/CHGCAR: ok (29.2 s)
[225/500] /data/sai/new_charge/6000_data_aug13/KSnSb_186/CHGCAR: ok (30.1 s)
[226/500] /data/sai/new_charge/6000_data_aug13/KPS3_71/CHGCAR: ok (54.2 s)
[227/500] /data/sai/new_charge/6000_data_aug13/KTmO2_166/CHGCAR: ok (16.3 s)
[228/500] /data/sai/new_charge/6000_data_aug13/KNaS2O7_2/CHGCAR: ok (69.8 s)
[229/500] /data/sai/new_charge/6000_data_aug13/KP(HO2)2_43/CHGCAR: ok (63.5 s)
[230/500] /data/sai/new_charge/6000_data_aug13/KUO3_221/CHGCAR: ok (16.1 s)
[231/500] /data/sai/new_charge/6000_data_aug13/KTl2Bi_225/CHGCAR: ok (22.6 s)
[232/500] /data/sai/new_charge/6000_data_aug13/KRb2TiF6_225/CHGCAR: ok (51.7 s)
[233/500] /data/sai/new_charge/6000_data_aug13/KZnF3_221/CHGCAR: ok (13.5 s)
[234/500] /data/sai/new_charge/6000_data_aug13/KTeAu_194/CHGCAR: ok (28.4 s)
[235/500] /data/sai/new_charge/6000_data_aug13/KGaSb4_62/CHGCAR: ok (129.1 s)
[236/500] /data/sai/new_charge/6000_data_aug13/KPrTe4_125/CHGCAR: ok (63.4 s)
[237/500] /data/sai/new_charge/6000_data_aug13/KRb2GaF6_225/CHGCAR: ok (58.6 s)
[238/500] /data/sai/new_charge/6000_data_aug13/La(CoB)2_139/CHGCAR: ok (12.5 s)
[239/500] /data/sai/new_charge/6000_data_aug13/KPt2S3_166/CHGCAR: ok (66.8 s)
[240/500] /data/sai/new_charge/6000_data_aug13/KTcO4_88/CHGCAR: ok (40.1 s)
[241/500] /data/sai/new_charge/6000_data_aug13/La(FeSi)2_139/CHGCAR: ok (14.9 s)
[242/500] /data/sai/new_charge/6000_data_aug13/KZnAs_194/CHGCAR: ok (28.7 s)
[243/500] /data/sai/new_charge/6000_data_aug13/La(CoSi)2_139/CHGCAR: ok (15.8 s)
[244/500] /data/sai/new_charge/6000_data_aug13/La(NiP)2_139/CHGCAR: ok (14.1 s)
[245/500] /data/sai/new_charge/6000_data_aug13/KScO2_166/CHGCAR: ok (52.0 s)
[246/500] /data/sai/new_charge/6000_data_aug13/KZnP_194/CHGCAR: ok (24.4 s)
[247/500] /data/sai/new_charge/6000_data_aug13/La(SiIr)2_139/CHGCAR: ok (15.6 s)
[248/500] /data/sai/new_charge/6000_data_aug13/La(SiPd)2_139/CHGCAR: ok (15.4 s)
[249/500] /data/sai/new_charge/6000_data_aug13/La(SiOs)2_139/CHGCAR: ok (18.4 s)
[250/500] /data/sai/new_charge/6000_data_aug13/KReO4_88/CHGCAR: ok (70.2 s)
[251/500] /data/sai/new_charge/6000_data_aug13/KPt2Se3_166/CHGCAR: ok (77.9 s)
[252/500] /data/sai/new_charge/6000_data_aug13/KZnSb_194/CHGCAR: ok (30.0 s)
[253/500] /data/sai/new_charge/6000_data_aug13/KSmS2_166/CHGCAR: ok (61.2 s)
[254/500] /data/sai/new_charge/6000_data_aug13/La2O3_164/CHGCAR: ok (14.0 s)
[255/500] /data/sai/new_charge/6000_data_aug13/KTlO2_166/CHGCAR: ok (50.3 s)
[256/500] /data/sai/new_charge/6000_data_aug13/LaAg_221/CHGCAR: ok (5.1 s)
[257/500] /data/sai/new_charge/6000_data_aug13/KYO2_166/CHGCAR: ok (48.8 s)
[258/500] /data/sai/new_charge/6000_data_aug13/La2In_194/CHGCAR: ok (25.7 s)
[259/500] /data/sai/new_charge/6000_data_aug13/La3AlN_221/CHGCAR: ok (19.2 s)
[260/500] /data/sai/new_charge/6000_data_aug13/KSb(PS3)2_4/CHGCAR: ok (76.3 s)
[261/500] /data/sai/new_charge/6000_data_aug13/La3PbC_221/CHGCAR: ok (15.1 s)
[262/500] /data/sai/new_charge/6000_data_aug13/LaAgO2_166/CHGCAR: ok (11.6 s)
[263/500] /data/sai/new_charge/6000_data_aug13/La3InN_221/CHGCAR: ok (18.0 s)
[264/500] /data/sai/new_charge/6000_data_aug13/La2Ni5B4_12/CHGCAR: ok (29.9 s)
[265/500] /data/sai/new_charge/6000_data_aug13/La2Sb_139/CHGCAR: ok (25.4 s)
[266/500] /data/sai/new_charge/6000_data_aug13/La(MnGe)2_139/CHGCAR: ok (40.4 s)
[267/500] /data/sai/new_charge/6000_data_aug13/La3(TaN3)2_139/CHGCAR: ok (26.3 s)
[268/500] /data/sai/new_charge/6000_data_aug13/La3TlC_221/CHGCAR: ok (20.0 s)
[269/500] /data/sai/new_charge/6000_data_aug13/LaAs_225/CHGCAR: ok (8.8 s)
[270/500] /data/sai/new_charge/6000_data_aug13/LaAl3Pd2_191/CHGCAR: ok (15.0 s)
[271/500] /data/sai/new_charge/6000_data_aug13/LaAl2_227/CHGCAR: ok (22.3 s)
[272/500] /data/sai/new_charge/6000_data_aug13/La3GaBr3_221/CHGCAR: ok (30.6 s)
[273/500] /data/sai/new_charge/6000_data_aug13/LaC2_139/CHGCAR: ok (8.5 s)
[274/500] /data/sai/new_charge/6000_data_aug13/LaBRh3_221/CHGCAR: ok (10.4 s)
[275/500] /data/sai/new_charge/6000_data_aug13/LaB6_221/CHGCAR: ok (11.8 s)
[276/500] /data/sai/new_charge/6000_data_aug13/La2Pd2O5_84/CHGCAR: ok (37.9 s)
[277/500] /data/sai/new_charge/6000_data_aug13/LaAlGe_109/CHGCAR: ok (17.9 s)
[278/500] /data/sai/new_charge/6000_data_aug13/LaCd_221/CHGCAR: ok (8.0 s)
[279/500] /data/sai/new_charge/6000_data_aug13/LaBiPt_216/CHGCAR: ok (14.1 s)
[280/500] /data/sai/new_charge/6000_data_aug13/LaCd2_191/CHGCAR: ok (11.7 s)
[281/500] /data/sai/new_charge/6000_data_aug13/LaAl3_194/CHGCAR: ok (25.3 s)
[282/500] /data/sai/new_charge/6000_data_aug13/La2CuO4_139/CHGCAR: ok (50.9 s)
[283/500] /data/sai/new_charge/6000_data_aug13/LaCu2_191/CHGCAR: ok (7.6 s)
[284/500] /data/sai/new_charge/6000_data_aug13/LaAu_63/CHGCAR: ok (21.0 s)
[285/500] /data/sai/new_charge/6000_data_aug13/LaAl_63/CHGCAR: ok (25.5 s)
[286/500] /data/sai/new_charge/6000_data_aug13/LaClO_129/CHGCAR: ok (12.5 s)
[287/500] /data/sai/new_charge/6000_data_aug13/LaCdHg2_225/CHGCAR: ok (19.0 s)
[288/500] /data/sai/new_charge/6000_data_aug13/LaCoGe3_107/CHGCAR: ok (14.2 s)
[289/500] /data/sai/new_charge/6000_data_aug13/LaH3_225/CHGCAR: ok (9.3 s)
[290/500] /data/sai/new_charge/6000_data_aug13/LaCuSO_129/CHGCAR: ok (17.3 s)
[291/500] /data/sai/new_charge/6000_data_aug13/LaFeSi_129/CHGCAR: ok (14.5 s)
[292/500] /data/sai/new_charge/6000_data_aug13/LaI2_139/CHGCAR: ok (10.9 s)
[293/500] /data/sai/new_charge/6000_data_aug13/LaCuSi_194/CHGCAR: ok (19.4 s)
[294/500] /data/sai/new_charge/6000_data_aug13/LaIn3_221/CHGCAR: ok (12.2 s)
[295/500] /data/sai/new_charge/6000_data_aug13/LaIn_221/CHGCAR: ok (6.5 s)
[296/500] /data/sai/new_charge/6000_data_aug13/LaGa3Pd2_191/CHGCAR: ok (18.4 s)
[297/500] /data/sai/new_charge/6000_data_aug13/La2S3_62/CHGCAR: ok (60.6 s)
[298/500] /data/sai/new_charge/6000_data_aug13/LaCl3_176/CHGCAR: ok (27.6 s)
[299/500] /data/sai/new_charge/6000_data_aug13/La2Hf2O7_227/CHGCAR: ok (68.6 s)
[300/500] /data/sai/new_charge/6000_data_aug13/LaHgAu2_225/CHGCAR: ok (19.3 s)
[301/500] /data/sai/new_charge/6000_data_aug13/LaBr3_176/CHGCAR: ok (37.5 s)
[302/500] /data/sai/new_charge/6000_data_aug13/LaB4_127/CHGCAR: ok (40.0 s)
[303/500] /data/sai/new_charge/6000_data_aug13/La3Co_62/CHGCAR: ok (61.6 s)
[304/500] /data/sai/new_charge/6000_data_aug13/KZrCuSe3_63/CHGCAR: ok (82.4 s)
[305/500] /data/sai/new_charge/6000_data_aug13/LaInHg2_225/CHGCAR: ok (12.2 s)
[306/500] /data/sai/new_charge/6000_data_aug13/LaN_225/CHGCAR: ok (5.7 s)
[307/500] /data/sai/new_charge/6000_data_aug13/LaInAg2_225/CHGCAR: ok (17.2 s)
[308/500] /data/sai/new_charge/6000_data_aug13/LaB2Rh2C_139/CHGCAR: ok (45.7 s)
[309/500] /data/sai/new_charge/6000_data_aug13/LaIn5Rh_123/CHGCAR: ok (21.4 s)
[310/500] /data/sai/new_charge/6000_data_aug13/LaNiC2_38/CHGCAR: ok (9.1 s)
[311/500] /data/sai/new_charge/6000_data_aug13/LaMgZn2_225/CHGCAR: ok (12.8 s)
[312/500] /data/sai/new_charge/6000_data_aug13/LaP_225/CHGCAR: ok (8.0 s)
[313/500] /data/sai/new_charge/6000_data_aug13/LaNi_63/CHGCAR: ok (10.1 s)
[314/500] /data/sai/new_charge/6000_data_aug13/LaIr2_227/CHGCAR: ok (20.2 s)
[315/500] /data/sai/new_charge/6000_data_aug13/LaPb3_221/CHGCAR: ok (9.5 s)
[316/500] /data/sai/new_charge/6000_data_aug13/LaNi5_191/CHGCAR: ok (12.7 s)
[317/500] /data/sai/new_charge/6000_data_aug13/LaPd3_221/CHGCAR: ok (10.1 s)
[318/500] /data/sai/new_charge/6000_data_aug13/LaMg3_225/CHGCAR: ok (24.3 s)
[319/500] /data/sai/new_charge/6000_data_aug13/LaCuSe2_14/CHGCAR: ok (43.7 s)
[320/500] /data/sai/new_charge/6000_data_aug13/LaS_225/CHGCAR: ok (6.6 s)
[321/500] /data/sai/new_charge/6000_data_aug13/La3Te4_220/CHGCAR: ok (71.7 s)
[322/500] /data/sai/new_charge/6000_data_aug13/LaI3_63/CHGCAR: ok (38.1 s)
[323/500] /data/sai/new_charge/6000_data_aug13/LaPbAu2_225/CHGCAR: ok (19.0 s)
[324/500] /data/sai/new_charge/6000_data_aug13/LaPd5_191/CHGCAR: ok (17.2 s)
[325/500] /data/sai/new_charge/6000_data_aug13/LaGa6_125/CHGCAR: ok (43.8 s)
[326/500] /data/sai/new_charge/6000_data_aug13/LaSb_225/CHGCAR: ok (11.3 s)
[327/500] /data/sai/new_charge/6000_data_aug13/LaMgGa_189/CHGCAR: ok (29.7 s)
[328/500] /data/sai/new_charge/6000_data_aug13/LaPt5_191/CHGCAR: ok (16.5 s)
[329/500] /data/sai/new_charge/6000_data_aug13/LaSF_129/CHGCAR: ok (14.0 s)
[330/500] /data/sai/new_charge/6000_data_aug13/LaNi2B2C_139/CHGCAR: ok (29.2 s)
[331/500] /data/sai/new_charge/6000_data_aug13/LaPrHg2_225/CHGCAR: ok (20.5 s)
[332/500] /data/sai/new_charge/6000_data_aug13/LaRh2_227/CHGCAR: ok (20.8 s)
[333/500] /data/sai/new_charge/6000_data_aug13/LaNi4B_191/CHGCAR: ok (33.5 s)
[334/500] /data/sai/new_charge/6000_data_aug13/LaTl_221/CHGCAR: ok (6.0 s)
[335/500] /data/sai/new_charge/6000_data_aug13/LaSbPd_194/CHGCAR: ok (19.3 s)
[336/500] /data/sai/new_charge/6000_data_aug13/LaNiSn_62/CHGCAR: ok (31.7 s)
[337/500] /data/sai/new_charge/6000_data_aug13/LaZn_221/CHGCAR: ok (5.2 s)
[338/500] /data/sai/new_charge/6000_data_aug13/LaTe_225/CHGCAR: ok (10.8 s)
[339/500] /data/sai/new_charge/6000_data_aug13/LaSi3Ir_107/CHGCAR: ok (14.0 s)
[340/500] /data/sai/new_charge/6000_data_aug13/LaTl3_221/CHGCAR: ok (11.5 s)
[341/500] /data/sai/new_charge/6000_data_aug13/LaF3_165/CHGCAR: ok (60.4 s)
[342/500] /data/sai/new_charge/6000_data_aug13/LaSn3_221/CHGCAR: ok (14.4 s)
[343/500] /data/sai/new_charge/6000_data_aug13/LaSi2_141/CHGCAR: ok (17.8 s)
[344/500] /data/sai/new_charge/6000_data_aug13/LaSi2Pt_63/CHGCAR: ok (20.3 s)
[345/500] /data/sai/new_charge/6000_data_aug13/LaSi2Ag_63/CHGCAR: ok (21.0 s)
[346/500] /data/sai/new_charge/6000_data_aug13/LaSi2Ru_11/CHGCAR: ok (20.2 s)
[347/500] /data/sai/new_charge/6000_data_aug13/Li(CuP)2_139/CHGCAR: ok (8.8 s)
[348/500] /data/sai/new_charge/6000_data_aug13/Li(NiP)2_139/CHGCAR: ok (8.8 s)
[349/500] /data/sai/new_charge/6000_data_aug13/LaSnAu2_225/CHGCAR: ok (18.1 s)
[350/500] /data/sai/new_charge/6000_data_aug13/La_194/CHGCAR: ok (13.3 s)
[351/500] /data/sai/new_charge/6000_data_aug13/LaSi_63/CHGCAR: ok (23.6 s)
[352/500] /data/sai/new_charge/6000_data_aug13/LaRhO3_62/CHGCAR: ok (36.5 s)
[353/500] /data/sai/new_charge/6000_data_aug13/LaScO3_62/CHGCAR: ok (35.0 s)
[354/500] /data/sai/new_charge/6000_data_aug13/Li(Co3P2)2_187/CHGCAR: ok (18.8 s)
[355/500] /data/sai/new_charge/6000_data_aug13/Li(SiRh)2_127/CHGCAR: ok (16.7 s)
[356/500] /data/sai/new_charge/6000_data_aug13/LaNi5H7_186/CHGCAR: ok (53.3 s)
[357/500] /data/sai/new_charge/6000_data_aug13/LaWN3_161/CHGCAR: ok (26.4 s)
[358/500] /data/sai/new_charge/6000_data_aug13/Li(YSi)2_127/CHGCAR: ok (20.3 s)
[359/500] /data/sai/new_charge/6000_data_aug13/Li2AgAu_225/CHGCAR: ok (11.4 s)
[360/500] /data/sai/new_charge/6000_data_aug13/La2Si4CN6_62/CHGCAR: ok (119.5 s)
[361/500] /data/sai/new_charge/6000_data_aug13/LaPO4_14/CHGCAR: ok (57.5 s)
[362/500] /data/sai/new_charge/6000_data_aug13/Li2AlAg_216/CHGCAR: ok (9.5 s)
[363/500] /data/sai/new_charge/6000_data_aug13/Li2AgHg_225/CHGCAR: ok (13.5 s)
[364/500] /data/sai/new_charge/6000_data_aug13/Li2AgPb_216/CHGCAR: ok (12.8 s)
[365/500] /data/sai/new_charge/6000_data_aug13/Li2AcIn_225/CHGCAR: ok (18.1 s)
[366/500] /data/sai/new_charge/6000_data_aug13/Li2AgSb_216/CHGCAR: ok (12.4 s)
[367/500] /data/sai/new_charge/6000_data_aug13/Li2AgSn_216/CHGCAR: ok (12.4 s)
[368/500] /data/sai/new_charge/6000_data_aug13/Li2AcTl_225/CHGCAR: ok (19.5 s)
[369/500] /data/sai/new_charge/6000_data_aug13/Li(TiSe2)3_164/CHGCAR: ok (28.6 s)
[370/500] /data/sai/new_charge/6000_data_aug13/Li2CN2_139/CHGCAR: ok (9.9 s)
[371/500] /data/sai/new_charge/6000_data_aug13/LaYbS3_63/CHGCAR: ok (43.0 s)
[372/500] /data/sai/new_charge/6000_data_aug13/Li2CdAu_225/CHGCAR: ok (9.8 s)
[373/500] /data/sai/new_charge/6000_data_aug13/Li(Sn3Pd)2_127/CHGCAR: ok (36.9 s)
[374/500] /data/sai/new_charge/6000_data_aug13/Li2CaSn_225/CHGCAR: ok (13.4 s)
[375/500] /data/sai/new_charge/6000_data_aug13/Li2CdPd_225/CHGCAR: ok (11.7 s)
[376/500] /data/sai/new_charge/6000_data_aug13/Li2CaSi_225/CHGCAR: ok (15.2 s)
[377/500] /data/sai/new_charge/6000_data_aug13/Li2CeN2_164/CHGCAR: ok (12.9 s)
[378/500] /data/sai/new_charge/6000_data_aug13/Li2CuGe_216/CHGCAR: ok (8.6 s)
[379/500] /data/sai/new_charge/6000_data_aug13/Li2CO3_15/CHGCAR: ok (24.8 s)
[380/500] /data/sai/new_charge/6000_data_aug13/Li2CeO3_65/CHGCAR: ok (15.3 s)
[381/500] /data/sai/new_charge/6000_data_aug13/Li14P2(N2O)3_147/CHGCAR: ok (42.6 s)
[382/500] /data/sai/new_charge/6000_data_aug13/Li2GaAu_216/CHGCAR: ok (10.0 s)
[383/500] /data/sai/new_charge/6000_data_aug13/Li2CuSn_216/CHGCAR: ok (10.3 s)
[384/500] /data/sai/new_charge/6000_data_aug13/Li13Sn5_164/CHGCAR: ok (48.0 s)
[385/500] /data/sai/new_charge/6000_data_aug13/Li2CuAs_194/CHGCAR: ok (16.7 s)
[386/500] /data/sai/new_charge/6000_data_aug13/Li2CuP_194/CHGCAR: ok (16.9 s)
[387/500] /data/sai/new_charge/6000_data_aug13/Li2GaIr_216/CHGCAR: ok (10.5 s)
[388/500] /data/sai/new_charge/6000_data_aug13/Li2GaPd_216/CHGCAR: ok (10.4 s)
[389/500] /data/sai/new_charge/6000_data_aug13/Li2AlPd_216/CHGCAR: ok (37.7 s)
[390/500] /data/sai/new_charge/6000_data_aug13/Li2AlPt_216/CHGCAR: ok (38.5 s)
[391/500] /data/sai/new_charge/6000_data_aug13/Li2GaPt_216/CHGCAR: ok (10.5 s)
[392/500] /data/sai/new_charge/6000_data_aug13/Li2GaRh_216/CHGCAR: ok (10.4 s)
[393/500] /data/sai/new_charge/6000_data_aug13/Li2GeAu_216/CHGCAR: ok (9.4 s)
[394/500] /data/sai/new_charge/6000_data_aug13/Li2AlRh_216/CHGCAR: ok (41.6 s)
[395/500] /data/sai/new_charge/6000_data_aug13/Li2Ga_63/CHGCAR: ok (14.6 s)
[396/500] /data/sai/new_charge/6000_data_aug13/Li2HgPd_225/CHGCAR: ok (10.0 s)
[397/500] /data/sai/new_charge/6000_data_aug13/Li2CdSb_225/CHGCAR: ok (35.8 s)
[398/500] /data/sai/new_charge/6000_data_aug13/Li2CdSn_225/CHGCAR: ok (36.0 s)
[399/500] /data/sai/new_charge/6000_data_aug13/Li2InRh_216/CHGCAR: ok (10.4 s)
[400/500] /data/sai/new_charge/6000_data_aug13/Li2InAg_216/CHGCAR: ok (13.2 s)
[401/500] /data/sai/new_charge/6000_data_aug13/Li2HgAu_225/CHGCAR: ok (14.6 s)
[402/500] /data/sai/new_charge/6000_data_aug13/Li2InAu_216/CHGCAR: ok (13.1 s)
[403/500] /data/sai/new_charge/6000_data_aug13/Li2InPd_216/CHGCAR: ok (13.4 s)
[404/500] /data/sai/new_charge/6000_data_aug13/Li2InSn_225/CHGCAR: ok (12.3 s)
[405/500] /data/sai/new_charge/6000_data_aug13/Li2Ca_194/CHGCAR: ok (45.4 s)
[406/500] /data/sai/new_charge/6000_data_aug13/Li2InPt_216/CHGCAR: ok (15.0 s)
[407/500] /data/sai/new_charge/6000_data_aug13/Li2In_63/CHGCAR: ok (13.8 s)
[408/500] /data/sai/new_charge/6000_data_aug13/Li2Pd_191/CHGCAR: ok (6.2 s)
[409/500] /data/sai/new_charge/6000_data_aug13/Li2MgIn_225/CHGCAR: ok (13.3 s)
[410/500] /data/sai/new_charge/6000_data_aug13/Li2CuSb_216/CHGCAR: ok (39.2 s)
[411/500] /data/sai/new_charge/6000_data_aug13/Li13Si4_55/CHGCAR: ok (72.9 s)
[412/500] /data/sai/new_charge/6000_data_aug13/Li2NdTl_225/CHGCAR: ok (14.2 s)
[413/500] /data/sai/new_charge/6000_data_aug13/Li2NdIn_225/CHGCAR: ok (14.8 s)
[414/500] /data/sai/new_charge/6000_data_aug13/Li2PdAu_225/CHGCAR: ok (11.0 s)
[415/500] /data/sai/new_charge/6000_data_aug13/Li2GeN2_14/CHGCAR: ok (30.7 s)
[416/500] /data/sai/new_charge/6000_data_aug13/Li2O2_194/CHGCAR: ok (13.5 s)
[417/500] /data/sai/new_charge/6000_data_aug13/Li2GePbS4_121/CHGCAR: ok (30.0 s)
[418/500] /data/sai/new_charge/6000_data_aug13/Li2LaIn_225/CHGCAR: ok (20.1 s)
[419/500] /data/sai/new_charge/6000_data_aug13/Li2Pt_191/CHGCAR: ok (5.5 s)
[420/500] /data/sai/new_charge/6000_data_aug13/Li2H2Pd_139/CHGCAR: ok (32.8 s)
[421/500] /data/sai/new_charge/6000_data_aug13/Li2PmIn_225/CHGCAR: ok (13.3 s)
[422/500] /data/sai/new_charge/6000_data_aug13/Li2S_225/CHGCAR: ok (7.6 s)
[423/500] /data/sai/new_charge/6000_data_aug13/Li2PmTl_225/CHGCAR: ok (12.6 s)
[424/500] /data/sai/new_charge/6000_data_aug13/Li2O_225/CHGCAR: ok (22.4 s)
[425/500] /data/sai/new_charge/6000_data_aug13/Li2PNO2_36/CHGCAR: ok (22.0 s)
[426/500] /data/sai/new_charge/6000_data_aug13/Li2PmPb_225/CHGCAR: ok (13.4 s)
[427/500] /data/sai/new_charge/6000_data_aug13/Li2PrIn_225/CHGCAR: ok (13.3 s)
[428/500] /data/sai/new_charge/6000_data_aug13/Li2Se_225/CHGCAR: ok (9.9 s)
[429/500] /data/sai/new_charge/6000_data_aug13/Li2PdO2_71/CHGCAR: ok (25.6 s)
[430/500] /data/sai/new_charge/6000_data_aug13/Li2PdO3_12/CHGCAR: ok (27.7 s)
[431/500] /data/sai/new_charge/6000_data_aug13/Li2SnN2_164/CHGCAR: ok (9.4 s)
[432/500] /data/sai/new_charge/6000_data_aug13/Li2Ca_227/CHGCAR: ok (74.3 s)
[433/500] /data/sai/new_charge/6000_data_aug13/Li2TlPd_225/CHGCAR: ok (11.2 s)
[434/500] /data/sai/new_charge/6000_data_aug13/Li2Te_225/CHGCAR: ok (13.7 s)
[435/500] /data/sai/new_charge/6000_data_aug13/Li13In3_227/CHGCAR: ok (102.7 s)
[436/500] /data/sai/new_charge/6000_data_aug13/Li2SiO3_36/CHGCAR: ok (23.9 s)
[437/500] /data/sai/new_charge/6000_data_aug13/Li2YTl_225/CHGCAR: ok (14.3 s)
[438/500] /data/sai/new_charge/6000_data_aug13/Li2ZrN2_164/CHGCAR: ok (11.7 s)
[439/500] /data/sai/new_charge/6000_data_aug13/Li2SbAu_216/CHGCAR: ok (33.1 s)
[440/500] /data/sai/new_charge/6000_data_aug13/Li2SbPd_216/CHGCAR: ok (36.3 s)
[441/500] /data/sai/new_charge/6000_data_aug13/Li2SbPt_216/CHGCAR: ok (36.9 s)
[442/500] /data/sai/new_charge/6000_data_aug13/Li2Si2O5_37/CHGCAR: ok (34.9 s)
[443/500] /data/sai/new_charge/6000_data_aug13/Li15Ge4_220/CHGCAR: ok (110.9 s)
[444/500] /data/sai/new_charge/6000_data_aug13/Li2SnAu_216/CHGCAR: ok (36.2 s)
[445/500] /data/sai/new_charge/6000_data_aug13/Li2TiF6_136/CHGCAR: ok (32.5 s)
[446/500] /data/sai/new_charge/6000_data_aug13/Li3Al2_166/CHGCAR: ok (20.8 s)
[447/500] /data/sai/new_charge/6000_data_aug13/Li3Au_225/CHGCAR: ok (9.9 s)
[448/500] /data/sai/new_charge/6000_data_aug13/Li2ZrO3_15/CHGCAR: ok (24.8 s)
[449/500] /data/sai/new_charge/6000_data_aug13/Li2SO4_14/CHGCAR: ok (50.3 s)
[450/500] /data/sai/new_charge/6000_data_aug13/Li2US3_12/CHGCAR: ok (35.8 s)
[451/500] /data/sai/new_charge/6000_data_aug13/Li2Sb_190/CHGCAR: ok (48.1 s)
[452/500] /data/sai/new_charge/6000_data_aug13/Li3As_194/CHGCAR: ok (18.1 s)
[453/500] /data/sai/new_charge/6000_data_aug13/Li2Sb_189/CHGCAR: ok (49.9 s)
[454/500] /data/sai/new_charge/6000_data_aug13/Li3Bi_225/CHGCAR: ok (13.8 s)
[455/500] /data/sai/new_charge/6000_data_aug13/Li3Cd_139/CHGCAR: ok (13.8 s)
[456/500] /data/sai/new_charge/6000_data_aug13/Li3N_191/CHGCAR: ok (7.7 s)
[457/500] /data/sai/new_charge/6000_data_aug13/Li2Sn2Au_141/CHGCAR: ok (52.3 s)
[458/500] /data/sai/new_charge/6000_data_aug13/Li2ZnSn_225/CHGCAR: ok (39.0 s)
[459/500] /data/sai/new_charge/6000_data_aug13/Li3Hg_139/CHGCAR: ok (13.8 s)
[460/500] /data/sai/new_charge/6000_data_aug13/Li3AlH6_148/CHGCAR: ok (31.8 s)
[461/500] /data/sai/new_charge/6000_data_aug13/Li2TiO3_15/CHGCAR: ok (53.0 s)
[462/500] /data/sai/new_charge/6000_data_aug13/Li2ZnCl4_227/CHGCAR: ok (46.3 s)
[463/500] /data/sai/new_charge/6000_data_aug13/Li3AuS2_72/CHGCAR: ok (33.7 s)
[464/500] /data/sai/new_charge/6000_data_aug13/Li3LaP2_164/CHGCAR: ok (16.3 s)
[465/500] /data/sai/new_charge/6000_data_aug13/Li3Ga2_166/CHGCAR: ok (21.6 s)
[466/500] /data/sai/new_charge/6000_data_aug13/Li3HoSb2_164/CHGCAR: ok (19.9 s)
[467/500] /data/sai/new_charge/6000_data_aug13/Li3Tl_225/CHGCAR: ok (13.1 s)
[468/500] /data/sai/new_charge/6000_data_aug13/Li3P_194/CHGCAR: ok (18.8 s)
[469/500] /data/sai/new_charge/6000_data_aug13/Li3PrBi2_164/CHGCAR: ok (20.7 s)
[470/500] /data/sai/new_charge/6000_data_aug13/Li3PO4_31/CHGCAR: ok (28.2 s)
[471/500] /data/sai/new_charge/6000_data_aug13/Li3Sb_194/CHGCAR: ok (23.5 s)
[472/500] /data/sai/new_charge/6000_data_aug13/Li3UO4_139/CHGCAR: ok (23.0 s)
[473/500] /data/sai/new_charge/6000_data_aug13/Li3Hg_225/CHGCAR: ok (36.6 s)
[474/500] /data/sai/new_charge/6000_data_aug13/Li3BO3_14/CHGCAR: ok (46.4 s)
[475/500] /data/sai/new_charge/6000_data_aug13/Li3CuO3_136/CHGCAR: ok (45.8 s)
[476/500] /data/sai/new_charge/6000_data_aug13/Li15Au4_220/CHGCAR: ok (160.4 s)
[477/500] /data/sai/new_charge/6000_data_aug13/Li3VS4_215/CHGCAR: ok (26.8 s)
[478/500] /data/sai/new_charge/6000_data_aug13/Li4UO5_87/CHGCAR: ok (23.4 s)
[479/500] /data/sai/new_charge/6000_data_aug13/Li15Si4_220/CHGCAR: ok (162.9 s)
[480/500] /data/sai/new_charge/6000_data_aug13/Li5(NiN)3_189/CHGCAR: ok (23.5 s)
[481/500] /data/sai/new_charge/6000_data_aug13/Li4TiO4_63/CHGCAR: ok (30.1 s)
[482/500] /data/sai/new_charge/6000_data_aug13/Li3Pd_225/CHGCAR: ok (39.4 s)
[483/500] /data/sai/new_charge/6000_data_aug13/Li4SiO4_2/CHGCAR: ok (30.8 s)
[484/500] /data/sai/new_charge/6000_data_aug13/Li5Br2N_71/CHGCAR: ok (18.5 s)
[485/500] /data/sai/new_charge/6000_data_aug13/Li5SbO5_12/CHGCAR: ok (18.7 s)
[486/500] /data/sai/new_charge/6000_data_aug13/Li4NCl_166/CHGCAR: ok (39.8 s)
[487/500] /data/sai/new_charge/6000_data_aug13/Li5OsN4_59/CHGCAR: ok (26.6 s)
[488/500] /data/sai/new_charge/6000_data_aug13/Li5ReN4_59/CHGCAR: ok (25.2 s)
[489/500] /data/sai/new_charge/6000_data_aug13/Li5TaO5_12/CHGCAR: ok (19.3 s)
[490/500] /data/sai/new_charge/6000_data_aug13/Li3B7O12_2/CHGCAR: ok (73.1 s)
[491/500] /data/sai/new_charge/6000_data_aug13/Li3AlN2_206/CHGCAR: ok (84.0 s)
[492/500] /data/sai/new_charge/6000_data_aug13/Li5Sn2_166/CHGCAR: ok (31.8 s)
[493/500] /data/sai/new_charge/6000_data_aug13/Li3PS4_62/CHGCAR: ok (62.6 s)
[494/500] /data/sai/new_charge/6000_data_aug13/Li5Tl2_166/CHGCAR: ok (28.2 s)
[495/500] /data/sai/new_charge/6000_data_aug13/Li5SiP3_9/CHGCAR: ok (36.5 s)
[496/500] /data/sai/new_charge/6000_data_aug13/Li3AlF6_15/CHGCAR: ok (93.6 s)
[497/500] /data/sai/new_charge/6000_data_aug13/Li3P7_19/CHGCAR: ok (70.7 s)
[498/500] /data/sai/new_charge/6000_data_aug13/Li3YN2_206/CHGCAR: ok (69.0 s)
[499/500] /data/sai/new_charge/6000_data_aug13/Li5AlO4_61/CHGCAR: ok (69.3 s)
[500/500] /data/sai/new_charge/6000_data_aug13/Li12Si7_62/CHGCAR: ok (243.3 s)
chunk 4: 500 rows, 0 errors, 47.1 min elapsed
[1/500] /data/sai/new_charge/6000_data_aug13/LiAg2Sn_225/CHGCAR: ok (6.6 s)
[2/500] /data/sai/new_charge/6000_data_aug13/LiAg2Ge_225/CHGCAR: ok (7.0 s)
[3/500] /data/sai/new_charge/6000_data_aug13/LiAg_221/CHGCAR: ok (2.1 s)
[4/500] /data/sai/new_charge/6000_data_aug13/LiAc2Si_225/CHGCAR: ok (9.4 s)
[5/500] /data/sai/new_charge/6000_data_aug13/LiAcTl2_225/CHGCAR: ok (9.7 s)
[6/500] /data/sai/new_charge/6000_data_aug13/LiAg3_139/CHGCAR: ok (9.9 s)
[7/500] /data/sai/new_charge/6000_data_aug13/LiAc2Ge_225/CHGCAR: ok (12.0 s)
[8/500] /data/sai/new_charge/6000_data_aug13/LiAl2Ni_225/CHGCAR: ok (4.4 s)
[9/500] /data/sai/new_charge/6000_data_aug13/Li9Al4_12/CHGCAR: ok (16.4 s)
[10/500] /data/sai/new_charge/6000_data_aug13/LiAl3_221/CHGCAR: ok (7.2 s)
[11/500] /data/sai/new_charge/6000_data_aug13/Li6IrN4_137/CHGCAR: ok (18.4 s)
[12/500] /data/sai/new_charge/6000_data_aug13/Li6CrN4_137/CHGCAR: ok (22.1 s)
[13/500] /data/sai/new_charge/6000_data_aug13/LiAlAg2_225/CHGCAR: ok (5.2 s)
[14/500] /data/sai/new_charge/6000_data_aug13/LiAlCu2_225/CHGCAR: ok (4.6 s)
[15/500] /data/sai/new_charge/6000_data_aug13/Li6MoN4_137/CHGCAR: ok (23.4 s)
[16/500] /data/sai/new_charge/6000_data_aug13/Li6OsN4_137/CHGCAR: ok (23.6 s)
[17/500] /data/sai/new_charge/6000_data_aug13/Li6WN4_137/CHGCAR: ok (24.1 s)
[18/500] /data/sai/new_charge/6000_data_aug13/LiAlAu2_225/CHGCAR: ok (7.5 s)
[19/500] /data/sai/new_charge/6000_data_aug13/LiAg3O2_72/CHGCAR: ok (25.1 s)
[20/500] /data/sai/new_charge/6000_data_aug13/Li6FeN4_137/CHGCAR: ok (25.2 s)
[21/500] /data/sai/new_charge/6000_data_aug13/LiAlRh2_225/CHGCAR: ok (4.4 s)
[22/500] /data/sai/new_charge/6000_data_aug13/LiAlGe_216/CHGCAR: ok (7.4 s)
[23/500] /data/sai/new_charge/6000_data_aug13/LiAu3_221/CHGCAR: ok (6.8 s)
[24/500] /data/sai/new_charge/6000_data_aug13/LiAl2Pd_225/CHGCAR: ok (24.6 s)
[25/500] /data/sai/new_charge/6000_data_aug13/LiAsRh2_225/CHGCAR: ok (7.5 s)
[26/500] /data/sai/new_charge/6000_data_aug13/LiAlO2_166/CHGCAR: ok (10.9 s)
[27/500] /data/sai/new_charge/6000_data_aug13/LiAl2Ir_225/CHGCAR: ok (32.2 s)
[28/500] /data/sai/new_charge/6000_data_aug13/LiBC_194/CHGCAR: ok (9.7 s)
[29/500] /data/sai/new_charge/6000_data_aug13/Li6MnS4_137/CHGCAR: ok (36.2 s)
[30/500] /data/sai/new_charge/6000_data_aug13/LiBe2Ir_225/CHGCAR: ok (4.4 s)
[31/500] /data/sai/new_charge/6000_data_aug13/LiAl2Pt_225/CHGCAR: ok (32.3 s)
[32/500] /data/sai/new_charge/6000_data_aug13/LiB6C_38/CHGCAR: ok (13.8 s)
[33/500] /data/sai/new_charge/6000_data_aug13/LiB_194/CHGCAR: ok (7.9 s)
[34/500] /data/sai/new_charge/6000_data_aug13/LiAl_227/CHGCAR: ok (16.4 s)
[35/500] /data/sai/new_charge/6000_data_aug13/Li7Sn3_11/CHGCAR: ok (39.6 s)
[36/500] /data/sai/new_charge/6000_data_aug13/LiBePt2_225/CHGCAR: ok (5.1 s)
[37/500] /data/sai/new_charge/6000_data_aug13/LiAl2Rh_225/CHGCAR: ok (35.3 s)
[38/500] /data/sai/new_charge/6000_data_aug13/LiBePd2_225/CHGCAR: ok (7.3 s)
[39/500] /data/sai/new_charge/6000_data_aug13/Li8SiO6_185/CHGCAR: ok (44.8 s)
[40/500] /data/sai/new_charge/6000_data_aug13/LiBeAs_129/CHGCAR: ok (9.6 s)
[41/500] /data/sai/new_charge/6000_data_aug13/LiC_71/CHGCAR: ok (4.2 s)
[42/500] /data/sai/new_charge/6000_data_aug13/LiBIr_70/CHGCAR: ok (14.9 s)
[43/500] /data/sai/new_charge/6000_data_aug13/LiAlTe2_122/CHGCAR: ok (24.9 s)
[44/500] /data/sai/new_charge/6000_data_aug13/LiBeSb_186/CHGCAR: ok (9.8 s)
[45/500] /data/sai/new_charge/6000_data_aug13/LiBr_186/CHGCAR: ok (8.9 s)
[46/500] /data/sai/new_charge/6000_data_aug13/Li9Ge4_194/CHGCAR: ok (47.2 s)
[47/500] /data/sai/new_charge/6000_data_aug13/LiBiPd2_225/CHGCAR: ok (11.3 s)
[48/500] /data/sai/new_charge/6000_data_aug13/LiBeN_14/CHGCAR: ok (15.9 s)
[49/500] /data/sai/new_charge/6000_data_aug13/LiAlSi_216/CHGCAR: ok (31.5 s)
[50/500] /data/sai/new_charge/6000_data_aug13/Li7Si2_55/CHGCAR: ok (55.0 s)
[51/500] /data/sai/new_charge/6000_data_aug13/LiCa2Cd_225/CHGCAR: ok (13.3 s)
[52/500] /data/sai/new_charge/6000_data_aug13/LiBiF4_88/CHGCAR: ok (17.5 s)
[53/500] /data/sai/new_charge/6000_data_aug13/LiCa2In_225/CHGCAR: ok (13.0 s)
[54/500] /data/sai/new_charge/6000_data_aug13/LiCaN_62/CHGCAR: ok (11.6 s)
[55/500] /data/sai/new_charge/6000_data_aug13/LiCd2Au_225/CHGCAR: ok (8.9 s)
[56/500] /data/sai/new_charge/6000_data_aug13/LiCa2Al_225/CHGCAR: ok (15.1 s)
[57/500] /data/sai/new_charge/6000_data_aug13/LiCa2Tl_225/CHGCAR: ok (13.5 s)
[58/500] /data/sai/new_charge/6000_data_aug13/LiC12_191/CHGCAR: ok (20.7 s)
[59/500] /data/sai/new_charge/6000_data_aug13/LiAuI4_14/CHGCAR: ok (35.5 s)
[60/500] /data/sai/new_charge/6000_data_aug13/LiCdPd2_225/CHGCAR: ok (5.8 s)
[61/500] /data/sai/new_charge/6000_data_aug13/LiCdAs_216/CHGCAR: ok (8.6 s)
[62/500] /data/sai/new_charge/6000_data_aug13/LiCo2Si_225/CHGCAR: ok (4.3 s)
[63/500] /data/sai/new_charge/6000_data_aug13/LiCd2Pt_225/CHGCAR: ok (12.2 s)
[64/500] /data/sai/new_charge/6000_data_aug13/LiBF4_152/CHGCAR: ok (33.0 s)
[65/500] /data/sai/new_charge/6000_data_aug13/LiAl5O8_212/CHGCAR: ok (55.6 s)
[66/500] /data/sai/new_charge/6000_data_aug13/LiCo2Ge_225/CHGCAR: ok (8.1 s)
[67/500] /data/sai/new_charge/6000_data_aug13/LiCoAs_129/CHGCAR: ok (7.8 s)
[68/500] /data/sai/new_charge/6000_data_aug13/LiCu2Ge_225/CHGCAR: ok (7.2 s)
[69/500] /data/sai/new_charge/6000_data_aug13/LiCuO2_12/CHGCAR: ok (5.5 s)
[70/500] /data/sai/new_charge/6000_data_aug13/LiCd2Pd_225/CHGCAR: ok (16.0 s)
[71/500] /data/sai/new_charge/6000_data_aug13/LiCrS2_164/CHGCAR: ok (9.1 s)
[72/500] /data/sai/new_charge/6000_data_aug13/Li7Sn2_65/CHGCAR: ok (68.0 s)
[73/500] /data/sai/new_charge/6000_data_aug13/LiCaAlF6_163/CHGCAR: ok (22.8 s)
[74/500] /data/sai/new_charge/6000_data_aug13/LiCu3_139/CHGCAR: ok (9.3 s)
[75/500] /data/sai/new_charge/6000_data_aug13/LiCaSn_187/CHGCAR: ok (22.1 s)
[76/500] /data/sai/new_charge/6000_data_aug13/LiCuPd2_225/CHGCAR: ok (10.0 s)
[77/500] /data/sai/new_charge/6000_data_aug13/LiEuH3_221/CHGCAR: ok (5.5 s)
[78/500] /data/sai/new_charge/6000_data_aug13/LiCaPb_187/CHGCAR: ok (25.0 s)
[79/500] /data/sai/new_charge/6000_data_aug13/LiCuO_139/CHGCAR: ok (11.7 s)
[80/500] /data/sai/new_charge/6000_data_aug13/LiFeRh2_225/CHGCAR: ok (7.4 s)
[81/500] /data/sai/new_charge/6000_data_aug13/LiGa2Pd_225/CHGCAR: ok (5.9 s)
[82/500] /data/sai/new_charge/6000_data_aug13/LiFeAs_129/CHGCAR: ok (8.8 s)
[83/500] /data/sai/new_charge/6000_data_aug13/LiF_225/CHGCAR: ok (9.7 s)
[84/500] /data/sai/new_charge/6000_data_aug13/LiFeP_129/CHGCAR: ok (9.5 s)
[85/500] /data/sai/new_charge/6000_data_aug13/LiGaRh2_225/CHGCAR: ok (4.4 s)
[86/500] /data/sai/new_charge/6000_data_aug13/LiGa2Ir_225/CHGCAR: ok (8.7 s)
[87/500] /data/sai/new_charge/6000_data_aug13/LiGaAu2_225/CHGCAR: ok (6.4 s)
[88/500] /data/sai/new_charge/6000_data_aug13/LiGa2Pt_225/CHGCAR: ok (8.4 s)
[89/500] /data/sai/new_charge/6000_data_aug13/LiGaCu2_225/CHGCAR: ok (7.3 s)
[90/500] /data/sai/new_charge/6000_data_aug13/LiGaAg2_225/CHGCAR: ok (8.6 s)
[91/500] /data/sai/new_charge/6000_data_aug13/LiDyS2_166/CHGCAR: ok (18.5 s)
[92/500] /data/sai/new_charge/6000_data_aug13/LiCaSi2_62/CHGCAR: ok (32.0 s)
[93/500] /data/sai/new_charge/6000_data_aug13/LiClO4_62/CHGCAR: ok (23.7 s)
[94/500] /data/sai/new_charge/6000_data_aug13/LiGa2Rh_225/CHGCAR: ok (9.9 s)
[95/500] /data/sai/new_charge/6000_data_aug13/LiErTl2_225/CHGCAR: ok (15.5 s)
[96/500] /data/sai/new_charge/6000_data_aug13/LiGeIr2_225/CHGCAR: ok (5.0 s)
[97/500] /data/sai/new_charge/6000_data_aug13/LiHPd_123/CHGCAR: ok (2.0 s)
[98/500] /data/sai/new_charge/6000_data_aug13/LiGeRh2_225/CHGCAR: ok (7.1 s)
[99/500] /data/sai/new_charge/6000_data_aug13/LiGa_227/CHGCAR: ok (9.4 s)
[100/500] /data/sai/new_charge/6000_data_aug13/LiErS2_166/CHGCAR: ok (20.2 s)
[101/500] /data/sai/new_charge/6000_data_aug13/LiGePd2_225/CHGCAR: ok (8.8 s)
[102/500] /data/sai/new_charge/6000_data_aug13/LiCd_227/CHGCAR: ok (29.8 s)
[103/500] /data/sai/new_charge/6000_data_aug13/LiErGe_189/CHGCAR: ok (22.5 s)
[104/500] /data/sai/new_charge/6000_data_aug13/LiHO_129/CHGCAR: ok (8.1 s)
[105/500] /data/sai/new_charge/6000_data_aug13/LiH_225/CHGCAR: ok (7.4 s)
[106/500] /data/sai/new_charge/6000_data_aug13/LiHfIr2_225/CHGCAR: ok (6.3 s)
[107/500] /data/sai/new_charge/6000_data_aug13/LiHg_221/CHGCAR: ok (2.8 s)
[108/500] /data/sai/new_charge/6000_data_aug13/LiHfPt2_225/CHGCAR: ok (6.4 s)
[109/500] /data/sai/new_charge/6000_data_aug13/LiGeAu2_225/CHGCAR: ok (13.4 s)
[110/500] /data/sai/new_charge/6000_data_aug13/LiDySe2_166/CHGCAR: ok (27.7 s)
[111/500] /data/sai/new_charge/6000_data_aug13/LiHfRh2_225/CHGCAR: ok (7.6 s)
[112/500] /data/sai/new_charge/6000_data_aug13/LiHgPd2_225/CHGCAR: ok (7.6 s)
[113/500] /data/sai/new_charge/6000_data_aug13/LiHf2Re_225/CHGCAR: ok (12.2 s)
[114/500] /data/sai/new_charge/6000_data_aug13/LiHf2Os_225/CHGCAR: ok (12.9 s)
[115/500] /data/sai/new_charge/6000_data_aug13/LiGaTe2_122/CHGCAR: ok (18.7 s)
[116/500] /data/sai/new_charge/6000_data_aug13/LiGe2N3_36/CHGCAR: ok (19.3 s)
[117/500] /data/sai/new_charge/6000_data_aug13/LiIn2Pd_225/CHGCAR: ok (7.4 s)
[118/500] /data/sai/new_charge/6000_data_aug13/LiHg2Pd_225/CHGCAR: ok (11.7 s)
[119/500] /data/sai/new_charge/6000_data_aug13/LiI_186/CHGCAR: ok (8.7 s)
[120/500] /data/sai/new_charge/6000_data_aug13/LiIn2Ir_225/CHGCAR: ok (9.7 s)
[121/500] /data/sai/new_charge/6000_data_aug13/LiIr_187/CHGCAR: ok (1.8 s)
[122/500] /data/sai/new_charge/6000_data_aug13/LiInAg2_225/CHGCAR: ok (6.9 s)
[123/500] /data/sai/new_charge/6000_data_aug13/LiIn_227/CHGCAR: ok (6.6 s)
[124/500] /data/sai/new_charge/6000_data_aug13/LiIr3_44/CHGCAR: ok (6.0 s)
[125/500] /data/sai/new_charge/6000_data_aug13/LiIn2Pt_225/CHGCAR: ok (11.2 s)
[126/500] /data/sai/new_charge/6000_data_aug13/LiIn2Rh_225/CHGCAR: ok (9.4 s)
[127/500] /data/sai/new_charge/6000_data_aug13/LiHoTl2_225/CHGCAR: ok (13.2 s)
[128/500] /data/sai/new_charge/6000_data_aug13/LiInAu2_225/CHGCAR: ok (8.2 s)
[129/500] /data/sai/new_charge/6000_data_aug13/LiH2N_82/CHGCAR: ok (22.8 s)
[130/500] /data/sai/new_charge/6000_data_aug13/LiHS_26/CHGCAR: ok (21.9 s)
[131/500] /data/sai/new_charge/6000_data_aug13/LiInGe_216/CHGCAR: ok (9.1 s)
[132/500] /data/sai/new_charge/6000_data_aug13/LiLuHg2_225/CHGCAR: ok (6.6 s)
[133/500] /data/sai/new_charge/6000_data_aug13/LiMg2Ag_225/CHGCAR: ok (7.2 s)
[134/500] /data/sai/new_charge/6000_data_aug13/LiGaSe2_33/CHGCAR: ok (30.7 s)
[135/500] /data/sai/new_charge/6000_data_aug13/LiHoGe_189/CHGCAR: ok (19.8 s)
[136/500] /data/sai/new_charge/6000_data_aug13/LiMgAs_216/CHGCAR: ok (5.2 s)
[137/500] /data/sai/new_charge/6000_data_aug13/LiMg2Hg_225/CHGCAR: ok (7.6 s)
[138/500] /data/sai/new_charge/6000_data_aug13/LiIn(IO3)4_2/CHGCAR: ok (18.6 s)
[139/500] /data/sai/new_charge/6000_data_aug13/LiGe_88/CHGCAR: ok (29.8 s)
[140/500] /data/sai/new_charge/6000_data_aug13/LiMg2Pd_225/CHGCAR: ok (7.2 s)
[141/500] /data/sai/new_charge/6000_data_aug13/LiMg2_139/CHGCAR: ok (6.9 s)
[142/500] /data/sai/new_charge/6000_data_aug13/LiMgP_216/CHGCAR: ok (5.0 s)
[143/500] /data/sai/new_charge/6000_data_aug13/LiMgN_216/CHGCAR: ok (7.4 s)
[144/500] /data/sai/new_charge/6000_data_aug13/LiLaHg2_225/CHGCAR: ok (13.5 s)
[145/500] /data/sai/new_charge/6000_data_aug13/LiMgBi_216/CHGCAR: ok (8.0 s)
[146/500] /data/sai/new_charge/6000_data_aug13/LiMgPd2_225/CHGCAR: ok (5.8 s)
[147/500] /data/sai/new_charge/6000_data_aug13/LiLuO2_141/CHGCAR: ok (13.4 s)
[148/500] /data/sai/new_charge/6000_data_aug13/LiMg2Zn_225/CHGCAR: ok (11.0 s)
[149/500] /data/sai/new_charge/6000_data_aug13/LiHoSe2_166/CHGCAR: ok (26.2 s)
[150/500] /data/sai/new_charge/6000_data_aug13/LiMg2Pt_225/CHGCAR: ok (11.9 s)
[151/500] /data/sai/new_charge/6000_data_aug13/LiMgAu2_225/CHGCAR: ok (11.7 s)
[152/500] /data/sai/new_charge/6000_data_aug13/LiMg2Rh_225/CHGCAR: ok (12.3 s)
[153/500] /data/sai/new_charge/6000_data_aug13/LiMnPd2_225/CHGCAR: ok (7.0 s)
[154/500] /data/sai/new_charge/6000_data_aug13/LiMnPt2_225/CHGCAR: ok (6.9 s)
[155/500] /data/sai/new_charge/6000_data_aug13/Li7TaN4_205/CHGCAR: ok (113.6 s)
[156/500] /data/sai/new_charge/6000_data_aug13/LiN3_12/CHGCAR: ok (6.5 s)
[157/500] /data/sai/new_charge/6000_data_aug13/LiMgTl2_225/CHGCAR: ok (8.4 s)
[158/500] /data/sai/new_charge/6000_data_aug13/LiPd_187/CHGCAR: ok (1.7 s)
[159/500] /data/sai/new_charge/6000_data_aug13/LiPd_221/CHGCAR: ok (2.2 s)
[160/500] /data/sai/new_charge/6000_data_aug13/LiNbIr2_225/CHGCAR: ok (8.4 s)
[161/500] /data/sai/new_charge/6000_data_aug13/LiMgSnPd_216/CHGCAR: ok (11.6 s)
[162/500] /data/sai/new_charge/6000_data_aug13/LiPd3_221/CHGCAR: ok (4.4 s)
[163/500] /data/sai/new_charge/6000_data_aug13/LiNbRh2_225/CHGCAR: ok (8.7 s)
[164/500] /data/sai/new_charge/6000_data_aug13/Li7VN4_205/CHGCAR: ok (118.8 s)
[165/500] /data/sai/new_charge/6000_data_aug13/LiNi2Ge_225/CHGCAR: ok (7.4 s)
[166/500] /data/sai/new_charge/6000_data_aug13/LiMgSnPt_216/CHGCAR: ok (14.9 s)
[167/500] /data/sai/new_charge/6000_data_aug13/LiInTe2_122/CHGCAR: ok (27.3 s)
[168/500] /data/sai/new_charge/6000_data_aug13/LiNi2Sn_225/CHGCAR: ok (8.7 s)
[169/500] /data/sai/new_charge/6000_data_aug13/LiNbS2_194/CHGCAR: ok (12.2 s)
[170/500] /data/sai/new_charge/6000_data_aug13/LiPm2Ge_225/CHGCAR: ok (8.5 s)
[171/500] /data/sai/new_charge/6000_data_aug13/LiPm2Os_225/CHGCAR: ok (8.0 s)
[172/500] /data/sai/new_charge/6000_data_aug13/LiNbN2_62/CHGCAR: ok (15.9 s)
[173/500] /data/sai/new_charge/6000_data_aug13/LiPt_187/CHGCAR: ok (2.5 s)
[174/500] /data/sai/new_charge/6000_data_aug13/LiNbO2_194/CHGCAR: ok (15.0 s)
[175/500] /data/sai/new_charge/6000_data_aug13/LiNO3_167/CHGCAR: ok (17.1 s)
[176/500] /data/sai/new_charge/6000_data_aug13/LiPt3_221/CHGCAR: ok (4.7 s)
[177/500] /data/sai/new_charge/6000_data_aug13/Li7NbN4_205/CHGCAR: ok (126.7 s)
[178/500] /data/sai/new_charge/6000_data_aug13/LiRh_187/CHGCAR: ok (1.8 s)
[179/500] /data/sai/new_charge/6000_data_aug13/LiPm2Ir_225/CHGCAR: ok (10.6 s)
[180/500] /data/sai/new_charge/6000_data_aug13/LiPN2_122/CHGCAR: ok (14.4 s)
[181/500] /data/sai/new_charge/6000_data_aug13/LiNdHg2_225/CHGCAR: ok (15.2 s)
[182/500] /data/sai/new_charge/6000_data_aug13/Li7SbN4_218/CHGCAR: ok (128.0 s)
[183/500] /data/sai/new_charge/6000_data_aug13/LiPm2Ga_225/CHGCAR: ok (13.8 s)
[184/500] /data/sai/new_charge/6000_data_aug13/LiPm2Si_225/CHGCAR: ok (10.1 s)
[185/500] /data/sai/new_charge/6000_data_aug13/LiRh2Pb_225/CHGCAR: ok (5.7 s)
[186/500] /data/sai/new_charge/6000_data_aug13/LiPm2Pt_225/CHGCAR: ok (14.1 s)
[187/500] /data/sai/new_charge/6000_data_aug13/LiNdGe_189/CHGCAR: ok (19.8 s)
[188/500] /data/sai/new_charge/6000_data_aug13/LiRu2W_225/CHGCAR: ok (6.5 s)
[189/500] /data/sai/new_charge/6000_data_aug13/LiPm2Ru_225/CHGCAR: ok (15.0 s)
[190/500] /data/sai/new_charge/6000_data_aug13/LiSbPd2_225/CHGCAR: ok (7.0 s)
[191/500] /data/sai/new_charge/6000_data_aug13/LiPmHg2_225/CHGCAR: ok (13.3 s)
[192/500] /data/sai/new_charge/6000_data_aug13/LiSc2Pt_225/CHGCAR: ok (7.3 s)
[193/500] /data/sai/new_charge/6000_data_aug13/LiRhO2_166/CHGCAR: ok (9.8 s)
[194/500] /data/sai/new_charge/6000_data_aug13/LiSc2Rh_225/CHGCAR: ok (7.8 s)
[195/500] /data/sai/new_charge/6000_data_aug13/LiSc2Ir_225/CHGCAR: ok (9.3 s)
[196/500] /data/sai/new_charge/6000_data_aug13/LiScHg2_225/CHGCAR: ok (6.7 s)
[197/500] /data/sai/new_charge/6000_data_aug13/LiSc2Os_225/CHGCAR: ok (9.5 s)
[198/500] /data/sai/new_charge/6000_data_aug13/LiP_14/CHGCAR: ok (23.2 s)
[199/500] /data/sai/new_charge/6000_data_aug13/LiScAu2_225/CHGCAR: ok (9.3 s)
[200/500] /data/sai/new_charge/6000_data_aug13/LiSc2Tc_225/CHGCAR: ok (9.8 s)
[201/500] /data/sai/new_charge/6000_data_aug13/LiSiNi2_225/CHGCAR: ok (4.1 s)
[202/500] /data/sai/new_charge/6000_data_aug13/LiScS2_166/CHGCAR: ok (7.0 s)
[203/500] /data/sai/new_charge/6000_data_aug13/LiSc2Ru_225/CHGCAR: ok (10.5 s)
[204/500] /data/sai/new_charge/6000_data_aug13/LiPrGe_189/CHGCAR: ok (18.0 s)
[205/500] /data/sai/new_charge/6000_data_aug13/LiSiIr2_225/CHGCAR: ok (6.1 s)
[206/500] /data/sai/new_charge/6000_data_aug13/LiSiPd2_225/CHGCAR: ok (4.8 s)
[207/500] /data/sai/new_charge/6000_data_aug13/LiSiRh2_225/CHGCAR: ok (4.7 s)
[208/500] /data/sai/new_charge/6000_data_aug13/LiScTl2_225/CHGCAR: ok (8.0 s)
[209/500] /data/sai/new_charge/6000_data_aug13/LiRuN_62/CHGCAR: ok (14.5 s)
[210/500] /data/sai/new_charge/6000_data_aug13/LiScAs2O7_5/CHGCAR: ok (13.1 s)
[211/500] /data/sai/new_charge/6000_data_aug13/LiSm2Os_225/CHGCAR: ok (6.5 s)
[212/500] /data/sai/new_charge/6000_data_aug13/LiScO2_141/CHGCAR: ok (13.0 s)
[213/500] /data/sai/new_charge/6000_data_aug13/LiSi2N3_36/CHGCAR: ok (13.8 s)
[214/500] /data/sai/new_charge/6000_data_aug13/LiSnRh2_225/CHGCAR: ok (6.2 s)
[215/500] /data/sai/new_charge/6000_data_aug13/LiTaIr2_225/CHGCAR: ok (6.0 s)
[216/500] /data/sai/new_charge/6000_data_aug13/LiSiCu2_225/CHGCAR: ok (14.4 s)
[217/500] /data/sai/new_charge/6000_data_aug13/LiSn_10/CHGCAR: ok (7.3 s)
[218/500] /data/sai/new_charge/6000_data_aug13/LiSnPd2_225/CHGCAR: ok (7.6 s)
[219/500] /data/sai/new_charge/6000_data_aug13/LiSbAu_216/CHGCAR: ok (23.1 s)
[220/500] /data/sai/new_charge/6000_data_aug13/LiSmTl2_225/CHGCAR: ok (12.2 s)
[221/500] /data/sai/new_charge/6000_data_aug13/LiTaRh2_225/CHGCAR: ok (8.7 s)
[222/500] /data/sai/new_charge/6000_data_aug13/LiTb2Ir_225/CHGCAR: ok (7.3 s)
[223/500] /data/sai/new_charge/6000_data_aug13/LiTbHg2_225/CHGCAR: ok (7.4 s)
[224/500] /data/sai/new_charge/6000_data_aug13/LiPt2_227/CHGCAR: ok (32.4 s)
[225/500] /data/sai/new_charge/6000_data_aug13/LiTiIr2_225/CHGCAR: ok (5.9 s)
[226/500] /data/sai/new_charge/6000_data_aug13/LiSnAu_194/CHGCAR: ok (13.0 s)
[227/500] /data/sai/new_charge/6000_data_aug13/LiTiRh2_225/CHGCAR: ok (7.9 s)
[228/500] /data/sai/new_charge/6000_data_aug13/LiTbTl2_225/CHGCAR: ok (10.4 s)
[229/500] /data/sai/new_charge/6000_data_aug13/LiSn2N3_36/CHGCAR: ok (19.7 s)
[230/500] /data/sai/new_charge/6000_data_aug13/LiTlPd2_139/CHGCAR: ok (7.0 s)
[231/500] /data/sai/new_charge/6000_data_aug13/LiTiS2_164/CHGCAR: ok (8.6 s)
[232/500] /data/sai/new_charge/6000_data_aug13/LiTmHg2_225/CHGCAR: ok (6.5 s)
[233/500] /data/sai/new_charge/6000_data_aug13/LiTaO3_161/CHGCAR: ok (19.0 s)
[234/500] /data/sai/new_charge/6000_data_aug13/LiTi2N3_63/CHGCAR: ok (12.9 s)
[235/500] /data/sai/new_charge/6000_data_aug13/LiVIr2_225/CHGCAR: ok (6.5 s)
[236/500] /data/sai/new_charge/6000_data_aug13/LiVRh2_225/CHGCAR: ok (6.3 s)
[237/500] /data/sai/new_charge/6000_data_aug13/LiY2Os_225/CHGCAR: ok (5.9 s)
[238/500] /data/sai/new_charge/6000_data_aug13/LiTm2Al_225/CHGCAR: ok (13.4 s)
[239/500] /data/sai/new_charge/6000_data_aug13/LiY2Al_225/CHGCAR: ok (8.0 s)
[240/500] /data/sai/new_charge/6000_data_aug13/LiScSiO4_62/CHGCAR: ok (34.9 s)
[241/500] /data/sai/new_charge/6000_data_aug13/LiY2Ir_225/CHGCAR: ok (10.1 s)
[242/500] /data/sai/new_charge/6000_data_aug13/LiNbO3_161/CHGCAR: ok (59.1 s)
[243/500] /data/sai/new_charge/6000_data_aug13/LiTiO2_141/CHGCAR: ok (21.0 s)
[244/500] /data/sai/new_charge/6000_data_aug13/LiTl2InF6_225/CHGCAR: ok (19.3 s)
[245/500] /data/sai/new_charge/6000_data_aug13/LiY2Ru_225/CHGCAR: ok (10.6 s)
[246/500] /data/sai/new_charge/6000_data_aug13/LiPt7_225/CHGCAR: ok (48.8 s)
[247/500] /data/sai/new_charge/6000_data_aug13/LiTbSe2_166/CHGCAR: ok (24.8 s)
[248/500] /data/sai/new_charge/6000_data_aug13/LiV2N3_63/CHGCAR: ok (17.3 s)
[249/500] /data/sai/new_charge/6000_data_aug13/LiSn4Rh_140/CHGCAR: ok (31.6 s)
[250/500] /data/sai/new_charge/6000_data_aug13/LiSn4Ir_140/CHGCAR: ok (30.6 s)
[251/500] /data/sai/new_charge/6000_data_aug13/LiYHg2_225/CHGCAR: ok (8.5 s)
[252/500] /data/sai/new_charge/6000_data_aug13/LiVN2_33/CHGCAR: ok (15.4 s)
[253/500] /data/sai/new_charge/6000_data_aug13/LiZn2Ni_225/CHGCAR: ok (4.5 s)
[254/500] /data/sai/new_charge/6000_data_aug13/LiZnN_216/CHGCAR: ok (4.0 s)
[255/500] /data/sai/new_charge/6000_data_aug13/LiZn2Pd_225/CHGCAR: ok (6.3 s)
[256/500] /data/sai/new_charge/6000_data_aug13/LiZnAs_216/CHGCAR: ok (5.1 s)
[257/500] /data/sai/new_charge/6000_data_aug13/LiZn2Au_225/CHGCAR: ok (8.6 s)
[258/500] /data/sai/new_charge/6000_data_aug13/LiYF4_88/CHGCAR: ok (16.9 s)
[259/500] /data/sai/new_charge/6000_data_aug13/LiZnP_216/CHGCAR: ok (3.8 s)
[260/500] /data/sai/new_charge/6000_data_aug13/LiYb2Rh_225/CHGCAR: ok (10.6 s)
[261/500] /data/sai/new_charge/6000_data_aug13/LiYTl2_225/CHGCAR: ok (10.6 s)
[262/500] /data/sai/new_charge/6000_data_aug13/LiZn2Ir_225/CHGCAR: ok (9.0 s)
[263/500] /data/sai/new_charge/6000_data_aug13/LiZnAg2_225/CHGCAR: ok (7.5 s)
[264/500] /data/sai/new_charge/6000_data_aug13/LiZnPd2_225/CHGCAR: ok (5.8 s)
[265/500] /data/sai/new_charge/6000_data_aug13/LiZn2Rh_225/CHGCAR: ok (8.9 s)
[266/500] /data/sai/new_charge/6000_data_aug13/LiZn2Pt_225/CHGCAR: ok (9.4 s)
[267/500] /data/sai/new_charge/6000_data_aug13/Li_194/CHGCAR: ok (2.6 s)
[268/500] /data/sai/new_charge/6000_data_aug13/LiSn4Au3_186/CHGCAR: ok (40.3 s)
[269/500] /data/sai/new_charge/6000_data_aug13/LiYGe_189/CHGCAR: ok (18.9 s)
[270/500] /data/sai/new_charge/6000_data_aug13/LiSn4Ru_140/CHGCAR: ok (43.6 s)
[271/500] /data/sai/new_charge/6000_data_aug13/LiZrIr2_225/CHGCAR: ok (5.2 s)
[272/500] /data/sai/new_charge/6000_data_aug13/Li_229/CHGCAR: ok (5.0 s)
[273/500] /data/sai/new_charge/6000_data_aug13/LiTl2InCl6_225/CHGCAR: ok (31.9 s)
[274/500] /data/sai/new_charge/6000_data_aug13/LiSi_88/CHGCAR: ok (47.3 s)
[275/500] /data/sai/new_charge/6000_data_aug13/LiYS2_166/CHGCAR: ok (16.8 s)
[276/500] /data/sai/new_charge/6000_data_aug13/LiZrRh2_225/CHGCAR: ok (6.7 s)
[277/500] /data/sai/new_charge/6000_data_aug13/Lu(CuSi)2_139/CHGCAR: ok (4.7 s)
[278/500] /data/sai/new_charge/6000_data_aug13/Li_166/CHGCAR: ok (6.7 s)
[279/500] /data/sai/new_charge/6000_data_aug13/LiYSi_189/CHGCAR: ok (18.7 s)
[280/500] /data/sai/new_charge/6000_data_aug13/LiZnSb_186/CHGCAR: ok (9.3 s)
[281/500] /data/sai/new_charge/6000_data_aug13/Lu(SiOs)2_139/CHGCAR: ok (5.1 s)
[282/500] /data/sai/new_charge/6000_data_aug13/Lu(CoGe)2_139/CHGCAR: ok (7.5 s)
[283/500] /data/sai/new_charge/6000_data_aug13/LiTiPO5_62/CHGCAR: ok (39.1 s)
[284/500] /data/sai/new_charge/6000_data_aug13/Lu(SiNi)2_139/CHGCAR: ok (6.9 s)
[285/500] /data/sai/new_charge/6000_data_aug13/Lu(NiGe)2_139/CHGCAR: ok (7.8 s)
[286/500] /data/sai/new_charge/6000_data_aug13/LiZr2Os_225/CHGCAR: ok (10.8 s)
[287/500] /data/sai/new_charge/6000_data_aug13/LiZnGe_187/CHGCAR: ok (16.3 s)
[288/500] /data/sai/new_charge/6000_data_aug13/LiZr2Tc_225/CHGCAR: ok (11.4 s)
[289/500] /data/sai/new_charge/6000_data_aug13/Lu(SiPd)2_139/CHGCAR: ok (6.9 s)
[290/500] /data/sai/new_charge/6000_data_aug13/Lu(SiRu)2_139/CHGCAR: ok (6.6 s)
[291/500] /data/sai/new_charge/6000_data_aug13/Lu(SiRh)2_139/CHGCAR: ok (6.8 s)
[292/500] /data/sai/new_charge/6000_data_aug13/Lu2CoRu_225/CHGCAR: ok (6.5 s)
[293/500] /data/sai/new_charge/6000_data_aug13/Lu2CdAg_225/CHGCAR: ok (8.3 s)
[294/500] /data/sai/new_charge/6000_data_aug13/LiSmSe2_141/CHGCAR: ok (53.5 s)
[295/500] /data/sai/new_charge/6000_data_aug13/Lu2CdIn_225/CHGCAR: ok (8.3 s)
[296/500] /data/sai/new_charge/6000_data_aug13/Lu2CuPt_225/CHGCAR: ok (8.1 s)
[297/500] /data/sai/new_charge/6000_data_aug13/Lu2AgRu_225/CHGCAR: ok (9.4 s)
[298/500] /data/sai/new_charge/6000_data_aug13/Lu(TiGa2)2_139/CHGCAR: ok (10.3 s)
[299/500] /data/sai/new_charge/6000_data_aug13/Lu2AgHg_225/CHGCAR: ok (10.1 s)
[300/500] /data/sai/new_charge/6000_data_aug13/Lu2InAg_225/CHGCAR: ok (8.5 s)
[301/500] /data/sai/new_charge/6000_data_aug13/LiZn_227/CHGCAR: ok (18.1 s)
[302/500] /data/sai/new_charge/6000_data_aug13/Lu2IrRu_225/CHGCAR: ok (8.3 s)
[303/500] /data/sai/new_charge/6000_data_aug13/LiZnPS4_82/CHGCAR: ok (22.2 s)
[304/500] /data/sai/new_charge/6000_data_aug13/Lu2In_194/CHGCAR: ok (8.9 s)
[305/500] /data/sai/new_charge/6000_data_aug13/Lu2(NiB2)3_65/CHGCAR: ok (12.2 s)
[306/500] /data/sai/new_charge/6000_data_aug13/Lu2PdRu_225/CHGCAR: ok (7.5 s)
[307/500] /data/sai/new_charge/6000_data_aug13/Lu3InN_221/CHGCAR: ok (6.4 s)
[308/500] /data/sai/new_charge/6000_data_aug13/Lu3AlN_221/CHGCAR: ok (8.3 s)
[309/500] /data/sai/new_charge/6000_data_aug13/Lu2ZnAg_225/CHGCAR: ok (8.7 s)
[310/500] /data/sai/new_charge/6000_data_aug13/Lu2MgIn_225/CHGCAR: ok (11.7 s)
[311/500] /data/sai/new_charge/6000_data_aug13/LuAgO2_166/CHGCAR: ok (5.4 s)
[312/500] /data/sai/new_charge/6000_data_aug13/Lu2TlAg_225/CHGCAR: ok (10.9 s)
[313/500] /data/sai/new_charge/6000_data_aug13/Lu2TlCd_225/CHGCAR: ok (10.3 s)
[314/500] /data/sai/new_charge/6000_data_aug13/LuAu_221/CHGCAR: ok (4.3 s)
[315/500] /data/sai/new_charge/6000_data_aug13/LuAlGe_63/CHGCAR: ok (6.4 s)
[316/500] /data/sai/new_charge/6000_data_aug13/LuB2Ir3_191/CHGCAR: ok (5.6 s)
[317/500] /data/sai/new_charge/6000_data_aug13/LuBRh3_221/CHGCAR: ok (5.7 s)
[318/500] /data/sai/new_charge/6000_data_aug13/LuAlSi_63/CHGCAR: ok (9.0 s)
[319/500] /data/sai/new_charge/6000_data_aug13/LuAu3_59/CHGCAR: ok (9.0 s)
[320/500] /data/sai/new_charge/6000_data_aug13/LuB2Ru3_191/CHGCAR: ok (7.7 s)
[321/500] /data/sai/new_charge/6000_data_aug13/LuAgSn_186/CHGCAR: ok (12.8 s)
[322/500] /data/sai/new_charge/6000_data_aug13/Lu6Sb2Mo_189/CHGCAR: ok (15.3 s)
[323/500] /data/sai/new_charge/6000_data_aug13/Lu2Mo2C3_12/CHGCAR: ok (21.6 s)
[324/500] /data/sai/new_charge/6000_data_aug13/LuCdRh2_225/CHGCAR: ok (10.2 s)
[325/500] /data/sai/new_charge/6000_data_aug13/LuCo2_227/CHGCAR: ok (10.1 s)
[326/500] /data/sai/new_charge/6000_data_aug13/LuGa3_221/CHGCAR: ok (5.5 s)
[327/500] /data/sai/new_charge/6000_data_aug13/LuCuPb_186/CHGCAR: ok (8.3 s)
[328/500] /data/sai/new_charge/6000_data_aug13/LuAsO4_141/CHGCAR: ok (17.4 s)
[329/500] /data/sai/new_charge/6000_data_aug13/LuCuSi_194/CHGCAR: ok (9.9 s)
[330/500] /data/sai/new_charge/6000_data_aug13/LuGaRh2_225/CHGCAR: ok (6.6 s)
[331/500] /data/sai/new_charge/6000_data_aug13/Lu4C7_14/CHGCAR: ok (22.8 s)
[332/500] /data/sai/new_charge/6000_data_aug13/LuCuSn_186/CHGCAR: ok (10.8 s)
[333/500] /data/sai/new_charge/6000_data_aug13/LuAlB4_55/CHGCAR: ok (20.4 s)
[334/500] /data/sai/new_charge/6000_data_aug13/Lu8Te_189/CHGCAR: ok (22.5 s)
[335/500] /data/sai/new_charge/6000_data_aug13/Lu2S3_167/CHGCAR: ok (28.3 s)
[336/500] /data/sai/new_charge/6000_data_aug13/LuIr_221/CHGCAR: ok (1.8 s)
[337/500] /data/sai/new_charge/6000_data_aug13/LuN_225/CHGCAR: ok (2.0 s)
[338/500] /data/sai/new_charge/6000_data_aug13/LuCoB4_55/CHGCAR: ok (16.2 s)
[339/500] /data/sai/new_charge/6000_data_aug13/LuInCu2_225/CHGCAR: ok (6.7 s)
[340/500] /data/sai/new_charge/6000_data_aug13/LuGa2Ni_63/CHGCAR: ok (13.4 s)
[341/500] /data/sai/new_charge/6000_data_aug13/LuB12_225/CHGCAR: ok (23.5 s)
[342/500] /data/sai/new_charge/6000_data_aug13/LuGa5Co_123/CHGCAR: ok (11.4 s)
[343/500] /data/sai/new_charge/6000_data_aug13/LuGeAu_186/CHGCAR: ok (10.8 s)
[344/500] /data/sai/new_charge/6000_data_aug13/LuIn3_221/CHGCAR: ok (9.0 s)
[345/500] /data/sai/new_charge/6000_data_aug13/LuHfRu2_225/CHGCAR: ok (10.0 s)
[346/500] /data/sai/new_charge/6000_data_aug13/LuP_225/CHGCAR: ok (2.9 s)
[347/500] /data/sai/new_charge/6000_data_aug13/LuPd_221/CHGCAR: ok (2.6 s)
[348/500] /data/sai/new_charge/6000_data_aug13/LuRh_221/CHGCAR: ok (2.6 s)
[349/500] /data/sai/new_charge/6000_data_aug13/LuPd3_221/CHGCAR: ok (3.8 s)
[350/500] /data/sai/new_charge/6000_data_aug13/LuNiSb_216/CHGCAR: ok (4.6 s)
[351/500] /data/sai/new_charge/6000_data_aug13/LuPt3_221/CHGCAR: ok (3.3 s)
[352/500] /data/sai/new_charge/6000_data_aug13/LuCl3_194/CHGCAR: ok (22.7 s)
[353/500] /data/sai/new_charge/6000_data_aug13/LuB4_127/CHGCAR: ok (24.6 s)
[354/500] /data/sai/new_charge/6000_data_aug13/LuNi2_227/CHGCAR: ok (6.7 s)
[355/500] /data/sai/new_charge/6000_data_aug13/LuS_225/CHGCAR: ok (3.4 s)
[356/500] /data/sai/new_charge/6000_data_aug13/LuInRh2_225/CHGCAR: ok (9.5 s)
[357/500] /data/sai/new_charge/6000_data_aug13/LuNiBi_216/CHGCAR: ok (7.8 s)
[358/500] /data/sai/new_charge/6000_data_aug13/LuNbRu2_225/CHGCAR: ok (9.1 s)
[359/500] /data/sai/new_charge/6000_data_aug13/LuRh3C_221/CHGCAR: ok (5.8 s)
[360/500] /data/sai/new_charge/6000_data_aug13/LuSb_225/CHGCAR: ok (3.9 s)
[361/500] /data/sai/new_charge/6000_data_aug13/LuBr3_194/CHGCAR: ok (25.8 s)
[362/500] /data/sai/new_charge/6000_data_aug13/LuSbPt_216/CHGCAR: ok (4.8 s)
[363/500] /data/sai/new_charge/6000_data_aug13/LuSi_63/CHGCAR: ok (4.2 s)
[364/500] /data/sai/new_charge/6000_data_aug13/LuZn_221/CHGCAR: ok (3.3 s)
[365/500] /data/sai/new_charge/6000_data_aug13/LuInPt_189/CHGCAR: ok (16.4 s)
[366/500] /data/sai/new_charge/6000_data_aug13/LuSBr_59/CHGCAR: ok (10.2 s)
[367/500] /data/sai/new_charge/6000_data_aug13/LuTaOs2_225/CHGCAR: ok (6.7 s)
[368/500] /data/sai/new_charge/6000_data_aug13/LuSnRu2_225/CHGCAR: ok (7.8 s)
[369/500] /data/sai/new_charge/6000_data_aug13/LuNiPb_189/CHGCAR: ok (13.7 s)
[370/500] /data/sai/new_charge/6000_data_aug13/LuZrRu2_225/CHGCAR: ok (6.3 s)
[371/500] /data/sai/new_charge/6000_data_aug13/Mg(AlSi)2_164/CHGCAR: ok (5.0 s)
[372/500] /data/sai/new_charge/6000_data_aug13/LuZnPd2_225/CHGCAR: ok (8.1 s)
[373/500] /data/sai/new_charge/6000_data_aug13/LuTaRu2_225/CHGCAR: ok (9.5 s)
[374/500] /data/sai/new_charge/6000_data_aug13/LuSiIr_62/CHGCAR: ok (10.4 s)
[375/500] /data/sai/new_charge/6000_data_aug13/LuTlTe2_166/CHGCAR: ok (10.0 s)
[376/500] /data/sai/new_charge/6000_data_aug13/LuSiRh_62/CHGCAR: ok (11.3 s)
[377/500] /data/sai/new_charge/6000_data_aug13/Mg(BeN)2_164/CHGCAR: ok (3.7 s)
[378/500] /data/sai/new_charge/6000_data_aug13/LuZnRh2_225/CHGCAR: ok (9.9 s)
[379/500] /data/sai/new_charge/6000_data_aug13/Mg(HO)2_164/CHGCAR: ok (4.9 s)
[380/500] /data/sai/new_charge/6000_data_aug13/LuTaO4_13/CHGCAR: ok (13.9 s)
[381/500] /data/sai/new_charge/6000_data_aug13/Mg(BeAs)2_164/CHGCAR: ok (6.3 s)
[382/500] /data/sai/new_charge/6000_data_aug13/Mg(PtO2)3_65/CHGCAR: ok (7.0 s)
[383/500] /data/sai/new_charge/6000_data_aug13/LuRu2_194/CHGCAR: ok (20.4 s)
[384/500] /data/sai/new_charge/6000_data_aug13/Mg2AgPt_225/CHGCAR: ok (5.4 s)
[385/500] /data/sai/new_charge/6000_data_aug13/Mg2AgAu_225/CHGCAR: ok (5.4 s)
[386/500] /data/sai/new_charge/6000_data_aug13/Mg(Co3P2)2_187/CHGCAR: ok (12.7 s)
[387/500] /data/sai/new_charge/6000_data_aug13/Mg(ReO4)2_164/CHGCAR: ok (11.4 s)
[388/500] /data/sai/new_charge/6000_data_aug13/Mg2AgRh_225/CHGCAR: ok (8.6 s)
[389/500] /data/sai/new_charge/6000_data_aug13/LuI3_194/CHGCAR: ok (33.1 s)
[390/500] /data/sai/new_charge/6000_data_aug13/Mg(ScGa)2_127/CHGCAR: ok (14.0 s)
[391/500] /data/sai/new_charge/6000_data_aug13/LuSi2Ni_63/CHGCAR: ok (26.7 s)
[392/500] /data/sai/new_charge/6000_data_aug13/Mg2As2O7_12/CHGCAR: ok (12.1 s)
[393/500] /data/sai/new_charge/6000_data_aug13/Mg2CrN3_36/CHGCAR: ok (9.4 s)
[394/500] /data/sai/new_charge/6000_data_aug13/Mg2Au_62/CHGCAR: ok (12.9 s)
[395/500] /data/sai/new_charge/6000_data_aug13/Lu5(Si5Ir2)2_127/CHGCAR: ok (57.9 s)
[396/500] /data/sai/new_charge/6000_data_aug13/Mg2Ge_225/CHGCAR: ok (7.1 s)
[397/500] /data/sai/new_charge/6000_data_aug13/Mg2Al2Se5_164/CHGCAR: ok (18.5 s)
[398/500] /data/sai/new_charge/6000_data_aug13/Mg2Ni3P_166/CHGCAR: ok (5.6 s)
[399/500] /data/sai/new_charge/6000_data_aug13/Mg2Cu_70/CHGCAR: ok (15.4 s)
[400/500] /data/sai/new_charge/6000_data_aug13/Mg2FeH6_225/CHGCAR: ok (13.6 s)
[401/500] /data/sai/new_charge/6000_data_aug13/Mg2PdRh_225/CHGCAR: ok (4.2 s)
[402/500] /data/sai/new_charge/6000_data_aug13/Mg2H6Os_225/CHGCAR: ok (13.4 s)
[403/500] /data/sai/new_charge/6000_data_aug13/Mg2Pb_225/CHGCAR: ok (7.5 s)
[404/500] /data/sai/new_charge/6000_data_aug13/Lu7(NiTe)2_44/CHGCAR: ok (68.0 s)
[405/500] /data/sai/new_charge/6000_data_aug13/Mg2H6Ru_225/CHGCAR: ok (14.4 s)
[406/500] /data/sai/new_charge/6000_data_aug13/Mg(B6C)2_74/CHGCAR: ok (35.5 s)
[407/500] /data/sai/new_charge/6000_data_aug13/Mg2PtRh_225/CHGCAR: ok (6.8 s)
[408/500] /data/sai/new_charge/6000_data_aug13/Mg2PN3_36/CHGCAR: ok (15.3 s)
[409/500] /data/sai/new_charge/6000_data_aug13/Mg(BC)2_64/CHGCAR: ok (40.6 s)
[410/500] /data/sai/new_charge/6000_data_aug13/Mg2Rh_139/CHGCAR: ok (9.6 s)
[411/500] /data/sai/new_charge/6000_data_aug13/Mg2Pt_140/CHGCAR: ok (10.4 s)
[412/500] /data/sai/new_charge/6000_data_aug13/Mg2Ga5_139/CHGCAR: ok (25.5 s)
[413/500] /data/sai/new_charge/6000_data_aug13/Mg2Hg_62/CHGCAR: ok (22.2 s)
[414/500] /data/sai/new_charge/6000_data_aug13/Lu_166/CHGCAR: ok (45.6 s)
[415/500] /data/sai/new_charge/6000_data_aug13/Lu2O3_206/CHGCAR: ok (84.2 s)
[416/500] /data/sai/new_charge/6000_data_aug13/Mg2SiNi3_166/CHGCAR: ok (10.8 s)
[417/500] /data/sai/new_charge/6000_data_aug13/Mg(SbO2)2_135/CHGCAR: ok (44.2 s)
[418/500] /data/sai/new_charge/6000_data_aug13/Mg2SiPt_194/CHGCAR: ok (14.2 s)
[419/500] /data/sai/new_charge/6000_data_aug13/Mg2TlPb_225/CHGCAR: ok (8.2 s)
[420/500] /data/sai/new_charge/6000_data_aug13/Mg2NiH4_15/CHGCAR: ok (30.1 s)
[421/500] /data/sai/new_charge/6000_data_aug13/Mg2Ga_190/CHGCAR: ok (39.1 s)
[422/500] /data/sai/new_charge/6000_data_aug13/Mg2SiCu3_194/CHGCAR: ok (22.3 s)
[423/500] /data/sai/new_charge/6000_data_aug13/Mg(AlB14)2_1/CHGCAR: ok (60.2 s)
[424/500] /data/sai/new_charge/6000_data_aug13/Mg2SbN3_36/CHGCAR: ok (23.2 s)
[425/500] /data/sai/new_charge/6000_data_aug13/Mg2Ni_180/CHGCAR: ok (33.1 s)
[426/500] /data/sai/new_charge/6000_data_aug13/Lu2Fe14B_136/CHGCAR: ok (101.1 s)
[427/500] /data/sai/new_charge/6000_data_aug13/Mg3Bi2_164/CHGCAR: ok (6.1 s)
[428/500] /data/sai/new_charge/6000_data_aug13/Mg2VN3_36/CHGCAR: ok (20.3 s)
[429/500] /data/sai/new_charge/6000_data_aug13/Mg2TiO4_91/CHGCAR: ok (21.6 s)
[430/500] /data/sai/new_charge/6000_data_aug13/Mg2Si_225/CHGCAR: ok (26.3 s)
[431/500] /data/sai/new_charge/6000_data_aug13/Mg3Hg_194/CHGCAR: ok (8.8 s)
[432/500] /data/sai/new_charge/6000_data_aug13/Mg2Sn_225/CHGCAR: ok (26.0 s)
[433/500] /data/sai/new_charge/6000_data_aug13/Mg2TaN3_36/CHGCAR: ok (25.8 s)
[434/500] /data/sai/new_charge/6000_data_aug13/Mg3NF3_221/CHGCAR: ok (10.2 s)
[435/500] /data/sai/new_charge/6000_data_aug13/Mg3Pt_194/CHGCAR: ok (7.9 s)
[436/500] /data/sai/new_charge/6000_data_aug13/Mg2B24C_118/CHGCAR: ok (60.7 s)
[437/500] /data/sai/new_charge/6000_data_aug13/Mg2SiO4_62/CHGCAR: ok (39.1 s)
[438/500] /data/sai/new_charge/6000_data_aug13/Mg3Ir_194/CHGCAR: ok (16.9 s)
[439/500] /data/sai/new_charge/6000_data_aug13/Mg13Ir3_167/CHGCAR: ok (69.3 s)
[440/500] /data/sai/new_charge/6000_data_aug13/Mg3Cd_194/CHGCAR: ok (19.3 s)
[441/500] /data/sai/new_charge/6000_data_aug13/Mg3Sb2_164/CHGCAR: ok (11.7 s)
[442/500] /data/sai/new_charge/6000_data_aug13/MgAg_221/CHGCAR: ok (2.1 s)
[443/500] /data/sai/new_charge/6000_data_aug13/MgAgSb_216/CHGCAR: ok (8.5 s)
[444/500] /data/sai/new_charge/6000_data_aug13/Mg3Pd_185/CHGCAR: ok (23.4 s)
[445/500] /data/sai/new_charge/6000_data_aug13/Mg3Ru2_213/CHGCAR: ok (19.0 s)
[446/500] /data/sai/new_charge/6000_data_aug13/MgAg3_194/CHGCAR: ok (11.2 s)
[447/500] /data/sai/new_charge/6000_data_aug13/Mg3Tl_194/CHGCAR: ok (20.5 s)
[448/500] /data/sai/new_charge/6000_data_aug13/MgAlIr2_225/CHGCAR: ok (3.5 s)
[449/500] /data/sai/new_charge/6000_data_aug13/MgAlAg2_225/CHGCAR: ok (4.3 s)
[450/500] /data/sai/new_charge/6000_data_aug13/Mg3Au_165/CHGCAR: ok (45.0 s)
[451/500] /data/sai/new_charge/6000_data_aug13/Mg5Hg3_193/CHGCAR: ok (22.4 s)
[452/500] /data/sai/new_charge/6000_data_aug13/MgAlPd2_225/CHGCAR: ok (9.5 s)
[453/500] /data/sai/new_charge/6000_data_aug13/MgAu_221/CHGCAR: ok (1.3 s)
[454/500] /data/sai/new_charge/6000_data_aug13/Mg3Au_185/CHGCAR: ok (45.8 s)
[455/500] /data/sai/new_charge/6000_data_aug13/MgAlSi_62/CHGCAR: ok (8.2 s)
[456/500] /data/sai/new_charge/6000_data_aug13/Mg3Si4(HO6)2_2/CHGCAR: ok (30.4 s)
[457/500] /data/sai/new_charge/6000_data_aug13/MgAlRh2_225/CHGCAR: ok (9.7 s)
[458/500] /data/sai/new_charge/6000_data_aug13/MgB2_191/CHGCAR: ok (4.2 s)
[459/500] /data/sai/new_charge/6000_data_aug13/Mg2Zn11_200/CHGCAR: ok (59.7 s)
[460/500] /data/sai/new_charge/6000_data_aug13/MgB4_62/CHGCAR: ok (7.7 s)
[461/500] /data/sai/new_charge/6000_data_aug13/Mg3Ir_185/CHGCAR: ok (46.0 s)
[462/500] /data/sai/new_charge/6000_data_aug13/MgAsPt5_123/CHGCAR: ok (10.7 s)
[463/500] /data/sai/new_charge/6000_data_aug13/MgBr2_164/CHGCAR: ok (6.3 s)
[464/500] /data/sai/new_charge/6000_data_aug13/MgCdAg2_225/CHGCAR: ok (3.7 s)
[465/500] /data/sai/new_charge/6000_data_aug13/MgAs4_92/CHGCAR: ok (19.8 s)
[466/500] /data/sai/new_charge/6000_data_aug13/MgAl2Cu_63/CHGCAR: ok (28.8 s)
[467/500] /data/sai/new_charge/6000_data_aug13/Mg3Rh_185/CHGCAR: ok (45.3 s)
[468/500] /data/sai/new_charge/6000_data_aug13/MgCo3C_221/CHGCAR: ok (6.1 s)
[469/500] /data/sai/new_charge/6000_data_aug13/Mg2Al4Si5O18_66/CHGCAR: ok (102.0 s)
[470/500] /data/sai/new_charge/6000_data_aug13/Mg3Pt_185/CHGCAR: ok (47.9 s)
[471/500] /data/sai/new_charge/6000_data_aug13/MgCd_51/CHGCAR: ok (6.6 s)
[472/500] /data/sai/new_charge/6000_data_aug13/MgCN2_166/CHGCAR: ok (17.6 s)
[473/500] /data/sai/new_charge/6000_data_aug13/Mg3B7ClO13_29/CHGCAR: ok (66.4 s)
[474/500] /data/sai/new_charge/6000_data_aug13/MgF2_136/CHGCAR: ok (7.6 s)
[475/500] /data/sai/new_charge/6000_data_aug13/MgFeRh2_225/CHGCAR: ok (7.9 s)
[476/500] /data/sai/new_charge/6000_data_aug13/MgCd3_194/CHGCAR: ok (18.1 s)
[477/500] /data/sai/new_charge/6000_data_aug13/MgGaIr2_225/CHGCAR: ok (3.7 s)
[478/500] /data/sai/new_charge/6000_data_aug13/MgB9N_166/CHGCAR: ok (23.7 s)
[479/500] /data/sai/new_charge/6000_data_aug13/MgCO3_167/CHGCAR: ok (22.6 s)
[480/500] /data/sai/new_charge/6000_data_aug13/MgCu2_227/CHGCAR: ok (14.7 s)
[481/500] /data/sai/new_charge/6000_data_aug13/MgCl2_166/CHGCAR: ok (20.6 s)
[482/500] /data/sai/new_charge/6000_data_aug13/MgGaNi2_225/CHGCAR: ok (7.3 s)
[483/500] /data/sai/new_charge/6000_data_aug13/MgCuP_62/CHGCAR: ok (16.1 s)
[484/500] /data/sai/new_charge/6000_data_aug13/Mg17Al12_217/CHGCAR: ok (120.7 s)
[485/500] /data/sai/new_charge/6000_data_aug13/MgGaAg2_225/CHGCAR: ok (11.3 s)
[486/500] /data/sai/new_charge/6000_data_aug13/MgGaRh2_225/CHGCAR: ok (7.2 s)
[487/500] /data/sai/new_charge/6000_data_aug13/MgGaPd2_225/CHGCAR: ok (8.4 s)
[488/500] /data/sai/new_charge/6000_data_aug13/Mg9Si5_176/CHGCAR: ok (52.9 s)
[489/500] /data/sai/new_charge/6000_data_aug13/Mg5Pd2_194/CHGCAR: ok (56.5 s)
[490/500] /data/sai/new_charge/6000_data_aug13/Mg5Rh2_194/CHGCAR: ok (54.7 s)
[491/500] /data/sai/new_charge/6000_data_aug13/MgCuSb_216/CHGCAR: ok (22.2 s)
[492/500] /data/sai/new_charge/6000_data_aug13/MgCuSn_216/CHGCAR: ok (22.8 s)
[493/500] /data/sai/new_charge/6000_data_aug13/MgB7_74/CHGCAR: ok (40.1 s)
[494/500] /data/sai/new_charge/6000_data_aug13/MgCu4Sn_216/CHGCAR: ok (28.7 s)
[495/500] /data/sai/new_charge/6000_data_aug13/Mg3As2_206/CHGCAR: ok (93.6 s)
[496/500] /data/sai/new_charge/6000_data_aug13/MgAl2O4_227/CHGCAR: ok (57.3 s)
[497/500] /data/sai/new_charge/6000_data_aug13/Mg3Hg_155/CHGCAR: ok (90.3 s)
[498/500] /data/sai/new_charge/6000_data_aug13/Mg3(TiAl9)2_227/CHGCAR: ok (109.2 s)
[499/500] /data/sai/new_charge/6000_data_aug13/Mg2Pd_227/CHGCAR: ok (129.8 s)
[500/500] /data/sai/new_charge/6000_data_aug13/MgCo_227/CHGCAR: ok (73.2 s)
chunk 5: 500 rows, 0 errors, 54.3 min elapsed
[1/500] /data/sai/new_charge/6000_data_aug13/MgIn_123/CHGCAR: ok (2.9 s)
[2/500] /data/sai/new_charge/6000_data_aug13/MgHg_221/CHGCAR: ok (3.6 s)
[3/500] /data/sai/new_charge/6000_data_aug13/MgMnRh2_225/CHGCAR: ok (4.6 s)
[4/500] /data/sai/new_charge/6000_data_aug13/MgNi3C_221/CHGCAR: ok (4.0 s)
[5/500] /data/sai/new_charge/6000_data_aug13/MgO_225/CHGCAR: ok (6.3 s)
[6/500] /data/sai/new_charge/6000_data_aug13/MgNiSb_216/CHGCAR: ok (5.7 s)
[7/500] /data/sai/new_charge/6000_data_aug13/MgMnGe_129/CHGCAR: ok (5.8 s)
[8/500] /data/sai/new_charge/6000_data_aug13/MgH2_136/CHGCAR: ok (5.9 s)
[9/500] /data/sai/new_charge/6000_data_aug13/MgGeRh2_225/CHGCAR: ok (6.2 s)
[10/500] /data/sai/new_charge/6000_data_aug13/MgNiBi_216/CHGCAR: ok (6.3 s)
[11/500] /data/sai/new_charge/6000_data_aug13/MgNi2Sn_225/CHGCAR: ok (6.5 s)
[12/500] /data/sai/new_charge/6000_data_aug13/MgInNi2_225/CHGCAR: ok (7.0 s)
[13/500] /data/sai/new_charge/6000_data_aug13/MgNbRu2_225/CHGCAR: ok (6.9 s)
[14/500] /data/sai/new_charge/6000_data_aug13/MgInPd2_225/CHGCAR: ok (6.9 s)
[15/500] /data/sai/new_charge/6000_data_aug13/MgI2_164/CHGCAR: ok (8.1 s)
[16/500] /data/sai/new_charge/6000_data_aug13/MgPd3_221/CHGCAR: ok (3.3 s)
[17/500] /data/sai/new_charge/6000_data_aug13/MgHg2_139/CHGCAR: ok (8.9 s)
[18/500] /data/sai/new_charge/6000_data_aug13/MgRh_221/CHGCAR: ok (2.6 s)
[19/500] /data/sai/new_charge/6000_data_aug13/MgMoN2_194/CHGCAR: ok (10.4 s)
[20/500] /data/sai/new_charge/6000_data_aug13/MgInCu4_216/CHGCAR: ok (10.8 s)
[21/500] /data/sai/new_charge/6000_data_aug13/MgInAg2_225/CHGCAR: ok (10.3 s)
[22/500] /data/sai/new_charge/6000_data_aug13/MgPt3_221/CHGCAR: ok (4.7 s)
[23/500] /data/sai/new_charge/6000_data_aug13/MgPPd5_123/CHGCAR: ok (8.6 s)
[24/500] /data/sai/new_charge/6000_data_aug13/MgS_225/CHGCAR: ok (3.5 s)
[25/500] /data/sai/new_charge/6000_data_aug13/MgInRh2_225/CHGCAR: ok (11.6 s)
[26/500] /data/sai/new_charge/6000_data_aug13/MgPPt5_123/CHGCAR: ok (9.5 s)
[27/500] /data/sai/new_charge/6000_data_aug13/MgRh3_44/CHGCAR: ok (6.0 s)
[28/500] /data/sai/new_charge/6000_data_aug13/MgPbF6_148/CHGCAR: ok (10.9 s)
[29/500] /data/sai/new_charge/6000_data_aug13/MgSc_221/CHGCAR: ok (3.8 s)
[30/500] /data/sai/new_charge/6000_data_aug13/MgSO4_63/CHGCAR: ok (8.3 s)
[31/500] /data/sai/new_charge/6000_data_aug13/MgP4_14/CHGCAR: ok (15.1 s)
[32/500] /data/sai/new_charge/6000_data_aug13/MgPd2_62/CHGCAR: ok (9.6 s)
[33/500] /data/sai/new_charge/6000_data_aug13/MgGeN2_33/CHGCAR: ok (17.2 s)
[34/500] /data/sai/new_charge/6000_data_aug13/MgPd5_155/CHGCAR: ok (11.6 s)
[35/500] /data/sai/new_charge/6000_data_aug13/MgSc2Al_225/CHGCAR: ok (9.4 s)
[36/500] /data/sai/new_charge/6000_data_aug13/MgScAg2_225/CHGCAR: ok (9.2 s)
[37/500] /data/sai/new_charge/6000_data_aug13/MgPdF6_148/CHGCAR: ok (14.0 s)
[38/500] /data/sai/new_charge/6000_data_aug13/MgSiRh2_225/CHGCAR: ok (4.5 s)
[39/500] /data/sai/new_charge/6000_data_aug13/MgIr2_194/CHGCAR: ok (20.6 s)
[40/500] /data/sai/new_charge/6000_data_aug13/MgScRh2_225/CHGCAR: ok (10.4 s)
[41/500] /data/sai/new_charge/6000_data_aug13/MgSe_186/CHGCAR: ok (9.0 s)
[42/500] /data/sai/new_charge/6000_data_aug13/MgRhF6_148/CHGCAR: ok (16.0 s)
[43/500] /data/sai/new_charge/6000_data_aug13/MgSc2Cd_225/CHGCAR: ok (12.7 s)
[44/500] /data/sai/new_charge/6000_data_aug13/MgScPd2_225/CHGCAR: ok (12.3 s)
[45/500] /data/sai/new_charge/6000_data_aug13/MgSiIr2_225/CHGCAR: ok (8.4 s)
[46/500] /data/sai/new_charge/6000_data_aug13/MgSc2_63/CHGCAR: ok (13.5 s)
[47/500] /data/sai/new_charge/6000_data_aug13/MgNi3B2_181/CHGCAR: ok (24.3 s)
[48/500] /data/sai/new_charge/6000_data_aug13/MgSbPd_216/CHGCAR: ok (16.2 s)
[49/500] /data/sai/new_charge/6000_data_aug13/MgTaRu2_225/CHGCAR: ok (4.4 s)
[50/500] /data/sai/new_charge/6000_data_aug13/MgSc2Tl_225/CHGCAR: ok (14.8 s)
[51/500] /data/sai/new_charge/6000_data_aug13/MgSiN2_33/CHGCAR: ok (9.7 s)
[52/500] /data/sai/new_charge/6000_data_aug13/MgPd3_139/CHGCAR: ok (21.1 s)
[53/500] /data/sai/new_charge/6000_data_aug13/MgSeO4_63/CHGCAR: ok (15.0 s)
[54/500] /data/sai/new_charge/6000_data_aug13/MgTaOs2_225/CHGCAR: ok (7.8 s)
[55/500] /data/sai/new_charge/6000_data_aug13/MgTl_221/CHGCAR: ok (3.7 s)
[56/500] /data/sai/new_charge/6000_data_aug13/MgTe_216/CHGCAR: ok (6.3 s)
[57/500] /data/sai/new_charge/6000_data_aug13/MgPSe3_148/CHGCAR: ok (23.2 s)
[58/500] /data/sai/new_charge/6000_data_aug13/MgSiAs2_122/CHGCAR: ok (12.9 s)
[59/500] /data/sai/new_charge/6000_data_aug13/MgSnRh2_225/CHGCAR: ok (9.2 s)
[60/500] /data/sai/new_charge/6000_data_aug13/MgTiIr2_225/CHGCAR: ok (6.4 s)
[61/500] /data/sai/new_charge/6000_data_aug13/MgZnAg2_225/CHGCAR: ok (5.3 s)
[62/500] /data/sai/new_charge/6000_data_aug13/MgTiRh2_225/CHGCAR: ok (7.5 s)
[63/500] /data/sai/new_charge/6000_data_aug13/MgZnAu2_225/CHGCAR: ok (5.7 s)
[64/500] /data/sai/new_charge/6000_data_aug13/Mg_194/CHGCAR: ok (3.0 s)
[65/500] /data/sai/new_charge/6000_data_aug13/MgSiP2_122/CHGCAR: ok (15.1 s)
[66/500] /data/sai/new_charge/6000_data_aug13/MgZrAu2_225/CHGCAR: ok (5.9 s)
[67/500] /data/sai/new_charge/6000_data_aug13/MgZnRh2_225/CHGCAR: ok (6.5 s)
[68/500] /data/sai/new_charge/6000_data_aug13/MgSbPt_216/CHGCAR: ok (25.0 s)
[69/500] /data/sai/new_charge/6000_data_aug13/Mn2AlW_225/CHGCAR: ok (3.8 s)
[70/500] /data/sai/new_charge/6000_data_aug13/Mn2AlCr_225/CHGCAR: ok (4.6 s)
[71/500] /data/sai/new_charge/6000_data_aug13/Mn(BW)2_127/CHGCAR: ok (6.9 s)
[72/500] /data/sai/new_charge/6000_data_aug13/MgZrIr2_225/CHGCAR: ok (9.8 s)
[73/500] /data/sai/new_charge/6000_data_aug13/MgTlRh2_225/CHGCAR: ok (12.9 s)
[74/500] /data/sai/new_charge/6000_data_aug13/MgZrRh2_225/CHGCAR: ok (9.8 s)
[75/500] /data/sai/new_charge/6000_data_aug13/Mn(CrSe2)2_12/CHGCAR: ok (8.4 s)
[76/500] /data/sai/new_charge/6000_data_aug13/Mn2AlB2_65/CHGCAR: ok (6.8 s)
[77/500] /data/sai/new_charge/6000_data_aug13/Mn2AlRe_225/CHGCAR: ok (7.6 s)
[78/500] /data/sai/new_charge/6000_data_aug13/MgZrPd2_225/CHGCAR: ok (11.1 s)
[79/500] /data/sai/new_charge/6000_data_aug13/MgTiO3_148/CHGCAR: ok (16.4 s)
[80/500] /data/sai/new_charge/6000_data_aug13/MgSnN2_33/CHGCAR: ok (20.7 s)
[81/500] /data/sai/new_charge/6000_data_aug13/Mn2NbAl_225/CHGCAR: ok (5.0 s)
[82/500] /data/sai/new_charge/6000_data_aug13/Mn2CrCo_225/CHGCAR: ok (7.2 s)
[83/500] /data/sai/new_charge/6000_data_aug13/MgSnAu_216/CHGCAR: ok (24.0 s)
[84/500] /data/sai/new_charge/6000_data_aug13/Mn2N_60/CHGCAR: ok (7.0 s)
[85/500] /data/sai/new_charge/6000_data_aug13/MgSn4Ru_140/CHGCAR: ok (26.1 s)
[86/500] /data/sai/new_charge/6000_data_aug13/Mn3GaN_221/CHGCAR: ok (3.3 s)
[87/500] /data/sai/new_charge/6000_data_aug13/Mn2PtRh_225/CHGCAR: ok (7.4 s)
[88/500] /data/sai/new_charge/6000_data_aug13/MgTi2O5_63/CHGCAR: ok (23.1 s)
[89/500] /data/sai/new_charge/6000_data_aug13/MgZn2_194/CHGCAR: ok (20.7 s)
[90/500] /data/sai/new_charge/6000_data_aug13/Mn2VGe_225/CHGCAR: ok (6.4 s)
[91/500] /data/sai/new_charge/6000_data_aug13/Mn2VSi_225/CHGCAR: ok (6.6 s)
[92/500] /data/sai/new_charge/6000_data_aug13/Mn3AlC_221/CHGCAR: ok (6.1 s)
[93/500] /data/sai/new_charge/6000_data_aug13/Mn2Sb_129/CHGCAR: ok (7.8 s)
[94/500] /data/sai/new_charge/6000_data_aug13/Mn2VGa_225/CHGCAR: ok (7.8 s)
[95/500] /data/sai/new_charge/6000_data_aug13/MgTe2_205/CHGCAR: ok (24.8 s)
[96/500] /data/sai/new_charge/6000_data_aug13/Mn(GaS2)2_82/CHGCAR: ok (16.7 s)
[97/500] /data/sai/new_charge/6000_data_aug13/Mn(GaSe2)2_82/CHGCAR: ok (15.8 s)
[98/500] /data/sai/new_charge/6000_data_aug13/Mn3Ge_225/CHGCAR: ok (5.3 s)
[99/500] /data/sai/new_charge/6000_data_aug13/Mn2Nb_194/CHGCAR: ok (11.3 s)
[100/500] /data/sai/new_charge/6000_data_aug13/Mn3PtN_221/CHGCAR: ok (4.2 s)
[101/500] /data/sai/new_charge/6000_data_aug13/Mn3ZnC_221/CHGCAR: ok (3.3 s)
[102/500] /data/sai/new_charge/6000_data_aug13/Mn2CoSi_216/CHGCAR: ok (16.0 s)
[103/500] /data/sai/new_charge/6000_data_aug13/Mn3SnC_221/CHGCAR: ok (4.3 s)
[104/500] /data/sai/new_charge/6000_data_aug13/Mn2P_189/CHGCAR: ok (11.5 s)
[105/500] /data/sai/new_charge/6000_data_aug13/Mn2AlV_225/CHGCAR: ok (17.9 s)
[106/500] /data/sai/new_charge/6000_data_aug13/Mn3Ir_194/CHGCAR: ok (8.8 s)
[107/500] /data/sai/new_charge/6000_data_aug13/MnAl_123/CHGCAR: ok (3.1 s)
[108/500] /data/sai/new_charge/6000_data_aug13/Mn(AlTe2)2_121/CHGCAR: ok (22.7 s)
[109/500] /data/sai/new_charge/6000_data_aug13/MnAlRh2_225/CHGCAR: ok (4.9 s)
[110/500] /data/sai/new_charge/6000_data_aug13/MnAu_221/CHGCAR: ok (2.2 s)
[111/500] /data/sai/new_charge/6000_data_aug13/MnAlRu2_225/CHGCAR: ok (5.5 s)
[112/500] /data/sai/new_charge/6000_data_aug13/MnAlPt_194/CHGCAR: ok (5.8 s)
[113/500] /data/sai/new_charge/6000_data_aug13/Mn11Pd21_123/CHGCAR: ok (23.4 s)
[114/500] /data/sai/new_charge/6000_data_aug13/MnAlNi2_225/CHGCAR: ok (8.0 s)
[115/500] /data/sai/new_charge/6000_data_aug13/MnAlGe_129/CHGCAR: ok (7.8 s)
[116/500] /data/sai/new_charge/6000_data_aug13/MnAlIr2_225/CHGCAR: ok (8.8 s)
[117/500] /data/sai/new_charge/6000_data_aug13/MnAlAu2_225/CHGCAR: ok (9.7 s)
[118/500] /data/sai/new_charge/6000_data_aug13/MnBe2Rh_225/CHGCAR: ok (3.6 s)
[119/500] /data/sai/new_charge/6000_data_aug13/MnB4_58/CHGCAR: ok (5.4 s)
[120/500] /data/sai/new_charge/6000_data_aug13/MnBe2Ir_225/CHGCAR: ok (5.2 s)
[121/500] /data/sai/new_charge/6000_data_aug13/MnBr2_164/CHGCAR: ok (3.8 s)
[122/500] /data/sai/new_charge/6000_data_aug13/MnAu2_139/CHGCAR: ok (8.6 s)
[123/500] /data/sai/new_charge/6000_data_aug13/MnBe2_194/CHGCAR: ok (6.8 s)
[124/500] /data/sai/new_charge/6000_data_aug13/MnAs_62/CHGCAR: ok (12.3 s)
[125/500] /data/sai/new_charge/6000_data_aug13/MnCo2Ge_225/CHGCAR: ok (5.6 s)
[126/500] /data/sai/new_charge/6000_data_aug13/MnCo2Si_225/CHGCAR: ok (5.5 s)
[127/500] /data/sai/new_charge/6000_data_aug13/MnAsRh_189/CHGCAR: ok (13.9 s)
[128/500] /data/sai/new_charge/6000_data_aug13/MnCo_221/CHGCAR: ok (2.8 s)
[129/500] /data/sai/new_charge/6000_data_aug13/MnAsRu_189/CHGCAR: ok (14.1 s)
[130/500] /data/sai/new_charge/6000_data_aug13/Mn5Si3_193/CHGCAR: ok (19.2 s)
[131/500] /data/sai/new_charge/6000_data_aug13/MnAu4_87/CHGCAR: ok (14.6 s)
[132/500] /data/sai/new_charge/6000_data_aug13/MnAlFe2_225/CHGCAR: ok (19.4 s)
[133/500] /data/sai/new_charge/6000_data_aug13/MnCoSi_62/CHGCAR: ok (7.4 s)
[134/500] /data/sai/new_charge/6000_data_aug13/MnCoP_62/CHGCAR: ok (8.0 s)
[135/500] /data/sai/new_charge/6000_data_aug13/MnAlCo2_225/CHGCAR: ok (20.3 s)
[136/500] /data/sai/new_charge/6000_data_aug13/MnGaCo2_225/CHGCAR: ok (5.9 s)
[137/500] /data/sai/new_charge/6000_data_aug13/Mn4Al11_2/CHGCAR: ok (22.6 s)
[138/500] /data/sai/new_charge/6000_data_aug13/Mn2SiS4_62/CHGCAR: ok (30.7 s)
[139/500] /data/sai/new_charge/6000_data_aug13/MnCuPd2_225/CHGCAR: ok (7.8 s)
[140/500] /data/sai/new_charge/6000_data_aug13/MnIr_123/CHGCAR: ok (1.2 s)
[141/500] /data/sai/new_charge/6000_data_aug13/MnGeRu2_225/CHGCAR: ok (4.9 s)
[142/500] /data/sai/new_charge/6000_data_aug13/MnGaNi2_139/CHGCAR: ok (6.1 s)
[143/500] /data/sai/new_charge/6000_data_aug13/MnGe_198/CHGCAR: ok (5.5 s)
[144/500] /data/sai/new_charge/6000_data_aug13/MnFeAs_189/CHGCAR: ok (11.3 s)
[145/500] /data/sai/new_charge/6000_data_aug13/MnCo2Sn_225/CHGCAR: ok (17.1 s)
[146/500] /data/sai/new_charge/6000_data_aug13/MnI2_164/CHGCAR: ok (7.0 s)
[147/500] /data/sai/new_charge/6000_data_aug13/MnNiSb_216/CHGCAR: ok (2.7 s)
[148/500] /data/sai/new_charge/6000_data_aug13/MnGaRh2_225/CHGCAR: ok (8.7 s)
[149/500] /data/sai/new_charge/6000_data_aug13/MnNbRu2_225/CHGCAR: ok (4.2 s)
[150/500] /data/sai/new_charge/6000_data_aug13/MnCoSb_216/CHGCAR: ok (16.9 s)
[151/500] /data/sai/new_charge/6000_data_aug13/MnCl2_166/CHGCAR: ok (19.3 s)
[152/500] /data/sai/new_charge/6000_data_aug13/MnGaPt_194/CHGCAR: ok (10.4 s)
[153/500] /data/sai/new_charge/6000_data_aug13/MnPd_123/CHGCAR: ok (1.9 s)
[154/500] /data/sai/new_charge/6000_data_aug13/MnPt_123/CHGCAR: ok (1.7 s)
[155/500] /data/sai/new_charge/6000_data_aug13/Mn5C2_15/CHGCAR: ok (31.9 s)
[156/500] /data/sai/new_charge/6000_data_aug13/MnAlPd2_225/CHGCAR: ok (30.4 s)
[157/500] /data/sai/new_charge/6000_data_aug13/MnInRh2_225/CHGCAR: ok (8.8 s)
[158/500] /data/sai/new_charge/6000_data_aug13/MnCu2GeS4_31/CHGCAR: ok (16.2 s)
[159/500] /data/sai/new_charge/6000_data_aug13/MnRh_221/CHGCAR: ok (2.5 s)
[160/500] /data/sai/new_charge/6000_data_aug13/MnAlCu2_225/CHGCAR: ok (30.9 s)
[161/500] /data/sai/new_charge/6000_data_aug13/MnIr3_194/CHGCAR: ok (10.5 s)
[162/500] /data/sai/new_charge/6000_data_aug13/Mn3Al9Si_194/CHGCAR: ok (39.8 s)
[163/500] /data/sai/new_charge/6000_data_aug13/MnNbSi_189/CHGCAR: ok (8.4 s)
[164/500] /data/sai/new_charge/6000_data_aug13/MnP_62/CHGCAR: ok (5.5 s)
[165/500] /data/sai/new_charge/6000_data_aug13/MnFe2Si_225/CHGCAR: ok (17.7 s)
[166/500] /data/sai/new_charge/6000_data_aug13/MnPt3_221/CHGCAR: ok (5.8 s)
[167/500] /data/sai/new_charge/6000_data_aug13/MnSb_194/CHGCAR: ok (3.5 s)
[168/500] /data/sai/new_charge/6000_data_aug13/MnSbRh2_123/CHGCAR: ok (4.8 s)
[169/500] /data/sai/new_charge/6000_data_aug13/MnS_225/CHGCAR: ok (7.1 s)
[170/500] /data/sai/new_charge/6000_data_aug13/MnSiRu2_225/CHGCAR: ok (4.0 s)
[171/500] /data/sai/new_charge/6000_data_aug13/MnCo2Sb_225/CHGCAR: ok (28.8 s)
[172/500] /data/sai/new_charge/6000_data_aug13/MnSiTc2_225/CHGCAR: ok (4.8 s)
[173/500] /data/sai/new_charge/6000_data_aug13/MnAl6_63/CHGCAR: ok (39.7 s)
[174/500] /data/sai/new_charge/6000_data_aug13/MnSbRu2_225/CHGCAR: ok (8.3 s)
[175/500] /data/sai/new_charge/6000_data_aug13/MnNbGe_189/CHGCAR: ok (16.6 s)
[176/500] /data/sai/new_charge/6000_data_aug13/MnSe_186/CHGCAR: ok (8.9 s)
[177/500] /data/sai/new_charge/6000_data_aug13/MnCu2SnS4_121/CHGCAR: ok (25.7 s)
[178/500] /data/sai/new_charge/6000_data_aug13/MnNiGe_62/CHGCAR: ok (16.3 s)
[179/500] /data/sai/new_charge/6000_data_aug13/MnSnRh2_225/CHGCAR: ok (3.7 s)
[180/500] /data/sai/new_charge/6000_data_aug13/MnV_221/CHGCAR: ok (2.5 s)
[181/500] /data/sai/new_charge/6000_data_aug13/MnSi_198/CHGCAR: ok (9.7 s)
[182/500] /data/sai/new_charge/6000_data_aug13/MnCu2SnSe4_121/CHGCAR: ok (28.6 s)
[183/500] /data/sai/new_charge/6000_data_aug13/Mo2CN_25/CHGCAR: ok (3.4 s)
[184/500] /data/sai/new_charge/6000_data_aug13/MnSnPd2_225/CHGCAR: ok (9.2 s)
[185/500] /data/sai/new_charge/6000_data_aug13/MnSnRu2_225/CHGCAR: ok (7.0 s)
[186/500] /data/sai/new_charge/6000_data_aug13/MnZn3_221/CHGCAR: ok (4.2 s)
[187/500] /data/sai/new_charge/6000_data_aug13/MnSiIr_62/CHGCAR: ok (13.9 s)
[188/500] /data/sai/new_charge/6000_data_aug13/MnSbPt_216/CHGCAR: ok (15.0 s)
[189/500] /data/sai/new_charge/6000_data_aug13/MnTe_216/CHGCAR: ok (6.5 s)
[190/500] /data/sai/new_charge/6000_data_aug13/MnSbIr_216/CHGCAR: ok (15.6 s)
[191/500] /data/sai/new_charge/6000_data_aug13/MnV2Cr_225/CHGCAR: ok (7.0 s)
[192/500] /data/sai/new_charge/6000_data_aug13/MnVRu2_225/CHGCAR: ok (7.3 s)
[193/500] /data/sai/new_charge/6000_data_aug13/MnSiRh_62/CHGCAR: ok (15.5 s)
[194/500] /data/sai/new_charge/6000_data_aug13/MoIr_51/CHGCAR: ok (2.6 s)
[195/500] /data/sai/new_charge/6000_data_aug13/MoC_187/CHGCAR: ok (3.2 s)
[196/500] /data/sai/new_charge/6000_data_aug13/MnSiNi_62/CHGCAR: ok (16.0 s)
[197/500] /data/sai/new_charge/6000_data_aug13/MoP_187/CHGCAR: ok (2.5 s)
[198/500] /data/sai/new_charge/6000_data_aug13/MnSnAu_216/CHGCAR: ok (15.0 s)
[199/500] /data/sai/new_charge/6000_data_aug13/MnPd3_139/CHGCAR: ok (21.7 s)
[200/500] /data/sai/new_charge/6000_data_aug13/MnZnIr2_225/CHGCAR: ok (9.4 s)
[201/500] /data/sai/new_charge/6000_data_aug13/MnS2_166/CHGCAR: ok (22.9 s)
[202/500] /data/sai/new_charge/6000_data_aug13/Mo_229/CHGCAR: ok (2.7 s)
[203/500] /data/sai/new_charge/6000_data_aug13/MoRh_51/CHGCAR: ok (4.3 s)
[204/500] /data/sai/new_charge/6000_data_aug13/Mo3Pt_223/CHGCAR: ok (8.5 s)
[205/500] /data/sai/new_charge/6000_data_aug13/MnSn2_140/CHGCAR: ok (19.5 s)
[206/500] /data/sai/new_charge/6000_data_aug13/MoPt_51/CHGCAR: ok (5.3 s)
[207/500] /data/sai/new_charge/6000_data_aug13/Mo3Ir_223/CHGCAR: ok (10.8 s)
[208/500] /data/sai/new_charge/6000_data_aug13/Mo3Os_223/CHGCAR: ok (10.4 s)
[209/500] /data/sai/new_charge/6000_data_aug13/MnTe2_205/CHGCAR: ok (15.6 s)
[210/500] /data/sai/new_charge/6000_data_aug13/MnSbRh_216/CHGCAR: ok (24.1 s)
[211/500] /data/sai/new_charge/6000_data_aug13/MoRh3_194/CHGCAR: ok (6.5 s)
[212/500] /data/sai/new_charge/6000_data_aug13/MoPt2_71/CHGCAR: ok (8.5 s)
[213/500] /data/sai/new_charge/6000_data_aug13/MoSe2_194/CHGCAR: ok (6.2 s)
[214/500] /data/sai/new_charge/6000_data_aug13/MoIr3_194/CHGCAR: ok (10.5 s)
[215/500] /data/sai/new_charge/6000_data_aug13/MoP4_15/CHGCAR: ok (11.3 s)
[216/500] /data/sai/new_charge/6000_data_aug13/Mo2C_60/CHGCAR: ok (15.3 s)
[217/500] /data/sai/new_charge/6000_data_aug13/MoRu3_194/CHGCAR: ok (11.5 s)
[218/500] /data/sai/new_charge/6000_data_aug13/Mo5As4_87/CHGCAR: ok (15.7 s)
[219/500] /data/sai/new_charge/6000_data_aug13/MnSnPt_216/CHGCAR: ok (26.0 s)
[220/500] /data/sai/new_charge/6000_data_aug13/Na2H2Pd_139/CHGCAR: ok (8.5 s)
[221/500] /data/sai/new_charge/6000_data_aug13/Na2CN2_12/CHGCAR: ok (11.3 s)
[222/500] /data/sai/new_charge/6000_data_aug13/MoN_186/CHGCAR: ok (22.9 s)
[223/500] /data/sai/new_charge/6000_data_aug13/Na2H4Pt_139/CHGCAR: ok (11.2 s)
[224/500] /data/sai/new_charge/6000_data_aug13/Na2CuP_63/CHGCAR: ok (13.5 s)
[225/500] /data/sai/new_charge/6000_data_aug13/Na2H4Pd_139/CHGCAR: ok (17.4 s)
[226/500] /data/sai/new_charge/6000_data_aug13/Na2CdPb_216/CHGCAR: ok (18.6 s)
[227/500] /data/sai/new_charge/6000_data_aug13/MnP4_2/CHGCAR: ok (47.2 s)
[228/500] /data/sai/new_charge/6000_data_aug13/Na2HgO2_139/CHGCAR: ok (14.0 s)
[229/500] /data/sai/new_charge/6000_data_aug13/Na(CuS)4_164/CHGCAR: ok (22.3 s)
[230/500] /data/sai/new_charge/6000_data_aug13/NO2_204/CHGCAR: ok (25.7 s)
[231/500] /data/sai/new_charge/6000_data_aug13/Na2CuAs_63/CHGCAR: ok (20.9 s)
[232/500] /data/sai/new_charge/6000_data_aug13/Na2Hf2O5_123/CHGCAR: ok (19.5 s)
[233/500] /data/sai/new_charge/6000_data_aug13/MoS2_160/CHGCAR: ok (32.4 s)
[234/500] /data/sai/new_charge/6000_data_aug13/Na2Pd3O4_71/CHGCAR: ok (13.8 s)
[235/500] /data/sai/new_charge/6000_data_aug13/Na2S_225/CHGCAR: ok (12.4 s)
[236/500] /data/sai/new_charge/6000_data_aug13/Na2CdSnS4_82/CHGCAR: ok (29.9 s)
[237/500] /data/sai/new_charge/6000_data_aug13/Na2H6Pt_225/CHGCAR: ok (30.1 s)
[238/500] /data/sai/new_charge/6000_data_aug13/Na2Se_225/CHGCAR: ok (12.0 s)
[239/500] /data/sai/new_charge/6000_data_aug13/Na2O_225/CHGCAR: ok (18.9 s)
[240/500] /data/sai/new_charge/6000_data_aug13/Na2GeO3_36/CHGCAR: ok (31.5 s)
[241/500] /data/sai/new_charge/6000_data_aug13/Na2Te_225/CHGCAR: ok (15.3 s)
[242/500] /data/sai/new_charge/6000_data_aug13/MoBr3_59/CHGCAR: ok (50.2 s)
[243/500] /data/sai/new_charge/6000_data_aug13/Na2PtO2_71/CHGCAR: ok (22.8 s)
[244/500] /data/sai/new_charge/6000_data_aug13/Na2O2_189/CHGCAR: ok (30.7 s)
[245/500] /data/sai/new_charge/6000_data_aug13/Na2MgSn_194/CHGCAR: ok (37.2 s)
[246/500] /data/sai/new_charge/6000_data_aug13/Na2ThF6_150/CHGCAR: ok (26.2 s)
[247/500] /data/sai/new_charge/6000_data_aug13/Na2TlBi_225/CHGCAR: ok (19.3 s)
[248/500] /data/sai/new_charge/6000_data_aug13/Na2ZnGe_63/CHGCAR: ok (18.5 s)
[249/500] /data/sai/new_charge/6000_data_aug13/Na2TlSb_225/CHGCAR: ok (19.9 s)
[250/500] /data/sai/new_charge/6000_data_aug13/Na(CoO2)2_59/CHGCAR: ok (57.0 s)
[251/500] /data/sai/new_charge/6000_data_aug13/Na2SiO3_36/CHGCAR: ok (33.5 s)
[252/500] /data/sai/new_charge/6000_data_aug13/Na2MgAlF7_74/CHGCAR: ok (44.4 s)
[253/500] /data/sai/new_charge/6000_data_aug13/Na2SO4_70/CHGCAR: ok (36.6 s)
[254/500] /data/sai/new_charge/6000_data_aug13/Na2Al2B2O7_163/CHGCAR: ok (59.6 s)
[255/500] /data/sai/new_charge/6000_data_aug13/Na2Ti3O7_11/CHGCAR: ok (31.3 s)
[256/500] /data/sai/new_charge/6000_data_aug13/Na2BHO3_62/CHGCAR: ok (61.7 s)
[257/500] /data/sai/new_charge/6000_data_aug13/Na3ClO_221/CHGCAR: ok (9.8 s)
[258/500] /data/sai/new_charge/6000_data_aug13/Na2ZnSiO4_7/CHGCAR: ok (32.4 s)
[259/500] /data/sai/new_charge/6000_data_aug13/Na2SeO4_70/CHGCAR: ok (47.3 s)
[260/500] /data/sai/new_charge/6000_data_aug13/Na3BrO_221/CHGCAR: ok (15.6 s)
[261/500] /data/sai/new_charge/6000_data_aug13/Na2TiGeO5_129/CHGCAR: ok (40.5 s)
[262/500] /data/sai/new_charge/6000_data_aug13/Na2LiAlP2_64/CHGCAR: ok (65.8 s)
[263/500] /data/sai/new_charge/6000_data_aug13/Na3Bi_194/CHGCAR: ok (27.0 s)
[264/500] /data/sai/new_charge/6000_data_aug13/Na3AlP2_72/CHGCAR: ok (29.6 s)
[265/500] /data/sai/new_charge/6000_data_aug13/Na3AgO2_72/CHGCAR: ok (33.4 s)
[266/500] /data/sai/new_charge/6000_data_aug13/Na3AlF6_14/CHGCAR: ok (34.4 s)
[267/500] /data/sai/new_charge/6000_data_aug13/Na2Zr(CuS2)2_12/CHGCAR: ok (53.4 s)
[268/500] /data/sai/new_charge/6000_data_aug13/Na2ZrSe3_12/CHGCAR: ok (48.9 s)
[269/500] /data/sai/new_charge/6000_data_aug13/Na3P_194/CHGCAR: ok (23.7 s)
[270/500] /data/sai/new_charge/6000_data_aug13/Na3PS3O_36/CHGCAR: ok (32.0 s)
[271/500] /data/sai/new_charge/6000_data_aug13/Na3(CuS)4_55/CHGCAR: ok (52.8 s)
[272/500] /data/sai/new_charge/6000_data_aug13/Na2ZrO3_15/CHGCAR: ok (57.0 s)
[273/500] /data/sai/new_charge/6000_data_aug13/Na3AlAs2_72/CHGCAR: ok (47.4 s)
[274/500] /data/sai/new_charge/6000_data_aug13/Na2Ti2As2O_139/CHGCAR: ok (72.5 s)
[275/500] /data/sai/new_charge/6000_data_aug13/Na3PaF8_139/CHGCAR: ok (32.2 s)
[276/500] /data/sai/new_charge/6000_data_aug13/Na2UI6_148/CHGCAR: ok (70.9 s)
[277/500] /data/sai/new_charge/6000_data_aug13/Na3PSO3_161/CHGCAR: ok (37.8 s)
[278/500] /data/sai/new_charge/6000_data_aug13/Na3PS4_114/CHGCAR: ok (39.5 s)
[279/500] /data/sai/new_charge/6000_data_aug13/Na3SbS4_217/CHGCAR: ok (32.7 s)
[280/500] /data/sai/new_charge/6000_data_aug13/Na3BN2_14/CHGCAR: ok (53.5 s)
[281/500] /data/sai/new_charge/6000_data_aug13/Na3SbSe4_217/CHGCAR: ok (28.5 s)
[282/500] /data/sai/new_charge/6000_data_aug13/Na4IrO4_87/CHGCAR: ok (13.9 s)
[283/500] /data/sai/new_charge/6000_data_aug13/Na3Sb_194/CHGCAR: ok (29.5 s)
[284/500] /data/sai/new_charge/6000_data_aug13/Na4I2O_139/CHGCAR: ok (22.0 s)
[285/500] /data/sai/new_charge/6000_data_aug13/Na4UO5_87/CHGCAR: ok (22.1 s)
[286/500] /data/sai/new_charge/6000_data_aug13/Na3OsN2_14/CHGCAR: ok (65.5 s)
[287/500] /data/sai/new_charge/6000_data_aug13/Na5CuSO2_123/CHGCAR: ok (23.9 s)
[288/500] /data/sai/new_charge/6000_data_aug13/Na5OsO6_12/CHGCAR: ok (26.7 s)
[289/500] /data/sai/new_charge/6000_data_aug13/Na5BiO5_12/CHGCAR: ok (29.3 s)
[290/500] /data/sai/new_charge/6000_data_aug13/Na5ReO6_12/CHGCAR: ok (28.8 s)
[291/500] /data/sai/new_charge/6000_data_aug13/Na(BH)6_14/CHGCAR: ok (140.0 s)
[292/500] /data/sai/new_charge/6000_data_aug13/Na4Ti5O12_147/CHGCAR: ok (46.9 s)
[293/500] /data/sai/new_charge/6000_data_aug13/NaAgO2_12/CHGCAR: ok (14.4 s)
[294/500] /data/sai/new_charge/6000_data_aug13/NaAcTl2_225/CHGCAR: ok (20.0 s)
[295/500] /data/sai/new_charge/6000_data_aug13/Na6ZnSn2_12/CHGCAR: ok (34.9 s)
[296/500] /data/sai/new_charge/6000_data_aug13/NaAlGe_129/CHGCAR: ok (15.4 s)
[297/500] /data/sai/new_charge/6000_data_aug13/Na5OsN4_59/CHGCAR: ok (45.5 s)
[298/500] /data/sai/new_charge/6000_data_aug13/Na2(ReS2)3_15/CHGCAR: ok (150.4 s)
[299/500] /data/sai/new_charge/6000_data_aug13/NaAg2_227/CHGCAR: ok (23.0 s)
[300/500] /data/sai/new_charge/6000_data_aug13/Na6WN4_137/CHGCAR: ok (48.7 s)
[301/500] /data/sai/new_charge/6000_data_aug13/NaAlSi_129/CHGCAR: ok (16.2 s)
[302/500] /data/sai/new_charge/6000_data_aug13/NaAlH4_88/CHGCAR: ok (26.9 s)
[303/500] /data/sai/new_charge/6000_data_aug13/Na6ZnS4_186/CHGCAR: ok (55.0 s)
[304/500] /data/sai/new_charge/6000_data_aug13/NaBi_123/CHGCAR: ok (8.1 s)
[305/500] /data/sai/new_charge/6000_data_aug13/Na3ScBr6_163/CHGCAR: ok (85.5 s)
[306/500] /data/sai/new_charge/6000_data_aug13/NaAu2_227/CHGCAR: ok (21.5 s)
[307/500] /data/sai/new_charge/6000_data_aug13/NaBH4_137/CHGCAR: ok (21.9 s)
[308/500] /data/sai/new_charge/6000_data_aug13/NaBeAs_194/CHGCAR: ok (19.8 s)
[309/500] /data/sai/new_charge/6000_data_aug13/NaCNO_160/CHGCAR: ok (6.5 s)
[310/500] /data/sai/new_charge/6000_data_aug13/NaBF4_63/CHGCAR: ok (29.2 s)
[311/500] /data/sai/new_charge/6000_data_aug13/NaBPt3_191/CHGCAR: ok (28.7 s)
[312/500] /data/sai/new_charge/6000_data_aug13/NaCaAs_216/CHGCAR: ok (11.5 s)
[313/500] /data/sai/new_charge/6000_data_aug13/Na3H(SO4)2_14/CHGCAR: ok (126.4 s)
[314/500] /data/sai/new_charge/6000_data_aug13/NaCd2Pt_225/CHGCAR: ok (15.0 s)
[315/500] /data/sai/new_charge/6000_data_aug13/NaCa2Tl_225/CHGCAR: ok (19.8 s)
[316/500] /data/sai/new_charge/6000_data_aug13/NaCuO2_12/CHGCAR: ok (15.3 s)
[317/500] /data/sai/new_charge/6000_data_aug13/NaBiO3_148/CHGCAR: ok (40.4 s)
[318/500] /data/sai/new_charge/6000_data_aug13/NaDyS2_166/CHGCAR: ok (15.2 s)
[319/500] /data/sai/new_charge/6000_data_aug13/NaCl_225/CHGCAR: ok (25.7 s)
[320/500] /data/sai/new_charge/6000_data_aug13/NaCrS2_166/CHGCAR: ok (25.6 s)
[321/500] /data/sai/new_charge/6000_data_aug13/Na6MnS4_186/CHGCAR: ok (93.0 s)
[322/500] /data/sai/new_charge/6000_data_aug13/NaBr_225/CHGCAR: ok (39.1 s)
[323/500] /data/sai/new_charge/6000_data_aug13/NaBrO3_198/CHGCAR: ok (40.5 s)
[324/500] /data/sai/new_charge/6000_data_aug13/NaErTl2_225/CHGCAR: ok (19.9 s)
[325/500] /data/sai/new_charge/6000_data_aug13/Na4HgP2_166/CHGCAR: ok (112.8 s)
[326/500] /data/sai/new_charge/6000_data_aug13/NaFeAs_129/CHGCAR: ok (16.1 s)
[327/500] /data/sai/new_charge/6000_data_aug13/Na4CdP2_166/CHGCAR: ok (116.2 s)
[328/500] /data/sai/new_charge/6000_data_aug13/NaCdSb_62/CHGCAR: ok (39.0 s)
[329/500] /data/sai/new_charge/6000_data_aug13/NaF_225/CHGCAR: ok (22.3 s)
[330/500] /data/sai/new_charge/6000_data_aug13/NaGa4_139/CHGCAR: ok (17.2 s)
[331/500] /data/sai/new_charge/6000_data_aug13/NaH_225/CHGCAR: ok (8.1 s)
[332/500] /data/sai/new_charge/6000_data_aug13/NaCuO_139/CHGCAR: ok (34.8 s)
[333/500] /data/sai/new_charge/6000_data_aug13/NaH2Pd3_65/CHGCAR: ok (15.9 s)
[334/500] /data/sai/new_charge/6000_data_aug13/NaHS_11/CHGCAR: ok (14.9 s)
[335/500] /data/sai/new_charge/6000_data_aug13/NaHg2_191/CHGCAR: ok (11.4 s)
[336/500] /data/sai/new_charge/6000_data_aug13/Na4P2O7_19/CHGCAR: ok (121.4 s)
[337/500] /data/sai/new_charge/6000_data_aug13/NaHF2_166/CHGCAR: ok (19.5 s)
[338/500] /data/sai/new_charge/6000_data_aug13/NaHoSe2_166/CHGCAR: ok (12.6 s)
[339/500] /data/sai/new_charge/6000_data_aug13/Na4Al3Si3ClO12_218/CHGCAR: ok (137.2 s)
[340/500] /data/sai/new_charge/6000_data_aug13/NaBO2_167/CHGCAR: ok (73.5 s)
[341/500] /data/sai/new_charge/6000_data_aug13/NaGe2N3_36/CHGCAR: ok (28.6 s)
[342/500] /data/sai/new_charge/6000_data_aug13/NaHgPd2_225/CHGCAR: ok (17.7 s)
[343/500] /data/sai/new_charge/6000_data_aug13/NaGaH4_63/CHGCAR: ok (31.8 s)
[344/500] /data/sai/new_charge/6000_data_aug13/NaH2N_70/CHGCAR: ok (29.4 s)
[345/500] /data/sai/new_charge/6000_data_aug13/NaHoTl2_225/CHGCAR: ok (19.7 s)
[346/500] /data/sai/new_charge/6000_data_aug13/NaErS2_166/CHGCAR: ok (50.9 s)
[347/500] /data/sai/new_charge/6000_data_aug13/NaHg_63/CHGCAR: ok (27.3 s)
[348/500] /data/sai/new_charge/6000_data_aug13/NaInHg2_225/CHGCAR: ok (19.8 s)
[349/500] /data/sai/new_charge/6000_data_aug13/NaLi2Sb_225/CHGCAR: ok (15.1 s)
[350/500] /data/sai/new_charge/6000_data_aug13/NaLiS_129/CHGCAR: ok (14.8 s)
[351/500] /data/sai/new_charge/6000_data_aug13/NaLuS2_166/CHGCAR: ok (13.6 s)
[352/500] /data/sai/new_charge/6000_data_aug13/NaLaAu2_225/CHGCAR: ok (20.7 s)
[353/500] /data/sai/new_charge/6000_data_aug13/NaMgPb2_225/CHGCAR: ok (12.7 s)
[354/500] /data/sai/new_charge/6000_data_aug13/NaMgAs_129/CHGCAR: ok (17.8 s)
[355/500] /data/sai/new_charge/6000_data_aug13/NaLaO2_141/CHGCAR: ok (23.6 s)
[356/500] /data/sai/new_charge/6000_data_aug13/NaN3_12/CHGCAR: ok (10.9 s)
[357/500] /data/sai/new_charge/6000_data_aug13/NaI_225/CHGCAR: ok (34.4 s)
[358/500] /data/sai/new_charge/6000_data_aug13/NaInO2_166/CHGCAR: ok (29.8 s)
[359/500] /data/sai/new_charge/6000_data_aug13/Na4Zr2(SiO4)3_167/CHGCAR: ok (149.2 s)
[360/500] /data/sai/new_charge/6000_data_aug13/NaMgSb_129/CHGCAR: ok (20.7 s)
[361/500] /data/sai/new_charge/6000_data_aug13/NaMgTl2_225/CHGCAR: ok (19.7 s)
[362/500] /data/sai/new_charge/6000_data_aug13/NaNdHg2_225/CHGCAR: ok (11.4 s)
[363/500] /data/sai/new_charge/6000_data_aug13/NaHoF4_141/CHGCAR: ok (48.3 s)
[364/500] /data/sai/new_charge/6000_data_aug13/NaIn(SiO3)2_15/CHGCAR: ok (43.0 s)
[365/500] /data/sai/new_charge/6000_data_aug13/NaPaO3_221/CHGCAR: ok (11.6 s)
[366/500] /data/sai/new_charge/6000_data_aug13/NaNbO2_194/CHGCAR: ok (21.6 s)
[367/500] /data/sai/new_charge/6000_data_aug13/NaNdS2_166/CHGCAR: ok (18.6 s)
[368/500] /data/sai/new_charge/6000_data_aug13/NaPb3_221/CHGCAR: ok (15.6 s)
[369/500] /data/sai/new_charge/6000_data_aug13/NaInTe2_140/CHGCAR: ok (46.7 s)
[370/500] /data/sai/new_charge/6000_data_aug13/NaLiTe_62/CHGCAR: ok (40.8 s)
[371/500] /data/sai/new_charge/6000_data_aug13/NaMgF3_62/CHGCAR: ok (39.0 s)
[372/500] /data/sai/new_charge/6000_data_aug13/NaNbS2_194/CHGCAR: ok (27.7 s)
[373/500] /data/sai/new_charge/6000_data_aug13/Na3P11_60/CHGCAR: ok (204.6 s)
[374/500] /data/sai/new_charge/6000_data_aug13/NaPmTe2_225/CHGCAR: ok (14.4 s)
[375/500] /data/sai/new_charge/6000_data_aug13/NaNbSe2_194/CHGCAR: ok (28.4 s)
[376/500] /data/sai/new_charge/6000_data_aug13/NaNbO3_161/CHGCAR: ok (33.7 s)
[377/500] /data/sai/new_charge/6000_data_aug13/NaPF6_225/CHGCAR: ok (25.8 s)
[378/500] /data/sai/new_charge/6000_data_aug13/NaPmAu2_225/CHGCAR: ok (22.2 s)
[379/500] /data/sai/new_charge/6000_data_aug13/NaPmHg2_225/CHGCAR: ok (22.1 s)
[380/500] /data/sai/new_charge/6000_data_aug13/NaNiN_62/CHGCAR: ok (32.3 s)
[381/500] /data/sai/new_charge/6000_data_aug13/NaPrHg2_225/CHGCAR: ok (20.6 s)
[382/500] /data/sai/new_charge/6000_data_aug13/NaPmTl2_225/CHGCAR: ok (22.6 s)
[383/500] /data/sai/new_charge/6000_data_aug13/NaScS2_166/CHGCAR: ok (12.6 s)
[384/500] /data/sai/new_charge/6000_data_aug13/NaAl11O17_194/CHGCAR: ok (148.0 s)
[385/500] /data/sai/new_charge/6000_data_aug13/NaRuN_186/CHGCAR: ok (16.4 s)
[386/500] /data/sai/new_charge/6000_data_aug13/NaSi2N3_36/CHGCAR: ok (13.6 s)
[387/500] /data/sai/new_charge/6000_data_aug13/Na8SnSb4_227/CHGCAR: ok (166.6 s)
[388/500] /data/sai/new_charge/6000_data_aug13/NaPrO2_141/CHGCAR: ok (27.9 s)
[389/500] /data/sai/new_charge/6000_data_aug13/NaTcO3_221/CHGCAR: ok (4.8 s)
[390/500] /data/sai/new_charge/6000_data_aug13/NaNO3_167/CHGCAR: ok (52.5 s)
[391/500] /data/sai/new_charge/6000_data_aug13/NaSmS2_166/CHGCAR: ok (14.8 s)
[392/500] /data/sai/new_charge/6000_data_aug13/Na8Ti5O14_2/CHGCAR: ok (169.8 s)
[393/500] /data/sai/new_charge/6000_data_aug13/NaRhO2_166/CHGCAR: ok (28.9 s)
[394/500] /data/sai/new_charge/6000_data_aug13/NaS_194/CHGCAR: ok (26.2 s)
[395/500] /data/sai/new_charge/6000_data_aug13/NaSmSe2_166/CHGCAR: ok (16.6 s)
[396/500] /data/sai/new_charge/6000_data_aug13/NaTbS2_166/CHGCAR: ok (13.0 s)
[397/500] /data/sai/new_charge/6000_data_aug13/NaSmAu2_225/CHGCAR: ok (21.6 s)
[398/500] /data/sai/new_charge/6000_data_aug13/NaSe_194/CHGCAR: ok (28.2 s)
[399/500] /data/sai/new_charge/6000_data_aug13/NaSmO2_141/CHGCAR: ok (23.8 s)
[400/500] /data/sai/new_charge/6000_data_aug13/NaTbSe2_166/CHGCAR: ok (15.2 s)
[401/500] /data/sai/new_charge/6000_data_aug13/NaP_19/CHGCAR: ok (51.3 s)
[402/500] /data/sai/new_charge/6000_data_aug13/Na3P(SO)2_61/CHGCAR: ok (239.5 s)
[403/500] /data/sai/new_charge/6000_data_aug13/NaSnP_186/CHGCAR: ok (20.3 s)
[404/500] /data/sai/new_charge/6000_data_aug13/NaScO2_166/CHGCAR: ok (33.3 s)
[405/500] /data/sai/new_charge/6000_data_aug13/NaSbS2_15/CHGCAR: ok (36.8 s)
[406/500] /data/sai/new_charge/6000_data_aug13/NaSnSb_186/CHGCAR: ok (23.9 s)
[407/500] /data/sai/new_charge/6000_data_aug13/NaTeAu_194/CHGCAR: ok (20.1 s)
[408/500] /data/sai/new_charge/6000_data_aug13/NaSi2Pd3_44/CHGCAR: ok (37.2 s)
[409/500] /data/sai/new_charge/6000_data_aug13/Na_194/CHGCAR: ok (8.0 s)
[410/500] /data/sai/new_charge/6000_data_aug13/NaTl2Cd_225/CHGCAR: ok (17.4 s)
[411/500] /data/sai/new_charge/6000_data_aug13/Na_229/CHGCAR: ok (8.2 s)
[412/500] /data/sai/new_charge/6000_data_aug13/NaReO4_88/CHGCAR: ok (49.2 s)
[413/500] /data/sai/new_charge/6000_data_aug13/NaZnAs_129/CHGCAR: ok (14.3 s)
[414/500] /data/sai/new_charge/6000_data_aug13/NaZnP_129/CHGCAR: ok (13.0 s)
[415/500] /data/sai/new_charge/6000_data_aug13/NaTmTl2_225/CHGCAR: ok (18.3 s)
[416/500] /data/sai/new_charge/6000_data_aug13/Nb2C_164/CHGCAR: ok (5.6 s)
[417/500] /data/sai/new_charge/6000_data_aug13/NaZnN_186/CHGCAR: ok (17.2 s)
[418/500] /data/sai/new_charge/6000_data_aug13/NaTi2O4_62/CHGCAR: ok (31.7 s)
[419/500] /data/sai/new_charge/6000_data_aug13/Nb2AsC_194/CHGCAR: ok (14.8 s)
[420/500] /data/sai/new_charge/6000_data_aug13/Nb2AlC_194/CHGCAR: ok (18.8 s)
[421/500] /data/sai/new_charge/6000_data_aug13/NaTaN2_166/CHGCAR: ok (43.4 s)
[422/500] /data/sai/new_charge/6000_data_aug13/Nb2InC_194/CHGCAR: ok (19.9 s)
[423/500] /data/sai/new_charge/6000_data_aug13/Nb2PC_194/CHGCAR: ok (16.6 s)
[424/500] /data/sai/new_charge/6000_data_aug13/Nb2C_62/CHGCAR: ok (23.1 s)
[425/500] /data/sai/new_charge/6000_data_aug13/NaTiS2_166/CHGCAR: ok (42.2 s)
[426/500] /data/sai/new_charge/6000_data_aug13/NaSi_15/CHGCAR: ok (58.6 s)
[427/500] /data/sai/new_charge/6000_data_aug13/Nb2SnC_194/CHGCAR: ok (19.4 s)
[428/500] /data/sai/new_charge/6000_data_aug13/Nb2Co3Si_194/CHGCAR: ok (24.6 s)
[429/500] /data/sai/new_charge/6000_data_aug13/NaTl2InF6_225/CHGCAR: ok (41.8 s)
[430/500] /data/sai/new_charge/6000_data_aug13/NaTl2GaF6_225/CHGCAR: ok (43.5 s)
[431/500] /data/sai/new_charge/6000_data_aug13/Nb3B4_71/CHGCAR: ok (11.4 s)
[432/500] /data/sai/new_charge/6000_data_aug13/NaZnF3_62/CHGCAR: ok (38.4 s)
[433/500] /data/sai/new_charge/6000_data_aug13/Nb3Au2_139/CHGCAR: ok (17.0 s)
[434/500] /data/sai/new_charge/6000_data_aug13/NaUO3_62/CHGCAR: ok (44.6 s)
[435/500] /data/sai/new_charge/6000_data_aug13/Nb3Au_223/CHGCAR: ok (21.9 s)
[436/500] /data/sai/new_charge/6000_data_aug13/NaTmS2_166/CHGCAR: ok (51.0 s)
[437/500] /data/sai/new_charge/6000_data_aug13/Nb3B2_127/CHGCAR: ok (19.6 s)
[438/500] /data/sai/new_charge/6000_data_aug13/NaYbS2_166/CHGCAR: ok (48.5 s)
[439/500] /data/sai/new_charge/6000_data_aug13/Nb3AlC2_194/CHGCAR: ok (28.4 s)
[440/500] /data/sai/new_charge/6000_data_aug13/Nb2Se_12/CHGCAR: ok (31.9 s)
[441/500] /data/sai/new_charge/6000_data_aug13/Nb3Bi_223/CHGCAR: ok (18.0 s)
[442/500] /data/sai/new_charge/6000_data_aug13/Nb3Ru_225/CHGCAR: ok (13.5 s)
[443/500] /data/sai/new_charge/6000_data_aug13/Nb3Ir_223/CHGCAR: ok (20.1 s)
[444/500] /data/sai/new_charge/6000_data_aug13/Nb3Os_223/CHGCAR: ok (20.6 s)
[445/500] /data/sai/new_charge/6000_data_aug13/Nb3Pt_223/CHGCAR: ok (20.3 s)
[446/500] /data/sai/new_charge/6000_data_aug13/Nb3Ga2_127/CHGCAR: ok (22.0 s)
[447/500] /data/sai/new_charge/6000_data_aug13/Nb3Rh_223/CHGCAR: ok (20.8 s)
[448/500] /data/sai/new_charge/6000_data_aug13/Nb3Sb_223/CHGCAR: ok (19.3 s)
[449/500] /data/sai/new_charge/6000_data_aug13/Nb4CoSi_124/CHGCAR: ok (18.2 s)
[450/500] /data/sai/new_charge/6000_data_aug13/NaTh2F9_121/CHGCAR: ok (70.1 s)
[451/500] /data/sai/new_charge/6000_data_aug13/NbAu2_191/CHGCAR: ok (4.4 s)
[452/500] /data/sai/new_charge/6000_data_aug13/NbAlFe2_225/CHGCAR: ok (8.9 s)
[453/500] /data/sai/new_charge/6000_data_aug13/NbAl3_139/CHGCAR: ok (16.1 s)
[454/500] /data/sai/new_charge/6000_data_aug13/NbB2_191/CHGCAR: ok (5.3 s)
[455/500] /data/sai/new_charge/6000_data_aug13/NbAlOs2_225/CHGCAR: ok (12.1 s)
[456/500] /data/sai/new_charge/6000_data_aug13/NbAs_109/CHGCAR: ok (10.3 s)
[457/500] /data/sai/new_charge/6000_data_aug13/Nb3SBr7_156/CHGCAR: ok (30.4 s)
[458/500] /data/sai/new_charge/6000_data_aug13/NbB_63/CHGCAR: ok (7.5 s)
[459/500] /data/sai/new_charge/6000_data_aug13/Nb4FeSi_124/CHGCAR: ok (29.3 s)
[460/500] /data/sai/new_charge/6000_data_aug13/Nb5Te4_87/CHGCAR: ok (24.5 s)
[461/500] /data/sai/new_charge/6000_data_aug13/Nb10C7_12/CHGCAR: ok (67.3 s)
[462/500] /data/sai/new_charge/6000_data_aug13/NbAs2_12/CHGCAR: ok (15.7 s)
[463/500] /data/sai/new_charge/6000_data_aug13/NbAlO4_12/CHGCAR: ok (22.3 s)
[464/500] /data/sai/new_charge/6000_data_aug13/NbBO4_141/CHGCAR: ok (15.3 s)
[465/500] /data/sai/new_charge/6000_data_aug13/Nb2ZnO6_60/CHGCAR: ok (64.8 s)
[466/500] /data/sai/new_charge/6000_data_aug13/NbFeSb_216/CHGCAR: ok (5.8 s)
[467/500] /data/sai/new_charge/6000_data_aug13/Nb6C5_12/CHGCAR: ok (37.3 s)
[468/500] /data/sai/new_charge/6000_data_aug13/NbC_225/CHGCAR: ok (18.0 s)
[469/500] /data/sai/new_charge/6000_data_aug13/Nb5Si3_193/CHGCAR: ok (38.4 s)
[470/500] /data/sai/new_charge/6000_data_aug13/Nb2Al_136/CHGCAR: ok (81.9 s)
[471/500] /data/sai/new_charge/6000_data_aug13/NbBr2O_5/CHGCAR: ok (24.0 s)
[472/500] /data/sai/new_charge/6000_data_aug13/NbH2_225/CHGCAR: ok (6.0 s)
[473/500] /data/sai/new_charge/6000_data_aug13/NbGaCo2_225/CHGCAR: ok (6.8 s)
[474/500] /data/sai/new_charge/6000_data_aug13/NbCu3S4_215/CHGCAR: ok (18.5 s)
[475/500] /data/sai/new_charge/6000_data_aug13/NbCrSi_189/CHGCAR: ok (20.1 s)
[476/500] /data/sai/new_charge/6000_data_aug13/NbCu3Se4_215/CHGCAR: ok (20.0 s)
[477/500] /data/sai/new_charge/6000_data_aug13/NbGa3_139/CHGCAR: ok (11.4 s)
[478/500] /data/sai/new_charge/6000_data_aug13/NbAlCo2_225/CHGCAR: ok (45.8 s)
[479/500] /data/sai/new_charge/6000_data_aug13/NbIr_123/CHGCAR: ok (4.4 s)
[480/500] /data/sai/new_charge/6000_data_aug13/NbAlRu2_225/CHGCAR: ok (39.1 s)
[481/500] /data/sai/new_charge/6000_data_aug13/NbN_187/CHGCAR: ok (4.7 s)
[482/500] /data/sai/new_charge/6000_data_aug13/Nb5Sb4_87/CHGCAR: ok (50.8 s)
[483/500] /data/sai/new_charge/6000_data_aug13/NbIr3_221/CHGCAR: ok (5.8 s)
[484/500] /data/sai/new_charge/6000_data_aug13/NaZn13_226/CHGCAR: ok (97.7 s)
[485/500] /data/sai/new_charge/6000_data_aug13/NbCu3Te4_215/CHGCAR: ok (26.3 s)
[486/500] /data/sai/new_charge/6000_data_aug13/Nb3Cl8_164/CHGCAR: ok (67.2 s)
[487/500] /data/sai/new_charge/6000_data_aug13/NbFe2_194/CHGCAR: ok (22.8 s)
[488/500] /data/sai/new_charge/6000_data_aug13/NbGe2_180/CHGCAR: ok (18.3 s)
[489/500] /data/sai/new_charge/6000_data_aug13/NbCoSb_216/CHGCAR: ok (34.8 s)
[490/500] /data/sai/new_charge/6000_data_aug13/NbNi3_59/CHGCAR: ok (11.5 s)
[491/500] /data/sai/new_charge/6000_data_aug13/NbInRu2_225/CHGCAR: ok (13.6 s)
[492/500] /data/sai/new_charge/6000_data_aug13/NbGaO4_12/CHGCAR: ok (20.4 s)
[493/500] /data/sai/new_charge/6000_data_aug13/NbCo2_227/CHGCAR: ok (37.8 s)
[494/500] /data/sai/new_charge/6000_data_aug13/NbInO4_13/CHGCAR: ok (18.1 s)
[495/500] /data/sai/new_charge/6000_data_aug13/NbI2O_5/CHGCAR: ok (19.5 s)
[496/500] /data/sai/new_charge/6000_data_aug13/Nb5SiSn2_140/CHGCAR: ok (66.4 s)
[497/500] /data/sai/new_charge/6000_data_aug13/Nb3TeCl7_164/CHGCAR: ok (73.0 s)
[498/500] /data/sai/new_charge/6000_data_aug13/NbCo3_186/CHGCAR: ok (45.9 s)
[499/500] /data/sai/new_charge/6000_data_aug13/NbCr2_227/CHGCAR: ok (43.2 s)
[500/500] /data/sai/new_charge/6000_data_aug13/Nb6Co7_166/CHGCAR: ok (83.2 s)
chunk 6: 500 rows, 0 errors, 63.5 min elapsed
[1/500] /data/sai/new_charge/6000_data_aug13/NbRu_123/CHGCAR: ok (4.1 s)
[2/500] /data/sai/new_charge/6000_data_aug13/NbRh_123/CHGCAR: ok (4.1 s)
[3/500] /data/sai/new_charge/6000_data_aug13/NbRu3_221/CHGCAR: ok (6.3 s)
[4/500] /data/sai/new_charge/6000_data_aug13/NbRh3_221/CHGCAR: ok (6.9 s)
[5/500] /data/sai/new_charge/6000_data_aug13/NbPt_51/CHGCAR: ok (6.4 s)
[6/500] /data/sai/new_charge/6000_data_aug13/NbP_109/CHGCAR: ok (6.6 s)
[7/500] /data/sai/new_charge/6000_data_aug13/NbPd2_71/CHGCAR: ok (6.2 s)
[8/500] /data/sai/new_charge/6000_data_aug13/NbSiAs_129/CHGCAR: ok (10.3 s)
[9/500] /data/sai/new_charge/6000_data_aug13/NbO_221/CHGCAR: ok (10.8 s)
[10/500] /data/sai/new_charge/6000_data_aug13/NbPt2_71/CHGCAR: ok (11.6 s)
[11/500] /data/sai/new_charge/6000_data_aug13/NbPd3_139/CHGCAR: ok (13.7 s)
[12/500] /data/sai/new_charge/6000_data_aug13/NbSi2_180/CHGCAR: ok (14.6 s)
[13/500] /data/sai/new_charge/6000_data_aug13/NbSiTc2_225/CHGCAR: ok (10.2 s)
[14/500] /data/sai/new_charge/6000_data_aug13/NbSi2_181/CHGCAR: ok (16.5 s)
[15/500] /data/sai/new_charge/6000_data_aug13/NbSe2_194/CHGCAR: ok (17.5 s)
[16/500] /data/sai/new_charge/6000_data_aug13/NbS2_194/CHGCAR: ok (17.6 s)
[17/500] /data/sai/new_charge/6000_data_aug13/NbSiIr_62/CHGCAR: ok (18.8 s)
[18/500] /data/sai/new_charge/6000_data_aug13/NbO2F_9/CHGCAR: ok (18.8 s)
[19/500] /data/sai/new_charge/6000_data_aug13/NbSiPd_62/CHGCAR: ok (20.1 s)
[20/500] /data/sai/new_charge/6000_data_aug13/Nb_229/CHGCAR: ok (3.6 s)
[21/500] /data/sai/new_charge/6000_data_aug13/NbZnCo2_225/CHGCAR: ok (6.3 s)
[22/500] /data/sai/new_charge/6000_data_aug13/NbZn3_221/CHGCAR: ok (7.5 s)
[23/500] /data/sai/new_charge/6000_data_aug13/NbNiP_62/CHGCAR: ok (21.3 s)
[24/500] /data/sai/new_charge/6000_data_aug13/NbSnS2_194/CHGCAR: ok (14.6 s)
[25/500] /data/sai/new_charge/6000_data_aug13/NbSiPt_62/CHGCAR: ok (19.9 s)
[26/500] /data/sai/new_charge/6000_data_aug13/NbSiRh_62/CHGCAR: ok (20.2 s)
[27/500] /data/sai/new_charge/6000_data_aug13/NbZnRu2_225/CHGCAR: ok (10.1 s)
[28/500] /data/sai/new_charge/6000_data_aug13/Nd(CoP)2_139/CHGCAR: ok (11.1 s)
[29/500] /data/sai/new_charge/6000_data_aug13/Nd(FeSi)2_139/CHGCAR: ok (9.1 s)
[30/500] /data/sai/new_charge/6000_data_aug13/NbPt3_11/CHGCAR: ok (30.9 s)
[31/500] /data/sai/new_charge/6000_data_aug13/Nd(CoGe)2_139/CHGCAR: ok (14.9 s)
[32/500] /data/sai/new_charge/6000_data_aug13/Nd(CoSi)2_139/CHGCAR: ok (13.5 s)
[33/500] /data/sai/new_charge/6000_data_aug13/Nd(CuSi)2_139/CHGCAR: ok (13.0 s)
[34/500] /data/sai/new_charge/6000_data_aug13/Nd(AgGe)2_139/CHGCAR: ok (15.2 s)
[35/500] /data/sai/new_charge/6000_data_aug13/NbZn2N3_36/CHGCAR: ok (23.3 s)
[36/500] /data/sai/new_charge/6000_data_aug13/Nd(NiGe)2_139/CHGCAR: ok (13.3 s)
[37/500] /data/sai/new_charge/6000_data_aug13/NbSbRu_216/CHGCAR: ok (35.7 s)
[38/500] /data/sai/new_charge/6000_data_aug13/Nd(MnSi)2_139/CHGCAR: ok (14.1 s)
[39/500] /data/sai/new_charge/6000_data_aug13/Nd(NiP)2_139/CHGCAR: ok (14.0 s)
[40/500] /data/sai/new_charge/6000_data_aug13/NbSbRh_216/CHGCAR: ok (36.5 s)
[41/500] /data/sai/new_charge/6000_data_aug13/NbTl3Se4_217/CHGCAR: ok (30.1 s)
[42/500] /data/sai/new_charge/6000_data_aug13/Nd(GeRh)2_139/CHGCAR: ok (16.4 s)
[43/500] /data/sai/new_charge/6000_data_aug13/Nd(GePd)2_139/CHGCAR: ok (16.7 s)
[44/500] /data/sai/new_charge/6000_data_aug13/NbTe2_12/CHGCAR: ok (30.5 s)
[45/500] /data/sai/new_charge/6000_data_aug13/Nd(SiNi)2_139/CHGCAR: ok (8.5 s)
[46/500] /data/sai/new_charge/6000_data_aug13/Nd(PRu)2_139/CHGCAR: ok (16.7 s)
[47/500] /data/sai/new_charge/6000_data_aug13/NbSb2_12/CHGCAR: ok (41.9 s)
[48/500] /data/sai/new_charge/6000_data_aug13/Nd(SiOs)2_139/CHGCAR: ok (13.9 s)
[49/500] /data/sai/new_charge/6000_data_aug13/Nd(SiRu)2_139/CHGCAR: ok (14.5 s)
[50/500] /data/sai/new_charge/6000_data_aug13/Nd(SiPd)2_139/CHGCAR: ok (14.6 s)
[51/500] /data/sai/new_charge/6000_data_aug13/Nd2SO2_164/CHGCAR: ok (12.5 s)
[52/500] /data/sai/new_charge/6000_data_aug13/Nd3In_221/CHGCAR: ok (11.3 s)
[53/500] /data/sai/new_charge/6000_data_aug13/Nd2TeO2_139/CHGCAR: ok (14.0 s)
[54/500] /data/sai/new_charge/6000_data_aug13/NdAg_221/CHGCAR: ok (5.8 s)
[55/500] /data/sai/new_charge/6000_data_aug13/NbPd3_59/CHGCAR: ok (50.5 s)
[56/500] /data/sai/new_charge/6000_data_aug13/Nd2MgAl_225/CHGCAR: ok (18.3 s)
[57/500] /data/sai/new_charge/6000_data_aug13/Nd2CdIn_225/CHGCAR: ok (21.1 s)
[58/500] /data/sai/new_charge/6000_data_aug13/Nd2MgIn_225/CHGCAR: ok (20.2 s)
[59/500] /data/sai/new_charge/6000_data_aug13/Nd(FeB)4_86/CHGCAR: ok (36.6 s)
[60/500] /data/sai/new_charge/6000_data_aug13/Nd3InC_221/CHGCAR: ok (18.8 s)
[61/500] /data/sai/new_charge/6000_data_aug13/Nd3InN_221/CHGCAR: ok (19.8 s)
[62/500] /data/sai/new_charge/6000_data_aug13/NdAs_225/CHGCAR: ok (9.2 s)
[63/500] /data/sai/new_charge/6000_data_aug13/NdAl3Pd2_191/CHGCAR: ok (14.6 s)
[64/500] /data/sai/new_charge/6000_data_aug13/NdBPt3_99/CHGCAR: ok (12.9 s)
[65/500] /data/sai/new_charge/6000_data_aug13/NdAgHg2_225/CHGCAR: ok (22.0 s)
[66/500] /data/sai/new_charge/6000_data_aug13/NdBRh3_221/CHGCAR: ok (13.0 s)
[67/500] /data/sai/new_charge/6000_data_aug13/NdCd_221/CHGCAR: ok (6.2 s)
[68/500] /data/sai/new_charge/6000_data_aug13/NdB6_221/CHGCAR: ok (14.6 s)
[69/500] /data/sai/new_charge/6000_data_aug13/NdB2Rh3_191/CHGCAR: ok (14.9 s)
[70/500] /data/sai/new_charge/6000_data_aug13/NdC2_139/CHGCAR: ok (8.5 s)
[71/500] /data/sai/new_charge/6000_data_aug13/NdAl3Ni2_191/CHGCAR: ok (19.3 s)
[72/500] /data/sai/new_charge/6000_data_aug13/NdBi_225/CHGCAR: ok (11.4 s)
[73/500] /data/sai/new_charge/6000_data_aug13/NdAl2_227/CHGCAR: ok (26.0 s)
[74/500] /data/sai/new_charge/6000_data_aug13/NdBrO_129/CHGCAR: ok (17.0 s)
[75/500] /data/sai/new_charge/6000_data_aug13/NbZn2_194/CHGCAR: ok (64.2 s)
[76/500] /data/sai/new_charge/6000_data_aug13/NdBi2ClO4_123/CHGCAR: ok (22.4 s)
[77/500] /data/sai/new_charge/6000_data_aug13/NdClO_129/CHGCAR: ok (14.6 s)
[78/500] /data/sai/new_charge/6000_data_aug13/NdCoC2_9/CHGCAR: ok (16.8 s)
[79/500] /data/sai/new_charge/6000_data_aug13/NdCoSi_129/CHGCAR: ok (16.2 s)
[80/500] /data/sai/new_charge/6000_data_aug13/NdCoGe_129/CHGCAR: ok (17.2 s)
[81/500] /data/sai/new_charge/6000_data_aug13/NdGa2_191/CHGCAR: ok (10.3 s)
[82/500] /data/sai/new_charge/6000_data_aug13/NdCu5_191/CHGCAR: ok (18.8 s)
[83/500] /data/sai/new_charge/6000_data_aug13/NdCoSi2_63/CHGCAR: ok (20.5 s)
[84/500] /data/sai/new_charge/6000_data_aug13/NdBr3_63/CHGCAR: ok (31.2 s)
[85/500] /data/sai/new_charge/6000_data_aug13/NdDyMg2_225/CHGCAR: ok (21.8 s)
[86/500] /data/sai/new_charge/6000_data_aug13/NdFeSi_129/CHGCAR: ok (16.2 s)
[87/500] /data/sai/new_charge/6000_data_aug13/NdH2_225/CHGCAR: ok (8.0 s)
[88/500] /data/sai/new_charge/6000_data_aug13/NdHg_221/CHGCAR: ok (6.3 s)
[89/500] /data/sai/new_charge/6000_data_aug13/Nd2BC_12/CHGCAR: ok (59.3 s)
[90/500] /data/sai/new_charge/6000_data_aug13/NdCoGe3_107/CHGCAR: ok (27.6 s)
[91/500] /data/sai/new_charge/6000_data_aug13/NdGa_63/CHGCAR: ok (15.0 s)
[92/500] /data/sai/new_charge/6000_data_aug13/NdCl3_176/CHGCAR: ok (31.1 s)
[93/500] /data/sai/new_charge/6000_data_aug13/NdFeSi2_63/CHGCAR: ok (21.3 s)
[94/500] /data/sai/new_charge/6000_data_aug13/NdHg2_191/CHGCAR: ok (10.6 s)
[95/500] /data/sai/new_charge/6000_data_aug13/Nd(Sb3Os)4_204/CHGCAR: ok (66.4 s)
[96/500] /data/sai/new_charge/6000_data_aug13/NdGeRu_129/CHGCAR: ok (15.6 s)
[97/500] /data/sai/new_charge/6000_data_aug13/NdGe_63/CHGCAR: ok (16.0 s)
[98/500] /data/sai/new_charge/6000_data_aug13/NdMg_221/CHGCAR: ok (5.5 s)
[99/500] /data/sai/new_charge/6000_data_aug13/NdIn3_221/CHGCAR: ok (15.3 s)
[100/500] /data/sai/new_charge/6000_data_aug13/NdHoIn2_225/CHGCAR: ok (21.1 s)
[101/500] /data/sai/new_charge/6000_data_aug13/NdNiC2_38/CHGCAR: ok (8.6 s)
[102/500] /data/sai/new_charge/6000_data_aug13/NdInAu2_225/CHGCAR: ok (20.2 s)
[103/500] /data/sai/new_charge/6000_data_aug13/NdMgZn2_225/CHGCAR: ok (16.1 s)
[104/500] /data/sai/new_charge/6000_data_aug13/NdMg3_225/CHGCAR: ok (18.5 s)
[105/500] /data/sai/new_charge/6000_data_aug13/Nd2Zr2O7_227/CHGCAR: ok (77.4 s)
[106/500] /data/sai/new_charge/6000_data_aug13/NdIr2_227/CHGCAR: ok (21.3 s)
[107/500] /data/sai/new_charge/6000_data_aug13/NdCuSe2_14/CHGCAR: ok (49.9 s)
[108/500] /data/sai/new_charge/6000_data_aug13/Nd5Sn3_193/CHGCAR: ok (75.9 s)
[109/500] /data/sai/new_charge/6000_data_aug13/NdP_225/CHGCAR: ok (7.8 s)
[110/500] /data/sai/new_charge/6000_data_aug13/NdGa6_125/CHGCAR: ok (45.2 s)
[111/500] /data/sai/new_charge/6000_data_aug13/NdInRh_189/CHGCAR: ok (30.7 s)
[112/500] /data/sai/new_charge/6000_data_aug13/Nd5Si3_140/CHGCAR: ok (86.1 s)
[113/500] /data/sai/new_charge/6000_data_aug13/NdInPd_189/CHGCAR: ok (34.1 s)
[114/500] /data/sai/new_charge/6000_data_aug13/NdPd3_221/CHGCAR: ok (11.1 s)
[115/500] /data/sai/new_charge/6000_data_aug13/NdMgPt_189/CHGCAR: ok (30.9 s)
[116/500] /data/sai/new_charge/6000_data_aug13/NdPb3_221/CHGCAR: ok (15.6 s)
[117/500] /data/sai/new_charge/6000_data_aug13/NdS_225/CHGCAR: ok (7.8 s)
[118/500] /data/sai/new_charge/6000_data_aug13/NdPd_63/CHGCAR: ok (13.1 s)
[119/500] /data/sai/new_charge/6000_data_aug13/NdMgGa_189/CHGCAR: ok (35.4 s)
[120/500] /data/sai/new_charge/6000_data_aug13/NdNiGe2_63/CHGCAR: ok (26.4 s)
[121/500] /data/sai/new_charge/6000_data_aug13/NdNbO4_15/CHGCAR: ok (33.4 s)
[122/500] /data/sai/new_charge/6000_data_aug13/NdSe_225/CHGCAR: ok (9.7 s)
[123/500] /data/sai/new_charge/6000_data_aug13/NdNi2B2C_139/CHGCAR: ok (37.1 s)
[124/500] /data/sai/new_charge/6000_data_aug13/NdSb_225/CHGCAR: ok (13.1 s)
[125/500] /data/sai/new_charge/6000_data_aug13/NdSF_129/CHGCAR: ok (18.3 s)
[126/500] /data/sai/new_charge/6000_data_aug13/NdPbAu2_225/CHGCAR: ok (25.9 s)
[127/500] /data/sai/new_charge/6000_data_aug13/NdPt2_227/CHGCAR: ok (24.4 s)
[128/500] /data/sai/new_charge/6000_data_aug13/NdSeF_129/CHGCAR: ok (17.0 s)
[129/500] /data/sai/new_charge/6000_data_aug13/NdSiNi4_65/CHGCAR: ok (17.1 s)
[130/500] /data/sai/new_charge/6000_data_aug13/NdI3_194/CHGCAR: ok (56.5 s)
[131/500] /data/sai/new_charge/6000_data_aug13/NdSbTe_129/CHGCAR: ok (23.9 s)
[132/500] /data/sai/new_charge/6000_data_aug13/NdSiRu_129/CHGCAR: ok (20.0 s)
[133/500] /data/sai/new_charge/6000_data_aug13/NdTl_221/CHGCAR: ok (6.4 s)
[134/500] /data/sai/new_charge/6000_data_aug13/NdSn3_221/CHGCAR: ok (16.1 s)
[135/500] /data/sai/new_charge/6000_data_aug13/NdNiSn_62/CHGCAR: ok (40.6 s)
[136/500] /data/sai/new_charge/6000_data_aug13/NbSn2_70/CHGCAR: ok (143.3 s)
[137/500] /data/sai/new_charge/6000_data_aug13/NdSi2_141/CHGCAR: ok (22.8 s)
[138/500] /data/sai/new_charge/6000_data_aug13/Ne_225/CHGCAR: ok (2.3 s)
[139/500] /data/sai/new_charge/6000_data_aug13/NdSi2Ru_11/CHGCAR: ok (24.5 s)
[140/500] /data/sai/new_charge/6000_data_aug13/NdTe_225/CHGCAR: ok (13.8 s)
[141/500] /data/sai/new_charge/6000_data_aug13/NdZn_221/CHGCAR: ok (7.1 s)
[142/500] /data/sai/new_charge/6000_data_aug13/NbZn16_63/CHGCAR: ok (146.3 s)
[143/500] /data/sai/new_charge/6000_data_aug13/Ni2B_140/CHGCAR: ok (8.9 s)
[144/500] /data/sai/new_charge/6000_data_aug13/NdSn2_65/CHGCAR: ok (27.2 s)
[145/500] /data/sai/new_charge/6000_data_aug13/Ni3Ge_221/CHGCAR: ok (7.7 s)
[146/500] /data/sai/new_charge/6000_data_aug13/NdSi_62/CHGCAR: ok (29.3 s)
[147/500] /data/sai/new_charge/6000_data_aug13/NdSnAu2_225/CHGCAR: ok (23.7 s)
[148/500] /data/sai/new_charge/6000_data_aug13/NdMnSi2_63/CHGCAR: ok (63.1 s)
[149/500] /data/sai/new_charge/6000_data_aug13/Ni3Pt_221/CHGCAR: ok (6.6 s)
[150/500] /data/sai/new_charge/6000_data_aug13/Ni3S2_155/CHGCAR: ok (8.1 s)
[151/500] /data/sai/new_charge/6000_data_aug13/Ni3Sn_221/CHGCAR: ok (6.9 s)
[152/500] /data/sai/new_charge/6000_data_aug13/Ni3Mo_59/CHGCAR: ok (14.6 s)
[153/500] /data/sai/new_charge/6000_data_aug13/NdZn2_74/CHGCAR: ok (23.4 s)
[154/500] /data/sai/new_charge/6000_data_aug13/Ni(BMo)2_71/CHGCAR: ok (18.1 s)
[155/500] /data/sai/new_charge/6000_data_aug13/NdTaO4_13/CHGCAR: ok (30.6 s)
[156/500] /data/sai/new_charge/6000_data_aug13/Ni3Se2_155/CHGCAR: ok (8.9 s)
[157/500] /data/sai/new_charge/6000_data_aug13/NdSnRh_189/CHGCAR: ok (31.5 s)
[158/500] /data/sai/new_charge/6000_data_aug13/Nd2O3_206/CHGCAR: ok (132.2 s)
[159/500] /data/sai/new_charge/6000_data_aug13/Nd_194/CHGCAR: ok (20.3 s)
[160/500] /data/sai/new_charge/6000_data_aug13/NiH_225/CHGCAR: ok (2.7 s)
[161/500] /data/sai/new_charge/6000_data_aug13/Ni4W_87/CHGCAR: ok (9.5 s)
[162/500] /data/sai/new_charge/6000_data_aug13/Ni3(SnS)2_166/CHGCAR: ok (19.8 s)
[163/500] /data/sai/new_charge/6000_data_aug13/NiAs2_58/CHGCAR: ok (10.5 s)
[164/500] /data/sai/new_charge/6000_data_aug13/NdZnSbO_129/CHGCAR: ok (26.8 s)
[165/500] /data/sai/new_charge/6000_data_aug13/Ni3B_62/CHGCAR: ok (20.7 s)
[166/500] /data/sai/new_charge/6000_data_aug13/NdTlPd_189/CHGCAR: ok (33.6 s)
[167/500] /data/sai/new_charge/6000_data_aug13/Nd5Si4_92/CHGCAR: ok (134.5 s)
[168/500] /data/sai/new_charge/6000_data_aug13/NiPt_123/CHGCAR: ok (6.1 s)
[169/500] /data/sai/new_charge/6000_data_aug13/Ni3O4_65/CHGCAR: ok (22.7 s)
[170/500] /data/sai/new_charge/6000_data_aug13/NiGePd_129/CHGCAR: ok (10.4 s)
[171/500] /data/sai/new_charge/6000_data_aug13/Ni3Sn4_12/CHGCAR: ok (17.9 s)
[172/500] /data/sai/new_charge/6000_data_aug13/Ni2SbTe2_194/CHGCAR: ok (26.7 s)
[173/500] /data/sai/new_charge/6000_data_aug13/NiO_225/CHGCAR: ok (11.9 s)
[174/500] /data/sai/new_charge/6000_data_aug13/NiTe2_164/CHGCAR: ok (6.7 s)
[175/500] /data/sai/new_charge/6000_data_aug13/NiGe_62/CHGCAR: ok (13.7 s)
[176/500] /data/sai/new_charge/6000_data_aug13/NiSb_194/CHGCAR: ok (9.1 s)
[177/500] /data/sai/new_charge/6000_data_aug13/Ni_225/CHGCAR: ok (6.4 s)
[178/500] /data/sai/new_charge/6000_data_aug13/NiMoP2_194/CHGCAR: ok (14.4 s)
[179/500] /data/sai/new_charge/6000_data_aug13/NiSb2_58/CHGCAR: ok (13.0 s)
[180/500] /data/sai/new_charge/6000_data_aug13/NdPO4_14/CHGCAR: ok (73.0 s)
[181/500] /data/sai/new_charge/6000_data_aug13/NiMoP_189/CHGCAR: ok (15.6 s)
[182/500] /data/sai/new_charge/6000_data_aug13/NpN_225/CHGCAR: ok (6.8 s)
[183/500] /data/sai/new_charge/6000_data_aug13/NiP2_205/CHGCAR: ok (16.5 s)
[184/500] /data/sai/new_charge/6000_data_aug13/NiGePt2_69/CHGCAR: ok (18.9 s)
[185/500] /data/sai/new_charge/6000_data_aug13/NpO2_225/CHGCAR: ok (7.1 s)
[186/500] /data/sai/new_charge/6000_data_aug13/NpSe_225/CHGCAR: ok (6.6 s)
[187/500] /data/sai/new_charge/6000_data_aug13/NpH3_139/CHGCAR: ok (12.1 s)
[188/500] /data/sai/new_charge/6000_data_aug13/OsRu_187/CHGCAR: ok (3.4 s)
[189/500] /data/sai/new_charge/6000_data_aug13/NpRh3_221/CHGCAR: ok (9.2 s)
[190/500] /data/sai/new_charge/6000_data_aug13/Os_194/CHGCAR: ok (2.9 s)
[191/500] /data/sai/new_charge/6000_data_aug13/NiBr2_166/CHGCAR: ok (27.9 s)
[192/500] /data/sai/new_charge/6000_data_aug13/OsCl2O_71/CHGCAR: ok (8.9 s)
[193/500] /data/sai/new_charge/6000_data_aug13/NpSn3_221/CHGCAR: ok (11.8 s)
[194/500] /data/sai/new_charge/6000_data_aug13/O2_12/CHGCAR: ok (10.4 s)
[195/500] /data/sai/new_charge/6000_data_aug13/OsO2_136/CHGCAR: ok (9.3 s)
[196/500] /data/sai/new_charge/6000_data_aug13/NiCl2_166/CHGCAR: ok (28.6 s)
[197/500] /data/sai/new_charge/6000_data_aug13/NdZnSn_194/CHGCAR: ok (50.0 s)
[198/500] /data/sai/new_charge/6000_data_aug13/OsCl4_65/CHGCAR: ok (15.0 s)
[199/500] /data/sai/new_charge/6000_data_aug13/OsRu3_194/CHGCAR: ok (15.4 s)
[200/500] /data/sai/new_charge/6000_data_aug13/NiI2_166/CHGCAR: ok (33.0 s)
[201/500] /data/sai/new_charge/6000_data_aug13/NiSe_160/CHGCAR: ok (29.0 s)
[202/500] /data/sai/new_charge/6000_data_aug13/NiSe2_205/CHGCAR: ok (30.1 s)
[203/500] /data/sai/new_charge/6000_data_aug13/NiSbSe_198/CHGCAR: ok (30.4 s)
[204/500] /data/sai/new_charge/6000_data_aug13/Np_62/CHGCAR: ok (21.2 s)
[205/500] /data/sai/new_charge/6000_data_aug13/NiSbS_198/CHGCAR: ok (33.2 s)
[206/500] /data/sai/new_charge/6000_data_aug13/Pa3Si_221/CHGCAR: ok (12.3 s)
[207/500] /data/sai/new_charge/6000_data_aug13/PaAgO3_221/CHGCAR: ok (12.9 s)
[208/500] /data/sai/new_charge/6000_data_aug13/PaAs_225/CHGCAR: ok (7.7 s)
[209/500] /data/sai/new_charge/6000_data_aug13/Pa3Ge_221/CHGCAR: ok (15.1 s)
[210/500] /data/sai/new_charge/6000_data_aug13/Pa3Sb_221/CHGCAR: ok (14.5 s)
[211/500] /data/sai/new_charge/6000_data_aug13/Pa3Te_221/CHGCAR: ok (14.7 s)
[212/500] /data/sai/new_charge/6000_data_aug13/PaC_225/CHGCAR: ok (7.3 s)
[213/500] /data/sai/new_charge/6000_data_aug13/OsS2_205/CHGCAR: ok (22.8 s)
[214/500] /data/sai/new_charge/6000_data_aug13/PaN_225/CHGCAR: ok (8.8 s)
[215/500] /data/sai/new_charge/6000_data_aug13/PaO2_225/CHGCAR: ok (8.7 s)
[216/500] /data/sai/new_charge/6000_data_aug13/PaIr3_221/CHGCAR: ok (10.1 s)
[217/500] /data/sai/new_charge/6000_data_aug13/P2Pt_205/CHGCAR: ok (21.0 s)
[218/500] /data/sai/new_charge/6000_data_aug13/PaAlRu2_225/CHGCAR: ok (18.0 s)
[219/500] /data/sai/new_charge/6000_data_aug13/NiTe_166/CHGCAR: ok (37.6 s)
[220/500] /data/sai/new_charge/6000_data_aug13/PaAlTc2_225/CHGCAR: ok (17.9 s)
[221/500] /data/sai/new_charge/6000_data_aug13/P2Ir_14/CHGCAR: ok (25.1 s)
[222/500] /data/sai/new_charge/6000_data_aug13/PaRh3_221/CHGCAR: ok (9.6 s)
[223/500] /data/sai/new_charge/6000_data_aug13/PaO3_139/CHGCAR: ok (12.6 s)
[224/500] /data/sai/new_charge/6000_data_aug13/PaCdPt2_225/CHGCAR: ok (15.7 s)
[225/500] /data/sai/new_charge/6000_data_aug13/PaTlO3_221/CHGCAR: ok (11.9 s)
[226/500] /data/sai/new_charge/6000_data_aug13/PbF2_225/CHGCAR: ok (8.7 s)
[227/500] /data/sai/new_charge/6000_data_aug13/NdScGe_139/CHGCAR: ok (94.4 s)
[228/500] /data/sai/new_charge/6000_data_aug13/PbO_129/CHGCAR: ok (8.9 s)
[229/500] /data/sai/new_charge/6000_data_aug13/PbClF_129/CHGCAR: ok (12.4 s)
[230/500] /data/sai/new_charge/6000_data_aug13/PbSe_225/CHGCAR: ok (6.6 s)
[231/500] /data/sai/new_charge/6000_data_aug13/PbO2_136/CHGCAR: ok (9.6 s)
[232/500] /data/sai/new_charge/6000_data_aug13/PbF4_139/CHGCAR: ok (10.5 s)
[233/500] /data/sai/new_charge/6000_data_aug13/Pb_194/CHGCAR: ok (7.5 s)
[234/500] /data/sai/new_charge/6000_data_aug13/PaZnRu2_225/CHGCAR: ok (15.8 s)
[235/500] /data/sai/new_charge/6000_data_aug13/PaTiTc2_225/CHGCAR: ok (16.5 s)
[236/500] /data/sai/new_charge/6000_data_aug13/Pd3Au_221/CHGCAR: ok (7.6 s)
[237/500] /data/sai/new_charge/6000_data_aug13/Pd3Pb_221/CHGCAR: ok (7.6 s)
[238/500] /data/sai/new_charge/6000_data_aug13/PdO_131/CHGCAR: ok (4.9 s)
[239/500] /data/sai/new_charge/6000_data_aug13/PaPd3_194/CHGCAR: ok (22.4 s)
[240/500] /data/sai/new_charge/6000_data_aug13/Pd_225/CHGCAR: ok (7.0 s)
[241/500] /data/sai/new_charge/6000_data_aug13/Pb_225/CHGCAR: ok (16.3 s)
[242/500] /data/sai/new_charge/6000_data_aug13/Pd3S_63/CHGCAR: ok (15.2 s)
[243/500] /data/sai/new_charge/6000_data_aug13/P2O5_62/CHGCAR: ok (44.9 s)
[244/500] /data/sai/new_charge/6000_data_aug13/PdF4_43/CHGCAR: ok (16.1 s)
[245/500] /data/sai/new_charge/6000_data_aug13/P3Ir_204/CHGCAR: ok (45.2 s)
[246/500] /data/sai/new_charge/6000_data_aug13/OsF6_62/CHGCAR: ok (52.4 s)
[247/500] /data/sai/new_charge/6000_data_aug13/PbS_225/CHGCAR: ok (23.8 s)
[248/500] /data/sai/new_charge/6000_data_aug13/PdPb2_140/CHGCAR: ok (19.4 s)
[249/500] /data/sai/new_charge/6000_data_aug13/PdSeO3_11/CHGCAR: ok (18.7 s)
[250/500] /data/sai/new_charge/6000_data_aug13/PdSO4_15/CHGCAR: ok (19.7 s)
[251/500] /data/sai/new_charge/6000_data_aug13/PbI2_186/CHGCAR: ok (30.3 s)
[252/500] /data/sai/new_charge/6000_data_aug13/Pm2AgIr_225/CHGCAR: ok (20.4 s)
[253/500] /data/sai/new_charge/6000_data_aug13/Pm2CdGe_225/CHGCAR: ok (19.7 s)
[254/500] /data/sai/new_charge/6000_data_aug13/Pm2AgSn_225/CHGCAR: ok (20.4 s)
[255/500] /data/sai/new_charge/6000_data_aug13/Pm2AgPt_225/CHGCAR: ok (21.6 s)
[256/500] /data/sai/new_charge/6000_data_aug13/Pm2CdIn_225/CHGCAR: ok (19.6 s)
[257/500] /data/sai/new_charge/6000_data_aug13/Pm2AgGe_225/CHGCAR: ok (23.5 s)
[258/500] /data/sai/new_charge/6000_data_aug13/PdS2_61/CHGCAR: ok (24.6 s)
[259/500] /data/sai/new_charge/6000_data_aug13/Pm2CdSi_225/CHGCAR: ok (20.4 s)
[260/500] /data/sai/new_charge/6000_data_aug13/PbCO3_62/CHGCAR: ok (40.4 s)
[261/500] /data/sai/new_charge/6000_data_aug13/Pm2CuOs_225/CHGCAR: ok (15.4 s)
[262/500] /data/sai/new_charge/6000_data_aug13/Pm2CdSn_225/CHGCAR: ok (21.3 s)
[263/500] /data/sai/new_charge/6000_data_aug13/Pm2CuRu_225/CHGCAR: ok (15.0 s)
[264/500] /data/sai/new_charge/6000_data_aug13/Pm2CuGe_225/CHGCAR: ok (20.2 s)
[265/500] /data/sai/new_charge/6000_data_aug13/PbSO4_62/CHGCAR: ok (43.2 s)
[266/500] /data/sai/new_charge/6000_data_aug13/Pm2CuPt_225/CHGCAR: ok (22.4 s)
[267/500] /data/sai/new_charge/6000_data_aug13/Pm2CuSn_225/CHGCAR: ok (20.0 s)
[268/500] /data/sai/new_charge/6000_data_aug13/Pm2CuSi_225/CHGCAR: ok (21.0 s)
[269/500] /data/sai/new_charge/6000_data_aug13/Pm2IrPd_225/CHGCAR: ok (15.7 s)
[270/500] /data/sai/new_charge/6000_data_aug13/Pm2GeAu_225/CHGCAR: ok (21.4 s)
[271/500] /data/sai/new_charge/6000_data_aug13/Pm2HgGe_225/CHGCAR: ok (19.0 s)
[272/500] /data/sai/new_charge/6000_data_aug13/Pm2GePd_225/CHGCAR: ok (19.7 s)
[273/500] /data/sai/new_charge/6000_data_aug13/Pm2IrRu_225/CHGCAR: ok (16.0 s)
[274/500] /data/sai/new_charge/6000_data_aug13/Pm2InHg_225/CHGCAR: ok (20.4 s)
[275/500] /data/sai/new_charge/6000_data_aug13/Pm2IrAu_225/CHGCAR: ok (20.2 s)
[276/500] /data/sai/new_charge/6000_data_aug13/Pm2MgGa_225/CHGCAR: ok (19.3 s)
[277/500] /data/sai/new_charge/6000_data_aug13/Pm2MgSn_225/CHGCAR: ok (19.1 s)
[278/500] /data/sai/new_charge/6000_data_aug13/PbBr2_64/CHGCAR: ok (57.4 s)
[279/500] /data/sai/new_charge/6000_data_aug13/Pm2NiIr_225/CHGCAR: ok (19.3 s)
[280/500] /data/sai/new_charge/6000_data_aug13/Pm2MgTl_225/CHGCAR: ok (20.3 s)
[281/500] /data/sai/new_charge/6000_data_aug13/Pm2MgSi_225/CHGCAR: ok (21.6 s)
[282/500] /data/sai/new_charge/6000_data_aug13/Pm2PtRh_225/CHGCAR: ok (16.7 s)
[283/500] /data/sai/new_charge/6000_data_aug13/Pm2PdRu_225/CHGCAR: ok (17.4 s)
[284/500] /data/sai/new_charge/6000_data_aug13/Pm2MgAl_225/CHGCAR: ok (22.3 s)
[285/500] /data/sai/new_charge/6000_data_aug13/Pm2PdPt_225/CHGCAR: ok (22.4 s)
[286/500] /data/sai/new_charge/6000_data_aug13/Pm2PtAu_225/CHGCAR: ok (22.4 s)
[287/500] /data/sai/new_charge/6000_data_aug13/Np3S5_62/CHGCAR: ok (96.6 s)
[288/500] /data/sai/new_charge/6000_data_aug13/Pm2RuAu_225/CHGCAR: ok (22.0 s)
[289/500] /data/sai/new_charge/6000_data_aug13/Pm2SiAg_225/CHGCAR: ok (18.5 s)
[290/500] /data/sai/new_charge/6000_data_aug13/Pm2SiAu_225/CHGCAR: ok (19.9 s)
[291/500] /data/sai/new_charge/6000_data_aug13/Pm2SiHg_225/CHGCAR: ok (19.9 s)
[292/500] /data/sai/new_charge/6000_data_aug13/Pm2SnHg_225/CHGCAR: ok (19.6 s)
[293/500] /data/sai/new_charge/6000_data_aug13/Pm2TlCd_225/CHGCAR: ok (19.7 s)
[294/500] /data/sai/new_charge/6000_data_aug13/Pm2SnAu_225/CHGCAR: ok (21.3 s)
[295/500] /data/sai/new_charge/6000_data_aug13/Pm2ZnAg_225/CHGCAR: ok (20.8 s)
[296/500] /data/sai/new_charge/6000_data_aug13/Pm2SiPd_225/CHGCAR: ok (22.5 s)
[297/500] /data/sai/new_charge/6000_data_aug13/Pm3Pb_221/CHGCAR: ok (14.9 s)
[298/500] /data/sai/new_charge/6000_data_aug13/Pm2ZnGe_225/CHGCAR: ok (21.0 s)
[299/500] /data/sai/new_charge/6000_data_aug13/Pm2ZnGa_225/CHGCAR: ok (22.3 s)
[300/500] /data/sai/new_charge/6000_data_aug13/PmAgAu2_225/CHGCAR: ok (18.0 s)
[301/500] /data/sai/new_charge/6000_data_aug13/Pm2ZnHg_225/CHGCAR: ok (23.2 s)
[302/500] /data/sai/new_charge/6000_data_aug13/Pm2ZnOs_225/CHGCAR: ok (23.4 s)
[303/500] /data/sai/new_charge/6000_data_aug13/Pm2ZnSi_225/CHGCAR: ok (22.5 s)
[304/500] /data/sai/new_charge/6000_data_aug13/Pm2ZnPb_225/CHGCAR: ok (24.4 s)
[305/500] /data/sai/new_charge/6000_data_aug13/Pm2ZnRh_225/CHGCAR: ok (24.2 s)
[306/500] /data/sai/new_charge/6000_data_aug13/Pm2ZnSn_225/CHGCAR: ok (22.8 s)
[307/500] /data/sai/new_charge/6000_data_aug13/PmMg_221/CHGCAR: ok (7.1 s)
[308/500] /data/sai/new_charge/6000_data_aug13/Pm2ZnRu_225/CHGCAR: ok (24.7 s)
[309/500] /data/sai/new_charge/6000_data_aug13/PmBiPd2_225/CHGCAR: ok (17.7 s)
[310/500] /data/sai/new_charge/6000_data_aug13/PmAgHg2_225/CHGCAR: ok (24.5 s)
[311/500] /data/sai/new_charge/6000_data_aug13/PmPd3_221/CHGCAR: ok (9.7 s)
[312/500] /data/sai/new_charge/6000_data_aug13/PmCdPd2_225/CHGCAR: ok (17.7 s)
[313/500] /data/sai/new_charge/6000_data_aug13/PmF3_139/CHGCAR: ok (14.0 s)
[314/500] /data/sai/new_charge/6000_data_aug13/PmCdPt2_225/CHGCAR: ok (17.5 s)
[315/500] /data/sai/new_charge/6000_data_aug13/PmB3_194/CHGCAR: ok (24.8 s)
[316/500] /data/sai/new_charge/6000_data_aug13/PmCdHg2_225/CHGCAR: ok (22.1 s)
[317/500] /data/sai/new_charge/6000_data_aug13/PmMgAg2_225/CHGCAR: ok (15.4 s)
[318/500] /data/sai/new_charge/6000_data_aug13/PmDyIn2_225/CHGCAR: ok (20.2 s)
[319/500] /data/sai/new_charge/6000_data_aug13/PmDyMg2_225/CHGCAR: ok (21.1 s)
[320/500] /data/sai/new_charge/6000_data_aug13/PmAl3_194/CHGCAR: ok (31.2 s)
[321/500] /data/sai/new_charge/6000_data_aug13/PmHoMg2_225/CHGCAR: ok (20.7 s)
[322/500] /data/sai/new_charge/6000_data_aug13/Pr(CoB)2_139/CHGCAR: ok (14.5 s)
[323/500] /data/sai/new_charge/6000_data_aug13/Pr(CuGe)2_139/CHGCAR: ok (14.8 s)
[324/500] /data/sai/new_charge/6000_data_aug13/Pr(CuSi)2_139/CHGCAR: ok (14.3 s)
[325/500] /data/sai/new_charge/6000_data_aug13/Pr(FeSi)2_139/CHGCAR: ok (14.2 s)
[326/500] /data/sai/new_charge/6000_data_aug13/PmYMg2_225/CHGCAR: ok (21.3 s)
[327/500] /data/sai/new_charge/6000_data_aug13/PmCu3_194/CHGCAR: ok (27.3 s)
[328/500] /data/sai/new_charge/6000_data_aug13/Pr(AgGe)2_139/CHGCAR: ok (17.4 s)
[329/500] /data/sai/new_charge/6000_data_aug13/Pr(MnGe)2_139/CHGCAR: ok (16.3 s)
[330/500] /data/sai/new_charge/6000_data_aug13/Pm_194/CHGCAR: ok (18.9 s)
[331/500] /data/sai/new_charge/6000_data_aug13/Pr(NiP)2_139/CHGCAR: ok (13.4 s)
[332/500] /data/sai/new_charge/6000_data_aug13/Pr(NiGe)2_139/CHGCAR: ok (14.2 s)
[333/500] /data/sai/new_charge/6000_data_aug13/Pr(MnSi)2_139/CHGCAR: ok (16.3 s)
[334/500] /data/sai/new_charge/6000_data_aug13/Pr(SiNi)2_139/CHGCAR: ok (13.5 s)
[335/500] /data/sai/new_charge/6000_data_aug13/Pr(BC)2_127/CHGCAR: ok (21.5 s)
[336/500] /data/sai/new_charge/6000_data_aug13/PmZn3_194/CHGCAR: ok (25.2 s)
[337/500] /data/sai/new_charge/6000_data_aug13/Pr(SiOs)2_139/CHGCAR: ok (14.8 s)
[338/500] /data/sai/new_charge/6000_data_aug13/Pr(SiRh)2_139/CHGCAR: ok (14.6 s)
[339/500] /data/sai/new_charge/6000_data_aug13/PrAg_221/CHGCAR: ok (6.2 s)
[340/500] /data/sai/new_charge/6000_data_aug13/Pr(SiRu)2_139/CHGCAR: ok (15.0 s)
[341/500] /data/sai/new_charge/6000_data_aug13/PmBr3_194/CHGCAR: ok (46.0 s)
[342/500] /data/sai/new_charge/6000_data_aug13/Pr2SO2_164/CHGCAR: ok (15.1 s)
[343/500] /data/sai/new_charge/6000_data_aug13/Pr2TeO2_139/CHGCAR: ok (15.6 s)
[344/500] /data/sai/new_charge/6000_data_aug13/PrAs_225/CHGCAR: ok (9.0 s)
[345/500] /data/sai/new_charge/6000_data_aug13/Pr2AgHg_225/CHGCAR: ok (20.5 s)
[346/500] /data/sai/new_charge/6000_data_aug13/Pr2CuO4_139/CHGCAR: ok (18.0 s)
[347/500] /data/sai/new_charge/6000_data_aug13/Pr2TlCd_225/CHGCAR: ok (17.9 s)
[348/500] /data/sai/new_charge/6000_data_aug13/Pr2TlAg_225/CHGCAR: ok (19.3 s)
[349/500] /data/sai/new_charge/6000_data_aug13/Pr3InO_221/CHGCAR: ok (20.8 s)
[350/500] /data/sai/new_charge/6000_data_aug13/Pr(Re2Si)2_65/CHGCAR: ok (33.7 s)
[351/500] /data/sai/new_charge/6000_data_aug13/Pr3InN_221/CHGCAR: ok (21.9 s)
[352/500] /data/sai/new_charge/6000_data_aug13/Pr3In_221/CHGCAR: ok (21.2 s)
[353/500] /data/sai/new_charge/6000_data_aug13/PrB6_221/CHGCAR: ok (15.1 s)
[354/500] /data/sai/new_charge/6000_data_aug13/PrBPt3_99/CHGCAR: ok (14.1 s)
[355/500] /data/sai/new_charge/6000_data_aug13/PrB2Ir3_191/CHGCAR: ok (16.8 s)
[356/500] /data/sai/new_charge/6000_data_aug13/PrCd_221/CHGCAR: ok (7.5 s)
[357/500] /data/sai/new_charge/6000_data_aug13/PrC2_139/CHGCAR: ok (9.7 s)
[358/500] /data/sai/new_charge/6000_data_aug13/Pr2CBr_194/CHGCAR: ok (28.6 s)
[359/500] /data/sai/new_charge/6000_data_aug13/PrBRh3_221/CHGCAR: ok (12.9 s)
[360/500] /data/sai/new_charge/6000_data_aug13/PrBi_225/CHGCAR: ok (12.1 s)
[361/500] /data/sai/new_charge/6000_data_aug13/PmI3_194/CHGCAR: ok (52.5 s)
[362/500] /data/sai/new_charge/6000_data_aug13/PrAl2_227/CHGCAR: ok (24.5 s)
[363/500] /data/sai/new_charge/6000_data_aug13/PrAlSi2_164/CHGCAR: ok (26.4 s)
[364/500] /data/sai/new_charge/6000_data_aug13/PrHg_221/CHGCAR: ok (6.9 s)
[365/500] /data/sai/new_charge/6000_data_aug13/PrGa2_191/CHGCAR: ok (10.1 s)
[366/500] /data/sai/new_charge/6000_data_aug13/PrClO_129/CHGCAR: ok (15.0 s)
[367/500] /data/sai/new_charge/6000_data_aug13/PrAl3_194/CHGCAR: ok (30.1 s)
[368/500] /data/sai/new_charge/6000_data_aug13/PrH2_225/CHGCAR: ok (9.8 s)
[369/500] /data/sai/new_charge/6000_data_aug13/PrIn_221/CHGCAR: ok (6.3 s)
[370/500] /data/sai/new_charge/6000_data_aug13/PrBi2BrO4_123/CHGCAR: ok (22.0 s)
[371/500] /data/sai/new_charge/6000_data_aug13/PrCdHg2_225/CHGCAR: ok (20.7 s)
[372/500] /data/sai/new_charge/6000_data_aug13/PrAlO3_167/CHGCAR: ok (33.7 s)
[373/500] /data/sai/new_charge/6000_data_aug13/PrFeSi_129/CHGCAR: ok (16.1 s)
[374/500] /data/sai/new_charge/6000_data_aug13/PrH3_139/CHGCAR: ok (13.4 s)
[375/500] /data/sai/new_charge/6000_data_aug13/PrCoGe_129/CHGCAR: ok (18.0 s)
[376/500] /data/sai/new_charge/6000_data_aug13/PrCu5_191/CHGCAR: ok (18.2 s)
[377/500] /data/sai/new_charge/6000_data_aug13/PrIn3_221/CHGCAR: ok (14.8 s)
[378/500] /data/sai/new_charge/6000_data_aug13/Pr3(CuSn)4_71/CHGCAR: ok (42.2 s)
[379/500] /data/sai/new_charge/6000_data_aug13/PrMg_221/CHGCAR: ok (7.1 s)
[380/500] /data/sai/new_charge/6000_data_aug13/PrN_225/CHGCAR: ok (6.6 s)
[381/500] /data/sai/new_charge/6000_data_aug13/PrInAg2_225/CHGCAR: ok (19.0 s)
[382/500] /data/sai/new_charge/6000_data_aug13/PrInAu2_225/CHGCAR: ok (20.4 s)
[383/500] /data/sai/new_charge/6000_data_aug13/PrNiC2_38/CHGCAR: ok (8.7 s)
[384/500] /data/sai/new_charge/6000_data_aug13/PrMgZn2_225/CHGCAR: ok (16.2 s)
[385/500] /data/sai/new_charge/6000_data_aug13/PrGa3_194/CHGCAR: ok (28.7 s)
[386/500] /data/sai/new_charge/6000_data_aug13/PrMgNi4_216/CHGCAR: ok (17.8 s)
[387/500] /data/sai/new_charge/6000_data_aug13/PrMg3_225/CHGCAR: ok (19.7 s)
[388/500] /data/sai/new_charge/6000_data_aug13/PrP_225/CHGCAR: ok (10.3 s)
[389/500] /data/sai/new_charge/6000_data_aug13/PrGe_62/CHGCAR: ok (27.6 s)
[390/500] /data/sai/new_charge/6000_data_aug13/PrIr2_227/CHGCAR: ok (21.6 s)
[391/500] /data/sai/new_charge/6000_data_aug13/PrMgCd2_225/CHGCAR: ok (21.2 s)
[392/500] /data/sai/new_charge/6000_data_aug13/Pr2(ReB2)3_15/CHGCAR: ok (61.2 s)
[393/500] /data/sai/new_charge/6000_data_aug13/PrNi5_191/CHGCAR: ok (16.0 s)
[394/500] /data/sai/new_charge/6000_data_aug13/PrPd3_221/CHGCAR: ok (13.4 s)
[395/500] /data/sai/new_charge/6000_data_aug13/PrNdHg2_225/CHGCAR: ok (20.1 s)
[396/500] /data/sai/new_charge/6000_data_aug13/PrNdTl2_225/CHGCAR: ok (19.8 s)
[397/500] /data/sai/new_charge/6000_data_aug13/PrPb3_221/CHGCAR: ok (15.3 s)
[398/500] /data/sai/new_charge/6000_data_aug13/PrNdZn2_225/CHGCAR: ok (20.7 s)
[399/500] /data/sai/new_charge/6000_data_aug13/PrS_225/CHGCAR: ok (8.0 s)
[400/500] /data/sai/new_charge/6000_data_aug13/Pr(Sb3Os)4_204/CHGCAR: ok (70.9 s)
[401/500] /data/sai/new_charge/6000_data_aug13/PrNiSb_194/CHGCAR: ok (21.6 s)
[402/500] /data/sai/new_charge/6000_data_aug13/PrPt5_191/CHGCAR: ok (17.2 s)
[403/500] /data/sai/new_charge/6000_data_aug13/PrSe_225/CHGCAR: ok (9.5 s)
[404/500] /data/sai/new_charge/6000_data_aug13/PrSb_225/CHGCAR: ok (11.8 s)
[405/500] /data/sai/new_charge/6000_data_aug13/PrSF_129/CHGCAR: ok (17.4 s)
[406/500] /data/sai/new_charge/6000_data_aug13/PrMgRh_62/CHGCAR: ok (34.1 s)
[407/500] /data/sai/new_charge/6000_data_aug13/PrMgGa_189/CHGCAR: ok (36.1 s)
[408/500] /data/sai/new_charge/6000_data_aug13/PrRh2_227/CHGCAR: ok (22.2 s)
[409/500] /data/sai/new_charge/6000_data_aug13/PrSbTe_129/CHGCAR: ok (20.5 s)
[410/500] /data/sai/new_charge/6000_data_aug13/PrSn3_221/CHGCAR: ok (14.7 s)
[411/500] /data/sai/new_charge/6000_data_aug13/PrSi2_141/CHGCAR: ok (19.1 s)
[412/500] /data/sai/new_charge/6000_data_aug13/PrTe_225/CHGCAR: ok (12.9 s)
[413/500] /data/sai/new_charge/6000_data_aug13/PrSiRu_129/CHGCAR: ok (19.6 s)
[414/500] /data/sai/new_charge/6000_data_aug13/PrBS3_33/CHGCAR: ok (64.1 s)
[415/500] /data/sai/new_charge/6000_data_aug13/PrZn_221/CHGCAR: ok (7.3 s)
[416/500] /data/sai/new_charge/6000_data_aug13/PrSbPt_186/CHGCAR: ok (25.9 s)
[417/500] /data/sai/new_charge/6000_data_aug13/PrSi2Ni_63/CHGCAR: ok (23.7 s)
[418/500] /data/sai/new_charge/6000_data_aug13/PrSi2Ag_63/CHGCAR: ok (25.5 s)
[419/500] /data/sai/new_charge/6000_data_aug13/PrSnAu2_225/CHGCAR: ok (22.7 s)
[420/500] /data/sai/new_charge/6000_data_aug13/PrI3_194/CHGCAR: ok (56.2 s)
[421/500] /data/sai/new_charge/6000_data_aug13/PrSn2_65/CHGCAR: ok (24.8 s)
[422/500] /data/sai/new_charge/6000_data_aug13/PrYMg2_225/CHGCAR: ok (20.7 s)
[423/500] /data/sai/new_charge/6000_data_aug13/PtN2_58/CHGCAR: ok (8.2 s)
[424/500] /data/sai/new_charge/6000_data_aug13/PrTeCl_129/CHGCAR: ok (23.1 s)
[425/500] /data/sai/new_charge/6000_data_aug13/PtO2_58/CHGCAR: ok (9.4 s)
[426/500] /data/sai/new_charge/6000_data_aug13/PtS2_164/CHGCAR: ok (8.1 s)
[427/500] /data/sai/new_charge/6000_data_aug13/PrSi_62/CHGCAR: ok (29.6 s)
[428/500] /data/sai/new_charge/6000_data_aug13/Pt3Rh_139/CHGCAR: ok (13.8 s)
[429/500] /data/sai/new_charge/6000_data_aug13/Pt_225/CHGCAR: ok (8.2 s)
[430/500] /data/sai/new_charge/6000_data_aug13/PrTe2_129/CHGCAR: ok (26.6 s)
[431/500] /data/sai/new_charge/6000_data_aug13/PtS_131/CHGCAR: ok (9.4 s)
[432/500] /data/sai/new_charge/6000_data_aug13/PuAs_225/CHGCAR: ok (7.2 s)
[433/500] /data/sai/new_charge/6000_data_aug13/PrSnRh_189/CHGCAR: ok (31.8 s)
[434/500] /data/sai/new_charge/6000_data_aug13/PtPbF6_166/CHGCAR: ok (15.4 s)
[435/500] /data/sai/new_charge/6000_data_aug13/PrRhO3_62/CHGCAR: ok (44.5 s)
[436/500] /data/sai/new_charge/6000_data_aug13/PuN_225/CHGCAR: ok (7.7 s)
[437/500] /data/sai/new_charge/6000_data_aug13/PtF4_43/CHGCAR: ok (20.2 s)
[438/500] /data/sai/new_charge/6000_data_aug13/Pt3O4_223/CHGCAR: ok (23.0 s)
[439/500] /data/sai/new_charge/6000_data_aug13/PuO2_225/CHGCAR: ok (8.0 s)
[440/500] /data/sai/new_charge/6000_data_aug13/PrZnSbO_129/CHGCAR: ok (25.6 s)
[441/500] /data/sai/new_charge/6000_data_aug13/PuBi_225/CHGCAR: ok (12.2 s)
[442/500] /data/sai/new_charge/6000_data_aug13/PuSi2_191/CHGCAR: ok (8.2 s)
[443/500] /data/sai/new_charge/6000_data_aug13/PuGa2_191/CHGCAR: ok (11.0 s)
[444/500] /data/sai/new_charge/6000_data_aug13/PrZnNi_189/CHGCAR: ok (30.2 s)
[445/500] /data/sai/new_charge/6000_data_aug13/PuGe3_221/CHGCAR: ok (10.8 s)
[446/500] /data/sai/new_charge/6000_data_aug13/PrZnPd_189/CHGCAR: ok (27.8 s)
[447/500] /data/sai/new_charge/6000_data_aug13/Rb(CoS)2_139/CHGCAR: ok (13.2 s)
[448/500] /data/sai/new_charge/6000_data_aug13/PuF3_194/CHGCAR: ok (18.1 s)
[449/500] /data/sai/new_charge/6000_data_aug13/Rb2HgO2_139/CHGCAR: ok (13.9 s)
[450/500] /data/sai/new_charge/6000_data_aug13/PtPb4_125/CHGCAR: ok (33.0 s)
[451/500] /data/sai/new_charge/6000_data_aug13/Rb2MgF4_139/CHGCAR: ok (18.5 s)
[452/500] /data/sai/new_charge/6000_data_aug13/Rb2CuF4_139/CHGCAR: ok (23.1 s)
[453/500] /data/sai/new_charge/6000_data_aug13/Rb2GeF6_164/CHGCAR: ok (24.4 s)
[454/500] /data/sai/new_charge/6000_data_aug13/Rb2Hf2O5_123/CHGCAR: ok (24.3 s)
[455/500] /data/sai/new_charge/6000_data_aug13/Rb2HgF4_139/CHGCAR: ok (25.8 s)
[456/500] /data/sai/new_charge/6000_data_aug13/PtF6_62/CHGCAR: ok (47.7 s)
[457/500] /data/sai/new_charge/6000_data_aug13/Rb(ThSe3)2_71/CHGCAR: ok (37.5 s)
[458/500] /data/sai/new_charge/6000_data_aug13/Rb2HfF6_164/CHGCAR: ok (31.8 s)
[459/500] /data/sai/new_charge/6000_data_aug13/Rb2MnCl4_139/CHGCAR: ok (37.6 s)
[460/500] /data/sai/new_charge/6000_data_aug13/Rb2InGaF6_225/CHGCAR: ok (45.4 s)
[461/500] /data/sai/new_charge/6000_data_aug13/Rb2As3_69/CHGCAR: ok (53.6 s)
[462/500] /data/sai/new_charge/6000_data_aug13/Rb2BrCl6F_225/CHGCAR: ok (58.8 s)
[463/500] /data/sai/new_charge/6000_data_aug13/Rb2NaAsF6_225/CHGCAR: ok (49.8 s)
[464/500] /data/sai/new_charge/6000_data_aug13/Rb2NaBiF6_225/CHGCAR: ok (48.5 s)
[465/500] /data/sai/new_charge/6000_data_aug13/PrScGe_139/CHGCAR: ok (97.9 s)
[466/500] /data/sai/new_charge/6000_data_aug13/Rb2LiInCl6_225/CHGCAR: ok (56.4 s)
[467/500] /data/sai/new_charge/6000_data_aug13/Rb2NaHoF6_87/CHGCAR: ok (46.2 s)
[468/500] /data/sai/new_charge/6000_data_aug13/Rb2MnCl6_225/CHGCAR: ok (61.2 s)
[469/500] /data/sai/new_charge/6000_data_aug13/Rb2NbF6_164/CHGCAR: ok (36.7 s)
[470/500] /data/sai/new_charge/6000_data_aug13/Rb2O_166/CHGCAR: ok (35.0 s)
[471/500] /data/sai/new_charge/6000_data_aug13/Rb2NaErF6_225/CHGCAR: ok (53.4 s)
[472/500] /data/sai/new_charge/6000_data_aug13/Rb2NaSbF6_225/CHGCAR: ok (47.7 s)
[473/500] /data/sai/new_charge/6000_data_aug13/Rb2NaInF6_225/CHGCAR: ok (55.6 s)
[474/500] /data/sai/new_charge/6000_data_aug13/Rb2NaRhF6_225/CHGCAR: ok (51.5 s)
[475/500] /data/sai/new_charge/6000_data_aug13/Rb2CdO2_60/CHGCAR: ok (76.5 s)
[476/500] /data/sai/new_charge/6000_data_aug13/Rb2PdCl4_123/CHGCAR: ok (29.3 s)
[477/500] /data/sai/new_charge/6000_data_aug13/Rb2PtC2_164/CHGCAR: ok (21.3 s)
[478/500] /data/sai/new_charge/6000_data_aug13/Rb2NaTlF6_225/CHGCAR: ok (52.6 s)
[479/500] /data/sai/new_charge/6000_data_aug13/Rb2P3_69/CHGCAR: ok (47.4 s)
[480/500] /data/sai/new_charge/6000_data_aug13/Rb2CN2_12/CHGCAR: ok (85.9 s)
[481/500] /data/sai/new_charge/6000_data_aug13/Rb2PtSe2_71/CHGCAR: ok (20.1 s)
[482/500] /data/sai/new_charge/6000_data_aug13/Rb2NaSbCl6_225/CHGCAR: ok (59.8 s)
[483/500] /data/sai/new_charge/6000_data_aug13/Rb2Pd3S4_69/CHGCAR: ok (45.1 s)
[484/500] /data/sai/new_charge/6000_data_aug13/Rb2Se_225/CHGCAR: ok (20.1 s)
[485/500] /data/sai/new_charge/6000_data_aug13/Rb(FeAs)2_139/CHGCAR: ok (96.1 s)
[486/500] /data/sai/new_charge/6000_data_aug13/Rb2PdBr6_225/CHGCAR: ok (41.7 s)
[487/500] /data/sai/new_charge/6000_data_aug13/Rb2CO3_14/CHGCAR: ok (93.1 s)
[488/500] /data/sai/new_charge/6000_data_aug13/Rb2Pt3S4_69/CHGCAR: ok (39.7 s)
[489/500] /data/sai/new_charge/6000_data_aug13/Rb2PdF6_225/CHGCAR: ok (42.3 s)
[490/500] /data/sai/new_charge/6000_data_aug13/Rb2Cu(BrCl)2_64/CHGCAR: ok (97.4 s)
[491/500] /data/sai/new_charge/6000_data_aug13/Rb2PdCl6_225/CHGCAR: ok (46.0 s)
[492/500] /data/sai/new_charge/6000_data_aug13/Rb2Te_225/CHGCAR: ok (22.9 s)
[493/500] /data/sai/new_charge/6000_data_aug13/Rb2SnO3_36/CHGCAR: ok (29.0 s)
[494/500] /data/sai/new_charge/6000_data_aug13/Rb2SiF6_225/CHGCAR: ok (36.5 s)
[495/500] /data/sai/new_charge/6000_data_aug13/Rb2PtI6_225/CHGCAR: ok (45.6 s)
[496/500] /data/sai/new_charge/6000_data_aug13/Rb2SiAs2_72/CHGCAR: ok (39.9 s)
[497/500] /data/sai/new_charge/6000_data_aug13/Rb2SnBr6_225/CHGCAR: ok (36.2 s)
[498/500] /data/sai/new_charge/6000_data_aug13/Rb2TeCl6_225/CHGCAR: ok (35.9 s)
[499/500] /data/sai/new_charge/6000_data_aug13/Rb2TiCl6_225/CHGCAR: ok (35.3 s)
[500/500] /data/sai/new_charge/6000_data_aug13/Rb2SO4_62/CHGCAR: ok (67.9 s)
chunk 7: 500 rows, 0 errors, 72.8 min elapsed
[1/500] /data/sai/new_charge/6000_data_aug13/Rb2ZnF4_139/CHGCAR: ok (8.8 s)
[2/500] /data/sai/new_charge/6000_data_aug13/RbAsF6_148/CHGCAR: ok (12.3 s)
[3/500] /data/sai/new_charge/6000_data_aug13/Rb3AuO_221/CHGCAR: ok (12.4 s)
[4/500] /data/sai/new_charge/6000_data_aug13/RbAuO2_63/CHGCAR: ok (19.7 s)
[5/500] /data/sai/new_charge/6000_data_aug13/RbAlO2_227/CHGCAR: ok (20.4 s)
[6/500] /data/sai/new_charge/6000_data_aug13/RbAu5_191/CHGCAR: ok (20.1 s)
[7/500] /data/sai/new_charge/6000_data_aug13/RbAuS_63/CHGCAR: ok (21.5 s)
[8/500] /data/sai/new_charge/6000_data_aug13/RbAuSe_63/CHGCAR: ok (21.8 s)
[9/500] /data/sai/new_charge/6000_data_aug13/RbAu3Se2_164/CHGCAR: ok (24.8 s)
[10/500] /data/sai/new_charge/6000_data_aug13/Rb2ZrF6_164/CHGCAR: ok (29.3 s)
[11/500] /data/sai/new_charge/6000_data_aug13/RbBH4_216/CHGCAR: ok (20.3 s)
[12/500] /data/sai/new_charge/6000_data_aug13/RbAcTe2_225/CHGCAR: ok (29.5 s)
[13/500] /data/sai/new_charge/6000_data_aug13/RbBrO3_160/CHGCAR: ok (9.7 s)
[14/500] /data/sai/new_charge/6000_data_aug13/RbBiF6_148/CHGCAR: ok (23.9 s)
[15/500] /data/sai/new_charge/6000_data_aug13/RbCdF3_221/CHGCAR: ok (12.6 s)
[16/500] /data/sai/new_charge/6000_data_aug13/RbCaF3_221/CHGCAR: ok (12.9 s)
[17/500] /data/sai/new_charge/6000_data_aug13/Rb3Au7_65/CHGCAR: ok (36.5 s)
[18/500] /data/sai/new_charge/6000_data_aug13/RbF_225/CHGCAR: ok (6.8 s)
[19/500] /data/sai/new_charge/6000_data_aug13/Rb3NbO8_121/CHGCAR: ok (42.0 s)
[20/500] /data/sai/new_charge/6000_data_aug13/RbAgO_139/CHGCAR: ok (41.9 s)
[21/500] /data/sai/new_charge/6000_data_aug13/RbCaAs_129/CHGCAR: ok (24.7 s)
[22/500] /data/sai/new_charge/6000_data_aug13/Rb2ZrCl6_225/CHGCAR: ok (46.4 s)
[23/500] /data/sai/new_charge/6000_data_aug13/RbBF4_62/CHGCAR: ok (40.7 s)
[24/500] /data/sai/new_charge/6000_data_aug13/Rb2WCl6_225/CHGCAR: ok (48.7 s)
[25/500] /data/sai/new_charge/6000_data_aug13/Rb3As_194/CHGCAR: ok (50.1 s)
[26/500] /data/sai/new_charge/6000_data_aug13/Rb3BAs2_15/CHGCAR: ok (51.6 s)
[27/500] /data/sai/new_charge/6000_data_aug13/RbDyO2_166/CHGCAR: ok (23.9 s)
[28/500] /data/sai/new_charge/6000_data_aug13/Rb2WBr6_225/CHGCAR: ok (51.5 s)
[29/500] /data/sai/new_charge/6000_data_aug13/RbBr_225/CHGCAR: ok (38.4 s)
[30/500] /data/sai/new_charge/6000_data_aug13/RbCoN_62/CHGCAR: ok (34.0 s)
[31/500] /data/sai/new_charge/6000_data_aug13/RbH_225/CHGCAR: ok (9.9 s)
[32/500] /data/sai/new_charge/6000_data_aug13/RbCl_225/CHGCAR: ok (37.6 s)
[33/500] /data/sai/new_charge/6000_data_aug13/RbH3O2_36/CHGCAR: ok (18.9 s)
[34/500] /data/sai/new_charge/6000_data_aug13/RbFeS2_15/CHGCAR: ok (30.5 s)
[35/500] /data/sai/new_charge/6000_data_aug13/RbCuO_139/CHGCAR: ok (38.4 s)
[36/500] /data/sai/new_charge/6000_data_aug13/Rb3Sb2Au3_166/CHGCAR: ok (65.5 s)
[37/500] /data/sai/new_charge/6000_data_aug13/Rb7Au5O2_71/CHGCAR: ok (66.8 s)
[38/500] /data/sai/new_charge/6000_data_aug13/RbHg2_74/CHGCAR: ok (17.7 s)
[39/500] /data/sai/new_charge/6000_data_aug13/RbHgF3_221/CHGCAR: ok (18.8 s)
[40/500] /data/sai/new_charge/6000_data_aug13/RbHO_36/CHGCAR: ok (21.4 s)
[41/500] /data/sai/new_charge/6000_data_aug13/RbHF2_140/CHGCAR: ok (25.9 s)
[42/500] /data/sai/new_charge/6000_data_aug13/RbGeI3_221/CHGCAR: ok (31.3 s)
[43/500] /data/sai/new_charge/6000_data_aug13/RbFeSe2_15/CHGCAR: ok (37.1 s)
[44/500] /data/sai/new_charge/6000_data_aug13/RbMgF3_221/CHGCAR: ok (11.1 s)
[45/500] /data/sai/new_charge/6000_data_aug13/RbIn4_139/CHGCAR: ok (17.3 s)
[46/500] /data/sai/new_charge/6000_data_aug13/RbErO2_166/CHGCAR: ok (49.1 s)
[47/500] /data/sai/new_charge/6000_data_aug13/RbO2_139/CHGCAR: ok (9.3 s)
[48/500] /data/sai/new_charge/6000_data_aug13/RbGaO2_227/CHGCAR: ok (44.6 s)
[49/500] /data/sai/new_charge/6000_data_aug13/RbGe2N3_36/CHGCAR: ok (40.5 s)
[50/500] /data/sai/new_charge/6000_data_aug13/RbNaS_129/CHGCAR: ok (20.3 s)
[51/500] /data/sai/new_charge/6000_data_aug13/RbGdO2_166/CHGCAR: ok (51.7 s)
[52/500] /data/sai/new_charge/6000_data_aug13/RbNdO2_166/CHGCAR: ok (30.9 s)
[53/500] /data/sai/new_charge/6000_data_aug13/Rb3H(SeO4)2_9/CHGCAR: ok (104.7 s)
[54/500] /data/sai/new_charge/6000_data_aug13/RbI_225/CHGCAR: ok (50.9 s)
[55/500] /data/sai/new_charge/6000_data_aug13/RbN3_140/CHGCAR: ok (41.2 s)
[56/500] /data/sai/new_charge/6000_data_aug13/RbRuF6_166/CHGCAR: ok (28.3 s)
[57/500] /data/sai/new_charge/6000_data_aug13/Rb4CdCl6_167/CHGCAR: ok (104.3 s)
[58/500] /data/sai/new_charge/6000_data_aug13/RbErSe2_166/CHGCAR: ok (75.5 s)
[59/500] /data/sai/new_charge/6000_data_aug13/RbScO2_194/CHGCAR: ok (26.2 s)
[60/500] /data/sai/new_charge/6000_data_aug13/RbInTe2_140/CHGCAR: ok (47.8 s)
[61/500] /data/sai/new_charge/6000_data_aug13/RbCeSe2_166/CHGCAR: ok (89.6 s)
[62/500] /data/sai/new_charge/6000_data_aug13/RbLuO2_166/CHGCAR: ok (51.0 s)
[63/500] /data/sai/new_charge/6000_data_aug13/Re3Ir_221/CHGCAR: ok (6.3 s)
[64/500] /data/sai/new_charge/6000_data_aug13/RbSb2_12/CHGCAR: ok (35.6 s)
[65/500] /data/sai/new_charge/6000_data_aug13/Re2C_194/CHGCAR: ok (12.6 s)
[66/500] /data/sai/new_charge/6000_data_aug13/RbUO3_221/CHGCAR: ok (13.6 s)
[67/500] /data/sai/new_charge/6000_data_aug13/RbNiBr3_194/CHGCAR: ok (49.9 s)
[68/500] /data/sai/new_charge/6000_data_aug13/Re3Ni_194/CHGCAR: ok (15.3 s)
[69/500] /data/sai/new_charge/6000_data_aug13/Re3Os_194/CHGCAR: ok (13.7 s)
[70/500] /data/sai/new_charge/6000_data_aug13/RbPS3_71/CHGCAR: ok (49.3 s)
[71/500] /data/sai/new_charge/6000_data_aug13/RbTiCl3_194/CHGCAR: ok (40.4 s)
[72/500] /data/sai/new_charge/6000_data_aug13/Re3Pd_194/CHGCAR: ok (13.8 s)
[73/500] /data/sai/new_charge/6000_data_aug13/ReB2_194/CHGCAR: ok (9.4 s)
[74/500] /data/sai/new_charge/6000_data_aug13/Re3P4_12/CHGCAR: ok (15.9 s)
[75/500] /data/sai/new_charge/6000_data_aug13/Re2P_62/CHGCAR: ok (22.9 s)
[76/500] /data/sai/new_charge/6000_data_aug13/Re3Pt_194/CHGCAR: ok (15.3 s)
[77/500] /data/sai/new_charge/6000_data_aug13/ReOs_187/CHGCAR: ok (3.2 s)
[78/500] /data/sai/new_charge/6000_data_aug13/Re3Rh_194/CHGCAR: ok (12.3 s)
[79/500] /data/sai/new_charge/6000_data_aug13/RbTlO2_166/CHGCAR: ok (32.4 s)
[80/500] /data/sai/new_charge/6000_data_aug13/Re_194/CHGCAR: ok (3.2 s)
[81/500] /data/sai/new_charge/6000_data_aug13/Re3Ru_44/CHGCAR: ok (16.4 s)
[82/500] /data/sai/new_charge/6000_data_aug13/ReIr3_194/CHGCAR: ok (12.9 s)
[83/500] /data/sai/new_charge/6000_data_aug13/RbSmO2_166/CHGCAR: ok (55.0 s)
[84/500] /data/sai/new_charge/6000_data_aug13/RhO2_136/CHGCAR: ok (5.4 s)
[85/500] /data/sai/new_charge/6000_data_aug13/RbNdTe4_125/CHGCAR: ok (68.2 s)
[86/500] /data/sai/new_charge/6000_data_aug13/RbLuSe2_166/CHGCAR: ok (73.8 s)
[87/500] /data/sai/new_charge/6000_data_aug13/Rh_225/CHGCAR: ok (6.3 s)
[88/500] /data/sai/new_charge/6000_data_aug13/ReSi_198/CHGCAR: ok (11.8 s)
[89/500] /data/sai/new_charge/6000_data_aug13/Ru_194/CHGCAR: ok (3.2 s)
[90/500] /data/sai/new_charge/6000_data_aug13/ReOs3_194/CHGCAR: ok (15.0 s)
[91/500] /data/sai/new_charge/6000_data_aug13/RbNbO3_2/CHGCAR: ok (78.6 s)
[92/500] /data/sai/new_charge/6000_data_aug13/Rh3W_194/CHGCAR: ok (13.7 s)
[93/500] /data/sai/new_charge/6000_data_aug13/RuO2_136/CHGCAR: ok (9.0 s)
[94/500] /data/sai/new_charge/6000_data_aug13/RbVN2_122/CHGCAR: ok (42.6 s)
[95/500] /data/sai/new_charge/6000_data_aug13/Ru3W_194/CHGCAR: ok (13.7 s)
[96/500] /data/sai/new_charge/6000_data_aug13/RhF3_167/CHGCAR: ok (18.6 s)
[97/500] /data/sai/new_charge/6000_data_aug13/RbYTe2_194/CHGCAR: ok (45.1 s)
[98/500] /data/sai/new_charge/6000_data_aug13/RbPt2Se3_166/CHGCAR: ok (76.4 s)
[99/500] /data/sai/new_charge/6000_data_aug13/SO2_41/CHGCAR: ok (11.1 s)
[100/500] /data/sai/new_charge/6000_data_aug13/RbSe_189/CHGCAR: ok (70.1 s)
[101/500] /data/sai/new_charge/6000_data_aug13/Rb4I2O_139/CHGCAR: ok (148.7 s)
[102/500] /data/sai/new_charge/6000_data_aug13/RbTmO2_166/CHGCAR: ok (51.6 s)
[103/500] /data/sai/new_charge/6000_data_aug13/RuSe2_205/CHGCAR: ok (18.9 s)
[104/500] /data/sai/new_charge/6000_data_aug13/RuS2_205/CHGCAR: ok (19.8 s)
[105/500] /data/sai/new_charge/6000_data_aug13/Sb2Os_58/CHGCAR: ok (11.3 s)
[106/500] /data/sai/new_charge/6000_data_aug13/Rh3Se8_148/CHGCAR: ok (30.6 s)
[107/500] /data/sai/new_charge/6000_data_aug13/ReBiO4_63/CHGCAR: ok (41.1 s)
[108/500] /data/sai/new_charge/6000_data_aug13/Sb2Ru_58/CHGCAR: ok (14.2 s)
[109/500] /data/sai/new_charge/6000_data_aug13/S(OF)2_92/CHGCAR: ok (29.6 s)
[110/500] /data/sai/new_charge/6000_data_aug13/ReTeS_216/CHGCAR: ok (38.9 s)
[111/500] /data/sai/new_charge/6000_data_aug13/RbTiS2_160/CHGCAR: ok (78.8 s)
[112/500] /data/sai/new_charge/6000_data_aug13/Sb2Au_205/CHGCAR: ok (29.1 s)
[113/500] /data/sai/new_charge/6000_data_aug13/Sb2Ir_14/CHGCAR: ok (30.5 s)
[114/500] /data/sai/new_charge/6000_data_aug13/SbIr_194/CHGCAR: ok (6.7 s)
[115/500] /data/sai/new_charge/6000_data_aug13/Sb2Pd_205/CHGCAR: ok (24.9 s)
[116/500] /data/sai/new_charge/6000_data_aug13/SbF3_40/CHGCAR: ok (13.6 s)
[117/500] /data/sai/new_charge/6000_data_aug13/SF6_12/CHGCAR: ok (36.6 s)
[118/500] /data/sai/new_charge/6000_data_aug13/RbPrSe2_166/CHGCAR: ok (102.3 s)
[119/500] /data/sai/new_charge/6000_data_aug13/Sb2Pt_205/CHGCAR: ok (26.5 s)
[120/500] /data/sai/new_charge/6000_data_aug13/Sb2Rh_14/CHGCAR: ok (27.8 s)
[121/500] /data/sai/new_charge/6000_data_aug13/SbPd_194/CHGCAR: ok (7.2 s)
[122/500] /data/sai/new_charge/6000_data_aug13/Sb2O3_56/CHGCAR: ok (38.9 s)
[123/500] /data/sai/new_charge/6000_data_aug13/ReO3F_13/CHGCAR: ok (59.8 s)
[124/500] /data/sai/new_charge/6000_data_aug13/Sb2O5_15/CHGCAR: ok (39.5 s)
[125/500] /data/sai/new_charge/6000_data_aug13/SbPt_194/CHGCAR: ok (8.0 s)
[126/500] /data/sai/new_charge/6000_data_aug13/Sb2Pt3_72/CHGCAR: ok (35.8 s)
[127/500] /data/sai/new_charge/6000_data_aug13/SbO2_15/CHGCAR: ok (18.8 s)
[128/500] /data/sai/new_charge/6000_data_aug13/SCl_43/CHGCAR: ok (49.8 s)
[129/500] /data/sai/new_charge/6000_data_aug13/SbRh_62/CHGCAR: ok (13.7 s)
[130/500] /data/sai/new_charge/6000_data_aug13/Sb_166/CHGCAR: ok (8.1 s)
[131/500] /data/sai/new_charge/6000_data_aug13/SbRu_62/CHGCAR: ok (13.6 s)
[132/500] /data/sai/new_charge/6000_data_aug13/SbIrS_198/CHGCAR: ok (26.9 s)
[133/500] /data/sai/new_charge/6000_data_aug13/Sb3Rh_204/CHGCAR: ok (35.3 s)
[134/500] /data/sai/new_charge/6000_data_aug13/SbPdSe_198/CHGCAR: ok (19.4 s)
[135/500] /data/sai/new_charge/6000_data_aug13/SbPbClO2_63/CHGCAR: ok (24.4 s)
[136/500] /data/sai/new_charge/6000_data_aug13/Sc2AgHg_225/CHGCAR: ok (3.8 s)
[137/500] /data/sai/new_charge/6000_data_aug13/SbRh2_62/CHGCAR: ok (21.2 s)
[138/500] /data/sai/new_charge/6000_data_aug13/SbO2_33/CHGCAR: ok (32.3 s)
[139/500] /data/sai/new_charge/6000_data_aug13/Sc(CoSi)2_139/CHGCAR: ok (15.1 s)
[140/500] /data/sai/new_charge/6000_data_aug13/Sb3Ir_204/CHGCAR: ok (45.0 s)
[141/500] /data/sai/new_charge/6000_data_aug13/Sb2S3_62/CHGCAR: ok (48.7 s)
[142/500] /data/sai/new_charge/6000_data_aug13/Sc(SiNi)2_139/CHGCAR: ok (8.5 s)
[143/500] /data/sai/new_charge/6000_data_aug13/SbCl3_62/CHGCAR: ok (42.7 s)
[144/500] /data/sai/new_charge/6000_data_aug13/Sc2AgOs_225/CHGCAR: ok (11.0 s)
[145/500] /data/sai/new_charge/6000_data_aug13/SbTePd_198/CHGCAR: ok (22.6 s)
[146/500] /data/sai/new_charge/6000_data_aug13/Sc2Al3Ru_194/CHGCAR: ok (8.8 s)
[147/500] /data/sai/new_charge/6000_data_aug13/Sc2AgRu_225/CHGCAR: ok (12.9 s)
[148/500] /data/sai/new_charge/6000_data_aug13/Sc(SiCu)2_139/CHGCAR: ok (17.2 s)
[149/500] /data/sai/new_charge/6000_data_aug13/Sc(Al2Fe)4_139/CHGCAR: ok (25.6 s)
[150/500] /data/sai/new_charge/6000_data_aug13/Sc2AlAg_225/CHGCAR: ok (12.2 s)
[151/500] /data/sai/new_charge/6000_data_aug13/Sc2BC2_139/CHGCAR: ok (8.5 s)
[152/500] /data/sai/new_charge/6000_data_aug13/Sb7Pd20_148/CHGCAR: ok (54.0 s)
[153/500] /data/sai/new_charge/6000_data_aug13/Sc(VGa2)2_139/CHGCAR: ok (18.5 s)
[154/500] /data/sai/new_charge/6000_data_aug13/Sc2AlOs_225/CHGCAR: ok (12.3 s)
[155/500] /data/sai/new_charge/6000_data_aug13/SbSBr_62/CHGCAR: ok (30.5 s)
[156/500] /data/sai/new_charge/6000_data_aug13/Sc2AlTc_225/CHGCAR: ok (13.3 s)
[157/500] /data/sai/new_charge/6000_data_aug13/Sc2AlZn_225/CHGCAR: ok (13.1 s)
[158/500] /data/sai/new_charge/6000_data_aug13/Sc(AlC)3_194/CHGCAR: ok (30.9 s)
[159/500] /data/sai/new_charge/6000_data_aug13/Sc2Al_194/CHGCAR: ok (15.0 s)
[160/500] /data/sai/new_charge/6000_data_aug13/Sc2AlSi2_127/CHGCAR: ok (18.1 s)
[161/500] /data/sai/new_charge/6000_data_aug13/Sc(FeSi)2_57/CHGCAR: ok (32.3 s)
[162/500] /data/sai/new_charge/6000_data_aug13/Sc2Co3Si_194/CHGCAR: ok (13.0 s)
[163/500] /data/sai/new_charge/6000_data_aug13/SbI3_148/CHGCAR: ok (53.8 s)
[164/500] /data/sai/new_charge/6000_data_aug13/Sc2CoIr_225/CHGCAR: ok (12.5 s)
[165/500] /data/sai/new_charge/6000_data_aug13/Sc(MnSn)6_191/CHGCAR: ok (30.1 s)
[166/500] /data/sai/new_charge/6000_data_aug13/SbPd2_36/CHGCAR: ok (47.0 s)
[167/500] /data/sai/new_charge/6000_data_aug13/Sc2CCl2_164/CHGCAR: ok (16.0 s)
[168/500] /data/sai/new_charge/6000_data_aug13/Sc2CoOs_225/CHGCAR: ok (12.8 s)
[169/500] /data/sai/new_charge/6000_data_aug13/Sc2CuIr_225/CHGCAR: ok (10.5 s)
[170/500] /data/sai/new_charge/6000_data_aug13/Sc2CoRu_225/CHGCAR: ok (12.3 s)
[171/500] /data/sai/new_charge/6000_data_aug13/Sc2CuOs_225/CHGCAR: ok (12.2 s)
[172/500] /data/sai/new_charge/6000_data_aug13/Sc2CuPt_225/CHGCAR: ok (10.5 s)
[173/500] /data/sai/new_charge/6000_data_aug13/Sc2CuRu_225/CHGCAR: ok (12.0 s)
[174/500] /data/sai/new_charge/6000_data_aug13/Sc2GaCu_225/CHGCAR: ok (11.0 s)
[175/500] /data/sai/new_charge/6000_data_aug13/Sc2NCl2_164/CHGCAR: ok (11.5 s)
[176/500] /data/sai/new_charge/6000_data_aug13/Sc2NiOs_225/CHGCAR: ok (10.9 s)
[177/500] /data/sai/new_charge/6000_data_aug13/Sc2NiPt_225/CHGCAR: ok (11.3 s)
[178/500] /data/sai/new_charge/6000_data_aug13/SbPt7_225/CHGCAR: ok (58.4 s)
[179/500] /data/sai/new_charge/6000_data_aug13/Sc2RuAu_225/CHGCAR: ok (12.0 s)
[180/500] /data/sai/new_charge/6000_data_aug13/Sc2RuRh_225/CHGCAR: ok (12.6 s)
[181/500] /data/sai/new_charge/6000_data_aug13/Sc2Sb_129/CHGCAR: ok (13.2 s)
[182/500] /data/sai/new_charge/6000_data_aug13/Sc2Ni2Sn_127/CHGCAR: ok (19.2 s)
[183/500] /data/sai/new_charge/6000_data_aug13/Sc2Co_140/CHGCAR: ok (25.9 s)
[184/500] /data/sai/new_charge/6000_data_aug13/Sc2ZnIr_225/CHGCAR: ok (11.9 s)
[185/500] /data/sai/new_charge/6000_data_aug13/Sc2ZnGa_225/CHGCAR: ok (12.0 s)
[186/500] /data/sai/new_charge/6000_data_aug13/Sc2ZnOs_225/CHGCAR: ok (11.5 s)
[187/500] /data/sai/new_charge/6000_data_aug13/Sc(MnAl2)4_139/CHGCAR: ok (51.3 s)
[188/500] /data/sai/new_charge/6000_data_aug13/Sc2Si2O7_12/CHGCAR: ok (18.4 s)
[189/500] /data/sai/new_charge/6000_data_aug13/Sc3AlC_221/CHGCAR: ok (12.9 s)
[190/500] /data/sai/new_charge/6000_data_aug13/Sc2Ti2O7_12/CHGCAR: ok (19.8 s)
[191/500] /data/sai/new_charge/6000_data_aug13/Sc2SO2_194/CHGCAR: ok (22.9 s)
[192/500] /data/sai/new_charge/6000_data_aug13/Sc2Pt_62/CHGCAR: ok (25.5 s)
[193/500] /data/sai/new_charge/6000_data_aug13/Sc3BPb_221/CHGCAR: ok (12.7 s)
[194/500] /data/sai/new_charge/6000_data_aug13/Sc2CdS4_227/CHGCAR: ok (39.7 s)
[195/500] /data/sai/new_charge/6000_data_aug13/Sc3PbC_221/CHGCAR: ok (11.8 s)
[196/500] /data/sai/new_charge/6000_data_aug13/Sc3InN_221/CHGCAR: ok (13.1 s)
[197/500] /data/sai/new_charge/6000_data_aug13/Sc3SnB_221/CHGCAR: ok (11.6 s)
[198/500] /data/sai/new_charge/6000_data_aug13/Sc3SnC_221/CHGCAR: ok (11.4 s)
[199/500] /data/sai/new_charge/6000_data_aug13/Sc3TlC_221/CHGCAR: ok (13.0 s)
[200/500] /data/sai/new_charge/6000_data_aug13/Sc3Al_194/CHGCAR: ok (22.1 s)
[201/500] /data/sai/new_charge/6000_data_aug13/ScAg_221/CHGCAR: ok (4.7 s)
[202/500] /data/sai/new_charge/6000_data_aug13/ScAg2_139/CHGCAR: ok (6.8 s)
[203/500] /data/sai/new_charge/6000_data_aug13/Sc3FeC4_71/CHGCAR: ok (24.6 s)
[204/500] /data/sai/new_charge/6000_data_aug13/Sc3CoC4_71/CHGCAR: ok (25.1 s)
[205/500] /data/sai/new_charge/6000_data_aug13/ScAg4_87/CHGCAR: ok (12.6 s)
[206/500] /data/sai/new_charge/6000_data_aug13/ScAl3_221/CHGCAR: ok (7.1 s)
[207/500] /data/sai/new_charge/6000_data_aug13/Sb2Te3_166/CHGCAR: ok (108.4 s)
[208/500] /data/sai/new_charge/6000_data_aug13/Sc3RuC4_71/CHGCAR: ok (25.2 s)
[209/500] /data/sai/new_charge/6000_data_aug13/ScAgO2_194/CHGCAR: ok (14.5 s)
[210/500] /data/sai/new_charge/6000_data_aug13/Sc2O3_206/CHGCAR: ok (43.5 s)
[211/500] /data/sai/new_charge/6000_data_aug13/Sc6FeSb2_189/CHGCAR: ok (19.7 s)
[212/500] /data/sai/new_charge/6000_data_aug13/ScAlAg2_225/CHGCAR: ok (10.7 s)
[213/500] /data/sai/new_charge/6000_data_aug13/ScAlCo2_225/CHGCAR: ok (8.3 s)
[214/500] /data/sai/new_charge/6000_data_aug13/Sc6NiTe2_189/CHGCAR: ok (21.3 s)
[215/500] /data/sai/new_charge/6000_data_aug13/ScAl2Ni_63/CHGCAR: ok (15.6 s)
[216/500] /data/sai/new_charge/6000_data_aug13/ScAl_221/CHGCAR: ok (4.5 s)
[217/500] /data/sai/new_charge/6000_data_aug13/ScAs_225/CHGCAR: ok (4.0 s)
[218/500] /data/sai/new_charge/6000_data_aug13/ScAlNi2_225/CHGCAR: ok (8.3 s)
[219/500] /data/sai/new_charge/6000_data_aug13/ScAlRh2_225/CHGCAR: ok (7.9 s)
[220/500] /data/sai/new_charge/6000_data_aug13/ScAu_221/CHGCAR: ok (4.0 s)
[221/500] /data/sai/new_charge/6000_data_aug13/ScB2_191/CHGCAR: ok (3.8 s)
[222/500] /data/sai/new_charge/6000_data_aug13/ScAu2_139/CHGCAR: ok (7.1 s)
[223/500] /data/sai/new_charge/6000_data_aug13/Sc2S3_70/CHGCAR: ok (50.9 s)
[224/500] /data/sai/new_charge/6000_data_aug13/Sc2ReB6_55/CHGCAR: ok (53.1 s)
[225/500] /data/sai/new_charge/6000_data_aug13/ScAsO4_141/CHGCAR: ok (10.5 s)
[226/500] /data/sai/new_charge/6000_data_aug13/ScBIr3_221/CHGCAR: ok (6.7 s)
[227/500] /data/sai/new_charge/6000_data_aug13/ScBi_225/CHGCAR: ok (5.4 s)
[228/500] /data/sai/new_charge/6000_data_aug13/ScBRh3_221/CHGCAR: ok (6.7 s)
[229/500] /data/sai/new_charge/6000_data_aug13/Sc5Ge3_193/CHGCAR: ok (34.6 s)
[230/500] /data/sai/new_charge/6000_data_aug13/ScCdHg2_225/CHGCAR: ok (4.4 s)
[231/500] /data/sai/new_charge/6000_data_aug13/ScBe5_191/CHGCAR: ok (9.3 s)
[232/500] /data/sai/new_charge/6000_data_aug13/ScCd_221/CHGCAR: ok (3.7 s)
[233/500] /data/sai/new_charge/6000_data_aug13/Sc2CoSi2_12/CHGCAR: ok (70.8 s)
[234/500] /data/sai/new_charge/6000_data_aug13/Sc2FeSi2_12/CHGCAR: ok (68.3 s)
[235/500] /data/sai/new_charge/6000_data_aug13/Sc3RhC4_12/CHGCAR: ok (46.3 s)
[236/500] /data/sai/new_charge/6000_data_aug13/Sc5Si3_193/CHGCAR: ok (39.4 s)
[237/500] /data/sai/new_charge/6000_data_aug13/Sc4C3_220/CHGCAR: ok (42.8 s)
[238/500] /data/sai/new_charge/6000_data_aug13/ScBrO_59/CHGCAR: ok (11.7 s)
[239/500] /data/sai/new_charge/6000_data_aug13/ScCdAg2_225/CHGCAR: ok (11.2 s)
[240/500] /data/sai/new_charge/6000_data_aug13/ScCdPd2_225/CHGCAR: ok (10.7 s)
[241/500] /data/sai/new_charge/6000_data_aug13/ScCo_221/CHGCAR: ok (3.7 s)
[242/500] /data/sai/new_charge/6000_data_aug13/ScCo3C_221/CHGCAR: ok (7.2 s)
[243/500] /data/sai/new_charge/6000_data_aug13/ScCdRh2_225/CHGCAR: ok (11.0 s)
[244/500] /data/sai/new_charge/6000_data_aug13/ScCu2_139/CHGCAR: ok (5.2 s)
[245/500] /data/sai/new_charge/6000_data_aug13/ScB12_225/CHGCAR: ok (22.1 s)
[246/500] /data/sai/new_charge/6000_data_aug13/ScCu_221/CHGCAR: ok (3.5 s)
[247/500] /data/sai/new_charge/6000_data_aug13/ScCd3_194/CHGCAR: ok (17.9 s)
[248/500] /data/sai/new_charge/6000_data_aug13/ScAlPd2_225/CHGCAR: ok (29.4 s)
[249/500] /data/sai/new_charge/6000_data_aug13/ScCo2Sn_225/CHGCAR: ok (12.0 s)
[250/500] /data/sai/new_charge/6000_data_aug13/ScAlAu2_225/CHGCAR: ok (34.2 s)
[251/500] /data/sai/new_charge/6000_data_aug13/ScBO3_167/CHGCAR: ok (24.3 s)
[252/500] /data/sai/new_charge/6000_data_aug13/ScCuS2_156/CHGCAR: ok (9.2 s)
[253/500] /data/sai/new_charge/6000_data_aug13/ScAlCu2_225/CHGCAR: ok (34.1 s)
[254/500] /data/sai/new_charge/6000_data_aug13/ScGa5Ni_123/CHGCAR: ok (4.3 s)
[255/500] /data/sai/new_charge/6000_data_aug13/ScCoC2_129/CHGCAR: ok (14.2 s)
[256/500] /data/sai/new_charge/6000_data_aug13/ScCrC2_194/CHGCAR: ok (13.3 s)
[257/500] /data/sai/new_charge/6000_data_aug13/Sc5Sn3_193/CHGCAR: ok (52.2 s)
[258/500] /data/sai/new_charge/6000_data_aug13/ScGa3_221/CHGCAR: ok (6.9 s)
[259/500] /data/sai/new_charge/6000_data_aug13/ScCuSn_186/CHGCAR: ok (11.9 s)
[260/500] /data/sai/new_charge/6000_data_aug13/ScCuO2_194/CHGCAR: ok (13.6 s)
[261/500] /data/sai/new_charge/6000_data_aug13/ScAl2_227/CHGCAR: ok (47.3 s)
[262/500] /data/sai/new_charge/6000_data_aug13/ScGaRh2_225/CHGCAR: ok (4.4 s)
[263/500] /data/sai/new_charge/6000_data_aug13/ScGaCu2_225/CHGCAR: ok (8.5 s)
[264/500] /data/sai/new_charge/6000_data_aug13/ScGaIr2_225/CHGCAR: ok (8.6 s)
[265/500] /data/sai/new_charge/6000_data_aug13/ScGa5Co_123/CHGCAR: ok (12.3 s)
[266/500] /data/sai/new_charge/6000_data_aug13/ScGaNi2_225/CHGCAR: ok (9.0 s)
[267/500] /data/sai/new_charge/6000_data_aug13/ScGa_63/CHGCAR: ok (6.9 s)
[268/500] /data/sai/new_charge/6000_data_aug13/ScGa2_74/CHGCAR: ok (13.6 s)
[269/500] /data/sai/new_charge/6000_data_aug13/ScCoB4_55/CHGCAR: ok (23.1 s)
[270/500] /data/sai/new_charge/6000_data_aug13/ScH2_225/CHGCAR: ok (6.8 s)
[271/500] /data/sai/new_charge/6000_data_aug13/ScGaRu2_225/CHGCAR: ok (8.3 s)
[272/500] /data/sai/new_charge/6000_data_aug13/ScGa2Ni_63/CHGCAR: ok (15.1 s)
[273/500] /data/sai/new_charge/6000_data_aug13/ScGe_63/CHGCAR: ok (7.1 s)
[274/500] /data/sai/new_charge/6000_data_aug13/ScHg_221/CHGCAR: ok (4.5 s)
[275/500] /data/sai/new_charge/6000_data_aug13/ScFeGe_189/CHGCAR: ok (18.2 s)
[276/500] /data/sai/new_charge/6000_data_aug13/Sc2Si2Ru_12/CHGCAR: ok (83.4 s)
[277/500] /data/sai/new_charge/6000_data_aug13/ScGaPd2_225/CHGCAR: ok (11.7 s)
[278/500] /data/sai/new_charge/6000_data_aug13/ScIr_221/CHGCAR: ok (3.0 s)
[279/500] /data/sai/new_charge/6000_data_aug13/ScGeAu_186/CHGCAR: ok (11.8 s)
[280/500] /data/sai/new_charge/6000_data_aug13/ScFeSi_62/CHGCAR: ok (20.3 s)
[281/500] /data/sai/new_charge/6000_data_aug13/ScHg3_194/CHGCAR: ok (9.1 s)
[282/500] /data/sai/new_charge/6000_data_aug13/ScN_225/CHGCAR: ok (3.9 s)
[283/500] /data/sai/new_charge/6000_data_aug13/ScCl3_148/CHGCAR: ok (33.4 s)
[284/500] /data/sai/new_charge/6000_data_aug13/ScIr3_221/CHGCAR: ok (7.1 s)
[285/500] /data/sai/new_charge/6000_data_aug13/Sc6Si7Ni16_225/CHGCAR: ok (66.7 s)
[286/500] /data/sai/new_charge/6000_data_aug13/ScInNi2_225/CHGCAR: ok (9.7 s)
[287/500] /data/sai/new_charge/6000_data_aug13/ScNbTc2_225/CHGCAR: ok (4.5 s)
[288/500] /data/sai/new_charge/6000_data_aug13/ScCo2_227/CHGCAR: ok (35.1 s)
[289/500] /data/sai/new_charge/6000_data_aug13/ScMnRh2_225/CHGCAR: ok (8.3 s)
[290/500] /data/sai/new_charge/6000_data_aug13/ScInAg2_225/CHGCAR: ok (12.0 s)
[291/500] /data/sai/new_charge/6000_data_aug13/ScInPd2_225/CHGCAR: ok (11.2 s)
[292/500] /data/sai/new_charge/6000_data_aug13/ScInPt2_225/CHGCAR: ok (11.1 s)
[293/500] /data/sai/new_charge/6000_data_aug13/ScInIr2_225/CHGCAR: ok (13.1 s)
[294/500] /data/sai/new_charge/6000_data_aug13/ScInCu4_216/CHGCAR: ok (13.7 s)
[295/500] /data/sai/new_charge/6000_data_aug13/ScInRh2_225/CHGCAR: ok (13.1 s)
[296/500] /data/sai/new_charge/6000_data_aug13/ScGeRu_189/CHGCAR: ok (20.4 s)
[297/500] /data/sai/new_charge/6000_data_aug13/ScNi_221/CHGCAR: ok (3.6 s)
[298/500] /data/sai/new_charge/6000_data_aug13/ScNi2Sn_225/CHGCAR: ok (8.4 s)
[299/500] /data/sai/new_charge/6000_data_aug13/ScNbRu2_225/CHGCAR: ok (11.4 s)
[300/500] /data/sai/new_charge/6000_data_aug13/ScNbOs2_225/CHGCAR: ok (12.3 s)
[301/500] /data/sai/new_charge/6000_data_aug13/ScNiBi_216/CHGCAR: ok (8.4 s)
[302/500] /data/sai/new_charge/6000_data_aug13/ScPd_221/CHGCAR: ok (2.8 s)
[303/500] /data/sai/new_charge/6000_data_aug13/ScNiSb_216/CHGCAR: ok (6.7 s)
[304/500] /data/sai/new_charge/6000_data_aug13/ScMnSi_189/CHGCAR: ok (16.4 s)
[305/500] /data/sai/new_charge/6000_data_aug13/ScPt_221/CHGCAR: ok (2.9 s)
[306/500] /data/sai/new_charge/6000_data_aug13/ScNiP_62/CHGCAR: ok (8.3 s)
[307/500] /data/sai/new_charge/6000_data_aug13/ScP_225/CHGCAR: ok (5.0 s)
[308/500] /data/sai/new_charge/6000_data_aug13/ScNi2_227/CHGCAR: ok (12.5 s)
[309/500] /data/sai/new_charge/6000_data_aug13/ScRh_221/CHGCAR: ok (3.0 s)
[310/500] /data/sai/new_charge/6000_data_aug13/ScNi4Sn_216/CHGCAR: ok (12.6 s)
[311/500] /data/sai/new_charge/6000_data_aug13/ScRu_221/CHGCAR: ok (1.5 s)
[312/500] /data/sai/new_charge/6000_data_aug13/ScPd3_221/CHGCAR: ok (6.5 s)
[313/500] /data/sai/new_charge/6000_data_aug13/ScMn2_194/CHGCAR: ok (19.9 s)
[314/500] /data/sai/new_charge/6000_data_aug13/ScPt3_221/CHGCAR: ok (7.0 s)
[315/500] /data/sai/new_charge/6000_data_aug13/ScNbO4_13/CHGCAR: ok (17.9 s)
[316/500] /data/sai/new_charge/6000_data_aug13/ScS_225/CHGCAR: ok (4.6 s)
[317/500] /data/sai/new_charge/6000_data_aug13/ScRh3C_221/CHGCAR: ok (7.2 s)
[318/500] /data/sai/new_charge/6000_data_aug13/ScRh3_221/CHGCAR: ok (7.0 s)
[319/500] /data/sai/new_charge/6000_data_aug13/ScSe_225/CHGCAR: ok (4.1 s)
[320/500] /data/sai/new_charge/6000_data_aug13/ScRu3C_221/CHGCAR: ok (8.2 s)
[321/500] /data/sai/new_charge/6000_data_aug13/ScFe2_227/CHGCAR: ok (43.9 s)
[322/500] /data/sai/new_charge/6000_data_aug13/ScNiGe_62/CHGCAR: ok (19.7 s)
[323/500] /data/sai/new_charge/6000_data_aug13/ScSbPt_216/CHGCAR: ok (9.5 s)
[324/500] /data/sai/new_charge/6000_data_aug13/ScOF_14/CHGCAR: ok (19.5 s)
[325/500] /data/sai/new_charge/6000_data_aug13/ScPRu_189/CHGCAR: ok (17.7 s)
[326/500] /data/sai/new_charge/6000_data_aug13/ScPPt_62/CHGCAR: ok (19.3 s)
[327/500] /data/sai/new_charge/6000_data_aug13/ScPO4_141/CHGCAR: ok (20.7 s)
[328/500] /data/sai/new_charge/6000_data_aug13/ScSbRu2_225/CHGCAR: ok (12.7 s)
[329/500] /data/sai/new_charge/6000_data_aug13/ScSb_225/CHGCAR: ok (12.9 s)
[330/500] /data/sai/new_charge/6000_data_aug13/ScSiAu_187/CHGCAR: ok (12.3 s)
[331/500] /data/sai/new_charge/6000_data_aug13/ScOs2_194/CHGCAR: ok (23.9 s)
[332/500] /data/sai/new_charge/6000_data_aug13/ScTaRu2_225/CHGCAR: ok (4.5 s)
[333/500] /data/sai/new_charge/6000_data_aug13/ScSnAu_216/CHGCAR: ok (9.1 s)
[334/500] /data/sai/new_charge/6000_data_aug13/ScIr2_227/CHGCAR: ok (38.4 s)
[335/500] /data/sai/new_charge/6000_data_aug13/ScSiCu_189/CHGCAR: ok (18.1 s)
[336/500] /data/sai/new_charge/6000_data_aug13/ScSi_63/CHGCAR: ok (13.9 s)
[337/500] /data/sai/new_charge/6000_data_aug13/ScTiRu2_225/CHGCAR: ok (3.3 s)
[338/500] /data/sai/new_charge/6000_data_aug13/ScCd7_63/CHGCAR: ok (73.4 s)
[339/500] /data/sai/new_charge/6000_data_aug13/ScSiNi_62/CHGCAR: ok (19.1 s)
[340/500] /data/sai/new_charge/6000_data_aug13/ScSnRu2_225/CHGCAR: ok (11.8 s)
[341/500] /data/sai/new_charge/6000_data_aug13/ScSnAu_186/CHGCAR: ok (15.1 s)
[342/500] /data/sai/new_charge/6000_data_aug13/ScTe_194/CHGCAR: ok (9.5 s)
[343/500] /data/sai/new_charge/6000_data_aug13/ScRe2_194/CHGCAR: ok (28.2 s)
[344/500] /data/sai/new_charge/6000_data_aug13/ScSiPt_62/CHGCAR: ok (19.7 s)
[345/500] /data/sai/new_charge/6000_data_aug13/ScSiCu_62/CHGCAR: ok (21.0 s)
[346/500] /data/sai/new_charge/6000_data_aug13/ScRu2_194/CHGCAR: ok (26.8 s)
[347/500] /data/sai/new_charge/6000_data_aug13/ScTc2W_225/CHGCAR: ok (11.9 s)
[348/500] /data/sai/new_charge/6000_data_aug13/ScSiRh_62/CHGCAR: ok (19.7 s)
[349/500] /data/sai/new_charge/6000_data_aug13/ScZn_221/CHGCAR: ok (2.8 s)
[350/500] /data/sai/new_charge/6000_data_aug13/Sc_194/CHGCAR: ok (4.1 s)
[351/500] /data/sai/new_charge/6000_data_aug13/ScSbPd_216/CHGCAR: ok (29.7 s)
[352/500] /data/sai/new_charge/6000_data_aug13/ScSi2Rh_62/CHGCAR: ok (28.3 s)
[353/500] /data/sai/new_charge/6000_data_aug13/ScTlRh2_225/CHGCAR: ok (12.6 s)
[354/500] /data/sai/new_charge/6000_data_aug13/ScVRu2_225/CHGCAR: ok (9.0 s)
[355/500] /data/sai/new_charge/6000_data_aug13/ScSiPt2_63/CHGCAR: ok (27.8 s)
[356/500] /data/sai/new_charge/6000_data_aug13/ScUS3_63/CHGCAR: ok (10.1 s)
[357/500] /data/sai/new_charge/6000_data_aug13/ScTaO4_13/CHGCAR: ok (19.0 s)
[358/500] /data/sai/new_charge/6000_data_aug13/ScZnRh2_225/CHGCAR: ok (8.7 s)
[359/500] /data/sai/new_charge/6000_data_aug13/Si2Ni_225/CHGCAR: ok (4.5 s)
[360/500] /data/sai/new_charge/6000_data_aug13/ScZnCu2_225/CHGCAR: ok (9.5 s)
[361/500] /data/sai/new_charge/6000_data_aug13/Si2Mo_139/CHGCAR: ok (8.4 s)
[362/500] /data/sai/new_charge/6000_data_aug13/ScTlS2_194/CHGCAR: ok (18.3 s)
[363/500] /data/sai/new_charge/6000_data_aug13/Si2W_139/CHGCAR: ok (7.8 s)
[364/500] /data/sai/new_charge/6000_data_aug13/Si2W_180/CHGCAR: ok (7.1 s)
[365/500] /data/sai/new_charge/6000_data_aug13/ScSnPd2_225/CHGCAR: ok (31.7 s)
[366/500] /data/sai/new_charge/6000_data_aug13/ScZn3_194/CHGCAR: ok (19.1 s)
[367/500] /data/sai/new_charge/6000_data_aug13/Si2Ni6B_189/CHGCAR: ok (14.6 s)
[368/500] /data/sai/new_charge/6000_data_aug13/Si2Mo_180/CHGCAR: ok (17.4 s)
[369/500] /data/sai/new_charge/6000_data_aug13/Si3As4_215/CHGCAR: ok (13.4 s)
[370/500] /data/sai/new_charge/6000_data_aug13/SeOF2_29/CHGCAR: ok (22.3 s)
[371/500] /data/sai/new_charge/6000_data_aug13/ScZn2_194/CHGCAR: ok (25.1 s)
[372/500] /data/sai/new_charge/6000_data_aug13/Si3Rh5_55/CHGCAR: ok (9.4 s)
[373/500] /data/sai/new_charge/6000_data_aug13/ScSnPd_190/CHGCAR: ok (40.3 s)
[374/500] /data/sai/new_charge/6000_data_aug13/Si3NiP4_121/CHGCAR: ok (16.9 s)
[375/500] /data/sai/new_charge/6000_data_aug13/Si3MoPt2_26/CHGCAR: ok (18.8 s)
[376/500] /data/sai/new_charge/6000_data_aug13/ScSnPt_190/CHGCAR: ok (41.7 s)
[377/500] /data/sai/new_charge/6000_data_aug13/Si3N4_176/CHGCAR: ok (19.9 s)
[378/500] /data/sai/new_charge/6000_data_aug13/Si3P2Pt_1/CHGCAR: ok (21.1 s)
[379/500] /data/sai/new_charge/6000_data_aug13/SeO2_135/CHGCAR: ok (33.4 s)
[380/500] /data/sai/new_charge/6000_data_aug13/Si4P4Ru_1/CHGCAR: ok (16.4 s)
[381/500] /data/sai/new_charge/6000_data_aug13/Si3Pt2_194/CHGCAR: ok (21.0 s)
[382/500] /data/sai/new_charge/6000_data_aug13/SiC_216/CHGCAR: ok (9.1 s)
[383/500] /data/sai/new_charge/6000_data_aug13/SiF4_217/CHGCAR: ok (9.9 s)
[384/500] /data/sai/new_charge/6000_data_aug13/Si2Os_64/CHGCAR: ok (34.7 s)
[385/500] /data/sai/new_charge/6000_data_aug13/ScZn12_139/CHGCAR: ok (43.3 s)
[386/500] /data/sai/new_charge/6000_data_aug13/SiNi3_221/CHGCAR: ok (5.8 s)
[387/500] /data/sai/new_charge/6000_data_aug13/SiC_186/CHGCAR: ok (17.3 s)
[388/500] /data/sai/new_charge/6000_data_aug13/SiB3_74/CHGCAR: ok (19.8 s)
[389/500] /data/sai/new_charge/6000_data_aug13/SiIr_62/CHGCAR: ok (11.9 s)
[390/500] /data/sai/new_charge/6000_data_aug13/ScTlSe2_166/CHGCAR: ok (50.6 s)
[391/500] /data/sai/new_charge/6000_data_aug13/Si3Ru2_116/CHGCAR: ok (31.0 s)
[392/500] /data/sai/new_charge/6000_data_aug13/SiMo3_223/CHGCAR: ok (11.9 s)
[393/500] /data/sai/new_charge/6000_data_aug13/SiOs_221/CHGCAR: ok (4.0 s)
[394/500] /data/sai/new_charge/6000_data_aug13/ScHCl_166/CHGCAR: ok (97.7 s)
[395/500] /data/sai/new_charge/6000_data_aug13/SiNi_62/CHGCAR: ok (11.3 s)
[396/500] /data/sai/new_charge/6000_data_aug13/SiNi2_62/CHGCAR: ok (14.1 s)
[397/500] /data/sai/new_charge/6000_data_aug13/SiPd2_189/CHGCAR: ok (5.8 s)
[398/500] /data/sai/new_charge/6000_data_aug13/SiOs_198/CHGCAR: ok (11.2 s)
[399/500] /data/sai/new_charge/6000_data_aug13/SiO2_152/CHGCAR: ok (13.5 s)
[400/500] /data/sai/new_charge/6000_data_aug13/SiRh_62/CHGCAR: ok (4.2 s)
[401/500] /data/sai/new_charge/6000_data_aug13/SiRu_221/CHGCAR: ok (1.5 s)
[402/500] /data/sai/new_charge/6000_data_aug13/Si5Rh4_11/CHGCAR: ok (33.4 s)
[403/500] /data/sai/new_charge/6000_data_aug13/Si3Mo5_140/CHGCAR: ok (49.8 s)
[404/500] /data/sai/new_charge/6000_data_aug13/SiPt2_139/CHGCAR: ok (11.1 s)
[405/500] /data/sai/new_charge/6000_data_aug13/ScTlTe2_166/CHGCAR: ok (61.7 s)
[406/500] /data/sai/new_charge/6000_data_aug13/SiIr3_140/CHGCAR: ok (24.6 s)
[407/500] /data/sai/new_charge/6000_data_aug13/Si3Ru4_62/CHGCAR: ok (41.2 s)
[408/500] /data/sai/new_charge/6000_data_aug13/SiO2_122/CHGCAR: ok (19.7 s)
[409/500] /data/sai/new_charge/6000_data_aug13/SiPd_62/CHGCAR: ok (13.1 s)
[410/500] /data/sai/new_charge/6000_data_aug13/SiRh_198/CHGCAR: ok (11.6 s)
[411/500] /data/sai/new_charge/6000_data_aug13/SiPt_62/CHGCAR: ok (13.6 s)
[412/500] /data/sai/new_charge/6000_data_aug13/Si5Pt6_11/CHGCAR: ok (39.1 s)
[413/500] /data/sai/new_charge/6000_data_aug13/SiS2_72/CHGCAR: ok (6.1 s)
[414/500] /data/sai/new_charge/6000_data_aug13/SiRh_14/CHGCAR: ok (13.9 s)
[415/500] /data/sai/new_charge/6000_data_aug13/Si_194/CHGCAR: ok (7.5 s)
[416/500] /data/sai/new_charge/6000_data_aug13/SiTc2W_225/CHGCAR: ok (9.5 s)
[417/500] /data/sai/new_charge/6000_data_aug13/SiRh2_62/CHGCAR: ok (18.4 s)
[418/500] /data/sai/new_charge/6000_data_aug13/SiRu_198/CHGCAR: ok (12.2 s)
[419/500] /data/sai/new_charge/6000_data_aug13/Sm(CoP)2_139/CHGCAR: ok (10.1 s)
[420/500] /data/sai/new_charge/6000_data_aug13/Sm2AgRu_225/CHGCAR: ok (6.6 s)
[421/500] /data/sai/new_charge/6000_data_aug13/SiSnPt5_123/CHGCAR: ok (13.0 s)
[422/500] /data/sai/new_charge/6000_data_aug13/Si3W5_140/CHGCAR: ok (52.5 s)
[423/500] /data/sai/new_charge/6000_data_aug13/Sm(SiIr)2_139/CHGCAR: ok (12.0 s)
[424/500] /data/sai/new_charge/6000_data_aug13/Si4Rh3_62/CHGCAR: ok (50.4 s)
[425/500] /data/sai/new_charge/6000_data_aug13/Sm(PRu)2_139/CHGCAR: ok (12.4 s)
[426/500] /data/sai/new_charge/6000_data_aug13/SiPd3_62/CHGCAR: ok (26.4 s)
[427/500] /data/sai/new_charge/6000_data_aug13/SiRu2_62/CHGCAR: ok (18.3 s)
[428/500] /data/sai/new_charge/6000_data_aug13/Si_227/CHGCAR: ok (14.5 s)
[429/500] /data/sai/new_charge/6000_data_aug13/Si2Pd9_62/CHGCAR: ok (67.9 s)
[430/500] /data/sai/new_charge/6000_data_aug13/Sm(SiRu)2_139/CHGCAR: ok (13.6 s)
[431/500] /data/sai/new_charge/6000_data_aug13/Sm(BC)2_127/CHGCAR: ok (17.4 s)
[432/500] /data/sai/new_charge/6000_data_aug13/Sm(SiPd)2_139/CHGCAR: ok (14.6 s)
[433/500] /data/sai/new_charge/6000_data_aug13/Sm2AgHg_225/CHGCAR: ok (15.9 s)
[434/500] /data/sai/new_charge/6000_data_aug13/Sm2MgGe2_127/CHGCAR: ok (9.9 s)
[435/500] /data/sai/new_charge/6000_data_aug13/SiCl4_14/CHGCAR: ok (50.9 s)
[436/500] /data/sai/new_charge/6000_data_aug13/Sm2IrRh_225/CHGCAR: ok (13.1 s)
[437/500] /data/sai/new_charge/6000_data_aug13/Sm2InHg_225/CHGCAR: ok (16.7 s)
[438/500] /data/sai/new_charge/6000_data_aug13/Sm2TeO2_139/CHGCAR: ok (12.7 s)
[439/500] /data/sai/new_charge/6000_data_aug13/SiPt3_12/CHGCAR: ok (36.4 s)
[440/500] /data/sai/new_charge/6000_data_aug13/SmAgAu2_225/CHGCAR: ok (4.8 s)
[441/500] /data/sai/new_charge/6000_data_aug13/Sm2GeRh3_166/CHGCAR: ok (20.0 s)
[442/500] /data/sai/new_charge/6000_data_aug13/Si2Ru_64/CHGCAR: ok (79.7 s)
[443/500] /data/sai/new_charge/6000_data_aug13/Sm2TlAg_225/CHGCAR: ok (15.3 s)
[444/500] /data/sai/new_charge/6000_data_aug13/Sm3InN_221/CHGCAR: ok (11.0 s)
[445/500] /data/sai/new_charge/6000_data_aug13/Sm2In_194/CHGCAR: ok (19.5 s)
[446/500] /data/sai/new_charge/6000_data_aug13/Sm3In_221/CHGCAR: ok (11.6 s)
[447/500] /data/sai/new_charge/6000_data_aug13/Sm2MgAl_225/CHGCAR: ok (19.6 s)
[448/500] /data/sai/new_charge/6000_data_aug13/Sm2ZnHg_225/CHGCAR: ok (15.8 s)
[449/500] /data/sai/new_charge/6000_data_aug13/SmB6_221/CHGCAR: ok (4.7 s)
[450/500] /data/sai/new_charge/6000_data_aug13/Sm2TlCd_225/CHGCAR: ok (17.1 s)
[451/500] /data/sai/new_charge/6000_data_aug13/Sm2TlHg_225/CHGCAR: ok (17.3 s)
[452/500] /data/sai/new_charge/6000_data_aug13/Sm2Ti2S2O5_139/CHGCAR: ok (21.4 s)
[453/500] /data/sai/new_charge/6000_data_aug13/Sm3TlC_221/CHGCAR: ok (16.3 s)
[454/500] /data/sai/new_charge/6000_data_aug13/SmAl3Pd2_191/CHGCAR: ok (14.3 s)
[455/500] /data/sai/new_charge/6000_data_aug13/SmC2_139/CHGCAR: ok (6.8 s)
[456/500] /data/sai/new_charge/6000_data_aug13/SmCd_221/CHGCAR: ok (4.8 s)
[457/500] /data/sai/new_charge/6000_data_aug13/SmCdAg2_225/CHGCAR: ok (5.8 s)
[458/500] /data/sai/new_charge/6000_data_aug13/Sm2Ge2Ru_12/CHGCAR: ok (32.3 s)
[459/500] /data/sai/new_charge/6000_data_aug13/SmCd2_191/CHGCAR: ok (7.9 s)
[460/500] /data/sai/new_charge/6000_data_aug13/SmAgHg2_225/CHGCAR: ok (16.5 s)
[461/500] /data/sai/new_charge/6000_data_aug13/SmBrO_129/CHGCAR: ok (13.6 s)
[462/500] /data/sai/new_charge/6000_data_aug13/SmCdAu2_225/CHGCAR: ok (12.8 s)
[463/500] /data/sai/new_charge/6000_data_aug13/Sm3Hg_194/CHGCAR: ok (27.6 s)
[464/500] /data/sai/new_charge/6000_data_aug13/SmDyMg2_225/CHGCAR: ok (8.3 s)
[465/500] /data/sai/new_charge/6000_data_aug13/SmBi2BrO4_123/CHGCAR: ok (18.5 s)
[466/500] /data/sai/new_charge/6000_data_aug13/SmBi2IO4_123/CHGCAR: ok (17.6 s)
[467/500] /data/sai/new_charge/6000_data_aug13/SmBi2ClO4_123/CHGCAR: ok (18.7 s)
[468/500] /data/sai/new_charge/6000_data_aug13/SmAl3_194/CHGCAR: ok (23.0 s)
[469/500] /data/sai/new_charge/6000_data_aug13/SmClO_129/CHGCAR: ok (12.3 s)
[470/500] /data/sai/new_charge/6000_data_aug13/SmCoSi_129/CHGCAR: ok (13.8 s)
[471/500] /data/sai/new_charge/6000_data_aug13/SmFeSi_129/CHGCAR: ok (13.2 s)
[472/500] /data/sai/new_charge/6000_data_aug13/SmCd3_194/CHGCAR: ok (21.8 s)
[473/500] /data/sai/new_charge/6000_data_aug13/SmAsS_62/CHGCAR: ok (27.1 s)
[474/500] /data/sai/new_charge/6000_data_aug13/SmBr3_63/CHGCAR: ok (25.0 s)
[475/500] /data/sai/new_charge/6000_data_aug13/SmIn_221/CHGCAR: ok (4.9 s)
[476/500] /data/sai/new_charge/6000_data_aug13/SmHgPd_189/CHGCAR: ok (10.4 s)
[477/500] /data/sai/new_charge/6000_data_aug13/SmGeRu_129/CHGCAR: ok (13.2 s)
[478/500] /data/sai/new_charge/6000_data_aug13/SmAlO3_62/CHGCAR: ok (32.2 s)
[479/500] /data/sai/new_charge/6000_data_aug13/SmMg_221/CHGCAR: ok (3.5 s)
[480/500] /data/sai/new_charge/6000_data_aug13/SmInAg2_225/CHGCAR: ok (12.7 s)
[481/500] /data/sai/new_charge/6000_data_aug13/SmHoMg2_225/CHGCAR: ok (16.3 s)
[482/500] /data/sai/new_charge/6000_data_aug13/Sm2S3_62/CHGCAR: ok (49.7 s)
[483/500] /data/sai/new_charge/6000_data_aug13/SmCoGe_62/CHGCAR: ok (25.5 s)
[484/500] /data/sai/new_charge/6000_data_aug13/SmHoTl2_225/CHGCAR: ok (17.1 s)
[485/500] /data/sai/new_charge/6000_data_aug13/SmMgAg2_225/CHGCAR: ok (12.8 s)
[486/500] /data/sai/new_charge/6000_data_aug13/SmCl3_194/CHGCAR: ok (29.7 s)
[487/500] /data/sai/new_charge/6000_data_aug13/SmGa3_194/CHGCAR: ok (22.8 s)
[488/500] /data/sai/new_charge/6000_data_aug13/SmMg3_225/CHGCAR: ok (14.1 s)
[489/500] /data/sai/new_charge/6000_data_aug13/SmHg3_194/CHGCAR: ok (21.5 s)
[490/500] /data/sai/new_charge/6000_data_aug13/SmF3_62/CHGCAR: ok (29.6 s)
[491/500] /data/sai/new_charge/6000_data_aug13/SmMgHg2_225/CHGCAR: ok (13.9 s)
[492/500] /data/sai/new_charge/6000_data_aug13/SmInPd_189/CHGCAR: ok (21.1 s)
[493/500] /data/sai/new_charge/6000_data_aug13/SmCuSe2_14/CHGCAR: ok (35.0 s)
[494/500] /data/sai/new_charge/6000_data_aug13/SmMgGa_189/CHGCAR: ok (19.5 s)
[495/500] /data/sai/new_charge/6000_data_aug13/Sm2Zr2O7_227/CHGCAR: ok (57.2 s)
[496/500] /data/sai/new_charge/6000_data_aug13/SmMgPt_189/CHGCAR: ok (17.8 s)
[497/500] /data/sai/new_charge/6000_data_aug13/SmGa2Co_65/CHGCAR: ok (35.7 s)
[498/500] /data/sai/new_charge/6000_data_aug13/SmI3_194/CHGCAR: ok (27.7 s)
[499/500] /data/sai/new_charge/6000_data_aug13/SiBr4_205/CHGCAR: ok (107.8 s)
[500/500] /data/sai/new_charge/6000_data_aug13/Sm2O3_206/CHGCAR: ok (78.6 s)
chunk 8: 500 rows, 0 errors, 81.8 min elapsed
[1/500] /data/sai/new_charge/6000_data_aug13/SmRh_221/CHGCAR: ok (4.6 s)
[2/500] /data/sai/new_charge/6000_data_aug13/SmN_225/CHGCAR: ok (4.9 s)
[3/500] /data/sai/new_charge/6000_data_aug13/SmSe_225/CHGCAR: ok (4.8 s)
[4/500] /data/sai/new_charge/6000_data_aug13/SmNiAs_187/CHGCAR: ok (4.5 s)
[5/500] /data/sai/new_charge/6000_data_aug13/SmS_225/CHGCAR: ok (4.7 s)
[6/500] /data/sai/new_charge/6000_data_aug13/SmPt3_221/CHGCAR: ok (7.1 s)
[7/500] /data/sai/new_charge/6000_data_aug13/SmNi_63/CHGCAR: ok (7.1 s)
[8/500] /data/sai/new_charge/6000_data_aug13/SmSF_129/CHGCAR: ok (8.3 s)
[9/500] /data/sai/new_charge/6000_data_aug13/SmTmHg2_225/CHGCAR: ok (9.4 s)
[10/500] /data/sai/new_charge/6000_data_aug13/SmPbAu2_225/CHGCAR: ok (11.2 s)
[11/500] /data/sai/new_charge/6000_data_aug13/SmNiGe2_63/CHGCAR: ok (10.9 s)
[12/500] /data/sai/new_charge/6000_data_aug13/SmTmTl2_225/CHGCAR: ok (11.4 s)
[13/500] /data/sai/new_charge/6000_data_aug13/SmRh2_227/CHGCAR: ok (12.5 s)
[14/500] /data/sai/new_charge/6000_data_aug13/SmPt2_227/CHGCAR: ok (12.8 s)
[15/500] /data/sai/new_charge/6000_data_aug13/SmPt_62/CHGCAR: ok (12.6 s)
[16/500] /data/sai/new_charge/6000_data_aug13/SmSi2Ni_63/CHGCAR: ok (13.7 s)
[17/500] /data/sai/new_charge/6000_data_aug13/SmSbTe_129/CHGCAR: ok (14.0 s)
[18/500] /data/sai/new_charge/6000_data_aug13/SmTaO4_13/CHGCAR: ok (14.1 s)
[19/500] /data/sai/new_charge/6000_data_aug13/SmYTl2_225/CHGCAR: ok (14.5 s)
[20/500] /data/sai/new_charge/6000_data_aug13/SmZnPO_166/CHGCAR: ok (14.4 s)
[21/500] /data/sai/new_charge/6000_data_aug13/SmTlTe2_166/CHGCAR: ok (14.1 s)
[22/500] /data/sai/new_charge/6000_data_aug13/Sm_194/CHGCAR: ok (10.4 s)
[23/500] /data/sai/new_charge/6000_data_aug13/SmNi2_227/CHGCAR: ok (15.2 s)
[24/500] /data/sai/new_charge/6000_data_aug13/SmSnPt_189/CHGCAR: ok (17.1 s)
[25/500] /data/sai/new_charge/6000_data_aug13/SnF4_139/CHGCAR: ok (4.1 s)
[26/500] /data/sai/new_charge/6000_data_aug13/Sn2Ru_140/CHGCAR: ok (13.4 s)
[27/500] /data/sai/new_charge/6000_data_aug13/SnAu_194/CHGCAR: ok (6.7 s)
[28/500] /data/sai/new_charge/6000_data_aug13/Sn3As4_215/CHGCAR: ok (11.0 s)
[29/500] /data/sai/new_charge/6000_data_aug13/Sn2Rh_140/CHGCAR: ok (15.0 s)
[30/500] /data/sai/new_charge/6000_data_aug13/SmScO3_62/CHGCAR: ok (22.2 s)
[31/500] /data/sai/new_charge/6000_data_aug13/Sn(HgSe2)2_82/CHGCAR: ok (18.7 s)
[32/500] /data/sai/new_charge/6000_data_aug13/Sn3Pt2_194/CHGCAR: ok (14.2 s)
[33/500] /data/sai/new_charge/6000_data_aug13/SnAu5_155/CHGCAR: ok (12.3 s)
[34/500] /data/sai/new_charge/6000_data_aug13/SnO2_136/CHGCAR: ok (5.5 s)
[35/500] /data/sai/new_charge/6000_data_aug13/SnIr_194/CHGCAR: ok (6.1 s)
[36/500] /data/sai/new_charge/6000_data_aug13/SnO_129/CHGCAR: ok (5.6 s)
[37/500] /data/sai/new_charge/6000_data_aug13/Sn2Pt_225/CHGCAR: ok (21.1 s)
[38/500] /data/sai/new_charge/6000_data_aug13/Sn2Ir_225/CHGCAR: ok (23.5 s)
[39/500] /data/sai/new_charge/6000_data_aug13/SnPPd5_123/CHGCAR: ok (9.0 s)
[40/500] /data/sai/new_charge/6000_data_aug13/SnPt3_221/CHGCAR: ok (5.5 s)
[41/500] /data/sai/new_charge/6000_data_aug13/SnPd3_221/CHGCAR: ok (6.3 s)
[42/500] /data/sai/new_charge/6000_data_aug13/SnP3_166/CHGCAR: ok (12.1 s)
[43/500] /data/sai/new_charge/6000_data_aug13/SnPt_194/CHGCAR: ok (6.9 s)
[44/500] /data/sai/new_charge/6000_data_aug13/SnMo3_223/CHGCAR: ok (13.9 s)
[45/500] /data/sai/new_charge/6000_data_aug13/SnSe2_164/CHGCAR: ok (3.3 s)
[46/500] /data/sai/new_charge/6000_data_aug13/SnHgF6_148/CHGCAR: ok (20.8 s)
[47/500] /data/sai/new_charge/6000_data_aug13/SnPd_62/CHGCAR: ok (10.8 s)
[48/500] /data/sai/new_charge/6000_data_aug13/SnRh_198/CHGCAR: ok (9.9 s)
[49/500] /data/sai/new_charge/6000_data_aug13/SnBr2_62/CHGCAR: ok (22.1 s)
[50/500] /data/sai/new_charge/6000_data_aug13/SnPd2_62/CHGCAR: ok (13.4 s)
[51/500] /data/sai/new_charge/6000_data_aug13/SnS2_164/CHGCAR: ok (6.1 s)
[52/500] /data/sai/new_charge/6000_data_aug13/SnRh2_62/CHGCAR: ok (14.5 s)
[53/500] /data/sai/new_charge/6000_data_aug13/SnS_62/CHGCAR: ok (12.6 s)
[54/500] /data/sai/new_charge/6000_data_aug13/Sr(AlSi)2_164/CHGCAR: ok (8.3 s)
[55/500] /data/sai/new_charge/6000_data_aug13/Sr(AsPd)2_139/CHGCAR: ok (8.6 s)
[56/500] /data/sai/new_charge/6000_data_aug13/Sr(AgGe)2_139/CHGCAR: ok (10.3 s)
[57/500] /data/sai/new_charge/6000_data_aug13/Sn7Ir5_107/CHGCAR: ok (34.9 s)
[58/500] /data/sai/new_charge/6000_data_aug13/SnSe_62/CHGCAR: ok (14.5 s)
[59/500] /data/sai/new_charge/6000_data_aug13/Sr(CdAs)2_164/CHGCAR: ok (11.3 s)
[60/500] /data/sai/new_charge/6000_data_aug13/Sn2S3_62/CHGCAR: ok (41.1 s)
[61/500] /data/sai/new_charge/6000_data_aug13/Sn4Pd_68/CHGCAR: ok (37.8 s)
[62/500] /data/sai/new_charge/6000_data_aug13/Sn(PbO2)2_135/CHGCAR: ok (46.5 s)
[63/500] /data/sai/new_charge/6000_data_aug13/SnI2_12/CHGCAR: ok (31.2 s)
[64/500] /data/sai/new_charge/6000_data_aug13/Sn4Au_68/CHGCAR: ok (39.5 s)
[65/500] /data/sai/new_charge/6000_data_aug13/Sn3Ru2_116/CHGCAR: ok (39.8 s)
[66/500] /data/sai/new_charge/6000_data_aug13/Sr(CdP)2_164/CHGCAR: ok (9.5 s)
[67/500] /data/sai/new_charge/6000_data_aug13/SnSb_225/CHGCAR: ok (20.5 s)
[68/500] /data/sai/new_charge/6000_data_aug13/Sr(CdGa)2_139/CHGCAR: ok (15.0 s)
[69/500] /data/sai/new_charge/6000_data_aug13/Sr(CoAs)2_139/CHGCAR: ok (7.8 s)
[70/500] /data/sai/new_charge/6000_data_aug13/Sr(CdSb)2_164/CHGCAR: ok (9.4 s)
[71/500] /data/sai/new_charge/6000_data_aug13/Sn4Pt_68/CHGCAR: ok (41.9 s)
[72/500] /data/sai/new_charge/6000_data_aug13/Sr(CoP)2_139/CHGCAR: ok (7.5 s)
[73/500] /data/sai/new_charge/6000_data_aug13/Sn7Ru3_229/CHGCAR: ok (39.3 s)
[74/500] /data/sai/new_charge/6000_data_aug13/Sr(CoGe)2_139/CHGCAR: ok (9.6 s)
[75/500] /data/sai/new_charge/6000_data_aug13/Sr(CuAs)2_139/CHGCAR: ok (9.6 s)
[76/500] /data/sai/new_charge/6000_data_aug13/Sn_227/CHGCAR: ok (20.8 s)
[77/500] /data/sai/new_charge/6000_data_aug13/Sr(CuGe)2_139/CHGCAR: ok (9.3 s)
[78/500] /data/sai/new_charge/6000_data_aug13/Sr(AlTe2)2_97/CHGCAR: ok (21.0 s)
[79/500] /data/sai/new_charge/6000_data_aug13/SnTe_225/CHGCAR: ok (25.0 s)
[80/500] /data/sai/new_charge/6000_data_aug13/Sr(CuSi)2_139/CHGCAR: ok (9.5 s)
[81/500] /data/sai/new_charge/6000_data_aug13/Sr(GeRh)2_139/CHGCAR: ok (8.4 s)
[82/500] /data/sai/new_charge/6000_data_aug13/Sr(MgAs)2_164/CHGCAR: ok (6.4 s)
[83/500] /data/sai/new_charge/6000_data_aug13/Sn3Pd_64/CHGCAR: ok (50.1 s)
[84/500] /data/sai/new_charge/6000_data_aug13/Sr(FeP)2_139/CHGCAR: ok (10.0 s)
[85/500] /data/sai/new_charge/6000_data_aug13/Sr(FeAs)2_139/CHGCAR: ok (11.1 s)
[86/500] /data/sai/new_charge/6000_data_aug13/Sr(NiGe)2_139/CHGCAR: ok (7.9 s)
[87/500] /data/sai/new_charge/6000_data_aug13/Sr(PPd)2_139/CHGCAR: ok (7.4 s)
[88/500] /data/sai/new_charge/6000_data_aug13/Sr(CuO)2_141/CHGCAR: ok (14.9 s)
[89/500] /data/sai/new_charge/6000_data_aug13/Sr(NiAs)2_139/CHGCAR: ok (9.9 s)
[90/500] /data/sai/new_charge/6000_data_aug13/Sr(POs)2_139/CHGCAR: ok (10.1 s)
[91/500] /data/sai/new_charge/6000_data_aug13/Sr(PRu)2_139/CHGCAR: ok (8.3 s)
[92/500] /data/sai/new_charge/6000_data_aug13/Sr(SiAu)2_139/CHGCAR: ok (8.1 s)
[93/500] /data/sai/new_charge/6000_data_aug13/Sr(GeRu)2_139/CHGCAR: ok (12.6 s)
[94/500] /data/sai/new_charge/6000_data_aug13/Sr(SiAg)2_139/CHGCAR: ok (9.0 s)
[95/500] /data/sai/new_charge/6000_data_aug13/Sr(MgSb)2_164/CHGCAR: ok (12.8 s)
[96/500] /data/sai/new_charge/6000_data_aug13/Sr(SiPd)2_139/CHGCAR: ok (9.6 s)
[97/500] /data/sai/new_charge/6000_data_aug13/Sr(ZnP)2_164/CHGCAR: ok (7.9 s)
[98/500] /data/sai/new_charge/6000_data_aug13/Sr(ZnSb)2_164/CHGCAR: ok (8.9 s)
[99/500] /data/sai/new_charge/6000_data_aug13/Sr(GePd)2_139/CHGCAR: ok (18.4 s)
[100/500] /data/sai/new_charge/6000_data_aug13/Sr(ZnAs)2_164/CHGCAR: ok (10.9 s)
[101/500] /data/sai/new_charge/6000_data_aug13/Sr(GeIr)2_139/CHGCAR: ok (21.9 s)
[102/500] /data/sai/new_charge/6000_data_aug13/Sr(CuSb)2_129/CHGCAR: ok (23.3 s)
[103/500] /data/sai/new_charge/6000_data_aug13/Sr2CdSn_225/CHGCAR: ok (9.8 s)
[104/500] /data/sai/new_charge/6000_data_aug13/Sr2CuO3_71/CHGCAR: ok (8.2 s)
[105/500] /data/sai/new_charge/6000_data_aug13/Sr2CdPb_225/CHGCAR: ok (11.0 s)
[106/500] /data/sai/new_charge/6000_data_aug13/Sn7Ir3_229/CHGCAR: ok (59.3 s)
[107/500] /data/sai/new_charge/6000_data_aug13/Sr2HgPb_225/CHGCAR: ok (8.2 s)
[108/500] /data/sai/new_charge/6000_data_aug13/Sr2Cu(IO)2_139/CHGCAR: ok (10.9 s)
[109/500] /data/sai/new_charge/6000_data_aug13/Sr2CdIn_225/CHGCAR: ok (15.2 s)
[110/500] /data/sai/new_charge/6000_data_aug13/Sr2C(NCl)2_12/CHGCAR: ok (17.5 s)
[111/500] /data/sai/new_charge/6000_data_aug13/Sr2PdO3_71/CHGCAR: ok (8.1 s)
[112/500] /data/sai/new_charge/6000_data_aug13/Sr2H6Ru_225/CHGCAR: ok (17.5 s)
[113/500] /data/sai/new_charge/6000_data_aug13/Sr2In3Rh2_12/CHGCAR: ok (15.9 s)
[114/500] /data/sai/new_charge/6000_data_aug13/Sr2SnHg_225/CHGCAR: ok (10.5 s)
[115/500] /data/sai/new_charge/6000_data_aug13/Sr2TiO4_139/CHGCAR: ok (9.0 s)
[116/500] /data/sai/new_charge/6000_data_aug13/Sr2HN_166/CHGCAR: ok (21.5 s)
[117/500] /data/sai/new_charge/6000_data_aug13/Sr2ZnN2_139/CHGCAR: ok (5.0 s)
[118/500] /data/sai/new_charge/6000_data_aug13/Sr2TaGaO6_87/CHGCAR: ok (14.7 s)
[119/500] /data/sai/new_charge/6000_data_aug13/Sr2CuO4_139/CHGCAR: ok (26.1 s)
[120/500] /data/sai/new_charge/6000_data_aug13/Sr2TlCd_225/CHGCAR: ok (10.4 s)
[121/500] /data/sai/new_charge/6000_data_aug13/Sr2PbO4_55/CHGCAR: ok (19.5 s)
[122/500] /data/sai/new_charge/6000_data_aug13/Sr2BrN_166/CHGCAR: ok (34.0 s)
[123/500] /data/sai/new_charge/6000_data_aug13/Sr2N_166/CHGCAR: ok (22.0 s)
[124/500] /data/sai/new_charge/6000_data_aug13/Sr3(AlGe)2_71/CHGCAR: ok (13.5 s)
[125/500] /data/sai/new_charge/6000_data_aug13/Sr2NCl_166/CHGCAR: ok (30.4 s)
[126/500] /data/sai/new_charge/6000_data_aug13/Sr2HoRuO6_14/CHGCAR: ok (36.0 s)
[127/500] /data/sai/new_charge/6000_data_aug13/Sr2IrO4_142/CHGCAR: ok (35.6 s)
[128/500] /data/sai/new_charge/6000_data_aug13/Sr3(AlSi)2_71/CHGCAR: ok (14.0 s)
[129/500] /data/sai/new_charge/6000_data_aug13/Sr2MgSi2O7_113/CHGCAR: ok (36.3 s)
[130/500] /data/sai/new_charge/6000_data_aug13/Sr3BiN_221/CHGCAR: ok (10.5 s)
[131/500] /data/sai/new_charge/6000_data_aug13/Sr3(AlSn)2_71/CHGCAR: ok (15.7 s)
[132/500] /data/sai/new_charge/6000_data_aug13/Sr3(AlGe2)2_12/CHGCAR: ok (20.7 s)
[133/500] /data/sai/new_charge/6000_data_aug13/Sr3AsN_221/CHGCAR: ok (13.7 s)
[134/500] /data/sai/new_charge/6000_data_aug13/Sr(Li2P)2_166/CHGCAR: ok (56.3 s)
[135/500] /data/sai/new_charge/6000_data_aug13/Sr3PN_221/CHGCAR: ok (9.7 s)
[136/500] /data/sai/new_charge/6000_data_aug13/Sr3(GeN)2_11/CHGCAR: ok (24.8 s)
[137/500] /data/sai/new_charge/6000_data_aug13/Sr3SbN_221/CHGCAR: ok (10.4 s)
[138/500] /data/sai/new_charge/6000_data_aug13/Sr2SnO4_138/CHGCAR: ok (44.0 s)
[139/500] /data/sai/new_charge/6000_data_aug13/Sr3SnO_221/CHGCAR: ok (12.9 s)
[140/500] /data/sai/new_charge/6000_data_aug13/Sr3CrN3_176/CHGCAR: ok (25.1 s)
[141/500] /data/sai/new_charge/6000_data_aug13/Sr2NbN3_15/CHGCAR: ok (55.6 s)
[142/500] /data/sai/new_charge/6000_data_aug13/Sr2TbIrO6_14/CHGCAR: ok (52.2 s)
[143/500] /data/sai/new_charge/6000_data_aug13/Sr3MnN3_176/CHGCAR: ok (24.4 s)
[144/500] /data/sai/new_charge/6000_data_aug13/Sr2TaN3_15/CHGCAR: ok (55.8 s)
[145/500] /data/sai/new_charge/6000_data_aug13/Sr(SnAs)2_166/CHGCAR: ok (73.5 s)
[146/500] /data/sai/new_charge/6000_data_aug13/Sr3(AlP2)2_15/CHGCAR: ok (44.7 s)
[147/500] /data/sai/new_charge/6000_data_aug13/Sr3Ti2O7_139/CHGCAR: ok (24.3 s)
[148/500] /data/sai/new_charge/6000_data_aug13/Sr3IrN3_176/CHGCAR: ok (29.9 s)
[149/500] /data/sai/new_charge/6000_data_aug13/Sr3GaN3_176/CHGCAR: ok (32.3 s)
[150/500] /data/sai/new_charge/6000_data_aug13/Sr3Al3N5_2/CHGCAR: ok (41.0 s)
[151/500] /data/sai/new_charge/6000_data_aug13/Sr3RuN3_176/CHGCAR: ok (28.2 s)
[152/500] /data/sai/new_charge/6000_data_aug13/Sr4As2O_139/CHGCAR: ok (18.4 s)
[153/500] /data/sai/new_charge/6000_data_aug13/Sr2YOsO6_14/CHGCAR: ok (55.2 s)
[154/500] /data/sai/new_charge/6000_data_aug13/Sr3ZnIrO6_167/CHGCAR: ok (25.7 s)
[155/500] /data/sai/new_charge/6000_data_aug13/Sr4P2O_139/CHGCAR: ok (20.1 s)
[156/500] /data/sai/new_charge/6000_data_aug13/Sr2Cu(BrO)2_139/CHGCAR: ok (76.8 s)
[157/500] /data/sai/new_charge/6000_data_aug13/Sr2Cu(ClO)2_139/CHGCAR: ok (79.1 s)
[158/500] /data/sai/new_charge/6000_data_aug13/Sr4Sb2O_139/CHGCAR: ok (21.5 s)
[159/500] /data/sai/new_charge/6000_data_aug13/Sr3ReN3_176/CHGCAR: ok (39.4 s)
[160/500] /data/sai/new_charge/6000_data_aug13/SrAg5_191/CHGCAR: ok (9.6 s)
[161/500] /data/sai/new_charge/6000_data_aug13/SrAg2_74/CHGCAR: ok (13.0 s)
[162/500] /data/sai/new_charge/6000_data_aug13/SrAcZn2_225/CHGCAR: ok (14.6 s)
[163/500] /data/sai/new_charge/6000_data_aug13/SrAcHg2_225/CHGCAR: ok (15.0 s)
[164/500] /data/sai/new_charge/6000_data_aug13/Sr3(AlN2)2_52/CHGCAR: ok (61.2 s)
[165/500] /data/sai/new_charge/6000_data_aug13/SrAlGe_187/CHGCAR: ok (3.9 s)
[166/500] /data/sai/new_charge/6000_data_aug13/SrAcTl2_225/CHGCAR: ok (16.3 s)
[167/500] /data/sai/new_charge/6000_data_aug13/SrAgBi_194/CHGCAR: ok (12.9 s)
[168/500] /data/sai/new_charge/6000_data_aug13/SrAl4_139/CHGCAR: ok (8.2 s)
[169/500] /data/sai/new_charge/6000_data_aug13/SrAlSiH_156/CHGCAR: ok (5.8 s)
[170/500] /data/sai/new_charge/6000_data_aug13/SrAlSi_187/CHGCAR: ok (7.8 s)
[171/500] /data/sai/new_charge/6000_data_aug13/SrAgAs_194/CHGCAR: ok (18.7 s)
[172/500] /data/sai/new_charge/6000_data_aug13/SrAgP_194/CHGCAR: ok (16.1 s)
[173/500] /data/sai/new_charge/6000_data_aug13/SrAsPd_194/CHGCAR: ok (8.1 s)
[174/500] /data/sai/new_charge/6000_data_aug13/SrAsPt_194/CHGCAR: ok (10.4 s)
[175/500] /data/sai/new_charge/6000_data_aug13/SrAl2_74/CHGCAR: ok (18.0 s)
[176/500] /data/sai/new_charge/6000_data_aug13/SrBrF_129/CHGCAR: ok (7.3 s)
[177/500] /data/sai/new_charge/6000_data_aug13/SrB6_221/CHGCAR: ok (7.7 s)
[178/500] /data/sai/new_charge/6000_data_aug13/SrAu5_191/CHGCAR: ok (13.2 s)
[179/500] /data/sai/new_charge/6000_data_aug13/SrClF_129/CHGCAR: ok (6.5 s)
[180/500] /data/sai/new_charge/6000_data_aug13/Sr4Cu2O7_14/CHGCAR: ok (46.5 s)
[181/500] /data/sai/new_charge/6000_data_aug13/Sr3TaGa3(SiO7)2_150/CHGCAR: ok (58.6 s)
[182/500] /data/sai/new_charge/6000_data_aug13/SrCuO2_123/CHGCAR: ok (5.4 s)
[183/500] /data/sai/new_charge/6000_data_aug13/SrCl2_225/CHGCAR: ok (9.6 s)
[184/500] /data/sai/new_charge/6000_data_aug13/SrC2_15/CHGCAR: ok (13.0 s)
[185/500] /data/sai/new_charge/6000_data_aug13/SrCuAs_194/CHGCAR: ok (8.7 s)
[186/500] /data/sai/new_charge/6000_data_aug13/SrCuP_194/CHGCAR: ok (9.1 s)
[187/500] /data/sai/new_charge/6000_data_aug13/SrAl9Co2_191/CHGCAR: ok (25.1 s)
[188/500] /data/sai/new_charge/6000_data_aug13/Sr6Sn2NO_225/CHGCAR: ok (37.0 s)
[189/500] /data/sai/new_charge/6000_data_aug13/Sr4ZrN4_2/CHGCAR: ok (43.5 s)
[190/500] /data/sai/new_charge/6000_data_aug13/SrAl2O4_4/CHGCAR: ok (31.1 s)
[191/500] /data/sai/new_charge/6000_data_aug13/Sr6Sn2NF_225/CHGCAR: ok (39.4 s)
[192/500] /data/sai/new_charge/6000_data_aug13/Sr5(SiN3)2_15/CHGCAR: ok (43.8 s)
[193/500] /data/sai/new_charge/6000_data_aug13/Sr4TiN4_2/CHGCAR: ok (46.2 s)
[194/500] /data/sai/new_charge/6000_data_aug13/SrAs3_12/CHGCAR: ok (25.9 s)
[195/500] /data/sai/new_charge/6000_data_aug13/Sr4CN4_62/CHGCAR: ok (57.4 s)
[196/500] /data/sai/new_charge/6000_data_aug13/SrGa2_191/CHGCAR: ok (7.9 s)
[197/500] /data/sai/new_charge/6000_data_aug13/SrCuSb_194/CHGCAR: ok (10.4 s)
[198/500] /data/sai/new_charge/6000_data_aug13/SrGe2_164/CHGCAR: ok (5.3 s)
[199/500] /data/sai/new_charge/6000_data_aug13/SrGa4_139/CHGCAR: ok (11.0 s)
[200/500] /data/sai/new_charge/6000_data_aug13/SrCuSF_129/CHGCAR: ok (14.8 s)
[201/500] /data/sai/new_charge/6000_data_aug13/SrHg_221/CHGCAR: ok (5.3 s)
[202/500] /data/sai/new_charge/6000_data_aug13/SrHI_129/CHGCAR: ok (8.7 s)
[203/500] /data/sai/new_charge/6000_data_aug13/SrHCl_129/CHGCAR: ok (10.4 s)
[204/500] /data/sai/new_charge/6000_data_aug13/SrHClO_186/CHGCAR: ok (11.8 s)
[205/500] /data/sai/new_charge/6000_data_aug13/SrCuSn2_63/CHGCAR: ok (19.8 s)
[206/500] /data/sai/new_charge/6000_data_aug13/SrIF_129/CHGCAR: ok (9.9 s)
[207/500] /data/sai/new_charge/6000_data_aug13/SrGaCu2_166/CHGCAR: ok (17.7 s)
[208/500] /data/sai/new_charge/6000_data_aug13/SrCeN2_166/CHGCAR: ok (31.0 s)
[209/500] /data/sai/new_charge/6000_data_aug13/SrF2_225/CHGCAR: ok (21.6 s)
[210/500] /data/sai/new_charge/6000_data_aug13/Sr6Cu3N5_105/CHGCAR: ok (55.3 s)
[211/500] /data/sai/new_charge/6000_data_aug13/SrHfN2_129/CHGCAR: ok (14.1 s)
[212/500] /data/sai/new_charge/6000_data_aug13/SrH2_62/CHGCAR: ok (16.7 s)
[213/500] /data/sai/new_charge/6000_data_aug13/SrCO3_62/CHGCAR: ok (33.8 s)
[214/500] /data/sai/new_charge/6000_data_aug13/SrHgPb_186/CHGCAR: ok (15.7 s)
[215/500] /data/sai/new_charge/6000_data_aug13/SrGe3Pd_107/CHGCAR: ok (20.6 s)
[216/500] /data/sai/new_charge/6000_data_aug13/SrMg2N2_164/CHGCAR: ok (6.3 s)
[217/500] /data/sai/new_charge/6000_data_aug13/SrLi2Sn_225/CHGCAR: ok (9.7 s)
[218/500] /data/sai/new_charge/6000_data_aug13/SrGePt_198/CHGCAR: ok (25.1 s)
[219/500] /data/sai/new_charge/6000_data_aug13/SrLiP_194/CHGCAR: ok (9.1 s)
[220/500] /data/sai/new_charge/6000_data_aug13/SrIr2_227/CHGCAR: ok (13.0 s)
[221/500] /data/sai/new_charge/6000_data_aug13/SrLiN_131/CHGCAR: ok (10.7 s)
[222/500] /data/sai/new_charge/6000_data_aug13/SrN2_139/CHGCAR: ok (3.6 s)
[223/500] /data/sai/new_charge/6000_data_aug13/SrLi4N2_141/CHGCAR: ok (15.1 s)
[224/500] /data/sai/new_charge/6000_data_aug13/SrMgTl2_225/CHGCAR: ok (10.5 s)
[225/500] /data/sai/new_charge/6000_data_aug13/SrHfO3_62/CHGCAR: ok (27.3 s)
[226/500] /data/sai/new_charge/6000_data_aug13/SrIn2Pt_63/CHGCAR: ok (22.8 s)
[227/500] /data/sai/new_charge/6000_data_aug13/SrIn2Ir_63/CHGCAR: ok (26.1 s)
[228/500] /data/sai/new_charge/6000_data_aug13/SrInPt_62/CHGCAR: ok (20.9 s)
[229/500] /data/sai/new_charge/6000_data_aug13/SrO2_139/CHGCAR: ok (5.2 s)
[230/500] /data/sai/new_charge/6000_data_aug13/SrNiGe2_63/CHGCAR: ok (9.4 s)
[231/500] /data/sai/new_charge/6000_data_aug13/SrN_12/CHGCAR: ok (14.8 s)
[232/500] /data/sai/new_charge/6000_data_aug13/SrMgSi_62/CHGCAR: ok (21.4 s)
[233/500] /data/sai/new_charge/6000_data_aug13/SrIn2Pd_63/CHGCAR: ok (35.1 s)
[234/500] /data/sai/new_charge/6000_data_aug13/SrNi2Ge_194/CHGCAR: ok (15.4 s)
[235/500] /data/sai/new_charge/6000_data_aug13/SrI2_62/CHGCAR: ok (38.4 s)
[236/500] /data/sai/new_charge/6000_data_aug13/SrMgGe_62/CHGCAR: ok (26.0 s)
[237/500] /data/sai/new_charge/6000_data_aug13/SrNiSn3_107/CHGCAR: ok (13.5 s)
[238/500] /data/sai/new_charge/6000_data_aug13/SrNiSn2_63/CHGCAR: ok (14.7 s)
[239/500] /data/sai/new_charge/6000_data_aug13/SrIn4Pt_63/CHGCAR: ok (34.3 s)
[240/500] /data/sai/new_charge/6000_data_aug13/SrPd2_227/CHGCAR: ok (10.2 s)
[241/500] /data/sai/new_charge/6000_data_aug13/SrS_225/CHGCAR: ok (4.9 s)
[242/500] /data/sai/new_charge/6000_data_aug13/SrRhF6_166/CHGCAR: ok (7.3 s)
[243/500] /data/sai/new_charge/6000_data_aug13/SrEr2O4_62/CHGCAR: ok (57.3 s)
[244/500] /data/sai/new_charge/6000_data_aug13/SrO_225/CHGCAR: ok (20.7 s)
[245/500] /data/sai/new_charge/6000_data_aug13/SrMnN2_14/CHGCAR: ok (30.4 s)
[246/500] /data/sai/new_charge/6000_data_aug13/SrNi3Ge2_194/CHGCAR: ok (26.6 s)
[247/500] /data/sai/new_charge/6000_data_aug13/SrPd5_191/CHGCAR: ok (14.8 s)
[248/500] /data/sai/new_charge/6000_data_aug13/SrSbPt_187/CHGCAR: ok (7.5 s)
[249/500] /data/sai/new_charge/6000_data_aug13/SrPt5_191/CHGCAR: ok (13.3 s)
[250/500] /data/sai/new_charge/6000_data_aug13/SrSe_225/CHGCAR: ok (5.7 s)
[251/500] /data/sai/new_charge/6000_data_aug13/SrMgH4_36/CHGCAR: ok (39.4 s)
[252/500] /data/sai/new_charge/6000_data_aug13/SrNb2O4_57/CHGCAR: ok (33.0 s)
[253/500] /data/sai/new_charge/6000_data_aug13/SrP_189/CHGCAR: ok (25.1 s)
[254/500] /data/sai/new_charge/6000_data_aug13/SrPt2_227/CHGCAR: ok (17.2 s)
[255/500] /data/sai/new_charge/6000_data_aug13/SrPdF4_140/CHGCAR: ok (18.6 s)
[256/500] /data/sai/new_charge/6000_data_aug13/SrCuN_62/CHGCAR: ok (70.8 s)
[257/500] /data/sai/new_charge/6000_data_aug13/SrMg2_194/CHGCAR: ok (44.3 s)
[258/500] /data/sai/new_charge/6000_data_aug13/SrIn4Pd_63/CHGCAR: ok (49.3 s)
[259/500] /data/sai/new_charge/6000_data_aug13/SrPIr_198/CHGCAR: ok (28.5 s)
[260/500] /data/sai/new_charge/6000_data_aug13/SrSi_63/CHGCAR: ok (6.5 s)
[261/500] /data/sai/new_charge/6000_data_aug13/SrSb2_11/CHGCAR: ok (15.5 s)
[262/500] /data/sai/new_charge/6000_data_aug13/Sr5P3BrO12_176/CHGCAR: ok (102.9 s)
[263/500] /data/sai/new_charge/6000_data_aug13/SrSbSe2F_129/CHGCAR: ok (15.4 s)
[264/500] /data/sai/new_charge/6000_data_aug13/SrSnP_129/CHGCAR: ok (8.5 s)
[265/500] /data/sai/new_charge/6000_data_aug13/SrTl_221/CHGCAR: ok (6.4 s)
[266/500] /data/sai/new_charge/6000_data_aug13/SrTe_225/CHGCAR: ok (8.9 s)
[267/500] /data/sai/new_charge/6000_data_aug13/SrSn3Pd_107/CHGCAR: ok (14.1 s)
[268/500] /data/sai/new_charge/6000_data_aug13/SrTiO3_221/CHGCAR: ok (9.2 s)
[269/500] /data/sai/new_charge/6000_data_aug13/SrTiN2_129/CHGCAR: ok (10.3 s)
[270/500] /data/sai/new_charge/6000_data_aug13/SrSn_63/CHGCAR: ok (12.9 s)
[271/500] /data/sai/new_charge/6000_data_aug13/SrTiO3_140/CHGCAR: ok (12.4 s)
[272/500] /data/sai/new_charge/6000_data_aug13/SrTlHg2_225/CHGCAR: ok (11.8 s)
[273/500] /data/sai/new_charge/6000_data_aug13/SrRuO3_62/CHGCAR: ok (31.5 s)
[274/500] /data/sai/new_charge/6000_data_aug13/SrSnHg_186/CHGCAR: ok (17.4 s)
[275/500] /data/sai/new_charge/6000_data_aug13/SrPbO3_62/CHGCAR: ok (39.6 s)
[276/500] /data/sai/new_charge/6000_data_aug13/SrSnPt_62/CHGCAR: ok (17.0 s)
[277/500] /data/sai/new_charge/6000_data_aug13/SrTl2_194/CHGCAR: ok (15.2 s)
[278/500] /data/sai/new_charge/6000_data_aug13/SrSc2O4_62/CHGCAR: ok (29.8 s)
[279/500] /data/sai/new_charge/6000_data_aug13/SrZn2_74/CHGCAR: ok (11.9 s)
[280/500] /data/sai/new_charge/6000_data_aug13/Sr_194/CHGCAR: ok (5.9 s)
[281/500] /data/sai/new_charge/6000_data_aug13/SrSiPd_198/CHGCAR: ok (26.4 s)
[282/500] /data/sai/new_charge/6000_data_aug13/Ta2C_164/CHGCAR: ok (3.6 s)
[283/500] /data/sai/new_charge/6000_data_aug13/SrSi2_212/CHGCAR: ok (29.3 s)
[284/500] /data/sai/new_charge/6000_data_aug13/SrSiPt_198/CHGCAR: ok (27.3 s)
[285/500] /data/sai/new_charge/6000_data_aug13/Ta2CS2_164/CHGCAR: ok (5.0 s)
[286/500] /data/sai/new_charge/6000_data_aug13/Sr_229/CHGCAR: ok (8.1 s)
[287/500] /data/sai/new_charge/6000_data_aug13/SrSO4_62/CHGCAR: ok (40.0 s)
[288/500] /data/sai/new_charge/6000_data_aug13/Ta2H_21/CHGCAR: ok (2.8 s)
[289/500] /data/sai/new_charge/6000_data_aug13/SrSiN2_14/CHGCAR: ok (31.4 s)
[290/500] /data/sai/new_charge/6000_data_aug13/Ta2CrRu_225/CHGCAR: ok (6.0 s)
[291/500] /data/sai/new_charge/6000_data_aug13/SrZnSi_194/CHGCAR: ok (17.3 s)
[292/500] /data/sai/new_charge/6000_data_aug13/Ta2FeMo_225/CHGCAR: ok (6.5 s)
[293/500] /data/sai/new_charge/6000_data_aug13/SrUO4_166/CHGCAR: ok (22.3 s)
[294/500] /data/sai/new_charge/6000_data_aug13/SrSnO3_62/CHGCAR: ok (31.1 s)
[295/500] /data/sai/new_charge/6000_data_aug13/SrZnSn_194/CHGCAR: ok (18.0 s)
[296/500] /data/sai/new_charge/6000_data_aug13/SrTa2Bi2O9_36/CHGCAR: ok (30.3 s)
[297/500] /data/sai/new_charge/6000_data_aug13/Ta2NbIr_225/CHGCAR: ok (7.8 s)
[298/500] /data/sai/new_charge/6000_data_aug13/Ta2Co_140/CHGCAR: ok (10.9 s)
[299/500] /data/sai/new_charge/6000_data_aug13/Ta2MoOs_225/CHGCAR: ok (9.8 s)
[300/500] /data/sai/new_charge/6000_data_aug13/Sr_225/CHGCAR: ok (18.0 s)
[301/500] /data/sai/new_charge/6000_data_aug13/Ta2Ni_140/CHGCAR: ok (8.9 s)
[302/500] /data/sai/new_charge/6000_data_aug13/Ta2MoRu_225/CHGCAR: ok (11.6 s)
[303/500] /data/sai/new_charge/6000_data_aug13/Ta2NbOs_225/CHGCAR: ok (11.3 s)
[304/500] /data/sai/new_charge/6000_data_aug13/SrZnO2_62/CHGCAR: ok (26.0 s)
[305/500] /data/sai/new_charge/6000_data_aug13/Ta2NbRu_225/CHGCAR: ok (11.5 s)
[306/500] /data/sai/new_charge/6000_data_aug13/Ta2OsW_225/CHGCAR: ok (8.6 s)
[307/500] /data/sai/new_charge/6000_data_aug13/Ta2Be_140/CHGCAR: ok (21.9 s)
[308/500] /data/sai/new_charge/6000_data_aug13/SrZn_62/CHGCAR: ok (26.1 s)
[309/500] /data/sai/new_charge/6000_data_aug13/Ta2ReMo_225/CHGCAR: ok (9.4 s)
[310/500] /data/sai/new_charge/6000_data_aug13/Ta2TcMo_225/CHGCAR: ok (7.9 s)
[311/500] /data/sai/new_charge/6000_data_aug13/Ta2VOs_225/CHGCAR: ok (8.3 s)
[312/500] /data/sai/new_charge/6000_data_aug13/Ta2VRu_225/CHGCAR: ok (8.4 s)
[313/500] /data/sai/new_charge/6000_data_aug13/Ta2PdSe6_12/CHGCAR: ok (13.2 s)
[314/500] /data/sai/new_charge/6000_data_aug13/Ta3B4_71/CHGCAR: ok (8.6 s)
[315/500] /data/sai/new_charge/6000_data_aug13/Ta3Ru_225/CHGCAR: ok (7.4 s)
[316/500] /data/sai/new_charge/6000_data_aug13/Ta2PdS6_12/CHGCAR: ok (15.4 s)
[317/500] /data/sai/new_charge/6000_data_aug13/Ta2Se_129/CHGCAR: ok (14.6 s)
[318/500] /data/sai/new_charge/6000_data_aug13/Ta3Au_223/CHGCAR: ok (11.5 s)
[319/500] /data/sai/new_charge/6000_data_aug13/SrZrO3_62/CHGCAR: ok (32.7 s)
[320/500] /data/sai/new_charge/6000_data_aug13/Ta2Si_140/CHGCAR: ok (16.3 s)
[321/500] /data/sai/new_charge/6000_data_aug13/Ta3Sb_223/CHGCAR: ok (12.1 s)
[322/500] /data/sai/new_charge/6000_data_aug13/Ta3O7F_65/CHGCAR: ok (13.1 s)
[323/500] /data/sai/new_charge/6000_data_aug13/Ta3TiB4_25/CHGCAR: ok (9.2 s)
[324/500] /data/sai/new_charge/6000_data_aug13/Ta2Cd2O7_227/CHGCAR: ok (29.6 s)
[325/500] /data/sai/new_charge/6000_data_aug13/Ta5B6_65/CHGCAR: ok (9.0 s)
[326/500] /data/sai/new_charge/6000_data_aug13/TaAlFe2_225/CHGCAR: ok (5.7 s)
[327/500] /data/sai/new_charge/6000_data_aug13/Ta(ICl)2_71/CHGCAR: ok (33.5 s)
[328/500] /data/sai/new_charge/6000_data_aug13/TaAlOs2_225/CHGCAR: ok (5.6 s)
[329/500] /data/sai/new_charge/6000_data_aug13/Ta3Sn_223/CHGCAR: ok (12.2 s)
[330/500] /data/sai/new_charge/6000_data_aug13/TaB2_191/CHGCAR: ok (3.4 s)
[331/500] /data/sai/new_charge/6000_data_aug13/TaAs_109/CHGCAR: ok (4.6 s)
[332/500] /data/sai/new_charge/6000_data_aug13/TaB_63/CHGCAR: ok (3.5 s)
[333/500] /data/sai/new_charge/6000_data_aug13/TaAl3_139/CHGCAR: ok (11.2 s)
[334/500] /data/sai/new_charge/6000_data_aug13/TaB2Mo_38/CHGCAR: ok (5.9 s)
[335/500] /data/sai/new_charge/6000_data_aug13/TaAs2_12/CHGCAR: ok (7.7 s)
[336/500] /data/sai/new_charge/6000_data_aug13/TaAlRu2_225/CHGCAR: ok (9.4 s)
[337/500] /data/sai/new_charge/6000_data_aug13/Ta3N5_63/CHGCAR: ok (19.6 s)
[338/500] /data/sai/new_charge/6000_data_aug13/Ta3AlC2_194/CHGCAR: ok (22.0 s)
[339/500] /data/sai/new_charge/6000_data_aug13/TaCo3_221/CHGCAR: ok (3.5 s)
[340/500] /data/sai/new_charge/6000_data_aug13/TaBeRu2_225/CHGCAR: ok (9.1 s)
[341/500] /data/sai/new_charge/6000_data_aug13/Ta2O5_15/CHGCAR: ok (35.4 s)
[342/500] /data/sai/new_charge/6000_data_aug13/TaAgS3_63/CHGCAR: ok (18.5 s)
[343/500] /data/sai/new_charge/6000_data_aug13/TaC_225/CHGCAR: ok (10.9 s)
[344/500] /data/sai/new_charge/6000_data_aug13/Sn(BiTe2)2_166/CHGCAR: ok (292.3 s)
[345/500] /data/sai/new_charge/6000_data_aug13/TaCu3S4_215/CHGCAR: ok (9.8 s)
[346/500] /data/sai/new_charge/6000_data_aug13/TaCu3Se4_215/CHGCAR: ok (9.9 s)
[347/500] /data/sai/new_charge/6000_data_aug13/TaFeP_62/CHGCAR: ok (10.3 s)
[348/500] /data/sai/new_charge/6000_data_aug13/TaGaFe2_225/CHGCAR: ok (5.1 s)
[349/500] /data/sai/new_charge/6000_data_aug13/TaGaCo2_225/CHGCAR: ok (6.6 s)
[350/500] /data/sai/new_charge/6000_data_aug13/TaH2_225/CHGCAR: ok (3.1 s)
[351/500] /data/sai/new_charge/6000_data_aug13/TaFeRu2_225/CHGCAR: ok (8.4 s)
[352/500] /data/sai/new_charge/6000_data_aug13/TaGa3_139/CHGCAR: ok (7.6 s)
[353/500] /data/sai/new_charge/6000_data_aug13/TaBe12_139/CHGCAR: ok (18.6 s)
[354/500] /data/sai/new_charge/6000_data_aug13/SrZnCl4_88/CHGCAR: ok (60.6 s)
[355/500] /data/sai/new_charge/6000_data_aug13/TaIr3_221/CHGCAR: ok (5.4 s)
[356/500] /data/sai/new_charge/6000_data_aug13/TaCr2_194/CHGCAR: ok (17.6 s)
[357/500] /data/sai/new_charge/6000_data_aug13/TaCoSb_216/CHGCAR: ok (18.6 s)
[358/500] /data/sai/new_charge/6000_data_aug13/TaGaOs2_225/CHGCAR: ok (8.3 s)
[359/500] /data/sai/new_charge/6000_data_aug13/TaMn2Al_225/CHGCAR: ok (6.8 s)
[360/500] /data/sai/new_charge/6000_data_aug13/TaAlCo2_225/CHGCAR: ok (31.9 s)
[361/500] /data/sai/new_charge/6000_data_aug13/TaN_189/CHGCAR: ok (8.0 s)
[362/500] /data/sai/new_charge/6000_data_aug13/TaPd_129/CHGCAR: ok (4.7 s)
[363/500] /data/sai/new_charge/6000_data_aug13/TaPd2_71/CHGCAR: ok (6.2 s)
[364/500] /data/sai/new_charge/6000_data_aug13/TaFe2_194/CHGCAR: ok (21.9 s)
[365/500] /data/sai/new_charge/6000_data_aug13/TaBe2_227/CHGCAR: ok (29.4 s)
[366/500] /data/sai/new_charge/6000_data_aug13/Ta5Sb4_87/CHGCAR: ok (38.2 s)
[367/500] /data/sai/new_charge/6000_data_aug13/TaCu3Te4_215/CHGCAR: ok (24.8 s)
[368/500] /data/sai/new_charge/6000_data_aug13/TaRu_123/CHGCAR: ok (4.6 s)
[369/500] /data/sai/new_charge/6000_data_aug13/TaRh3_221/CHGCAR: ok (6.6 s)
[370/500] /data/sai/new_charge/6000_data_aug13/TaNbTc2_225/CHGCAR: ok (13.5 s)
[371/500] /data/sai/new_charge/6000_data_aug13/TaPt3_59/CHGCAR: ok (9.2 s)
[372/500] /data/sai/new_charge/6000_data_aug13/TaCo2_227/CHGCAR: ok (31.8 s)
[373/500] /data/sai/new_charge/6000_data_aug13/TaNO_14/CHGCAR: ok (15.7 s)
[374/500] /data/sai/new_charge/6000_data_aug13/TaIr_51/CHGCAR: ok (18.0 s)
[375/500] /data/sai/new_charge/6000_data_aug13/TaTc_221/CHGCAR: ok (2.4 s)
[376/500] /data/sai/new_charge/6000_data_aug13/TaSbRu_216/CHGCAR: ok (8.3 s)
[377/500] /data/sai/new_charge/6000_data_aug13/Ta4MnS8_194/CHGCAR: ok (45.1 s)
[378/500] /data/sai/new_charge/6000_data_aug13/TaPd3_139/CHGCAR: ok (15.3 s)
[379/500] /data/sai/new_charge/6000_data_aug13/Ta2P_58/CHGCAR: ok (59.3 s)
[380/500] /data/sai/new_charge/6000_data_aug13/TaMn2_194/CHGCAR: ok (19.9 s)
[381/500] /data/sai/new_charge/6000_data_aug13/TaNiGe_62/CHGCAR: ok (17.6 s)
[382/500] /data/sai/new_charge/6000_data_aug13/TaNi2Te3_11/CHGCAR: ok (20.6 s)
[383/500] /data/sai/new_charge/6000_data_aug13/Ta5Si3_140/CHGCAR: ok (49.4 s)
[384/500] /data/sai/new_charge/6000_data_aug13/TaTiMn2_225/CHGCAR: ok (6.4 s)
[385/500] /data/sai/new_charge/6000_data_aug13/TaPt2_63/CHGCAR: ok (19.3 s)
[386/500] /data/sai/new_charge/6000_data_aug13/TaTiRu2_225/CHGCAR: ok (5.9 s)
[387/500] /data/sai/new_charge/6000_data_aug13/TaTiB4_191/CHGCAR: ok (7.8 s)
[388/500] /data/sai/new_charge/6000_data_aug13/TaCuS3_62/CHGCAR: ok (37.1 s)
[389/500] /data/sai/new_charge/6000_data_aug13/TaS2_160/CHGCAR: ok (16.3 s)
[390/500] /data/sai/new_charge/6000_data_aug13/TaTiTc2_225/CHGCAR: ok (6.3 s)
[391/500] /data/sai/new_charge/6000_data_aug13/TaTiOs2_225/CHGCAR: ok (9.2 s)
[392/500] /data/sai/new_charge/6000_data_aug13/TaZnCo2_225/CHGCAR: ok (4.2 s)
[393/500] /data/sai/new_charge/6000_data_aug13/Ta_229/CHGCAR: ok (2.9 s)
[394/500] /data/sai/new_charge/6000_data_aug13/TaSi2_180/CHGCAR: ok (15.8 s)
[395/500] /data/sai/new_charge/6000_data_aug13/TaCo3_166/CHGCAR: ok (44.8 s)
[396/500] /data/sai/new_charge/6000_data_aug13/TaSiIr_62/CHGCAR: ok (15.3 s)
[397/500] /data/sai/new_charge/6000_data_aug13/TaZnRu2_225/CHGCAR: ok (5.2 s)
[398/500] /data/sai/new_charge/6000_data_aug13/TaSiRh_62/CHGCAR: ok (14.9 s)
[399/500] /data/sai/new_charge/6000_data_aug13/TaSi2_181/CHGCAR: ok (16.1 s)
[400/500] /data/sai/new_charge/6000_data_aug13/Tb(CoGe)2_139/CHGCAR: ok (5.3 s)
[401/500] /data/sai/new_charge/6000_data_aug13/TaTiRe2_225/CHGCAR: ok (11.6 s)
[402/500] /data/sai/new_charge/6000_data_aug13/TaW3_225/CHGCAR: ok (10.7 s)
[403/500] /data/sai/new_charge/6000_data_aug13/Tb(FeSi)2_139/CHGCAR: ok (6.3 s)
[404/500] /data/sai/new_charge/6000_data_aug13/Tb(CoSi)2_139/CHGCAR: ok (8.6 s)
[405/500] /data/sai/new_charge/6000_data_aug13/TaSb2_12/CHGCAR: ok (24.4 s)
[406/500] /data/sai/new_charge/6000_data_aug13/Tb(SiNi)2_139/CHGCAR: ok (8.7 s)
[407/500] /data/sai/new_charge/6000_data_aug13/TbAs_225/CHGCAR: ok (5.6 s)
[408/500] /data/sai/new_charge/6000_data_aug13/Tb2TeO2_139/CHGCAR: ok (6.3 s)
[409/500] /data/sai/new_charge/6000_data_aug13/TbC2_139/CHGCAR: ok (3.7 s)
[410/500] /data/sai/new_charge/6000_data_aug13/Tb2Al3Si2_12/CHGCAR: ok (10.1 s)
[411/500] /data/sai/new_charge/6000_data_aug13/Tb(FeB)2_139/CHGCAR: ok (10.8 s)
[412/500] /data/sai/new_charge/6000_data_aug13/Tb(MnGe)2_139/CHGCAR: ok (11.3 s)
[413/500] /data/sai/new_charge/6000_data_aug13/TbCd_221/CHGCAR: ok (4.1 s)
[414/500] /data/sai/new_charge/6000_data_aug13/Tb3AlC_221/CHGCAR: ok (8.9 s)
[415/500] /data/sai/new_charge/6000_data_aug13/Tb2B4C_71/CHGCAR: ok (12.1 s)
[416/500] /data/sai/new_charge/6000_data_aug13/TbCoC2_38/CHGCAR: ok (5.2 s)
[417/500] /data/sai/new_charge/6000_data_aug13/TbCu_221/CHGCAR: ok (4.2 s)
[418/500] /data/sai/new_charge/6000_data_aug13/Tb2Cr2C3_12/CHGCAR: ok (13.2 s)
[419/500] /data/sai/new_charge/6000_data_aug13/TbCu5_191/CHGCAR: ok (5.6 s)
[420/500] /data/sai/new_charge/6000_data_aug13/TbB2Ru3_191/CHGCAR: ok (11.7 s)
[421/500] /data/sai/new_charge/6000_data_aug13/TaSe3_11/CHGCAR: ok (30.4 s)
[422/500] /data/sai/new_charge/6000_data_aug13/TbCo2_227/CHGCAR: ok (8.8 s)
[423/500] /data/sai/new_charge/6000_data_aug13/Tb2ZnNi2_71/CHGCAR: ok (13.6 s)
[424/500] /data/sai/new_charge/6000_data_aug13/TbGe_63/CHGCAR: ok (7.1 s)
[425/500] /data/sai/new_charge/6000_data_aug13/Tb2Ti2S2O5_139/CHGCAR: ok (16.7 s)
[426/500] /data/sai/new_charge/6000_data_aug13/TbMg_221/CHGCAR: ok (5.2 s)
[427/500] /data/sai/new_charge/6000_data_aug13/Tb2Fe2Si2C_12/CHGCAR: ok (19.0 s)
[428/500] /data/sai/new_charge/6000_data_aug13/TbN_225/CHGCAR: ok (6.2 s)
[429/500] /data/sai/new_charge/6000_data_aug13/TaTe5Pt_63/CHGCAR: ok (31.5 s)
[430/500] /data/sai/new_charge/6000_data_aug13/TbMgRh2_225/CHGCAR: ok (8.9 s)
[431/500] /data/sai/new_charge/6000_data_aug13/TbMnSi_129/CHGCAR: ok (8.4 s)
[432/500] /data/sai/new_charge/6000_data_aug13/TbGa2Co3_191/CHGCAR: ok (12.9 s)
[433/500] /data/sai/new_charge/6000_data_aug13/TbF3_62/CHGCAR: ok (14.8 s)
[434/500] /data/sai/new_charge/6000_data_aug13/TbCoSi2_63/CHGCAR: ok (16.5 s)
[435/500] /data/sai/new_charge/6000_data_aug13/TbNi5_191/CHGCAR: ok (6.6 s)
[436/500] /data/sai/new_charge/6000_data_aug13/TbS_225/CHGCAR: ok (3.4 s)
[437/500] /data/sai/new_charge/6000_data_aug13/TbP_225/CHGCAR: ok (5.8 s)
[438/500] /data/sai/new_charge/6000_data_aug13/TbFe2_227/CHGCAR: ok (17.0 s)
[439/500] /data/sai/new_charge/6000_data_aug13/TbTl_221/CHGCAR: ok (3.0 s)
[440/500] /data/sai/new_charge/6000_data_aug13/TaV2_227/CHGCAR: ok (38.3 s)
[441/500] /data/sai/new_charge/6000_data_aug13/TbNiSb_216/CHGCAR: ok (11.6 s)
[442/500] /data/sai/new_charge/6000_data_aug13/Tc3N_187/CHGCAR: ok (3.4 s)
[443/500] /data/sai/new_charge/6000_data_aug13/TbNi2B2C_139/CHGCAR: ok (15.2 s)
[444/500] /data/sai/new_charge/6000_data_aug13/TbInCu4_216/CHGCAR: ok (19.6 s)
[445/500] /data/sai/new_charge/6000_data_aug13/TaZn2_194/CHGCAR: ok (37.8 s)
[446/500] /data/sai/new_charge/6000_data_aug13/TbZn_221/CHGCAR: ok (5.3 s)
[447/500] /data/sai/new_charge/6000_data_aug13/Tb_194/CHGCAR: ok (7.0 s)
[448/500] /data/sai/new_charge/6000_data_aug13/TbSF_129/CHGCAR: ok (11.9 s)
[449/500] /data/sai/new_charge/6000_data_aug13/TbNi2_227/CHGCAR: ok (18.5 s)
[450/500] /data/sai/new_charge/6000_data_aug13/TbNiGe2_63/CHGCAR: ok (15.5 s)
[451/500] /data/sai/new_charge/6000_data_aug13/TbTiGe_129/CHGCAR: ok (11.3 s)
[452/500] /data/sai/new_charge/6000_data_aug13/TbInCu_189/CHGCAR: ok (22.0 s)
[453/500] /data/sai/new_charge/6000_data_aug13/TbZn2_74/CHGCAR: ok (9.1 s)
[454/500] /data/sai/new_charge/6000_data_aug13/TbScGe_139/CHGCAR: ok (12.5 s)
[455/500] /data/sai/new_charge/6000_data_aug13/TbNbO4_15/CHGCAR: ok (21.7 s)
[456/500] /data/sai/new_charge/6000_data_aug13/TcRu_187/CHGCAR: ok (3.0 s)
[457/500] /data/sai/new_charge/6000_data_aug13/Tc_194/CHGCAR: ok (2.8 s)
[458/500] /data/sai/new_charge/6000_data_aug13/TcB2_194/CHGCAR: ok (7.4 s)
[459/500] /data/sai/new_charge/6000_data_aug13/Tc3Pd_194/CHGCAR: ok (8.4 s)
[460/500] /data/sai/new_charge/6000_data_aug13/Tc3Pt_194/CHGCAR: ok (8.7 s)
[461/500] /data/sai/new_charge/6000_data_aug13/TaTe4Ir_31/CHGCAR: ok (51.5 s)
[462/500] /data/sai/new_charge/6000_data_aug13/TbZnNi_189/CHGCAR: ok (14.4 s)
[463/500] /data/sai/new_charge/6000_data_aug13/TbTmHg2_225/CHGCAR: ok (16.9 s)
[464/500] /data/sai/new_charge/6000_data_aug13/Tc3Ru_194/CHGCAR: ok (11.8 s)
[465/500] /data/sai/new_charge/6000_data_aug13/Tc3Os_194/CHGCAR: ok (12.9 s)
[466/500] /data/sai/new_charge/6000_data_aug13/Tc3Ni_194/CHGCAR: ok (13.1 s)
[467/500] /data/sai/new_charge/6000_data_aug13/Ta_136/CHGCAR: ok (47.7 s)
[468/500] /data/sai/new_charge/6000_data_aug13/Te2Pt_164/CHGCAR: ok (5.6 s)
[469/500] /data/sai/new_charge/6000_data_aug13/TcPt3_139/CHGCAR: ok (10.9 s)
[470/500] /data/sai/new_charge/6000_data_aug13/TcOs3_194/CHGCAR: ok (12.1 s)
[471/500] /data/sai/new_charge/6000_data_aug13/TcRu3_194/CHGCAR: ok (12.5 s)
[472/500] /data/sai/new_charge/6000_data_aug13/TcO2_14/CHGCAR: ok (15.7 s)
[473/500] /data/sai/new_charge/6000_data_aug13/TbGe2Pt_71/CHGCAR: ok (38.9 s)
[474/500] /data/sai/new_charge/6000_data_aug13/Te2O5_4/CHGCAR: ok (14.1 s)
[475/500] /data/sai/new_charge/6000_data_aug13/Ta3SiTe6_62/CHGCAR: ok (104.2 s)
[476/500] /data/sai/new_charge/6000_data_aug13/Tb2Sn2O7_227/CHGCAR: ok (49.7 s)
[477/500] /data/sai/new_charge/6000_data_aug13/Te4Pt3_166/CHGCAR: ok (10.9 s)
[478/500] /data/sai/new_charge/6000_data_aug13/Te2Pd3_63/CHGCAR: ok (16.5 s)
[479/500] /data/sai/new_charge/6000_data_aug13/Te_152/CHGCAR: ok (9.7 s)
[480/500] /data/sai/new_charge/6000_data_aug13/TbRhO3_62/CHGCAR: ok (33.3 s)
[481/500] /data/sai/new_charge/6000_data_aug13/Te_154/CHGCAR: ok (10.1 s)
[482/500] /data/sai/new_charge/6000_data_aug13/Th(FeSi)2_139/CHGCAR: ok (6.9 s)
[483/500] /data/sai/new_charge/6000_data_aug13/Te3As2_12/CHGCAR: ok (17.0 s)
[484/500] /data/sai/new_charge/6000_data_aug13/Th(CuSi)2_139/CHGCAR: ok (10.2 s)
[485/500] /data/sai/new_charge/6000_data_aug13/Th(CoGe)2_139/CHGCAR: ok (10.9 s)
[486/500] /data/sai/new_charge/6000_data_aug13/TcS2_2/CHGCAR: ok (23.1 s)
[487/500] /data/sai/new_charge/6000_data_aug13/TeO2_19/CHGCAR: ok (15.3 s)
[488/500] /data/sai/new_charge/6000_data_aug13/Te2Os_205/CHGCAR: ok (22.4 s)
[489/500] /data/sai/new_charge/6000_data_aug13/Th(GeRh)2_139/CHGCAR: ok (10.0 s)
[490/500] /data/sai/new_charge/6000_data_aug13/TePdI2_2/CHGCAR: ok (17.8 s)
[491/500] /data/sai/new_charge/6000_data_aug13/Te2W_31/CHGCAR: ok (23.9 s)
[492/500] /data/sai/new_charge/6000_data_aug13/TeF4_19/CHGCAR: ok (21.7 s)
[493/500] /data/sai/new_charge/6000_data_aug13/Te4Mo3_148/CHGCAR: ok (23.3 s)
[494/500] /data/sai/new_charge/6000_data_aug13/Te2Pd3Pb2_59/CHGCAR: ok (27.3 s)
[495/500] /data/sai/new_charge/6000_data_aug13/TePdI_131/CHGCAR: ok (21.9 s)
[496/500] /data/sai/new_charge/6000_data_aug13/Te(HO)6_14/CHGCAR: ok (32.5 s)
[497/500] /data/sai/new_charge/6000_data_aug13/Th(FeGe)2_139/CHGCAR: ok (20.8 s)
[498/500] /data/sai/new_charge/6000_data_aug13/Th(MnGe)2_139/CHGCAR: ok (19.4 s)
[499/500] /data/sai/new_charge/6000_data_aug13/TeO2_61/CHGCAR: ok (27.0 s)
[500/500] /data/sai/new_charge/6000_data_aug13/TeO3_167/CHGCAR: ok (28.1 s)
chunk 9: 500 rows, 0 errors, 88.8 min elapsed
[1/500] /data/sai/new_charge/6000_data_aug13/ThAs_225/CHGCAR: ok (6.2 s)
[2/500] /data/sai/new_charge/6000_data_aug13/ThAg2_191/CHGCAR: ok (7.1 s)
[3/500] /data/sai/new_charge/6000_data_aug13/ThB2Ir3_191/CHGCAR: ok (7.5 s)
[4/500] /data/sai/new_charge/6000_data_aug13/Th(SiRu)2_139/CHGCAR: ok (9.1 s)
[5/500] /data/sai/new_charge/6000_data_aug13/ThB6_221/CHGCAR: ok (9.7 s)
[6/500] /data/sai/new_charge/6000_data_aug13/Th2MnN3_71/CHGCAR: ok (9.6 s)
[7/500] /data/sai/new_charge/6000_data_aug13/ThC_225/CHGCAR: ok (2.7 s)
[8/500] /data/sai/new_charge/6000_data_aug13/ThB2Ru3_191/CHGCAR: ok (11.0 s)
[9/500] /data/sai/new_charge/6000_data_aug13/Th2TeN2_139/CHGCAR: ok (11.8 s)
[10/500] /data/sai/new_charge/6000_data_aug13/Th(MnSi)2_139/CHGCAR: ok (11.9 s)
[11/500] /data/sai/new_charge/6000_data_aug13/Th(SiOs)2_139/CHGCAR: ok (11.9 s)
[12/500] /data/sai/new_charge/6000_data_aug13/ThAl3Ni2_191/CHGCAR: ok (12.9 s)
[13/500] /data/sai/new_charge/6000_data_aug13/Th2BiTe_225/CHGCAR: ok (12.8 s)
[14/500] /data/sai/new_charge/6000_data_aug13/Th(SiAu)2_139/CHGCAR: ok (13.0 s)
[15/500] /data/sai/new_charge/6000_data_aug13/ThB2C_166/CHGCAR: ok (14.7 s)
[16/500] /data/sai/new_charge/6000_data_aug13/ThCoC2_38/CHGCAR: ok (4.5 s)
[17/500] /data/sai/new_charge/6000_data_aug13/ThBrN_129/CHGCAR: ok (8.4 s)
[18/500] /data/sai/new_charge/6000_data_aug13/ThAl3_194/CHGCAR: ok (14.4 s)
[19/500] /data/sai/new_charge/6000_data_aug13/ThCd2_191/CHGCAR: ok (8.3 s)
[20/500] /data/sai/new_charge/6000_data_aug13/Th2Ge_140/CHGCAR: ok (16.6 s)
[21/500] /data/sai/new_charge/6000_data_aug13/ThGe_225/CHGCAR: ok (5.7 s)
[22/500] /data/sai/new_charge/6000_data_aug13/ThBiTe_129/CHGCAR: ok (17.9 s)
[23/500] /data/sai/new_charge/6000_data_aug13/ThCu2_191/CHGCAR: ok (7.4 s)
[24/500] /data/sai/new_charge/6000_data_aug13/ThN_225/CHGCAR: ok (4.2 s)
[25/500] /data/sai/new_charge/6000_data_aug13/ThCo_63/CHGCAR: ok (9.4 s)
[26/500] /data/sai/new_charge/6000_data_aug13/Th2Ga_140/CHGCAR: ok (20.3 s)
[27/500] /data/sai/new_charge/6000_data_aug13/ThBi2_129/CHGCAR: ok (20.6 s)
[28/500] /data/sai/new_charge/6000_data_aug13/ThIn3_221/CHGCAR: ok (8.8 s)
[29/500] /data/sai/new_charge/6000_data_aug13/ThIN_129/CHGCAR: ok (9.2 s)
[30/500] /data/sai/new_charge/6000_data_aug13/ThCdAg2_225/CHGCAR: ok (14.6 s)
[31/500] /data/sai/new_charge/6000_data_aug13/Th3Ge2_127/CHGCAR: ok (24.1 s)
[32/500] /data/sai/new_charge/6000_data_aug13/ThRh3_221/CHGCAR: ok (5.4 s)
[33/500] /data/sai/new_charge/6000_data_aug13/ThNiSn_216/CHGCAR: ok (7.4 s)
[34/500] /data/sai/new_charge/6000_data_aug13/ThO2_225/CHGCAR: ok (7.9 s)
[35/500] /data/sai/new_charge/6000_data_aug13/ThFe5_191/CHGCAR: ok (14.3 s)
[36/500] /data/sai/new_charge/6000_data_aug13/ThGe2_65/CHGCAR: ok (14.8 s)
[37/500] /data/sai/new_charge/6000_data_aug13/ThS_225/CHGCAR: ok (4.1 s)
[38/500] /data/sai/new_charge/6000_data_aug13/ThNi5_191/CHGCAR: ok (11.7 s)
[39/500] /data/sai/new_charge/6000_data_aug13/ThPb3_221/CHGCAR: ok (9.7 s)
[40/500] /data/sai/new_charge/6000_data_aug13/ThHg2_194/CHGCAR: ok (17.1 s)
[41/500] /data/sai/new_charge/6000_data_aug13/ThRu3C_221/CHGCAR: ok (10.3 s)
[42/500] /data/sai/new_charge/6000_data_aug13/ThSe_225/CHGCAR: ok (5.1 s)
[43/500] /data/sai/new_charge/6000_data_aug13/ThSO_129/CHGCAR: ok (10.3 s)
[44/500] /data/sai/new_charge/6000_data_aug13/ThIr2_227/CHGCAR: ok (16.5 s)
[45/500] /data/sai/new_charge/6000_data_aug13/ThSb_225/CHGCAR: ok (9.0 s)
[46/500] /data/sai/new_charge/6000_data_aug13/ThSi2_191/CHGCAR: ok (7.1 s)
[47/500] /data/sai/new_charge/6000_data_aug13/ThSbRh_216/CHGCAR: ok (9.8 s)
[48/500] /data/sai/new_charge/6000_data_aug13/ThSiAu_187/CHGCAR: ok (7.1 s)
[49/500] /data/sai/new_charge/6000_data_aug13/ThSb2_129/CHGCAR: ok (12.0 s)
[50/500] /data/sai/new_charge/6000_data_aug13/ThSnPt_216/CHGCAR: ok (8.8 s)
[51/500] /data/sai/new_charge/6000_data_aug13/Ti2AlC_194/CHGCAR: ok (10.1 s)
[52/500] /data/sai/new_charge/6000_data_aug13/ThTeO_129/CHGCAR: ok (12.1 s)
[53/500] /data/sai/new_charge/6000_data_aug13/ThBe13_226/CHGCAR: ok (40.9 s)
[54/500] /data/sai/new_charge/6000_data_aug13/Ti2AlTc_225/CHGCAR: ok (8.9 s)
[55/500] /data/sai/new_charge/6000_data_aug13/ThTl3_221/CHGCAR: ok (12.7 s)
[56/500] /data/sai/new_charge/6000_data_aug13/ThPt3_194/CHGCAR: ok (23.4 s)
[57/500] /data/sai/new_charge/6000_data_aug13/ThSi2Ni_63/CHGCAR: ok (16.6 s)
[58/500] /data/sai/new_charge/6000_data_aug13/Ti2AlRe_225/CHGCAR: ok (9.6 s)
[59/500] /data/sai/new_charge/6000_data_aug13/ThCl4_88/CHGCAR: ok (33.7 s)
[60/500] /data/sai/new_charge/6000_data_aug13/Ti2CS_194/CHGCAR: ok (8.8 s)
[61/500] /data/sai/new_charge/6000_data_aug13/Ti2AlMo_225/CHGCAR: ok (13.3 s)
[62/500] /data/sai/new_charge/6000_data_aug13/Ti2AlN_194/CHGCAR: ok (14.7 s)
[63/500] /data/sai/new_charge/6000_data_aug13/Th3P4_220/CHGCAR: ok (46.0 s)
[64/500] /data/sai/new_charge/6000_data_aug13/ThSe2_62/CHGCAR: ok (22.5 s)
[65/500] /data/sai/new_charge/6000_data_aug13/Ti2CoIr_225/CHGCAR: ok (5.9 s)
[66/500] /data/sai/new_charge/6000_data_aug13/Ti(CuS)4_121/CHGCAR: ok (18.2 s)
[67/500] /data/sai/new_charge/6000_data_aug13/ThS2_62/CHGCAR: ok (27.9 s)
[68/500] /data/sai/new_charge/6000_data_aug13/Ti2CdC_194/CHGCAR: ok (8.5 s)
[69/500] /data/sai/new_charge/6000_data_aug13/Ti2CoTc_225/CHGCAR: ok (7.5 s)
[70/500] /data/sai/new_charge/6000_data_aug13/Ti2CrIr_225/CHGCAR: ok (8.8 s)
[71/500] /data/sai/new_charge/6000_data_aug13/Ti2Cu_139/CHGCAR: ok (7.7 s)
[72/500] /data/sai/new_charge/6000_data_aug13/Ti2BRh6_225/CHGCAR: ok (19.3 s)
[73/500] /data/sai/new_charge/6000_data_aug13/Ti2CuSb3_115/CHGCAR: ok (9.9 s)
[74/500] /data/sai/new_charge/6000_data_aug13/Th2S5_60/CHGCAR: ok (51.9 s)
[75/500] /data/sai/new_charge/6000_data_aug13/Ti2FeIr_225/CHGCAR: ok (9.8 s)
[76/500] /data/sai/new_charge/6000_data_aug13/Ti2MnCo_225/CHGCAR: ok (4.8 s)
[77/500] /data/sai/new_charge/6000_data_aug13/Ti2Cd_139/CHGCAR: ok (13.7 s)
[78/500] /data/sai/new_charge/6000_data_aug13/Ti2Be17_166/CHGCAR: ok (21.1 s)
[79/500] /data/sai/new_charge/6000_data_aug13/ThSiO4_141/CHGCAR: ok (28.6 s)
[80/500] /data/sai/new_charge/6000_data_aug13/Ti2Ga_194/CHGCAR: ok (8.3 s)
[81/500] /data/sai/new_charge/6000_data_aug13/Ti2Cu3_139/CHGCAR: ok (15.1 s)
[82/500] /data/sai/new_charge/6000_data_aug13/Ti2GaN_194/CHGCAR: ok (10.3 s)
[83/500] /data/sai/new_charge/6000_data_aug13/Ti2MnNi_225/CHGCAR: ok (6.1 s)
[84/500] /data/sai/new_charge/6000_data_aug13/Ti2IrW_225/CHGCAR: ok (9.7 s)
[85/500] /data/sai/new_charge/6000_data_aug13/Ti2MnFe_225/CHGCAR: ok (9.4 s)
[86/500] /data/sai/new_charge/6000_data_aug13/Ti2MnIr_225/CHGCAR: ok (8.1 s)
[87/500] /data/sai/new_charge/6000_data_aug13/Ti2Cu3_129/CHGCAR: ok (17.2 s)
[88/500] /data/sai/new_charge/6000_data_aug13/Ti2MnRu_225/CHGCAR: ok (5.8 s)
[89/500] /data/sai/new_charge/6000_data_aug13/Ti2MoPt_225/CHGCAR: ok (5.5 s)
[90/500] /data/sai/new_charge/6000_data_aug13/Ti2N_136/CHGCAR: ok (7.1 s)
[91/500] /data/sai/new_charge/6000_data_aug13/Ti2MnOs_225/CHGCAR: ok (9.4 s)
[92/500] /data/sai/new_charge/6000_data_aug13/Th4H15_220/CHGCAR: ok (61.0 s)
[93/500] /data/sai/new_charge/6000_data_aug13/Ti2MnRh_225/CHGCAR: ok (9.9 s)
[94/500] /data/sai/new_charge/6000_data_aug13/Ti2GeC_194/CHGCAR: ok (15.0 s)
[95/500] /data/sai/new_charge/6000_data_aug13/Ti2MoIr_225/CHGCAR: ok (9.1 s)
[96/500] /data/sai/new_charge/6000_data_aug13/Ti2Ga3_83/CHGCAR: ok (17.4 s)
[97/500] /data/sai/new_charge/6000_data_aug13/Ti2O_164/CHGCAR: ok (5.7 s)
[98/500] /data/sai/new_charge/6000_data_aug13/Ti2NiMo_225/CHGCAR: ok (8.5 s)
[99/500] /data/sai/new_charge/6000_data_aug13/Ti2OsRu_225/CHGCAR: ok (5.9 s)
[100/500] /data/sai/new_charge/6000_data_aug13/Ti2GaC_194/CHGCAR: ok (17.3 s)
[101/500] /data/sai/new_charge/6000_data_aug13/Ti2ReRh_225/CHGCAR: ok (5.3 s)
[102/500] /data/sai/new_charge/6000_data_aug13/Ti2RePd_225/CHGCAR: ok (6.1 s)
[103/500] /data/sai/new_charge/6000_data_aug13/Ti2O3_167/CHGCAR: ok (10.1 s)
[104/500] /data/sai/new_charge/6000_data_aug13/Ti2ReIr_225/CHGCAR: ok (8.1 s)
[105/500] /data/sai/new_charge/6000_data_aug13/Ti2Rh_139/CHGCAR: ok (5.2 s)
[106/500] /data/sai/new_charge/6000_data_aug13/Ti2Pd_139/CHGCAR: ok (10.1 s)
[107/500] /data/sai/new_charge/6000_data_aug13/Ti2ReNi_225/CHGCAR: ok (9.2 s)
[108/500] /data/sai/new_charge/6000_data_aug13/ThBr4_88/CHGCAR: ok (64.3 s)
[109/500] /data/sai/new_charge/6000_data_aug13/Ti2TcOs_225/CHGCAR: ok (5.6 s)
[110/500] /data/sai/new_charge/6000_data_aug13/Ti2TcPt_225/CHGCAR: ok (4.6 s)
[111/500] /data/sai/new_charge/6000_data_aug13/Ti2TcIr_225/CHGCAR: ok (7.0 s)
[112/500] /data/sai/new_charge/6000_data_aug13/Ti2ReTc_225/CHGCAR: ok (9.4 s)
[113/500] /data/sai/new_charge/6000_data_aug13/ThCu6_62/CHGCAR: ok (59.5 s)
[114/500] /data/sai/new_charge/6000_data_aug13/Ti2TcRh_225/CHGCAR: ok (5.4 s)
[115/500] /data/sai/new_charge/6000_data_aug13/Ti2TcNi_225/CHGCAR: ok (8.3 s)
[116/500] /data/sai/new_charge/6000_data_aug13/Ti2TcPd_225/CHGCAR: ok (8.6 s)
[117/500] /data/sai/new_charge/6000_data_aug13/Ti2TcRu_225/CHGCAR: ok (6.4 s)
[118/500] /data/sai/new_charge/6000_data_aug13/Ti2ReB2_127/CHGCAR: ok (14.5 s)
[119/500] /data/sai/new_charge/6000_data_aug13/Ti2VIr_225/CHGCAR: ok (6.9 s)
[120/500] /data/sai/new_charge/6000_data_aug13/Ti2ZnTc_225/CHGCAR: ok (5.7 s)
[121/500] /data/sai/new_charge/6000_data_aug13/Ti2Zn_139/CHGCAR: ok (5.2 s)
[122/500] /data/sai/new_charge/6000_data_aug13/Ti3AlC_221/CHGCAR: ok (5.2 s)
[123/500] /data/sai/new_charge/6000_data_aug13/Ti2ZnRe_225/CHGCAR: ok (6.7 s)
[124/500] /data/sai/new_charge/6000_data_aug13/Ti2Sn_194/CHGCAR: ok (11.9 s)
[125/500] /data/sai/new_charge/6000_data_aug13/Ti3Hg_221/CHGCAR: ok (4.5 s)
[126/500] /data/sai/new_charge/6000_data_aug13/Ti2SnC_194/CHGCAR: ok (14.5 s)
[127/500] /data/sai/new_charge/6000_data_aug13/Ti2SbP_194/CHGCAR: ok (14.7 s)
[128/500] /data/sai/new_charge/6000_data_aug13/Ti3B4_71/CHGCAR: ok (7.7 s)
[129/500] /data/sai/new_charge/6000_data_aug13/Ti2Pd3_63/CHGCAR: ok (21.2 s)
[130/500] /data/sai/new_charge/6000_data_aug13/Ti3Os_225/CHGCAR: ok (7.6 s)
[131/500] /data/sai/new_charge/6000_data_aug13/Ti3AlC2_194/CHGCAR: ok (13.5 s)
[132/500] /data/sai/new_charge/6000_data_aug13/Ti2CuS4_227/CHGCAR: ok (40.2 s)
[133/500] /data/sai/new_charge/6000_data_aug13/Ti3Al_194/CHGCAR: ok (14.3 s)
[134/500] /data/sai/new_charge/6000_data_aug13/Ti3Pd5_123/CHGCAR: ok (10.9 s)
[135/500] /data/sai/new_charge/6000_data_aug13/Ti3Au_223/CHGCAR: ok (15.4 s)
[136/500] /data/sai/new_charge/6000_data_aug13/Ti3Cu4_139/CHGCAR: ok (15.0 s)
[137/500] /data/sai/new_charge/6000_data_aug13/Ti3Sn_221/CHGCAR: ok (4.8 s)
[138/500] /data/sai/new_charge/6000_data_aug13/Ti3Ga_194/CHGCAR: ok (16.0 s)
[139/500] /data/sai/new_charge/6000_data_aug13/Ti3In3Rh2_189/CHGCAR: ok (15.1 s)
[140/500] /data/sai/new_charge/6000_data_aug13/Ti3Hg_223/CHGCAR: ok (16.6 s)
[141/500] /data/sai/new_charge/6000_data_aug13/Ti3Ir_223/CHGCAR: ok (16.4 s)
[142/500] /data/sai/new_charge/6000_data_aug13/Ti3SiC2_194/CHGCAR: ok (12.8 s)
[143/500] /data/sai/new_charge/6000_data_aug13/Ti3Sb_223/CHGCAR: ok (15.3 s)
[144/500] /data/sai/new_charge/6000_data_aug13/Ti2ZnN_63/CHGCAR: ok (27.1 s)
[145/500] /data/sai/new_charge/6000_data_aug13/Ti3GeC2_194/CHGCAR: ok (21.7 s)
[146/500] /data/sai/new_charge/6000_data_aug13/Ti3Pt_223/CHGCAR: ok (17.2 s)
[147/500] /data/sai/new_charge/6000_data_aug13/Ti3SnC2_194/CHGCAR: ok (12.6 s)
[148/500] /data/sai/new_charge/6000_data_aug13/Ti3PdO_140/CHGCAR: ok (22.5 s)
[149/500] /data/sai/new_charge/6000_data_aug13/Ti5Se4_87/CHGCAR: ok (11.3 s)
[150/500] /data/sai/new_charge/6000_data_aug13/Ti3NiS6_148/CHGCAR: ok (24.6 s)
[151/500] /data/sai/new_charge/6000_data_aug13/Ti3Te4_12/CHGCAR: ok (16.2 s)
[152/500] /data/sai/new_charge/6000_data_aug13/Ti3Tl_139/CHGCAR: ok (17.1 s)
[153/500] /data/sai/new_charge/6000_data_aug13/Ti3Rh5_55/CHGCAR: ok (25.0 s)
[154/500] /data/sai/new_charge/6000_data_aug13/TiAlAu_194/CHGCAR: ok (11.5 s)
[155/500] /data/sai/new_charge/6000_data_aug13/Ti2C_227/CHGCAR: ok (71.3 s)
[156/500] /data/sai/new_charge/6000_data_aug13/Ti6Si2B_189/CHGCAR: ok (16.8 s)
[157/500] /data/sai/new_charge/6000_data_aug13/TiAlNi2_225/CHGCAR: ok (8.5 s)
[158/500] /data/sai/new_charge/6000_data_aug13/Ti5Si3_193/CHGCAR: ok (20.9 s)
[159/500] /data/sai/new_charge/6000_data_aug13/TiAlFeCo_216/CHGCAR: ok (9.8 s)
[160/500] /data/sai/new_charge/6000_data_aug13/TiAl3_139/CHGCAR: ok (16.1 s)
[161/500] /data/sai/new_charge/6000_data_aug13/TiAl_123/CHGCAR: ok (3.6 s)
[162/500] /data/sai/new_charge/6000_data_aug13/TiAlPd2_225/CHGCAR: ok (9.2 s)
[163/500] /data/sai/new_charge/6000_data_aug13/TiAu_221/CHGCAR: ok (3.8 s)
[164/500] /data/sai/new_charge/6000_data_aug13/Ti3Pt5_72/CHGCAR: ok (36.1 s)
[165/500] /data/sai/new_charge/6000_data_aug13/TiB2_191/CHGCAR: ok (3.7 s)
[166/500] /data/sai/new_charge/6000_data_aug13/TiAlPt_194/CHGCAR: ok (12.1 s)
[167/500] /data/sai/new_charge/6000_data_aug13/Ti3ZnN_63/CHGCAR: ok (30.1 s)
[168/500] /data/sai/new_charge/6000_data_aug13/TiAlRu2_225/CHGCAR: ok (9.2 s)
[169/500] /data/sai/new_charge/6000_data_aug13/Ti2Sn3_64/CHGCAR: ok (52.1 s)
[170/500] /data/sai/new_charge/6000_data_aug13/TiAu4_87/CHGCAR: ok (9.3 s)
[171/500] /data/sai/new_charge/6000_data_aug13/Ti2S_58/CHGCAR: ok (56.5 s)
[172/500] /data/sai/new_charge/6000_data_aug13/TiAl2_65/CHGCAR: ok (24.2 s)
[173/500] /data/sai/new_charge/6000_data_aug13/TiAlCo2_225/CHGCAR: ok (24.2 s)
[174/500] /data/sai/new_charge/6000_data_aug13/TiBe_221/CHGCAR: ok (3.7 s)
[175/500] /data/sai/new_charge/6000_data_aug13/TiBe2Ir_225/CHGCAR: ok (7.3 s)
[176/500] /data/sai/new_charge/6000_data_aug13/TiBeCo2_225/CHGCAR: ok (6.8 s)
[177/500] /data/sai/new_charge/6000_data_aug13/TiB_62/CHGCAR: ok (11.1 s)
[178/500] /data/sai/new_charge/6000_data_aug13/TiBeIr2_225/CHGCAR: ok (7.2 s)
[179/500] /data/sai/new_charge/6000_data_aug13/TiCdHg2_123/CHGCAR: ok (4.9 s)
[180/500] /data/sai/new_charge/6000_data_aug13/TiAlFe2_225/CHGCAR: ok (25.1 s)
[181/500] /data/sai/new_charge/6000_data_aug13/TiBeRh2_225/CHGCAR: ok (7.9 s)
[182/500] /data/sai/new_charge/6000_data_aug13/TiAs_194/CHGCAR: ok (16.4 s)
[183/500] /data/sai/new_charge/6000_data_aug13/TiC_225/CHGCAR: ok (9.5 s)
[184/500] /data/sai/new_charge/6000_data_aug13/Ti6Sn5_194/CHGCAR: ok (33.1 s)
[185/500] /data/sai/new_charge/6000_data_aug13/TiAsRh_62/CHGCAR: ok (18.4 s)
[186/500] /data/sai/new_charge/6000_data_aug13/TiCo2Ge_225/CHGCAR: ok (8.2 s)
[187/500] /data/sai/new_charge/6000_data_aug13/TiCo_221/CHGCAR: ok (3.3 s)
[188/500] /data/sai/new_charge/6000_data_aug13/Ti8C5_166/CHGCAR: ok (33.4 s)
[189/500] /data/sai/new_charge/6000_data_aug13/TiCo3_221/CHGCAR: ok (6.6 s)
[190/500] /data/sai/new_charge/6000_data_aug13/Ti5Sn3_193/CHGCAR: ok (38.3 s)
[191/500] /data/sai/new_charge/6000_data_aug13/TiBe12_191/CHGCAR: ok (17.3 s)
[192/500] /data/sai/new_charge/6000_data_aug13/TiCoSb_216/CHGCAR: ok (6.7 s)
[193/500] /data/sai/new_charge/6000_data_aug13/TiAlCu2_225/CHGCAR: ok (32.7 s)
[194/500] /data/sai/new_charge/6000_data_aug13/TiCu_221/CHGCAR: ok (2.4 s)
[195/500] /data/sai/new_charge/6000_data_aug13/TiCo2Si_225/CHGCAR: ok (12.3 s)
[196/500] /data/sai/new_charge/6000_data_aug13/TiBe2_227/CHGCAR: ok (19.4 s)
[197/500] /data/sai/new_charge/6000_data_aug13/TiCoSi_62/CHGCAR: ok (10.0 s)
[198/500] /data/sai/new_charge/6000_data_aug13/TiCu_129/CHGCAR: ok (6.0 s)
[199/500] /data/sai/new_charge/6000_data_aug13/TiCoSi_189/CHGCAR: ok (11.7 s)
[200/500] /data/sai/new_charge/6000_data_aug13/TiFe2Ge_225/CHGCAR: ok (6.4 s)
[201/500] /data/sai/new_charge/6000_data_aug13/TiCrP_189/CHGCAR: ok (9.2 s)
[202/500] /data/sai/new_charge/6000_data_aug13/TiCu3_59/CHGCAR: ok (9.7 s)
[203/500] /data/sai/new_charge/6000_data_aug13/TiFe_221/CHGCAR: ok (2.4 s)
[204/500] /data/sai/new_charge/6000_data_aug13/TiCdO3_148/CHGCAR: ok (18.9 s)
[205/500] /data/sai/new_charge/6000_data_aug13/TiFe2Si_225/CHGCAR: ok (7.6 s)
[206/500] /data/sai/new_charge/6000_data_aug13/TiCuSn_186/CHGCAR: ok (10.9 s)
[207/500] /data/sai/new_charge/6000_data_aug13/TiCoGe_189/CHGCAR: ok (16.8 s)
[208/500] /data/sai/new_charge/6000_data_aug13/TiFeTe_216/CHGCAR: ok (5.4 s)
[209/500] /data/sai/new_charge/6000_data_aug13/TiGa3_139/CHGCAR: ok (3.9 s)
[210/500] /data/sai/new_charge/6000_data_aug13/Ti5Si4_92/CHGCAR: ok (53.3 s)
[211/500] /data/sai/new_charge/6000_data_aug13/TiGaFe2_225/CHGCAR: ok (4.6 s)
[212/500] /data/sai/new_charge/6000_data_aug13/TiF3_221/CHGCAR: ok (15.3 s)
[213/500] /data/sai/new_charge/6000_data_aug13/TiGaCo2_225/CHGCAR: ok (7.1 s)
[214/500] /data/sai/new_charge/6000_data_aug13/TiGaFeCo_216/CHGCAR: ok (7.0 s)
[215/500] /data/sai/new_charge/6000_data_aug13/TiFe2_194/CHGCAR: ok (13.1 s)
[216/500] /data/sai/new_charge/6000_data_aug13/TiGaPt_194/CHGCAR: ok (6.4 s)
[217/500] /data/sai/new_charge/6000_data_aug13/TiGaNi2_225/CHGCAR: ok (10.0 s)
[218/500] /data/sai/new_charge/6000_data_aug13/TiGa_123/CHGCAR: ok (5.7 s)
[219/500] /data/sai/new_charge/6000_data_aug13/TiGaPd2_225/CHGCAR: ok (9.2 s)
[220/500] /data/sai/new_charge/6000_data_aug13/TiH2_139/CHGCAR: ok (3.3 s)
[221/500] /data/sai/new_charge/6000_data_aug13/TiHg_123/CHGCAR: ok (2.7 s)
[222/500] /data/sai/new_charge/6000_data_aug13/TiGaRu2_225/CHGCAR: ok (8.7 s)
[223/500] /data/sai/new_charge/6000_data_aug13/TiGaPd_194/CHGCAR: ok (11.8 s)
[224/500] /data/sai/new_charge/6000_data_aug13/TiIr_123/CHGCAR: ok (2.6 s)
[225/500] /data/sai/new_charge/6000_data_aug13/TiIr3_221/CHGCAR: ok (3.4 s)
[226/500] /data/sai/new_charge/6000_data_aug13/Ti5Sb3_62/CHGCAR: ok (65.2 s)
[227/500] /data/sai/new_charge/6000_data_aug13/TiCo2Sn_225/CHGCAR: ok (34.0 s)
[228/500] /data/sai/new_charge/6000_data_aug13/TiGeRu2_225/CHGCAR: ok (8.8 s)
[229/500] /data/sai/new_charge/6000_data_aug13/TiGePt_216/CHGCAR: ok (10.5 s)
[230/500] /data/sai/new_charge/6000_data_aug13/TiGaNi_189/CHGCAR: ok (15.9 s)
[231/500] /data/sai/new_charge/6000_data_aug13/TiInCu2_225/CHGCAR: ok (6.3 s)
[232/500] /data/sai/new_charge/6000_data_aug13/TiCu2Te3_12/CHGCAR: ok (27.9 s)
[233/500] /data/sai/new_charge/6000_data_aug13/TiCu4_62/CHGCAR: ok (29.2 s)
[234/500] /data/sai/new_charge/6000_data_aug13/TiCo2_227/CHGCAR: ok (36.6 s)
[235/500] /data/sai/new_charge/6000_data_aug13/Ti6Al16Ni7_225/CHGCAR: ok (66.5 s)
[236/500] /data/sai/new_charge/6000_data_aug13/TiFeSb_216/CHGCAR: ok (24.4 s)
[237/500] /data/sai/new_charge/6000_data_aug13/TiN_225/CHGCAR: ok (4.0 s)
[238/500] /data/sai/new_charge/6000_data_aug13/TiGa2_141/CHGCAR: ok (22.3 s)
[239/500] /data/sai/new_charge/6000_data_aug13/TiMn2W_225/CHGCAR: ok (6.5 s)
[240/500] /data/sai/new_charge/6000_data_aug13/TiMnCo2_225/CHGCAR: ok (6.6 s)
[241/500] /data/sai/new_charge/6000_data_aug13/TiCr2_227/CHGCAR: ok (33.9 s)
[242/500] /data/sai/new_charge/6000_data_aug13/TiMn2V_225/CHGCAR: ok (8.6 s)
[243/500] /data/sai/new_charge/6000_data_aug13/TiMn2Al_225/CHGCAR: ok (9.6 s)
[244/500] /data/sai/new_charge/6000_data_aug13/TiInPd2_225/CHGCAR: ok (11.8 s)
[245/500] /data/sai/new_charge/6000_data_aug13/TiOs_221/CHGCAR: ok (3.0 s)
[246/500] /data/sai/new_charge/6000_data_aug13/TiNbTc2_225/CHGCAR: ok (6.4 s)
[247/500] /data/sai/new_charge/6000_data_aug13/TiO2_141/CHGCAR: ok (4.4 s)
[248/500] /data/sai/new_charge/6000_data_aug13/TiNiSb_216/CHGCAR: ok (5.2 s)
[249/500] /data/sai/new_charge/6000_data_aug13/TiMnRh2_225/CHGCAR: ok (8.6 s)
[250/500] /data/sai/new_charge/6000_data_aug13/TiCr2_194/CHGCAR: ok (39.0 s)
[251/500] /data/sai/new_charge/6000_data_aug13/TiMn2_194/CHGCAR: ok (11.6 s)
[252/500] /data/sai/new_charge/6000_data_aug13/TiRe_221/CHGCAR: ok (2.7 s)
[253/500] /data/sai/new_charge/6000_data_aug13/TiNbB4_191/CHGCAR: ok (9.5 s)
[254/500] /data/sai/new_charge/6000_data_aug13/TiFe2Sn_225/CHGCAR: ok (34.3 s)
[255/500] /data/sai/new_charge/6000_data_aug13/TiGePd_62/CHGCAR: ok (20.7 s)
[256/500] /data/sai/new_charge/6000_data_aug13/TiRh_123/CHGCAR: ok (3.1 s)
[257/500] /data/sai/new_charge/6000_data_aug13/TiS_187/CHGCAR: ok (2.2 s)
[258/500] /data/sai/new_charge/6000_data_aug13/TiPd3_221/CHGCAR: ok (6.1 s)
[259/500] /data/sai/new_charge/6000_data_aug13/TiRh3_221/CHGCAR: ok (4.1 s)
[260/500] /data/sai/new_charge/6000_data_aug13/TiRu_221/CHGCAR: ok (3.6 s)
[261/500] /data/sai/new_charge/6000_data_aug13/TiPbO3_99/CHGCAR: ok (6.8 s)
[262/500] /data/sai/new_charge/6000_data_aug13/TiNbRe2_225/CHGCAR: ok (12.8 s)
[263/500] /data/sai/new_charge/6000_data_aug13/TiPt3_221/CHGCAR: ok (7.7 s)
[264/500] /data/sai/new_charge/6000_data_aug13/TiP_194/CHGCAR: ok (11.3 s)
[265/500] /data/sai/new_charge/6000_data_aug13/TiRe2W_225/CHGCAR: ok (10.5 s)
[266/500] /data/sai/new_charge/6000_data_aug13/TiSiRu2_225/CHGCAR: ok (5.9 s)
[267/500] /data/sai/new_charge/6000_data_aug13/TiSb_194/CHGCAR: ok (8.6 s)
[268/500] /data/sai/new_charge/6000_data_aug13/TiFeSi_46/CHGCAR: ok (39.7 s)
[269/500] /data/sai/new_charge/6000_data_aug13/TiPRu_189/CHGCAR: ok (15.0 s)
[270/500] /data/sai/new_charge/6000_data_aug13/TiNiGe_62/CHGCAR: ok (16.7 s)
[271/500] /data/sai/new_charge/6000_data_aug13/TiSiOs2_225/CHGCAR: ok (8.8 s)
[272/500] /data/sai/new_charge/6000_data_aug13/TiSnPd_216/CHGCAR: ok (4.8 s)
[273/500] /data/sai/new_charge/6000_data_aug13/TiTc_221/CHGCAR: ok (2.9 s)
[274/500] /data/sai/new_charge/6000_data_aug13/TiSiTc2_225/CHGCAR: ok (9.5 s)
[275/500] /data/sai/new_charge/6000_data_aug13/TiSnRu2_225/CHGCAR: ok (5.6 s)
[276/500] /data/sai/new_charge/6000_data_aug13/TiSnPt_216/CHGCAR: ok (6.5 s)
[277/500] /data/sai/new_charge/6000_data_aug13/TiSb2_140/CHGCAR: ok (14.9 s)
[278/500] /data/sai/new_charge/6000_data_aug13/TiNi3_194/CHGCAR: ok (23.8 s)
[279/500] /data/sai/new_charge/6000_data_aug13/TiSi_62/CHGCAR: ok (11.3 s)
[280/500] /data/sai/new_charge/6000_data_aug13/TiTc2Sb_225/CHGCAR: ok (7.7 s)
[281/500] /data/sai/new_charge/6000_data_aug13/TiTe2_164/CHGCAR: ok (6.3 s)
[282/500] /data/sai/new_charge/6000_data_aug13/TiSiRu_62/CHGCAR: ok (14.7 s)
[283/500] /data/sai/new_charge/6000_data_aug13/TiSiCu_62/CHGCAR: ok (16.6 s)
[284/500] /data/sai/new_charge/6000_data_aug13/TiTc2Mo_225/CHGCAR: ok (8.6 s)
[285/500] /data/sai/new_charge/6000_data_aug13/TiSiRh_62/CHGCAR: ok (16.8 s)
[286/500] /data/sai/new_charge/6000_data_aug13/TiTc2W_225/CHGCAR: ok (9.2 s)
[287/500] /data/sai/new_charge/6000_data_aug13/TiVTc2_225/CHGCAR: ok (5.6 s)
[288/500] /data/sai/new_charge/6000_data_aug13/TiSiNi_62/CHGCAR: ok (18.3 s)
[289/500] /data/sai/new_charge/6000_data_aug13/TiO2_12/CHGCAR: ok (27.3 s)
[290/500] /data/sai/new_charge/6000_data_aug13/TiVRe2_225/CHGCAR: ok (8.6 s)
[291/500] /data/sai/new_charge/6000_data_aug13/TiZnCu2_225/CHGCAR: ok (4.5 s)
[292/500] /data/sai/new_charge/6000_data_aug13/TiZn_221/CHGCAR: ok (3.4 s)
[293/500] /data/sai/new_charge/6000_data_aug13/TiSbRu_216/CHGCAR: ok (22.6 s)
[294/500] /data/sai/new_charge/6000_data_aug13/TiZnCo2_225/CHGCAR: ok (7.6 s)
[295/500] /data/sai/new_charge/6000_data_aug13/TiI4_15/CHGCAR: ok (39.0 s)
[296/500] /data/sai/new_charge/6000_data_aug13/Ti_194/CHGCAR: ok (3.9 s)
[297/500] /data/sai/new_charge/6000_data_aug13/Ti_191/CHGCAR: ok (4.3 s)
[298/500] /data/sai/new_charge/6000_data_aug13/TiZnNi2_225/CHGCAR: ok (7.6 s)
[299/500] /data/sai/new_charge/6000_data_aug13/TiZnIr2_225/CHGCAR: ok (8.2 s)
[300/500] /data/sai/new_charge/6000_data_aug13/TiPt8_139/CHGCAR: ok (29.3 s)
[301/500] /data/sai/new_charge/6000_data_aug13/TiZnPd2_225/CHGCAR: ok (8.2 s)
[302/500] /data/sai/new_charge/6000_data_aug13/TiZnAu2_225/CHGCAR: ok (11.1 s)
[303/500] /data/sai/new_charge/6000_data_aug13/TiZnRh2_225/CHGCAR: ok (9.0 s)
[304/500] /data/sai/new_charge/6000_data_aug13/Tl(CuS)2_139/CHGCAR: ok (7.7 s)
[305/500] /data/sai/new_charge/6000_data_aug13/Tl(CuTe)2_139/CHGCAR: ok (7.6 s)
[306/500] /data/sai/new_charge/6000_data_aug13/TiZn2_194/CHGCAR: ok (14.8 s)
[307/500] /data/sai/new_charge/6000_data_aug13/TiSi2_70/CHGCAR: ok (30.6 s)
[308/500] /data/sai/new_charge/6000_data_aug13/Tl(CuSe)2_139/CHGCAR: ok (10.3 s)
[309/500] /data/sai/new_charge/6000_data_aug13/Tl2CuF4_139/CHGCAR: ok (12.2 s)
[310/500] /data/sai/new_charge/6000_data_aug13/TiZnN2_33/CHGCAR: ok (21.5 s)
[311/500] /data/sai/new_charge/6000_data_aug13/Tl2PdCl4_123/CHGCAR: ok (17.9 s)
[312/500] /data/sai/new_charge/6000_data_aug13/TiPt3_164/CHGCAR: ok (46.8 s)
[313/500] /data/sai/new_charge/6000_data_aug13/TlAsPd5_123/CHGCAR: ok (14.3 s)
[314/500] /data/sai/new_charge/6000_data_aug13/Tl2PdSe2_55/CHGCAR: ok (22.3 s)
[315/500] /data/sai/new_charge/6000_data_aug13/TlCdRh2_225/CHGCAR: ok (10.9 s)
[316/500] /data/sai/new_charge/6000_data_aug13/TlI_225/CHGCAR: ok (5.9 s)
[317/500] /data/sai/new_charge/6000_data_aug13/Tl3VSe4_217/CHGCAR: ok (22.0 s)
[318/500] /data/sai/new_charge/6000_data_aug13/TlClO4_216/CHGCAR: ok (15.1 s)
[319/500] /data/sai/new_charge/6000_data_aug13/Tl2Pt2O7_227/CHGCAR: ok (32.9 s)
[320/500] /data/sai/new_charge/6000_data_aug13/TlF_57/CHGCAR: ok (17.6 s)
[321/500] /data/sai/new_charge/6000_data_aug13/TiTlPS5_12/CHGCAR: ok (47.8 s)
[322/500] /data/sai/new_charge/6000_data_aug13/Tl2Au4S3_59/CHGCAR: ok (37.8 s)
[323/500] /data/sai/new_charge/6000_data_aug13/Tl2TeCl6_225/CHGCAR: ok (34.2 s)
[324/500] /data/sai/new_charge/6000_data_aug13/Tl2PtCl6_225/CHGCAR: ok (37.5 s)
[325/500] /data/sai/new_charge/6000_data_aug13/Tl3BO3_176/CHGCAR: ok (36.0 s)
[326/500] /data/sai/new_charge/6000_data_aug13/TiSiRu_46/CHGCAR: ok (62.3 s)
[327/500] /data/sai/new_charge/6000_data_aug13/Tl2WCl6_225/CHGCAR: ok (38.2 s)
[328/500] /data/sai/new_charge/6000_data_aug13/Tl_194/CHGCAR: ok (5.9 s)
[329/500] /data/sai/new_charge/6000_data_aug13/Tl(MoSe)3_176/CHGCAR: ok (46.3 s)
[330/500] /data/sai/new_charge/6000_data_aug13/Tm(CoGe)2_139/CHGCAR: ok (7.4 s)
[331/500] /data/sai/new_charge/6000_data_aug13/TlInSe2_140/CHGCAR: ok (27.0 s)
[332/500] /data/sai/new_charge/6000_data_aug13/Tm(CuSi)2_139/CHGCAR: ok (9.3 s)
[333/500] /data/sai/new_charge/6000_data_aug13/TlPd3O4_225/CHGCAR: ok (22.6 s)
[334/500] /data/sai/new_charge/6000_data_aug13/Tm(NiGe)2_139/CHGCAR: ok (6.7 s)
[335/500] /data/sai/new_charge/6000_data_aug13/Tm(BC)2_127/CHGCAR: ok (12.7 s)
[336/500] /data/sai/new_charge/6000_data_aug13/TlPt2Se3_164/CHGCAR: ok (21.6 s)
[337/500] /data/sai/new_charge/6000_data_aug13/Tm(SiRh)2_139/CHGCAR: ok (8.6 s)
[338/500] /data/sai/new_charge/6000_data_aug13/Ti2Ni_227/CHGCAR: ok (191.8 s)
[339/500] /data/sai/new_charge/6000_data_aug13/Tm2AgRu_225/CHGCAR: ok (7.3 s)
[340/500] /data/sai/new_charge/6000_data_aug13/Tm(SiRu)2_139/CHGCAR: ok (10.4 s)
[341/500] /data/sai/new_charge/6000_data_aug13/TlPd2Se3_164/CHGCAR: ok (33.7 s)
[342/500] /data/sai/new_charge/6000_data_aug13/TlPS3_71/CHGCAR: ok (37.4 s)
[343/500] /data/sai/new_charge/6000_data_aug13/Tm2Cr2C3_12/CHGCAR: ok (10.5 s)
[344/500] /data/sai/new_charge/6000_data_aug13/TlPt2S3_164/CHGCAR: ok (32.7 s)
[345/500] /data/sai/new_charge/6000_data_aug13/Tm2AgHg_225/CHGCAR: ok (14.7 s)
[346/500] /data/sai/new_charge/6000_data_aug13/TlTe3Pt2_164/CHGCAR: ok (28.4 s)
[347/500] /data/sai/new_charge/6000_data_aug13/Tm2SeO2_164/CHGCAR: ok (9.8 s)
[348/500] /data/sai/new_charge/6000_data_aug13/Tm2SO2_164/CHGCAR: ok (10.5 s)
[349/500] /data/sai/new_charge/6000_data_aug13/Tm2MgAl_225/CHGCAR: ok (13.6 s)
[350/500] /data/sai/new_charge/6000_data_aug13/Tm(CuGe)2_139/CHGCAR: ok (30.2 s)
[351/500] /data/sai/new_charge/6000_data_aug13/Tm2Fe2Si2C_12/CHGCAR: ok (16.0 s)
[352/500] /data/sai/new_charge/6000_data_aug13/Tl2SO4_62/CHGCAR: ok (70.2 s)
[353/500] /data/sai/new_charge/6000_data_aug13/Tl5Se2I_140/CHGCAR: ok (65.4 s)
[354/500] /data/sai/new_charge/6000_data_aug13/Tm2TlCd_225/CHGCAR: ok (13.1 s)
[355/500] /data/sai/new_charge/6000_data_aug13/Tm2TlAg_225/CHGCAR: ok (15.9 s)
[356/500] /data/sai/new_charge/6000_data_aug13/TmAu2_139/CHGCAR: ok (7.6 s)
[357/500] /data/sai/new_charge/6000_data_aug13/TmAgSn_186/CHGCAR: ok (11.8 s)
[358/500] /data/sai/new_charge/6000_data_aug13/TmB2Ru3_191/CHGCAR: ok (7.6 s)
[359/500] /data/sai/new_charge/6000_data_aug13/Tm2MgGe2_127/CHGCAR: ok (21.7 s)
[360/500] /data/sai/new_charge/6000_data_aug13/TmCoC2_38/CHGCAR: ok (4.4 s)
[361/500] /data/sai/new_charge/6000_data_aug13/TmBi2IO4_123/CHGCAR: ok (11.4 s)
[362/500] /data/sai/new_charge/6000_data_aug13/TmBi_225/CHGCAR: ok (7.9 s)
[363/500] /data/sai/new_charge/6000_data_aug13/TmCoC_131/CHGCAR: ok (7.1 s)
[364/500] /data/sai/new_charge/6000_data_aug13/TmCu_221/CHGCAR: ok (3.4 s)
[365/500] /data/sai/new_charge/6000_data_aug13/TlSbS2_2/CHGCAR: ok (50.5 s)
[366/500] /data/sai/new_charge/6000_data_aug13/TmAu_63/CHGCAR: ok (17.4 s)
[367/500] /data/sai/new_charge/6000_data_aug13/TmBi2BrO4_123/CHGCAR: ok (17.4 s)
[368/500] /data/sai/new_charge/6000_data_aug13/TmCo3B2_191/CHGCAR: ok (11.7 s)
[369/500] /data/sai/new_charge/6000_data_aug13/TmAlCu_189/CHGCAR: ok (20.2 s)
[370/500] /data/sai/new_charge/6000_data_aug13/Tl3SbSe3_198/CHGCAR: ok (84.7 s)
[371/500] /data/sai/new_charge/6000_data_aug13/TmCdRh2_225/CHGCAR: ok (15.0 s)
[372/500] /data/sai/new_charge/6000_data_aug13/Tm3(CuSn)4_12/CHGCAR: ok (29.7 s)
[373/500] /data/sai/new_charge/6000_data_aug13/TmAgPb_189/CHGCAR: ok (27.1 s)
[374/500] /data/sai/new_charge/6000_data_aug13/TmGa2Ni_63/CHGCAR: ok (9.8 s)
[375/500] /data/sai/new_charge/6000_data_aug13/TmGa5Co_123/CHGCAR: ok (7.2 s)
[376/500] /data/sai/new_charge/6000_data_aug13/TmGa2_74/CHGCAR: ok (8.6 s)
[377/500] /data/sai/new_charge/6000_data_aug13/TmMg_221/CHGCAR: ok (5.4 s)
[378/500] /data/sai/new_charge/6000_data_aug13/TmCuPb_186/CHGCAR: ok (19.9 s)
[379/500] /data/sai/new_charge/6000_data_aug13/TmPd3_221/CHGCAR: ok (5.0 s)
[380/500] /data/sai/new_charge/6000_data_aug13/TmNiC2_38/CHGCAR: ok (8.8 s)
[381/500] /data/sai/new_charge/6000_data_aug13/TmGa2Pd_63/CHGCAR: ok (17.9 s)
[382/500] /data/sai/new_charge/6000_data_aug13/Tl2SnTe5_140/CHGCAR: ok (98.6 s)
[383/500] /data/sai/new_charge/6000_data_aug13/TmPb3_221/CHGCAR: ok (8.0 s)
[384/500] /data/sai/new_charge/6000_data_aug13/TiTlPO5_33/CHGCAR: ok (116.1 s)
[385/500] /data/sai/new_charge/6000_data_aug13/TmGaRh2_225/CHGCAR: ok (16.3 s)
[386/500] /data/sai/new_charge/6000_data_aug13/TmPd_221/CHGCAR: ok (7.8 s)
[387/500] /data/sai/new_charge/6000_data_aug13/TmLuCo2_225/CHGCAR: ok (13.5 s)
[388/500] /data/sai/new_charge/6000_data_aug13/TmRh3C_221/CHGCAR: ok (5.1 s)
[389/500] /data/sai/new_charge/6000_data_aug13/TmNiBi_216/CHGCAR: ok (12.5 s)
[390/500] /data/sai/new_charge/6000_data_aug13/TmMgRh2_225/CHGCAR: ok (16.3 s)
[391/500] /data/sai/new_charge/6000_data_aug13/TmNbRu2_225/CHGCAR: ok (15.4 s)
[392/500] /data/sai/new_charge/6000_data_aug13/TmRh_221/CHGCAR: ok (4.3 s)
[393/500] /data/sai/new_charge/6000_data_aug13/TmNiGe_62/CHGCAR: ok (12.5 s)
[394/500] /data/sai/new_charge/6000_data_aug13/TiZn16_63/CHGCAR: ok (116.9 s)
[395/500] /data/sai/new_charge/6000_data_aug13/TmPt3_221/CHGCAR: ok (8.5 s)
[396/500] /data/sai/new_charge/6000_data_aug13/Tm_194/CHGCAR: ok (3.4 s)
[397/500] /data/sai/new_charge/6000_data_aug13/TmZn_221/CHGCAR: ok (4.9 s)
[398/500] /data/sai/new_charge/6000_data_aug13/TmSb_225/CHGCAR: ok (7.5 s)
[399/500] /data/sai/new_charge/6000_data_aug13/TlNO3_62/CHGCAR: ok (87.9 s)
[400/500] /data/sai/new_charge/6000_data_aug13/TlSbTe2_166/CHGCAR: ok (74.3 s)
[401/500] /data/sai/new_charge/6000_data_aug13/Tm2CdS4_227/CHGCAR: ok (59.8 s)
[402/500] /data/sai/new_charge/6000_data_aug13/TlAsS2_14/CHGCAR: ok (103.5 s)
[403/500] /data/sai/new_charge/6000_data_aug13/TmSbPt_216/CHGCAR: ok (11.5 s)
[404/500] /data/sai/new_charge/6000_data_aug13/U(SiPd)2_139/CHGCAR: ok (7.6 s)
[405/500] /data/sai/new_charge/6000_data_aug13/TmSnRu2_225/CHGCAR: ok (12.1 s)
[406/500] /data/sai/new_charge/6000_data_aug13/TmAlB4_55/CHGCAR: ok (46.1 s)
[407/500] /data/sai/new_charge/6000_data_aug13/TmSnRh_189/CHGCAR: ok (14.0 s)
[408/500] /data/sai/new_charge/6000_data_aug13/U(SiRu)2_139/CHGCAR: ok (9.4 s)
[409/500] /data/sai/new_charge/6000_data_aug13/U2Ti_191/CHGCAR: ok (3.4 s)
[410/500] /data/sai/new_charge/6000_data_aug13/U(FeSi)2_139/CHGCAR: ok (11.5 s)
[411/500] /data/sai/new_charge/6000_data_aug13/TmTaRu2_225/CHGCAR: ok (15.3 s)
[412/500] /data/sai/new_charge/6000_data_aug13/U(SiNi)2_139/CHGCAR: ok (12.4 s)
[413/500] /data/sai/new_charge/6000_data_aug13/TmZnRh2_225/CHGCAR: ok (15.2 s)
[414/500] /data/sai/new_charge/6000_data_aug13/U(SiRh)2_139/CHGCAR: ok (12.3 s)
[415/500] /data/sai/new_charge/6000_data_aug13/Tm(CuTe)3_58/CHGCAR: ok (75.1 s)
[416/500] /data/sai/new_charge/6000_data_aug13/TmNi2B2C_139/CHGCAR: ok (28.0 s)
[417/500] /data/sai/new_charge/6000_data_aug13/U2SN2_164/CHGCAR: ok (9.3 s)
[418/500] /data/sai/new_charge/6000_data_aug13/U2PN2_164/CHGCAR: ok (10.8 s)
[419/500] /data/sai/new_charge/6000_data_aug13/UB2_191/CHGCAR: ok (5.3 s)
[420/500] /data/sai/new_charge/6000_data_aug13/UAsSe_129/CHGCAR: ok (8.1 s)
[421/500] /data/sai/new_charge/6000_data_aug13/U2SeN2_164/CHGCAR: ok (13.1 s)
[422/500] /data/sai/new_charge/6000_data_aug13/UAs2Pd_129/CHGCAR: ok (10.6 s)
[423/500] /data/sai/new_charge/6000_data_aug13/U2BiN2_139/CHGCAR: ok (20.7 s)
[424/500] /data/sai/new_charge/6000_data_aug13/UN2_225/CHGCAR: ok (4.3 s)
[425/500] /data/sai/new_charge/6000_data_aug13/UAsS_129/CHGCAR: ok (13.4 s)
[426/500] /data/sai/new_charge/6000_data_aug13/Tm2O3_206/CHGCAR: ok (73.0 s)
[427/500] /data/sai/new_charge/6000_data_aug13/TmI3_194/CHGCAR: ok (44.1 s)
[428/500] /data/sai/new_charge/6000_data_aug13/UFe3B2_191/CHGCAR: ok (14.2 s)
[429/500] /data/sai/new_charge/6000_data_aug13/UBrN_129/CHGCAR: ok (14.4 s)
[430/500] /data/sai/new_charge/6000_data_aug13/UN_225/CHGCAR: ok (7.2 s)
[431/500] /data/sai/new_charge/6000_data_aug13/UGa5Co_123/CHGCAR: ok (13.9 s)
[432/500] /data/sai/new_charge/6000_data_aug13/UO2_225/CHGCAR: ok (4.8 s)
[433/500] /data/sai/new_charge/6000_data_aug13/U(FeB3)2_71/CHGCAR: ok (29.6 s)
[434/500] /data/sai/new_charge/6000_data_aug13/UP_225/CHGCAR: ok (4.4 s)
[435/500] /data/sai/new_charge/6000_data_aug13/UNi5_216/CHGCAR: ok (8.9 s)
[436/500] /data/sai/new_charge/6000_data_aug13/UO3_221/CHGCAR: ok (7.3 s)
[437/500] /data/sai/new_charge/6000_data_aug13/UNiAs2_129/CHGCAR: ok (11.4 s)
[438/500] /data/sai/new_charge/6000_data_aug13/USi3_221/CHGCAR: ok (6.6 s)
[439/500] /data/sai/new_charge/6000_data_aug13/USeO_129/CHGCAR: ok (6.9 s)
[440/500] /data/sai/new_charge/6000_data_aug13/UTlO3_221/CHGCAR: ok (6.3 s)
[441/500] /data/sai/new_charge/6000_data_aug13/UMn2_74/CHGCAR: ok (20.4 s)
[442/500] /data/sai/new_charge/6000_data_aug13/U_63/CHGCAR: ok (5.0 s)
[443/500] /data/sai/new_charge/6000_data_aug13/USbRh_216/CHGCAR: ok (9.9 s)
[444/500] /data/sai/new_charge/6000_data_aug13/UBr3_176/CHGCAR: ok (26.9 s)
[445/500] /data/sai/new_charge/6000_data_aug13/U2IrC2_139/CHGCAR: ok (38.2 s)
[446/500] /data/sai/new_charge/6000_data_aug13/UB12_225/CHGCAR: ok (32.0 s)
[447/500] /data/sai/new_charge/6000_data_aug13/V2B3_63/CHGCAR: ok (6.8 s)
[448/500] /data/sai/new_charge/6000_data_aug13/V2CrFe_225/CHGCAR: ok (6.9 s)
[449/500] /data/sai/new_charge/6000_data_aug13/U(ClO)2_62/CHGCAR: ok (43.9 s)
[450/500] /data/sai/new_charge/6000_data_aug13/V2C_60/CHGCAR: ok (9.7 s)
[451/500] /data/sai/new_charge/6000_data_aug13/USbTe_129/CHGCAR: ok (18.3 s)
[452/500] /data/sai/new_charge/6000_data_aug13/V2CrOs_225/CHGCAR: ok (10.2 s)
[453/500] /data/sai/new_charge/6000_data_aug13/UMoC2_62/CHGCAR: ok (30.4 s)
[454/500] /data/sai/new_charge/6000_data_aug13/USb2Ru_129/CHGCAR: ok (20.9 s)
[455/500] /data/sai/new_charge/6000_data_aug13/UReB3_194/CHGCAR: ok (22.2 s)
[456/500] /data/sai/new_charge/6000_data_aug13/V2AsC_194/CHGCAR: ok (13.1 s)
[457/500] /data/sai/new_charge/6000_data_aug13/U3As4_220/CHGCAR: ok (40.9 s)
[458/500] /data/sai/new_charge/6000_data_aug13/V(CrC)2_63/CHGCAR: ok (15.8 s)
[459/500] /data/sai/new_charge/6000_data_aug13/V2N_162/CHGCAR: ok (7.0 s)
[460/500] /data/sai/new_charge/6000_data_aug13/UReB4_65/CHGCAR: ok (22.9 s)
[461/500] /data/sai/new_charge/6000_data_aug13/V2MoOs_225/CHGCAR: ok (7.8 s)
[462/500] /data/sai/new_charge/6000_data_aug13/V2ReOs_225/CHGCAR: ok (5.3 s)
[463/500] /data/sai/new_charge/6000_data_aug13/V3B4_71/CHGCAR: ok (3.5 s)
[464/500] /data/sai/new_charge/6000_data_aug13/V2GeC_194/CHGCAR: ok (15.0 s)
[465/500] /data/sai/new_charge/6000_data_aug13/V3Au_221/CHGCAR: ok (6.5 s)
[466/500] /data/sai/new_charge/6000_data_aug13/V2TcOs_225/CHGCAR: ok (9.1 s)
[467/500] /data/sai/new_charge/6000_data_aug13/V2ReRu_225/CHGCAR: ok (9.9 s)
[468/500] /data/sai/new_charge/6000_data_aug13/V2TcRu_225/CHGCAR: ok (8.7 s)
[469/500] /data/sai/new_charge/6000_data_aug13/V2PC_194/CHGCAR: ok (12.7 s)
[470/500] /data/sai/new_charge/6000_data_aug13/U2C3_220/CHGCAR: ok (54.8 s)
[471/500] /data/sai/new_charge/6000_data_aug13/V3Co_223/CHGCAR: ok (6.6 s)
[472/500] /data/sai/new_charge/6000_data_aug13/U2F9_217/CHGCAR: ok (53.5 s)
[473/500] /data/sai/new_charge/6000_data_aug13/V3Ir_223/CHGCAR: ok (6.1 s)
[474/500] /data/sai/new_charge/6000_data_aug13/U2Se3_62/CHGCAR: ok (51.8 s)
[475/500] /data/sai/new_charge/6000_data_aug13/V3Mo_225/CHGCAR: ok (4.4 s)
[476/500] /data/sai/new_charge/6000_data_aug13/V2P_62/CHGCAR: ok (17.5 s)
[477/500] /data/sai/new_charge/6000_data_aug13/V3B2_127/CHGCAR: ok (11.2 s)
[478/500] /data/sai/new_charge/6000_data_aug13/V3Au_223/CHGCAR: ok (12.2 s)
[479/500] /data/sai/new_charge/6000_data_aug13/V3As_223/CHGCAR: ok (13.0 s)
[480/500] /data/sai/new_charge/6000_data_aug13/V3Ga_223/CHGCAR: ok (11.3 s)
[481/500] /data/sai/new_charge/6000_data_aug13/V3Ru_225/CHGCAR: ok (5.5 s)
[482/500] /data/sai/new_charge/6000_data_aug13/V3Ge_223/CHGCAR: ok (11.5 s)
[483/500] /data/sai/new_charge/6000_data_aug13/V2H_141/CHGCAR: ok (19.9 s)
[484/500] /data/sai/new_charge/6000_data_aug13/V3Re_225/CHGCAR: ok (7.6 s)
[485/500] /data/sai/new_charge/6000_data_aug13/V2Ga5_127/CHGCAR: ok (26.7 s)
[486/500] /data/sai/new_charge/6000_data_aug13/V3Os_225/CHGCAR: ok (8.7 s)
[487/500] /data/sai/new_charge/6000_data_aug13/V3Ni_223/CHGCAR: ok (9.7 s)
[488/500] /data/sai/new_charge/6000_data_aug13/V3Pt_223/CHGCAR: ok (9.6 s)
[489/500] /data/sai/new_charge/6000_data_aug13/UF6_62/CHGCAR: ok (52.4 s)
[490/500] /data/sai/new_charge/6000_data_aug13/V3Sn_223/CHGCAR: ok (8.1 s)
[491/500] /data/sai/new_charge/6000_data_aug13/V3Si_223/CHGCAR: ok (9.1 s)
[492/500] /data/sai/new_charge/6000_data_aug13/V3Sb_223/CHGCAR: ok (10.1 s)
[493/500] /data/sai/new_charge/6000_data_aug13/V3Pd_223/CHGCAR: ok (11.8 s)
[494/500] /data/sai/new_charge/6000_data_aug13/V3Rh_223/CHGCAR: ok (11.6 s)
[495/500] /data/sai/new_charge/6000_data_aug13/V3Se4_12/CHGCAR: ok (10.5 s)
[496/500] /data/sai/new_charge/6000_data_aug13/V4Zn5_139/CHGCAR: ok (15.5 s)
[497/500] /data/sai/new_charge/6000_data_aug13/U3(SiC)2_139/CHGCAR: ok (68.8 s)
[498/500] /data/sai/new_charge/6000_data_aug13/UGeTe_139/CHGCAR: ok (66.5 s)
[499/500] /data/sai/new_charge/6000_data_aug13/UTeAs_139/CHGCAR: ok (52.5 s)
[500/500] /data/sai/new_charge/6000_data_aug13/V3O5_13/CHGCAR: ok (27.2 s)
chunk 10: 500 rows, 0 errors, 95.4 min elapsed
[1/500] /data/sai/new_charge/6000_data_aug13/VFe_221/CHGCAR: ok (2.4 s)
[2/500] /data/sai/new_charge/6000_data_aug13/VB2_191/CHGCAR: ok (4.0 s)
[3/500] /data/sai/new_charge/6000_data_aug13/VB_63/CHGCAR: ok (4.6 s)
[4/500] /data/sai/new_charge/6000_data_aug13/VFe3_225/CHGCAR: ok (4.8 s)
[5/500] /data/sai/new_charge/6000_data_aug13/VGaFe2_225/CHGCAR: ok (7.3 s)
[6/500] /data/sai/new_charge/6000_data_aug13/VC_225/CHGCAR: ok (8.9 s)
[7/500] /data/sai/new_charge/6000_data_aug13/VGeRu2_225/CHGCAR: ok (5.8 s)
[8/500] /data/sai/new_charge/6000_data_aug13/VCuRh2_225/CHGCAR: ok (9.0 s)
[9/500] /data/sai/new_charge/6000_data_aug13/VH2_225/CHGCAR: ok (4.9 s)
[10/500] /data/sai/new_charge/6000_data_aug13/VGaCo2_225/CHGCAR: ok (9.0 s)
[11/500] /data/sai/new_charge/6000_data_aug13/VIr_123/CHGCAR: ok (1.8 s)
[12/500] /data/sai/new_charge/6000_data_aug13/VN_187/CHGCAR: ok (1.6 s)
[13/500] /data/sai/new_charge/6000_data_aug13/VGaTc2_225/CHGCAR: ok (9.5 s)
[14/500] /data/sai/new_charge/6000_data_aug13/VCoB3_63/CHGCAR: ok (11.3 s)
[15/500] /data/sai/new_charge/6000_data_aug13/VGaRu2_225/CHGCAR: ok (10.3 s)
[16/500] /data/sai/new_charge/6000_data_aug13/VAs_62/CHGCAR: ok (10.6 s)
[17/500] /data/sai/new_charge/6000_data_aug13/VI2_164/CHGCAR: ok (6.2 s)
[18/500] /data/sai/new_charge/6000_data_aug13/VIr3_221/CHGCAR: ok (4.5 s)
[19/500] /data/sai/new_charge/6000_data_aug13/VOs_221/CHGCAR: ok (3.2 s)
[20/500] /data/sai/new_charge/6000_data_aug13/VNi2_71/CHGCAR: ok (4.1 s)
[21/500] /data/sai/new_charge/6000_data_aug13/V5B6_65/CHGCAR: ok (15.5 s)
[22/500] /data/sai/new_charge/6000_data_aug13/VNi3_139/CHGCAR: ok (5.0 s)
[23/500] /data/sai/new_charge/6000_data_aug13/VAuS2_194/CHGCAR: ok (15.4 s)
[24/500] /data/sai/new_charge/6000_data_aug13/VCu3Se4_215/CHGCAR: ok (15.7 s)
[25/500] /data/sai/new_charge/6000_data_aug13/VCu3S4_215/CHGCAR: ok (15.7 s)
[26/500] /data/sai/new_charge/6000_data_aug13/VCoSi_62/CHGCAR: ok (16.9 s)
[27/500] /data/sai/new_charge/6000_data_aug13/VPd3_221/CHGCAR: ok (4.2 s)
[28/500] /data/sai/new_charge/6000_data_aug13/VPd2_71/CHGCAR: ok (5.9 s)
[29/500] /data/sai/new_charge/6000_data_aug13/VP_194/CHGCAR: ok (6.1 s)
[30/500] /data/sai/new_charge/6000_data_aug13/VPt_123/CHGCAR: ok (2.0 s)
[31/500] /data/sai/new_charge/6000_data_aug13/VCoSb_216/CHGCAR: ok (18.8 s)
[32/500] /data/sai/new_charge/6000_data_aug13/VRh_123/CHGCAR: ok (2.8 s)
[33/500] /data/sai/new_charge/6000_data_aug13/VRu_221/CHGCAR: ok (3.5 s)
[34/500] /data/sai/new_charge/6000_data_aug13/VPd3_139/CHGCAR: ok (7.7 s)
[35/500] /data/sai/new_charge/6000_data_aug13/VFeSb_216/CHGCAR: ok (20.1 s)
[36/500] /data/sai/new_charge/6000_data_aug13/VIr3_194/CHGCAR: ok (12.6 s)
[37/500] /data/sai/new_charge/6000_data_aug13/VCo2Si_225/CHGCAR: ok (20.4 s)
[38/500] /data/sai/new_charge/6000_data_aug13/VP2_12/CHGCAR: ok (9.9 s)
[39/500] /data/sai/new_charge/6000_data_aug13/VIr_65/CHGCAR: ok (12.4 s)
[40/500] /data/sai/new_charge/6000_data_aug13/VRh3_221/CHGCAR: ok (6.0 s)
[41/500] /data/sai/new_charge/6000_data_aug13/VPt2_71/CHGCAR: ok (8.6 s)
[42/500] /data/sai/new_charge/6000_data_aug13/VTc_221/CHGCAR: ok (2.2 s)
[43/500] /data/sai/new_charge/6000_data_aug13/VPt3_221/CHGCAR: ok (7.4 s)
[44/500] /data/sai/new_charge/6000_data_aug13/V5Sb4_87/CHGCAR: ok (22.0 s)
[45/500] /data/sai/new_charge/6000_data_aug13/VSe2_164/CHGCAR: ok (7.2 s)
[46/500] /data/sai/new_charge/6000_data_aug13/VSiTc2_225/CHGCAR: ok (5.5 s)
[47/500] /data/sai/new_charge/6000_data_aug13/V_229/CHGCAR: ok (3.7 s)
[48/500] /data/sai/new_charge/6000_data_aug13/VPt3_139/CHGCAR: ok (11.8 s)
[49/500] /data/sai/new_charge/6000_data_aug13/VRh3_194/CHGCAR: ok (10.7 s)
[50/500] /data/sai/new_charge/6000_data_aug13/VZn3_221/CHGCAR: ok (5.7 s)
[51/500] /data/sai/new_charge/6000_data_aug13/VSiRu2_225/CHGCAR: ok (7.2 s)
[52/500] /data/sai/new_charge/6000_data_aug13/WC_187/CHGCAR: ok (1.8 s)
[53/500] /data/sai/new_charge/6000_data_aug13/VSiOs2_225/CHGCAR: ok (9.0 s)
[54/500] /data/sai/new_charge/6000_data_aug13/V5Si3_193/CHGCAR: ok (27.8 s)
[55/500] /data/sai/new_charge/6000_data_aug13/VCo2Sn_225/CHGCAR: ok (27.4 s)
[56/500] /data/sai/new_charge/6000_data_aug13/W_229/CHGCAR: ok (2.6 s)
[57/500] /data/sai/new_charge/6000_data_aug13/VTc2Ge_225/CHGCAR: ok (8.4 s)
[58/500] /data/sai/new_charge/6000_data_aug13/VZnRu2_225/CHGCAR: ok (7.2 s)
[59/500] /data/sai/new_charge/6000_data_aug13/VSb2_140/CHGCAR: ok (12.5 s)
[60/500] /data/sai/new_charge/6000_data_aug13/W2C_58/CHGCAR: ok (8.8 s)
[61/500] /data/sai/new_charge/6000_data_aug13/VSi2_181/CHGCAR: ok (13.3 s)
[62/500] /data/sai/new_charge/6000_data_aug13/WO3_221/CHGCAR: ok (5.9 s)
[63/500] /data/sai/new_charge/6000_data_aug13/VSnRh2_139/CHGCAR: ok (12.6 s)
[64/500] /data/sai/new_charge/6000_data_aug13/VSi2_180/CHGCAR: ok (15.9 s)
[65/500] /data/sai/new_charge/6000_data_aug13/W2C_60/CHGCAR: ok (11.5 s)
[66/500] /data/sai/new_charge/6000_data_aug13/W2C_162/CHGCAR: ok (12.7 s)
[67/500] /data/sai/new_charge/6000_data_aug13/VSbRu_216/CHGCAR: ok (19.2 s)
[68/500] /data/sai/new_charge/6000_data_aug13/VZn2N3_36/CHGCAR: ok (17.6 s)
[69/500] /data/sai/new_charge/6000_data_aug13/Y(AlGe)2_164/CHGCAR: ok (10.4 s)
[70/500] /data/sai/new_charge/6000_data_aug13/WS2_194/CHGCAR: ok (12.6 s)
[71/500] /data/sai/new_charge/6000_data_aug13/Y(CoB)2_139/CHGCAR: ok (9.9 s)
[72/500] /data/sai/new_charge/6000_data_aug13/Y(CoSi)2_139/CHGCAR: ok (10.3 s)
[73/500] /data/sai/new_charge/6000_data_aug13/Y(FeB)2_139/CHGCAR: ok (9.2 s)
[74/500] /data/sai/new_charge/6000_data_aug13/Y(NiGe)2_139/CHGCAR: ok (6.4 s)
[75/500] /data/sai/new_charge/6000_data_aug13/Y(AlSi)2_164/CHGCAR: ok (12.9 s)
[76/500] /data/sai/new_charge/6000_data_aug13/Y(CoGe)2_139/CHGCAR: ok (11.9 s)
[77/500] /data/sai/new_charge/6000_data_aug13/Y(NiP)2_139/CHGCAR: ok (8.0 s)
[78/500] /data/sai/new_charge/6000_data_aug13/Y(GeRh)2_139/CHGCAR: ok (13.3 s)
[79/500] /data/sai/new_charge/6000_data_aug13/VI3_194/CHGCAR: ok (38.3 s)
[80/500] /data/sai/new_charge/6000_data_aug13/V5Si3_140/CHGCAR: ok (45.5 s)
[81/500] /data/sai/new_charge/6000_data_aug13/Y(SiNi)2_139/CHGCAR: ok (6.2 s)
[82/500] /data/sai/new_charge/6000_data_aug13/W2NCl8_2/CHGCAR: ok (25.2 s)
[83/500] /data/sai/new_charge/6000_data_aug13/Y(MnSi)2_139/CHGCAR: ok (19.9 s)
[84/500] /data/sai/new_charge/6000_data_aug13/Y(FeSi)2_139/CHGCAR: ok (20.3 s)
[85/500] /data/sai/new_charge/6000_data_aug13/Y(BIr)2_70/CHGCAR: ok (22.6 s)
[86/500] /data/sai/new_charge/6000_data_aug13/Y(PdO2)2_88/CHGCAR: ok (16.5 s)
[87/500] /data/sai/new_charge/6000_data_aug13/Y(SiPd)2_139/CHGCAR: ok (11.7 s)
[88/500] /data/sai/new_charge/6000_data_aug13/V6C5_151/CHGCAR: ok (55.0 s)
[89/500] /data/sai/new_charge/6000_data_aug13/Y(SiIr)2_129/CHGCAR: ok (17.5 s)
[90/500] /data/sai/new_charge/6000_data_aug13/Y(SiIr)2_139/CHGCAR: ok (18.2 s)
[91/500] /data/sai/new_charge/6000_data_aug13/Y(Al2Fe)4_139/CHGCAR: ok (29.8 s)
[92/500] /data/sai/new_charge/6000_data_aug13/Y(SiCu)2_139/CHGCAR: ok (19.3 s)
[93/500] /data/sai/new_charge/6000_data_aug13/Y(SiOs)2_139/CHGCAR: ok (18.1 s)
[94/500] /data/sai/new_charge/6000_data_aug13/Y2AlSi2_71/CHGCAR: ok (12.8 s)
[95/500] /data/sai/new_charge/6000_data_aug13/Y2AgRu_225/CHGCAR: ok (13.9 s)
[96/500] /data/sai/new_charge/6000_data_aug13/Y2Cr2C3_12/CHGCAR: ok (7.1 s)
[97/500] /data/sai/new_charge/6000_data_aug13/Y(SiRh)2_139/CHGCAR: ok (19.6 s)
[98/500] /data/sai/new_charge/6000_data_aug13/Y(SiAu)2_139/CHGCAR: ok (22.6 s)
[99/500] /data/sai/new_charge/6000_data_aug13/Y(SiRu)2_139/CHGCAR: ok (20.6 s)
[100/500] /data/sai/new_charge/6000_data_aug13/Y(MnSn)6_191/CHGCAR: ok (32.4 s)
[101/500] /data/sai/new_charge/6000_data_aug13/Y2IrRh_225/CHGCAR: ok (7.7 s)
[102/500] /data/sai/new_charge/6000_data_aug13/Y2IrPd_225/CHGCAR: ok (11.5 s)
[103/500] /data/sai/new_charge/6000_data_aug13/Y2CuRu_225/CHGCAR: ok (13.7 s)
[104/500] /data/sai/new_charge/6000_data_aug13/Y2Cl3_12/CHGCAR: ok (16.2 s)
[105/500] /data/sai/new_charge/6000_data_aug13/Y2MgGe2_127/CHGCAR: ok (13.6 s)
[106/500] /data/sai/new_charge/6000_data_aug13/Y(Al2Cu)4_139/CHGCAR: ok (48.1 s)
[107/500] /data/sai/new_charge/6000_data_aug13/Y2PdRu_225/CHGCAR: ok (13.0 s)
[108/500] /data/sai/new_charge/6000_data_aug13/Y2MgAl_225/CHGCAR: ok (18.2 s)
[109/500] /data/sai/new_charge/6000_data_aug13/Y2Al3Si2_12/CHGCAR: ok (31.2 s)
[110/500] /data/sai/new_charge/6000_data_aug13/Y(Sn3Ru2)2_121/CHGCAR: ok (35.6 s)
[111/500] /data/sai/new_charge/6000_data_aug13/Y2C_166/CHGCAR: ok (27.2 s)
[112/500] /data/sai/new_charge/6000_data_aug13/Y(Al2Cr)4_139/CHGCAR: ok (54.2 s)
[113/500] /data/sai/new_charge/6000_data_aug13/Y2MgCu2_127/CHGCAR: ok (22.5 s)
[114/500] /data/sai/new_charge/6000_data_aug13/Y2MgNi2_127/CHGCAR: ok (22.1 s)
[115/500] /data/sai/new_charge/6000_data_aug13/Y2Al_62/CHGCAR: ok (34.8 s)
[116/500] /data/sai/new_charge/6000_data_aug13/Y2Fe2Si2C_12/CHGCAR: ok (28.6 s)
[117/500] /data/sai/new_charge/6000_data_aug13/Y2Pd2Pb_127/CHGCAR: ok (25.8 s)
[118/500] /data/sai/new_charge/6000_data_aug13/Y2ZnRu_225/CHGCAR: ok (11.4 s)
[119/500] /data/sai/new_charge/6000_data_aug13/Y2ReC2_62/CHGCAR: ok (22.5 s)
[120/500] /data/sai/new_charge/6000_data_aug13/Y3AlC_221/CHGCAR: ok (11.7 s)
[121/500] /data/sai/new_charge/6000_data_aug13/Y3InC_221/CHGCAR: ok (12.4 s)
[122/500] /data/sai/new_charge/6000_data_aug13/Y3PbC_221/CHGCAR: ok (11.9 s)
[123/500] /data/sai/new_charge/6000_data_aug13/Y3Al_221/CHGCAR: ok (13.6 s)
[124/500] /data/sai/new_charge/6000_data_aug13/Y2Re2Si2C_12/CHGCAR: ok (32.4 s)
[125/500] /data/sai/new_charge/6000_data_aug13/Y3SnC_221/CHGCAR: ok (11.7 s)
[126/500] /data/sai/new_charge/6000_data_aug13/Y2Si4Mo3_14/CHGCAR: ok (26.6 s)
[127/500] /data/sai/new_charge/6000_data_aug13/YAg_221/CHGCAR: ok (4.0 s)
[128/500] /data/sai/new_charge/6000_data_aug13/Y2Zn17_166/CHGCAR: ok (32.5 s)
[129/500] /data/sai/new_charge/6000_data_aug13/Y2(Al3Co)3_63/CHGCAR: ok (64.3 s)
[130/500] /data/sai/new_charge/6000_data_aug13/Y2CdS4_227/CHGCAR: ok (57.4 s)
[131/500] /data/sai/new_charge/6000_data_aug13/Y4Se3N2_12/CHGCAR: ok (23.6 s)
[132/500] /data/sai/new_charge/6000_data_aug13/Y2Pb2O7_227/CHGCAR: ok (52.5 s)
[133/500] /data/sai/new_charge/6000_data_aug13/Y6FeSb2_189/CHGCAR: ok (22.3 s)
[134/500] /data/sai/new_charge/6000_data_aug13/YAgSn_186/CHGCAR: ok (19.7 s)
[135/500] /data/sai/new_charge/6000_data_aug13/Y2Sn2O7_227/CHGCAR: ok (43.7 s)
[136/500] /data/sai/new_charge/6000_data_aug13/Y2C3_220/CHGCAR: ok (69.4 s)
[137/500] /data/sai/new_charge/6000_data_aug13/Y4C5_55/CHGCAR: ok (34.1 s)
[138/500] /data/sai/new_charge/6000_data_aug13/YAgPb_189/CHGCAR: ok (28.7 s)
[139/500] /data/sai/new_charge/6000_data_aug13/YAgTe2_113/CHGCAR: ok (25.2 s)
[140/500] /data/sai/new_charge/6000_data_aug13/YAl2Ni_63/CHGCAR: ok (16.9 s)
[141/500] /data/sai/new_charge/6000_data_aug13/YAl3_221/CHGCAR: ok (9.4 s)
[142/500] /data/sai/new_charge/6000_data_aug13/YAl2_227/CHGCAR: ok (18.3 s)
[143/500] /data/sai/new_charge/6000_data_aug13/Y3Al2_136/CHGCAR: ok (50.3 s)
[144/500] /data/sai/new_charge/6000_data_aug13/YAl_221/CHGCAR: ok (5.4 s)
[145/500] /data/sai/new_charge/6000_data_aug13/YAs_225/CHGCAR: ok (5.4 s)
[146/500] /data/sai/new_charge/6000_data_aug13/YAl2Co_63/CHGCAR: ok (30.4 s)
[147/500] /data/sai/new_charge/6000_data_aug13/YAu_221/CHGCAR: ok (6.3 s)
[148/500] /data/sai/new_charge/6000_data_aug13/YAlGe_63/CHGCAR: ok (15.0 s)
[149/500] /data/sai/new_charge/6000_data_aug13/Y3Pt_62/CHGCAR: ok (52.7 s)
[150/500] /data/sai/new_charge/6000_data_aug13/YAl3_194/CHGCAR: ok (22.2 s)
[151/500] /data/sai/new_charge/6000_data_aug13/YB2_191/CHGCAR: ok (5.2 s)
[152/500] /data/sai/new_charge/6000_data_aug13/YAl3Ni_62/CHGCAR: ok (30.5 s)
[153/500] /data/sai/new_charge/6000_data_aug13/Y2Si4CN6_14/CHGCAR: ok (74.0 s)
[154/500] /data/sai/new_charge/6000_data_aug13/YAl4Ni_63/CHGCAR: ok (25.8 s)
[155/500] /data/sai/new_charge/6000_data_aug13/YAl_63/CHGCAR: ok (19.8 s)
[156/500] /data/sai/new_charge/6000_data_aug13/YAlPd_189/CHGCAR: ok (23.2 s)
[157/500] /data/sai/new_charge/6000_data_aug13/Y5Ge3_193/CHGCAR: ok (55.1 s)
[158/500] /data/sai/new_charge/6000_data_aug13/YB2Ru3_191/CHGCAR: ok (13.2 s)
[159/500] /data/sai/new_charge/6000_data_aug13/YC2_139/CHGCAR: ok (11.8 s)
[160/500] /data/sai/new_charge/6000_data_aug13/Y3Si6N11_100/CHGCAR: ok (69.3 s)
[161/500] /data/sai/new_charge/6000_data_aug13/YCd2_191/CHGCAR: ok (11.6 s)
[162/500] /data/sai/new_charge/6000_data_aug13/YAlSi_63/CHGCAR: ok (31.7 s)
[163/500] /data/sai/new_charge/6000_data_aug13/YCd_221/CHGCAR: ok (4.9 s)
[164/500] /data/sai/new_charge/6000_data_aug13/YCdAg2_225/CHGCAR: ok (12.5 s)
[165/500] /data/sai/new_charge/6000_data_aug13/YCdPd2_225/CHGCAR: ok (12.8 s)
[166/500] /data/sai/new_charge/6000_data_aug13/YCdAu2_225/CHGCAR: ok (14.3 s)
[167/500] /data/sai/new_charge/6000_data_aug13/Y5Sn3_193/CHGCAR: ok (66.5 s)
[168/500] /data/sai/new_charge/6000_data_aug13/YCBr_12/CHGCAR: ok (20.9 s)
[169/500] /data/sai/new_charge/6000_data_aug13/YAl3Ni2_191/CHGCAR: ok (51.0 s)
[170/500] /data/sai/new_charge/6000_data_aug13/YAsPt_194/CHGCAR: ok (34.9 s)
[171/500] /data/sai/new_charge/6000_data_aug13/Y2S3_11/CHGCAR: ok (93.8 s)
[172/500] /data/sai/new_charge/6000_data_aug13/Y2O3_206/CHGCAR: ok (101.9 s)
[173/500] /data/sai/new_charge/6000_data_aug13/YCdHg2_225/CHGCAR: ok (17.6 s)
[174/500] /data/sai/new_charge/6000_data_aug13/YBPt2_180/CHGCAR: ok (30.5 s)
[175/500] /data/sai/new_charge/6000_data_aug13/YCd3_225/CHGCAR: ok (23.9 s)
[176/500] /data/sai/new_charge/6000_data_aug13/YCo5_191/CHGCAR: ok (12.6 s)
[177/500] /data/sai/new_charge/6000_data_aug13/YCo_166/CHGCAR: ok (10.7 s)
[178/500] /data/sai/new_charge/6000_data_aug13/YCu_221/CHGCAR: ok (4.0 s)
[179/500] /data/sai/new_charge/6000_data_aug13/YCu5_191/CHGCAR: ok (10.0 s)
[180/500] /data/sai/new_charge/6000_data_aug13/YB4_127/CHGCAR: ok (38.4 s)
[181/500] /data/sai/new_charge/6000_data_aug13/YCoC2_38/CHGCAR: ok (15.4 s)
[182/500] /data/sai/new_charge/6000_data_aug13/YCoC_131/CHGCAR: ok (13.3 s)
[183/500] /data/sai/new_charge/6000_data_aug13/Y2Si2Rh_12/CHGCAR: ok (104.3 s)
[184/500] /data/sai/new_charge/6000_data_aug13/YCuSb2_129/CHGCAR: ok (11.2 s)
[185/500] /data/sai/new_charge/6000_data_aug13/YBr3_12/CHGCAR: ok (37.3 s)
[186/500] /data/sai/new_charge/6000_data_aug13/YErHg2_225/CHGCAR: ok (8.8 s)
[187/500] /data/sai/new_charge/6000_data_aug13/YGa2_191/CHGCAR: ok (5.4 s)
[188/500] /data/sai/new_charge/6000_data_aug13/YHSe_187/CHGCAR: ok (4.0 s)
[189/500] /data/sai/new_charge/6000_data_aug13/YCuAs2_129/CHGCAR: ok (17.8 s)
[190/500] /data/sai/new_charge/6000_data_aug13/YH2_225/CHGCAR: ok (6.9 s)
[191/500] /data/sai/new_charge/6000_data_aug13/YCuPb_186/CHGCAR: ok (18.1 s)
[192/500] /data/sai/new_charge/6000_data_aug13/YCuSn_186/CHGCAR: ok (18.6 s)
[193/500] /data/sai/new_charge/6000_data_aug13/YCl3_12/CHGCAR: ok (28.0 s)
[194/500] /data/sai/new_charge/6000_data_aug13/YGe_63/CHGCAR: ok (9.9 s)
[195/500] /data/sai/new_charge/6000_data_aug13/YHg_221/CHGCAR: ok (5.5 s)
[196/500] /data/sai/new_charge/6000_data_aug13/YFe5_191/CHGCAR: ok (13.2 s)
[197/500] /data/sai/new_charge/6000_data_aug13/YHg2_191/CHGCAR: ok (9.5 s)
[198/500] /data/sai/new_charge/6000_data_aug13/YAl3_166/CHGCAR: ok (71.5 s)
[199/500] /data/sai/new_charge/6000_data_aug13/YCu2_74/CHGCAR: ok (24.8 s)
[200/500] /data/sai/new_charge/6000_data_aug13/YCd3_63/CHGCAR: ok (41.1 s)
[201/500] /data/sai/new_charge/6000_data_aug13/YIn3_221/CHGCAR: ok (7.0 s)
[202/500] /data/sai/new_charge/6000_data_aug13/YB2C_135/CHGCAR: ok (57.2 s)
[203/500] /data/sai/new_charge/6000_data_aug13/YGa5Co_123/CHGCAR: ok (14.0 s)
[204/500] /data/sai/new_charge/6000_data_aug13/YGa2Ni_63/CHGCAR: ok (17.0 s)
[205/500] /data/sai/new_charge/6000_data_aug13/YErTl2_225/CHGCAR: ok (20.9 s)
[206/500] /data/sai/new_charge/6000_data_aug13/YIr_221/CHGCAR: ok (5.1 s)
[207/500] /data/sai/new_charge/6000_data_aug13/YHg3_194/CHGCAR: ok (13.0 s)
[208/500] /data/sai/new_charge/6000_data_aug13/YFe2_227/CHGCAR: ok (20.8 s)
[209/500] /data/sai/new_charge/6000_data_aug13/YInAu2_225/CHGCAR: ok (12.8 s)
[210/500] /data/sai/new_charge/6000_data_aug13/YInPd2_225/CHGCAR: ok (11.7 s)
[211/500] /data/sai/new_charge/6000_data_aug13/YCo2_227/CHGCAR: ok (42.6 s)
[212/500] /data/sai/new_charge/6000_data_aug13/YMgHg2_225/CHGCAR: ok (7.4 s)
[213/500] /data/sai/new_charge/6000_data_aug13/YInRh2_225/CHGCAR: ok (15.2 s)
[214/500] /data/sai/new_charge/6000_data_aug13/YMgAg2_225/CHGCAR: ok (13.1 s)
[215/500] /data/sai/new_charge/6000_data_aug13/Y3Al7Cu2_166/CHGCAR: ok (120.6 s)
[216/500] /data/sai/new_charge/6000_data_aug13/YMgAu2_225/CHGCAR: ok (13.4 s)
[217/500] /data/sai/new_charge/6000_data_aug13/YMgAg_189/CHGCAR: ok (14.8 s)
[218/500] /data/sai/new_charge/6000_data_aug13/YMg3_225/CHGCAR: ok (17.6 s)
[219/500] /data/sai/new_charge/6000_data_aug13/YLuTl2_225/CHGCAR: ok (19.0 s)
[220/500] /data/sai/new_charge/6000_data_aug13/YMg_221/CHGCAR: ok (6.7 s)
[221/500] /data/sai/new_charge/6000_data_aug13/YInNi_189/CHGCAR: ok (24.3 s)
[222/500] /data/sai/new_charge/6000_data_aug13/YInPt_189/CHGCAR: ok (22.9 s)
[223/500] /data/sai/new_charge/6000_data_aug13/YInPt2_194/CHGCAR: ok (23.7 s)
[224/500] /data/sai/new_charge/6000_data_aug13/YMgZn_189/CHGCAR: ok (11.1 s)
[225/500] /data/sai/new_charge/6000_data_aug13/YMgZn2_225/CHGCAR: ok (12.2 s)
[226/500] /data/sai/new_charge/6000_data_aug13/YMnSi_129/CHGCAR: ok (13.1 s)
[227/500] /data/sai/new_charge/6000_data_aug13/YNiBi_216/CHGCAR: ok (9.6 s)
[228/500] /data/sai/new_charge/6000_data_aug13/YMgGa_189/CHGCAR: ok (25.4 s)
[229/500] /data/sai/new_charge/6000_data_aug13/YMgAl_189/CHGCAR: ok (28.7 s)
[230/500] /data/sai/new_charge/6000_data_aug13/YNi5_191/CHGCAR: ok (11.5 s)
[231/500] /data/sai/new_charge/6000_data_aug13/YNiSb_216/CHGCAR: ok (11.0 s)
[232/500] /data/sai/new_charge/6000_data_aug13/YMgCu_189/CHGCAR: ok (27.5 s)
[233/500] /data/sai/new_charge/6000_data_aug13/YMgPd_189/CHGCAR: ok (26.5 s)
[234/500] /data/sai/new_charge/6000_data_aug13/Y(BH4)3_205/CHGCAR: ok (193.7 s)
[235/500] /data/sai/new_charge/6000_data_aug13/YP_225/CHGCAR: ok (6.5 s)
[236/500] /data/sai/new_charge/6000_data_aug13/YPPt_187/CHGCAR: ok (7.5 s)
[237/500] /data/sai/new_charge/6000_data_aug13/YPt3_221/CHGCAR: ok (6.9 s)
[238/500] /data/sai/new_charge/6000_data_aug13/YPd3_221/CHGCAR: ok (8.4 s)
[239/500] /data/sai/new_charge/6000_data_aug13/YMgIn_189/CHGCAR: ok (32.1 s)
[240/500] /data/sai/new_charge/6000_data_aug13/YMgTl_189/CHGCAR: ok (30.8 s)
[241/500] /data/sai/new_charge/6000_data_aug13/YNi_62/CHGCAR: ok (17.8 s)
[242/500] /data/sai/new_charge/6000_data_aug13/YNbO4_15/CHGCAR: ok (24.4 s)
[243/500] /data/sai/new_charge/6000_data_aug13/YNi4B_191/CHGCAR: ok (22.8 s)
[244/500] /data/sai/new_charge/6000_data_aug13/YMg2_194/CHGCAR: ok (41.6 s)
[245/500] /data/sai/new_charge/6000_data_aug13/YRh_221/CHGCAR: ok (4.8 s)
[246/500] /data/sai/new_charge/6000_data_aug13/YSe_225/CHGCAR: ok (5.8 s)
[247/500] /data/sai/new_charge/6000_data_aug13/YOF_166/CHGCAR: ok (22.7 s)
[248/500] /data/sai/new_charge/6000_data_aug13/YRh3C_221/CHGCAR: ok (10.3 s)
[249/500] /data/sai/new_charge/6000_data_aug13/YNiSn_62/CHGCAR: ok (26.5 s)
[250/500] /data/sai/new_charge/6000_data_aug13/YSF_129/CHGCAR: ok (10.2 s)
[251/500] /data/sai/new_charge/6000_data_aug13/YPt_62/CHGCAR: ok (17.2 s)
[252/500] /data/sai/new_charge/6000_data_aug13/YPO4_141/CHGCAR: ok (21.6 s)
[253/500] /data/sai/new_charge/6000_data_aug13/YRh5_191/CHGCAR: ok (12.2 s)
[254/500] /data/sai/new_charge/6000_data_aug13/YOs2_194/CHGCAR: ok (27.5 s)
[255/500] /data/sai/new_charge/6000_data_aug13/YMgCu4_216/CHGCAR: ok (50.0 s)
[256/500] /data/sai/new_charge/6000_data_aug13/YSi2Rh3_191/CHGCAR: ok (13.1 s)
[257/500] /data/sai/new_charge/6000_data_aug13/YMn12_139/CHGCAR: ok (40.6 s)
[258/500] /data/sai/new_charge/6000_data_aug13/YSiAu_186/CHGCAR: ok (13.1 s)
[259/500] /data/sai/new_charge/6000_data_aug13/YIr2_227/CHGCAR: ok (59.3 s)
[260/500] /data/sai/new_charge/6000_data_aug13/YSiCu_194/CHGCAR: ok (13.0 s)
[261/500] /data/sai/new_charge/6000_data_aug13/YSiNi_62/CHGCAR: ok (13.0 s)
[262/500] /data/sai/new_charge/6000_data_aug13/YSn3_221/CHGCAR: ok (11.2 s)
[263/500] /data/sai/new_charge/6000_data_aug13/YTe_187/CHGCAR: ok (6.8 s)
[264/500] /data/sai/new_charge/6000_data_aug13/YNi3_166/CHGCAR: ok (49.1 s)
[265/500] /data/sai/new_charge/6000_data_aug13/YRe2_194/CHGCAR: ok (31.5 s)
[266/500] /data/sai/new_charge/6000_data_aug13/YSi_63/CHGCAR: ok (16.7 s)
[267/500] /data/sai/new_charge/6000_data_aug13/YTl3_221/CHGCAR: ok (7.1 s)
[268/500] /data/sai/new_charge/6000_data_aug13/YSi2_141/CHGCAR: ok (26.7 s)
[269/500] /data/sai/new_charge/6000_data_aug13/YSnAu_186/CHGCAR: ok (17.7 s)
[270/500] /data/sai/new_charge/6000_data_aug13/YTaRu2_225/CHGCAR: ok (13.7 s)
[271/500] /data/sai/new_charge/6000_data_aug13/YRu2_194/CHGCAR: ok (31.4 s)
[272/500] /data/sai/new_charge/6000_data_aug13/YSb_225/CHGCAR: ok (30.9 s)
[273/500] /data/sai/new_charge/6000_data_aug13/YSbPt_216/CHGCAR: ok (31.5 s)
[274/500] /data/sai/new_charge/6000_data_aug13/YCo3_166/CHGCAR: ok (102.9 s)
[275/500] /data/sai/new_charge/6000_data_aug13/YZn_221/CHGCAR: ok (3.9 s)
[276/500] /data/sai/new_charge/6000_data_aug13/YTiSi_129/CHGCAR: ok (16.0 s)
[277/500] /data/sai/new_charge/6000_data_aug13/YTaO4_13/CHGCAR: ok (20.5 s)
[278/500] /data/sai/new_charge/6000_data_aug13/Y_194/CHGCAR: ok (6.8 s)
[279/500] /data/sai/new_charge/6000_data_aug13/YSiRh_62/CHGCAR: ok (29.8 s)
[280/500] /data/sai/new_charge/6000_data_aug13/YZn5_191/CHGCAR: ok (14.2 s)
[281/500] /data/sai/new_charge/6000_data_aug13/YSiPd2_62/CHGCAR: ok (33.7 s)
[282/500] /data/sai/new_charge/6000_data_aug13/YSiRu_62/CHGCAR: ok (32.4 s)
[283/500] /data/sai/new_charge/6000_data_aug13/YSn2_63/CHGCAR: ok (32.4 s)
[284/500] /data/sai/new_charge/6000_data_aug13/YSnPt_62/CHGCAR: ok (28.0 s)
[285/500] /data/sai/new_charge/6000_data_aug13/YZnAsO_129/CHGCAR: ok (17.7 s)
[286/500] /data/sai/new_charge/6000_data_aug13/YZnGe_194/CHGCAR: ok (17.2 s)
[287/500] /data/sai/new_charge/6000_data_aug13/YZn3_62/CHGCAR: ok (19.1 s)
[288/500] /data/sai/new_charge/6000_data_aug13/YPt2_227/CHGCAR: ok (55.1 s)
[289/500] /data/sai/new_charge/6000_data_aug13/YbIr_221/CHGCAR: ok (4.0 s)
[290/500] /data/sai/new_charge/6000_data_aug13/Yb2CuIr_225/CHGCAR: ok (16.8 s)
[291/500] /data/sai/new_charge/6000_data_aug13/YTlPd_189/CHGCAR: ok (25.8 s)
[292/500] /data/sai/new_charge/6000_data_aug13/YZrSb_139/CHGCAR: ok (21.0 s)
[293/500] /data/sai/new_charge/6000_data_aug13/YSnPd2_225/CHGCAR: ok (38.1 s)
[294/500] /data/sai/new_charge/6000_data_aug13/Yb2ZnGa_225/CHGCAR: ok (14.0 s)
[295/500] /data/sai/new_charge/6000_data_aug13/Yb2MgIn_225/CHGCAR: ok (17.2 s)
[296/500] /data/sai/new_charge/6000_data_aug13/Yb2GaHg_225/CHGCAR: ok (19.1 s)
[297/500] /data/sai/new_charge/6000_data_aug13/YbMgTl2_225/CHGCAR: ok (7.8 s)
[298/500] /data/sai/new_charge/6000_data_aug13/YbNbRu2_225/CHGCAR: ok (8.4 s)
[299/500] /data/sai/new_charge/6000_data_aug13/Yb2TlCd_225/CHGCAR: ok (19.4 s)
[300/500] /data/sai/new_charge/6000_data_aug13/YRh2_227/CHGCAR: ok (59.3 s)
[301/500] /data/sai/new_charge/6000_data_aug13/Yb2TlPb_225/CHGCAR: ok (19.3 s)
[302/500] /data/sai/new_charge/6000_data_aug13/Yb3InC_221/CHGCAR: ok (14.1 s)
[303/500] /data/sai/new_charge/6000_data_aug13/Yb3Ge5_189/CHGCAR: ok (18.1 s)
[304/500] /data/sai/new_charge/6000_data_aug13/YbTl_221/CHGCAR: ok (5.3 s)
[305/500] /data/sai/new_charge/6000_data_aug13/Zn(BIr)2_139/CHGCAR: ok (6.3 s)
[306/500] /data/sai/new_charge/6000_data_aug13/YbCu_62/CHGCAR: ok (16.9 s)
[307/500] /data/sai/new_charge/6000_data_aug13/YbNi2Sn_225/CHGCAR: ok (15.4 s)
[308/500] /data/sai/new_charge/6000_data_aug13/YbSi_63/CHGCAR: ok (13.7 s)
[309/500] /data/sai/new_charge/6000_data_aug13/YbSnAu2_225/CHGCAR: ok (13.8 s)
[310/500] /data/sai/new_charge/6000_data_aug13/YbCu2_74/CHGCAR: ok (20.1 s)
[311/500] /data/sai/new_charge/6000_data_aug13/Zn(GaS2)2_82/CHGCAR: ok (9.5 s)
[312/500] /data/sai/new_charge/6000_data_aug13/YbPrZn2_225/CHGCAR: ok (19.7 s)
[313/500] /data/sai/new_charge/6000_data_aug13/Zn2AgAu_225/CHGCAR: ok (6.7 s)
[314/500] /data/sai/new_charge/6000_data_aug13/Yb(MnSi)2_139/CHGCAR: ok (38.4 s)
[315/500] /data/sai/new_charge/6000_data_aug13/Zn(PtO2)3_65/CHGCAR: ok (12.8 s)
[316/500] /data/sai/new_charge/6000_data_aug13/Zn2NiRh_225/CHGCAR: ok (6.2 s)
[317/500] /data/sai/new_charge/6000_data_aug13/YZnSn_194/CHGCAR: ok (40.2 s)
[318/500] /data/sai/new_charge/6000_data_aug13/Zn2PdRh_225/CHGCAR: ok (5.4 s)
[319/500] /data/sai/new_charge/6000_data_aug13/YbMgGe_62/CHGCAR: ok (25.1 s)
[320/500] /data/sai/new_charge/6000_data_aug13/Zn2CuAu_59/CHGCAR: ok (12.0 s)
[321/500] /data/sai/new_charge/6000_data_aug13/Zn(GaO2)2_227/CHGCAR: ok (20.7 s)
[322/500] /data/sai/new_charge/6000_data_aug13/Zn(ReO4)2_147/CHGCAR: ok (19.1 s)
[323/500] /data/sai/new_charge/6000_data_aug13/Yb3N2_167/CHGCAR: ok (35.0 s)
[324/500] /data/sai/new_charge/6000_data_aug13/Zn2PtRh_225/CHGCAR: ok (9.7 s)
[325/500] /data/sai/new_charge/6000_data_aug13/Zn3Pt_139/CHGCAR: ok (6.1 s)
[326/500] /data/sai/new_charge/6000_data_aug13/Zn(InSe2)2_82/CHGCAR: ok (21.8 s)
[327/500] /data/sai/new_charge/6000_data_aug13/YZn12_139/CHGCAR: ok (53.1 s)
[328/500] /data/sai/new_charge/6000_data_aug13/Zn(GaSe2)2_82/CHGCAR: ok (23.9 s)
[329/500] /data/sai/new_charge/6000_data_aug13/Zn3Cu_194/CHGCAR: ok (11.4 s)
[330/500] /data/sai/new_charge/6000_data_aug13/Zn3Ir_139/CHGCAR: ok (11.2 s)
[331/500] /data/sai/new_charge/6000_data_aug13/Zn(CuO2)2_141/CHGCAR: ok (28.4 s)
[332/500] /data/sai/new_charge/6000_data_aug13/Zn(GaTe2)2_82/CHGCAR: ok (24.9 s)
[333/500] /data/sai/new_charge/6000_data_aug13/Zn3Pd_139/CHGCAR: ok (10.7 s)
[334/500] /data/sai/new_charge/6000_data_aug13/Zn13Fe_12/CHGCAR: ok (21.9 s)
[335/500] /data/sai/new_charge/6000_data_aug13/ZnAu_221/CHGCAR: ok (3.5 s)
[336/500] /data/sai/new_charge/6000_data_aug13/Zn3Rh_139/CHGCAR: ok (11.5 s)
[337/500] /data/sai/new_charge/6000_data_aug13/Zn(InTe2)2_82/CHGCAR: ok (27.3 s)
[338/500] /data/sai/new_charge/6000_data_aug13/ZnCu_221/CHGCAR: ok (4.2 s)
[339/500] /data/sai/new_charge/6000_data_aug13/ZnCo3C_221/CHGCAR: ok (6.1 s)
[340/500] /data/sai/new_charge/6000_data_aug13/ZnAsPt5_123/CHGCAR: ok (10.6 s)
[341/500] /data/sai/new_charge/6000_data_aug13/ZnCdPt2_123/CHGCAR: ok (8.7 s)
[342/500] /data/sai/new_charge/6000_data_aug13/Zn4B6O13_217/CHGCAR: ok (14.5 s)
[343/500] /data/sai/new_charge/6000_data_aug13/ZnF2_136/CHGCAR: ok (6.7 s)
[344/500] /data/sai/new_charge/6000_data_aug13/Zn(RhO2)2_227/CHGCAR: ok (32.6 s)
[345/500] /data/sai/new_charge/6000_data_aug13/Zn(CrSe2)2_227/CHGCAR: ok (38.1 s)
[346/500] /data/sai/new_charge/6000_data_aug13/ZnCuPd2_225/CHGCAR: ok (8.1 s)
[347/500] /data/sai/new_charge/6000_data_aug13/ZnFe3C_221/CHGCAR: ok (5.5 s)
[348/500] /data/sai/new_charge/6000_data_aug13/Zn6Mo_225/CHGCAR: ok (16.8 s)
[349/500] /data/sai/new_charge/6000_data_aug13/ZnNi_123/CHGCAR: ok (4.0 s)
[350/500] /data/sai/new_charge/6000_data_aug13/ZnNiSb_216/CHGCAR: ok (5.0 s)
[351/500] /data/sai/new_charge/6000_data_aug13/ZnGaIr2_225/CHGCAR: ok (8.7 s)
[352/500] /data/sai/new_charge/6000_data_aug13/Zn3Ru_139/CHGCAR: ok (22.1 s)
[353/500] /data/sai/new_charge/6000_data_aug13/ZnO_186/CHGCAR: ok (4.4 s)
[354/500] /data/sai/new_charge/6000_data_aug13/ZnCl2_122/CHGCAR: ok (16.7 s)
[355/500] /data/sai/new_charge/6000_data_aug13/ZnGaRh2_225/CHGCAR: ok (9.7 s)
[356/500] /data/sai/new_charge/6000_data_aug13/ZnGeN2_33/CHGCAR: ok (8.7 s)
[357/500] /data/sai/new_charge/6000_data_aug13/ZnCu2GeS4_121/CHGCAR: ok (16.9 s)
[358/500] /data/sai/new_charge/6000_data_aug13/ZnCO3_167/CHGCAR: ok (18.4 s)
[359/500] /data/sai/new_charge/6000_data_aug13/ZnAs2_14/CHGCAR: ok (21.8 s)
[360/500] /data/sai/new_charge/6000_data_aug13/ZnO2_205/CHGCAR: ok (10.0 s)
[361/500] /data/sai/new_charge/6000_data_aug13/ZnPd_123/CHGCAR: ok (3.1 s)
[362/500] /data/sai/new_charge/6000_data_aug13/ZnO_225/CHGCAR: ok (8.7 s)
[363/500] /data/sai/new_charge/6000_data_aug13/ZnPt_123/CHGCAR: ok (3.7 s)
[364/500] /data/sai/new_charge/6000_data_aug13/ZnPPd5_123/CHGCAR: ok (7.7 s)
[365/500] /data/sai/new_charge/6000_data_aug13/ZnPt3_221/CHGCAR: ok (4.7 s)
[366/500] /data/sai/new_charge/6000_data_aug13/ZnCN2_122/CHGCAR: ok (23.4 s)
[367/500] /data/sai/new_charge/6000_data_aug13/Zn13Rh_12/CHGCAR: ok (42.8 s)
[368/500] /data/sai/new_charge/6000_data_aug13/ZnRh_221/CHGCAR: ok (3.9 s)
[369/500] /data/sai/new_charge/6000_data_aug13/ZnGeAs2_122/CHGCAR: ok (16.3 s)
[370/500] /data/sai/new_charge/6000_data_aug13/ZnGeP2_122/CHGCAR: ok (15.5 s)
[371/500] /data/sai/new_charge/6000_data_aug13/ZnPPt5_123/CHGCAR: ok (10.4 s)
[372/500] /data/sai/new_charge/6000_data_aug13/ZnPd5Se_123/CHGCAR: ok (9.6 s)
[373/500] /data/sai/new_charge/6000_data_aug13/ZnSiRh2_225/CHGCAR: ok (5.2 s)
[374/500] /data/sai/new_charge/6000_data_aug13/ZnPdF6_148/CHGCAR: ok (12.4 s)
[375/500] /data/sai/new_charge/6000_data_aug13/ZnRhF6_148/CHGCAR: ok (10.6 s)
[376/500] /data/sai/new_charge/6000_data_aug13/Zn_194/CHGCAR: ok (1.7 s)
[377/500] /data/sai/new_charge/6000_data_aug13/ZnS_216/CHGCAR: ok (11.2 s)
[378/500] /data/sai/new_charge/6000_data_aug13/ZnPtF6_148/CHGCAR: ok (15.5 s)
[379/500] /data/sai/new_charge/6000_data_aug13/ZnSiAs2_122/CHGCAR: ok (10.8 s)
[380/500] /data/sai/new_charge/6000_data_aug13/Zr(CoSi)2_139/CHGCAR: ok (4.8 s)
[381/500] /data/sai/new_charge/6000_data_aug13/ZnPbF6_148/CHGCAR: ok (21.5 s)
[382/500] /data/sai/new_charge/6000_data_aug13/Zn8Cu5_217/CHGCAR: ok (39.1 s)
[383/500] /data/sai/new_charge/6000_data_aug13/ZnSiP2_122/CHGCAR: ok (13.8 s)
[384/500] /data/sai/new_charge/6000_data_aug13/ZnSe_216/CHGCAR: ok (15.8 s)
[385/500] /data/sai/new_charge/6000_data_aug13/Zr2Ag_139/CHGCAR: ok (3.8 s)
[386/500] /data/sai/new_charge/6000_data_aug13/Zr2Au_139/CHGCAR: ok (3.3 s)
[387/500] /data/sai/new_charge/6000_data_aug13/Zr(SiNi)2_139/CHGCAR: ok (7.2 s)
[388/500] /data/sai/new_charge/6000_data_aug13/ZnSnF6_148/CHGCAR: ok (15.1 s)
[389/500] /data/sai/new_charge/6000_data_aug13/Zr2Cd_139/CHGCAR: ok (8.3 s)
[390/500] /data/sai/new_charge/6000_data_aug13/Zr2CuOs_225/CHGCAR: ok (7.0 s)
[391/500] /data/sai/new_charge/6000_data_aug13/Zr2CoTc_225/CHGCAR: ok (7.5 s)
[392/500] /data/sai/new_charge/6000_data_aug13/Zr2Cu_139/CHGCAR: ok (7.3 s)
[393/500] /data/sai/new_charge/6000_data_aug13/ZnSnP2_122/CHGCAR: ok (21.5 s)
[394/500] /data/sai/new_charge/6000_data_aug13/ZnSO4_62/CHGCAR: ok (30.2 s)
[395/500] /data/sai/new_charge/6000_data_aug13/Zr(TiGa2)2_139/CHGCAR: ok (19.4 s)
[396/500] /data/sai/new_charge/6000_data_aug13/ZnSnN2_33/CHGCAR: ok (26.6 s)
[397/500] /data/sai/new_charge/6000_data_aug13/ZnAu3_64/CHGCAR: ok (55.4 s)
[398/500] /data/sai/new_charge/6000_data_aug13/Zr2CoP_11/CHGCAR: ok (17.5 s)
[399/500] /data/sai/new_charge/6000_data_aug13/Zr(VGa2)2_139/CHGCAR: ok (21.3 s)
[400/500] /data/sai/new_charge/6000_data_aug13/ZnSnAs2_122/CHGCAR: ok (31.5 s)
[401/500] /data/sai/new_charge/6000_data_aug13/Zn7Mo_225/CHGCAR: ok (63.3 s)
[402/500] /data/sai/new_charge/6000_data_aug13/Zn3P2_137/CHGCAR: ok (66.9 s)
[403/500] /data/sai/new_charge/6000_data_aug13/Zr2Fe3Si_194/CHGCAR: ok (12.6 s)
[404/500] /data/sai/new_charge/6000_data_aug13/ZnTe_216/CHGCAR: ok (30.4 s)
[405/500] /data/sai/new_charge/6000_data_aug13/Zr2Ga3_43/CHGCAR: ok (13.8 s)
[406/500] /data/sai/new_charge/6000_data_aug13/Zr2CS_194/CHGCAR: ok (24.9 s)
[407/500] /data/sai/new_charge/6000_data_aug13/Zr2Ga_140/CHGCAR: ok (16.4 s)
[408/500] /data/sai/new_charge/6000_data_aug13/Zr2N_136/CHGCAR: ok (10.6 s)
[409/500] /data/sai/new_charge/6000_data_aug13/ZnSb_61/CHGCAR: ok (41.3 s)
[410/500] /data/sai/new_charge/6000_data_aug13/Zr2CoSi2_12/CHGCAR: ok (25.8 s)
[411/500] /data/sai/new_charge/6000_data_aug13/ZnP2_96/CHGCAR: ok (49.6 s)
[412/500] /data/sai/new_charge/6000_data_aug13/Zn3N2_206/CHGCAR: ok (74.5 s)
[413/500] /data/sai/new_charge/6000_data_aug13/Zr2Pd_139/CHGCAR: ok (6.4 s)
[414/500] /data/sai/new_charge/6000_data_aug13/Zr2OsRu_225/CHGCAR: ok (11.4 s)
[415/500] /data/sai/new_charge/6000_data_aug13/Zr2Sb_139/CHGCAR: ok (8.5 s)
[416/500] /data/sai/new_charge/6000_data_aug13/Zr2SnC_194/CHGCAR: ok (9.8 s)
[417/500] /data/sai/new_charge/6000_data_aug13/Zr2NiP_11/CHGCAR: ok (15.6 s)
[418/500] /data/sai/new_charge/6000_data_aug13/Zr2InNi2_127/CHGCAR: ok (19.4 s)
[419/500] /data/sai/new_charge/6000_data_aug13/Zr2InC_194/CHGCAR: ok (23.7 s)
[420/500] /data/sai/new_charge/6000_data_aug13/Zr2TcPd_225/CHGCAR: ok (10.9 s)
[421/500] /data/sai/new_charge/6000_data_aug13/ZnSnSb2_122/CHGCAR: ok (46.7 s)
[422/500] /data/sai/new_charge/6000_data_aug13/Zr2Ni_140/CHGCAR: ok (17.8 s)
[423/500] /data/sai/new_charge/6000_data_aug13/Zr3Al_221/CHGCAR: ok (8.9 s)
[424/500] /data/sai/new_charge/6000_data_aug13/Zr2NiAs2_194/CHGCAR: ok (20.9 s)
[425/500] /data/sai/new_charge/6000_data_aug13/Zr2InCo2_127/CHGCAR: ok (23.7 s)
[426/500] /data/sai/new_charge/6000_data_aug13/Zr2Si_140/CHGCAR: ok (17.2 s)
[427/500] /data/sai/new_charge/6000_data_aug13/Zr3Ga2_127/CHGCAR: ok (9.6 s)
[428/500] /data/sai/new_charge/6000_data_aug13/Zr2SN2_194/CHGCAR: ok (19.8 s)
[429/500] /data/sai/new_charge/6000_data_aug13/Zr3Hg_223/CHGCAR: ok (9.3 s)
[430/500] /data/sai/new_charge/6000_data_aug13/Zr3Au_223/CHGCAR: ok (14.9 s)
[431/500] /data/sai/new_charge/6000_data_aug13/Zr2Fe3Ge_194/CHGCAR: ok (35.4 s)
[432/500] /data/sai/new_charge/6000_data_aug13/Zr3(Cu2Si)2_189/CHGCAR: ok (17.7 s)
[433/500] /data/sai/new_charge/6000_data_aug13/Zr3In_221/CHGCAR: ok (11.7 s)
[434/500] /data/sai/new_charge/6000_data_aug13/Zr3(Cu2Ge)2_189/CHGCAR: ok (21.3 s)
[435/500] /data/sai/new_charge/6000_data_aug13/Zr3Fe_63/CHGCAR: ok (17.3 s)
[436/500] /data/sai/new_charge/6000_data_aug13/Zr3Tl_221/CHGCAR: ok (11.6 s)
[437/500] /data/sai/new_charge/6000_data_aug13/Zr2Fe12P7_174/CHGCAR: ok (46.2 s)
[438/500] /data/sai/new_charge/6000_data_aug13/Zr2TlC_194/CHGCAR: ok (25.7 s)
[439/500] /data/sai/new_charge/6000_data_aug13/Zr4Al3_191/CHGCAR: ok (15.7 s)
[440/500] /data/sai/new_charge/6000_data_aug13/ZrAg_129/CHGCAR: ok (8.5 s)
[441/500] /data/sai/new_charge/6000_data_aug13/Zr3(CuSi)4_71/CHGCAR: ok (27.5 s)
[442/500] /data/sai/new_charge/6000_data_aug13/Zr6FeSb2_189/CHGCAR: ok (15.5 s)
[443/500] /data/sai/new_charge/6000_data_aug13/ZrAlCo2_225/CHGCAR: ok (10.7 s)
[444/500] /data/sai/new_charge/6000_data_aug13/Zn(GaNi)3_230/CHGCAR: ok (126.6 s)
[445/500] /data/sai/new_charge/6000_data_aug13/ZrB2_191/CHGCAR: ok (6.0 s)
[446/500] /data/sai/new_charge/6000_data_aug13/ZrAlRu2_225/CHGCAR: ok (9.8 s)
[447/500] /data/sai/new_charge/6000_data_aug13/Zr4In5Co2_10/CHGCAR: ok (23.8 s)
[448/500] /data/sai/new_charge/6000_data_aug13/Zr6Al2Co_189/CHGCAR: ok (23.3 s)
[449/500] /data/sai/new_charge/6000_data_aug13/Zr6CoAs2_189/CHGCAR: ok (21.4 s)
[450/500] /data/sai/new_charge/6000_data_aug13/Zr6Ga2Co_189/CHGCAR: ok (20.8 s)
[451/500] /data/sai/new_charge/6000_data_aug13/Zr5Te4_87/CHGCAR: ok (26.3 s)
[452/500] /data/sai/new_charge/6000_data_aug13/ZrC_225/CHGCAR: ok (4.1 s)
[453/500] /data/sai/new_charge/6000_data_aug13/ZrBe5_191/CHGCAR: ok (6.7 s)
[454/500] /data/sai/new_charge/6000_data_aug13/ZrAl3_139/CHGCAR: ok (19.0 s)
[455/500] /data/sai/new_charge/6000_data_aug13/ZrAl5Ni2_139/CHGCAR: ok (19.9 s)
[456/500] /data/sai/new_charge/6000_data_aug13/ZrAlNi_189/CHGCAR: ok (18.7 s)
[457/500] /data/sai/new_charge/6000_data_aug13/ZrBeSi_194/CHGCAR: ok (10.1 s)
[458/500] /data/sai/new_charge/6000_data_aug13/ZrCoBi_216/CHGCAR: ok (4.4 s)
[459/500] /data/sai/new_charge/6000_data_aug13/ZrCd3_221/CHGCAR: ok (9.4 s)
[460/500] /data/sai/new_charge/6000_data_aug13/Zr6Sb2Pt_189/CHGCAR: ok (28.5 s)
[461/500] /data/sai/new_charge/6000_data_aug13/ZrCo_221/CHGCAR: ok (4.0 s)
[462/500] /data/sai/new_charge/6000_data_aug13/ZrAsRu_189/CHGCAR: ok (19.3 s)
[463/500] /data/sai/new_charge/6000_data_aug13/ZrCd_129/CHGCAR: ok (9.5 s)
[464/500] /data/sai/new_charge/6000_data_aug13/ZrAl2_194/CHGCAR: ok (28.5 s)
[465/500] /data/sai/new_charge/6000_data_aug13/ZrCo2Sn_225/CHGCAR: ok (9.2 s)
[466/500] /data/sai/new_charge/6000_data_aug13/ZrCdAu2_225/CHGCAR: ok (12.8 s)
[467/500] /data/sai/new_charge/6000_data_aug13/Zr3As2_62/CHGCAR: ok (46.5 s)
[468/500] /data/sai/new_charge/6000_data_aug13/ZrCdCu2_225/CHGCAR: ok (13.0 s)
[469/500] /data/sai/new_charge/6000_data_aug13/ZrCdPd2_225/CHGCAR: ok (13.7 s)
[470/500] /data/sai/new_charge/6000_data_aug13/ZrCl_166/CHGCAR: ok (12.9 s)
[471/500] /data/sai/new_charge/6000_data_aug13/ZrCuSiAs_129/CHGCAR: ok (9.0 s)
[472/500] /data/sai/new_charge/6000_data_aug13/ZrAs2_62/CHGCAR: ok (26.9 s)
[473/500] /data/sai/new_charge/6000_data_aug13/Zr3Te_82/CHGCAR: ok (43.1 s)
[474/500] /data/sai/new_charge/6000_data_aug13/Zr6Co23_225/CHGCAR: ok (39.3 s)
[475/500] /data/sai/new_charge/6000_data_aug13/ZrGe2_63/CHGCAR: ok (8.6 s)
[476/500] /data/sai/new_charge/6000_data_aug13/ZrGeRu2_225/CHGCAR: ok (8.7 s)
[477/500] /data/sai/new_charge/6000_data_aug13/ZrGaAu_187/CHGCAR: ok (10.3 s)
[478/500] /data/sai/new_charge/6000_data_aug13/ZrCoP_62/CHGCAR: ok (17.7 s)
[479/500] /data/sai/new_charge/6000_data_aug13/ZrGeS_129/CHGCAR: ok (10.7 s)
[480/500] /data/sai/new_charge/6000_data_aug13/ZrGa_141/CHGCAR: ok (12.1 s)
[481/500] /data/sai/new_charge/6000_data_aug13/ZrGeSb_129/CHGCAR: ok (10.9 s)
[482/500] /data/sai/new_charge/6000_data_aug13/ZrCuSi_62/CHGCAR: ok (16.0 s)
[483/500] /data/sai/new_charge/6000_data_aug13/ZrInAu_216/CHGCAR: ok (6.6 s)
[484/500] /data/sai/new_charge/6000_data_aug13/ZrIN_59/CHGCAR: ok (9.1 s)
[485/500] /data/sai/new_charge/6000_data_aug13/ZrBi_63/CHGCAR: ok (28.2 s)
[486/500] /data/sai/new_charge/6000_data_aug13/ZrCoSn_189/CHGCAR: ok (20.8 s)
[487/500] /data/sai/new_charge/6000_data_aug13/ZrGeTe_129/CHGCAR: ok (11.7 s)
[488/500] /data/sai/new_charge/6000_data_aug13/ZrIn3_139/CHGCAR: ok (9.0 s)
[489/500] /data/sai/new_charge/6000_data_aug13/ZrFeP_62/CHGCAR: ok (16.5 s)
[490/500] /data/sai/new_charge/6000_data_aug13/Zr5Sn4_193/CHGCAR: ok (53.0 s)
[491/500] /data/sai/new_charge/6000_data_aug13/ZrInCu2_225/CHGCAR: ok (7.6 s)
[492/500] /data/sai/new_charge/6000_data_aug13/ZrInNi2_225/CHGCAR: ok (8.5 s)
[493/500] /data/sai/new_charge/6000_data_aug13/ZrFe2_227/CHGCAR: ok (19.5 s)
[494/500] /data/sai/new_charge/6000_data_aug13/ZrIn2_141/CHGCAR: ok (17.8 s)
[495/500] /data/sai/new_charge/6000_data_aug13/Zr3P_86/CHGCAR: ok (63.2 s)
[496/500] /data/sai/new_charge/6000_data_aug13/ZrGeTe4_36/CHGCAR: ok (23.7 s)
[497/500] /data/sai/new_charge/6000_data_aug13/ZrI2_31/CHGCAR: ok (23.4 s)
[498/500] /data/sai/new_charge/6000_data_aug13/YCu2Bi2(SeO2)2_139/CHGCAR: ok (293.0 s)
[499/500] /data/sai/new_charge/6000_data_aug13/Zr3NiSb7_62/CHGCAR: ok (79.5 s)
[500/500] /data/sai/new_charge/6000_data_aug13/ZrCu2Te3_12/CHGCAR: ok (51.2 s)
chunk 11: 500 rows, 0 errors, 103.6 min elapsed
[1/59] /data/sai/new_charge/6000_data_aug13/ZrN_225/CHGCAR: ok (2.4 s)
[2/59] /data/sai/new_charge/6000_data_aug13/ZrOs_221/CHGCAR: ok (2.6 s)
[3/59] /data/sai/new_charge/6000_data_aug13/ZrNiSn_216/CHGCAR: ok (4.6 s)
[4/59] /data/sai/new_charge/6000_data_aug13/ZrIr3_221/CHGCAR: ok (5.1 s)
[5/59] /data/sai/new_charge/6000_data_aug13/ZrNbB4_191/CHGCAR: ok (6.1 s)
[6/59] /data/sai/new_charge/6000_data_aug13/ZrRu_221/CHGCAR: ok (2.6 s)
[7/59] /data/sai/new_charge/6000_data_aug13/ZrPd_63/CHGCAR: ok (7.7 s)
[8/59] /data/sai/new_charge/6000_data_aug13/ZrNbTc2_225/CHGCAR: ok (9.2 s)
[9/59] /data/sai/new_charge/6000_data_aug13/ZrRh3_221/CHGCAR: ok (7.6 s)
[10/59] /data/sai/new_charge/6000_data_aug13/ZrS2_164/CHGCAR: ok (6.5 s)
[11/59] /data/sai/new_charge/6000_data_aug13/ZrS_129/CHGCAR: ok (6.3 s)
[12/59] /data/sai/new_charge/6000_data_aug13/ZrP_194/CHGCAR: ok (11.7 s)
[13/59] /data/sai/new_charge/6000_data_aug13/ZrNiH3_63/CHGCAR: ok (12.3 s)
[14/59] /data/sai/new_charge/6000_data_aug13/ZrNi3_194/CHGCAR: ok (13.5 s)
[15/59] /data/sai/new_charge/6000_data_aug13/ZrP2_62/CHGCAR: ok (15.8 s)
[16/59] /data/sai/new_charge/6000_data_aug13/ZrIr_63/CHGCAR: ok (16.2 s)
[17/59] /data/sai/new_charge/6000_data_aug13/ZrSe2_164/CHGCAR: ok (5.3 s)
[18/59] /data/sai/new_charge/6000_data_aug13/ZrSbRu_216/CHGCAR: ok (9.5 s)
[19/59] /data/sai/new_charge/6000_data_aug13/ZrO2_14/CHGCAR: ok (19.4 s)
[20/59] /data/sai/new_charge/6000_data_aug13/ZrNi2Sb_194/CHGCAR: ok (18.9 s)
[21/59] /data/sai/new_charge/6000_data_aug13/ZrMnSi_62/CHGCAR: ok (20.0 s)
[22/59] /data/sai/new_charge/6000_data_aug13/ZrRh_62/CHGCAR: ok (19.4 s)
[23/59] /data/sai/new_charge/6000_data_aug13/ZrSi_63/CHGCAR: ok (4.9 s)
[24/59] /data/sai/new_charge/6000_data_aug13/ZrNiSb_62/CHGCAR: ok (21.6 s)
[25/59] /data/sai/new_charge/6000_data_aug13/ZrSi2_63/CHGCAR: ok (11.1 s)
[26/59] /data/sai/new_charge/6000_data_aug13/ZrPRu_62/CHGCAR: ok (23.0 s)
[27/59] /data/sai/new_charge/6000_data_aug13/ZrMnGe_62/CHGCAR: ok (23.0 s)
[28/59] /data/sai/new_charge/6000_data_aug13/ZrMnP_62/CHGCAR: ok (23.2 s)
[29/59] /data/sai/new_charge/6000_data_aug13/ZrSO_198/CHGCAR: ok (20.1 s)
[30/59] /data/sai/new_charge/6000_data_aug13/ZrNbP_62/CHGCAR: ok (23.9 s)
[31/59] /data/sai/new_charge/6000_data_aug13/ZrScOs2_225/CHGCAR: ok (13.5 s)
[32/59] /data/sai/new_charge/6000_data_aug13/ZrMoP_189/CHGCAR: ok (25.0 s)
[33/59] /data/sai/new_charge/6000_data_aug13/ZrRe2_194/CHGCAR: ok (25.5 s)
[34/59] /data/sai/new_charge/6000_data_aug13/ZrOs2_194/CHGCAR: ok (27.5 s)
[35/59] /data/sai/new_charge/6000_data_aug13/ZrTe_187/CHGCAR: ok (4.5 s)
[36/59] /data/sai/new_charge/6000_data_aug13/ZrTe2_164/CHGCAR: ok (5.5 s)
[37/59] /data/sai/new_charge/6000_data_aug13/ZrSnPd_216/CHGCAR: ok (11.5 s)
[38/59] /data/sai/new_charge/6000_data_aug13/ZrSnPt_216/CHGCAR: ok (10.9 s)
[39/59] /data/sai/new_charge/6000_data_aug13/ZrZn_221/CHGCAR: ok (2.9 s)
[40/59] /data/sai/new_charge/6000_data_aug13/ZrSiS_129/CHGCAR: ok (14.2 s)
[41/59] /data/sai/new_charge/6000_data_aug13/ZrZnN2_156/CHGCAR: ok (6.7 s)
[42/59] /data/sai/new_charge/6000_data_aug13/ZrSiRu_189/CHGCAR: ok (15.2 s)
[43/59] /data/sai/new_charge/6000_data_aug13/ZrTaB4_191/CHGCAR: ok (11.3 s)
[44/59] /data/sai/new_charge/6000_data_aug13/Zr_194/CHGCAR: ok (4.6 s)
[45/59] /data/sai/new_charge/6000_data_aug13/ZrSnTe_129/CHGCAR: ok (13.9 s)
[46/59] /data/sai/new_charge/6000_data_aug13/ZrSbPd_62/CHGCAR: ok (24.6 s)
[47/59] /data/sai/new_charge/6000_data_aug13/ZrVGe_139/CHGCAR: ok (11.1 s)
[48/59] /data/sai/new_charge/6000_data_aug13/ZrTiAs_139/CHGCAR: ok (11.8 s)
[49/59] /data/sai/new_charge/6000_data_aug13/ZrTc2W_225/CHGCAR: ok (14.5 s)
[50/59] /data/sai/new_charge/6000_data_aug13/ZrZnRh2_225/CHGCAR: ok (9.5 s)
[51/59] /data/sai/new_charge/6000_data_aug13/ZrSiO4_141/CHGCAR: ok (22.5 s)
[52/59] /data/sai/new_charge/6000_data_aug13/ZrSb_63/CHGCAR: ok (26.0 s)
[53/59] /data/sai/new_charge/6000_data_aug13/ZrW2_227/CHGCAR: ok (12.0 s)
[54/59] /data/sai/new_charge/6000_data_aug13/ZrZnNi4_216/CHGCAR: ok (11.3 s)
[55/59] /data/sai/new_charge/6000_data_aug13/ZrZn2_227/CHGCAR: ok (12.6 s)
[56/59] /data/sai/new_charge/6000_data_aug13/ZrVP_62/CHGCAR: ok (15.8 s)
[57/59] /data/sai/new_charge/6000_data_aug13/ZrP2O7_205/CHGCAR: ok (43.0 s)
[58/59] /data/sai/new_charge/6000_data_aug13/ZrTe5_63/CHGCAR: ok (23.1 s)
[59/59] /data/sai/new_charge/6000_data_aug13/ZrSb2_58/CHGCAR: ok (43.4 s)
chunk 12: 59 rows, 0 errors, 104.6 min elapsed
done: 6059 rows, 0 errors, 104.7 min
